date,from_stop_id,to_stop_id,delay_count,entries_count,avg_delay
2023-12-01,8000012,8000012,23,41,398
2023-12-01,8000012,8001928,3,6,440
2023-12-01,8000012,8005164,16,39,177
2023-12-01,8000012,8005356,10,17,371
2023-12-01,8000012,8006501,10,15,498
2023-12-01,8000030,8002290,20,36,141
2023-12-01,8000084,8000084,62,88,373
2023-12-01,8000084,8000178,29,39,198
2023-12-01,8000084,8000348,1,1,1560
2023-12-01,8000084,8003553,29,43,517
2023-12-01,8000084,8003990,23,49,151
2023-12-01,8000100,8000100,65,80,178
2023-12-01,8000100,8002402,19,26,150
2023-12-01,8000100,8003361,1,1,60
2023-12-01,8000100,8003462,9,45,8
2023-12-01,8000100,8003671,1,1,30
2023-12-01,8000100,8003927,18,20,192
2023-12-01,8000100,8005298,21,21,276
2023-12-01,8000100,8006280,15,17,116
2023-12-01,8000135,8000135,252,342,327
2023-12-01,8000135,8000178,2,2,1005
2023-12-01,8000135,8002104,37,40,628
2023-12-01,8000135,8002753,105,133,374
2023-12-01,8000135,8003330,13,16,285
2023-12-01,8000135,8004869,27,33,362
2023-12-01,8000135,8004898,8,8,735
2023-12-01,8000135,8005629,81,113,198
2023-12-01,8000178,8000084,34,42,558
2023-12-01,8000178,8000178,181,238,307
2023-12-01,8000178,8000209,21,22,224
2023-12-01,8000178,8002389,54,101,143
2023-12-01,8000178,8003361,0,2,0
2023-12-01,8000178,8004869,11,15,326
2023-12-01,8000178,8004907,19,36,182
2023-12-01,8000178,8005575,53,62,361
2023-12-01,8000209,8000178,23,23,505
2023-12-01,8000209,8000209,303,370,307
2023-12-01,8000209,8003310,31,59,197
2023-12-01,8000209,8003361,15,17,353
2023-12-01,8000209,8003363,24,30,228
2023-12-01,8000209,8003364,64,102,241
2023-12-01,8000209,8003367,1,1,60
2023-12-01,8000209,8003369,33,44,241
2023-12-01,8000209,8003669,33,40,404
2023-12-01,8000209,8006713,40,42,443
2023-12-01,8000348,8000084,1,1,150
2023-12-01,8000348,8000348,85,126,299
2023-12-01,8000348,8000406,28,42,494
2023-12-01,8000348,8001712,16,40,71
2023-12-01,8000348,8001886,36,41,260
2023-12-01,8000348,8099506,29,36,138
2023-12-01,8000355,8000355,45,72,175
2023-12-01,8000355,8004907,15,36,100
2023-12-01,8000355,8006659,26,36,255
2023-12-01,8000404,8000404,152,228,171
2023-12-01,8000404,8002806,30,38,208
2023-12-01,8000404,8003395,47,76,98
2023-12-01,8000404,8070704,65,95,226
2023-12-01,8000406,8000348,36,41,210
2023-12-01,8000406,8000406,83,163,205
2023-12-01,8000406,8001712,39,40,131
2023-12-01,8000406,8070704,17,37,45
2023-12-01,8000495,8000495,77,115,58
2023-12-01,8000495,8001084,41,58,61
2023-12-01,8000495,8006516,35,57,46
2023-12-01,8000502,8000502,17,37,75
2023-12-01,8000502,8000507,2,36,7
2023-12-01,8000502,8000521,20,20,206
2023-12-01,8000507,8000502,35,37,148
2023-12-01,8000507,8000507,35,73,72
2023-12-01,8000507,8002816,1,36,7
2023-12-01,8000510,8000510,21,39,95
2023-12-01,8000510,8000527,1,19,3
2023-12-01,8000510,8001917,19,20,159
2023-12-01,8000521,8000502,0,19,0
2023-12-01,8000521,8000521,20,39,109
2023-12-01,8000521,8000527,20,20,219
2023-12-01,8000527,8000510,19,20,208
2023-12-01,8000527,8000521,1,19,2
2023-12-01,8000527,8000527,21,39,122
2023-12-01,8000677,8000677,53,66,425
2023-12-01,8000677,8001113,16,18,340
2023-12-01,8000677,8001839,21,33,345
2023-12-01,8000677,8003697,19,19,647
2023-12-01,8000713,8000713,57,80,365
2023-12-01,8000713,8005074,26,40,212
2023-12-01,8000713,8005970,31,40,488
2023-12-01,8000832,8000832,79,118,235
2023-12-01,8000832,8003310,44,59,279
2023-12-01,8000832,8006713,34,59,203
2023-12-01,8000853,8000853,87,116,328
2023-12-01,8000853,8001506,14,19,371
2023-12-01,8000853,8003616,33,39,412
2023-12-01,8000853,8003669,33,40,263
2023-12-01,8000853,8006719,12,19,369
2023-12-01,8000899,8001566,30,43,226
2023-12-01,8000899,8003367,1,1,960
2023-12-01,8001081,8001081,68,115,50
2023-12-01,8001081,8001084,31,57,44
2023-12-01,8001081,8001088,31,58,58
2023-12-01,8001082,8001082,141,156,430
2023-12-01,8001082,8001085,56,60,419
2023-12-01,8001082,8001091,71,78,488
2023-12-01,8001082,8004604,16,18,427
2023-12-01,8001084,8000495,40,57,58
2023-12-01,8001084,8001081,40,58,55
2023-12-01,8001084,8001084,80,115,56
2023-12-01,8001085,8001082,56,60,492
2023-12-01,8001085,8001085,75,78,523
2023-12-01,8001085,8004604,16,16,158
2023-12-01,8001085,8005153,22,23,593
2023-12-01,8001086,8001086,57,80,378
2023-12-01,8001086,8003966,27,40,205
2023-12-01,8001086,8004366,32,40,555
2023-12-01,8001088,8001081,47,57,60
2023-12-01,8001088,8001088,80,115,55
2023-12-01,8001091,8001082,60,78,365
2023-12-01,8001091,8001091,131,156,435
2023-12-01,8001091,8001215,15,18,365
2023-12-01,8001091,8005152,41,44,630
2023-12-01,8001113,8000677,11,17,145
2023-12-01,8001113,8001113,28,35,249
2023-12-01,8001113,8003697,16,18,347
2023-12-01,8001215,8001091,14,18,395
2023-12-01,8001215,8001215,126,149,484
2023-12-01,8001215,8003160,53,57,637
2023-12-01,8001215,8003361,15,18,393
2023-12-01,8001215,8005499,45,56,383
2023-12-01,8001264,8001264,74,99,282
2023-12-01,8001264,8003990,34,50,369
2023-12-01,8001264,8005575,40,49,195
2023-12-01,8001384,8001384,56,77,285
2023-12-01,8001384,8002768,29,39,292
2023-12-01,8001384,8005356,28,38,327
2023-12-01,8001416,8001416,45,51,266
2023-12-01,8001416,8002402,25,26,376
2023-12-01,8001416,8006280,19,25,150
2023-12-01,8001557,8001557,34,40,213
2023-12-01,8001557,8002720,19,20,244
2023-12-01,8001557,8004519,14,20,180
2023-12-01,8001566,8000899,41,44,289
2023-12-01,8001566,8001566,77,87,256
2023-12-01,8001566,8003367,36,43,241
2023-12-01,8001712,8000348,40,40,194
2023-12-01,8001712,8000406,18,40,80
2023-12-01,8001712,8001712,58,80,128
2023-12-01,8001736,8001736,67,113,338
2023-12-01,8001736,8002753,12,20,322
2023-12-01,8001736,8002768,37,57,368
2023-12-01,8001736,8003987,24,36,316
2023-12-01,8001839,8000318,16,17,692
2023-12-01,8001839,8000677,32,33,548
2023-12-01,8001839,8001839,59,68,484
2023-12-01,8001839,8002206,1,1,2580
2023-12-01,8001839,8002784,9,16,122
2023-12-01,8001839,8006391,1,1,120
2023-12-01,8001886,8000348,29,43,525
2023-12-01,8001886,8001886,63,84,386
2023-12-01,8001886,8003553,33,41,263
2023-12-01,8001917,8000510,14,19,25
2023-12-01,8001917,8001917,34,39,95
2023-12-01,8001917,8098349,20,20,168
2023-12-01,8002104,8000135,29,40,190
2023-12-01,8002104,8002104,64,80,407
2023-12-01,8002104,8003966,36,40,629
2023-12-01,8002206,8001839,1,1,30
2023-12-01,8002206,8002206,78,117,284
2023-12-01,8002206,8002806,1,1,2820
2023-12-01,8002206,8003697,40,57,209
2023-12-01,8002206,8005935,35,59,316
2023-12-01,8002290,8000030,22,36,242
2023-12-01,8002290,8002290,60,72,208
2023-12-01,8002290,8004746,31,36,176
2023-12-01,8002389,8000178,87,102,356
2023-12-01,8002389,8002389,144,203,243
2023-12-01,8002389,8003383,55,101,149
2023-12-01,8002402,8000100,21,26,347
2023-12-01,8002402,8001416,21,25,138
2023-12-01,8002402,8002402,46,52,256
2023-12-01,8002402,8006280,1,1,90
2023-12-01,8002718,8002718,33,40,214
2023-12-01,8002718,8002719,16,20,198
2023-12-01,8002718,8003697,18,20,243
2023-12-01,8002719,8002718,17,20,231
2023-12-01,8002719,8002719,34,40,218
2023-12-01,8002719,8002720,17,20,210
2023-12-01,8002720,8001557,15,20,192
2023-12-01,8002720,8002719,19,20,255
2023-12-01,8002720,8002720,34,40,218
2023-12-01,8002721,8002725,9,20,82
2023-12-01,8002725,8002721,19,20,238
2023-12-01,8002725,8002725,29,40,176
2023-12-01,8002725,8004519,16,20,176
2023-12-01,8002753,8000135,83,132,219
2023-12-01,8002753,8001736,12,21,393
2023-12-01,8002753,8002753,112,146,305
2023-12-01,8002753,8002775,47,54,360
2023-12-01,8002768,8001384,28,38,319
2023-12-01,8002768,8001736,42,56,324
2023-12-01,8002768,8002768,80,113,347
2023-12-01,8002768,8005356,10,19,455
2023-12-01,8002775,8001006,26,39,297
2023-12-01,8002775,8002753,38,53,243
2023-12-01,8002775,8002775,73,107,292
2023-12-01,8002775,8003987,13,15,494
2023-12-01,8002804,8002804,27,73,43
2023-12-01,8002804,8002806,17,36,38
2023-12-01,8002804,8002816,25,37,92
2023-12-01,8002806,8000404,37,39,387
2023-12-01,8002806,8002206,0,1,0
2023-12-01,8002806,8002804,26,37,73
2023-12-01,8002806,8002806,162,230,190
2023-12-01,8002806,8003395,41,75,127
2023-12-01,8002806,8005935,39,58,186
2023-12-01,8002806,8400043,18,19,161
2023-12-01,8002806,8400307,0,11,0
2023-12-01,8002816,8000507,27,37,109
2023-12-01,8002816,8002804,1,36,7
2023-12-01,8002816,8002816,27,73,54
2023-12-01,8002932,8002932,77,79,232
2023-12-01,8002932,8002988,37,37,322
2023-12-01,8002932,8004739,3,3,180
2023-12-01,8002932,8005134,37,39,185
2023-12-01,8002988,8002932,36,39,185
2023-12-01,8002988,8002988,70,76,237
2023-12-01,8002988,8004739,31,37,261
2023-12-01,8003158,8003927,16,20,75
2023-12-01,8003158,8005339,18,23,173
2023-12-01,8003160,8001215,48,56,395
2023-12-01,8003160,8003160,135,164,428
2023-12-01,8003160,8003252,23,26,383
2023-12-01,8003160,8003361,69,82,490
2023-12-01,8003252,8003160,17,25,127
2023-12-01,8003252,8003252,41,53,243
2023-12-01,8003252,8003361,1,1,30
2023-12-01,8003252,8003671,22,27,361
2023-12-01,8003310,8000209,51,59,325
2023-12-01,8003310,8000832,34,59,204
2023-12-01,8003310,8003310,80,118,235
2023-12-01,8003320,8003320,249,314,268
2023-12-01,8003320,8003358,99,105,303
2023-12-01,8003320,8003370,47,53,367
2023-12-01,8003320,8003392,132,156,262
2023-12-01,8003330,8000135,15,16,308
2023-12-01,8003330,8001506,10,15,62
2023-12-01,8003330,8003330,131,152,302
2023-12-01,8003330,8003358,50,64,250
2023-12-01,8003330,8004873,53,60,344
2023-12-01,8003330,8004898,13,15,174
2023-12-01,8003330,8006713,1,5,-54
2023-12-01,8003358,8003320,79,103,250
2023-12-01,8003358,8003330,58,65,345
2023-12-01,8003358,8003358,181,208,291
2023-12-01,8003358,8005143,37,40,298
2023-12-01,8003360,8003360,153,175,271
2023-12-01,8003360,8003371,81,86,356
2023-12-01,8003360,8003372,76,89,214
2023-12-01,8003361,8000100,0,1,0
2023-12-01,8003361,8000135,8,11,1105
2023-12-01,8003361,8000209,16,17,508
2023-12-01,8003361,8001215,12,18,382
2023-12-01,8003361,8003160,74,82,386
2023-12-01,8003361,8003252,1,1,150
2023-12-01,8003361,8003352,1,1,90
2023-12-01,8003361,8003361,219,252,442
2023-12-01,8003361,8003363,88,99,445
2023-12-01,8003361,8003671,15,17,221
2023-12-01,8003362,8003362,142,175,266
2023-12-01,8003362,8003365,78,86,363
2023-12-01,8003362,8003371,58,89,189
2023-12-01,8003363,8000209,29,31,390
2023-12-01,8003363,8003361,84,98,336
2023-12-01,8003363,8003363,175,197,388
2023-12-01,8003364,8000209,83,103,275
2023-12-01,8003364,8003364,157,205,259
2023-12-01,8003364,8003392,85,100,301
2023-12-01,8003365,8003362,62,89,195
2023-12-01,8003365,8003365,152,175,281
2023-12-01,8003365,8003366,79,86,368
2023-12-01,8003366,8003365,73,89,210
2023-12-01,8003366,8003366,149,175,282
2023-12-01,8003366,8079140,78,86,365
2023-12-01,8003367,8000899,1,1,1080
2023-12-01,8003367,8001566,30,44,235
2023-12-01,8003367,8003367,67,89,244
2023-12-01,8003367,8003369,32,44,245
2023-12-01,8003369,8000209,38,44,260
2023-12-01,8003369,8003367,29,44,228
2023-12-01,8003369,8003369,71,88,250
2023-12-01,8003371,8003360,80,89,203
2023-12-01,8003371,8003362,73,86,327
2023-12-01,8003371,8003371,161,175,276
2023-12-01,8003372,8003360,81,86,344
2023-12-01,8003372,8003372,142,175,269
2023-12-01,8003372,8003392,69,101,221
2023-12-01,8003373,8001507,28,41,177
2023-12-01,8003373,8003373,61,82,227
2023-12-01,8003373,8079140,51,89,174
2023-12-01,8003375,8003375,164,203,261
2023-12-01,8003375,8003392,73,103,203
2023-12-01,8003375,8003732,90,102,344
2023-12-01,8003379,8003370,45,52,228
2023-12-01,8003379,8003379,98,105,315
2023-12-01,8003379,8004869,52,53,405
2023-12-01,8003383,8002389,96,102,344
2023-12-01,8003383,8003383,179,203,262
2023-12-01,8003383,8003732,83,101,161
2023-12-01,8003386,8003386,59,80,376
2023-12-01,8003386,8004366,24,40,195
2023-12-01,8003386,8005074,34,40,533
2023-12-01,8003392,8003320,133,158,298
2023-12-01,8003392,8003364,92,100,269
2023-12-01,8003392,8003372,86,101,356
2023-12-01,8003392,8003375,87,104,301
2023-12-01,8003392,8003392,329,434,297
2023-12-01,8003395,8000404,38,75,116
2023-12-01,8003395,8002806,44,76,97
2023-12-01,8003395,8003395,83,151,110
2023-12-01,8003462,8000100,33,44,65
2023-12-01,8003462,8003462,78,89,72
2023-12-01,8003462,8004616,42,45,76
2023-12-01,8003553,8000084,32,41,233
2023-12-01,8003553,8001886,28,43,493
2023-12-01,8003553,8003553,60,84,384
2023-12-01,8003616,8000853,26,39,241
2023-12-01,8003616,8002490,29,36,378
2023-12-01,8003616,8003616,57,78,317
2023-12-01,8003668,8003668,86,118,234
2023-12-01,8003668,8003672,33,59,197
2023-12-01,8003668,8006713,50,59,280
2023-12-01,8003669,8000209,28,40,230
2023-12-01,8003669,8000853,33,40,401
2023-12-01,8003669,8003669,65,80,333
2023-12-01,8003671,8003252,19,26,141
2023-12-01,8003671,8003361,18,18,172
2023-12-01,8003671,8003671,70,88,210
2023-12-01,8003671,8006280,35,44,290
2023-12-01,8003672,8003540,44,59,208
2023-12-01,8003672,8003668,47,59,259
2023-12-01,8003672,8003672,80,118,228
2023-12-01,8003697,8000677,13,19,360
2023-12-01,8003697,8001113,8,17,90
2023-12-01,8003697,8002206,37,58,321
2023-12-01,8003697,8002718,14,20,168
2023-12-01,8003697,8003697,82,105,289
2023-12-01,8003732,8003375,88,101,199
2023-12-01,8003732,8003383,96,102,365
2023-12-01,8003732,8003732,184,203,267
2023-12-01,8003927,8000100,18,20,117
2023-12-01,8003927,8003158,19,19,210
2023-12-01,8003927,8003927,70,84,193
2023-12-01,8003927,8005298,20,23,219
2023-12-01,8003927,8005339,16,22,281
2023-12-01,8003931,8003931,80,115,59
2023-12-01,8003931,8003937,48,58,71
2023-12-01,8003931,8005057,32,57,44
2023-12-01,8003937,8003931,33,57,47
2023-12-01,8003937,8003937,84,115,68
2023-12-01,8003937,8006516,51,58,84
2023-12-01,8003966,8001086,35,40,581
2023-12-01,8003966,8002104,26,40,204
2023-12-01,8003966,8003966,62,80,413
2023-12-01,8003990,8000084,39,50,384
2023-12-01,8003990,8001264,40,49,181
2023-12-01,8003990,8003990,79,99,278
2023-12-01,8004366,8001086,31,40,207
2023-12-01,8004366,8003386,33,40,554
2023-12-01,8004366,8004366,64,80,383
2023-12-01,8004519,8001557,15,20,219
2023-12-01,8004519,8002725,16,20,208
2023-12-01,8004519,8004519,32,40,212
2023-12-01,8004616,8003462,39,44,97
2023-12-01,8004616,8004616,80,89,75
2023-12-01,8004616,8005058,38,45,85
2023-12-01,8004739,8002988,32,39,142
2023-12-01,8004746,8002290,29,36,266
2023-12-01,8004746,8004746,60,72,216
2023-12-01,8004746,8006659,21,36,145
2023-12-01,8004869,8000135,22,32,308
2023-12-01,8004869,8000178,10,15,344
2023-12-01,8004869,8003379,46,52,233
2023-12-01,8004869,8004869,152,170,332
2023-12-01,8004869,8004873,53,53,412
2023-12-01,8004869,8004898,15,16,308
2023-12-01,8004873,8003320,1,1,60
2023-12-01,8004873,8003330,50,60,243
2023-12-01,8004873,8004869,50,52,264
2023-12-01,8004873,8004873,202,226,302
2023-12-01,8004873,8005629,100,113,387
2023-12-01,8004898,8003330,15,16,234
2023-12-01,8004898,8003361,8,9,860
2023-12-01,8004898,8004869,15,15,346
2023-12-01,8004898,8004898,66,84,383
2023-12-01,8004898,8005746,38,42,456
2023-12-01,8004907,8000178,16,36,88
2023-12-01,8004907,8000355,20,36,224
2023-12-01,8004907,8004907,39,72,160
2023-12-01,8005057,8003931,50,58,101
2023-12-01,8005057,8005057,76,115,64
2023-12-01,8005057,8005058,30,57,48
2023-12-01,8005058,8004616,38,44,71
2023-12-01,8005058,8005057,38,58,49
2023-12-01,8005058,8005058,76,89,77
2023-12-01,8005074,8000713,32,40,520
2023-12-01,8005074,8003386,27,40,220
2023-12-01,8005074,8005074,59,80,372
2023-12-01,8005134,8002932,36,40,255
2023-12-01,8005134,8005134,76,79,238
2023-12-01,8005134,8005143,37,39,264
2023-12-01,8005143,8003358,37,39,308
2023-12-01,8005143,8005134,38,40,281
2023-12-01,8005143,8005143,75,79,296
2023-12-01,8005152,8001091,40,44,447
2023-12-01,8005152,8005152,101,113,491
2023-12-01,8005152,8005499,51,57,596
2023-12-01,8005164,8000012,22,38,287
2023-12-01,8005164,8005164,59,77,261
2023-12-01,8005164,8005356,31,39,220
2023-12-01,8005298,8000100,18,23,205
2023-12-01,8005298,8003927,13,21,260
2023-12-01,8005298,8005298,34,44,254
2023-12-01,8005339,8003158,19,22,274
2023-12-01,8005339,8003927,17,23,194
2023-12-01,8005339,8005339,38,45,233
2023-12-01,8005356,8000012,13,19,526
2023-12-01,8005356,8001384,30,39,215
2023-12-01,8005356,8002768,12,17,376
2023-12-01,8005356,8005164,29,38,339
2023-12-01,8005356,8005356,82,113,327
2023-12-01,8005499,8001215,52,57,638
2023-12-01,8005499,8005152,48,56,389
2023-12-01,8005499,8005499,97,113,501
2023-12-01,8005575,8000178,42,62,156
2023-12-01,8005575,8001264,41,50,393
2023-12-01,8005575,8005575,82,99,297
2023-12-01,8005629,8000135,101,113,401
2023-12-01,8005629,8004873,73,113,198
2023-12-01,8005629,8005629,184,226,296
2023-12-01,8005743,8005745,0,36,0
2023-12-01,8005744,8005744,19,72,92
2023-12-01,8005744,8005745,19,36,192
2023-12-01,8005744,8098348,23,36,45
2023-12-01,8005745,8005743,21,36,148
2023-12-01,8005745,8005744,0,36,0
2023-12-01,8005745,8005745,20,72,96
2023-12-01,8005746,8004898,30,42,321
2023-12-01,8005746,8005159,36,42,436
2023-12-01,8005746,8005746,72,84,396
2023-12-01,8005935,8002206,41,58,196
2023-12-01,8005935,8002806,42,59,330
2023-12-01,8005935,8005935,81,117,255
2023-12-01,8006280,8000100,11,18,140
2023-12-01,8006280,8001416,23,26,363
2023-12-01,8006280,8003671,35,43,137
2023-12-01,8006280,8006280,69,87,216
2023-12-01,8006516,8000495,42,58,61
2023-12-01,8006516,8003937,31,57,42
2023-12-01,8006516,8006516,74,115,50
2023-12-01,8006659,8000355,30,36,148
2023-12-01,8006659,8004746,30,36,258
2023-12-01,8006659,8006659,56,72,202
2023-12-01,8006713,8000209,35,41,411
2023-12-01,8006713,8000832,49,59,277
2023-12-01,8006713,8001584,37,41,617
2023-12-01,8006713,8003330,2,3,540
2023-12-01,8006713,8003668,36,59,199
2023-12-01,8006713,8006226,5,5,180
2023-12-01,8006713,8006713,161,213,334
2023-12-01,8070704,8000404,65,95,138
2023-12-01,8070704,8000406,27,37,117
2023-12-01,8070704,8070704,137,190,185
2023-12-01,8079140,8003366,67,89,191
2023-12-01,8079140,8003373,72,86,315
2023-12-01,8079140,8079140,134,175,264
2023-12-01,8098348,8005744,15,36,155
2023-12-01,8098348,8098348,43,72,101
2023-12-01,8098348,8099506,31,36,78
2023-12-01,8098349,8001917,2,19,5
2023-12-01,8099506,8000348,9,36,3
2023-12-01,8099506,8098348,12,36,86
2023-12-01,8099506,8099506,58,72,71
2023-12-02,8000012,8000012,29,37,213
2023-12-02,8000012,8001928,4,5,168
2023-12-02,8000012,8005164,17,36,45
2023-12-02,8000012,8005356,13,17,185
2023-12-02,8000012,8006501,12,15,262
2023-12-02,8000030,8002290,4,14,15
2023-12-02,8000084,8000084,52,76,309
2023-12-02,8000084,8000178,25,35,105
2023-12-02,8000084,8003553,27,39,505
2023-12-02,8000084,8003990,19,40,36
2023-12-02,8000100,8000100,58,73,224
2023-12-02,8000100,8002402,17,20,114
2023-12-02,8000100,8003361,2,3,30
2023-12-02,8000100,8003462,9,39,20
2023-12-02,8000100,8003927,19,20,321
2023-12-02,8000100,8005298,19,19,347
2023-12-02,8000100,8006280,11,18,108
2023-12-02,8000135,8000135,227,307,234
2023-12-02,8000135,8000178,2,2,255
2023-12-02,8000135,8002104,36,41,397
2023-12-02,8000135,8002753,99,114,296
2023-12-02,8000135,8003330,7,17,187
2023-12-02,8000135,8004869,30,31,216
2023-12-02,8000135,8004898,8,8,634
2023-12-02,8000135,8005629,81,109,88
2023-12-02,8000178,8000084,32,37,544
2023-12-02,8000178,8000178,167,213,210
2023-12-02,8000178,8000209,16,20,159
2023-12-02,8000178,8002389,35,61,65
2023-12-02,8000178,8003361,2,2,150
2023-12-02,8000178,8004869,12,12,155
2023-12-02,8000178,8004907,9,14,99
2023-12-02,8000178,8005575,51,57,244
2023-12-02,8000209,8000178,20,21,689
2023-12-02,8000209,8000209,273,392,205
2023-12-02,8000209,8003310,34,56,62
2023-12-02,8000209,8003361,16,17,690
2023-12-02,8000209,8003363,14,18,297
2023-12-02,8000209,8003364,38,113,83
2023-12-02,8000209,8003369,29,57,101
2023-12-02,8000209,8003669,33,42,311
2023-12-02,8000209,8006713,38,41,301
2023-12-02,8000348,8000348,79,111,228
2023-12-02,8000348,8000406,28,38,452
2023-12-02,8000348,8001712,14,36,30
2023-12-02,8000348,8001886,35,37,196
2023-12-02,8000348,8099506,25,32,125
2023-12-02,8000355,8000355,12,28,46
2023-12-02,8000355,8004907,3,14,13
2023-12-02,8000355,8006659,7,14,77
2023-12-02,8000404,8000404,136,212,142
2023-12-02,8000404,8002806,28,37,186
2023-12-02,8000404,8003395,44,69,80
2023-12-02,8000404,8070704,56,88,179
2023-12-02,8000406,8000348,35,37,152
2023-12-02,8000406,8000406,75,146,177
2023-12-02,8000406,8001712,29,35,139
2023-12-02,8000406,8070704,21,34,46
2023-12-02,8000495,8000495,61,78,81
2023-12-02,8000495,8001084,30,39,94
2023-12-02,8000495,8006516,31,39,60
2023-12-02,8000502,8000502,15,35,57
2023-12-02,8000502,8000507,4,33,11
2023-12-02,8000502,8000521,17,19,129
2023-12-02,8000507,8000502,31,34,129
2023-12-02,8000507,8000507,35,67,67
2023-12-02,8000507,8002816,3,33,14
2023-12-02,8000510,8000510,16,37,49
2023-12-02,8000510,8000527,1,18,3
2023-12-02,8000510,8001917,16,19,90
2023-12-02,8000521,8000502,0,18,0
2023-12-02,8000521,8000521,17,37,72
2023-12-02,8000521,8000527,18,19,152
2023-12-02,8000527,8000510,17,19,117
2023-12-02,8000527,8000521,1,18,2
2023-12-02,8000527,8000527,19,37,85
2023-12-02,8000677,8000677,44,61,233
2023-12-02,8000677,8001113,10,16,126
2023-12-02,8000677,8001839,21,31,127
2023-12-02,8000677,8003697,16,19,448
2023-12-02,8000713,8000713,60,82,259
2023-12-02,8000713,8005074,26,41,220
2023-12-02,8000713,8005970,33,41,293
2023-12-02,8000832,8000832,59,112,103
2023-12-02,8000832,8003310,34,56,153
2023-12-02,8000832,8006713,20,56,62
2023-12-02,8000853,8000853,95,120,340
2023-12-02,8000853,8001506,14,18,327
2023-12-02,8000853,8003616,30,42,325
2023-12-02,8000853,8003669,35,42,324
2023-12-02,8000853,8006719,16,18,567
2023-12-02,8000899,8001566,30,57,63
2023-12-02,8001081,8001081,54,78,67
2023-12-02,8001081,8001084,20,39,36
2023-12-02,8001081,8001088,22,39,82
2023-12-02,8001082,8001082,124,146,410
2023-12-02,8001082,8001085,49,56,339
2023-12-02,8001082,8001091,59,73,321
2023-12-02,8001082,8004604,16,17,946
2023-12-02,8001084,8000495,32,39,64
2023-12-02,8001084,8001081,27,39,91
2023-12-02,8001084,8001084,58,78,68
2023-12-02,8001085,8001082,47,56,314
2023-12-02,8001085,8001085,62,72,362
2023-12-02,8001085,8004604,13,15,96
2023-12-02,8001085,8005153,17,21,460
2023-12-02,8001086,8001086,64,82,278
2023-12-02,8001086,8003966,31,41,217
2023-12-02,8001086,8004366,35,41,333
2023-12-02,8001088,8001081,37,39,63
2023-12-02,8001088,8001088,61,78,68
2023-12-02,8001091,8001082,56,73,455
2023-12-02,8001091,8001091,111,146,384
2023-12-02,8001091,8001215,10,17,226
2023-12-02,8001091,8005152,36,41,384
2023-12-02,8001113,8000677,12,15,146
2023-12-02,8001113,8001113,21,31,132
2023-12-02,8001113,8003697,12,16,135
2023-12-02,8001215,8001091,16,17,946
2023-12-02,8001215,8001215,92,122,420
2023-12-02,8001215,8003160,33,44,371
2023-12-02,8001215,8003361,11,17,198
2023-12-02,8001215,8005499,31,44,355
2023-12-02,8001264,8001264,61,80,141
2023-12-02,8001264,8003990,28,40,216
2023-12-02,8001264,8005575,31,40,72
2023-12-02,8001384,8001384,55,71,198
2023-12-02,8001384,8002768,30,36,113
2023-12-02,8001384,8005356,24,35,307
2023-12-02,8001416,8001416,39,41,277
2023-12-02,8001416,8002402,20,21,433
2023-12-02,8001416,8006280,17,20,114
2023-12-02,8001557,8001557,32,40,159
2023-12-02,8001557,8002720,18,20,182
2023-12-02,8001557,8004519,11,20,128
2023-12-02,8001566,8000899,46,57,148
2023-12-02,8001566,8001566,87,114,101
2023-12-02,8001566,8003367,41,57,78
2023-12-02,8001712,8000348,34,35,201
2023-12-02,8001712,8000406,16,36,38
2023-12-02,8001712,8001712,49,71,104
2023-12-02,8001736,8001736,86,107,230
2023-12-02,8001736,8002753,16,18,218
2023-12-02,8001736,8002768,42,54,292
2023-12-02,8001736,8003987,31,35,159
2023-12-02,8001839,8000318,14,17,173
2023-12-02,8001839,8000677,22,30,347
2023-12-02,8001839,8001839,46,62,234
2023-12-02,8001839,8002784,9,15,142
2023-12-02,8001886,8000348,31,39,457
2023-12-02,8001886,8001886,65,76,330
2023-12-02,8001886,8003553,33,37,165
2023-12-02,8001917,8000510,12,18,23
2023-12-02,8001917,8001917,29,37,60
2023-12-02,8001917,8098349,15,19,96
2023-12-02,8002104,8000135,23,41,217
2023-12-02,8002104,8002104,60,82,300
2023-12-02,8002104,8003966,37,41,391
2023-12-02,8002206,8001839,1,1,210
2023-12-02,8002206,8002206,74,110,188
2023-12-02,8002206,8003697,42,54,138
2023-12-02,8002206,8005935,31,55,211
2023-12-02,8002290,8000030,7,14,58
2023-12-02,8002290,8002290,17,28,52
2023-12-02,8002290,8004746,8,14,34
2023-12-02,8002389,8000178,53,60,224
2023-12-02,8002389,8002389,89,121,138
2023-12-02,8002389,8003383,30,61,60
2023-12-02,8002402,8000100,19,21,379
2023-12-02,8002402,8001416,18,20,110
2023-12-02,8002402,8002402,37,41,272
2023-12-02,8002718,8002718,32,40,160
2023-12-02,8002718,8002719,16,20,147
2023-12-02,8002718,8003697,20,20,192
2023-12-02,8002719,8002718,16,20,174
2023-12-02,8002719,8002719,33,40,162
2023-12-02,8002719,8002720,17,20,160
2023-12-02,8002720,8001557,14,20,138
2023-12-02,8002720,8002719,18,20,190
2023-12-02,8002720,8002720,32,40,160
2023-12-02,8002721,8002725,9,20,75
2023-12-02,8002725,8002721,19,20,195
2023-12-02,8002725,8002725,28,40,132
2023-12-02,8002725,8004519,16,20,122
2023-12-02,8002753,8000135,80,114,123
2023-12-02,8002753,8001736,17,19,221
2023-12-02,8002753,8002753,103,116,214
2023-12-02,8002753,8002775,38,41,298
2023-12-02,8002768,8001384,24,35,300
2023-12-02,8002768,8001736,47,53,178
2023-12-02,8002768,8002768,92,107,224
2023-12-02,8002768,8005356,17,19,232
2023-12-02,8002775,8001006,24,29,251
2023-12-02,8002775,8002753,32,40,128
2023-12-02,8002775,8002775,56,81,202
2023-12-02,8002775,8003987,8,12,400
2023-12-02,8002804,8002804,30,67,47
2023-12-02,8002804,8002806,9,33,35
2023-12-02,8002804,8002816,25,34,83
2023-12-02,8002806,8000404,29,37,308
2023-12-02,8002806,8002206,1,1,120
2023-12-02,8002806,8002804,26,34,78
2023-12-02,8002806,8002806,155,213,155
2023-12-02,8002806,8003395,42,69,99
2023-12-02,8002806,8005935,40,54,186
2023-12-02,8002806,8400043,16,18,155
2023-12-02,8002806,8400307,0,11,0
2023-12-02,8002816,8000507,28,34,99
2023-12-02,8002816,8002804,5,33,22
2023-12-02,8002816,8002816,31,67,56
2023-12-02,8002932,8002932,65,72,164
2023-12-02,8002932,8002988,34,36,271
2023-12-02,8002932,8005134,32,36,82
2023-12-02,8002988,8002932,29,36,92
2023-12-02,8002988,8002988,56,72,165
2023-12-02,8002988,8004739,21,36,220
2023-12-02,8003158,8003927,14,19,128
2023-12-02,8003158,8005339,13,21,126
2023-12-02,8003160,8001215,34,44,340
2023-12-02,8003160,8003160,99,129,318
2023-12-02,8003160,8003252,21,21,444
2023-12-02,8003160,8003361,45,64,294
2023-12-02,8003252,8003160,18,20,117
2023-12-02,8003252,8003252,36,41,269
2023-12-02,8003252,8003671,19,21,419
2023-12-02,8003310,8000209,46,56,164
2023-12-02,8003310,8000832,25,56,64
2023-12-02,8003310,8003310,70,112,105
2023-12-02,8003320,8003320,224,290,189
2023-12-02,8003320,8003358,92,97,265
2023-12-02,8003320,8003370,41,48,318
2023-12-02,8003320,8003392,118,145,161
2023-12-02,8003330,8000010,1,1,1140
2023-12-02,8003330,8000135,16,17,351
2023-12-02,8003330,8001506,9,16,302
2023-12-02,8003330,8003330,137,157,231
2023-12-02,8003330,8003358,52,61,131
2023-12-02,8003330,8003363,1,1,90
2023-12-02,8003330,8004873,52,60,300
2023-12-02,8003330,8004898,15,15,180
2023-12-02,8003330,8006713,0,5,-36
2023-12-02,8003358,8003320,74,97,122
2023-12-02,8003358,8003330,56,61,302
2023-12-02,8003358,8003358,175,194,207
2023-12-02,8003358,8005143,34,36,261
2023-12-02,8003360,8003360,78,111,126
2023-12-02,8003360,8003371,37,55,195
2023-12-02,8003360,8003372,42,56,78
2023-12-02,8003361,8000100,0,3,-20
2023-12-02,8003361,8000135,10,11,387
2023-12-02,8003361,8000209,16,16,352
2023-12-02,8003361,8001215,15,17,877
2023-12-02,8003361,8003160,60,65,354
2023-12-02,8003361,8003352,1,1,450
2023-12-02,8003361,8003361,184,216,371
2023-12-02,8003361,8003363,68,79,298
2023-12-02,8003361,8003671,16,18,378
2023-12-02,8003362,8003362,64,111,109
2023-12-02,8003362,8003365,38,55,203
2023-12-02,8003362,8003371,22,56,32
2023-12-02,8003363,8000209,16,17,291
2023-12-02,8003363,8003330,1,1,120
2023-12-02,8003363,8003361,69,81,329
2023-12-02,8003363,8003363,140,160,313
2023-12-02,8003364,8000209,77,113,111
2023-12-02,8003364,8003364,137,226,101
2023-12-02,8003364,8003392,78,112,139
2023-12-02,8003365,8003362,24,56,33
2023-12-02,8003365,8003365,78,111,124
2023-12-02,8003365,8003366,38,55,210
2023-12-02,8003366,8003365,40,56,53
2023-12-02,8003366,8003366,77,111,126
2023-12-02,8003366,8079140,39,55,203
2023-12-02,8003367,8001566,19,57,84
2023-12-02,8003367,8003367,57,114,76
2023-12-02,8003367,8003369,28,57,60
2023-12-02,8003369,8000209,41,57,72
2023-12-02,8003369,8003367,20,57,86
2023-12-02,8003369,8003369,70,114,86
2023-12-02,8003371,8003360,45,56,63
2023-12-02,8003371,8003362,34,55,175
2023-12-02,8003371,8003371,82,111,122
2023-12-02,8003372,8003360,39,55,183
2023-12-02,8003372,8003372,71,111,122
2023-12-02,8003372,8003392,57,113,57
2023-12-02,8003373,8001506,5,10,48
2023-12-02,8003373,8001507,23,45,105
2023-12-02,8003373,8003373,49,110,79
2023-12-02,8003373,8079140,12,56,20
2023-12-02,8003375,8003375,98,121,154
2023-12-02,8003375,8003392,45,62,149
2023-12-02,8003375,8003732,53,60,223
2023-12-02,8003379,8003370,39,48,129
2023-12-02,8003379,8003379,88,96,235
2023-12-02,8003379,8004869,45,48,346
2023-12-02,8003383,8002389,55,60,219
2023-12-02,8003383,8003383,106,121,154
2023-12-02,8003383,8003732,51,61,76
2023-12-02,8003386,8003386,58,82,273
2023-12-02,8003386,8004366,21,41,217
2023-12-02,8003386,8005074,34,41,312
2023-12-02,8003392,8003320,120,145,240
2023-12-02,8003392,8003364,96,113,102
2023-12-02,8003392,8003372,78,112,197
2023-12-02,8003392,8003375,52,61,208
2023-12-02,8003392,8003392,302,440,171
2023-12-02,8003395,8000404,31,69,84
2023-12-02,8003395,8002806,47,69,90
2023-12-02,8003395,8003395,84,138,88
2023-12-02,8003414,8003414,28,32,78
2023-12-02,8003414,8003937,13,16,71
2023-12-02,8003414,8006516,13,16,71
2023-12-02,8003462,8000100,33,39,147
2023-12-02,8003462,8003462,69,78,118
2023-12-02,8003462,8004616,36,39,91
2023-12-02,8003553,8000084,30,37,118
2023-12-02,8003553,8001886,27,39,486
2023-12-02,8003553,8003553,61,76,326
2023-12-02,8003616,8000853,33,42,304
2023-12-02,8003616,8002490,26,36,274
2023-12-02,8003616,8003616,63,84,310
2023-12-02,8003668,8003668,69,112,107
2023-12-02,8003668,8003672,27,56,69
2023-12-02,8003668,8006713,41,56,152
2023-12-02,8003669,8000209,33,42,276
2023-12-02,8003669,8000853,33,42,321
2023-12-02,8003669,8003669,68,84,314
2023-12-02,8003671,8003252,16,20,120
2023-12-02,8003671,8003361,14,18,145
2023-12-02,8003671,8003671,63,77,266
2023-12-02,8003671,8006280,33,39,398
2023-12-02,8003672,8003540,39,56,84
2023-12-02,8003672,8003668,40,56,142
2023-12-02,8003672,8003672,69,112,106
2023-12-02,8003697,8000677,11,19,88
2023-12-02,8003697,8001113,6,15,106
2023-12-02,8003697,8002206,34,55,217
2023-12-02,8003697,8002718,13,20,129
2023-12-02,8003697,8003697,77,100,190
2023-12-02,8003732,8003375,52,61,102
2023-12-02,8003732,8003383,55,60,238
2023-12-02,8003732,8003732,107,121,157
2023-12-02,8003927,8000100,13,19,128
2023-12-02,8003927,8003158,19,20,346
2023-12-02,8003927,8003927,70,79,239
2023-12-02,8003927,8005298,18,21,176
2023-12-02,8003927,8005339,19,19,333
2023-12-02,8003931,8003931,56,78,90
2023-12-02,8003931,8003937,33,39,68
2023-12-02,8003931,8005057,22,39,88
2023-12-02,8003937,8003414,15,16,98
2023-12-02,8003937,8003931,21,39,89
2023-12-02,8003937,8003937,56,78,86
2023-12-02,8003937,8006516,20,23,120
2023-12-02,8003966,8001086,36,41,354
2023-12-02,8003966,8002104,25,41,209
2023-12-02,8003966,8003966,60,82,296
2023-12-02,8003990,8000084,32,40,224
2023-12-02,8003990,8001264,36,40,66
2023-12-02,8003990,8003990,68,80,142
2023-12-02,8004366,8001086,33,41,228
2023-12-02,8004366,8003386,35,41,334
2023-12-02,8004366,8004366,68,82,285
2023-12-02,8004519,8001557,15,20,171
2023-12-02,8004519,8002725,16,20,159
2023-12-02,8004519,8004519,32,40,158
2023-12-02,8004616,8003462,38,39,175
2023-12-02,8004616,8004616,73,78,105
2023-12-02,8004616,8005058,35,39,72
2023-12-02,8004739,8002988,13,36,41
2023-12-02,8004746,8002290,9,14,88
2023-12-02,8004746,8004746,17,28,61
2023-12-02,8004746,8006659,8,14,24
2023-12-02,8004869,8000135,21,30,271
2023-12-02,8004869,8000178,11,13,247
2023-12-02,8004869,8003379,43,48,132
2023-12-02,8004869,8004869,144,157,250
2023-12-02,8004869,8004873,45,48,352
2023-12-02,8004869,8004898,13,16,182
2023-12-02,8004873,8003330,57,61,123
2023-12-02,8004873,8004869,47,48,172
2023-12-02,8004873,8004873,198,217,222
2023-12-02,8004873,8005629,97,108,334
2023-12-02,8004898,8003330,16,16,309
2023-12-02,8004898,8003361,8,9,367
2023-12-02,8004898,8004869,14,14,291
2023-12-02,8004898,8004898,68,80,300
2023-12-02,8004898,8005746,36,40,353
2023-12-02,8004907,8000178,3,14,9
2023-12-02,8004907,8000355,7,14,86
2023-12-02,8004907,8004907,13,28,54
2023-12-02,8005057,8003931,36,39,115
2023-12-02,8005057,8005057,52,78,86
2023-12-02,8005057,8005058,21,39,89
2023-12-02,8005058,8004616,38,39,118
2023-12-02,8005058,8005057,30,39,49
2023-12-02,8005058,8005058,70,78,92
2023-12-02,8005074,8000713,31,41,291
2023-12-02,8005074,8003386,31,41,239
2023-12-02,8005074,8005074,62,82,267
2023-12-02,8005134,8002932,27,36,218
2023-12-02,8005134,8005134,56,72,158
2023-12-02,8005134,8005143,25,36,120
2023-12-02,8005143,8003358,32,36,162
2023-12-02,8005143,8005134,29,36,242
2023-12-02,8005143,8005143,60,72,205
2023-12-02,8005152,8001091,32,41,386
2023-12-02,8005152,8005152,72,88,363
2023-12-02,8005152,8005499,37,44,355
2023-12-02,8005164,8000012,22,35,260
2023-12-02,8005164,8005164,55,71,181
2023-12-02,8005164,8005356,30,36,92
2023-12-02,8005298,8000100,17,21,140
2023-12-02,8005298,8003927,19,19,313
2023-12-02,8005298,8005298,36,40,254
2023-12-02,8005339,8003158,18,19,332
2023-12-02,8005339,8003927,15,21,131
2023-12-02,8005339,8005339,33,40,233
2023-12-02,8005356,8000012,17,19,240
2023-12-02,8005356,8001384,31,36,88
2023-12-02,8005356,8002768,17,17,203
2023-12-02,8005356,8005164,25,35,315
2023-12-02,8005356,8005356,87,107,204
2023-12-02,8005499,8001215,33,44,376
2023-12-02,8005499,8005152,35,44,369
2023-12-02,8005499,8005499,66,88,361
2023-12-02,8005575,8000178,41,57,74
2023-12-02,8005575,8001264,30,40,236
2023-12-02,8005575,8005575,61,80,157
2023-12-02,8005629,8000135,96,108,339
2023-12-02,8005629,8004873,73,109,90
2023-12-02,8005629,8005629,178,217,215
2023-12-02,8005743,8005745,0,32,0
2023-12-02,8005744,8005744,23,64,58
2023-12-02,8005744,8005745,23,32,126
2023-12-02,8005744,8098348,23,32,43
2023-12-02,8005745,8005743,22,32,129
2023-12-02,8005745,8005744,0,32,0
2023-12-02,8005745,8005745,23,64,64
2023-12-02,8005746,8004898,36,40,270
2023-12-02,8005746,8005159,36,40,334
2023-12-02,8005746,8005746,73,80,321
2023-12-02,8005935,8002206,43,54,192
2023-12-02,8005935,8002806,40,55,241
2023-12-02,8005935,8005935,80,109,204
2023-12-02,8006280,8000100,13,18,348
2023-12-02,8006280,8001416,20,21,407
2023-12-02,8006280,8003671,29,38,124
2023-12-02,8006280,8006280,61,77,259
2023-12-02,8006516,8000495,24,39,88
2023-12-02,8006516,8003414,13,16,75
2023-12-02,8006516,8003937,13,23,112
2023-12-02,8006516,8006516,49,78,81
2023-12-02,8006659,8000355,8,14,28
2023-12-02,8006659,8004746,9,14,79
2023-12-02,8006659,8006659,15,28,50
2023-12-02,8006713,8000209,30,41,544
2023-12-02,8006713,8000832,43,56,152
2023-12-02,8006713,8001584,33,41,321
2023-12-02,8006713,8003330,2,5,462
2023-12-02,8006713,8003668,27,56,66
2023-12-02,8006713,8006226,3,4,135
2023-12-02,8006713,8006713,131,205,239
2023-12-02,8070704,8000404,66,88,121
2023-12-02,8070704,8000406,24,33,120
2023-12-02,8070704,8070704,129,176,148
2023-12-02,8079140,8003366,37,56,40
2023-12-02,8079140,8003373,34,55,162
2023-12-02,8079140,8079140,59,111,110
2023-12-02,8098348,8005744,18,32,81
2023-12-02,8098348,8098348,35,64,50
2023-12-02,8098348,8099506,25,32,68
2023-12-02,8098349,8001917,1,18,3
2023-12-02,8099506,8000348,5,32,-43
2023-12-02,8099506,8098348,9,32,24
2023-12-02,8099506,8099506,44,64,52
2023-12-03,8000012,8000012,25,34,457
2023-12-03,8000012,8001928,3,4,1192
2023-12-03,8000012,8005164,15,32,42
2023-12-03,8000012,8005356,12,17,274
2023-12-03,8000012,8006501,10,14,435
2023-12-03,8000030,8002290,1,11,5
2023-12-03,8000084,8000084,60,73,445
2023-12-03,8000084,8000178,30,33,413
2023-12-03,8000084,8003553,26,36,485
2023-12-03,8000084,8003990,14,34,30
2023-12-03,8000100,8000100,48,66,242
2023-12-03,8000100,8002402,13,18,87
2023-12-03,8000100,8003361,1,3,-10
2023-12-03,8000100,8003462,6,36,7
2023-12-03,8000100,8003927,17,17,409
2023-12-03,8000100,8005298,14,17,381
2023-12-03,8000100,8006280,10,16,36
2023-12-03,8000135,8000135,168,262,173
2023-12-03,8000135,8000178,2,2,2115
2023-12-03,8000135,8002104,28,38,265
2023-12-03,8000135,8002753,80,95,280
2023-12-03,8000135,8003330,3,15,10
2023-12-03,8000135,8004869,27,28,90
2023-12-03,8000135,8004898,6,6,385
2023-12-03,8000135,8005629,46,79,70
2023-12-03,8000178,8000084,27,34,465
2023-12-03,8000178,8000178,144,181,232
2023-12-03,8000178,8000209,17,19,403
2023-12-03,8000178,8002389,30,67,62
2023-12-03,8000178,8003361,2,2,750
2023-12-03,8000178,8004869,11,11,518
2023-12-03,8000178,8004907,8,13,90
2023-12-03,8000178,8005575,40,45,182
2023-12-03,8000209,8000178,17,19,392
2023-12-03,8000209,8000209,242,314,256
2023-12-03,8000209,8003310,23,42,76
2023-12-03,8000209,8003361,12,15,468
2023-12-03,8000209,8003363,9,10,501
2023-12-03,8000209,8003364,50,85,186
2023-12-03,8000209,8003369,29,42,137
2023-12-03,8000209,8003669,28,35,417
2023-12-03,8000209,8006713,36,38,487
2023-12-03,8000348,8000348,83,103,407
2023-12-03,8000348,8000406,28,35,474
2023-12-03,8000348,8001712,28,33,229
2023-12-03,8000348,8001886,34,35,461
2023-12-03,8000348,8099506,12,16,459
2023-12-03,8000355,8000355,9,24,42
2023-12-03,8000355,8004907,0,11,0
2023-12-03,8000355,8006659,7,13,72
2023-12-03,8000404,8000404,141,197,367
2023-12-03,8000404,8002806,24,35,461
2023-12-03,8000404,8003395,51,63,318
2023-12-03,8000404,8070704,66,82,427
2023-12-03,8000406,8000348,34,35,307
2023-12-03,8000406,8000406,101,135,361
2023-12-03,8000406,8001712,29,32,480
2023-12-03,8000406,8070704,23,31,297
2023-12-03,8000495,8000495,56,73,48
2023-12-03,8000495,8001084,28,36,48
2023-12-03,8000495,8006516,27,37,43
2023-12-03,8000502,8000502,18,33,304
2023-12-03,8000502,8000507,3,31,23
2023-12-03,8000502,8000521,17,17,604
2023-12-03,8000507,8000502,29,31,506
2023-12-03,8000507,8000507,33,62,257
2023-12-03,8000507,8002816,3,31,23
2023-12-03,8000510,8000510,25,34,317
2023-12-03,8000510,8000527,8,17,58
2023-12-03,8000510,8001917,17,17,561
2023-12-03,8000521,8000502,2,17,39
2023-12-03,8000521,8000521,19,34,323
2023-12-03,8000521,8000527,17,17,623
2023-12-03,8000527,8000510,17,17,602
2023-12-03,8000527,8000521,8,17,48
2023-12-03,8000527,8000527,25,34,346
2023-12-03,8000677,8000677,39,57,430
2023-12-03,8000677,8001113,9,15,144
2023-12-03,8000677,8001839,19,29,438
2023-12-03,8000677,8003697,12,17,701
2023-12-03,8000713,8000713,36,75,120
2023-12-03,8000713,8005074,11,37,29
2023-12-03,8000713,8005970,25,38,209
2023-12-03,8000832,8000832,61,84,232
2023-12-03,8000832,8003310,38,42,390
2023-12-03,8000832,8006713,22,42,89
2023-12-03,8000853,8000853,74,101,493
2023-12-03,8000853,8001506,13,16,598
2023-12-03,8000853,8003616,23,35,460
2023-12-03,8000853,8003669,28,34,251
2023-12-03,8000853,8006719,10,16,1058
2023-12-03,8000899,8001566,20,43,44
2023-12-03,8001081,8001081,49,73,43
2023-12-03,8001081,8001084,25,37,33
2023-12-03,8001081,8001088,16,36,35
2023-12-03,8001082,8001082,109,138,385
2023-12-03,8001082,8001085,47,53,556
2023-12-03,8001082,8001091,53,69,227
2023-12-03,8001082,8004604,13,16,589
2023-12-03,8001084,8000495,30,37,51
2023-12-03,8001084,8001081,21,36,42
2023-12-03,8001084,8001084,49,73,40
2023-12-03,8001085,8001082,40,53,215
2023-12-03,8001085,8001085,57,68,321
2023-12-03,8001085,8004604,13,14,133
2023-12-03,8001085,8005153,19,20,750
2023-12-03,8001086,8001086,47,75,130
2023-12-03,8001086,8003966,24,37,42
2023-12-03,8001086,8004366,27,38,225
2023-12-03,8001088,8001081,36,37,60
2023-12-03,8001088,8001088,52,73,41
2023-12-03,8001091,8001082,56,69,529
2023-12-03,8001091,8001091,111,138,382
2023-12-03,8001091,8001215,9,16,244
2023-12-03,8001091,8005152,33,39,287
2023-12-03,8001113,8000677,13,14,251
2023-12-03,8001113,8001113,24,29,197
2023-12-03,8001113,8003697,13,15,156
2023-12-03,8001215,8001091,14,16,551
2023-12-03,8001215,8001215,87,118,422
2023-12-03,8001215,8003160,32,43,317
2023-12-03,8001215,8003361,12,16,317
2023-12-03,8001215,8005499,32,43,569
2023-12-03,8001264,8001264,53,67,116
2023-12-03,8001264,8003990,24,33,160
2023-12-03,8001264,8005575,26,34,84
2023-12-03,8001384,8001384,52,64,167
2023-12-03,8001384,8002768,27,32,98
2023-12-03,8001384,8005356,25,32,260
2023-12-03,8001416,8001416,31,39,288
2023-12-03,8001416,8002402,20,21,481
2023-12-03,8001416,8006280,9,18,83
2023-12-03,8001557,8001557,32,38,512
2023-12-03,8001557,8002720,16,19,466
2023-12-03,8001557,8004519,15,19,553
2023-12-03,8001566,8000899,41,42,192
2023-12-03,8001566,8001566,70,85,112
2023-12-03,8001566,8003367,29,43,63
2023-12-03,8001712,8000348,31,32,553
2023-12-03,8001712,8000406,29,33,283
2023-12-03,8001712,8001712,60,65,383
2023-12-03,8001736,8001736,80,98,265
2023-12-03,8001736,8002753,14,17,296
2023-12-03,8001736,8002768,43,49,389
2023-12-03,8001736,8003987,26,32,78
2023-12-03,8001839,8000318,11,15,686
2023-12-03,8001839,8000677,20,28,382
2023-12-03,8001839,8001839,43,58,390
2023-12-03,8001839,8002206,1,1,120
2023-12-03,8001839,8002784,12,14,229
2023-12-03,8001886,8000348,25,36,415
2023-12-03,8001886,8001886,55,71,449
2023-12-03,8001886,8003553,34,35,461
2023-12-03,8001917,8000510,13,17,79
2023-12-03,8001917,8001917,30,34,323
2023-12-03,8001917,8098349,17,17,566
2023-12-03,8002104,8000135,17,37,40
2023-12-03,8002104,8002104,47,75,148
2023-12-03,8002104,8003966,30,38,262
2023-12-03,8002206,8002206,73,102,432
2023-12-03,8002206,8002806,1,1,90
2023-12-03,8002206,8003697,39,50,511
2023-12-03,8002206,8005935,25,51,380
2023-12-03,8002290,8000030,7,13,62
2023-12-03,8002290,8002290,15,24,52
2023-12-03,8002290,8004746,6,11,33
2023-12-03,8002389,8000178,57,67,162
2023-12-03,8002389,8002389,89,134,105
2023-12-03,8002389,8003383,31,67,60
2023-12-03,8002402,8000100,16,21,431
2023-12-03,8002402,8001416,14,18,85
2023-12-03,8002402,8002402,32,39,295
2023-12-03,8002718,8002718,32,38,516
2023-12-03,8002718,8002719,17,19,568
2023-12-03,8002718,8003697,14,19,482
2023-12-03,8002719,8002718,15,19,463
2023-12-03,8002719,8002719,32,38,517
2023-12-03,8002719,8002720,17,19,583
2023-12-03,8002720,8001557,16,19,562
2023-12-03,8002720,8002719,16,19,469
2023-12-03,8002720,8002720,32,38,512
2023-12-03,8002721,8002725,6,19,218
2023-12-03,8002725,8002721,17,19,622
2023-12-03,8002725,8002725,29,38,475
2023-12-03,8002725,8004519,16,19,452
2023-12-03,8002753,8000135,56,96,109
2023-12-03,8002753,8001736,17,17,635
2023-12-03,8002753,8002753,101,109,254
2023-12-03,8002753,8002775,35,39,240
2023-12-03,8002768,8001384,24,32,248
2023-12-03,8002768,8001736,44,49,168
2023-12-03,8002768,8002768,86,98,281
2023-12-03,8002768,8005356,15,17,642
2023-12-03,8002775,8001006,29,39,232
2023-12-03,8002775,8002753,37,38,72
2023-12-03,8002775,8002775,51,77,139
2023-12-03,8002804,8002804,34,62,225
2023-12-03,8002804,8002806,18,31,93
2023-12-03,8002804,8002816,30,31,446
2023-12-03,8002806,8000404,27,34,521
2023-12-03,8002806,8002804,30,31,433
2023-12-03,8002806,8002806,160,198,378
2023-12-03,8002806,8003395,46,65,264
2023-12-03,8002806,8005935,39,50,471
2023-12-03,8002806,8400043,15,17,487
2023-12-03,8002806,8400307,0,7,0
2023-12-03,8002816,8000507,29,31,465
2023-12-03,8002816,8002804,3,31,23
2023-12-03,8002816,8002816,33,62,238
2023-12-03,8002932,8002932,59,63,87
2023-12-03,8002932,8002988,31,32,140
2023-12-03,8002932,8005134,29,31,66
2023-12-03,8002988,8002932,24,31,94
2023-12-03,8002988,8002988,47,63,98
2023-12-03,8002988,8004739,14,32,88
2023-12-03,8003158,8003927,10,17,233
2023-12-03,8003158,8005339,11,19,193
2023-12-03,8003160,8001215,31,43,493
2023-12-03,8003160,8003160,88,125,367
2023-12-03,8003160,8003252,18,21,447
2023-12-03,8003160,8003361,40,61,264
2023-12-03,8003252,8003160,10,18,95
2023-12-03,8003252,8003252,25,39,277
2023-12-03,8003252,8003671,15,21,443
2023-12-03,8003310,8000209,40,42,404
2023-12-03,8003310,8000832,22,42,88
2023-12-03,8003310,8003310,64,84,230
2023-12-03,8003320,8003320,154,226,143
2023-12-03,8003320,8003358,79,80,145
2023-12-03,8003320,8003370,26,34,230
2023-12-03,8003320,8003392,87,112,161
2023-12-03,8003330,8000010,1,1,60
2023-12-03,8003330,8000135,15,16,283
2023-12-03,8003330,8001506,7,16,105
2023-12-03,8003330,8003330,98,124,168
2023-12-03,8003330,8003358,37,48,143
2023-12-03,8003330,8003363,1,2,180
2023-12-03,8003330,8004873,38,44,190
2023-12-03,8003330,8004898,12,14,77
2023-12-03,8003330,8006713,0,3,-80
2023-12-03,8003358,8003320,58,79,114
2023-12-03,8003358,8003330,45,48,204
2023-12-03,8003358,8003358,139,159,143
2023-12-03,8003358,8005143,26,32,110
2023-12-03,8003360,8003360,104,120,186
2023-12-03,8003360,8003371,51,61,266
2023-12-03,8003360,8003372,53,59,128
2023-12-03,8003361,8000100,3,3,380
2023-12-03,8003361,8000135,10,10,498
2023-12-03,8003361,8000209,14,14,461
2023-12-03,8003361,8001215,13,16,529
2023-12-03,8003361,8003160,50,64,496
2023-12-03,8003361,8003352,0,1,-60
2023-12-03,8003361,8003361,162,208,385
2023-12-03,8003361,8003363,56,75,259
2023-12-03,8003361,8003671,17,18,462
2023-12-03,8003362,8003362,84,120,182
2023-12-03,8003362,8003365,50,61,275
2023-12-03,8003362,8003371,34,59,104
2023-12-03,8003363,8000209,10,11,635
2023-12-03,8003363,8003330,1,2,90
2023-12-03,8003363,8003361,64,80,475
2023-12-03,8003363,8003363,125,155,374
2023-12-03,8003364,8000209,67,84,130
2023-12-03,8003364,8003364,125,169,159
2023-12-03,8003364,8003392,67,84,230
2023-12-03,8003365,8003362,31,59,101
2023-12-03,8003365,8003365,102,120,197
2023-12-03,8003365,8003366,51,61,281
2023-12-03,8003366,8003365,51,59,128
2023-12-03,8003366,8003366,100,120,203
2023-12-03,8003366,8079140,52,61,280
2023-12-03,8003367,8001566,22,42,121
2023-12-03,8003367,8003367,53,85,89
2023-12-03,8003367,8003369,24,43,52
2023-12-03,8003369,8000209,36,43,77
2023-12-03,8003369,8003367,22,42,126
2023-12-03,8003369,8003369,65,85,104
2023-12-03,8003371,8003360,52,59,114
2023-12-03,8003371,8003362,47,61,246
2023-12-03,8003371,8003371,103,120,192
2023-12-03,8003372,8003360,52,61,255
2023-12-03,8003372,8003372,91,120,183
2023-12-03,8003372,8003392,43,84,90
2023-12-03,8003373,8001507,21,40,85
2023-12-03,8003373,8003373,52,79,135
2023-12-03,8003373,8079140,18,59,89
2023-12-03,8003375,8003375,107,134,121
2023-12-03,8003375,8003392,45,67,93
2023-12-03,8003375,8003732,60,67,159
2023-12-03,8003379,8003370,27,33,349
2023-12-03,8003379,8003379,60,67,236
2023-12-03,8003379,8004869,26,34,242
2023-12-03,8003383,8002389,62,67,156
2023-12-03,8003383,8003383,112,134,122
2023-12-03,8003383,8003732,50,67,75
2023-12-03,8003386,8003386,38,75,125
2023-12-03,8003386,8004366,14,37,26
2023-12-03,8003386,8005074,24,38,214
2023-12-03,8003392,8003320,77,114,129
2023-12-03,8003392,8003364,74,84,115
2023-12-03,8003392,8003372,66,84,275
2023-12-03,8003392,8003375,56,67,144
2023-12-03,8003392,8003392,222,331,184
2023-12-03,8003395,8000404,46,65,258
2023-12-03,8003395,8002806,53,63,328
2023-12-03,8003395,8003395,96,128,286
2023-12-03,8003414,8003414,29,32,71
2023-12-03,8003414,8003937,13,16,54
2023-12-03,8003414,8006516,14,16,73
2023-12-03,8003462,8000100,31,37,51
2023-12-03,8003462,8003462,65,73,68
2023-12-03,8003462,8004616,35,36,88
2023-12-03,8003553,8000084,34,35,425
2023-12-03,8003553,8001886,21,36,470
2023-12-03,8003553,8003553,57,71,466
2023-12-03,8003616,8000853,28,34,224
2023-12-03,8003616,8002490,20,29,448
2023-12-03,8003616,8003616,48,69,337
2023-12-03,8003668,8003668,64,84,239
2023-12-03,8003668,8003672,24,42,101
2023-12-03,8003668,8006713,39,42,389
2023-12-03,8003669,8000209,22,34,218
2023-12-03,8003669,8000853,26,35,445
2023-12-03,8003669,8003669,53,69,343
2023-12-03,8003671,8003252,9,18,88
2023-12-03,8003671,8003361,10,16,56
2023-12-03,8003671,8003671,50,73,266
2023-12-03,8003671,8006280,32,39,442
2023-12-03,8003672,8003540,31,42,118
2023-12-03,8003672,8003668,39,42,369
2023-12-03,8003672,8003672,63,84,238
2023-12-03,8003697,8000677,9,18,658
2023-12-03,8003697,8001113,11,14,199
2023-12-03,8003697,8002206,32,51,382
2023-12-03,8003697,8002718,16,19,545
2023-12-03,8003697,8003697,70,94,379
2023-12-03,8003732,8003375,55,67,106
2023-12-03,8003732,8003383,62,67,172
2023-12-03,8003732,8003732,117,134,126
2023-12-03,8003927,8000100,10,17,261
2023-12-03,8003927,8003158,17,17,408
2023-12-03,8003927,8003927,51,70,300
2023-12-03,8003927,8005298,11,19,210
2023-12-03,8003927,8005339,13,17,344
2023-12-03,8003931,8003931,53,73,60
2023-12-03,8003931,8003937,29,36,63
2023-12-03,8003931,8005057,20,37,32
2023-12-03,8003937,8003414,15,16,103
2023-12-03,8003937,8003931,18,37,36
2023-12-03,8003937,8003937,49,73,55
2023-12-03,8003937,8006516,17,20,68
2023-12-03,8003966,8001086,28,38,231
2023-12-03,8003966,8002104,20,37,45
2023-12-03,8003966,8003966,48,75,151
2023-12-03,8003990,8000084,26,33,178
2023-12-03,8003990,8001264,28,34,60
2023-12-03,8003990,8003990,55,67,110
2023-12-03,8004366,8001086,25,37,42
2023-12-03,8004366,8003386,25,38,224
2023-12-03,8004366,8004366,53,75,136
2023-12-03,8004519,8001557,14,19,455
2023-12-03,8004519,8002725,16,19,584
2023-12-03,8004519,8004519,32,38,520
2023-12-03,8004616,8003462,36,37,80
2023-12-03,8004616,8004616,71,73,65
2023-12-03,8004616,8005058,35,36,82
2023-12-03,8004739,8002988,9,31,19
2023-12-03,8004746,8002290,9,13,83
2023-12-03,8004746,8004746,15,24,55
2023-12-03,8004746,8006659,2,11,8
2023-12-03,8004869,8000135,19,28,264
2023-12-03,8004869,8000178,12,12,145
2023-12-03,8004869,8003379,30,33,88
2023-12-03,8004869,8004869,106,123,182
2023-12-03,8004869,8004873,28,34,251
2023-12-03,8004869,8004898,8,14,81
2023-12-03,8004873,8003330,37,46,134
2023-12-03,8004873,8004869,33,33,129
2023-12-03,8004873,8004873,137,157,159
2023-12-03,8004873,8005629,67,78,226
2023-12-03,8004898,8003330,13,15,182
2023-12-03,8004898,8003361,5,8,165
2023-12-03,8004898,8004869,12,13,132
2023-12-03,8004898,8004898,54,72,155
2023-12-03,8004898,8005746,32,36,232
2023-12-03,8004907,8000178,2,11,8
2023-12-03,8004907,8000355,8,13,88
2023-12-03,8004907,8004907,10,24,51
2023-12-03,8005057,8003931,34,36,116
2023-12-03,8005057,8005057,44,73,59
2023-12-03,8005057,8005058,17,37,28
2023-12-03,8005058,8004616,34,37,50
2023-12-03,8005058,8005057,27,36,57
2023-12-03,8005058,8005058,63,73,64
2023-12-03,8005074,8000713,21,38,205
2023-12-03,8005074,8003386,20,37,36
2023-12-03,8005074,8005074,41,75,124
2023-12-03,8005134,8002932,20,32,78
2023-12-03,8005134,8005134,49,63,77
2023-12-03,8005134,8005143,25,31,74
2023-12-03,8005143,8003358,26,31,103
2023-12-03,8005143,8005134,27,32,105
2023-12-03,8005143,8005143,52,63,105
2023-12-03,8005152,8001091,32,39,670
2023-12-03,8005152,8005152,70,86,438
2023-12-03,8005152,8005499,36,43,271
2023-12-03,8005164,8000012,15,32,219
2023-12-03,8005164,8005164,51,64,156
2023-12-03,8005164,8005356,29,32,82
2023-12-03,8005298,8000100,13,19,204
2023-12-03,8005298,8003927,12,17,353
2023-12-03,8005298,8005298,28,36,298
2023-12-03,8005339,8003158,14,17,362
2023-12-03,8005339,8003927,10,19,182
2023-12-03,8005339,8005339,22,36,263
2023-12-03,8005356,8000012,15,17,642
2023-12-03,8005356,8001384,31,32,75
2023-12-03,8005356,8002768,15,17,282
2023-12-03,8005356,8005164,23,32,264
2023-12-03,8005356,8005356,85,98,272
2023-12-03,8005499,8001215,33,43,320
2023-12-03,8005499,8005152,33,43,607
2023-12-03,8005499,8005499,67,86,441
2023-12-03,8005575,8000178,32,45,70
2023-12-03,8005575,8001264,27,33,184
2023-12-03,8005575,8005575,53,67,135
2023-12-03,8005629,8000135,68,78,224
2023-12-03,8005629,8004873,36,79,68
2023-12-03,8005629,8005629,115,157,146
2023-12-03,8005743,8005745,1,16,19
2023-12-03,8005744,8005744,14,32,243
2023-12-03,8005744,8005745,13,16,480
2023-12-03,8005744,8098348,7,16,56
2023-12-03,8005745,8005743,13,16,484
2023-12-03,8005745,8005744,1,16,15
2023-12-03,8005745,8005745,14,32,246
2023-12-03,8005746,8004898,23,36,93
2023-12-03,8005746,8005159,27,36,224
2023-12-03,8005746,8005746,63,72,170
2023-12-03,8005935,8002206,43,50,488
2023-12-03,8005935,8002806,37,51,426
2023-12-03,8005935,8005935,75,101,438
2023-12-03,8006280,8000100,12,18,398
2023-12-03,8006280,8001416,13,21,433
2023-12-03,8006280,8003671,18,34,70
2023-12-03,8006280,8006280,45,73,262
2023-12-03,8006516,8000495,22,36,42
2023-12-03,8006516,8003414,11,16,45
2023-12-03,8006516,8003937,8,21,23
2023-12-03,8006516,8006516,41,73,38
2023-12-03,8006659,8000355,6,11,22
2023-12-03,8006659,8004746,9,13,76
2023-12-03,8006659,8006659,13,24,48
2023-12-03,8006713,8000209,30,38,359
2023-12-03,8006713,8000832,39,42,384
2023-12-03,8006713,8001584,29,38,525
2023-12-03,8006713,8003330,2,3,90
2023-12-03,8006713,8003668,25,42,99
2023-12-03,8006713,8006226,3,3,120
2023-12-03,8006713,8006713,126,170,346
2023-12-03,8070704,8000404,59,81,365
2023-12-03,8070704,8000406,26,30,467
2023-12-03,8070704,8070704,132,163,419
2023-12-03,8079140,8003366,48,59,115
2023-12-03,8079140,8003373,46,61,233
2023-12-03,8079140,8079140,81,120,186
2023-12-03,8098348,8005744,12,16,403
2023-12-03,8098348,8098348,20,32,235
2023-12-03,8098348,8099506,10,16,158
2023-12-03,8098349,8001917,8,17,56
2023-12-03,8099506,8000348,6,16,75
2023-12-03,8099506,8098348,9,16,358
2023-12-03,8099506,8099506,22,32,267
2023-12-04,8000012,8000012,32,40,205
2023-12-04,8000012,8001928,2,5,366
2023-12-04,8000012,8005164,26,39,157
2023-12-04,8000012,8005356,16,17,155
2023-12-04,8000012,8006501,13,15,260
2023-12-04,8000030,8002290,19,35,111
2023-12-04,8000084,8000084,65,83,415
2023-12-04,8000084,8000178,30,38,265
2023-12-04,8000084,8000348,1,1,30
2023-12-04,8000084,8003553,34,41,578
2023-12-04,8000084,8003990,31,49,173
2023-12-04,8000100,8000100,59,76,280
2023-12-04,8000100,8002402,22,25,162
2023-12-04,8000100,8003361,1,1,60
2023-12-04,8000100,8003462,14,44,25
2023-12-04,8000100,8003671,0,1,0
2023-12-04,8000100,8003927,15,19,466
2023-12-04,8000100,8005298,19,19,447
2023-12-04,8000100,8006280,12,17,79
2023-12-04,8000135,8000135,258,334,281
2023-12-04,8000135,8000178,2,2,510
2023-12-04,8000135,8002104,36,39,362
2023-12-04,8000135,8002753,111,130,377
2023-12-04,8000135,8003330,9,15,76
2023-12-04,8000135,8004869,30,33,203
2023-12-04,8000135,8004898,6,6,640
2023-12-04,8000135,8005629,79,111,182
2023-12-04,8000178,8000084,35,40,560
2023-12-04,8000178,8000178,191,233,328
2023-12-04,8000178,8000209,20,21,367
2023-12-04,8000178,8002389,59,101,160
2023-12-04,8000178,8003361,2,2,435
2023-12-04,8000178,8004869,15,15,162
2023-12-04,8000178,8004907,26,34,223
2023-12-04,8000178,8005575,56,62,380
2023-12-04,8000209,8000178,21,21,749
2023-12-04,8000209,8000209,314,366,358
2023-12-04,8000209,8003310,46,59,251
2023-12-04,8000209,8003361,17,17,436
2023-12-04,8000209,8003363,26,30,489
2023-12-04,8000209,8003364,71,102,298
2023-12-04,8000209,8003367,1,1,240
2023-12-04,8000209,8003369,32,43,253
2023-12-04,8000209,8003669,33,40,430
2023-12-04,8000209,8006713,38,40,465
2023-12-04,8000348,8000084,0,1,0
2023-12-04,8000348,8000348,93,121,302
2023-12-04,8000348,8000406,34,40,566
2023-12-04,8000348,8001712,17,39,69
2023-12-04,8000348,8001886,38,40,290
2023-12-04,8000348,8099506,23,35,105
2023-12-04,8000355,8000355,46,69,149
2023-12-04,8000355,8004907,13,35,39
2023-12-04,8000355,8006659,26,34,232
2023-12-04,8000404,8000404,150,225,209
2023-12-04,8000404,8002806,29,38,183
2023-12-04,8000404,8003395,52,74,159
2023-12-04,8000404,8070704,61,94,280
2023-12-04,8000406,8000348,37,40,182
2023-12-04,8000406,8000406,87,158,196
2023-12-04,8000406,8001712,31,39,75
2023-12-04,8000406,8070704,19,36,57
2023-12-04,8000495,8000495,96,114,94
2023-12-04,8000495,8001084,50,57,107
2023-12-04,8000495,8006516,45,57,71
2023-12-04,8000502,8000502,15,37,71
2023-12-04,8000502,8000507,3,36,17
2023-12-04,8000502,8000521,18,19,152
2023-12-04,8000507,8000502,28,36,132
2023-12-04,8000507,8000507,31,72,72
2023-12-04,8000507,8002816,4,36,21
2023-12-04,8000510,8000510,16,38,69
2023-12-04,8000510,8000527,1,19,17
2023-12-04,8000510,8001917,15,19,115
2023-12-04,8000521,8000502,1,19,19
2023-12-04,8000521,8000521,19,38,89
2023-12-04,8000521,8000527,18,19,175
2023-12-04,8000527,8000510,16,19,147
2023-12-04,8000527,8000521,1,19,17
2023-12-04,8000527,8000527,19,38,103
2023-12-04,8000677,8000677,54,65,588
2023-12-04,8000677,8001113,18,18,487
2023-12-04,8000677,8001839,24,32,372
2023-12-04,8000677,8003697,16,18,1030
2023-12-04,8000713,8000713,55,78,202
2023-12-04,8000713,8005074,19,39,82
2023-12-04,8000713,8005970,36,39,356
2023-12-04,8000832,8000832,97,118,302
2023-12-04,8000832,8003310,50,59,352
2023-12-04,8000832,8006713,46,59,260
2023-12-04,8000853,8000853,89,114,465
2023-12-04,8000853,8001506,14,18,600
2023-12-04,8000853,8003616,32,39,546
2023-12-04,8000853,8003669,30,40,322
2023-12-04,8000853,8006719,14,18,792
2023-12-04,8000899,8001566,32,43,241
2023-12-04,8000899,8003367,1,1,750
2023-12-04,8001081,8001081,82,114,80
2023-12-04,8001081,8001084,30,57,60
2023-12-04,8001081,8001088,36,57,84
2023-12-04,8001082,8001082,130,156,356
2023-12-04,8001082,8001085,58,60,469
2023-12-04,8001082,8001091,59,78,261
2023-12-04,8001082,8004604,18,18,483
2023-12-04,8001084,8000495,45,57,74
2023-12-04,8001084,8001081,45,57,101
2023-12-04,8001084,8001084,86,114,85
2023-12-04,8001085,8001082,42,60,248
2023-12-04,8001085,8001085,63,78,339
2023-12-04,8001085,8004604,15,16,103
2023-12-04,8001085,8005153,22,23,554
2023-12-04,8001086,8001086,59,78,216
2023-12-04,8001086,8003966,26,39,86
2023-12-04,8001086,8004366,36,39,356
2023-12-04,8001088,8001081,43,57,82
2023-12-04,8001088,8001088,88,114,82
2023-12-04,8001091,8001082,70,78,437
2023-12-04,8001091,8001091,130,156,346
2023-12-04,8001091,8001215,14,18,213
2023-12-04,8001091,8005152,41,44,353
2023-12-04,8001113,8000677,11,17,277
2023-12-04,8001113,8001113,29,35,386
2023-12-04,8001113,8003697,18,18,478
2023-12-04,8001215,8001091,17,18,462
2023-12-04,8001215,8001215,127,149,412
2023-12-04,8001215,8003160,48,57,350
2023-12-04,8001215,8003361,14,18,277
2023-12-04,8001215,8005499,48,56,499
2023-12-04,8001264,8001264,85,98,273
2023-12-04,8001264,8003990,39,49,335
2023-12-04,8001264,8005575,43,49,214
2023-12-04,8001384,8001384,68,77,307
2023-12-04,8001384,8002768,34,39,220
2023-12-04,8001384,8005356,35,38,401
2023-12-04,8001416,8001416,47,50,321
2023-12-04,8001416,8002402,26,26,442
2023-12-04,8001416,8006280,20,24,216
2023-12-04,8001557,8001557,35,40,313
2023-12-04,8001557,8002720,18,20,306
2023-12-04,8001557,8004519,15,20,310
2023-12-04,8001566,8000899,40,43,311
2023-12-04,8001566,8001566,75,86,271
2023-12-04,8001566,8003367,35,43,256
2023-12-04,8001712,8000348,38,39,146
2023-12-04,8001712,8000406,17,39,72
2023-12-04,8001712,8001712,54,78,91
2023-12-04,8001736,8001736,94,112,273
2023-12-04,8001736,8002753,17,20,164
2023-12-04,8001736,8002768,48,56,363
2023-12-04,8001736,8003987,28,36,208
2023-12-04,8001839,8000318,15,16,677
2023-12-04,8001839,8000677,30,33,803
2023-12-04,8001839,8001839,57,67,608
2023-12-04,8001839,8002206,1,1,1050
2023-12-04,8001839,8002784,11,16,291
2023-12-04,8001839,8006391,1,1,660
2023-12-04,8001886,8000348,31,41,563
2023-12-04,8001886,8001886,68,81,431
2023-12-04,8001886,8003553,39,40,311
2023-12-04,8001917,8000510,14,19,38
2023-12-04,8001917,8001917,29,38,78
2023-12-04,8001917,8098349,15,19,122
2023-12-04,8002104,8000135,23,39,93
2023-12-04,8002104,8002104,58,78,221
2023-12-04,8002104,8003966,36,39,362
2023-12-04,8002206,8001839,1,1,1350
2023-12-04,8002206,8002206,87,115,408
2023-12-04,8002206,8002806,1,1,1020
2023-12-04,8002206,8003697,46,56,305
2023-12-04,8002206,8005935,34,58,471
2023-12-04,8002290,8000030,26,34,217
2023-12-04,8002290,8002290,54,69,178
2023-12-04,8002290,8004746,25,35,140
2023-12-04,8002389,8000178,84,102,301
2023-12-04,8002389,8002389,146,203,227
2023-12-04,8002389,8003383,58,101,178
2023-12-04,8002402,8000100,23,26,395
2023-12-04,8002402,8001416,21,24,152
2023-12-04,8002402,8002402,46,51,292
2023-12-04,8002402,8006280,1,1,30
2023-12-04,8002718,8002718,36,40,317
2023-12-04,8002718,8002719,19,20,342
2023-12-04,8002718,8003697,18,20,304
2023-12-04,8002719,8002718,17,20,291
2023-12-04,8002719,8002719,36,40,319
2023-12-04,8002719,8002720,19,20,352
2023-12-04,8002720,8001557,17,20,327
2023-12-04,8002720,8002719,18,20,314
2023-12-04,8002720,8002720,35,40,316
2023-12-04,8002721,8002725,10,20,152
2023-12-04,8002725,8002721,20,20,374
2023-12-04,8002725,8002725,32,40,282
2023-12-04,8002725,8004519,18,20,256
2023-12-04,8002753,8000135,86,130,190
2023-12-04,8002753,8001736,17,20,213
2023-12-04,8002753,8002753,129,145,278
2023-12-04,8002753,8002775,50,54,444
2023-12-04,8002768,8001384,34,38,412
2023-12-04,8002768,8001736,52,56,209
2023-12-04,8002768,8002768,102,112,289
2023-12-04,8002768,8005356,16,18,280
2023-12-04,8002775,8001006,35,39,362
2023-12-04,8002775,8002753,43,53,164
2023-12-04,8002775,8002775,83,107,296
2023-12-04,8002775,8003987,14,15,648
2023-12-04,8002804,8002804,31,72,55
2023-12-04,8002804,8002806,12,36,34
2023-12-04,8002804,8002816,26,36,92
2023-12-04,8002806,8000404,30,38,435
2023-12-04,8002806,8002206,1,1,1380
2023-12-04,8002806,8002804,28,36,92
2023-12-04,8002806,8002806,156,227,237
2023-12-04,8002806,8003395,39,75,154
2023-12-04,8002806,8005935,45,57,264
2023-12-04,8002806,8400043,15,19,227
2023-12-04,8002806,8400307,6,13,125
2023-12-04,8002816,8000507,27,36,104
2023-12-04,8002816,8002804,5,36,25
2023-12-04,8002816,8002816,32,72,61
2023-12-04,8002932,8002932,71,78,272
2023-12-04,8002932,8002988,34,37,459
2023-12-04,8002932,8004739,2,3,80
2023-12-04,8002932,8005134,34,38,147
2023-12-04,8002988,8002932,33,38,159
2023-12-04,8002988,8002988,63,75,292
2023-12-04,8002988,8004739,29,37,402
2023-12-04,8003158,8003927,11,19,104
2023-12-04,8003158,8005339,17,23,215
2023-12-04,8003160,8001215,52,56,509
2023-12-04,8003160,8003160,129,163,388
2023-12-04,8003160,8003252,25,26,443
2023-12-04,8003160,8003361,57,81,297
2023-12-04,8003252,8003160,22,24,275
2023-12-04,8003252,8003252,45,52,336
2023-12-04,8003252,8003361,1,1,30
2023-12-04,8003252,8003671,23,27,408
2023-12-04,8003310,8000209,54,59,378
2023-12-04,8003310,8000832,46,59,269
2023-12-04,8003310,8003310,98,118,300
2023-12-04,8003320,8003320,236,313,262
2023-12-04,8003320,8003358,101,105,381
2023-12-04,8003320,8003370,45,53,334
2023-12-04,8003320,8003392,124,155,232
2023-12-04,8003330,8000010,1,1,4320
2023-12-04,8003330,8000135,16,16,338
2023-12-04,8003330,8000667,1,2,165
2023-12-04,8003330,8001506,12,15,268
2023-12-04,8003330,8003330,132,153,377
2023-12-04,8003330,8003358,52,64,251
2023-12-04,8003330,8004873,54,58,516
2023-12-04,8003330,8004898,14,15,224
2023-12-04,8003330,8006713,1,3,290
2023-12-04,8003358,8003320,78,102,228
2023-12-04,8003358,8003330,63,65,528
2023-12-04,8003358,8003358,184,207,331
2023-12-04,8003358,8005143,34,40,359
2023-12-04,8003360,8003360,161,175,436
2023-12-04,8003360,8003371,81,87,619
2023-12-04,8003360,8003372,80,88,285
2023-12-04,8003361,8000100,1,1,180
2023-12-04,8003361,8000135,10,10,471
2023-12-04,8003361,8000209,16,16,472
2023-12-04,8003361,8001215,16,18,465
2023-12-04,8003361,8003160,78,82,496
2023-12-04,8003361,8003252,1,1,30
2023-12-04,8003361,8003352,1,1,150
2023-12-04,8003361,8003361,220,251,436
2023-12-04,8003361,8003363,77,99,327
2023-12-04,8003361,8003671,16,17,581
2023-12-04,8003362,8003362,148,175,412
2023-12-04,8003362,8003365,80,87,609
2023-12-04,8003362,8003371,63,88,237
2023-12-04,8003363,8000209,27,31,336
2023-12-04,8003363,8003361,91,98,472
2023-12-04,8003363,8003363,166,197,395
2023-12-04,8003364,8000209,84,102,314
2023-12-04,8003364,8003364,179,204,335
2023-12-04,8003364,8003392,92,100,500
2023-12-04,8003365,8003362,66,88,243
2023-12-04,8003365,8003365,159,175,433
2023-12-04,8003365,8003366,80,87,621
2023-12-04,8003366,8003365,79,88,261
2023-12-04,8003366,8003366,155,175,424
2023-12-04,8003366,8079140,80,87,599
2023-12-04,8003367,8000899,1,1,510
2023-12-04,8003367,8001566,29,43,246
2023-12-04,8003367,8003367,67,88,249
2023-12-04,8003367,8003369,31,44,239
2023-12-04,8003369,8000209,38,44,254
2023-12-04,8003369,8003367,29,43,240
2023-12-04,8003369,8003369,70,87,253
2023-12-04,8003371,8003360,81,88,265
2023-12-04,8003371,8003362,79,87,581
2023-12-04,8003371,8003371,162,175,436
2023-12-04,8003372,8003360,81,87,607
2023-12-04,8003372,8003372,157,175,441
2023-12-04,8003372,8003392,87,100,289
2023-12-04,8003373,8001507,34,40,464
2023-12-04,8003373,8003373,68,80,342
2023-12-04,8003373,8079140,50,88,196
2023-12-04,8003375,8003375,157,203,252
2023-12-04,8003375,8003392,77,103,249
2023-12-04,8003375,8003732,82,102,291
2023-12-04,8003379,8003370,40,52,199
2023-12-04,8003379,8003379,90,105,292
2023-12-04,8003379,8004869,48,53,388
2023-12-04,8003383,8002389,90,102,290
2023-12-04,8003383,8003383,167,203,247
2023-12-04,8003383,8003732,77,101,186
2023-12-04,8003386,8003386,59,78,217
2023-12-04,8003386,8004366,17,39,73
2023-12-04,8003386,8005074,35,39,344
2023-12-04,8003392,8003320,130,158,296
2023-12-04,8003392,8003364,93,99,322
2023-12-04,8003392,8003372,94,101,603
2023-12-04,8003392,8003375,81,104,250
2023-12-04,8003392,8003392,359,433,360
2023-12-04,8003395,8000404,40,75,154
2023-12-04,8003395,8002806,49,74,155
2023-12-04,8003395,8003395,88,149,153
2023-12-04,8003462,8000100,36,44,92
2023-12-04,8003462,8003462,82,88,96
2023-12-04,8003462,8004616,44,44,102
2023-12-04,8003553,8000084,37,40,277
2023-12-04,8003553,8001886,32,41,555
2023-12-04,8003553,8003553,72,81,436
2023-12-04,8003616,8000853,29,39,295
2023-12-04,8003616,8002490,28,36,514
2023-12-04,8003616,8003616,59,78,405
2023-12-04,8003668,8003668,98,118,302
2023-12-04,8003668,8003672,42,59,253
2023-12-04,8003668,8006713,52,59,354
2023-12-04,8003669,8000209,33,40,329
2023-12-04,8003669,8000853,32,40,492
2023-12-04,8003669,8003669,63,80,405
2023-12-04,8003671,8003252,20,25,252
2023-12-04,8003671,8003361,11,18,165
2023-12-04,8003671,8003671,71,87,331
2023-12-04,8003671,8006280,40,44,463
2023-12-04,8003672,8003540,49,59,265
2023-12-04,8003672,8003668,49,59,338
2023-12-04,8003672,8003672,91,118,296
2023-12-04,8003697,8000677,15,19,336
2023-12-04,8003697,8001113,9,17,256
2023-12-04,8003697,8002206,39,57,479
2023-12-04,8003697,8002718,15,20,296
2023-12-04,8003697,8003697,90,105,411
2023-12-04,8003732,8003375,84,101,234
2023-12-04,8003732,8003383,89,102,311
2023-12-04,8003732,8003732,173,203,256
2023-12-04,8003927,8000100,13,19,123
2023-12-04,8003927,8003158,16,18,485
2023-12-04,8003927,8003927,60,80,281
2023-12-04,8003927,8005298,18,23,168
2023-12-04,8003927,8005339,16,20,400
2023-12-04,8003931,8003931,96,114,97
2023-12-04,8003931,8003937,53,57,117
2023-12-04,8003931,8005057,41,57,75
2023-12-04,8003937,8003931,43,57,81
2023-12-04,8003937,8003937,97,114,103
2023-12-04,8003937,8006516,54,57,126
2023-12-04,8003966,8001086,36,39,350
2023-12-04,8003966,8002104,25,39,91
2023-12-04,8003966,8003966,59,78,225
2023-12-04,8003990,8000084,43,49,359
2023-12-04,8003990,8001264,44,49,210
2023-12-04,8003990,8003990,87,98,276
2023-12-04,8004366,8001086,27,39,83
2023-12-04,8004366,8003386,36,39,361
2023-12-04,8004366,8004366,63,78,223
2023-12-04,8004519,8001557,16,20,292
2023-12-04,8004519,8002725,17,20,345
2023-12-04,8004519,8004519,36,40,316
2023-12-04,8004616,8003462,41,44,126
2023-12-04,8004616,8004616,83,88,91
2023-12-04,8004616,8005058,42,44,95
2023-12-04,8004739,8002988,22,38,105
2023-12-04,8004746,8002290,28,34,242
2023-12-04,8004746,8004746,55,69,189
2023-12-04,8004746,8006659,21,35,116
2023-12-04,8004869,8000135,24,32,231
2023-12-04,8004869,8000178,15,15,304
2023-12-04,8004869,8003379,42,52,204
2023-12-04,8004869,8004869,145,170,280
2023-12-04,8004869,8004873,47,53,391
2023-12-04,8004869,8004898,13,16,225
2023-12-04,8004873,8003320,1,1,540
2023-12-04,8004873,8003330,48,58,221
2023-12-04,8004873,8004869,44,52,239
2023-12-04,8004873,8004873,192,222,333
2023-12-04,8004873,8005629,98,111,460
2023-12-04,8004898,8003330,16,16,262
2023-12-04,8004898,8003361,7,8,248
2023-12-04,8004898,8004869,13,15,364
2023-12-04,8004898,8004898,64,80,336
2023-12-04,8004898,8005746,35,40,434
2023-12-04,8004907,8000178,13,35,28
2023-12-04,8004907,8000355,25,34,229
2023-12-04,8004907,8004907,40,69,133
2023-12-04,8005057,8003931,57,57,143
2023-12-04,8005057,8005057,94,114,100
2023-12-04,8005057,8005058,47,57,94
2023-12-04,8005058,8004616,42,44,85
2023-12-04,8005058,8005057,47,57,89
2023-12-04,8005058,8005058,85,88,103
2023-12-04,8005074,8000713,34,39,325
2023-12-04,8005074,8003386,24,39,90
2023-12-04,8005074,8005074,58,78,212
2023-12-04,8005134,8002932,36,40,357
2023-12-04,8005134,8005134,70,78,272
2023-12-04,8005134,8005143,36,38,213
2023-12-04,8005143,8003358,36,38,253
2023-12-04,8005143,8005134,36,40,389
2023-12-04,8005143,8005143,71,78,325
2023-12-04,8005152,8001091,42,44,530
2023-12-04,8005152,8005152,97,113,421
2023-12-04,8005152,8005499,47,57,342
2023-12-04,8005164,8000012,30,38,328
2023-12-04,8005164,8005164,70,77,280
2023-12-04,8005164,8005356,35,39,209
2023-12-04,8005298,8000100,18,23,172
2023-12-04,8005298,8003927,16,19,411
2023-12-04,8005298,8005298,35,42,301
2023-12-04,8005339,8003158,17,20,410
2023-12-04,8005339,8003927,15,23,171
2023-12-04,8005339,8005339,32,43,302
2023-12-04,8005356,8000012,16,18,298
2023-12-04,8005356,8001384,35,39,208
2023-12-04,8005356,8002768,17,17,154
2023-12-04,8005356,8005164,35,38,398
2023-12-04,8005356,8005356,102,112,276
2023-12-04,8005499,8001215,47,57,348
2023-12-04,8005499,8005152,52,56,504
2023-12-04,8005499,8005499,95,113,423
2023-12-04,8005575,8000178,47,62,187
2023-12-04,8005575,8001264,42,49,360
2023-12-04,8005575,8005575,86,98,291
2023-12-04,8005629,8000135,98,111,460
2023-12-04,8005629,8004873,74,111,182
2023-12-04,8005629,8005629,180,222,322
2023-12-04,8005743,8005745,1,35,9
2023-12-04,8005744,8005744,15,70,34
2023-12-04,8005744,8005745,14,35,73
2023-12-04,8005744,8098348,28,35,65
2023-12-04,8005745,8005743,14,35,85
2023-12-04,8005745,8005744,1,35,7
2023-12-04,8005745,8005745,15,70,45
2023-12-04,8005746,8004898,33,40,257
2023-12-04,8005746,8005159,33,40,415
2023-12-04,8005746,8005746,72,80,353
2023-12-04,8005935,8002206,46,57,287
2023-12-04,8005935,8002806,42,58,501
2023-12-04,8005935,8005935,88,115,380
2023-12-04,8006280,8000100,13,18,495
2023-12-04,8006280,8001416,24,26,422
2023-12-04,8006280,8003671,33,42,196
2023-12-04,8006280,8006280,69,86,324
2023-12-04,8006516,8000495,48,57,108
2023-12-04,8006516,8003937,38,57,69
2023-12-04,8006516,8006516,86,114,86
2023-12-04,8006659,8000355,23,35,126
2023-12-04,8006659,8004746,30,34,237
2023-12-04,8006659,8006659,50,69,177
2023-12-04,8006713,8000209,36,40,556
2023-12-04,8006713,8000832,52,59,346
2023-12-04,8006713,8001584,37,39,542
2023-12-04,8006713,8003330,2,2,1800
2023-12-04,8006713,8003668,46,59,255
2023-12-04,8006713,8006226,3,4,172
2023-12-04,8006713,8006713,176,210,396
2023-12-04,8070704,8000404,64,93,165
2023-12-04,8070704,8000406,22,37,73
2023-12-04,8070704,8070704,131,187,225
2023-12-04,8079140,8003366,69,88,226
2023-12-04,8079140,8003373,77,87,547
2023-12-04,8079140,8079140,136,175,398
2023-12-04,8098348,8005744,11,35,41
2023-12-04,8098348,8098348,40,70,64
2023-12-04,8098348,8099506,31,35,123
2023-12-04,8098349,8001917,1,19,16
2023-12-04,8099506,8000348,12,35,28
2023-12-04,8099506,8098348,9,35,15
2023-12-04,8099506,8099506,52,70,72
2023-12-05,8000012,8000012,31,40,189
2023-12-05,8000012,8001928,4,5,222
2023-12-05,8000012,8005164,15,39,92
2023-12-05,8000012,8005356,15,17,154
2023-12-05,8000012,8006501,15,15,272
2023-12-05,8000030,8002290,26,36,84
2023-12-05,8000084,8000084,73,83,552
2023-12-05,8000084,8000178,35,38,309
2023-12-05,8000084,8000348,1,1,360
2023-12-05,8000084,8003553,34,41,792
2023-12-05,8000084,8003990,24,49,100
2023-12-05,8000100,8000100,55,76,144
2023-12-05,8000100,8002402,16,25,73
2023-12-05,8000100,8003361,1,1,60
2023-12-05,8000100,8003462,7,44,-5
2023-12-05,8000100,8003671,0,1,0
2023-12-05,8000100,8003927,15,19,174
2023-12-05,8000100,8005298,19,19,303
2023-12-05,8000100,8006280,10,17,53
2023-12-05,8000135,8000135,242,334,241
2023-12-05,8000135,8000178,2,2,795
2023-12-05,8000135,8002104,31,39,467
2023-12-05,8000135,8002753,112,130,239
2023-12-05,8000135,8003330,10,15,192
2023-12-05,8000135,8004869,26,33,292
2023-12-05,8000135,8004898,6,6,1125
2023-12-05,8000135,8005629,63,111,96
2023-12-05,8000178,8000084,33,40,788
2023-12-05,8000178,8000178,199,235,338
2023-12-05,8000178,8000209,21,21,401
2023-12-05,8000178,8002389,60,101,113
2023-12-05,8000178,8003361,2,2,150
2023-12-05,8000178,8004869,15,15,230
2023-12-05,8000178,8004907,23,35,150
2023-12-05,8000178,8005575,52,62,302
2023-12-05,8000209,8000178,21,21,1170
2023-12-05,8000209,8000209,303,366,341
2023-12-05,8000209,8003310,41,59,226
2023-12-05,8000209,8003361,16,17,316
2023-12-05,8000209,8003363,27,30,407
2023-12-05,8000209,8003364,63,102,239
2023-12-05,8000209,8003367,1,1,60
2023-12-05,8000209,8003369,29,43,193
2023-12-05,8000209,8003669,33,40,384
2023-12-05,8000209,8006713,40,40,505
2023-12-05,8000348,8000084,1,1,360
2023-12-05,8000348,8000348,100,121,416
2023-12-05,8000348,8000406,33,40,762
2023-12-05,8000348,8001712,25,39,115
2023-12-05,8000348,8001886,39,40,365
2023-12-05,8000348,8099506,24,35,167
2023-12-05,8000355,8000355,54,71,111
2023-12-05,8000355,8004907,18,36,83
2023-12-05,8000355,8006659,31,35,169
2023-12-05,8000404,8000404,161,226,209
2023-12-05,8000404,8002806,22,38,127
2023-12-05,8000404,8003395,55,74,154
2023-12-05,8000404,8070704,73,95,309
2023-12-05,8000406,8000348,39,40,277
2023-12-05,8000406,8000406,101,158,295
2023-12-05,8000406,8001712,33,39,146
2023-12-05,8000406,8070704,21,36,78
2023-12-05,8000495,8000495,65,114,19
2023-12-05,8000495,8001084,34,57,12
2023-12-05,8000495,8006516,31,57,17
2023-12-05,8000502,8000502,13,37,65
2023-12-05,8000502,8000507,4,36,15
2023-12-05,8000502,8000521,14,19,145
2023-12-05,8000507,8000502,25,36,131
2023-12-05,8000507,8000507,30,72,74
2023-12-05,8000507,8002816,4,36,22
2023-12-05,8000510,8000510,13,38,61
2023-12-05,8000510,8000527,0,19,0
2023-12-05,8000510,8001917,12,19,118
2023-12-05,8000521,8000502,0,19,0
2023-12-05,8000521,8000521,14,38,75
2023-12-05,8000521,8000527,15,19,155
2023-12-05,8000527,8000510,14,19,141
2023-12-05,8000527,8000521,0,19,0
2023-12-05,8000527,8000527,15,38,83
2023-12-05,8000677,8000677,52,65,425
2023-12-05,8000677,8001113,13,18,363
2023-12-05,8000677,8001839,26,32,338
2023-12-05,8000677,8003697,16,19,583
2023-12-05,8000713,8000713,52,78,390
2023-12-05,8000713,8005074,26,39,399
2023-12-05,8000713,8005970,29,39,389
2023-12-05,8000832,8000832,79,118,281
2023-12-05,8000832,8003310,42,59,344
2023-12-05,8000832,8006713,38,59,227
2023-12-05,8000853,8000853,97,114,450
2023-12-05,8000853,8001506,17,18,637
2023-12-05,8000853,8003616,33,39,487
2023-12-05,8000853,8003669,32,40,272
2023-12-05,8000853,8006719,16,18,777
2023-12-05,8000899,8001566,29,43,153
2023-12-05,8000899,8003367,1,1,210
2023-12-05,8001081,8001081,52,114,4
2023-12-05,8001081,8001084,27,57,2
2023-12-05,8001081,8001088,20,57,3
2023-12-05,8001082,8001082,135,156,319
2023-12-05,8001082,8001085,57,60,356
2023-12-05,8001082,8001091,64,78,301
2023-12-05,8001082,8004604,18,18,397
2023-12-05,8001084,8000495,36,57,27
2023-12-05,8001084,8001081,24,57,13
2023-12-05,8001084,8001084,60,114,12
2023-12-05,8001085,8001082,44,60,229
2023-12-05,8001085,8001085,65,78,297
2023-12-05,8001085,8004604,15,16,161
2023-12-05,8001085,8005153,22,23,387
2023-12-05,8001086,8001086,55,78,417
2023-12-05,8001086,8003966,30,39,434
2023-12-05,8001086,8004366,27,39,415
2023-12-05,8001088,8001081,35,57,12
2023-12-05,8001088,8001088,55,114,6
2023-12-05,8001091,8001082,67,78,327
2023-12-05,8001091,8001091,127,156,312
2023-12-05,8001091,8001215,16,18,338
2023-12-05,8001091,8005152,42,44,353
2023-12-05,8001113,8000677,15,17,309
2023-12-05,8001113,8001113,29,35,338
2023-12-05,8001113,8003697,15,18,383
2023-12-05,8001215,8001091,17,18,360
2023-12-05,8001215,8001215,129,149,384
2023-12-05,8001215,8003160,46,57,381
2023-12-05,8001215,8003361,14,18,367
2023-12-05,8001215,8005499,48,56,409
2023-12-05,8001264,8001264,74,98,189
2023-12-05,8001264,8003990,32,49,238
2023-12-05,8001264,8005575,41,49,157
2023-12-05,8001384,8001384,63,77,176
2023-12-05,8001384,8002768,34,39,141
2023-12-05,8001384,8005356,31,38,224
2023-12-05,8001416,8001416,43,50,202
2023-12-05,8001416,8002402,23,26,342
2023-12-05,8001416,8006280,18,24,75
2023-12-05,8001557,8001557,37,40,279
2023-12-05,8001557,8002720,18,20,294
2023-12-05,8001557,8004519,17,20,228
2023-12-05,8001566,8000899,41,43,241
2023-12-05,8001566,8001566,72,86,192
2023-12-05,8001566,8003367,34,43,163
2023-12-05,8001712,8000348,39,39,229
2023-12-05,8001712,8000406,26,39,120
2023-12-05,8001712,8001712,65,78,158
2023-12-05,8001736,8001736,87,112,181
2023-12-05,8001736,8002753,15,20,166
2023-12-05,8001736,8002768,47,56,230
2023-12-05,8001736,8003987,27,36,122
2023-12-05,8001839,8000318,13,16,429
2023-12-05,8001839,8000677,26,33,509
2023-12-05,8001839,8001839,55,67,414
2023-12-05,8001839,8002206,0,1,0
2023-12-05,8001839,8002784,14,16,298
2023-12-05,8001839,8006391,1,1,360
2023-12-05,8001886,8000348,36,41,755
2023-12-05,8001886,8001886,75,81,565
2023-12-05,8001886,8003553,40,40,371
2023-12-05,8001917,8000510,14,19,22
2023-12-05,8001917,8001917,27,38,75
2023-12-05,8001917,8098349,13,19,131
2023-12-05,8002104,8000135,26,39,429
2023-12-05,8002104,8002104,58,78,432
2023-12-05,8002104,8003966,31,39,462
2023-12-05,8002206,8001839,1,1,240
2023-12-05,8002206,8002206,88,116,328
2023-12-05,8002206,8002806,0,1,0
2023-12-05,8002206,8003697,48,56,265
2023-12-05,8002206,8005935,38,59,398
2023-12-05,8002290,8000030,23,35,129
2023-12-05,8002290,8002290,67,71,131
2023-12-05,8002290,8004746,34,36,125
2023-12-05,8002389,8000178,83,102,254
2023-12-05,8002389,8002389,148,203,176
2023-12-05,8002389,8003383,58,101,111
2023-12-05,8002402,8000100,23,26,309
2023-12-05,8002402,8001416,21,24,80
2023-12-05,8002402,8002402,43,51,207
2023-12-05,8002402,8006280,0,1,0
2023-12-05,8002718,8002718,36,40,275
2023-12-05,8002718,8002719,19,20,276
2023-12-05,8002718,8003697,17,20,282
2023-12-05,8002719,8002718,18,20,284
2023-12-05,8002719,8002719,38,40,284
2023-12-05,8002719,8002720,20,20,292
2023-12-05,8002720,8001557,19,20,270
2023-12-05,8002720,8002719,18,20,300
2023-12-05,8002720,8002720,36,40,282
2023-12-05,8002721,8002725,8,20,117
2023-12-05,8002725,8002721,20,20,321
2023-12-05,8002725,8002725,30,40,236
2023-12-05,8002725,8004519,18,20,224
2023-12-05,8002753,8000135,80,130,100
2023-12-05,8002753,8001736,18,20,207
2023-12-05,8002753,8002753,123,145,172
2023-12-05,8002753,8002775,48,54,234
2023-12-05,8002768,8001384,29,38,218
2023-12-05,8002768,8001736,47,56,160
2023-12-05,8002768,8002768,96,112,196
2023-12-05,8002768,8005356,15,18,258
2023-12-05,8002775,8001006,31,39,181
2023-12-05,8002775,8002753,41,53,76
2023-12-05,8002775,8002775,76,107,143
2023-12-05,8002775,8003987,14,15,334
2023-12-05,8002804,8002804,28,72,61
2023-12-05,8002804,8002806,10,36,41
2023-12-05,8002804,8002816,27,36,102
2023-12-05,8002806,8000404,27,39,394
2023-12-05,8002806,8002206,1,1,300
2023-12-05,8002806,8002804,22,36,94
2023-12-05,8002806,8002806,160,228,214
2023-12-05,8002806,8003395,49,75,207
2023-12-05,8002806,8005935,48,57,222
2023-12-05,8002806,8400043,11,19,152
2023-12-05,8002806,8400307,0,13,0
2023-12-05,8002816,8000507,24,36,109
2023-12-05,8002816,8002804,6,36,30
2023-12-05,8002816,8002816,33,72,66
2023-12-05,8002932,8002932,71,78,175
2023-12-05,8002932,8002988,36,37,221
2023-12-05,8002932,8004739,3,3,200
2023-12-05,8002932,8005134,33,38,156
2023-12-05,8002988,8002932,28,38,140
2023-12-05,8002988,8002988,59,75,164
2023-12-05,8002988,8004739,24,37,166
2023-12-05,8003158,8003927,11,19,43
2023-12-05,8003158,8005339,12,23,90
2023-12-05,8003160,8001215,49,56,434
2023-12-05,8003160,8003160,137,163,343
2023-12-05,8003160,8003252,24,26,284
2023-12-05,8003160,8003361,66,81,316
2023-12-05,8003252,8003160,18,24,114
2023-12-05,8003252,8003252,43,52,191
2023-12-05,8003252,8003361,1,1,60
2023-12-05,8003252,8003671,26,27,278
2023-12-05,8003310,8000209,50,59,354
2023-12-05,8003310,8000832,36,59,232
2023-12-05,8003310,8003310,82,118,281
2023-12-05,8003320,8003320,243,313,189
2023-12-05,8003320,8003358,101,105,259
2023-12-05,8003320,8003370,41,53,209
2023-12-05,8003320,8003392,127,155,194
2023-12-05,8003330,8000010,1,1,360
2023-12-05,8003330,8000135,15,16,407
2023-12-05,8003330,8000667,2,2,525
2023-12-05,8003330,8001506,13,15,196
2023-12-05,8003330,8003330,138,153,256
2023-12-05,8003330,8003358,50,64,204
2023-12-05,8003330,8004873,55,58,301
2023-12-05,8003330,8004898,15,15,330
2023-12-05,8003330,8006713,2,3,70
2023-12-05,8003358,8003320,75,102,206
2023-12-05,8003358,8003330,62,65,314
2023-12-05,8003358,8003358,186,207,251
2023-12-05,8003358,8005143,39,40,237
2023-12-05,8003360,8003360,162,175,362
2023-12-05,8003360,8003371,83,87,541
2023-12-05,8003360,8003372,79,88,216
2023-12-05,8003361,8000100,1,1,540
2023-12-05,8003361,8000135,10,10,729
2023-12-05,8003361,8000209,16,16,519
2023-12-05,8003361,8001215,17,18,382
2023-12-05,8003361,8003160,71,82,401
2023-12-05,8003361,8003252,1,1,510
2023-12-05,8003361,8003352,1,1,240
2023-12-05,8003361,8003361,208,251,389
2023-12-05,8003361,8003363,81,99,300
2023-12-05,8003361,8003671,10,17,169
2023-12-05,8003362,8003362,144,175,341
2023-12-05,8003362,8003365,83,87,544
2023-12-05,8003362,8003371,54,88,156
2023-12-05,8003363,8000209,27,31,342
2023-12-05,8003363,8003361,78,98,337
2023-12-05,8003363,8003363,162,197,319
2023-12-05,8003364,8000209,83,102,270
2023-12-05,8003364,8003364,181,204,288
2023-12-05,8003364,8003392,93,100,454
2023-12-05,8003365,8003362,60,88,160
2023-12-05,8003365,8003365,156,175,358
2023-12-05,8003365,8003366,83,87,556
2023-12-05,8003366,8003365,73,88,178
2023-12-05,8003366,8003366,156,175,360
2023-12-05,8003366,8079140,83,87,548
2023-12-05,8003367,8000899,1,1,210
2023-12-05,8003367,8001566,28,43,181
2023-12-05,8003367,8003367,62,88,166
2023-12-05,8003367,8003369,28,44,151
2023-12-05,8003369,8000209,35,44,163
2023-12-05,8003369,8003367,26,43,175
2023-12-05,8003369,8003369,64,87,174
2023-12-05,8003371,8003360,80,88,185
2023-12-05,8003371,8003362,82,87,514
2023-12-05,8003371,8003371,163,175,358
2023-12-05,8003372,8003360,83,87,535
2023-12-05,8003372,8003372,153,175,371
2023-12-05,8003372,8003392,77,100,235
2023-12-05,8003373,8001507,30,40,268
2023-12-05,8003373,8003373,64,80,214
2023-12-05,8003373,8079140,49,88,137
2023-12-05,8003375,8003375,160,203,182
2023-12-05,8003375,8003392,78,103,156
2023-12-05,8003375,8003732,87,102,244
2023-12-05,8003379,8003370,35,52,102
2023-12-05,8003379,8003379,88,105,169
2023-12-05,8003379,8004869,44,53,235
2023-12-05,8003383,8002389,90,102,241
2023-12-05,8003383,8003383,172,203,190
2023-12-05,8003383,8003732,82,101,121
2023-12-05,8003386,8003386,54,78,416
2023-12-05,8003386,8004366,24,39,412
2023-12-05,8003386,8005074,28,39,400
2023-12-05,8003392,8003320,130,158,196
2023-12-05,8003392,8003364,89,99,274
2023-12-05,8003392,8003372,94,101,537
2023-12-05,8003392,8003375,83,104,211
2023-12-05,8003392,8003392,342,433,290
2023-12-05,8003395,8000404,47,75,202
2023-12-05,8003395,8002806,54,74,150
2023-12-05,8003395,8003395,102,149,177
2023-12-05,8003462,8000100,27,44,51
2023-12-05,8003462,8003462,60,88,52
2023-12-05,8003462,8004616,34,44,65
2023-12-05,8003553,8000084,37,40,326
2023-12-05,8003553,8001886,32,41,759
2023-12-05,8003553,8003553,72,81,568
2023-12-05,8003616,8000853,26,39,236
2023-12-05,8003616,8002490,29,36,436
2023-12-05,8003616,8003616,59,78,348
2023-12-05,8003668,8003668,84,118,283
2023-12-05,8003668,8003672,39,59,222
2023-12-05,8003668,8006713,44,59,348
2023-12-05,8003669,8000209,31,40,283
2023-12-05,8003669,8000853,33,40,453
2023-12-05,8003669,8003669,64,80,357
2023-12-05,8003671,8003252,16,25,77
2023-12-05,8003671,8003361,12,18,107
2023-12-05,8003671,8003671,61,87,152
2023-12-05,8003671,8006280,33,44,230
2023-12-05,8003672,8003540,44,59,222
2023-12-05,8003672,8003668,42,59,335
2023-12-05,8003672,8003672,81,118,278
2023-12-05,8003697,8000677,14,19,298
2023-12-05,8003697,8001113,14,17,265
2023-12-05,8003697,8002206,41,58,400
2023-12-05,8003697,8002718,18,20,242
2023-12-05,8003697,8003697,91,106,349
2023-12-05,8003732,8003375,81,101,143
2023-12-05,8003732,8003383,88,102,263
2023-12-05,8003732,8003732,169,203,192
2023-12-05,8003927,8000100,10,19,58
2023-12-05,8003927,8003158,14,18,192
2023-12-05,8003927,8003927,56,80,146
2023-12-05,8003927,8005298,14,23,65
2023-12-05,8003927,8005339,18,20,282
2023-12-05,8003931,8003931,64,114,29
2023-12-05,8003931,8003937,37,57,44
2023-12-05,8003931,8005057,26,57,11
2023-12-05,8003937,8003931,30,57,18
2023-12-05,8003937,8003937,73,114,34
2023-12-05,8003937,8006516,42,57,36
2023-12-05,8003966,8001086,29,39,432
2023-12-05,8003966,8002104,28,39,430
2023-12-05,8003966,8003966,56,78,452
2023-12-05,8003990,8000084,36,49,238
2023-12-05,8003990,8001264,43,49,141
2023-12-05,8003990,8003990,79,98,185
2023-12-05,8004366,8001086,30,39,425
2023-12-05,8004366,8003386,30,39,415
2023-12-05,8004366,8004366,59,78,422
2023-12-05,8004519,8001557,17,20,279
2023-12-05,8004519,8002725,19,20,272
2023-12-05,8004519,8004519,36,40,251
2023-12-05,8004616,8003462,33,44,65
2023-12-05,8004616,8004616,68,88,47
2023-12-05,8004616,8005058,35,44,48
2023-12-05,8004739,8002988,20,38,105
2023-12-05,8004746,8002290,33,35,183
2023-12-05,8004746,8004746,68,71,148
2023-12-05,8004746,8006659,27,36,88
2023-12-05,8004869,8000135,27,32,201
2023-12-05,8004869,8000178,13,15,242
2023-12-05,8004869,8003379,44,52,108
2023-12-05,8004869,8004869,143,170,208
2023-12-05,8004869,8004873,43,53,239
2023-12-05,8004869,8004898,13,16,322
2023-12-05,8004873,8003320,1,1,330
2023-12-05,8004873,8003330,52,58,162
2023-12-05,8004873,8004869,46,52,145
2023-12-05,8004873,8004873,193,222,201
2023-12-05,8004873,8005629,97,111,286
2023-12-05,8004898,8003330,15,16,311
2023-12-05,8004898,8003361,6,8,619
2023-12-05,8004898,8004869,14,15,288
2023-12-05,8004898,8004898,66,80,420
2023-12-05,8004898,8005746,34,40,540
2023-12-05,8004907,8000178,17,36,68
2023-12-05,8004907,8000355,23,35,147
2023-12-05,8004907,8004907,43,71,114
2023-12-05,8005057,8003931,43,57,61
2023-12-05,8005057,8005057,57,114,35
2023-12-05,8005057,8005058,22,57,29
2023-12-05,8005058,8004616,32,44,35
2023-12-05,8005058,8005057,27,57,20
2023-12-05,8005058,8005058,62,88,46
2023-12-05,8005074,8000713,25,39,385
2023-12-05,8005074,8003386,29,39,432
2023-12-05,8005074,8005074,55,78,409
2023-12-05,8005134,8002932,36,40,186
2023-12-05,8005134,8005134,68,78,196
2023-12-05,8005134,8005143,32,38,226
2023-12-05,8005143,8003358,38,38,275
2023-12-05,8005143,8005134,40,40,230
2023-12-05,8005143,8005143,76,78,249
2023-12-05,8005152,8001091,41,44,380
2023-12-05,8005152,8005152,99,113,374
2023-12-05,8005152,8005499,47,57,341
2023-12-05,8005164,8000012,24,38,184
2023-12-05,8005164,8005164,65,77,169
2023-12-05,8005164,8005356,34,39,139
2023-12-05,8005298,8000100,11,23,74
2023-12-05,8005298,8003927,18,19,302
2023-12-05,8005298,8005298,31,42,181
2023-12-05,8005339,8003158,18,20,279
2023-12-05,8005339,8003927,12,23,70
2023-12-05,8005339,8005339,31,43,189
2023-12-05,8005356,8000012,15,18,273
2023-12-05,8005356,8001384,34,39,132
2023-12-05,8005356,8002768,16,17,154
2023-12-05,8005356,8005164,31,38,238
2023-12-05,8005356,8005356,93,112,192
2023-12-05,8005499,8001215,49,57,366
2023-12-05,8005499,8005152,49,56,409
2023-12-05,8005499,8005499,95,113,377
2023-12-05,8005575,8000178,49,62,150
2023-12-05,8005575,8001264,35,49,252
2023-12-05,8005575,8005575,76,98,211
2023-12-05,8005629,8000135,100,111,285
2023-12-05,8005629,8004873,59,111,97
2023-12-05,8005629,8005629,162,222,191
2023-12-05,8005743,8005745,1,35,3
2023-12-05,8005744,8005744,22,70,72
2023-12-05,8005744,8005745,23,35,160
2023-12-05,8005744,8098348,25,35,53
2023-12-05,8005745,8005743,23,35,174
2023-12-05,8005745,8005744,1,35,2
2023-12-05,8005745,8005745,24,70,87
2023-12-05,8005746,8004898,30,40,304
2023-12-05,8005746,8005159,33,40,524
2023-12-05,8005746,8005746,71,80,429
2023-12-05,8005935,8002206,49,57,253
2023-12-05,8005935,8002806,50,59,440
2023-12-05,8005935,8005935,96,116,328
2023-12-05,8006280,8000100,9,18,143
2023-12-05,8006280,8001416,23,26,278
2023-12-05,8006280,8003671,27,42,73
2023-12-05,8006280,8006280,57,86,151
2023-12-05,8006516,8000495,29,57,12
2023-12-05,8006516,8003937,21,57,20
2023-12-05,8006516,8006516,50,114,14
2023-12-05,8006659,8000355,31,36,79
2023-12-05,8006659,8004746,34,35,174
2023-12-05,8006659,8006659,62,71,128
2023-12-05,8006713,8000209,38,40,713
2023-12-05,8006713,8000832,44,59,341
2023-12-05,8006713,8001584,38,39,551
2023-12-05,8006713,8003330,2,2,285
2023-12-05,8006713,8003668,40,59,224
2023-12-05,8006713,8006226,4,4,690
2023-12-05,8006713,8006713,168,210,436
2023-12-05,8070704,8000404,79,93,155
2023-12-05,8070704,8000406,27,37,122
2023-12-05,8070704,8070704,158,188,238
2023-12-05,8079140,8003366,68,88,163
2023-12-05,8079140,8003373,80,87,493
2023-12-05,8079140,8079140,137,175,342
2023-12-05,8098348,8005744,15,35,112
2023-12-05,8098348,8098348,46,70,81
2023-12-05,8098348,8099506,30,35,94
2023-12-05,8098349,8001917,1,19,2
2023-12-05,8099506,8000348,17,35,47
2023-12-05,8099506,8098348,14,35,68
2023-12-05,8099506,8099506,53,70,96
2023-12-06,8000012,8000012,34,40,332
2023-12-06,8000012,8001928,3,5,288
2023-12-06,8000012,8005164,21,39,222
2023-12-06,8000012,8005356,15,17,277
2023-12-06,8000012,8006501,15,15,486
2023-12-06,8000030,8002290,22,36,168
2023-12-06,8000084,8000084,62,83,449
2023-12-06,8000084,8000178,26,38,174
2023-12-06,8000084,8000348,1,1,330
2023-12-06,8000084,8003553,31,41,717
2023-12-06,8000084,8003990,22,49,244
2023-12-06,8000100,8000100,63,76,319
2023-12-06,8000100,8002402,20,25,160
2023-12-06,8000100,8003361,1,1,60
2023-12-06,8000100,8003462,13,44,42
2023-12-06,8000100,8003671,1,1,30
2023-12-06,8000100,8003927,17,19,412
2023-12-06,8000100,8005298,19,19,531
2023-12-06,8000100,8006280,15,17,258
2023-12-06,8000135,8000135,255,334,325
2023-12-06,8000135,8000178,2,2,300
2023-12-06,8000135,8002104,34,39,586
2023-12-06,8000135,8002753,108,130,316
2023-12-06,8000135,8003330,13,15,316
2023-12-06,8000135,8004869,32,33,523
2023-12-06,8000135,8004898,6,6,855
2023-12-06,8000135,8005629,79,111,188
2023-12-06,8000178,8000084,31,40,715
2023-12-06,8000178,8000178,187,235,371
2023-12-06,8000178,8000209,19,21,289
2023-12-06,8000178,8002389,51,101,141
2023-12-06,8000178,8003361,2,2,30
2023-12-06,8000178,8004869,13,15,274
2023-12-06,8000178,8004907,23,35,167
2023-12-06,8000178,8005575,56,62,493
2023-12-06,8000209,8000178,17,21,824
2023-12-06,8000209,8000209,312,366,402
2023-12-06,8000209,8003310,33,59,173
2023-12-06,8000209,8003361,15,17,487
2023-12-06,8000209,8003363,25,30,560
2023-12-06,8000209,8003364,66,102,338
2023-12-06,8000209,8003367,1,1,180
2023-12-06,8000209,8003369,27,43,179
2023-12-06,8000209,8003669,36,40,683
2023-12-06,8000209,8006713,38,40,514
2023-12-06,8000348,8000084,1,1,540
2023-12-06,8000348,8000348,100,121,385
2023-12-06,8000348,8000406,36,40,763
2023-12-06,8000348,8001712,27,39,119
2023-12-06,8000348,8001886,36,40,235
2023-12-06,8000348,8099506,29,35,302
2023-12-06,8000355,8000355,39,71,151
2023-12-06,8000355,8004907,6,36,60
2023-12-06,8000355,8006659,25,35,219
2023-12-06,8000404,8000404,156,226,250
2023-12-06,8000404,8002806,30,38,119
2023-12-06,8000404,8003395,43,74,167
2023-12-06,8000404,8070704,72,95,386
2023-12-06,8000406,8000348,36,40,178
2023-12-06,8000406,8000406,107,158,300
2023-12-06,8000406,8001712,34,39,253
2023-12-06,8000406,8070704,21,36,129
2023-12-06,8000495,8000495,93,114,68
2023-12-06,8000495,8001084,47,57,76
2023-12-06,8000495,8006516,46,57,55
2023-12-06,8000502,8000502,17,37,118
2023-12-06,8000502,8000507,4,36,32
2023-12-06,8000502,8000521,18,19,278
2023-12-06,8000507,8000502,33,36,271
2023-12-06,8000507,8000507,37,72,152
2023-12-06,8000507,8002816,4,36,42
2023-12-06,8000510,8000510,17,38,119
2023-12-06,8000510,8000527,0,19,0
2023-12-06,8000510,8001917,16,19,231
2023-12-06,8000521,8000502,0,19,0
2023-12-06,8000521,8000521,18,38,147
2023-12-06,8000521,8000527,18,19,298
2023-12-06,8000527,8000510,18,19,264
2023-12-06,8000527,8000521,0,19,0
2023-12-06,8000527,8000527,18,38,152
2023-12-06,8000677,8000677,49,65,463
2023-12-06,8000677,8001113,15,18,930
2023-12-06,8000677,8001839,21,32,158
2023-12-06,8000677,8003697,16,19,482
2023-12-06,8000713,8000713,62,78,546
2023-12-06,8000713,8005074,31,39,432
2023-12-06,8000713,8005970,30,39,654
2023-12-06,8000832,8000832,86,118,351
2023-12-06,8000832,8003310,51,59,531
2023-12-06,8000832,8006713,35,59,181
2023-12-06,8000853,8000853,99,114,611
2023-12-06,8000853,8001506,16,18,663
2023-12-06,8000853,8003616,35,39,818
2023-12-06,8000853,8003669,34,40,464
2023-12-06,8000853,8006719,16,18,563
2023-12-06,8000899,8001566,29,43,154
2023-12-06,8000899,8003367,1,1,270
2023-12-06,8001081,8001081,82,114,58
2023-12-06,8001081,8001084,42,57,55
2023-12-06,8001081,8001088,35,57,60
2023-12-06,8001082,8001082,124,156,531
2023-12-06,8001082,8001085,53,60,662
2023-12-06,8001082,8001091,63,78,407
2023-12-06,8001082,8004604,18,18,755
2023-12-06,8001084,8000495,50,57,57
2023-12-06,8001084,8001081,39,57,69
2023-12-06,8001084,8001084,91,114,66
2023-12-06,8001085,8001082,40,60,428
2023-12-06,8001085,8001085,64,78,536
2023-12-06,8001085,8004604,14,16,96
2023-12-06,8001085,8005153,21,23,913
2023-12-06,8001086,8001086,64,78,493
2023-12-06,8001086,8003966,33,39,409
2023-12-06,8001086,8004366,32,39,594
2023-12-06,8001088,8001081,53,57,67
2023-12-06,8001088,8001088,90,114,58
2023-12-06,8001091,8001082,65,78,632
2023-12-06,8001091,8001091,127,156,519
2023-12-06,8001091,8001215,15,18,222
2023-12-06,8001091,8005152,37,44,570
2023-12-06,8001113,8000677,12,17,152
2023-12-06,8001113,8001113,26,35,551
2023-12-06,8001113,8003697,15,18,890
2023-12-06,8001215,8001091,17,18,568
2023-12-06,8001215,8001215,122,149,601
2023-12-06,8001215,8003160,49,57,633
2023-12-06,8001215,8003361,15,18,273
2023-12-06,8001215,8005499,45,56,722
2023-12-06,8001264,8001264,74,98,358
2023-12-06,8001264,8003990,34,49,441
2023-12-06,8001264,8005575,36,49,276
2023-12-06,8001384,8001384,67,77,372
2023-12-06,8001384,8002768,35,39,302
2023-12-06,8001384,8005356,32,38,462
2023-12-06,8001416,8001416,44,50,320
2023-12-06,8001416,8002402,25,26,498
2023-12-06,8001416,8006280,19,24,171
2023-12-06,8001557,8001557,29,40,152
2023-12-06,8001557,8002720,17,20,171
2023-12-06,8001557,8004519,10,20,123
2023-12-06,8001566,8000899,43,43,233
2023-12-06,8001566,8001566,78,86,187
2023-12-06,8001566,8003367,36,43,163
2023-12-06,8001712,8000348,39,39,321
2023-12-06,8001712,8000406,24,39,129
2023-12-06,8001712,8001712,62,78,210
2023-12-06,8001736,8001736,93,112,345
2023-12-06,8001736,8002753,18,20,375
2023-12-06,8001736,8002768,48,56,400
2023-12-06,8001736,8003987,24,36,246
2023-12-06,8001839,8000318,13,16,242
2023-12-06,8001839,8000677,26,33,757
2023-12-06,8001839,8001839,52,67,452
2023-12-06,8001839,8002206,1,1,240
2023-12-06,8001839,8002784,12,16,148
2023-12-06,8001839,8006391,0,1,0
2023-12-06,8001886,8000348,35,41,753
2023-12-06,8001886,8001886,66,81,481
2023-12-06,8001886,8003553,35,40,223
2023-12-06,8001917,8000510,15,19,24
2023-12-06,8001917,8001917,31,38,130
2023-12-06,8001917,8098349,15,19,237
2023-12-06,8002104,8000135,34,39,437
2023-12-06,8002104,8002104,68,78,505
2023-12-06,8002104,8003966,35,39,588
2023-12-06,8002206,8001839,1,1,30
2023-12-06,8002206,8002206,78,116,299
2023-12-06,8002206,8002806,1,1,150
2023-12-06,8002206,8003697,39,56,149
2023-12-06,8002206,8005935,37,59,407
2023-12-06,8002290,8000030,17,35,200
2023-12-06,8002290,8002290,57,71,201
2023-12-06,8002290,8004746,29,36,202
2023-12-06,8002389,8000178,86,102,448
2023-12-06,8002389,8002389,143,203,287
2023-12-06,8002389,8003383,53,101,142
2023-12-06,8002402,8000100,25,26,462
2023-12-06,8002402,8001416,17,24,156
2023-12-06,8002402,8002402,44,51,325
2023-12-06,8002402,8006280,1,1,30
2023-12-06,8002718,8002718,35,40,158
2023-12-06,8002718,8002719,18,20,152
2023-12-06,8002718,8003697,18,20,180
2023-12-06,8002719,8002718,17,20,166
2023-12-06,8002719,8002719,36,40,163
2023-12-06,8002719,8002720,18,20,159
2023-12-06,8002720,8001557,12,20,136
2023-12-06,8002720,8002719,18,20,183
2023-12-06,8002720,8002720,30,40,154
2023-12-06,8002721,8002725,8,20,63
2023-12-06,8002725,8002721,18,20,188
2023-12-06,8002725,8002725,26,40,130
2023-12-06,8002725,8004519,18,20,128
2023-12-06,8002753,8000135,85,130,214
2023-12-06,8002753,8001736,18,20,310
2023-12-06,8002753,8002753,123,145,325
2023-12-06,8002753,8002775,46,54,424
2023-12-06,8002768,8001384,31,38,440
2023-12-06,8002768,8001736,52,56,330
2023-12-06,8002768,8002768,101,112,367
2023-12-06,8002768,8005356,18,18,405
2023-12-06,8002775,8001006,34,39,375
2023-12-06,8002775,8002753,41,53,207
2023-12-06,8002775,8002775,82,107,309
2023-12-06,8002775,8003987,14,15,530
2023-12-06,8002804,8002804,34,72,129
2023-12-06,8002804,8002806,16,36,85
2023-12-06,8002804,8002816,32,36,214
2023-12-06,8002806,8000404,33,39,382
2023-12-06,8002806,8002206,1,1,90
2023-12-06,8002806,8002804,31,36,212
2023-12-06,8002806,8002806,175,228,239
2023-12-06,8002806,8003395,50,75,301
2023-12-06,8002806,8005935,39,57,149
2023-12-06,8002806,8400043,18,19,174
2023-12-06,8002806,8400307,0,11,0
2023-12-06,8002816,8000507,30,36,230
2023-12-06,8002816,8002804,5,36,48
2023-12-06,8002816,8002816,36,72,132
2023-12-06,8002932,8002932,77,78,157
2023-12-06,8002932,8002988,37,37,219
2023-12-06,8002932,8004739,3,3,190
2023-12-06,8002932,8005134,37,38,119
2023-12-06,8002988,8002932,36,38,137
2023-12-06,8002988,8002988,70,75,161
2023-12-06,8002988,8004739,30,37,164
2023-12-06,8003158,8003927,9,19,123
2023-12-06,8003158,8005339,14,23,177
2023-12-06,8003160,8001215,45,56,738
2023-12-06,8003160,8003160,133,163,566
2023-12-06,8003160,8003252,26,26,406
2023-12-06,8003160,8003361,63,81,532
2023-12-06,8003252,8003160,16,24,178
2023-12-06,8003252,8003252,44,52,288
2023-12-06,8003252,8003361,1,1,60
2023-12-06,8003252,8003671,27,27,401
2023-12-06,8003310,8000209,55,59,557
2023-12-06,8003310,8000832,35,59,183
2023-12-06,8003310,8003310,87,118,349
2023-12-06,8003320,8003320,254,313,246
2023-12-06,8003320,8003358,101,105,307
2023-12-06,8003320,8003370,46,53,215
2023-12-06,8003320,8003392,133,155,301
2023-12-06,8003330,8000010,1,1,870
2023-12-06,8003330,8000135,14,16,564
2023-12-06,8003330,8000667,2,2,135
2023-12-06,8003330,8001506,11,15,402
2023-12-06,8003330,8003330,135,153,379
2023-12-06,8003330,8003358,54,64,333
2023-12-06,8003330,8004873,51,58,416
2023-12-06,8003330,8004898,15,15,426
2023-12-06,8003330,8006713,1,3,-40
2023-12-06,8003358,8003320,82,102,297
2023-12-06,8003358,8003330,61,65,433
2023-12-06,8003358,8003358,187,207,323
2023-12-06,8003358,8005143,38,40,224
2023-12-06,8003360,8003360,165,175,333
2023-12-06,8003360,8003371,82,87,517
2023-12-06,8003360,8003372,83,88,185
2023-12-06,8003361,8000100,1,1,150
2023-12-06,8003361,8000135,8,10,567
2023-12-06,8003361,8000209,16,16,504
2023-12-06,8003361,8001215,16,18,503
2023-12-06,8003361,8003160,74,82,632
2023-12-06,8003361,8003252,1,1,600
2023-12-06,8003361,8003352,1,1,4230
2023-12-06,8003361,8003361,217,251,552
2023-12-06,8003361,8003363,76,99,550
2023-12-06,8003361,8003671,17,17,476
2023-12-06,8003362,8003362,154,175,326
2023-12-06,8003362,8003365,82,87,523
2023-12-06,8003362,8003371,64,88,150
2023-12-06,8003363,8000209,27,31,502
2023-12-06,8003363,8003361,85,98,591
2023-12-06,8003363,8003363,169,197,571
2023-12-06,8003364,8000209,85,102,223
2023-12-06,8003364,8003364,163,204,278
2023-12-06,8003364,8003392,91,100,414
2023-12-06,8003365,8003362,72,88,155
2023-12-06,8003365,8003365,161,175,342
2023-12-06,8003365,8003366,82,87,523
2023-12-06,8003366,8003365,79,88,170
2023-12-06,8003366,8003366,155,175,340
2023-12-06,8003366,8079140,83,87,523
2023-12-06,8003367,8000899,1,1,270
2023-12-06,8003367,8001566,26,43,163
2023-12-06,8003367,8003367,61,88,157
2023-12-06,8003367,8003369,31,44,147
2023-12-06,8003369,8000209,40,44,165
2023-12-06,8003369,8003367,22,43,161
2023-12-06,8003369,8003369,67,87,169
2023-12-06,8003371,8003360,84,88,172
2023-12-06,8003371,8003362,78,87,488
2023-12-06,8003371,8003371,166,175,340
2023-12-06,8003372,8003360,82,87,493
2023-12-06,8003372,8003372,153,175,337
2023-12-06,8003372,8003392,74,100,188
2023-12-06,8003373,8001507,26,40,219
2023-12-06,8003373,8003373,68,80,225
2023-12-06,8003373,8079140,46,88,130
2023-12-06,8003375,8003375,161,203,298
2023-12-06,8003375,8003392,74,103,194
2023-12-06,8003375,8003732,88,102,439
2023-12-06,8003379,8003370,42,52,188
2023-12-06,8003379,8003379,91,105,213
2023-12-06,8003379,8004869,49,53,242
2023-12-06,8003383,8002389,93,102,437
2023-12-06,8003383,8003383,173,203,304
2023-12-06,8003383,8003732,80,101,153
2023-12-06,8003386,8003386,65,78,534
2023-12-06,8003386,8004366,28,39,408
2023-12-06,8003386,8005074,32,39,652
2023-12-06,8003392,8003320,129,158,229
2023-12-06,8003392,8003364,93,99,223
2023-12-06,8003392,8003372,90,101,490
2023-12-06,8003392,8003375,84,104,406
2023-12-06,8003392,8003392,344,433,328
2023-12-06,8003395,8000404,49,75,306
2023-12-06,8003395,8002806,47,74,173
2023-12-06,8003395,8003395,91,149,230
2023-12-06,8003462,8000100,38,44,80
2023-12-06,8003462,8003462,82,88,103
2023-12-06,8003462,8004616,44,44,127
2023-12-06,8003553,8000084,33,40,190
2023-12-06,8003553,8001886,31,41,703
2023-12-06,8003553,8003553,65,81,464
2023-12-06,8003616,8000853,27,39,426
2023-12-06,8003616,8002490,30,36,757
2023-12-06,8003616,8003616,60,78,603
2023-12-06,8003668,8003668,88,118,351
2023-12-06,8003668,8003672,36,59,176
2023-12-06,8003668,8006713,53,59,534
2023-12-06,8003669,8000209,34,40,466
2023-12-06,8003669,8000853,36,40,787
2023-12-06,8003669,8003669,69,80,612
2023-12-06,8003671,8003252,13,25,166
2023-12-06,8003671,8003361,17,18,328
2023-12-06,8003671,8003671,67,87,314
2023-12-06,8003671,8006280,40,44,427
2023-12-06,8003672,8003540,46,59,194
2023-12-06,8003672,8003668,52,59,519
2023-12-06,8003672,8003672,88,118,351
2023-12-06,8003697,8000677,12,19,112
2023-12-06,8003697,8001113,9,17,134
2023-12-06,8003697,8002206,40,58,483
2023-12-06,8003697,8002718,12,20,126
2023-12-06,8003697,8003697,82,106,329
2023-12-06,8003732,8003375,84,101,179
2023-12-06,8003732,8003383,93,102,459
2023-12-06,8003732,8003732,177,203,308
2023-12-06,8003927,8000100,12,19,237
2023-12-06,8003927,8003158,16,18,423
2023-12-06,8003927,8003927,63,80,325
2023-12-06,8003927,8005298,21,23,202
2023-12-06,8003927,8005339,18,20,486
2023-12-06,8003931,8003931,95,114,70
2023-12-06,8003931,8003937,47,57,87
2023-12-06,8003931,8005057,44,57,52
2023-12-06,8003937,8003931,48,57,55
2023-12-06,8003937,8003937,99,114,78
2023-12-06,8003937,8006516,53,57,93
2023-12-06,8003966,8001086,33,39,578
2023-12-06,8003966,8002104,34,39,419
2023-12-06,8003966,8003966,67,78,497
2023-12-06,8003990,8000084,39,49,444
2023-12-06,8003990,8001264,42,49,283
2023-12-06,8003990,8003990,81,98,358
2023-12-06,8004366,8001086,35,39,422
2023-12-06,8004366,8003386,33,39,637
2023-12-06,8004366,8004366,67,78,523
2023-12-06,8004519,8001557,15,20,162
2023-12-06,8004519,8002725,14,20,148
2023-12-06,8004519,8004519,31,40,154
2023-12-06,8004616,8003462,43,44,110
2023-12-06,8004616,8004616,86,88,94
2023-12-06,8004616,8005058,42,44,102
2023-12-06,8004739,8002988,20,38,63
2023-12-06,8004746,8002290,28,35,227
2023-12-06,8004746,8004746,58,71,209
2023-12-06,8004746,8006659,21,36,169
2023-12-06,8004869,8000135,25,32,312
2023-12-06,8004869,8000178,15,15,470
2023-12-06,8004869,8003379,43,52,192
2023-12-06,8004869,8004869,152,170,304
2023-12-06,8004869,8004873,47,53,245
2023-12-06,8004869,8004898,15,16,542
2023-12-06,8004873,8003320,0,1,0
2023-12-06,8004873,8003330,50,58,273
2023-12-06,8004873,8004869,49,52,226
2023-12-06,8004873,8004873,194,222,276
2023-12-06,8004873,8005629,99,111,347
2023-12-06,8004898,8003330,14,16,392
2023-12-06,8004898,8003361,7,8,634
2023-12-06,8004898,8004869,14,15,376
2023-12-06,8004898,8004898,66,80,448
2023-12-06,8004898,8005746,38,40,565
2023-12-06,8004907,8000178,7,36,58
2023-12-06,8004907,8000355,23,35,177
2023-12-06,8004907,8004907,30,71,117
2023-12-06,8005057,8003931,57,57,122
2023-12-06,8005057,8005057,84,114,74
2023-12-06,8005057,8005058,34,57,47
2023-12-06,8005058,8004616,42,44,77
2023-12-06,8005058,8005057,40,57,64
2023-12-06,8005058,8005058,80,88,84
2023-12-06,8005074,8000713,32,39,654
2023-12-06,8005074,8003386,34,39,438
2023-12-06,8005074,8005074,65,78,548
2023-12-06,8005134,8002932,36,40,174
2023-12-06,8005134,8005134,72,78,162
2023-12-06,8005134,8005143,37,38,167
2023-12-06,8005143,8003358,36,38,207
2023-12-06,8005143,8005134,38,40,213
2023-12-06,8005143,8005143,74,78,210
2023-12-06,8005152,8001091,39,44,790
2023-12-06,8005152,8005152,92,113,629
2023-12-06,8005152,8005499,46,57,554
2023-12-06,8005164,8000012,25,38,418
2023-12-06,8005164,8005164,68,77,345
2023-12-06,8005164,8005356,36,39,275
2023-12-06,8005298,8000100,15,23,173
2023-12-06,8005298,8003927,18,19,521
2023-12-06,8005298,8005298,38,42,354
2023-12-06,8005339,8003158,20,20,474
2023-12-06,8005339,8003927,14,23,177
2023-12-06,8005339,8005339,33,43,326
2023-12-06,8005356,8000012,18,18,455
2023-12-06,8005356,8001384,36,39,287
2023-12-06,8005356,8002768,16,17,309
2023-12-06,8005356,8005164,32,38,461
2023-12-06,8005356,8005356,102,112,367
2023-12-06,8005499,8001215,50,57,618
2023-12-06,8005499,8005152,45,56,709
2023-12-06,8005499,8005499,92,113,646
2023-12-06,8005575,8000178,44,62,225
2023-12-06,8005575,8001264,36,49,457
2023-12-06,8005575,8005575,72,98,359
2023-12-06,8005629,8000135,97,111,351
2023-12-06,8005629,8004873,72,111,185
2023-12-06,8005629,8005629,178,222,270
2023-12-06,8005743,8005745,0,35,0
2023-12-06,8005744,8005744,24,70,100
2023-12-06,8005744,8005745,25,35,222
2023-12-06,8005744,8098348,28,35,66
2023-12-06,8005745,8005743,26,35,233
2023-12-06,8005745,8005744,0,35,0
2023-12-06,8005745,8005745,26,70,116
2023-12-06,8005746,8004898,31,40,322
2023-12-06,8005746,8005159,36,40,539
2023-12-06,8005746,8005746,74,80,448
2023-12-06,8005935,8002206,41,57,161
2023-12-06,8005935,8002806,45,59,446
2023-12-06,8005935,8005935,84,116,288
2023-12-06,8006280,8000100,15,18,425
2023-12-06,8006280,8001416,25,26,408
2023-12-06,8006280,8003671,28,42,200
2023-12-06,8006280,8006280,66,86,314
2023-12-06,8006516,8000495,39,57,73
2023-12-06,8006516,8003937,30,57,41
2023-12-06,8006516,8006516,69,114,55
2023-12-06,8006659,8000355,24,36,177
2023-12-06,8006659,8004746,30,35,220
2023-12-06,8006659,8006659,49,71,196
2023-12-06,8006713,8000209,35,40,631
2023-12-06,8006713,8000832,55,59,531
2023-12-06,8006713,8001584,35,39,542
2023-12-06,8006713,8003330,2,2,345
2023-12-06,8006713,8003668,34,59,176
2023-12-06,8006713,8006226,4,4,375
2023-12-06,8006713,8006713,168,210,471
2023-12-06,8070704,8000404,61,93,154
2023-12-06,8070704,8000406,30,37,289
2023-12-06,8070704,8070704,134,188,276
2023-12-06,8079140,8003366,62,88,155
2023-12-06,8079140,8003373,78,87,484
2023-12-06,8079140,8079140,137,175,329
2023-12-06,8098348,8005744,21,35,166
2023-12-06,8098348,8098348,50,70,122
2023-12-06,8098348,8099506,30,35,87
2023-12-06,8098349,8001917,1,19,2
2023-12-06,8099506,8000348,17,35,41
2023-12-06,8099506,8098348,20,35,153
2023-12-06,8099506,8099506,55,70,150
2023-12-07,8000012,8000012,21,40,122
2023-12-07,8000012,8001928,0,5,0
2023-12-07,8000012,8005164,19,39,223
2023-12-07,8000012,8005356,9,17,101
2023-12-07,8000012,8006501,11,15,230
2023-12-07,8000030,8002290,14,36,123
2023-12-07,8000084,8000084,63,83,313
2023-12-07,8000084,8000178,25,38,117
2023-12-07,8000084,8000348,1,1,240
2023-12-07,8000084,8003553,33,41,500
2023-12-07,8000084,8003990,25,49,176
2023-12-07,8000100,8000100,56,76,143
2023-12-07,8000100,8002402,20,25,83
2023-12-07,8000100,8003361,1,1,90
2023-12-07,8000100,8003462,13,44,22
2023-12-07,8000100,8003671,1,1,30
2023-12-07,8000100,8003927,15,19,156
2023-12-07,8000100,8005298,16,19,322
2023-12-07,8000100,8006280,11,17,65
2023-12-07,8000135,8000135,230,334,351
2023-12-07,8000135,8000178,0,2,0
2023-12-07,8000135,8002104,26,39,425
2023-12-07,8000135,8002753,107,130,426
2023-12-07,8000135,8003330,7,15,96
2023-12-07,8000135,8004869,27,33,240
2023-12-07,8000135,8004898,0,6,0
2023-12-07,8000135,8005629,72,111,323
2023-12-07,8000178,8000084,34,40,521
2023-12-07,8000178,8000178,166,235,290
2023-12-07,8000178,8000209,19,21,137
2023-12-07,8000178,8002389,55,101,187
2023-12-07,8000178,8003361,0,2,0
2023-12-07,8000178,8004869,12,15,112
2023-12-07,8000178,8004907,14,35,141
2023-12-07,8000178,8005575,46,62,364
2023-12-07,8000209,8000178,21,21,813
2023-12-07,8000209,8000209,276,366,324
2023-12-07,8000209,8003310,37,59,153
2023-12-07,8000209,8003361,16,17,376
2023-12-07,8000209,8003363,25,30,617
2023-12-07,8000209,8003364,58,102,164
2023-12-07,8000209,8003367,0,1,0
2023-12-07,8000209,8003369,24,43,173
2023-12-07,8000209,8003669,29,40,465
2023-12-07,8000209,8006713,39,40,426
2023-12-07,8000348,8000084,1,1,120
2023-12-07,8000348,8000348,83,121,231
2023-12-07,8000348,8000406,32,40,461
2023-12-07,8000348,8001712,15,39,40
2023-12-07,8000348,8001886,34,40,170
2023-12-07,8000348,8099506,24,35,117
2023-12-07,8000355,8000355,41,71,118
2023-12-07,8000355,8004907,12,36,68
2023-12-07,8000355,8006659,23,35,177
2023-12-07,8000404,8000404,160,226,231
2023-12-07,8000404,8002806,24,38,163
2023-12-07,8000404,8003395,53,74,173
2023-12-07,8000404,8070704,74,95,311
2023-12-07,8000406,8000348,35,40,130
2023-12-07,8000406,8000406,88,158,165
2023-12-07,8000406,8001712,28,39,105
2023-12-07,8000406,8070704,15,36,51
2023-12-07,8000495,8000495,89,114,121
2023-12-07,8000495,8001084,46,57,115
2023-12-07,8000495,8006516,41,57,113
2023-12-07,8000502,8000502,13,37,62
2023-12-07,8000502,8000507,2,36,3
2023-12-07,8000502,8000521,13,19,139
2023-12-07,8000507,8000502,25,36,106
2023-12-07,8000507,8000507,27,72,51
2023-12-07,8000507,8002816,2,36,8
2023-12-07,8000510,8000510,18,38,67
2023-12-07,8000510,8000527,4,19,13
2023-12-07,8000510,8001917,12,19,114
2023-12-07,8000521,8000502,0,19,0
2023-12-07,8000521,8000521,13,38,77
2023-12-07,8000521,8000527,13,19,167
2023-12-07,8000527,8000510,13,19,142
2023-12-07,8000527,8000521,4,19,6
2023-12-07,8000527,8000527,17,38,92
2023-12-07,8000677,8000677,49,65,310
2023-12-07,8000677,8001113,16,18,208
2023-12-07,8000677,8001839,23,32,256
2023-12-07,8000677,8003697,14,19,493
2023-12-07,8000713,8000713,40,78,201
2023-12-07,8000713,8005074,14,39,52
2023-12-07,8000713,8005970,23,39,342
2023-12-07,8000832,8000832,77,118,181
2023-12-07,8000832,8003310,43,59,214
2023-12-07,8000832,8006713,33,59,158
2023-12-07,8000853,8000853,85,114,579
2023-12-07,8000853,8001506,15,18,983
2023-12-07,8000853,8003616,28,39,555
2023-12-07,8000853,8003669,26,40,472
2023-12-07,8000853,8006719,15,18,680
2023-12-07,8000899,8001566,24,43,171
2023-12-07,8000899,8003367,0,1,0
2023-12-07,8001081,8001081,84,114,110
2023-12-07,8001081,8001084,38,57,114
2023-12-07,8001081,8001088,40,57,107
2023-12-07,8001082,8001082,117,156,490
2023-12-07,8001082,8001085,50,60,586
2023-12-07,8001082,8001091,54,78,376
2023-12-07,8001082,8004604,18,18,723
2023-12-07,8001084,8000495,43,57,123
2023-12-07,8001084,8001081,41,57,109
2023-12-07,8001084,8001084,83,114,116
2023-12-07,8001085,8001082,34,60,348
2023-12-07,8001085,8001085,55,78,453
2023-12-07,8001085,8004604,14,16,289
2023-12-07,8001085,8005153,18,23,707
2023-12-07,8001086,8001086,45,78,217
2023-12-07,8001086,8003966,19,39,59
2023-12-07,8001086,8004366,25,39,376
2023-12-07,8001088,8001081,45,57,124
2023-12-07,8001088,8001088,83,114,110
2023-12-07,8001091,8001082,61,78,584
2023-12-07,8001091,8001091,113,156,474
2023-12-07,8001091,8001215,15,18,395
2023-12-07,8001091,8005152,30,44,467
2023-12-07,8001113,8000677,14,17,342
2023-12-07,8001113,8001113,30,35,291
2023-12-07,8001113,8003697,18,18,300
2023-12-07,8001215,8001091,16,18,650
2023-12-07,8001215,8001215,107,149,553
2023-12-07,8001215,8003160,38,57,603
2023-12-07,8001215,8003361,15,18,493
2023-12-07,8001215,8005499,42,56,558
2023-12-07,8001264,8001264,71,98,268
2023-12-07,8001264,8003990,34,49,332
2023-12-07,8001264,8005575,38,49,210
2023-12-07,8001384,8001384,58,77,345
2023-12-07,8001384,8002768,29,39,259
2023-12-07,8001384,8005356,29,38,441
2023-12-07,8001416,8001416,41,50,199
2023-12-07,8001416,8002402,22,26,312
2023-12-07,8001416,8006280,18,24,80
2023-12-07,8001557,8001557,29,40,192
2023-12-07,8001557,8002720,16,20,207
2023-12-07,8001557,8004519,12,20,172
2023-12-07,8001566,8000899,31,43,209
2023-12-07,8001566,8001566,58,86,189
2023-12-07,8001566,8003367,27,43,183
2023-12-07,8001712,8000348,31,39,162
2023-12-07,8001712,8000406,16,39,50
2023-12-07,8001712,8001712,47,78,92
2023-12-07,8001736,8001736,78,112,287
2023-12-07,8001736,8002753,12,20,117
2023-12-07,8001736,8002768,41,56,371
2023-12-07,8001736,8003987,25,36,262
2023-12-07,8001839,8000318,11,16,234
2023-12-07,8001839,8000677,28,33,363
2023-12-07,8001839,8001839,54,67,310
2023-12-07,8001839,8002206,1,1,240
2023-12-07,8001839,8002784,12,16,330
2023-12-07,8001839,8006391,1,1,300
2023-12-07,8001886,8000348,31,41,468
2023-12-07,8001886,8001886,64,81,316
2023-12-07,8001886,8003553,33,40,160
2023-12-07,8001917,8000510,14,19,35
2023-12-07,8001917,8001917,27,38,77
2023-12-07,8001917,8098349,13,19,125
2023-12-07,8002104,8000135,15,39,59
2023-12-07,8002104,8002104,41,78,237
2023-12-07,8002104,8003966,27,39,423
2023-12-07,8002206,8001839,1,1,390
2023-12-07,8002206,8002206,90,116,309
2023-12-07,8002206,8002806,1,1,180
2023-12-07,8002206,8003697,45,56,309
2023-12-07,8002206,8005935,47,59,301
2023-12-07,8002290,8000030,18,35,163
2023-12-07,8002290,8002290,47,71,158
2023-12-07,8002290,8004746,23,36,151
2023-12-07,8002389,8000178,80,102,378
2023-12-07,8002389,8002389,137,203,282
2023-12-07,8002389,8003383,54,101,209
2023-12-07,8002402,8000100,19,26,276
2023-12-07,8002402,8001416,19,24,75
2023-12-07,8002402,8002402,38,51,192
2023-12-07,8002402,8006280,1,1,60
2023-12-07,8002718,8002718,27,40,194
2023-12-07,8002718,8002719,13,20,180
2023-12-07,8002718,8003697,14,20,219
2023-12-07,8002719,8002718,14,20,206
2023-12-07,8002719,8002719,28,40,193
2023-12-07,8002719,8002720,14,20,194
2023-12-07,8002720,8001557,13,20,176
2023-12-07,8002720,8002719,16,20,214
2023-12-07,8002720,8002720,29,40,191
2023-12-07,8002721,8002725,8,20,70
2023-12-07,8002725,8002721,17,20,236
2023-12-07,8002725,8002725,27,40,181
2023-12-07,8002725,8004519,14,20,168
2023-12-07,8002753,8000135,77,130,277
2023-12-07,8002753,8001736,12,20,154
2023-12-07,8002753,8002753,112,145,313
2023-12-07,8002753,8002775,46,54,511
2023-12-07,8002768,8001384,30,38,448
2023-12-07,8002768,8001736,43,56,221
2023-12-07,8002768,8002768,83,112,297
2023-12-07,8002768,8005356,11,18,185
2023-12-07,8002775,8001006,29,39,367
2023-12-07,8002775,8002753,38,53,234
2023-12-07,8002775,8002775,75,107,365
2023-12-07,8002775,8003987,15,15,864
2023-12-07,8002804,8002804,23,72,38
2023-12-07,8002804,8002806,9,36,22
2023-12-07,8002804,8002816,25,36,76
2023-12-07,8002806,8000404,31,39,366
2023-12-07,8002806,8002206,1,1,390
2023-12-07,8002806,8002804,21,36,60
2023-12-07,8002806,8002806,163,228,237
2023-12-07,8002806,8003395,53,75,247
2023-12-07,8002806,8005935,41,57,311
2023-12-07,8002806,8400043,16,19,306
2023-12-07,8002806,8400307,1,13,42
2023-12-07,8002816,8000507,21,36,82
2023-12-07,8002816,8002804,2,36,10
2023-12-07,8002816,8002816,29,72,45
2023-12-07,8002932,8002932,60,78,235
2023-12-07,8002932,8002988,28,37,303
2023-12-07,8002932,8004739,3,3,320
2023-12-07,8002932,8005134,29,38,178
2023-12-07,8002988,8002932,27,38,180
2023-12-07,8002988,8002988,52,75,236
2023-12-07,8002988,8004739,23,37,263
2023-12-07,8003158,8003927,8,19,21
2023-12-07,8003158,8005339,12,23,74
2023-12-07,8003160,8001215,42,56,562
2023-12-07,8003160,8003160,115,163,463
2023-12-07,8003160,8003252,19,26,270
2023-12-07,8003160,8003361,54,81,504
2023-12-07,8003252,8003160,14,24,64
2023-12-07,8003252,8003252,32,52,160
2023-12-07,8003252,8003361,1,1,120
2023-12-07,8003252,8003671,20,27,268
2023-12-07,8003310,8000209,49,59,225
2023-12-07,8003310,8000832,33,59,162
2023-12-07,8003310,8003310,80,118,182
2023-12-07,8003320,8003320,219,313,314
2023-12-07,8003320,8003358,87,105,407
2023-12-07,8003320,8003370,43,53,220
2023-12-07,8003320,8003392,115,155,339
2023-12-07,8003330,8000010,0,1,0
2023-12-07,8003330,8000135,14,16,330
2023-12-07,8003330,8000667,2,2,1410
2023-12-07,8003330,8001506,13,15,64
2023-12-07,8003330,8003330,113,153,408
2023-12-07,8003330,8003358,44,64,375
2023-12-07,8003330,8004873,49,58,535
2023-12-07,8003330,8004898,13,15,206
2023-12-07,8003330,8006713,1,3,120
2023-12-07,8003358,8003320,72,102,339
2023-12-07,8003358,8003330,54,65,480
2023-12-07,8003358,8003358,163,207,389
2023-12-07,8003358,8005143,30,40,326
2023-12-07,8003360,8003360,140,175,258
2023-12-07,8003360,8003371,71,87,354
2023-12-07,8003360,8003372,71,88,186
2023-12-07,8003361,8000100,1,1,60
2023-12-07,8003361,8000135,1,10,6
2023-12-07,8003361,8000209,16,16,617
2023-12-07,8003361,8001215,16,18,512
2023-12-07,8003361,8003160,64,82,461
2023-12-07,8003361,8003252,0,1,0
2023-12-07,8003361,8003352,1,1,210
2023-12-07,8003361,8003361,188,251,429
2023-12-07,8003361,8003363,68,99,490
2023-12-07,8003361,8003671,13,17,196
2023-12-07,8003362,8003362,135,175,248
2023-12-07,8003362,8003365,70,87,358
2023-12-07,8003362,8003371,62,88,155
2023-12-07,8003363,8000209,22,31,530
2023-12-07,8003363,8003361,76,98,406
2023-12-07,8003363,8003363,141,197,445
2023-12-07,8003364,8000209,70,102,200
2023-12-07,8003364,8003364,137,204,180
2023-12-07,8003364,8003392,71,100,221
2023-12-07,8003365,8003362,65,88,159
2023-12-07,8003365,8003365,142,175,264
2023-12-07,8003365,8003366,72,87,366
2023-12-07,8003366,8003365,72,88,175
2023-12-07,8003366,8003366,143,175,263
2023-12-07,8003366,8079140,72,87,357
2023-12-07,8003367,8000899,0,1,0
2023-12-07,8003367,8001566,21,43,167
2023-12-07,8003367,8003367,47,88,177
2023-12-07,8003367,8003369,23,44,191
2023-12-07,8003369,8000209,28,44,203
2023-12-07,8003369,8003367,21,43,182
2023-12-07,8003369,8003369,52,87,191
2023-12-07,8003371,8003360,73,88,173
2023-12-07,8003371,8003362,68,87,329
2023-12-07,8003371,8003371,144,175,260
2023-12-07,8003372,8003360,71,87,343
2023-12-07,8003372,8003372,136,175,255
2023-12-07,8003372,8003392,68,100,160
2023-12-07,8003373,8001507,25,40,196
2023-12-07,8003373,8003373,47,80,182
2023-12-07,8003373,8079140,55,88,135
2023-12-07,8003375,8003375,150,203,318
2023-12-07,8003375,8003392,67,103,304
2023-12-07,8003375,8003732,78,102,372
2023-12-07,8003379,8003370,46,52,322
2023-12-07,8003379,8003379,95,105,286
2023-12-07,8003379,8004869,48,53,256
2023-12-07,8003383,8002389,83,102,371
2023-12-07,8003383,8003383,157,203,303
2023-12-07,8003383,8003732,74,101,221
2023-12-07,8003386,8003386,38,78,208
2023-12-07,8003386,8004366,13,39,43
2023-12-07,8003386,8005074,24,39,358
2023-12-07,8003392,8003320,119,158,308
2023-12-07,8003392,8003364,76,99,192
2023-12-07,8003392,8003372,72,101,285
2023-12-07,8003392,8003375,76,104,367
2023-12-07,8003392,8003392,293,433,279
2023-12-07,8003395,8000404,55,75,242
2023-12-07,8003395,8002806,53,74,219
2023-12-07,8003395,8003395,110,149,218
2023-12-07,8003462,8000100,32,44,80
2023-12-07,8003462,8003462,71,88,86
2023-12-07,8003462,8004616,38,44,93
2023-12-07,8003553,8000084,31,40,135
2023-12-07,8003553,8001886,29,41,472
2023-12-07,8003553,8003553,64,81,320
2023-12-07,8003616,8000853,23,39,529
2023-12-07,8003616,8002490,23,36,519
2023-12-07,8003616,8003616,49,78,527
2023-12-07,8003668,8003668,81,118,184
2023-12-07,8003668,8003672,34,59,155
2023-12-07,8003668,8006713,44,59,217
2023-12-07,8003669,8000209,30,40,488
2023-12-07,8003669,8000853,29,40,520
2023-12-07,8003669,8003669,55,80,494
2023-12-07,8003671,8003252,11,25,48
2023-12-07,8003671,8003361,15,18,127
2023-12-07,8003671,8003671,52,87,143
2023-12-07,8003671,8006280,28,44,222
2023-12-07,8003672,8003540,38,59,163
2023-12-07,8003672,8003668,43,59,206
2023-12-07,8003672,8003672,77,118,183
2023-12-07,8003697,8000677,9,19,171
2023-12-07,8003697,8001113,12,17,307
2023-12-07,8003697,8002206,44,58,302
2023-12-07,8003697,8002718,12,20,162
2023-12-07,8003697,8003697,83,106,299
2023-12-07,8003732,8003375,80,101,269
2023-12-07,8003732,8003383,83,102,389
2023-12-07,8003732,8003732,163,203,312
2023-12-07,8003927,8000100,11,19,52
2023-12-07,8003927,8003158,13,18,155
2023-12-07,8003927,8003927,54,80,154
2023-12-07,8003927,8005298,14,23,103
2023-12-07,8003927,8005339,16,20,288
2023-12-07,8003931,8003931,91,114,113
2023-12-07,8003931,8003937,45,57,133
2023-12-07,8003931,8005057,41,57,85
2023-12-07,8003937,8003931,44,57,84
2023-12-07,8003937,8003937,88,114,113
2023-12-07,8003937,8006516,48,57,141
2023-12-07,8003966,8001086,25,39,392
2023-12-07,8003966,8002104,20,39,63
2023-12-07,8003966,8003966,46,78,240
2023-12-07,8003990,8000084,35,49,352
2023-12-07,8003990,8001264,39,49,207
2023-12-07,8003990,8003990,74,98,271
2023-12-07,8004366,8001086,23,39,58
2023-12-07,8004366,8003386,25,39,375
2023-12-07,8004366,8004366,49,78,217
2023-12-07,8004519,8001557,14,20,195
2023-12-07,8004519,8002725,17,20,213
2023-12-07,8004519,8004519,28,40,196
2023-12-07,8004616,8003462,36,44,100
2023-12-07,8004616,8004616,69,88,80
2023-12-07,8004616,8005058,36,44,94
2023-12-07,8004739,8002988,21,38,163
2023-12-07,8004746,8002290,25,35,186
2023-12-07,8004746,8004746,49,71,166
2023-12-07,8004746,8006659,16,36,127
2023-12-07,8004869,8000135,24,32,361
2023-12-07,8004869,8000178,12,15,272
2023-12-07,8004869,8003379,47,52,322
2023-12-07,8004869,8004869,142,170,293
2023-12-07,8004869,8004873,49,53,264
2023-12-07,8004869,8004898,14,16,148
2023-12-07,8004873,8003320,1,1,30
2023-12-07,8004873,8003330,40,58,388
2023-12-07,8004873,8004869,49,52,358
2023-12-07,8004873,8004873,185,222,387
2023-12-07,8004873,8005629,93,111,468
2023-12-07,8004898,8003330,13,16,163
2023-12-07,8004898,8003361,1,8,4
2023-12-07,8004898,8004869,13,15,462
2023-12-07,8004898,8004898,50,80,171
2023-12-07,8004898,8005746,26,40,179
2023-12-07,8004907,8000178,14,36,61
2023-12-07,8004907,8000355,19,35,152
2023-12-07,8004907,8004907,32,71,108
2023-12-07,8005057,8003931,51,57,168
2023-12-07,8005057,8005057,85,114,115
2023-12-07,8005057,8005058,40,57,95
2023-12-07,8005058,8004616,33,44,71
2023-12-07,8005058,8005057,40,57,107
2023-12-07,8005058,8005058,72,88,99
2023-12-07,8005074,8000713,24,39,350
2023-12-07,8005074,8003386,18,39,55
2023-12-07,8005074,8005074,42,78,204
2023-12-07,8005134,8002932,28,40,277
2023-12-07,8005134,8005134,61,78,268
2023-12-07,8005134,8005143,32,38,304
2023-12-07,8005143,8003358,33,38,338
2023-12-07,8005143,8005134,29,40,322
2023-12-07,8005143,8005143,61,78,323
2023-12-07,8005152,8001091,36,44,582
2023-12-07,8005152,8005152,78,113,496
2023-12-07,8005152,8005499,36,57,484
2023-12-07,8005164,8000012,21,38,388
2023-12-07,8005164,8005164,60,77,329
2023-12-07,8005164,8005356,31,39,256
2023-12-07,8005298,8000100,16,23,103
2023-12-07,8005298,8003927,15,19,302
2023-12-07,8005298,8005298,31,42,208
2023-12-07,8005339,8003158,15,20,266
2023-12-07,8005339,8003927,13,23,83
2023-12-07,8005339,8005339,27,43,182
2023-12-07,8005356,8000012,11,18,183
2023-12-07,8005356,8001384,31,39,251
2023-12-07,8005356,8002768,10,17,108
2023-12-07,8005356,8005164,29,38,440
2023-12-07,8005356,8005356,81,112,284
2023-12-07,8005499,8001215,35,57,548
2023-12-07,8005499,8005152,43,56,541
2023-12-07,8005499,8005499,79,113,537
2023-12-07,8005575,8000178,42,62,236
2023-12-07,8005575,8001264,38,49,348
2023-12-07,8005575,8005575,76,98,279
2023-12-07,8005629,8000135,99,111,497
2023-12-07,8005629,8004873,68,111,321
2023-12-07,8005629,8005629,171,222,407
2023-12-07,8005743,8005745,0,35,0
2023-12-07,8005744,8005744,14,70,30
2023-12-07,8005744,8005745,14,35,81
2023-12-07,8005744,8098348,19,35,50
2023-12-07,8005745,8005743,13,35,96
2023-12-07,8005745,8005744,0,35,0
2023-12-07,8005745,8005745,13,70,48
2023-12-07,8005746,8004898,24,40,172
2023-12-07,8005746,8005159,26,40,170
2023-12-07,8005746,8005746,54,80,184
2023-12-07,8005935,8002206,45,57,309
2023-12-07,8005935,8002806,50,59,344
2023-12-07,8005935,8005935,93,116,310
2023-12-07,8006280,8000100,10,18,142
2023-12-07,8006280,8001416,19,26,284
2023-12-07,8006280,8003671,32,42,79
2023-12-07,8006280,8006280,59,86,154
2023-12-07,8006516,8000495,44,57,119
2023-12-07,8006516,8003937,35,57,73
2023-12-07,8006516,8006516,80,114,102
2023-12-07,8006659,8000355,21,36,117
2023-12-07,8006659,8004746,26,35,183
2023-12-07,8006659,8006659,44,71,154
2023-12-07,8006713,8000209,37,40,644
2023-12-07,8006713,8000832,45,59,211
2023-12-07,8006713,8001584,36,39,492
2023-12-07,8006713,8003330,2,2,225
2023-12-07,8006713,8003668,37,59,157
2023-12-07,8006713,8006226,3,4,112
2023-12-07,8006713,8006713,158,210,335
2023-12-07,8070704,8000404,68,93,168
2023-12-07,8070704,8000406,30,37,130
2023-12-07,8070704,8070704,149,188,245
2023-12-07,8079140,8003366,68,88,161
2023-12-07,8079140,8003373,71,87,323
2023-12-07,8079140,8079140,136,175,251
2023-12-07,8098348,8005744,11,35,38
2023-12-07,8098348,8098348,38,70,49
2023-12-07,8098348,8099506,28,35,81
2023-12-07,8098349,8001917,5,19,14
2023-12-07,8099506,8000348,9,35,6
2023-12-07,8099506,8098348,12,35,21
2023-12-07,8099506,8099506,49,70,61
2023-12-08,8000012,8000012,0,41,0
2023-12-08,8000012,8001928,0,6,0
2023-12-08,8000012,8005164,2,38,2
2023-12-08,8000012,8005356,0,18,0
2023-12-08,8000012,8006501,0,15,0
2023-12-08,8000030,8002290,0,36,0
2023-12-08,8000084,8000084,29,88,141
2023-12-08,8000084,8000178,14,39,55
2023-12-08,8000084,8000348,0,1,0
2023-12-08,8000084,8003553,13,43,237
2023-12-08,8000084,8003990,10,49,16
2023-12-08,8000100,8000100,27,80,77
2023-12-08,8000100,8002402,13,26,90
2023-12-08,8000100,8003361,0,1,0
2023-12-08,8000100,8003462,3,45,12
2023-12-08,8000100,8003671,0,1,0
2023-12-08,8000100,8003927,2,20,8
2023-12-08,8000100,8005298,14,21,249
2023-12-08,8000100,8006280,0,17,0
2023-12-08,8000135,8000135,39,324,24
2023-12-08,8000135,8000178,0,2,0
2023-12-08,8000135,8002104,8,30,102
2023-12-08,8000135,8002753,17,133,27
2023-12-08,8000135,8003330,6,15,44
2023-12-08,8000135,8004869,0,33,0
2023-12-08,8000135,8004898,0,8,0
2023-12-08,8000135,8005629,10,113,12
2023-12-08,8000178,8000084,17,42,238
2023-12-08,8000178,8000178,57,238,66
2023-12-08,8000178,8000209,17,22,83
2023-12-08,8000178,8002389,12,101,14
2023-12-08,8000178,8003361,0,2,0
2023-12-08,8000178,8004869,0,15,0
2023-12-08,8000178,8004907,0,36,0
2023-12-08,8000178,8005575,14,62,34
2023-12-08,8000209,8000178,20,23,467
2023-12-08,8000209,8000209,160,370,158
2023-12-08,8000209,8003310,11,59,66
2023-12-08,8000209,8003361,13,17,249
2023-12-08,8000209,8003363,25,30,308
2023-12-08,8000209,8003364,12,102,130
2023-12-08,8000209,8003367,0,1,0
2023-12-08,8000209,8003369,0,44,0
2023-12-08,8000209,8003669,32,40,209
2023-12-08,8000209,8006713,34,42,185
2023-12-08,8000348,8000084,1,1,360
2023-12-08,8000348,8000348,44,126,110
2023-12-08,8000348,8000406,13,42,216
2023-12-08,8000348,8001712,8,40,16
2023-12-08,8000348,8001886,20,41,81
2023-12-08,8000348,8099506,0,36,0
2023-12-08,8000355,8000355,0,72,0
2023-12-08,8000355,8004907,0,36,0
2023-12-08,8000355,8006659,0,36,0
2023-12-08,8000404,8000404,62,228,91
2023-12-08,8000404,8002806,11,38,173
2023-12-08,8000404,8003395,16,76,12
2023-12-08,8000404,8070704,33,95,132
2023-12-08,8000406,8000348,21,41,71
2023-12-08,8000406,8000406,40,163,78
2023-12-08,8000406,8001712,18,40,56
2023-12-08,8000406,8070704,6,37,11
2023-12-08,8000495,8000495,20,115,16
2023-12-08,8000495,8001084,12,58,25
2023-12-08,8000495,8006516,7,57,6
2023-12-08,8000502,8000502,15,37,15
2023-12-08,8000502,8000507,0,36,0
2023-12-08,8000502,8000521,0,20,0
2023-12-08,8000507,8000502,15,37,28
2023-12-08,8000507,8000507,13,73,12
2023-12-08,8000507,8002816,0,36,0
2023-12-08,8000510,8000510,0,39,0
2023-12-08,8000510,8000527,0,19,0
2023-12-08,8000510,8001917,0,20,0
2023-12-08,8000521,8000502,0,19,0
2023-12-08,8000521,8000521,0,39,0
2023-12-08,8000521,8000527,0,20,0
2023-12-08,8000527,8000510,0,20,0
2023-12-08,8000527,8000521,0,19,0
2023-12-08,8000527,8000527,0,39,0
2023-12-08,8000677,8000677,30,65,281
2023-12-08,8000677,8001113,6,18,70
2023-12-08,8000677,8001839,14,32,252
2023-12-08,8000677,8003697,15,19,537
2023-12-08,8000713,8000713,13,77,37
2023-12-08,8000713,8005074,5,39,12
2023-12-08,8000713,8005970,8,38,65
2023-12-08,8000832,8000832,32,118,82
2023-12-08,8000832,8003310,19,59,98
2023-12-08,8000832,8006713,13,59,73
2023-12-08,8000853,8000853,95,116,465
2023-12-08,8000853,8001506,17,19,1222
2023-12-08,8000853,8003616,31,39,196
2023-12-08,8000853,8003669,30,40,188
2023-12-08,8000853,8006719,17,19,849
2023-12-08,8000899,8001566,0,43,0
2023-12-08,8000899,8003367,0,1,0
2023-12-08,8001081,8001081,20,115,17
2023-12-08,8001081,8001084,8,57,5
2023-12-08,8001081,8001088,11,58,28
2023-12-08,8001082,8001082,60,156,191
2023-12-08,8001082,8001085,19,60,202
2023-12-08,8001082,8001091,24,78,74
2023-12-08,8001082,8004604,17,18,650
2023-12-08,8001084,8000495,13,57,11
2023-12-08,8001084,8001081,8,58,25
2023-12-08,8001084,8001084,21,115,17
2023-12-08,8001085,8001082,14,60,41
2023-12-08,8001085,8001085,2,78,8
2023-12-08,8001085,8004604,0,16,0
2023-12-08,8001085,8005153,1,23,23
2023-12-08,8001086,8001086,14,62,49
2023-12-08,8001086,8003966,6,32,14
2023-12-08,8001086,8004366,8,30,85
2023-12-08,8001088,8001081,12,57,8
2023-12-08,8001088,8001088,20,115,17
2023-12-08,8001091,8001082,34,78,305
2023-12-08,8001091,8001091,54,156,188
2023-12-08,8001091,8001215,7,18,172
2023-12-08,8001091,8005152,15,44,59
2023-12-08,8001113,8000677,5,17,67
2023-12-08,8001113,8001113,12,35,57
2023-12-08,8001113,8003697,8,18,65
2023-12-08,8001215,8001091,17,18,645
2023-12-08,8001215,8001215,73,149,237
2023-12-08,8001215,8003160,20,57,69
2023-12-08,8001215,8003361,12,18,195
2023-12-08,8001215,8005499,27,56,278
2023-12-08,8001264,8001264,29,99,26
2023-12-08,8001264,8003990,12,50,26
2023-12-08,8001264,8005575,15,49,29
2023-12-08,8001384,8001384,27,76,55
2023-12-08,8001384,8002768,12,38,33
2023-12-08,8001384,8005356,15,38,83
2023-12-08,8001416,8001416,30,51,124
2023-12-08,8001416,8002402,15,26,157
2023-12-08,8001416,8006280,15,25,110
2023-12-08,8001557,8001557,1,40,1
2023-12-08,8001557,8002720,1,20,2
2023-12-08,8001557,8004519,0,20,0
2023-12-08,8001566,8000899,0,44,0
2023-12-08,8001566,8001566,0,87,0
2023-12-08,8001566,8003367,0,43,0
2023-12-08,8001712,8000348,20,40,83
2023-12-08,8001712,8000406,8,40,17
2023-12-08,8001712,8001712,28,80,44
2023-12-08,8001736,8001736,25,113,37
2023-12-08,8001736,8002753,0,20,0
2023-12-08,8001736,8002768,15,57,56
2023-12-08,8001736,8003987,9,36,22
2023-12-08,8001839,8000318,11,16,484
2023-12-08,8001839,8000677,17,33,329
2023-12-08,8001839,8001839,32,67,282
2023-12-08,8001839,8002206,0,1,0
2023-12-08,8001839,8002784,4,16,62
2023-12-08,8001839,8006391,1,1,210
2023-12-08,8001886,8000348,14,43,216
2023-12-08,8001886,8001886,32,84,144
2023-12-08,8001886,8003553,19,41,70
2023-12-08,8001917,8000510,0,19,0
2023-12-08,8001917,8001917,0,39,0
2023-12-08,8001917,8098349,0,20,0
2023-12-08,8002104,8000135,4,32,9
2023-12-08,8002104,8002104,12,62,54
2023-12-08,8002104,8003966,8,30,103
2023-12-08,8002206,8001839,0,1,0
2023-12-08,8002206,8002206,37,117,145
2023-12-08,8002206,8002806,0,1,0
2023-12-08,8002206,8003697,20,57,112
2023-12-08,8002206,8005935,18,59,182
2023-12-08,8002290,8000030,0,36,0
2023-12-08,8002290,8002290,0,72,0
2023-12-08,8002290,8004746,0,36,0
2023-12-08,8002389,8000178,14,102,17
2023-12-08,8002389,8002389,26,203,14
2023-12-08,8002389,8003383,11,101,12
2023-12-08,8002402,8000100,13,26,125
2023-12-08,8002402,8001416,14,25,84
2023-12-08,8002402,8002402,29,52,118
2023-12-08,8002402,8006280,0,1,0
2023-12-08,8002718,8002718,0,40,0
2023-12-08,8002718,8002719,0,20,0
2023-12-08,8002718,8003697,0,20,0
2023-12-08,8002719,8002718,0,20,0
2023-12-08,8002719,8002719,0,40,0
2023-12-08,8002719,8002720,0,20,0
2023-12-08,8002720,8001557,0,20,0
2023-12-08,8002720,8002719,1,20,2
2023-12-08,8002720,8002720,1,40,1
2023-12-08,8002721,8002725,0,20,0
2023-12-08,8002725,8002721,1,20,3
2023-12-08,8002725,8002725,1,40,1
2023-12-08,8002725,8004519,0,20,0
2023-12-08,8002753,8000135,11,132,6
2023-12-08,8002753,8001736,0,21,0
2023-12-08,8002753,8002753,23,146,26
2023-12-08,8002753,8002775,16,54,67
2023-12-08,8002768,8001384,15,38,80
2023-12-08,8002768,8001736,13,56,25
2023-12-08,8002768,8002768,28,113,41
2023-12-08,8002768,8005356,0,19,0
2023-12-08,8002775,8001006,1,39,12
2023-12-08,8002775,8002753,1,53,2
2023-12-08,8002775,8002775,17,107,32
2023-12-08,8002775,8003987,14,15,188
2023-12-08,8002804,8002804,11,73,6
2023-12-08,8002804,8002806,10,36,20
2023-12-08,8002804,8002816,8,37,10
2023-12-08,8002806,8000404,16,39,285
2023-12-08,8002806,8002206,0,1,0
2023-12-08,8002806,8002804,10,37,15
2023-12-08,8002806,8002806,63,230,85
2023-12-08,8002806,8003395,24,75,32
2023-12-08,8002806,8005935,18,58,102
2023-12-08,8002806,8400043,0,19,0
2023-12-08,8002806,8400307,0,11,0
2023-12-08,8002816,8000507,11,37,18
2023-12-08,8002816,8002804,0,36,0
2023-12-08,8002816,8002816,11,73,7
2023-12-08,8002932,8002932,1,79,0
2023-12-08,8002932,8002988,1,37,1
2023-12-08,8002932,8004739,0,3,0
2023-12-08,8002932,8005134,0,39,0
2023-12-08,8002988,8002932,0,39,-1
2023-12-08,8002988,8002988,0,76,0
2023-12-08,8002988,8004739,0,37,0
2023-12-08,8003158,8003927,1,20,39
2023-12-08,8003158,8005339,12,23,86
2023-12-08,8003160,8001215,30,56,265
2023-12-08,8003160,8003160,67,164,126
2023-12-08,8003160,8003252,13,26,127
2023-12-08,8003160,8003361,32,82,82
2023-12-08,8003252,8003160,15,25,108
2023-12-08,8003252,8003252,26,53,109
2023-12-08,8003252,8003361,0,1,0
2023-12-08,8003252,8003671,12,27,120
2023-12-08,8003310,8000209,21,59,263
2023-12-08,8003310,8000832,12,59,72
2023-12-08,8003310,8003310,33,118,122
2023-12-08,8003320,8003320,25,314,10
2023-12-08,8003320,8003358,18,105,20
2023-12-08,8003320,8003370,0,53,0
2023-12-08,8003320,8003392,16,156,11
2023-12-08,8003330,8000010,0,1,0
2023-12-08,8003330,8000135,7,16,109
2023-12-08,8003330,8000667,0,2,0
2023-12-08,8003330,8001506,11,15,40
2023-12-08,8003330,8003330,47,157,50
2023-12-08,8003330,8003358,15,64,35
2023-12-08,8003330,8004873,16,60,50
2023-12-08,8003330,8004898,8,15,74
2023-12-08,8003330,8006713,1,5,-30
2023-12-08,8003358,8003320,13,103,17
2023-12-08,8003358,8003330,17,65,47
2023-12-08,8003358,8003358,34,208,24
2023-12-08,8003358,8005143,1,40,2
2023-12-08,8003360,8003360,0,175,0
2023-12-08,8003360,8003371,0,86,0
2023-12-08,8003360,8003372,0,89,0
2023-12-08,8003361,8000100,0,1,0
2023-12-08,8003361,8000135,0,11,0
2023-12-08,8003361,8000209,15,17,293
2023-12-08,8003361,8001215,17,18,440
2023-12-08,8003361,8003160,39,82,191
2023-12-08,8003361,8003252,0,1,0
2023-12-08,8003361,8003352,0,1,0
2023-12-08,8003361,8003361,102,253,122
2023-12-08,8003361,8003363,32,99,73
2023-12-08,8003361,8003671,0,17,0
2023-12-08,8003362,8003362,0,175,0
2023-12-08,8003362,8003365,0,86,0
2023-12-08,8003362,8003371,0,89,0
2023-12-08,8003363,8000209,24,31,150
2023-12-08,8003363,8003361,35,98,140
2023-12-08,8003363,8003363,68,197,104
2023-12-08,8003364,8000209,14,103,21
2023-12-08,8003364,8003364,29,205,75
2023-12-08,8003364,8003392,18,100,136
2023-12-08,8003365,8003362,0,89,0
2023-12-08,8003365,8003365,0,175,0
2023-12-08,8003365,8003366,0,86,0
2023-12-08,8003366,8003365,0,89,0
2023-12-08,8003366,8003366,0,175,0
2023-12-08,8003366,8079140,0,86,0
2023-12-08,8003367,8000899,0,1,0
2023-12-08,8003367,8001566,0,44,0
2023-12-08,8003367,8003367,0,89,0
2023-12-08,8003367,8003369,0,44,0
2023-12-08,8003369,8000209,0,44,0
2023-12-08,8003369,8003367,0,44,0
2023-12-08,8003369,8003369,0,88,0
2023-12-08,8003371,8003360,0,89,0
2023-12-08,8003371,8003362,0,86,0
2023-12-08,8003371,8003371,0,175,0
2023-12-08,8003372,8003360,0,86,0
2023-12-08,8003372,8003372,0,175,0
2023-12-08,8003372,8003392,0,101,0
2023-12-08,8003373,8001507,0,41,0
2023-12-08,8003373,8003373,0,82,0
2023-12-08,8003373,8079140,0,89,0
2023-12-08,8003375,8003375,29,203,16
2023-12-08,8003375,8003392,14,103,16
2023-12-08,8003375,8003732,13,102,14
2023-12-08,8003379,8003370,0,52,0
2023-12-08,8003379,8003379,0,105,0
2023-12-08,8003379,8004869,0,53,0
2023-12-08,8003383,8002389,14,102,14
2023-12-08,8003383,8003383,29,203,15
2023-12-08,8003383,8003732,15,101,15
2023-12-08,8003386,8003386,13,62,45
2023-12-08,8003386,8004366,5,32,15
2023-12-08,8003386,8005074,7,38,59
2023-12-08,8003392,8003320,12,158,10
2023-12-08,8003392,8003364,18,100,21
2023-12-08,8003392,8003372,2,101,19
2023-12-08,8003392,8003375,13,104,12
2023-12-08,8003392,8003392,52,434,27
2023-12-08,8003395,8000404,19,75,32
2023-12-08,8003395,8002806,9,76,6
2023-12-08,8003395,8003395,37,151,22
2023-12-08,8003462,8000100,14,44,35
2023-12-08,8003462,8003462,29,89,38
2023-12-08,8003462,8004616,15,45,41
2023-12-08,8003553,8000084,17,41,54
2023-12-08,8003553,8001886,11,43,218
2023-12-08,8003553,8003553,30,84,149
2023-12-08,8003616,8000853,21,39,160
2023-12-08,8003616,8002490,25,36,159
2023-12-08,8003616,8003616,51,78,180
2023-12-08,8003668,8003668,35,118,81
2023-12-08,8003668,8003672,12,59,77
2023-12-08,8003668,8006713,21,59,94
2023-12-08,8003669,8000209,29,40,249
2023-12-08,8003669,8000853,32,40,222
2023-12-08,8003669,8003669,62,80,218
2023-12-08,8003671,8003252,13,26,100
2023-12-08,8003671,8003361,0,18,0
2023-12-08,8003671,8003671,27,88,68
2023-12-08,8003671,8006280,13,44,77
2023-12-08,8003672,8003540,17,59,81
2023-12-08,8003672,8003668,21,59,75
2023-12-08,8003672,8003672,33,118,76
2023-12-08,8003697,8000677,13,19,309
2023-12-08,8003697,8001113,2,17,9
2023-12-08,8003697,8002206,17,58,183
2023-12-08,8003697,8002718,0,20,0
2023-12-08,8003697,8003697,36,105,164
2023-12-08,8003732,8003375,18,101,22
2023-12-08,8003732,8003383,14,102,17
2023-12-08,8003732,8003732,32,203,16
2023-12-08,8003927,8000100,1,20,42
2023-12-08,8003927,8003158,2,19,13
2023-12-08,8003927,8003927,30,84,103
2023-12-08,8003927,8005298,16,23,120
2023-12-08,8003927,8005339,13,22,230
2023-12-08,8003931,8003931,24,115,21
2023-12-08,8003931,8003937,13,58,26
2023-12-08,8003931,8005057,10,57,15
2023-12-08,8003937,8003931,11,57,12
2023-12-08,8003937,8003937,24,115,19
2023-12-08,8003937,8006516,14,58,27
2023-12-08,8003966,8001086,8,30,91
2023-12-08,8003966,8002104,4,32,8
2023-12-08,8003966,8003966,11,62,52
2023-12-08,8003990,8000084,14,50,38
2023-12-08,8003990,8001264,16,49,31
2023-12-08,8003990,8003990,30,99,30
2023-12-08,8004366,8001086,8,32,20
2023-12-08,8004366,8003386,8,30,80
2023-12-08,8004366,8004366,16,62,52
2023-12-08,8004519,8001557,0,20,0
2023-12-08,8004519,8002725,0,20,0
2023-12-08,8004519,8004519,0,40,0
2023-12-08,8004616,8003462,15,44,46
2023-12-08,8004616,8004616,26,89,32
2023-12-08,8004616,8005058,11,45,25
2023-12-08,8004739,8002988,0,39,0
2023-12-08,8004746,8002290,0,36,0
2023-12-08,8004746,8004746,0,72,0
2023-12-08,8004746,8006659,0,36,0
2023-12-08,8004869,8000135,0,32,0
2023-12-08,8004869,8000178,0,15,0
2023-12-08,8004869,8003379,0,52,0
2023-12-08,8004869,8004869,0,170,0
2023-12-08,8004869,8004873,0,53,0
2023-12-08,8004869,8004898,0,16,0
2023-12-08,8004873,8003320,0,1,0
2023-12-08,8004873,8003330,16,60,37
2023-12-08,8004873,8004869,0,52,0
2023-12-08,8004873,8004873,33,226,22
2023-12-08,8004873,8005629,17,113,34
2023-12-08,8004898,8003330,8,16,64
2023-12-08,8004898,8003361,0,9,0
2023-12-08,8004898,8004869,0,15,0
2023-12-08,8004898,8004898,12,84,19
2023-12-08,8004898,8005746,7,42,28
2023-12-08,8004907,8000178,0,36,0
2023-12-08,8004907,8000355,0,36,0
2023-12-08,8004907,8004907,0,72,0
2023-12-08,8005057,8003931,15,58,35
2023-12-08,8005057,8005057,22,115,21
2023-12-08,8005057,8005058,8,57,12
2023-12-08,8005058,8004616,15,44,31
2023-12-08,8005058,8005057,12,58,21
2023-12-08,8005058,8005058,27,89,28
2023-12-08,8005074,8000713,8,38,57
2023-12-08,8005074,8003386,6,39,15
2023-12-08,8005074,8005074,13,77,35
2023-12-08,8005134,8002932,0,40,0
2023-12-08,8005134,8005134,1,79,0
2023-12-08,8005134,8005143,1,39,1
2023-12-08,8005143,8003358,1,39,2
2023-12-08,8005143,8005134,1,40,2
2023-12-08,8005143,8005143,2,79,2
2023-12-08,8005152,8001091,19,44,277
2023-12-08,8005152,8005152,45,113,166
2023-12-08,8005152,8005499,19,57,63
2023-12-08,8005164,8000012,13,38,62
2023-12-08,8005164,8005164,27,76,48
2023-12-08,8005164,8005356,13,38,25
2023-12-08,8005298,8000100,13,23,108
2023-12-08,8005298,8003927,14,21,244
2023-12-08,8005298,8005298,28,44,187
2023-12-08,8005339,8003158,14,22,228
2023-12-08,8005339,8003927,10,23,80
2023-12-08,8005339,8005339,24,45,155
2023-12-08,8005356,8000012,0,19,0
2023-12-08,8005356,8001384,13,38,27
2023-12-08,8005356,8002768,0,18,0
2023-12-08,8005356,8005164,15,38,88
2023-12-08,8005356,8005356,28,113,38
2023-12-08,8005499,8001215,19,57,71
2023-12-08,8005499,8005152,27,56,268
2023-12-08,8005499,8005499,45,113,167
2023-12-08,8005575,8000178,13,62,23
2023-12-08,8005575,8001264,14,50,34
2023-12-08,8005575,8005575,29,99,36
2023-12-08,8005629,8000135,16,113,31
2023-12-08,8005629,8004873,10,113,12
2023-12-08,8005629,8005629,27,226,23
2023-12-08,8005743,8005745,0,36,0
2023-12-08,8005744,8005744,0,72,0
2023-12-08,8005744,8005745,0,36,0
2023-12-08,8005744,8098348,0,36,0
2023-12-08,8005745,8005743,0,36,0
2023-12-08,8005745,8005744,0,36,0
2023-12-08,8005745,8005745,0,72,0
2023-12-08,8005746,8004898,4,42,8
2023-12-08,8005746,8005159,7,42,24
2023-12-08,8005746,8005746,12,84,19
2023-12-08,8005935,8002206,22,58,112
2023-12-08,8005935,8002806,25,59,189
2023-12-08,8005935,8005935,44,117,146
2023-12-08,8006280,8000100,0,18,0
2023-12-08,8006280,8001416,12,26,127
2023-12-08,8006280,8003671,15,43,60
2023-12-08,8006280,8006280,27,87,70
2023-12-08,8006516,8000495,11,58,25
2023-12-08,8006516,8003937,4,57,5
2023-12-08,8006516,8006516,16,115,15
2023-12-08,8006659,8000355,0,36,0
2023-12-08,8006659,8004746,0,36,0
2023-12-08,8006659,8006659,0,72,0
2023-12-08,8006713,8000209,31,41,389
2023-12-08,8006713,8000832,21,59,94
2023-12-08,8006713,8001584,28,41,198
2023-12-08,8006713,8003330,4,4,165
2023-12-08,8006713,8003668,14,59,75
2023-12-08,8006713,8006226,3,5,84
2023-12-08,8006713,8006713,97,214,162
2023-12-08,8070704,8000404,34,95,87
2023-12-08,8070704,8000406,15,37,66
2023-12-08,8070704,8070704,71,190,112
2023-12-08,8079140,8003366,0,89,0
2023-12-08,8079140,8003373,0,86,0
2023-12-08,8079140,8079140,0,175,0
2023-12-08,8098348,8005744,0,36,0
2023-12-08,8098348,8098348,0,72,0
2023-12-08,8098348,8099506,0,36,0
2023-12-08,8098349,8001917,0,19,0
2023-12-08,8099506,8000348,0,36,0
2023-12-08,8099506,8098348,0,36,0
2023-12-08,8099506,8099506,0,72,0
2023-12-09,8000012,8000012,34,37,335
2023-12-09,8000012,8001928,4,5,168
2023-12-09,8000012,8005164,14,36,173
2023-12-09,8000012,8005356,14,17,238
2023-12-09,8000012,8006501,15,15,502
2023-12-09,8000030,8002290,9,20,22
2023-12-09,8000084,8000084,60,76,591
2023-12-09,8000084,8000178,29,35,389
2023-12-09,8000084,8003553,31,39,828
2023-12-09,8000084,8003990,15,40,68
2023-12-09,8000100,8000100,47,73,109
2023-12-09,8000100,8002402,19,20,78
2023-12-09,8000100,8003361,1,3,290
2023-12-09,8000100,8003462,6,39,39
2023-12-09,8000100,8003927,15,20,88
2023-12-09,8000100,8005298,18,19,279
2023-12-09,8000100,8006280,5,18,2
2023-12-09,8000135,8000135,160,244,224
2023-12-09,8000135,8002104,2,4,52
2023-12-09,8000135,8002753,96,119,268
2023-12-09,8000135,8003330,5,23,128
2023-12-09,8000135,8004869,31,37,525
2023-12-09,8000135,8005629,70,114,186
2023-12-09,8000178,8000084,32,37,862
2023-12-09,8000178,8000178,177,225,339
2023-12-09,8000178,8000209,18,20,724
2023-12-09,8000178,8002389,28,61,65
2023-12-09,8000178,8004869,14,14,227
2023-12-09,8000178,8004907,18,20,231
2023-12-09,8000178,8005575,44,57,303
2023-12-09,8000209,8000178,19,21,1197
2023-12-09,8000209,8000209,230,392,308
2023-12-09,8000209,8003310,24,56,49
2023-12-09,8000209,8003361,14,17,904
2023-12-09,8000209,8003363,15,18,408
2023-12-09,8000209,8003364,31,113,85
2023-12-09,8000209,8003369,18,57,50
2023-12-09,8000209,8003669,28,42,471
2023-12-09,8000209,8006713,36,41,734
2023-12-09,8000348,8000348,75,111,452
2023-12-09,8000348,8000406,31,38,843
2023-12-09,8000348,8001712,12,36,57
2023-12-09,8000348,8001886,32,37,424
2023-12-09,8000348,8099506,21,32,172
2023-12-09,8000355,8000355,30,40,135
2023-12-09,8000355,8004907,10,20,108
2023-12-09,8000355,8006659,19,20,206
2023-12-09,8000404,8000404,156,223,314
2023-12-09,8000404,8002806,21,38,351
2023-12-09,8000404,8003395,60,74,197
2023-12-09,8000404,8070704,78,93,456
2023-12-09,8000406,8000348,32,37,380
2023-12-09,8000406,8000406,91,146,356
2023-12-09,8000406,8001712,28,35,192
2023-12-09,8000406,8070704,14,34,55
2023-12-09,8000495,8000495,41,78,45
2023-12-09,8000495,8001084,16,39,42
2023-12-09,8000495,8006516,22,39,32
2023-12-09,8000502,8000502,16,35,117
2023-12-09,8000502,8000507,5,33,17
2023-12-09,8000502,8000521,16,19,232
2023-12-09,8000507,8000502,27,34,196
2023-12-09,8000507,8000507,31,67,105
2023-12-09,8000507,8002816,6,33,17
2023-12-09,8000510,8000510,15,37,114
2023-12-09,8000510,8000527,1,18,17
2023-12-09,8000510,8001917,13,19,196
2023-12-09,8000521,8000502,1,18,17
2023-12-09,8000521,8000521,17,37,131
2023-12-09,8000521,8000527,17,19,253
2023-12-09,8000527,8000510,16,19,229
2023-12-09,8000527,8000521,1,18,17
2023-12-09,8000527,8000527,18,37,144
2023-12-09,8000677,8000677,59,77,585
2023-12-09,8000677,8001113,17,20,270
2023-12-09,8000677,8001839,30,38,450
2023-12-09,8000677,8003697,15,20,1179
2023-12-09,8000713,8000713,23,85,64
2023-12-09,8000713,8005074,10,42,109
2023-12-09,8000713,8005970,11,43,18
2023-12-09,8000832,8000832,51,112,82
2023-12-09,8000832,8003310,27,56,124
2023-12-09,8000832,8006713,18,56,43
2023-12-09,8000853,8000853,86,120,549
2023-12-09,8000853,8001506,15,18,1042
2023-12-09,8000853,8003616,28,42,506
2023-12-09,8000853,8003669,28,42,379
2023-12-09,8000853,8006719,15,18,690
2023-12-09,8000899,8001566,17,57,70
2023-12-09,8001081,8001081,31,78,33
2023-12-09,8001081,8001084,11,39,16
2023-12-09,8001081,8001088,13,39,38
2023-12-09,8001082,8001082,118,145,633
2023-12-09,8001082,8001085,49,55,699
2023-12-09,8001082,8001091,59,73,456
2023-12-09,8001082,8004604,15,17,1313
2023-12-09,8001084,8000495,25,39,48
2023-12-09,8001084,8001081,15,39,40
2023-12-09,8001084,8001084,37,78,34
2023-12-09,8001085,8001082,42,56,393
2023-12-09,8001085,8001085,61,71,552
2023-12-09,8001085,8004604,15,15,276
2023-12-09,8001085,8005153,19,20,966
2023-12-09,8001086,8001086,2,6,20
2023-12-09,8001086,8003966,0,2,0
2023-12-09,8001086,8004366,2,4,30
2023-12-09,8001088,8001081,24,39,44
2023-12-09,8001088,8001088,38,78,35
2023-12-09,8001091,8001082,64,72,808
2023-12-09,8001091,8001091,118,145,633
2023-12-09,8001091,8001215,13,17,514
2023-12-09,8001091,8005152,32,41,560
2023-12-09,8001113,8000677,17,20,264
2023-12-09,8001113,8001113,34,40,268
2023-12-09,8001113,8003697,18,20,274
2023-12-09,8001215,8001091,15,17,1234
2023-12-09,8001215,8001215,103,121,732
2023-12-09,8001215,8003160,36,44,685
2023-12-09,8001215,8003361,12,17,533
2023-12-09,8001215,8005499,38,43,719
2023-12-09,8001264,8001264,46,80,192
2023-12-09,8001264,8003990,22,40,299
2023-12-09,8001264,8005575,27,40,88
2023-12-09,8001384,8001384,56,71,221
2023-12-09,8001384,8002768,30,36,234
2023-12-09,8001384,8005356,24,35,223
2023-12-09,8001416,8001416,37,41,195
2023-12-09,8001416,8002402,17,21,309
2023-12-09,8001416,8006280,17,20,81
2023-12-09,8001557,8001557,35,41,238
2023-12-09,8001557,8002720,19,20,252
2023-12-09,8001557,8004519,15,21,211
2023-12-09,8001566,8000899,27,57,97
2023-12-09,8001566,8001566,50,114,82
2023-12-09,8001566,8003367,23,57,73
2023-12-09,8001712,8000348,32,35,245
2023-12-09,8001712,8000406,12,36,60
2023-12-09,8001712,8001712,44,71,140
2023-12-09,8001736,8001736,80,107,256
2023-12-09,8001736,8002753,16,18,265
2023-12-09,8001736,8002768,45,54,290
2023-12-09,8001736,8003987,22,35,213
2023-12-09,8001839,8000318,14,19,641
2023-12-09,8001839,8000677,30,39,729
2023-12-09,8001839,8001839,60,78,580
2023-12-09,8001839,8002784,17,20,302
2023-12-09,8001886,8000348,32,39,829
2023-12-09,8001886,8001886,63,76,623
2023-12-09,8001886,8003553,34,37,397
2023-12-09,8001917,8000510,12,18,35
2023-12-09,8001917,8001917,26,37,118
2023-12-09,8001917,8098349,13,19,197
2023-12-09,8002104,8000135,0,2,0
2023-12-09,8002104,8002104,2,6,30
2023-12-09,8002104,8003966,2,4,52
2023-12-09,8002206,8001839,0,1,0
2023-12-09,8002206,8002206,93,120,447
2023-12-09,8002206,8003697,47,59,353
2023-12-09,8002206,8005935,39,60,508
2023-12-09,8002290,8000030,17,20,186
2023-12-09,8002290,8002290,35,40,121
2023-12-09,8002290,8004746,15,20,51
2023-12-09,8002389,8000178,43,60,286
2023-12-09,8002389,8002389,72,121,169
2023-12-09,8002389,8003383,26,61,64
2023-12-09,8002402,8000100,16,21,269
2023-12-09,8002402,8001416,18,20,78
2023-12-09,8002402,8002402,32,41,190
2023-12-09,8002718,8002718,34,41,240
2023-12-09,8002718,8002719,16,21,224
2023-12-09,8002718,8003697,18,20,274
2023-12-09,8002719,8002718,18,20,256
2023-12-09,8002719,8002719,36,41,245
2023-12-09,8002719,8002720,18,21,243
2023-12-09,8002720,8001557,16,21,223
2023-12-09,8002720,8002719,18,20,270
2023-12-09,8002720,8002720,34,41,237
2023-12-09,8002721,8002725,6,20,38
2023-12-09,8002725,8002721,20,21,277
2023-12-09,8002725,8002725,28,41,174
2023-12-09,8002725,8004519,18,20,166
2023-12-09,8002753,8000135,75,119,205
2023-12-09,8002753,8001736,19,19,411
2023-12-09,8002753,8002753,104,123,241
2023-12-09,8002753,8002775,35,43,203
2023-12-09,8002768,8001384,25,35,219
2023-12-09,8002768,8001736,43,53,237
2023-12-09,8002768,8002768,88,107,268
2023-12-09,8002768,8005356,18,19,417
2023-12-09,8002775,8001006,23,31,175
2023-12-09,8002775,8002753,33,43,195
2023-12-09,8002775,8002775,59,86,195
2023-12-09,8002775,8003987,10,12,320
2023-12-09,8002804,8002804,24,67,62
2023-12-09,8002804,8002806,16,33,55
2023-12-09,8002804,8002816,23,34,128
2023-12-09,8002806,8000404,23,38,677
2023-12-09,8002806,8002206,0,1,0
2023-12-09,8002806,8002804,21,34,113
2023-12-09,8002806,8002806,167,224,301
2023-12-09,8002806,8003395,58,73,208
2023-12-09,8002806,8005935,53,59,383
2023-12-09,8002806,8400043,8,19,85
2023-12-09,8002806,8400307,0,11,0
2023-12-09,8002816,8000507,25,34,168
2023-12-09,8002816,8002804,7,33,32
2023-12-09,8002816,8002816,31,67,92
2023-12-09,8002932,8002932,63,72,89
2023-12-09,8002932,8002988,35,36,103
2023-12-09,8002932,8005134,28,36,84
2023-12-09,8002988,8002932,23,36,83
2023-12-09,8002988,8002988,49,72,83
2023-12-09,8002988,8004739,19,36,53
2023-12-09,8003158,8003927,7,19,22
2023-12-09,8003158,8005339,11,21,77
2023-12-09,8003160,8001215,38,43,564
2023-12-09,8003160,8003160,103,128,444
2023-12-09,8003160,8003252,17,21,273
2023-12-09,8003160,8003361,51,64,567
2023-12-09,8003252,8003160,15,20,117
2023-12-09,8003252,8003252,29,41,181
2023-12-09,8003252,8003671,16,21,273
2023-12-09,8003310,8000209,40,56,134
2023-12-09,8003310,8000832,23,56,48
2023-12-09,8003310,8003310,54,112,85
2023-12-09,8003320,8003320,191,299,138
2023-12-09,8003320,8003358,87,97,159
2023-12-09,8003320,8003370,35,52,121
2023-12-09,8003320,8003392,103,150,188
2023-12-09,8003330,8000010,1,1,30
2023-12-09,8003330,8000135,17,22,712
2023-12-09,8003330,8000667,1,1,960
2023-12-09,8003330,8001506,12,21,431
2023-12-09,8003330,8003330,127,171,295
2023-12-09,8003330,8003358,43,61,224
2023-12-09,8003330,8003363,1,1,180
2023-12-09,8003330,8004873,51,61,180
2023-12-09,8003330,8004898,14,20,252
2023-12-09,8003358,8003320,60,97,166
2023-12-09,8003358,8003330,53,61,202
2023-12-09,8003358,8003358,159,194,178
2023-12-09,8003358,8005143,30,36,132
2023-12-09,8003360,8003360,47,111,79
2023-12-09,8003360,8003371,23,55,135
2023-12-09,8003360,8003372,24,56,34
2023-12-09,8003361,8000100,1,3,-10
2023-12-09,8003361,8000209,14,16,664
2023-12-09,8003361,8001215,15,17,1098
2023-12-09,8003361,8003160,57,64,358
2023-12-09,8003361,8003352,1,1,120
2023-12-09,8003361,8003361,165,204,465
2023-12-09,8003361,8003363,68,81,515
2023-12-09,8003361,8003671,13,18,155
2023-12-09,8003362,8003362,32,111,71
2023-12-09,8003362,8003365,23,55,137
2023-12-09,8003362,8003371,8,56,17
2023-12-09,8003363,8000209,13,17,766
2023-12-09,8003363,8003330,2,3,390
2023-12-09,8003363,8003361,63,81,299
2023-12-09,8003363,8003363,132,162,408
2023-12-09,8003364,8000209,50,113,68
2023-12-09,8003364,8003364,104,226,81
2023-12-09,8003364,8003392,57,112,122
2023-12-09,8003365,8003362,9,56,17
2023-12-09,8003365,8003365,44,111,80
2023-12-09,8003365,8003366,23,55,139
2023-12-09,8003366,8003365,21,56,28
2023-12-09,8003366,8003366,44,111,83
2023-12-09,8003366,8079140,23,55,143
2023-12-09,8003367,8001566,15,57,66
2023-12-09,8003367,8003367,37,114,75
2023-12-09,8003367,8003369,18,57,83
2023-12-09,8003369,8000209,25,57,88
2023-12-09,8003369,8003367,14,57,87
2023-12-09,8003369,8003369,43,114,80
2023-12-09,8003371,8003360,22,56,29
2023-12-09,8003371,8003362,19,55,121
2023-12-09,8003371,8003371,45,111,79
2023-12-09,8003372,8003360,24,55,128
2023-12-09,8003372,8003372,40,111,77
2023-12-09,8003372,8003392,42,113,35
2023-12-09,8003373,8001506,0,10,0
2023-12-09,8003373,8001507,14,45,105
2023-12-09,8003373,8003373,28,110,64
2023-12-09,8003373,8079140,6,56,11
2023-12-09,8003375,8003375,89,121,180
2023-12-09,8003375,8003392,34,62,85
2023-12-09,8003375,8003732,48,60,284
2023-12-09,8003379,8003370,37,53,188
2023-12-09,8003379,8003379,80,105,180
2023-12-09,8003379,8004869,36,52,197
2023-12-09,8003383,8002389,50,60,281
2023-12-09,8003383,8003383,94,121,185
2023-12-09,8003383,8003732,44,61,77
2023-12-09,8003386,8003386,5,45,4
2023-12-09,8003386,8004366,0,2,0
2023-12-09,8003386,8005074,14,43,14
2023-12-09,8003392,8003320,102,149,104
2023-12-09,8003392,8003364,70,113,63
2023-12-09,8003392,8003372,58,112,153
2023-12-09,8003392,8003375,45,61,263
2023-12-09,8003392,8003392,233,449,129
2023-12-09,8003395,8000404,50,73,223
2023-12-09,8003395,8002806,59,74,208
2023-12-09,8003395,8003395,112,147,215
2023-12-09,8003414,8003414,20,32,37
2023-12-09,8003414,8003937,10,16,36
2023-12-09,8003414,8006516,7,16,32
2023-12-09,8003462,8000100,26,39,43
2023-12-09,8003462,8003462,61,78,72
2023-12-09,8003462,8004616,33,39,95
2023-12-09,8003553,8000084,33,37,366
2023-12-09,8003553,8001886,30,39,820
2023-12-09,8003553,8003553,64,76,615
2023-12-09,8003616,8000853,25,42,359
2023-12-09,8003616,8002490,21,36,512
2023-12-09,8003616,8003616,52,84,421
2023-12-09,8003668,8003668,56,112,83
2023-12-09,8003668,8003672,22,56,42
2023-12-09,8003668,8006713,29,56,126
2023-12-09,8003669,8000209,28,42,370
2023-12-09,8003669,8000853,28,42,491
2023-12-09,8003669,8003669,55,84,433
2023-12-09,8003671,8003252,14,20,88
2023-12-09,8003671,8003361,11,18,88
2023-12-09,8003671,8003671,47,77,131
2023-12-09,8003671,8006280,25,39,198
2023-12-09,8003672,8003540,27,56,47
2023-12-09,8003672,8003668,29,56,118
2023-12-09,8003672,8003672,51,112,82
2023-12-09,8003697,8000677,13,19,556
2023-12-09,8003697,8001113,15,20,236
2023-12-09,8003697,8002206,42,60,518
2023-12-09,8003697,8002718,15,21,211
2023-12-09,8003697,8003697,92,119,440
2023-12-09,8003732,8003375,47,61,101
2023-12-09,8003732,8003383,51,60,298
2023-12-09,8003732,8003732,98,121,188
2023-12-09,8003927,8000100,9,19,33
2023-12-09,8003927,8003158,14,20,92
2023-12-09,8003927,8003927,51,79,122
2023-12-09,8003927,8005298,12,21,80
2023-12-09,8003927,8005339,16,19,276
2023-12-09,8003931,8003931,49,78,54
2023-12-09,8003931,8003937,26,39,58
2023-12-09,8003931,8005057,20,39,28
2023-12-09,8003937,8003414,11,16,43
2023-12-09,8003937,8003931,19,39,32
2023-12-09,8003937,8003937,46,78,47
2023-12-09,8003937,8006516,17,23,87
2023-12-09,8003966,8001086,2,4,38
2023-12-09,8003966,8002104,0,2,0
2023-12-09,8003966,8003966,2,6,35
2023-12-09,8003990,8000084,29,40,322
2023-12-09,8003990,8001264,28,40,91
2023-12-09,8003990,8003990,56,80,201
2023-12-09,8004366,8001086,0,2,0
2023-12-09,8004366,8003386,2,43,3
2023-12-09,8004366,8004366,2,6,20
2023-12-09,8004519,8001557,16,20,242
2023-12-09,8004519,8002725,18,21,249
2023-12-09,8004519,8004519,35,41,241
2023-12-09,8004616,8003462,32,39,75
2023-12-09,8004616,8004616,64,78,66
2023-12-09,8004616,8005058,28,39,75
2023-12-09,8004739,8002988,20,36,73
2023-12-09,8004746,8002290,20,20,218
2023-12-09,8004746,8004746,35,40,134
2023-12-09,8004746,8006659,10,20,27
2023-12-09,8004869,8000135,30,38,319
2023-12-09,8004869,8000178,15,15,464
2023-12-09,8004869,8003379,42,53,190
2023-12-09,8004869,8004869,140,180,291
2023-12-09,8004869,8004873,39,52,205
2023-12-09,8004869,8004898,13,19,494
2023-12-09,8004873,8003330,45,61,228
2023-12-09,8004873,8004869,45,53,228
2023-12-09,8004873,8004873,178,227,199
2023-12-09,8004873,8005629,86,113,202
2023-12-09,8004898,8003330,16,21,664
2023-12-09,8004898,8004869,14,18,327
2023-12-09,8004898,8004898,48,80,411
2023-12-09,8004898,8005746,26,40,389
2023-12-09,8004907,8000178,11,20,94
2023-12-09,8004907,8000355,18,20,225
2023-12-09,8004907,8004907,29,40,169
2023-12-09,8005057,8003931,30,39,96
2023-12-09,8005057,8005057,40,78,50
2023-12-09,8005057,8005058,17,39,25
2023-12-09,8005058,8004616,30,39,40
2023-12-09,8005058,8005057,24,39,58
2023-12-09,8005058,8005058,55,78,58
2023-12-09,8005074,8000713,10,43,15
2023-12-09,8005074,8003386,16,42,124
2023-12-09,8005074,8005074,25,85,63
2023-12-09,8005134,8002932,25,36,73
2023-12-09,8005134,8005134,56,72,88
2023-12-09,8005134,8005143,27,36,96
2023-12-09,8005143,8003358,35,36,139
2023-12-09,8005143,8005134,32,36,125
2023-12-09,8005143,8005143,65,72,130
2023-12-09,8005152,8001091,35,40,787
2023-12-09,8005152,8005152,72,87,675
2023-12-09,8005152,8005499,35,44,614
2023-12-09,8005164,8000012,17,35,184
2023-12-09,8005164,8005164,54,71,209
2023-12-09,8005164,8005356,31,36,218
2023-12-09,8005298,8000100,12,21,79
2023-12-09,8005298,8003927,16,19,278
2023-12-09,8005298,8005298,28,40,183
2023-12-09,8005339,8003158,17,19,283
2023-12-09,8005339,8003927,10,21,76
2023-12-09,8005339,8005339,25,40,177
2023-12-09,8005356,8000012,19,19,426
2023-12-09,8005356,8001384,31,36,216
2023-12-09,8005356,8002768,15,17,240
2023-12-09,8005356,8005164,25,35,238
2023-12-09,8005356,8005356,89,107,260
2023-12-09,8005499,8001215,37,44,664
2023-12-09,8005499,8005152,38,43,747
2023-12-09,8005499,8005499,75,87,685
2023-12-09,8005575,8000178,34,57,72
2023-12-09,8005575,8001264,29,40,316
2023-12-09,8005575,8005575,56,80,206
2023-12-09,8005629,8000135,81,113,202
2023-12-09,8005629,8004873,58,114,183
2023-12-09,8005629,8005629,161,227,194
2023-12-09,8005743,8005745,1,32,19
2023-12-09,8005744,8005744,18,64,68
2023-12-09,8005744,8005745,17,32,121
2023-12-09,8005744,8098348,23,32,59
2023-12-09,8005745,8005743,17,32,123
2023-12-09,8005745,8005744,1,32,17
2023-12-09,8005745,8005745,18,64,69
2023-12-09,8005746,8004898,22,40,448
2023-12-09,8005746,8005159,24,40,375
2023-12-09,8005746,8005746,49,80,423
2023-12-09,8005935,8002206,53,59,385
2023-12-09,8005935,8002806,52,60,542
2023-12-09,8005935,8005935,102,119,448
2023-12-09,8006280,8000100,9,18,83
2023-12-09,8006280,8001416,15,21,273
2023-12-09,8006280,8003671,22,38,52
2023-12-09,8006280,8006280,45,77,122
2023-12-09,8006516,8000495,17,39,48
2023-12-09,8006516,8003414,10,16,32
2023-12-09,8006516,8003937,9,23,22
2023-12-09,8006516,8006516,38,78,35
2023-12-09,8006659,8000355,14,20,30
2023-12-09,8006659,8004746,20,20,214
2023-12-09,8006659,8006659,33,40,119
2023-12-09,8006713,8000209,35,41,945
2023-12-09,8006713,8000832,34,56,124
2023-12-09,8006713,8001584,36,41,776
2023-12-09,8006713,8003330,2,2,465
2023-12-09,8006713,8003668,26,56,44
2023-12-09,8006713,8006713,125,197,413
2023-12-09,8070704,8000404,76,93,275
2023-12-09,8070704,8000406,29,33,209
2023-12-09,8070704,8070704,153,186,365
2023-12-09,8079140,8003366,21,56,25
2023-12-09,8079140,8003373,20,55,128
2023-12-09,8079140,8079140,33,111,79
2023-12-09,8098348,8005744,15,32,98
2023-12-09,8098348,8098348,37,64,75
2023-12-09,8098348,8099506,24,32,79
2023-12-09,8098349,8001917,1,18,17
2023-12-09,8099506,8000348,6,32,21
2023-12-09,8099506,8098348,12,32,72
2023-12-09,8099506,8099506,41,64,96
2023-12-10,8000012,8000012,32,34,201
2023-12-10,8000012,8001928,2,4,75
2023-12-10,8000012,8005164,9,32,36
2023-12-10,8000012,8005356,16,17,192
2023-12-10,8000012,8006501,14,14,244
2023-12-10,8000030,8002290,4,19,13
2023-12-10,8000084,8000084,53,73,447
2023-12-10,8000084,8000178,25,33,298
2023-12-10,8000084,8003553,41,52,472
2023-12-10,8000084,8003990,8,34,11
2023-12-10,8000100,8000100,44,66,51
2023-12-10,8000100,8002402,15,18,35
2023-12-10,8000100,8003462,9,36,12
2023-12-10,8000100,8003927,16,17,95
2023-12-10,8000100,8005298,17,17,102
2023-12-10,8000100,8006280,13,16,38
2023-12-10,8000135,8000135,157,239,241
2023-12-10,8000135,8002104,16,20,684
2023-12-10,8000135,8002753,75,96,135
2023-12-10,8000135,8003330,14,20,530
2023-12-10,8000135,8004869,19,33,233
2023-12-10,8000135,8005629,49,85,175
2023-12-10,8000178,8000084,26,34,642
2023-12-10,8000178,8000178,139,190,245
2023-12-10,8000178,8000209,16,19,456
2023-12-10,8000178,8002389,20,67,25
2023-12-10,8000178,8004869,11,13,78
2023-12-10,8000178,8004907,14,18,105
2023-12-10,8000178,8005575,41,46,210
2023-12-10,8000209,8000178,16,19,878
2023-12-10,8000209,8000209,233,314,226
2023-12-10,8000209,8003310,10,42,74
2023-12-10,8000209,8003330,1,1,810
2023-12-10,8000209,8003361,2,2,375
2023-12-10,8000209,8003363,3,3,490
2023-12-10,8000209,8003364,39,85,109
2023-12-10,8000209,8003369,27,42,108
2023-12-10,8000209,8003669,32,35,210
2023-12-10,8000209,8006713,32,38,332
2023-12-10,8000348,8000348,80,103,403
2023-12-10,8000348,8000406,28,35,740
2023-12-10,8000348,8001712,18,33,142
2023-12-10,8000348,8001886,29,35,316
2023-12-10,8000348,8099506,8,16,131
2023-12-10,8000355,8000355,21,37,64
2023-12-10,8000355,8004907,4,19,33
2023-12-10,8000355,8006659,14,18,100
2023-12-10,8000404,8000404,141,219,187
2023-12-10,8000404,8002806,17,43,160
2023-12-10,8000404,8003395,47,67,159
2023-12-10,8000404,8070704,57,73,157
2023-12-10,8000406,8000348,29,35,291
2023-12-10,8000406,8000406,103,135,365
2023-12-10,8000406,8001712,28,32,232
2023-12-10,8000406,8070704,19,31,152
2023-12-10,8000495,8000495,27,73,21
2023-12-10,8000495,8001084,11,36,12
2023-12-10,8000495,8006516,15,37,23
2023-12-10,8000502,8000502,14,33,148
2023-12-10,8000502,8000507,2,31,31
2023-12-10,8000502,8000521,14,17,247
2023-12-10,8000507,8000502,23,31,215
2023-12-10,8000507,8000507,25,62,122
2023-12-10,8000507,8002816,3,31,55
2023-12-10,8000510,8000510,16,34,134
2023-12-10,8000510,8000527,1,17,58
2023-12-10,8000510,8001917,13,17,189
2023-12-10,8000521,8000502,1,17,60
2023-12-10,8000521,8000521,15,34,152
2023-12-10,8000521,8000527,16,17,254
2023-12-10,8000527,8000510,15,17,238
2023-12-10,8000527,8000521,1,17,58
2023-12-10,8000527,8000527,17,34,161
2023-12-10,8000677,8000677,47,71,238
2023-12-10,8000677,8001113,9,18,85
2023-12-10,8000677,8001839,24,36,226
2023-12-10,8000677,8003697,14,17,454
2023-12-10,8000713,8000713,27,40,584
2023-12-10,8000713,8005074,12,20,405
2023-12-10,8000713,8005970,17,20,778
2023-12-10,8000832,8000832,46,84,175
2023-12-10,8000832,8003310,31,42,259
2023-12-10,8000832,8006713,13,42,101
2023-12-10,8000853,8000853,83,101,408
2023-12-10,8000853,8001506,12,16,673
2023-12-10,8000853,8003616,29,35,249
2023-12-10,8000853,8003669,31,34,349
2023-12-10,8000853,8006719,12,16,684
2023-12-10,8000899,8001566,23,43,42
2023-12-10,8001081,8001081,25,73,12
2023-12-10,8001081,8001084,12,37,15
2023-12-10,8001081,8001088,8,36,8
2023-12-10,8001082,8001082,65,81,179
2023-12-10,8001082,8001085,33,40,158
2023-12-10,8001082,8001091,29,39,182
2023-12-10,8001082,8004604,2,2,960
2023-12-10,8001084,8000495,16,37,26
2023-12-10,8001084,8001081,11,36,13
2023-12-10,8001084,8001084,25,73,18
2023-12-10,8001085,8001082,22,37,149
2023-12-10,8001085,8001085,47,68,118
2023-12-10,8001085,8004604,9,14,28
2023-12-10,8001085,8005153,20,21,140
2023-12-10,8001086,8001086,32,40,572
2023-12-10,8001086,8003966,16,20,474
2023-12-10,8001086,8004366,17,20,702
2023-12-10,8001088,8001081,22,37,27
2023-12-10,8001088,8001088,31,73,15
2023-12-10,8001091,8001082,24,42,161
2023-12-10,8001091,8001091,48,81,167
2023-12-10,8001091,8001215,1,2,30
2023-12-10,8001091,8005152,20,23,243
2023-12-10,8001113,8000677,13,18,165
2023-12-10,8001113,8001113,26,36,135
2023-12-10,8001113,8003697,15,18,132
2023-12-10,8001215,8001091,2,2,960
2023-12-10,8001215,8001215,19,23,352
2023-12-10,8001215,8003160,7,9,283
2023-12-10,8001215,8003361,1,2,30
2023-12-10,8001215,8005499,8,10,393
2023-12-10,8001264,8001264,46,67,124
2023-12-10,8001264,8003990,22,33,213
2023-12-10,8001264,8005575,21,34,44
2023-12-10,8001384,8001384,40,63,60
2023-12-10,8001384,8002768,22,32,76
2023-12-10,8001384,8005356,17,31,57
2023-12-10,8001416,8001416,25,39,68
2023-12-10,8001416,8002402,12,21,101
2023-12-10,8001416,8006280,11,18,37
2023-12-10,8001557,8001557,32,37,170
2023-12-10,8001557,8002720,16,19,169
2023-12-10,8001557,8004519,11,18,160
2023-12-10,8001566,8000899,40,42,173
2023-12-10,8001566,8001566,71,85,102
2023-12-10,8001566,8003367,32,43,57
2023-12-10,8001712,8000348,30,32,263
2023-12-10,8001712,8000406,21,33,192
2023-12-10,8001712,8001712,49,65,209
2023-12-10,8001736,8001736,60,97,120
2023-12-10,8001736,8002753,16,17,348
2023-12-10,8001736,8002768,36,48,84
2023-12-10,8001736,8003987,16,32,58
2023-12-10,8001839,8000318,16,19,396
2023-12-10,8001839,8000677,23,35,254
2023-12-10,8001839,8001839,53,74,261
2023-12-10,8001839,8002206,2,2,495
2023-12-10,8001839,8002784,11,18,152
2023-12-10,8001886,8000348,29,36,708
2023-12-10,8001886,8001886,56,71,485
2023-12-10,8001886,8003553,30,35,327
2023-12-10,8001887,8001888,1,16,2
2023-12-10,8001888,8001887,6,16,124
2023-12-10,8001888,8001888,10,32,66
2023-12-10,8001888,8001889,2,16,8
2023-12-10,8001889,8001888,8,16,122
2023-12-10,8001889,8001889,9,32,58
2023-12-10,8001889,8001893,2,16,17
2023-12-10,8001893,8001889,7,16,107
2023-12-10,8001893,8001893,11,32,78
2023-12-10,8001893,8003553,15,16,94
2023-12-10,8001917,8000510,7,17,69
2023-12-10,8001917,8001917,19,34,123
2023-12-10,8001917,8098349,12,17,173
2023-12-10,8002104,8000135,11,19,472
2023-12-10,8002104,8002104,28,39,582
2023-12-10,8002104,8003966,16,20,692
2023-12-10,8002206,8001839,1,1,1290
2023-12-10,8002206,8002206,90,111,238
2023-12-10,8002206,8002806,1,1,270
2023-12-10,8002206,8003697,44,54,204
2023-12-10,8002206,8005935,45,54,248
2023-12-10,8002290,8000030,9,18,75
2023-12-10,8002290,8002290,28,37,60
2023-12-10,8002290,8004746,13,19,44
2023-12-10,8002389,8000178,55,67,279
2023-12-10,8002389,8002389,79,134,146
2023-12-10,8002389,8003383,19,67,25
2023-12-10,8002402,8000100,11,21,77
2023-12-10,8002402,8001416,15,18,33
2023-12-10,8002402,8002402,26,39,65
2023-12-10,8002718,8002718,32,37,172
2023-12-10,8002718,8002719,16,18,177
2023-12-10,8002718,8003697,16,19,163
2023-12-10,8002719,8002718,16,19,163
2023-12-10,8002719,8002719,33,37,170
2023-12-10,8002719,8002720,17,18,195
2023-12-10,8002720,8001557,16,18,173
2023-12-10,8002720,8002719,17,19,180
2023-12-10,8002720,8002720,33,37,172
2023-12-10,8002721,8002725,9,19,60
2023-12-10,8002725,8002721,18,18,232
2023-12-10,8002725,8002725,27,37,151
2023-12-10,8002725,8004519,18,19,120
2023-12-10,8002753,8000135,51,100,195
2023-12-10,8002753,8001736,16,17,201
2023-12-10,8002753,8002753,89,111,194
2023-12-10,8002753,8002775,29,39,99
2023-12-10,8002768,8001384,16,31,52
2023-12-10,8002768,8001736,38,49,156
2023-12-10,8002768,8002768,74,97,124
2023-12-10,8002768,8005356,16,17,162
2023-12-10,8002775,8001006,17,29,74
2023-12-10,8002775,8002753,28,39,229
2023-12-10,8002775,8002775,41,78,149
2023-12-10,8002775,8003987,7,10,90
2023-12-10,8002804,8002804,18,62,91
2023-12-10,8002804,8002806,12,31,88
2023-12-10,8002804,8002816,18,31,143
2023-12-10,8002806,8000404,22,41,309
2023-12-10,8002806,8002206,1,1,1320
2023-12-10,8002806,8002804,16,31,135
2023-12-10,8002806,8002806,137,221,184
2023-12-10,8002806,8003395,49,68,135
2023-12-10,8002806,8005935,40,54,191
2023-12-10,8002806,8400043,9,25,139
2023-12-10,8002816,8000507,20,31,181
2023-12-10,8002816,8002804,4,31,63
2023-12-10,8002816,8002816,26,62,114
2023-12-10,8002932,8002932,52,62,105
2023-12-10,8002932,8002988,27,32,94
2023-12-10,8002932,8005134,25,30,131
2023-12-10,8002988,8002932,24,30,142
2023-12-10,8002988,8002988,32,62,107
2023-12-10,8002988,8004739,6,32,62
2023-12-10,8003158,8003927,13,17,46
2023-12-10,8003158,8005339,10,19,43
2023-12-10,8003160,8001215,8,10,303
2023-12-10,8003160,8003160,22,29,187
2023-12-10,8003160,8003252,7,21,36
2023-12-10,8003160,8003361,12,13,235
2023-12-10,8003160,8003671,6,15,50
2023-12-10,8003252,8003160,13,18,72
2023-12-10,8003252,8003252,21,39,48
2023-12-10,8003252,8003671,14,21,49
2023-12-10,8003310,8000209,37,42,273
2023-12-10,8003310,8000832,17,42,110
2023-12-10,8003310,8003310,48,84,178
2023-12-10,8003320,8003320,142,233,122
2023-12-10,8003320,8003358,75,80,130
2023-12-10,8003320,8003370,21,38,67
2023-12-10,8003320,8003392,87,115,174
2023-12-10,8003330,8000010,0,1,0
2023-12-10,8003330,8000135,15,20,542
2023-12-10,8003330,8000209,1,1,30
2023-12-10,8003330,8000667,1,1,30
2023-12-10,8003330,8001506,6,16,19
2023-12-10,8003330,8003330,114,140,265
2023-12-10,8003330,8003358,36,48,151
2023-12-10,8003330,8003363,2,4,15
2023-12-10,8003330,8004873,43,48,160
2023-12-10,8003330,8004898,16,18,582
2023-12-10,8003330,8006713,3,5,72
2023-12-10,8003358,8003320,49,78,127
2023-12-10,8003358,8003330,45,48,171
2023-12-10,8003358,8003358,128,158,141
2023-12-10,8003358,8005143,21,32,91
2023-12-10,8003360,8003360,98,121,116
2023-12-10,8003360,8003371,52,61,182
2023-12-10,8003360,8003372,47,60,74
2023-12-10,8003361,8001215,2,2,750
2023-12-10,8003361,8003160,14,16,188
2023-12-10,8003361,8003361,35,42,230
2023-12-10,8003361,8003363,13,16,231
2023-12-10,8003361,8003671,3,3,200
2023-12-10,8003362,8003362,72,121,105
2023-12-10,8003362,8003365,52,61,180
2023-12-10,8003362,8003371,22,60,50
2023-12-10,8003363,8000209,1,1,1500
2023-12-10,8003363,8003330,4,4,158
2023-12-10,8003363,8003361,15,19,193
2023-12-10,8003363,8003363,29,35,209
2023-12-10,8003364,8000209,60,84,81
2023-12-10,8003364,8003364,115,169,98
2023-12-10,8003364,8003392,68,84,140
2023-12-10,8003365,8003362,20,60,45
2023-12-10,8003365,8003365,92,121,120
2023-12-10,8003365,8003366,51,61,178
2023-12-10,8003366,8003365,41,60,69
2023-12-10,8003366,8003366,96,121,123
2023-12-10,8003366,8079140,50,61,176
2023-12-10,8003367,8001566,23,42,106
2023-12-10,8003367,8003367,51,85,72
2023-12-10,8003367,8003369,18,43,36
2023-12-10,8003369,8000209,32,43,50
2023-12-10,8003369,8003367,21,42,98
2023-12-10,8003369,8003369,59,85,80
2023-12-10,8003371,8003360,47,60,70
2023-12-10,8003371,8003362,49,61,155
2023-12-10,8003371,8003371,100,121,124
2023-12-10,8003372,8003360,54,61,170
2023-12-10,8003372,8003372,85,121,113
2023-12-10,8003372,8003392,32,84,44
2023-12-10,8003373,8001507,15,42,38
2023-12-10,8003373,8003373,42,82,75
2023-12-10,8003373,8079140,14,60,40
2023-12-10,8003375,8003375,99,134,156
2023-12-10,8003375,8003392,40,67,50
2023-12-10,8003375,8003732,56,67,274
2023-12-10,8003379,8003370,26,37,284
2023-12-10,8003379,8003379,58,75,192
2023-12-10,8003379,8004869,22,38,101
2023-12-10,8003383,8002389,59,67,276
2023-12-10,8003383,8003383,103,134,161
2023-12-10,8003383,8003732,44,67,39
2023-12-10,8003386,8003386,27,40,574
2023-12-10,8003386,8004366,12,20,446
2023-12-10,8003386,8005074,15,20,708
2023-12-10,8003392,8003320,70,118,70
2023-12-10,8003392,8003364,74,84,72
2023-12-10,8003392,8003372,64,84,173
2023-12-10,8003392,8003375,52,67,254
2023-12-10,8003392,8003392,197,339,118
2023-12-10,8003395,8000404,43,68,125
2023-12-10,8003395,8002806,45,67,156
2023-12-10,8003395,8003395,93,135,144
2023-12-10,8003414,8003414,24,32,41
2023-12-10,8003414,8003937,10,16,43
2023-12-10,8003414,8006516,10,16,30
2023-12-10,8003462,8000100,25,37,40
2023-12-10,8003462,8003462,56,73,53
2023-12-10,8003462,8004616,31,36,60
2023-12-10,8003553,8000084,42,51,320
2023-12-10,8003553,8001886,28,36,619
2023-12-10,8003553,8001893,9,16,154
2023-12-10,8003553,8003553,83,103,395
2023-12-10,8003616,8000853,28,34,311
2023-12-10,8003616,8002490,21,29,154
2023-12-10,8003616,8003616,54,69,263
2023-12-10,8003668,8003668,53,84,173
2023-12-10,8003668,8003672,17,42,111
2023-12-10,8003668,8006713,33,42,249
2023-12-10,8003669,8000209,30,34,341
2023-12-10,8003669,8000853,30,35,237
2023-12-10,8003669,8003669,64,69,291
2023-12-10,8003671,8003160,10,13,60
2023-12-10,8003671,8003252,10,18,58
2023-12-10,8003671,8003361,3,3,130
2023-12-10,8003671,8003671,46,73,69
2023-12-10,8003671,8006280,19,39,73
2023-12-10,8003672,8003540,12,42,94
2023-12-10,8003672,8003668,33,42,214
2023-12-10,8003672,8003672,50,84,161
2023-12-10,8003697,8000677,10,18,260
2023-12-10,8003697,8001113,11,18,140
2023-12-10,8003697,8002206,40,54,241
2023-12-10,8003697,8002718,13,18,160
2023-12-10,8003697,8003697,80,108,218
2023-12-10,8003732,8003375,48,67,59
2023-12-10,8003732,8003383,59,67,286
2023-12-10,8003732,8003732,107,134,164
2023-12-10,8003927,8000100,14,17,72
2023-12-10,8003927,8003158,16,17,95
2023-12-10,8003927,8003927,58,70,88
2023-12-10,8003927,8005298,12,19,74
2023-12-10,8003927,8005339,14,17,94
2023-12-10,8003931,8003931,39,73,34
2023-12-10,8003931,8003937,21,36,27
2023-12-10,8003931,8005057,14,37,19
2023-12-10,8003937,8003414,14,16,56
2023-12-10,8003937,8003931,16,37,24
2023-12-10,8003937,8003937,34,73,23
2023-12-10,8003937,8006516,9,20,18
2023-12-10,8003966,8000135,1,1,690
2023-12-10,8003966,8001086,18,20,688
2023-12-10,8003966,8002104,12,19,483
2023-12-10,8003966,8003966,30,40,590
2023-12-10,8003990,8000084,26,33,227
2023-12-10,8003990,8001264,23,34,38
2023-12-10,8003990,8003990,49,67,126
2023-12-10,8004366,8001086,14,20,462
2023-12-10,8004366,8003386,15,20,708
2023-12-10,8004366,8004366,31,40,588
2023-12-10,8004519,8001557,15,19,156
2023-12-10,8004519,8002725,17,18,202
2023-12-10,8004519,8004519,34,37,176
2023-12-10,8004616,8003462,30,37,66
2023-12-10,8004616,8004616,60,73,45
2023-12-10,8004616,8005058,29,36,48
2023-12-10,8004739,8002988,19,30,107
2023-12-10,8004746,8002290,15,18,105
2023-12-10,8004746,8004746,29,37,70
2023-12-10,8004746,8006659,5,19,14
2023-12-10,8004869,8000135,14,33,32
2023-12-10,8004869,8000178,12,14,396
2023-12-10,8004869,8003379,29,37,290
2023-12-10,8004869,8004869,90,141,170
2023-12-10,8004869,8004873,24,38,108
2023-12-10,8004869,8004898,3,16,17
2023-12-10,8004873,8003330,40,48,154
2023-12-10,8004873,8004869,34,37,326
2023-12-10,8004873,8004873,135,171,174
2023-12-10,8004873,8005629,66,86,163
2023-12-10,8004898,8003330,14,19,415
2023-12-10,8004898,8004869,1,15,6
2023-12-10,8004898,8004898,27,72,248
2023-12-10,8004898,8005746,16,36,330
2023-12-10,8004907,8000178,8,19,58
2023-12-10,8004907,8000355,14,18,118
2023-12-10,8004907,8004907,20,37,73
2023-12-10,8005057,8003931,28,36,63
2023-12-10,8005057,8005057,37,73,34
2023-12-10,8005057,8005058,22,37,28
2023-12-10,8005058,8004616,30,37,39
2023-12-10,8005058,8005057,17,36,32
2023-12-10,8005058,8005058,56,73,48
2023-12-10,8005074,8000713,16,20,752
2023-12-10,8005074,8003386,12,20,434
2023-12-10,8005074,8005074,28,40,575
2023-12-10,8005134,8002932,5,32,62
2023-12-10,8005134,8005134,26,62,84
2023-12-10,8005134,8005143,18,30,104
2023-12-10,8005143,8003358,27,30,143
2023-12-10,8005143,8005134,21,32,88
2023-12-10,8005143,8005143,45,62,112
2023-12-10,8005152,8001091,21,26,200
2023-12-10,8005152,8005152,56,79,161
2023-12-10,8005152,8005499,34,39,188
2023-12-10,8005164,8000012,8,31,20
2023-12-10,8005164,8005164,43,63,51
2023-12-10,8005164,8005356,25,32,71
2023-12-10,8005298,8000100,10,19,62
2023-12-10,8005298,8003927,17,17,101
2023-12-10,8005298,8005298,29,36,100
2023-12-10,8005339,8003158,14,17,81
2023-12-10,8005339,8003927,10,19,58
2023-12-10,8005339,8005339,25,36,78
2023-12-10,8005356,8000012,16,17,201
2023-12-10,8005356,8001384,25,32,65
2023-12-10,8005356,8002768,15,17,293
2023-12-10,8005356,8005164,18,31,58
2023-12-10,8005356,8005356,72,97,113
2023-12-10,8005499,8001215,8,9,293
2023-12-10,8005499,8005152,28,40,139
2023-12-10,8005499,8005499,16,19,351
2023-12-10,8005575,8000178,30,46,39
2023-12-10,8005575,8001264,26,33,235
2023-12-10,8005575,8005575,47,67,138
2023-12-10,8005629,8000135,66,86,159
2023-12-10,8005629,8004873,44,85,175
2023-12-10,8005629,8005629,119,171,167
2023-12-10,8005743,8005745,0,16,0
2023-12-10,8005744,8005744,13,32,72
2023-12-10,8005744,8005745,13,16,152
2023-12-10,8005744,8098348,12,16,51
2023-12-10,8005745,8005743,13,16,154
2023-12-10,8005745,8005744,0,16,0
2023-12-10,8005745,8005745,13,32,75
2023-12-10,8005746,8004898,10,36,162
2023-12-10,8005746,8005159,16,36,324
2023-12-10,8005746,8005746,26,72,248
2023-12-10,8005935,8002206,44,54,198
2023-12-10,8005935,8002806,43,54,248
2023-12-10,8005935,8005935,91,108,219
2023-12-10,8006280,8000100,10,18,68
2023-12-10,8006280,8001416,9,21,77
2023-12-10,8006280,8003671,23,34,56
2023-12-10,8006280,8006280,39,73,62
2023-12-10,8006516,8000495,9,36,11
2023-12-10,8006516,8003414,9,16,34
2023-12-10,8006516,8003937,3,21,3
2023-12-10,8006516,8006516,24,73,14
2023-12-10,8006659,8000355,11,19,30
2023-12-10,8006659,8004746,16,18,107
2023-12-10,8006659,8006659,26,37,62
2023-12-10,8006713,8000209,31,38,573
2023-12-10,8006713,8000832,32,42,256
2023-12-10,8006713,8001584,32,38,348
2023-12-10,8006713,8003330,3,3,710
2023-12-10,8006713,8003668,20,42,113
2023-12-10,8006713,8006226,3,4,578
2023-12-10,8006713,8006713,115,168,310
2023-12-10,8070704,8000404,68,85,185
2023-12-10,8070704,8000406,27,30,226
2023-12-10,8070704,8070704,124,158,173
2023-12-10,8079140,8003366,45,60,65
2023-12-10,8079140,8003373,40,61,127
2023-12-10,8079140,8079140,73,121,105
2023-12-10,8098348,8005744,6,16,86
2023-12-10,8098348,8098348,20,32,52
2023-12-10,8098348,8099506,13,16,105
2023-12-10,8098349,8001917,1,17,56
2023-12-10,8099506,8000348,5,16,17
2023-12-10,8099506,8098348,6,16,19
2023-12-10,8099506,8099506,20,32,78
2023-12-11,8000012,8000012,26,40,168
2023-12-11,8000012,8001928,1,5,18
2023-12-11,8000012,8005164,14,38,66
2023-12-11,8000012,8005356,13,18,167
2023-12-11,8000012,8006501,11,15,260
2023-12-11,8000030,8002290,21,36,58
2023-12-11,8000084,8000084,51,83,259
2023-12-11,8000084,8000178,26,38,161
2023-12-11,8000084,8000348,0,1,0
2023-12-11,8000084,8003553,35,60,262
2023-12-11,8000084,8003990,28,49,163
2023-12-11,8000100,8000100,61,73,42
2023-12-11,8000100,8002402,21,23,51
2023-12-11,8000100,8003462,16,44,22
2023-12-11,8000100,8003927,17,18,110
2023-12-11,8000100,8005298,18,20,82
2023-12-11,8000100,8006280,13,16,82
2023-12-11,8000135,8000135,231,318,262
2023-12-11,8000135,8002104,24,26,519
2023-12-11,8000135,8002753,103,122,286
2023-12-11,8000135,8003330,15,20,554
2023-12-11,8000135,8004869,31,37,341
2023-12-11,8000135,8005629,83,122,137
2023-12-11,8000178,8000084,23,40,326
2023-12-11,8000178,8000178,171,237,205
2023-12-11,8000178,8000209,17,21,147
2023-12-11,8000178,8002389,52,101,127
2023-12-11,8000178,8004869,12,17,97
2023-12-11,8000178,8004907,14,35,53
2023-12-11,8000178,8005575,56,62,286
2023-12-11,8000209,8000178,15,21,360
2023-12-11,8000209,8000209,309,398,340
2023-12-11,8000209,8003310,34,59,309
2023-12-11,8000209,8003330,1,1,420
2023-12-11,8000209,8003361,2,2,255
2023-12-11,8000209,8003363,1,3,50
2023-12-11,8000209,8003364,63,118,364
2023-12-11,8000209,8003367,1,1,60
2023-12-11,8000209,8003369,42,59,542
2023-12-11,8000209,8003669,32,40,121
2023-12-11,8000209,8006713,36,40,190
2023-12-11,8000348,8000084,1,1,2430
2023-12-11,8000348,8000348,87,121,223
2023-12-11,8000348,8000406,29,40,350
2023-12-11,8000348,8001712,21,39,72
2023-12-11,8000348,8001886,34,40,168
2023-12-11,8000348,8099506,27,35,215
2023-12-11,8000355,8000355,41,71,56
2023-12-11,8000355,8004907,9,36,34
2023-12-11,8000355,8006659,24,35,85
2023-12-11,8000404,8000404,176,250,309
2023-12-11,8000404,8002806,31,48,385
2023-12-11,8000404,8003395,58,77,136
2023-12-11,8000404,8070704,56,81,225
2023-12-11,8000406,8000348,34,40,212
2023-12-11,8000406,8000406,116,158,213
2023-12-11,8000406,8001712,33,39,218
2023-12-11,8000406,8070704,23,36,81
2023-12-11,8000495,8000495,77,114,73
2023-12-11,8000495,8001084,40,57,75
2023-12-11,8000495,8006516,34,57,54
2023-12-11,8000502,8000502,15,37,81
2023-12-11,8000502,8000507,3,36,9
2023-12-11,8000502,8000521,15,19,186
2023-12-11,8000507,8000502,27,36,157
2023-12-11,8000507,8000507,30,72,85
2023-12-11,8000507,8002816,3,36,19
2023-12-11,8000510,8000510,16,38,98
2023-12-11,8000510,8000527,0,19,0
2023-12-11,8000510,8001917,15,19,183
2023-12-11,8000521,8000502,0,19,0
2023-12-11,8000521,8000521,15,38,101
2023-12-11,8000521,8000527,15,19,215
2023-12-11,8000527,8000510,16,19,208
2023-12-11,8000527,8000521,0,19,0
2023-12-11,8000527,8000527,15,38,111
2023-12-11,8000677,8000677,65,78,473
2023-12-11,8000677,8001113,17,20,248
2023-12-11,8000677,8001839,29,39,210
2023-12-11,8000677,8003697,19,19,1257
2023-12-11,8000713,8000713,38,52,478
2023-12-11,8000713,8005074,14,26,373
2023-12-11,8000713,8005970,25,26,593
2023-12-11,8000832,8000832,73,118,272
2023-12-11,8000832,8003310,41,59,250
2023-12-11,8000832,8006713,35,59,302
2023-12-11,8000853,8000853,94,114,306
2023-12-11,8000853,8001506,17,18,542
2023-12-11,8000853,8003616,30,39,149
2023-12-11,8000853,8003669,32,40,254
2023-12-11,8000853,8006719,17,18,637
2023-12-11,8000899,8001566,35,59,524
2023-12-11,8001081,8001081,77,114,64
2023-12-11,8001081,8001084,39,57,60
2023-12-11,8001081,8001088,32,57,66
2023-12-11,8001082,8001082,80,89,116
2023-12-11,8001082,8001085,41,43,96
2023-12-11,8001082,8001091,36,44,142
2023-12-11,8001082,8004604,2,2,390
2023-12-11,8001084,8000495,39,57,68
2023-12-11,8001084,8001081,36,57,77
2023-12-11,8001084,8001084,73,114,70
2023-12-11,8001085,8001082,21,42,111
2023-12-11,8001085,8001085,48,78,94
2023-12-11,8001085,8004604,13,16,45
2023-12-11,8001085,8005153,16,23,94
2023-12-11,8001086,8001086,43,52,514
2023-12-11,8001086,8003966,19,26,489
2023-12-11,8001086,8004366,25,26,555
2023-12-11,8001088,8001081,45,57,69
2023-12-11,8001088,8001088,81,114,64
2023-12-11,8001091,8001082,23,45,73
2023-12-11,8001091,8001091,57,89,102
2023-12-11,8001091,8001215,2,2,60
2023-12-11,8001091,8005152,23,26,153
2023-12-11,8001113,8000677,16,20,150
2023-12-11,8001113,8001113,32,40,197
2023-12-11,8001113,8003697,18,20,254
2023-12-11,8001215,8001091,2,2,405
2023-12-11,8001215,8001215,22,25,149
2023-12-11,8001215,8003160,6,10,60
2023-12-11,8001215,8003361,1,2,60
2023-12-11,8001215,8005499,9,11,180
2023-12-11,8001264,8001264,78,98,237
2023-12-11,8001264,8003990,39,49,282
2023-12-11,8001264,8005575,43,49,206
2023-12-11,8001384,8001384,59,76,188
2023-12-11,8001384,8002768,31,38,115
2023-12-11,8001384,8005356,27,38,271
2023-12-11,8001416,8001416,32,44,6
2023-12-11,8001416,8002402,15,22,-68
2023-12-11,8001416,8006280,16,22,106
2023-12-11,8001557,8001557,32,40,174
2023-12-11,8001557,8002720,18,20,198
2023-12-11,8001557,8004519,15,20,153
2023-12-11,8001566,8000899,54,59,584
2023-12-11,8001566,8001566,95,118,554
2023-12-11,8001566,8003367,41,59,537
2023-12-11,8001712,8000348,34,39,250
2023-12-11,8001712,8000406,21,39,82
2023-12-11,8001712,8001712,54,78,150
2023-12-11,8001736,8001736,78,112,189
2023-12-11,8001736,8002753,14,20,194
2023-12-11,8001736,8002768,39,56,245
2023-12-11,8001736,8003987,23,36,101
2023-12-11,8001839,8000318,18,21,327
2023-12-11,8001839,8000677,35,39,732
2023-12-11,8001839,8001839,68,80,459
2023-12-11,8001839,8002784,14,20,138
2023-12-11,8001886,8000348,30,41,357
2023-12-11,8001886,8001886,61,81,250
2023-12-11,8001886,8003553,33,40,176
2023-12-11,8001887,8001888,3,34,27
2023-12-11,8001888,8001887,25,36,168
2023-12-11,8001888,8001888,35,70,104
2023-12-11,8001888,8001889,12,34,52
2023-12-11,8001889,8001888,23,36,139
2023-12-11,8001889,8001889,33,70,84
2023-12-11,8001889,8001893,23,34,92
2023-12-11,8001893,8001889,17,36,98
2023-12-11,8001893,8001893,39,69,107
2023-12-11,8001893,8003553,26,35,141
2023-12-11,8001917,8000510,15,19,24
2023-12-11,8001917,8001917,31,38,107
2023-12-11,8001917,8098349,16,19,196
2023-12-11,8002104,8000135,16,25,475
2023-12-11,8002104,8002104,40,51,499
2023-12-11,8002104,8003966,24,26,534
2023-12-11,8002206,8001839,1,2,30
2023-12-11,8002206,8002206,92,120,353
2023-12-11,8002206,8003697,48,59,183
2023-12-11,8002206,8005935,44,60,530
2023-12-11,8002290,8000030,17,35,66
2023-12-11,8002290,8002290,54,71,79
2023-12-11,8002290,8004746,25,36,88
2023-12-11,8002389,8000178,84,102,241
2023-12-11,8002389,8002389,138,203,178
2023-12-11,8002389,8003383,48,101,128
2023-12-11,8002402,8000100,13,22,-91
2023-12-11,8002402,8001416,19,22,55
2023-12-11,8002402,8002402,34,45,-9
2023-12-11,8002402,8006280,0,1,0
2023-12-11,8002718,8002718,30,40,178
2023-12-11,8002718,8002719,14,20,164
2023-12-11,8002718,8003697,17,20,206
2023-12-11,8002719,8002718,16,20,190
2023-12-11,8002719,8002719,31,40,178
2023-12-11,8002719,8002720,15,20,174
2023-12-11,8002720,8001557,14,20,158
2023-12-11,8002720,8002719,17,20,210
2023-12-11,8002720,8002720,31,40,178
2023-12-11,8002721,8002725,10,20,72
2023-12-11,8002725,8002721,20,20,225
2023-12-11,8002725,8002725,31,40,164
2023-12-11,8002725,8004519,18,20,156
2023-12-11,8002753,8000135,81,122,150
2023-12-11,8002753,8001736,11,20,153
2023-12-11,8002753,8002753,113,144,220
2023-12-11,8002753,8002775,46,55,316
2023-12-11,8002768,8001384,28,38,274
2023-12-11,8002768,8001736,46,56,142
2023-12-11,8002768,8002768,85,112,193
2023-12-11,8002768,8005356,12,18,185
2023-12-11,8002775,8001006,32,40,259
2023-12-11,8002775,8002753,39,54,123
2023-12-11,8002775,8002775,77,109,212
2023-12-11,8002775,8003987,15,15,478
2023-12-11,8002804,8002804,36,72,76
2023-12-11,8002804,8002806,14,36,43
2023-12-11,8002804,8002816,31,36,136
2023-12-11,8002806,8000404,37,49,723
2023-12-11,8002806,8002206,1,2,60
2023-12-11,8002806,8002804,31,36,129
2023-12-11,8002806,8002806,176,252,301
2023-12-11,8002806,8003395,47,76,149
2023-12-11,8002806,8005935,44,60,242
2023-12-11,8002806,8400043,19,29,403
2023-12-11,8002816,8000507,26,36,137
2023-12-11,8002816,8002804,5,36,27
2023-12-11,8002816,8002816,35,72,80
2023-12-11,8002932,8002932,75,78,229
2023-12-11,8002932,8002988,36,37,332
2023-12-11,8002932,8004739,1,3,30
2023-12-11,8002932,8005134,37,38,191
2023-12-11,8002988,8002932,35,38,203
2023-12-11,8002988,8002988,60,75,254
2023-12-11,8002988,8004739,23,37,274
2023-12-11,8003158,8003927,14,19,68
2023-12-11,8003158,8005339,16,23,60
2023-12-11,8003160,8001215,11,11,125
2023-12-11,8003160,8003160,15,29,63
2023-12-11,8003160,8003252,5,23,-116
2023-12-11,8003160,8003361,7,14,34
2023-12-11,8003160,8003671,8,13,46
2023-12-11,8003252,8003160,16,23,132
2023-12-11,8003252,8003252,25,46,7
2023-12-11,8003252,8003671,16,23,-91
2023-12-11,8003310,8000209,51,59,268
2023-12-11,8003310,8000832,36,59,320
2023-12-11,8003310,8003310,77,118,278
2023-12-11,8003320,8003320,242,322,199
2023-12-11,8003320,8003358,101,105,309
2023-12-11,8003320,8003370,43,57,187
2023-12-11,8003320,8003392,128,160,202
2023-12-11,8003330,8000010,1,1,180
2023-12-11,8003330,8000135,16,20,423
2023-12-11,8003330,8000209,1,1,120
2023-12-11,8003330,8000667,1,2,90
2023-12-11,8003330,8001506,12,16,199
2023-12-11,8003330,8003330,158,177,312
2023-12-11,8003330,8003358,52,65,172
2023-12-11,8003330,8003363,2,6,0
2023-12-11,8003330,8004873,59,65,351
2023-12-11,8003330,8004898,17,19,662
2023-12-11,8003330,8006713,2,5,24
2023-12-11,8003358,8003320,82,103,197
2023-12-11,8003358,8003330,62,65,361
2023-12-11,8003358,8003358,190,208,279
2023-12-11,8003358,8005143,39,40,310
2023-12-11,8003360,8003360,180,208,470
2023-12-11,8003360,8003371,95,104,442
2023-12-11,8003360,8003372,89,104,523
2023-12-11,8003361,8001215,1,2,345
2023-12-11,8003361,8003160,7,15,106
2023-12-11,8003361,8003361,24,42,193
2023-12-11,8003361,8003363,12,17,46
2023-12-11,8003361,8003671,2,3,30
2023-12-11,8003362,8003362,172,208,460
2023-12-11,8003362,8003365,94,104,451
2023-12-11,8003362,8003371,76,104,489
2023-12-11,8003363,8000209,1,1,210
2023-12-11,8003363,8003330,6,6,155
2023-12-11,8003363,8003361,11,18,100
2023-12-11,8003363,8003363,23,35,78
2023-12-11,8003364,8000209,98,118,486
2023-12-11,8003364,8003364,168,236,424
2023-12-11,8003364,8003392,96,116,392
2023-12-11,8003365,8003362,77,104,490
2023-12-11,8003365,8003365,181,208,479
2023-12-11,8003365,8003366,94,104,466
2023-12-11,8003366,8003365,87,104,508
2023-12-11,8003366,8003366,183,208,492
2023-12-11,8003366,8079140,95,104,483
2023-12-11,8003367,8001566,42,59,541
2023-12-11,8003367,8003367,83,118,537
2023-12-11,8003367,8003369,38,60,528
2023-12-11,8003369,8000209,46,60,534
2023-12-11,8003369,8003367,40,59,536
2023-12-11,8003369,8003369,89,119,540
2023-12-11,8003371,8003360,89,104,507
2023-12-11,8003371,8003362,91,104,420
2023-12-11,8003371,8003371,183,208,474
2023-12-11,8003372,8003360,95,104,432
2023-12-11,8003372,8003372,172,208,466
2023-12-11,8003372,8003392,84,115,479
2023-12-11,8003373,8001507,40,59,490
2023-12-11,8003373,8003373,91,116,538
2023-12-11,8003373,8079140,64,104,451
2023-12-11,8003375,8003375,160,203,189
2023-12-11,8003375,8003392,70,103,162
2023-12-11,8003375,8003732,89,102,235
2023-12-11,8003379,8003370,42,57,153
2023-12-11,8003379,8003379,90,114,196
2023-12-11,8003379,8004869,45,57,261
2023-12-11,8003383,8002389,93,102,235
2023-12-11,8003383,8003383,171,203,194
2023-12-11,8003383,8003732,78,101,135
2023-12-11,8003386,8003386,40,52,482
2023-12-11,8003386,8004366,16,26,420
2023-12-11,8003386,8005074,24,26,555
2023-12-11,8003392,8003320,130,162,207
2023-12-11,8003392,8003364,103,114,494
2023-12-11,8003392,8003372,96,118,422
2023-12-11,8003392,8003375,77,104,212
2023-12-11,8003392,8003392,352,474,316
2023-12-11,8003395,8000404,45,76,147
2023-12-11,8003395,8002806,52,77,139
2023-12-11,8003395,8003395,102,153,138
2023-12-11,8003462,8000100,32,44,100
2023-12-11,8003462,8003462,74,88,96
2023-12-11,8003462,8004616,40,44,94
2023-12-11,8003553,8000084,49,59,202
2023-12-11,8003553,8001886,29,41,323
2023-12-11,8003553,8001893,9,35,87
2023-12-11,8003553,8003553,85,119,239
2023-12-11,8003616,8000853,25,39,212
2023-12-11,8003616,8002490,22,36,129
2023-12-11,8003616,8003616,51,78,171
2023-12-11,8003668,8003668,82,118,276
2023-12-11,8003668,8003672,42,59,309
2023-12-11,8003668,8006713,42,59,245
2023-12-11,8003669,8000209,28,40,270
2023-12-11,8003669,8000853,31,40,143
2023-12-11,8003669,8003669,65,80,201
2023-12-11,8003671,8003160,11,13,145
2023-12-11,8003671,8003252,18,23,127
2023-12-11,8003671,8003361,3,3,90
2023-12-11,8003671,8003671,59,78,53
2023-12-11,8003671,8006280,23,39,-12
2023-12-11,8003672,8003540,35,59,290
2023-12-11,8003672,8003668,42,59,235
2023-12-11,8003672,8003672,84,118,273
2023-12-11,8003697,8000677,12,19,264
2023-12-11,8003697,8001113,11,20,105
2023-12-11,8003697,8002206,44,59,497
2023-12-11,8003697,8002718,14,20,146
2023-12-11,8003697,8003697,97,118,348
2023-12-11,8003732,8003375,81,101,166
2023-12-11,8003732,8003383,93,102,254
2023-12-11,8003732,8003732,175,203,196
2023-12-11,8003927,8000100,14,19,95
2023-12-11,8003927,8003158,18,18,100
2023-12-11,8003927,8003927,67,80,95
2023-12-11,8003927,8005298,20,23,113
2023-12-11,8003927,8005339,16,20,72
2023-12-11,8003931,8003931,85,114,81
2023-12-11,8003931,8003937,40,57,67
2023-12-11,8003931,8005057,35,57,73
2023-12-11,8003937,8003931,37,57,73
2023-12-11,8003937,8003937,81,114,74
2023-12-11,8003937,8006516,47,57,94
2023-12-11,8003966,8000135,1,1,750
2023-12-11,8003966,8001086,24,26,535
2023-12-11,8003966,8002104,14,25,475
2023-12-11,8003966,8003966,39,52,509
2023-12-11,8003990,8000084,45,49,328
2023-12-11,8003990,8001264,42,49,194
2023-12-11,8003990,8003990,86,98,242
2023-12-11,8004366,8001086,22,26,468
2023-12-11,8004366,8003386,24,26,558
2023-12-11,8004366,8004366,47,52,504
2023-12-11,8004519,8001557,16,20,178
2023-12-11,8004519,8002725,18,20,196
2023-12-11,8004519,8004519,35,40,189
2023-12-11,8004616,8003462,37,44,132
2023-12-11,8004616,8004616,77,88,96
2023-12-11,8004616,8005058,38,44,87
2023-12-11,8004739,8002988,26,38,137
2023-12-11,8004746,8002290,29,35,99
2023-12-11,8004746,8004746,56,71,93
2023-12-11,8004746,8006659,23,36,67
2023-12-11,8004869,8000135,25,37,191
2023-12-11,8004869,8000178,14,17,259
2023-12-11,8004869,8003379,44,57,155
2023-12-11,8004869,8004869,149,188,241
2023-12-11,8004869,8004873,45,57,262
2023-12-11,8004869,8004898,16,17,319
2023-12-11,8004873,8003330,56,65,177
2023-12-11,8004873,8004869,48,57,191
2023-12-11,8004873,8004873,204,244,237
2023-12-11,8004873,8005629,104,122,324
2023-12-11,8004898,8003330,17,20,357
2023-12-11,8004898,8004869,16,17,274
2023-12-11,8004898,8004898,68,80,375
2023-12-11,8004898,8005746,35,40,471
2023-12-11,8004907,8000178,11,36,25
2023-12-11,8004907,8000355,16,35,63
2023-12-11,8004907,8004907,27,71,47
2023-12-11,8005057,8003931,50,57,116
2023-12-11,8005057,8005057,83,114,85
2023-12-11,8005057,8005058,39,57,88
2023-12-11,8005058,8004616,35,44,95
2023-12-11,8005058,8005057,36,57,61
2023-12-11,8005058,8005058,71,88,93
2023-12-11,8005074,8000713,24,26,582
2023-12-11,8005074,8003386,17,26,402
2023-12-11,8005074,8005074,39,52,481
2023-12-11,8005134,8002932,29,40,247
2023-12-11,8005134,8005134,69,78,242
2023-12-11,8005134,8005143,36,38,271
2023-12-11,8005143,8003358,37,38,292
2023-12-11,8005143,8005134,38,40,307
2023-12-11,8005143,8005143,75,78,302
2023-12-11,8005152,8001091,25,27,96
2023-12-11,8005152,8005152,66,85,112
2023-12-11,8005152,8005499,36,42,125
2023-12-11,8005164,8000012,27,38,224
2023-12-11,8005164,8005164,60,76,178
2023-12-11,8005164,8005356,32,38,111
2023-12-11,8005298,8000100,21,23,93
2023-12-11,8005298,8003927,18,20,81
2023-12-11,8005298,8005298,38,43,107
2023-12-11,8005339,8003158,18,20,48
2023-12-11,8005339,8003927,16,23,67
2023-12-11,8005339,8005339,34,43,70
2023-12-11,8005356,8000012,12,18,205
2023-12-11,8005356,8001384,32,38,97
2023-12-11,8005356,8002768,14,18,165
2023-12-11,8005356,8005164,28,38,279
2023-12-11,8005356,8005356,83,112,185
2023-12-11,8005499,8001215,8,10,78
2023-12-11,8005499,8005152,34,43,96
2023-12-11,8005499,8005499,17,21,120
2023-12-11,8005575,8000178,48,62,171
2023-12-11,8005575,8001264,42,49,296
2023-12-11,8005575,8005575,85,98,251
2023-12-11,8005629,8000135,103,122,325
2023-12-11,8005629,8004873,74,122,133
2023-12-11,8005629,8005629,188,244,230
2023-12-11,8005743,8005745,0,35,0
2023-12-11,8005744,8005744,17,70,72
2023-12-11,8005744,8005745,17,35,149
2023-12-11,8005744,8098348,21,35,45
2023-12-11,8005745,8005743,17,35,149
2023-12-11,8005745,8005744,0,35,0
2023-12-11,8005745,8005745,17,70,74
2023-12-11,8005746,8004898,33,40,284
2023-12-11,8005746,8005159,31,40,449
2023-12-11,8005746,8005746,71,80,379
2023-12-11,8005935,8002206,45,60,254
2023-12-11,8005935,8002806,46,60,550
2023-12-11,8005935,8005935,89,120,390
2023-12-11,8006280,8000100,9,17,76
2023-12-11,8006280,8001416,11,22,-90
2023-12-11,8006280,8003671,32,39,110
2023-12-11,8006280,8006280,52,78,45
2023-12-11,8006516,8000495,38,57,82
2023-12-11,8006516,8003937,27,57,55
2023-12-11,8006516,8006516,66,114,62
2023-12-11,8006659,8000355,26,36,70
2023-12-11,8006659,8004746,31,35,92
2023-12-11,8006659,8006659,50,71,76
2023-12-11,8006713,8000209,34,40,360
2023-12-11,8006713,8000832,46,59,247
2023-12-11,8006713,8001584,34,39,251
2023-12-11,8006713,8003330,4,5,336
2023-12-11,8006713,8003668,40,59,308
2023-12-11,8006713,8006226,3,4,82
2023-12-11,8006713,8006713,158,208,279
2023-12-11,8070704,8000404,77,96,196
2023-12-11,8070704,8000406,32,37,277
2023-12-11,8070704,8070704,129,177,209
2023-12-11,8079140,8003366,84,104,498
2023-12-11,8079140,8003373,90,104,466
2023-12-11,8079140,8079140,169,208,477
2023-12-11,8098348,8005744,13,35,118
2023-12-11,8098348,8098348,42,70,84
2023-12-11,8098348,8099506,28,35,90
2023-12-11,8098349,8001917,1,19,2
2023-12-11,8099506,8000348,20,35,32
2023-12-11,8099506,8098348,15,35,99
2023-12-11,8099506,8099506,55,70,115
2023-12-12,8000012,8000012,31,40,586
2023-12-12,8000012,8001928,2,5,912
2023-12-12,8000012,8005164,16,38,148
2023-12-12,8000012,8005356,14,18,590
2023-12-12,8000012,8006501,15,15,586
2023-12-12,8000030,8002290,17,36,35
2023-12-12,8000084,8000084,63,83,463
2023-12-12,8000084,8000178,31,38,320
2023-12-12,8000084,8000348,0,1,0
2023-12-12,8000084,8003553,41,60,474
2023-12-12,8000084,8003990,25,49,130
2023-12-12,8000100,8000100,56,73,46
2023-12-12,8000100,8002402,17,23,52
2023-12-12,8000100,8003462,14,44,35
2023-12-12,8000100,8003927,17,18,70
2023-12-12,8000100,8005298,20,20,84
2023-12-12,8000100,8006280,14,16,56
2023-12-12,8000135,8000135,225,323,348
2023-12-12,8000135,8002104,25,26,787
2023-12-12,8000135,8002753,93,129,377
2023-12-12,8000135,8003330,15,20,392
2023-12-12,8000135,8004869,34,37,629
2023-12-12,8000135,8005629,70,123,200
2023-12-12,8000178,8000084,33,40,670
2023-12-12,8000178,8000178,158,237,287
2023-12-12,8000178,8000209,17,21,200
2023-12-12,8000178,8002389,44,101,121
2023-12-12,8000178,8004869,16,17,438
2023-12-12,8000178,8004907,21,35,72
2023-12-12,8000178,8005575,38,62,263
2023-12-12,8000209,8000178,15,21,534
2023-12-12,8000209,8000209,321,398,304
2023-12-12,8000209,8003310,40,59,347
2023-12-12,8000209,8003330,1,1,2250
2023-12-12,8000209,8003361,2,2,900
2023-12-12,8000209,8003363,3,3,150
2023-12-12,8000209,8003364,79,118,337
2023-12-12,8000209,8003367,1,1,450
2023-12-12,8000209,8003369,45,59,328
2023-12-12,8000209,8003669,37,40,110
2023-12-12,8000209,8006713,35,40,184
2023-12-12,8000348,8000084,1,1,330
2023-12-12,8000348,8000348,91,121,341
2023-12-12,8000348,8000406,36,40,656
2023-12-12,8000348,8001712,17,39,53
2023-12-12,8000348,8001886,36,40,283
2023-12-12,8000348,8099506,33,35,261
2023-12-12,8000355,8000355,38,71,47
2023-12-12,8000355,8004907,8,36,21
2023-12-12,8000355,8006659,20,35,74
2023-12-12,8000404,8000404,197,254,240
2023-12-12,8000404,8002806,32,50,263
2023-12-12,8000404,8003395,65,77,182
2023-12-12,8000404,8070704,65,81,281
2023-12-12,8000406,8000348,37,40,265
2023-12-12,8000406,8000406,129,158,301
2023-12-12,8000406,8001712,36,39,242
2023-12-12,8000406,8070704,23,36,68
2023-12-12,8000495,8000495,77,114,84
2023-12-12,8000495,8001084,40,57,88
2023-12-12,8000495,8006516,36,57,69
2023-12-12,8000502,8000502,11,37,54
2023-12-12,8000502,8000507,3,36,11
2023-12-12,8000502,8000521,12,19,120
2023-12-12,8000507,8000502,28,36,150
2023-12-12,8000507,8000507,31,72,81
2023-12-12,8000507,8002816,4,36,19
2023-12-12,8000510,8000510,11,38,47
2023-12-12,8000510,8000527,0,19,0
2023-12-12,8000510,8001917,10,19,96
2023-12-12,8000521,8000502,0,19,0
2023-12-12,8000521,8000521,11,38,58
2023-12-12,8000521,8000527,12,19,117
2023-12-12,8000527,8000510,11,19,104
2023-12-12,8000527,8000521,0,19,0
2023-12-12,8000527,8000527,12,38,61
2023-12-12,8000677,8000677,63,78,271
2023-12-12,8000677,8001113,14,20,249
2023-12-12,8000677,8001839,30,39,253
2023-12-12,8000677,8003697,18,19,343
2023-12-12,8000713,8000713,44,52,559
2023-12-12,8000713,8005074,18,26,354
2023-12-12,8000713,8005970,25,26,796
2023-12-12,8000832,8000832,82,118,367
2023-12-12,8000832,8003310,43,59,396
2023-12-12,8000832,8006713,37,59,346
2023-12-12,8000853,8000853,94,114,302
2023-12-12,8000853,8001506,14,18,372
2023-12-12,8000853,8003616,31,39,200
2023-12-12,8000853,8003669,33,40,204
2023-12-12,8000853,8006719,17,18,740
2023-12-12,8000899,8001566,37,59,269
2023-12-12,8001081,8001081,71,114,73
2023-12-12,8001081,8001084,30,57,62
2023-12-12,8001081,8001088,33,57,81
2023-12-12,8001082,8001082,78,89,244
2023-12-12,8001082,8001085,40,43,200
2023-12-12,8001082,8001091,35,44,271
2023-12-12,8001082,8004604,2,2,915
2023-12-12,8001084,8000495,40,57,76
2023-12-12,8001084,8001081,38,57,91
2023-12-12,8001084,8001084,77,114,79
2023-12-12,8001085,8001082,32,42,259
2023-12-12,8001085,8001085,63,78,209
2023-12-12,8001085,8004604,13,16,56
2023-12-12,8001085,8005153,21,23,210
2023-12-12,8001086,8001086,46,52,557
2023-12-12,8001086,8003966,20,26,339
2023-12-12,8001086,8004366,26,26,762
2023-12-12,8001088,8001081,39,57,72
2023-12-12,8001088,8001088,74,114,73
2023-12-12,8001091,8001082,30,45,197
2023-12-12,8001091,8001091,69,89,230
2023-12-12,8001091,8001215,1,2,60
2023-12-12,8001091,8005152,23,26,272
2023-12-12,8001113,8000677,19,20,410
2023-12-12,8001113,8001113,33,40,332
2023-12-12,8001113,8003697,16,20,276
2023-12-12,8001215,8001091,2,2,1020
2023-12-12,8001215,8001215,21,25,353
2023-12-12,8001215,8003160,8,10,171
2023-12-12,8001215,8003361,1,2,60
2023-12-12,8001215,8005499,10,11,469
2023-12-12,8001264,8001264,59,98,195
2023-12-12,8001264,8003990,24,49,232
2023-12-12,8001264,8005575,28,49,166
2023-12-12,8001384,8001384,48,77,258
2023-12-12,8001384,8002768,22,38,189
2023-12-12,8001384,8005356,26,39,332
2023-12-12,8001416,8001416,36,44,72
2023-12-12,8001416,8002402,17,22,74
2023-12-12,8001416,8006280,20,22,75
2023-12-12,8001557,8001557,36,40,363
2023-12-12,8001557,8002720,18,20,344
2023-12-12,8001557,8004519,18,20,372
2023-12-12,8001566,8000899,51,59,372
2023-12-12,8001566,8001566,93,118,322
2023-12-12,8001566,8003367,43,59,283
2023-12-12,8001712,8000348,38,39,278
2023-12-12,8001712,8000406,20,39,68
2023-12-12,8001712,8001712,58,78,157
2023-12-12,8001736,8001736,75,113,381
2023-12-12,8001736,8002753,15,20,578
2023-12-12,8001736,8002768,41,57,443
2023-12-12,8001736,8003987,19,36,182
2023-12-12,8001839,8000318,19,21,204
2023-12-12,8001839,8000677,31,39,282
2023-12-12,8001839,8001839,70,80,272
2023-12-12,8001839,8002784,18,20,370
2023-12-12,8001886,8000348,34,41,674
2023-12-12,8001886,8001886,69,81,473
2023-12-12,8001886,8003553,35,40,298
2023-12-12,8001887,8001888,1,34,2
2023-12-12,8001888,8001887,13,36,52
2023-12-12,8001888,8001888,16,70,30
2023-12-12,8001888,8001889,4,34,9
2023-12-12,8001889,8001888,12,36,44
2023-12-12,8001889,8001889,17,70,22
2023-12-12,8001889,8001893,11,34,30
2023-12-12,8001893,8001889,11,36,26
2023-12-12,8001893,8001893,22,69,31
2023-12-12,8001893,8003553,16,35,48
2023-12-12,8001917,8000510,16,19,25
2023-12-12,8001917,8001917,27,38,67
2023-12-12,8001917,8098349,11,19,111
2023-12-12,8002104,8000135,16,25,334
2023-12-12,8002104,8002104,41,51,564
2023-12-12,8002104,8003966,25,26,790
2023-12-12,8002206,8001839,2,2,510
2023-12-12,8002206,8002206,108,120,312
2023-12-12,8002206,8003697,54,59,288
2023-12-12,8002206,8005935,52,60,358
2023-12-12,8002290,8000030,14,35,53
2023-12-12,8002290,8002290,57,71,62
2023-12-12,8002290,8004746,31,36,73
2023-12-12,8002389,8000178,66,102,282
2023-12-12,8002389,8002389,112,203,198
2023-12-12,8002389,8003383,44,101,121
2023-12-12,8002402,8000100,14,22,56
2023-12-12,8002402,8001416,19,22,49
2023-12-12,8002402,8002402,37,45,58
2023-12-12,8002402,8006280,1,1,30
2023-12-12,8002718,8002718,38,40,368
2023-12-12,8002718,8002719,20,20,388
2023-12-12,8002718,8003697,18,20,354
2023-12-12,8002719,8002718,18,20,350
2023-12-12,8002719,8002719,37,40,366
2023-12-12,8002719,8002720,20,20,405
2023-12-12,8002720,8001557,18,20,382
2023-12-12,8002720,8002719,19,20,352
2023-12-12,8002720,8002720,37,40,364
2023-12-12,8002721,8002725,9,20,70
2023-12-12,8002725,8002721,20,20,442
2023-12-12,8002725,8002725,34,40,295
2023-12-12,8002725,8004519,18,20,274
2023-12-12,8002753,8000135,81,125,256
2023-12-12,8002753,8001736,17,20,586
2023-12-12,8002753,8002753,100,149,339
2023-12-12,8002753,8002775,36,57,332
2023-12-12,8002768,8001384,24,39,334
2023-12-12,8002768,8001736,40,56,332
2023-12-12,8002768,8002768,82,113,389
2023-12-12,8002768,8005356,17,18,690
2023-12-12,8002775,8001006,26,42,300
2023-12-12,8002775,8002753,32,56,151
2023-12-12,8002775,8002775,63,113,238
2023-12-12,8002775,8003987,11,15,464
2023-12-12,8002804,8002804,27,72,54
2023-12-12,8002804,8002806,10,36,43
2023-12-12,8002804,8002816,29,36,107
2023-12-12,8002806,8000404,40,51,287
2023-12-12,8002806,8002206,2,2,465
2023-12-12,8002806,8002804,24,36,98
2023-12-12,8002806,8002806,197,256,239
2023-12-12,8002806,8003395,59,76,234
2023-12-12,8002806,8005935,49,60,224
2023-12-12,8002806,8400043,22,31,412
2023-12-12,8002816,8000507,25,36,126
2023-12-12,8002816,8002804,3,36,25
2023-12-12,8002816,8002816,32,72,73
2023-12-12,8002932,8002932,69,78,318
2023-12-12,8002932,8002988,36,37,482
2023-12-12,8002932,8004739,2,3,110
2023-12-12,8002932,8005134,31,38,202
2023-12-12,8002988,8002932,28,38,203
2023-12-12,8002988,8002988,58,75,328
2023-12-12,8002988,8004739,25,37,424
2023-12-12,8003158,8003927,15,19,35
2023-12-12,8003158,8005339,13,23,48
2023-12-12,8003160,8001215,10,11,406
2023-12-12,8003160,8003160,19,29,211
2023-12-12,8003160,8003252,5,23,27
2023-12-12,8003160,8003361,8,14,120
2023-12-12,8003160,8003671,7,13,18
2023-12-12,8003252,8003160,17,23,63
2023-12-12,8003252,8003252,19,46,38
2023-12-12,8003252,8003671,18,23,48
2023-12-12,8003310,8000209,53,59,461
2023-12-12,8003310,8000832,42,59,362
2023-12-12,8003310,8003310,85,118,372
2023-12-12,8003320,8003320,213,323,265
2023-12-12,8003320,8003358,84,105,331
2023-12-12,8003320,8003370,41,57,248
2023-12-12,8003320,8003392,114,161,290
2023-12-12,8003330,8000010,1,1,810
2023-12-12,8003330,8000135,20,20,582
2023-12-12,8003330,8000209,1,1,150
2023-12-12,8003330,8000667,2,2,480
2023-12-12,8003330,8001506,12,16,52
2023-12-12,8003330,8003330,120,177,302
2023-12-12,8003330,8003358,34,65,183
2023-12-12,8003330,8003363,3,6,185
2023-12-12,8003330,8004873,44,65,302
2023-12-12,8003330,8004898,19,19,491
2023-12-12,8003330,8006713,3,5,0
2023-12-12,8003358,8003320,58,103,227
2023-12-12,8003358,8003330,45,65,313
2023-12-12,8003358,8003358,145,208,297
2023-12-12,8003358,8005143,37,40,460
2023-12-12,8003360,8003360,178,208,365
2023-12-12,8003360,8003371,93,104,501
2023-12-12,8003360,8003372,89,104,267
2023-12-12,8003361,8001215,2,2,1095
2023-12-12,8003361,8003160,11,15,302
2023-12-12,8003361,8003361,29,42,426
2023-12-12,8003361,8003363,13,17,132
2023-12-12,8003361,8003671,2,3,170
2023-12-12,8003362,8003362,164,208,360
2023-12-12,8003362,8003365,88,104,502
2023-12-12,8003362,8003371,74,104,230
2023-12-12,8003363,8000209,1,1,390
2023-12-12,8003363,8003330,6,6,355
2023-12-12,8003363,8003361,14,18,270
2023-12-12,8003363,8003363,29,35,212
2023-12-12,8003364,8000209,100,118,377
2023-12-12,8003364,8003364,187,236,354
2023-12-12,8003364,8003392,98,116,404
2023-12-12,8003365,8003362,75,104,240
2023-12-12,8003365,8003365,171,208,376
2023-12-12,8003365,8003366,88,104,511
2023-12-12,8003366,8003365,84,104,250
2023-12-12,8003366,8003366,169,208,375
2023-12-12,8003366,8079140,89,104,517
2023-12-12,8003367,8001566,46,59,325
2023-12-12,8003367,8003367,84,118,292
2023-12-12,8003367,8003369,38,60,246
2023-12-12,8003369,8000209,49,60,292
2023-12-12,8003369,8003367,44,59,318
2023-12-12,8003369,8003369,95,119,300
2023-12-12,8003371,8003360,91,104,248
2023-12-12,8003371,8003362,86,104,471
2023-12-12,8003371,8003371,183,208,370
2023-12-12,8003372,8003360,93,104,466
2023-12-12,8003372,8003372,171,208,363
2023-12-12,8003372,8003392,83,115,280
2023-12-12,8003373,8001507,36,59,302
2023-12-12,8003373,8003373,80,116,266
2023-12-12,8003373,8079140,55,104,197
2023-12-12,8003375,8003375,125,203,204
2023-12-12,8003375,8003392,60,103,160
2023-12-12,8003375,8003732,67,102,279
2023-12-12,8003379,8003370,44,58,294
2023-12-12,8003379,8003379,87,115,299
2023-12-12,8003379,8004869,43,57,334
2023-12-12,8003383,8002389,70,102,279
2023-12-12,8003383,8003383,130,203,210
2023-12-12,8003383,8003732,60,101,126
2023-12-12,8003386,8003386,44,52,545
2023-12-12,8003386,8004366,18,26,339
2023-12-12,8003386,8005074,25,26,735
2023-12-12,8003392,8003320,107,162,245
2023-12-12,8003392,8003364,104,114,354
2023-12-12,8003392,8003372,101,118,456
2023-12-12,8003392,8003375,64,104,266
2023-12-12,8003392,8003392,326,475,310
2023-12-12,8003395,8000404,55,76,225
2023-12-12,8003395,8002806,63,77,182
2023-12-12,8003395,8003395,124,153,205
2023-12-12,8003462,8000100,34,44,117
2023-12-12,8003462,8003462,68,88,108
2023-12-12,8003462,8004616,34,44,98
2023-12-12,8003553,8000084,41,59,208
2023-12-12,8003553,8001886,35,41,653
2023-12-12,8003553,8001893,7,35,24
2023-12-12,8003553,8003553,84,119,351
2023-12-12,8003616,8000853,29,39,175
2023-12-12,8003616,8002490,28,36,180
2023-12-12,8003616,8003616,58,78,174
2023-12-12,8003668,8003668,86,118,375
2023-12-12,8003668,8003672,40,59,363
2023-12-12,8003668,8006713,48,59,395
2023-12-12,8003669,8000209,31,40,191
2023-12-12,8003669,8000853,38,40,182
2023-12-12,8003669,8003669,71,80,184
2023-12-12,8003671,8003160,12,13,111
2023-12-12,8003671,8003252,17,23,67
2023-12-12,8003671,8003361,3,3,100
2023-12-12,8003671,8003671,62,78,63
2023-12-12,8003671,8006280,20,39,44
2023-12-12,8003672,8003540,38,59,345
2023-12-12,8003672,8003668,46,59,368
2023-12-12,8003672,8003672,86,118,366
2023-12-12,8003697,8000677,12,19,93
2023-12-12,8003697,8001113,19,20,384
2023-12-12,8003697,8002206,53,59,363
2023-12-12,8003697,8002718,18,20,368
2023-12-12,8003697,8003697,100,118,323
2023-12-12,8003732,8003375,65,101,146
2023-12-12,8003732,8003383,70,102,295
2023-12-12,8003732,8003732,135,203,211
2023-12-12,8003927,8000100,11,19,41
2023-12-12,8003927,8003158,18,18,87
2023-12-12,8003927,8003927,67,80,66
2023-12-12,8003927,8005298,20,23,77
2023-12-12,8003927,8005339,17,20,76
2023-12-12,8003931,8003931,80,114,87
2023-12-12,8003931,8003937,37,57,78
2023-12-12,8003931,8005057,39,57,77
2023-12-12,8003937,8003931,39,57,77
2023-12-12,8003937,8003937,78,114,84
2023-12-12,8003937,8006516,41,57,107
2023-12-12,8003966,8000135,1,1,150
2023-12-12,8003966,8001086,26,26,778
2023-12-12,8003966,8002104,16,25,338
2023-12-12,8003966,8003966,42,52,553
2023-12-12,8003990,8000084,27,49,239
2023-12-12,8003990,8001264,33,49,159
2023-12-12,8003990,8003990,60,98,194
2023-12-12,8004366,8001086,22,26,353
2023-12-12,8004366,8003386,25,26,752
2023-12-12,8004366,8004366,48,52,561
2023-12-12,8004519,8001557,17,20,340
2023-12-12,8004519,8002725,18,20,408
2023-12-12,8004519,8004519,36,40,376
2023-12-12,8004616,8003462,34,44,145
2023-12-12,8004616,8004616,67,88,100
2023-12-12,8004616,8005058,31,44,91
2023-12-12,8004739,8002988,24,38,169
2023-12-12,8004746,8002290,26,35,87
2023-12-12,8004746,8004746,60,71,77
2023-12-12,8004746,8006659,23,36,42
2023-12-12,8004869,8000135,32,37,539
2023-12-12,8004869,8000178,16,17,761
2023-12-12,8004869,8003379,44,58,293
2023-12-12,8004869,8004869,157,189,430
2023-12-12,8004869,8004873,44,57,346
2023-12-12,8004869,8004898,16,17,424
2023-12-12,8004873,8003330,36,65,195
2023-12-12,8004873,8004869,46,58,323
2023-12-12,8004873,8004873,168,245,276
2023-12-12,8004873,8005629,83,122,331
2023-12-12,8004898,8003330,18,20,434
2023-12-12,8004898,8004869,17,17,508
2023-12-12,8004898,8004898,68,80,388
2023-12-12,8004898,8005746,37,40,424
2023-12-12,8004907,8000178,10,36,18
2023-12-12,8004907,8000355,15,35,65
2023-12-12,8004907,8004907,32,71,47
2023-12-12,8005057,8003931,43,57,117
2023-12-12,8005057,8005057,69,114,87
2023-12-12,8005057,8005058,29,57,84
2023-12-12,8005058,8004616,34,44,95
2023-12-12,8005058,8005057,37,57,71
2023-12-12,8005058,8005058,68,88,99
2023-12-12,8005074,8000713,25,26,747
2023-12-12,8005074,8003386,18,26,355
2023-12-12,8005074,8005074,43,52,549
2023-12-12,8005134,8002932,31,40,412
2023-12-12,8005134,8005134,63,78,341
2023-12-12,8005134,8005143,31,38,314
2023-12-12,8005143,8003358,30,38,352
2023-12-12,8005143,8005134,34,40,479
2023-12-12,8005143,8005143,64,78,414
2023-12-12,8005152,8001091,24,27,252
2023-12-12,8005152,8005152,67,85,225
2023-12-12,8005152,8005499,35,42,259
2023-12-12,8005164,8000012,23,39,289
2023-12-12,8005164,8005164,51,77,246
2023-12-12,8005164,8005356,25,38,182
2023-12-12,8005298,8000100,19,23,72
2023-12-12,8005298,8003927,20,20,81
2023-12-12,8005298,8005298,39,43,87
2023-12-12,8005339,8003158,19,20,56
2023-12-12,8005339,8003927,14,23,46
2023-12-12,8005339,8005339,35,43,68
2023-12-12,8005356,8000012,17,18,718
2023-12-12,8005356,8001384,25,38,182
2023-12-12,8005356,8002768,14,18,597
2023-12-12,8005356,8005164,26,39,336
2023-12-12,8005356,8005356,80,113,381
2023-12-12,8005499,8001215,7,10,174
2023-12-12,8005499,8005152,34,43,179
2023-12-12,8005499,8005499,17,21,331
2023-12-12,8005575,8000178,32,62,171
2023-12-12,8005575,8001264,29,49,246
2023-12-12,8005575,8005575,57,98,208
2023-12-12,8005629,8000135,87,122,341
2023-12-12,8005629,8004873,66,123,202
2023-12-12,8005629,8005629,158,245,269
2023-12-12,8005743,8005745,0,35,0
2023-12-12,8005744,8005744,26,70,75
2023-12-12,8005744,8005745,26,35,156
2023-12-12,8005744,8098348,21,35,45
2023-12-12,8005745,8005743,26,35,158
2023-12-12,8005745,8005744,0,35,0
2023-12-12,8005745,8005745,26,70,77
2023-12-12,8005746,8004898,32,40,363
2023-12-12,8005746,8005159,35,40,407
2023-12-12,8005746,8005746,69,80,399
2023-12-12,8005935,8002206,52,60,230
2023-12-12,8005935,8002806,52,60,357
2023-12-12,8005935,8005935,106,120,285
2023-12-12,8006280,8000100,9,17,25
2023-12-12,8006280,8001416,10,22,52
2023-12-12,8006280,8003671,31,39,77
2023-12-12,8006280,8006280,50,78,61
2023-12-12,8006516,8000495,37,57,91
2023-12-12,8006516,8003937,28,57,65
2023-12-12,8006516,8006516,67,114,74
2023-12-12,8006659,8000355,28,36,54
2023-12-12,8006659,8004746,29,35,81
2023-12-12,8006659,8006659,48,71,60
2023-12-12,8006713,8000209,33,40,457
2023-12-12,8006713,8000832,50,59,399
2023-12-12,8006713,8001584,34,39,237
2023-12-12,8006713,8003330,2,5,180
2023-12-12,8006713,8003668,38,59,365
2023-12-12,8006713,8006226,2,4,225
2023-12-12,8006713,8006713,157,208,350
2023-12-12,8070704,8000404,87,96,173
2023-12-12,8070704,8000406,37,37,239
2023-12-12,8070704,8070704,151,177,231
2023-12-12,8079140,8003366,79,104,227
2023-12-12,8079140,8003373,88,104,489
2023-12-12,8079140,8079140,159,208,366
2023-12-12,8098348,8005744,20,35,117
2023-12-12,8098348,8098348,48,70,88
2023-12-12,8098348,8099506,30,35,75
2023-12-12,8098349,8001917,1,19,2
2023-12-12,8099506,8000348,17,35,20
2023-12-12,8099506,8098348,21,35,139
2023-12-12,8099506,8099506,63,70,135
2023-12-13,8000012,8000012,27,40,471
2023-12-13,8000012,8001928,1,5,426
2023-12-13,8000012,8005164,17,38,60
2023-12-13,8000012,8005356,14,18,700
2023-12-13,8000012,8006501,12,15,330
2023-12-13,8000030,8002290,19,36,107
2023-12-13,8000084,8000084,50,83,293
2023-12-13,8000084,8000178,23,38,217
2023-12-13,8000084,8000348,1,1,330
2023-12-13,8000084,8003553,27,60,266
2023-12-13,8000084,8003990,21,49,114
2023-12-13,8000100,8000100,54,73,98
2023-12-13,8000100,8002402,17,23,90
2023-12-13,8000100,8003462,13,44,10
2023-12-13,8000100,8003927,16,18,167
2023-12-13,8000100,8005298,17,20,147
2023-12-13,8000100,8006280,10,16,66
2023-12-13,8000135,8000135,217,332,263
2023-12-13,8000135,8002104,26,26,657
2023-12-13,8000135,8002753,102,141,239
2023-12-13,8000135,8003330,18,20,672
2023-12-13,8000135,8004869,31,37,532
2023-12-13,8000135,8005629,68,122,104
2023-12-13,8000178,8000084,31,40,423
2023-12-13,8000178,8000178,167,237,221
2023-12-13,8000178,8000209,18,21,267
2023-12-13,8000178,8002389,38,101,80
2023-12-13,8000178,8004869,13,17,339
2023-12-13,8000178,8004907,16,35,98
2023-12-13,8000178,8005575,51,62,201
2023-12-13,8000209,8000178,19,21,481
2023-12-13,8000209,8000209,319,398,218
2023-12-13,8000209,8003310,30,59,157
2023-12-13,8000209,8003330,1,1,840
2023-12-13,8000209,8003361,2,2,585
2023-12-13,8000209,8003363,3,3,400
2023-12-13,8000209,8003364,66,118,146
2023-12-13,8000209,8003367,1,1,60
2023-12-13,8000209,8003369,46,59,212
2023-12-13,8000209,8003669,34,40,148
2023-12-13,8000209,8006713,37,40,296
2023-12-13,8000348,8000084,1,1,30
2023-12-13,8000348,8000348,78,121,235
2023-12-13,8000348,8000406,27,40,387
2023-12-13,8000348,8001712,15,39,75
2023-12-13,8000348,8001886,31,40,224
2023-12-13,8000348,8099506,30,35,218
2023-12-13,8000355,8000355,44,71,116
2023-12-13,8000355,8004907,12,36,92
2023-12-13,8000355,8006659,20,35,146
2023-12-13,8000404,8000404,189,254,362
2023-12-13,8000404,8002806,39,50,566
2023-12-13,8000404,8003395,62,77,163
2023-12-13,8000404,8070704,62,81,187
2023-12-13,8000406,8000348,31,40,192
2023-12-13,8000406,8000406,107,158,213
2023-12-13,8000406,8001712,33,39,203
2023-12-13,8000406,8070704,23,36,116
2023-12-13,8000495,8000495,69,114,46
2023-12-13,8000495,8001084,38,57,51
2023-12-13,8000495,8006516,29,57,37
2023-12-13,8000502,8000502,16,37,88
2023-12-13,8000502,8000507,2,36,18
2023-12-13,8000502,8000521,17,19,210
2023-12-13,8000507,8000502,32,36,218
2023-12-13,8000507,8000507,34,72,108
2023-12-13,8000507,8002816,3,36,13
2023-12-13,8000510,8000510,20,38,94
2023-12-13,8000510,8000527,0,19,0
2023-12-13,8000510,8001917,18,19,182
2023-12-13,8000521,8000502,0,19,0
2023-12-13,8000521,8000521,17,38,107
2023-12-13,8000521,8000527,17,19,219
2023-12-13,8000527,8000510,19,19,204
2023-12-13,8000527,8000521,0,19,0
2023-12-13,8000527,8000527,17,38,115
2023-12-13,8000677,8000677,64,78,668
2023-12-13,8000677,8001113,14,20,224
2023-12-13,8000677,8001839,30,39,407
2023-12-13,8000677,8003697,19,19,1683
2023-12-13,8000713,8000713,47,52,650
2023-12-13,8000713,8005074,21,26,531
2023-12-13,8000713,8005970,26,26,774
2023-12-13,8000832,8000832,72,118,177
2023-12-13,8000832,8003310,37,59,204
2023-12-13,8000832,8006713,32,59,158
2023-12-13,8000853,8000853,94,114,358
2023-12-13,8000853,8001506,17,18,1032
2023-12-13,8000853,8003616,32,39,191
2023-12-13,8000853,8003669,33,40,216
2023-12-13,8000853,8006719,16,18,458
2023-12-13,8000899,8001566,50,59,169
2023-12-13,8001081,8001081,69,114,41
2023-12-13,8001081,8001084,29,57,35
2023-12-13,8001081,8001088,29,57,36
2023-12-13,8001082,8001082,81,89,217
2023-12-13,8001082,8001085,40,43,226
2023-12-13,8001082,8001091,39,44,191
2023-12-13,8001082,8004604,2,2,1080
2023-12-13,8001084,8000495,41,57,45
2023-12-13,8001084,8001081,35,57,49
2023-12-13,8001084,8001084,74,114,44
2023-12-13,8001085,8001082,30,42,163
2023-12-13,8001085,8001085,61,78,150
2023-12-13,8001085,8004604,13,16,75
2023-12-13,8001085,8005153,20,23,185
2023-12-13,8001086,8001086,50,52,619
2023-12-13,8001086,8003966,24,26,563
2023-12-13,8001086,8004366,26,26,683
2023-12-13,8001088,8001081,40,57,46
2023-12-13,8001088,8001088,70,114,40
2023-12-13,8001091,8001082,31,45,224
2023-12-13,8001091,8001091,63,89,207
2023-12-13,8001091,8001215,2,2,180
2023-12-13,8001091,8005152,23,26,204
2023-12-13,8001113,8000677,15,20,165
2023-12-13,8001113,8001113,30,40,192
2023-12-13,8001113,8003697,16,20,200
2023-12-13,8001215,8001091,2,2,1170
2023-12-13,8001215,8001215,21,25,620
2023-12-13,8001215,8003160,6,10,354
2023-12-13,8001215,8003361,2,2,195
2023-12-13,8001215,8005499,11,11,818
2023-12-13,8001264,8001264,72,98,153
2023-12-13,8001264,8003990,30,49,162
2023-12-13,8001264,8005575,36,49,147
2023-12-13,8001384,8001384,53,76,154
2023-12-13,8001384,8002768,27,38,109
2023-12-13,8001384,8005356,25,38,204
2023-12-13,8001416,8001416,32,44,105
2023-12-13,8001416,8002402,13,22,109
2023-12-13,8001416,8006280,19,22,105
2023-12-13,8001557,8001557,35,40,185
2023-12-13,8001557,8002720,18,20,182
2023-12-13,8001557,8004519,14,20,174
2023-12-13,8001566,8000899,59,59,258
2023-12-13,8001566,8001566,113,118,211
2023-12-13,8001566,8003367,54,59,177
2023-12-13,8001712,8000348,37,39,256
2023-12-13,8001712,8000406,18,39,99
2023-12-13,8001712,8001712,50,78,152
2023-12-13,8001736,8001736,76,112,271
2023-12-13,8001736,8002753,14,20,634
2023-12-13,8001736,8002768,38,56,257
2023-12-13,8001736,8003987,23,36,98
2023-12-13,8001839,8000318,21,21,696
2023-12-13,8001839,8000677,33,39,925
2023-12-13,8001839,8001839,68,80,655
2023-12-13,8001839,8002784,11,20,148
2023-12-13,8001886,8000348,27,41,394
2023-12-13,8001886,8001886,54,81,302
2023-12-13,8001886,8003553,30,40,227
2023-12-13,8001887,8001888,0,34,0
2023-12-13,8001888,8001887,0,36,0
2023-12-13,8001888,8001888,0,70,0
2023-12-13,8001888,8001889,0,34,0
2023-12-13,8001889,8001888,0,36,0
2023-12-13,8001889,8001889,0,70,0
2023-12-13,8001889,8001893,0,34,0
2023-12-13,8001893,8001889,0,36,0
2023-12-13,8001893,8001893,0,69,0
2023-12-13,8001893,8003553,0,35,0
2023-12-13,8001917,8000510,13,19,21
2023-12-13,8001917,8001917,32,38,105
2023-12-13,8001917,8098349,19,19,193
2023-12-13,8002104,8000135,21,25,526
2023-12-13,8002104,8002104,47,51,595
2023-12-13,8002104,8003966,26,26,665
2023-12-13,8002206,8001839,2,2,225
2023-12-13,8002206,8002206,102,120,504
2023-12-13,8002206,8003697,52,59,344
2023-12-13,8002206,8005935,45,60,631
2023-12-13,8002290,8000030,15,35,125
2023-12-13,8002290,8002290,55,71,136
2023-12-13,8002290,8004746,29,36,143
2023-12-13,8002389,8000178,67,102,152
2023-12-13,8002389,8002389,108,203,113
2023-12-13,8002389,8003383,40,101,79
2023-12-13,8002402,8000100,13,22,97
2023-12-13,8002402,8001416,20,22,90
2023-12-13,8002402,8002402,32,45,95
2023-12-13,8002402,8006280,1,1,30
2023-12-13,8002718,8002718,33,40,180
2023-12-13,8002718,8002719,17,20,194
2023-12-13,8002718,8003697,16,20,183
2023-12-13,8002719,8002718,16,20,170
2023-12-13,8002719,8002719,33,40,188
2023-12-13,8002719,8002720,17,20,218
2023-12-13,8002720,8001557,17,20,196
2023-12-13,8002720,8002719,18,20,190
2023-12-13,8002720,8002720,35,40,190
2023-12-13,8002721,8002725,7,20,39
2023-12-13,8002725,8002721,20,20,231
2023-12-13,8002725,8002725,30,40,147
2023-12-13,8002725,8004519,18,20,123
2023-12-13,8002753,8000135,71,141,163
2023-12-13,8002753,8001736,12,20,334
2023-12-13,8002753,8002753,109,152,231
2023-12-13,8002753,8002775,41,56,191
2023-12-13,8002768,8001384,24,38,206
2023-12-13,8002768,8001736,42,56,302
2023-12-13,8002768,8002768,80,112,282
2023-12-13,8002768,8005356,12,18,360
2023-12-13,8002775,8001006,31,41,179
2023-12-13,8002775,8002753,34,56,80
2023-12-13,8002775,8002775,72,112,141
2023-12-13,8002775,8003987,13,15,334
2023-12-13,8002804,8002804,28,72,83
2023-12-13,8002804,8002806,14,36,37
2023-12-13,8002804,8002816,30,36,175
2023-12-13,8002806,8000404,36,51,760
2023-12-13,8002806,8002206,2,2,180
2023-12-13,8002806,8002804,28,36,161
2023-12-13,8002806,8002806,195,256,360
2023-12-13,8002806,8003395,51,76,157
2023-12-13,8002806,8005935,53,60,344
2023-12-13,8002806,8400043,22,30,536
2023-12-13,8002806,8400548,0,1,0
2023-12-13,8002816,8000507,29,36,185
2023-12-13,8002816,8002804,3,36,28
2023-12-13,8002816,8002816,34,72,107
2023-12-13,8002932,8002932,74,78,110
2023-12-13,8002932,8002988,35,37,161
2023-12-13,8002932,8004739,1,3,-10
2023-12-13,8002932,8005134,37,38,84
2023-12-13,8002988,8002932,32,38,114
2023-12-13,8002988,8002988,56,75,126
2023-12-13,8002988,8004739,20,37,121
2023-12-13,8003158,8003927,9,19,30
2023-12-13,8003158,8005339,15,23,93
2023-12-13,8003160,8001215,11,11,734
2023-12-13,8003160,8003160,19,29,444
2023-12-13,8003160,8003252,5,23,85
2023-12-13,8003160,8003361,6,14,294
2023-12-13,8003160,8003671,6,13,23
2023-12-13,8003252,8003160,17,23,113
2023-12-13,8003252,8003252,21,46,91
2023-12-13,8003252,8003671,10,23,90
2023-12-13,8003310,8000209,48,59,215
2023-12-13,8003310,8000832,36,59,173
2023-12-13,8003310,8003310,73,118,180
2023-12-13,8003320,8003320,211,322,136
2023-12-13,8003320,8003358,102,105,231
2023-12-13,8003320,8003370,34,57,144
2023-12-13,8003320,8003392,114,160,122
2023-12-13,8003330,8000010,1,1,1110
2023-12-13,8003330,8000135,20,20,513
2023-12-13,8003330,8000209,1,1,1440
2023-12-13,8003330,8000667,1,2,660
2023-12-13,8003330,8001506,13,16,69
2023-12-13,8003330,8003330,150,177,320
2023-12-13,8003330,8003358,46,65,153
2023-12-13,8003330,8003363,4,6,280
2023-12-13,8003330,8004873,59,65,269
2023-12-13,8003330,8004898,17,19,876
2023-12-13,8003330,8006713,4,5,138
2023-12-13,8003358,8003320,77,103,135
2023-12-13,8003358,8003330,60,65,288
2023-12-13,8003358,8003358,179,208,201
2023-12-13,8003358,8005143,38,40,180
2023-12-13,8003360,8003360,178,208,233
2023-12-13,8003360,8003371,92,104,306
2023-12-13,8003360,8003372,90,104,180
2023-12-13,8003361,8001215,2,2,1170
2023-12-13,8003361,8003160,11,15,596
2023-12-13,8003361,8003361,31,42,502
2023-12-13,8003361,8003363,12,17,289
2023-12-13,8003361,8003671,3,3,900
2023-12-13,8003362,8003362,167,208,226
2023-12-13,8003362,8003365,93,104,307
2023-12-13,8003362,8003371,67,104,164
2023-12-13,8003363,8000209,1,1,930
2023-12-13,8003363,8003330,5,6,310
2023-12-13,8003363,8003361,14,18,647
2023-12-13,8003363,8003363,27,35,475
2023-12-13,8003364,8000209,97,118,227
2023-12-13,8003364,8003364,175,236,187
2023-12-13,8003364,8003392,96,116,185
2023-12-13,8003365,8003362,75,104,169
2023-12-13,8003365,8003365,180,208,245
2023-12-13,8003365,8003366,94,104,322
2023-12-13,8003366,8003365,86,104,185
2023-12-13,8003366,8003366,178,208,255
2023-12-13,8003366,8079140,96,104,338
2023-12-13,8003367,8001566,41,59,198
2023-12-13,8003367,8003367,94,118,178
2023-12-13,8003367,8003369,47,60,149
2023-12-13,8003369,8000209,55,60,162
2023-12-13,8003369,8003367,41,59,193
2023-12-13,8003369,8003369,101,119,184
2023-12-13,8003371,8003360,94,104,179
2023-12-13,8003371,8003362,85,104,275
2023-12-13,8003371,8003371,186,208,243
2023-12-13,8003372,8003360,94,104,295
2023-12-13,8003372,8003372,172,208,229
2023-12-13,8003372,8003392,88,115,169
2023-12-13,8003373,8001507,43,59,227
2023-12-13,8003373,8003373,97,116,226
2023-12-13,8003373,8079140,61,104,147
2023-12-13,8003375,8003375,126,203,122
2023-12-13,8003375,8003392,57,103,108
2023-12-13,8003375,8003732,72,102,155
2023-12-13,8003379,8003370,30,57,74
2023-12-13,8003379,8003379,65,114,119
2023-12-13,8003379,8004869,33,57,172
2023-12-13,8003383,8002389,77,102,153
2023-12-13,8003383,8003383,142,203,128
2023-12-13,8003383,8003732,65,101,90
2023-12-13,8003386,8003386,47,52,633
2023-12-13,8003386,8004366,21,26,576
2023-12-13,8003386,8005074,26,26,705
2023-12-13,8003392,8003320,120,162,159
2023-12-13,8003392,8003364,107,114,212
2023-12-13,8003392,8003372,91,118,255
2023-12-13,8003392,8003375,70,104,141
2023-12-13,8003392,8003392,331,474,179
2023-12-13,8003395,8000404,49,76,147
2023-12-13,8003395,8002806,65,77,166
2023-12-13,8003395,8003395,112,153,159
2023-12-13,8003462,8000100,32,44,47
2023-12-13,8003462,8003462,75,88,68
2023-12-13,8003462,8004616,40,44,80
2023-12-13,8003553,8000084,28,59,139
2023-12-13,8003553,8001886,24,41,370
2023-12-13,8003553,8001893,0,35,0
2023-12-13,8003553,8003553,54,119,207
2023-12-13,8003616,8000853,29,39,186
2023-12-13,8003616,8002490,27,36,157
2023-12-13,8003616,8003616,59,78,175
2023-12-13,8003668,8003668,78,118,182
2023-12-13,8003668,8003672,35,59,158
2023-12-13,8003668,8006713,41,59,207
2023-12-13,8003669,8000209,31,40,205
2023-12-13,8003669,8000853,34,40,171
2023-12-13,8003669,8003669,69,80,188
2023-12-13,8003671,8003160,11,13,76
2023-12-13,8003671,8003252,18,23,99
2023-12-13,8003671,8003361,3,3,80
2023-12-13,8003671,8003671,50,78,108
2023-12-13,8003671,8006280,14,39,124
2023-12-13,8003672,8003540,26,59,144
2023-12-13,8003672,8003668,41,59,198
2023-12-13,8003672,8003672,76,118,178
2023-12-13,8003697,8000677,15,19,654
2023-12-13,8003697,8001113,11,20,142
2023-12-13,8003697,8002206,50,59,641
2023-12-13,8003697,8002718,14,20,180
2023-12-13,8003697,8003697,93,118,487
2023-12-13,8003732,8003375,67,101,110
2023-12-13,8003732,8003383,77,102,167
2023-12-13,8003732,8003732,144,203,130
2023-12-13,8003927,8000100,11,19,62
2023-12-13,8003927,8003158,16,18,152
2023-12-13,8003927,8003927,59,80,121
2023-12-13,8003927,8005298,18,23,123
2023-12-13,8003927,8005339,17,20,142
2023-12-13,8003931,8003931,83,114,56
2023-12-13,8003931,8003937,40,57,46
2023-12-13,8003931,8005057,32,57,36
2023-12-13,8003937,8003931,39,57,47
2023-12-13,8003937,8003937,72,114,46
2023-12-13,8003937,8006516,42,57,67
2023-12-13,8003966,8000135,1,1,840
2023-12-13,8003966,8001086,26,26,658
2023-12-13,8003966,8002104,21,25,533
2023-12-13,8003966,8003966,47,52,599
2023-12-13,8003990,8000084,31,49,170
2023-12-13,8003990,8001264,40,49,151
2023-12-13,8003990,8003990,71,98,155
2023-12-13,8004366,8001086,25,26,586
2023-12-13,8004366,8003386,26,26,706
2023-12-13,8004366,8004366,51,52,651
2023-12-13,8004519,8001557,15,20,170
2023-12-13,8004519,8002725,18,20,196
2023-12-13,8004519,8004519,36,40,181
2023-12-13,8004616,8003462,38,44,80
2023-12-13,8004616,8004616,72,88,57
2023-12-13,8004616,8005058,34,44,57
2023-12-13,8004739,8002988,17,38,58
2023-12-13,8004746,8002290,26,35,159
2023-12-13,8004746,8004746,56,71,145
2023-12-13,8004746,8006659,20,36,112
2023-12-13,8004869,8000135,26,37,294
2023-12-13,8004869,8000178,14,17,600
2023-12-13,8004869,8003379,31,57,73
2023-12-13,8004869,8004869,127,188,248
2023-12-13,8004869,8004873,34,57,179
2023-12-13,8004869,8004898,16,17,274
2023-12-13,8004873,8003330,53,65,168
2023-12-13,8004873,8004869,36,57,103
2023-12-13,8004873,8004873,179,244,175
2023-12-13,8004873,8005629,93,122,238
2023-12-13,8004898,8003330,20,20,356
2023-12-13,8004898,8004869,16,17,314
2023-12-13,8004898,8004898,65,80,439
2023-12-13,8004898,8005746,32,40,607
2023-12-13,8004907,8000178,12,36,98
2023-12-13,8004907,8000355,15,35,123
2023-12-13,8004907,8004907,31,71,111
2023-12-13,8005057,8003931,49,57,93
2023-12-13,8005057,8005057,75,114,54
2023-12-13,8005057,8005058,36,57,43
2023-12-13,8005058,8004616,39,44,55
2023-12-13,8005058,8005057,32,57,42
2023-12-13,8005058,8005058,71,88,60
2023-12-13,8005074,8000713,26,26,758
2023-12-13,8005074,8003386,22,26,548
2023-12-13,8005074,8005074,48,52,637
2023-12-13,8005134,8002932,32,40,121
2023-12-13,8005134,8005134,64,78,114
2023-12-13,8005134,8005143,32,38,126
2023-12-13,8005143,8003358,35,38,170
2023-12-13,8005143,8005134,33,40,161
2023-12-13,8005143,8005143,70,78,163
2023-12-13,8005152,8001091,26,27,297
2023-12-13,8005152,8005152,73,85,240
2023-12-13,8005152,8005499,37,42,229
2023-12-13,8005164,8000012,22,38,152
2023-12-13,8005164,8005164,53,76,135
2023-12-13,8005164,8005356,28,38,99
2023-12-13,8005298,8000100,16,23,117
2023-12-13,8005298,8003927,17,20,148
2023-12-13,8005298,8005298,33,43,143
2023-12-13,8005339,8003158,17,20,128
2023-12-13,8005339,8003927,16,23,97
2023-12-13,8005339,8005339,32,43,119
2023-12-13,8005356,8000012,13,18,382
2023-12-13,8005356,8001384,29,38,103
2023-12-13,8005356,8002768,14,18,688
2023-12-13,8005356,8005164,25,38,205
2023-12-13,8005356,8005356,78,112,272
2023-12-13,8005499,8001215,6,10,369
2023-12-13,8005499,8005152,37,43,251
2023-12-13,8005499,8005499,17,21,590
2023-12-13,8005575,8000178,40,62,131
2023-12-13,8005575,8001264,33,49,179
2023-12-13,8005575,8005575,70,98,165
2023-12-13,8005629,8000135,87,122,237
2023-12-13,8005629,8004873,63,122,98
2023-12-13,8005629,8005629,160,244,169
2023-12-13,8005743,8005745,0,35,0
2023-12-13,8005744,8005744,21,70,127
2023-12-13,8005744,8005745,20,35,133
2023-12-13,8005744,8098348,19,35,41
2023-12-13,8005745,8005743,19,35,138
2023-12-13,8005745,8005744,0,35,0
2023-12-13,8005745,8005745,19,70,69
2023-12-13,8005746,8004898,34,40,285
2023-12-13,8005746,8005159,30,40,594
2023-12-13,8005746,8005746,68,80,452
2023-12-13,8005935,8002206,53,60,360
2023-12-13,8005935,8002806,51,60,638
2023-12-13,8005935,8005935,100,120,486
2023-12-13,8006280,8000100,7,17,150
2023-12-13,8006280,8001416,6,22,89
2023-12-13,8006280,8003671,26,39,77
2023-12-13,8006280,8006280,39,78,101
2023-12-13,8006516,8000495,36,57,47
2023-12-13,8006516,8003937,25,57,31
2023-12-13,8006516,8006516,63,114,40
2023-12-13,8006659,8000355,30,36,123
2023-12-13,8006659,8004746,28,35,156
2023-12-13,8006659,8006659,50,71,134
2023-12-13,8006713,8000209,33,40,448
2023-12-13,8006713,8000832,40,59,201
2023-12-13,8006713,8001584,34,39,353
2023-12-13,8006713,8003330,2,5,366
2023-12-13,8006713,8003668,36,59,161
2023-12-13,8006713,8006226,4,4,135
2023-12-13,8006713,8006713,146,208,263
2023-12-13,8070704,8000404,84,96,276
2023-12-13,8070704,8000406,32,37,195
2023-12-13,8070704,8070704,146,177,234
2023-12-13,8079140,8003366,84,104,176
2023-12-13,8079140,8003373,92,104,320
2023-12-13,8079140,8079140,167,208,253
2023-12-13,8098348,8005744,18,35,231
2023-12-13,8098348,8098348,40,70,66
2023-12-13,8098348,8099506,28,35,86
2023-12-13,8098349,8001917,1,19,2
2023-12-13,8099506,8000348,14,35,21
2023-12-13,8099506,8098348,16,35,77
2023-12-13,8099506,8099506,58,70,112
2023-12-14,8000012,8000012,29,40,284
2023-12-14,8000012,8001928,3,5,72
2023-12-14,8000012,8005164,16,38,93
2023-12-14,8000012,8005356,14,18,442
2023-12-14,8000012,8006501,12,15,206
2023-12-14,8000030,8002290,20,36,56
2023-12-14,8000084,8000084,58,83,305
2023-12-14,8000084,8000178,26,38,148
2023-12-14,8000084,8000348,0,1,0
2023-12-14,8000084,8003553,30,60,316
2023-12-14,8000084,8003990,21,49,163
2023-12-14,8000100,8000100,59,73,112
2023-12-14,8000100,8002402,19,23,77
2023-12-14,8000100,8003462,11,44,74
2023-12-14,8000100,8003927,17,18,183
2023-12-14,8000100,8005298,18,20,129
2023-12-14,8000100,8006280,14,16,191
2023-12-14,8000135,8000135,198,332,245
2023-12-14,8000135,8002104,24,26,545
2023-12-14,8000135,8002753,89,141,206
2023-12-14,8000135,8003330,14,20,632
2023-12-14,8000135,8004869,33,37,490
2023-12-14,8000135,8005629,67,122,121
2023-12-14,8000178,8000084,30,40,478
2023-12-14,8000178,8000178,154,237,232
2023-12-14,8000178,8000209,16,21,293
2023-12-14,8000178,8002389,44,101,133
2023-12-14,8000178,8004869,13,17,81
2023-12-14,8000178,8004907,18,35,78
2023-12-14,8000178,8005575,42,62,231
2023-12-14,8000209,8000178,19,21,516
2023-12-14,8000209,8000209,307,398,250
2023-12-14,8000209,8003310,26,59,157
2023-12-14,8000209,8003330,1,1,720
2023-12-14,8000209,8003361,2,2,660
2023-12-14,8000209,8003363,3,3,260
2023-12-14,8000209,8003364,63,118,212
2023-12-14,8000209,8003367,1,1,180
2023-12-14,8000209,8003369,39,59,204
2023-12-14,8000209,8003669,32,40,187
2023-12-14,8000209,8006713,38,40,343
2023-12-14,8000348,8000084,1,1,510
2023-12-14,8000348,8000348,95,121,247
2023-12-14,8000348,8000406,34,40,442
2023-12-14,8000348,8001712,24,39,108
2023-12-14,8000348,8001886,36,40,170
2023-12-14,8000348,8099506,32,35,261
2023-12-14,8000355,8000355,40,71,60
2023-12-14,8000355,8004907,12,36,42
2023-12-14,8000355,8006659,21,35,93
2023-12-14,8000404,8000404,170,250,179
2023-12-14,8000404,8002806,27,48,163
2023-12-14,8000404,8003395,58,77,155
2023-12-14,8000404,8070704,59,81,186
2023-12-14,8000406,8000348,37,40,161
2023-12-14,8000406,8000406,131,158,238
2023-12-14,8000406,8001712,37,39,265
2023-12-14,8000406,8070704,27,36,106
2023-12-14,8000495,8000495,55,114,61
2023-12-14,8000495,8001084,32,57,101
2023-12-14,8000495,8006516,21,57,15
2023-12-14,8000502,8000502,18,37,106
2023-12-14,8000502,8000507,4,36,21
2023-12-14,8000502,8000521,18,19,231
2023-12-14,8000507,8000502,35,36,202
2023-12-14,8000507,8000507,36,72,108
2023-12-14,8000507,8002816,4,36,34
2023-12-14,8000510,8000510,17,38,107
2023-12-14,8000510,8000527,0,19,0
2023-12-14,8000510,8001917,15,19,205
2023-12-14,8000521,8000502,0,19,0
2023-12-14,8000521,8000521,18,38,118
2023-12-14,8000521,8000527,18,19,251
2023-12-14,8000527,8000510,18,19,234
2023-12-14,8000527,8000521,0,19,0
2023-12-14,8000527,8000527,18,38,131
2023-12-14,8000677,8000677,62,78,297
2023-12-14,8000677,8001113,12,20,224
2023-12-14,8000677,8001839,27,39,163
2023-12-14,8000677,8003697,19,19,647
2023-12-14,8000713,8000713,40,52,558
2023-12-14,8000713,8005074,17,26,478
2023-12-14,8000713,8005970,24,26,658
2023-12-14,8000832,8000832,70,118,226
2023-12-14,8000832,8003310,42,59,303
2023-12-14,8000832,8006713,29,59,159
2023-12-14,8000853,8000853,93,114,384
2023-12-14,8000853,8001506,16,18,927
2023-12-14,8000853,8003616,33,39,248
2023-12-14,8000853,8003669,30,40,252
2023-12-14,8000853,8006719,17,18,512
2023-12-14,8000899,8001566,38,59,147
2023-12-14,8001081,8001081,55,114,60
2023-12-14,8001081,8001084,22,57,19
2023-12-14,8001081,8001088,27,57,99
2023-12-14,8001082,8001082,77,89,437
2023-12-14,8001082,8001085,40,43,588
2023-12-14,8001082,8001091,35,44,192
2023-12-14,8001082,8004604,2,2,3090
2023-12-14,8001084,8000495,32,57,25
2023-12-14,8001084,8001081,32,57,104
2023-12-14,8001084,8001084,64,114,63
2023-12-14,8001085,8001082,28,42,163
2023-12-14,8001085,8001085,58,78,342
2023-12-14,8001085,8004604,15,16,47
2023-12-14,8001085,8005153,18,23,897
2023-12-14,8001086,8001086,43,52,540
2023-12-14,8001086,8003966,19,26,554
2023-12-14,8001086,8004366,25,26,543
2023-12-14,8001088,8001081,33,57,29
2023-12-14,8001088,8001088,61,114,62
2023-12-14,8001091,8001082,27,45,657
2023-12-14,8001091,8001091,59,89,424
2023-12-14,8001091,8001215,1,2,390
2023-12-14,8001091,8005152,23,26,252
2023-12-14,8001113,8000677,14,20,177
2023-12-14,8001113,8001113,24,40,197
2023-12-14,8001113,8003697,13,20,194
2023-12-14,8001215,8001091,2,2,3105
2023-12-14,8001215,8001215,19,25,1123
2023-12-14,8001215,8003160,6,10,1203
2023-12-14,8001215,8003361,1,2,990
2023-12-14,8001215,8005499,9,11,1189
2023-12-14,8001264,8001264,61,98,202
2023-12-14,8001264,8003990,28,49,217
2023-12-14,8001264,8005575,31,49,190
2023-12-14,8001384,8001384,50,76,176
2023-12-14,8001384,8002768,27,38,162
2023-12-14,8001384,8005356,22,38,202
2023-12-14,8001416,8001416,34,44,91
2023-12-14,8001416,8002402,16,22,102
2023-12-14,8001416,8006280,18,22,87
2023-12-14,8001557,8001557,32,40,143
2023-12-14,8001557,8002720,15,20,112
2023-12-14,8001557,8004519,13,20,170
2023-12-14,8001566,8000899,49,59,222
2023-12-14,8001566,8001566,88,118,185
2023-12-14,8001566,8003367,39,59,148
2023-12-14,8001712,8000348,38,39,305
2023-12-14,8001712,8000406,26,39,110
2023-12-14,8001712,8001712,62,78,190
2023-12-14,8001736,8001736,77,112,215
2023-12-14,8001736,8002753,16,20,447
2023-12-14,8001736,8002768,39,56,182
2023-12-14,8001736,8003987,23,36,118
2023-12-14,8001839,8000318,21,21,246
2023-12-14,8001839,8000677,34,39,421
2023-12-14,8001839,8001839,67,80,292
2023-12-14,8001839,8002784,12,20,158
2023-12-14,8001886,8000348,36,41,465
2023-12-14,8001886,8001886,71,81,314
2023-12-14,8001886,8003553,34,40,172
2023-12-14,8001887,8001888,0,34,0
2023-12-14,8001888,8001887,0,36,0
2023-12-14,8001888,8001888,0,70,0
2023-12-14,8001888,8001889,0,34,0
2023-12-14,8001889,8001888,0,36,0
2023-12-14,8001889,8001889,0,70,0
2023-12-14,8001889,8001893,0,34,0
2023-12-14,8001893,8001889,0,36,0
2023-12-14,8001893,8001893,0,69,0
2023-12-14,8001893,8003553,0,35,0
2023-12-14,8001917,8000510,15,19,24
2023-12-14,8001917,8001917,31,38,116
2023-12-14,8001917,8098349,16,19,208
2023-12-14,8002104,8000135,17,25,562
2023-12-14,8002104,8002104,41,51,554
2023-12-14,8002104,8003966,24,26,555
2023-12-14,8002206,8001839,2,2,420
2023-12-14,8002206,8002206,84,120,228
2023-12-14,8002206,8003697,42,59,154
2023-12-14,8002206,8005935,37,60,251
2023-12-14,8002290,8000030,18,35,78
2023-12-14,8002290,8002290,58,71,84
2023-12-14,8002290,8004746,33,36,93
2023-12-14,8002389,8000178,57,102,194
2023-12-14,8002389,8002389,104,203,159
2023-12-14,8002389,8003383,42,101,130
2023-12-14,8002402,8000100,13,22,78
2023-12-14,8002402,8001416,21,22,79
2023-12-14,8002402,8002402,38,45,85
2023-12-14,8002402,8006280,1,1,30
2023-12-14,8002718,8002718,33,40,148
2023-12-14,8002718,8002719,19,20,186
2023-12-14,8002718,8003697,15,20,116
2023-12-14,8002719,8002718,14,20,108
2023-12-14,8002719,8002719,33,40,148
2023-12-14,8002719,8002720,19,20,198
2023-12-14,8002720,8001557,17,20,180
2023-12-14,8002720,8002719,16,20,123
2023-12-14,8002720,8002720,31,40,148
2023-12-14,8002721,8002725,11,20,26
2023-12-14,8002725,8002721,20,20,232
2023-12-14,8002725,8002725,33,40,136
2023-12-14,8002725,8004519,19,20,87
2023-12-14,8002753,8000135,72,141,164
2023-12-14,8002753,8001736,16,20,141
2023-12-14,8002753,8002753,108,152,186
2023-12-14,8002753,8002775,39,56,216
2023-12-14,8002768,8001384,23,38,202
2023-12-14,8002768,8001736,43,56,262
2023-12-14,8002768,8002768,83,112,225
2023-12-14,8002768,8005356,15,18,163
2023-12-14,8002775,8001006,27,41,181
2023-12-14,8002775,8002753,33,56,74
2023-12-14,8002775,8002775,64,112,137
2023-12-14,8002775,8003987,11,15,302
2023-12-14,8002804,8002804,33,72,91
2023-12-14,8002804,8002806,15,36,50
2023-12-14,8002804,8002816,33,36,162
2023-12-14,8002806,8000404,31,49,249
2023-12-14,8002806,8002206,2,2,405
2023-12-14,8002806,8002804,32,36,172
2023-12-14,8002806,8002806,167,252,179
2023-12-14,8002806,8003395,47,76,142
2023-12-14,8002806,8005935,43,60,191
2023-12-14,8002806,8400043,14,29,170
2023-12-14,8002816,8000507,30,36,168
2023-12-14,8002816,8002804,3,36,24
2023-12-14,8002816,8002816,37,72,98
2023-12-14,8002932,8002932,70,78,124
2023-12-14,8002932,8002988,34,37,204
2023-12-14,8002932,8004739,1,3,-20
2023-12-14,8002932,8005134,34,38,71
2023-12-14,8002988,8002932,31,38,102
2023-12-14,8002988,8002988,53,75,142
2023-12-14,8002988,8004739,20,37,165
2023-12-14,8003158,8003927,14,19,85
2023-12-14,8003158,8005339,19,23,50
2023-12-14,8003160,8001215,9,11,731
2023-12-14,8003160,8003160,24,29,671
2023-12-14,8003160,8003252,8,23,74
2023-12-14,8003160,8003361,12,14,1009
2023-12-14,8003160,8003671,7,13,25
2023-12-14,8003252,8003160,19,23,100
2023-12-14,8003252,8003252,25,46,85
2023-12-14,8003252,8003671,14,23,80
2023-12-14,8003310,8000209,48,59,316
2023-12-14,8003310,8000832,30,59,168
2023-12-14,8003310,8003310,72,118,226
2023-12-14,8003320,8003320,196,322,146
2023-12-14,8003320,8003358,92,105,245
2023-12-14,8003320,8003370,29,57,106
2023-12-14,8003320,8003392,104,160,154
2023-12-14,8003330,8000010,1,1,120
2023-12-14,8003330,8000135,20,20,477
2023-12-14,8003330,8000209,1,1,300
2023-12-14,8003330,8000667,1,2,285
2023-12-14,8003330,8001506,13,17,166
2023-12-14,8003330,8003330,138,177,326
2023-12-14,8003330,8003358,46,65,171
2023-12-14,8003330,8003363,5,6,350
2023-12-14,8003330,8004873,48,65,282
2023-12-14,8003330,8004898,18,19,827
2023-12-14,8003330,8006713,2,4,52
2023-12-14,8003358,8003320,68,103,150
2023-12-14,8003358,8003330,51,65,294
2023-12-14,8003358,8003358,175,208,210
2023-12-14,8003358,8005143,39,40,192
2023-12-14,8003360,8003360,173,208,271
2023-12-14,8003360,8003371,90,104,371
2023-12-14,8003360,8003372,86,104,197
2023-12-14,8003361,8001215,2,2,1215
2023-12-14,8003361,8003160,12,15,368
2023-12-14,8003361,8003361,34,42,699
2023-12-14,8003361,8003363,14,17,875
2023-12-14,8003361,8003671,3,3,440
2023-12-14,8003362,8003362,163,208,273
2023-12-14,8003362,8003365,91,104,378
2023-12-14,8003362,8003371,69,104,180
2023-12-14,8003363,8000209,1,1,390
2023-12-14,8003363,8003330,5,6,1280
2023-12-14,8003363,8003361,15,18,360
2023-12-14,8003363,8003363,30,35,609
2023-12-14,8003364,8000209,93,118,229
2023-12-14,8003364,8003364,172,236,222
2023-12-14,8003364,8003392,94,116,281
2023-12-14,8003365,8003362,71,104,186
2023-12-14,8003365,8003365,169,208,285
2023-12-14,8003365,8003366,91,104,385
2023-12-14,8003366,8003365,78,104,192
2023-12-14,8003366,8003366,165,208,287
2023-12-14,8003366,8079140,90,104,387
2023-12-14,8003367,8001566,38,59,186
2023-12-14,8003367,8003367,85,118,176
2023-12-14,8003367,8003369,41,60,159
2023-12-14,8003369,8000209,47,60,180
2023-12-14,8003369,8003367,38,59,222
2023-12-14,8003369,8003369,86,119,195
2023-12-14,8003371,8003360,86,104,185
2023-12-14,8003371,8003362,85,104,346
2023-12-14,8003371,8003371,176,208,279
2023-12-14,8003372,8003360,91,104,358
2023-12-14,8003372,8003372,168,208,280
2023-12-14,8003372,8003392,81,115,166
2023-12-14,8003373,8001507,43,59,249
2023-12-14,8003373,8003373,84,116,273
2023-12-14,8003373,8079140,55,104,164
2023-12-14,8003375,8003375,119,203,163
2023-12-14,8003375,8003392,55,103,143
2023-12-14,8003375,8003732,67,102,194
2023-12-14,8003379,8003370,29,57,73
2023-12-14,8003379,8003379,69,114,101
2023-12-14,8003379,8004869,35,57,132
2023-12-14,8003383,8002389,72,102,192
2023-12-14,8003383,8003383,131,203,170
2023-12-14,8003383,8003732,59,101,136
2023-12-14,8003386,8003386,40,52,528
2023-12-14,8003386,8004366,17,26,512
2023-12-14,8003386,8005074,24,26,560
2023-12-14,8003392,8003320,101,162,158
2023-12-14,8003392,8003364,102,114,197
2023-12-14,8003392,8003372,95,118,378
2023-12-14,8003392,8003375,58,104,178
2023-12-14,8003392,8003392,307,474,211
2023-12-14,8003395,8000404,46,76,134
2023-12-14,8003395,8002806,54,77,167
2023-12-14,8003395,8003395,101,153,148
2023-12-14,8003462,8000100,30,44,71
2023-12-14,8003462,8003462,70,88,96
2023-12-14,8003462,8004616,39,44,140
2023-12-14,8003553,8000084,33,59,96
2023-12-14,8003553,8001886,34,41,450
2023-12-14,8003553,8001893,0,35,0
2023-12-14,8003553,8003553,64,119,213
2023-12-14,8003616,8000853,26,39,237
2023-12-14,8003616,8002490,30,36,218
2023-12-14,8003616,8003616,57,78,233
2023-12-14,8003668,8003668,78,118,234
2023-12-14,8003668,8003672,32,59,162
2023-12-14,8003668,8006713,46,59,306
2023-12-14,8003669,8000209,30,40,251
2023-12-14,8003669,8000853,36,40,217
2023-12-14,8003669,8003669,66,80,232
2023-12-14,8003671,8003160,10,13,166
2023-12-14,8003671,8003252,20,23,102
2023-12-14,8003671,8003361,3,3,300
2023-12-14,8003671,8003671,61,78,116
2023-12-14,8003671,8006280,18,39,88
2023-12-14,8003672,8003540,29,59,144
2023-12-14,8003672,8003668,43,59,294
2023-12-14,8003672,8003672,76,118,229
2023-12-14,8003697,8000677,15,19,141
2023-12-14,8003697,8001113,9,20,148
2023-12-14,8003697,8002206,40,59,257
2023-12-14,8003697,8002718,15,20,129
2023-12-14,8003697,8003697,82,118,200
2023-12-14,8003732,8003375,59,101,150
2023-12-14,8003732,8003383,72,102,206
2023-12-14,8003732,8003732,131,203,171
2023-12-14,8003927,8000100,13,19,171
2023-12-14,8003927,8003158,18,18,190
2023-12-14,8003927,8003927,66,80,133
2023-12-14,8003927,8005298,21,23,100
2023-12-14,8003927,8005339,18,20,124
2023-12-14,8003931,8003931,66,114,67
2023-12-14,8003931,8003937,36,57,93
2023-12-14,8003931,8005057,28,57,24
2023-12-14,8003937,8003931,28,57,27
2023-12-14,8003937,8003937,64,114,62
2023-12-14,8003937,8006516,37,57,116
2023-12-14,8003966,8000135,1,1,600
2023-12-14,8003966,8001086,25,26,542
2023-12-14,8003966,8002104,17,25,557
2023-12-14,8003966,8003966,42,52,550
2023-12-14,8003990,8000084,31,49,230
2023-12-14,8003990,8001264,34,49,194
2023-12-14,8003990,8003990,65,98,207
2023-12-14,8004366,8001086,21,26,537
2023-12-14,8004366,8003386,24,26,538
2023-12-14,8004366,8004366,46,52,540
2023-12-14,8004519,8001557,14,20,99
2023-12-14,8004519,8002725,15,20,200
2023-12-14,8004519,8004519,34,40,150
2023-12-14,8004616,8003462,36,44,79
2023-12-14,8004616,8004616,71,88,89
2023-12-14,8004616,8005058,35,44,125
2023-12-14,8004739,8002988,16,38,55
2023-12-14,8004746,8002290,25,35,105
2023-12-14,8004746,8004746,59,71,95
2023-12-14,8004746,8006659,24,36,61
2023-12-14,8004869,8000135,25,37,174
2023-12-14,8004869,8000178,14,17,572
2023-12-14,8004869,8003379,34,57,78
2023-12-14,8004869,8004869,127,188,207
2023-12-14,8004869,8004873,35,57,145
2023-12-14,8004869,8004898,17,17,353
2023-12-14,8004873,8003330,47,65,205
2023-12-14,8004873,8004869,37,57,106
2023-12-14,8004873,8004873,165,244,181
2023-12-14,8004873,8005629,80,122,229
2023-12-14,8004898,8003330,20,20,346
2023-12-14,8004898,8004869,16,17,274
2023-12-14,8004898,8004898,64,80,413
2023-12-14,8004898,8005746,33,40,615
2023-12-14,8004907,8000178,12,36,38
2023-12-14,8004907,8000355,13,35,72
2023-12-14,8004907,8004907,32,71,60
2023-12-14,8005057,8003931,38,57,131
2023-12-14,8005057,8005057,54,114,66
2023-12-14,8005057,8005058,25,57,25
2023-12-14,8005058,8004616,35,44,52
2023-12-14,8005058,8005057,32,57,85
2023-12-14,8005058,8005058,70,88,92
2023-12-14,8005074,8000713,23,26,631
2023-12-14,8005074,8003386,17,26,509
2023-12-14,8005074,8005074,42,52,546
2023-12-14,8005134,8002932,23,40,138
2023-12-14,8005134,8005134,58,78,117
2023-12-14,8005134,8005143,29,38,122
2023-12-14,8005143,8003358,38,38,161
2023-12-14,8005143,8005134,34,40,178
2023-12-14,8005143,8005143,67,78,168
2023-12-14,8005152,8001091,19,27,776
2023-12-14,8005152,8005152,66,85,329
2023-12-14,8005152,8005499,35,42,214
2023-12-14,8005164,8000012,18,38,161
2023-12-14,8005164,8005164,51,76,157
2023-12-14,8005164,8005356,28,38,149
2023-12-14,8005298,8000100,16,23,86
2023-12-14,8005298,8003927,18,20,129
2023-12-14,8005298,8005298,36,43,121
2023-12-14,8005339,8003158,18,20,105
2023-12-14,8005339,8003927,15,23,40
2023-12-14,8005339,8005339,33,43,84
2023-12-14,8005356,8000012,16,18,188
2023-12-14,8005356,8001384,28,38,149
2023-12-14,8005356,8002768,15,18,452
2023-12-14,8005356,8005164,24,38,208
2023-12-14,8005356,8005356,80,112,219
2023-12-14,8005499,8001215,7,10,741
2023-12-14,8005499,8005152,29,43,451
2023-12-14,8005499,8005499,16,21,986
2023-12-14,8005575,8000178,35,62,180
2023-12-14,8005575,8001264,29,49,231
2023-12-14,8005575,8005575,60,98,210
2023-12-14,8005629,8000135,84,122,233
2023-12-14,8005629,8004873,62,122,119
2023-12-14,8005629,8005629,150,244,175
2023-12-14,8005743,8005745,0,35,0
2023-12-14,8005744,8005744,25,70,96
2023-12-14,8005744,8005745,25,35,197
2023-12-14,8005744,8098348,22,35,57
2023-12-14,8005745,8005743,23,35,198
2023-12-14,8005745,8005744,0,35,0
2023-12-14,8005745,8005745,24,70,97
2023-12-14,8005746,8004898,29,40,226
2023-12-14,8005746,8005159,31,40,600
2023-12-14,8005746,8005746,64,80,424
2023-12-14,8005935,8002206,45,60,200
2023-12-14,8005935,8002806,43,60,274
2023-12-14,8005935,8005935,84,120,222
2023-12-14,8006280,8000100,8,17,90
2023-12-14,8006280,8001416,10,22,82
2023-12-14,8006280,8003671,27,39,128
2023-12-14,8006280,8006280,45,78,107
2023-12-14,8006516,8000495,33,57,101
2023-12-14,8006516,8003937,13,57,11
2023-12-14,8006516,8006516,45,114,55
2023-12-14,8006659,8000355,27,36,62
2023-12-14,8006659,8004746,26,35,98
2023-12-14,8006659,8006659,48,71,78
2023-12-14,8006713,8000209,36,40,459
2023-12-14,8006713,8000832,44,59,301
2023-12-14,8006713,8001584,36,39,422
2023-12-14,8006713,8003330,2,5,258
2023-12-14,8006713,8003668,32,59,164
2023-12-14,8006713,8006226,3,4,810
2023-12-14,8006713,8006713,152,207,300
2023-12-14,8070704,8000404,81,96,175
2023-12-14,8070704,8000406,34,37,251
2023-12-14,8070704,8070704,142,177,178
2023-12-14,8079140,8003366,73,104,184
2023-12-14,8079140,8003373,83,104,353
2023-12-14,8079140,8079140,150,208,278
2023-12-14,8098348,8005744,16,35,161
2023-12-14,8098348,8098348,44,70,121
2023-12-14,8098348,8099506,29,35,105
2023-12-14,8098349,8001917,1,19,2
2023-12-14,8099506,8000348,18,35,41
2023-12-14,8099506,8098348,20,35,157
2023-12-14,8099506,8099506,60,70,144
2023-12-15,8000012,8000012,26,41,195
2023-12-15,8000012,8001928,2,6,130
2023-12-15,8000012,8005164,16,38,90
2023-12-15,8000012,8005356,12,18,160
2023-12-15,8000012,8006501,13,15,302
2023-12-15,8000030,8002290,18,36,62
2023-12-15,8000084,8000084,62,88,377
2023-12-15,8000084,8000178,26,39,310
2023-12-15,8000084,8000348,1,1,180
2023-12-15,8000084,8003553,32,62,303
2023-12-15,8000084,8003990,27,49,163
2023-12-15,8000100,8000100,61,77,54
2023-12-15,8000100,8002402,21,24,72
2023-12-15,8000100,8003462,18,45,34
2023-12-15,8000100,8003927,19,19,104
2023-12-15,8000100,8005298,21,22,83
2023-12-15,8000100,8006280,13,16,82
2023-12-15,8000135,8000135,234,324,232
2023-12-15,8000135,8002104,20,21,497
2023-12-15,8000135,8002753,111,142,243
2023-12-15,8000135,8003330,14,20,417
2023-12-15,8000135,8004869,33,38,408
2023-12-15,8000135,8005629,77,122,124
2023-12-15,8000178,8000084,32,42,441
2023-12-15,8000178,8000178,172,240,254
2023-12-15,8000178,8000209,18,19,632
2023-12-15,8000178,8001506,2,3,290
2023-12-15,8000178,8002389,47,101,99
2023-12-15,8000178,8004869,12,17,161
2023-12-15,8000178,8004907,17,36,82
2023-12-15,8000178,8005575,51,62,264
2023-12-15,8000209,8000178,20,23,592
2023-12-15,8000209,8000209,363,401,323
2023-12-15,8000209,8003310,31,59,159
2023-12-15,8000209,8003330,3,3,740
2023-12-15,8000209,8003361,2,2,525
2023-12-15,8000209,8003364,82,118,268
2023-12-15,8000209,8003367,1,1,360
2023-12-15,8000209,8003369,54,60,330
2023-12-15,8000209,8003669,33,37,194
2023-12-15,8000209,8006713,41,44,544
2023-12-15,8000348,8000084,1,1,420
2023-12-15,8000348,8000348,103,126,312
2023-12-15,8000348,8000406,37,42,471
2023-12-15,8000348,8001712,28,40,118
2023-12-15,8000348,8001886,36,41,328
2023-12-15,8000348,8099506,31,36,388
2023-12-15,8000355,8000355,35,72,57
2023-12-15,8000355,8004907,5,36,8
2023-12-15,8000355,8006659,23,36,84
2023-12-15,8000404,8000404,198,249,326
2023-12-15,8000404,8002806,35,50,413
2023-12-15,8000404,8003395,67,75,380
2023-12-15,8000404,8070704,61,78,310
2023-12-15,8000406,8000348,38,41,318
2023-12-15,8000406,8000406,132,163,318
2023-12-15,8000406,8001712,32,40,367
2023-12-15,8000406,8070704,30,37,178
2023-12-15,8000495,8000495,62,115,55
2023-12-15,8000495,8001084,32,58,67
2023-12-15,8000495,8006516,26,57,33
2023-12-15,8000502,8000502,18,37,221
2023-12-15,8000502,8000507,4,36,28
2023-12-15,8000502,8000521,18,20,410
2023-12-15,8000507,8000502,32,37,400
2023-12-15,8000507,8000507,37,73,215
2023-12-15,8000507,8002816,6,36,38
2023-12-15,8000510,8000510,19,39,227
2023-12-15,8000510,8000527,2,19,35
2023-12-15,8000510,8001917,16,20,400
2023-12-15,8000521,8000502,2,19,38
2023-12-15,8000521,8000521,20,39,232
2023-12-15,8000521,8000527,18,20,436
2023-12-15,8000527,8000510,17,20,423
2023-12-15,8000527,8000521,2,19,35
2023-12-15,8000527,8000527,20,39,247
2023-12-15,8000677,8000677,54,65,356
2023-12-15,8000677,8001113,10,17,293
2023-12-15,8000677,8001839,27,33,369
2023-12-15,8000677,8003697,18,19,382
2023-12-15,8000713,8000713,47,56,400
2023-12-15,8000713,8005074,22,29,349
2023-12-15,8000713,8005970,25,27,491
2023-12-15,8000832,8000832,84,118,286
2023-12-15,8000832,8003310,53,59,419
2023-12-15,8000832,8006713,32,59,162
2023-12-15,8000853,8000853,102,116,471
2023-12-15,8000853,8001506,17,19,1137
2023-12-15,8000853,8003616,34,39,233
2023-12-15,8000853,8003669,36,40,257
2023-12-15,8000853,8006719,17,19,1124
2023-12-15,8000899,8001566,45,59,188
2023-12-15,8001081,8001081,61,115,44
2023-12-15,8001081,8001084,25,57,24
2023-12-15,8001081,8001088,27,58,58
2023-12-15,8001082,8001082,72,80,161
2023-12-15,8001082,8001085,36,38,190
2023-12-15,8001082,8001091,34,40,127
2023-12-15,8001082,8004604,2,2,660
2023-12-15,8001084,8000495,32,57,37
2023-12-15,8001084,8001081,32,58,66
2023-12-15,8001084,8001084,63,115,49
2023-12-15,8001085,8001082,26,38,105
2023-12-15,8001085,8001085,57,76,144
2023-12-15,8001085,8004604,12,15,66
2023-12-15,8001085,8005153,19,23,270
2023-12-15,8001086,8001086,43,43,454
2023-12-15,8001086,8003966,21,22,473
2023-12-15,8001086,8004366,21,21,469
2023-12-15,8001088,8001081,32,57,32
2023-12-15,8001088,8001088,61,115,41
2023-12-15,8001091,8001082,23,40,180
2023-12-15,8001091,8001091,50,80,154
2023-12-15,8001091,8001215,1,2,15
2023-12-15,8001091,8005152,21,23,145
2023-12-15,8001113,8000677,16,16,428
2023-12-15,8001113,8001113,28,33,355
2023-12-15,8001113,8003697,13,17,302
2023-12-15,8001215,8001091,2,2,690
2023-12-15,8001215,8001215,17,18,467
2023-12-15,8001215,8003160,6,7,626
2023-12-15,8001215,8003361,2,2,315
2023-12-15,8001215,8005499,7,7,596
2023-12-15,8001264,8001264,79,99,233
2023-12-15,8001264,8003990,34,50,261
2023-12-15,8001264,8005575,38,49,208
2023-12-15,8001384,8001384,56,76,202
2023-12-15,8001384,8002768,27,38,127
2023-12-15,8001384,8005356,27,38,287
2023-12-15,8001416,8001416,40,45,78
2023-12-15,8001416,8002402,20,22,95
2023-12-15,8001416,8006280,21,23,61
2023-12-15,8001557,8001557,38,40,308
2023-12-15,8001557,8002720,18,20,264
2023-12-15,8001557,8004519,19,20,338
2023-12-15,8001566,8000899,58,60,386
2023-12-15,8001566,8001566,105,119,286
2023-12-15,8001566,8003367,47,59,202
2023-12-15,8001712,8000348,36,40,406
2023-12-15,8001712,8000406,28,40,123
2023-12-15,8001712,8001712,61,80,248
2023-12-15,8001736,8001736,82,113,200
2023-12-15,8001736,8002753,13,20,160
2023-12-15,8001736,8002768,43,57,269
2023-12-15,8001736,8003987,26,36,115
2023-12-15,8001839,8000318,16,19,379
2023-12-15,8001839,8000677,27,32,338
2023-12-15,8001839,8001839,60,67,344
2023-12-15,8001839,8002784,16,16,382
2023-12-15,8001886,8000348,34,43,468
2023-12-15,8001886,8001886,69,84,395
2023-12-15,8001886,8003553,37,41,350
2023-12-15,8001887,8001888,0,34,0
2023-12-15,8001888,8001887,0,36,0
2023-12-15,8001888,8001888,0,70,0
2023-12-15,8001888,8001889,0,34,0
2023-12-15,8001889,8001888,0,36,0
2023-12-15,8001889,8001889,0,70,0
2023-12-15,8001889,8001893,0,34,0
2023-12-15,8001893,8001889,0,36,0
2023-12-15,8001893,8001893,0,69,0
2023-12-15,8001893,8003553,0,35,0
2023-12-15,8001917,8000510,9,19,46
2023-12-15,8001917,8001917,26,39,228
2023-12-15,8001917,8098349,17,20,405
2023-12-15,8002104,8000135,19,21,560
2023-12-15,8002104,8002104,39,42,522
2023-12-15,8002104,8003966,20,21,504
2023-12-15,8002206,8001839,1,2,30
2023-12-15,8002206,8002206,105,114,359
2023-12-15,8002206,8003697,50,56,407
2023-12-15,8002206,8005935,51,57,302
2023-12-15,8002290,8000030,19,36,67
2023-12-15,8002290,8002290,57,72,82
2023-12-15,8002290,8004746,29,36,97
2023-12-15,8002389,8000178,83,102,250
2023-12-15,8002389,8002389,135,203,169
2023-12-15,8002389,8003383,46,101,96
2023-12-15,8002402,8000100,18,22,64
2023-12-15,8002402,8001416,22,23,60
2023-12-15,8002402,8002402,42,46,75
2023-12-15,8002402,8006280,1,1,60
2023-12-15,8002718,8002718,35,40,305
2023-12-15,8002718,8002719,20,20,362
2023-12-15,8002718,8003697,16,20,267
2023-12-15,8002719,8002718,15,20,249
2023-12-15,8002719,8002719,36,40,310
2023-12-15,8002719,8002720,20,20,381
2023-12-15,8002720,8001557,20,20,360
2023-12-15,8002720,8002719,17,20,267
2023-12-15,8002720,8002720,37,40,311
2023-12-15,8002721,8002725,9,20,116
2023-12-15,8002725,8002721,20,20,417
2023-12-15,8002725,8002725,30,40,279
2023-12-15,8002725,8004519,18,20,208
2023-12-15,8002753,8000135,78,141,98
2023-12-15,8002753,8001736,16,21,207
2023-12-15,8002753,8002753,116,153,194
2023-12-15,8002753,8002775,46,56,324
2023-12-15,8002768,8001384,27,38,288
2023-12-15,8002768,8001736,42,56,143
2023-12-15,8002768,8002768,85,113,210
2023-12-15,8002768,8005356,14,19,238
2023-12-15,8002775,8001006,34,41,290
2023-12-15,8002775,8002753,35,56,76
2023-12-15,8002775,8002775,74,112,193
2023-12-15,8002775,8003987,13,15,414
2023-12-15,8002804,8002804,34,73,186
2023-12-15,8002804,8002806,20,36,78
2023-12-15,8002804,8002816,32,37,356
2023-12-15,8002806,8000404,41,51,299
2023-12-15,8002806,8002206,1,2,30
2023-12-15,8002806,8002804,29,37,351
2023-12-15,8002806,8002806,206,251,336
2023-12-15,8002806,8003395,57,73,276
2023-12-15,8002806,8005935,49,57,398
2023-12-15,8002806,8400043,22,29,596
2023-12-15,8002806,8400548,1,2,270
2023-12-15,8002816,8000507,28,37,377
2023-12-15,8002816,8002804,4,36,35
2023-12-15,8002816,8002816,35,73,206
2023-12-15,8002932,8002932,65,79,126
2023-12-15,8002932,8002988,30,37,148
2023-12-15,8002932,8004739,2,3,100
2023-12-15,8002932,8005134,32,39,125
2023-12-15,8002988,8002932,33,39,140
2023-12-15,8002988,8002988,60,76,138
2023-12-15,8002988,8004739,25,37,130
2023-12-15,8003158,8003927,12,20,38
2023-12-15,8003158,8005339,21,23,60
2023-12-15,8003160,8001215,7,7,433
2023-12-15,8003160,8003160,18,23,344
2023-12-15,8003160,8003252,8,23,34
2023-12-15,8003160,8003361,10,12,490
2023-12-15,8003160,8003671,3,13,7
2023-12-15,8003252,8003160,22,24,85
2023-12-15,8003252,8003252,30,47,59
2023-12-15,8003252,8003671,20,23,63
2023-12-15,8003310,8000209,58,59,442
2023-12-15,8003310,8000832,35,59,174
2023-12-15,8003310,8003310,88,118,288
2023-12-15,8003320,8003320,236,323,164
2023-12-15,8003320,8003358,97,105,228
2023-12-15,8003320,8003370,41,57,164
2023-12-15,8003320,8003392,128,161,184
2023-12-15,8003330,8000010,1,1,180
2023-12-15,8003330,8000135,21,21,320
2023-12-15,8003330,8000209,6,6,195
2023-12-15,8003330,8000667,1,2,30
2023-12-15,8003330,8001506,16,16,334
2023-12-15,8003330,8003330,149,178,245
2023-12-15,8003330,8003358,48,65,152
2023-12-15,8003330,8003363,5,6,190
2023-12-15,8003330,8004873,58,65,271
2023-12-15,8003330,8004898,20,20,534
2023-12-15,8003358,8003320,76,104,162
2023-12-15,8003358,8003330,60,65,282
2023-12-15,8003358,8003358,177,209,211
2023-12-15,8003358,8005143,35,40,193
2023-12-15,8003360,8003360,188,208,319
2023-12-15,8003360,8003371,94,103,387
2023-12-15,8003360,8003372,97,105,278
2023-12-15,8003361,8000209,1,1,2190
2023-12-15,8003361,8001215,2,2,585
2023-12-15,8003361,8003160,10,11,251
2023-12-15,8003361,8003361,32,37,445
2023-12-15,8003361,8003363,11,15,452
2023-12-15,8003361,8003671,3,3,120
2023-12-15,8003362,8003362,178,208,321
2023-12-15,8003362,8003365,92,103,392
2023-12-15,8003362,8003371,82,105,256
2023-12-15,8003363,8003330,6,6,680
2023-12-15,8003363,8003361,12,14,229
2023-12-15,8003363,8003363,25,29,355
2023-12-15,8003364,8000209,108,119,290
2023-12-15,8003364,8003364,196,237,277
2023-12-15,8003364,8003392,103,116,317
2023-12-15,8003365,8003362,84,105,268
2023-12-15,8003365,8003365,187,208,336
2023-12-15,8003365,8003366,93,103,402
2023-12-15,8003366,8003365,95,105,286
2023-12-15,8003366,8003366,181,208,337
2023-12-15,8003366,8079140,92,103,396
2023-12-15,8003367,8001566,50,60,332
2023-12-15,8003367,8003367,99,119,264
2023-12-15,8003367,8003369,46,60,205
2023-12-15,8003369,8000209,51,60,226
2023-12-15,8003369,8003367,51,60,314
2023-12-15,8003369,8003369,105,120,272
2023-12-15,8003371,8003360,98,105,267
2023-12-15,8003371,8003362,87,103,367
2023-12-15,8003371,8003371,192,208,326
2023-12-15,8003372,8003360,94,103,373
2023-12-15,8003372,8003372,180,208,323
2023-12-15,8003372,8003392,97,116,275
2023-12-15,8003373,8001507,51,58,443
2023-12-15,8003373,8003373,98,116,359
2023-12-15,8003373,8079140,65,105,247
2023-12-15,8003375,8003375,153,203,176
2023-12-15,8003375,8003392,69,103,128
2023-12-15,8003375,8003732,86,102,252
2023-12-15,8003379,8003370,43,57,160
2023-12-15,8003379,8003379,93,114,181
2023-12-15,8003379,8004869,49,57,224
2023-12-15,8003383,8002389,86,102,246
2023-12-15,8003383,8003383,161,203,185
2023-12-15,8003383,8003732,75,101,107
2023-12-15,8003386,8003386,41,43,384
2023-12-15,8003386,8004366,20,22,320
2023-12-15,8003386,8005074,21,21,461
2023-12-15,8003392,8003320,129,162,167
2023-12-15,8003392,8003364,110,115,300
2023-12-15,8003392,8003372,103,118,373
2023-12-15,8003392,8003375,83,104,226
2023-12-15,8003392,8003392,369,475,256
2023-12-15,8003395,8000404,53,73,283
2023-12-15,8003395,8002806,68,75,413
2023-12-15,8003395,8003395,127,148,349
2023-12-15,8003462,8000100,32,44,80
2023-12-15,8003462,8003462,69,89,87
2023-12-15,8003462,8004616,38,45,88
2023-12-15,8003553,8000084,33,60,224
2023-12-15,8003553,8001886,33,43,446
2023-12-15,8003553,8001893,0,35,0
2023-12-15,8003553,8003553,66,122,276
2023-12-15,8003616,8000853,30,39,206
2023-12-15,8003616,8002490,31,36,191
2023-12-15,8003616,8003616,63,78,207
2023-12-15,8003668,8003668,92,118,293
2023-12-15,8003668,8003672,34,59,165
2023-12-15,8003668,8006713,57,59,431
2023-12-15,8003669,8000209,34,37,252
2023-12-15,8003669,8000853,36,40,204
2023-12-15,8003669,8003669,67,74,236
2023-12-15,8003671,8003160,11,13,99
2023-12-15,8003671,8003252,20,24,86
2023-12-15,8003671,8003361,2,3,80
2023-12-15,8003671,8003671,61,79,71
2023-12-15,8003671,8006280,24,39,50
2023-12-15,8003672,8003540,29,59,143
2023-12-15,8003672,8003668,54,59,412
2023-12-15,8003672,8003672,88,118,290
2023-12-15,8003697,8000677,12,19,313
2023-12-15,8003697,8001113,16,16,381
2023-12-15,8003697,8002206,52,56,314
2023-12-15,8003697,8002718,20,20,348
2023-12-15,8003697,8003697,90,103,354
2023-12-15,8003732,8003375,78,101,127
2023-12-15,8003732,8003383,86,102,267
2023-12-15,8003732,8003732,164,203,188
2023-12-15,8003927,8000100,15,20,84
2023-12-15,8003927,8003158,19,19,104
2023-12-15,8003927,8003927,76,84,86
2023-12-15,8003927,8005298,22,23,89
2023-12-15,8003927,8005339,19,22,72
2023-12-15,8003931,8003931,63,115,59
2023-12-15,8003931,8003937,36,58,63
2023-12-15,8003931,8005057,26,57,41
2023-12-15,8003937,8003931,25,57,37
2023-12-15,8003937,8003937,62,115,56
2023-12-15,8003937,8006516,38,58,86
2023-12-15,8003966,8000135,0,1,0
2023-12-15,8003966,8001086,21,21,486
2023-12-15,8003966,8002104,19,21,536
2023-12-15,8003966,8003966,38,43,497
2023-12-15,8003990,8000084,36,50,278
2023-12-15,8003990,8001264,39,49,203
2023-12-15,8003990,8003990,75,99,233
2023-12-15,8004366,8001086,22,22,400
2023-12-15,8004366,8003386,21,21,470
2023-12-15,8004366,8004366,42,43,416
2023-12-15,8004519,8001557,16,20,250
2023-12-15,8004519,8002725,20,20,381
2023-12-15,8004519,8004519,38,40,314
2023-12-15,8004616,8003462,36,44,106
2023-12-15,8004616,8004616,74,89,83
2023-12-15,8004616,8005058,37,45,92
2023-12-15,8004739,8002988,23,39,95
2023-12-15,8004746,8002290,28,36,93
2023-12-15,8004746,8004746,58,72,89
2023-12-15,8004746,8006659,19,36,65
2023-12-15,8004869,8000135,29,40,275
2023-12-15,8004869,8000178,14,17,295
2023-12-15,8004869,8003379,46,57,165
2023-12-15,8004869,8004869,161,192,266
2023-12-15,8004869,8004873,50,57,237
2023-12-15,8004869,8004898,18,18,447
2023-12-15,8004873,8003330,51,65,159
2023-12-15,8004873,8004869,51,57,202
2023-12-15,8004873,8004873,209,244,205
2023-12-15,8004873,8005629,102,122,271
2023-12-15,8004898,8003330,20,21,216
2023-12-15,8004898,8004869,19,19,346
2023-12-15,8004898,8004898,69,84,333
2023-12-15,8004898,8005746,40,42,478
2023-12-15,8004907,8000178,5,36,5
2023-12-15,8004907,8000355,19,36,92
2023-12-15,8004907,8004907,27,72,49
2023-12-15,8005057,8003931,38,58,99
2023-12-15,8005057,8005057,58,115,61
2023-12-15,8005057,8005058,25,57,39
2023-12-15,8005058,8004616,35,44,68
2023-12-15,8005058,8005057,37,58,64
2023-12-15,8005058,8005058,73,89,82
2023-12-15,8005074,8000713,22,27,469
2023-12-15,8005074,8003386,18,22,297
2023-12-15,8005074,8005074,37,43,379
2023-12-15,8005134,8002932,26,40,112
2023-12-15,8005134,8005134,61,79,136
2023-12-15,8005134,8005143,35,39,176
2023-12-15,8005143,8003358,37,39,219
2023-12-15,8005143,8005134,37,40,173
2023-12-15,8005143,8005143,72,79,197
2023-12-15,8005152,8001091,17,23,243
2023-12-15,8005152,8005152,70,78,163
2023-12-15,8005152,8005499,38,39,127
2023-12-15,8005164,8000012,24,38,239
2023-12-15,8005164,8005164,58,76,193
2023-12-15,8005164,8005356,30,38,127
2023-12-15,8005298,8000100,21,23,73
2023-12-15,8005298,8003927,21,22,79
2023-12-15,8005298,8005298,42,45,96
2023-12-15,8005339,8003158,20,22,60
2023-12-15,8005339,8003927,21,23,67
2023-12-15,8005339,8005339,41,45,71
2023-12-15,8005356,8000012,14,19,256
2023-12-15,8005356,8001384,31,38,116
2023-12-15,8005356,8002768,13,18,167
2023-12-15,8005356,8005164,28,38,292
2023-12-15,8005356,8005356,85,113,204
2023-12-15,8005499,8001215,7,7,317
2023-12-15,8005499,8005152,30,39,176
2023-12-15,8005499,8005499,14,14,435
2023-12-15,8005575,8000178,43,62,171
2023-12-15,8005575,8001264,38,50,280
2023-12-15,8005575,8005575,77,99,244
2023-12-15,8005629,8000135,102,122,280
2023-12-15,8005629,8004873,70,122,118
2023-12-15,8005629,8005629,183,244,198
2023-12-15,8005743,8005745,1,36,12
2023-12-15,8005744,8005744,25,72,122
2023-12-15,8005744,8005745,24,36,245
2023-12-15,8005744,8098348,20,36,49
2023-12-15,8005745,8005743,24,36,248
2023-12-15,8005745,8005744,1,36,10
2023-12-15,8005745,8005745,25,72,129
2023-12-15,8005746,8004898,30,42,197
2023-12-15,8005746,8005159,39,42,465
2023-12-15,8005746,8005746,73,84,341
2023-12-15,8005935,8002206,52,57,406
2023-12-15,8005935,8002806,51,57,297
2023-12-15,8005935,8005935,104,114,345
2023-12-15,8006280,8000100,5,17,21
2023-12-15,8006280,8001416,16,22,71
2023-12-15,8006280,8003671,31,40,83
2023-12-15,8006280,8006280,55,79,68
2023-12-15,8006516,8000495,35,58,70
2023-12-15,8006516,8003937,22,57,31
2023-12-15,8006516,8006516,56,115,48
2023-12-15,8006659,8000355,28,36,71
2023-12-15,8006659,8004746,29,36,87
2023-12-15,8006659,8006659,52,72,78
2023-12-15,8006713,8000209,42,44,514
2023-12-15,8006713,8000832,57,59,422
2023-12-15,8006713,8001584,43,43,629
2023-12-15,8006713,8003330,1,2,1050
2023-12-15,8006713,8003668,35,59,163
2023-12-15,8006713,8006713,176,208,416
2023-12-15,8070704,8000404,84,94,303
2023-12-15,8070704,8000406,33,37,386
2023-12-15,8070704,8070704,150,172,306
2023-12-15,8079140,8003366,84,105,269
2023-12-15,8079140,8003373,91,103,377
2023-12-15,8079140,8079140,164,208,328
2023-12-15,8098348,8005744,17,36,202
2023-12-15,8098348,8098348,42,72,131
2023-12-15,8098348,8099506,27,36,106
2023-12-15,8098349,8001917,3,19,33
2023-12-15,8099506,8000348,21,36,58
2023-12-15,8099506,8098348,19,36,195
2023-12-15,8099506,8099506,57,72,190
2023-12-16,8000012,8000012,26,37,178
2023-12-16,8000012,8001928,2,5,108
2023-12-16,8000012,8005164,14,35,83
2023-12-16,8000012,8005356,11,18,108
2023-12-16,8000012,8006501,12,15,274
2023-12-16,8000030,8002290,6,20,27
2023-12-16,8000084,8000084,44,76,540
2023-12-16,8000084,8000178,20,35,254
2023-12-16,8000084,8003553,27,56,542
2023-12-16,8000084,8003990,12,40,117
2023-12-16,8000100,8000100,58,73,81
2023-12-16,8000100,8002402,16,20,45
2023-12-16,8000100,8003361,3,3,70
2023-12-16,8000100,8003462,11,39,58
2023-12-16,8000100,8003927,19,20,132
2023-12-16,8000100,8005298,19,19,155
2023-12-16,8000100,8006280,15,18,62
2023-12-16,8000135,8000135,141,238,144
2023-12-16,8000135,8002753,87,119,212
2023-12-16,8000135,8003330,7,22,86
2023-12-16,8000135,8004869,30,37,214
2023-12-16,8000135,8005629,66,114,62
2023-12-16,8000178,8000084,21,37,786
2023-12-16,8000178,8000178,122,192,287
2023-12-16,8000178,8000209,2,2,1020
2023-12-16,8000178,8001506,12,18,263
2023-12-16,8000178,8002389,32,61,102
2023-12-16,8000178,8004869,11,14,206
2023-12-16,8000178,8004907,4,20,15
2023-12-16,8000178,8005575,44,58,190
2023-12-16,8000209,8000178,15,21,1296
2023-12-16,8000209,8000209,296,381,432
2023-12-16,8000209,8003310,42,56,186
2023-12-16,8000209,8003330,15,21,640
2023-12-16,8000209,8003361,16,17,644
2023-12-16,8000209,8003364,53,113,134
2023-12-16,8000209,8003369,39,57,177
2023-12-16,8000209,8003669,24,25,720
2023-12-16,8000209,8006713,40,44,1058
2023-12-16,8000348,8000348,64,111,377
2023-12-16,8000348,8000406,23,38,778
2023-12-16,8000348,8001712,11,36,30
2023-12-16,8000348,8001886,27,37,306
2023-12-16,8000348,8099506,28,32,218
2023-12-16,8000355,8000355,11,40,17
2023-12-16,8000355,8004907,3,20,10
2023-12-16,8000355,8006659,7,20,21
2023-12-16,8000404,8000404,153,208,268
2023-12-16,8000404,8002806,36,50,401
2023-12-16,8000404,8003395,42,54,124
2023-12-16,8000404,8070704,38,61,150
2023-12-16,8000406,8000348,27,37,285
2023-12-16,8000406,8000406,90,146,317
2023-12-16,8000406,8001712,29,35,200
2023-12-16,8000406,8070704,16,34,43
2023-12-16,8000495,8000495,62,78,107
2023-12-16,8000495,8001084,32,39,127
2023-12-16,8000495,8006516,30,39,72
2023-12-16,8000502,8000502,17,35,86
2023-12-16,8000502,8000507,1,33,1
2023-12-16,8000502,8000521,15,19,164
2023-12-16,8000507,8000502,26,34,119
2023-12-16,8000507,8000507,26,67,51
2023-12-16,8000507,8002816,0,33,0
2023-12-16,8000510,8000510,14,37,83
2023-12-16,8000510,8000527,0,18,0
2023-12-16,8000510,8001917,11,19,147
2023-12-16,8000521,8000502,0,18,0
2023-12-16,8000521,8000521,15,37,84
2023-12-16,8000521,8000527,16,19,175
2023-12-16,8000527,8000510,17,19,177
2023-12-16,8000527,8000521,0,18,0
2023-12-16,8000527,8000527,18,37,98
2023-12-16,8000677,8003697,12,19,426
2023-12-16,8000713,8000713,26,67,101
2023-12-16,8000713,8005074,21,36,177
2023-12-16,8000713,8005970,15,31,35
2023-12-16,8000832,8000832,83,112,168
2023-12-16,8000832,8003310,36,56,148
2023-12-16,8000832,8006713,42,56,194
2023-12-16,8000853,8000853,87,120,364
2023-12-16,8000853,8001506,13,18,195
2023-12-16,8000853,8003616,33,42,506
2023-12-16,8000853,8003669,40,42,303
2023-12-16,8000853,8006719,13,18,477
2023-12-16,8000899,8001566,29,57,147
2023-12-16,8001081,8001081,61,78,102
2023-12-16,8001081,8001084,31,39,78
2023-12-16,8001081,8001088,27,39,127
2023-12-16,8001082,8001082,73,78,882
2023-12-16,8001082,8001085,22,22,1346
2023-12-16,8001082,8001091,35,39,609
2023-12-16,8001082,8004604,16,17,1008
2023-12-16,8001084,8000495,34,39,82
2023-12-16,8001084,8001081,28,39,123
2023-12-16,8001084,8001084,60,78,100
2023-12-16,8001085,8001082,19,22,529
2023-12-16,8001085,8001085,42,44,941
2023-12-16,8001085,8005153,22,22,1370
2023-12-16,8001088,8001081,36,39,85
2023-12-16,8001088,8001088,64,78,96
2023-12-16,8001091,8001082,36,39,1147
2023-12-16,8001091,8001091,71,78,880
2023-12-16,8001091,8001215,15,17,741
2023-12-16,8001091,8005152,22,22,645
2023-12-16,8001215,8001091,16,17,1011
2023-12-16,8001215,8001215,76,82,1048
2023-12-16,8001215,8003160,24,24,1166
2023-12-16,8001215,8003361,14,17,921
2023-12-16,8001215,8005499,22,24,1188
2023-12-16,8001264,8001264,55,80,146
2023-12-16,8001264,8003990,23,40,143
2023-12-16,8001264,8005575,26,40,146
2023-12-16,8001384,8001384,47,70,180
2023-12-16,8001384,8002768,23,35,134
2023-12-16,8001384,8005356,25,35,239
2023-12-16,8001416,8001416,38,41,110
2023-12-16,8001416,8002402,20,21,170
2023-12-16,8001416,8006280,18,20,56
2023-12-16,8001557,8001557,36,40,200
2023-12-16,8001557,8002720,19,20,236
2023-12-16,8001557,8004519,15,20,162
2023-12-16,8001566,8000899,43,57,244
2023-12-16,8001566,8001566,81,114,192
2023-12-16,8001566,8003367,37,57,158
2023-12-16,8001712,8000348,33,35,234
2023-12-16,8001712,8000406,13,36,38
2023-12-16,8001712,8001712,44,71,121
2023-12-16,8001736,8001736,66,107,177
2023-12-16,8001736,8002753,13,18,122
2023-12-16,8001736,8002768,36,54,237
2023-12-16,8001736,8003987,20,35,113
2023-12-16,8001886,8000348,23,39,772
2023-12-16,8001886,8001886,49,76,542
2023-12-16,8001886,8003553,27,37,326
2023-12-16,8001887,8001888,0,32,0
2023-12-16,8001888,8001887,7,32,30
2023-12-16,8001888,8001888,8,64,16
2023-12-16,8001888,8001889,1,32,3
2023-12-16,8001889,8001888,6,32,29
2023-12-16,8001889,8001889,7,64,14
2023-12-16,8001889,8001893,2,32,7
2023-12-16,8001893,8001889,6,32,20
2023-12-16,8001893,8001893,7,54,18
2023-12-16,8001893,8003553,6,27,14
2023-12-16,8001917,8000510,16,18,27
2023-12-16,8001917,8001917,29,37,90
2023-12-16,8001917,8098349,13,19,152
2023-12-16,8002206,8002206,50,79,347
2023-12-16,8002206,8003697,30,39,445
2023-12-16,8002206,8005935,19,40,242
2023-12-16,8002290,8000030,6,20,18
2023-12-16,8002290,8002290,24,40,34
2023-12-16,8002290,8004746,15,20,60
2023-12-16,8002389,8000178,45,60,174
2023-12-16,8002389,8002389,78,121,131
2023-12-16,8002389,8003383,26,61,94
2023-12-16,8002402,8000100,17,21,121
2023-12-16,8002402,8001416,18,20,44
2023-12-16,8002402,8002402,38,41,103
2023-12-16,8002718,8002718,35,40,202
2023-12-16,8002718,8002719,18,20,178
2023-12-16,8002718,8003697,19,20,240
2023-12-16,8002719,8002718,17,20,225
2023-12-16,8002719,8002719,35,40,202
2023-12-16,8002719,8002720,18,20,188
2023-12-16,8002720,8001557,16,20,165
2023-12-16,8002720,8002719,19,20,248
2023-12-16,8002720,8002720,35,40,200
2023-12-16,8002721,8002725,2,20,14
2023-12-16,8002725,8002721,20,20,238
2023-12-16,8002725,8002725,22,40,124
2023-12-16,8002725,8004519,17,20,106
2023-12-16,8002753,8000135,61,119,81
2023-12-16,8002753,8001736,13,19,223
2023-12-16,8002753,8002753,79,123,149
2023-12-16,8002753,8002775,29,43,211
2023-12-16,8002768,8001384,23,35,237
2023-12-16,8002768,8001736,37,53,127
2023-12-16,8002768,8002768,74,107,183
2023-12-16,8002768,8005356,14,19,226
2023-12-16,8002775,8001006,18,31,200
2023-12-16,8002775,8002753,23,43,77
2023-12-16,8002775,8002775,40,86,137
2023-12-16,8002775,8003987,7,12,235
2023-12-16,8002804,8002804,28,67,53
2023-12-16,8002804,8002806,10,33,47
2023-12-16,8002804,8002816,27,34,82
2023-12-16,8002806,8000404,40,50,436
2023-12-16,8002806,8002804,30,34,86
2023-12-16,8002806,8002806,162,208,279
2023-12-16,8002806,8003395,39,54,117
2023-12-16,8002806,8005935,27,39,265
2023-12-16,8002806,8400043,28,31,562
2023-12-16,8002816,8000507,18,34,72
2023-12-16,8002816,8002804,2,33,29
2023-12-16,8002816,8002816,28,67,47
2023-12-16,8002932,8002932,64,71,64
2023-12-16,8002932,8002988,33,36,80
2023-12-16,8002932,8005134,31,35,55
2023-12-16,8002988,8002932,25,35,74
2023-12-16,8002988,8002988,44,71,66
2023-12-16,8002988,8004739,16,36,38
2023-12-16,8003158,8003927,14,19,35
2023-12-16,8003158,8005339,19,21,61
2023-12-16,8003160,8001215,23,24,945
2023-12-16,8003160,8003160,74,89,571
2023-12-16,8003160,8003252,18,21,157
2023-12-16,8003160,8003361,36,44,704
2023-12-16,8003252,8003160,14,20,68
2023-12-16,8003252,8003252,33,41,110
2023-12-16,8003252,8003671,21,21,157
2023-12-16,8003310,8000209,43,56,162
2023-12-16,8003310,8000832,48,56,213
2023-12-16,8003310,8003310,84,112,169
2023-12-16,8003320,8003320,193,298,122
2023-12-16,8003320,8003358,87,97,199
2023-12-16,8003320,8003370,34,52,142
2023-12-16,8003320,8003392,108,149,123
2023-12-16,8003330,8000010,1,1,120
2023-12-16,8003330,8000135,19,22,166
2023-12-16,8003330,8000209,17,22,615
2023-12-16,8003330,8000667,2,2,120
2023-12-16,8003330,8003330,126,170,155
2023-12-16,8003330,8003358,45,61,89
2023-12-16,8003330,8003363,6,8,754
2023-12-16,8003330,8004873,50,61,235
2023-12-16,8003330,8004898,18,20,201
2023-12-16,8003358,8003320,61,96,88
2023-12-16,8003358,8003330,52,61,245
2023-12-16,8003358,8003358,155,193,155
2023-12-16,8003358,8005143,31,36,128
2023-12-16,8003360,8003360,77,112,180
2023-12-16,8003360,8003371,40,55,299
2023-12-16,8003360,8003372,37,57,88
2023-12-16,8003361,8000100,3,3,210
2023-12-16,8003361,8000209,15,16,1281
2023-12-16,8003361,8001215,16,17,881
2023-12-16,8003361,8003160,40,45,441
2023-12-16,8003361,8003352,0,1,-150
2023-12-16,8003361,8003361,136,170,527
2023-12-16,8003361,8003363,46,62,553
2023-12-16,8003361,8003671,16,18,182
2023-12-16,8003362,8003362,66,112,174
2023-12-16,8003362,8003365,40,55,305
2023-12-16,8003362,8003371,24,57,64
2023-12-16,8003363,8003330,8,8,1339
2023-12-16,8003363,8003361,54,63,358
2023-12-16,8003363,8003363,105,125,463
2023-12-16,8003364,8000209,91,113,239
2023-12-16,8003364,8003364,152,226,167
2023-12-16,8003364,8003392,86,112,183
2023-12-16,8003365,8003362,26,57,65
2023-12-16,8003365,8003365,75,112,189
2023-12-16,8003365,8003366,40,55,314
2023-12-16,8003366,8003365,35,57,79
2023-12-16,8003366,8003366,75,112,192
2023-12-16,8003366,8079140,40,55,313
2023-12-16,8003367,8001566,34,57,194
2023-12-16,8003367,8003367,70,114,166
2023-12-16,8003367,8003369,29,57,140
2023-12-16,8003369,8000209,40,57,165
2023-12-16,8003369,8003367,34,57,175
2023-12-16,8003369,8003369,78,114,167
2023-12-16,8003371,8003360,37,57,76
2023-12-16,8003371,8003362,40,55,279
2023-12-16,8003371,8003371,77,112,184
2023-12-16,8003372,8003360,41,55,283
2023-12-16,8003372,8003372,73,112,177
2023-12-16,8003372,8003392,60,113,81
2023-12-16,8003373,8001506,2,10,18
2023-12-16,8003373,8001507,29,45,237
2023-12-16,8003373,8003373,58,111,146
2023-12-16,8003373,8079140,11,57,48
2023-12-16,8003375,8003375,85,121,143
2023-12-16,8003375,8003392,37,62,127
2023-12-16,8003375,8003732,45,60,169
2023-12-16,8003379,8003370,31,53,110
2023-12-16,8003379,8003379,73,105,132
2023-12-16,8003379,8004869,36,52,162
2023-12-16,8003383,8002389,49,60,168
2023-12-16,8003383,8003383,92,121,145
2023-12-16,8003383,8003732,43,61,114
2023-12-16,8003386,8003386,0,1,-30
2023-12-16,8003386,8005074,0,1,0
2023-12-16,8003392,8003320,104,149,131
2023-12-16,8003392,8003364,97,113,132
2023-12-16,8003392,8003372,88,112,249
2023-12-16,8003392,8003375,42,61,154
2023-12-16,8003392,8003392,290,449,150
2023-12-16,8003395,8000404,33,54,112
2023-12-16,8003395,8002806,40,54,114
2023-12-16,8003395,8003395,72,108,110
2023-12-16,8003414,8003414,25,32,98
2023-12-16,8003414,8003937,11,16,45
2023-12-16,8003414,8006516,15,16,129
2023-12-16,8003462,8000100,36,39,104
2023-12-16,8003462,8003462,75,78,127
2023-12-16,8003462,8004616,39,39,148
2023-12-16,8003553,8000084,29,54,230
2023-12-16,8003553,8001886,23,39,754
2023-12-16,8003553,8001893,5,27,34
2023-12-16,8003553,8003553,57,110,395
2023-12-16,8003616,8000853,30,42,261
2023-12-16,8003616,8002490,28,36,473
2023-12-16,8003616,8003616,60,84,370
2023-12-16,8003668,8003668,88,112,174
2023-12-16,8003668,8003672,46,56,201
2023-12-16,8003668,8006713,40,56,148
2023-12-16,8003669,8000209,21,24,370
2023-12-16,8003669,8000853,32,42,501
2023-12-16,8003669,8003669,46,49,564
2023-12-16,8003671,8003252,17,20,66
2023-12-16,8003671,8003361,13,18,90
2023-12-16,8003671,8003671,66,77,120
2023-12-16,8003671,8006280,31,39,148
2023-12-16,8003672,8003540,36,56,183
2023-12-16,8003672,8003668,37,56,139
2023-12-16,8003672,8003672,83,112,170
2023-12-16,8003697,8000677,8,19,602
2023-12-16,8003697,8002206,20,40,269
2023-12-16,8003697,8002718,15,20,154
2023-12-16,8003697,8003697,21,39,516
2023-12-16,8003732,8003375,46,61,137
2023-12-16,8003732,8003383,49,60,183
2023-12-16,8003732,8003732,94,121,150
2023-12-16,8003927,8000100,16,19,73
2023-12-16,8003927,8003158,20,20,132
2023-12-16,8003927,8003927,71,79,114
2023-12-16,8003927,8005298,18,21,91
2023-12-16,8003927,8005339,18,19,153
2023-12-16,8003931,8003931,60,78,115
2023-12-16,8003931,8003937,35,39,142
2023-12-16,8003931,8005057,24,39,68
2023-12-16,8003937,8003414,16,16,159
2023-12-16,8003937,8003931,26,39,64
2023-12-16,8003937,8003937,62,78,107
2023-12-16,8003937,8006516,20,23,167
2023-12-16,8003990,8000084,26,40,148
2023-12-16,8003990,8001264,30,40,154
2023-12-16,8003990,8003990,56,80,145
2023-12-16,8004366,8003386,0,1,-30
2023-12-16,8004519,8001557,16,20,222
2023-12-16,8004519,8002725,19,20,208
2023-12-16,8004519,8004519,35,40,203
2023-12-16,8004616,8003462,37,39,135
2023-12-16,8004616,8004616,75,78,118
2023-12-16,8004616,8005058,38,39,145
2023-12-16,8004739,8002988,17,35,31
2023-12-16,8004746,8002290,8,20,30
2023-12-16,8004746,8004746,26,40,40
2023-12-16,8004746,8006659,6,20,27
2023-12-16,8004869,8000135,28,38,152
2023-12-16,8004869,8000178,10,15,170
2023-12-16,8004869,8003379,36,53,97
2023-12-16,8004869,8004869,129,180,160
2023-12-16,8004869,8004873,36,52,169
2023-12-16,8004869,8004898,14,19,175
2023-12-16,8004873,8003330,48,61,90
2023-12-16,8004873,8004869,40,53,123
2023-12-16,8004873,8004873,174,227,147
2023-12-16,8004873,8005629,85,113,223
2023-12-16,8004898,8003330,19,21,106
2023-12-16,8004898,8004869,17,18,142
2023-12-16,8004898,8004898,53,80,136
2023-12-16,8004898,8005746,32,40,228
2023-12-16,8004907,8000178,4,20,9
2023-12-16,8004907,8000355,6,20,22
2023-12-16,8004907,8004907,11,40,16
2023-12-16,8005057,8003931,37,39,192
2023-12-16,8005057,8005057,56,78,112
2023-12-16,8005057,8005058,28,39,68
2023-12-16,8005058,8004616,37,39,95
2023-12-16,8005058,8005057,36,39,128
2023-12-16,8005058,8005058,74,78,120
2023-12-16,8005074,8000713,6,31,15
2023-12-16,8005074,8005074,0,1,0
2023-12-16,8005134,8002932,18,36,54
2023-12-16,8005134,8005134,52,71,68
2023-12-16,8005134,8005143,28,35,95
2023-12-16,8005143,8003358,30,35,135
2023-12-16,8005143,8005134,30,36,114
2023-12-16,8005143,8005143,61,71,123
2023-12-16,8005152,8001091,21,22,1230
2023-12-16,8005152,8005152,46,48,1002
2023-12-16,8005152,8005499,24,24,844
2023-12-16,8005164,8000012,17,35,188
2023-12-16,8005164,8005164,47,70,162
2023-12-16,8005164,8005356,23,35,118
2023-12-16,8005298,8000100,19,21,94
2023-12-16,8005298,8003927,19,19,158
2023-12-16,8005298,8005298,38,40,136
2023-12-16,8005339,8003158,17,19,134
2023-12-16,8005339,8003927,15,21,61
2023-12-16,8005339,8005339,33,40,112
2023-12-16,8005356,8000012,14,19,234
2023-12-16,8005356,8001384,24,35,117
2023-12-16,8005356,8002768,13,18,108
2023-12-16,8005356,8005164,25,35,242
2023-12-16,8005356,8005356,70,107,175
2023-12-16,8005499,8001215,24,24,1076
2023-12-16,8005499,8005152,22,24,1186
2023-12-16,8005499,8005499,46,48,1065
2023-12-16,8005575,8000178,34,58,114
2023-12-16,8005575,8001264,29,40,164
2023-12-16,8005575,8005575,55,80,157
2023-12-16,8005629,8000135,85,113,228
2023-12-16,8005629,8004873,53,114,59
2023-12-16,8005629,8005629,150,227,143
2023-12-16,8005743,8005745,0,32,0
2023-12-16,8005744,8005744,16,64,59
2023-12-16,8005744,8005745,17,32,123
2023-12-16,8005744,8098348,15,32,38
2023-12-16,8005745,8005743,16,32,122
2023-12-16,8005745,8005744,0,32,0
2023-12-16,8005745,8005745,17,64,60
2023-12-16,8005746,8004898,25,40,57
2023-12-16,8005746,8005159,27,40,205
2023-12-16,8005746,8005746,62,80,143
2023-12-16,8005935,8002206,30,39,440
2023-12-16,8005935,8002806,29,40,281
2023-12-16,8005935,8005935,57,79,301
2023-12-16,8006280,8000100,11,18,122
2023-12-16,8006280,8001416,17,21,141
2023-12-16,8006280,8003671,28,38,66
2023-12-16,8006280,8006280,56,77,102
2023-12-16,8006516,8000495,29,39,126
2023-12-16,8006516,8003414,9,16,49
2023-12-16,8006516,8003937,14,23,72
2023-12-16,8006516,8006516,55,78,93
2023-12-16,8006659,8000355,12,20,38
2023-12-16,8006659,8004746,12,20,28
2023-12-16,8006659,8006659,19,40,30
2023-12-16,8006713,8000209,47,62,842
2023-12-16,8006713,8000832,43,56,146
2023-12-16,8006713,8001584,39,44,1012
2023-12-16,8006713,8003668,48,56,202
2023-12-16,8006713,8006713,173,218,569
2023-12-16,8070704,8000404,53,73,163
2023-12-16,8070704,8000406,30,33,195
2023-12-16,8070704,8070704,98,134,164
2023-12-16,8079140,8003366,35,57,71
2023-12-16,8079140,8003373,38,55,265
2023-12-16,8079140,8079140,59,112,175
2023-12-16,8098348,8005744,13,32,98
2023-12-16,8098348,8098348,31,64,68
2023-12-16,8098348,8099506,20,32,61
2023-12-16,8098349,8001917,0,18,0
2023-12-16,8099506,8000348,4,32,-8
2023-12-16,8099506,8098348,14,32,87
2023-12-16,8099506,8099506,45,64,104
2023-12-17,8000012,8000012,24,34,167
2023-12-17,8000012,8001928,2,4,68
2023-12-17,8000012,8005164,12,32,35
2023-12-17,8000012,8005356,10,17,136
2023-12-17,8000012,8006501,11,14,238
2023-12-17,8000030,8002290,1,19,3
2023-12-17,8000084,8000084,43,73,341
2023-12-17,8000084,8000178,19,33,174
2023-12-17,8000084,8003553,29,52,369
2023-12-17,8000084,8003990,7,34,51
2023-12-17,8000100,8000100,44,66,104
2023-12-17,8000100,8002402,7,18,22
2023-12-17,8000100,8003361,2,3,110
2023-12-17,8000100,8003462,13,36,24
2023-12-17,8000100,8003927,17,17,201
2023-12-17,8000100,8005298,17,17,316
2023-12-17,8000100,8006280,7,16,19
2023-12-17,8000135,8000135,125,204,110
2023-12-17,8000135,8002753,81,103,136
2023-12-17,8000135,8003330,8,21,76
2023-12-17,8000135,8004869,24,34,243
2023-12-17,8000135,8005629,53,86,65
2023-12-17,8000178,8000084,19,34,529
2023-12-17,8000178,8000178,110,162,214
2023-12-17,8000178,8000209,1,1,420
2023-12-17,8000178,8001506,10,18,273
2023-12-17,8000178,8002389,32,67,66
2023-12-17,8000178,8004869,7,13,60
2023-12-17,8000178,8004907,8,18,22
2023-12-17,8000178,8005575,40,46,165
2023-12-17,8000209,8000178,13,19,698
2023-12-17,8000209,8000209,234,311,356
2023-12-17,8000209,8003310,18,42,128
2023-12-17,8000209,8003330,17,22,443
2023-12-17,8000209,8003361,12,15,770
2023-12-17,8000209,8003364,48,85,355
2023-12-17,8000209,8003369,27,42,101
2023-12-17,8000209,8003669,23,25,467
2023-12-17,8000209,8006713,36,41,471
2023-12-17,8000348,8000348,62,103,278
2023-12-17,8000348,8000406,19,35,536
2023-12-17,8000348,8001712,20,33,71
2023-12-17,8000348,8001886,24,35,198
2023-12-17,8000348,8099506,7,16,84
2023-12-17,8000355,8000355,12,37,12
2023-12-17,8000355,8004907,0,19,0
2023-12-17,8000355,8006659,6,18,15
2023-12-17,8000404,8000404,131,186,238
2023-12-17,8000404,8002806,36,43,368
2023-12-17,8000404,8003395,35,49,117
2023-12-17,8000404,8070704,27,57,120
2023-12-17,8000406,8000348,24,35,182
2023-12-17,8000406,8000406,85,135,238
2023-12-17,8000406,8001712,23,32,152
2023-12-17,8000406,8070704,21,31,87
2023-12-17,8000495,8000495,46,73,56
2023-12-17,8000495,8001084,18,36,53
2023-12-17,8000495,8006516,24,37,44
2023-12-17,8000502,8000502,10,33,66
2023-12-17,8000502,8000507,1,31,1
2023-12-17,8000502,8000521,10,17,141
2023-12-17,8000507,8000502,20,31,130
2023-12-17,8000507,8000507,21,62,60
2023-12-17,8000507,8002816,2,31,3
2023-12-17,8000510,8000510,9,34,64
2023-12-17,8000510,8000527,1,17,4
2023-12-17,8000510,8001917,8,17,115
2023-12-17,8000521,8000502,0,17,0
2023-12-17,8000521,8000521,10,34,74
2023-12-17,8000521,8000527,11,17,145
2023-12-17,8000527,8000510,9,17,136
2023-12-17,8000527,8000521,1,17,2
2023-12-17,8000527,8000527,12,34,75
2023-12-17,8000677,8003697,16,18,342
2023-12-17,8000713,8000713,27,67,22
2023-12-17,8000713,8005074,19,33,36
2023-12-17,8000713,8005970,16,34,26
2023-12-17,8000832,8000832,53,84,405
2023-12-17,8000832,8003310,32,42,692
2023-12-17,8000832,8006713,19,42,127
2023-12-17,8000853,8000853,79,101,375
2023-12-17,8000853,8001506,13,16,251
2023-12-17,8000853,8003616,27,35,362
2023-12-17,8000853,8003669,27,34,281
2023-12-17,8000853,8006719,13,16,778
2023-12-17,8000899,8001566,16,43,44
2023-12-17,8001081,8001081,26,73,30
2023-12-17,8001081,8001084,16,37,22
2023-12-17,8001081,8001088,13,36,35
2023-12-17,8001082,8001082,60,75,392
2023-12-17,8001082,8001085,20,22,342
2023-12-17,8001082,8001091,29,37,304
2023-12-17,8001082,8004604,11,16,722
2023-12-17,8001084,8000495,27,37,57
2023-12-17,8001084,8001081,15,36,52
2023-12-17,8001084,8001084,42,73,50
2023-12-17,8001085,8001082,16,21,354
2023-12-17,8001085,8001085,36,43,344
2023-12-17,8001085,8005153,19,22,348
2023-12-17,8001088,8001081,25,37,39
2023-12-17,8001088,8001088,39,73,36
2023-12-17,8001091,8001082,25,38,477
2023-12-17,8001091,8001091,53,75,389
2023-12-17,8001091,8001215,11,16,135
2023-12-17,8001091,8005152,19,21,413
2023-12-17,8001215,8001091,11,16,752
2023-12-17,8001215,8001215,64,80,396
2023-12-17,8001215,8003160,22,24,421
2023-12-17,8001215,8003361,9,16,124
2023-12-17,8001215,8005499,21,24,308
2023-12-17,8001264,8001264,51,67,107
2023-12-17,8001264,8003990,23,33,146
2023-12-17,8001264,8005575,29,34,101
2023-12-17,8001384,8001384,57,64,94
2023-12-17,8001384,8002768,31,32,96
2023-12-17,8001384,8005356,25,32,115
2023-12-17,8001416,8001416,27,39,125
2023-12-17,8001416,8002402,19,21,221
2023-12-17,8001416,8006280,8,18,23
2023-12-17,8001557,8001557,24,38,186
2023-12-17,8001557,8002720,16,19,259
2023-12-17,8001557,8004519,9,19,117
2023-12-17,8001566,8000899,39,42,150
2023-12-17,8001566,8001566,69,85,94
2023-12-17,8001566,8003367,31,43,66
2023-12-17,8001712,8000348,24,32,172
2023-12-17,8001712,8000406,23,33,94
2023-12-17,8001712,8001712,47,65,120
2023-12-17,8001736,8001736,67,98,122
2023-12-17,8001736,8002753,12,17,201
2023-12-17,8001736,8002768,36,49,118
2023-12-17,8001736,8003987,24,32,101
2023-12-17,8001886,8000348,19,36,525
2023-12-17,8001886,8001886,43,71,358
2023-12-17,8001886,8003553,25,35,202
2023-12-17,8001887,8001888,0,16,0
2023-12-17,8001888,8001887,9,16,71
2023-12-17,8001888,8001888,9,32,35
2023-12-17,8001888,8001889,0,16,0
2023-12-17,8001889,8001888,6,16,58
2023-12-17,8001889,8001889,8,32,22
2023-12-17,8001889,8001893,3,16,11
2023-12-17,8001893,8001889,5,16,28
2023-12-17,8001893,8001893,8,32,22
2023-12-17,8001893,8003553,6,16,28
2023-12-17,8001917,8000510,9,17,19
2023-12-17,8001917,8001917,17,34,68
2023-12-17,8001917,8098349,8,17,118
2023-12-17,8002206,8002206,49,74,242
2023-12-17,8002206,8003697,31,36,220
2023-12-17,8002206,8005935,18,38,247
2023-12-17,8002290,8000030,4,18,12
2023-12-17,8002290,8002290,21,37,21
2023-12-17,8002290,8004746,10,19,35
2023-12-17,8002389,8000178,53,67,141
2023-12-17,8002389,8002389,87,134,97
2023-12-17,8002389,8003383,28,67,61
2023-12-17,8002402,8000100,14,21,189
2023-12-17,8002402,8001416,7,18,23
2023-12-17,8002402,8002402,26,39,125
2023-12-17,8002718,8002718,24,38,186
2023-12-17,8002718,8002719,10,19,117
2023-12-17,8002718,8003697,15,19,270
2023-12-17,8002719,8002718,13,19,254
2023-12-17,8002719,8002719,23,38,186
2023-12-17,8002719,8002720,10,19,122
2023-12-17,8002720,8001557,8,19,109
2023-12-17,8002720,8002719,16,19,268
2023-12-17,8002720,8002720,24,38,184
2023-12-17,8002721,8002725,2,19,9
2023-12-17,8002725,8002721,17,19,174
2023-12-17,8002725,8002725,19,38,89
2023-12-17,8002725,8004519,13,19,87
2023-12-17,8002753,8000135,51,103,82
2023-12-17,8002753,8001736,12,17,150
2023-12-17,8002753,8002753,96,116,130
2023-12-17,8002753,8002775,37,41,127
2023-12-17,8002768,8001384,22,32,98
2023-12-17,8002768,8001736,42,49,131
2023-12-17,8002768,8002768,78,98,120
2023-12-17,8002768,8005356,12,17,162
2023-12-17,8002775,8001006,21,31,136
2023-12-17,8002775,8002753,34,41,102
2023-12-17,8002775,8002775,47,82,100
2023-12-17,8002775,8003987,6,10,48
2023-12-17,8002804,8002804,20,62,49
2023-12-17,8002804,8002806,6,31,17
2023-12-17,8002804,8002816,18,31,95
2023-12-17,8002806,8000404,38,43,408
2023-12-17,8002806,8002804,19,31,101
2023-12-17,8002806,8002806,137,186,239
2023-12-17,8002806,8003395,27,51,99
2023-12-17,8002806,8005935,28,36,228
2023-12-17,8002806,8400043,24,25,457
2023-12-17,8002816,8000507,17,31,105
2023-12-17,8002816,8002804,2,31,6
2023-12-17,8002816,8002816,19,62,54
2023-12-17,8002932,8002932,48,62,76
2023-12-17,8002932,8002988,30,32,105
2023-12-17,8002932,8005134,18,30,58
2023-12-17,8002988,8002932,15,30,51
2023-12-17,8002988,8002988,33,62,71
2023-12-17,8002988,8004739,15,32,73
2023-12-17,8003158,8003927,2,17,4
2023-12-17,8003158,8005339,6,19,44
2023-12-17,8003160,8001215,21,24,291
2023-12-17,8003160,8003160,65,87,234
2023-12-17,8003160,8003252,13,21,176
2023-12-17,8003160,8003361,32,42,301
2023-12-17,8003252,8003160,6,18,37
2023-12-17,8003252,8003252,18,39,108
2023-12-17,8003252,8003671,18,21,201
2023-12-17,8003310,8000209,35,42,709
2023-12-17,8003310,8000832,22,42,144
2023-12-17,8003310,8003310,53,84,410
2023-12-17,8003320,8003320,168,234,116
2023-12-17,8003320,8003358,75,80,142
2023-12-17,8003320,8003370,32,38,126
2023-12-17,8003320,8003392,88,116,133
2023-12-17,8003330,8000010,0,1,0
2023-12-17,8003330,8000135,19,20,333
2023-12-17,8003330,8000209,21,22,424
2023-12-17,8003330,8000667,1,1,570
2023-12-17,8003330,8003330,108,140,138
2023-12-17,8003330,8003358,34,48,76
2023-12-17,8003330,8003363,3,9,107
2023-12-17,8003330,8004873,41,48,160
2023-12-17,8003330,8004898,14,18,233
2023-12-17,8003358,8003320,51,78,100
2023-12-17,8003358,8003330,43,48,165
2023-12-17,8003358,8003358,125,158,131
2023-12-17,8003358,8005143,25,32,117
2023-12-17,8003360,8003360,101,121,244
2023-12-17,8003360,8003371,56,61,432
2023-12-17,8003360,8003372,49,60,86
2023-12-17,8003361,8000100,2,3,450
2023-12-17,8003361,8000209,13,14,223
2023-12-17,8003361,8001215,12,16,758
2023-12-17,8003361,8003160,31,45,199
2023-12-17,8003361,8003352,1,1,120
2023-12-17,8003361,8003361,116,164,272
2023-12-17,8003361,8003363,42,58,274
2023-12-17,8003361,8003671,18,18,217
2023-12-17,8003362,8003362,73,121,232
2023-12-17,8003362,8003365,55,61,440
2023-12-17,8003362,8003371,19,60,43
2023-12-17,8003363,8003330,8,9,317
2023-12-17,8003363,8003361,50,63,207
2023-12-17,8003363,8003363,100,121,249
2023-12-17,8003364,8000209,65,84,146
2023-12-17,8003364,8003364,122,169,243
2023-12-17,8003364,8003392,69,84,402
2023-12-17,8003365,8003362,20,60,44
2023-12-17,8003365,8003365,100,121,253
2023-12-17,8003365,8003366,54,61,448
2023-12-17,8003366,8003365,44,60,69
2023-12-17,8003366,8003366,95,121,254
2023-12-17,8003366,8079140,53,61,435
2023-12-17,8003367,8001566,21,42,82
2023-12-17,8003367,8003367,50,85,69
2023-12-17,8003367,8003369,23,43,52
2023-12-17,8003369,8000209,37,43,76
2023-12-17,8003369,8003367,23,42,87
2023-12-17,8003369,8003369,64,85,84
2023-12-17,8003371,8003360,50,60,72
2023-12-17,8003371,8003362,50,61,406
2023-12-17,8003371,8003371,105,121,250
2023-12-17,8003372,8003360,54,61,415
2023-12-17,8003372,8003372,84,121,242
2023-12-17,8003372,8003392,33,84,94
2023-12-17,8003373,8001507,23,42,99
2023-12-17,8003373,8003373,49,82,101
2023-12-17,8003373,8079140,14,60,36
2023-12-17,8003375,8003375,108,134,106
2023-12-17,8003375,8003392,50,67,87
2023-12-17,8003375,8003732,56,67,131
2023-12-17,8003379,8003370,32,38,193
2023-12-17,8003379,8003379,72,76,173
2023-12-17,8003379,8004869,29,38,141
2023-12-17,8003383,8002389,61,67,134
2023-12-17,8003383,8003383,118,134,106
2023-12-17,8003383,8003732,56,67,56
2023-12-17,8003386,8003386,1,6,5
2023-12-17,8003386,8004366,2,3,40
2023-12-17,8003386,8005074,1,3,10
2023-12-17,8003392,8003320,89,118,103
2023-12-17,8003392,8003364,74,84,98
2023-12-17,8003392,8003372,70,84,451
2023-12-17,8003392,8003375,49,67,110
2023-12-17,8003392,8003392,223,340,190
2023-12-17,8003395,8000404,24,51,93
2023-12-17,8003395,8002806,35,49,111
2023-12-17,8003395,8003395,58,100,102
2023-12-17,8003414,8003414,25,32,68
2023-12-17,8003414,8003937,9,16,38
2023-12-17,8003414,8006516,11,16,62
2023-12-17,8003462,8000100,27,37,65
2023-12-17,8003462,8003462,63,73,69
2023-12-17,8003462,8004616,34,36,66
2023-12-17,8003553,8000084,29,51,131
2023-12-17,8003553,8001886,19,36,513
2023-12-17,8003553,8001893,6,16,36
2023-12-17,8003553,8003553,58,103,260
2023-12-17,8003616,8000853,23,34,252
2023-12-17,8003616,8002490,21,29,262
2023-12-17,8003616,8003616,51,69,296
2023-12-17,8003668,8003668,56,84,400
2023-12-17,8003668,8003672,22,42,147
2023-12-17,8003668,8006713,34,42,660
2023-12-17,8003669,8000209,15,17,399
2023-12-17,8003669,8000853,28,35,370
2023-12-17,8003669,8003669,38,42,464
2023-12-17,8003671,8003252,5,18,17
2023-12-17,8003671,8003361,8,16,28
2023-12-17,8003671,8003671,47,73,124
2023-12-17,8003671,8006280,26,39,195
2023-12-17,8003672,8003540,20,42,139
2023-12-17,8003672,8003668,33,42,639
2023-12-17,8003672,8003672,55,84,388
2023-12-17,8003697,8000677,12,18,305
2023-12-17,8003697,8002206,20,38,226
2023-12-17,8003697,8002718,8,19,103
2023-12-17,8003697,8003697,29,38,321
2023-12-17,8003732,8003375,61,67,106
2023-12-17,8003732,8003383,61,67,149
2023-12-17,8003732,8003732,122,134,108
2023-12-17,8003927,8000100,3,17,9
2023-12-17,8003927,8003158,17,17,192
2023-12-17,8003927,8003927,38,70,157
2023-12-17,8003927,8005298,6,19,36
2023-12-17,8003927,8005339,16,17,397
2023-12-17,8003931,8003931,47,73,67
2023-12-17,8003931,8003937,32,36,76
2023-12-17,8003931,8005057,14,37,32
2023-12-17,8003937,8003414,16,16,107
2023-12-17,8003937,8003931,16,37,34
2023-12-17,8003937,8003937,43,73,47
2023-12-17,8003937,8006516,14,20,56
2023-12-17,8003990,8000084,27,33,158
2023-12-17,8003990,8001264,30,34,56
2023-12-17,8003990,8003990,58,67,109
2023-12-17,8004366,8003386,0,3,0
2023-12-17,8004519,8001557,12,19,249
2023-12-17,8004519,8002725,12,19,147
2023-12-17,8004519,8004519,26,38,172
2023-12-17,8004616,8003462,35,37,96
2023-12-17,8004616,8004616,62,73,64
2023-12-17,8004616,8005058,30,36,78
2023-12-17,8004739,8002988,15,30,54
2023-12-17,8004746,8002290,10,18,25
2023-12-17,8004746,8004746,23,37,26
2023-12-17,8004746,8006659,3,19,6
2023-12-17,8004869,8000135,26,35,200
2023-12-17,8004869,8000178,10,14,219
2023-12-17,8004869,8003379,36,38,196
2023-12-17,8004869,8004869,119,145,209
2023-12-17,8004869,8004873,32,38,165
2023-12-17,8004869,8004898,13,16,199
2023-12-17,8004873,8003330,37,48,72
2023-12-17,8004873,8004869,38,38,215
2023-12-17,8004873,8004873,146,172,131
2023-12-17,8004873,8005629,68,86,170
2023-12-17,8004898,8003330,15,19,152
2023-12-17,8004898,8004869,16,17,203
2023-12-17,8004898,8004898,35,72,146
2023-12-17,8004898,8005746,25,36,262
2023-12-17,8004907,8000178,1,19,3
2023-12-17,8004907,8000355,10,18,32
2023-12-17,8004907,8004907,13,37,16
2023-12-17,8005057,8003931,34,36,106
2023-12-17,8005057,8005057,48,73,61
2023-12-17,8005057,8005058,22,37,45
2023-12-17,8005058,8004616,32,37,51
2023-12-17,8005058,8005057,31,36,76
2023-12-17,8005058,8005058,65,73,77
2023-12-17,8005074,8000713,5,34,4
2023-12-17,8005074,8003386,1,3,20
2023-12-17,8005074,8005074,2,6,20
2023-12-17,8005134,8002932,15,32,68
2023-12-17,8005134,8005134,38,62,74
2023-12-17,8005134,8005143,18,30,103
2023-12-17,8005143,8003358,22,30,141
2023-12-17,8005143,8005134,24,32,114
2023-12-17,8005143,8005143,47,62,122
2023-12-17,8005152,8001091,19,22,327
2023-12-17,8005152,8005152,43,48,358
2023-12-17,8005152,8005499,22,24,371
2023-12-17,8005164,8000012,12,32,75
2023-12-17,8005164,8005164,57,64,86
2023-12-17,8005164,8005356,31,32,89
2023-12-17,8005298,8000100,5,19,13
2023-12-17,8005298,8003927,16,17,404
2023-12-17,8005298,8005298,21,36,213
2023-12-17,8005339,8003158,16,17,275
2023-12-17,8005339,8003927,6,19,36
2023-12-17,8005339,8005339,22,36,213
2023-12-17,8005356,8000012,13,17,201
2023-12-17,8005356,8001384,32,32,75
2023-12-17,8005356,8002768,10,17,146
2023-12-17,8005356,8005164,26,32,120
2023-12-17,8005356,8005356,77,98,121
2023-12-17,8005499,8001215,22,24,430
2023-12-17,8005499,8005152,21,24,332
2023-12-17,8005499,8005499,41,48,353
2023-12-17,8005575,8000178,33,46,83
2023-12-17,8005575,8001264,24,33,162
2023-12-17,8005575,8005575,53,67,133
2023-12-17,8005629,8000135,71,86,160
2023-12-17,8005629,8004873,49,86,70
2023-12-17,8005629,8005629,128,172,119
2023-12-17,8005743,8005745,0,16,0
2023-12-17,8005744,8005744,9,32,45
2023-12-17,8005744,8005745,10,16,99
2023-12-17,8005744,8098348,9,16,39
2023-12-17,8005745,8005743,10,16,101
2023-12-17,8005745,8005744,0,16,0
2023-12-17,8005745,8005745,10,32,51
2023-12-17,8005746,8004898,10,36,45
2023-12-17,8005746,8005159,26,36,259
2023-12-17,8005746,8005746,40,72,154
2023-12-17,8005935,8002206,32,36,250
2023-12-17,8005935,8002806,22,38,267
2023-12-17,8005935,8005935,54,74,245
2023-12-17,8006280,8000100,11,18,182
2023-12-17,8006280,8001416,14,21,194
2023-12-17,8006280,8003671,10,34,15
2023-12-17,8006280,8006280,37,73,110
2023-12-17,8006516,8000495,18,36,52
2023-12-17,8006516,8003414,8,16,41
2023-12-17,8006516,8003937,7,21,21
2023-12-17,8006516,8006516,31,73,37
2023-12-17,8006659,8000355,9,19,21
2023-12-17,8006659,8004746,13,18,27
2023-12-17,8006659,8006659,15,37,16
2023-12-17,8006713,8000209,38,59,530
2023-12-17,8006713,8000832,35,42,676
2023-12-17,8006713,8001584,35,41,496
2023-12-17,8006713,8003668,22,42,144
2023-12-17,8006713,8006713,132,184,502
2023-12-17,8070704,8000404,51,67,173
2023-12-17,8070704,8000406,22,30,144
2023-12-17,8070704,8070704,81,124,154
2023-12-17,8079140,8003366,39,60,60
2023-12-17,8079140,8003373,46,61,383
2023-12-17,8079140,8079140,77,121,235
2023-12-17,8098348,8005744,5,16,66
2023-12-17,8098348,8098348,13,32,50
2023-12-17,8098348,8099506,11,16,68
2023-12-17,8098349,8001917,1,17,4
2023-12-17,8099506,8000348,5,16,17
2023-12-17,8099506,8098348,3,16,30
2023-12-17,8099506,8099506,17,32,54
2023-12-18,8000012,8000012,30,40,191
2023-12-18,8000012,8001928,2,5,156
2023-12-18,8000012,8005164,16,38,107
2023-12-18,8000012,8005356,15,18,103
2023-12-18,8000012,8006501,15,15,346
2023-12-18,8000030,8002290,12,35,23
2023-12-18,8000084,8000084,65,83,455
2023-12-18,8000084,8000178,33,38,391
2023-12-18,8000084,8000348,0,1,-30
2023-12-18,8000084,8003553,35,60,424
2023-12-18,8000084,8003990,27,49,132
2023-12-18,8000100,8000100,53,76,135
2023-12-18,8000100,8002402,15,25,68
2023-12-18,8000100,8003361,1,1,60
2023-12-18,8000100,8003462,10,44,20
2023-12-18,8000100,8003671,1,1,150
2023-12-18,8000100,8003927,18,18,227
2023-12-18,8000100,8005298,20,20,252
2023-12-18,8000100,8006280,11,17,90
2023-12-18,8000135,8000135,203,319,185
2023-12-18,8000135,8002104,20,20,474
2023-12-18,8000135,8002753,108,141,230
2023-12-18,8000135,8003330,7,20,57
2023-12-18,8000135,8004869,31,38,206
2023-12-18,8000135,8005629,65,122,90
2023-12-18,8000178,8000084,33,40,610
2023-12-18,8000178,8000178,164,206,298
2023-12-18,8000178,8000209,1,1,780
2023-12-18,8000178,8001506,18,20,514
2023-12-18,8000178,8002389,53,101,111
2023-12-18,8000178,8004869,14,17,328
2023-12-18,8000178,8004907,19,35,48
2023-12-18,8000178,8005575,49,62,220
2023-12-18,8000209,8000178,19,21,794
2023-12-18,8000209,8000209,329,383,461
2023-12-18,8000209,8003310,46,59,428
2023-12-18,8000209,8003330,19,22,462
2023-12-18,8000209,8003361,15,17,415
2023-12-18,8000209,8003364,91,118,392
2023-12-18,8000209,8003369,50,59,395
2023-12-18,8000209,8003669,19,23,647
2023-12-18,8000209,8006713,39,41,606
2023-12-18,8000348,8000084,0,1,0
2023-12-18,8000348,8000348,88,121,327
2023-12-18,8000348,8000406,34,40,633
2023-12-18,8000348,8001712,15,39,78
2023-12-18,8000348,8001886,35,40,266
2023-12-18,8000348,8099506,22,35,87
2023-12-18,8000355,8000355,32,70,37
2023-12-18,8000355,8004907,5,35,17
2023-12-18,8000355,8006659,19,35,53
2023-12-18,8000404,8000404,163,250,217
2023-12-18,8000404,8002806,39,48,229
2023-12-18,8000404,8003395,40,77,136
2023-12-18,8000404,8070704,43,81,132
2023-12-18,8000406,8000348,35,40,215
2023-12-18,8000406,8000406,113,158,249
2023-12-18,8000406,8001712,27,39,129
2023-12-18,8000406,8070704,15,36,105
2023-12-18,8000495,8000495,48,114,36
2023-12-18,8000495,8001084,27,57,48
2023-12-18,8000495,8006516,20,57,18
2023-12-18,8000502,8000502,15,37,85
2023-12-18,8000502,8000507,2,36,3
2023-12-18,8000502,8000521,15,19,185
2023-12-18,8000507,8000502,27,36,188
2023-12-18,8000507,8000507,28,72,94
2023-12-18,8000507,8002816,1,36,2
2023-12-18,8000510,8000510,15,38,94
2023-12-18,8000510,8000527,1,19,3
2023-12-18,8000510,8001917,16,19,175
2023-12-18,8000521,8000502,0,19,0
2023-12-18,8000521,8000521,16,38,96
2023-12-18,8000521,8000527,17,19,208
2023-12-18,8000527,8000510,14,19,204
2023-12-18,8000527,8000521,1,19,2
2023-12-18,8000527,8000527,18,38,113
2023-12-18,8000677,8000677,55,75,408
2023-12-18,8000677,8001113,11,19,133
2023-12-18,8000677,8001839,24,37,231
2023-12-18,8000677,8003697,19,19,1007
2023-12-18,8000713,8000713,35,80,141
2023-12-18,8000713,8005074,14,40,87
2023-12-18,8000713,8005970,22,40,197
2023-12-18,8000832,8000832,99,118,496
2023-12-18,8000832,8003310,53,59,573
2023-12-18,8000832,8006713,46,59,430
2023-12-18,8000853,8000853,82,114,600
2023-12-18,8000853,8001506,18,18,848
2023-12-18,8000853,8003616,25,39,521
2023-12-18,8000853,8003669,29,40,385
2023-12-18,8000853,8006719,17,18,1197
2023-12-18,8000899,8001566,48,59,287
2023-12-18,8001081,8001081,37,114,21
2023-12-18,8001081,8001084,11,57,6
2023-12-18,8001081,8001088,19,57,29
2023-12-18,8001082,8001082,74,84,380
2023-12-18,8001082,8001085,23,24,364
2023-12-18,8001082,8001091,37,42,361
2023-12-18,8001082,8004604,14,18,498
2023-12-18,8001084,8000495,23,57,24
2023-12-18,8001084,8001081,24,57,48
2023-12-18,8001084,8001084,46,114,33
2023-12-18,8001085,8001082,17,24,291
2023-12-18,8001085,8001085,39,48,327
2023-12-18,8001085,8004604,1,1,30
2023-12-18,8001085,8005153,21,23,376
2023-12-18,8001086,8001086,25,39,222
2023-12-18,8001086,8003966,9,19,35
2023-12-18,8001086,8004366,18,20,398
2023-12-18,8001088,8001081,22,57,20
2023-12-18,8001088,8001088,46,114,26
2023-12-18,8001091,8001082,32,42,396
2023-12-18,8001091,8001091,64,84,376
2023-12-18,8001091,8001215,14,18,330
2023-12-18,8001091,8005152,19,23,326
2023-12-18,8001113,8000677,9,20,183
2023-12-18,8001113,8001113,20,39,155
2023-12-18,8001113,8003697,12,19,106
2023-12-18,8001215,8001091,15,18,533
2023-12-18,8001215,8001215,72,84,379
2023-12-18,8001215,8003160,21,24,376
2023-12-18,8001215,8003361,12,18,283
2023-12-18,8001215,8005499,22,24,316
2023-12-18,8001264,8001264,71,98,179
2023-12-18,8001264,8003990,34,49,186
2023-12-18,8001264,8005575,40,49,186
2023-12-18,8001384,8001384,51,76,172
2023-12-18,8001384,8002768,26,38,166
2023-12-18,8001384,8005356,25,38,190
2023-12-18,8001416,8001416,41,50,149
2023-12-18,8001416,8002402,23,26,227
2023-12-18,8001416,8006280,15,24,62
2023-12-18,8001557,8001557,34,40,94
2023-12-18,8001557,8002720,19,20,117
2023-12-18,8001557,8004519,7,20,56
2023-12-18,8001566,8000899,54,59,412
2023-12-18,8001566,8001566,105,118,350
2023-12-18,8001566,8003367,52,59,289
2023-12-18,8001712,8000348,31,39,171
2023-12-18,8001712,8000406,16,39,78
2023-12-18,8001712,8001712,46,78,108
2023-12-18,8001736,8001736,81,112,189
2023-12-18,8001736,8002753,14,20,130
2023-12-18,8001736,8002768,46,56,221
2023-12-18,8001736,8003987,23,36,182
2023-12-18,8001839,8000318,17,19,284
2023-12-18,8001839,8000677,32,38,555
2023-12-18,8001839,8001839,58,77,367
2023-12-18,8001839,8002784,6,20,153
2023-12-18,8001886,8000348,33,41,637
2023-12-18,8001886,8001886,66,81,439
2023-12-18,8001886,8003553,34,40,266
2023-12-18,8001887,8001888,0,34,0
2023-12-18,8001888,8001887,0,36,0
2023-12-18,8001888,8001888,0,70,0
2023-12-18,8001888,8001889,0,34,0
2023-12-18,8001889,8001888,0,36,0
2023-12-18,8001889,8001889,0,70,0
2023-12-18,8001889,8001893,0,34,0
2023-12-18,8001893,8001889,0,36,0
2023-12-18,8001893,8001893,0,69,0
2023-12-18,8001893,8003553,0,35,0
2023-12-18,8001917,8000510,11,19,21
2023-12-18,8001917,8001917,27,38,103
2023-12-18,8001917,8098349,15,19,188
2023-12-18,8002104,8000135,3,18,12
2023-12-18,8002104,8002104,23,38,251
2023-12-18,8002104,8003966,20,20,471
2023-12-18,8002206,8001839,1,2,75
2023-12-18,8002206,8002206,79,120,308
2023-12-18,8002206,8003697,32,59,216
2023-12-18,8002206,8005935,38,60,383
2023-12-18,8002290,8000030,11,35,33
2023-12-18,8002290,8002290,53,70,48
2023-12-18,8002290,8004746,27,35,60
2023-12-18,8002389,8000178,71,102,190
2023-12-18,8002389,8002389,127,203,144
2023-12-18,8002389,8003383,51,101,105
2023-12-18,8002402,8000100,20,26,196
2023-12-18,8002402,8001416,18,24,78
2023-12-18,8002402,8002402,41,51,147
2023-12-18,8002402,8006280,0,1,0
2023-12-18,8002718,8002718,33,40,95
2023-12-18,8002718,8002719,16,20,87
2023-12-18,8002718,8003697,14,20,104
2023-12-18,8002719,8002718,17,20,104
2023-12-18,8002719,8002719,33,40,98
2023-12-18,8002719,8002720,16,20,98
2023-12-18,8002720,8001557,15,20,82
2023-12-18,8002720,8002719,18,20,126
2023-12-18,8002720,8002720,33,40,98
2023-12-18,8002721,8002725,7,20,34
2023-12-18,8002725,8002721,19,20,111
2023-12-18,8002725,8002725,28,40,80
2023-12-18,8002725,8004519,18,20,84
2023-12-18,8002753,8000135,81,141,121
2023-12-18,8002753,8001736,17,20,252
2023-12-18,8002753,8002753,115,152,170
2023-12-18,8002753,8002775,39,56,194
2023-12-18,8002768,8001384,25,38,187
2023-12-18,8002768,8001736,41,56,164
2023-12-18,8002768,8002768,88,112,190
2023-12-18,8002768,8005356,17,18,283
2023-12-18,8002775,8001006,29,41,180
2023-12-18,8002775,8002753,37,56,122
2023-12-18,8002775,8002775,72,112,153
2023-12-18,8002775,8003987,13,15,254
2023-12-18,8002804,8002804,22,72,83
2023-12-18,8002804,8002806,6,36,12
2023-12-18,8002804,8002816,21,36,165
2023-12-18,8002806,8000404,41,49,501
2023-12-18,8002806,8002206,1,2,30
2023-12-18,8002806,8002804,22,36,160
2023-12-18,8002806,8002806,164,252,214
2023-12-18,8002806,8003395,40,76,98
2023-12-18,8002806,8005935,34,60,211
2023-12-18,8002806,8400043,25,29,222
2023-12-18,8002816,8000507,21,36,170
2023-12-18,8002816,8002804,1,36,5
2023-12-18,8002816,8002816,25,72,85
2023-12-18,8002932,8002932,63,78,48
2023-12-18,8002932,8002988,37,37,68
2023-12-18,8002932,8004739,2,3,30
2023-12-18,8002932,8005134,25,38,35
2023-12-18,8002988,8002932,19,38,25
2023-12-18,8002988,8002988,36,75,35
2023-12-18,8002988,8004739,11,37,24
2023-12-18,8003158,8003927,7,19,19
2023-12-18,8003158,8005339,9,23,57
2023-12-18,8003160,8001215,24,24,322
2023-12-18,8003160,8003160,74,98,230
2023-12-18,8003160,8003252,20,26,226
2023-12-18,8003160,8003361,36,47,245
2023-12-18,8003252,8003160,8,24,48
2023-12-18,8003252,8003252,26,52,142
2023-12-18,8003252,8003361,0,1,0
2023-12-18,8003252,8003671,24,27,238
2023-12-18,8003310,8000209,58,59,596
2023-12-18,8003310,8000832,49,59,451
2023-12-18,8003310,8003310,102,118,499
2023-12-18,8003320,8003320,225,322,144
2023-12-18,8003320,8003358,100,105,203
2023-12-18,8003320,8003370,36,57,212
2023-12-18,8003320,8003392,121,160,137
2023-12-18,8003330,8000010,1,1,150
2023-12-18,8003330,8000135,20,20,422
2023-12-18,8003330,8000209,21,22,275
2023-12-18,8003330,8000667,3,3,90
2023-12-18,8003330,8003330,138,177,209
2023-12-18,8003330,8003358,42,65,102
2023-12-18,8003330,8003363,3,7,73
2023-12-18,8003330,8004873,57,65,255
2023-12-18,8003330,8004898,18,20,190
2023-12-18,8003358,8003320,59,103,84
2023-12-18,8003358,8003330,58,65,272
2023-12-18,8003358,8003358,162,208,153
2023-12-18,8003358,8005143,32,40,94
2023-12-18,8003360,8003360,182,208,406
2023-12-18,8003360,8003371,98,104,592
2023-12-18,8003360,8003372,84,104,248
2023-12-18,8003361,8000100,1,1,420
2023-12-18,8003361,8000209,16,16,566
2023-12-18,8003361,8001215,14,18,528
2023-12-18,8003361,8003160,37,49,234
2023-12-18,8003361,8003252,1,1,660
2023-12-18,8003361,8003352,1,1,330
2023-12-18,8003361,8003361,137,176,286
2023-12-18,8003361,8003363,53,66,240
2023-12-18,8003361,8003671,14,17,184
2023-12-18,8003362,8003362,176,208,402
2023-12-18,8003362,8003365,98,104,598
2023-12-18,8003362,8003371,71,104,219
2023-12-18,8003363,8003330,7,7,231
2023-12-18,8003363,8003361,53,66,219
2023-12-18,8003363,8003363,110,132,235
2023-12-18,8003364,8000209,107,118,459
2023-12-18,8003364,8003364,204,236,399
2023-12-18,8003364,8003392,109,116,472
2023-12-18,8003365,8003362,77,104,229
2023-12-18,8003365,8003365,180,208,419
2023-12-18,8003365,8003366,98,104,613
2023-12-18,8003366,8003365,82,104,239
2023-12-18,8003366,8003366,178,208,416
2023-12-18,8003366,8079140,98,104,602
2023-12-18,8003367,8001566,53,59,367
2023-12-18,8003367,8003367,103,118,321
2023-12-18,8003367,8003369,49,59,256
2023-12-18,8003369,8000209,52,59,278
2023-12-18,8003369,8003367,49,59,383
2023-12-18,8003369,8003369,102,118,331
2023-12-18,8003371,8003360,90,104,232
2023-12-18,8003371,8003362,97,104,565
2023-12-18,8003371,8003371,188,208,410
2023-12-18,8003372,8003360,99,104,580
2023-12-18,8003372,8003372,176,208,411
2023-12-18,8003372,8003392,85,115,247
2023-12-18,8003373,8001507,45,59,319
2023-12-18,8003373,8003373,91,116,286
2023-12-18,8003373,8079140,55,104,194
2023-12-18,8003375,8003375,143,203,150
2023-12-18,8003375,8003392,70,103,136
2023-12-18,8003375,8003732,76,102,186
2023-12-18,8003379,8003370,34,57,119
2023-12-18,8003379,8003379,73,114,173
2023-12-18,8003379,8004869,37,57,228
2023-12-18,8003383,8002389,81,102,187
2023-12-18,8003383,8003383,153,203,158
2023-12-18,8003383,8003732,72,101,113
2023-12-18,8003386,8003386,38,80,149
2023-12-18,8003386,8004366,19,40,98
2023-12-18,8003386,8005074,23,40,202
2023-12-18,8003392,8003320,121,162,170
2023-12-18,8003392,8003364,109,114,323
2023-12-18,8003392,8003372,108,118,547
2023-12-18,8003392,8003375,73,104,164
2023-12-18,8003392,8003392,362,474,290
2023-12-18,8003395,8000404,33,76,90
2023-12-18,8003395,8002806,39,77,153
2023-12-18,8003395,8003395,78,153,119
2023-12-18,8003462,8000100,29,44,69
2023-12-18,8003462,8003462,60,88,67
2023-12-18,8003462,8004616,29,44,59
2023-12-18,8003553,8000084,34,59,172
2023-12-18,8003553,8001886,33,41,604
2023-12-18,8003553,8001893,0,35,0
2023-12-18,8003553,8003553,68,119,299
2023-12-18,8003616,8000853,26,39,365
2023-12-18,8003616,8002490,22,36,523
2023-12-18,8003616,8003616,50,78,437
2023-12-18,8003668,8003668,103,118,504
2023-12-18,8003668,8003672,48,59,435
2023-12-18,8003668,8006713,54,59,577
2023-12-18,8003669,8000209,16,22,349
2023-12-18,8003669,8000853,25,40,502
2023-12-18,8003669,8003669,35,45,518
2023-12-18,8003671,8003252,7,25,52
2023-12-18,8003671,8003361,14,18,112
2023-12-18,8003671,8003671,57,87,152
2023-12-18,8003671,8006280,32,44,224
2023-12-18,8003672,8003540,45,59,414
2023-12-18,8003672,8003668,53,59,559
2023-12-18,8003672,8003672,101,118,496
2023-12-18,8003697,8000677,16,19,352
2023-12-18,8003697,8001113,7,20,170
2023-12-18,8003697,8002206,39,59,386
2023-12-18,8003697,8002718,11,20,74
2023-12-18,8003697,8003697,77,117,295
2023-12-18,8003732,8003375,75,101,133
2023-12-18,8003732,8003383,81,102,203
2023-12-18,8003732,8003732,156,203,158
2023-12-18,8003927,8000100,5,19,32
2023-12-18,8003927,8003158,18,18,218
2023-12-18,8003927,8003927,47,80,133
2023-12-18,8003927,8005298,13,23,65
2023-12-18,8003927,8005339,19,20,240
2023-12-18,8003931,8003931,58,114,48
2023-12-18,8003931,8003937,30,57,49
2023-12-18,8003931,8005057,18,57,25
2023-12-18,8003937,8003931,26,57,30
2023-12-18,8003937,8003937,49,114,37
2023-12-18,8003937,8006516,29,57,56
2023-12-18,8003966,8000135,1,1,210
2023-12-18,8003966,8001086,17,20,428
2023-12-18,8003966,8002104,4,18,15
2023-12-18,8003966,8003966,24,39,248
2023-12-18,8003990,8000084,35,49,195
2023-12-18,8003990,8001264,38,49,171
2023-12-18,8003990,8003990,73,98,178
2023-12-18,8004366,8001086,14,19,51
2023-12-18,8004366,8003386,23,40,208
2023-12-18,8004366,8004366,32,39,235
2023-12-18,8004519,8001557,15,20,105
2023-12-18,8004519,8002725,11,20,80
2023-12-18,8004519,8004519,29,40,93
2023-12-18,8004616,8003462,36,44,97
2023-12-18,8004616,8004616,60,88,64
2023-12-18,8004616,8005058,22,44,50
2023-12-18,8004739,8002988,15,38,29
2023-12-18,8004746,8002290,26,35,66
2023-12-18,8004746,8004746,55,70,59
2023-12-18,8004746,8006659,16,35,28
2023-12-18,8004869,8000135,30,39,286
2023-12-18,8004869,8000178,16,17,242
2023-12-18,8004869,8003379,35,57,119
2023-12-18,8004869,8004869,135,191,214
2023-12-18,8004869,8004873,39,57,234
2023-12-18,8004869,8004898,16,18,243
2023-12-18,8004873,8003330,46,65,112
2023-12-18,8004873,8004869,41,57,148
2023-12-18,8004873,8004873,180,244,178
2023-12-18,8004873,8005629,94,122,256
2023-12-18,8004898,8003330,20,20,222
2023-12-18,8004898,8004869,17,19,302
2023-12-18,8004898,8004898,57,81,207
2023-12-18,8004898,8005746,35,41,288
2023-12-18,8004907,8000178,6,35,17
2023-12-18,8004907,8000355,23,35,66
2023-12-18,8004907,8004907,30,70,41
2023-12-18,8005057,8003931,37,57,69
2023-12-18,8005057,8005057,49,114,37
2023-12-18,8005057,8005058,21,57,31
2023-12-18,8005058,8004616,33,44,75
2023-12-18,8005058,8005057,26,57,42
2023-12-18,8005058,8005058,60,88,67
2023-12-18,8005074,8000713,19,40,187
2023-12-18,8005074,8003386,19,40,103
2023-12-18,8005074,8005074,40,80,145
2023-12-18,8005134,8002932,18,40,38
2023-12-18,8005134,8005134,33,78,40
2023-12-18,8005134,8005143,18,38,61
2023-12-18,8005143,8003358,26,38,78
2023-12-18,8005143,8005134,30,40,80
2023-12-18,8005143,8005143,54,78,82
2023-12-18,8005152,8001091,22,23,339
2023-12-18,8005152,8005152,43,48,309
2023-12-18,8005152,8005499,18,24,286
2023-12-18,8005164,8000012,21,38,167
2023-12-18,8005164,8005164,52,76,156
2023-12-18,8005164,8005356,26,38,152
2023-12-18,8005298,8000100,10,23,57
2023-12-18,8005298,8003927,19,20,246
2023-12-18,8005298,8005298,32,43,161
2023-12-18,8005339,8003158,19,20,234
2023-12-18,8005339,8003927,8,23,53
2023-12-18,8005339,8005339,27,43,145
2023-12-18,8005356,8000012,16,18,310
2023-12-18,8005356,8001384,26,38,151
2023-12-18,8005356,8002768,15,18,113
2023-12-18,8005356,8005164,26,38,193
2023-12-18,8005356,8005356,81,112,180
2023-12-18,8005499,8001215,24,24,380
2023-12-18,8005499,8005152,23,24,315
2023-12-18,8005499,8005499,45,48,319
2023-12-18,8005575,8000178,48,62,160
2023-12-18,8005575,8001264,38,49,204
2023-12-18,8005575,8005575,77,98,196
2023-12-18,8005629,8000135,92,122,255
2023-12-18,8005629,8004873,56,122,89
2023-12-18,8005629,8005629,162,244,173
2023-12-18,8005743,8005745,0,35,0
2023-12-18,8005744,8005744,13,70,22
2023-12-18,8005744,8005745,13,35,47
2023-12-18,8005744,8098348,24,35,51
2023-12-18,8005745,8005743,14,35,49
2023-12-18,8005745,8005744,0,35,0
2023-12-18,8005745,8005745,14,70,24
2023-12-18,8005746,8004898,23,40,128
2023-12-18,8005746,8005159,33,41,270
2023-12-18,8005746,8005746,63,81,212
2023-12-18,8005935,8002206,38,60,226
2023-12-18,8005935,8002806,37,60,391
2023-12-18,8005935,8005935,74,120,297
2023-12-18,8006280,8000100,12,18,210
2023-12-18,8006280,8001416,19,26,205
2023-12-18,8006280,8003671,20,42,66
2023-12-18,8006280,8006280,52,86,144
2023-12-18,8006516,8000495,22,57,47
2023-12-18,8006516,8003937,17,57,21
2023-12-18,8006516,8006516,39,114,32
2023-12-18,8006659,8000355,24,35,35
2023-12-18,8006659,8004746,28,35,63
2023-12-18,8006659,8006659,43,70,44
2023-12-18,8006713,8000209,51,61,503
2023-12-18,8006713,8000832,53,59,570
2023-12-18,8006713,8001584,36,41,644
2023-12-18,8006713,8003668,49,59,435
2023-12-18,8006713,8006713,192,220,541
2023-12-18,8070704,8000404,60,96,175
2023-12-18,8070704,8000406,29,37,131
2023-12-18,8070704,8070704,106,177,158
2023-12-18,8079140,8003366,72,104,214
2023-12-18,8079140,8003373,96,104,571
2023-12-18,8079140,8079140,161,208,402
2023-12-18,8098348,8005744,11,35,33
2023-12-18,8098348,8098348,30,70,42
2023-12-18,8098348,8099506,26,35,72
2023-12-18,8098349,8001917,1,19,3
2023-12-18,8099506,8000348,7,35,15
2023-12-18,8099506,8098348,7,35,8
2023-12-18,8099506,8099506,48,70,54
2023-12-19,8000012,8000012,33,40,164
2023-12-19,8000012,8001928,3,5,174
2023-12-19,8000012,8005164,13,38,37
2023-12-19,8000012,8005356,14,18,85
2023-12-19,8000012,8006501,13,15,286
2023-12-19,8000030,8002290,12,35,63
2023-12-19,8000084,8000084,62,83,530
2023-12-19,8000084,8000178,28,38,163
2023-12-19,8000084,8000348,0,1,0
2023-12-19,8000084,8003553,34,60,578
2023-12-19,8000084,8003990,25,49,102
2023-12-19,8000100,8000100,52,76,73
2023-12-19,8000100,8002402,14,25,47
2023-12-19,8000100,8003361,0,1,-60
2023-12-19,8000100,8003462,8,44,12
2023-12-19,8000100,8003671,1,1,30
2023-12-19,8000100,8003927,17,18,130
2023-12-19,8000100,8005298,20,20,196
2023-12-19,8000100,8006280,10,17,30
2023-12-19,8000135,8000135,208,320,177
2023-12-19,8000135,8002104,20,20,501
2023-12-19,8000135,8002753,106,141,207
2023-12-19,8000135,8003330,16,20,327
2023-12-19,8000135,8004869,34,38,212
2023-12-19,8000135,8005629,61,122,62
2023-12-19,8000178,8000084,32,40,867
2023-12-19,8000178,8000178,150,206,305
2023-12-19,8000178,8000209,1,1,60
2023-12-19,8000178,8001506,15,20,333
2023-12-19,8000178,8002389,58,101,115
2023-12-19,8000178,8004869,15,17,154
2023-12-19,8000178,8004907,16,35,58
2023-12-19,8000178,8005575,47,62,184
2023-12-19,8000209,8000178,18,21,1253
2023-12-19,8000209,8000209,331,383,392
2023-12-19,8000209,8003310,41,59,217
2023-12-19,8000209,8003330,17,22,492
2023-12-19,8000209,8003361,16,17,429
2023-12-19,8000209,8003364,86,118,260
2023-12-19,8000209,8003369,54,59,288
2023-12-19,8000209,8003669,19,23,630
2023-12-19,8000209,8006713,37,41,503
2023-12-19,8000348,8000084,1,1,540
2023-12-19,8000348,8000348,88,121,406
2023-12-19,8000348,8000406,33,40,824
2023-12-19,8000348,8001712,14,39,55
2023-12-19,8000348,8001886,35,40,298
2023-12-19,8000348,8099506,26,35,114
2023-12-19,8000355,8000355,38,70,73
2023-12-19,8000355,8004907,8,35,51
2023-12-19,8000355,8006659,24,35,107
2023-12-19,8000404,8000404,195,254,226
2023-12-19,8000404,8002806,32,50,120
2023-12-19,8000404,8003395,64,77,155
2023-12-19,8000404,8070704,65,81,271
2023-12-19,8000406,8000348,37,40,295
2023-12-19,8000406,8000406,117,158,323
2023-12-19,8000406,8001712,31,39,128
2023-12-19,8000406,8070704,20,36,52
2023-12-19,8000495,8000495,63,114,51
2023-12-19,8000495,8001084,35,57,54
2023-12-19,8000495,8006516,28,57,37
2023-12-19,8000502,8000502,17,37,84
2023-12-19,8000502,8000507,2,36,4
2023-12-19,8000502,8000521,18,19,199
2023-12-19,8000507,8000502,31,36,151
2023-12-19,8000507,8000507,33,72,74
2023-12-19,8000507,8002816,3,36,14
2023-12-19,8000510,8000510,20,38,93
2023-12-19,8000510,8000527,1,19,3
2023-12-19,8000510,8001917,17,19,171
2023-12-19,8000521,8000502,0,19,0
2023-12-19,8000521,8000521,18,38,98
2023-12-19,8000521,8000527,18,19,210
2023-12-19,8000527,8000510,18,19,205
2023-12-19,8000527,8000521,1,19,2
2023-12-19,8000527,8000527,19,38,117
2023-12-19,8000677,8000677,69,78,390
2023-12-19,8000677,8001113,17,20,326
2023-12-19,8000677,8001839,31,39,227
2023-12-19,8000677,8003697,18,19,812
2023-12-19,8000713,8000713,56,79,274
2023-12-19,8000713,8005074,29,40,319
2023-12-19,8000713,8005970,27,39,233
2023-12-19,8000832,8000832,88,118,297
2023-12-19,8000832,8003310,49,59,385
2023-12-19,8000832,8006713,37,59,223
2023-12-19,8000853,8000853,89,114,492
2023-12-19,8000853,8001506,17,18,443
2023-12-19,8000853,8003616,29,39,485
2023-12-19,8000853,8003669,35,40,368
2023-12-19,8000853,8006719,18,18,1090
2023-12-19,8000899,8001566,54,59,248
2023-12-19,8001081,8001081,45,114,25
2023-12-19,8001081,8001084,17,57,15
2023-12-19,8001081,8001088,21,57,29
2023-12-19,8001082,8001082,74,84,417
2023-12-19,8001082,8001085,22,24,436
2023-12-19,8001082,8001091,34,42,419
2023-12-19,8001082,8004604,18,18,515
2023-12-19,8001084,8000495,31,57,43
2023-12-19,8001084,8001081,32,57,52
2023-12-19,8001084,8001084,60,114,44
2023-12-19,8001085,8001082,19,24,381
2023-12-19,8001085,8001085,40,48,406
2023-12-19,8001085,8004604,1,1,330
2023-12-19,8001085,8005153,19,23,445
2023-12-19,8001086,8001086,34,40,394
2023-12-19,8001086,8003966,14,20,332
2023-12-19,8001086,8004366,19,20,432
2023-12-19,8001088,8001081,31,57,32
2023-12-19,8001088,8001088,57,114,32
2023-12-19,8001091,8001082,36,42,425
2023-12-19,8001091,8001091,71,84,435
2023-12-19,8001091,8001215,13,18,407
2023-12-19,8001091,8005152,22,23,475
2023-12-19,8001113,8000677,18,20,308
2023-12-19,8001113,8001113,34,40,331
2023-12-19,8001113,8003697,18,20,369
2023-12-19,8001215,8001091,18,18,505
2023-12-19,8001215,8001215,75,84,424
2023-12-19,8001215,8003160,21,24,511
2023-12-19,8001215,8003361,10,18,380
2023-12-19,8001215,8005499,23,24,328
2023-12-19,8001264,8001264,69,98,163
2023-12-19,8001264,8003990,30,49,170
2023-12-19,8001264,8005575,39,49,171
2023-12-19,8001384,8001384,51,76,118
2023-12-19,8001384,8002768,28,38,83
2023-12-19,8001384,8005356,22,38,159
2023-12-19,8001416,8001416,34,50,106
2023-12-19,8001416,8002402,22,26,180
2023-12-19,8001416,8006280,10,24,32
2023-12-19,8001557,8001557,32,40,254
2023-12-19,8001557,8002720,15,20,262
2023-12-19,8001557,8004519,14,20,237
2023-12-19,8001566,8000899,59,59,333
2023-12-19,8001566,8001566,117,118,288
2023-12-19,8001566,8003367,58,59,261
2023-12-19,8001712,8000348,36,39,165
2023-12-19,8001712,8000406,21,39,65
2023-12-19,8001712,8001712,52,78,102
2023-12-19,8001736,8001736,77,112,132
2023-12-19,8001736,8002753,15,20,98
2023-12-19,8001736,8002768,41,56,188
2023-12-19,8001736,8003987,20,36,60
2023-12-19,8001839,8000318,20,21,237
2023-12-19,8001839,8000677,36,39,545
2023-12-19,8001839,8001839,69,80,382
2023-12-19,8001839,8002784,15,20,282
2023-12-19,8001886,8000348,35,41,841
2023-12-19,8001886,8001886,66,81,571
2023-12-19,8001886,8003553,33,40,313
2023-12-19,8001887,8001888,0,34,0
2023-12-19,8001888,8001887,0,36,0
2023-12-19,8001888,8001888,0,70,0
2023-12-19,8001888,8001889,0,34,0
2023-12-19,8001889,8001888,0,36,0
2023-12-19,8001889,8001889,0,70,0
2023-12-19,8001889,8001893,0,34,0
2023-12-19,8001893,8001889,0,36,0
2023-12-19,8001893,8001893,0,69,0
2023-12-19,8001893,8003553,0,35,0
2023-12-19,8001917,8000510,10,19,19
2023-12-19,8001917,8001917,28,38,98
2023-12-19,8001917,8098349,18,19,180
2023-12-19,8002104,8000135,13,19,292
2023-12-19,8002104,8002104,34,39,395
2023-12-19,8002104,8003966,20,20,495
2023-12-19,8002206,8001839,1,2,345
2023-12-19,8002206,8002206,107,120,375
2023-12-19,8002206,8003697,52,59,247
2023-12-19,8002206,8005935,52,60,516
2023-12-19,8002290,8000030,21,35,94
2023-12-19,8002290,8002290,58,70,95
2023-12-19,8002290,8004746,29,35,99
2023-12-19,8002389,8000178,70,102,161
2023-12-19,8002389,8002389,132,203,133
2023-12-19,8002389,8003383,56,101,110
2023-12-19,8002402,8000100,21,26,143
2023-12-19,8002402,8001416,14,24,45
2023-12-19,8002402,8002402,34,51,111
2023-12-19,8002402,8006280,0,1,0
2023-12-19,8002718,8002718,32,40,251
2023-12-19,8002718,8002719,19,20,248
2023-12-19,8002718,8003697,16,20,274
2023-12-19,8002719,8002718,13,20,254
2023-12-19,8002719,8002719,34,40,257
2023-12-19,8002719,8002720,20,20,267
2023-12-19,8002720,8001557,17,20,244
2023-12-19,8002720,8002719,15,20,276
2023-12-19,8002720,8002720,32,40,255
2023-12-19,8002721,8002725,7,20,56
2023-12-19,8002725,8002721,20,20,304
2023-12-19,8002725,8002725,29,40,191
2023-12-19,8002725,8004519,15,20,186
2023-12-19,8002753,8000135,76,141,76
2023-12-19,8002753,8001736,16,20,216
2023-12-19,8002753,8002753,115,152,153
2023-12-19,8002753,8002775,42,56,241
2023-12-19,8002768,8001384,24,38,162
2023-12-19,8002768,8001736,41,56,86
2023-12-19,8002768,8002768,82,112,139
2023-12-19,8002768,8005356,15,18,242
2023-12-19,8002775,8001006,29,41,223
2023-12-19,8002775,8002753,36,56,61
2023-12-19,8002775,8002775,71,112,145
2023-12-19,8002775,8003987,12,15,278
2023-12-19,8002804,8002804,26,72,51
2023-12-19,8002804,8002806,16,36,33
2023-12-19,8002804,8002816,28,36,102
2023-12-19,8002806,8000404,38,51,418
2023-12-19,8002806,8002206,2,2,345
2023-12-19,8002806,8002804,27,36,88
2023-12-19,8002806,8002806,203,256,226
2023-12-19,8002806,8003395,62,76,227
2023-12-19,8002806,8005935,51,60,210
2023-12-19,8002806,8400043,20,31,159
2023-12-19,8002816,8000507,29,36,115
2023-12-19,8002816,8002804,4,36,19
2023-12-19,8002816,8002816,32,72,68
2023-12-19,8002932,8002932,69,78,106
2023-12-19,8002932,8002988,33,37,144
2023-12-19,8002932,8004739,3,3,70
2023-12-19,8002932,8005134,33,38,87
2023-12-19,8002988,8002932,31,38,76
2023-12-19,8002988,8002988,59,75,98
2023-12-19,8002988,8004739,22,37,101
2023-12-19,8003158,8003927,3,19,3
2023-12-19,8003158,8005339,7,23,10
2023-12-19,8003160,8001215,23,24,300
2023-12-19,8003160,8003160,75,98,231
2023-12-19,8003160,8003252,21,26,145
2023-12-19,8003160,8003361,34,47,304
2023-12-19,8003252,8003160,8,24,38
2023-12-19,8003252,8003252,26,52,87
2023-12-19,8003252,8003361,1,1,90
2023-12-19,8003252,8003671,20,27,137
2023-12-19,8003310,8000209,54,59,394
2023-12-19,8003310,8000832,42,59,241
2023-12-19,8003310,8003310,90,118,299
2023-12-19,8003320,8003320,222,322,140
2023-12-19,8003320,8003358,97,105,233
2023-12-19,8003320,8003370,40,57,162
2023-12-19,8003320,8003392,122,160,133
2023-12-19,8003330,8000010,1,1,390
2023-12-19,8003330,8000135,20,20,460
2023-12-19,8003330,8000209,21,22,154
2023-12-19,8003330,8000667,2,3,990
2023-12-19,8003330,8003330,140,177,283
2023-12-19,8003330,8003358,43,65,91
2023-12-19,8003330,8003363,1,7,43
2023-12-19,8003330,8004873,53,65,279
2023-12-19,8003330,8004898,18,19,461
2023-12-19,8003358,8003320,65,103,108
2023-12-19,8003358,8003330,55,65,291
2023-12-19,8003358,8003358,174,208,189
2023-12-19,8003358,8005143,37,40,190
2023-12-19,8003360,8003360,185,208,270
2023-12-19,8003360,8003371,100,104,380
2023-12-19,8003360,8003372,88,104,183
2023-12-19,8003361,8000100,0,1,0
2023-12-19,8003361,8000209,16,16,651
2023-12-19,8003361,8001215,17,18,480
2023-12-19,8003361,8003160,40,49,180
2023-12-19,8003361,8003252,1,1,30
2023-12-19,8003361,8003352,1,1,30
2023-12-19,8003361,8003361,140,176,281
2023-12-19,8003361,8003363,54,66,277
2023-12-19,8003361,8003671,13,17,157
2023-12-19,8003362,8003362,162,208,269
2023-12-19,8003362,8003365,99,104,395
2023-12-19,8003362,8003371,59,104,164
2023-12-19,8003363,8003330,6,7,219
2023-12-19,8003363,8003361,55,66,170
2023-12-19,8003363,8003363,112,132,228
2023-12-19,8003364,8000209,105,118,293
2023-12-19,8003364,8003364,195,236,259
2023-12-19,8003364,8003392,104,116,308
2023-12-19,8003365,8003362,63,104,169
2023-12-19,8003365,8003365,184,208,291
2023-12-19,8003365,8003366,98,104,406
2023-12-19,8003366,8003365,85,104,192
2023-12-19,8003366,8003366,181,208,296
2023-12-19,8003366,8079140,97,104,410
2023-12-19,8003367,8001566,51,59,278
2023-12-19,8003367,8003367,107,118,263
2023-12-19,8003367,8003369,51,59,225
2023-12-19,8003369,8000209,57,59,227
2023-12-19,8003369,8003367,52,59,276
2023-12-19,8003369,8003369,112,118,257
2023-12-19,8003371,8003360,87,104,175
2023-12-19,8003371,8003362,95,104,355
2023-12-19,8003371,8003371,187,208,278
2023-12-19,8003372,8003360,99,104,369
2023-12-19,8003372,8003372,170,208,274
2023-12-19,8003372,8003392,79,115,167
2023-12-19,8003373,8001507,47,59,252
2023-12-19,8003373,8003373,96,116,236
2023-12-19,8003373,8079140,46,104,149
2023-12-19,8003375,8003375,145,203,141
2023-12-19,8003375,8003392,72,103,143
2023-12-19,8003375,8003732,75,102,161
2023-12-19,8003379,8003370,40,57,79
2023-12-19,8003379,8003379,84,114,127
2023-12-19,8003379,8004869,42,57,177
2023-12-19,8003383,8002389,84,102,161
2023-12-19,8003383,8003383,159,203,146
2023-12-19,8003383,8003732,75,101,116
2023-12-19,8003386,8003386,58,79,275
2023-12-19,8003386,8004366,28,40,308
2023-12-19,8003386,8005074,30,39,239
2023-12-19,8003392,8003320,127,162,170
2023-12-19,8003392,8003364,103,114,209
2023-12-19,8003392,8003372,102,118,369
2023-12-19,8003392,8003375,72,104,151
2023-12-19,8003392,8003392,348,474,207
2023-12-19,8003395,8000404,61,76,212
2023-12-19,8003395,8002806,61,77,159
2023-12-19,8003395,8003395,122,153,190
2023-12-19,8003462,8000100,38,44,75
2023-12-19,8003462,8003462,78,88,66
2023-12-19,8003462,8004616,40,44,50
2023-12-19,8003553,8000084,32,59,192
2023-12-19,8003553,8001886,34,41,832
2023-12-19,8003553,8001893,0,35,0
2023-12-19,8003553,8003553,65,119,391
2023-12-19,8003616,8000853,32,39,344
2023-12-19,8003616,8002490,25,36,475
2023-12-19,8003616,8003616,59,78,433
2023-12-19,8003668,8003668,93,118,303
2023-12-19,8003668,8003672,40,59,228
2023-12-19,8003668,8006713,51,59,381
2023-12-19,8003669,8000209,18,22,460
2023-12-19,8003669,8000853,27,40,415
2023-12-19,8003669,8003669,37,45,571
2023-12-19,8003671,8003252,11,25,42
2023-12-19,8003671,8003361,16,18,108
2023-12-19,8003671,8003671,59,87,100
2023-12-19,8003671,8006280,33,44,146
2023-12-19,8003672,8003540,36,59,207
2023-12-19,8003672,8003668,50,59,370
2023-12-19,8003672,8003672,90,118,297
2023-12-19,8003697,8000677,15,19,133
2023-12-19,8003697,8001113,15,20,270
2023-12-19,8003697,8002206,53,59,511
2023-12-19,8003697,8002718,15,20,230
2023-12-19,8003697,8003697,103,118,358
2023-12-19,8003732,8003375,75,101,140
2023-12-19,8003732,8003383,83,102,178
2023-12-19,8003732,8003732,159,203,149
2023-12-19,8003927,8000100,3,19,3
2023-12-19,8003927,8003158,17,18,125
2023-12-19,8003927,8003927,39,80,79
2023-12-19,8003927,8005298,11,23,17
2023-12-19,8003927,8005339,20,20,189
2023-12-19,8003931,8003931,66,114,56
2023-12-19,8003931,8003937,38,57,58
2023-12-19,8003931,8005057,24,57,33
2023-12-19,8003937,8003931,27,57,39
2023-12-19,8003937,8003937,60,114,45
2023-12-19,8003937,8006516,35,57,67
2023-12-19,8003966,8000135,1,1,720
2023-12-19,8003966,8001086,20,20,468
2023-12-19,8003966,8002104,13,19,291
2023-12-19,8003966,8003966,33,40,401
2023-12-19,8003990,8000084,34,49,180
2023-12-19,8003990,8001264,40,49,150
2023-12-19,8003990,8003990,73,98,158
2023-12-19,8004366,8001086,17,20,368
2023-12-19,8004366,8003386,29,39,243
2023-12-19,8004366,8004366,36,40,402
2023-12-19,8004519,8001557,14,20,249
2023-12-19,8004519,8002725,17,20,272
2023-12-19,8004519,8004519,30,40,254
2023-12-19,8004616,8003462,39,44,101
2023-12-19,8004616,8004616,70,88,60
2023-12-19,8004616,8005058,31,44,61
2023-12-19,8004739,8002988,25,38,68
2023-12-19,8004746,8002290,28,35,117
2023-12-19,8004746,8004746,60,70,105
2023-12-19,8004746,8006659,17,35,68
2023-12-19,8004869,8000135,29,39,265
2023-12-19,8004869,8000178,17,17,240
2023-12-19,8004869,8003379,42,57,83
2023-12-19,8004869,8004869,149,191,184
2023-12-19,8004869,8004873,42,57,181
2023-12-19,8004869,8004898,17,18,240
2023-12-19,8004873,8003330,44,65,103
2023-12-19,8004873,8004869,45,57,118
2023-12-19,8004873,8004873,183,244,160
2023-12-19,8004873,8005629,94,122,238
2023-12-19,8004898,8003330,20,20,342
2023-12-19,8004898,8004869,17,19,358
2023-12-19,8004898,8004898,67,80,325
2023-12-19,8004898,8005746,35,40,394
2023-12-19,8004907,8000178,10,35,47
2023-12-19,8004907,8000355,17,35,74
2023-12-19,8004907,8004907,26,70,63
2023-12-19,8005057,8003931,39,57,74
2023-12-19,8005057,8005057,63,114,48
2023-12-19,8005057,8005058,32,57,44
2023-12-19,8005058,8004616,40,44,71
2023-12-19,8005058,8005057,36,57,55
2023-12-19,8005058,8005058,77,88,81
2023-12-19,8005074,8000713,25,39,222
2023-12-19,8005074,8003386,31,40,322
2023-12-19,8005074,8005074,61,79,281
2023-12-19,8005134,8002932,28,40,110
2023-12-19,8005134,8005134,55,78,114
2023-12-19,8005134,8005143,27,38,138
2023-12-19,8005143,8003358,35,38,170
2023-12-19,8005143,8005134,35,40,174
2023-12-19,8005143,8005143,70,78,169
2023-12-19,8005152,8001091,20,23,368
2023-12-19,8005152,8005152,42,48,398
2023-12-19,8005152,8005499,21,24,434
2023-12-19,8005164,8000012,16,38,117
2023-12-19,8005164,8005164,50,76,99
2023-12-19,8005164,8005356,27,38,73
2023-12-19,8005298,8000100,7,23,3
2023-12-19,8005298,8003927,19,20,190
2023-12-19,8005298,8005298,31,43,105
2023-12-19,8005339,8003158,18,20,148
2023-12-19,8005339,8003927,6,23,9
2023-12-19,8005339,8005339,25,43,98
2023-12-19,8005356,8000012,16,18,257
2023-12-19,8005356,8001384,28,38,69
2023-12-19,8005356,8002768,14,18,78
2023-12-19,8005356,8005164,23,38,158
2023-12-19,8005356,8005356,79,112,130
2023-12-19,8005499,8001215,23,24,494
2023-12-19,8005499,8005152,21,24,342
2023-12-19,8005499,8005499,44,48,390
2023-12-19,8005575,8000178,44,62,148
2023-12-19,8005575,8001264,34,49,186
2023-12-19,8005575,8005575,73,98,178
2023-12-19,8005629,8000135,93,122,235
2023-12-19,8005629,8004873,57,122,62
2023-12-19,8005629,8005629,156,244,150
2023-12-19,8005743,8005745,0,35,0
2023-12-19,8005744,8005744,12,70,29
2023-12-19,8005744,8005745,12,35,62
2023-12-19,8005744,8098348,23,35,51
2023-12-19,8005745,8005743,13,35,66
2023-12-19,8005745,8005744,0,35,0
2023-12-19,8005745,8005745,12,70,30
2023-12-19,8005746,8004898,32,40,261
2023-12-19,8005746,8005159,32,40,386
2023-12-19,8005746,8005746,69,80,336
2023-12-19,8005935,8002206,52,60,214
2023-12-19,8005935,8002806,56,60,527
2023-12-19,8005935,8005935,108,120,360
2023-12-19,8006280,8000100,11,18,127
2023-12-19,8006280,8001416,16,26,149
2023-12-19,8006280,8003671,19,42,32
2023-12-19,8006280,8006280,48,86,90
2023-12-19,8006516,8000495,32,57,58
2023-12-19,8006516,8003937,18,57,28
2023-12-19,8006516,8006516,49,114,42
2023-12-19,8006659,8000355,26,35,88
2023-12-19,8006659,8004746,31,35,115
2023-12-19,8006659,8006659,50,70,95
2023-12-19,8006713,8000209,51,61,682
2023-12-19,8006713,8000832,52,59,374
2023-12-19,8006713,8001584,37,41,565
2023-12-19,8006713,8003668,42,59,230
2023-12-19,8006713,8006713,181,220,468
2023-12-19,8070704,8000404,82,96,146
2023-12-19,8070704,8000406,33,37,149
2023-12-19,8070704,8070704,143,177,200
2023-12-19,8079140,8003366,77,104,177
2023-12-19,8079140,8003373,96,104,390
2023-12-19,8079140,8079140,157,208,288
2023-12-19,8098348,8005744,10,35,33
2023-12-19,8098348,8098348,42,70,57
2023-12-19,8098348,8099506,33,35,133
2023-12-19,8098349,8001917,2,19,5
2023-12-19,8099506,8000348,13,35,28
2023-12-19,8099506,8098348,10,35,16
2023-12-19,8099506,8099506,58,70,83
2023-12-20,8000012,8000012,33,40,221
2023-12-20,8000012,8001928,3,5,414
2023-12-20,8000012,8005164,19,38,70
2023-12-20,8000012,8005356,14,18,132
2023-12-20,8000012,8006501,14,15,314
2023-12-20,8000030,8002290,13,35,33
2023-12-20,8000084,8000084,61,83,645
2023-12-20,8000084,8000178,26,38,326
2023-12-20,8000084,8000348,0,1,0
2023-12-20,8000084,8003553,35,60,682
2023-12-20,8000084,8003990,24,49,101
2023-12-20,8000100,8000100,51,76,166
2023-12-20,8000100,8002402,13,25,100
2023-12-20,8000100,8003361,0,1,0
2023-12-20,8000100,8003462,12,40,15
2023-12-20,8000100,8003671,1,1,270
2023-12-20,8000100,8003927,18,18,242
2023-12-20,8000100,8005298,20,20,334
2023-12-20,8000100,8006280,12,17,97
2023-12-20,8000135,8000135,206,320,159
2023-12-20,8000135,8002104,19,20,314
2023-12-20,8000135,8002753,107,141,203
2023-12-20,8000135,8003330,13,20,147
2023-12-20,8000135,8004869,31,38,197
2023-12-20,8000135,8005629,75,122,77
2023-12-20,8000178,8000084,35,40,1013
2023-12-20,8000178,8000178,155,206,341
2023-12-20,8000178,8000209,1,1,390
2023-12-20,8000178,8001506,19,20,340
2023-12-20,8000178,8002389,54,101,86
2023-12-20,8000178,8004869,14,17,138
2023-12-20,8000178,8004907,20,35,55
2023-12-20,8000178,8005575,53,62,206
2023-12-20,8000209,8000178,21,21,1699
2023-12-20,8000209,8000209,296,383,536
2023-12-20,8000209,8003310,25,59,253
2023-12-20,8000209,8003330,17,22,574
2023-12-20,8000209,8003361,15,17,1320
2023-12-20,8000209,8003364,82,118,391
2023-12-20,8000209,8003369,49,59,443
2023-12-20,8000209,8003669,23,23,646
2023-12-20,8000209,8006713,36,41,588
2023-12-20,8000348,8000084,0,1,0
2023-12-20,8000348,8000348,96,121,506
2023-12-20,8000348,8000406,37,40,1000
2023-12-20,8000348,8001712,19,39,69
2023-12-20,8000348,8001886,39,40,428
2023-12-20,8000348,8099506,27,35,210
2023-12-20,8000355,8000355,34,70,56
2023-12-20,8000355,8004907,6,35,26
2023-12-20,8000355,8006659,22,35,86
2023-12-20,8000404,8000404,191,254,223
2023-12-20,8000404,8002806,36,50,229
2023-12-20,8000404,8003395,62,77,122
2023-12-20,8000404,8070704,59,81,284
2023-12-20,8000406,8000348,38,40,404
2023-12-20,8000406,8000406,125,158,425
2023-12-20,8000406,8001712,33,39,224
2023-12-20,8000406,8070704,23,36,79
2023-12-20,8000495,8000495,62,80,88
2023-12-20,8000495,8001084,30,40,101
2023-12-20,8000495,8006516,30,40,56
2023-12-20,8000502,8000502,15,37,92
2023-12-20,8000502,8000507,4,36,18
2023-12-20,8000502,8000521,13,19,218
2023-12-20,8000507,8000502,31,36,168
2023-12-20,8000507,8000507,35,72,87
2023-12-20,8000507,8002816,4,36,15
2023-12-20,8000510,8000510,17,38,111
2023-12-20,8000510,8000527,0,19,0
2023-12-20,8000510,8001917,14,19,202
2023-12-20,8000521,8000502,0,19,0
2023-12-20,8000521,8000521,14,38,117
2023-12-20,8000521,8000527,16,19,254
2023-12-20,8000527,8000510,16,19,242
2023-12-20,8000527,8000521,0,19,0
2023-12-20,8000527,8000527,16,38,131
2023-12-20,8000677,8000677,68,78,275
2023-12-20,8000677,8001113,13,20,196
2023-12-20,8000677,8001839,31,39,119
2023-12-20,8000677,8003697,19,19,684
2023-12-20,8000713,8000713,45,79,191
2023-12-20,8000713,8005074,23,40,248
2023-12-20,8000713,8005970,24,39,138
2023-12-20,8000832,8000832,80,118,374
2023-12-20,8000832,8003310,52,59,501
2023-12-20,8000832,8006713,27,59,259
2023-12-20,8000853,8000853,101,114,397
2023-12-20,8000853,8001506,16,18,542
2023-12-20,8000853,8003616,31,39,495
2023-12-20,8000853,8003669,39,40,246
2023-12-20,8000853,8006719,16,18,693
2023-12-20,8000899,8001566,43,59,363
2023-12-20,8001081,8001081,49,80,53
2023-12-20,8001081,8001084,21,40,22
2023-12-20,8001081,8001088,22,40,73
2023-12-20,8001082,8001082,75,84,689
2023-12-20,8001082,8001085,23,24,525
2023-12-20,8001082,8001091,37,42,532
2023-12-20,8001082,8004604,17,18,1357
2023-12-20,8001084,8000495,30,40,63
2023-12-20,8001084,8001081,30,40,100
2023-12-20,8001084,8001084,57,80,73
2023-12-20,8001085,8001082,20,24,446
2023-12-20,8001085,8001085,43,48,488
2023-12-20,8001085,8004604,1,1,210
2023-12-20,8001085,8005153,22,23,556
2023-12-20,8001086,8001086,31,40,220
2023-12-20,8001086,8003966,12,20,158
2023-12-20,8001086,8004366,19,20,274
2023-12-20,8001088,8001081,30,40,44
2023-12-20,8001088,8001088,59,80,63
2023-12-20,8001091,8001082,39,42,826
2023-12-20,8001091,8001091,73,84,678
2023-12-20,8001091,8001215,14,18,530
2023-12-20,8001091,8005152,21,23,493
2023-12-20,8001113,8000677,19,20,202
2023-12-20,8001113,8001113,38,40,212
2023-12-20,8001113,8003697,18,20,238
2023-12-20,8001215,8001091,17,18,1343
2023-12-20,8001215,8001215,78,84,687
2023-12-20,8001215,8003160,24,24,609
2023-12-20,8001215,8003361,16,18,497
2023-12-20,8001215,8005499,24,24,478
2023-12-20,8001264,8001264,75,98,154
2023-12-20,8001264,8003990,33,49,167
2023-12-20,8001264,8005575,38,49,143
2023-12-20,8001384,8001384,58,76,193
2023-12-20,8001384,8002768,28,38,124
2023-12-20,8001384,8005356,28,38,267
2023-12-20,8001416,8001416,39,50,194
2023-12-20,8001416,8002402,22,26,277
2023-12-20,8001416,8006280,14,24,98
2023-12-20,8001557,8001557,32,40,165
2023-12-20,8001557,8002720,17,20,186
2023-12-20,8001557,8004519,15,20,142
2023-12-20,8001566,8000899,55,59,474
2023-12-20,8001566,8001566,105,118,419
2023-12-20,8001566,8003367,50,59,368
2023-12-20,8001712,8000348,35,39,260
2023-12-20,8001712,8000406,19,39,77
2023-12-20,8001712,8001712,50,78,152
2023-12-20,8001736,8001736,83,112,196
2023-12-20,8001736,8002753,14,20,122
2023-12-20,8001736,8002768,45,56,275
2023-12-20,8001736,8003987,29,36,112
2023-12-20,8001839,8000318,19,21,127
2023-12-20,8001839,8000677,35,39,407
2023-12-20,8001839,8001839,71,80,248
2023-12-20,8001839,8002784,15,20,146
2023-12-20,8001886,8000348,37,41,1003
2023-12-20,8001886,8001886,72,81,700
2023-12-20,8001886,8003553,35,40,375
2023-12-20,8001887,8001888,0,34,0
2023-12-20,8001888,8001887,0,36,0
2023-12-20,8001888,8001888,0,70,0
2023-12-20,8001888,8001889,0,34,0
2023-12-20,8001889,8001888,0,36,0
2023-12-20,8001889,8001889,0,70,0
2023-12-20,8001889,8001893,0,34,0
2023-12-20,8001893,8001889,0,36,0
2023-12-20,8001893,8001893,0,69,0
2023-12-20,8001893,8003553,0,35,0
2023-12-20,8001917,8000510,13,19,21
2023-12-20,8001917,8001917,28,38,112
2023-12-20,8001917,8098349,14,19,204
2023-12-20,8002104,8000135,9,19,137
2023-12-20,8002104,8002104,30,39,226
2023-12-20,8002104,8003966,19,20,320
2023-12-20,8002206,8001839,1,2,105
2023-12-20,8002206,8002206,111,120,251
2023-12-20,8002206,8003697,54,59,133
2023-12-20,8002206,8005935,51,60,362
2023-12-20,8002290,8000030,18,35,68
2023-12-20,8002290,8002290,58,70,72
2023-12-20,8002290,8004746,29,35,75
2023-12-20,8002389,8000178,80,102,187
2023-12-20,8002389,8002389,135,203,129
2023-12-20,8002389,8003383,48,101,81
2023-12-20,8002402,8000100,21,26,250
2023-12-20,8002402,8001416,16,24,110
2023-12-20,8002402,8002402,37,51,192
2023-12-20,8002402,8006280,0,1,0
2023-12-20,8002718,8002718,30,40,164
2023-12-20,8002718,8002719,14,20,144
2023-12-20,8002718,8003697,18,20,196
2023-12-20,8002719,8002718,16,20,176
2023-12-20,8002719,8002719,35,40,166
2023-12-20,8002719,8002720,19,20,166
2023-12-20,8002720,8001557,15,20,141
2023-12-20,8002720,8002719,17,20,198
2023-12-20,8002720,8002720,32,40,164
2023-12-20,8002721,8002725,7,20,62
2023-12-20,8002725,8002721,20,20,212
2023-12-20,8002725,8002725,27,40,141
2023-12-20,8002725,8004519,19,20,130
2023-12-20,8002753,8000135,82,141,93
2023-12-20,8002753,8001736,17,20,236
2023-12-20,8002753,8002753,117,152,156
2023-12-20,8002753,8002775,46,56,251
2023-12-20,8002768,8001384,28,38,270
2023-12-20,8002768,8001736,42,56,130
2023-12-20,8002768,8002768,88,112,203
2023-12-20,8002768,8005356,15,18,278
2023-12-20,8002775,8001006,31,41,232
2023-12-20,8002775,8002753,41,56,77
2023-12-20,8002775,8002775,76,112,162
2023-12-20,8002775,8003987,14,15,336
2023-12-20,8002804,8002804,31,72,69
2023-12-20,8002804,8002806,16,36,50
2023-12-20,8002804,8002816,26,36,119
2023-12-20,8002806,8000404,42,51,416
2023-12-20,8002806,8002206,1,2,105
2023-12-20,8002806,8002804,28,36,113
2023-12-20,8002806,8002806,205,256,214
2023-12-20,8002806,8003395,57,76,177
2023-12-20,8002806,8005935,49,60,126
2023-12-20,8002806,8400043,23,30,382
2023-12-20,8002806,8400548,0,1,0
2023-12-20,8002816,8000507,28,36,135
2023-12-20,8002816,8002804,5,36,31
2023-12-20,8002816,8002816,32,72,77
2023-12-20,8002932,8002932,69,78,94
2023-12-20,8002932,8002988,35,37,98
2023-12-20,8002932,8004739,1,3,10
2023-12-20,8002932,8005134,33,38,105
2023-12-20,8002988,8002932,27,38,90
2023-12-20,8002988,8002988,47,75,90
2023-12-20,8002988,8004739,16,37,59
2023-12-20,8003158,8003927,5,19,16
2023-12-20,8003158,8005339,6,23,106
2023-12-20,8003160,8001215,24,24,444
2023-12-20,8003160,8003160,73,98,338
2023-12-20,8003160,8003252,19,26,260
2023-12-20,8003160,8003361,34,47,392
2023-12-20,8003252,8003160,4,24,76
2023-12-20,8003252,8003252,24,52,164
2023-12-20,8003252,8003361,1,1,90
2023-12-20,8003252,8003671,22,27,257
2023-12-20,8003310,8000209,50,59,512
2023-12-20,8003310,8000832,30,59,267
2023-12-20,8003310,8003310,80,118,373
2023-12-20,8003320,8003320,232,322,132
2023-12-20,8003320,8003358,100,105,194
2023-12-20,8003320,8003370,40,57,189
2023-12-20,8003320,8003392,124,160,130
2023-12-20,8003330,8000010,1,1,1650
2023-12-20,8003330,8000135,20,20,274
2023-12-20,8003330,8000209,21,22,282
2023-12-20,8003330,8000667,3,3,1100
2023-12-20,8003330,8003330,144,177,211
2023-12-20,8003330,8003358,45,65,94
2023-12-20,8003330,8003363,5,7,411
2023-12-20,8003330,8004873,56,65,235
2023-12-20,8003330,8004898,18,20,246
2023-12-20,8003358,8003320,64,103,100
2023-12-20,8003358,8003330,61,65,247
2023-12-20,8003358,8003358,165,208,165
2023-12-20,8003358,8005143,34,40,145
2023-12-20,8003360,8003360,159,208,411
2023-12-20,8003360,8003371,89,104,554
2023-12-20,8003360,8003372,72,104,296
2023-12-20,8003361,8000100,1,1,60
2023-12-20,8003361,8000209,15,16,741
2023-12-20,8003361,8001215,16,18,1298
2023-12-20,8003361,8003160,45,49,311
2023-12-20,8003361,8003252,1,1,30
2023-12-20,8003361,8003352,1,1,30
2023-12-20,8003361,8003361,149,176,444
2023-12-20,8003361,8003363,53,66,365
2023-12-20,8003361,8003671,16,17,254
2023-12-20,8003362,8003362,148,208,403
2023-12-20,8003362,8003365,88,104,552
2023-12-20,8003362,8003371,56,104,269
2023-12-20,8003363,8003330,7,7,1020
2023-12-20,8003363,8003361,59,66,298
2023-12-20,8003363,8003363,113,132,350
2023-12-20,8003364,8000209,77,118,368
2023-12-20,8003364,8003364,168,236,383
2023-12-20,8003364,8003392,95,116,486
2023-12-20,8003365,8003362,59,104,274
2023-12-20,8003365,8003365,154,208,417
2023-12-20,8003365,8003366,90,104,558
2023-12-20,8003366,8003365,65,104,284
2023-12-20,8003366,8003366,151,208,420
2023-12-20,8003366,8079140,90,104,565
2023-12-20,8003367,8001566,49,59,433
2023-12-20,8003367,8003367,97,118,391
2023-12-20,8003367,8003369,44,59,339
2023-12-20,8003369,8000209,50,59,357
2023-12-20,8003369,8003367,46,59,432
2023-12-20,8003369,8003369,99,118,397
2023-12-20,8003371,8003360,71,104,282
2023-12-20,8003371,8003362,88,104,523
2023-12-20,8003371,8003371,160,208,413
2023-12-20,8003372,8003360,91,104,528
2023-12-20,8003372,8003372,159,208,407
2023-12-20,8003372,8003392,72,115,291
2023-12-20,8003373,8001507,44,59,511
2023-12-20,8003373,8003373,97,116,450
2023-12-20,8003373,8079140,49,104,262
2023-12-20,8003375,8003375,150,203,137
2023-12-20,8003375,8003392,70,103,117
2023-12-20,8003375,8003732,83,102,183
2023-12-20,8003379,8003370,44,57,117
2023-12-20,8003379,8003379,87,114,162
2023-12-20,8003379,8004869,41,57,205
2023-12-20,8003383,8002389,86,102,180
2023-12-20,8003383,8003383,157,203,142
2023-12-20,8003383,8003732,72,101,90
2023-12-20,8003386,8003386,51,79,201
2023-12-20,8003386,8004366,21,40,265
2023-12-20,8003386,8005074,26,39,140
2023-12-20,8003392,8003320,124,162,152
2023-12-20,8003392,8003364,84,114,327
2023-12-20,8003392,8003372,94,118,515
2023-12-20,8003392,8003375,75,104,162
2023-12-20,8003392,8003392,341,474,278
2023-12-20,8003395,8000404,53,76,164
2023-12-20,8003395,8002806,60,77,122
2023-12-20,8003395,8003395,118,153,146
2023-12-20,8003462,8000100,35,40,110
2023-12-20,8003462,8003462,70,80,85
2023-12-20,8003462,8004616,37,40,57
2023-12-20,8003553,8000084,34,59,228
2023-12-20,8003553,8001886,36,41,983
2023-12-20,8003553,8001893,0,35,0
2023-12-20,8003553,8003553,71,119,464
2023-12-20,8003616,8000853,33,39,198
2023-12-20,8003616,8002490,25,36,466
2023-12-20,8003616,8003616,60,78,333
2023-12-20,8003668,8003668,80,118,377
2023-12-20,8003668,8003672,31,59,262
2023-12-20,8003668,8006713,50,59,495
2023-12-20,8003669,8000209,21,22,241
2023-12-20,8003669,8000853,35,40,444
2023-12-20,8003669,8003669,45,45,470
2023-12-20,8003671,8003252,7,25,83
2023-12-20,8003671,8003361,14,18,148
2023-12-20,8003671,8003671,54,87,183
2023-12-20,8003671,8006280,31,44,243
2023-12-20,8003672,8003540,28,59,255
2023-12-20,8003672,8003668,49,59,486
2023-12-20,8003672,8003672,80,118,376
2023-12-20,8003697,8000677,15,19,54
2023-12-20,8003697,8001113,17,20,147
2023-12-20,8003697,8002206,57,59,366
2023-12-20,8003697,8002718,13,20,134
2023-12-20,8003697,8003697,101,118,243
2023-12-20,8003732,8003375,73,101,112
2023-12-20,8003732,8003383,86,102,196
2023-12-20,8003732,8003732,160,203,144
2023-12-20,8003927,8000100,5,19,19
2023-12-20,8003927,8003158,18,18,240
2023-12-20,8003927,8003927,46,80,171
2023-12-20,8003927,8005298,10,23,108
2023-12-20,8003927,8005339,20,20,324
2023-12-20,8003931,8003931,70,80,102
2023-12-20,8003931,8003937,39,40,109
2023-12-20,8003931,8005057,30,40,76
2023-12-20,8003937,8003931,35,40,84
2023-12-20,8003937,8003937,70,80,90
2023-12-20,8003937,8006516,37,40,119
2023-12-20,8003966,8000135,1,1,60
2023-12-20,8003966,8001086,19,20,288
2023-12-20,8003966,8002104,10,19,144
2023-12-20,8003966,8003966,28,40,226
2023-12-20,8003990,8000084,38,49,177
2023-12-20,8003990,8001264,44,49,138
2023-12-20,8003990,8003990,82,98,151
2023-12-20,8004366,8001086,15,20,182
2023-12-20,8004366,8003386,27,39,152
2023-12-20,8004366,8004366,34,40,235
2023-12-20,8004519,8001557,17,20,170
2023-12-20,8004519,8002725,17,20,176
2023-12-20,8004519,8004519,35,40,172
2023-12-20,8004616,8003462,38,40,130
2023-12-20,8004616,8004616,74,80,87
2023-12-20,8004616,8005058,36,40,83
2023-12-20,8004739,8002988,23,38,109
2023-12-20,8004746,8002290,29,35,98
2023-12-20,8004746,8004746,59,70,84
2023-12-20,8004746,8006659,21,35,47
2023-12-20,8004869,8000135,27,39,232
2023-12-20,8004869,8000178,16,17,231
2023-12-20,8004869,8003379,46,57,118
2023-12-20,8004869,8004869,147,191,194
2023-12-20,8004869,8004873,41,57,207
2023-12-20,8004869,8004898,14,18,200
2023-12-20,8004873,8003330,47,65,100
2023-12-20,8004873,8004869,48,57,146
2023-12-20,8004873,8004873,187,244,161
2023-12-20,8004873,8005629,94,122,231
2023-12-20,8004898,8003330,19,20,210
2023-12-20,8004898,8004869,14,19,243
2023-12-20,8004898,8004898,57,81,211
2023-12-20,8004898,8005746,34,41,270
2023-12-20,8004907,8000178,14,35,65
2023-12-20,8004907,8000355,20,35,84
2023-12-20,8004907,8004907,35,70,66
2023-12-20,8005057,8003931,39,40,127
2023-12-20,8005057,8005057,61,80,88
2023-12-20,8005057,8005058,29,40,83
2023-12-20,8005058,8004616,37,40,101
2023-12-20,8005058,8005057,37,40,93
2023-12-20,8005058,8005058,75,80,105
2023-12-20,8005074,8000713,20,39,122
2023-12-20,8005074,8003386,26,40,256
2023-12-20,8005074,8005074,51,79,195
2023-12-20,8005134,8002932,21,40,67
2023-12-20,8005134,8005134,47,78,91
2023-12-20,8005134,8005143,24,38,133
2023-12-20,8005143,8003358,31,38,163
2023-12-20,8005143,8005134,32,40,125
2023-12-20,8005143,8005143,61,78,143
2023-12-20,8005152,8001091,21,23,480
2023-12-20,8005152,8005152,44,48,516
2023-12-20,8005152,8005499,21,24,516
2023-12-20,8005164,8000012,23,38,227
2023-12-20,8005164,8005164,59,76,178
2023-12-20,8005164,8005356,30,38,120
2023-12-20,8005298,8000100,10,23,94
2023-12-20,8005298,8003927,20,20,324
2023-12-20,8005298,8005298,31,43,219
2023-12-20,8005339,8003158,20,20,291
2023-12-20,8005339,8003927,7,23,104
2023-12-20,8005339,8005339,26,43,211
2023-12-20,8005356,8000012,16,18,328
2023-12-20,8005356,8001384,28,38,113
2023-12-20,8005356,8002768,15,18,132
2023-12-20,8005356,8005164,29,38,276
2023-12-20,8005356,8005356,85,112,199
2023-12-20,8005499,8001215,22,24,561
2023-12-20,8005499,8005152,22,24,492
2023-12-20,8005499,8005499,44,48,504
2023-12-20,8005575,8000178,40,62,105
2023-12-20,8005575,8001264,37,49,191
2023-12-20,8005575,8005575,75,98,163
2023-12-20,8005629,8000135,94,122,227
2023-12-20,8005629,8004873,67,122,73
2023-12-20,8005629,8005629,170,244,151
2023-12-20,8005743,8005745,0,35,0
2023-12-20,8005744,8005744,21,70,64
2023-12-20,8005744,8005745,21,35,143
2023-12-20,8005744,8098348,23,35,57
2023-12-20,8005745,8005743,20,35,142
2023-12-20,8005745,8005744,0,35,0
2023-12-20,8005745,8005745,20,70,71
2023-12-20,8005746,8004898,28,40,161
2023-12-20,8005746,8005159,29,41,253
2023-12-20,8005746,8005746,67,81,220
2023-12-20,8005935,8002206,54,60,130
2023-12-20,8005935,8002806,55,60,354
2023-12-20,8005935,8005935,100,120,236
2023-12-20,8006280,8000100,13,18,200
2023-12-20,8006280,8001416,21,26,267
2023-12-20,8006280,8003671,20,42,102
2023-12-20,8006280,8006280,55,86,175
2023-12-20,8006516,8000495,33,40,110
2023-12-20,8006516,8003937,22,40,47
2023-12-20,8006516,8006516,57,80,74
2023-12-20,8006659,8000355,27,35,59
2023-12-20,8006659,8004746,30,35,89
2023-12-20,8006659,8006659,49,70,69
2023-12-20,8006713,8000209,49,61,1014
2023-12-20,8006713,8000832,53,59,495
2023-12-20,8006713,8001584,32,41,675
2023-12-20,8006713,8003668,30,59,262
2023-12-20,8006713,8006713,153,220,575
2023-12-20,8070704,8000404,80,96,120
2023-12-20,8070704,8000406,33,37,213
2023-12-20,8070704,8070704,143,177,194
2023-12-20,8079140,8003366,60,104,279
2023-12-20,8079140,8003373,85,104,541
2023-12-20,8079140,8079140,146,208,419
2023-12-20,8098348,8005744,17,35,96
2023-12-20,8098348,8098348,37,70,88
2023-12-20,8098348,8099506,27,35,102
2023-12-20,8098349,8001917,1,19,2
2023-12-20,8099506,8000348,13,35,25
2023-12-20,8099506,8098348,16,35,98
2023-12-20,8099506,8099506,53,70,116
2023-12-21,8000012,8000012,34,40,615
2023-12-21,8000012,8001928,2,5,948
2023-12-21,8000012,8005164,13,38,156
2023-12-21,8000012,8005356,17,18,423
2023-12-21,8000012,8006501,15,15,886
2023-12-21,8000030,8002290,19,35,37
2023-12-21,8000084,8000084,64,83,790
2023-12-21,8000084,8000178,29,38,483
2023-12-21,8000084,8000348,0,1,-30
2023-12-21,8000084,8003553,36,60,744
2023-12-21,8000084,8003990,25,49,104
2023-12-21,8000100,8000100,58,76,461
2023-12-21,8000100,8002402,18,25,256
2023-12-21,8000100,8003361,1,1,300
2023-12-21,8000100,8003462,11,40,29
2023-12-21,8000100,8003671,1,1,3120
2023-12-21,8000100,8003927,17,18,430
2023-12-21,8000100,8005298,20,20,546
2023-12-21,8000100,8006280,14,17,367
2023-12-21,8000135,8000135,229,320,403
2023-12-21,8000135,8002104,16,20,592
2023-12-21,8000135,8002753,113,141,433
2023-12-21,8000135,8003330,14,20,968
2023-12-21,8000135,8004869,32,38,742
2023-12-21,8000135,8005629,80,122,263
2023-12-21,8000178,8000084,31,40,1016
2023-12-21,8000178,8000178,160,206,460
2023-12-21,8000178,8000209,1,1,2340
2023-12-21,8000178,8001506,17,20,620
2023-12-21,8000178,8002389,61,101,174
2023-12-21,8000178,8004869,16,17,492
2023-12-21,8000178,8004907,17,35,46
2023-12-21,8000178,8005575,54,62,391
2023-12-21,8000209,8000178,16,21,1184
2023-12-21,8000209,8000209,336,383,642
2023-12-21,8000209,8003310,49,59,324
2023-12-21,8000209,8003330,20,22,1360
2023-12-21,8000209,8003361,16,17,1202
2023-12-21,8000209,8003364,79,118,377
2023-12-21,8000209,8003369,49,59,348
2023-12-21,8000209,8003669,20,23,837
2023-12-21,8000209,8006713,38,41,1286
2023-12-21,8000348,8000084,1,1,3720
2023-12-21,8000348,8000348,84,121,611
2023-12-21,8000348,8000406,36,40,1360
2023-12-21,8000348,8001712,16,39,67
2023-12-21,8000348,8001886,32,40,340
2023-12-21,8000348,8099506,27,35,230
2023-12-21,8000355,8000355,31,70,33
2023-12-21,8000355,8004907,5,35,10
2023-12-21,8000355,8006659,19,35,50
2023-12-21,8000404,8000404,176,250,307
2023-12-21,8000404,8002806,34,48,368
2023-12-21,8000404,8003395,57,77,168
2023-12-21,8000404,8070704,55,81,332
2023-12-21,8000406,8000348,31,40,408
2023-12-21,8000406,8000406,113,158,521
2023-12-21,8000406,8001712,29,39,225
2023-12-21,8000406,8070704,17,36,68
2023-12-21,8000495,8000495,48,80,82
2023-12-21,8000495,8001084,26,40,98
2023-12-21,8000495,8006516,22,40,58
2023-12-21,8000502,8000502,17,37,103
2023-12-21,8000502,8000507,1,36,7
2023-12-21,8000502,8000521,16,19,213
2023-12-21,8000507,8000502,27,36,172
2023-12-21,8000507,8000507,28,72,86
2023-12-21,8000507,8002816,2,36,12
2023-12-21,8000510,8000510,17,38,99
2023-12-21,8000510,8000527,1,19,6
2023-12-21,8000510,8001917,13,19,182
2023-12-21,8000521,8000502,1,19,3
2023-12-21,8000521,8000521,17,38,110
2023-12-21,8000521,8000527,16,19,231
2023-12-21,8000527,8000510,16,19,212
2023-12-21,8000527,8000521,1,19,5
2023-12-21,8000527,8000527,17,38,124
2023-12-21,8000677,8000677,57,78,773
2023-12-21,8000677,8001113,10,20,393
2023-12-21,8000677,8001839,32,39,679
2023-12-21,8000677,8003697,16,19,1521
2023-12-21,8000713,8000713,55,79,743
2023-12-21,8000713,8005074,31,40,839
2023-12-21,8000713,8005970,27,39,651
2023-12-21,8000832,8000832,97,118,412
2023-12-21,8000832,8003310,49,59,505
2023-12-21,8000832,8006713,49,59,329
2023-12-21,8000853,8000853,90,114,772
2023-12-21,8000853,8001506,13,18,1120
2023-12-21,8000853,8003616,29,39,622
2023-12-21,8000853,8003669,35,40,518
2023-12-21,8000853,8006719,14,18,1558
2023-12-21,8000899,8001566,47,59,303
2023-12-21,8001081,8001081,36,80,54
2023-12-21,8001081,8001084,13,40,32
2023-12-21,8001081,8001088,16,40,69
2023-12-21,8001082,8001082,82,84,844
2023-12-21,8001082,8001085,24,24,712
2023-12-21,8001082,8001091,40,42,735
2023-12-21,8001082,8004604,18,18,1405
2023-12-21,8001084,8000495,22,40,56
2023-12-21,8001084,8001081,23,40,92
2023-12-21,8001084,8001084,43,80,72
2023-12-21,8001085,8001082,22,24,582
2023-12-21,8001085,8001085,45,48,657
2023-12-21,8001085,8004604,1,1,60
2023-12-21,8001085,8005153,22,23,793
2023-12-21,8001086,8001086,33,40,806
2023-12-21,8001086,8003966,16,20,951
2023-12-21,8001086,8004366,19,20,675
2023-12-21,8001088,8001081,22,40,44
2023-12-21,8001088,8001088,44,80,58
2023-12-21,8001091,8001082,39,42,939
2023-12-21,8001091,8001091,77,84,836
2023-12-21,8001091,8001215,15,18,887
2023-12-21,8001091,8005152,23,23,667
2023-12-21,8001113,8000677,17,20,370
2023-12-21,8001113,8001113,29,40,380
2023-12-21,8001113,8003697,17,20,416
2023-12-21,8001215,8001091,18,18,1318
2023-12-21,8001215,8001215,80,84,869
2023-12-21,8001215,8003160,23,24,761
2023-12-21,8001215,8003361,16,18,932
2023-12-21,8001215,8005499,24,24,662
2023-12-21,8001264,8001264,77,98,237
2023-12-21,8001264,8003990,34,49,319
2023-12-21,8001264,8005575,37,49,176
2023-12-21,8001384,8001384,62,76,346
2023-12-21,8001384,8002768,31,38,257
2023-12-21,8001384,8005356,31,38,463
2023-12-21,8001416,8001416,42,50,473
2023-12-21,8001416,8002402,24,26,657
2023-12-21,8001416,8006280,18,24,272
2023-12-21,8001557,8001557,32,40,161
2023-12-21,8001557,8002720,17,20,152
2023-12-21,8001557,8004519,14,20,168
2023-12-21,8001566,8000899,53,59,434
2023-12-21,8001566,8001566,103,118,365
2023-12-21,8001566,8003367,51,59,313
2023-12-21,8001712,8000348,34,39,255
2023-12-21,8001712,8000406,16,39,78
2023-12-21,8001712,8001712,46,78,153
2023-12-21,8001736,8001736,90,112,447
2023-12-21,8001736,8002753,18,20,456
2023-12-21,8001736,8002768,47,56,573
2023-12-21,8001736,8003987,23,36,268
2023-12-21,8001839,8000318,17,21,990
2023-12-21,8001839,8000677,26,39,818
2023-12-21,8001839,8001839,63,80,717
2023-12-21,8001839,8002784,15,20,358
2023-12-21,8001886,8000348,38,41,1354
2023-12-21,8001886,8001886,70,81,866
2023-12-21,8001886,8003553,33,40,439
2023-12-21,8001887,8001888,0,34,0
2023-12-21,8001888,8001887,0,36,0
2023-12-21,8001888,8001888,0,70,0
2023-12-21,8001888,8001889,0,34,0
2023-12-21,8001889,8001888,0,36,0
2023-12-21,8001889,8001889,0,70,0
2023-12-21,8001889,8001893,0,34,0
2023-12-21,8001893,8001889,0,36,0
2023-12-21,8001893,8001893,0,69,0
2023-12-21,8001893,8003553,0,35,0
2023-12-21,8001917,8000510,15,19,30
2023-12-21,8001917,8001917,30,38,108
2023-12-21,8001917,8098349,14,19,186
2023-12-21,8002104,8000135,12,19,987
2023-12-21,8002104,8002104,29,39,779
2023-12-21,8002104,8003966,16,20,620
2023-12-21,8002206,8001839,1,2,120
2023-12-21,8002206,8002206,100,120,609
2023-12-21,8002206,8003697,53,59,522
2023-12-21,8002206,8005935,44,60,648
2023-12-21,8002290,8000030,10,35,28
2023-12-21,8002290,8002290,47,70,48
2023-12-21,8002290,8004746,21,35,62
2023-12-21,8002389,8000178,76,102,307
2023-12-21,8002389,8002389,137,203,234
2023-12-21,8002389,8003383,58,101,178
2023-12-21,8002402,8000100,24,26,630
2023-12-21,8002402,8001416,17,24,289
2023-12-21,8002402,8002402,41,51,464
2023-12-21,8002402,8006280,1,1,30
2023-12-21,8002718,8002718,29,40,160
2023-12-21,8002718,8002719,16,20,182
2023-12-21,8002718,8003697,13,20,148
2023-12-21,8002719,8002718,13,20,140
2023-12-21,8002719,8002719,30,40,164
2023-12-21,8002719,8002720,17,20,194
2023-12-21,8002720,8001557,15,20,177
2023-12-21,8002720,8002719,19,20,159
2023-12-21,8002720,8002720,34,40,166
2023-12-21,8002721,8002725,8,20,64
2023-12-21,8002725,8002721,17,20,238
2023-12-21,8002725,8002725,25,40,165
2023-12-21,8002725,8004519,13,20,118
2023-12-21,8002753,8000135,94,141,294
2023-12-21,8002753,8001736,16,20,722
2023-12-21,8002753,8002753,122,152,436
2023-12-21,8002753,8002775,45,56,499
2023-12-21,8002768,8001384,29,38,455
2023-12-21,8002768,8001736,49,56,335
2023-12-21,8002768,8002768,96,112,455
2023-12-21,8002768,8005356,17,18,860
2023-12-21,8002775,8001006,33,41,517
2023-12-21,8002775,8002753,36,56,243
2023-12-21,8002775,8002775,76,112,365
2023-12-21,8002775,8003987,13,15,480
2023-12-21,8002804,8002804,28,72,73
2023-12-21,8002804,8002806,13,36,42
2023-12-21,8002804,8002816,25,36,137
2023-12-21,8002806,8000404,37,49,590
2023-12-21,8002806,8002206,2,2,165
2023-12-21,8002806,8002804,27,36,137
2023-12-21,8002806,8002806,193,252,336
2023-12-21,8002806,8003395,52,76,226
2023-12-21,8002806,8005935,52,60,460
2023-12-21,8002806,8400043,21,29,357
2023-12-21,8002816,8000507,27,36,141
2023-12-21,8002816,8002804,3,36,16
2023-12-21,8002816,8002816,29,72,77
2023-12-21,8002932,8002932,68,78,125
2023-12-21,8002932,8002988,36,37,154
2023-12-21,8002932,8004739,3,3,230
2023-12-21,8002932,8005134,29,38,92
2023-12-21,8002988,8002932,27,38,88
2023-12-21,8002988,8002988,51,75,110
2023-12-21,8002988,8004739,21,37,108
2023-12-21,8003158,8003927,7,19,213
2023-12-21,8003158,8005339,14,23,282
2023-12-21,8003160,8001215,24,24,642
2023-12-21,8003160,8003160,83,98,546
2023-12-21,8003160,8003252,22,26,562
2023-12-21,8003160,8003361,40,47,576
2023-12-21,8003252,8003160,14,24,259
2023-12-21,8003252,8003252,35,52,404
2023-12-21,8003252,8003361,0,1,0
2023-12-21,8003252,8003671,24,27,569
2023-12-21,8003310,8000209,55,59,535
2023-12-21,8003310,8000832,50,59,346
2023-12-21,8003310,8003310,99,118,414
2023-12-21,8003320,8003320,234,322,282
2023-12-21,8003320,8003358,100,105,311
2023-12-21,8003320,8003370,40,57,289
2023-12-21,8003320,8003392,127,160,316
2023-12-21,8003330,8000010,1,1,990
2023-12-21,8003330,8000135,16,20,502
2023-12-21,8003330,8000209,21,22,929
2023-12-21,8003330,8000667,3,3,80
2023-12-21,8003330,8003330,153,177,483
2023-12-21,8003330,8003358,51,65,312
2023-12-21,8003330,8003363,5,7,990
2023-12-21,8003330,8004873,57,65,419
2023-12-21,8003330,8004898,18,20,1110
2023-12-21,8003358,8003320,78,103,270
2023-12-21,8003358,8003330,60,65,420
2023-12-21,8003358,8003358,180,208,307
2023-12-21,8003358,8005143,37,40,193
2023-12-21,8003360,8003360,181,208,298
2023-12-21,8003360,8003371,96,104,404
2023-12-21,8003360,8003372,87,104,223
2023-12-21,8003361,8000100,1,1,240
2023-12-21,8003361,8000209,16,16,1151
2023-12-21,8003361,8001215,18,18,1250
2023-12-21,8003361,8003160,41,49,539
2023-12-21,8003361,8003252,1,1,210
2023-12-21,8003361,8003352,1,1,210
2023-12-21,8003361,8003361,152,176,637
2023-12-21,8003361,8003363,60,66,625
2023-12-21,8003361,8003671,13,17,212
2023-12-21,8003362,8003362,170,208,293
2023-12-21,8003362,8003365,95,104,411
2023-12-21,8003362,8003371,71,104,189
2023-12-21,8003363,8003330,7,7,1834
2023-12-21,8003363,8003361,52,66,425
2023-12-21,8003363,8003363,117,132,549
2023-12-21,8003364,8000209,107,118,398
2023-12-21,8003364,8003364,191,236,363
2023-12-21,8003364,8003392,102,116,426
2023-12-21,8003365,8003362,73,104,198
2023-12-21,8003365,8003365,181,208,311
2023-12-21,8003365,8003366,97,104,415
2023-12-21,8003366,8003365,86,104,217
2023-12-21,8003366,8003366,180,208,315
2023-12-21,8003366,8079140,96,104,422
2023-12-21,8003367,8001566,52,59,380
2023-12-21,8003367,8003367,101,118,331
2023-12-21,8003367,8003369,45,59,293
2023-12-21,8003369,8000209,51,59,307
2023-12-21,8003369,8003367,48,59,337
2023-12-21,8003369,8003369,100,118,327
2023-12-21,8003371,8003360,90,104,205
2023-12-21,8003371,8003362,88,104,378
2023-12-21,8003371,8003371,186,208,302
2023-12-21,8003372,8003360,95,104,389
2023-12-21,8003372,8003372,173,208,295
2023-12-21,8003372,8003392,87,115,234
2023-12-21,8003373,8001507,47,59,271
2023-12-21,8003373,8003373,89,116,257
2023-12-21,8003373,8079140,63,104,181
2023-12-21,8003375,8003375,155,203,245
2023-12-21,8003375,8003392,75,103,261
2023-12-21,8003375,8003732,82,102,291
2023-12-21,8003379,8003370,37,57,324
2023-12-21,8003379,8003379,83,114,321
2023-12-21,8003379,8004869,42,57,316
2023-12-21,8003383,8002389,86,102,296
2023-12-21,8003383,8003383,163,203,250
2023-12-21,8003383,8003732,77,101,188
2023-12-21,8003386,8003386,54,79,683
2023-12-21,8003386,8004366,32,40,814
2023-12-21,8003386,8005074,24,39,565
2023-12-21,8003392,8003320,124,162,265
2023-12-21,8003392,8003364,105,114,287
2023-12-21,8003392,8003372,101,118,465
2023-12-21,8003392,8003375,77,104,316
2023-12-21,8003392,8003392,368,474,333
2023-12-21,8003395,8000404,42,76,212
2023-12-21,8003395,8002806,57,77,169
2023-12-21,8003395,8003395,109,153,193
2023-12-21,8003462,8000100,29,40,105
2023-12-21,8003462,8003462,61,80,87
2023-12-21,8003462,8004616,32,40,75
2023-12-21,8003553,8000084,34,59,304
2023-12-21,8003553,8001886,37,41,1305
2023-12-21,8003553,8001893,0,35,0
2023-12-21,8003553,8003553,71,119,562
2023-12-21,8003616,8000853,32,39,486
2023-12-21,8003616,8002490,28,36,630
2023-12-21,8003616,8003616,61,78,544
2023-12-21,8003668,8003668,101,118,418
2023-12-21,8003668,8003672,49,59,329
2023-12-21,8003668,8006713,51,59,509
2023-12-21,8003669,8000209,20,22,685
2023-12-21,8003669,8000853,30,40,584
2023-12-21,8003669,8003669,40,45,783
2023-12-21,8003671,8003252,14,25,252
2023-12-21,8003671,8003361,17,18,562
2023-12-21,8003671,8003671,65,87,427
2023-12-21,8003671,8006280,36,44,505
2023-12-21,8003672,8003540,42,59,307
2023-12-21,8003672,8003668,51,59,498
2023-12-21,8003672,8003672,100,118,413
2023-12-21,8003697,8000677,13,19,943
2023-12-21,8003697,8001113,15,20,321
2023-12-21,8003697,8002206,46,59,799
2023-12-21,8003697,8002718,15,20,162
2023-12-21,8003697,8003697,96,118,618
2023-12-21,8003732,8003375,80,101,218
2023-12-21,8003732,8003383,85,102,314
2023-12-21,8003732,8003732,165,203,250
2023-12-21,8003927,8000100,11,19,379
2023-12-21,8003927,8003158,17,18,467
2023-12-21,8003927,8003927,51,80,386
2023-12-21,8003927,8005298,18,23,407
2023-12-21,8003927,8005339,19,20,548
2023-12-21,8003931,8003931,51,80,87
2023-12-21,8003931,8003937,30,40,91
2023-12-21,8003931,8005057,19,40,63
2023-12-21,8003937,8003931,24,40,68
2023-12-21,8003937,8003937,52,80,77
2023-12-21,8003937,8006516,28,40,107
2023-12-21,8003966,8000135,1,1,300
2023-12-21,8003966,8001086,17,20,656
2023-12-21,8003966,8002104,13,19,981
2023-12-21,8003966,8003966,29,40,795
2023-12-21,8003990,8000084,37,49,337
2023-12-21,8003990,8001264,43,49,146
2023-12-21,8003990,8003990,80,98,234
2023-12-21,8004366,8001086,17,20,957
2023-12-21,8004366,8003386,26,39,526
2023-12-21,8004366,8004366,36,40,851
2023-12-21,8004519,8001557,12,20,138
2023-12-21,8004519,8002725,17,20,210
2023-12-21,8004519,8004519,29,40,169
2023-12-21,8004616,8003462,32,40,126
2023-12-21,8004616,8004616,56,80,86
2023-12-21,8004616,8005058,20,40,70
2023-12-21,8004739,8002988,21,38,89
2023-12-21,8004746,8002290,26,35,58
2023-12-21,8004746,8004746,50,70,58
2023-12-21,8004746,8006659,19,35,38
2023-12-21,8004869,8000135,32,39,801
2023-12-21,8004869,8000178,17,17,558
2023-12-21,8004869,8003379,41,57,328
2023-12-21,8004869,8004869,150,191,518
2023-12-21,8004869,8004873,43,57,327
2023-12-21,8004869,8004898,18,18,980
2023-12-21,8004873,8003330,56,65,311
2023-12-21,8004873,8004869,43,57,353
2023-12-21,8004873,8004873,195,244,341
2023-12-21,8004873,8005629,97,122,390
2023-12-21,8004898,8003330,17,20,378
2023-12-21,8004898,8004869,18,19,954
2023-12-21,8004898,8004898,69,81,765
2023-12-21,8004898,8005746,38,41,1048
2023-12-21,8004907,8000178,5,35,7
2023-12-21,8004907,8000355,17,35,49
2023-12-21,8004907,8004907,25,70,30
2023-12-21,8005057,8003931,32,40,107
2023-12-21,8005057,8005057,48,80,76
2023-12-21,8005057,8005058,20,40,69
2023-12-21,8005058,8004616,33,40,91
2023-12-21,8005058,8005057,27,40,80
2023-12-21,8005058,8005058,61,80,88
2023-12-21,8005074,8000713,25,39,635
2023-12-21,8005074,8003386,32,40,867
2023-12-21,8005074,8005074,59,79,739
2023-12-21,8005134,8002932,31,40,141
2023-12-21,8005134,8005134,58,78,135
2023-12-21,8005134,8005143,27,38,166
2023-12-21,8005143,8003358,35,38,218
2023-12-21,8005143,8005134,37,40,188
2023-12-21,8005143,8005143,72,78,192
2023-12-21,8005152,8001091,22,23,687
2023-12-21,8005152,8005152,45,48,652
2023-12-21,8005152,8005499,20,24,631
2023-12-21,8005164,8000012,27,38,405
2023-12-21,8005164,8005164,61,76,311
2023-12-21,8005164,8005356,31,38,212
2023-12-21,8005298,8000100,19,23,466
2023-12-21,8005298,8003927,19,20,554
2023-12-21,8005298,8005298,38,43,488
2023-12-21,8005339,8003158,19,20,542
2023-12-21,8005339,8003927,11,23,270
2023-12-21,8005339,8005339,30,43,409
2023-12-21,8005356,8000012,17,18,910
2023-12-21,8005356,8001384,32,38,208
2023-12-21,8005356,8002768,17,18,440
2023-12-21,8005356,8005164,31,38,456
2023-12-21,8005356,8005356,96,112,437
2023-12-21,8005499,8001215,23,24,722
2023-12-21,8005499,8005152,22,24,660
2023-12-21,8005499,8005499,45,48,663
2023-12-21,8005575,8000178,45,62,221
2023-12-21,8005575,8001264,39,49,333
2023-12-21,8005575,8005575,76,98,253
2023-12-21,8005629,8000135,98,122,398
2023-12-21,8005629,8004873,77,122,269
2023-12-21,8005629,8005629,179,244,330
2023-12-21,8005743,8005745,0,35,0
2023-12-21,8005744,8005744,22,70,80
2023-12-21,8005744,8005745,22,35,176
2023-12-21,8005744,8098348,23,35,56
2023-12-21,8005745,8005743,22,35,188
2023-12-21,8005745,8005744,0,35,0
2023-12-21,8005745,8005745,22,70,92
2023-12-21,8005746,8004898,33,40,466
2023-12-21,8005746,8005159,36,41,1043
2023-12-21,8005746,8005746,75,81,778
2023-12-21,8005935,8002206,53,60,467
2023-12-21,8005935,8002806,44,60,680
2023-12-21,8005935,8005935,99,120,556
2023-12-21,8006280,8000100,11,18,377
2023-12-21,8006280,8001416,23,26,640
2023-12-21,8006280,8003671,26,42,306
2023-12-21,8006280,8006280,61,86,414
2023-12-21,8006516,8000495,24,40,104
2023-12-21,8006516,8003937,14,40,55
2023-12-21,8006516,8006516,38,80,75
2023-12-21,8006659,8000355,24,35,44
2023-12-21,8006659,8004746,29,35,60
2023-12-21,8006659,8006659,43,70,47
2023-12-21,8006713,8000209,49,61,1121
2023-12-21,8006713,8000832,50,59,503
2023-12-21,8006713,8001584,38,41,1303
2023-12-21,8006713,8003668,50,59,331
2023-12-21,8006713,8006713,193,220,778
2023-12-21,8070704,8000404,79,96,237
2023-12-21,8070704,8000406,31,37,277
2023-12-21,8070704,8070704,123,177,286
2023-12-21,8079140,8003366,82,104,207
2023-12-21,8079140,8003373,93,104,398
2023-12-21,8079140,8079140,169,208,309
2023-12-21,8098348,8005744,19,35,135
2023-12-21,8098348,8098348,44,70,105
2023-12-21,8098348,8099506,32,35,104
2023-12-21,8098349,8001917,2,19,6
2023-12-21,8099506,8000348,10,35,3
2023-12-21,8099506,8098348,15,35,115
2023-12-21,8099506,8099506,58,70,120
2023-12-22,8000012,8000012,36,41,483
2023-12-22,8000012,8001928,4,6,95
2023-12-22,8000012,8005164,22,38,187
2023-12-22,8000012,8005356,17,18,447
2023-12-22,8000012,8006501,15,15,776
2023-12-22,8000030,8002290,10,35,46
2023-12-22,8000084,8000084,63,88,854
2023-12-22,8000084,8000178,27,39,402
2023-12-22,8000084,8000348,0,1,0
2023-12-22,8000084,8003553,35,62,896
2023-12-22,8000084,8003990,31,49,224
2023-12-22,8000100,8000100,62,80,270
2023-12-22,8000100,8002402,18,26,181
2023-12-22,8000100,8003361,0,1,-150
2023-12-22,8000100,8003462,14,41,55
2023-12-22,8000100,8003671,1,1,1380
2023-12-22,8000100,8003927,19,19,314
2023-12-22,8000100,8005298,22,22,472
2023-12-22,8000100,8006280,11,17,138
2023-12-22,8000135,8000135,235,313,301
2023-12-22,8000135,8002104,14,15,554
2023-12-22,8000135,8002753,120,142,359
2023-12-22,8000135,8003330,14,20,268
2023-12-22,8000135,8004869,36,39,582
2023-12-22,8000135,8005629,85,122,158
2023-12-22,8000178,8000084,34,42,1319
2023-12-22,8000178,8000178,165,211,496
2023-12-22,8000178,8000209,2,2,375
2023-12-22,8000178,8001506,16,20,868
2023-12-22,8000178,8002389,62,101,178
2023-12-22,8000178,8004869,16,17,300
2023-12-22,8000178,8004907,13,36,62
2023-12-22,8000178,8005575,55,62,330
2023-12-22,8000209,8000178,18,23,1646
2023-12-22,8000209,8000209,325,378,798
2023-12-22,8000209,8003310,44,59,522
2023-12-22,8000209,8003330,14,17,881
2023-12-22,8000209,8003361,17,17,1588
2023-12-22,8000209,8003364,92,118,541
2023-12-22,8000209,8003369,54,60,505
2023-12-22,8000209,8003669,15,23,1043
2023-12-22,8000209,8006713,36,38,1746
2023-12-22,8000348,8000084,1,1,30
2023-12-22,8000348,8000348,98,126,632
2023-12-22,8000348,8000406,36,42,1277
2023-12-22,8000348,8001712,21,40,74
2023-12-22,8000348,8001886,37,41,488
2023-12-22,8000348,8099506,27,36,207
2023-12-22,8000355,8000355,24,71,50
2023-12-22,8000355,8004907,7,35,39
2023-12-22,8000355,8006659,18,36,73
2023-12-22,8000404,8000404,165,259,368
2023-12-22,8000404,8002806,35,50,311
2023-12-22,8000404,8003395,46,80,127
2023-12-22,8000404,8070704,51,83,512
2023-12-22,8000406,8000348,38,41,479
2023-12-22,8000406,8000406,126,163,513
2023-12-22,8000406,8001712,31,40,202
2023-12-22,8000406,8070704,25,37,85
2023-12-22,8000495,8000495,50,81,120
2023-12-22,8000495,8001084,25,41,86
2023-12-22,8000495,8006516,24,40,141
2023-12-22,8000502,8000502,16,37,84
2023-12-22,8000502,8000507,2,36,28
2023-12-22,8000502,8000521,17,20,219
2023-12-22,8000507,8000502,33,37,208
2023-12-22,8000507,8000507,36,73,119
2023-12-22,8000507,8002816,3,36,38
2023-12-22,8000510,8000510,18,39,101
2023-12-22,8000510,8000527,1,19,3
2023-12-22,8000510,8001917,15,20,184
2023-12-22,8000521,8000502,0,19,0
2023-12-22,8000521,8000521,19,39,115
2023-12-22,8000521,8000527,20,20,244
2023-12-22,8000527,8000510,19,20,222
2023-12-22,8000527,8000521,1,19,2
2023-12-22,8000527,8000527,21,39,132
2023-12-22,8000677,8000677,66,81,1140
2023-12-22,8000677,8001113,16,21,1006
2023-12-22,8000677,8001839,33,40,960
2023-12-22,8000677,8003697,18,20,1910
2023-12-22,8000713,8000713,47,79,257
2023-12-22,8000713,8005074,23,41,243
2023-12-22,8000713,8005970,25,38,294
2023-12-22,8000832,8000832,96,118,623
2023-12-22,8000832,8003310,51,59,725
2023-12-22,8000832,8006713,43,59,531
2023-12-22,8000853,8000853,95,116,874
2023-12-22,8000853,8001506,17,19,919
2023-12-22,8000853,8003616,32,39,765
2023-12-22,8000853,8003669,33,40,430
2023-12-22,8000853,8006719,16,19,2256
2023-12-22,8000899,8001566,48,59,443
2023-12-22,8001081,8001081,37,81,70
2023-12-22,8001081,8001084,15,40,83
2023-12-22,8001081,8001088,17,41,67
2023-12-22,8001082,8001082,78,83,1257
2023-12-22,8001082,8001085,23,23,914
2023-12-22,8001082,8001091,40,42,1191
2023-12-22,8001082,8004604,16,18,1913
2023-12-22,8001084,8000495,26,40,144
2023-12-22,8001084,8001081,25,41,84
2023-12-22,8001084,8001084,50,81,105
2023-12-22,8001085,8001082,23,24,930
2023-12-22,8001085,8001085,46,47,929
2023-12-22,8001085,8005153,23,23,968
2023-12-22,8001086,8001086,26,30,381
2023-12-22,8001086,8003966,12,15,252
2023-12-22,8001086,8004366,14,15,494
2023-12-22,8001088,8001081,30,40,71
2023-12-22,8001088,8001088,54,81,67
2023-12-22,8001091,8001082,38,41,1315
2023-12-22,8001091,8001091,78,83,1247
2023-12-22,8001091,8001215,16,18,1447
2023-12-22,8001091,8005152,23,23,1017
2023-12-22,8001113,8000677,15,21,967
2023-12-22,8001113,8001113,30,42,989
2023-12-22,8001113,8003697,18,21,984
2023-12-22,8001215,8001091,17,18,1868
2023-12-22,8001215,8001215,81,84,1316
2023-12-22,8001215,8003160,24,24,1316
2023-12-22,8001215,8003361,16,18,1482
2023-12-22,8001215,8005499,24,24,889
2023-12-22,8001264,8001264,76,99,273
2023-12-22,8001264,8003990,35,50,296
2023-12-22,8001264,8005575,39,49,255
2023-12-22,8001384,8001384,60,76,270
2023-12-22,8001384,8002768,30,38,253
2023-12-22,8001384,8005356,30,38,302
2023-12-22,8001416,8001416,44,51,301
2023-12-22,8001416,8002402,25,26,418
2023-12-22,8001416,8006280,17,25,179
2023-12-22,8001557,8001557,0,41,0
2023-12-22,8001557,8002720,0,20,0
2023-12-22,8001557,8004519,0,21,0
2023-12-22,8001566,8000899,56,60,549
2023-12-22,8001566,8001566,108,119,494
2023-12-22,8001566,8003367,52,59,424
2023-12-22,8001712,8000348,35,40,233
2023-12-22,8001712,8000406,21,40,86
2023-12-22,8001712,8001712,52,80,144
2023-12-22,8001736,8001736,92,113,355
2023-12-22,8001736,8002753,17,20,440
2023-12-22,8001736,8002768,47,57,397
2023-12-22,8001736,8003987,26,36,236
2023-12-22,8001839,8000318,19,21,1120
2023-12-22,8001839,8000677,34,41,1406
2023-12-22,8001839,8001839,67,84,1168
2023-12-22,8001839,8002206,0,1,0
2023-12-22,8001839,8002784,14,21,991
2023-12-22,8001886,8000348,35,43,1298
2023-12-22,8001886,8001886,69,84,888
2023-12-22,8001886,8003553,37,41,451
2023-12-22,8001887,8001888,0,34,0
2023-12-22,8001888,8001887,0,36,0
2023-12-22,8001888,8001888,0,70,0
2023-12-22,8001888,8001889,0,34,0
2023-12-22,8001889,8001888,0,36,0
2023-12-22,8001889,8001889,0,70,0
2023-12-22,8001889,8001893,0,34,0
2023-12-22,8001893,8001889,0,36,0
2023-12-22,8001893,8001893,0,69,0
2023-12-22,8001893,8003553,0,35,0
2023-12-22,8001917,8000510,14,19,25
2023-12-22,8001917,8001917,30,39,111
2023-12-22,8001917,8098349,16,20,195
2023-12-22,8002104,8000135,10,14,229
2023-12-22,8002104,8002104,25,29,388
2023-12-22,8002104,8003966,14,15,552
2023-12-22,8002206,8001839,1,2,120
2023-12-22,8002206,8002206,76,125,697
2023-12-22,8002206,8002806,0,1,0
2023-12-22,8002206,8003697,38,61,473
2023-12-22,8002206,8005935,35,62,1006
2023-12-22,8002290,8000030,14,36,56
2023-12-22,8002290,8002290,50,71,69
2023-12-22,8002290,8004746,23,35,74
2023-12-22,8002389,8000178,79,102,305
2023-12-22,8002389,8002389,140,203,230
2023-12-22,8002389,8003383,55,101,170
2023-12-22,8002402,8000100,24,26,378
2023-12-22,8002402,8001416,20,25,196
2023-12-22,8002402,8002402,45,52,301
2023-12-22,8002402,8006280,0,1,0
2023-12-22,8002718,8002718,0,41,0
2023-12-22,8002718,8002719,0,21,0
2023-12-22,8002718,8003697,0,20,0
2023-12-22,8002719,8002718,0,20,0
2023-12-22,8002719,8002719,0,41,0
2023-12-22,8002719,8002720,0,21,0
2023-12-22,8002720,8001557,0,21,0
2023-12-22,8002720,8002719,0,20,0
2023-12-22,8002720,8002720,0,41,0
2023-12-22,8002721,8002725,0,20,0
2023-12-22,8002725,8002721,0,21,0
2023-12-22,8002725,8002725,0,41,0
2023-12-22,8002725,8004519,0,20,0
2023-12-22,8002753,8000135,91,141,213
2023-12-22,8002753,8001736,18,21,536
2023-12-22,8002753,8002753,128,153,343
2023-12-22,8002753,8002775,45,56,394
2023-12-22,8002768,8001384,28,38,291
2023-12-22,8002768,8001736,47,56,326
2023-12-22,8002768,8002768,94,113,362
2023-12-22,8002768,8005356,19,19,586
2023-12-22,8002775,8001006,35,41,407
2023-12-22,8002775,8002753,46,56,204
2023-12-22,8002775,8002775,83,112,299
2023-12-22,8002775,8003987,12,15,396
2023-12-22,8002804,8002804,34,73,104
2023-12-22,8002804,8002806,13,36,72
2023-12-22,8002804,8002816,32,37,173
2023-12-22,8002806,8000404,41,52,870
2023-12-22,8002806,8002206,1,2,150
2023-12-22,8002806,8002804,33,37,169
2023-12-22,8002806,8002806,172,262,378
2023-12-22,8002806,8003395,41,77,321
2023-12-22,8002806,8005935,37,62,251
2023-12-22,8002806,8400043,19,29,246
2023-12-22,8002806,8400548,2,2,390
2023-12-22,8002816,8000507,32,37,182
2023-12-22,8002816,8002804,3,36,42
2023-12-22,8002816,8002816,37,73,109
2023-12-22,8002932,8002932,69,79,243
2023-12-22,8002932,8002988,35,37,397
2023-12-22,8002932,8004739,1,3,40
2023-12-22,8002932,8005134,33,39,145
2023-12-22,8002988,8002932,31,39,145
2023-12-22,8002988,8002988,61,76,257
2023-12-22,8002988,8004739,23,37,345
2023-12-22,8003158,8003927,7,20,86
2023-12-22,8003158,8005339,14,23,209
2023-12-22,8003160,8001215,24,24,870
2023-12-22,8003160,8003160,91,99,685
2023-12-22,8003160,8003252,25,26,421
2023-12-22,8003160,8003361,42,48,842
2023-12-22,8003252,8003160,10,25,157
2023-12-22,8003252,8003252,34,53,276
2023-12-22,8003252,8003361,0,1,0
2023-12-22,8003252,8003671,25,27,396
2023-12-22,8003310,8000209,56,59,754
2023-12-22,8003310,8000832,45,59,549
2023-12-22,8003310,8003310,96,118,623
2023-12-22,8003320,8003320,237,323,247
2023-12-22,8003320,8003358,101,105,345
2023-12-22,8003320,8003370,44,57,291
2023-12-22,8003320,8003392,125,161,239
2023-12-22,8003330,8000010,0,1,0
2023-12-22,8003330,8000135,19,20,444
2023-12-22,8003330,8000209,17,17,425
2023-12-22,8003330,8000667,2,3,270
2023-12-22,8003330,8003330,153,177,339
2023-12-22,8003330,8003358,52,65,202
2023-12-22,8003330,8003363,7,7,1166
2023-12-22,8003330,8004873,60,65,378
2023-12-22,8003330,8004898,19,20,464
2023-12-22,8003330,8006713,2,5,72
2023-12-22,8003358,8003320,77,104,205
2023-12-22,8003358,8003330,62,65,387
2023-12-22,8003358,8003358,185,209,290
2023-12-22,8003358,8005143,36,40,338
2023-12-22,8003360,8003360,180,208,442
2023-12-22,8003360,8003371,98,103,636
2023-12-22,8003360,8003372,82,105,288
2023-12-22,8003361,8000100,1,1,240
2023-12-22,8003361,8000209,17,17,2407
2023-12-22,8003361,8001215,17,18,1827
2023-12-22,8003361,8003160,48,49,614
2023-12-22,8003361,8003252,1,1,120
2023-12-22,8003361,8003352,1,1,120
2023-12-22,8003361,8003361,163,174,842
2023-12-22,8003361,8003363,63,67,763
2023-12-22,8003361,8003671,16,17,399
2023-12-22,8003362,8003362,167,208,436
2023-12-22,8003362,8003365,97,103,624
2023-12-22,8003362,8003371,70,105,259
2023-12-22,8003363,8003330,7,7,1984
2023-12-22,8003363,8003361,65,66,540
2023-12-22,8003363,8003363,129,133,669
2023-12-22,8003364,8000209,103,119,540
2023-12-22,8003364,8003364,198,237,515
2023-12-22,8003364,8003392,107,116,606
2023-12-22,8003365,8003362,70,105,274
2023-12-22,8003365,8003365,179,208,451
2023-12-22,8003365,8003366,98,103,624
2023-12-22,8003366,8003365,81,105,290
2023-12-22,8003366,8003366,176,208,452
2023-12-22,8003366,8079140,98,103,623
2023-12-22,8003367,8001566,53,60,498
2023-12-22,8003367,8003367,106,119,446
2023-12-22,8003367,8003369,49,59,398
2023-12-22,8003369,8000209,51,59,414
2023-12-22,8003369,8003367,52,60,494
2023-12-22,8003369,8003369,105,119,459
2023-12-22,8003371,8003360,82,105,258
2023-12-22,8003371,8003362,95,103,598
2023-12-22,8003371,8003371,180,208,444
2023-12-22,8003372,8003360,99,103,626
2023-12-22,8003372,8003372,176,208,458
2023-12-22,8003372,8003392,86,116,309
2023-12-22,8003373,8001507,46,58,385
2023-12-22,8003373,8003373,95,116,395
2023-12-22,8003373,8079140,58,105,264
2023-12-22,8003375,8003375,147,203,234
2023-12-22,8003375,8003392,72,103,244
2023-12-22,8003375,8003732,80,102,280
2023-12-22,8003379,8003370,42,57,167
2023-12-22,8003379,8003379,90,114,238
2023-12-22,8003379,8004869,44,57,318
2023-12-22,8003383,8002389,85,102,287
2023-12-22,8003383,8003383,156,203,241
2023-12-22,8003383,8003732,71,101,179
2023-12-22,8003386,8003386,48,79,257
2023-12-22,8003386,8004366,25,41,261
2023-12-22,8003386,8005074,27,38,273
2023-12-22,8003392,8003320,126,162,279
2023-12-22,8003392,8003364,103,115,399
2023-12-22,8003392,8003372,109,118,668
2023-12-22,8003392,8003375,76,104,270
2023-12-22,8003392,8003392,364,475,374
2023-12-22,8003395,8000404,39,77,311
2023-12-22,8003395,8002806,45,80,128
2023-12-22,8003395,8003395,86,157,220
2023-12-22,8003462,8000100,35,40,170
2023-12-22,8003462,8003462,73,81,138
2023-12-22,8003462,8004616,39,41,100
2023-12-22,8003553,8000084,33,60,296
2023-12-22,8003553,8001886,34,43,1284
2023-12-22,8003553,8001893,0,35,0
2023-12-22,8003553,8003553,69,122,607
2023-12-22,8003616,8000853,30,39,426
2023-12-22,8003616,8002490,28,36,781
2023-12-22,8003616,8003616,58,78,568
2023-12-22,8003668,8003668,97,118,637
2023-12-22,8003668,8003672,42,59,535
2023-12-22,8003668,8006713,54,59,746
2023-12-22,8003669,8000209,18,22,432
2023-12-22,8003669,8000853,29,40,721
2023-12-22,8003669,8003669,33,45,756
2023-12-22,8003671,8003252,10,26,157
2023-12-22,8003671,8003361,17,18,265
2023-12-22,8003671,8003671,65,88,280
2023-12-22,8003671,8006280,40,44,370
2023-12-22,8003672,8003540,38,59,512
2023-12-22,8003672,8003668,52,59,731
2023-12-22,8003672,8003672,94,118,633
2023-12-22,8003697,8000677,17,19,625
2023-12-22,8003697,8001113,11,21,947
2023-12-22,8003697,8002206,36,61,1003
2023-12-22,8003697,8002718,0,21,0
2023-12-22,8003697,8003697,68,122,737
2023-12-22,8003732,8003375,75,101,207
2023-12-22,8003732,8003383,85,102,308
2023-12-22,8003732,8003732,160,203,241
2023-12-22,8003927,8000100,9,20,130
2023-12-22,8003927,8003158,18,19,311
2023-12-22,8003927,8003927,51,84,259
2023-12-22,8003927,8005298,15,23,176
2023-12-22,8003927,8005339,19,22,488
2023-12-22,8003931,8003931,59,81,124
2023-12-22,8003931,8003937,34,41,88
2023-12-22,8003931,8005057,22,40,135
2023-12-22,8003937,8003931,25,40,144
2023-12-22,8003937,8003937,58,81,114
2023-12-22,8003937,8006516,35,41,105
2023-12-22,8003966,8000135,1,1,510
2023-12-22,8003966,8001086,14,15,514
2023-12-22,8003966,8002104,10,14,206
2023-12-22,8003966,8003966,23,30,383
2023-12-22,8003990,8000084,41,50,334
2023-12-22,8003990,8001264,41,49,247
2023-12-22,8003990,8003990,82,99,282
2023-12-22,8004366,8001086,12,15,280
2023-12-22,8004366,8003386,22,38,246
2023-12-22,8004366,8004366,26,30,391
2023-12-22,8004519,8001557,0,20,0
2023-12-22,8004519,8002725,0,21,0
2023-12-22,8004519,8004519,0,41,0
2023-12-22,8004616,8003462,37,40,197
2023-12-22,8004616,8004616,67,81,127
2023-12-22,8004616,8005058,25,41,85
2023-12-22,8004739,8002988,25,39,145
2023-12-22,8004746,8002290,26,36,90
2023-12-22,8004746,8004746,53,71,80
2023-12-22,8004746,8006659,14,35,50
2023-12-22,8004869,8000135,34,40,432
2023-12-22,8004869,8000178,17,17,732
2023-12-22,8004869,8003379,46,57,167
2023-12-22,8004869,8004869,160,193,363
2023-12-22,8004869,8004873,43,57,329
2023-12-22,8004869,8004898,19,19,638
2023-12-22,8004873,8003330,55,65,200
2023-12-22,8004873,8004869,46,57,204
2023-12-22,8004873,8004873,203,244,268
2023-12-22,8004873,8005629,102,122,365
2023-12-22,8004898,8003330,18,20,292
2023-12-22,8004898,8004869,18,19,366
2023-12-22,8004898,8004898,65,83,413
2023-12-22,8004898,8005746,40,42,634
2023-12-22,8004907,8000178,7,35,45
2023-12-22,8004907,8000355,14,36,62
2023-12-22,8004907,8004907,22,71,54
2023-12-22,8005057,8003931,38,41,110
2023-12-22,8005057,8005057,57,81,114
2023-12-22,8005057,8005058,23,40,142
2023-12-22,8005058,8004616,36,40,162
2023-12-22,8005058,8005057,31,41,86
2023-12-22,8005058,8005058,67,81,131
2023-12-22,8005074,8000713,23,38,276
2023-12-22,8005074,8003386,27,41,263
2023-12-22,8005074,8005074,54,79,270
2023-12-22,8005134,8002932,32,40,290
2023-12-22,8005134,8005134,54,79,227
2023-12-22,8005134,8005143,25,39,198
2023-12-22,8005143,8003358,37,39,224
2023-12-22,8005143,8005134,33,40,332
2023-12-22,8005143,8005143,68,79,278
2023-12-22,8005152,8001091,23,23,893
2023-12-22,8005152,8005152,48,48,1008
2023-12-22,8005152,8005499,24,24,1109
2023-12-22,8005164,8000012,24,38,283
2023-12-22,8005164,8005164,60,76,268
2023-12-22,8005164,8005356,31,38,236
2023-12-22,8005298,8000100,12,23,197
2023-12-22,8005298,8003927,19,22,464
2023-12-22,8005298,8005298,35,45,347
2023-12-22,8005339,8003158,19,22,494
2023-12-22,8005339,8003927,13,23,198
2023-12-22,8005339,8005339,32,45,355
2023-12-22,8005356,8000012,19,19,624
2023-12-22,8005356,8001384,30,38,241
2023-12-22,8005356,8002768,17,18,468
2023-12-22,8005356,8005164,29,38,339
2023-12-22,8005356,8005356,96,113,361
2023-12-22,8005499,8001215,24,24,1191
2023-12-22,8005499,8005152,24,24,916
2023-12-22,8005499,8005499,47,48,1016
2023-12-22,8005575,8000178,48,62,224
2023-12-22,8005575,8001264,40,50,314
2023-12-22,8005575,8005575,79,99,285
2023-12-22,8005629,8000135,100,122,368
2023-12-22,8005629,8004873,80,122,153
2023-12-22,8005629,8005629,190,244,260
2023-12-22,8005743,8005745,0,36,0
2023-12-22,8005744,8005744,19,72,57
2023-12-22,8005744,8005745,20,36,124
2023-12-22,8005744,8098348,28,36,62
2023-12-22,8005745,8005743,20,36,124
2023-12-22,8005745,8005744,0,36,0
2023-12-22,8005745,8005745,20,72,62
2023-12-22,8005746,8004898,23,41,190
2023-12-22,8005746,8005159,39,42,625
2023-12-22,8005746,8005746,71,83,420
2023-12-22,8005935,8002206,40,62,314
2023-12-22,8005935,8002806,38,62,1013
2023-12-22,8005935,8005935,74,124,639
2023-12-22,8006280,8000100,16,18,300
2023-12-22,8006280,8001416,24,26,393
2023-12-22,8006280,8003671,23,43,153
2023-12-22,8006280,8006280,63,87,261
2023-12-22,8006516,8000495,27,41,96
2023-12-22,8006516,8003937,15,40,130
2023-12-22,8006516,8006516,45,81,110
2023-12-22,8006659,8000355,18,35,45
2023-12-22,8006659,8004746,30,36,89
2023-12-22,8006659,8006659,36,71,63
2023-12-22,8006713,8000209,50,58,1211
2023-12-22,8006713,8000832,55,59,724
2023-12-22,8006713,8001584,36,38,1739
2023-12-22,8006713,8003330,3,4,908
2023-12-22,8006713,8003668,43,59,533
2023-12-22,8006713,8006226,3,4,248
2023-12-22,8006713,8006713,188,223,958
2023-12-22,8070704,8000404,64,99,183
2023-12-22,8070704,8000406,31,37,171
2023-12-22,8070704,8070704,113,182,329
2023-12-22,8079140,8003366,75,105,283
2023-12-22,8079140,8003373,93,103,589
2023-12-22,8079140,8079140,164,208,446
2023-12-22,8098348,8005744,18,36,85
2023-12-22,8098348,8098348,43,72,74
2023-12-22,8098348,8099506,33,36,98
2023-12-22,8098349,8001917,1,19,3
2023-12-22,8099506,8000348,16,36,15
2023-12-22,8099506,8098348,16,36,75
2023-12-22,8099506,8099506,59,72,114
2023-12-23,8000012,8000012,29,37,384
2023-12-23,8000012,8001928,3,5,348
2023-12-23,8000012,8005164,13,35,43
2023-12-23,8000012,8005356,14,18,268
2023-12-23,8000012,8006501,12,15,518
2023-12-23,8000030,8002290,4,20,12
2023-12-23,8000084,8000084,58,76,684
2023-12-23,8000084,8000178,25,35,367
2023-12-23,8000084,8003553,32,56,698
2023-12-23,8000084,8003990,19,40,78
2023-12-23,8000100,8000100,36,73,71
2023-12-23,8000100,8002402,4,20,18
2023-12-23,8000100,8003361,2,3,10
2023-12-23,8000100,8003462,9,39,12
2023-12-23,8000100,8003927,18,20,128
2023-12-23,8000100,8005298,16,19,159
2023-12-23,8000100,8006280,10,18,17
2023-12-23,8000135,8000135,159,238,193
2023-12-23,8000135,8002753,99,119,265
2023-12-23,8000135,8003330,11,22,49
2023-12-23,8000135,8004869,30,37,366
2023-12-23,8000135,8005629,70,114,84
2023-12-23,8000178,8000084,29,37,1039
2023-12-23,8000178,8000178,143,191,351
2023-12-23,8000178,8000209,2,2,135
2023-12-23,8000178,8001506,14,18,528
2023-12-23,8000178,8002389,30,61,75
2023-12-23,8000178,8004869,12,14,238
2023-12-23,8000178,8004907,11,20,39
2023-12-23,8000178,8005575,49,58,212
2023-12-23,8000209,8000178,16,21,1414
2023-12-23,8000209,8000209,233,340,740
2023-12-23,8000209,8003310,28,56,226
2023-12-23,8000209,8003361,14,17,1027
2023-12-23,8000209,8003364,65,113,567
2023-12-23,8000209,8003369,34,57,309
2023-12-23,8000209,8003669,20,25,2504
2023-12-23,8000209,8006713,22,23,1340
2023-12-23,8000348,8000348,75,111,511
2023-12-23,8000348,8000406,29,38,1049
2023-12-23,8000348,8001712,8,36,28
2023-12-23,8000348,8001886,34,37,431
2023-12-23,8000348,8099506,22,32,62
2023-12-23,8000355,8000355,18,40,22
2023-12-23,8000355,8004907,1,20,3
2023-12-23,8000355,8006659,8,20,27
2023-12-23,8000404,8000404,151,247,244
2023-12-23,8000404,8002806,39,50,340
2023-12-23,8000404,8003395,31,74,84
2023-12-23,8000404,8070704,42,80,162
2023-12-23,8000406,8000348,33,37,398
2023-12-23,8000406,8000406,97,146,396
2023-12-23,8000406,8001712,21,35,69
2023-12-23,8000406,8070704,12,34,34
2023-12-23,8000495,8000495,38,78,-2
2023-12-23,8000495,8001084,20,39,45
2023-12-23,8000495,8006516,17,39,-61
2023-12-23,8000502,8000502,14,35,41
2023-12-23,8000502,8000507,3,33,4
2023-12-23,8000502,8000521,12,19,81
2023-12-23,8000507,8000502,22,34,73
2023-12-23,8000507,8000507,25,67,37
2023-12-23,8000507,8002816,2,33,1
2023-12-23,8000510,8000510,12,37,30
2023-12-23,8000510,8000527,1,18,3
2023-12-23,8000510,8001917,6,19,43
2023-12-23,8000521,8000502,0,18,0
2023-12-23,8000521,8000521,13,37,42
2023-12-23,8000521,8000527,13,19,90
2023-12-23,8000527,8000510,14,19,81
2023-12-23,8000527,8000521,1,18,2
2023-12-23,8000527,8000527,16,37,53
2023-12-23,8000677,8000677,56,78,579
2023-12-23,8000677,8001113,12,20,339
2023-12-23,8000677,8001839,25,39,375
2023-12-23,8000677,8003697,19,19,1323
2023-12-23,8000713,8000713,30,83,216
2023-12-23,8000713,8005074,21,42,413
2023-12-23,8000713,8005970,13,41,18
2023-12-23,8000832,8000832,74,112,519
2023-12-23,8000832,8003310,41,56,801
2023-12-23,8000832,8006713,29,56,246
2023-12-23,8000853,8000853,95,120,1103
2023-12-23,8000853,8001506,15,18,787
2023-12-23,8000853,8003616,32,42,1622
2023-12-23,8000853,8003669,33,42,562
2023-12-23,8000853,8006719,16,18,1697
2023-12-23,8000899,8001566,26,57,319
2023-12-23,8001081,8001081,32,78,22
2023-12-23,8001081,8001084,11,39,12
2023-12-23,8001081,8001088,12,39,19
2023-12-23,8001082,8001082,69,78,771
2023-12-23,8001082,8001085,22,22,927
2023-12-23,8001082,8001091,34,39,562
2023-12-23,8001082,8004604,13,17,1163
2023-12-23,8001084,8000495,21,39,-58
2023-12-23,8001084,8001081,18,39,41
2023-12-23,8001084,8001084,36,78,11
2023-12-23,8001085,8001082,19,22,644
2023-12-23,8001085,8001085,40,44,788
2023-12-23,8001085,8005153,22,22,949
2023-12-23,8001088,8001081,26,39,35
2023-12-23,8001088,8001088,42,78,7
2023-12-23,8001091,8001082,31,39,977
2023-12-23,8001091,8001091,63,78,772
2023-12-23,8001091,8001215,12,17,286
2023-12-23,8001091,8005152,20,22,775
2023-12-23,8001113,8000677,9,20,96
2023-12-23,8001113,8001113,20,40,215
2023-12-23,8001113,8003697,12,20,290
2023-12-23,8001215,8001091,15,17,1142
2023-12-23,8001215,8001215,71,82,776
2023-12-23,8001215,8003160,23,24,864
2023-12-23,8001215,8003361,11,17,274
2023-12-23,8001215,8005499,24,24,791
2023-12-23,8001264,8001264,60,80,139
2023-12-23,8001264,8003990,24,40,166
2023-12-23,8001264,8005575,28,40,104
2023-12-23,8001384,8001384,49,70,135
2023-12-23,8001384,8002768,24,35,92
2023-12-23,8001384,8005356,24,35,188
2023-12-23,8001416,8001416,22,41,113
2023-12-23,8001416,8002402,17,21,211
2023-12-23,8001416,8006280,5,20,15
2023-12-23,8001557,8001557,1,40,1
2023-12-23,8001557,8002720,1,20,2
2023-12-23,8001557,8004519,0,20,0
2023-12-23,8001566,8000899,39,57,361
2023-12-23,8001566,8001566,69,114,338
2023-12-23,8001566,8003367,31,57,332
2023-12-23,8001712,8000348,31,35,105
2023-12-23,8001712,8000406,10,36,26
2023-12-23,8001712,8001712,32,71,51
2023-12-23,8001736,8001736,76,107,219
2023-12-23,8001736,8002753,14,18,287
2023-12-23,8001736,8002768,41,54,292
2023-12-23,8001736,8003987,20,35,63
2023-12-23,8001839,8000318,21,21,731
2023-12-23,8001839,8000677,32,39,812
2023-12-23,8001839,8001839,63,80,591
2023-12-23,8001839,8002784,9,20,87
2023-12-23,8001886,8000348,30,39,1039
2023-12-23,8001886,8001886,60,76,731
2023-12-23,8001886,8003553,30,37,429
2023-12-23,8001887,8001888,0,32,0
2023-12-23,8001888,8001887,0,32,0
2023-12-23,8001888,8001888,0,64,0
2023-12-23,8001888,8001889,0,32,0
2023-12-23,8001889,8001888,0,32,0
2023-12-23,8001889,8001889,0,64,0
2023-12-23,8001889,8001893,0,32,0
2023-12-23,8001893,8001889,0,32,0
2023-12-23,8001893,8001893,0,54,0
2023-12-23,8001893,8003553,0,27,0
2023-12-23,8001917,8000510,15,18,28
2023-12-23,8001917,8001917,21,37,38
2023-12-23,8001917,8098349,6,19,44
2023-12-23,8002206,8001839,2,2,465
2023-12-23,8002206,8002206,70,120,372
2023-12-23,8002206,8003697,35,59,225
2023-12-23,8002206,8005935,28,59,512
2023-12-23,8002290,8000030,9,20,22
2023-12-23,8002290,8002290,23,40,28
2023-12-23,8002290,8004746,11,20,39
2023-12-23,8002389,8000178,47,60,196
2023-12-23,8002389,8002389,77,121,129
2023-12-23,8002389,8003383,27,61,71
2023-12-23,8002402,8000100,14,21,167
2023-12-23,8002402,8001416,6,20,22
2023-12-23,8002402,8002402,20,41,114
2023-12-23,8002718,8002718,0,40,0
2023-12-23,8002718,8002719,0,20,0
2023-12-23,8002718,8003697,0,20,0
2023-12-23,8002719,8002718,0,20,0
2023-12-23,8002719,8002719,0,40,0
2023-12-23,8002719,8002720,0,20,0
2023-12-23,8002720,8001557,0,20,0
2023-12-23,8002720,8002719,1,20,2
2023-12-23,8002720,8002720,1,40,1
2023-12-23,8002721,8002725,0,20,0
2023-12-23,8002725,8002721,0,20,0
2023-12-23,8002725,8002725,0,40,0
2023-12-23,8002725,8004519,0,20,0
2023-12-23,8002753,8000135,66,119,122
2023-12-23,8002753,8001736,17,19,458
2023-12-23,8002753,8002753,94,123,202
2023-12-23,8002753,8002775,32,43,223
2023-12-23,8002768,8001384,24,35,192
2023-12-23,8002768,8001736,39,53,153
2023-12-23,8002768,8002768,79,107,222
2023-12-23,8002768,8005356,15,19,448
2023-12-23,8002775,8001006,22,31,213
2023-12-23,8002775,8002753,32,43,54
2023-12-23,8002775,8002775,49,86,130
2023-12-23,8002775,8003987,9,12,232
2023-12-23,8002804,8002804,21,67,27
2023-12-23,8002804,8002806,5,33,9
2023-12-23,8002804,8002816,17,34,47
2023-12-23,8002806,8000404,43,50,610
2023-12-23,8002806,8002206,2,2,510
2023-12-23,8002806,8002804,18,34,45
2023-12-23,8002806,8002806,149,249,256
2023-12-23,8002806,8003395,30,73,92
2023-12-23,8002806,8005935,30,59,212
2023-12-23,8002806,8400043,29,31,371
2023-12-23,8002816,8000507,17,34,51
2023-12-23,8002816,8002804,5,33,15
2023-12-23,8002816,8002816,23,67,29
2023-12-23,8002932,8002932,58,71,129
2023-12-23,8002932,8002988,34,36,221
2023-12-23,8002932,8005134,24,35,57
2023-12-23,8002988,8002932,23,35,45
2023-12-23,8002988,8002988,47,71,124
2023-12-23,8002988,8004739,17,36,178
2023-12-23,8003158,8003927,2,19,-2
2023-12-23,8003158,8005339,4,21,9
2023-12-23,8003160,8001215,24,24,762
2023-12-23,8003160,8003160,74,89,477
2023-12-23,8003160,8003252,16,21,194
2023-12-23,8003160,8003361,35,44,517
2023-12-23,8003252,8003160,5,20,18
2023-12-23,8003252,8003252,21,41,104
2023-12-23,8003252,8003671,17,21,201
2023-12-23,8003310,8000209,47,56,828
2023-12-23,8003310,8000832,33,56,254
2023-12-23,8003310,8003310,73,112,515
2023-12-23,8003320,8003320,216,298,147
2023-12-23,8003320,8003358,87,97,227
2023-12-23,8003320,8003370,40,52,192
2023-12-23,8003320,8003392,112,149,141
2023-12-23,8003330,8000010,1,1,240
2023-12-23,8003330,8000135,21,22,450
2023-12-23,8003330,8000209,1,1,270
2023-12-23,8003330,8000667,2,2,2310
2023-12-23,8003330,8003330,137,172,235
2023-12-23,8003330,8003358,44,61,119
2023-12-23,8003330,8003363,7,8,521
2023-12-23,8003330,8004873,51,61,235
2023-12-23,8003330,8004898,19,20,261
2023-12-23,8003330,8006713,9,21,139
2023-12-23,8003358,8003320,60,96,112
2023-12-23,8003358,8003330,53,61,240
2023-12-23,8003358,8003358,152,193,182
2023-12-23,8003358,8005143,31,36,232
2023-12-23,8003360,8003360,77,112,344
2023-12-23,8003360,8003371,38,55,512
2023-12-23,8003360,8003372,39,57,197
2023-12-23,8003361,8000100,3,3,230
2023-12-23,8003361,8000209,15,16,878
2023-12-23,8003361,8001215,15,17,1129
2023-12-23,8003361,8003160,40,45,472
2023-12-23,8003361,8003352,0,1,-150
2023-12-23,8003361,8003361,134,167,453
2023-12-23,8003361,8003363,54,62,433
2023-12-23,8003361,8003671,16,18,198
2023-12-23,8003362,8003362,57,112,336
2023-12-23,8003362,8003365,38,55,514
2023-12-23,8003362,8003371,18,57,177
2023-12-23,8003363,8003330,8,8,889
2023-12-23,8003363,8003361,55,63,374
2023-12-23,8003363,8003363,113,125,432
2023-12-23,8003364,8000209,73,113,290
2023-12-23,8003364,8003364,148,226,420
2023-12-23,8003364,8003392,81,112,608
2023-12-23,8003365,8003362,19,57,178
2023-12-23,8003365,8003365,68,112,347
2023-12-23,8003365,8003366,38,55,514
2023-12-23,8003366,8003365,30,57,194
2023-12-23,8003366,8003366,67,112,350
2023-12-23,8003366,8079140,37,55,512
2023-12-23,8003367,8001566,26,57,321
2023-12-23,8003367,8003367,59,114,326
2023-12-23,8003367,8003369,27,57,354
2023-12-23,8003369,8000209,32,57,363
2023-12-23,8003369,8003367,27,57,298
2023-12-23,8003369,8003369,66,114,335
2023-12-23,8003371,8003360,40,57,194
2023-12-23,8003371,8003362,37,55,491
2023-12-23,8003371,8003371,78,112,348
2023-12-23,8003372,8003360,38,55,501
2023-12-23,8003372,8003372,62,112,337
2023-12-23,8003372,8003392,53,113,181
2023-12-23,8003373,8001506,0,10,0
2023-12-23,8003373,8001507,30,45,464
2023-12-23,8003373,8003373,54,111,313
2023-12-23,8003373,8079140,12,57,176
2023-12-23,8003375,8003375,90,121,137
2023-12-23,8003375,8003392,40,62,115
2023-12-23,8003375,8003732,48,60,190
2023-12-23,8003379,8003370,39,53,109
2023-12-23,8003379,8003379,85,105,159
2023-12-23,8003379,8004869,42,52,209
2023-12-23,8003383,8002389,51,60,188
2023-12-23,8003383,8003383,94,121,141
2023-12-23,8003383,8003732,43,61,82
2023-12-23,8003386,8003386,32,83,220
2023-12-23,8003386,8004366,28,42,439
2023-12-23,8003386,8005074,7,41,10
2023-12-23,8003392,8003320,115,149,179
2023-12-23,8003392,8003364,83,113,238
2023-12-23,8003392,8003372,82,112,668
2023-12-23,8003392,8003375,43,61,173
2023-12-23,8003392,8003392,289,449,296
2023-12-23,8003395,8000404,29,73,85
2023-12-23,8003395,8002806,28,74,81
2023-12-23,8003395,8003395,57,147,86
2023-12-23,8003414,8003414,21,32,48
2023-12-23,8003414,8003937,11,16,49
2023-12-23,8003414,8006516,7,16,41
2023-12-23,8003462,8000100,31,39,68
2023-12-23,8003462,8003462,64,78,59
2023-12-23,8003462,8004616,33,39,40
2023-12-23,8003553,8000084,30,54,271
2023-12-23,8003553,8001886,29,39,1015
2023-12-23,8003553,8001893,0,27,0
2023-12-23,8003553,8003553,58,110,503
2023-12-23,8003616,8000853,27,42,541
2023-12-23,8003616,8002490,29,36,1828
2023-12-23,8003616,8003616,59,84,1066
2023-12-23,8003668,8003668,77,112,530
2023-12-23,8003668,8003672,32,56,255
2023-12-23,8003668,8006713,44,56,804
2023-12-23,8003669,8000209,18,25,636
2023-12-23,8003669,8000853,32,42,1590
2023-12-23,8003669,8003669,39,50,1583
2023-12-23,8003671,8003252,5,20,14
2023-12-23,8003671,8003361,14,18,47
2023-12-23,8003671,8003671,44,77,101
2023-12-23,8003671,8006280,24,39,168
2023-12-23,8003672,8003540,28,56,244
2023-12-23,8003672,8003668,43,56,798
2023-12-23,8003672,8003672,76,112,530
2023-12-23,8003697,8000677,15,19,553
2023-12-23,8003697,8001113,7,20,86
2023-12-23,8003697,8002206,33,59,511
2023-12-23,8003697,8002718,0,20,0
2023-12-23,8003697,8003697,62,118,363
2023-12-23,8003732,8003375,47,61,108
2023-12-23,8003732,8003383,51,60,204
2023-12-23,8003732,8003732,98,121,144
2023-12-23,8003927,8000100,3,19,2
2023-12-23,8003927,8003158,18,20,122
2023-12-23,8003927,8003927,34,79,66
2023-12-23,8003927,8005298,11,21,56
2023-12-23,8003927,8005339,13,19,139
2023-12-23,8003931,8003931,47,78,14
2023-12-23,8003931,8003937,31,39,68
2023-12-23,8003931,8005057,13,39,-66
2023-12-23,8003937,8003414,13,16,71
2023-12-23,8003937,8003931,16,39,-61
2023-12-23,8003937,8003937,39,78,-5
2023-12-23,8003937,8006516,10,23,50
2023-12-23,8003990,8000084,31,40,185
2023-12-23,8003990,8001264,31,40,112
2023-12-23,8003990,8003990,62,80,139
2023-12-23,8004366,8003386,5,41,7
2023-12-23,8004519,8001557,0,20,0
2023-12-23,8004519,8002725,0,20,0
2023-12-23,8004519,8004519,0,40,0
2023-12-23,8004616,8003462,37,39,92
2023-12-23,8004616,8004616,61,78,55
2023-12-23,8004616,8005058,22,39,62
2023-12-23,8004739,8002988,20,35,45
2023-12-23,8004746,8002290,10,20,32
2023-12-23,8004746,8004746,22,40,32
2023-12-23,8004746,8006659,7,20,16
2023-12-23,8004869,8000135,34,38,368
2023-12-23,8004869,8000178,14,15,486
2023-12-23,8004869,8003379,42,53,108
2023-12-23,8004869,8004869,153,180,255
2023-12-23,8004869,8004873,42,52,216
2023-12-23,8004869,8004898,17,19,330
2023-12-23,8004873,8003330,47,61,121
2023-12-23,8004873,8004869,46,53,143
2023-12-23,8004873,8004873,182,227,169
2023-12-23,8004873,8005629,94,113,241
2023-12-23,8004898,8003330,21,21,267
2023-12-23,8004898,8004869,18,18,293
2023-12-23,8004898,8004898,60,80,252
2023-12-23,8004898,8005746,36,40,368
2023-12-23,8004907,8000178,2,20,3
2023-12-23,8004907,8000355,12,20,44
2023-12-23,8004907,8004907,14,40,23
2023-12-23,8005057,8003931,34,39,98
2023-12-23,8005057,8005057,48,78,8
2023-12-23,8005057,8005058,20,39,-8
2023-12-23,8005058,8004616,35,39,58
2023-12-23,8005058,8005057,31,39,72
2023-12-23,8005058,8005058,66,78,71
2023-12-23,8005074,8000713,4,41,6
2023-12-23,8005074,8003386,28,42,429
2023-12-23,8005074,8005074,32,83,217
2023-12-23,8005134,8002932,22,36,170
2023-12-23,8005134,8005134,41,71,123
2023-12-23,8005134,8005143,17,35,92
2023-12-23,8005143,8003358,28,35,128
2023-12-23,8005143,8005134,31,36,228
2023-12-23,8005143,8005143,59,71,176
2023-12-23,8005152,8001091,21,22,850
2023-12-23,8005152,8005152,45,48,808
2023-12-23,8005152,8005499,21,24,775
2023-12-23,8005164,8000012,18,35,132
2023-12-23,8005164,8005164,50,70,118
2023-12-23,8005164,8005356,27,35,87
2023-12-23,8005298,8000100,7,21,71
2023-12-23,8005298,8003927,14,19,141
2023-12-23,8005298,8005298,24,40,125
2023-12-23,8005339,8003158,11,19,112
2023-12-23,8005339,8003927,3,21,-1
2023-12-23,8005339,8005339,15,40,70
2023-12-23,8005356,8000012,16,19,485
2023-12-23,8005356,8001384,26,35,78
2023-12-23,8005356,8002768,13,18,267
2023-12-23,8005356,8005164,24,35,185
2023-12-23,8005356,8005356,79,107,214
2023-12-23,8005499,8001215,23,24,862
2023-12-23,8005499,8005152,24,24,826
2023-12-23,8005499,8005499,47,48,806
2023-12-23,8005575,8000178,36,58,82
2023-12-23,8005575,8001264,30,40,187
2023-12-23,8005575,8005575,58,80,147
2023-12-23,8005629,8000135,93,113,252
2023-12-23,8005629,8004873,61,114,83
2023-12-23,8005629,8005629,166,227,165
2023-12-23,8005743,8005745,0,32,0
2023-12-23,8005744,8005744,13,64,12
2023-12-23,8005744,8005745,13,32,33
2023-12-23,8005744,8098348,19,32,37
2023-12-23,8005745,8005743,12,32,33
2023-12-23,8005745,8005744,0,32,0
2023-12-23,8005745,8005745,13,64,16
2023-12-23,8005746,8004898,28,40,144
2023-12-23,8005746,8005159,33,40,345
2023-12-23,8005746,8005746,69,80,258
2023-12-23,8005935,8002206,34,59,225
2023-12-23,8005935,8002806,35,59,530
2023-12-23,8005935,8005935,63,118,364
2023-12-23,8006280,8000100,8,18,118
2023-12-23,8006280,8001416,15,21,191
2023-12-23,8006280,8003671,14,38,17
2023-12-23,8006280,8006280,36,77,92
2023-12-23,8006516,8000495,17,39,45
2023-12-23,8006516,8003414,6,16,30
2023-12-23,8006516,8003937,4,23,-147
2023-12-23,8006516,8006516,27,78,-16
2023-12-23,8006659,8000355,8,20,22
2023-12-23,8006659,8004746,11,20,30
2023-12-23,8006659,8006659,15,40,22
2023-12-23,8006713,8000209,30,41,1145
2023-12-23,8006713,8000832,44,56,797
2023-12-23,8006713,8001584,22,23,1625
2023-12-23,8006713,8003330,15,21,1153
2023-12-23,8006713,8003668,33,56,258
2023-12-23,8006713,8006226,13,19,707
2023-12-23,8006713,8006713,148,218,790
2023-12-23,8070704,8000404,56,93,155
2023-12-23,8070704,8000406,26,33,74
2023-12-23,8070704,8070704,99,173,161
2023-12-23,8079140,8003366,29,57,188
2023-12-23,8079140,8003373,35,55,469
2023-12-23,8079140,8079140,54,112,338
2023-12-23,8098348,8005744,5,32,7
2023-12-23,8098348,8098348,23,64,3
2023-12-23,8098348,8099506,19,32,53
2023-12-23,8098349,8001917,1,18,3
2023-12-23,8099506,8000348,6,32,-3
2023-12-23,8099506,8098348,2,32,-52
2023-12-23,8099506,8099506,40,64,34
2023-12-24,8000012,8000012,26,35,91
2023-12-24,8000012,8001928,3,5,120
2023-12-24,8000012,8005164,6,32,9
2023-12-24,8000012,8005356,11,17,51
2023-12-24,8000012,8006501,12,14,122
2023-12-24,8000030,8002290,5,19,13
2023-12-24,8000084,8000084,41,74,163
2023-12-24,8000084,8000178,24,34,75
2023-12-24,8000084,8003553,22,54,182
2023-12-24,8000084,8003990,12,34,109
2023-12-24,8000100,8000100,30,70,68
2023-12-24,8000100,8002402,6,19,49
2023-12-24,8000100,8003361,1,3,-20
2023-12-24,8000100,8003462,8,37,14
2023-12-24,8000100,8003927,16,18,192
2023-12-24,8000100,8005298,17,19,60
2023-12-24,8000100,8006280,10,16,34
2023-12-24,8000135,8000135,109,208,76
2023-12-24,8000135,8002104,1,1,60
2023-12-24,8000135,8002753,75,104,119
2023-12-24,8000135,8003330,11,21,37
2023-12-24,8000135,8004869,26,34,115
2023-12-24,8000135,8005629,39,86,25
2023-12-24,8000178,8000084,22,36,278
2023-12-24,8000178,8000178,116,164,142
2023-12-24,8000178,8000209,2,2,195
2023-12-24,8000178,8001506,18,18,207
2023-12-24,8000178,8002389,28,67,79
2023-12-24,8000178,8004869,8,13,48
2023-12-24,8000178,8004907,8,19,11
2023-12-24,8000178,8005575,37,46,106
2023-12-24,8000209,8000178,13,21,363
2023-12-24,8000209,8000209,196,280,251
2023-12-24,8000209,8003310,15,42,74
2023-12-24,8000209,8003361,13,15,600
2023-12-24,8000209,8003364,35,85,219
2023-12-24,8000209,8003369,30,43,128
2023-12-24,8000209,8003669,22,24,458
2023-12-24,8000209,8006713,22,22,540
2023-12-24,8000348,8000348,80,108,162
2023-12-24,8000348,8000406,25,37,267
2023-12-24,8000348,8001712,17,34,88
2023-12-24,8000348,8001886,33,36,117
2023-12-24,8000348,8099506,6,17,44
2023-12-24,8000355,8000355,9,38,10
2023-12-24,8000355,8004907,0,19,0
2023-12-24,8000355,8006659,5,19,14
2023-12-24,8000404,8000404,124,225,100
2023-12-24,8000404,8002806,27,43,73
2023-12-24,8000404,8003395,35,70,77
2023-12-24,8000404,8070704,30,75,84
2023-12-24,8000406,8000348,34,36,100
2023-12-24,8000406,8000406,92,140,143
2023-12-24,8000406,8001712,16,33,102
2023-12-24,8000406,8070704,19,32,105
2023-12-24,8000495,8000495,37,74,29
2023-12-24,8000495,8001084,14,37,17
2023-12-24,8000495,8006516,21,37,32
2023-12-24,8000502,8000502,10,33,82
2023-12-24,8000502,8000507,3,31,5
2023-12-24,8000502,8000521,12,18,190
2023-12-24,8000507,8000502,19,32,132
2023-12-24,8000507,8000507,22,63,68
2023-12-24,8000507,8002816,1,31,3
2023-12-24,8000510,8000510,14,35,90
2023-12-24,8000510,8000527,3,17,14
2023-12-24,8000510,8001917,8,18,150
2023-12-24,8000521,8000502,1,17,4
2023-12-24,8000521,8000521,13,35,97
2023-12-24,8000521,8000527,12,18,188
2023-12-24,8000527,8000510,11,18,183
2023-12-24,8000527,8000521,3,17,9
2023-12-24,8000527,8000527,16,35,108
2023-12-24,8000677,8000677,31,74,92
2023-12-24,8000677,8001113,8,19,16
2023-12-24,8000677,8001839,10,37,25
2023-12-24,8000677,8003697,13,18,325
2023-12-24,8000713,8000713,24,77,26
2023-12-24,8000713,8005074,9,37,28
2023-12-24,8000713,8005970,17,40,32
2023-12-24,8000832,8000832,49,84,193
2023-12-24,8000832,8003310,30,42,330
2023-12-24,8000832,8006713,17,42,79
2023-12-24,8000853,8000853,76,103,363
2023-12-24,8000853,8001506,15,17,402
2023-12-24,8000853,8003616,28,35,381
2023-12-24,8000853,8003669,24,34,218
2023-12-24,8000853,8006719,14,17,741
2023-12-24,8000899,8001566,12,43,35
2023-12-24,8001081,8001081,20,74,16
2023-12-24,8001081,8001084,10,37,20
2023-12-24,8001081,8001088,2,37,2
2023-12-24,8001082,8001082,52,75,262
2023-12-24,8001082,8001085,18,22,184
2023-12-24,8001082,8001091,24,37,220
2023-12-24,8001082,8004604,11,16,525
2023-12-24,8001084,8000495,23,37,44
2023-12-24,8001084,8001081,8,37,11
2023-12-24,8001084,8001084,28,74,25
2023-12-24,8001085,8001082,14,21,270
2023-12-24,8001085,8001085,33,43,230
2023-12-24,8001085,8005153,18,22,213
2023-12-24,8001086,8001086,1,1,60
2023-12-24,8001086,8004366,1,1,60
2023-12-24,8001088,8001081,24,37,45
2023-12-24,8001088,8001088,32,74,21
2023-12-24,8001091,8001082,24,38,299
2023-12-24,8001091,8001091,47,75,257
2023-12-24,8001091,8001215,6,16,52
2023-12-24,8001091,8005152,20,21,301
2023-12-24,8001113,8000677,6,19,13
2023-12-24,8001113,8001113,16,38,21
2023-12-24,8001113,8003697,10,19,0
2023-12-24,8001215,8001091,13,16,549
2023-12-24,8001215,8001215,59,80,270
2023-12-24,8001215,8003160,19,24,288
2023-12-24,8001215,8003361,4,16,26
2023-12-24,8001215,8005499,18,24,195
2023-12-24,8001264,8001264,48,68,97
2023-12-24,8001264,8003990,18,34,54
2023-12-24,8001264,8005575,23,34,135
2023-12-24,8001384,8001384,35,64,73
2023-12-24,8001384,8002768,18,32,42
2023-12-24,8001384,8005356,15,32,108
2023-12-24,8001416,8001416,18,40,58
2023-12-24,8001416,8002402,12,21,67
2023-12-24,8001416,8006280,7,19,58
2023-12-24,8001557,8001557,3,38,4
2023-12-24,8001557,8002720,1,19,2
2023-12-24,8001557,8004519,2,19,6
2023-12-24,8001566,8000899,42,43,193
2023-12-24,8001566,8001566,69,86,112
2023-12-24,8001566,8003367,28,43,60
2023-12-24,8001712,8000348,24,33,126
2023-12-24,8001712,8000406,22,34,124
2023-12-24,8001712,8001712,40,67,115
2023-12-24,8001736,8001736,47,99,73
2023-12-24,8001736,8002753,12,17,72
2023-12-24,8001736,8002768,29,50,107
2023-12-24,8001736,8003987,9,32,18
2023-12-24,8001839,8000318,13,19,104
2023-12-24,8001839,8000677,20,37,152
2023-12-24,8001839,8001839,33,75,90
2023-12-24,8001839,8002784,4,19,6
2023-12-24,8001886,8000348,24,38,272
2023-12-24,8001886,8001886,57,74,193
2023-12-24,8001886,8003553,35,36,133
2023-12-24,8001887,8001888,0,16,0
2023-12-24,8001888,8001887,0,16,0
2023-12-24,8001888,8001888,0,32,0
2023-12-24,8001888,8001889,0,16,0
2023-12-24,8001889,8001888,0,16,0
2023-12-24,8001889,8001889,0,32,0
2023-12-24,8001889,8001893,0,16,0
2023-12-24,8001893,8001889,0,16,0
2023-12-24,8001893,8001893,0,32,0
2023-12-24,8001893,8003553,0,16,0
2023-12-24,8001917,8000510,16,17,42
2023-12-24,8001917,8001917,26,35,101
2023-12-24,8001917,8098349,8,18,153
2023-12-24,8002104,8002104,1,1,60
2023-12-24,8002104,8003966,1,1,60
2023-12-24,8002206,8001839,1,1,300
2023-12-24,8002206,8002206,54,113,98
2023-12-24,8002206,8003697,28,56,48
2023-12-24,8002206,8005935,20,56,138
2023-12-24,8002290,8000030,5,19,11
2023-12-24,8002290,8002290,22,38,24
2023-12-24,8002290,8004746,13,19,44
2023-12-24,8002389,8000178,43,67,81
2023-12-24,8002389,8002389,72,134,75
2023-12-24,8002389,8003383,24,67,75
2023-12-24,8002402,8000100,11,21,36
2023-12-24,8002402,8001416,6,19,60
2023-12-24,8002402,8002402,18,40,61
2023-12-24,8002718,8002718,2,38,3
2023-12-24,8002718,8002719,2,19,6
2023-12-24,8002718,8003697,0,19,0
2023-12-24,8002719,8002718,0,19,0
2023-12-24,8002719,8002719,2,38,3
2023-12-24,8002719,8002720,2,19,6
2023-12-24,8002720,8001557,2,19,6
2023-12-24,8002720,8002719,1,19,2
2023-12-24,8002720,8002720,3,38,4
2023-12-24,8002721,8002725,0,19,0
2023-12-24,8002725,8002721,2,19,13
2023-12-24,8002725,8002725,2,38,6
2023-12-24,8002725,8004519,0,19,0
2023-12-24,8002753,8000135,43,103,34
2023-12-24,8002753,8001736,16,18,123
2023-12-24,8002753,8002753,81,117,78
2023-12-24,8002753,8002775,27,41,119
2023-12-24,8002768,8001384,17,32,110
2023-12-24,8002768,8001736,29,49,46
2023-12-24,8002768,8002768,59,99,79
2023-12-24,8002768,8005356,12,18,107
2023-12-24,8002775,8001006,14,31,120
2023-12-24,8002775,8002753,24,41,25
2023-12-24,8002775,8002775,30,82,59
2023-12-24,8002775,8003987,6,10,54
2023-12-24,8002804,8002804,21,63,60
2023-12-24,8002804,8002806,6,31,11
2023-12-24,8002804,8002816,16,32,110
2023-12-24,8002806,8000404,33,43,225
2023-12-24,8002806,8002206,1,1,330
2023-12-24,8002806,8002804,20,32,114
2023-12-24,8002806,8002806,123,226,94
2023-12-24,8002806,8003395,26,69,41
2023-12-24,8002806,8005935,25,56,55
2023-12-24,8002806,8400043,14,25,98
2023-12-24,8002816,8000507,16,32,121
2023-12-24,8002816,8002804,4,31,10
2023-12-24,8002816,8002816,18,63,62
2023-12-24,8002932,8002932,42,63,30
2023-12-24,8002932,8002988,31,32,47
2023-12-24,8002932,8005134,16,31,29
2023-12-24,8002988,8002932,14,31,25
2023-12-24,8002988,8002988,27,63,25
2023-12-24,8002988,8004739,6,32,6
2023-12-24,8003158,8003927,2,18,12
2023-12-24,8003158,8005339,1,19,2
2023-12-24,8003160,8001215,21,24,189
2023-12-24,8003160,8003160,55,88,139
2023-12-24,8003160,8003252,9,21,56
2023-12-24,8003160,8003361,30,43,187
2023-12-24,8003252,8003160,4,19,47
2023-12-24,8003252,8003252,12,40,50
2023-12-24,8003252,8003671,11,21,60
2023-12-24,8003310,8000209,35,42,384
2023-12-24,8003310,8000832,20,42,80
2023-12-24,8003310,8003310,50,84,208
2023-12-24,8003320,8003320,114,235,53
2023-12-24,8003320,8003358,77,80,122
2023-12-24,8003320,8003370,16,38,36
2023-12-24,8003320,8003392,64,117,47
2023-12-24,8003330,8000010,1,1,60
2023-12-24,8003330,8000135,19,21,150
2023-12-24,8003330,8000209,1,1,90
2023-12-24,8003330,8000667,1,1,30
2023-12-24,8003330,8003330,112,142,115
2023-12-24,8003330,8003358,28,48,45
2023-12-24,8003330,8003363,2,9,80
2023-12-24,8003330,8004873,42,48,194
2023-12-24,8003330,8004898,15,19,117
2023-12-24,8003330,8006713,9,21,104
2023-12-24,8003358,8003320,33,79,36
2023-12-24,8003358,8003330,45,48,198
2023-12-24,8003358,8003358,115,159,86
2023-12-24,8003358,8005143,19,32,28
2023-12-24,8003360,8003360,97,121,187
2023-12-24,8003360,8003371,55,60,300
2023-12-24,8003360,8003372,48,61,101
2023-12-24,8003361,8000100,0,3,-30
2023-12-24,8003361,8000209,15,15,284
2023-12-24,8003361,8001215,12,16,572
2023-12-24,8003361,8003160,28,45,113
2023-12-24,8003361,8003352,0,1,-30
2023-12-24,8003361,8003361,101,161,184
2023-12-24,8003361,8003363,48,59,182
2023-12-24,8003361,8003671,16,18,232
2023-12-24,8003362,8003362,74,121,188
2023-12-24,8003362,8003365,50,60,327
2023-12-24,8003362,8003371,22,61,69
2023-12-24,8003363,8003330,9,9,153
2023-12-24,8003363,8003361,41,63,131
2023-12-24,8003363,8003363,93,122,167
2023-12-24,8003364,8000209,67,85,132
2023-12-24,8003364,8003364,111,170,170
2023-12-24,8003364,8003392,61,84,264
2023-12-24,8003365,8003362,23,61,75
2023-12-24,8003365,8003365,95,121,206
2023-12-24,8003365,8003366,51,60,330
2023-12-24,8003366,8003365,44,61,91
2023-12-24,8003366,8003366,95,121,205
2023-12-24,8003366,8079140,49,60,318
2023-12-24,8003367,8001566,26,43,125
2023-12-24,8003367,8003367,55,86,85
2023-12-24,8003367,8003369,18,43,43
2023-12-24,8003369,8000209,36,43,88
2023-12-24,8003369,8003367,28,43,120
2023-12-24,8003369,8003369,66,86,101
2023-12-24,8003371,8003360,48,61,89
2023-12-24,8003371,8003362,45,60,288
2023-12-24,8003371,8003371,103,121,193
2023-12-24,8003372,8003360,55,60,286
2023-12-24,8003372,8003372,87,121,187
2023-12-24,8003372,8003392,41,85,66
2023-12-24,8003373,8001507,25,41,143
2023-12-24,8003373,8003373,50,82,143
2023-12-24,8003373,8079140,18,61,69
2023-12-24,8003375,8003375,83,134,84
2023-12-24,8003375,8003392,28,67,87
2023-12-24,8003375,8003732,50,67,84
2023-12-24,8003379,8003370,18,38,34
2023-12-24,8003379,8003379,45,76,46
2023-12-24,8003379,8004869,22,38,47
2023-12-24,8003383,8002389,53,67,85
2023-12-24,8003383,8003383,95,134,90
2023-12-24,8003383,8003732,42,67,86
2023-12-24,8003386,8003386,18,77,24
2023-12-24,8003386,8004366,13,37,44
2023-12-24,8003386,8005074,12,40,19
2023-12-24,8003392,8003320,58,118,62
2023-12-24,8003392,8003364,74,85,84
2023-12-24,8003392,8003372,63,84,292
2023-12-24,8003392,8003375,44,67,71
2023-12-24,8003392,8003392,180,341,124
2023-12-24,8003395,8000404,19,69,38
2023-12-24,8003395,8002806,32,70,72
2023-12-24,8003395,8003395,57,139,57
2023-12-24,8003414,8003414,18,32,31
2023-12-24,8003414,8003937,12,16,38
2023-12-24,8003414,8006516,4,16,13
2023-12-24,8003462,8000100,30,37,43
2023-12-24,8003462,8003462,63,74,44
2023-12-24,8003462,8004616,34,37,46
2023-12-24,8003553,8000084,33,52,66
2023-12-24,8003553,8001886,22,38,262
2023-12-24,8003553,8001893,0,16,0
2023-12-24,8003553,8003553,56,106,138
2023-12-24,8003616,8000853,22,34,198
2023-12-24,8003616,8002490,21,29,369
2023-12-24,8003616,8003616,47,69,278
2023-12-24,8003668,8003668,51,84,205
2023-12-24,8003668,8003672,17,42,96
2023-12-24,8003668,8006713,32,42,322
2023-12-24,8003669,8000209,14,25,182
2023-12-24,8003669,8000853,30,35,396
2023-12-24,8003669,8003669,37,49,344
2023-12-24,8003671,8003252,5,19,49
2023-12-24,8003671,8003361,11,16,69
2023-12-24,8003671,8003671,40,74,88
2023-12-24,8003671,8006280,22,39,111
2023-12-24,8003672,8003540,16,42,83
2023-12-24,8003672,8003668,30,42,301
2023-12-24,8003672,8003672,47,84,197
2023-12-24,8003697,8000677,6,18,38
2023-12-24,8003697,8001113,1,19,2
2023-12-24,8003697,8002206,24,56,138
2023-12-24,8003697,8002718,2,19,6
2023-12-24,8003697,8003697,39,112,73
2023-12-24,8003732,8003375,42,67,103
2023-12-24,8003732,8003383,51,67,93
2023-12-24,8003732,8003732,93,134,90
2023-12-24,8003927,8000100,3,18,15
2023-12-24,8003927,8003158,17,18,182
2023-12-24,8003927,8003927,33,74,65
2023-12-24,8003927,8005298,4,19,30
2023-12-24,8003927,8005339,10,19,51
2023-12-24,8003931,8003931,36,74,30
2023-12-24,8003931,8003937,23,37,28
2023-12-24,8003931,8005057,5,37,6
2023-12-24,8003937,8003414,11,16,38
2023-12-24,8003937,8003931,11,37,17
2023-12-24,8003937,8003937,28,74,18
2023-12-24,8003937,8006516,9,21,17
2023-12-24,8003966,8001086,1,1,60
2023-12-24,8003966,8003966,1,1,60
2023-12-24,8003990,8000084,24,34,67
2023-12-24,8003990,8001264,29,34,147
2023-12-24,8003990,8003990,52,68,101
2023-12-24,8004366,8003386,8,40,16
2023-12-24,8004366,8004366,1,1,60
2023-12-24,8004519,8001557,0,19,0
2023-12-24,8004519,8002725,2,19,8
2023-12-24,8004519,8004519,2,38,3
2023-12-24,8004616,8003462,37,37,58
2023-12-24,8004616,8004616,58,74,34
2023-12-24,8004616,8005058,20,37,33
2023-12-24,8004739,8002988,13,31,25
2023-12-24,8004746,8002290,8,19,21
2023-12-24,8004746,8004746,23,38,30
2023-12-24,8004746,8006659,8,19,19
2023-12-24,8004869,8000135,23,36,71
2023-12-24,8004869,8000178,12,14,133
2023-12-24,8004869,8003379,20,38,40
2023-12-24,8004869,8004869,96,146,76
2023-12-24,8004869,8004873,20,38,51
2023-12-24,8004869,8004898,12,17,56
2023-12-24,8004873,8003330,34,48,59
2023-12-24,8004873,8004869,27,38,69
2023-12-24,8004873,8004873,122,172,88
2023-12-24,8004873,8005629,62,86,142
2023-12-24,8004898,8003330,19,20,78
2023-12-24,8004898,8004869,11,17,53
2023-12-24,8004898,8004898,38,76,73
2023-12-24,8004898,8005746,27,38,130
2023-12-24,8004907,8000178,1,19,3
2023-12-24,8004907,8000355,7,19,21
2023-12-24,8004907,8004907,8,38,8
2023-12-24,8005057,8003931,32,37,58
2023-12-24,8005057,8005057,36,74,24
2023-12-24,8005057,8005058,11,37,13
2023-12-24,8005058,8004616,33,37,31
2023-12-24,8005058,8005057,23,37,27
2023-12-24,8005058,8005058,62,74,39
2023-12-24,8005074,8000713,10,40,18
2023-12-24,8005074,8003386,14,37,36
2023-12-24,8005074,8005074,27,77,27
2023-12-24,8005134,8002932,3,32,-5
2023-12-24,8005134,8005134,12,63,2
2023-12-24,8005134,8005143,7,31,15
2023-12-24,8005143,8003358,18,31,35
2023-12-24,8005143,8005134,18,32,22
2023-12-24,8005143,8005143,34,63,27
2023-12-24,8005152,8001091,16,22,180
2023-12-24,8005152,8005152,39,48,229
2023-12-24,8005152,8005499,15,24,254
2023-12-24,8005164,8000012,7,32,90
2023-12-24,8005164,8005164,37,64,69
2023-12-24,8005164,8005356,21,32,39
2023-12-24,8005298,8000100,4,19,44
2023-12-24,8005298,8003927,13,19,52
2023-12-24,8005298,8005298,17,38,58
2023-12-24,8005339,8003158,10,19,41
2023-12-24,8005339,8003927,2,19,-5
2023-12-24,8005339,8005339,11,38,27
2023-12-24,8005356,8000012,14,18,125
2023-12-24,8005356,8001384,16,32,27
2023-12-24,8005356,8002768,12,17,49
2023-12-24,8005356,8005164,16,32,116
2023-12-24,8005356,8005356,53,99,73
2023-12-24,8005499,8001215,20,24,295
2023-12-24,8005499,8005152,19,24,196
2023-12-24,8005499,8005499,36,48,228
2023-12-24,8005575,8000178,30,46,110
2023-12-24,8005575,8001264,25,34,73
2023-12-24,8005575,8005575,48,68,105
2023-12-24,8005629,8000135,63,86,135
2023-12-24,8005629,8004873,32,86,23
2023-12-24,8005629,8005629,104,172,82
2023-12-24,8005743,8005745,0,17,0
2023-12-24,8005744,8005744,8,34,27
2023-12-24,8005744,8005745,8,17,56
2023-12-24,8005744,8098348,9,17,30
2023-12-24,8005745,8005743,7,17,56
2023-12-24,8005745,8005744,0,17,0
2023-12-24,8005745,8005745,8,34,26
2023-12-24,8005746,8004898,15,38,23
2023-12-24,8005746,8005159,29,38,131
2023-12-24,8005746,8005746,54,76,83
2023-12-24,8005935,8002206,28,56,54
2023-12-24,8005935,8002806,27,56,147
2023-12-24,8005935,8005935,48,112,96
2023-12-24,8006280,8000100,8,18,163
2023-12-24,8006280,8001416,9,21,50
2023-12-24,8006280,8003671,12,35,46
2023-12-24,8006280,8006280,36,74,78
2023-12-24,8006516,8000495,9,37,12
2023-12-24,8006516,8003414,7,16,30
2023-12-24,8006516,8003937,4,21,4
2023-12-24,8006516,8006516,20,74,14
2023-12-24,8006659,8000355,10,19,21
2023-12-24,8006659,8004746,10,19,24
2023-12-24,8006659,8006659,15,38,19
2023-12-24,8006713,8000209,25,39,391
2023-12-24,8006713,8000832,33,42,320
2023-12-24,8006713,8001584,22,22,588
2023-12-24,8006713,8003330,17,21,256
2023-12-24,8006713,8003668,19,42,105
2023-12-24,8006713,8006226,15,19,411
2023-12-24,8006713,8006713,120,187,274
2023-12-24,8070704,8000404,53,88,81
2023-12-24,8070704,8000406,17,30,74
2023-12-24,8070704,8070704,82,163,80
2023-12-24,8079140,8003366,43,61,87
2023-12-24,8079140,8003373,44,60,268
2023-12-24,8079140,8079140,73,121,190
2023-12-24,8098348,8005744,4,17,37
2023-12-24,8098348,8098348,12,34,16
2023-12-24,8098348,8099506,9,17,49
2023-12-24,8098349,8001917,3,17,14
2023-12-24,8099506,8000348,5,17,26
2023-12-24,8099506,8098348,3,17,-19
2023-12-24,8099506,8099506,15,34,34
2023-12-25,8000012,8000012,27,35,132
2023-12-25,8000012,8001928,4,5,60
2023-12-25,8000012,8005164,13,32,93
2023-12-25,8000012,8005356,14,17,95
2023-12-25,8000012,8006501,14,14,208
2023-12-25,8000030,8002290,3,19,6
2023-12-25,8000084,8000084,43,74,131
2023-12-25,8000084,8000178,25,34,79
2023-12-25,8000084,8003553,22,54,128
2023-12-25,8000084,8003990,15,34,27
2023-12-25,8000100,8000100,33,70,25
2023-12-25,8000100,8002402,7,19,17
2023-12-25,8000100,8003361,0,3,-40
2023-12-25,8000100,8003462,8,37,19
2023-12-25,8000100,8003927,17,18,68
2023-12-25,8000100,8005298,18,19,76
2023-12-25,8000100,8006280,6,16,15
2023-12-25,8000135,8000135,147,245,120
2023-12-25,8000135,8002104,17,19,414
2023-12-25,8000135,8002753,81,104,123
2023-12-25,8000135,8003330,4,21,41
2023-12-25,8000135,8004869,26,34,139
2023-12-25,8000135,8005629,51,86,80
2023-12-25,8000178,8000084,24,36,215
2023-12-25,8000178,8000178,123,164,131
2023-12-25,8000178,8000209,2,2,195
2023-12-25,8000178,8001506,17,18,200
2023-12-25,8000178,8002389,29,67,49
2023-12-25,8000178,8004869,10,13,78
2023-12-25,8000178,8004907,11,19,125
2023-12-25,8000178,8005575,40,46,158
2023-12-25,8000209,8000178,16,21,246
2023-12-25,8000209,8000209,191,280,200
2023-12-25,8000209,8003310,17,42,71
2023-12-25,8000209,8003361,13,15,394
2023-12-25,8000209,8003364,30,85,135
2023-12-25,8000209,8003369,29,43,98
2023-12-25,8000209,8003669,22,24,435
2023-12-25,8000209,8006713,21,22,520
2023-12-25,8000348,8000348,83,108,149
2023-12-25,8000348,8000406,24,37,191
2023-12-25,8000348,8001712,24,34,96
2023-12-25,8000348,8001886,35,36,138
2023-12-25,8000348,8099506,8,17,64
2023-12-25,8000355,8000355,18,38,77
2023-12-25,8000355,8004907,4,19,19
2023-12-25,8000355,8006659,13,19,134
2023-12-25,8000404,8000404,121,223,94
2023-12-25,8000404,8002806,30,42,132
2023-12-25,8000404,8003395,34,70,52
2023-12-25,8000404,8070704,28,75,54
2023-12-25,8000406,8000348,33,36,121
2023-12-25,8000406,8000406,101,140,116
2023-12-25,8000406,8001712,19,33,57
2023-12-25,8000406,8070704,23,32,72
2023-12-25,8000495,8000495,36,74,33
2023-12-25,8000495,8001084,11,37,24
2023-12-25,8000495,8006516,19,37,32
2023-12-25,8000502,8000502,14,33,47
2023-12-25,8000502,8000507,4,31,11
2023-12-25,8000502,8000521,15,18,132
2023-12-25,8000507,8000502,23,32,111
2023-12-25,8000507,8000507,26,63,59
2023-12-25,8000507,8002816,5,31,17
2023-12-25,8000510,8000510,18,35,63
2023-12-25,8000510,8000527,3,17,11
2023-12-25,8000510,8001917,13,18,95
2023-12-25,8000521,8000502,0,17,0
2023-12-25,8000521,8000521,16,35,69
2023-12-25,8000521,8000527,17,18,148
2023-12-25,8000527,8000510,16,18,140
2023-12-25,8000527,8000521,3,17,5
2023-12-25,8000527,8000527,20,35,88
2023-12-25,8000677,8000677,44,74,154
2023-12-25,8000677,8001113,13,19,49
2023-12-25,8000677,8001839,14,37,71
2023-12-25,8000677,8003697,17,18,432
2023-12-25,8000713,8000713,34,77,98
2023-12-25,8000713,8005074,10,37,20
2023-12-25,8000713,8005970,24,40,180
2023-12-25,8000832,8000832,53,84,191
2023-12-25,8000832,8003310,33,42,320
2023-12-25,8000832,8006713,17,42,76
2023-12-25,8000853,8000853,66,103,304
2023-12-25,8000853,8001506,15,17,337
2023-12-25,8000853,8003616,26,35,316
2023-12-25,8000853,8003669,24,34,157
2023-12-25,8000853,8006719,13,17,681
2023-12-25,8000899,8001566,14,43,36
2023-12-25,8001081,8001081,24,74,15
2023-12-25,8001081,8001084,8,37,10
2023-12-25,8001081,8001088,6,37,10
2023-12-25,8001082,8001082,63,75,156
2023-12-25,8001082,8001085,22,22,151
2023-12-25,8001082,8001091,28,37,88
2023-12-25,8001082,8004604,12,16,324
2023-12-25,8001084,8000495,20,37,36
2023-12-25,8001084,8001081,11,37,23
2023-12-25,8001084,8001084,27,74,25
2023-12-25,8001085,8001082,8,21,90
2023-12-25,8001085,8001085,24,43,117
2023-12-25,8001085,8005153,15,22,140
2023-12-25,8001086,8001086,27,38,193
2023-12-25,8001086,8003966,11,19,32
2023-12-25,8001086,8004366,19,19,357
2023-12-25,8001088,8001081,22,37,36
2023-12-25,8001088,8001088,29,74,20
2023-12-25,8001091,8001082,24,38,203
2023-12-25,8001091,8001091,44,75,142
2023-12-25,8001091,8001215,7,16,24
2023-12-25,8001091,8005152,18,21,90
2023-12-25,8001113,8000677,5,19,27
2023-12-25,8001113,8001113,18,38,39
2023-12-25,8001113,8003697,13,19,27
2023-12-25,8001215,8001091,13,16,360
2023-12-25,8001215,8001215,56,80,150
2023-12-25,8001215,8003160,17,24,82
2023-12-25,8001215,8003361,4,16,26
2023-12-25,8001215,8005499,19,24,134
2023-12-25,8001264,8001264,56,68,110
2023-12-25,8001264,8003990,25,34,152
2023-12-25,8001264,8005575,24,34,71
2023-12-25,8001384,8001384,53,64,158
2023-12-25,8001384,8002768,29,32,197
2023-12-25,8001384,8005356,22,32,137
2023-12-25,8001416,8001416,20,40,52
2023-12-25,8001416,8002402,12,21,90
2023-12-25,8001416,8006280,7,19,19
2023-12-25,8001557,8001557,2,38,7
2023-12-25,8001557,8002720,1,19,2
2023-12-25,8001557,8004519,1,19,13
2023-12-25,8001566,8000899,43,43,151
2023-12-25,8001566,8001566,69,86,89
2023-12-25,8001566,8003367,28,43,54
2023-12-25,8001712,8000348,28,33,97
2023-12-25,8001712,8000406,24,34,116
2023-12-25,8001712,8001712,43,67,89
2023-12-25,8001736,8001736,73,99,123
2023-12-25,8001736,8002753,12,17,104
2023-12-25,8001736,8002768,40,50,118
2023-12-25,8001736,8003987,26,32,174
2023-12-25,8001839,8000318,17,19,166
2023-12-25,8001839,8000677,32,37,232
2023-12-25,8001839,8001839,50,75,147
2023-12-25,8001839,8002784,4,19,16
2023-12-25,8001886,8000348,23,38,198
2023-12-25,8001886,8001886,52,74,153
2023-12-25,8001886,8003553,35,36,139
2023-12-25,8001887,8001888,0,16,0
2023-12-25,8001888,8001887,0,16,0
2023-12-25,8001888,8001888,0,32,0
2023-12-25,8001888,8001889,0,16,0
2023-12-25,8001889,8001888,0,16,0
2023-12-25,8001889,8001889,0,32,0
2023-12-25,8001889,8001893,0,16,0
2023-12-25,8001893,8001889,0,16,0
2023-12-25,8001893,8001893,0,32,0
2023-12-25,8001893,8003553,0,16,0
2023-12-25,8001917,8000510,13,17,34
2023-12-25,8001917,8001917,27,35,68
2023-12-25,8001917,8098349,13,18,98
2023-12-25,8002104,8000135,2,18,23
2023-12-25,8002104,8002104,19,37,217
2023-12-25,8002104,8003966,18,19,407
2023-12-25,8002206,8001839,1,1,90
2023-12-25,8002206,8002206,62,113,106
2023-12-25,8002206,8003697,27,56,66
2023-12-25,8002206,8005935,25,56,142
2023-12-25,8002290,8000030,7,19,109
2023-12-25,8002290,8002290,28,38,76
2023-12-25,8002290,8004746,13,19,41
2023-12-25,8002389,8000178,56,67,153
2023-12-25,8002389,8002389,86,134,96
2023-12-25,8002389,8003383,27,67,46
2023-12-25,8002402,8000100,12,21,63
2023-12-25,8002402,8001416,8,19,19
2023-12-25,8002402,8002402,20,40,57
2023-12-25,8002718,8002718,1,38,7
2023-12-25,8002718,8002719,1,19,14
2023-12-25,8002718,8003697,0,19,0
2023-12-25,8002719,8002718,0,19,0
2023-12-25,8002719,8002719,1,38,7
2023-12-25,8002719,8002720,1,19,14
2023-12-25,8002720,8001557,1,19,13
2023-12-25,8002720,8002719,1,19,2
2023-12-25,8002720,8002720,2,38,7
2023-12-25,8002721,8002725,0,19,0
2023-12-25,8002725,8002721,1,19,17
2023-12-25,8002725,8002725,1,38,9
2023-12-25,8002725,8004519,0,19,0
2023-12-25,8002753,8000135,56,103,72
2023-12-25,8002753,8001736,14,18,105
2023-12-25,8002753,8002753,96,117,114
2023-12-25,8002753,8002775,37,41,112
2023-12-25,8002768,8001384,23,32,125
2023-12-25,8002768,8001736,43,49,165
2023-12-25,8002768,8002768,85,99,152
2023-12-25,8002768,8005356,14,18,160
2023-12-25,8002775,8001006,24,31,108
2023-12-25,8002775,8002753,35,41,124
2023-12-25,8002775,8002775,55,82,103
2023-12-25,8002775,8003987,8,10,60
2023-12-25,8002804,8002804,24,63,46
2023-12-25,8002804,8002806,7,31,20
2023-12-25,8002804,8002816,20,32,72
2023-12-25,8002806,8000404,35,42,249
2023-12-25,8002806,8002206,1,1,120
2023-12-25,8002806,8002804,25,32,74
2023-12-25,8002806,8002806,124,224,94
2023-12-25,8002806,8003395,21,69,21
2023-12-25,8002806,8005935,24,56,65
2023-12-25,8002806,8400043,20,24,142
2023-12-25,8002816,8000507,20,32,82
2023-12-25,8002816,8002804,6,31,26
2023-12-25,8002816,8002816,26,63,49
2023-12-25,8002932,8002932,44,63,39
2023-12-25,8002932,8002988,23,32,57
2023-12-25,8002932,8005134,20,31,37
2023-12-25,8002988,8002932,15,31,21
2023-12-25,8002988,8002988,26,63,29
2023-12-25,8002988,8004739,6,32,22
2023-12-25,8003158,8003927,0,18,-7
2023-12-25,8003158,8005339,0,19,0
2023-12-25,8003160,8001215,21,24,140
2023-12-25,8003160,8003160,53,88,68
2023-12-25,8003160,8003252,11,21,89
2023-12-25,8003160,8003361,23,43,45
2023-12-25,8003252,8003160,4,19,13
2023-12-25,8003252,8003252,15,40,55
2023-12-25,8003252,8003671,14,21,100
2023-12-25,8003310,8000209,36,42,323
2023-12-25,8003310,8000832,22,42,89
2023-12-25,8003310,8003310,55,84,195
2023-12-25,8003320,8003320,157,235,73
2023-12-25,8003320,8003358,79,80,106
2023-12-25,8003320,8003370,25,38,67
2023-12-25,8003320,8003392,90,117,96
2023-12-25,8003330,8000010,0,1,0
2023-12-25,8003330,8000135,18,21,371
2023-12-25,8003330,8000209,1,1,90
2023-12-25,8003330,8000667,1,1,60
2023-12-25,8003330,8003330,109,142,155
2023-12-25,8003330,8003358,33,48,83
2023-12-25,8003330,8003363,5,9,117
2023-12-25,8003330,8004873,44,48,168
2023-12-25,8003330,8004898,12,19,159
2023-12-25,8003330,8006713,11,21,147
2023-12-25,8003358,8003320,44,79,66
2023-12-25,8003358,8003330,46,48,175
2023-12-25,8003358,8003358,121,159,99
2023-12-25,8003358,8005143,20,32,41
2023-12-25,8003360,8003360,105,121,148
2023-12-25,8003360,8003371,56,60,254
2023-12-25,8003360,8003372,49,61,72
2023-12-25,8003361,8000100,1,3,-50
2023-12-25,8003361,8000209,14,15,264
2023-12-25,8003361,8001215,12,16,377
2023-12-25,8003361,8003160,30,45,110
2023-12-25,8003361,8003361,104,161,107
2023-12-25,8003361,8003363,47,59,74
2023-12-25,8003361,8003671,17,18,110
2023-12-25,8003362,8003362,81,121,138
2023-12-25,8003362,8003365,57,60,270
2023-12-25,8003362,8003371,20,61,34
2023-12-25,8003363,8003330,9,9,150
2023-12-25,8003363,8003361,50,63,110
2023-12-25,8003363,8003363,101,122,111
2023-12-25,8003364,8000209,66,85,123
2023-12-25,8003364,8003364,108,170,123
2023-12-25,8003364,8003392,64,84,177
2023-12-25,8003365,8003362,22,61,32
2023-12-25,8003365,8003365,102,121,158
2023-12-25,8003365,8003366,57,60,274
2023-12-25,8003366,8003365,45,61,57
2023-12-25,8003366,8003366,98,121,159
2023-12-25,8003366,8079140,56,60,266
2023-12-25,8003367,8001566,25,43,80
2023-12-25,8003367,8003367,47,86,62
2023-12-25,8003367,8003369,13,43,27
2023-12-25,8003369,8000209,34,43,47
2023-12-25,8003369,8003367,23,43,88
2023-12-25,8003369,8003369,62,86,70
2023-12-25,8003371,8003360,50,61,56
2023-12-25,8003371,8003362,55,60,226
2023-12-25,8003371,8003371,106,121,151
2023-12-25,8003372,8003360,56,60,244
2023-12-25,8003372,8003372,86,121,146
2023-12-25,8003372,8003392,27,85,40
2023-12-25,8003373,8001507,13,41,55
2023-12-25,8003373,8003373,43,82,51
2023-12-25,8003373,8079140,13,61,21
2023-12-25,8003375,8003375,99,134,103
2023-12-25,8003375,8003392,37,67,62
2023-12-25,8003375,8003732,61,67,150
2023-12-25,8003379,8003370,35,38,139
2023-12-25,8003379,8003379,71,76,112
2023-12-25,8003379,8004869,26,38,74
2023-12-25,8003383,8002389,63,67,153
2023-12-25,8003383,8003383,111,134,111
2023-12-25,8003383,8003732,48,67,58
2023-12-25,8003386,8003386,33,77,105
2023-12-25,8003386,8004366,13,37,28
2023-12-25,8003386,8005074,22,40,183
2023-12-25,8003392,8003320,79,118,62
2023-12-25,8003392,8003364,79,85,79
2023-12-25,8003392,8003372,67,84,219
2023-12-25,8003392,8003375,55,67,137
2023-12-25,8003392,8003392,197,341,115
2023-12-25,8003395,8000404,18,69,20
2023-12-25,8003395,8002806,32,70,47
2023-12-25,8003395,8003395,54,139,37
2023-12-25,8003414,8003414,16,32,30
2023-12-25,8003414,8003937,8,16,26
2023-12-25,8003414,8006516,5,16,24
2023-12-25,8003462,8000100,28,37,44
2023-12-25,8003462,8003462,65,74,55
2023-12-25,8003462,8004616,36,37,62
2023-12-25,8003553,8000084,34,52,74
2023-12-25,8003553,8001886,19,38,171
2023-12-25,8003553,8001893,0,16,0
2023-12-25,8003553,8003553,54,106,116
2023-12-25,8003616,8000853,21,34,141
2023-12-25,8003616,8002490,19,29,277
2023-12-25,8003616,8003616,46,69,217
2023-12-25,8003668,8003668,58,84,211
2023-12-25,8003668,8003672,22,42,104
2023-12-25,8003668,8006713,36,42,326
2023-12-25,8003669,8000209,11,25,116
2023-12-25,8003669,8000853,27,35,340
2023-12-25,8003669,8003669,37,49,298
2023-12-25,8003671,8003252,2,19,9
2023-12-25,8003671,8003361,10,16,21
2023-12-25,8003671,8003671,36,74,51
2023-12-25,8003671,8006280,20,39,73
2023-12-25,8003672,8003540,13,42,84
2023-12-25,8003672,8003668,33,42,312
2023-12-25,8003672,8003672,55,84,209
2023-12-25,8003697,8000677,5,18,112
2023-12-25,8003697,8001113,1,19,11
2023-12-25,8003697,8002206,30,56,142
2023-12-25,8003697,8002718,1,19,13
2023-12-25,8003697,8003697,42,112,97
2023-12-25,8003732,8003375,53,67,79
2023-12-25,8003732,8003383,63,67,166
2023-12-25,8003732,8003732,116,134,112
2023-12-25,8003927,8000100,1,18,-8
2023-12-25,8003927,8003158,15,18,53
2023-12-25,8003927,8003927,28,74,30
2023-12-25,8003927,8005298,1,19,2
2023-12-25,8003927,8005339,12,19,55
2023-12-25,8003931,8003931,46,74,43
2023-12-25,8003931,8003937,33,37,47
2023-12-25,8003931,8005057,10,37,18
2023-12-25,8003937,8003414,14,16,52
2023-12-25,8003937,8003931,17,37,27
2023-12-25,8003937,8003937,41,74,31
2023-12-25,8003937,8006516,14,21,39
2023-12-25,8003966,8000135,1,1,150
2023-12-25,8003966,8001086,18,19,371
2023-12-25,8003966,8002104,2,18,13
2023-12-25,8003966,8003966,21,38,208
2023-12-25,8003990,8000084,25,34,161
2023-12-25,8003990,8001264,29,34,65
2023-12-25,8003990,8003990,56,68,108
2023-12-25,8004366,8001086,15,19,44
2023-12-25,8004366,8003386,22,40,190
2023-12-25,8004366,8004366,34,38,204
2023-12-25,8004519,8001557,0,19,0
2023-12-25,8004519,8002725,1,19,16
2023-12-25,8004519,8004519,1,38,7
2023-12-25,8004616,8003462,35,37,71
2023-12-25,8004616,8004616,61,74,44
2023-12-25,8004616,8005058,19,37,36
2023-12-25,8004739,8002988,5,31,-14
2023-12-25,8004746,8002290,15,19,142
2023-12-25,8004746,8004746,30,38,88
2023-12-25,8004746,8006659,5,19,9
2023-12-25,8004869,8000135,19,36,91
2023-12-25,8004869,8000178,13,14,178
2023-12-25,8004869,8003379,36,38,142
2023-12-25,8004869,8004869,112,146,124
2023-12-25,8004869,8004873,26,38,89
2023-12-25,8004869,8004898,12,17,113
2023-12-25,8004873,8003330,35,48,95
2023-12-25,8004873,8004869,37,38,175
2023-12-25,8004873,8004873,141,172,119
2023-12-25,8004873,8005629,70,86,147
2023-12-25,8004898,8003330,18,20,304
2023-12-25,8004898,8004869,13,17,56
2023-12-25,8004898,8004898,37,76,158
2023-12-25,8004898,8005746,27,38,188
2023-12-25,8004907,8000178,7,19,27
2023-12-25,8004907,8000355,10,19,129
2023-12-25,8004907,8004907,16,38,77
2023-12-25,8005057,8003931,37,37,72
2023-12-25,8005057,8005057,45,74,36
2023-12-25,8005057,8005058,13,37,21
2023-12-25,8005058,8004616,29,37,34
2023-12-25,8005058,8005057,30,37,47
2023-12-25,8005058,8005058,61,74,46
2023-12-25,8005074,8000713,17,40,164
2023-12-25,8005074,8003386,17,37,27
2023-12-25,8005074,8005074,37,77,105
2023-12-25,8005134,8002932,6,32,18
2023-12-25,8005134,8005134,19,63,14
2023-12-25,8005134,8005143,9,31,28
2023-12-25,8005143,8003358,21,31,63
2023-12-25,8005143,8005134,19,32,33
2023-12-25,8005143,8005143,41,63,45
2023-12-25,8005152,8001091,17,22,157
2023-12-25,8005152,8005152,42,48,129
2023-12-25,8005152,8005499,15,24,58
2023-12-25,8005164,8000012,14,32,95
2023-12-25,8005164,8005164,53,64,126
2023-12-25,8005164,8005356,30,32,152
2023-12-25,8005298,8000100,1,19,-14
2023-12-25,8005298,8003927,13,19,54
2023-12-25,8005298,8005298,14,38,32
2023-12-25,8005339,8003158,10,19,35
2023-12-25,8005339,8003927,0,19,-3
2023-12-25,8005339,8005339,11,38,28
2023-12-25,8005356,8000012,16,18,168
2023-12-25,8005356,8001384,29,32,174
2023-12-25,8005356,8002768,14,17,86
2023-12-25,8005356,8005164,23,32,142
2023-12-25,8005356,8005356,80,99,142
2023-12-25,8005499,8001215,19,24,94
2023-12-25,8005499,8005152,23,24,188
2023-12-25,8005499,8005499,37,48,109
2023-12-25,8005575,8000178,32,46,59
2023-12-25,8005575,8001264,27,34,168
2023-12-25,8005575,8005575,50,68,114
2023-12-25,8005629,8000135,68,86,140
2023-12-25,8005629,8004873,44,86,76
2023-12-25,8005629,8005629,126,172,112
2023-12-25,8005743,8005745,0,17,0
2023-12-25,8005744,8005744,12,34,33
2023-12-25,8005744,8005745,12,17,74
2023-12-25,8005744,8098348,13,17,42
2023-12-25,8005745,8005743,12,17,78
2023-12-25,8005745,8005744,0,17,0
2023-12-25,8005745,8005745,12,34,38
2023-12-25,8005746,8004898,10,38,131
2023-12-25,8005746,8005159,30,38,186
2023-12-25,8005746,8005746,48,76,165
2023-12-25,8005935,8002206,30,56,71
2023-12-25,8005935,8002806,23,56,140
2023-12-25,8005935,8005935,55,112,104
2023-12-25,8006280,8000100,6,18,37
2023-12-25,8006280,8001416,10,21,77
2023-12-25,8006280,8003671,5,35,7
2023-12-25,8006280,8006280,25,74,40
2023-12-25,8006516,8000495,13,37,26
2023-12-25,8006516,8003414,5,16,21
2023-12-25,8006516,8003937,5,21,14
2023-12-25,8006516,8006516,20,74,21
2023-12-25,8006659,8000355,15,19,51
2023-12-25,8006659,8004746,17,19,141
2023-12-25,8006659,8006659,28,38,84
2023-12-25,8006713,8000209,29,39,290
2023-12-25,8006713,8000832,34,42,310
2023-12-25,8006713,8001584,21,22,552
2023-12-25,8006713,8003330,17,21,886
2023-12-25,8006713,8003668,22,42,104
2023-12-25,8006713,8006226,13,19,257
2023-12-25,8006713,8006713,126,187,345
2023-12-25,8070704,8000404,54,88,75
2023-12-25,8070704,8000406,21,30,54
2023-12-25,8070704,8070704,90,163,67
2023-12-25,8079140,8003366,39,61,45
2023-12-25,8079140,8003373,52,60,212
2023-12-25,8079140,8079140,81,121,143
2023-12-25,8098348,8005744,9,17,28
2023-12-25,8098348,8098348,20,34,28
2023-12-25,8098348,8099506,17,17,76
2023-12-25,8098349,8001917,3,17,11
2023-12-25,8099506,8000348,4,17,32
2023-12-25,8099506,8098348,4,17,-16
2023-12-25,8099506,8099506,25,34,41
2023-12-26,8000012,8000012,27,34,99
2023-12-26,8000012,8001928,2,4,30
2023-12-26,8000012,8005164,17,32,62
2023-12-26,8000012,8005356,11,17,86
2023-12-26,8000012,8006501,12,14,129
2023-12-26,8000030,8002290,2,19,5
2023-12-26,8000084,8000084,45,73,144
2023-12-26,8000084,8000178,24,33,110
2023-12-26,8000084,8003553,25,52,130
2023-12-26,8000084,8003990,11,34,39
2023-12-26,8000100,8000100,38,66,59
2023-12-26,8000100,8002402,6,18,30
2023-12-26,8000100,8003361,2,3,-20
2023-12-26,8000100,8003462,7,36,8
2023-12-26,8000100,8003927,15,17,83
2023-12-26,8000100,8005298,14,17,129
2023-12-26,8000100,8006280,8,16,36
2023-12-26,8000135,8000135,131,246,93
2023-12-26,8000135,8002104,16,21,146
2023-12-26,8000135,8002753,80,103,132
2023-12-26,8000135,8003330,4,19,21
2023-12-26,8000135,8004869,28,34,146
2023-12-26,8000135,8005629,45,86,48
2023-12-26,8000178,8000084,19,34,196
2023-12-26,8000178,8000178,112,162,124
2023-12-26,8000178,8000209,1,1,90
2023-12-26,8000178,8001506,17,18,193
2023-12-26,8000178,8002389,30,67,79
2023-12-26,8000178,8004869,10,13,65
2023-12-26,8000178,8004907,9,18,20
2023-12-26,8000178,8005575,40,46,123
2023-12-26,8000209,8000178,16,19,336
2023-12-26,8000209,8000209,203,276,284
2023-12-26,8000209,8003310,20,42,126
2023-12-26,8000209,8003330,1,1,90
2023-12-26,8000209,8003361,13,15,340
2023-12-26,8000209,8003364,32,85,97
2023-12-26,8000209,8003369,29,42,136
2023-12-26,8000209,8003669,24,24,876
2023-12-26,8000209,8006713,20,20,944
2023-12-26,8000348,8000348,75,103,154
2023-12-26,8000348,8000406,24,35,208
2023-12-26,8000348,8001712,23,33,121
2023-12-26,8000348,8001886,31,35,136
2023-12-26,8000348,8099506,7,16,77
2023-12-26,8000355,8000355,12,37,14
2023-12-26,8000355,8004907,4,19,13
2023-12-26,8000355,8006659,8,18,18
2023-12-26,8000404,8000404,122,218,114
2023-12-26,8000404,8002806,29,42,98
2023-12-26,8000404,8003395,37,67,90
2023-12-26,8000404,8070704,27,73,99
2023-12-26,8000406,8000348,34,35,117
2023-12-26,8000406,8000406,98,135,145
2023-12-26,8000406,8001712,21,32,130
2023-12-26,8000406,8070704,24,31,139
2023-12-26,8000495,8000495,41,73,35
2023-12-26,8000495,8001084,17,36,28
2023-12-26,8000495,8006516,23,37,32
2023-12-26,8000502,8000502,15,33,91
2023-12-26,8000502,8000507,7,31,43
2023-12-26,8000502,8000521,15,17,194
2023-12-26,8000507,8000502,25,31,183
2023-12-26,8000507,8000507,32,62,105
2023-12-26,8000507,8002816,7,31,39
2023-12-26,8000510,8000510,18,34,93
2023-12-26,8000510,8000527,2,17,7
2023-12-26,8000510,8001917,14,17,161
2023-12-26,8000521,8000502,0,17,0
2023-12-26,8000521,8000521,16,34,97
2023-12-26,8000521,8000527,17,17,205
2023-12-26,8000527,8000510,16,17,201
2023-12-26,8000527,8000521,2,17,4
2023-12-26,8000527,8000527,19,34,110
2023-12-26,8000677,8000677,38,71,142
2023-12-26,8000677,8001113,6,18,105
2023-12-26,8000677,8001839,16,36,48
2023-12-26,8000677,8003697,16,17,392
2023-12-26,8000713,8000713,31,75,50
2023-12-26,8000713,8005074,12,36,21
2023-12-26,8000713,8005970,21,39,84
2023-12-26,8000832,8000832,49,84,161
2023-12-26,8000832,8003310,28,42,200
2023-12-26,8000832,8006713,20,42,124
2023-12-26,8000853,8000853,81,101,546
2023-12-26,8000853,8001506,12,16,420
2023-12-26,8000853,8003616,32,35,688
2023-12-26,8000853,8003669,27,34,294
2023-12-26,8000853,8006719,14,16,1069
2023-12-26,8000899,8001566,15,43,36
2023-12-26,8001081,8001081,24,73,17
2023-12-26,8001081,8001084,9,37,15
2023-12-26,8001081,8001088,8,36,10
2023-12-26,8001082,8001082,58,75,118
2023-12-26,8001082,8001085,22,22,119
2023-12-26,8001082,8001091,26,37,51
2023-12-26,8001082,8004604,10,16,294
2023-12-26,8001084,8000495,24,37,37
2023-12-26,8001084,8001081,14,36,27
2023-12-26,8001084,8001084,36,73,29
2023-12-26,8001085,8001082,5,21,19
2023-12-26,8001085,8001085,23,43,66
2023-12-26,8001085,8005153,18,22,130
2023-12-26,8001086,8001086,24,40,83
2023-12-26,8001086,8003966,11,19,39
2023-12-26,8001086,8004366,17,21,126
2023-12-26,8001088,8001081,23,37,36
2023-12-26,8001088,8001088,37,73,24
2023-12-26,8001091,8001082,19,38,169
2023-12-26,8001091,8001091,41,75,109
2023-12-26,8001091,8001215,8,16,26
2023-12-26,8001091,8005152,14,21,36
2023-12-26,8001113,8000677,6,18,23
2023-12-26,8001113,8001113,13,36,62
2023-12-26,8001113,8003697,6,18,68
2023-12-26,8001215,8001091,13,16,347
2023-12-26,8001215,8001215,63,80,146
2023-12-26,8001215,8003160,16,24,72
2023-12-26,8001215,8003361,7,16,22
2023-12-26,8001215,8005499,23,24,136
2023-12-26,8001264,8001264,45,67,89
2023-12-26,8001264,8003990,18,33,102
2023-12-26,8001264,8005575,27,34,83
2023-12-26,8001384,8001384,40,64,85
2023-12-26,8001384,8002768,23,32,106
2023-12-26,8001384,8005356,15,32,75
2023-12-26,8001416,8001416,20,39,70
2023-12-26,8001416,8002402,13,21,123
2023-12-26,8001416,8006280,6,18,22
2023-12-26,8001557,8001557,0,37,0
2023-12-26,8001557,8002720,0,19,0
2023-12-26,8001557,8004519,0,18,0
2023-12-26,8001566,8000899,41,42,197
2023-12-26,8001566,8001566,70,85,113
2023-12-26,8001566,8003367,30,43,53
2023-12-26,8001712,8000348,27,32,160
2023-12-26,8001712,8000406,26,33,153
2023-12-26,8001712,8001712,48,65,142
2023-12-26,8001736,8001736,58,98,82
2023-12-26,8001736,8002753,13,17,101
2023-12-26,8001736,8002768,31,49,75
2023-12-26,8001736,8003987,19,32,89
2023-12-26,8001839,8000318,16,19,172
2023-12-26,8001839,8000677,23,35,240
2023-12-26,8001839,8001839,45,74,138
2023-12-26,8001839,8002206,0,2,0
2023-12-26,8001839,8002784,3,18,23
2023-12-26,8001886,8000348,26,36,217
2023-12-26,8001886,8001886,53,71,164
2023-12-26,8001886,8003553,32,35,141
2023-12-26,8001887,8001888,1,16,2
2023-12-26,8001888,8001887,2,16,11
2023-12-26,8001888,8001888,6,32,11
2023-12-26,8001888,8001889,5,16,17
2023-12-26,8001889,8001888,2,16,8
2023-12-26,8001889,8001889,7,32,11
2023-12-26,8001889,8001893,11,16,49
2023-12-26,8001893,8001889,0,16,0
2023-12-26,8001893,8001893,11,32,28
2023-12-26,8001893,8003553,8,16,45
2023-12-26,8001917,8000510,14,17,32
2023-12-26,8001917,8001917,28,34,98
2023-12-26,8001917,8098349,14,17,162
2023-12-26,8002104,8000135,3,18,20
2023-12-26,8002104,8002104,19,39,88
2023-12-26,8002104,8003966,15,21,153
2023-12-26,8002206,8001839,1,1,60
2023-12-26,8002206,8002206,50,111,95
2023-12-26,8002206,8002806,0,1,0
2023-12-26,8002206,8003697,25,54,56
2023-12-26,8002206,8005935,22,54,133
2023-12-26,8002290,8000030,8,18,20
2023-12-26,8002290,8002290,27,37,29
2023-12-26,8002290,8004746,17,19,54
2023-12-26,8002389,8000178,54,67,115
2023-12-26,8002389,8002389,82,134,91
2023-12-26,8002389,8003383,24,67,68
2023-12-26,8002402,8000100,11,21,94
2023-12-26,8002402,8001416,5,18,20
2023-12-26,8002402,8002402,19,39,76
2023-12-26,8002718,8002718,0,37,0
2023-12-26,8002718,8002719,0,18,0
2023-12-26,8002718,8003697,0,19,0
2023-12-26,8002719,8002718,0,19,0
2023-12-26,8002719,8002719,0,37,0
2023-12-26,8002719,8002720,0,18,0
2023-12-26,8002720,8001557,0,18,0
2023-12-26,8002720,8002719,0,19,0
2023-12-26,8002720,8002720,0,37,0
2023-12-26,8002721,8002725,0,19,0
2023-12-26,8002725,8002721,0,18,0
2023-12-26,8002725,8002725,0,37,0
2023-12-26,8002725,8004519,0,19,0
2023-12-26,8002753,8000135,47,103,59
2023-12-26,8002753,8001736,15,17,90
2023-12-26,8002753,8002753,91,116,103
2023-12-26,8002753,8002775,30,41,140
2023-12-26,8002768,8001384,17,32,75
2023-12-26,8002768,8001736,39,49,104
2023-12-26,8002768,8002768,71,98,91
2023-12-26,8002768,8005356,10,17,69
2023-12-26,8002775,8001006,16,31,145
2023-12-26,8002775,8002753,32,41,78
2023-12-26,8002775,8002775,41,82,94
2023-12-26,8002775,8003987,4,10,42
2023-12-26,8002804,8002804,22,62,74
2023-12-26,8002804,8002806,10,31,44
2023-12-26,8002804,8002816,16,31,108
2023-12-26,8002806,8000404,36,41,249
2023-12-26,8002806,8002206,1,1,60
2023-12-26,8002806,8002804,17,31,107
2023-12-26,8002806,8002806,131,220,104
2023-12-26,8002806,8003395,29,68,55
2023-12-26,8002806,8005935,24,54,59
2023-12-26,8002806,8400043,21,24,138
2023-12-26,8002816,8000507,22,31,143
2023-12-26,8002816,8002804,8,31,51
2023-12-26,8002816,8002816,29,62,84
2023-12-26,8002932,8002932,52,62,56
2023-12-26,8002932,8002988,29,32,76
2023-12-26,8002932,8005134,23,30,58
2023-12-26,8002988,8002932,20,30,37
2023-12-26,8002988,8002988,39,62,48
2023-12-26,8002988,8004739,12,32,39
2023-12-26,8003158,8003927,9,17,44
2023-12-26,8003158,8005339,11,19,32
2023-12-26,8003160,8001215,23,24,136
2023-12-26,8003160,8003160,53,87,74
2023-12-26,8003160,8003252,11,21,109
2023-12-26,8003160,8003361,20,42,46
2023-12-26,8003252,8003160,4,18,23
2023-12-26,8003252,8003252,13,39,62
2023-12-26,8003252,8003671,13,21,107
2023-12-26,8003310,8000209,35,42,210
2023-12-26,8003310,8000832,24,42,144
2023-12-26,8003310,8003310,52,84,163
2023-12-26,8003320,8003320,147,234,91
2023-12-26,8003320,8003358,79,80,140
2023-12-26,8003320,8003370,21,38,102
2023-12-26,8003320,8003392,93,116,101
2023-12-26,8003330,8000010,1,1,60
2023-12-26,8003330,8000135,18,21,149
2023-12-26,8003330,8000209,1,1,120
2023-12-26,8003330,8000667,1,1,630
2023-12-26,8003330,8003330,115,141,148
2023-12-26,8003330,8003358,36,48,78
2023-12-26,8003330,8003363,5,9,37
2023-12-26,8003330,8004873,42,48,186
2023-12-26,8003330,8004898,15,19,123
2023-12-26,8003330,8006713,10,21,124
2023-12-26,8003358,8003320,61,78,98
2023-12-26,8003358,8003330,46,48,193
2023-12-26,8003358,8003358,138,158,129
2023-12-26,8003358,8005143,21,32,80
2023-12-26,8003360,8003360,100,121,129
2023-12-26,8003360,8003371,56,61,216
2023-12-26,8003360,8003372,46,60,70
2023-12-26,8003361,8000100,0,3,-60
2023-12-26,8003361,8000209,14,14,514
2023-12-26,8003361,8001215,12,16,366
2023-12-26,8003361,8003160,33,45,126
2023-12-26,8003361,8003352,1,1,30
2023-12-26,8003361,8003361,97,161,107
2023-12-26,8003361,8003363,43,58,75
2023-12-26,8003361,8003671,14,18,73
2023-12-26,8003362,8003362,75,121,118
2023-12-26,8003362,8003365,54,61,221
2023-12-26,8003362,8003371,17,60,34
2023-12-26,8003363,8003330,9,9,187
2023-12-26,8003363,8003361,51,63,109
2023-12-26,8003363,8003363,106,121,109
2023-12-26,8003364,8000209,67,84,174
2023-12-26,8003364,8003364,115,169,121
2023-12-26,8003364,8003392,63,84,127
2023-12-26,8003365,8003362,20,60,37
2023-12-26,8003365,8003365,94,121,133
2023-12-26,8003365,8003366,53,61,219
2023-12-26,8003366,8003365,40,60,50
2023-12-26,8003366,8003366,94,121,133
2023-12-26,8003366,8079140,53,61,214
2023-12-26,8003367,8001566,23,42,129
2023-12-26,8003367,8003367,48,85,84
2023-12-26,8003367,8003369,15,43,28
2023-12-26,8003369,8000209,34,43,59
2023-12-26,8003369,8003367,21,42,131
2023-12-26,8003369,8003369,62,85,92
2023-12-26,8003371,8003360,49,60,62
2023-12-26,8003371,8003362,51,61,188
2023-12-26,8003371,8003371,105,121,136
2023-12-26,8003372,8003360,57,61,200
2023-12-26,8003372,8003372,85,121,125
2023-12-26,8003372,8003392,33,84,39
2023-12-26,8003373,8001507,20,42,57
2023-12-26,8003373,8003373,45,82,58
2023-12-26,8003373,8079140,15,60,21
2023-12-26,8003375,8003375,100,134,99
2023-12-26,8003375,8003392,33,67,78
2023-12-26,8003375,8003732,61,67,120
2023-12-26,8003379,8003370,25,38,77
2023-12-26,8003379,8003379,61,76,107
2023-12-26,8003379,8004869,28,38,122
2023-12-26,8003383,8002389,65,67,126
2023-12-26,8003383,8003383,119,134,109
2023-12-26,8003383,8003732,54,67,84
2023-12-26,8003386,8003386,29,75,51
2023-12-26,8003386,8004366,16,36,32
2023-12-26,8003386,8005074,16,39,78
2023-12-26,8003392,8003320,69,118,82
2023-12-26,8003392,8003364,81,84,82
2023-12-26,8003392,8003372,67,84,163
2023-12-26,8003392,8003375,52,67,112
2023-12-26,8003392,8003392,200,340,95
2023-12-26,8003395,8000404,22,68,51
2023-12-26,8003395,8002806,37,67,87
2023-12-26,8003395,8003395,65,135,71
2023-12-26,8003414,8003414,23,32,49
2023-12-26,8003414,8003937,8,16,34
2023-12-26,8003414,8006516,11,16,43
2023-12-26,8003462,8000100,33,37,67
2023-12-26,8003462,8003462,65,73,57
2023-12-26,8003462,8004616,35,36,52
2023-12-26,8003553,8000084,36,51,84
2023-12-26,8003553,8001886,20,36,186
2023-12-26,8003553,8001893,1,16,2
2023-12-26,8003553,8003553,61,103,123
2023-12-26,8003616,8000853,26,34,255
2023-12-26,8003616,8002490,24,29,563
2023-12-26,8003616,8003616,54,69,459
2023-12-26,8003668,8003668,59,84,171
2023-12-26,8003668,8003672,21,42,126
2023-12-26,8003668,8006713,32,42,215
2023-12-26,8003669,8000209,16,25,334
2023-12-26,8003669,8000853,33,35,691
2023-12-26,8003669,8003669,43,49,628
2023-12-26,8003671,8003252,4,18,22
2023-12-26,8003671,8003361,11,16,36
2023-12-26,8003671,8003671,34,73,55
2023-12-26,8003671,8006280,16,39,71
2023-12-26,8003672,8003540,19,42,109
2023-12-26,8003672,8003668,31,42,206
2023-12-26,8003672,8003672,52,84,168
2023-12-26,8003697,8000677,9,18,60
2023-12-26,8003697,8001113,3,18,13
2023-12-26,8003697,8002206,23,54,136
2023-12-26,8003697,8002718,0,18,0
2023-12-26,8003697,8003697,39,108,88
2023-12-26,8003732,8003375,53,67,100
2023-12-26,8003732,8003383,65,67,134
2023-12-26,8003732,8003732,118,134,108
2023-12-26,8003927,8000100,11,17,55
2023-12-26,8003927,8003158,16,17,120
2023-12-26,8003927,8003927,43,70,71
2023-12-26,8003927,8005298,12,19,47
2023-12-26,8003927,8005339,11,17,108
2023-12-26,8003931,8003931,47,73,50
2023-12-26,8003931,8003937,31,36,57
2023-12-26,8003931,8005057,12,37,22
2023-12-26,8003937,8003414,16,16,90
2023-12-26,8003937,8003931,20,37,28
2023-12-26,8003937,8003937,44,73,37
2023-12-26,8003937,8006516,11,20,33
2023-12-26,8003966,8000135,0,1,0
2023-12-26,8003966,8001086,14,21,129
2023-12-26,8003966,8002104,4,18,27
2023-12-26,8003966,8003966,19,40,88
2023-12-26,8003990,8000084,25,33,123
2023-12-26,8003990,8001264,29,34,78
2023-12-26,8003990,8003990,54,67,90
2023-12-26,8004366,8001086,16,19,57
2023-12-26,8004366,8003386,18,39,75
2023-12-26,8004366,8004366,33,40,98
2023-12-26,8004519,8001557,0,19,0
2023-12-26,8004519,8002725,0,18,0
2023-12-26,8004519,8004519,0,37,0
2023-12-26,8004616,8003462,36,37,85
2023-12-26,8004616,8004616,66,73,54
2023-12-26,8004616,8005058,27,36,47
2023-12-26,8004739,8002988,12,30,-1
2023-12-26,8004746,8002290,9,18,25
2023-12-26,8004746,8004746,28,37,35
2023-12-26,8004746,8006659,8,19,14
2023-12-26,8004869,8000135,22,35,76
2023-12-26,8004869,8000178,11,14,135
2023-12-26,8004869,8003379,30,38,82
2023-12-26,8004869,8004869,114,145,119
2023-12-26,8004869,8004873,26,38,133
2023-12-26,8004869,8004898,10,16,94
2023-12-26,8004873,8003330,40,48,78
2023-12-26,8004873,8004869,38,38,126
2023-12-26,8004873,8004873,139,172,118
2023-12-26,8004873,8005629,64,86,170
2023-12-26,8004898,8003330,16,20,114
2023-12-26,8004898,8004869,13,17,78
2023-12-26,8004898,8004898,33,74,98
2023-12-26,8004898,8005746,25,37,152
2023-12-26,8004907,8000178,2,19,3
2023-12-26,8004907,8000355,6,18,20
2023-12-26,8004907,8004907,15,37,18
2023-12-26,8005057,8003931,35,36,82
2023-12-26,8005057,8005057,43,73,41
2023-12-26,8005057,8005058,16,37,30
2023-12-26,8005058,8004616,31,37,48
2023-12-26,8005058,8005057,29,36,50
2023-12-26,8005058,8005058,65,73,56
2023-12-26,8005074,8000713,15,39,69
2023-12-26,8005074,8003386,16,36,29
2023-12-26,8005074,8005074,33,75,52
2023-12-26,8005134,8002932,12,32,39
2023-12-26,8005134,8005134,32,62,46
2023-12-26,8005134,8005143,13,30,64
2023-12-26,8005143,8003358,28,30,117
2023-12-26,8005143,8005134,22,32,75
2023-12-26,8005143,8005143,49,62,86
2023-12-26,8005152,8001091,16,22,112
2023-12-26,8005152,8005152,39,48,93
2023-12-26,8005152,8005499,10,24,38
2023-12-26,8005164,8000012,12,32,63
2023-12-26,8005164,8005164,46,64,85
2023-12-26,8005164,8005356,29,32,98
2023-12-26,8005298,8000100,10,19,47
2023-12-26,8005298,8003927,11,17,108
2023-12-26,8005298,8005298,22,36,95
2023-12-26,8005339,8003158,12,17,106
2023-12-26,8005339,8003927,12,19,41
2023-12-26,8005339,8005339,21,36,73
2023-12-26,8005356,8000012,11,17,83
2023-12-26,8005356,8001384,28,32,95
2023-12-26,8005356,8002768,13,17,86
2023-12-26,8005356,8005164,17,32,93
2023-12-26,8005356,8005356,64,98,84
2023-12-26,8005499,8001215,19,24,82
2023-12-26,8005499,8005152,23,24,140
2023-12-26,8005499,8005499,38,48,92
2023-12-26,8005575,8000178,29,46,67
2023-12-26,8005575,8001264,23,33,120
2023-12-26,8005575,8005575,50,67,104
2023-12-26,8005629,8000135,60,86,159
2023-12-26,8005629,8004873,39,86,48
2023-12-26,8005629,8005629,111,172,107
2023-12-26,8005743,8005745,0,16,0
2023-12-26,8005744,8005744,10,32,37
2023-12-26,8005744,8005745,11,16,86
2023-12-26,8005744,8098348,15,16,49
2023-12-26,8005745,8005743,10,16,90
2023-12-26,8005745,8005744,0,16,0
2023-12-26,8005745,8005745,11,32,45
2023-12-26,8005746,8004898,7,37,47
2023-12-26,8005746,8005159,21,37,135
2023-12-26,8005746,8005746,37,74,99
2023-12-26,8005935,8002206,27,54,65
2023-12-26,8005935,8002806,23,54,131
2023-12-26,8005935,8005935,50,108,97
2023-12-26,8006280,8000100,5,18,33
2023-12-26,8006280,8001416,9,21,103
2023-12-26,8006280,8003671,13,34,28
2023-12-26,8006280,8006280,28,73,51
2023-12-26,8006516,8000495,15,36,29
2023-12-26,8006516,8003414,4,16,19
2023-12-26,8006516,8003937,7,21,19
2023-12-26,8006516,8006516,29,73,23
2023-12-26,8006659,8000355,8,19,19
2023-12-26,8006659,8004746,12,18,27
2023-12-26,8006659,8006659,16,37,16
2023-12-26,8006713,8000209,29,38,321
2023-12-26,8006713,8000832,32,42,207
2023-12-26,8006713,8001584,20,20,1016
2023-12-26,8006713,8003330,16,21,346
2023-12-26,8006713,8003668,27,42,132
2023-12-26,8006713,8006226,14,19,237
2023-12-26,8006713,8006713,132,184,308
2023-12-26,8070704,8000404,50,85,89
2023-12-26,8070704,8000406,21,30,107
2023-12-26,8070704,8070704,76,158,93
2023-12-26,8079140,8003366,40,60,44
2023-12-26,8079140,8003373,45,61,161
2023-12-26,8079140,8079140,74,121,116
2023-12-26,8098348,8005744,7,16,39
2023-12-26,8098348,8098348,19,32,37
2023-12-26,8098348,8099506,14,16,75
2023-12-26,8098349,8001917,2,17,7
2023-12-26,8099506,8000348,6,16,38
2023-12-26,8099506,8098348,4,16,2
2023-12-26,8099506,8099506,21,32,52
2023-12-27,8000012,8000012,34,40,216
2023-12-27,8000012,8001928,5,5,108
2023-12-27,8000012,8005164,16,38,126
2023-12-27,8000012,8005356,15,18,115
2023-12-27,8000012,8006501,13,15,392
2023-12-27,8000030,8002290,13,35,34
2023-12-27,8000084,8000084,54,82,209
2023-12-27,8000084,8000178,28,38,77
2023-12-27,8000084,8000348,0,1,0
2023-12-27,8000084,8003553,30,59,243
2023-12-27,8000084,8003990,28,49,88
2023-12-27,8000100,8000100,57,76,205
2023-12-27,8000100,8002402,17,25,198
2023-12-27,8000100,8003361,0,1,-90
2023-12-27,8000100,8003462,9,40,17
2023-12-27,8000100,8003671,1,1,270
2023-12-27,8000100,8003927,17,18,343
2023-12-27,8000100,8005298,18,20,255
2023-12-27,8000100,8006280,13,17,97
2023-12-27,8000135,8000135,204,322,165
2023-12-27,8000135,8002104,18,20,405
2023-12-27,8000135,8002753,111,141,202
2023-12-27,8000135,8003330,9,20,120
2023-12-27,8000135,8004869,37,39,266
2023-12-27,8000135,8005629,64,122,82
2023-12-27,8000178,8000084,29,40,379
2023-12-27,8000178,8000178,165,206,186
2023-12-27,8000178,8000209,1,1,630
2023-12-27,8000178,8001506,18,20,192
2023-12-27,8000178,8002389,51,101,69
2023-12-27,8000178,8004869,16,17,189
2023-12-27,8000178,8004907,15,35,19
2023-12-27,8000178,8005575,54,62,220
2023-12-27,8000209,8000178,18,21,526
2023-12-27,8000209,8000209,279,340,465
2023-12-27,8000209,8003310,37,59,177
2023-12-27,8000209,8003330,1,1,30
2023-12-27,8000209,8003361,16,17,549
2023-12-27,8000209,8003364,58,118,163
2023-12-27,8000209,8003369,51,59,280
2023-12-27,8000209,8003669,20,22,1593
2023-12-27,8000209,8006713,20,20,2031
2023-12-27,8000348,8000084,1,1,120
2023-12-27,8000348,8000348,87,120,168
2023-12-27,8000348,8000406,27,39,322
2023-12-27,8000348,8001712,15,39,48
2023-12-27,8000348,8001886,36,40,118
2023-12-27,8000348,8099506,19,35,79
2023-12-27,8000355,8000355,27,70,35
2023-12-27,8000355,8004907,5,35,17
2023-12-27,8000355,8006659,16,35,52
2023-12-27,8000404,8000404,118,254,69
2023-12-27,8000404,8002806,29,50,91
2023-12-27,8000404,8003395,28,77,43
2023-12-27,8000404,8070704,28,81,43
2023-12-27,8000406,8000348,38,40,100
2023-12-27,8000406,8000406,95,157,131
2023-12-27,8000406,8001712,19,39,80
2023-12-27,8000406,8070704,13,36,42
2023-12-27,8000495,8000495,37,80,38
2023-12-27,8000495,8001084,20,40,46
2023-12-27,8000495,8006516,15,40,26
2023-12-27,8000502,8000502,15,37,54
2023-12-27,8000502,8000507,1,36,8
2023-12-27,8000502,8000521,16,19,137
2023-12-27,8000507,8000502,22,36,83
2023-12-27,8000507,8000507,22,72,45
2023-12-27,8000507,8002816,2,36,10
2023-12-27,8000510,8000510,20,38,65
2023-12-27,8000510,8000527,3,19,9
2023-12-27,8000510,8001917,12,19,99
2023-12-27,8000521,8000502,0,19,0
2023-12-27,8000521,8000521,17,38,75
2023-12-27,8000521,8000527,17,19,169
2023-12-27,8000527,8000510,17,19,147
2023-12-27,8000527,8000521,3,19,5
2023-12-27,8000527,8000527,20,38,91
2023-12-27,8000677,8000677,43,78,88
2023-12-27,8000677,8001113,7,20,84
2023-12-27,8000677,8001839,15,39,35
2023-12-27,8000677,8003697,18,19,204
2023-12-27,8000713,8000713,34,79,141
2023-12-27,8000713,8005074,15,40,111
2023-12-27,8000713,8005970,20,39,178
2023-12-27,8000832,8000832,69,118,162
2023-12-27,8000832,8003310,32,59,155
2023-12-27,8000832,8006713,34,59,174
2023-12-27,8000853,8000853,86,114,791
2023-12-27,8000853,8001506,13,18,328
2023-12-27,8000853,8003616,30,39,1022
2023-12-27,8000853,8003669,37,40,530
2023-12-27,8000853,8006719,16,18,1527
2023-12-27,8000899,8001566,42,59,229
2023-12-27,8001081,8001081,31,80,28
2023-12-27,8001081,8001084,11,40,22
2023-12-27,8001081,8001088,9,40,22
2023-12-27,8001082,8001082,75,84,271
2023-12-27,8001082,8001085,24,24,224
2023-12-27,8001082,8001091,33,42,176
2023-12-27,8001082,8004604,18,18,568
2023-12-27,8001084,8000495,20,40,32
2023-12-27,8001084,8001081,19,40,44
2023-12-27,8001084,8001084,35,80,39
2023-12-27,8001085,8001082,19,24,148
2023-12-27,8001085,8001085,42,48,182
2023-12-27,8001085,8004604,0,1,0
2023-12-27,8001085,8005153,22,23,218
2023-12-27,8001086,8001086,28,40,247
2023-12-27,8001086,8003966,10,20,140
2023-12-27,8001086,8004366,19,20,344
2023-12-27,8001088,8001081,22,40,42
2023-12-27,8001088,8001088,38,80,35
2023-12-27,8001091,8001082,33,42,351
2023-12-27,8001091,8001091,64,84,265
2023-12-27,8001091,8001215,11,18,160
2023-12-27,8001091,8005152,22,23,173
2023-12-27,8001113,8000677,6,20,14
2023-12-27,8001113,8001113,12,40,46
2023-12-27,8001113,8003697,8,20,46
2023-12-27,8001215,8001091,18,18,638
2023-12-27,8001215,8001215,76,84,314
2023-12-27,8001215,8003160,23,24,232
2023-12-27,8001215,8003361,9,18,143
2023-12-27,8001215,8005499,23,24,256
2023-12-27,8001264,8001264,79,98,157
2023-12-27,8001264,8003990,33,49,195
2023-12-27,8001264,8005575,41,49,114
2023-12-27,8001384,8001384,56,76,173
2023-12-27,8001384,8002768,31,38,156
2023-12-27,8001384,8005356,26,38,203
2023-12-27,8001416,8001416,38,50,371
2023-12-27,8001416,8002402,24,26,291
2023-12-27,8001416,8006280,14,24,318
2023-12-27,8001557,8001557,0,40,0
2023-12-27,8001557,8002720,0,20,0
2023-12-27,8001557,8004519,0,20,0
2023-12-27,8001566,8000899,57,59,331
2023-12-27,8001566,8001566,103,118,277
2023-12-27,8001566,8003367,47,59,225
2023-12-27,8001712,8000348,27,39,101
2023-12-27,8001712,8000406,15,39,48
2023-12-27,8001712,8001712,39,78,69
2023-12-27,8001736,8001736,80,112,190
2023-12-27,8001736,8002753,19,20,135
2023-12-27,8001736,8002768,42,56,244
2023-12-27,8001736,8003987,22,36,139
2023-12-27,8001839,8000318,18,21,110
2023-12-27,8001839,8000677,28,39,138
2023-12-27,8001839,8001839,49,80,86
2023-12-27,8001839,8002784,1,20,0
2023-12-27,8001886,8000348,28,40,340
2023-12-27,8001886,8001886,61,80,224
2023-12-27,8001886,8003553,37,40,122
2023-12-27,8001887,8001888,0,34,0
2023-12-27,8001888,8001887,0,36,0
2023-12-27,8001888,8001888,0,70,0
2023-12-27,8001888,8001889,0,34,0
2023-12-27,8001889,8001888,0,36,0
2023-12-27,8001889,8001889,0,70,0
2023-12-27,8001889,8001893,0,34,0
2023-12-27,8001893,8001889,0,36,0
2023-12-27,8001893,8001893,0,69,0
2023-12-27,8001893,8003553,0,35,0
2023-12-27,8001917,8000510,14,19,32
2023-12-27,8001917,8001917,27,38,69
2023-12-27,8001917,8098349,13,19,112
2023-12-27,8002104,8000135,6,19,107
2023-12-27,8002104,8002104,23,39,255
2023-12-27,8002104,8003966,17,20,399
2023-12-27,8002206,8001839,1,2,30
2023-12-27,8002206,8002206,56,120,58
2023-12-27,8002206,8003697,26,59,52
2023-12-27,8002206,8005935,23,60,62
2023-12-27,8002290,8000030,16,35,44
2023-12-27,8002290,8002290,49,70,54
2023-12-27,8002290,8004746,28,35,72
2023-12-27,8002389,8000178,78,102,156
2023-12-27,8002389,8002389,133,203,107
2023-12-27,8002389,8003383,47,101,66
2023-12-27,8002402,8000100,22,26,354
2023-12-27,8002402,8001416,17,24,322
2023-12-27,8002402,8002402,40,51,292
2023-12-27,8002402,8006280,1,1,30
2023-12-27,8002718,8002718,1,40,1
2023-12-27,8002718,8002719,1,20,2
2023-12-27,8002718,8003697,0,20,0
2023-12-27,8002719,8002718,0,20,0
2023-12-27,8002719,8002719,1,40,1
2023-12-27,8002719,8002720,1,20,2
2023-12-27,8002720,8001557,0,20,0
2023-12-27,8002720,8002719,0,20,0
2023-12-27,8002720,8002720,0,40,0
2023-12-27,8002721,8002725,0,20,0
2023-12-27,8002725,8002721,1,20,3
2023-12-27,8002725,8002725,1,40,2
2023-12-27,8002725,8004519,0,20,0
2023-12-27,8002753,8000135,75,141,90
2023-12-27,8002753,8001736,15,20,294
2023-12-27,8002753,8002753,117,152,177
2023-12-27,8002753,8002775,44,56,221
2023-12-27,8002768,8001384,26,38,202
2023-12-27,8002768,8001736,48,56,150
2023-12-27,8002768,8002768,89,112,198
2023-12-27,8002768,8005356,16,18,322
2023-12-27,8002775,8001006,32,41,213
2023-12-27,8002775,8002753,37,56,103
2023-12-27,8002775,8002775,71,112,158
2023-12-27,8002775,8003987,11,15,258
2023-12-27,8002804,8002804,17,72,32
2023-12-27,8002804,8002806,10,36,27
2023-12-27,8002804,8002816,19,36,62
2023-12-27,8002806,8000404,33,51,141
2023-12-27,8002806,8002206,1,2,60
2023-12-27,8002806,8002804,16,36,59
2023-12-27,8002806,8002806,126,256,74
2023-12-27,8002806,8003395,21,76,34
2023-12-27,8002806,8005935,27,60,48
2023-12-27,8002806,8400043,17,30,136
2023-12-27,8002806,8400548,1,1,480
2023-12-27,8002816,8000507,18,36,68
2023-12-27,8002816,8002804,2,36,10
2023-12-27,8002816,8002816,24,72,39
2023-12-27,8002932,8002932,64,78,147
2023-12-27,8002932,8002988,34,37,195
2023-12-27,8002932,8004739,2,3,30
2023-12-27,8002932,8005134,29,38,126
2023-12-27,8002988,8002932,23,38,103
2023-12-27,8002988,8002988,48,75,139
2023-12-27,8002988,8004739,22,37,152
2023-12-27,8003158,8003927,5,19,17
2023-12-27,8003158,8005339,12,23,78
2023-12-27,8003160,8001215,23,24,261
2023-12-27,8003160,8003160,80,98,261
2023-12-27,8003160,8003252,18,26,234
2023-12-27,8003160,8003361,41,47,352
2023-12-27,8003252,8003160,13,24,319
2023-12-27,8003252,8003252,29,52,261
2023-12-27,8003252,8003361,1,1,30
2023-12-27,8003252,8003671,22,27,246
2023-12-27,8003310,8000209,46,59,174
2023-12-27,8003310,8000832,40,59,189
2023-12-27,8003310,8003310,72,118,163
2023-12-27,8003320,8003320,207,322,136
2023-12-27,8003320,8003358,103,105,223
2023-12-27,8003320,8003370,38,57,129
2023-12-27,8003320,8003392,120,160,140
2023-12-27,8003330,8000010,1,1,510
2023-12-27,8003330,8000135,16,20,381
2023-12-27,8003330,8000209,1,1,90
2023-12-27,8003330,8000667,3,3,120
2023-12-27,8003330,8003330,142,178,215
2023-12-27,8003330,8003358,42,65,135
2023-12-27,8003330,8003363,4,7,120
2023-12-27,8003330,8004873,57,65,252
2023-12-27,8003330,8004898,16,19,270
2023-12-27,8003330,8006713,15,21,124
2023-12-27,8003358,8003320,66,103,151
2023-12-27,8003358,8003330,62,65,254
2023-12-27,8003358,8003358,172,208,205
2023-12-27,8003358,8005143,35,40,220
2023-12-27,8003360,8003360,163,208,193
2023-12-27,8003360,8003371,90,104,271
2023-12-27,8003360,8003372,75,104,134
2023-12-27,8003361,8000100,0,1,0
2023-12-27,8003361,8000209,16,16,1159
2023-12-27,8003361,8001215,17,18,633
2023-12-27,8003361,8003160,40,49,238
2023-12-27,8003361,8003252,1,1,60
2023-12-27,8003361,8003352,1,1,120
2023-12-27,8003361,8003361,139,173,296
2023-12-27,8003361,8003363,59,66,329
2023-12-27,8003361,8003671,15,17,275
2023-12-27,8003362,8003362,139,208,181
2023-12-27,8003362,8003365,87,104,262
2023-12-27,8003362,8003371,51,104,115
2023-12-27,8003363,8003330,7,7,583
2023-12-27,8003363,8003361,56,66,228
2023-12-27,8003363,8003363,118,132,290
2023-12-27,8003364,8000209,105,118,268
2023-12-27,8003364,8003364,167,236,191
2023-12-27,8003364,8003392,98,116,212
2023-12-27,8003365,8003362,51,104,117
2023-12-27,8003365,8003365,165,208,196
2023-12-27,8003365,8003366,87,104,264
2023-12-27,8003366,8003365,78,104,136
2023-12-27,8003366,8003366,165,208,195
2023-12-27,8003366,8079140,88,104,260
2023-12-27,8003367,8001566,45,59,279
2023-12-27,8003367,8003367,94,118,246
2023-12-27,8003367,8003369,42,59,223
2023-12-27,8003369,8000209,49,59,231
2023-12-27,8003369,8003367,45,59,266
2023-12-27,8003369,8003369,101,118,254
2023-12-27,8003371,8003360,83,104,128
2023-12-27,8003371,8003362,82,104,238
2023-12-27,8003371,8003371,172,208,197
2023-12-27,8003372,8003360,95,104,269
2023-12-27,8003372,8003372,158,208,192
2023-12-27,8003372,8003392,78,115,121
2023-12-27,8003373,8001507,39,59,160
2023-12-27,8003373,8003373,85,116,182
2023-12-27,8003373,8079140,40,104,96
2023-12-27,8003375,8003375,148,203,118
2023-12-27,8003375,8003392,70,103,108
2023-12-27,8003375,8003732,78,102,152
2023-12-27,8003379,8003370,29,57,63
2023-12-27,8003379,8003379,77,114,106
2023-12-27,8003379,8004869,42,57,154
2023-12-27,8003383,8002389,86,102,151
2023-12-27,8003383,8003383,165,203,121
2023-12-27,8003383,8003732,79,101,79
2023-12-27,8003386,8003386,36,79,149
2023-12-27,8003386,8004366,15,40,113
2023-12-27,8003386,8005074,24,39,185
2023-12-27,8003392,8003320,122,162,149
2023-12-27,8003392,8003364,103,114,156
2023-12-27,8003392,8003372,96,118,257
2023-12-27,8003392,8003375,73,104,138
2023-12-27,8003392,8003392,335,474,162
2023-12-27,8003395,8000404,23,76,30
2023-12-27,8003395,8002806,28,77,46
2023-12-27,8003395,8003395,49,153,38
2023-12-27,8003462,8000100,25,40,47
2023-12-27,8003462,8003462,62,80,52
2023-12-27,8003462,8004616,36,40,51
2023-12-27,8003553,8000084,35,59,61
2023-12-27,8003553,8001886,28,40,331
2023-12-27,8003553,8001893,0,35,0
2023-12-27,8003553,8003553,66,118,158
2023-12-27,8003616,8000853,29,39,502
2023-12-27,8003616,8002490,25,36,966
2023-12-27,8003616,8003616,57,78,754
2023-12-27,8003668,8003668,74,118,160
2023-12-27,8003668,8003672,35,59,165
2023-12-27,8003668,8006713,36,59,156
2023-12-27,8003669,8000209,20,22,682
2023-12-27,8003669,8000853,32,40,978
2023-12-27,8003669,8003669,40,44,1160
2023-12-27,8003671,8003252,13,25,305
2023-12-27,8003671,8003361,15,18,123
2023-12-27,8003671,8003671,64,87,238
2023-12-27,8003671,8006280,33,44,262
2023-12-27,8003672,8003540,30,59,149
2023-12-27,8003672,8003668,35,59,148
2023-12-27,8003672,8003672,70,118,156
2023-12-27,8003697,8000677,9,19,55
2023-12-27,8003697,8001113,1,20,3
2023-12-27,8003697,8002206,26,59,65
2023-12-27,8003697,8002718,0,20,0
2023-12-27,8003697,8003697,44,118,51
2023-12-27,8003732,8003375,83,101,107
2023-12-27,8003732,8003383,83,102,166
2023-12-27,8003732,8003732,166,203,125
2023-12-27,8003927,8000100,8,19,27
2023-12-27,8003927,8003158,17,18,353
2023-12-27,8003927,8003927,47,80,166
2023-12-27,8003927,8005298,16,23,94
2023-12-27,8003927,8005339,15,20,249
2023-12-27,8003931,8003931,51,80,45
2023-12-27,8003931,8003937,30,40,39
2023-12-27,8003931,8005057,17,40,32
2023-12-27,8003937,8003931,20,40,39
2023-12-27,8003937,8003937,43,80,35
2023-12-27,8003937,8006516,24,40,44
2023-12-27,8003966,8000135,1,1,240
2023-12-27,8003966,8001086,18,20,366
2023-12-27,8003966,8002104,6,19,111
2023-12-27,8003966,8003966,24,40,256
2023-12-27,8003990,8000084,39,49,198
2023-12-27,8003990,8001264,45,49,127
2023-12-27,8003990,8003990,84,98,158
2023-12-27,8004366,8001086,13,20,165
2023-12-27,8004366,8003386,24,39,192
2023-12-27,8004366,8004366,32,40,259
2023-12-27,8004519,8001557,0,20,0
2023-12-27,8004519,8002725,1,20,3
2023-12-27,8004519,8004519,1,40,1
2023-12-27,8004616,8003462,36,40,71
2023-12-27,8004616,8004616,59,80,43
2023-12-27,8004616,8005058,23,40,38
2023-12-27,8004739,8002988,20,38,110
2023-12-27,8004746,8002290,20,35,62
2023-12-27,8004746,8004746,53,70,63
2023-12-27,8004746,8006659,17,35,38
2023-12-27,8004869,8000135,31,39,295
2023-12-27,8004869,8000178,15,17,196
2023-12-27,8004869,8003379,37,57,57
2023-12-27,8004869,8004869,155,192,187
2023-12-27,8004869,8004873,42,57,158
2023-12-27,8004869,8004898,16,18,325
2023-12-27,8004873,8003330,53,65,146
2023-12-27,8004873,8004869,45,57,91
2023-12-27,8004873,8004873,192,244,156
2023-12-27,8004873,8005629,99,122,221
2023-12-27,8004898,8003330,17,20,218
2023-12-27,8004898,8004869,19,19,292
2023-12-27,8004898,8004898,55,80,218
2023-12-27,8004898,8005746,33,40,328
2023-12-27,8004907,8000178,6,35,14
2023-12-27,8004907,8000355,15,35,51
2023-12-27,8004907,8004907,22,70,33
2023-12-27,8005057,8003931,34,40,58
2023-12-27,8005057,8005057,44,80,35
2023-12-27,8005057,8005058,20,40,36
2023-12-27,8005058,8004616,34,40,50
2023-12-27,8005058,8005057,25,40,35
2023-12-27,8005058,8005058,62,80,56
2023-12-27,8005074,8000713,17,39,169
2023-12-27,8005074,8003386,18,40,117
2023-12-27,8005074,8005074,42,79,148
2023-12-27,8005134,8002932,24,40,156
2023-12-27,8005134,8005134,52,78,157
2023-12-27,8005134,8005143,24,38,192
2023-12-27,8005143,8003358,33,38,220
2023-12-27,8005143,8005134,31,40,196
2023-12-27,8005143,8005143,63,78,207
2023-12-27,8005152,8001091,20,23,226
2023-12-27,8005152,8005152,45,48,216
2023-12-27,8005152,8005499,19,24,155
2023-12-27,8005164,8000012,21,38,152
2023-12-27,8005164,8005164,60,76,167
2023-12-27,8005164,8005356,34,38,157
2023-12-27,8005298,8000100,15,23,95
2023-12-27,8005298,8003927,16,20,244
2023-12-27,8005298,8005298,32,43,179
2023-12-27,8005339,8003158,16,20,250
2023-12-27,8005339,8003927,13,23,86
2023-12-27,8005339,8005339,28,43,170
2023-12-27,8005356,8000012,16,18,340
2023-12-27,8005356,8001384,34,38,145
2023-12-27,8005356,8002768,13,18,113
2023-12-27,8005356,8005164,26,38,202
2023-12-27,8005356,8005356,89,112,189
2023-12-27,8005499,8001215,24,24,235
2023-12-27,8005499,8005152,24,24,258
2023-12-27,8005499,8005499,45,48,218
2023-12-27,8005575,8000178,49,62,99
2023-12-27,8005575,8001264,38,49,213
2023-12-27,8005575,8005575,79,98,166
2023-12-27,8005629,8000135,97,122,220
2023-12-27,8005629,8004873,58,122,78
2023-12-27,8005629,8005629,166,244,151
2023-12-27,8005743,8005745,0,35,0
2023-12-27,8005744,8005744,15,70,26
2023-12-27,8005744,8005745,15,35,58
2023-12-27,8005744,8098348,28,35,57
2023-12-27,8005745,8005743,14,35,58
2023-12-27,8005745,8005744,0,35,0
2023-12-27,8005745,8005745,15,70,29
2023-12-27,8005746,8004898,21,40,102
2023-12-27,8005746,8005159,33,40,308
2023-12-27,8005746,8005746,66,80,220
2023-12-27,8005935,8002206,30,60,58
2023-12-27,8005935,8002806,22,60,59
2023-12-27,8005935,8005935,50,120,55
2023-12-27,8006280,8000100,9,18,252
2023-12-27,8006280,8001416,20,26,410
2023-12-27,8006280,8003671,24,42,216
2023-12-27,8006280,8006280,59,86,251
2023-12-27,8006516,8000495,18,40,38
2023-12-27,8006516,8003937,12,40,27
2023-12-27,8006516,8006516,27,80,28
2023-12-27,8006659,8000355,27,35,44
2023-12-27,8006659,8004746,25,35,64
2023-12-27,8006659,8006659,43,70,50
2023-12-27,8006713,8000209,32,40,500
2023-12-27,8006713,8000832,40,59,157
2023-12-27,8006713,8001584,20,20,2182
2023-12-27,8006713,8003330,17,21,724
2023-12-27,8006713,8003668,38,59,168
2023-12-27,8006713,8006226,18,20,296
2023-12-27,8006713,8006713,152,220,468
2023-12-27,8070704,8000404,50,96,46
2023-12-27,8070704,8000406,21,37,66
2023-12-27,8070704,8070704,80,177,45
2023-12-27,8079140,8003366,78,104,120
2023-12-27,8079140,8003373,80,104,216
2023-12-27,8079140,8079140,144,208,178
2023-12-27,8098348,8005744,10,35,36
2023-12-27,8098348,8098348,36,70,42
2023-12-27,8098348,8099506,31,35,92
2023-12-27,8098349,8001917,4,19,11
2023-12-27,8099506,8000348,16,35,19
2023-12-27,8099506,8098348,5,35,-13
2023-12-27,8099506,8099506,50,70,55
2023-12-28,8000012,8000012,32,40,191
2023-12-28,8000012,8001928,2,5,144
2023-12-28,8000012,8005164,14,38,95
2023-12-28,8000012,8005356,15,18,155
2023-12-28,8000012,8006501,13,15,280
2023-12-28,8000030,8002290,10,35,13
2023-12-28,8000084,8000084,54,79,273
2023-12-28,8000084,8000178,29,38,107
2023-12-28,8000084,8000348,1,1,870
2023-12-28,8000084,8003553,27,58,282
2023-12-28,8000084,8003990,22,49,110
2023-12-28,8000100,8000100,49,76,107
2023-12-28,8000100,8002402,9,25,59
2023-12-28,8000100,8003361,0,1,0
2023-12-28,8000100,8003462,8,40,8
2023-12-28,8000100,8003671,0,1,0
2023-12-28,8000100,8003927,17,18,210
2023-12-28,8000100,8005298,20,20,176
2023-12-28,8000100,8006280,10,17,44
2023-12-28,8000135,8000135,201,322,149
2023-12-28,8000135,8002104,19,20,294
2023-12-28,8000135,8002753,106,141,176
2023-12-28,8000135,8003330,8,20,45
2023-12-28,8000135,8004869,36,39,211
2023-12-28,8000135,8005629,78,122,93
2023-12-28,8000178,8000084,30,40,448
2023-12-28,8000178,8000178,157,206,207
2023-12-28,8000178,8000209,1,1,150
2023-12-28,8000178,8001506,18,20,220
2023-12-28,8000178,8002389,48,101,84
2023-12-28,8000178,8004869,14,17,102
2023-12-28,8000178,8004907,12,35,24
2023-12-28,8000178,8005575,49,62,208
2023-12-28,8000209,8000178,18,21,641
2023-12-28,8000209,8000209,269,340,425
2023-12-28,8000209,8003310,30,59,190
2023-12-28,8000209,8003330,1,1,60
2023-12-28,8000209,8003361,13,17,662
2023-12-28,8000209,8003364,69,118,272
2023-12-28,8000209,8003369,45,59,298
2023-12-28,8000209,8003669,21,22,978
2023-12-28,8000209,8006713,20,20,1233
2023-12-28,8000348,8000084,1,1,600
2023-12-28,8000348,8000348,85,117,220
2023-12-28,8000348,8000406,29,38,397
2023-12-28,8000348,8001712,19,39,67
2023-12-28,8000348,8001886,34,38,159
2023-12-28,8000348,8099506,19,35,71
2023-12-28,8000355,8000355,22,70,15
2023-12-28,8000355,8004907,1,35,2
2023-12-28,8000355,8006659,13,35,22
2023-12-28,8000404,8000404,125,250,82
2023-12-28,8000404,8002806,30,48,69
2023-12-28,8000404,8003395,33,77,74
2023-12-28,8000404,8070704,35,81,89
2023-12-28,8000406,8000348,36,38,151
2023-12-28,8000406,8000406,105,154,170
2023-12-28,8000406,8001712,21,39,90
2023-12-28,8000406,8070704,21,36,88
2023-12-28,8000495,8000495,47,80,49
2023-12-28,8000495,8001084,26,40,50
2023-12-28,8000495,8006516,16,40,35
2023-12-28,8000502,8000502,18,37,68
2023-12-28,8000502,8000507,4,36,14
2023-12-28,8000502,8000521,16,19,155
2023-12-28,8000507,8000502,27,36,139
2023-12-28,8000507,8000507,30,72,73
2023-12-28,8000507,8002816,4,36,16
2023-12-28,8000510,8000510,20,38,73
2023-12-28,8000510,8000527,4,19,16
2023-12-28,8000510,8001917,14,19,123
2023-12-28,8000521,8000502,1,19,3
2023-12-28,8000521,8000521,20,38,85
2023-12-28,8000521,8000527,18,19,185
2023-12-28,8000527,8000510,18,19,152
2023-12-28,8000527,8000521,4,19,9
2023-12-28,8000527,8000527,22,38,102
2023-12-28,8000677,8000677,45,78,125
2023-12-28,8000677,8001113,13,20,86
2023-12-28,8000677,8001839,16,39,43
2023-12-28,8000677,8003697,15,19,338
2023-12-28,8000713,8000713,35,79,77
2023-12-28,8000713,8005074,12,40,38
2023-12-28,8000713,8005970,22,39,125
2023-12-28,8000832,8000832,66,118,269
2023-12-28,8000832,8003310,36,59,348
2023-12-28,8000832,8006713,28,59,202
2023-12-28,8000853,8000853,87,114,551
2023-12-28,8000853,8001506,14,18,480
2023-12-28,8000853,8003616,31,39,666
2023-12-28,8000853,8003669,38,40,367
2023-12-28,8000853,8006719,15,18,950
2023-12-28,8000899,8001566,42,59,245
2023-12-28,8001081,8001081,37,80,27
2023-12-28,8001081,8001084,5,40,14
2023-12-28,8001081,8001088,13,40,20
2023-12-28,8001082,8001082,74,84,391
2023-12-28,8001082,8001085,22,24,360
2023-12-28,8001082,8001091,36,42,276
2023-12-28,8001082,8004604,15,18,748
2023-12-28,8001084,8000495,18,40,40
2023-12-28,8001084,8001081,26,40,52
2023-12-28,8001084,8001084,40,80,39
2023-12-28,8001085,8001082,19,24,275
2023-12-28,8001085,8001085,42,48,314
2023-12-28,8001085,8004604,1,1,30
2023-12-28,8001085,8005153,19,23,367
2023-12-28,8001086,8001086,30,40,151
2023-12-28,8001086,8003966,12,20,51
2023-12-28,8001086,8004366,19,20,240
2023-12-28,8001088,8001081,24,40,37
2023-12-28,8001088,8001088,44,80,33
2023-12-28,8001091,8001082,32,42,489
2023-12-28,8001091,8001091,67,84,381
2023-12-28,8001091,8001215,13,18,225
2023-12-28,8001091,8005152,22,23,309
2023-12-28,8001113,8000677,8,20,34
2023-12-28,8001113,8001113,21,40,59
2023-12-28,8001113,8003697,12,20,50
2023-12-28,8001215,8001091,16,18,743
2023-12-28,8001215,8001215,67,84,397
2023-12-28,8001215,8003160,21,24,356
2023-12-28,8001215,8003361,12,18,223
2023-12-28,8001215,8005499,20,24,319
2023-12-28,8001264,8001264,74,98,159
2023-12-28,8001264,8003990,34,49,175
2023-12-28,8001264,8005575,37,49,138
2023-12-28,8001384,8001384,58,76,192
2023-12-28,8001384,8002768,29,38,151
2023-12-28,8001384,8005356,29,38,238
2023-12-28,8001416,8001416,31,50,116
2023-12-28,8001416,8002402,20,26,171
2023-12-28,8001416,8006280,10,24,59
2023-12-28,8001557,8001557,1,39,1
2023-12-28,8001557,8002720,0,19,0
2023-12-28,8001557,8004519,1,20,2
2023-12-28,8001566,8000899,58,59,354
2023-12-28,8001566,8001566,105,118,297
2023-12-28,8001566,8003367,48,59,251
2023-12-28,8001712,8000348,29,39,118
2023-12-28,8001712,8000406,19,39,72
2023-12-28,8001712,8001712,43,78,85
2023-12-28,8001736,8001736,86,112,196
2023-12-28,8001736,8002753,16,20,174
2023-12-28,8001736,8002768,45,56,239
2023-12-28,8001736,8003987,25,36,148
2023-12-28,8001839,8000318,15,21,90
2023-12-28,8001839,8000677,29,39,208
2023-12-28,8001839,8001839,49,80,126
2023-12-28,8001839,8002784,4,20,22
2023-12-28,8001886,8000348,30,39,422
2023-12-28,8001886,8001886,63,77,283
2023-12-28,8001886,8003553,33,38,160
2023-12-28,8001887,8001888,0,34,0
2023-12-28,8001888,8001887,0,36,0
2023-12-28,8001888,8001888,0,70,0
2023-12-28,8001888,8001889,0,34,0
2023-12-28,8001889,8001888,0,36,0
2023-12-28,8001889,8001889,0,70,0
2023-12-28,8001889,8001893,0,34,0
2023-12-28,8001893,8001889,0,36,0
2023-12-28,8001893,8001893,0,69,0
2023-12-28,8001893,8003553,0,35,0
2023-12-28,8001917,8000510,10,19,32
2023-12-28,8001917,8001917,27,38,83
2023-12-28,8001917,8098349,17,19,144
2023-12-28,8002104,8000135,6,19,39
2023-12-28,8002104,8002104,24,39,165
2023-12-28,8002104,8003966,19,20,290
2023-12-28,8002206,8001839,1,2,75
2023-12-28,8002206,8002206,49,120,89
2023-12-28,8002206,8003697,27,59,66
2023-12-28,8002206,8005935,18,60,104
2023-12-28,8002290,8000030,9,35,14
2023-12-28,8002290,8002290,42,70,25
2023-12-28,8002290,8004746,22,35,39
2023-12-28,8002389,8000178,73,102,186
2023-12-28,8002389,8002389,121,203,128
2023-12-28,8002389,8003383,43,101,77
2023-12-28,8002402,8000100,19,26,148
2023-12-28,8002402,8001416,11,24,62
2023-12-28,8002402,8002402,29,51,115
2023-12-28,8002402,8006280,0,1,0
2023-12-28,8002718,8002718,1,39,1
2023-12-28,8002718,8002719,1,20,2
2023-12-28,8002718,8003697,0,19,0
2023-12-28,8002719,8002718,0,19,0
2023-12-28,8002719,8002719,1,39,1
2023-12-28,8002719,8002720,1,20,3
2023-12-28,8002720,8001557,1,20,2
2023-12-28,8002720,8002719,0,19,0
2023-12-28,8002720,8002720,1,39,1
2023-12-28,8002721,8002725,0,19,0
2023-12-28,8002725,8002721,1,20,4
2023-12-28,8002725,8002725,1,39,2
2023-12-28,8002725,8004519,0,19,0
2023-12-28,8002753,8000135,79,141,105
2023-12-28,8002753,8001736,14,20,182
2023-12-28,8002753,8002753,116,152,167
2023-12-28,8002753,8002775,43,56,224
2023-12-28,8002768,8001384,29,38,246
2023-12-28,8002768,8001736,45,56,160
2023-12-28,8002768,8002768,90,112,200
2023-12-28,8002768,8005356,15,18,217
2023-12-28,8002775,8001006,34,41,170
2023-12-28,8002775,8002753,37,56,101
2023-12-28,8002775,8002775,73,112,158
2023-12-28,8002775,8003987,12,15,394
2023-12-28,8002804,8002804,25,72,65
2023-12-28,8002804,8002806,6,36,22
2023-12-28,8002804,8002816,24,36,116
2023-12-28,8002806,8000404,29,49,156
2023-12-28,8002806,8002206,1,2,90
2023-12-28,8002806,8002804,19,36,112
2023-12-28,8002806,8002806,129,252,81
2023-12-28,8002806,8003395,35,76,45
2023-12-28,8002806,8005935,25,60,64
2023-12-28,8002806,8400043,18,29,89
2023-12-28,8002816,8000507,17,36,112
2023-12-28,8002816,8002804,6,36,22
2023-12-28,8002816,8002816,28,72,68
2023-12-28,8002932,8002932,61,78,199
2023-12-28,8002932,8002988,31,37,329
2023-12-28,8002932,8004739,2,3,40
2023-12-28,8002932,8005134,28,38,133
2023-12-28,8002988,8002932,24,38,92
2023-12-28,8002988,8002988,48,75,198
2023-12-28,8002988,8004739,21,37,282
2023-12-28,8003158,8003927,3,19,3
2023-12-28,8003158,8005339,6,23,78
2023-12-28,8003160,8001215,20,24,286
2023-12-28,8003160,8003160,74,98,204
2023-12-28,8003160,8003252,20,26,144
2023-12-28,8003160,8003361,36,47,251
2023-12-28,8003252,8003160,6,24,50
2023-12-28,8003252,8003252,24,52,93
2023-12-28,8003252,8003361,1,1,150
2023-12-28,8003252,8003671,20,27,147
2023-12-28,8003310,8000209,46,59,363
2023-12-28,8003310,8000832,32,59,205
2023-12-28,8003310,8003310,68,118,267
2023-12-28,8003320,8003320,223,322,124
2023-12-28,8003320,8003358,101,105,178
2023-12-28,8003320,8003370,43,57,142
2023-12-28,8003320,8003392,124,160,150
2023-12-28,8003330,8000010,1,1,1530
2023-12-28,8003330,8000135,18,20,267
2023-12-28,8003330,8000209,1,1,120
2023-12-28,8003330,8000667,2,3,20
2023-12-28,8003330,8003330,140,178,185
2023-12-28,8003330,8003358,46,65,103
2023-12-28,8003330,8003363,3,7,111
2023-12-28,8003330,8004873,56,65,231
2023-12-28,8003330,8004898,15,19,150
2023-12-28,8003330,8006713,10,21,71
2023-12-28,8003358,8003320,68,103,125
2023-12-28,8003358,8003330,60,65,232
2023-12-28,8003358,8003358,177,208,190
2023-12-28,8003358,8005143,33,40,255
2023-12-28,8003360,8003360,164,208,309
2023-12-28,8003360,8003371,89,104,439
2023-12-28,8003360,8003372,81,104,200
2023-12-28,8003361,8000100,1,1,300
2023-12-28,8003361,8000209,16,16,756
2023-12-28,8003361,8001215,14,18,692
2023-12-28,8003361,8003160,36,49,204
2023-12-28,8003361,8003252,0,1,0
2023-12-28,8003361,8003352,0,1,-120
2023-12-28,8003361,8003361,133,174,290
2023-12-28,8003361,8003363,56,66,248
2023-12-28,8003361,8003671,16,17,266
2023-12-28,8003362,8003362,144,208,299
2023-12-28,8003362,8003365,85,104,438
2023-12-28,8003362,8003371,57,104,183
2023-12-28,8003363,8003330,7,7,206
2023-12-28,8003363,8003361,51,66,208
2023-12-28,8003363,8003363,115,132,246
2023-12-28,8003364,8000209,95,118,286
2023-12-28,8003364,8003364,171,236,265
2023-12-28,8003364,8003392,91,116,331
2023-12-28,8003365,8003362,56,104,179
2023-12-28,8003365,8003365,166,208,314
2023-12-28,8003365,8003366,87,104,440
2023-12-28,8003366,8003365,81,104,196
2023-12-28,8003366,8003366,161,208,314
2023-12-28,8003366,8079140,87,104,439
2023-12-28,8003367,8001566,46,59,298
2023-12-28,8003367,8003367,93,118,264
2023-12-28,8003367,8003369,42,59,229
2023-12-28,8003369,8000209,52,59,253
2023-12-28,8003369,8003367,41,59,285
2023-12-28,8003369,8003369,97,118,271
2023-12-28,8003371,8003360,85,104,199
2023-12-28,8003371,8003362,79,104,414
2023-12-28,8003371,8003371,172,208,321
2023-12-28,8003372,8003360,89,104,430
2023-12-28,8003372,8003372,154,208,311
2023-12-28,8003372,8003392,70,115,204
2023-12-28,8003373,8001507,42,59,298
2023-12-28,8003373,8003373,82,116,284
2023-12-28,8003373,8079140,42,104,166
2023-12-28,8003375,8003375,137,203,132
2023-12-28,8003375,8003392,67,103,92
2023-12-28,8003375,8003732,73,102,181
2023-12-28,8003379,8003370,37,57,134
2023-12-28,8003379,8003379,88,114,148
2023-12-28,8003379,8004869,46,57,161
2023-12-28,8003383,8002389,79,102,182
2023-12-28,8003383,8003383,153,203,144
2023-12-28,8003383,8003732,74,101,91
2023-12-28,8003386,8003386,36,79,80
2023-12-28,8003386,8004366,21,40,45
2023-12-28,8003386,8005074,22,39,125
2023-12-28,8003392,8003320,117,162,118
2023-12-28,8003392,8003364,92,114,229
2023-12-28,8003392,8003372,90,118,392
2023-12-28,8003392,8003375,71,104,163
2023-12-28,8003392,8003392,322,474,214
2023-12-28,8003395,8000404,26,76,34
2023-12-28,8003395,8002806,31,77,72
2023-12-28,8003395,8003395,66,153,56
2023-12-28,8003462,8000100,33,40,84
2023-12-28,8003462,8003462,72,80,63
2023-12-28,8003462,8004616,37,40,48
2023-12-28,8003553,8000084,34,57,81
2023-12-28,8003553,8001886,27,39,400
2023-12-28,8003553,8001893,0,35,0
2023-12-28,8003553,8003553,61,115,191
2023-12-28,8003616,8000853,32,39,331
2023-12-28,8003616,8002490,27,36,632
2023-12-28,8003616,8003616,62,78,488
2023-12-28,8003668,8003668,68,118,295
2023-12-28,8003668,8003672,29,59,240
2023-12-28,8003668,8006713,38,59,353
2023-12-28,8003669,8000209,17,22,521
2023-12-28,8003669,8000853,31,40,616
2023-12-28,8003669,8003669,39,44,776
2023-12-28,8003671,8003252,8,25,49
2023-12-28,8003671,8003361,17,18,87
2023-12-28,8003671,8003671,52,87,118
2023-12-28,8003671,8006280,29,44,172
2023-12-28,8003672,8003540,29,59,223
2023-12-28,8003672,8003668,38,59,346
2023-12-28,8003672,8003672,68,118,294
2023-12-28,8003697,8000677,7,19,57
2023-12-28,8003697,8001113,3,20,16
2023-12-28,8003697,8002206,20,59,106
2023-12-28,8003697,8002718,0,20,0
2023-12-28,8003697,8003697,40,117,77
2023-12-28,8003732,8003375,71,101,105
2023-12-28,8003732,8003383,79,102,200
2023-12-28,8003732,8003732,150,203,143
2023-12-28,8003927,8000100,6,19,17
2023-12-28,8003927,8003158,17,18,212
2023-12-28,8003927,8003927,38,80,112
2023-12-28,8003927,8005298,7,23,74
2023-12-28,8003927,8005339,13,20,164
2023-12-28,8003931,8003931,59,80,62
2023-12-28,8003931,8003937,36,40,54
2023-12-28,8003931,8005057,18,40,41
2023-12-28,8003937,8003931,23,40,49
2023-12-28,8003937,8003937,51,80,46
2023-12-28,8003937,8006516,33,40,69
2023-12-28,8003966,8000135,0,1,0
2023-12-28,8003966,8001086,18,20,256
2023-12-28,8003966,8002104,6,19,39
2023-12-28,8003966,8003966,25,40,158
2023-12-28,8003990,8000084,37,49,182
2023-12-28,8003990,8001264,40,49,146
2023-12-28,8003990,8003990,76,98,157
2023-12-28,8004366,8001086,15,20,74
2023-12-28,8004366,8003386,21,39,131
2023-12-28,8004366,8004366,34,40,160
2023-12-28,8004519,8001557,0,19,0
2023-12-28,8004519,8002725,1,20,3
2023-12-28,8004519,8004519,1,39,2
2023-12-28,8004616,8003462,39,40,98
2023-12-28,8004616,8004616,68,80,58
2023-12-28,8004616,8005058,29,40,48
2023-12-28,8004739,8002988,20,38,89
2023-12-28,8004746,8002290,18,35,30
2023-12-28,8004746,8004746,44,70,31
2023-12-28,8004746,8006659,10,35,13
2023-12-28,8004869,8000135,27,39,145
2023-12-28,8004869,8000178,15,17,275
2023-12-28,8004869,8003379,44,57,134
2023-12-28,8004869,8004869,156,192,173
2023-12-28,8004869,8004873,47,57,167
2023-12-28,8004869,8004898,15,18,157
2023-12-28,8004873,8003330,51,65,103
2023-12-28,8004873,8004869,47,57,168
2023-12-28,8004873,8004873,196,244,158
2023-12-28,8004873,8005629,97,122,205
2023-12-28,8004898,8003330,19,20,172
2023-12-28,8004898,8004869,18,19,196
2023-12-28,8004898,8004898,56,80,167
2023-12-28,8004898,8005746,33,40,216
2023-12-28,8004907,8000178,2,35,2
2023-12-28,8004907,8000355,15,35,30
2023-12-28,8004907,8004907,18,70,15
2023-12-28,8005057,8003931,38,40,77
2023-12-28,8005057,8005057,52,80,47
2023-12-28,8005057,8005058,22,40,44
2023-12-28,8005058,8004616,37,40,70
2023-12-28,8005058,8005057,35,40,55
2023-12-28,8005058,8005058,73,80,69
2023-12-28,8005074,8000713,14,39,107
2023-12-28,8005074,8003386,20,40,43
2023-12-28,8005074,8005074,39,79,81
2023-12-28,8005134,8002932,21,40,236
2023-12-28,8005134,8005134,46,78,208
2023-12-28,8005134,8005143,20,38,241
2023-12-28,8005143,8003358,30,38,322
2023-12-28,8005143,8005134,32,40,278
2023-12-28,8005143,8005143,58,78,283
2023-12-28,8005152,8001091,20,23,344
2023-12-28,8005152,8005152,43,48,327
2023-12-28,8005152,8005499,23,24,292
2023-12-28,8005164,8000012,23,38,185
2023-12-28,8005164,8005164,60,76,172
2023-12-28,8005164,8005356,31,38,140
2023-12-28,8005298,8000100,8,23,68
2023-12-28,8005298,8003927,16,20,171
2023-12-28,8005298,8005298,25,43,125
2023-12-28,8005339,8003158,15,20,154
2023-12-28,8005339,8003927,7,23,77
2023-12-28,8005339,8005339,23,43,123
2023-12-28,8005356,8000012,15,18,260
2023-12-28,8005356,8001384,31,38,136
2023-12-28,8005356,8002768,15,18,165
2023-12-28,8005356,8005164,29,38,247
2023-12-28,8005356,8005356,88,112,192
2023-12-28,8005499,8001215,23,24,368
2023-12-28,8005499,8005152,20,24,338
2023-12-28,8005499,8005499,42,48,319
2023-12-28,8005575,8000178,46,62,122
2023-12-28,8005575,8001264,36,49,196
2023-12-28,8005575,8005575,74,98,166
2023-12-28,8005629,8000135,96,122,209
2023-12-28,8005629,8004873,66,122,90
2023-12-28,8005629,8005629,176,244,150
2023-12-28,8005743,8005745,0,35,0
2023-12-28,8005744,8005744,15,70,18
2023-12-28,8005744,8005745,15,35,44
2023-12-28,8005744,8098348,24,35,43
2023-12-28,8005745,8005743,16,35,47
2023-12-28,8005745,8005744,0,35,0
2023-12-28,8005745,8005745,16,70,23
2023-12-28,8005746,8004898,24,40,124
2023-12-28,8005746,8005159,30,40,195
2023-12-28,8005746,8005746,62,80,172
2023-12-28,8005935,8002206,28,60,70
2023-12-28,8005935,8002806,22,60,102
2023-12-28,8005935,8005935,46,120,83
2023-12-28,8006280,8000100,10,18,180
2023-12-28,8006280,8001416,16,26,155
2023-12-28,8006280,8003671,15,42,48
2023-12-28,8006280,8006280,43,86,109
2023-12-28,8006516,8000495,29,40,60
2023-12-28,8006516,8003937,11,40,30
2023-12-28,8006516,8006516,41,80,44
2023-12-28,8006659,8000355,16,35,22
2023-12-28,8006659,8004746,23,35,32
2023-12-28,8006659,8006659,29,70,21
2023-12-28,8006713,8000209,34,40,608
2023-12-28,8006713,8000832,38,59,346
2023-12-28,8006713,8001584,20,20,1368
2023-12-28,8006713,8003330,16,21,570
2023-12-28,8006713,8003668,30,59,241
2023-12-28,8006713,8006226,17,20,222
2023-12-28,8006713,8006713,151,220,456
2023-12-28,8070704,8000404,51,96,81
2023-12-28,8070704,8000406,25,37,109
2023-12-28,8070704,8070704,96,177,87
2023-12-28,8079140,8003366,70,104,185
2023-12-28,8079140,8003373,80,104,405
2023-12-28,8079140,8079140,140,208,305
2023-12-28,8098348,8005744,10,35,15
2023-12-28,8098348,8098348,29,70,20
2023-12-28,8098348,8099506,25,35,49
2023-12-28,8098349,8001917,4,19,17
2023-12-28,8099506,8000348,12,35,11
2023-12-28,8099506,8098348,7,35,-17
2023-12-28,8099506,8099506,43,70,39
2023-12-29,8000012,8000012,33,41,468
2023-12-29,8000012,8001928,3,6,160
2023-12-29,8000012,8005164,17,38,81
2023-12-29,8000012,8005356,14,18,583
2023-12-29,8000012,8006501,14,15,528
2023-12-29,8000030,8002290,10,35,10
2023-12-29,8000084,8000084,69,85,500
2023-12-29,8000084,8000178,31,39,182
2023-12-29,8000084,8000348,0,1,0
2023-12-29,8000084,8003553,37,61,510
2023-12-29,8000084,8003990,28,49,106
2023-12-29,8000100,8000100,48,80,71
2023-12-29,8000100,8002402,15,26,51
2023-12-29,8000100,8003361,1,1,30
2023-12-29,8000100,8003462,9,41,11
2023-12-29,8000100,8003671,1,1,30
2023-12-29,8000100,8003927,17,19,104
2023-12-29,8000100,8005298,20,22,158
2023-12-29,8000100,8006280,6,17,14
2023-12-29,8000135,8000135,209,312,215
2023-12-29,8000135,8002104,15,15,474
2023-12-29,8000135,8002753,114,142,232
2023-12-29,8000135,8003330,9,20,172
2023-12-29,8000135,8004869,34,39,452
2023-12-29,8000135,8005629,78,122,89
2023-12-29,8000178,8000084,35,42,763
2023-12-29,8000178,8000178,175,216,290
2023-12-29,8000178,8000209,4,5,48
2023-12-29,8000178,8001506,16,17,316
2023-12-29,8000178,8002389,46,101,78
2023-12-29,8000178,8004869,16,17,328
2023-12-29,8000178,8004907,13,36,44
2023-12-29,8000178,8005575,54,62,220
2023-12-29,8000209,8000178,19,23,926
2023-12-29,8000209,8000209,294,351,484
2023-12-29,8000209,8003310,43,59,285
2023-12-29,8000209,8003361,15,17,551
2023-12-29,8000209,8003364,75,118,255
2023-12-29,8000209,8003369,48,60,314
2023-12-29,8000209,8003669,20,24,849
2023-12-29,8000209,8006713,24,25,1526
2023-12-29,8000348,8000084,1,1,120
2023-12-29,8000348,8000348,91,123,351
2023-12-29,8000348,8000406,35,41,754
2023-12-29,8000348,8001712,19,40,56
2023-12-29,8000348,8001886,36,39,259
2023-12-29,8000348,8099506,24,36,194
2023-12-29,8000355,8000355,25,71,27
2023-12-29,8000355,8004907,6,35,11
2023-12-29,8000355,8006659,20,36,45
2023-12-29,8000404,8000404,157,218,278
2023-12-29,8000404,8002806,40,50,278
2023-12-29,8000404,8003395,40,59,224
2023-12-29,8000404,8070704,43,63,301
2023-12-29,8000406,8000348,36,39,237
2023-12-29,8000406,8000406,113,160,310
2023-12-29,8000406,8001712,25,40,206
2023-12-29,8000406,8070704,18,37,79
2023-12-29,8000495,8000495,41,81,36
2023-12-29,8000495,8001084,23,41,37
2023-12-29,8000495,8006516,14,40,17
2023-12-29,8000502,8000502,14,37,105
2023-12-29,8000502,8000507,3,36,18
2023-12-29,8000502,8000521,17,20,225
2023-12-29,8000507,8000502,28,37,205
2023-12-29,8000507,8000507,32,73,109
2023-12-29,8000507,8002816,3,36,21
2023-12-29,8000510,8000510,18,39,108
2023-12-29,8000510,8000527,4,19,13
2023-12-29,8000510,8001917,12,20,192
2023-12-29,8000521,8000502,0,19,0
2023-12-29,8000521,8000521,16,39,116
2023-12-29,8000521,8000527,16,20,232
2023-12-29,8000527,8000510,16,20,219
2023-12-29,8000527,8000521,4,19,6
2023-12-29,8000527,8000527,20,39,132
2023-12-29,8000677,8000677,61,81,396
2023-12-29,8000677,8001113,14,21,561
2023-12-29,8000677,8001839,22,40,230
2023-12-29,8000677,8003697,20,20,552
2023-12-29,8000713,8000713,39,78,138
2023-12-29,8000713,8005074,15,40,83
2023-12-29,8000713,8005970,21,38,199
2023-12-29,8000832,8000832,93,118,295
2023-12-29,8000832,8003310,49,59,313
2023-12-29,8000832,8006713,43,59,278
2023-12-29,8000853,8000853,95,116,582
2023-12-29,8000853,8001506,17,19,576
2023-12-29,8000853,8003616,29,39,649
2023-12-29,8000853,8003669,36,40,404
2023-12-29,8000853,8006719,17,19,984
2023-12-29,8000899,8001566,47,59,298
2023-12-29,8001081,8001081,30,81,20
2023-12-29,8001081,8001084,9,40,15
2023-12-29,8001081,8001088,7,41,11
2023-12-29,8001082,8001082,67,84,423
2023-12-29,8001082,8001085,22,24,458
2023-12-29,8001082,8001091,31,42,376
2023-12-29,8001082,8004604,15,18,683
2023-12-29,8001084,8000495,18,40,26
2023-12-29,8001084,8001081,23,41,39
2023-12-29,8001084,8001084,37,81,30
2023-12-29,8001085,8001082,17,24,285
2023-12-29,8001085,8001085,39,48,369
2023-12-29,8001085,8004604,1,1,30
2023-12-29,8001085,8005153,19,23,484
2023-12-29,8001086,8001086,24,29,292
2023-12-29,8001086,8003966,10,14,184
2023-12-29,8001086,8004366,15,15,420
2023-12-29,8001088,8001081,23,40,34
2023-12-29,8001088,8001088,42,81,26
2023-12-29,8001091,8001082,32,42,524
2023-12-29,8001091,8001091,63,84,454
2023-12-29,8001091,8001215,12,18,527
2023-12-29,8001091,8005152,21,23,707
2023-12-29,8001113,8000677,12,21,257
2023-12-29,8001113,8001113,25,42,407
2023-12-29,8001113,8003697,15,21,516
2023-12-29,8001215,8001091,16,18,680
2023-12-29,8001215,8001215,72,84,645
2023-12-29,8001215,8003160,20,24,699
2023-12-29,8001215,8003361,13,18,838
2023-12-29,8001215,8005499,22,24,401
2023-12-29,8001264,8001264,79,99,162
2023-12-29,8001264,8003990,36,50,183
2023-12-29,8001264,8005575,37,49,141
2023-12-29,8001384,8001384,56,76,164
2023-12-29,8001384,8002768,29,38,138
2023-12-29,8001384,8005356,26,38,201
2023-12-29,8001416,8001416,37,51,123
2023-12-29,8001416,8002402,24,26,202
2023-12-29,8001416,8006280,11,25,43
2023-12-29,8001566,8000899,60,60,354
2023-12-29,8001566,8001566,113,119,325
2023-12-29,8001566,8003367,54,59,310
2023-12-29,8001712,8000348,32,40,226
2023-12-29,8001712,8000406,18,40,56
2023-12-29,8001712,8001712,44,80,135
2023-12-29,8001736,8001736,84,113,274
2023-12-29,8001736,8002753,15,20,560
2023-12-29,8001736,8002768,46,57,271
2023-12-29,8001736,8003987,27,36,136
2023-12-29,8001839,8000318,19,21,271
2023-12-29,8001839,8000677,35,41,555
2023-12-29,8001839,8001839,63,84,399
2023-12-29,8001839,8002206,1,1,2010
2023-12-29,8001839,8002784,8,21,237
2023-12-29,8001886,8000348,34,42,749
2023-12-29,8001886,8001886,70,81,508
2023-12-29,8001886,8003553,34,39,272
2023-12-29,8001887,8001888,0,34,0
2023-12-29,8001888,8001887,0,36,0
2023-12-29,8001888,8001888,0,70,0
2023-12-29,8001888,8001889,0,34,0
2023-12-29,8001889,8001888,0,36,0
2023-12-29,8001889,8001889,0,70,0
2023-12-29,8001889,8001893,0,34,0
2023-12-29,8001893,8001889,0,36,0
2023-12-29,8001893,8001893,0,69,0
2023-12-29,8001893,8003553,0,35,0
2023-12-29,8001917,8000510,10,19,28
2023-12-29,8001917,8001917,25,39,115
2023-12-29,8001917,8098349,15,20,198
2023-12-29,8002104,8000135,4,13,203
2023-12-29,8002104,8002104,20,28,344
2023-12-29,8002104,8003966,15,15,470
2023-12-29,8002206,8001839,2,2,135
2023-12-29,8002206,8002206,66,84,387
2023-12-29,8002206,8002806,1,1,2280
2023-12-29,8002206,8003697,31,40,265
2023-12-29,8002206,8005935,28,42,429
2023-12-29,8002290,8000030,12,36,28
2023-12-29,8002290,8002290,55,71,37
2023-12-29,8002290,8004746,30,35,51
2023-12-29,8002389,8000178,78,102,191
2023-12-29,8002389,8002389,130,203,132
2023-12-29,8002389,8003383,47,101,75
2023-12-29,8002402,8000100,19,26,160
2023-12-29,8002402,8001416,13,25,47
2023-12-29,8002402,8002402,34,52,119
2023-12-29,8002402,8006280,0,1,0
2023-12-29,8002753,8000135,88,141,166
2023-12-29,8002753,8001736,16,21,367
2023-12-29,8002753,8002753,120,153,255
2023-12-29,8002753,8002775,44,56,249
2023-12-29,8002768,8001384,26,38,202
2023-12-29,8002768,8001736,43,56,289
2023-12-29,8002768,8002768,89,113,282
2023-12-29,8002768,8005356,18,19,422
2023-12-29,8002775,8001006,31,41,240
2023-12-29,8002775,8002753,41,56,111
2023-12-29,8002775,8002775,80,112,175
2023-12-29,8002775,8003987,13,15,264
2023-12-29,8002804,8002804,24,73,87
2023-12-29,8002804,8002806,12,36,72
2023-12-29,8002804,8002816,22,37,147
2023-12-29,8002806,8000404,43,52,351
2023-12-29,8002806,8002206,2,2,165
2023-12-29,8002806,8002804,24,37,148
2023-12-29,8002806,8002806,164,221,279
2023-12-29,8002806,8003395,36,57,261
2023-12-29,8002806,8005935,33,41,296
2023-12-29,8002806,8400043,24,29,385
2023-12-29,8002806,8400548,1,2,60
2023-12-29,8002816,8000507,23,37,171
2023-12-29,8002816,8002804,4,36,33
2023-12-29,8002816,8002816,27,73,92
2023-12-29,8002932,8002932,72,79,163
2023-12-29,8002932,8002988,34,37,204
2023-12-29,8002932,8004739,1,3,0
2023-12-29,8002932,8005134,37,39,156
2023-12-29,8002988,8002932,31,39,125
2023-12-29,8002988,8002988,61,76,152
2023-12-29,8002988,8004739,27,37,166
2023-12-29,8003158,8003927,4,20,3
2023-12-29,8003158,8005339,4,23,17
2023-12-29,8003160,8001215,21,24,359
2023-12-29,8003160,8003160,68,99,306
2023-12-29,8003160,8003252,20,26,213
2023-12-29,8003160,8003361,29,48,384
2023-12-29,8003252,8003160,8,25,37
2023-12-29,8003252,8003252,32,53,121
2023-12-29,8003252,8003361,1,1,60
2023-12-29,8003252,8003671,22,27,198
2023-12-29,8003310,8000209,54,59,323
2023-12-29,8003310,8000832,46,59,302
2023-12-29,8003310,8003310,96,118,297
2023-12-29,8003320,8003320,243,323,168
2023-12-29,8003320,8003358,101,105,245
2023-12-29,8003320,8003370,42,57,166
2023-12-29,8003320,8003392,125,161,175
2023-12-29,8003330,8000010,1,1,210
2023-12-29,8003330,8000135,19,21,511
2023-12-29,8003330,8000209,1,1,60
2023-12-29,8003330,8000667,3,3,80
2023-12-29,8003330,8001506,3,5,66
2023-12-29,8003330,8003330,145,179,250
2023-12-29,8003330,8003358,52,65,148
2023-12-29,8003330,8003363,4,7,43
2023-12-29,8003330,8004873,57,65,277
2023-12-29,8003330,8004898,20,20,370
2023-12-29,8003330,8006713,14,16,98
2023-12-29,8003358,8003320,81,104,171
2023-12-29,8003358,8003330,59,65,279
2023-12-29,8003358,8003358,186,209,225
2023-12-29,8003358,8005143,37,40,240
2023-12-29,8003360,8003360,180,208,314
2023-12-29,8003360,8003371,95,103,413
2023-12-29,8003360,8003372,87,105,240
2023-12-29,8003361,8000100,1,1,420
2023-12-29,8003361,8000209,17,17,1488
2023-12-29,8003361,8001215,14,18,567
2023-12-29,8003361,8003160,42,49,278
2023-12-29,8003361,8003252,1,1,30
2023-12-29,8003361,8003352,0,1,-240
2023-12-29,8003361,8003361,131,174,373
2023-12-29,8003361,8003363,57,67,356
2023-12-29,8003361,8003671,15,17,187
2023-12-29,8003362,8003362,169,208,306
2023-12-29,8003362,8003365,94,103,423
2023-12-29,8003362,8003371,73,105,200
2023-12-29,8003363,8003330,7,7,219
2023-12-29,8003363,8003361,59,66,236
2023-12-29,8003363,8003363,125,133,313
2023-12-29,8003364,8000209,105,119,351
2023-12-29,8003364,8003364,193,237,287
2023-12-29,8003364,8003392,101,116,288
2023-12-29,8003365,8003362,74,105,211
2023-12-29,8003365,8003365,178,208,322
2023-12-29,8003365,8003366,95,103,433
2023-12-29,8003366,8003365,82,105,227
2023-12-29,8003366,8003366,175,208,325
2023-12-29,8003366,8079140,97,103,433
2023-12-29,8003367,8001566,47,60,300
2023-12-29,8003367,8003367,99,119,296
2023-12-29,8003367,8003369,45,59,281
2023-12-29,8003369,8000209,53,59,295
2023-12-29,8003369,8003367,45,60,298
2023-12-29,8003369,8003369,102,119,302
2023-12-29,8003371,8003360,91,105,230
2023-12-29,8003371,8003362,90,103,396
2023-12-29,8003371,8003371,184,208,317
2023-12-29,8003372,8003360,97,103,404
2023-12-29,8003372,8003372,176,208,314
2023-12-29,8003372,8003392,92,116,221
2023-12-29,8003373,8001507,43,58,281
2023-12-29,8003373,8003373,83,116,283
2023-12-29,8003373,8079140,59,105,192
2023-12-29,8003375,8003375,144,203,141
2023-12-29,8003375,8003392,75,103,123
2023-12-29,8003375,8003732,83,102,194
2023-12-29,8003379,8003370,30,57,79
2023-12-29,8003379,8003379,78,114,135
2023-12-29,8003379,8004869,45,57,192
2023-12-29,8003383,8002389,87,102,197
2023-12-29,8003383,8003383,156,203,148
2023-12-29,8003383,8003732,69,101,85
2023-12-29,8003386,8003386,44,78,151
2023-12-29,8003386,8004366,23,40,122
2023-12-29,8003386,8005074,22,38,210
2023-12-29,8003392,8003320,134,162,184
2023-12-29,8003392,8003364,113,115,265
2023-12-29,8003392,8003372,97,118,346
2023-12-29,8003392,8003375,82,104,177
2023-12-29,8003392,8003392,371,475,225
2023-12-29,8003395,8000404,33,57,260
2023-12-29,8003395,8002806,43,59,233
2023-12-29,8003395,8003395,76,116,245
2023-12-29,8003462,8000100,31,40,56
2023-12-29,8003462,8003462,70,81,53
2023-12-29,8003462,8004616,39,41,56
2023-12-29,8003553,8000084,34,58,164
2023-12-29,8003553,8001886,37,42,727
2023-12-29,8003553,8001893,0,35,0
2023-12-29,8003553,8003553,69,119,347
2023-12-29,8003616,8000853,31,39,375
2023-12-29,8003616,8002490,23,36,656
2023-12-29,8003616,8003616,56,78,507
2023-12-29,8003668,8003668,103,118,309
2023-12-29,8003668,8003672,47,59,281
2023-12-29,8003668,8006713,55,59,332
2023-12-29,8003669,8000209,19,24,385
2023-12-29,8003669,8000853,33,40,619
2023-12-29,8003669,8003669,40,48,637
2023-12-29,8003671,8003252,10,26,39
2023-12-29,8003671,8003361,11,18,32
2023-12-29,8003671,8003671,51,88,101
2023-12-29,8003671,8006280,31,44,163
2023-12-29,8003672,8003540,41,59,253
2023-12-29,8003672,8003668,54,59,324
2023-12-29,8003672,8003672,101,118,300
2023-12-29,8003697,8000677,12,19,199
2023-12-29,8003697,8001113,8,21,243
2023-12-29,8003697,8002206,31,41,445
2023-12-29,8003697,8003697,62,81,363
2023-12-29,8003732,8003375,68,101,103
2023-12-29,8003732,8003383,86,102,212
2023-12-29,8003732,8003732,154,203,147
2023-12-29,8003927,8000100,3,20,2
2023-12-29,8003927,8003158,16,19,93
2023-12-29,8003927,8003927,35,84,63
2023-12-29,8003927,8005298,7,23,18
2023-12-29,8003927,8005339,15,22,142
2023-12-29,8003931,8003931,54,81,44
2023-12-29,8003931,8003937,33,41,42
2023-12-29,8003931,8005057,14,40,19
2023-12-29,8003937,8003931,21,40,26
2023-12-29,8003937,8003937,48,81,32
2023-12-29,8003937,8006516,32,41,54
2023-12-29,8003966,8000135,1,1,30
2023-12-29,8003966,8001086,15,15,444
2023-12-29,8003966,8002104,5,13,208
2023-12-29,8003966,8003966,20,29,338
2023-12-29,8003990,8000084,39,50,188
2023-12-29,8003990,8001264,41,49,144
2023-12-29,8003990,8003990,80,99,159
2023-12-29,8004366,8001086,13,14,167
2023-12-29,8004366,8003386,23,38,216
2023-12-29,8004366,8004366,29,29,301
2023-12-29,8004616,8003462,37,40,78
2023-12-29,8004616,8004616,67,81,48
2023-12-29,8004616,8005058,27,41,48
2023-12-29,8004739,8002988,24,39,88
2023-12-29,8004746,8002290,25,36,55
2023-12-29,8004746,8004746,57,71,49
2023-12-29,8004746,8006659,16,35,15
2023-12-29,8004869,8000135,31,40,290
2023-12-29,8004869,8000178,15,17,731
2023-12-29,8004869,8003379,33,57,78
2023-12-29,8004869,8004869,156,193,244
2023-12-29,8004869,8004873,44,57,197
2023-12-29,8004869,8004898,18,19,232
2023-12-29,8004873,8003330,53,65,147
2023-12-29,8004873,8004869,45,57,112
2023-12-29,8004873,8004873,193,244,175
2023-12-29,8004873,8005629,100,122,247
2023-12-29,8004898,8003330,18,21,399
2023-12-29,8004898,8004869,18,19,229
2023-12-29,8004898,8004898,63,84,305
2023-12-29,8004898,8005746,37,42,419
2023-12-29,8004907,8000178,8,35,10
2023-12-29,8004907,8000355,14,36,53
2023-12-29,8004907,8004907,24,71,32
2023-12-29,8005057,8003931,36,41,67
2023-12-29,8005057,8005057,46,81,33
2023-12-29,8005057,8005058,18,40,23
2023-12-29,8005058,8004616,36,40,44
2023-12-29,8005058,8005057,31,41,44
2023-12-29,8005058,8005058,70,81,54
2023-12-29,8005074,8000713,19,38,194
2023-12-29,8005074,8003386,22,40,94
2023-12-29,8005074,8005074,42,78,148
2023-12-29,8005134,8002932,31,40,163
2023-12-29,8005134,8005134,64,79,171
2023-12-29,8005134,8005143,31,39,218
2023-12-29,8005143,8003358,37,39,251
2023-12-29,8005143,8005134,35,40,224
2023-12-29,8005143,8005143,75,79,237
2023-12-29,8005152,8001091,21,23,447
2023-12-29,8005152,8005152,44,48,668
2023-12-29,8005152,8005499,20,24,886
2023-12-29,8005164,8000012,21,38,158
2023-12-29,8005164,8005164,55,76,149
2023-12-29,8005164,8005356,29,38,124
2023-12-29,8005298,8000100,7,23,1
2023-12-29,8005298,8003927,13,22,140
2023-12-29,8005298,8005298,20,45,83
2023-12-29,8005339,8003158,12,22,115
2023-12-29,8005339,8003927,4,23,14
2023-12-29,8005339,8005339,16,45,79
2023-12-29,8005356,8000012,17,19,447
2023-12-29,8005356,8001384,29,38,118
2023-12-29,8005356,8002768,15,18,587
2023-12-29,8005356,8005164,26,38,212
2023-12-29,8005356,8005356,85,113,275
2023-12-29,8005499,8001215,23,24,891
2023-12-29,8005499,8005152,23,24,438
2023-12-29,8005499,8005499,46,48,649
2023-12-29,8005575,8000178,45,62,120
2023-12-29,8005575,8001264,39,50,202
2023-12-29,8005575,8005575,77,99,175
2023-12-29,8005629,8000135,103,122,247
2023-12-29,8005629,8004873,66,122,87
2023-12-29,8005629,8005629,181,244,169
2023-12-29,8005743,8005745,0,36,0
2023-12-29,8005744,8005744,15,72,62
2023-12-29,8005744,8005745,15,36,129
2023-12-29,8005744,8098348,27,36,52
2023-12-29,8005745,8005743,15,36,133
2023-12-29,8005745,8005744,0,36,0
2023-12-29,8005745,8005745,15,72,66
2023-12-29,8005746,8004898,28,42,213
2023-12-29,8005746,8005159,36,42,396
2023-12-29,8005746,8005746,66,84,317
2023-12-29,8005935,8002206,35,41,307
2023-12-29,8005935,8002806,32,42,434
2023-12-29,8005935,8005935,66,83,362
2023-12-29,8006280,8000100,9,18,87
2023-12-29,8006280,8001416,20,26,189
2023-12-29,8006280,8003671,16,43,28
2023-12-29,8006280,8006280,44,87,93
2023-12-29,8006516,8000495,26,41,47
2023-12-29,8006516,8003937,11,40,16
2023-12-29,8006516,8006516,34,81,27
2023-12-29,8006659,8000355,19,35,21
2023-12-29,8006659,8004746,27,36,51
2023-12-29,8006659,8006659,39,71,32
2023-12-29,8006713,8000209,37,41,768
2023-12-29,8006713,8000832,54,59,320
2023-12-29,8006713,8001584,23,25,1586
2023-12-29,8006713,8003330,13,17,242
2023-12-29,8006713,8003668,48,59,286
2023-12-29,8006713,8006226,15,16,272
2023-12-29,8006713,8006713,185,217,522
2023-12-29,8070704,8000404,63,78,198
2023-12-29,8070704,8000406,28,37,234
2023-12-29,8070704,8070704,108,141,246
2023-12-29,8079140,8003366,73,105,213
2023-12-29,8079140,8003373,91,103,412
2023-12-29,8079140,8079140,162,208,318
2023-12-29,8098348,8005744,12,36,108
2023-12-29,8098348,8098348,41,72,79
2023-12-29,8098348,8099506,30,36,80
2023-12-29,8098349,8001917,5,19,14
2023-12-29,8099506,8000348,8,36,1
2023-12-29,8099506,8098348,12,36,90
2023-12-29,8099506,8099506,54,72,108
2023-12-30,8000012,8000012,28,37,301
2023-12-30,8000012,8001928,4,5,276
2023-12-30,8000012,8005164,11,35,49
2023-12-30,8000012,8005356,15,18,277
2023-12-30,8000012,8006501,8,15,306
2023-12-30,8000030,8002290,3,20,9
2023-12-30,8000084,8000084,43,76,246
2023-12-30,8000084,8000178,30,35,124
2023-12-30,8000084,8003553,26,56,267
2023-12-30,8000084,8003990,17,40,70
2023-12-30,8000100,8000100,40,73,100
2023-12-30,8000100,8002402,7,20,20
2023-12-30,8000100,8003361,1,3,-40
2023-12-30,8000100,8003462,10,39,12
2023-12-30,8000100,8003927,18,20,231
2023-12-30,8000100,8005298,17,19,161
2023-12-30,8000100,8006280,8,18,27
2023-12-30,8000135,8000135,131,239,162
2023-12-30,8000135,8002753,87,119,200
2023-12-30,8000135,8003330,6,23,27
2023-12-30,8000135,8004869,34,37,245
2023-12-30,8000135,8005629,60,114,104
2023-12-30,8000178,8000084,26,37,424
2023-12-30,8000178,8000178,161,228,182
2023-12-30,8000178,8000209,19,20,156
2023-12-30,8000178,8002389,26,61,68
2023-12-30,8000178,8004869,10,14,148
2023-12-30,8000178,8004907,18,20,206
2023-12-30,8000178,8005575,37,58,177
2023-12-30,8000209,8000178,21,21,517
2023-12-30,8000209,8000209,264,392,142
2023-12-30,8000209,8003310,15,56,19
2023-12-30,8000209,8003361,15,17,346
2023-12-30,8000209,8003364,35,113,42
2023-12-30,8000209,8003369,26,57,54
2023-12-30,8000209,8003669,30,42,167
2023-12-30,8000209,8006713,38,41,329
2023-12-30,8000348,8000348,74,111,193
2023-12-30,8000348,8000406,26,38,367
2023-12-30,8000348,8001712,12,36,39
2023-12-30,8000348,8001886,36,37,167
2023-12-30,8000348,8099506,21,32,79
2023-12-30,8000355,8000355,29,40,115
2023-12-30,8000355,8004907,10,20,78
2023-12-30,8000355,8006659,18,20,176
2023-12-30,8000404,8000404,132,208,128
2023-12-30,8000404,8002806,39,50,104
2023-12-30,8000404,8003395,26,54,53
2023-12-30,8000404,8070704,30,61,121
2023-12-30,8000406,8000348,37,37,143
2023-12-30,8000406,8000406,99,146,159
2023-12-30,8000406,8001712,26,35,92
2023-12-30,8000406,8070704,14,34,47
2023-12-30,8000495,8000495,48,78,43
2023-12-30,8000495,8001084,23,39,45
2023-12-30,8000495,8006516,23,39,33
2023-12-30,8000502,8000502,15,35,46
2023-12-30,8000502,8000507,1,33,1
2023-12-30,8000502,8000521,16,19,96
2023-12-30,8000507,8000502,22,34,93
2023-12-30,8000507,8000507,23,67,39
2023-12-30,8000507,8002816,2,33,1
2023-12-30,8000510,8000510,16,37,47
2023-12-30,8000510,8000527,4,18,17
2023-12-30,8000510,8001917,10,19,68
2023-12-30,8000521,8000502,1,18,3
2023-12-30,8000521,8000521,17,37,53
2023-12-30,8000521,8000527,18,19,112
2023-12-30,8000527,8000510,15,19,98
2023-12-30,8000527,8000521,4,18,10
2023-12-30,8000527,8000527,23,37,72
2023-12-30,8000677,8000677,46,78,213
2023-12-30,8000677,8001113,10,20,98
2023-12-30,8000677,8001839,18,39,115
2023-12-30,8000677,8003697,17,19,538
2023-12-30,8000713,8000713,35,83,39
2023-12-30,8000713,8005074,16,42,41
2023-12-30,8000713,8005970,19,41,46
2023-12-30,8000832,8000832,46,112,55
2023-12-30,8000832,8003310,25,56,89
2023-12-30,8000832,8006713,18,56,31
2023-12-30,8000853,8000853,88,120,277
2023-12-30,8000853,8001506,16,18,623
2023-12-30,8000853,8003616,21,42,165
2023-12-30,8000853,8003669,30,42,169
2023-12-30,8000853,8006719,17,18,595
2023-12-30,8000899,8001566,28,57,41
2023-12-30,8001081,8001081,30,78,25
2023-12-30,8001081,8001084,8,39,6
2023-12-30,8001081,8001088,10,39,30
2023-12-30,8001082,8001082,70,78,371
2023-12-30,8001082,8001085,21,22,256
2023-12-30,8001082,8001091,36,39,462
2023-12-30,8001082,8004604,13,17,351
2023-12-30,8001084,8000495,24,39,35
2023-12-30,8001084,8001081,18,39,45
2023-12-30,8001084,8001084,38,78,33
2023-12-30,8001085,8001082,18,22,539
2023-12-30,8001085,8001085,38,44,403
2023-12-30,8001085,8005153,20,22,282
2023-12-30,8001086,8001086,0,1,0
2023-12-30,8001086,8003966,0,1,0
2023-12-30,8001088,8001081,27,39,31
2023-12-30,8001088,8001088,44,78,31
2023-12-30,8001091,8001082,27,39,274
2023-12-30,8001091,8001091,65,78,371
2023-12-30,8001091,8001215,14,17,272
2023-12-30,8001091,8005152,22,22,563
2023-12-30,8001113,8000677,10,20,36
2023-12-30,8001113,8001113,20,40,67
2023-12-30,8001113,8003697,10,20,64
2023-12-30,8001215,8001091,15,17,408
2023-12-30,8001215,8001215,72,82,390
2023-12-30,8001215,8003160,22,24,585
2023-12-30,8001215,8003361,12,17,236
2023-12-30,8001215,8005499,22,24,274
2023-12-30,8001264,8001264,48,80,138
2023-12-30,8001264,8003990,17,40,181
2023-12-30,8001264,8005575,25,40,100
2023-12-30,8001384,8001384,47,70,158
2023-12-30,8001384,8002768,25,35,115
2023-12-30,8001384,8005356,22,35,224
2023-12-30,8001416,8001416,28,41,121
2023-12-30,8001416,8002402,18,21,220
2023-12-30,8001416,8006280,10,20,24
2023-12-30,8001566,8000899,49,57,89
2023-12-30,8001566,8001566,84,114,63
2023-12-30,8001566,8003367,36,57,53
2023-12-30,8001712,8000348,30,35,116
2023-12-30,8001712,8000406,10,36,43
2023-12-30,8001712,8001712,34,71,69
2023-12-30,8001736,8001736,65,107,198
2023-12-30,8001736,8002753,11,18,287
2023-12-30,8001736,8002768,35,54,230
2023-12-30,8001736,8003987,21,35,102
2023-12-30,8001839,8000318,17,21,236
2023-12-30,8001839,8000677,27,39,305
2023-12-30,8001839,8001839,50,80,203
2023-12-30,8001839,8002784,5,20,18
2023-12-30,8001886,8000348,26,39,388
2023-12-30,8001886,8001886,55,76,271
2023-12-30,8001886,8003553,32,37,155
2023-12-30,8001887,8001888,0,32,0
2023-12-30,8001888,8001887,0,32,0
2023-12-30,8001888,8001888,0,64,0
2023-12-30,8001888,8001889,0,32,0
2023-12-30,8001889,8001888,0,32,0
2023-12-30,8001889,8001889,0,64,0
2023-12-30,8001889,8001893,0,32,0
2023-12-30,8001893,8001889,0,32,0
2023-12-30,8001893,8001893,0,54,0
2023-12-30,8001893,8003553,0,27,0
2023-12-30,8001917,8000510,10,18,33
2023-12-30,8001917,8001917,23,37,55
2023-12-30,8001917,8098349,13,19,81
2023-12-30,8002104,8000135,0,1,0
2023-12-30,8002104,8002104,0,1,0
2023-12-30,8002206,8001839,1,2,30
2023-12-30,8002206,8002206,54,81,213
2023-12-30,8002206,8003697,27,39,135
2023-12-30,8002206,8005935,23,40,292
2023-12-30,8002290,8000030,14,20,123
2023-12-30,8002290,8002290,33,40,94
2023-12-30,8002290,8004746,15,20,48
2023-12-30,8002389,8000178,34,60,164
2023-12-30,8002389,8002389,62,121,112
2023-12-30,8002389,8003383,26,61,68
2023-12-30,8002402,8000100,17,21,179
2023-12-30,8002402,8001416,8,20,21
2023-12-30,8002402,8002402,25,41,119
2023-12-30,8002753,8000135,53,119,135
2023-12-30,8002753,8001736,14,19,264
2023-12-30,8002753,8002753,82,123,181
2023-12-30,8002753,8002775,26,43,198
2023-12-30,8002768,8001384,20,35,207
2023-12-30,8002768,8001736,38,53,177
2023-12-30,8002768,8002768,75,107,206
2023-12-30,8002768,8005356,13,19,276
2023-12-30,8002775,8001006,19,31,118
2023-12-30,8002775,8002753,29,43,87
2023-12-30,8002775,8002775,48,86,133
2023-12-30,8002775,8003987,8,12,400
2023-12-30,8002804,8002804,16,67,29
2023-12-30,8002804,8002806,8,33,19
2023-12-30,8002804,8002816,17,34,58
2023-12-30,8002806,8000404,40,50,299
2023-12-30,8002806,8002206,1,2,30
2023-12-30,8002806,8002804,16,34,49
2023-12-30,8002806,8002806,145,210,130
2023-12-30,8002806,8003395,27,54,57
2023-12-30,8002806,8005935,27,39,128
2023-12-30,8002806,8400043,27,31,135
2023-12-30,8002816,8000507,13,34,56
2023-12-30,8002816,8002804,3,33,7
2023-12-30,8002816,8002816,21,67,32
2023-12-30,8002932,8002932,61,71,109
2023-12-30,8002932,8002988,34,36,175
2023-12-30,8002932,8005134,28,35,69
2023-12-30,8002988,8002932,23,35,59
2023-12-30,8002988,8002988,46,71,108
2023-12-30,8002988,8004739,19,36,141
2023-12-30,8003158,8003927,3,19,0
2023-12-30,8003158,8005339,3,21,7
2023-12-30,8003160,8001215,22,24,299
2023-12-30,8003160,8003160,72,89,297
2023-12-30,8003160,8003252,15,21,219
2023-12-30,8003160,8003361,34,44,344
2023-12-30,8003252,8003160,8,20,34
2023-12-30,8003252,8003252,20,41,119
2023-12-30,8003252,8003671,18,21,220
2023-12-30,8003310,8000209,44,56,106
2023-12-30,8003310,8000832,24,56,34
2023-12-30,8003310,8003310,48,112,56
2023-12-30,8003320,8003320,184,298,113
2023-12-30,8003320,8003358,84,97,174
2023-12-30,8003320,8003370,31,52,87
2023-12-30,8003320,8003392,102,149,114
2023-12-30,8003330,8000010,1,1,60
2023-12-30,8003330,8000135,18,22,228
2023-12-30,8003330,8000209,1,1,30
2023-12-30,8003330,8000667,2,2,75
2023-12-30,8003330,8001506,10,21,114
2023-12-30,8003330,8003330,124,172,168
2023-12-30,8003330,8003358,38,61,126
2023-12-30,8003330,8003363,4,8,169
2023-12-30,8003330,8004873,46,61,212
2023-12-30,8003330,8004898,18,20,138
2023-12-30,8003358,8003320,55,96,118
2023-12-30,8003358,8003330,46,61,207
2023-12-30,8003358,8003358,143,193,156
2023-12-30,8003358,8005143,27,36,172
2023-12-30,8003360,8003360,89,112,85
2023-12-30,8003360,8003371,47,55,132
2023-12-30,8003360,8003372,45,57,67
2023-12-30,8003361,8000100,0,3,-30
2023-12-30,8003361,8000209,16,16,418
2023-12-30,8003361,8001215,15,17,399
2023-12-30,8003361,8003160,38,45,287
2023-12-30,8003361,8003352,0,1,0
2023-12-30,8003361,8003361,133,167,287
2023-12-30,8003361,8003363,56,62,298
2023-12-30,8003361,8003671,16,18,323
2023-12-30,8003362,8003362,72,112,75
2023-12-30,8003362,8003365,45,55,130
2023-12-30,8003362,8003371,23,57,39
2023-12-30,8003363,8003330,8,8,480
2023-12-30,8003363,8003361,54,63,289
2023-12-30,8003363,8003363,116,125,310
2023-12-30,8003364,8000209,73,113,71
2023-12-30,8003364,8003364,130,226,59
2023-12-30,8003364,8003392,76,112,64
2023-12-30,8003365,8003362,26,57,39
2023-12-30,8003365,8003365,85,112,91
2023-12-30,8003365,8003366,46,55,139
2023-12-30,8003366,8003365,38,57,55
2023-12-30,8003366,8003366,81,112,91
2023-12-30,8003366,8079140,46,55,131
2023-12-30,8003367,8001566,23,57,39
2023-12-30,8003367,8003367,56,114,42
2023-12-30,8003367,8003369,25,57,37
2023-12-30,8003369,8000209,35,57,49
2023-12-30,8003369,8003367,21,57,40
2023-12-30,8003369,8003369,63,114,50
2023-12-30,8003371,8003360,43,57,53
2023-12-30,8003371,8003362,40,55,102
2023-12-30,8003371,8003371,90,112,89
2023-12-30,8003372,8003360,48,55,113
2023-12-30,8003372,8003372,76,112,80
2023-12-30,8003372,8003392,55,113,43
2023-12-30,8003373,8001506,7,10,84
2023-12-30,8003373,8001507,19,45,40
2023-12-30,8003373,8003373,50,111,46
2023-12-30,8003373,8079140,9,57,22
2023-12-30,8003375,8003375,71,121,118
2023-12-30,8003375,8003392,33,62,101
2023-12-30,8003375,8003732,34,60,158
2023-12-30,8003379,8003370,34,53,88
2023-12-30,8003379,8003379,76,105,98
2023-12-30,8003379,8004869,40,52,110
2023-12-30,8003383,8002389,41,60,162
2023-12-30,8003383,8003383,84,121,126
2023-12-30,8003383,8003732,43,61,83
2023-12-30,8003386,8003386,33,83,42
2023-12-30,8003386,8004366,18,42,48
2023-12-30,8003386,8005074,19,41,48
2023-12-30,8003392,8003320,96,149,113
2023-12-30,8003392,8003364,95,113,68
2023-12-30,8003392,8003372,75,112,92
2023-12-30,8003392,8003375,36,61,144
2023-12-30,8003392,8003392,253,449,87
2023-12-30,8003395,8000404,24,54,47
2023-12-30,8003395,8002806,26,54,52
2023-12-30,8003395,8003395,53,108,51
2023-12-30,8003414,8003414,18,32,47
2023-12-30,8003414,8003937,7,16,34
2023-12-30,8003414,8006516,8,16,54
2023-12-30,8003462,8000100,33,39,70
2023-12-30,8003462,8003462,66,78,57
2023-12-30,8003462,8004616,35,39,43
2023-12-30,8003553,8000084,29,54,82
2023-12-30,8003553,8001886,26,39,378
2023-12-30,8003553,8001893,0,27,0
2023-12-30,8003553,8003553,55,110,187
2023-12-30,8003616,8000853,30,42,107
2023-12-30,8003616,8002490,17,36,156
2023-12-30,8003616,8003616,49,84,130
2023-12-30,8003668,8003668,60,112,92
2023-12-30,8003668,8003672,27,56,91
2023-12-30,8003668,8006713,29,56,95
2023-12-30,8003669,8000209,26,42,153
2023-12-30,8003669,8000853,29,42,162
2023-12-30,8003669,8003669,60,84,166
2023-12-30,8003671,8003252,3,20,15
2023-12-30,8003671,8003361,15,18,47
2023-12-30,8003671,8003671,44,77,129
2023-12-30,8003671,8006280,25,39,215
2023-12-30,8003672,8003540,20,56,73
2023-12-30,8003672,8003668,27,56,87
2023-12-30,8003672,8003672,54,112,90
2023-12-30,8003697,8000677,11,19,196
2023-12-30,8003697,8001113,3,20,12
2023-12-30,8003697,8002206,26,40,290
2023-12-30,8003697,8003697,46,78,196
2023-12-30,8003732,8003375,41,61,96
2023-12-30,8003732,8003383,39,60,172
2023-12-30,8003732,8003732,80,121,126
2023-12-30,8003927,8000100,5,19,11
2023-12-30,8003927,8003158,18,20,225
2023-12-30,8003927,8003927,36,79,96
2023-12-30,8003927,8005298,7,21,11
2023-12-30,8003927,8005339,13,19,142
2023-12-30,8003931,8003931,51,78,60
2023-12-30,8003931,8003937,34,39,62
2023-12-30,8003931,8005057,15,39,25
2023-12-30,8003937,8003414,12,16,66
2023-12-30,8003937,8003931,21,39,37
2023-12-30,8003937,8003937,48,78,42
2023-12-30,8003937,8006516,18,23,50
2023-12-30,8003966,8002104,0,1,0
2023-12-30,8003966,8003966,0,1,0
2023-12-30,8003990,8000084,19,40,196
2023-12-30,8003990,8001264,31,40,103
2023-12-30,8003990,8003990,50,80,142
2023-12-30,8004366,8001086,0,1,0
2023-12-30,8004366,8003386,15,41,41
2023-12-30,8004366,8004366,0,1,0
2023-12-30,8004616,8003462,38,39,82
2023-12-30,8004616,8004616,66,78,50
2023-12-30,8004616,8005058,27,39,55
2023-12-30,8004739,8002988,18,35,54
2023-12-30,8004746,8002290,18,20,186
2023-12-30,8004746,8004746,33,40,111
2023-12-30,8004746,8006659,7,20,15
2023-12-30,8004869,8000135,28,38,136
2023-12-30,8004869,8000178,13,15,364
2023-12-30,8004869,8003379,37,53,92
2023-12-30,8004869,8004869,148,180,150
2023-12-30,8004869,8004873,39,52,118
2023-12-30,8004869,8004898,14,19,123
2023-12-30,8004873,8003330,43,61,156
2023-12-30,8004873,8004869,46,53,130
2023-12-30,8004873,8004873,167,227,146
2023-12-30,8004873,8005629,80,113,173
2023-12-30,8004898,8003330,17,21,141
2023-12-30,8004898,8004869,17,18,107
2023-12-30,8004898,8004898,50,80,122
2023-12-30,8004898,8005746,30,40,182
2023-12-30,8004907,8000178,13,20,70
2023-12-30,8004907,8000355,18,20,201
2023-12-30,8004907,8004907,33,40,145
2023-12-30,8005057,8003931,37,39,92
2023-12-30,8005057,8005057,45,78,45
2023-12-30,8005057,8005058,15,39,30
2023-12-30,8005058,8004616,36,39,53
2023-12-30,8005058,8005057,32,39,60
2023-12-30,8005058,8005058,68,78,64
2023-12-30,8005074,8000713,13,41,34
2023-12-30,8005074,8003386,16,42,46
2023-12-30,8005074,8005074,35,83,44
2023-12-30,8005134,8002932,14,36,115
2023-12-30,8005134,8005134,37,71,96
2023-12-30,8005134,8005143,16,35,87
2023-12-30,8005143,8003358,28,35,118
2023-12-30,8005143,8005134,26,36,162
2023-12-30,8005143,8005143,53,71,138
2023-12-30,8005152,8001091,21,22,236
2023-12-30,8005152,8005152,43,48,399
2023-12-30,8005152,8005499,19,24,521
2023-12-30,8005164,8000012,15,35,157
2023-12-30,8005164,8005164,47,70,129
2023-12-30,8005164,8005356,26,35,93
2023-12-30,8005298,8000100,6,21,1
2023-12-30,8005298,8003927,13,19,136
2023-12-30,8005298,8005298,21,40,82
2023-12-30,8005339,8003158,7,19,114
2023-12-30,8005339,8003927,2,21,-1
2023-12-30,8005339,8005339,9,40,64
2023-12-30,8005356,8000012,12,19,303
2023-12-30,8005356,8001384,25,35,94
2023-12-30,8005356,8002768,14,18,278
2023-12-30,8005356,8005164,21,35,201
2023-12-30,8005356,8005356,68,107,195
2023-12-30,8005499,8001215,23,24,589
2023-12-30,8005499,8005152,22,24,265
2023-12-30,8005499,8005499,45,48,406
2023-12-30,8005575,8000178,37,58,76
2023-12-30,8005575,8001264,20,40,191
2023-12-30,8005575,8005575,45,80,151
2023-12-30,8005629,8000135,77,113,179
2023-12-30,8005629,8004873,51,114,101
2023-12-30,8005629,8005629,142,227,139
2023-12-30,8005743,8005745,0,32,0
2023-12-30,8005744,8005744,15,64,16
2023-12-30,8005744,8005745,15,32,46
2023-12-30,8005744,8098348,20,32,35
2023-12-30,8005745,8005743,15,32,51
2023-12-30,8005745,8005744,0,32,0
2023-12-30,8005745,8005745,15,64,25
2023-12-30,8005746,8004898,21,40,64
2023-12-30,8005746,8005159,28,40,160
2023-12-30,8005746,8005746,60,80,128
2023-12-30,8005935,8002206,26,39,141
2023-12-30,8005935,8002806,27,40,314
2023-12-30,8005935,8005935,51,79,216
2023-12-30,8006280,8000100,9,18,210
2023-12-30,8006280,8001416,16,21,200
2023-12-30,8006280,8003671,9,38,17
2023-12-30,8006280,8006280,36,77,115
2023-12-30,8006516,8000495,17,39,40
2023-12-30,8006516,8003414,6,16,26
2023-12-30,8006516,8003937,6,23,20
2023-12-30,8006516,8006516,28,78,29
2023-12-30,8006659,8000355,11,20,22
2023-12-30,8006659,8004746,18,20,183
2023-12-30,8006659,8006659,28,40,98
2023-12-30,8006713,8000209,32,41,412
2023-12-30,8006713,8000832,30,56,92
2023-12-30,8006713,8001584,36,41,326
2023-12-30,8006713,8003668,30,56,88
2023-12-30,8006713,8006713,121,194,202
2023-12-30,8070704,8000404,48,73,75
2023-12-30,8070704,8000406,27,33,87
2023-12-30,8070704,8070704,79,134,94
2023-12-30,8079140,8003366,35,57,44
2023-12-30,8079140,8003373,39,55,81
2023-12-30,8079140,8079140,63,112,73
2023-12-30,8098348,8005744,9,32,12
2023-12-30,8098348,8098348,33,64,8
2023-12-30,8098348,8099506,27,32,58
2023-12-30,8098349,8001917,4,18,17
2023-12-30,8099506,8000348,5,32,-22
2023-12-30,8099506,8098348,5,32,-38
2023-12-30,8099506,8099506,47,64,39
2023-12-31,8000012,8000012,24,35,292
2023-12-31,8000012,8001928,3,5,312
2023-12-31,8000012,8005164,12,32,94
2023-12-31,8000012,8005356,12,17,281
2023-12-31,8000012,8006501,9,14,272
2023-12-31,8000030,8002290,7,19,25
2023-12-31,8000084,8000084,36,74,256
2023-12-31,8000084,8000178,22,34,186
2023-12-31,8000084,8003553,16,54,242
2023-12-31,8000084,8003990,8,34,76
2023-12-31,8000100,8000100,37,70,48
2023-12-31,8000100,8002402,8,19,27
2023-12-31,8000100,8003361,1,3,10
2023-12-31,8000100,8003462,8,37,32
2023-12-31,8000100,8003927,14,18,68
2023-12-31,8000100,8005298,15,19,81
2023-12-31,8000100,8006280,11,16,64
2023-12-31,8000135,8000135,130,208,196
2023-12-31,8000135,8002753,85,104,198
2023-12-31,8000135,8003330,3,20,26
2023-12-31,8000135,8004869,27,34,260
2023-12-31,8000135,8005629,49,86,193
2023-12-31,8000178,8000084,18,36,359
2023-12-31,8000178,8000178,131,200,180
2023-12-31,8000178,8000209,18,20,264
2023-12-31,8000178,8002389,26,67,68
2023-12-31,8000178,8004869,5,13,150
2023-12-31,8000178,8004907,11,19,90
2023-12-31,8000178,8005575,38,46,211
2023-12-31,8000209,8000178,16,21,416
2023-12-31,8000209,8000209,176,318,143
2023-12-31,8000209,8003310,10,42,57
2023-12-31,8000209,8003361,11,15,302
2023-12-31,8000209,8003364,23,85,106
2023-12-31,8000209,8003369,19,43,63
2023-12-31,8000209,8003669,21,35,85
2023-12-31,8000209,8006713,35,40,234
2023-12-31,8000348,8000348,71,108,200
2023-12-31,8000348,8000406,23,37,343
2023-12-31,8000348,8001712,17,34,25
2023-12-31,8000348,8001886,30,36,213
2023-12-31,8000348,8099506,4,17,-12
2023-12-31,8000355,8000355,14,38,45
2023-12-31,8000355,8004907,2,19,16
2023-12-31,8000355,8006659,10,19,68
2023-12-31,8000404,8000404,95,178,59
2023-12-31,8000404,8002806,25,38,56
2023-12-31,8000404,8003395,29,51,76
2023-12-31,8000404,8070704,20,57,32
2023-12-31,8000406,8000348,29,36,192
2023-12-31,8000406,8000406,91,140,161
2023-12-31,8000406,8001712,17,33,55
2023-12-31,8000406,8070704,14,32,33
2023-12-31,8000495,8000495,41,74,39
2023-12-31,8000495,8001084,15,37,41
2023-12-31,8000495,8006516,24,37,29
2023-12-31,8000502,8000502,13,33,30
2023-12-31,8000502,8000507,2,31,5
2023-12-31,8000502,8000521,12,18,60
2023-12-31,8000507,8000502,18,32,82
2023-12-31,8000507,8000507,19,63,40
2023-12-31,8000507,8002816,3,31,0
2023-12-31,8000510,8000510,16,35,34
2023-12-31,8000510,8000527,4,17,18
2023-12-31,8000510,8001917,7,18,28
2023-12-31,8000521,8000502,1,17,4
2023-12-31,8000521,8000521,13,35,28
2023-12-31,8000521,8000527,12,18,63
2023-12-31,8000527,8000510,13,18,65
2023-12-31,8000527,8000521,4,17,11
2023-12-31,8000527,8000527,16,35,46
2023-12-31,8000677,8000677,42,74,58
2023-12-31,8000677,8001113,8,19,25
2023-12-31,8000677,8001839,15,37,53
2023-12-31,8000677,8003697,16,18,112
2023-12-31,8000713,8000713,19,77,17
2023-12-31,8000713,8005074,7,38,7
2023-12-31,8000713,8005970,12,39,29
2023-12-31,8000832,8000832,35,84,151
2023-12-31,8000832,8003310,24,42,250
2023-12-31,8000832,8006713,11,42,64
2023-12-31,8000853,8000853,58,103,100
2023-12-31,8000853,8001506,11,17,65
2023-12-31,8000853,8003616,18,35,74
2023-12-31,8000853,8003669,20,34,162
2023-12-31,8000853,8006719,10,17,95
2023-12-31,8000899,8001566,12,43,17
2023-12-31,8001081,8001081,25,74,23
2023-12-31,8001081,8001084,14,37,17
2023-12-31,8001081,8001088,4,37,19
2023-12-31,8001082,8001082,53,75,120
2023-12-31,8001082,8001085,21,22,140
2023-12-31,8001082,8001091,24,37,73
2023-12-31,8001082,8004604,8,16,232
2023-12-31,8001084,8000495,23,37,33
2023-12-31,8001084,8001081,13,37,35
2023-12-31,8001084,8001084,34,74,36
2023-12-31,8001085,8001082,10,21,76
2023-12-31,8001085,8001085,30,43,107
2023-12-31,8001085,8005153,18,22,136
2023-12-31,8001086,8001086,0,1,0
2023-12-31,8001086,8003966,0,1,0
2023-12-31,8001088,8001081,28,37,43
2023-12-31,8001088,8001088,38,74,30
2023-12-31,8001091,8001082,19,38,155
2023-12-31,8001091,8001091,44,75,114
2023-12-31,8001091,8001215,4,16,13
2023-12-31,8001091,8005152,20,21,100
2023-12-31,8001113,8000677,9,19,73
2023-12-31,8001113,8001113,17,38,51
2023-12-31,8001113,8003697,8,19,13
2023-12-31,8001215,8001091,12,16,291
2023-12-31,8001215,8001215,54,80,166
2023-12-31,8001215,8003160,20,24,158
2023-12-31,8001215,8003361,9,16,34
2023-12-31,8001215,8005499,19,24,164
2023-12-31,8001264,8001264,48,68,161
2023-12-31,8001264,8003990,18,34,207
2023-12-31,8001264,8005575,28,34,121
2023-12-31,8001384,8001384,50,64,150
2023-12-31,8001384,8002768,25,32,117
2023-12-31,8001384,8005356,22,32,170
2023-12-31,8001416,8001416,25,40,81
2023-12-31,8001416,8002402,17,21,134
2023-12-31,8001416,8006280,7,19,19
2023-12-31,8001566,8000899,41,43,117
2023-12-31,8001566,8001566,61,86,62
2023-12-31,8001566,8003367,21,43,32
2023-12-31,8001712,8000348,24,33,75
2023-12-31,8001712,8000406,25,34,51
2023-12-31,8001712,8001712,43,67,51
2023-12-31,8001736,8001736,66,99,169
2023-12-31,8001736,8002753,14,17,286
2023-12-31,8001736,8002768,35,50,203
2023-12-31,8001736,8003987,21,32,45
2023-12-31,8001839,8000318,16,19,63
2023-12-31,8001839,8000677,27,37,66
2023-12-31,8001839,8001839,48,75,58
2023-12-31,8001839,8002784,8,19,77
2023-12-31,8001886,8000348,23,38,353
2023-12-31,8001886,8001886,49,74,275
2023-12-31,8001886,8003553,28,36,216
2023-12-31,8001887,8001888,0,16,0
2023-12-31,8001888,8001887,0,16,0
2023-12-31,8001888,8001888,0,32,0
2023-12-31,8001888,8001889,0,16,0
2023-12-31,8001889,8001888,0,16,0
2023-12-31,8001889,8001889,0,32,0
2023-12-31,8001889,8001893,0,16,0
2023-12-31,8001893,8001889,0,16,0
2023-12-31,8001893,8001893,0,32,0
2023-12-31,8001893,8003553,0,16,0
2023-12-31,8001917,8000510,11,17,37
2023-12-31,8001917,8001917,21,35,34
2023-12-31,8001917,8098349,7,18,23
2023-12-31,8002104,8000135,0,1,0
2023-12-31,8002104,8002104,0,1,0
2023-12-31,8002206,8001839,1,1,60
2023-12-31,8002206,8002206,49,76,76
2023-12-31,8002206,8003697,25,37,88
2023-12-31,8002206,8005935,22,38,58
2023-12-31,8002290,8000030,8,19,49
2023-12-31,8002290,8002290,29,38,54
2023-12-31,8002290,8004746,15,19,60
2023-12-31,8002389,8000178,49,67,269
2023-12-31,8002389,8002389,77,134,163
2023-12-31,8002389,8003383,28,67,64
2023-12-31,8002402,8000100,12,21,99
2023-12-31,8002402,8001416,9,19,27
2023-12-31,8002402,8002402,22,40,80
2023-12-31,8002753,8000135,60,103,181
2023-12-31,8002753,8001736,12,18,285
2023-12-31,8002753,8002753,92,117,191
2023-12-31,8002753,8002775,33,41,179
2023-12-31,8002768,8001384,23,32,162
2023-12-31,8002768,8001736,41,49,173
2023-12-31,8002768,8002768,75,99,188
2023-12-31,8002768,8005356,10,18,273
2023-12-31,8002775,8001006,21,31,116
2023-12-31,8002775,8002753,33,41,66
2023-12-31,8002775,8002775,52,82,110
2023-12-31,8002775,8003987,8,10,342
2023-12-31,8002804,8002804,22,63,35
2023-12-31,8002804,8002806,5,31,8
2023-12-31,8002804,8002816,12,32,60
2023-12-31,8002806,8000404,24,38,91
2023-12-31,8002806,8002206,1,1,60
2023-12-31,8002806,8002804,18,32,62
2023-12-31,8002806,8002806,107,179,66
2023-12-31,8002806,8003395,22,51,28
2023-12-31,8002806,8005935,22,37,82
2023-12-31,8002806,8400043,13,20,105
2023-12-31,8002816,8000507,13,32,61
2023-12-31,8002816,8002804,7,31,15
2023-12-31,8002816,8002816,16,63,33
2023-12-31,8002932,8002932,45,63,56
2023-12-31,8002932,8002988,26,32,73
2023-12-31,8002932,8005134,19,31,46
2023-12-31,8002988,8002932,15,31,40
2023-12-31,8002988,8002988,27,63,48
2023-12-31,8002988,8004739,9,32,45
2023-12-31,8003158,8003927,3,18,32
2023-12-31,8003158,8005339,5,19,55
2023-12-31,8003160,8001215,20,24,175
2023-12-31,8003160,8003160,60,88,127
2023-12-31,8003160,8003252,16,21,153
2023-12-31,8003160,8003361,28,43,131
2023-12-31,8003252,8003160,7,19,46
2023-12-31,8003252,8003252,20,40,85
2023-12-31,8003252,8003671,17,21,144
2023-12-31,8003310,8000209,27,42,251
2023-12-31,8003310,8000832,13,42,69
2023-12-31,8003310,8003310,37,84,152
2023-12-31,8003320,8003320,150,235,122
2023-12-31,8003320,8003358,76,80,135
2023-12-31,8003320,8003370,21,38,67
2023-12-31,8003320,8003392,79,117,168
2023-12-31,8003330,8000010,1,1,60
2023-12-31,8003330,8000135,11,21,63
2023-12-31,8003330,8000209,0,1,0
2023-12-31,8003330,8000667,1,1,180
2023-12-31,8003330,8001506,12,21,46
2023-12-31,8003330,8003330,96,140,137
2023-12-31,8003330,8003358,31,48,148
2023-12-31,8003330,8003363,3,9,13
2023-12-31,8003330,8004873,43,48,171
2023-12-31,8003330,8004898,14,19,77
2023-12-31,8003358,8003320,45,79,125
2023-12-31,8003358,8003330,46,48,186
2023-12-31,8003358,8003358,115,159,137
2023-12-31,8003358,8005143,18,32,76
2023-12-31,8003360,8003360,85,121,109
2023-12-31,8003360,8003371,46,60,180
2023-12-31,8003360,8003372,44,61,59
2023-12-31,8003361,8000100,3,3,130
2023-12-31,8003361,8000209,15,15,130
2023-12-31,8003361,8001215,13,16,321
2023-12-31,8003361,8003160,34,45,169
2023-12-31,8003361,8003352,1,1,30
2023-12-31,8003361,8003361,124,162,165
2023-12-31,8003361,8003363,52,59,168
2023-12-31,8003361,8003671,17,18,157
2023-12-31,8003362,8003362,62,121,93
2023-12-31,8003362,8003365,44,60,185
2023-12-31,8003362,8003371,19,61,24
2023-12-31,8003363,8003330,9,9,173
2023-12-31,8003363,8003361,50,63,155
2023-12-31,8003363,8003363,108,122,183
2023-12-31,8003364,8000209,44,85,82
2023-12-31,8003364,8003364,87,170,96
2023-12-31,8003364,8003392,58,84,139
2023-12-31,8003365,8003362,16,61,22
2023-12-31,8003365,8003365,80,121,109
2023-12-31,8003365,8003366,46,60,190
2023-12-31,8003366,8003365,35,61,41
2023-12-31,8003366,8003366,82,121,112
2023-12-31,8003366,8079140,47,60,185
2023-12-31,8003367,8001566,16,43,51
2023-12-31,8003367,8003367,35,86,39
2023-12-31,8003367,8003369,12,43,20
2023-12-31,8003369,8000209,29,43,31
2023-12-31,8003369,8003367,15,43,53
2023-12-31,8003369,8003369,48,86,47
2023-12-31,8003371,8003360,46,61,48
2023-12-31,8003371,8003362,39,60,156
2023-12-31,8003371,8003371,91,121,109
2023-12-31,8003372,8003360,50,60,172
2023-12-31,8003372,8003372,79,121,107
2023-12-31,8003372,8003392,35,85,46
2023-12-31,8003373,8001507,13,41,40
2023-12-31,8003373,8003373,32,82,41
2023-12-31,8003373,8079140,6,61,10
2023-12-31,8003375,8003375,92,134,177
2023-12-31,8003375,8003392,40,67,99
2023-12-31,8003375,8003732,51,67,268
2023-12-31,8003379,8003370,25,38,238
2023-12-31,8003379,8003379,59,76,198
2023-12-31,8003379,8004869,25,38,142
2023-12-31,8003383,8002389,59,67,273
2023-12-31,8003383,8003383,104,134,179
2023-12-31,8003383,8003732,45,67,79
2023-12-31,8003386,8003386,11,77,12
2023-12-31,8003386,8004366,9,38,17
2023-12-31,8003386,8005074,9,39,15
2023-12-31,8003392,8003320,70,118,84
2023-12-31,8003392,8003364,65,85,81
2023-12-31,8003392,8003372,55,84,171
2023-12-31,8003392,8003375,46,67,249
2023-12-31,8003392,8003392,200,341,132
2023-12-31,8003395,8000404,16,51,17
2023-12-31,8003395,8002806,27,51,75
2023-12-31,8003395,8003395,51,102,48
2023-12-31,8003414,8003414,19,32,30
2023-12-31,8003414,8003937,8,16,21
2023-12-31,8003414,8006516,5,16,17
2023-12-31,8003462,8000100,28,37,45
2023-12-31,8003462,8003462,63,74,58
2023-12-31,8003462,8004616,33,37,78
2023-12-31,8003553,8000084,28,52,130
2023-12-31,8003553,8001886,19,38,337
2023-12-31,8003553,8001893,0,16,0
2023-12-31,8003553,8003553,45,106,197
2023-12-31,8003616,8000853,20,34,142
2023-12-31,8003616,8002490,10,29,53
2023-12-31,8003616,8003616,31,69,98
2023-12-31,8003668,8003668,41,84,161
2023-12-31,8003668,8003672,13,42,69
2023-12-31,8003668,8006713,27,42,256
2023-12-31,8003669,8000209,19,34,139
2023-12-31,8003669,8000853,19,35,81
2023-12-31,8003669,8003669,43,69,121
2023-12-31,8003671,8003252,5,19,19
2023-12-31,8003671,8003361,11,16,71
2023-12-31,8003671,8003671,45,74,77
2023-12-31,8003671,8006280,25,39,106
2023-12-31,8003672,8003540,11,42,55
2023-12-31,8003672,8003668,26,42,246
2023-12-31,8003672,8003672,39,84,158
2023-12-31,8003697,8000677,7,18,17
2023-12-31,8003697,8001113,3,19,60
2023-12-31,8003697,8002206,24,38,58
2023-12-31,8003697,8003697,37,74,57
2023-12-31,8003732,8003375,52,67,103
2023-12-31,8003732,8003383,59,67,281
2023-12-31,8003732,8003732,111,134,182
2023-12-31,8003927,8000100,3,18,33
2023-12-31,8003927,8003158,16,18,58
2023-12-31,8003927,8003927,29,74,46
2023-12-31,8003927,8005298,10,19,62
2023-12-31,8003927,8005339,8,19,54
2023-12-31,8003931,8003931,39,74,45
2023-12-31,8003931,8003937,25,37,58
2023-12-31,8003931,8005057,7,37,10
2023-12-31,8003937,8003414,12,16,51
2023-12-31,8003937,8003931,17,37,17
2023-12-31,8003937,8003937,36,74,33
2023-12-31,8003937,8006516,11,21,73
2023-12-31,8003966,8002104,0,1,0
2023-12-31,8003966,8003966,0,1,0
2023-12-31,8003990,8000084,23,34,220
2023-12-31,8003990,8001264,30,34,117
2023-12-31,8003990,8003990,53,68,160
2023-12-31,8004366,8001086,0,1,0
2023-12-31,8004366,8003386,3,39,13
2023-12-31,8004366,8004366,0,1,0
2023-12-31,8004616,8003462,33,37,64
2023-12-31,8004616,8004616,56,74,50
2023-12-31,8004616,8005058,20,37,55
2023-12-31,8004739,8002988,9,31,34
2023-12-31,8004746,8002290,14,19,77
2023-12-31,8004746,8004746,31,38,64
2023-12-31,8004746,8006659,7,19,25
2023-12-31,8004869,8000135,22,36,182
2023-12-31,8004869,8000178,9,14,369
2023-12-31,8004869,8003379,28,38,246
2023-12-31,8004869,8004869,110,146,219
2023-12-31,8004869,8004873,25,38,153
2023-12-31,8004869,8004898,12,17,116
2023-12-31,8004873,8003330,35,48,191
2023-12-31,8004873,8004869,37,38,283
2023-12-31,8004873,8004873,134,172,186
2023-12-31,8004873,8005629,66,86,176
2023-12-31,8004898,8003330,10,20,34
2023-12-31,8004898,8004869,12,17,76
2023-12-31,8004898,8004898,35,76,78
2023-12-31,8004898,8005746,25,38,132
2023-12-31,8004907,8000178,4,19,16
2023-12-31,8004907,8000355,10,19,88
2023-12-31,8004907,8004907,15,38,54
2023-12-31,8005057,8003931,33,37,88
2023-12-31,8005057,8005057,37,74,40
2023-12-31,8005057,8005058,13,37,15
2023-12-31,8005058,8004616,32,37,35
2023-12-31,8005058,8005057,27,37,63
2023-12-31,8005058,8005058,61,74,56
2023-12-31,8005074,8000713,5,39,20
2023-12-31,8005074,8003386,11,38,16
2023-12-31,8005074,8005074,20,77,17
2023-12-31,8005134,8002932,7,32,43
2023-12-31,8005134,8005134,22,63,42
2023-12-31,8005134,8005143,11,31,51
2023-12-31,8005143,8003358,21,31,89
2023-12-31,8005143,8005134,21,32,71
2023-12-31,8005143,8005143,41,63,74
2023-12-31,8005152,8001091,16,22,138
2023-12-31,8005152,8005152,42,48,134
2023-12-31,8005152,8005499,17,24,94
2023-12-31,8005164,8000012,15,32,134
2023-12-31,8005164,8005164,47,64,138
2023-12-31,8005164,8005356,26,32,131
2023-12-31,8005298,8000100,6,19,24
2023-12-31,8005298,8003927,8,19,52
2023-12-31,8005298,8005298,17,38,63
2023-12-31,8005339,8003158,8,19,74
2023-12-31,8005339,8003927,3,19,32
2023-12-31,8005339,8005339,9,38,52
2023-12-31,8005356,8000012,11,18,285
2023-12-31,8005356,8001384,26,32,126
2023-12-31,8005356,8002768,11,17,266
2023-12-31,8005356,8005164,22,32,176
2023-12-31,8005356,8005356,70,99,194
2023-12-31,8005499,8001215,21,24,166
2023-12-31,8005499,8005152,19,24,156
2023-12-31,8005499,8005499,38,48,139
2023-12-31,8005575,8000178,32,46,94
2023-12-31,8005575,8001264,26,34,236
2023-12-31,8005575,8005575,54,68,182
2023-12-31,8005629,8000135,69,86,172
2023-12-31,8005629,8004873,41,86,187
2023-12-31,8005629,8005629,119,172,183
2023-12-31,8005743,8005745,0,17,0
2023-12-31,8005744,8005744,11,34,13
2023-12-31,8005744,8005745,11,17,30
2023-12-31,8005744,8098348,15,17,44
2023-12-31,8005745,8005743,11,17,34
2023-12-31,8005745,8005744,0,17,0
2023-12-31,8005745,8005745,12,34,15
2023-12-31,8005746,8004898,12,38,32
2023-12-31,8005746,8005159,25,38,124
2023-12-31,8005746,8005746,44,76,84
2023-12-31,8005935,8002206,23,37,88
2023-12-31,8005935,8002806,24,38,64
2023-12-31,8005935,8005935,47,75,70
2023-12-31,8006280,8000100,9,18,37
2023-12-31,8006280,8001416,13,21,123
2023-12-31,8006280,8003671,13,35,28
2023-12-31,8006280,8006280,35,74,66
2023-12-31,8006516,8000495,12,37,40
2023-12-31,8006516,8003414,6,16,19
2023-12-31,8006516,8003937,4,21,6
2023-12-31,8006516,8006516,26,74,27
2023-12-31,8006659,8000355,11,19,30
2023-12-31,8006659,8004746,16,19,81
2023-12-31,8006659,8006659,21,38,51
2023-12-31,8006713,8000209,26,39,331
2023-12-31,8006713,8000832,28,42,247
2023-12-31,8006713,8001584,32,40,237
2023-12-31,8006713,8003668,14,42,69
2023-12-31,8006713,8006713,100,163,219
2023-12-31,8070704,8000404,52,69,74
2023-12-31,8070704,8000406,22,30,37
2023-12-31,8070704,8070704,76,126,50
2023-12-31,8079140,8003366,35,61,34
2023-12-31,8079140,8003373,33,60,140
2023-12-31,8079140,8079140,63,121,95
2023-12-31,8098348,8005744,3,17,5
2023-12-31,8098348,8098348,15,34,4
2023-12-31,8098348,8099506,14,17,60
2023-12-31,8098349,8001917,4,17,16
2023-12-31,8099506,8000348,0,17,-9
2023-12-31,8099506,8098348,0,17,-67
2023-12-31,8099506,8099506,17,34,8
