date,from_stop_id,to_stop_id,delay_count,entries_count,avg_delay
2023-06-01,8010016,8010016,32,36,46
2023-06-01,8010016,8011031,11,24,25
2023-06-01,8010016,8012729,4,18,13
2023-06-01,8010051,8010051,19,42,49
2023-06-01,8010051,8010153,7,9,130
2023-06-01,8010051,8010322,7,12,60
2023-06-01,8010051,8012264,1,2,90
2023-06-01,8010051,8013186,9,19,28
2023-06-01,8010141,8010141,23,38,100
2023-06-01,8010141,8011702,6,11,52
2023-06-01,8010141,8012651,7,9,180
2023-06-01,8010141,8012902,7,8,71
2023-06-01,8010153,8010051,7,9,23
2023-06-01,8010153,8010153,47,56,57
2023-06-01,8010153,8010201,10,10,102
2023-06-01,8010153,8010284,3,18,10
2023-06-01,8010153,8012269,4,18,8
2023-06-01,8010156,8010156,44,57,131
2023-06-01,8010156,8011798,4,13,18
2023-06-01,8010156,8012009,4,4,480
2023-06-01,8010156,8012474,3,4,98
2023-06-01,8010156,8012677,9,15,144
2023-06-01,8010156,8012951,9,12,168
2023-06-01,8010156,8013069,4,10,84
2023-06-01,8010173,8010173,35,52,149
2023-06-01,8010173,8012951,15,26,225
2023-06-01,8010173,8013073,15,21,99
2023-06-01,8010173,8013370,3,5,42
2023-06-01,8010176,8010176,19,36,53
2023-06-01,8010176,8010381,11,18,47
2023-06-01,8010176,8011995,7,18,82
2023-06-01,8010179,8010179,33,42,150
2023-06-01,8010179,8011536,8,10,270
2023-06-01,8010179,8012418,6,9,110
2023-06-01,8010179,8012839,10,11,106
2023-06-01,8010179,8013131,7,11,65
2023-06-01,8010199,8010199,17,36,32
2023-06-01,8010199,8010284,11,18,40
2023-06-01,8010199,8012436,10,18,38
2023-06-01,8010201,8010153,7,10,33
2023-06-01,8010201,8010201,12,20,69
2023-06-01,8010201,8012093,8,10,126
2023-06-01,8010210,8010210,17,38,46
2023-06-01,8010210,8012683,7,17,65
2023-06-01,8010210,8012832,14,19,84
2023-06-01,8010210,8013104,7,19,17
2023-06-01,8010213,8010213,13,17,145
2023-06-01,8010213,8011689,6,8,199
2023-06-01,8010213,8013393,7,9,100
2023-06-01,8010227,8010227,23,36,45
2023-06-01,8010227,8010348,18,18,95
2023-06-01,8010227,8012758,17,19,38
2023-06-01,8010241,8010241,56,65,91
2023-06-01,8010241,8011025,10,17,83
2023-06-01,8010241,8011293,17,19,141
2023-06-01,8010241,8012376,8,18,20
2023-06-01,8010241,8013017,11,17,90
2023-06-01,8010267,8011403,1,19,11
2023-06-01,8010267,8013018,4,17,21
2023-06-01,8010284,8010153,16,18,58
2023-06-01,8010284,8010199,7,18,23
2023-06-01,8010284,8010284,19,36,32
2023-06-01,8010300,8010300,47,58,84
2023-06-01,8010300,8011611,10,15,88
2023-06-01,8010300,8012377,12,16,58
2023-06-01,8010300,8012582,15,17,58
2023-06-01,8010322,8010051,8,12,40
2023-06-01,8010322,8010322,42,60,35
2023-06-01,8010322,8011924,15,18,47
2023-06-01,8010322,8012362,13,18,43
2023-06-01,8010325,8010325,26,63,43
2023-06-01,8010325,8012940,13,32,68
2023-06-01,8010325,8012951,5,11,19
2023-06-01,8010325,8013354,15,20,33
2023-06-01,8010339,8010339,25,34,115
2023-06-01,8010339,8011213,16,17,166
2023-06-01,8010339,8012555,10,17,95
2023-06-01,8010348,8010227,2,18,3
2023-06-01,8010348,8010348,32,36,55
2023-06-01,8010348,8012436,9,18,20
2023-06-01,8010381,8010176,11,18,68
2023-06-01,8010381,8012321,15,21,59
2023-06-01,8010392,8010392,7,58,26
2023-06-01,8010392,8013132,0,28,0
2023-06-01,8010392,8013133,0,18,0
2023-06-01,8010392,8013385,7,30,50
2023-06-01,8011017,8011017,16,38,69
2023-06-01,8011017,8012711,11,19,120
2023-06-01,8011017,8013062,5,19,8
2023-06-01,8011025,8010241,6,17,37
2023-06-01,8011025,8011025,11,34,49
2023-06-01,8011025,8011646,7,17,71
2023-06-01,8011027,8011027,13,21,109
2023-06-01,8011027,8011281,6,11,139
2023-06-01,8011027,8012762,5,10,90
2023-06-01,8011031,8010016,16,25,35
2023-06-01,8011031,8011031,20,49,21
2023-06-01,8011031,8012609,6,24,16
2023-06-01,8011044,8010282,3,4,60
2023-06-01,8011044,8011044,16,28,158
2023-06-01,8011044,8011438,6,10,150
2023-06-01,8011044,8012021,5,10,171
2023-06-01,8011108,8011108,5,54,30
2023-06-01,8011108,8013132,5,28,58
2023-06-01,8011108,8013341,0,26,0
2023-06-01,8011109,8011109,5,59,19
2023-06-01,8011109,8012892,0,29,0
2023-06-01,8011109,8087026,5,30,34
2023-06-01,8011114,8012005,0,17,0
2023-06-01,8011140,8011140,18,34,45
2023-06-01,8011140,8012377,9,18,45
2023-06-01,8011140,8012806,9,16,43
2023-06-01,8011205,8010399,9,9,157
2023-06-01,8011205,8011205,17,22,147
2023-06-01,8011205,8011307,8,11,139
2023-06-01,8011213,8010339,12,17,78
2023-06-01,8011213,8011213,33,34,146
2023-06-01,8011213,8012610,7,8,210
2023-06-01,8011213,8012839,2,2,135
2023-06-01,8011230,8011230,22,31,187
2023-06-01,8011230,8011248,13,16,248
2023-06-01,8011230,8012933,10,15,156
2023-06-01,8011248,8011230,5,15,126
2023-06-01,8011248,8011248,19,31,194
2023-06-01,8011248,8012677,12,16,236
2023-06-01,8011270,8011270,10,35,12
2023-06-01,8011270,8011729,10,17,30
2023-06-01,8011270,8012785,1,18,2
2023-06-01,8011281,8011027,2,10,33
2023-06-01,8011281,8011281,8,21,83
2023-06-01,8011281,8012316,4,11,104
2023-06-01,8011286,8011286,19,38,89
2023-06-01,8011286,8011889,10,19,156
2023-06-01,8011286,8011991,0,19,0
2023-06-01,8011293,8010241,15,19,136
2023-06-01,8011293,8011293,33,38,142
2023-06-01,8011293,8011307,9,11,125
2023-06-01,8011307,8011205,9,11,145
2023-06-01,8011307,8011293,9,11,128
2023-06-01,8011307,8011307,17,22,138
2023-06-01,8011326,8011326,12,38,15
2023-06-01,8011326,8012824,4,19,9
2023-06-01,8011326,8013079,4,20,14
2023-06-01,8011356,8011356,23,34,108
2023-06-01,8011356,8012710,8,17,55
2023-06-01,8011356,8013177,15,17,148
2023-06-01,8011403,8010267,1,19,2
2023-06-01,8011403,8011403,4,38,13
2023-06-01,8011403,8011582,3,19,36
2023-06-01,8011438,8011044,7,10,201
2023-06-01,8011438,8011438,14,20,188
2023-06-01,8011438,8011536,5,10,153
2023-06-01,8011442,8011442,8,18,53
2023-06-01,8011442,8012474,4,9,47
2023-06-01,8011442,8013018,4,9,47
2023-06-01,8011456,8011456,13,22,52
2023-06-01,8011456,8013131,8,11,46
2023-06-01,8011456,8013162,7,11,71
2023-06-01,8011481,8011481,26,34,85
2023-06-01,8011481,8013322,16,17,106
2023-06-01,8011481,8013373,8,17,64
2023-06-01,8011536,8010179,5,10,159
2023-06-01,8011536,8011438,9,10,255
2023-06-01,8011536,8011536,14,20,212
2023-06-01,8011582,8011403,2,19,3
2023-06-01,8011582,8011582,6,38,21
2023-06-01,8011582,8012824,5,19,33
2023-06-01,8011592,8011592,3,28,6
2023-06-01,8011592,8011908,3,14,13
2023-06-01,8011592,8012274,0,16,0
2023-06-01,8011611,8010300,10,13,122
2023-06-01,8011611,8011611,24,28,120
2023-06-01,8011611,8012762,12,13,120
2023-06-01,8011646,8011025,9,17,48
2023-06-01,8011646,8011646,16,34,67
2023-06-01,8011646,8013051,6,17,49
2023-06-01,8011681,8011681,15,20,192
2023-06-01,8011681,8011994,7,10,120
2023-06-01,8011681,8012262,9,10,270
2023-06-01,8011689,5100145,5,8,165
2023-06-01,8011689,8010213,3,9,67
2023-06-01,8011689,8011689,9,17,106
2023-06-01,8011694,8011694,22,38,149
2023-06-01,8011694,8011723,14,19,205
2023-06-01,8011694,8011953,2,9,17
2023-06-01,8011694,8012358,9,10,231
2023-06-01,8011702,8010141,7,9,177
2023-06-01,8011702,8011702,10,20,92
2023-06-01,8011702,8012902,5,11,98
2023-06-01,8011707,8011707,26,34,151
2023-06-01,8011707,8012710,17,17,353
2023-06-01,8011707,8013322,11,17,106
2023-06-01,8011718,8011718,14,32,23
2023-06-01,8011718,8012274,2,16,9
2023-06-01,8011718,8012954,8,16,34
2023-06-01,8011723,8011694,5,19,84
2023-06-01,8011723,8011723,20,38,143
2023-06-01,8011723,8012021,7,10,168
2023-06-01,8011726,8011726,9,18,55
2023-06-01,8011726,8011951,6,8,49
2023-06-01,8011726,8012474,5,9,60
2023-06-01,8011729,8011270,0,18,0
2023-06-01,8011729,8011729,5,35,6
2023-06-01,8011729,8012841,3,17,7
2023-06-01,8011731,8011731,8,12,68
2023-06-01,8011731,8013293,2,6,50
2023-06-01,8011735,8011735,39,49,46
2023-06-01,8011735,8012609,16,25,25
2023-06-01,8011735,8079629,12,24,21
2023-06-01,8011778,8011778,12,26,80
2023-06-01,8011778,8012316,5,10,75
2023-06-01,8011778,8012762,3,3,60
2023-06-01,8011778,8013062,7,10,132
2023-06-01,8011778,8013352,2,2,120
2023-06-01,8011797,8011797,36,36,73
2023-06-01,8011797,8013040,15,18,65
2023-06-01,8011797,8013105,5,18,13
2023-06-01,8011798,8010156,12,13,39
2023-06-01,8011864,8003774,17,19,101
2023-06-01,8011864,8011864,29,38,92
2023-06-01,8011864,8012268,11,19,68
2023-06-01,8011889,8011286,0,19,0
2023-06-01,8011889,8011889,17,38,88
2023-06-01,8011889,8013339,17,19,193
2023-06-01,8011908,8011592,1,14,2
2023-06-01,8011908,8011908,3,28,6
2023-06-01,8011908,8012737,2,14,9
2023-06-01,8011939,8011939,0,14,0
2023-06-01,8011939,8012517,0,7,0
2023-06-01,8011939,8012949,0,7,0
2023-06-01,8011951,8011726,5,9,87
2023-06-01,8011951,8011951,8,19,71
2023-06-01,8011951,8012474,0,1,0
2023-06-01,8011951,8013069,3,9,27
2023-06-01,8011953,8011694,6,9,233
2023-06-01,8011953,8011953,11,20,130
2023-06-01,8011953,8012358,7,10,66
2023-06-01,8011991,8011286,19,19,177
2023-06-01,8011991,8011991,15,38,83
2023-06-01,8011992,8011992,0,36,0
2023-06-01,8011992,8012617,0,18,0
2023-06-01,8011992,8013133,0,18,0
2023-06-01,8011995,8010176,10,18,38
2023-06-01,8011995,8011995,17,36,60
2023-06-01,8011995,8013040,11,18,90
2023-06-01,8012005,8011114,15,17,166
2023-06-01,8012005,8012005,7,34,72
2023-06-01,8012005,8012827,0,17,0
2023-06-01,8012009,8010156,5,5,48
2023-06-01,8012009,8012009,6,9,227
2023-06-01,8012009,8013370,3,4,472
2023-06-01,8012021,8011044,6,10,162
2023-06-01,8012021,8011723,8,10,201
2023-06-01,8012021,8012021,14,20,182
2023-06-01,8012065,8012065,5,59,19
2023-06-01,8012065,8012086,0,29,0
2023-06-01,8012065,8087027,5,30,38
2023-06-01,8012086,8012065,5,30,42
2023-06-01,8012086,8012086,5,59,22
2023-06-01,8012086,8013385,0,29,0
2023-06-01,8012093,8010201,6,10,36
2023-06-01,8012093,8010399,9,9,143
2023-06-01,8012093,8012093,12,20,88
2023-06-01,8012108,8012108,11,36,15
2023-06-01,8012108,8012729,5,18,10
2023-06-01,8012108,8012840,4,18,12
2023-06-01,8012109,8012109,0,1,0
2023-06-01,8012109,8012143,0,1,0
2023-06-01,8012146,8012146,17,38,42
2023-06-01,8012146,8012832,9,19,27
2023-06-01,8012146,8012843,9,19,52
2023-06-01,8012262,8011681,6,10,105
2023-06-01,8012262,8012262,28,43,147
2023-06-01,8012262,8012716,13,22,190
2023-06-01,8012264,8010051,1,2,15
2023-06-01,8012264,8012264,33,58,70
2023-06-01,8012264,8012321,2,10,51
2023-06-01,8012264,8012384,9,12,55
2023-06-01,8012264,8012940,14,20,84
2023-06-01,8012268,8011864,17,19,111
2023-06-01,8012268,8012268,22,38,86
2023-06-01,8012268,8012902,5,19,55
2023-06-01,8012269,8010153,9,18,27
2023-06-01,8012269,8012269,12,36,16
2023-06-01,8012269,8012362,3,18,7
2023-06-01,8012274,8011592,2,16,8
2023-06-01,8012274,8011718,2,16,4
2023-06-01,8012274,8012274,3,32,5
2023-06-01,8012296,8012517,0,7,0
2023-06-01,8012316,8011281,3,10,57
2023-06-01,8012316,8011778,3,11,74
2023-06-01,8012316,8012316,7,21,79
2023-06-01,8012321,8010381,18,22,68
2023-06-01,8012321,8012264,5,8,86
2023-06-01,8012321,8012321,31,43,72
2023-06-01,8012321,8012384,12,13,90
2023-06-01,8012358,8011694,10,10,195
2023-06-01,8012358,8011953,10,10,261
2023-06-01,8012358,8012358,42,48,169
2023-06-01,8012358,8013352,8,11,79
2023-06-01,8012361,8013409,6,6,30
2023-06-01,8012362,8010322,9,18,25
2023-06-01,8012362,8012269,7,18,23
2023-06-01,8012362,8012362,17,36,21
2023-06-01,8012376,8010241,8,19,27
2023-06-01,8012376,8012376,19,37,25
2023-06-01,8012376,8012758,17,18,60
2023-06-01,8012377,8010300,16,18,62
2023-06-01,8012377,8011140,12,16,52
2023-06-01,8012377,8012377,20,34,47
2023-06-01,8012384,8012264,13,13,85
2023-06-01,8012384,8012321,4,12,30
2023-06-01,8012384,8012384,17,25,67
2023-06-01,8012421,8012421,29,34,129
2023-06-01,8012421,8012555,15,17,173
2023-06-01,8012421,8013017,14,17,118
2023-06-01,8012436,8010199,11,18,35
2023-06-01,8012436,8010348,16,18,95
2023-06-01,8012436,8012436,27,36,41
2023-06-01,8012438,8012438,14,36,19
2023-06-01,8012438,8012840,7,18,18
2023-06-01,8012438,8013105,6,18,20
2023-06-01,8012474,8010156,3,4,38
2023-06-01,8012474,8011442,4,9,57
2023-06-01,8012474,8011726,5,9,43
2023-06-01,8012474,8011951,1,1,30
2023-06-01,8012474,8012474,15,33,49
2023-06-01,8012474,8013018,4,7,47
2023-06-01,8012517,8011939,0,7,0
2023-06-01,8012517,8012296,0,7,0
2023-06-01,8012517,8012517,0,14,0
2023-06-01,8012555,8010339,14,17,145
2023-06-01,8012555,8012421,11,17,109
2023-06-01,8012555,8012555,26,34,128
2023-06-01,8012582,8010300,12,16,41
2023-06-01,8012582,8012582,22,33,35
2023-06-01,8012582,8012584,14,17,58
2023-06-01,8012583,8012584,0,16,0
2023-06-01,8012584,8012582,0,16,-2
2023-06-01,8012584,8012583,6,17,26
2023-06-01,8012584,8012584,14,33,24
2023-06-01,8012609,8011031,11,25,23
2023-06-01,8012609,8011735,19,24,45
2023-06-01,8012609,8012609,29,49,25
2023-06-01,8012610,8011213,9,9,140
2023-06-01,8012610,8012610,16,17,166
2023-06-01,8012610,8013393,8,8,240
2023-06-01,8012617,8011992,0,18,0
2023-06-01,8012643,8012643,7,40,8
2023-06-01,8012643,8013079,0,20,0
2023-06-01,8012643,8013354,6,20,14
2023-06-01,8012677,8010156,10,16,232
2023-06-01,8012677,8011248,6,15,136
2023-06-01,8012677,8012677,18,31,186
2023-06-01,8012683,8010210,1,17,14
2023-06-01,8012683,8012683,10,34,40
2023-06-01,8012683,8012684,8,17,60
2023-06-01,8012684,8012683,2,17,19
2023-06-01,8012684,8012684,11,34,41
2023-06-01,8012710,8011356,17,17,277
2023-06-01,8012710,8011707,13,17,58
2023-06-01,8012710,8012710,29,34,216
2023-06-01,8012711,8011017,2,19,3
2023-06-01,8012711,8012711,11,38,59
2023-06-01,8012711,8012835,8,19,104
2023-06-01,8012716,8012262,17,21,111
2023-06-01,8012716,8012716,31,43,143
2023-06-01,8012716,8013073,15,22,190
2023-06-01,8012729,8010016,17,18,80
2023-06-01,8012729,8012108,7,18,30
2023-06-01,8012729,8012729,24,36,32
2023-06-01,8012737,8011908,1,14,2
2023-06-01,8012758,8010227,12,18,57
2023-06-01,8012758,8012376,12,19,27
2023-06-01,8012758,8012758,34,37,58
2023-06-01,8012762,8010300,0,1,0
2023-06-01,8012762,8011027,8,11,158
2023-06-01,8012762,8011611,8,11,115
2023-06-01,8012762,8011778,1,2,15
2023-06-01,8012762,8012762,19,26,98
2023-06-01,8012785,8011270,7,17,19
2023-06-01,8012785,8012785,12,35,19
2023-06-01,8012785,8079629,2,14,6
2023-06-01,8012806,8011140,11,17,39
2023-06-01,8012806,8012806,19,33,38
2023-06-01,8012806,8079629,3,5,30
2023-06-01,8012824,8011326,5,19,19
2023-06-01,8012824,8011582,2,19,6
2023-06-01,8012824,8012824,9,38,15
2023-06-01,8012827,8012005,6,16,146
2023-06-01,8012827,8012827,6,33,73
2023-06-01,8012832,8010210,3,19,11
2023-06-01,8012832,8012146,14,19,60
2023-06-01,8012832,8012832,18,38,44
2023-06-01,8012835,8012711,4,19,8
2023-06-01,8012835,8012835,10,38,54
2023-06-01,8012835,8013104,8,19,96
2023-06-01,8012839,8010179,6,11,63
2023-06-01,8012839,8011213,3,3,160
2023-06-01,8012839,8012839,17,22,87
2023-06-01,8012840,8012108,8,18,17
2023-06-01,8012840,8012438,6,18,18
2023-06-01,8012840,8012840,12,36,20
2023-06-01,8012841,8011729,0,18,-2
2023-06-01,8012841,8012841,2,35,3
2023-06-01,8012841,8079604,2,17,5
2023-06-01,8012843,8012146,6,19,22
2023-06-01,8012856,8012109,0,1,0
2023-06-01,8012856,8012856,0,1,0
2023-06-01,8012892,8011109,5,30,38
2023-06-01,8012892,8012892,5,59,19
2023-06-01,8012892,8017349,0,29,0
2023-06-01,8012902,8010141,4,10,39
2023-06-01,8012902,8011702,5,9,123
2023-06-01,8012902,8012268,12,19,111
2023-06-01,8012902,8012902,17,38,81
2023-06-01,8012933,8004177,7,15,126
2023-06-01,8012933,8011230,14,16,240
2023-06-01,8012933,8012933,24,31,193
2023-06-01,8012940,8010325,13,31,24
2023-06-01,8012940,8012264,10,19,98
2023-06-01,8012940,8012940,64,114,106
2023-06-01,8012940,8012951,15,25,120
2023-06-01,8012940,8012953,13,13,60
2023-06-01,8012940,8013186,7,10,138
2023-06-01,8012949,8011939,0,7,0
2023-06-01,8012949,8012949,0,14,0
2023-06-01,8012949,8013232,0,7,0
2023-06-01,8012951,8010156,9,10,186
2023-06-01,8012951,8010173,13,26,62
2023-06-01,8012951,8010325,7,12,140
2023-06-01,8012951,8012940,18,26,231
2023-06-01,8012951,8012951,45,74,148
2023-06-01,8012953,8012940,4,13,12
2023-06-01,8012953,8012953,15,32,38
2023-06-01,8012953,8012960,8,16,45
2023-06-01,8012954,8011718,9,16,41
2023-06-01,8012954,8012954,14,32,35
2023-06-01,8012954,8012960,6,16,22
2023-06-01,8012960,8012953,5,16,17
2023-06-01,8012960,8012954,8,16,45
2023-06-01,8012960,8012960,14,32,32
2023-06-01,8012962,8012962,1,56,6
2023-06-01,8012962,8079084,1,28,13
2023-06-01,8012962,8087025,0,28,0
2023-06-01,8012963,8012963,3,51,11
2023-06-01,8012963,8087025,1,28,12
2023-06-01,8012963,8087026,0,29,0
2023-06-01,8013017,8010241,13,17,136
2023-06-01,8013017,8012421,7,17,30
2023-06-01,8013017,8013017,19,34,73
2023-06-01,8013018,8010267,6,16,41
2023-06-01,8013018,8011442,3,9,47
2023-06-01,8013018,8012474,5,8,30
2023-06-01,8013018,8013018,13,33,39
2023-06-01,8013040,8011797,18,18,97
2023-06-01,8013040,8011995,10,18,32
2023-06-01,8013040,8013040,30,36,68
2023-06-01,8013051,8011646,9,17,58
2023-06-01,8013051,8013051,21,34,68
2023-06-01,8013051,8013177,8,17,53
2023-06-01,8013062,8011017,16,19,147
2023-06-01,8013062,8011778,8,11,60
2023-06-01,8013062,8013062,18,38,73
2023-06-01,8013069,8010156,4,9,33
2023-06-01,8013069,8011951,6,10,117
2023-06-01,8013069,8013069,10,19,76
2023-06-01,8013073,8010173,11,22,161
2023-06-01,8013073,8012716,17,21,99
2023-06-01,8013073,8013073,28,43,139
2023-06-01,8013079,8011326,8,20,18
2023-06-01,8013079,8012643,4,20,14
2023-06-01,8013079,8013079,12,40,13
2023-06-01,8013104,8010210,6,19,77
2023-06-01,8013104,8012835,1,19,5
2023-06-01,8013104,8013104,8,38,44
2023-06-01,8013105,8011797,18,18,128
2023-06-01,8013105,8012438,8,18,23
2023-06-01,8013105,8013105,23,36,52
2023-06-01,8013106,8079604,0,18,0
2023-06-01,8013131,8010179,10,11,85
2023-06-01,8013131,8011456,6,11,65
2023-06-01,8013131,8013131,15,22,64
2023-06-01,8013132,8010392,7,30,52
2023-06-01,8013132,8011108,0,26,0
2023-06-01,8013132,8013132,5,54,28
2023-06-01,8013133,8010392,0,18,0
2023-06-01,8013133,8011992,0,18,0
2023-06-01,8013133,8013133,0,36,0
2023-06-01,8013156,8013162,3,11,27
2023-06-01,8013161,8013161,5,59,18
2023-06-01,8013161,8017349,5,30,34
2023-06-01,8013161,8087027,0,29,0
2023-06-01,8013162,8011456,6,11,30
2023-06-01,8013162,8013156,10,11,85
2023-06-01,8013162,8013162,10,22,48
2023-06-01,8013177,8011356,9,17,55
2023-06-01,8013177,8013051,15,17,129
2023-06-01,8013177,8013177,24,34,93
2023-06-01,8013186,8010051,5,19,58
2023-06-01,8013186,8011215,1,8,19
2023-06-01,8013186,8012264,0,1,0
2023-06-01,8013186,8012940,6,9,30
2023-06-01,8013186,8013186,8,38,39
2023-06-01,8013232,8012949,0,7,0
2023-06-01,8013232,8013232,0,14,0
2023-06-01,8013293,8011731,6,6,65
2023-06-01,8013293,8013293,5,12,45
2023-06-01,8013293,8070946,2,6,100
2023-06-01,8013322,8011481,11,17,92
2023-06-01,8013322,8011707,16,17,122
2023-06-01,8013322,8013322,27,34,116
2023-06-01,8013339,8011889,0,19,0
2023-06-01,8013339,8013339,17,37,72
2023-06-01,8013339,8013340,5,28,62
2023-06-01,8013340,8013339,0,26,0
2023-06-01,8013340,8013340,5,54,32
2023-06-01,8013340,8013341,5,28,58
2023-06-01,8013341,8011108,5,28,58
2023-06-01,8013341,8013340,0,26,0
2023-06-01,8013341,8013341,5,54,30
2023-06-01,8013352,8011778,1,2,30
2023-06-01,8013352,8012358,7,10,117
2023-06-01,8013352,8013352,14,21,73
2023-06-01,8013354,8010325,6,20,24
2023-06-01,8013354,8012643,8,20,12
2023-06-01,8013354,8013354,20,40,25
2023-06-01,8013370,8010173,3,4,488
2023-06-01,8013370,8012009,3,5,30
2023-06-01,8013370,8013370,6,9,227
2023-06-01,8013373,8011481,17,17,108
2023-06-01,8013373,8013373,25,34,83
2023-06-01,8013385,8010392,0,29,0
2023-06-01,8013385,8012086,5,30,46
2023-06-01,8013385,8013385,7,59,25
2023-06-01,8013393,8010213,6,8,195
2023-06-01,8013393,8012610,7,9,100
2023-06-01,8013393,8013393,13,17,148
2023-06-01,8013409,8012361,2,6,90
2023-06-01,8013409,8013409,8,12,65
2023-06-01,8013409,8070946,0,6,0
2023-06-01,8017349,8012892,5,30,40
2023-06-01,8017349,8013161,0,29,0
2023-06-01,8017349,8017349,5,59,18
2023-06-01,8070946,8013293,0,6,0
2023-06-01,8070946,8013409,2,6,100
2023-06-01,8070946,8070946,2,12,50
2023-06-01,8079604,8012841,9,18,15
2023-06-01,8079604,8013106,1,17,4
2023-06-01,8079604,8079604,11,35,10
2023-06-01,8079629,8011735,25,25,73
2023-06-01,8079629,8012785,11,15,30
2023-06-01,8079629,8012806,6,6,45
2023-06-01,8079629,8079629,36,49,29
2023-06-01,8087025,8012962,1,28,13
2023-06-01,8087025,8012963,0,28,0
2023-06-01,8087025,8087025,1,56,6
2023-06-01,8087026,8011109,0,29,0
2023-06-01,8087026,8012963,5,30,40
2023-06-01,8087026,8087026,5,59,19
2023-06-01,8087027,8012065,0,29,0
2023-06-01,8087027,8013161,5,30,36
2023-06-01,8087027,8087027,5,59,19
2023-06-02,8010016,8010016,33,38,84
2023-06-02,8010016,8011031,12,25,61
2023-06-02,8010016,8012729,12,19,68
2023-06-02,8010051,8010051,21,41,56
2023-06-02,8010051,8010153,8,9,77
2023-06-02,8010051,8010322,9,12,105
2023-06-02,8010051,8012264,1,1,30
2023-06-02,8010051,8013186,9,19,17
2023-06-02,8010141,8010141,30,38,161
2023-06-02,8010141,8011702,9,11,175
2023-06-02,8010141,8012651,8,9,163
2023-06-02,8010141,8012902,5,8,131
2023-06-02,8010153,8010051,6,9,23
2023-06-02,8010153,8010153,41,56,91
2023-06-02,8010153,8010201,8,10,84
2023-06-02,8010153,8010284,5,18,78
2023-06-02,8010153,8012269,4,18,10
2023-06-02,8010156,8010156,51,57,147
2023-06-02,8010156,8011798,8,13,106
2023-06-02,8010156,8012009,3,4,225
2023-06-02,8010156,8012474,3,4,210
2023-06-02,8010156,8012677,12,15,170
2023-06-02,8010156,8012951,10,12,212
2023-06-02,8010156,8013069,3,10,51
2023-06-02,8010173,8010173,39,52,185
2023-06-02,8010173,8012951,19,26,248
2023-06-02,8010173,8013073,14,21,153
2023-06-02,8010173,8013370,4,5,78
2023-06-02,8010176,8010176,27,38,81
2023-06-02,8010176,8010381,12,19,81
2023-06-02,8010176,8011995,15,19,96
2023-06-02,8010179,8010179,36,42,144
2023-06-02,8010179,8011536,10,10,222
2023-06-02,8010179,8012418,9,10,105
2023-06-02,8010179,8012839,9,11,85
2023-06-02,8010179,8013131,8,11,147
2023-06-02,8010188,8010188,0,4,0
2023-06-02,8010188,8011015,0,1,0
2023-06-02,8010188,8011593,0,1,0
2023-06-02,8010188,8012644,0,2,0
2023-06-02,8010199,8010199,21,36,88
2023-06-02,8010199,8010284,14,18,98
2023-06-02,8010199,8012436,11,18,110
2023-06-02,8010201,8010153,7,10,132
2023-06-02,8010201,8010201,16,20,104
2023-06-02,8010201,8012093,8,10,69
2023-06-02,8010210,8010210,18,37,33
2023-06-02,8010210,8012683,7,17,14
2023-06-02,8010210,8012832,10,18,42
2023-06-02,8010210,8013104,9,19,35
2023-06-02,8010213,8010213,15,18,263
2023-06-02,8010213,8011689,8,9,313
2023-06-02,8010213,8013393,7,9,220
2023-06-02,8010227,8010227,25,36,102
2023-06-02,8010227,8010348,18,18,157
2023-06-02,8010227,8012758,18,19,96
2023-06-02,8010241,8010241,55,66,129
2023-06-02,8010241,8011025,12,17,79
2023-06-02,8010241,8011293,18,19,238
2023-06-02,8010241,8012376,12,18,60
2023-06-02,8010241,8013017,12,18,85
2023-06-02,8010267,8011403,2,19,6
2023-06-02,8010267,8012265,0,1,0
2023-06-02,8010267,8013018,5,17,46
2023-06-02,8010284,8010153,13,18,112
2023-06-02,8010284,8010199,8,18,92
2023-06-02,8010284,8010284,22,36,99
2023-06-02,8010300,8010300,44,58,66
2023-06-02,8010300,8011611,9,15,66
2023-06-02,8010300,8012377,10,16,47
2023-06-02,8010300,8012582,13,17,41
2023-06-02,8010322,8010051,7,11,22
2023-06-02,8010322,8010322,43,59,56
2023-06-02,8010322,8011924,14,18,68
2023-06-02,8010322,8012362,14,18,50
2023-06-02,8010325,8010325,24,63,44
2023-06-02,8010325,8012940,13,32,65
2023-06-02,8010325,8012951,7,11,49
2023-06-02,8010325,8013354,13,20,30
2023-06-02,8010339,8010339,33,35,171
2023-06-02,8010339,8011213,17,18,205
2023-06-02,8010339,8012555,16,17,171
2023-06-02,8010348,8010227,6,18,63
2023-06-02,8010348,8010348,36,36,111
2023-06-02,8010348,8012436,9,18,53
2023-06-02,8010381,8010176,17,19,55
2023-06-02,8010381,8012321,9,21,87
2023-06-02,8010392,8010392,2,58,10
2023-06-02,8010392,8013132,0,28,0
2023-06-02,8010392,8013133,0,18,0
2023-06-02,8010392,8013385,2,30,20
2023-06-02,8011015,8010188,0,1,0
2023-06-02,8011015,8011015,0,2,0
2023-06-02,8011015,8012296,0,1,0
2023-06-02,8011017,8011017,16,37,44
2023-06-02,8011017,8012711,9,18,57
2023-06-02,8011017,8013062,6,19,24
2023-06-02,8011025,8010241,7,17,141
2023-06-02,8011025,8011025,14,34,89
2023-06-02,8011025,8011646,8,17,65
2023-06-02,8011027,8011027,15,21,106
2023-06-02,8011027,8011281,9,11,109
2023-06-02,8011027,8012762,5,10,84
2023-06-02,8011031,8010016,21,26,60
2023-06-02,8011031,8011031,29,51,53
2023-06-02,8011031,8012609,12,25,59
2023-06-02,8011044,8010282,4,4,120
2023-06-02,8011044,8011044,22,28,115
2023-06-02,8011044,8011438,8,10,138
2023-06-02,8011044,8012021,8,10,135
2023-06-02,8011108,8011108,2,54,12
2023-06-02,8011108,8013132,2,28,22
2023-06-02,8011108,8013341,0,26,0
2023-06-02,8011109,8011109,2,59,8
2023-06-02,8011109,8012892,0,29,0
2023-06-02,8011109,8087026,2,30,16
2023-06-02,8011114,8012005,0,17,0
2023-06-02,8011140,8011140,17,34,41
2023-06-02,8011140,8012377,7,18,30
2023-06-02,8011140,8012806,9,16,47
2023-06-02,8011205,8010399,10,10,303
2023-06-02,8011205,8011205,20,23,233
2023-06-02,8011205,8011307,10,12,192
2023-06-02,8011213,8010339,12,17,166
2023-06-02,8011213,8011213,35,35,202
2023-06-02,8011213,8012610,8,9,260
2023-06-02,8011213,8012839,2,2,45
2023-06-02,8011230,8011230,24,31,183
2023-06-02,8011230,8011248,12,16,210
2023-06-02,8011230,8012933,14,15,182
2023-06-02,8011248,8011230,11,15,182
2023-06-02,8011248,8011248,25,31,201
2023-06-02,8011248,8012677,11,16,186
2023-06-02,8011270,8011270,13,37,27
2023-06-02,8011270,8011729,11,18,52
2023-06-02,8011270,8012785,3,19,8
2023-06-02,8011281,8011027,3,10,72
2023-06-02,8011281,8011281,13,21,89
2023-06-02,8011281,8012316,8,11,76
2023-06-02,8011286,8011286,17,38,54
2023-06-02,8011286,8011889,9,19,88
2023-06-02,8011286,8011991,0,19,0
2023-06-02,8011293,8010241,17,20,154
2023-06-02,8011293,8011293,35,39,206
2023-06-02,8011293,8011307,10,11,270
2023-06-02,8011307,8011205,10,11,265
2023-06-02,8011307,8011293,9,12,185
2023-06-02,8011307,8011307,19,23,228
2023-06-02,8011326,8011326,12,38,13
2023-06-02,8011326,8012824,0,19,0
2023-06-02,8011326,8013079,5,20,9
2023-06-02,8011356,8011356,20,34,131
2023-06-02,8011356,8012710,8,17,81
2023-06-02,8011356,8013177,14,17,201
2023-06-02,8011403,8010267,1,19,5
2023-06-02,8011403,8011403,3,38,4
2023-06-02,8011403,8011582,2,19,5
2023-06-02,8011438,8011044,9,10,144
2023-06-02,8011438,8011438,17,20,154
2023-06-02,8011438,8011536,8,10,135
2023-06-02,8011442,8011442,6,18,55
2023-06-02,8011442,8012474,3,9,63
2023-06-02,8011442,8013018,3,9,40
2023-06-02,8011456,8011456,12,22,72
2023-06-02,8011456,8013131,8,11,55
2023-06-02,8011456,8013162,8,11,142
2023-06-02,8011481,8011481,21,34,119
2023-06-02,8011481,8013322,15,17,191
2023-06-02,8011481,8013373,7,17,56
2023-06-02,8011536,8010179,7,10,120
2023-06-02,8011536,8011438,9,10,207
2023-06-02,8011536,8011536,18,20,176
2023-06-02,8011582,8011403,1,19,2
2023-06-02,8011582,8011582,3,38,3
2023-06-02,8011582,8012824,3,19,6
2023-06-02,8011592,8011592,0,28,0
2023-06-02,8011592,8011908,0,14,0
2023-06-02,8011592,8012274,1,16,2
2023-06-02,8011593,8010188,0,1,0
2023-06-02,8011593,8011593,0,2,0
2023-06-02,8011593,8012612,0,1,0
2023-06-02,8011611,8010300,10,13,92
2023-06-02,8011611,8011611,22,28,104
2023-06-02,8011611,8012762,11,13,120
2023-06-02,8011646,8011025,8,17,131
2023-06-02,8011646,8011646,16,34,102
2023-06-02,8011646,8013051,9,17,44
2023-06-02,8011681,8011681,13,20,330
2023-06-02,8011681,8011994,5,10,219
2023-06-02,8011681,8012262,8,10,450
2023-06-02,8011689,5100145,8,9,287
2023-06-02,8011689,8010213,6,9,200
2023-06-02,8011689,8011689,14,18,228
2023-06-02,8011694,8011694,24,38,116
2023-06-02,8011694,8011723,16,19,180
2023-06-02,8011694,8011953,3,9,27
2023-06-02,8011694,8012358,9,10,180
2023-06-02,8011702,8010141,8,9,157
2023-06-02,8011702,8011702,13,20,154
2023-06-02,8011702,8012902,9,11,136
2023-06-02,8011707,8011707,21,34,176
2023-06-02,8011707,8012710,15,17,374
2023-06-02,8011707,8013322,7,17,71
2023-06-02,8011718,8011718,9,32,11
2023-06-02,8011718,8012274,1,16,4
2023-06-02,8011718,8012954,6,16,17
2023-06-02,8011723,8011694,5,19,47
2023-06-02,8011723,8011723,22,38,111
2023-06-02,8011723,8012021,8,10,135
2023-06-02,8011726,8011726,7,18,53
2023-06-02,8011726,8011951,4,8,52
2023-06-02,8011726,8012474,4,9,53
2023-06-02,8011729,8011270,2,19,5
2023-06-02,8011729,8011729,8,37,16
2023-06-02,8011729,8012841,4,18,20
2023-06-02,8011731,8011731,4,12,12
2023-06-02,8011731,8013293,2,6,20
2023-06-02,8011735,8011735,40,51,65
2023-06-02,8011735,8012609,18,26,39
2023-06-02,8011735,8079629,13,25,48
2023-06-02,8011778,8011778,17,26,83
2023-06-02,8011778,8012316,3,10,102
2023-06-02,8011778,8012762,2,3,20
2023-06-02,8011778,8013062,9,10,72
2023-06-02,8011778,8013352,2,2,90
2023-06-02,8011797,8011797,36,38,110
2023-06-02,8011797,8013040,17,19,95
2023-06-02,8011797,8013105,11,19,62
2023-06-02,8011798,8010156,13,13,69
2023-06-02,8011864,8003774,17,19,98
2023-06-02,8011864,8011864,26,38,76
2023-06-02,8011864,8012268,8,19,39
2023-06-02,8011889,8011286,0,19,0
2023-06-02,8011889,8011889,16,38,53
2023-06-02,8011889,8013339,16,19,123
2023-06-02,8011908,8011592,2,14,4
2023-06-02,8011908,8011908,2,28,3
2023-06-02,8011908,8012737,0,14,0
2023-06-02,8011939,8011939,0,14,0
2023-06-02,8011939,8012517,0,7,0
2023-06-02,8011939,8012949,0,7,0
2023-06-02,8011951,8011726,5,9,100
2023-06-02,8011951,8011951,8,19,95
2023-06-02,8011951,8012474,0,1,0
2023-06-02,8011951,8013069,3,9,93
2023-06-02,8011953,8011694,8,9,243
2023-06-02,8011953,8011953,12,19,161
2023-06-02,8011953,8012358,6,10,81
2023-06-02,8011991,8011286,17,19,103
2023-06-02,8011991,8011991,12,38,46
2023-06-02,8011992,8011992,0,36,0
2023-06-02,8011992,8012617,0,18,0
2023-06-02,8011992,8013133,0,18,0
2023-06-02,8011995,8010176,11,19,69
2023-06-02,8011995,8011995,26,38,83
2023-06-02,8011995,8013040,18,19,106
2023-06-02,8012005,8011114,12,17,65
2023-06-02,8012005,8012005,7,34,24
2023-06-02,8012005,8012827,0,17,0
2023-06-02,8012009,8010156,4,5,102
2023-06-02,8012009,8012009,7,9,143
2023-06-02,8012009,8013370,3,4,218
2023-06-02,8012021,8011044,7,10,135
2023-06-02,8012021,8011723,9,10,144
2023-06-02,8012021,8012021,16,20,152
2023-06-02,8012065,8012065,2,59,8
2023-06-02,8012065,8012086,0,29,0
2023-06-02,8012065,8087027,2,30,16
2023-06-02,8012086,8012065,2,30,16
2023-06-02,8012086,8012086,2,59,9
2023-06-02,8012086,8013385,0,29,0
2023-06-02,8012093,8010201,7,10,114
2023-06-02,8012093,8010399,8,9,127
2023-06-02,8012093,8012093,13,20,86
2023-06-02,8012108,8012108,23,38,63
2023-06-02,8012108,8012729,11,19,54
2023-06-02,8012108,8012840,12,19,62
2023-06-02,8012109,8012109,0,1,0
2023-06-02,8012109,8012143,0,1,0
2023-06-02,8012146,8012146,12,37,23
2023-06-02,8012146,8012832,4,19,16
2023-06-02,8012146,8012843,8,18,32
2023-06-02,8012262,8011681,4,10,186
2023-06-02,8012262,8012262,34,43,210
2023-06-02,8012262,8012716,14,22,265
2023-06-02,8012264,8010051,2,2,270
2023-06-02,8012264,8012264,38,59,128
2023-06-02,8012264,8012321,5,10,66
2023-06-02,8012264,8012384,9,12,128
2023-06-02,8012264,8012940,14,20,117
2023-06-02,8012265,8010267,0,1,0
2023-06-02,8012265,8012265,0,2,0
2023-06-02,8012265,8012612,0,1,0
2023-06-02,8012268,8011864,16,19,106
2023-06-02,8012268,8012268,22,38,73
2023-06-02,8012268,8012902,6,19,30
2023-06-02,8012269,8010153,14,18,57
2023-06-02,8012269,8012269,16,36,28
2023-06-02,8012269,8012362,7,18,22
2023-06-02,8012274,8011592,0,16,0
2023-06-02,8012274,8011718,3,16,8
2023-06-02,8012274,8012274,4,32,6
2023-06-02,8012296,8011015,0,1,0
2023-06-02,8012296,8012296,0,2,0
2023-06-02,8012296,8012517,0,7,0
2023-06-02,8012316,8011281,6,10,117
2023-06-02,8012316,8011778,3,11,35
2023-06-02,8012316,8012316,12,21,84
2023-06-02,8012321,8010381,11,22,87
2023-06-02,8012321,8012264,3,8,150
2023-06-02,8012321,8012321,21,43,101
2023-06-02,8012321,8012384,9,13,90
2023-06-02,8012358,8011694,10,10,159
2023-06-02,8012358,8011953,8,9,310
2023-06-02,8012358,8012358,38,47,161
2023-06-02,8012358,8013352,5,11,87
2023-06-02,8012361,8013409,1,6,5
2023-06-02,8012362,8010322,8,18,38
2023-06-02,8012362,8012269,9,18,38
2023-06-02,8012362,8012362,16,36,32
2023-06-02,8012376,8010241,12,19,74
2023-06-02,8012376,8012376,22,37,69
2023-06-02,8012376,8012758,15,18,95
2023-06-02,8012377,8010300,14,18,45
2023-06-02,8012377,8011140,8,16,56
2023-06-02,8012377,8012377,16,34,38
2023-06-02,8012384,8012264,9,13,81
2023-06-02,8012384,8012321,4,12,115
2023-06-02,8012384,8012384,13,25,108
2023-06-02,8012421,8012421,34,35,183
2023-06-02,8012421,8012555,17,18,195
2023-06-02,8012421,8013017,17,17,201
2023-06-02,8012436,8010199,14,18,75
2023-06-02,8012436,8010348,18,18,167
2023-06-02,8012436,8012436,32,36,97
2023-06-02,8012438,8012438,24,38,69
2023-06-02,8012438,8012840,12,19,65
2023-06-02,8012438,8013105,12,19,73
2023-06-02,8012474,8010156,4,4,232
2023-06-02,8012474,8011442,4,9,50
2023-06-02,8012474,8011726,3,9,53
2023-06-02,8012474,8011951,1,1,420
2023-06-02,8012474,8012474,14,33,79
2023-06-02,8012474,8013018,3,7,99
2023-06-02,8012517,8011939,0,7,0
2023-06-02,8012517,8012296,0,7,0
2023-06-02,8012517,8012517,0,14,0
2023-06-02,8012555,8010339,17,18,173
2023-06-02,8012555,8012421,16,17,187
2023-06-02,8012555,8012555,33,35,182
2023-06-02,8012582,8010300,13,16,36
2023-06-02,8012582,8012582,23,33,27
2023-06-02,8012582,8012584,12,17,49
2023-06-02,8012583,8012584,0,16,0
2023-06-02,8012584,8012582,0,16,-4
2023-06-02,8012584,8012583,4,17,14
2023-06-02,8012584,8012584,12,33,16
2023-06-02,8012609,8011031,17,26,43
2023-06-02,8012609,8011735,16,25,77
2023-06-02,8012609,8012609,32,51,52
2023-06-02,8012610,8011213,9,9,260
2023-06-02,8012610,8012610,16,18,273
2023-06-02,8012610,8013393,9,9,347
2023-06-02,8012612,8011593,0,1,0
2023-06-02,8012612,8012265,0,1,0
2023-06-02,8012612,8012612,0,2,0
2023-06-02,8012617,8011992,0,18,0
2023-06-02,8012643,8012643,10,40,13
2023-06-02,8012643,8013079,3,20,8
2023-06-02,8012643,8013354,7,20,20
2023-06-02,8012644,8010188,0,2,0
2023-06-02,8012677,8010156,14,16,199
2023-06-02,8012677,8011248,12,15,200
2023-06-02,8012677,8012677,24,31,195
2023-06-02,8012683,8010210,3,17,14
2023-06-02,8012683,8012683,4,34,14
2023-06-02,8012683,8012684,2,17,7
2023-06-02,8012684,8012683,2,17,14
2023-06-02,8012684,8012684,3,34,4
2023-06-02,8012710,8011356,15,17,281
2023-06-02,8012710,8011707,11,17,79
2023-06-02,8012710,8012710,26,34,232
2023-06-02,8012711,8011017,6,19,21
2023-06-02,8012711,8012711,14,37,40
2023-06-02,8012711,8012835,8,18,40
2023-06-02,8012716,8012262,18,21,157
2023-06-02,8012716,8012716,27,43,199
2023-06-02,8012716,8013073,14,22,259
2023-06-02,8012729,8010016,15,19,115
2023-06-02,8012729,8012108,12,19,85
2023-06-02,8012729,8012729,26,38,77
2023-06-02,8012737,8011908,1,14,2
2023-06-02,8012758,8010227,14,18,102
2023-06-02,8012758,8012376,15,19,81
2023-06-02,8012758,8012758,33,37,109
2023-06-02,8012762,8010300,1,1,240
2023-06-02,8012762,8011027,10,11,131
2023-06-02,8012762,8011611,8,11,112
2023-06-02,8012762,8011778,1,2,45
2023-06-02,8012762,8012762,17,27,88
2023-06-02,8012785,8011270,6,18,37
2023-06-02,8012785,8012785,17,37,35
2023-06-02,8012785,8079629,7,15,18
2023-06-02,8012806,8011140,11,17,34
2023-06-02,8012806,8012806,17,33,32
2023-06-02,8012806,8079629,3,5,42
2023-06-02,8012824,8011326,7,19,24
2023-06-02,8012824,8011582,0,19,0
2023-06-02,8012824,8012824,7,38,8
2023-06-02,8012827,8012005,6,16,51
2023-06-02,8012827,8012827,5,33,25
2023-06-02,8012832,8010210,3,19,9
2023-06-02,8012832,8012146,8,18,27
2023-06-02,8012832,8012832,11,37,23
2023-06-02,8012835,8012711,7,19,32
2023-06-02,8012835,8012835,17,37,40
2023-06-02,8012835,8013104,9,18,48
2023-06-02,8012839,8010179,9,11,145
2023-06-02,8012839,8011213,3,3,100
2023-06-02,8012839,8012839,18,22,115
2023-06-02,8012840,8012108,12,19,58
2023-06-02,8012840,8012438,12,19,71
2023-06-02,8012840,8012840,24,38,68
2023-06-02,8012841,8011729,3,19,6
2023-06-02,8012841,8012841,10,37,11
2023-06-02,8012841,8079604,5,18,8
2023-06-02,8012843,8012146,4,19,16
2023-06-02,8012856,8012109,0,1,0
2023-06-02,8012856,8012856,0,1,0
2023-06-02,8012892,8011109,2,30,16
2023-06-02,8012892,8012892,2,59,8
2023-06-02,8012892,8017349,0,29,0
2023-06-02,8012902,8010141,8,10,81
2023-06-02,8012902,8011702,5,9,110
2023-06-02,8012902,8012268,15,19,115
2023-06-02,8012902,8012902,22,38,73
2023-06-02,8012933,8004177,13,15,130
2023-06-02,8012933,8011230,12,16,178
2023-06-02,8012933,8012933,23,31,165
2023-06-02,8012940,8010325,12,31,29
2023-06-02,8012940,8012264,14,20,176
2023-06-02,8012940,8012940,65,114,119
2023-06-02,8012940,8012951,18,25,124
2023-06-02,8012940,8012953,9,13,35
2023-06-02,8012940,8013186,7,10,159
2023-06-02,8012949,8011939,0,7,0
2023-06-02,8012949,8012949,0,14,0
2023-06-02,8012949,8013232,0,7,0
2023-06-02,8012951,8010156,9,10,111
2023-06-02,8012951,8010173,14,26,112
2023-06-02,8012951,8010325,6,12,90
2023-06-02,8012951,8012940,21,26,293
2023-06-02,8012951,8012951,50,74,170
2023-06-02,8012953,8012940,1,13,2
2023-06-02,8012953,8012953,8,32,10
2023-06-02,8012953,8012960,2,16,8
2023-06-02,8012954,8011718,3,16,11
2023-06-02,8012954,8012954,4,32,7
2023-06-02,8012954,8012960,1,16,4
2023-06-02,8012960,8012953,1,16,4
2023-06-02,8012960,8012954,2,16,8
2023-06-02,8012960,8012960,3,32,6
2023-06-02,8012962,8012962,1,56,1
2023-06-02,8012962,8079084,0,28,0
2023-06-02,8012962,8087025,1,28,1
2023-06-02,8012963,8012963,1,51,1
2023-06-02,8012963,8087025,0,28,0
2023-06-02,8012963,8087026,0,29,0
2023-06-02,8013017,8010241,16,17,224
2023-06-02,8013017,8012421,13,18,65
2023-06-02,8013017,8013017,26,35,120
2023-06-02,8013018,8010267,6,16,62
2023-06-02,8013018,8011442,3,9,70
2023-06-02,8013018,8012474,4,8,56
2023-06-02,8013018,8013018,13,33,61
2023-06-02,8013040,8011797,18,19,106
2023-06-02,8013040,8011995,11,19,66
2023-06-02,8013040,8013040,30,38,91
2023-06-02,8013051,8011646,8,17,136
2023-06-02,8013051,8013051,19,34,104
2023-06-02,8013051,8013177,9,17,49
2023-06-02,8013062,8011017,15,18,87
2023-06-02,8013062,8011778,7,11,79
2023-06-02,8013062,8013062,19,37,46
2023-06-02,8013069,8010156,5,9,100
2023-06-02,8013069,8011951,5,10,60
2023-06-02,8013069,8013069,8,19,73
2023-06-02,8013073,8010173,14,22,240
2023-06-02,8013073,8012716,13,21,140
2023-06-02,8013073,8013073,28,43,201
2023-06-02,8013079,8011326,10,20,27
2023-06-02,8013079,8012643,8,20,18
2023-06-02,8013079,8013079,18,40,18
2023-06-02,8013104,8010210,9,18,37
2023-06-02,8013104,8012835,8,19,32
2023-06-02,8013104,8013104,11,37,31
2023-06-02,8013105,8011797,19,19,177
2023-06-02,8013105,8012438,12,19,71
2023-06-02,8013105,8013105,30,38,100
2023-06-02,8013106,8079604,1,19,3
2023-06-02,8013131,8010179,7,11,82
2023-06-02,8013131,8011456,7,11,128
2023-06-02,8013131,8013131,15,22,116
2023-06-02,8013132,8010392,2,30,21
2023-06-02,8013132,8011108,0,26,0
2023-06-02,8013132,8013132,2,54,11
2023-06-02,8013133,8010392,0,18,0
2023-06-02,8013133,8011992,0,18,0
2023-06-02,8013133,8013133,0,36,0
2023-06-02,8013156,8013162,4,11,82
2023-06-02,8013161,8013161,2,59,8
2023-06-02,8013161,8017349,2,30,14
2023-06-02,8013161,8087027,0,29,0
2023-06-02,8013162,8011456,5,11,30
2023-06-02,8013162,8013156,10,11,136
2023-06-02,8013162,8013162,11,22,98
2023-06-02,8013177,8011356,10,17,71
2023-06-02,8013177,8013051,13,17,199
2023-06-02,8013177,8013177,23,34,131
2023-06-02,8013186,8010051,9,19,87
2023-06-02,8013186,8011215,6,8,90
2023-06-02,8013186,8012264,1,1,30
2023-06-02,8013186,8012940,5,9,47
2023-06-02,8013186,8013186,14,38,54
2023-06-02,8013232,8012949,0,7,0
2023-06-02,8013232,8013232,0,14,0
2023-06-02,8013293,8011731,3,6,15
2023-06-02,8013293,8013293,2,12,20
2023-06-02,8013293,8070946,2,6,45
2023-06-02,8013322,8011481,7,17,62
2023-06-02,8013322,8011707,16,17,199
2023-06-02,8013322,8013322,23,34,136
2023-06-02,8013339,8011889,0,19,0
2023-06-02,8013339,8013339,16,37,41
2023-06-02,8013339,8013340,2,28,26
2023-06-02,8013340,8013339,0,26,0
2023-06-02,8013340,8013340,2,54,13
2023-06-02,8013340,8013341,2,28,22
2023-06-02,8013341,8011108,2,28,22
2023-06-02,8013341,8013340,0,26,0
2023-06-02,8013341,8013341,2,54,12
2023-06-02,8013352,8011778,1,2,30
2023-06-02,8013352,8012358,8,9,97
2023-06-02,8013352,8013352,13,20,74
2023-06-02,8013354,8010325,5,20,39
2023-06-02,8013354,8012643,11,20,21
2023-06-02,8013354,8013354,19,40,33
2023-06-02,8013370,8010173,3,4,218
2023-06-02,8013370,8012009,4,5,78
2023-06-02,8013370,8013370,6,9,137
2023-06-02,8013373,8011481,16,17,184
2023-06-02,8013373,8013373,24,34,116
2023-06-02,8013385,8010392,0,29,0
2023-06-02,8013385,8012086,2,30,18
2023-06-02,8013385,8013385,2,59,10
2023-06-02,8013393,8010213,7,9,293
2023-06-02,8013393,8012610,6,9,210
2023-06-02,8013393,8013393,15,18,263
2023-06-02,8013409,8012361,2,6,50
2023-06-02,8013409,8013409,3,12,28
2023-06-02,8013409,8070946,0,6,0
2023-06-02,8017349,8012892,2,30,16
2023-06-02,8017349,8013161,0,29,0
2023-06-02,8017349,8017349,2,59,8
2023-06-02,8070946,8013293,0,6,0
2023-06-02,8070946,8013409,2,6,50
2023-06-02,8070946,8070946,2,12,25
2023-06-02,8079604,8012841,12,19,24
2023-06-02,8079604,8013106,3,18,10
2023-06-02,8079604,8079604,16,37,15
2023-06-02,8079629,8011735,25,26,78
2023-06-02,8079629,8012785,14,16,68
2023-06-02,8079629,8012806,5,6,25
2023-06-02,8079629,8079629,42,51,46
2023-06-02,8087025,8012962,0,28,0
2023-06-02,8087025,8012963,0,28,0
2023-06-02,8087025,8087025,1,56,1
2023-06-02,8087026,8011109,0,29,0
2023-06-02,8087026,8012963,2,30,16
2023-06-02,8087026,8087026,2,59,8
2023-06-02,8087027,8012065,0,29,0
2023-06-02,8087027,8013161,2,30,16
2023-06-02,8087027,8087027,2,59,8
2023-06-03,8010016,8010016,21,28,51
2023-06-03,8010016,8011031,11,18,37
2023-06-03,8010016,8012729,4,14,17
2023-06-03,8010051,8010051,11,39,29
2023-06-03,8010051,8010153,7,9,53
2023-06-03,8010051,8010322,6,10,75
2023-06-03,8010051,8012264,0,1,0
2023-06-03,8010051,8013186,5,19,13
2023-06-03,8010141,8010141,20,35,99
2023-06-03,8010141,8011702,4,9,33
2023-06-03,8010141,8012651,3,8,90
2023-06-03,8010141,8012902,3,8,75
2023-06-03,8010153,8010051,4,9,20
2023-06-03,8010153,8010153,43,54,71
2023-06-03,8010153,8010201,7,9,113
2023-06-03,8010153,8010284,6,18,25
2023-06-03,8010153,8012269,1,9,0
2023-06-03,8010156,8010156,29,44,143
2023-06-03,8010156,8011798,3,8,60
2023-06-03,8010156,8012677,7,14,58
2023-06-03,8010156,8012951,10,14,341
2023-06-03,8010156,8013069,3,8,26
2023-06-03,8010173,8010173,22,39,68
2023-06-03,8010173,8012951,15,19,115
2023-06-03,8010173,8013073,6,19,28
2023-06-03,8010173,8013370,0,1,0
2023-06-03,8010176,8010176,19,28,80
2023-06-03,8010176,8010381,4,14,26
2023-06-03,8010176,8011995,14,14,150
2023-06-03,8010179,8010179,31,36,220
2023-06-03,8010179,8011536,9,10,309
2023-06-03,8010179,8012418,9,10,150
2023-06-03,8010179,8012839,6,8,158
2023-06-03,8010179,8013131,6,8,236
2023-06-03,8010188,8010188,4,24,12
2023-06-03,8010188,8011015,1,6,30
2023-06-03,8010188,8011593,0,6,0
2023-06-03,8010188,8012644,2,12,10
2023-06-03,8010199,8010199,20,36,58
2023-06-03,8010199,8010284,11,18,62
2023-06-03,8010199,8012436,13,18,65
2023-06-03,8010201,8010153,9,9,107
2023-06-03,8010201,8010201,14,18,110
2023-06-03,8010201,8012093,7,9,77
2023-06-03,8010213,8010213,14,15,350
2023-06-03,8010213,8011689,7,7,459
2023-06-03,8010213,8013393,7,8,248
2023-06-03,8010227,8010227,23,36,84
2023-06-03,8010227,8010348,18,18,155
2023-06-03,8010227,8012758,15,18,57
2023-06-03,8010241,8010241,52,54,269
2023-06-03,8010241,8011025,11,12,315
2023-06-03,8010241,8011293,18,19,321
2023-06-03,8010241,8012376,8,18,77
2023-06-03,8010241,8013017,16,16,332
2023-06-03,8010267,8011403,3,15,68
2023-06-03,8010267,8012265,1,6,5
2023-06-03,8010267,8013018,1,9,17
2023-06-03,8010284,8010153,13,18,77
2023-06-03,8010284,8010199,10,18,52
2023-06-03,8010284,8010284,21,36,54
2023-06-03,8010300,8010300,29,31,103
2023-06-03,8010300,8012377,14,15,136
2023-06-03,8010300,8012582,12,16,69
2023-06-03,8010322,8010051,4,11,22
2023-06-03,8010322,8010322,18,38,42
2023-06-03,8010322,8011924,6,9,43
2023-06-03,8010322,8012362,4,8,30
2023-06-03,8010325,8010325,21,48,42
2023-06-03,8010325,8012940,6,24,51
2023-06-03,8010325,8012951,2,9,10
2023-06-03,8010325,8013354,13,15,64
2023-06-03,8010339,8010339,32,32,282
2023-06-03,8010339,8011213,16,16,390
2023-06-03,8010339,8012555,16,16,302
2023-06-03,8010348,8010227,4,18,22
2023-06-03,8010348,8010348,32,36,88
2023-06-03,8010348,8012436,9,18,55
2023-06-03,8010381,8010176,14,14,105
2023-06-03,8010381,8012321,2,18,7
2023-06-03,8010392,8010392,6,40,13
2023-06-03,8010392,8013132,0,27,0
2023-06-03,8010392,8013133,0,16,0
2023-06-03,8010392,8013385,6,20,26
2023-06-03,8011015,8010188,1,6,15
2023-06-03,8011015,8011015,2,12,25
2023-06-03,8011015,8012296,1,6,30
2023-06-03,8011025,8010241,9,12,180
2023-06-03,8011025,8011025,20,24,221
2023-06-03,8011025,8011646,11,12,308
2023-06-03,8011031,8010016,12,19,51
2023-06-03,8011031,8011031,17,37,41
2023-06-03,8011031,8012609,6,18,43
2023-06-03,8011044,8011044,12,20,122
2023-06-03,8011044,8011438,4,10,27
2023-06-03,8011044,8012021,8,10,210
2023-06-03,8011108,8011108,4,53,10
2023-06-03,8011108,8013132,4,27,19
2023-06-03,8011108,8013341,0,26,0
2023-06-03,8011109,8011109,5,40,15
2023-06-03,8011109,8012892,0,20,0
2023-06-03,8011109,8087026,5,20,27
2023-06-03,8011114,8012005,0,16,0
2023-06-03,8011140,8011140,21,31,105
2023-06-03,8011140,8012377,10,16,77
2023-06-03,8011140,8012806,10,15,148
2023-06-03,8011205,8010399,9,10,324
2023-06-03,8011205,8011205,19,22,274
2023-06-03,8011205,8011307,10,11,267
2023-06-03,8011213,8010339,7,16,92
2023-06-03,8011213,8011213,28,32,265
2023-06-03,8011213,8012610,7,7,510
2023-06-03,8011230,8011230,20,28,189
2023-06-03,8011230,8011248,12,14,326
2023-06-03,8011230,8012933,8,14,56
2023-06-03,8011248,8011230,6,14,45
2023-06-03,8011248,8011248,19,28,184
2023-06-03,8011248,8012677,11,14,326
2023-06-03,8011270,8011270,11,33,17
2023-06-03,8011270,8011729,11,17,41
2023-06-03,8011270,8012785,0,16,0
2023-06-03,8011286,8011286,16,38,49
2023-06-03,8011286,8011889,10,19,87
2023-06-03,8011286,8011991,0,19,0
2023-06-03,8011293,8010241,18,19,308
2023-06-03,8011293,8011293,36,38,325
2023-06-03,8011293,8011307,10,11,278
2023-06-03,8011307,8011205,9,11,284
2023-06-03,8011307,8011293,10,11,300
2023-06-03,8011307,8011307,19,22,281
2023-06-03,8011326,8011326,11,30,62
2023-06-03,8011326,8012824,4,15,68
2023-06-03,8011326,8013079,4,15,64
2023-06-03,8011356,8011356,21,24,236
2023-06-03,8011356,8012710,12,12,250
2023-06-03,8011356,8013177,10,12,255
2023-06-03,8011403,8010267,3,15,46
2023-06-03,8011403,8011403,5,30,56
2023-06-03,8011403,8011582,2,15,64
2023-06-03,8011438,8011044,9,10,237
2023-06-03,8011438,8011438,13,20,154
2023-06-03,8011438,8011536,4,10,36
2023-06-03,8011442,8011442,8,17,42
2023-06-03,8011442,8012474,4,9,27
2023-06-03,8011442,8013018,7,8,75
2023-06-03,8011456,8011456,11,16,167
2023-06-03,8011456,8013131,7,8,135
2023-06-03,8011456,8013162,6,8,240
2023-06-03,8011481,8011481,22,24,190
2023-06-03,8011481,8013322,12,12,232
2023-06-03,8011481,8013373,10,12,175
2023-06-03,8011536,8010179,6,10,117
2023-06-03,8011536,8011438,9,10,309
2023-06-03,8011536,8011536,14,20,195
2023-06-03,8011582,8011403,3,15,54
2023-06-03,8011582,8011582,5,30,62
2023-06-03,8011582,8012824,2,15,60
2023-06-03,8011592,8011592,2,16,11
2023-06-03,8011592,8011908,0,8,0
2023-06-03,8011592,8012274,2,8,26
2023-06-03,8011593,8010188,1,6,10
2023-06-03,8011593,8011593,1,12,5
2023-06-03,8011593,8012612,0,6,0
2023-06-03,8011646,8011025,11,12,205
2023-06-03,8011646,8011646,23,24,272
2023-06-03,8011646,8013051,11,12,252
2023-06-03,8011681,8011681,15,20,147
2023-06-03,8011681,8011994,8,10,195
2023-06-03,8011681,8012262,9,10,126
2023-06-03,8011689,5100145,7,7,411
2023-06-03,8011689,8010213,5,8,218
2023-06-03,8011689,8011689,13,15,306
2023-06-03,8011694,8011694,14,20,116
2023-06-03,8011694,8011723,7,10,90
2023-06-03,8011694,8012358,9,10,192
2023-06-03,8011702,8010141,3,8,94
2023-06-03,8011702,8011702,6,17,49
2023-06-03,8011702,8012902,4,9,70
2023-06-03,8011707,8011707,20,24,242
2023-06-03,8011707,8012710,10,12,355
2023-06-03,8011707,8013322,10,12,208
2023-06-03,8011718,8011718,2,16,4
2023-06-03,8011718,8012274,1,8,4
2023-06-03,8011718,8012954,3,8,19
2023-06-03,8011723,8011694,6,10,138
2023-06-03,8011723,8011723,14,20,120
2023-06-03,8011723,8012021,6,10,54
2023-06-03,8011726,8011726,11,17,53
2023-06-03,8011726,8011951,5,8,22
2023-06-03,8011726,8012474,8,8,82
2023-06-03,8011729,8011270,0,16,0
2023-06-03,8011729,8011729,6,33,9
2023-06-03,8011729,8012841,3,17,7
2023-06-03,8011731,8011731,9,12,88
2023-06-03,8011731,8013293,3,6,65
2023-06-03,8011735,8011735,27,37,57
2023-06-03,8011735,8012609,11,19,36
2023-06-03,8011735,8079629,10,18,45
2023-06-03,8011797,8011797,28,28,59
2023-06-03,8011797,8013040,6,14,30
2023-06-03,8011797,8013105,2,14,9
2023-06-03,8011798,8010156,8,8,49
2023-06-03,8011864,8003774,12,17,101
2023-06-03,8011864,8011864,16,35,81
2023-06-03,8011864,8012268,4,18,57
2023-06-03,8011889,8011286,0,19,0
2023-06-03,8011889,8011889,15,38,49
2023-06-03,8011889,8013339,14,19,107
2023-06-03,8011908,8011592,2,8,22
2023-06-03,8011908,8011908,2,16,11
2023-06-03,8011908,8012737,0,8,0
2023-06-03,8011939,8011939,2,13,32
2023-06-03,8011939,8012517,1,6,35
2023-06-03,8011939,8012949,1,7,26
2023-06-03,8011951,8011726,8,8,60
2023-06-03,8011951,8011951,7,16,26
2023-06-03,8011951,8013069,2,8,11
2023-06-03,8011991,8011286,16,19,92
2023-06-03,8011991,8011991,13,38,43
2023-06-03,8011992,8011992,0,32,0
2023-06-03,8011992,8012617,0,16,0
2023-06-03,8011992,8013133,0,16,0
2023-06-03,8011995,8010176,4,14,21
2023-06-03,8011995,8011995,18,28,91
2023-06-03,8011995,8013040,14,14,169
2023-06-03,8012005,8011114,5,16,11
2023-06-03,8012005,8012005,1,32,1
2023-06-03,8012005,8012827,0,16,0
2023-06-03,8012009,8010156,0,1,0
2023-06-03,8012009,8012009,0,1,0
2023-06-03,8012021,8011044,6,10,45
2023-06-03,8012021,8011723,9,10,201
2023-06-03,8012021,8012021,15,20,135
2023-06-03,8012065,8012065,4,40,10
2023-06-03,8012065,8012086,0,20,0
2023-06-03,8012065,8087027,4,20,20
2023-06-03,8012086,8012065,4,20,21
2023-06-03,8012086,8012086,4,40,10
2023-06-03,8012086,8013385,0,20,0
2023-06-03,8012093,8010201,7,9,130
2023-06-03,8012093,8010399,8,8,218
2023-06-03,8012093,8012093,15,18,103
2023-06-03,8012108,8012108,8,28,16
2023-06-03,8012108,8012729,2,14,9
2023-06-03,8012108,8012840,3,14,13
2023-06-03,8012262,8011681,6,10,102
2023-06-03,8012262,8012262,24,38,94
2023-06-03,8012262,8012716,18,19,142
2023-06-03,8012264,8012264,34,53,44
2023-06-03,8012264,8012321,4,9,27
2023-06-03,8012264,8012384,6,10,75
2023-06-03,8012264,8012940,7,18,22
2023-06-03,8012265,8010267,3,6,15
2023-06-03,8012265,8012265,1,12,5
2023-06-03,8012265,8012612,1,6,10
2023-06-03,8012268,8011864,11,17,99
2023-06-03,8012268,8012268,15,35,76
2023-06-03,8012268,8012902,5,18,53
2023-06-03,8012269,8010153,4,8,45
2023-06-03,8012269,8012269,5,17,23
2023-06-03,8012269,8012362,1,9,7
2023-06-03,8012274,8011592,0,8,0
2023-06-03,8012274,8011718,3,8,22
2023-06-03,8012274,8012274,3,16,19
2023-06-03,8012296,8011015,1,6,20
2023-06-03,8012296,8012296,2,12,25
2023-06-03,8012296,8012517,1,7,26
2023-06-03,8012321,8010381,2,19,8
2023-06-03,8012321,8012264,2,7,17
2023-06-03,8012321,8012321,6,37,13
2023-06-03,8012321,8012384,1,11,5
2023-06-03,8012358,8011694,9,10,129
2023-06-03,8012358,8012358,21,24,154
2023-06-03,8012358,8013352,1,1,120
2023-06-03,8012361,8013409,6,6,35
2023-06-03,8012362,8010322,5,9,30
2023-06-03,8012362,8012269,3,8,34
2023-06-03,8012362,8012362,7,17,23
2023-06-03,8012376,8010241,10,18,100
2023-06-03,8012376,8012376,19,36,78
2023-06-03,8012376,8012758,15,18,107
2023-06-03,8012377,8010300,12,16,82
2023-06-03,8012377,8011140,13,15,144
2023-06-03,8012377,8012377,21,31,99
2023-06-03,8012384,8012264,1,11,3
2023-06-03,8012384,8012321,3,10,48
2023-06-03,8012384,8012384,5,21,30
2023-06-03,8012421,8012421,32,32,350
2023-06-03,8012421,8012555,16,16,398
2023-06-03,8012421,8013017,16,16,300
2023-06-03,8012436,8010199,13,18,70
2023-06-03,8012436,8010348,15,18,118
2023-06-03,8012436,8012436,27,36,72
2023-06-03,8012438,8012438,8,28,15
2023-06-03,8012438,8012840,3,14,11
2023-06-03,8012438,8013105,6,14,24
2023-06-03,8012474,8011442,7,8,90
2023-06-03,8012474,8011726,5,9,43
2023-06-03,8012474,8012474,13,17,71
2023-06-03,8012517,8011939,1,7,26
2023-06-03,8012517,8012296,1,6,25
2023-06-03,8012517,8012517,2,13,28
2023-06-03,8012555,8010339,16,16,375
2023-06-03,8012555,8012421,16,16,304
2023-06-03,8012555,8012555,32,32,343
2023-06-03,8012582,8010300,13,15,76
2023-06-03,8012582,8012582,22,31,50
2023-06-03,8012582,8012584,10,16,75
2023-06-03,8012583,8012584,0,15,0
2023-06-03,8012584,8012582,0,15,-2
2023-06-03,8012584,8012583,6,16,45
2023-06-03,8012584,8012584,10,31,33
2023-06-03,8012609,8011031,8,19,35
2023-06-03,8012609,8011735,14,18,68
2023-06-03,8012609,8012609,22,37,43
2023-06-03,8012610,8011213,8,8,232
2023-06-03,8012610,8012610,14,15,372
2023-06-03,8012610,8013393,7,7,566
2023-06-03,8012612,8011593,1,6,10
2023-06-03,8012612,8012265,0,6,0
2023-06-03,8012612,8012612,1,12,5
2023-06-03,8012617,8011992,0,16,0
2023-06-03,8012643,8012643,11,30,49
2023-06-03,8012643,8013079,4,15,32
2023-06-03,8012643,8013354,6,15,58
2023-06-03,8012644,8010188,1,12,15
2023-06-03,8012677,8010156,11,14,345
2023-06-03,8012677,8011248,6,14,51
2023-06-03,8012677,8012677,18,28,194
2023-06-03,8012710,8011356,11,12,270
2023-06-03,8012710,8011707,12,12,245
2023-06-03,8012710,8012710,23,24,308
2023-06-03,8012716,8012262,7,19,28
2023-06-03,8012716,8012716,19,38,76
2023-06-03,8012716,8013073,16,19,134
2023-06-03,8012729,8010016,11,14,77
2023-06-03,8012729,8012108,8,14,39
2023-06-03,8012729,8012729,19,28,35
2023-06-03,8012737,8011908,2,8,22
2023-06-03,8012758,8010227,16,18,123
2023-06-03,8012758,8012376,14,18,65
2023-06-03,8012758,8012758,31,36,102
2023-06-03,8012762,8012762,1,2,210
2023-06-03,8012785,8011270,8,17,25
2023-06-03,8012785,8012785,14,33,25
2023-06-03,8012785,8079629,4,14,9
2023-06-03,8012806,8011140,12,16,54
2023-06-03,8012806,8012806,23,31,91
2023-06-03,8012824,8011326,5,15,68
2023-06-03,8012824,8011582,3,15,60
2023-06-03,8012824,8012824,8,30,63
2023-06-03,8012827,8012005,1,15,2
2023-06-03,8012827,8012827,1,31,2
2023-06-03,8012839,8010179,8,8,285
2023-06-03,8012839,8012839,14,16,216
2023-06-03,8012840,8012108,3,14,13
2023-06-03,8012840,8012438,5,14,17
2023-06-03,8012840,8012840,6,28,14
2023-06-03,8012841,8011729,0,16,0
2023-06-03,8012841,8012841,5,33,5
2023-06-03,8012841,8079604,7,17,14
2023-06-03,8012892,8011109,5,20,30
2023-06-03,8012892,8012892,5,40,12
2023-06-03,8012892,8017349,0,20,0
2023-06-03,8012902,8010141,7,10,93
2023-06-03,8012902,8011702,3,8,86
2023-06-03,8012902,8012268,9,17,94
2023-06-03,8012902,8012902,16,35,72
2023-06-03,8012933,8004177,7,14,34
2023-06-03,8012933,8011230,13,14,330
2023-06-03,8012933,8012933,19,28,189
2023-06-03,8012940,8010325,15,24,40
2023-06-03,8012940,8012264,14,17,79
2023-06-03,8012940,8012940,54,96,92
2023-06-03,8012940,8012951,11,24,22
2023-06-03,8012940,8012953,6,7,34
2023-06-03,8012940,8013186,7,9,107
2023-06-03,8012949,8011939,1,6,40
2023-06-03,8012949,8012949,2,13,32
2023-06-03,8012949,8013232,1,7,26
2023-06-03,8012951,8010156,7,13,37
2023-06-03,8012951,8010173,3,20,16
2023-06-03,8012951,8010325,2,9,70
2023-06-03,8012951,8012940,18,24,262
2023-06-03,8012951,8012951,35,66,113
2023-06-03,8012953,8012940,1,5,12
2023-06-03,8012953,8012953,3,16,9
2023-06-03,8012953,8012960,1,8,8
2023-06-03,8012954,8011718,1,8,4
2023-06-03,8012954,8012954,4,16,17
2023-06-03,8012954,8012960,2,8,22
2023-06-03,8012960,8012953,1,8,11
2023-06-03,8012960,8012954,1,8,8
2023-06-03,8012960,8012960,3,16,13
2023-06-03,8012962,8012962,2,40,2
2023-06-03,8012962,8079084,0,20,0
2023-06-03,8012962,8087025,2,20,3
2023-06-03,8012963,8012963,5,37,8
2023-06-03,8012963,8087025,0,20,0
2023-06-03,8012963,8087026,0,20,0
2023-06-03,8013017,8010241,16,16,330
2023-06-03,8013017,8012421,16,16,261
2023-06-03,8013017,8013017,31,32,272
2023-06-03,8013018,8010267,7,8,60
2023-06-03,8013018,8011442,1,9,13
2023-06-03,8013018,8013018,8,17,42
2023-06-03,8013040,8011797,14,14,99
2023-06-03,8013040,8011995,3,14,15
2023-06-03,8013040,8013040,18,28,77
2023-06-03,8013051,8011646,12,12,230
2023-06-03,8013051,8013051,22,24,240
2023-06-03,8013051,8013177,11,12,270
2023-06-03,8013069,8010156,2,8,11
2023-06-03,8013069,8011951,4,8,38
2023-06-03,8013069,8013069,6,16,24
2023-06-03,8013073,8010173,12,19,101
2023-06-03,8013073,8012716,4,19,22
2023-06-03,8013073,8013073,19,38,69
2023-06-03,8013079,8011326,11,15,54
2023-06-03,8013079,8012643,7,15,64
2023-06-03,8013079,8013079,18,30,57
2023-06-03,8013105,8011797,14,14,111
2023-06-03,8013105,8012438,3,14,13
2023-06-03,8013105,8013105,15,28,45
2023-06-03,8013106,8079604,0,16,0
2023-06-03,8013131,8010179,6,8,154
2023-06-03,8013131,8011456,6,8,218
2023-06-03,8013131,8013131,12,16,195
2023-06-03,8013132,8010392,6,28,20
2023-06-03,8013132,8011108,0,26,0
2023-06-03,8013132,8013132,6,53,10
2023-06-03,8013133,8010392,0,16,0
2023-06-03,8013133,8011992,0,16,0
2023-06-03,8013133,8013133,0,32,0
2023-06-03,8013156,8013162,4,8,142
2023-06-03,8013161,8013161,4,40,9
2023-06-03,8013161,8017349,4,20,15
2023-06-03,8013161,8087027,0,20,0
2023-06-03,8013162,8011456,4,8,109
2023-06-03,8013162,8013156,6,8,218
2023-06-03,8013162,8013162,11,16,172
2023-06-03,8013177,8011356,12,12,272
2023-06-03,8013177,8013051,10,12,265
2023-06-03,8013177,8013177,23,24,268
2023-06-03,8013186,8010051,5,19,44
2023-06-03,8013186,8011215,3,8,22
2023-06-03,8013186,8012264,0,1,0
2023-06-03,8013186,8012940,3,9,13
2023-06-03,8013186,8013186,9,38,29
2023-06-03,8013232,8012949,1,6,45
2023-06-03,8013232,8013232,2,13,37
2023-06-03,8013293,8011731,6,6,80
2023-06-03,8013293,8013293,6,12,48
2023-06-03,8013293,8070946,3,6,75
2023-06-03,8013322,8011481,10,12,190
2023-06-03,8013322,8011707,12,12,225
2023-06-03,8013322,8013322,22,24,232
2023-06-03,8013339,8011889,0,19,0
2023-06-03,8013339,8013339,15,39,34
2023-06-03,8013339,8013340,6,27,23
2023-06-03,8013340,8013339,0,26,0
2023-06-03,8013340,8013340,6,53,12
2023-06-03,8013340,8013341,4,27,19
2023-06-03,8013341,8011108,4,27,19
2023-06-03,8013341,8013340,0,26,0
2023-06-03,8013341,8013341,4,53,10
2023-06-03,8013352,8013352,1,1,120
2023-06-03,8013354,8010325,4,15,46
2023-06-03,8013354,8012643,11,15,58
2023-06-03,8013354,8013354,17,30,65
2023-06-03,8013370,8012009,0,1,0
2023-06-03,8013370,8013370,0,1,0
2023-06-03,8013373,8011481,11,12,190
2023-06-03,8013373,8013373,21,24,175
2023-06-03,8013385,8010392,0,20,0
2023-06-03,8013385,8012086,4,20,21
2023-06-03,8013385,8013385,6,40,13
2023-06-03,8013393,8010213,7,7,471
2023-06-03,8013393,8012610,5,8,214
2023-06-03,8013393,8013393,12,15,358
2023-06-03,8013409,8012361,3,6,70
2023-06-03,8013409,8013409,9,12,52
2023-06-03,8013409,8070946,0,6,0
2023-06-03,8017349,8012892,4,20,21
2023-06-03,8017349,8013161,0,20,0
2023-06-03,8017349,8017349,4,40,9
2023-06-03,8070946,8013293,3,6,25
2023-06-03,8070946,8013409,3,6,70
2023-06-03,8070946,8070946,6,12,45
2023-06-03,8079604,8012841,8,16,17
2023-06-03,8079604,8013106,1,17,4
2023-06-03,8079604,8079604,15,33,14
2023-06-03,8079629,8011735,19,19,68
2023-06-03,8079629,8012785,11,15,36
2023-06-03,8079629,8079629,23,37,36
2023-06-03,8087025,8012962,0,20,0
2023-06-03,8087025,8012963,0,20,0
2023-06-03,8087025,8087025,2,40,2
2023-06-03,8087026,8011109,0,20,0
2023-06-03,8087026,8012963,5,20,32
2023-06-03,8087026,8087026,5,40,15
2023-06-03,8087027,8012065,0,20,0
2023-06-03,8087027,8013161,4,20,20
2023-06-03,8087027,8087027,4,40,10
2023-06-04,8010016,8010016,26,29,61
2023-06-04,8010016,8011031,6,15,36
2023-06-04,8010016,8012729,5,14,30
2023-06-04,8010051,8010051,16,36,62
2023-06-04,8010051,8010153,5,8,154
2023-06-04,8010051,8010322,8,10,54
2023-06-04,8010051,8013186,7,18,28
2023-06-04,8010141,8010141,25,33,197
2023-06-04,8010141,8011702,7,8,116
2023-06-04,8010141,8012651,7,8,416
2023-06-04,8010141,8012902,5,8,150
2023-06-04,8010153,8010051,7,9,33
2023-06-04,8010153,8010153,45,54,84
2023-06-04,8010153,8010201,6,8,60
2023-06-04,8010153,8010284,6,17,23
2023-06-04,8010153,8010399,1,1,120
2023-06-04,8010153,8012269,2,9,10
2023-06-04,8010153,8012376,1,1,540
2023-06-04,8010156,8010156,30,41,247
2023-06-04,8010156,8011798,3,7,103
2023-06-04,8010156,8012677,8,14,64
2023-06-04,8010156,8012951,12,13,568
2023-06-04,8010156,8013069,6,7,141
2023-06-04,8010173,8010173,20,36,88
2023-06-04,8010173,8012951,11,18,147
2023-06-04,8010173,8013073,8,17,39
2023-06-04,8010173,8013370,1,1,60
2023-06-04,8010176,8010176,19,29,66
2023-06-04,8010176,8010381,4,15,22
2023-06-04,8010176,8011995,14,14,122
2023-06-04,8010179,8010179,26,31,122
2023-06-04,8010179,8011536,9,9,217
2023-06-04,8010179,8012418,7,7,60
2023-06-04,8010179,8012839,5,7,34
2023-06-04,8010179,8013131,5,7,99
2023-06-04,8010188,8010188,3,24,95
2023-06-04,8010188,8011015,0,6,0
2023-06-04,8010188,8011593,1,6,15
2023-06-04,8010188,8012644,2,12,228
2023-06-04,8010199,8010199,16,34,33
2023-06-04,8010199,8010284,8,17,37
2023-06-04,8010199,8012436,10,17,37
2023-06-04,8010201,8010153,6,9,40
2023-06-04,8010201,8010201,12,17,48
2023-06-04,8010201,8012093,6,8,68
2023-06-04,8010210,8010210,0,1,0
2023-06-04,8010210,8012832,0,1,0
2023-06-04,8010213,8010213,14,15,298
2023-06-04,8010213,8011689,7,8,319
2023-06-04,8010213,8013393,7,7,270
2023-06-04,8010227,8010227,22,34,88
2023-06-04,8010227,8010348,17,17,171
2023-06-04,8010227,8012758,17,17,53
2023-06-04,8010241,8010241,47,50,233
2023-06-04,8010241,8011025,9,11,300
2023-06-04,8010241,8011293,17,18,300
2023-06-04,8010241,8012376,10,17,62
2023-06-04,8010241,8013017,13,14,336
2023-06-04,8010267,8011403,3,15,10
2023-06-04,8010267,8012265,2,6,220
2023-06-04,8010267,8013018,2,8,154
2023-06-04,8010284,8010153,14,17,48
2023-06-04,8010284,8010199,9,17,30
2023-06-04,8010284,8010284,17,34,34
2023-06-04,8010300,8010300,26,29,88
2023-06-04,8010300,8012377,12,14,96
2023-06-04,8010300,8012582,12,15,74
2023-06-04,8010322,8010051,4,9,23
2023-06-04,8010322,8010322,18,35,27
2023-06-04,8010322,8011924,6,9,30
2023-06-04,8010322,8012362,3,7,17
2023-06-04,8010325,8010325,21,45,43
2023-06-04,8010325,8012940,7,23,50
2023-06-04,8010325,8012951,4,8,22
2023-06-04,8010325,8013354,11,14,79
2023-06-04,8010339,8010339,29,30,269
2023-06-04,8010339,8011213,15,15,384
2023-06-04,8010339,8012555,14,15,272
2023-06-04,8010348,8010227,3,17,11
2023-06-04,8010348,8010348,31,34,74
2023-06-04,8010348,8012436,6,17,23
2023-06-04,8010381,8010176,13,14,105
2023-06-04,8010381,8012321,1,16,15
2023-06-04,8010392,8010392,1,38,9
2023-06-04,8010392,8013132,0,26,0
2023-06-04,8010392,8013133,0,15,0
2023-06-04,8010392,8013385,1,19,19
2023-06-04,8011015,8010188,0,6,0
2023-06-04,8011015,8011015,0,12,0
2023-06-04,8011015,8012296,0,6,0
2023-06-04,8011017,8011017,0,1,0
2023-06-04,8011017,8012711,0,1,0
2023-06-04,8011025,8010241,9,12,112
2023-06-04,8011025,8011025,17,23,203
2023-06-04,8011025,8011646,10,11,295
2023-06-04,8011031,8010016,14,16,62
2023-06-04,8011031,8011031,18,31,40
2023-06-04,8011031,8012609,6,15,34
2023-06-04,8011044,8011044,9,17,102
2023-06-04,8011044,8011438,4,8,105
2023-06-04,8011044,8012021,5,9,90
2023-06-04,8011108,8011108,2,51,15
2023-06-04,8011108,8013132,2,26,29
2023-06-04,8011108,8013341,0,25,0
2023-06-04,8011109,8011109,0,38,0
2023-06-04,8011109,8012892,0,19,0
2023-06-04,8011109,8087026,0,19,0
2023-06-04,8011114,8012005,0,13,0
2023-06-04,8011140,8011140,16,29,80
2023-06-04,8011140,8012377,8,15,76
2023-06-04,8011140,8012806,7,14,86
2023-06-04,8011205,8010399,8,8,315
2023-06-04,8011205,8011118,1,1,90
2023-06-04,8011205,8011205,19,20,333
2023-06-04,8011205,8011307,8,9,377
2023-06-04,8011213,8010339,11,14,79
2023-06-04,8011213,8011213,29,29,265
2023-06-04,8011213,8012610,7,7,394
2023-06-04,8011230,8011230,21,27,274
2023-06-04,8011230,8011248,11,13,515
2023-06-04,8011230,8012933,9,14,86
2023-06-04,8011248,8011230,6,14,60
2023-06-04,8011248,8011248,19,27,290
2023-06-04,8011248,8012677,12,13,579
2023-06-04,8011270,8011270,10,30,24
2023-06-04,8011270,8011729,10,15,54
2023-06-04,8011270,8012785,1,15,2
2023-06-04,8011286,8011286,14,36,40
2023-06-04,8011286,8011889,5,18,58
2023-06-04,8011286,8011991,0,18,0
2023-06-04,8011293,8010241,13,17,335
2023-06-04,8011293,8011293,31,35,331
2023-06-04,8011293,8011307,10,11,278
2023-06-04,8011307,8011205,11,11,278
2023-06-04,8011307,8011293,8,9,367
2023-06-04,8011307,8011307,19,20,320
2023-06-04,8011326,8011326,17,30,36
2023-06-04,8011326,8012824,4,14,21
2023-06-04,8011326,8013079,5,14,26
2023-06-04,8011356,8011356,16,23,160
2023-06-04,8011356,8012710,9,12,188
2023-06-04,8011356,8013177,7,11,136
2023-06-04,8011403,8010267,2,14,6
2023-06-04,8011403,8011403,3,29,6
2023-06-04,8011403,8011582,1,15,4
2023-06-04,8011438,8011044,6,9,120
2023-06-04,8011438,8011438,11,17,132
2023-06-04,8011438,8011536,4,8,116
2023-06-04,8011442,8011442,9,16,120
2023-06-04,8011442,8012474,4,8,172
2023-06-04,8011442,8013018,7,8,86
2023-06-04,8011456,8011456,10,14,73
2023-06-04,8011456,8013131,6,7,39
2023-06-04,8011456,8013162,5,7,116
2023-06-04,8011481,8011481,17,23,102
2023-06-04,8011481,8013322,10,11,85
2023-06-04,8011481,8013373,7,12,122
2023-06-04,8011536,8010179,5,8,94
2023-06-04,8011536,8011438,7,9,180
2023-06-04,8011536,8011536,12,17,155
2023-06-04,8011582,8011403,3,14,13
2023-06-04,8011582,8011582,4,29,10
2023-06-04,8011582,8012824,1,15,4
2023-06-04,8011592,8011592,1,15,8
2023-06-04,8011592,8011908,1,8,11
2023-06-04,8011592,8012274,0,7,0
2023-06-04,8011593,8010188,1,6,250
2023-06-04,8011593,8011593,1,12,125
2023-06-04,8011593,8012612,0,6,0
2023-06-04,8011646,8011025,8,12,180
2023-06-04,8011646,8011646,18,23,239
2023-06-04,8011646,8013051,8,11,245
2023-06-04,8011681,8011681,13,18,113
2023-06-04,8011681,8011994,9,9,90
2023-06-04,8011681,8012262,7,9,163
2023-06-04,8011689,5100145,7,8,255
2023-06-04,8011689,8010213,7,7,236
2023-06-04,8011689,8011689,14,15,252
2023-06-04,8011694,8011694,11,17,90
2023-06-04,8011694,8011723,6,9,127
2023-06-04,8011694,8012358,6,8,64
2023-06-04,8011702,8010141,7,8,420
2023-06-04,8011702,8011702,13,16,246
2023-06-04,8011702,8012902,6,8,90
2023-06-04,8011707,8011707,17,23,184
2023-06-04,8011707,8012710,10,11,330
2023-06-04,8011707,8013322,7,12,142
2023-06-04,8011718,8011718,2,15,14
2023-06-04,8011718,8012274,1,8,19
2023-06-04,8011718,8012954,1,7,4
2023-06-04,8011723,8010282,1,1,90
2023-06-04,8011723,8011694,4,8,38
2023-06-04,8011723,8011723,10,17,86
2023-06-04,8011723,8012021,4,8,120
2023-06-04,8011726,8011726,11,16,139
2023-06-04,8011726,8011951,5,6,250
2023-06-04,8011726,8012474,6,8,82
2023-06-04,8011729,8011270,0,15,0
2023-06-04,8011729,8011729,4,30,16
2023-06-04,8011729,8012841,4,15,22
2023-06-04,8011731,8011731,9,12,80
2023-06-04,8011731,8013293,3,6,60
2023-06-04,8011735,8011735,24,31,61
2023-06-04,8011735,8012609,12,16,47
2023-06-04,8011735,8079629,9,15,38
2023-06-04,8011797,8011797,28,30,66
2023-06-04,8011797,8013040,7,15,40
2023-06-04,8011797,8013105,4,15,18
2023-06-04,8011798,8010156,6,7,39
2023-06-04,8011864,8003774,13,16,152
2023-06-04,8011864,8011864,23,33,180
2023-06-04,8011864,8012268,10,17,201
2023-06-04,8011889,8011286,0,18,0
2023-06-04,8011889,8011889,14,36,39
2023-06-04,8011889,8013339,14,18,100
2023-06-04,8011908,8011592,0,7,0
2023-06-04,8011908,8011908,1,15,4
2023-06-04,8011908,8012737,1,8,8
2023-06-04,8011939,8011939,0,13,0
2023-06-04,8011939,8012517,0,6,0
2023-06-04,8011939,8012949,0,7,0
2023-06-04,8011951,8011726,6,7,129
2023-06-04,8011951,8011951,12,14,180
2023-06-04,8011951,8013069,3,7,180
2023-06-04,8011953,8011953,1,1,30
2023-06-04,8011991,8011286,14,18,77
2023-06-04,8011991,8011991,10,36,33
2023-06-04,8011992,8011992,0,30,0
2023-06-04,8011992,8012617,0,15,0
2023-06-04,8011992,8013133,0,15,0
2023-06-04,8011995,8010176,6,15,30
2023-06-04,8011995,8011995,20,29,78
2023-06-04,8011995,8013040,14,14,129
2023-06-04,8012005,8011114,12,14,58
2023-06-04,8012005,8012005,4,28,16
2023-06-04,8012005,8012827,0,14,0
2023-06-04,8012009,8010156,0,1,0
2023-06-04,8012009,8012009,0,1,0
2023-06-04,8012021,8011044,4,8,105
2023-06-04,8012021,8011723,8,8,90
2023-06-04,8012021,8012021,12,17,108
2023-06-04,8012065,8012065,0,38,0
2023-06-04,8012065,8012086,0,19,0
2023-06-04,8012065,8087027,0,19,0
2023-06-04,8012086,8012065,0,19,0
2023-06-04,8012086,8012086,1,40,8
2023-06-04,8012086,8013385,0,19,0
2023-06-04,8012093,8010201,7,9,43
2023-06-04,8012093,8010399,7,7,283
2023-06-04,8012093,8012093,10,17,62
2023-06-04,8012108,8012108,9,29,24
2023-06-04,8012108,8012729,4,15,16
2023-06-04,8012108,8012840,4,14,26
2023-06-04,8012146,8012146,0,1,0
2023-06-04,8012146,8012843,0,1,0
2023-06-04,8012262,8011681,4,9,30
2023-06-04,8012262,8012262,23,35,103
2023-06-04,8012262,8012716,12,18,162
2023-06-04,8012264,8012264,32,48,76
2023-06-04,8012264,8012321,2,8,8
2023-06-04,8012264,8012384,5,8,172
2023-06-04,8012264,8012940,13,15,60
2023-06-04,8012265,8010267,2,6,230
2023-06-04,8012265,8012265,2,12,178
2023-06-04,8012265,8012612,1,6,250
2023-06-04,8012268,8011864,13,16,161
2023-06-04,8012268,8012268,21,33,177
2023-06-04,8012268,8012902,7,17,184
2023-06-04,8012269,8010153,3,7,13
2023-06-04,8012269,8012269,3,16,9
2023-06-04,8012269,8012362,2,9,10
2023-06-04,8012274,8011592,1,8,15
2023-06-04,8012274,8011718,0,7,0
2023-06-04,8012274,8012274,1,15,8
2023-06-04,8012296,8011015,0,6,0
2023-06-04,8012296,8012296,0,12,0
2023-06-04,8012296,8012517,0,7,0
2023-06-04,8012321,8010381,4,17,39
2023-06-04,8012321,8012264,2,5,120
2023-06-04,8012321,8012321,5,33,35
2023-06-04,8012321,8012384,1,11,3
2023-06-04,8012358,8011694,8,9,160
2023-06-04,8012358,8011953,1,1,30
2023-06-04,8012358,8012358,17,22,97
2023-06-04,8012361,8013409,5,6,25
2023-06-04,8012362,8010322,2,9,10
2023-06-04,8012362,8012269,1,7,4
2023-06-04,8012362,8012362,3,16,8
2023-06-04,8012376,8010153,1,1,330
2023-06-04,8012376,8010241,13,17,92
2023-06-04,8012376,8012376,23,34,86
2023-06-04,8012376,8012758,14,16,101
2023-06-04,8012377,8010300,13,15,92
2023-06-04,8012377,8011140,8,14,90
2023-06-04,8012377,8012377,14,29,77
2023-06-04,8012384,8012264,3,11,19
2023-06-04,8012384,8012321,4,9,123
2023-06-04,8012384,8012384,6,20,66
2023-06-04,8012421,8012421,29,29,343
2023-06-04,8012421,8012555,14,14,409
2023-06-04,8012421,8013017,15,15,298
2023-06-04,8012436,8010199,11,17,42
2023-06-04,8012436,8010348,15,17,94
2023-06-04,8012436,8012436,26,34,47
2023-06-04,8012438,8012438,10,29,26
2023-06-04,8012438,8012840,5,15,20
2023-06-04,8012438,8013105,5,14,32
2023-06-04,8012474,8011442,7,8,98
2023-06-04,8012474,8011726,6,8,214
2023-06-04,8012474,8012474,13,16,154
2023-06-04,8012517,8011939,0,7,0
2023-06-04,8012517,8012296,0,6,0
2023-06-04,8012517,8012517,0,13,0
2023-06-04,8012555,8010339,14,14,386
2023-06-04,8012555,8012421,14,15,282
2023-06-04,8012555,8012555,28,29,334
2023-06-04,8012582,8010300,11,14,45
2023-06-04,8012582,8012582,17,29,44
2023-06-04,8012582,8012584,11,15,74
2023-06-04,8012583,8012584,0,15,0
2023-06-04,8012584,8012582,0,14,-2
2023-06-04,8012584,8012583,5,15,52
2023-06-04,8012584,8012584,11,30,34
2023-06-04,8012609,8011031,11,16,43
2023-06-04,8012609,8011735,9,15,60
2023-06-04,8012609,8012609,20,31,42
2023-06-04,8012610,8011213,7,7,206
2023-06-04,8012610,8012610,15,15,308
2023-06-04,8012610,8013393,8,8,405
2023-06-04,8012612,8011593,1,6,250
2023-06-04,8012612,8012265,0,6,0
2023-06-04,8012612,8012612,1,12,125
2023-06-04,8012617,8011992,0,15,0
2023-06-04,8012643,8012643,15,28,49
2023-06-04,8012643,8013079,6,14,60
2023-06-04,8012643,8013354,9,14,34
2023-06-04,8012644,8010188,2,12,85
2023-06-04,8012677,8010156,13,13,612
2023-06-04,8012677,8011248,7,14,66
2023-06-04,8012677,8012677,22,27,330
2023-06-04,8012710,8011356,9,11,221
2023-06-04,8012710,8011707,9,12,180
2023-06-04,8012710,8012710,18,23,253
2023-06-04,8012711,8012711,0,1,0
2023-06-04,8012711,8012835,0,1,0
2023-06-04,8012716,8012262,12,17,35
2023-06-04,8012716,8012716,17,35,89
2023-06-04,8012716,8013073,12,18,153
2023-06-04,8012729,8010016,13,15,82
2023-06-04,8012729,8012108,7,14,43
2023-06-04,8012729,8012729,17,29,40
2023-06-04,8012737,8011908,0,7,0
2023-06-04,8012758,8010227,14,17,139
2023-06-04,8012758,8010339,1,1,120
2023-06-04,8012758,8012376,12,16,68
2023-06-04,8012758,8012758,32,34,107
2023-06-04,8012762,8012762,1,3,-120
2023-06-04,8012785,8011270,6,15,38
2023-06-04,8012785,8011797,1,1,30
2023-06-04,8012785,8012785,13,30,32
2023-06-04,8012785,8079629,3,12,8
2023-06-04,8012806,8011140,9,15,72
2023-06-04,8012806,8012806,16,29,67
2023-06-04,8012824,8011326,6,15,30
2023-06-04,8012824,8011582,3,14,17
2023-06-04,8012824,8012824,9,29,17
2023-06-04,8012827,8012005,6,14,36
2023-06-04,8012827,8012827,6,28,22
2023-06-04,8012832,8012146,0,1,0
2023-06-04,8012832,8012832,0,1,0
2023-06-04,8012835,8012835,0,1,0
2023-06-04,8012835,8013104,0,1,0
2023-06-04,8012839,8010179,6,7,120
2023-06-04,8012839,8012839,12,14,75
2023-06-04,8012840,8012108,5,15,18
2023-06-04,8012840,8012438,5,14,32
2023-06-04,8012840,8012840,9,29,25
2023-06-04,8012841,8011729,0,15,0
2023-06-04,8012841,8012841,6,30,8
2023-06-04,8012841,8079604,6,15,10
2023-06-04,8012892,8011109,0,19,0
2023-06-04,8012892,8012892,0,38,0
2023-06-04,8012892,8017349,0,19,0
2023-06-04,8012902,8010141,5,9,103
2023-06-04,8012902,8011702,7,8,341
2023-06-04,8012902,8012268,13,16,154
2023-06-04,8012902,8012902,21,33,156
2023-06-04,8012933,8004177,9,12,82
2023-06-04,8012933,8011230,13,13,487
2023-06-04,8012933,8012933,21,27,276
2023-06-04,8012940,8010325,10,22,40
2023-06-04,8012940,8012264,12,15,112
2023-06-04,8012940,8012940,57,90,133
2023-06-04,8012940,8012951,16,23,40
2023-06-04,8012940,8012953,5,7,56
2023-06-04,8012940,8013186,7,8,154
2023-06-04,8012949,8011939,0,6,0
2023-06-04,8012949,8012949,0,13,0
2023-06-04,8012949,8013232,0,7,0
2023-06-04,8012951,8010156,9,13,32
2023-06-04,8012951,8010173,9,18,28
2023-06-04,8012951,8010325,3,9,100
2023-06-04,8012951,8012940,18,22,398
2023-06-04,8012951,8012951,43,62,173
2023-06-04,8012953,8012940,0,4,0
2023-06-04,8012953,8012953,6,15,36
2023-06-04,8012953,8012960,4,8,52
2023-06-04,8012954,8011718,4,8,38
2023-06-04,8012954,8012954,4,15,28
2023-06-04,8012954,8012960,0,7,0
2023-06-04,8012960,8012953,0,7,0
2023-06-04,8012960,8012954,4,8,52
2023-06-04,8012960,8012960,4,15,28
2023-06-04,8012962,8012962,0,38,0
2023-06-04,8012962,8079084,0,19,0
2023-06-04,8012962,8087025,0,19,0
2023-06-04,8012963,8012963,0,35,0
2023-06-04,8012963,8087025,0,19,0
2023-06-04,8012963,8087026,0,19,0
2023-06-04,8013017,8010241,14,15,312
2023-06-04,8013017,8012421,13,14,274
2023-06-04,8013017,8013017,25,29,272
2023-06-04,8013018,8010267,7,8,71
2023-06-04,8013018,8011442,2,8,150
2023-06-04,8013018,8013018,9,16,116
2023-06-04,8013040,8011797,14,14,105
2023-06-04,8013040,8011995,6,15,28
2023-06-04,8013040,8013040,20,29,71
2023-06-04,8013051,8011646,10,12,168
2023-06-04,8013051,8013051,19,24,176
2023-06-04,8013051,8013177,10,12,208
2023-06-04,8013062,8011017,1,1,30
2023-06-04,8013062,8013062,1,1,30
2023-06-04,8013069,8010156,5,7,193
2023-06-04,8013069,8011951,6,7,163
2023-06-04,8013069,8013069,11,14,174
2023-06-04,8013073,8010173,10,18,128
2023-06-04,8013073,8012716,8,17,28
2023-06-04,8013073,8013073,20,35,87
2023-06-04,8013079,8011326,11,14,73
2023-06-04,8013079,8012643,7,14,34
2023-06-04,8013079,8013079,18,28,51
2023-06-04,8013104,8010210,0,1,0
2023-06-04,8013104,8013104,0,1,0
2023-06-04,8013105,8011797,13,14,122
2023-06-04,8013105,8012438,5,15,22
2023-06-04,8013105,8013105,17,29,55
2023-06-04,8013106,8079604,0,15,0
2023-06-04,8013131,8010179,3,7,30
2023-06-04,8013131,8011456,5,7,99
2023-06-04,8013131,8013131,8,14,71
2023-06-04,8013132,8010392,2,27,27
2023-06-04,8013132,8011108,0,25,0
2023-06-04,8013132,8013132,2,51,14
2023-06-04,8013133,8010392,0,15,0
2023-06-04,8013133,8011992,0,15,0
2023-06-04,8013133,8013133,0,30,0
2023-06-04,8013156,8013162,3,7,39
2023-06-04,8013161,8013161,0,38,0
2023-06-04,8013161,8017349,0,19,0
2023-06-04,8013161,8087027,0,19,0
2023-06-04,8013162,8011456,4,7,34
2023-06-04,8013162,8013156,6,7,103
2023-06-04,8013162,8013162,8,14,64
2023-06-04,8013177,8011356,11,12,220
2023-06-04,8013177,8013051,9,11,158
2023-06-04,8013177,8013177,20,23,188
2023-06-04,8013186,8010051,7,18,92
2023-06-04,8013186,8011215,2,7,30
2023-06-04,8013186,8012264,1,1,30
2023-06-04,8013186,8012940,7,8,41
2023-06-04,8013186,8013186,13,36,64
2023-06-04,8013232,8012949,0,6,0
2023-06-04,8013232,8013232,0,13,0
2023-06-04,8013293,8011731,6,6,70
2023-06-04,8013293,8013293,5,12,40
2023-06-04,8013293,8070946,3,6,65
2023-06-04,8013322,8011481,8,12,138
2023-06-04,8013322,8011707,10,11,95
2023-06-04,8013322,8013322,18,23,121
2023-06-04,8013339,8011889,0,18,0
2023-06-04,8013339,8013339,14,35,37
2023-06-04,8013339,8013340,2,26,31
2023-06-04,8013340,8013339,0,25,0
2023-06-04,8013340,8013340,2,51,15
2023-06-04,8013340,8013341,2,26,28
2023-06-04,8013341,8011108,2,26,29
2023-06-04,8013341,8013340,0,25,0
2023-06-04,8013341,8013341,2,51,15
2023-06-04,8013352,8012358,1,1,60
2023-06-04,8013352,8013352,1,1,60
2023-06-04,8013354,8010325,5,14,21
2023-06-04,8013354,8012643,10,14,88
2023-06-04,8013354,8013354,16,28,69
2023-06-04,8013370,8012009,0,1,0
2023-06-04,8013370,8013370,1,1,30
2023-06-04,8013373,8011481,10,11,79
2023-06-04,8013373,8013373,17,23,106
2023-06-04,8013385,8010392,0,19,0
2023-06-04,8013385,8012086,1,19,19
2023-06-04,8013385,8013385,1,38,9
2023-06-04,8013393,8010213,7,8,330
2023-06-04,8013393,8012610,7,7,227
2023-06-04,8013393,8013393,15,15,308
2023-06-04,8013409,8012361,3,6,40
2023-06-04,8013409,8013409,8,12,38
2023-06-04,8013409,8070946,0,6,0
2023-06-04,8017349,8012892,0,19,0
2023-06-04,8017349,8013161,0,19,0
2023-06-04,8017349,8017349,0,38,0
2023-06-04,8070946,8013293,4,6,20
2023-06-04,8070946,8013409,3,6,50
2023-06-04,8070946,8070946,7,12,38
2023-06-04,8079604,8012841,7,15,16
2023-06-04,8079604,8013106,2,15,6
2023-06-04,8079604,8079604,11,30,11
2023-06-04,8079629,8011735,16,16,75
2023-06-04,8079629,8012785,11,13,60
2023-06-04,8079629,8079629,22,31,36
2023-06-04,8087025,8012962,0,19,0
2023-06-04,8087025,8012963,0,19,0
2023-06-04,8087025,8087025,0,38,0
2023-06-04,8087026,8011109,0,19,0
2023-06-04,8087026,8012963,0,19,0
2023-06-04,8087026,8087026,0,38,0
2023-06-04,8087027,8012065,0,19,0
2023-06-04,8087027,8013161,0,19,0
2023-06-04,8087027,8087027,0,38,0
2023-06-05,8010016,8010016,34,36,85
2023-06-05,8010016,8011031,14,24,60
2023-06-05,8010016,8012729,8,18,55
2023-06-05,8010051,8010051,23,42,390
2023-06-05,8010051,8010153,7,9,97
2023-06-05,8010051,8010322,10,12,1218
2023-06-05,8010051,8012264,0,2,0
2023-06-05,8010051,8013186,10,19,49
2023-06-05,8010141,8010141,30,38,115
2023-06-05,8010141,8011702,10,11,147
2023-06-05,8010141,8012651,7,9,127
2023-06-05,8010141,8012902,5,8,68
2023-06-05,8010153,8010051,8,9,50
2023-06-05,8010153,8010153,52,57,154
2023-06-05,8010153,8010201,9,10,243
2023-06-05,8010153,8010284,9,18,130
2023-06-05,8010153,8011215,1,1,90
2023-06-05,8010153,8012269,4,18,37
2023-06-05,8010156,8010156,51,57,569
2023-06-05,8010156,8011798,9,13,69
2023-06-05,8010156,8012009,3,4,308
2023-06-05,8010156,8012474,4,4,112
2023-06-05,8010156,8012677,13,15,922
2023-06-05,8010156,8012951,12,12,1550
2023-06-05,8010156,8013069,7,10,243
2023-06-05,8010173,8010173,41,52,522
2023-06-05,8010173,8012951,21,26,738
2023-06-05,8010173,8013073,16,21,553
2023-06-05,8010173,8013370,3,5,48
2023-06-05,8010176,8010176,32,36,108
2023-06-05,8010176,8010381,14,18,75
2023-06-05,8010176,8011995,18,18,157
2023-06-05,8010179,8010179,31,42,124
2023-06-05,8010179,8011536,8,10,114
2023-06-05,8010179,8012418,6,9,370
2023-06-05,8010179,8012839,9,11,60
2023-06-05,8010179,8013131,7,11,41
2023-06-05,8010199,8010199,25,36,158
2023-06-05,8010199,8010284,13,18,148
2023-06-05,8010199,8012436,14,18,177
2023-06-05,8010201,8010153,7,10,171
2023-06-05,8010201,8010201,14,20,186
2023-06-05,8010201,8012093,9,10,204
2023-06-05,8010210,8010210,28,38,283
2023-06-05,8010210,8012683,14,17,311
2023-06-05,8010210,8012832,14,19,303
2023-06-05,8010210,8013104,12,19,145
2023-06-05,8010213,8010213,13,17,150
2023-06-05,8010213,8011689,5,8,158
2023-06-05,8010213,8013393,7,9,140
2023-06-05,8010227,8010227,28,37,101
2023-06-05,8010227,8010348,18,19,134
2023-06-05,8010227,8012758,17,19,103
2023-06-05,8010241,8010241,64,66,195
2023-06-05,8010241,8011025,15,17,390
2023-06-05,8010241,8011293,18,19,193
2023-06-05,8010241,8012376,17,18,32
2023-06-05,8010241,8012758,1,1,120
2023-06-05,8010241,8013017,16,17,127
2023-06-05,8010267,8011403,8,19,268
2023-06-05,8010267,8013018,12,17,274
2023-06-05,8010284,8010153,17,18,175
2023-06-05,8010284,8010199,12,18,163
2023-06-05,8010284,8010284,25,36,153
2023-06-05,8010300,8010300,54,58,320
2023-06-05,8010300,8011611,12,15,342
2023-06-05,8010300,8012377,15,16,311
2023-06-05,8010300,8012582,15,17,288
2023-06-05,8010322,8010051,6,12,50
2023-06-05,8010322,8010322,40,60,292
2023-06-05,8010322,8011924,13,18,88
2023-06-05,8010322,8012362,9,18,52
2023-06-05,8010325,8010325,35,63,402
2023-06-05,8010325,8012940,19,32,487
2023-06-05,8010325,8012951,5,11,25
2023-06-05,8010325,8013354,13,20,501
2023-06-05,8010339,8010241,1,1,30
2023-06-05,8010339,8010339,27,35,118
2023-06-05,8010339,8011213,17,17,191
2023-06-05,8010339,8012555,10,17,104
2023-06-05,8010348,8010153,1,1,120
2023-06-05,8010348,8010227,8,18,73
2023-06-05,8010348,8010348,36,37,142
2023-06-05,8010348,8012436,14,18,125
2023-06-05,8010381,8010176,18,18,125
2023-06-05,8010381,8012321,2,21,213
2023-06-05,8010392,8010392,3,39,15
2023-06-05,8010392,8013132,0,26,0
2023-06-05,8010392,8013133,0,18,0
2023-06-05,8010392,8013385,3,20,28
2023-06-05,8011017,8011017,17,38,294
2023-06-05,8011017,8012711,11,19,477
2023-06-05,8011017,8013062,6,19,112
2023-06-05,8011025,8010241,14,17,125
2023-06-05,8011025,8011025,24,34,248
2023-06-05,8011025,8011646,14,17,386
2023-06-05,8011027,8011027,15,21,326
2023-06-05,8011027,8011281,9,11,485
2023-06-05,8011027,8012762,6,10,153
2023-06-05,8011031,8010016,24,25,110
2023-06-05,8011031,8011031,33,49,73
2023-06-05,8011031,8012609,11,24,54
2023-06-05,8011044,8010282,0,1,0
2023-06-05,8011044,8011044,11,22,97
2023-06-05,8011044,8011438,7,10,177
2023-06-05,8011044,8012021,4,10,39
2023-06-05,8011108,8011108,3,52,11
2023-06-05,8011108,8013132,2,27,20
2023-06-05,8011108,8013341,1,25,1
2023-06-05,8011109,8011109,2,40,11
2023-06-05,8011109,8012892,0,20,0
2023-06-05,8011109,8087026,2,20,21
2023-06-05,8011114,8012005,2,17,39
2023-06-05,8011140,8011140,31,34,304
2023-06-05,8011140,8012377,16,18,300
2023-06-05,8011140,8012806,14,16,349
2023-06-05,8011205,8010399,9,9,150
2023-06-05,8011205,8011205,21,22,424
2023-06-05,8011205,8011307,11,11,646
2023-06-05,8011213,8010339,11,17,71
2023-06-05,8011213,8011213,32,34,154
2023-06-05,8011213,8012610,7,8,176
2023-06-05,8011213,8012839,2,2,60
2023-06-05,8011230,8011230,25,31,779
2023-06-05,8011230,8011248,15,16,624
2023-06-05,8011230,8012933,12,15,1018
2023-06-05,8011248,8011230,11,15,930
2023-06-05,8011248,8011248,23,31,791
2023-06-05,8011248,8012677,13,16,735
2023-06-05,8011270,8011270,18,35,39
2023-06-05,8011270,8011729,17,17,79
2023-06-05,8011270,8012785,4,18,15
2023-06-05,8011281,8011027,6,10,114
2023-06-05,8011281,8011281,15,21,311
2023-06-05,8011281,8012316,9,11,455
2023-06-05,8011286,8011286,19,38,56
2023-06-05,8011286,8011889,12,19,74
2023-06-05,8011286,8011991,1,19,19
2023-06-05,8011293,8010241,18,19,455
2023-06-05,8011293,8011293,37,38,330
2023-06-05,8011293,8011307,10,11,180
2023-06-05,8011307,8011205,10,11,188
2023-06-05,8011307,8011293,11,11,641
2023-06-05,8011307,8011307,21,22,416
2023-06-05,8011326,8011326,21,38,383
2023-06-05,8011326,8012824,9,19,507
2023-06-05,8011326,8013079,9,20,252
2023-06-05,8011356,8011356,29,34,404
2023-06-05,8011356,8012710,13,17,536
2023-06-05,8011356,8013177,14,17,279
2023-06-05,8011403,8010267,7,19,485
2023-06-05,8011403,8011403,16,38,379
2023-06-05,8011403,8011582,9,19,267
2023-06-05,8011438,8011044,5,10,48
2023-06-05,8011438,8011438,14,20,124
2023-06-05,8011438,8011536,6,10,186
2023-06-05,8011442,8011442,13,18,363
2023-06-05,8011442,8012474,9,9,543
2023-06-05,8011442,8013018,5,9,230
2023-06-05,8011456,8011456,11,22,29
2023-06-05,8011456,8013131,9,11,38
2023-06-05,8011456,8013162,6,11,46
2023-06-05,8011481,8011481,28,34,318
2023-06-05,8011481,8013322,17,17,132
2023-06-05,8011481,8013373,11,17,505
2023-06-05,8011536,8010179,6,10,165
2023-06-05,8011536,8011438,8,10,93
2023-06-05,8011536,8011536,14,20,141
2023-06-05,8011582,8011403,7,19,493
2023-06-05,8011582,8011582,17,38,386
2023-06-05,8011582,8012824,10,19,275
2023-06-05,8011592,8011592,2,28,4
2023-06-05,8011592,8011908,1,14,4
2023-06-05,8011592,8012274,1,16,133
2023-06-05,8011611,8010300,12,13,277
2023-06-05,8011611,8011611,24,28,326
2023-06-05,8011611,8012762,11,13,468
2023-06-05,8011646,8011025,14,17,154
2023-06-05,8011646,8011646,27,34,281
2023-06-05,8011646,8013051,12,17,335
2023-06-05,8011681,8011681,13,20,744
2023-06-05,8011681,8011994,6,10,1077
2023-06-05,8011681,8012262,9,10,531
2023-06-05,8011689,5100145,5,8,128
2023-06-05,8011689,8010213,5,9,120
2023-06-05,8011689,8011689,10,17,120
2023-06-05,8011694,8011694,23,38,150
2023-06-05,8011694,8011723,14,19,231
2023-06-05,8011694,8011953,6,9,140
2023-06-05,8011694,8012358,8,10,183
2023-06-05,8011702,8010141,9,9,140
2023-06-05,8011702,8011702,16,20,126
2023-06-05,8011702,8012902,9,11,120
2023-06-05,8011707,8011707,31,34,431
2023-06-05,8011707,8012710,15,17,450
2023-06-05,8011707,8013322,16,17,570
2023-06-05,8011718,8011718,6,32,176
2023-06-05,8011718,8012274,3,16,212
2023-06-05,8011718,8012954,5,16,139
2023-06-05,8011723,8011694,5,19,41
2023-06-05,8011723,8011723,19,38,133
2023-06-05,8011723,8012021,7,10,183
2023-06-05,8011726,8011726,12,18,352
2023-06-05,8011726,8011951,8,8,161
2023-06-05,8011726,8012474,6,9,177
2023-06-05,8011729,8011270,2,18,10
2023-06-05,8011729,8011729,15,35,33
2023-06-05,8011729,8012841,7,17,42
2023-06-05,8011731,8011731,9,12,82
2023-06-05,8011731,8013293,3,6,90
2023-06-05,8011735,8011735,43,49,106
2023-06-05,8011735,8012609,20,25,84
2023-06-05,8011735,8079629,17,24,89
2023-06-05,8011778,8011778,17,26,273
2023-06-05,8011778,8012316,7,10,132
2023-06-05,8011778,8012762,2,3,170
2023-06-05,8011778,8013062,7,10,330
2023-06-05,8011778,8013352,2,2,105
2023-06-05,8011797,8011797,36,36,97
2023-06-05,8011797,8013040,11,18,72
2023-06-05,8011797,8013105,7,18,42
2023-06-05,8011798,8010156,12,13,134
2023-06-05,8011864,8003774,16,19,54
2023-06-05,8011864,8011864,22,38,47
2023-06-05,8011864,8012268,6,19,13
2023-06-05,8011889,8011286,1,19,19
2023-06-05,8011889,8011889,19,38,54
2023-06-05,8011889,8013339,17,19,107
2023-06-05,8011908,8011592,1,14,4
2023-06-05,8011908,8011908,1,28,2
2023-06-05,8011908,8012737,0,14,0
2023-06-05,8011939,8011939,0,14,0
2023-06-05,8011939,8012517,0,7,0
2023-06-05,8011939,8012949,0,7,0
2023-06-05,8011951,8011726,8,9,237
2023-06-05,8011951,8011951,15,19,201
2023-06-05,8011951,8012474,1,1,60
2023-06-05,8011951,8013069,6,9,103
2023-06-05,8011953,8011694,9,9,263
2023-06-05,8011953,8011953,15,20,286
2023-06-05,8011953,8012358,9,10,177
2023-06-05,8011991,8011286,18,19,88
2023-06-05,8011991,8011991,15,38,47
2023-06-05,8011992,8011992,0,36,0
2023-06-05,8011992,8012617,0,18,0
2023-06-05,8011992,8013133,0,18,0
2023-06-05,8011995,8010176,9,18,58
2023-06-05,8011995,8011995,27,36,108
2023-06-05,8011995,8013040,18,18,170
2023-06-05,8012005,8011114,12,17,97
2023-06-05,8012005,8012005,7,34,58
2023-06-05,8012005,8012827,2,17,39
2023-06-05,8012009,8010156,4,5,54
2023-06-05,8012009,8012009,7,9,157
2023-06-05,8012009,8013370,4,4,285
2023-06-05,8012021,8011044,7,10,180
2023-06-05,8012021,8011723,8,10,96
2023-06-05,8012021,8012021,15,20,132
2023-06-05,8012065,8012065,2,40,11
2023-06-05,8012065,8012086,0,20,0
2023-06-05,8012065,8087027,2,20,22
2023-06-05,8012086,8012065,2,20,24
2023-06-05,8012086,8012086,2,40,13
2023-06-05,8012086,8013385,0,20,0
2023-06-05,8012093,8010201,7,10,171
2023-06-05,8012093,8010399,8,9,173
2023-06-05,8012093,8012093,15,20,186
2023-06-05,8012108,8012108,15,36,44
2023-06-05,8012108,8012729,7,18,37
2023-06-05,8012108,8012840,7,18,43
2023-06-05,8012146,8012146,23,38,210
2023-06-05,8012146,8012832,11,19,148
2023-06-05,8012146,8012843,13,19,275
2023-06-05,8012262,8011681,4,10,1053
2023-06-05,8012262,8012262,32,43,527
2023-06-05,8012262,8012716,17,22,510
2023-06-05,8012264,8010051,2,2,60
2023-06-05,8012264,8012264,38,58,306
2023-06-05,8012264,8012321,5,9,997
2023-06-05,8012264,8012384,8,12,42
2023-06-05,8012264,8012940,16,20,435
2023-06-05,8012268,8011864,18,19,88
2023-06-05,8012268,8012268,22,38,54
2023-06-05,8012268,8012902,6,19,11
2023-06-05,8012269,8010153,9,18,48
2023-06-05,8012269,8012269,14,36,42
2023-06-05,8012269,8012362,6,18,47
2023-06-05,8012274,8011592,2,16,206
2023-06-05,8012274,8011718,4,16,137
2023-06-05,8012274,8012274,6,32,172
2023-06-05,8012296,8012517,0,7,0
2023-06-05,8012316,8011281,7,10,150
2023-06-05,8012316,8011778,7,11,423
2023-06-05,8012316,8012316,15,21,289
2023-06-05,8012321,8010381,5,21,407
2023-06-05,8012321,8012264,3,8,566
2023-06-05,8012321,8012321,13,42,331
2023-06-05,8012321,8012384,7,13,74
2023-06-05,8012358,8011694,10,10,237
2023-06-05,8012358,8011953,10,10,429
2023-06-05,8012358,8012358,46,48,239
2023-06-05,8012358,8013352,9,11,164
2023-06-05,8012361,8013409,5,6,25
2023-06-05,8012362,8010322,9,18,52
2023-06-05,8012362,8012269,8,18,43
2023-06-05,8012362,8012362,12,36,44
2023-06-05,8012376,8010241,13,19,63
2023-06-05,8012376,8012376,21,37,41
2023-06-05,8012376,8012758,17,18,80
2023-06-05,8012377,8010300,17,18,303
2023-06-05,8012377,8011140,15,16,339
2023-06-05,8012377,8012377,31,34,304
2023-06-05,8012384,8012264,7,13,67
2023-06-05,8012384,8012321,4,12,22
2023-06-05,8012384,8012384,11,25,48
2023-06-05,8012421,8012421,31,34,150
2023-06-05,8012421,8012555,17,17,191
2023-06-05,8012421,8013017,14,17,125
2023-06-05,8012436,8010199,18,18,167
2023-06-05,8012436,8010348,18,18,227
2023-06-05,8012436,8012436,36,36,170
2023-06-05,8012438,8012438,18,36,51
2023-06-05,8012438,8012840,9,18,47
2023-06-05,8012438,8013105,8,18,52
2023-06-05,8012474,8010156,4,4,195
2023-06-05,8012474,8011442,5,9,217
2023-06-05,8012474,8011726,7,9,543
2023-06-05,8012474,8011951,1,1,330
2023-06-05,8012474,8012474,26,33,269
2023-06-05,8012474,8013018,6,7,124
2023-06-05,8012517,8011939,0,7,0
2023-06-05,8012517,8012296,0,7,0
2023-06-05,8012517,8012517,0,14,0
2023-06-05,8012555,8010339,17,17,166
2023-06-05,8012555,8012421,11,17,113
2023-06-05,8012555,8012555,28,34,144
2023-06-05,8012582,8010300,15,16,158
2023-06-05,8012582,8012582,28,33,180
2023-06-05,8012582,8012584,15,17,289
2023-06-05,8012583,8012584,2,16,15
2023-06-05,8012584,8012582,2,16,13
2023-06-05,8012584,8012583,13,17,270
2023-06-05,8012584,8012584,17,33,151
2023-06-05,8012609,8011031,20,25,79
2023-06-05,8012609,8011735,19,24,88
2023-06-05,8012609,8012609,38,49,75
2023-06-05,8012610,8011213,8,9,150
2023-06-05,8012610,8012610,14,17,154
2023-06-05,8012610,8013393,8,8,218
2023-06-05,8012617,8011992,0,18,0
2023-06-05,8012643,8012643,23,40,433
2023-06-05,8012643,8013079,8,20,466
2023-06-05,8012643,8013354,15,20,540
2023-06-05,8012677,8010156,16,16,763
2023-06-05,8012677,8011248,9,15,904
2023-06-05,8012677,8012677,27,31,827
2023-06-05,8012683,8010210,7,17,180
2023-06-05,8012683,8012683,20,34,246
2023-06-05,8012683,8012684,13,17,300
2023-06-05,8012684,8012683,7,17,198
2023-06-05,8012684,8012684,19,34,248
2023-06-05,8012710,8011356,16,17,394
2023-06-05,8012710,8011707,15,17,544
2023-06-05,8012710,8012710,31,34,500
2023-06-05,8012711,8011017,8,19,106
2023-06-05,8012711,8012711,18,38,295
2023-06-05,8012711,8012835,10,19,463
2023-06-05,8012716,8012262,14,21,543
2023-06-05,8012716,8012716,30,43,520
2023-06-05,8012716,8013073,19,22,514
2023-06-05,8012729,8010016,16,18,105
2023-06-05,8012729,8012108,10,18,63
2023-06-05,8012729,8012729,26,36,63
2023-06-05,8012737,8011908,2,14,6
2023-06-05,8012758,8010227,17,19,104
2023-06-05,8012758,8012376,17,19,77
2023-06-05,8012758,8012758,35,38,115
2023-06-05,8012762,8010300,1,1,270
2023-06-05,8012762,8011027,9,11,505
2023-06-05,8012762,8011611,10,11,226
2023-06-05,8012762,8011778,2,2,45
2023-06-05,8012762,8012762,20,29,281
2023-06-05,8012785,8011270,12,17,62
2023-06-05,8012785,8012785,20,35,50
2023-06-05,8012785,8079629,4,14,19
2023-06-05,8012806,8011140,15,17,244
2023-06-05,8012806,8012806,28,33,265
2023-06-05,8012806,8079629,4,5,264
2023-06-05,8012824,8011326,13,19,279
2023-06-05,8012824,8011582,8,19,510
2023-06-05,8012824,8012824,21,38,394
2023-06-05,8012827,8012005,5,16,41
2023-06-05,8012827,8012827,7,33,42
2023-06-05,8012832,8010210,8,19,128
2023-06-05,8012832,8012146,13,19,275
2023-06-05,8012832,8012832,21,38,210
2023-06-05,8012835,8012711,8,19,118
2023-06-05,8012835,8012835,21,38,293
2023-06-05,8012835,8013104,12,19,459
2023-06-05,8012839,8010179,9,11,68
2023-06-05,8012839,8011213,3,3,80
2023-06-05,8012839,8012839,18,22,61
2023-06-05,8012840,8012108,10,18,45
2023-06-05,8012840,8012438,8,18,52
2023-06-05,8012840,8012840,17,36,50
2023-06-05,8012841,8011729,5,18,15
2023-06-05,8012841,8012841,10,35,23
2023-06-05,8012841,8079604,8,17,37
2023-06-05,8012843,8012146,9,19,139
2023-06-05,8012892,8011109,2,20,22
2023-06-05,8012892,8012892,2,40,11
2023-06-05,8012892,8017349,0,20,0
2023-06-05,8012902,8010141,7,10,39
2023-06-05,8012902,8011702,8,9,70
2023-06-05,8012902,8012268,17,19,93
2023-06-05,8012902,8012902,23,38,48
2023-06-05,8012933,8004177,12,15,988
2023-06-05,8012933,8011230,14,16,608
2023-06-05,8012933,8012933,26,31,820
2023-06-05,8012940,8010325,15,31,324
2023-06-05,8012940,8012264,16,19,772
2023-06-05,8012940,8012940,79,114,762
2023-06-05,8012940,8012951,17,25,958
2023-06-05,8012940,8012953,10,13,383
2023-06-05,8012940,8013186,8,10,1596
2023-06-05,8012949,8011939,0,7,0
2023-06-05,8012949,8012949,0,14,0
2023-06-05,8012949,8013232,0,7,0
2023-06-05,8012951,8010156,10,10,1332
2023-06-05,8012951,8010173,18,26,436
2023-06-05,8012951,8010325,8,12,430
2023-06-05,8012951,8012940,23,26,1410
2023-06-05,8012951,8012951,57,74,889
2023-06-05,8012953,8012940,4,13,427
2023-06-05,8012953,8012953,8,32,182
2023-06-05,8012953,8012960,3,16,227
2023-06-05,8012954,8011718,3,16,221
2023-06-05,8012954,8012954,6,32,180
2023-06-05,8012954,8012960,3,16,135
2023-06-05,8012960,8012953,3,16,133
2023-06-05,8012960,8012954,4,16,229
2023-06-05,8012960,8012960,7,32,182
2023-06-05,8012962,8012962,3,40,7
2023-06-05,8012962,8079084,1,20,9
2023-06-05,8012962,8087025,2,20,4
2023-06-05,8012963,8012963,3,37,9
2023-06-05,8012963,8087025,1,20,8
2023-06-05,8012963,8087026,0,20,0
2023-06-05,8013017,8010241,16,17,138
2023-06-05,8013017,8012421,11,17,81
2023-06-05,8013017,8013017,23,34,100
2023-06-05,8013018,8010267,11,16,206
2023-06-05,8013018,8011442,8,9,510
2023-06-05,8013018,8012474,7,8,128
2023-06-05,8013018,8013018,25,33,261
2023-06-05,8013040,8011797,18,18,137
2023-06-05,8013040,8011995,9,18,52
2023-06-05,8013040,8013040,27,36,107
2023-06-05,8013051,8011646,14,17,171
2023-06-05,8013051,8013051,29,34,308
2023-06-05,8013051,8013177,15,17,468
2023-06-05,8013062,8011017,13,19,489
2023-06-05,8013062,8011778,7,11,166
2023-06-05,8013062,8013062,19,38,291
2023-06-05,8013069,8010156,7,9,97
2023-06-05,8013069,8011951,6,10,264
2023-06-05,8013069,8013069,12,19,186
2023-06-05,8013073,8010173,15,22,485
2023-06-05,8013073,8012716,14,21,543
2023-06-05,8013073,8013073,33,43,525
2023-06-05,8013079,8011326,12,20,468
2023-06-05,8013079,8012643,11,20,249
2023-06-05,8013079,8013079,25,40,363
2023-06-05,8013104,8010210,10,19,437
2023-06-05,8013104,8012835,10,19,125
2023-06-05,8013104,8013104,20,38,285
2023-06-05,8013105,8011797,18,18,152
2023-06-05,8013105,8012438,10,18,52
2023-06-05,8013105,8013105,25,36,79
2023-06-05,8013106,8079604,0,18,0
2023-06-05,8013131,8010179,8,11,49
2023-06-05,8013131,8011456,7,11,35
2023-06-05,8013131,8013131,15,22,46
2023-06-05,8013132,8010392,3,28,21
2023-06-05,8013132,8011108,1,25,0
2023-06-05,8013132,8013132,3,52,10
2023-06-05,8013133,8010392,0,18,0
2023-06-05,8013133,8011992,0,18,0
2023-06-05,8013133,8013133,0,36,0
2023-06-05,8013156,8013162,2,11,11
2023-06-05,8013161,8013161,2,40,11
2023-06-05,8013161,8017349,2,20,21
2023-06-05,8013161,8087027,0,20,0
2023-06-05,8013162,8011456,4,11,14
2023-06-05,8013162,8013156,9,11,65
2023-06-05,8013162,8013162,9,22,29
2023-06-05,8013177,8011356,15,17,498
2023-06-05,8013177,8013051,14,17,295
2023-06-05,8013177,8013177,29,34,384
2023-06-05,8013186,8010051,11,19,808
2023-06-05,8013186,8011215,7,8,71
2023-06-05,8013186,8012264,1,1,210
2023-06-05,8013186,8012940,6,9,740
2023-06-05,8013186,8013186,20,38,432
2023-06-05,8013232,8012949,0,7,0
2023-06-05,8013232,8013232,0,14,0
2023-06-05,8013293,8011731,6,6,60
2023-06-05,8013293,8013293,5,12,52
2023-06-05,8013293,8070946,3,6,100
2023-06-05,8013322,8011481,16,17,542
2023-06-05,8013322,8011707,17,17,159
2023-06-05,8013322,8013322,34,34,358
2023-06-05,8013339,8011889,1,19,19
2023-06-05,8013339,8013339,19,37,40
2023-06-05,8013339,8013340,2,27,21
2023-06-05,8013340,8013339,1,25,2
2023-06-05,8013340,8013340,3,52,12
2023-06-05,8013340,8013341,2,27,20
2023-06-05,8013341,8011108,2,27,20
2023-06-05,8013341,8013340,0,25,0
2023-06-05,8013341,8013341,3,52,11
2023-06-05,8013352,8011778,1,2,135
2023-06-05,8013352,8012358,9,10,273
2023-06-05,8013352,8013352,18,21,196
2023-06-05,8013354,8010325,13,20,512
2023-06-05,8013354,8012643,10,20,478
2023-06-05,8013354,8013354,26,40,512
2023-06-05,8013370,8010173,4,4,278
2023-06-05,8013370,8012009,3,5,42
2023-06-05,8013370,8013370,6,9,140
2023-06-05,8013373,8011481,16,17,118
2023-06-05,8013373,8013373,28,34,311
2023-06-05,8013385,8010392,0,20,0
2023-06-05,8013385,8012086,2,20,27
2023-06-05,8013385,8013385,3,40,14
2023-06-05,8013393,8010213,6,8,165
2023-06-05,8013393,8012610,5,9,110
2023-06-05,8013393,8013393,14,17,154
2023-06-05,8013409,8012361,3,6,80
2023-06-05,8013409,8013409,8,12,52
2023-06-05,8013409,8070946,0,6,0
2023-06-05,8017349,8012892,2,20,24
2023-06-05,8017349,8013161,0,20,0
2023-06-05,8017349,8017349,2,40,11
2023-06-05,8070946,8013293,0,6,0
2023-06-05,8070946,8013409,3,6,90
2023-06-05,8070946,8070946,3,12,50
2023-06-05,8079604,8012841,11,18,20
2023-06-05,8079604,8013106,6,17,26
2023-06-05,8079604,8079604,19,35,26
2023-06-05,8079629,8011735,25,25,142
2023-06-05,8079629,8012785,14,15,96
2023-06-05,8079629,8012806,6,6,165
2023-06-05,8079629,8079629,42,49,100
2023-06-05,8087025,8012962,1,20,9
2023-06-05,8087025,8012963,1,20,3
2023-06-05,8087025,8087025,3,40,6
2023-06-05,8087026,8011109,0,20,0
2023-06-05,8087026,8012963,2,20,22
2023-06-05,8087026,8087026,2,40,11
2023-06-05,8087027,8012065,0,20,0
2023-06-05,8087027,8013161,2,20,22
2023-06-05,8087027,8087027,2,40,11
2023-06-06,8010016,8010016,34,36,195
2023-06-06,8010016,8011031,16,24,175
2023-06-06,8010016,8012729,12,18,190
2023-06-06,8010051,8010051,22,42,116
2023-06-06,8010051,8010153,4,9,13
2023-06-06,8010051,8010322,10,12,195
2023-06-06,8010051,8012264,2,2,540
2023-06-06,8010051,8013186,9,19,58
2023-06-06,8010141,8010141,28,38,58
2023-06-06,8010141,8011702,7,11,27
2023-06-06,8010141,8012651,5,9,63
2023-06-06,8010141,8012902,6,8,79
2023-06-06,8010153,8010051,6,9,60
2023-06-06,8010153,8010153,43,56,89
2023-06-06,8010153,8010201,9,10,198
2023-06-06,8010153,8010284,7,18,63
2023-06-06,8010153,8012269,4,18,8
2023-06-06,8010156,8010156,44,57,145
2023-06-06,8010156,8011798,4,13,32
2023-06-06,8010156,8012009,2,4,210
2023-06-06,8010156,8012474,3,4,45
2023-06-06,8010156,8012677,10,15,66
2023-06-06,8010156,8012951,11,12,372
2023-06-06,8010156,8013069,4,10,24
2023-06-06,8010173,8010173,35,52,109
2023-06-06,8010173,8012951,15,26,164
2023-06-06,8010173,8013073,17,21,81
2023-06-06,8010173,8013370,5,5,72
2023-06-06,8010176,8010176,28,36,163
2023-06-06,8010176,8010381,15,18,243
2023-06-06,8010176,8011995,11,18,110
2023-06-06,8010179,8010179,31,42,385
2023-06-06,8010179,8011536,9,10,756
2023-06-06,8010179,8012418,8,9,640
2023-06-06,8010179,8012839,7,11,136
2023-06-06,8010179,8013131,6,11,175
2023-06-06,8010199,8010199,20,36,68
2023-06-06,8010199,8010284,15,18,60
2023-06-06,8010199,8012436,13,18,87
2023-06-06,8010201,8010153,7,10,69
2023-06-06,8010201,8010201,13,20,148
2023-06-06,8010201,8012093,8,10,222
2023-06-06,8010210,8010210,25,38,107
2023-06-06,8010210,8012683,11,17,104
2023-06-06,8010210,8012832,14,19,129
2023-06-06,8010210,8013104,13,19,92
2023-06-06,8010213,8010213,15,17,263
2023-06-06,8010213,8011689,7,8,326
2023-06-06,8010213,8013393,8,9,220
2023-06-06,8010227,8010227,23,36,53
2023-06-06,8010227,8010348,16,18,97
2023-06-06,8010227,8012758,16,19,57
2023-06-06,8010241,8010241,60,65,138
2023-06-06,8010241,8011025,12,17,145
2023-06-06,8010241,8011293,18,19,223
2023-06-06,8010241,8012376,12,18,47
2023-06-06,8010241,8013017,15,17,109
2023-06-06,8010267,8011403,1,19,2
2023-06-06,8010267,8013018,9,17,32
2023-06-06,8010284,8010153,16,18,63
2023-06-06,8010284,8010199,12,18,82
2023-06-06,8010284,8010284,27,36,69
2023-06-06,8010300,8010300,56,58,254
2023-06-06,8010300,8011611,14,15,250
2023-06-06,8010300,8012377,15,16,244
2023-06-06,8010300,8012582,15,17,252
2023-06-06,8010322,8010051,7,12,180
2023-06-06,8010322,8010322,48,60,124
2023-06-06,8010322,8011924,15,18,93
2023-06-06,8010322,8012362,15,18,112
2023-06-06,8010325,8010325,24,63,24
2023-06-06,8010325,8012940,12,32,27
2023-06-06,8010325,8012951,6,11,30
2023-06-06,8010325,8013354,12,20,36
2023-06-06,8010339,8010339,30,34,198
2023-06-06,8010339,8011213,16,17,244
2023-06-06,8010339,8012555,13,17,215
2023-06-06,8010348,8010227,4,18,17
2023-06-06,8010348,8010348,33,36,79
2023-06-06,8010348,8012436,11,18,60
2023-06-06,8010381,8010176,11,18,98
2023-06-06,8010381,8012321,13,21,94
2023-06-06,8010392,8010392,4,39,18
2023-06-06,8010392,8013132,0,26,0
2023-06-06,8010392,8013133,0,18,0
2023-06-06,8010392,8013385,4,20,34
2023-06-06,8011017,8011017,20,38,108
2023-06-06,8011017,8012711,12,19,147
2023-06-06,8011017,8013062,6,19,65
2023-06-06,8011025,8010241,11,17,79
2023-06-06,8011025,8011025,19,34,99
2023-06-06,8011025,8011646,11,17,132
2023-06-06,8011027,8011027,16,21,216
2023-06-06,8011027,8011281,10,11,295
2023-06-06,8011027,8012762,6,10,132
2023-06-06,8011031,8010016,21,25,133
2023-06-06,8011031,8011031,34,49,148
2023-06-06,8011031,8012609,15,24,175
2023-06-06,8011044,8010282,0,1,0
2023-06-06,8011044,8011044,14,22,417
2023-06-06,8011044,8011438,8,10,282
2023-06-06,8011044,8012021,7,10,636
2023-06-06,8011108,8011108,6,52,46
2023-06-06,8011108,8013132,6,27,89
2023-06-06,8011108,8013341,0,25,0
2023-06-06,8011109,8011109,4,40,14
2023-06-06,8011109,8012892,0,20,0
2023-06-06,8011109,8087026,4,20,24
2023-06-06,8011114,8012005,0,17,0
2023-06-06,8011140,8011140,32,34,223
2023-06-06,8011140,8012377,17,18,220
2023-06-06,8011140,8012806,16,16,266
2023-06-06,8011205,8010399,9,9,297
2023-06-06,8011205,8011205,20,22,224
2023-06-06,8011205,8011307,9,11,180
2023-06-06,8011213,8010339,14,17,180
2023-06-06,8011213,8011213,32,34,233
2023-06-06,8011213,8012610,7,8,262
2023-06-06,8011213,8012839,2,2,75
2023-06-06,8011230,8011230,22,31,180
2023-06-06,8011230,8011248,15,16,326
2023-06-06,8011230,8012933,9,15,48
2023-06-06,8011248,8011230,7,15,42
2023-06-06,8011248,8011248,23,31,189
2023-06-06,8011248,8012677,12,16,298
2023-06-06,8011270,8011270,19,35,45
2023-06-06,8011270,8011729,16,17,78
2023-06-06,8011270,8012785,3,18,27
2023-06-06,8011281,8011027,6,10,114
2023-06-06,8011281,8011281,17,21,207
2023-06-06,8011281,8012316,10,11,245
2023-06-06,8011286,8011286,19,38,108
2023-06-06,8011286,8011889,11,19,194
2023-06-06,8011286,8011991,0,19,0
2023-06-06,8011293,8010241,14,19,133
2023-06-06,8011293,8011293,33,38,189
2023-06-06,8011293,8011307,11,11,265
2023-06-06,8011307,8011205,11,11,245
2023-06-06,8011307,8011293,10,11,169
2023-06-06,8011307,8011307,21,22,214
2023-06-06,8011326,8011326,14,38,17
2023-06-06,8011326,8012824,2,19,3
2023-06-06,8011326,8013079,7,20,12
2023-06-06,8011356,8011356,22,34,156
2023-06-06,8011356,8012710,10,17,148
2023-06-06,8011356,8013177,13,17,206
2023-06-06,8011403,8010267,2,19,3
2023-06-06,8011403,8011403,7,38,6
2023-06-06,8011403,8011582,5,19,11
2023-06-06,8011438,8011044,6,10,657
2023-06-06,8011438,8011438,16,20,579
2023-06-06,8011438,8011536,9,10,654
2023-06-06,8011442,8011442,10,18,82
2023-06-06,8011442,8012474,7,9,90
2023-06-06,8011442,8013018,3,9,37
2023-06-06,8011456,8011456,11,22,139
2023-06-06,8011456,8013131,4,11,117
2023-06-06,8011456,8013162,7,11,180
2023-06-06,8011481,8011481,22,34,151
2023-06-06,8011481,8013322,14,17,164
2023-06-06,8011481,8013373,8,17,152
2023-06-06,8011536,8010179,7,10,633
2023-06-06,8011536,8011438,8,10,720
2023-06-06,8011536,8011536,18,20,693
2023-06-06,8011582,8011403,2,19,5
2023-06-06,8011582,8011582,8,38,10
2023-06-06,8011582,8012824,6,19,19
2023-06-06,8011592,8011592,4,28,71
2023-06-06,8011592,8011908,2,14,141
2023-06-06,8011592,8012274,3,16,24
2023-06-06,8011611,8010300,13,13,203
2023-06-06,8011611,8011611,26,28,257
2023-06-06,8011611,8012762,12,13,318
2023-06-06,8011646,8011025,11,17,81
2023-06-06,8011646,8011646,22,34,112
2023-06-06,8011646,8013051,12,17,118
2023-06-06,8011681,8011681,10,20,130
2023-06-06,8011681,8011994,6,10,39
2023-06-06,8011681,8012262,5,10,249
2023-06-06,8011689,5100145,6,8,289
2023-06-06,8011689,8010213,5,9,187
2023-06-06,8011689,8011689,12,17,235
2023-06-06,8011694,8011694,29,38,308
2023-06-06,8011694,8011723,15,19,267
2023-06-06,8011694,8011953,7,9,140
2023-06-06,8011694,8012358,10,10,690
2023-06-06,8011702,8010141,8,9,80
2023-06-06,8011702,8011702,9,20,38
2023-06-06,8011702,8012902,7,11,27
2023-06-06,8011707,8011707,26,34,198
2023-06-06,8011707,8012710,15,17,312
2023-06-06,8011707,8013322,11,17,182
2023-06-06,8011718,8011718,5,32,20
2023-06-06,8011718,8012274,2,16,19
2023-06-06,8011718,8012954,4,16,26
2023-06-06,8011723,8011694,11,19,333
2023-06-06,8011723,8011723,25,38,296
2023-06-06,8011723,8012021,8,10,297
2023-06-06,8011726,8011726,8,18,48
2023-06-06,8011726,8011951,3,8,41
2023-06-06,8011726,8012474,4,9,43
2023-06-06,8011729,8011270,4,18,25
2023-06-06,8011729,8011729,12,35,37
2023-06-06,8011729,8012841,3,17,35
2023-06-06,8011731,8011731,7,12,35
2023-06-06,8011731,8013293,1,6,10
2023-06-06,8011735,8011735,41,49,153
2023-06-06,8011735,8012609,20,25,119
2023-06-06,8011735,8079629,17,24,166
2023-06-06,8011778,8011778,17,26,177
2023-06-06,8011778,8012316,6,10,96
2023-06-06,8011778,8012762,2,3,170
2023-06-06,8011778,8013062,8,10,204
2023-06-06,8011778,8013352,2,2,240
2023-06-06,8011797,8011797,35,36,222
2023-06-06,8011797,8013040,16,18,242
2023-06-06,8011797,8013105,13,18,193
2023-06-06,8011798,8010156,12,13,72
2023-06-06,8011864,8003774,14,19,39
2023-06-06,8011864,8011864,19,38,32
2023-06-06,8011864,8012268,5,19,19
2023-06-06,8011889,8011286,0,19,0
2023-06-06,8011889,8011889,19,38,107
2023-06-06,8011889,8013339,19,19,234
2023-06-06,8011908,8011592,2,14,96
2023-06-06,8011908,8011908,4,28,118
2023-06-06,8011908,8012737,2,14,137
2023-06-06,8011939,8011939,0,14,0
2023-06-06,8011939,8012517,0,7,0
2023-06-06,8011939,8012949,0,7,0
2023-06-06,8011951,8011726,3,9,50
2023-06-06,8011951,8011951,7,19,39
2023-06-06,8011951,8012474,0,1,0
2023-06-06,8011951,8013069,2,9,27
2023-06-06,8011953,8011694,7,9,197
2023-06-06,8011953,8011953,16,20,200
2023-06-06,8011953,8012358,10,10,264
2023-06-06,8011991,8011286,19,19,212
2023-06-06,8011991,8011991,15,38,100
2023-06-06,8011992,8011992,0,36,0
2023-06-06,8011992,8012617,0,18,0
2023-06-06,8011992,8013133,0,18,0
2023-06-06,8011995,8010176,16,18,217
2023-06-06,8011995,8011995,27,36,165
2023-06-06,8011995,8013040,11,18,122
2023-06-06,8012005,8011114,13,17,67
2023-06-06,8012005,8012005,6,34,27
2023-06-06,8012005,8012827,0,17,0
2023-06-06,8012009,8010156,4,5,60
2023-06-06,8012009,8012009,6,9,117
2023-06-06,8012009,8013370,2,4,180
2023-06-06,8012021,8011044,10,10,297
2023-06-06,8012021,8011723,9,10,684
2023-06-06,8012021,8012021,19,20,494
2023-06-06,8012065,8012065,4,40,14
2023-06-06,8012065,8012086,0,20,0
2023-06-06,8012065,8087027,4,20,27
2023-06-06,8012086,8012065,4,20,30
2023-06-06,8012086,8012086,4,40,16
2023-06-06,8012086,8013385,0,20,0
2023-06-06,8012093,8010201,6,10,63
2023-06-06,8012093,8010399,9,9,173
2023-06-06,8012093,8012093,10,20,123
2023-06-06,8012108,8012108,26,36,208
2023-06-06,8012108,8012729,13,18,223
2023-06-06,8012108,8012840,11,18,175
2023-06-06,8012146,8012146,26,38,108
2023-06-06,8012146,8012832,13,19,90
2023-06-06,8012146,8012843,13,19,128
2023-06-06,8012262,8011681,5,10,15
2023-06-06,8012262,8012262,23,43,98
2023-06-06,8012262,8012716,10,22,138
2023-06-06,8012264,8010051,1,2,30
2023-06-06,8012264,8012264,42,58,116
2023-06-06,8012264,8012321,4,10,249
2023-06-06,8012264,8012384,8,12,32
2023-06-06,8012264,8012940,18,20,88
2023-06-06,8012268,8011864,12,19,46
2023-06-06,8012268,8012268,15,38,30
2023-06-06,8012268,8012902,5,19,17
2023-06-06,8012269,8010153,16,18,105
2023-06-06,8012269,8012269,19,36,54
2023-06-06,8012269,8012362,6,18,18
2023-06-06,8012274,8011592,2,16,17
2023-06-06,8012274,8011718,5,16,17
2023-06-06,8012274,8012274,8,32,24
2023-06-06,8012296,8012517,0,7,0
2023-06-06,8012316,8011281,7,10,135
2023-06-06,8012316,8011778,8,11,199
2023-06-06,8012316,8012316,16,21,167
2023-06-06,8012321,8010381,14,22,169
2023-06-06,8012321,8012264,6,8,158
2023-06-06,8012321,8012321,27,43,121
2023-06-06,8012321,8012384,8,13,81
2023-06-06,8012358,8011694,9,10,360
2023-06-06,8012358,8011953,9,10,216
2023-06-06,8012358,8012358,46,48,344
2023-06-06,8012358,8013352,10,11,303
2023-06-06,8012361,8013409,6,6,30
2023-06-06,8012362,8010322,10,18,32
2023-06-06,8012362,8012269,14,18,90
2023-06-06,8012362,8012362,23,36,62
2023-06-06,8012376,8010241,13,19,57
2023-06-06,8012376,8012376,22,37,48
2023-06-06,8012376,8012758,13,18,62
2023-06-06,8012377,8010300,17,18,235
2023-06-06,8012377,8011140,15,16,255
2023-06-06,8012377,8012377,30,34,223
2023-06-06,8012384,8012264,9,13,69
2023-06-06,8012384,8012321,3,12,8
2023-06-06,8012384,8012384,12,25,46
2023-06-06,8012421,8012421,30,34,211
2023-06-06,8012421,8012555,16,17,203
2023-06-06,8012421,8013017,14,17,244
2023-06-06,8012436,8010199,13,18,65
2023-06-06,8012436,8010348,17,18,142
2023-06-06,8012436,8012436,30,36,84
2023-06-06,8012438,8012438,29,36,209
2023-06-06,8012438,8012840,15,18,242
2023-06-06,8012438,8013105,13,18,192
2023-06-06,8012474,8010156,4,4,75
2023-06-06,8012474,8011442,3,9,37
2023-06-06,8012474,8011726,5,9,50
2023-06-06,8012474,8011951,1,1,300
2023-06-06,8012474,8012474,15,33,51
2023-06-06,8012474,8013018,3,7,47
2023-06-06,8012517,8011939,0,7,0
2023-06-06,8012517,8012296,0,7,0
2023-06-06,8012517,8012517,0,14,0
2023-06-06,8012555,8010339,16,17,185
2023-06-06,8012555,8012421,13,17,231
2023-06-06,8012555,8012555,29,34,207
2023-06-06,8012582,8010300,16,16,184
2023-06-06,8012582,8012582,30,33,173
2023-06-06,8012582,8012584,15,17,254
2023-06-06,8012583,8012584,1,16,4
2023-06-06,8012584,8012582,2,16,2
2023-06-06,8012584,8012583,14,17,224
2023-06-06,8012584,8012584,17,33,127
2023-06-06,8012609,8011031,18,25,110
2023-06-06,8012609,8011735,20,24,199
2023-06-06,8012609,8012609,38,49,147
2023-06-06,8012610,8011213,9,9,287
2023-06-06,8012610,8012610,16,17,256
2023-06-06,8012610,8013393,8,8,315
2023-06-06,8012617,8011992,0,18,0
2023-06-06,8012643,8012643,14,40,14
2023-06-06,8012643,8013079,3,20,8
2023-06-06,8012643,8013354,11,20,20
2023-06-06,8012677,8010156,13,16,324
2023-06-06,8012677,8011248,7,15,46
2023-06-06,8012677,8012677,22,31,179
2023-06-06,8012683,8010210,4,17,56
2023-06-06,8012683,8012683,10,34,73
2023-06-06,8012683,8012684,7,17,95
2023-06-06,8012684,8012683,2,17,55
2023-06-06,8012684,8012684,8,34,74
2023-06-06,8012710,8011356,15,17,249
2023-06-06,8012710,8011707,13,17,143
2023-06-06,8012710,8012710,27,34,239
2023-06-06,8012711,8011017,5,19,52
2023-06-06,8012711,8012711,16,38,100
2023-06-06,8012711,8012835,11,19,128
2023-06-06,8012716,8012262,11,21,56
2023-06-06,8012716,8012716,20,43,92
2023-06-06,8012716,8013073,13,22,143
2023-06-06,8012729,8010016,17,18,262
2023-06-06,8012729,8012108,13,18,207
2023-06-06,8012729,8012729,30,36,219
2023-06-06,8012737,8011908,2,14,103
2023-06-06,8012758,8010227,12,18,57
2023-06-06,8012758,8012376,12,19,44
2023-06-06,8012758,8012758,30,37,65
2023-06-06,8012762,8010300,1,1,330
2023-06-06,8012762,8011027,10,11,300
2023-06-06,8012762,8011611,10,11,194
2023-06-06,8012762,8011778,2,2,255
2023-06-06,8012762,8012762,23,29,331
2023-06-06,8012785,8011270,9,17,55
2023-06-06,8012785,8012785,18,35,56
2023-06-06,8012785,8079629,6,14,34
2023-06-06,8012806,8011140,16,17,161
2023-06-06,8012806,8012806,32,33,193
2023-06-06,8012806,8079629,5,5,138
2023-06-06,8012824,8011326,7,19,22
2023-06-06,8012824,8011582,1,19,2
2023-06-06,8012824,8012824,7,38,9
2023-06-06,8012827,8012005,5,16,32
2023-06-06,8012827,8012827,4,33,15
2023-06-06,8012832,8010210,11,19,77
2023-06-06,8012832,8012146,13,19,117
2023-06-06,8012832,8012832,23,38,95
2023-06-06,8012835,8012711,6,19,62
2023-06-06,8012835,8012835,18,38,99
2023-06-06,8012835,8013104,12,19,142
2023-06-06,8012839,8010179,8,11,273
2023-06-06,8012839,8011213,3,3,50
2023-06-06,8012839,8012839,15,22,205
2023-06-06,8012840,8012108,16,18,240
2023-06-06,8012840,8012438,13,18,190
2023-06-06,8012840,8012840,27,36,217
2023-06-06,8012841,8011729,3,18,23
2023-06-06,8012841,8012841,9,35,28
2023-06-06,8012841,8079604,7,17,48
2023-06-06,8012843,8012146,9,19,77
2023-06-06,8012892,8011109,4,20,27
2023-06-06,8012892,8012892,4,40,14
2023-06-06,8012892,8017349,0,20,0
2023-06-06,8012902,8010141,7,10,39
2023-06-06,8012902,8011702,6,9,47
2023-06-06,8012902,8012268,11,19,51
2023-06-06,8012902,8012902,21,38,42
2023-06-06,8012933,8004177,7,15,56
2023-06-06,8012933,8011230,15,16,300
2023-06-06,8012933,8012933,23,31,164
2023-06-06,8012940,8010325,14,31,27
2023-06-06,8012940,8012264,12,19,145
2023-06-06,8012940,8012940,69,114,99
2023-06-06,8012940,8012951,18,25,55
2023-06-06,8012940,8012953,7,13,44
2023-06-06,8012940,8013186,9,10,309
2023-06-06,8012949,8011939,0,7,0
2023-06-06,8012949,8012949,0,14,0
2023-06-06,8012949,8013232,0,7,0
2023-06-06,8012951,8010156,9,10,78
2023-06-06,8012951,8010173,16,26,44
2023-06-06,8012951,8010325,6,12,50
2023-06-06,8012951,8012940,16,26,294
2023-06-06,8012951,8012951,48,74,136
2023-06-06,8012953,8012940,3,13,21
2023-06-06,8012953,8012953,10,32,30
2023-06-06,8012953,8012960,4,16,30
2023-06-06,8012954,8011718,5,16,32
2023-06-06,8012954,8012954,7,32,26
2023-06-06,8012954,8012960,1,16,19
2023-06-06,8012960,8012953,1,16,19
2023-06-06,8012960,8012954,5,16,32
2023-06-06,8012960,8012960,6,32,25
2023-06-06,8012962,8012962,0,40,0
2023-06-06,8012962,8079084,0,20,0
2023-06-06,8012962,8087025,0,20,0
2023-06-06,8012963,8012963,4,37,6
2023-06-06,8012963,8087025,0,20,0
2023-06-06,8012963,8087026,0,20,0
2023-06-06,8013017,8010241,16,17,263
2023-06-06,8013017,8012421,12,17,81
2023-06-06,8013017,8013017,26,34,158
2023-06-06,8013018,8010267,6,16,28
2023-06-06,8013018,8011442,7,9,113
2023-06-06,8013018,8012474,7,8,90
2023-06-06,8013018,8013018,20,33,60
2023-06-06,8013040,8011797,15,18,148
2023-06-06,8013040,8011995,16,18,212
2023-06-06,8013040,8013040,32,36,178
2023-06-06,8013051,8011646,12,17,86
2023-06-06,8013051,8013051,25,34,129
2023-06-06,8013051,8013177,11,17,154
2023-06-06,8013062,8011017,17,19,169
2023-06-06,8013062,8011778,7,11,98
2023-06-06,8013062,8013062,22,38,107
2023-06-06,8013069,8010156,2,9,33
2023-06-06,8013069,8011951,3,10,33
2023-06-06,8013069,8013069,5,19,32
2023-06-06,8013073,8010173,8,22,128
2023-06-06,8013073,8012716,12,21,50
2023-06-06,8013073,8013073,24,43,98
2023-06-06,8013079,8011326,10,20,26
2023-06-06,8013079,8012643,6,20,14
2023-06-06,8013079,8013079,17,40,16
2023-06-06,8013104,8010210,11,19,126
2023-06-06,8013104,8012835,7,19,69
2023-06-06,8013104,8013104,18,38,100
2023-06-06,8013105,8011797,18,18,312
2023-06-06,8013105,8012438,16,18,210
2023-06-06,8013105,8013105,31,36,232
2023-06-06,8013106,8079604,1,18,3
2023-06-06,8013131,8010179,6,11,128
2023-06-06,8013131,8011456,6,11,166
2023-06-06,8013131,8013131,10,22,149
2023-06-06,8013132,8010392,5,28,82
2023-06-06,8013132,8011108,0,25,0
2023-06-06,8013132,8013132,5,52,44
2023-06-06,8013133,8010392,0,18,0
2023-06-06,8013133,8011992,0,18,0
2023-06-06,8013133,8013133,0,36,0
2023-06-06,8013156,8013162,4,11,109
2023-06-06,8013161,8013161,4,40,11
2023-06-06,8013161,8017349,4,20,21
2023-06-06,8013161,8087027,0,20,0
2023-06-06,8013162,8011456,4,11,95
2023-06-06,8013162,8013156,9,11,169
2023-06-06,8013162,8013162,11,22,128
2023-06-06,8013177,8011356,12,17,146
2023-06-06,8013177,8013051,13,17,189
2023-06-06,8013177,8013177,26,34,184
2023-06-06,8013186,8010051,8,19,109
2023-06-06,8013186,8011215,3,8,15
2023-06-06,8013186,8012264,1,1,120
2023-06-06,8013186,8012940,6,9,50
2023-06-06,8013186,8013186,13,38,85
2023-06-06,8013232,8012949,0,7,0
2023-06-06,8013232,8013232,0,14,0
2023-06-06,8013293,8011731,6,6,40
2023-06-06,8013293,8013293,1,12,5
2023-06-06,8013293,8070946,1,6,10
2023-06-06,8013322,8011481,12,17,169
2023-06-06,8013322,8011707,16,17,191
2023-06-06,8013322,8013322,28,34,187
2023-06-06,8013339,8011889,0,19,0
2023-06-06,8013339,8013339,19,37,92
2023-06-06,8013339,8013340,6,27,92
2023-06-06,8013340,8013339,0,25,0
2023-06-06,8013340,8013340,6,52,48
2023-06-06,8013340,8013341,5,27,87
2023-06-06,8013341,8011108,6,27,89
2023-06-06,8013341,8013340,0,25,0
2023-06-06,8013341,8013341,6,52,46
2023-06-06,8013352,8011778,1,2,135
2023-06-06,8013352,8012358,6,10,90
2023-06-06,8013352,8013352,16,21,176
2023-06-06,8013354,8010325,4,20,9
2023-06-06,8013354,8012643,9,20,28
2023-06-06,8013354,8013354,16,40,28
2023-06-06,8013370,8010173,2,4,195
2023-06-06,8013370,8012009,4,5,54
2023-06-06,8013370,8013370,7,9,117
2023-06-06,8013373,8011481,16,17,139
2023-06-06,8013373,8013373,23,34,142
2023-06-06,8013385,8010392,0,20,0
2023-06-06,8013385,8012086,4,20,33
2023-06-06,8013385,8013385,4,40,17
2023-06-06,8013393,8010213,7,8,292
2023-06-06,8013393,8012610,7,9,210
2023-06-06,8013393,8013393,14,17,249
2023-06-06,8013409,8012361,1,6,10
2023-06-06,8013409,8013409,7,12,20
2023-06-06,8013409,8070946,0,6,0
2023-06-06,8017349,8012892,4,20,27
2023-06-06,8017349,8013161,0,20,0
2023-06-06,8017349,8017349,4,40,11
2023-06-06,8070946,8013293,0,6,0
2023-06-06,8070946,8013409,1,6,10
2023-06-06,8070946,8070946,1,12,5
2023-06-06,8079604,8012841,12,18,27
2023-06-06,8079604,8013106,3,17,35
2023-06-06,8079604,8079604,19,35,33
2023-06-06,8079629,8011735,25,25,112
2023-06-06,8079629,8012785,15,15,170
2023-06-06,8079629,8012806,5,6,110
2023-06-06,8079629,8079629,43,49,126
2023-06-06,8087025,8012962,0,20,0
2023-06-06,8087025,8012963,0,20,0
2023-06-06,8087025,8087025,0,40,0
2023-06-06,8087026,8011109,0,20,0
2023-06-06,8087026,8012963,4,20,27
2023-06-06,8087026,8087026,4,40,14
2023-06-06,8087027,8012065,0,20,0
2023-06-06,8087027,8013161,4,20,24
2023-06-06,8087027,8087027,4,40,14
2023-06-07,8010016,8010016,33,36,87
2023-06-07,8010016,8011031,14,24,88
2023-06-07,8010016,8012729,8,18,63
2023-06-07,8010051,8010051,21,42,83
2023-06-07,8010051,8010153,8,9,173
2023-06-07,8010051,8010322,11,12,152
2023-06-07,8010051,8012264,2,2,75
2023-06-07,8010051,8013186,5,19,22
2023-06-07,8010141,8010141,26,38,100
2023-06-07,8010141,8011702,8,11,101
2023-06-07,8010141,8012651,6,9,93
2023-06-07,8010141,8012902,6,8,75
2023-06-07,8010153,8010051,6,9,37
2023-06-07,8010153,8010153,48,56,196
2023-06-07,8010153,8010201,10,10,567
2023-06-07,8010153,8010284,5,18,58
2023-06-07,8010153,8012269,12,18,145
2023-06-07,8010156,8010156,48,57,200
2023-06-07,8010156,8011798,5,13,72
2023-06-07,8010156,8012009,4,4,510
2023-06-07,8010156,8012474,4,4,232
2023-06-07,8010156,8012677,11,15,194
2023-06-07,8010156,8012951,10,12,318
2023-06-07,8010156,8013069,6,10,123
2023-06-07,8010173,8010173,43,52,214
2023-06-07,8010173,8012951,22,26,270
2023-06-07,8010173,8013073,19,21,207
2023-06-07,8010173,8013370,3,5,204
2023-06-07,8010176,8010176,19,36,65
2023-06-07,8010176,8010381,13,18,137
2023-06-07,8010176,8011995,6,18,50
2023-06-07,8010179,8010179,32,42,119
2023-06-07,8010179,8011536,10,10,228
2023-06-07,8010179,8012418,8,9,83
2023-06-07,8010179,8012839,7,11,46
2023-06-07,8010179,8013131,7,11,93
2023-06-07,8010199,8010199,19,36,72
2023-06-07,8010199,8010284,8,18,53
2023-06-07,8010199,8012436,13,18,97
2023-06-07,8010201,8010153,7,10,132
2023-06-07,8010201,8010201,16,20,332
2023-06-07,8010201,8012093,10,10,510
2023-06-07,8010210,8010210,27,38,56
2023-06-07,8010210,8012683,11,17,67
2023-06-07,8010210,8012832,15,19,85
2023-06-07,8010210,8013104,12,19,35
2023-06-07,8010213,8010213,14,17,115
2023-06-07,8010213,8011689,7,8,158
2023-06-07,8010213,8013393,7,9,80
2023-06-07,8010227,8010227,23,36,82
2023-06-07,8010227,8010348,17,18,145
2023-06-07,8010227,8012758,18,19,62
2023-06-07,8010241,8010241,58,65,147
2023-06-07,8010241,8011025,10,17,187
2023-06-07,8010241,8011293,18,19,223
2023-06-07,8010241,8012376,11,18,43
2023-06-07,8010241,8013017,13,17,141
2023-06-07,8010267,8011403,1,19,2
2023-06-07,8010267,8013018,8,17,62
2023-06-07,8010284,8010153,13,18,75
2023-06-07,8010284,8010199,11,18,77
2023-06-07,8010284,8010284,19,36,65
2023-06-07,8010300,8010300,49,58,184
2023-06-07,8010300,8011611,12,15,172
2023-06-07,8010300,8012377,13,16,255
2023-06-07,8010300,8012582,15,17,106
2023-06-07,8010322,8010051,6,12,25
2023-06-07,8010322,8010322,48,60,119
2023-06-07,8010322,8011924,16,18,225
2023-06-07,8010322,8012362,18,18,138
2023-06-07,8010325,8010325,30,63,43
2023-06-07,8010325,8012940,14,32,55
2023-06-07,8010325,8012951,9,11,55
2023-06-07,8010325,8013354,15,20,44
2023-06-07,8010339,8010339,31,34,140
2023-06-07,8010339,8011213,16,17,206
2023-06-07,8010339,8012555,15,17,152
2023-06-07,8010348,8010227,5,18,25
2023-06-07,8010348,8010348,34,36,93
2023-06-07,8010348,8012436,11,18,55
2023-06-07,8010381,8010176,8,18,33
2023-06-07,8010381,8012321,14,21,113
2023-06-07,8010392,8010392,3,39,6
2023-06-07,8010392,8013132,0,26,0
2023-06-07,8010392,8013133,0,18,0
2023-06-07,8010392,8013385,3,20,12
2023-06-07,8011017,8011017,21,38,77
2023-06-07,8011017,8012711,16,19,125
2023-06-07,8011017,8013062,5,19,13
2023-06-07,8011025,8010241,11,17,86
2023-06-07,8011025,8011025,20,34,143
2023-06-07,8011025,8011646,12,17,249
2023-06-07,8011027,8011027,14,21,153
2023-06-07,8011027,8011281,10,11,221
2023-06-07,8011027,8012762,4,10,105
2023-06-07,8011031,8010016,23,25,113
2023-06-07,8011031,8011031,36,49,93
2023-06-07,8011031,8012609,12,24,80
2023-06-07,8011044,8010282,0,1,0
2023-06-07,8011044,8011044,13,22,109
2023-06-07,8011044,8011438,7,10,108
2023-06-07,8011044,8012021,6,10,117
2023-06-07,8011108,8011108,2,52,2
2023-06-07,8011108,8013132,2,27,4
2023-06-07,8011108,8013341,0,25,0
2023-06-07,8011109,8011109,2,40,4
2023-06-07,8011109,8012892,0,20,0
2023-06-07,8011109,8087026,2,20,6
2023-06-07,8011114,8012005,0,17,0
2023-06-07,8011140,8011140,29,34,225
2023-06-07,8011140,8012377,16,18,193
2023-06-07,8011140,8012806,11,16,281
2023-06-07,8011205,8010399,9,9,243
2023-06-07,8011205,8011205,20,22,251
2023-06-07,8011205,8011307,10,11,273
2023-06-07,8011213,8010339,9,17,56
2023-06-07,8011213,8011213,31,34,157
2023-06-07,8011213,8012610,7,8,188
2023-06-07,8011213,8012839,2,2,45
2023-06-07,8011230,8011230,21,31,280
2023-06-07,8011230,8011248,15,16,360
2023-06-07,8011230,8012933,9,15,234
2023-06-07,8011248,8011230,8,15,210
2023-06-07,8011248,8011248,25,31,294
2023-06-07,8011248,8012677,14,16,354
2023-06-07,8011270,8011270,12,35,18
2023-06-07,8011270,8011729,12,17,42
2023-06-07,8011270,8012785,0,18,0
2023-06-07,8011281,8011027,3,10,84
2023-06-07,8011281,8011281,13,21,141
2023-06-07,8011281,8012316,9,11,191
2023-06-07,8011286,8011286,18,38,41
2023-06-07,8011286,8011889,11,19,60
2023-06-07,8011286,8011991,0,19,0
2023-06-07,8011293,8010241,15,19,243
2023-06-07,8011293,8011293,32,38,243
2023-06-07,8011293,8011307,9,11,215
2023-06-07,8011307,8011205,9,11,213
2023-06-07,8011307,8011293,10,11,265
2023-06-07,8011307,8011307,19,22,244
2023-06-07,8011326,8011326,6,38,4
2023-06-07,8011326,8012824,0,19,0
2023-06-07,8011326,8013079,1,20,2
2023-06-07,8011356,8011356,23,34,213
2023-06-07,8011356,8012710,9,17,254
2023-06-07,8011356,8013177,15,17,224
2023-06-07,8011403,8010267,0,19,0
2023-06-07,8011403,8011403,2,38,2
2023-06-07,8011403,8011582,2,19,3
2023-06-07,8011438,8011044,7,10,144
2023-06-07,8011438,8011438,16,20,142
2023-06-07,8011438,8011536,6,10,102
2023-06-07,8011442,8011442,12,18,77
2023-06-07,8011442,8012474,7,9,97
2023-06-07,8011442,8013018,5,9,47
2023-06-07,8011456,8011456,11,22,70
2023-06-07,8011456,8013131,7,11,46
2023-06-07,8011456,8013162,8,11,98
2023-06-07,8011481,8011481,27,34,224
2023-06-07,8011481,8013322,16,17,176
2023-06-07,8011481,8013373,11,17,295
2023-06-07,8011536,8010179,5,10,90
2023-06-07,8011536,8011438,10,10,216
2023-06-07,8011536,8011536,16,20,159
2023-06-07,8011582,8011403,1,19,2
2023-06-07,8011582,8011582,5,38,5
2023-06-07,8011582,8012824,4,19,6
2023-06-07,8011592,8011592,2,28,6
2023-06-07,8011592,8011908,1,14,6
2023-06-07,8011592,8012274,2,16,8
2023-06-07,8011611,8010300,12,13,157
2023-06-07,8011611,8011611,23,28,179
2023-06-07,8011611,8012762,11,13,201
2023-06-07,8011646,8011025,10,17,90
2023-06-07,8011646,8011646,22,34,180
2023-06-07,8011646,8013051,13,17,222
2023-06-07,8011681,8011681,13,20,320
2023-06-07,8011681,8011994,9,10,324
2023-06-07,8011681,8012262,8,10,360
2023-06-07,8011689,5100145,7,8,101
2023-06-07,8011689,8010213,3,9,53
2023-06-07,8011689,8011689,10,17,88
2023-06-07,8011694,8011694,29,38,127
2023-06-07,8011694,8011723,16,19,191
2023-06-07,8011694,8011953,6,9,97
2023-06-07,8011694,8012358,10,10,177
2023-06-07,8011702,8010141,7,9,103
2023-06-07,8011702,8011702,11,20,82
2023-06-07,8011702,8012902,8,11,95
2023-06-07,8011707,8011707,30,34,271
2023-06-07,8011707,8012710,16,17,353
2023-06-07,8011707,8013322,14,17,291
2023-06-07,8011718,8011718,10,32,26
2023-06-07,8011718,8012274,4,16,15
2023-06-07,8011718,8012954,5,16,32
2023-06-07,8011723,8011694,12,19,57
2023-06-07,8011723,8011723,28,38,131
2023-06-07,8011723,8012021,9,10,141
2023-06-07,8011726,8011726,11,18,85
2023-06-07,8011726,8011951,6,8,64
2023-06-07,8011726,8012474,7,9,77
2023-06-07,8011729,8011270,0,18,0
2023-06-07,8011729,8011729,8,35,12
2023-06-07,8011729,8012841,4,17,16
2023-06-07,8011731,8011731,9,12,90
2023-06-07,8011731,8013293,4,6,85
2023-06-07,8011735,8011735,43,49,108
2023-06-07,8011735,8012609,19,25,86
2023-06-07,8011735,8079629,16,24,78
2023-06-07,8011778,8011778,19,26,163
2023-06-07,8011778,8012316,6,10,108
2023-06-07,8011778,8012762,2,3,190
2023-06-07,8011778,8013062,9,10,177
2023-06-07,8011778,8013352,2,2,165
2023-06-07,8011797,8011797,36,36,120
2023-06-07,8011797,8013040,14,18,100
2023-06-07,8011797,8013105,11,18,73
2023-06-07,8011798,8010156,13,13,62
2023-06-07,8011864,8003774,10,19,47
2023-06-07,8011864,8011864,17,38,41
2023-06-07,8011864,8012268,6,19,19
2023-06-07,8011889,8011286,0,19,0
2023-06-07,8011889,8011889,18,38,39
2023-06-07,8011889,8013339,17,19,98
2023-06-07,8011908,8011592,1,14,4
2023-06-07,8011908,8011908,2,28,4
2023-06-07,8011908,8012737,1,14,4
2023-06-07,8011939,8011939,0,14,0
2023-06-07,8011939,8012517,0,7,0
2023-06-07,8011939,8012949,0,7,0
2023-06-07,8011951,8011726,7,9,123
2023-06-07,8011951,8011951,14,19,120
2023-06-07,8011951,8012474,0,1,0
2023-06-07,8011951,8013069,6,9,87
2023-06-07,8011953,8011694,7,9,230
2023-06-07,8011953,8011953,14,20,189
2023-06-07,8011953,8012358,8,10,204
2023-06-07,8011991,8011286,18,19,79
2023-06-07,8011991,8011991,13,38,33
2023-06-07,8011992,8011992,0,36,0
2023-06-07,8011992,8012617,0,18,0
2023-06-07,8011992,8013133,0,18,0
2023-06-07,8011995,8010176,12,18,80
2023-06-07,8011995,8011995,18,36,67
2023-06-07,8011995,8013040,8,18,57
2023-06-07,8012005,8011114,13,17,53
2023-06-07,8012005,8012005,6,34,19
2023-06-07,8012005,8012827,0,17,0
2023-06-07,8012009,8010156,3,5,210
2023-06-07,8012009,8012009,5,9,323
2023-06-07,8012009,8013370,3,4,472
2023-06-07,8012021,8011044,8,10,123
2023-06-07,8012021,8011723,10,10,135
2023-06-07,8012021,8012021,18,20,140
2023-06-07,8012065,8012065,2,40,4
2023-06-07,8012065,8012086,0,20,0
2023-06-07,8012065,8087027,2,20,8
2023-06-07,8012086,8012065,2,20,9
2023-06-07,8012086,8012086,2,40,4
2023-06-07,8012086,8013385,0,20,0
2023-06-07,8012093,8010201,9,10,105
2023-06-07,8012093,8010399,8,9,447
2023-06-07,8012093,8012093,13,20,279
2023-06-07,8012108,8012108,21,36,64
2023-06-07,8012108,8012729,11,18,62
2023-06-07,8012108,8012840,7,18,57
2023-06-07,8012146,8012146,19,38,52
2023-06-07,8012146,8012832,7,19,35
2023-06-07,8012146,8012843,12,19,69
2023-06-07,8012262,8011681,5,10,279
2023-06-07,8012262,8012262,30,43,198
2023-06-07,8012262,8012716,11,22,200
2023-06-07,8012264,8010051,2,2,120
2023-06-07,8012264,8012264,43,58,147
2023-06-07,8012264,8012321,5,10,273
2023-06-07,8012264,8012384,11,12,78
2023-06-07,8012264,8012940,17,20,114
2023-06-07,8012268,8011864,12,19,65
2023-06-07,8012268,8012268,17,38,43
2023-06-07,8012268,8012902,4,19,16
2023-06-07,8012269,8010153,17,18,257
2023-06-07,8012269,8012269,30,36,212
2023-06-07,8012269,8012362,15,18,207
2023-06-07,8012274,8011592,1,16,8
2023-06-07,8012274,8011718,1,16,2
2023-06-07,8012274,8012274,3,32,6
2023-06-07,8012296,8012517,0,7,0
2023-06-07,8012316,8011281,6,10,99
2023-06-07,8012316,8011778,7,11,166
2023-06-07,8012316,8012316,15,21,149
2023-06-07,8012321,8010381,13,22,180
2023-06-07,8012321,8012264,6,8,169
2023-06-07,8012321,8012321,30,43,144
2023-06-07,8012321,8012384,8,13,95
2023-06-07,8012358,8011694,10,10,189
2023-06-07,8012358,8011953,10,10,243
2023-06-07,8012358,8012358,44,48,231
2023-06-07,8012358,8013352,9,11,210
2023-06-07,8012361,8013409,5,6,45
2023-06-07,8012362,8010322,15,18,198
2023-06-07,8012362,8012269,14,18,167
2023-06-07,8012362,8012362,30,36,176
2023-06-07,8012376,8010241,11,19,79
2023-06-07,8012376,8012376,22,37,71
2023-06-07,8012376,8012758,16,18,103
2023-06-07,8012377,8010300,18,18,202
2023-06-07,8012377,8011140,13,16,276
2023-06-07,8012377,8012377,30,34,225
2023-06-07,8012384,8012264,11,13,95
2023-06-07,8012384,8012321,9,12,52
2023-06-07,8012384,8012384,18,25,79
2023-06-07,8012421,8012421,33,34,182
2023-06-07,8012421,8012555,16,17,215
2023-06-07,8012421,8013017,17,17,173
2023-06-07,8012436,8010199,12,18,67
2023-06-07,8012436,8010348,17,18,143
2023-06-07,8012436,8012436,28,36,84
2023-06-07,8012438,8012438,22,36,72
2023-06-07,8012438,8012840,12,18,77
2023-06-07,8012438,8013105,10,18,67
2023-06-07,8012474,8010156,3,4,180
2023-06-07,8012474,8011442,5,9,50
2023-06-07,8012474,8011726,5,9,87
2023-06-07,8012474,8011951,1,1,360
2023-06-07,8012474,8012474,18,33,86
2023-06-07,8012474,8013018,3,7,86
2023-06-07,8012517,8011939,0,7,0
2023-06-07,8012517,8012296,0,7,0
2023-06-07,8012517,8012517,0,14,0
2023-06-07,8012555,8010339,15,17,178
2023-06-07,8012555,8012421,16,17,166
2023-06-07,8012555,8012555,32,34,176
2023-06-07,8012582,8010300,13,16,128
2023-06-07,8012582,8012582,28,33,89
2023-06-07,8012582,8012584,15,17,210
2023-06-07,8012583,8012584,3,16,34
2023-06-07,8012584,8012582,3,16,36
2023-06-07,8012584,8012583,13,17,185
2023-06-07,8012584,8012584,18,33,122
2023-06-07,8012609,8011031,18,25,91
2023-06-07,8012609,8011735,19,24,108
2023-06-07,8012609,8012609,36,49,88
2023-06-07,8012610,8011213,9,9,97
2023-06-07,8012610,8012610,13,17,139
2023-06-07,8012610,8013393,7,8,199
2023-06-07,8012617,8011992,0,18,0
2023-06-07,8012643,8012643,8,40,10
2023-06-07,8012643,8013079,1,20,6
2023-06-07,8012643,8013354,7,20,15
2023-06-07,8012677,8010156,16,16,369
2023-06-07,8012677,8011248,10,15,226
2023-06-07,8012677,8012677,25,31,295
2023-06-07,8012683,8010210,4,17,11
2023-06-07,8012683,8012683,13,34,35
2023-06-07,8012683,8012684,9,17,55
2023-06-07,8012684,8012683,4,17,19
2023-06-07,8012684,8012684,12,34,37
2023-06-07,8012710,8011356,15,17,274
2023-06-07,8012710,8011707,13,17,252
2023-06-07,8012710,8012710,27,34,305
2023-06-07,8012711,8011017,8,19,21
2023-06-07,8012711,8012711,18,38,70
2023-06-07,8012711,8012835,12,19,104
2023-06-07,8012716,8012262,18,21,204
2023-06-07,8012716,8012716,31,43,197
2023-06-07,8012716,8013073,14,22,214
2023-06-07,8012729,8010016,16,18,130
2023-06-07,8012729,8012108,11,18,83
2023-06-07,8012729,8012729,27,36,82
2023-06-07,8012737,8011908,1,14,4
2023-06-07,8012758,8010227,16,18,115
2023-06-07,8012758,8012376,13,19,69
2023-06-07,8012758,8012758,35,37,101
2023-06-07,8012762,8010300,1,1,150
2023-06-07,8012762,8011027,9,11,172
2023-06-07,8012762,8011611,8,11,147
2023-06-07,8012762,8011778,1,2,120
2023-06-07,8012762,8012762,18,26,149
2023-06-07,8012785,8011270,8,17,28
2023-06-07,8012785,8012785,13,35,22
2023-06-07,8012785,8079629,2,14,4
2023-06-07,8012806,8011140,15,17,154
2023-06-07,8012806,8012806,25,33,200
2023-06-07,8012806,8079629,3,5,300
2023-06-07,8012824,8011326,3,19,6
2023-06-07,8012824,8011582,1,19,5
2023-06-07,8012824,8012824,4,38,4
2023-06-07,8012827,8012005,5,16,38
2023-06-07,8012827,8012827,4,33,18
2023-06-07,8012832,8010210,6,19,22
2023-06-07,8012832,8012146,12,19,57
2023-06-07,8012832,8012832,17,38,44
2023-06-07,8012835,8012711,8,19,33
2023-06-07,8012835,8012835,22,38,74
2023-06-07,8012835,8013104,14,19,117
2023-06-07,8012839,8010179,9,11,120
2023-06-07,8012839,8011213,3,3,70
2023-06-07,8012839,8012839,18,22,82
2023-06-07,8012840,8012108,12,18,67
2023-06-07,8012840,8012438,10,18,67
2023-06-07,8012840,8012840,19,36,71
2023-06-07,8012841,8011729,0,18,0
2023-06-07,8012841,8012841,8,35,12
2023-06-07,8012841,8079604,5,17,18
2023-06-07,8012843,8012146,7,19,46
2023-06-07,8012892,8011109,2,20,8
2023-06-07,8012892,8012892,2,40,4
2023-06-07,8012892,8017349,0,20,0
2023-06-07,8012902,8010141,6,10,48
2023-06-07,8012902,8011702,5,9,53
2023-06-07,8012902,8012268,13,19,76
2023-06-07,8012902,8012902,19,38,48
2023-06-07,8012933,8004177,11,15,286
2023-06-07,8012933,8011230,14,16,336
2023-06-07,8012933,8012933,23,31,298
2023-06-07,8012940,8010325,15,31,39
2023-06-07,8012940,8012264,14,19,210
2023-06-07,8012940,8012940,70,114,140
2023-06-07,8012940,8012951,13,25,120
2023-06-07,8012940,8012953,10,13,92
2023-06-07,8012940,8013186,10,10,285
2023-06-07,8012949,8011939,0,7,0
2023-06-07,8012949,8012949,0,14,0
2023-06-07,8012949,8013232,0,7,0
2023-06-07,8012951,8010156,8,10,126
2023-06-07,8012951,8010173,18,26,119
2023-06-07,8012951,8010325,9,12,72
2023-06-07,8012951,8012940,21,26,372
2023-06-07,8012951,8012951,57,74,199
2023-06-07,8012953,8012940,4,13,21
2023-06-07,8012953,8012953,13,32,46
2023-06-07,8012953,8012960,6,16,56
2023-06-07,8012954,8011718,7,16,56
2023-06-07,8012954,8012954,11,32,44
2023-06-07,8012954,8012960,4,16,26
2023-06-07,8012960,8012953,3,16,19
2023-06-07,8012960,8012954,7,16,60
2023-06-07,8012960,8012960,10,32,41
2023-06-07,8012962,8012962,1,40,2
2023-06-07,8012962,8079084,0,20,0
2023-06-07,8012962,8087025,1,20,3
2023-06-07,8012963,8012963,3,37,3
2023-06-07,8012963,8087025,0,20,0
2023-06-07,8012963,8087026,0,20,0
2023-06-07,8013017,8010241,16,17,155
2023-06-07,8013017,8012421,13,17,94
2023-06-07,8013017,8013017,26,34,124
2023-06-07,8013018,8010267,8,16,62
2023-06-07,8013018,8011442,7,9,110
2023-06-07,8013018,8012474,4,8,45
2023-06-07,8013018,8013018,19,33,70
2023-06-07,8013040,8011797,18,18,130
2023-06-07,8013040,8011995,11,18,75
2023-06-07,8013040,8013040,31,36,89
2023-06-07,8013051,8011646,9,17,104
2023-06-07,8013051,8013051,22,34,176
2023-06-07,8013051,8013177,11,17,210
2023-06-07,8013062,8011017,17,19,145
2023-06-07,8013062,8011778,10,11,95
2023-06-07,8013062,8013062,20,38,71
2023-06-07,8013069,8010156,7,9,107
2023-06-07,8013069,8011951,7,10,153
2023-06-07,8013069,8013069,15,19,131
2023-06-07,8013073,8010173,14,22,210
2023-06-07,8013073,8012716,18,21,201
2023-06-07,8013073,8013073,34,43,209
2023-06-07,8013079,8011326,9,20,20
2023-06-07,8013079,8012643,2,20,3
2023-06-07,8013079,8013079,11,40,11
2023-06-07,8013104,8010210,10,19,87
2023-06-07,8013104,8012835,9,19,21
2023-06-07,8013104,8013104,15,38,54
2023-06-07,8013105,8011797,18,18,190
2023-06-07,8013105,8012438,12,18,82
2023-06-07,8013105,8013105,29,36,109
2023-06-07,8013106,8079604,0,18,0
2023-06-07,8013131,8010179,9,11,44
2023-06-07,8013131,8011456,7,11,95
2023-06-07,8013131,8013131,16,22,75
2023-06-07,8013132,8010392,3,28,10
2023-06-07,8013132,8011108,0,25,0
2023-06-07,8013132,8013132,3,52,3
2023-06-07,8013133,8010392,0,18,0
2023-06-07,8013133,8011992,0,18,0
2023-06-07,8013133,8013133,0,36,0
2023-06-07,8013156,8013162,3,11,55
2023-06-07,8013161,8013161,2,40,3
2023-06-07,8013161,8017349,1,20,3
2023-06-07,8013161,8087027,0,20,0
2023-06-07,8013162,8011456,3,11,33
2023-06-07,8013162,8013156,10,11,101
2023-06-07,8013162,8013162,7,22,63
2023-06-07,8013177,8011356,12,17,233
2023-06-07,8013177,8013051,15,17,205
2023-06-07,8013177,8013177,27,34,226
2023-06-07,8013186,8010051,10,19,115
2023-06-07,8013186,8011215,6,8,82
2023-06-07,8013186,8012264,1,1,30
2023-06-07,8013186,8012940,5,9,33
2023-06-07,8013186,8013186,13,38,72
2023-06-07,8013232,8012949,0,7,0
2023-06-07,8013232,8013232,0,14,0
2023-06-07,8013293,8011731,5,6,80
2023-06-07,8013293,8013293,8,12,62
2023-06-07,8013293,8070946,4,6,90
2023-06-07,8013322,8011481,14,17,293
2023-06-07,8013322,8011707,16,17,198
2023-06-07,8013322,8013322,30,34,246
2023-06-07,8013339,8011889,0,19,0
2023-06-07,8013339,8013339,17,37,27
2023-06-07,8013339,8013340,4,27,8
2023-06-07,8013340,8013339,0,25,0
2023-06-07,8013340,8013340,4,52,4
2023-06-07,8013340,8013341,2,27,3
2023-06-07,8013341,8011108,2,27,4
2023-06-07,8013341,8013340,0,25,0
2023-06-07,8013341,8013341,2,52,2
2023-06-07,8013352,8011778,2,2,225
2023-06-07,8013352,8012358,10,10,96
2023-06-07,8013352,8013352,18,21,134
2023-06-07,8013354,8010325,6,20,46
2023-06-07,8013354,8012643,11,20,32
2023-06-07,8013354,8013354,21,40,43
2023-06-07,8013370,8010173,3,4,458
2023-06-07,8013370,8012009,2,5,186
2023-06-07,8013370,8013370,5,9,307
2023-06-07,8013373,8011481,16,17,146
2023-06-07,8013373,8013373,28,34,221
2023-06-07,8013385,8010392,0,20,0
2023-06-07,8013385,8012086,2,20,9
2023-06-07,8013385,8013385,3,40,6
2023-06-07,8013393,8010213,7,8,161
2023-06-07,8013393,8012610,3,9,63
2023-06-07,8013393,8013393,11,17,111
2023-06-07,8013409,8012361,3,6,70
2023-06-07,8013409,8013409,8,12,60
2023-06-07,8013409,8070946,2,6,15
2023-06-07,8017349,8012892,2,20,9
2023-06-07,8017349,8013161,0,20,0
2023-06-07,8017349,8017349,2,40,3
2023-06-07,8070946,8013293,5,6,35
2023-06-07,8070946,8013409,3,6,80
2023-06-07,8070946,8070946,9,12,62
2023-06-07,8079604,8012841,13,18,30
2023-06-07,8079604,8013106,2,17,7
2023-06-07,8079604,8079604,18,35,17
2023-06-07,8079629,8011735,25,25,136
2023-06-07,8079629,8012785,13,15,68
2023-06-07,8079629,8012806,6,6,95
2023-06-07,8079629,8079629,43,49,89
2023-06-07,8087025,8012962,0,20,0
2023-06-07,8087025,8012963,1,20,-8
2023-06-07,8087025,8087025,1,40,-4
2023-06-07,8087026,8011109,0,20,0
2023-06-07,8087026,8012963,2,20,9
2023-06-07,8087026,8087026,2,40,4
2023-06-07,8087027,8012065,0,20,0
2023-06-07,8087027,8013161,2,20,8
2023-06-07,8087027,8087027,2,40,4
2023-06-08,8010016,8010016,20,29,87
2023-06-08,8010016,8011031,10,20,78
2023-06-08,8010016,8012729,9,15,68
2023-06-08,8010051,8010051,14,31,71
2023-06-08,8010051,8010153,5,6,85
2023-06-08,8010051,8010322,5,9,47
2023-06-08,8010051,8012264,0,1,0
2023-06-08,8010051,8013186,5,14,101
2023-06-08,8010141,8010141,18,29,110
2023-06-08,8010141,8011702,6,8,45
2023-06-08,8010141,8012651,3,7,171
2023-06-08,8010141,8012902,3,7,111
2023-06-08,8010153,8010051,3,7,17
2023-06-08,8010153,8010153,31,42,175
2023-06-08,8010153,8010201,5,7,300
2023-06-08,8010153,8010284,6,13,157
2023-06-08,8010153,8012269,9,14,129
2023-06-08,8010156,8010156,27,46,82
2023-06-08,8010156,8011798,5,12,52
2023-06-08,8010156,8012009,2,4,60
2023-06-08,8010156,8012474,0,3,0
2023-06-08,8010156,8012677,7,12,90
2023-06-08,8010156,8012951,5,7,146
2023-06-08,8010156,8013069,3,8,41
2023-06-08,8010173,8010173,22,41,151
2023-06-08,8010173,8012951,11,20,228
2023-06-08,8010173,8013073,8,16,103
2023-06-08,8010173,8013370,3,5,30
2023-06-08,8010176,8010176,11,29,40
2023-06-08,8010176,8010381,8,14,66
2023-06-08,8010176,8011995,2,15,26
2023-06-08,8010179,8010179,19,34,118
2023-06-08,8010179,8011536,6,8,105
2023-06-08,8010179,8012418,5,7,291
2023-06-08,8010179,8012839,5,9,37
2023-06-08,8010179,8013131,4,10,45
2023-06-08,8010199,8010199,14,27,148
2023-06-08,8010199,8010284,9,14,122
2023-06-08,8010199,8012436,7,13,189
2023-06-08,8010201,8010153,5,6,215
2023-06-08,8010201,8010201,7,14,208
2023-06-08,8010201,8012093,5,7,291
2023-06-08,8010210,8010210,17,29,203
2023-06-08,8010210,8012683,8,13,240
2023-06-08,8010210,8012832,7,14,236
2023-06-08,8010210,8013104,7,15,168
2023-06-08,8010213,8010213,11,14,135
2023-06-08,8010213,8011689,6,7,193
2023-06-08,8010213,8013393,5,7,56
2023-06-08,8010227,8010227,15,27,87
2023-06-08,8010227,8010348,11,14,105
2023-06-08,8010227,8012758,10,14,99
2023-06-08,8010241,8010241,38,54,127
2023-06-08,8010241,8011025,10,15,178
2023-06-08,8010241,8011293,10,15,158
2023-06-08,8010241,8012376,6,15,24
2023-06-08,8010241,8013017,11,14,105
2023-06-08,8010267,8011403,2,16,47
2023-06-08,8010267,8013018,3,15,16
2023-06-08,8010284,8010153,11,14,131
2023-06-08,8010284,8010199,6,13,164
2023-06-08,8010284,8010284,15,27,139
2023-06-08,8010300,8010300,27,47,227
2023-06-08,8010300,8011611,7,12,252
2023-06-08,8010300,8012377,5,13,134
2023-06-08,8010300,8012582,8,14,199
2023-06-08,8010322,8010051,3,9,163
2023-06-08,8010322,8010322,27,46,147
2023-06-08,8010322,8011924,10,14,249
2023-06-08,8010322,8012362,10,14,169
2023-06-08,8010325,8010325,18,50,133
2023-06-08,8010325,8012940,12,25,221
2023-06-08,8010325,8012951,4,8,94
2023-06-08,8010325,8013354,7,17,42
2023-06-08,8010339,8010339,20,28,129
2023-06-08,8010339,8011213,12,13,212
2023-06-08,8010339,8012555,8,13,125
2023-06-08,8010348,8010227,3,13,81
2023-06-08,8010348,8010348,19,27,138
2023-06-08,8010348,8012436,10,14,129
2023-06-08,8010381,8010176,4,15,20
2023-06-08,8010381,8012321,6,17,115
2023-06-08,8010392,8010392,3,39,9
2023-06-08,8010392,8013132,1,21,9
2023-06-08,8010392,8013133,0,15,0
2023-06-08,8010392,8013385,2,20,9
2023-06-08,8011017,8011017,16,29,208
2023-06-08,8011017,8012711,6,14,266
2023-06-08,8011017,8013062,7,15,154
2023-06-08,8011025,8010241,6,14,69
2023-06-08,8011025,8011025,12,29,120
2023-06-08,8011025,8011646,6,15,184
2023-06-08,8011027,8011027,10,16,309
2023-06-08,8011027,8011281,5,8,379
2023-06-08,8011027,8012762,5,8,225
2023-06-08,8011031,8010016,13,21,86
2023-06-08,8011031,8011031,22,41,74
2023-06-08,8011031,8012609,10,20,72
2023-06-08,8011044,8011044,7,15,190
2023-06-08,8011044,8011438,3,7,330
2023-06-08,8011044,8012021,4,8,52
2023-06-08,8011108,8011108,2,42,7
2023-06-08,8011108,8013132,1,22,7
2023-06-08,8011108,8013341,1,20,8
2023-06-08,8011109,8011109,2,40,11
2023-06-08,8011109,8012892,1,20,15
2023-06-08,8011109,8087026,1,20,6
2023-06-08,8011114,8012005,0,14,0
2023-06-08,8011140,8011140,14,28,201
2023-06-08,8011140,8012377,8,15,252
2023-06-08,8011140,8012806,5,13,173
2023-06-08,8011205,8010399,5,7,193
2023-06-08,8011205,8011205,12,17,215
2023-06-08,8011205,8011307,6,8,278
2023-06-08,8011213,8010339,8,14,51
2023-06-08,8011213,8011213,20,27,147
2023-06-08,8011213,8012610,6,7,197
2023-06-08,8011213,8012839,2,2,75
2023-06-08,8011230,8011230,12,23,90
2023-06-08,8011230,8011248,7,11,104
2023-06-08,8011230,8012933,6,12,105
2023-06-08,8011248,8011230,6,12,80
2023-06-08,8011248,8011248,12,23,91
2023-06-08,8011248,8012677,6,11,98
2023-06-08,8011270,8011270,9,29,17
2023-06-08,8011270,8011729,9,14,36
2023-06-08,8011270,8012785,0,15,0
2023-06-08,8011281,8011027,3,8,221
2023-06-08,8011281,8011281,9,16,302
2023-06-08,8011281,8012316,7,8,368
2023-06-08,8011286,8011286,10,29,34
2023-06-08,8011286,8011889,3,14,24
2023-06-08,8011286,8011991,1,15,28
2023-06-08,8011293,8010241,9,14,246
2023-06-08,8011293,8011293,22,29,218
2023-06-08,8011293,8011307,7,9,173
2023-06-08,8011307,8011205,7,9,163
2023-06-08,8011307,8011293,6,8,270
2023-06-08,8011307,8011307,13,17,219
2023-06-08,8011326,8011326,16,31,133
2023-06-08,8011326,8012824,6,14,137
2023-06-08,8011326,8013079,8,16,152
2023-06-08,8011356,8011356,17,29,194
2023-06-08,8011356,8012710,9,14,238
2023-06-08,8011356,8013177,8,15,134
2023-06-08,8011403,8010267,5,14,101
2023-06-08,8011403,8011403,7,30,70
2023-06-08,8011403,8011582,2,16,41
2023-06-08,8011438,8011044,5,8,68
2023-06-08,8011438,8011438,10,15,202
2023-06-08,8011438,8011536,5,7,351
2023-06-08,8011442,8011442,5,14,45
2023-06-08,8011442,8012474,2,7,21
2023-06-08,8011442,8013018,3,7,69
2023-06-08,8011456,8011456,8,19,46
2023-06-08,8011456,8013131,5,9,37
2023-06-08,8011456,8013162,5,10,51
2023-06-08,8011481,8011481,20,29,167
2023-06-08,8011481,8013322,11,15,94
2023-06-08,8011481,8013373,9,14,244
2023-06-08,8011536,8010179,4,7,321
2023-06-08,8011536,8011438,6,8,101
2023-06-08,8011536,8011536,11,15,212
2023-06-08,8011582,8011403,6,14,114
2023-06-08,8011582,8011582,10,30,82
2023-06-08,8011582,8012824,4,16,45
2023-06-08,8011592,8011592,6,23,77
2023-06-08,8011592,8011908,4,12,95
2023-06-08,8011592,8012274,2,12,42
2023-06-08,8011611,8010300,7,11,278
2023-06-08,8011611,8011611,15,23,274
2023-06-08,8011611,8012762,7,10,357
2023-06-08,8011646,8011025,6,14,60
2023-06-08,8011646,8011646,13,29,124
2023-06-08,8011646,8013051,8,15,178
2023-06-08,8011681,8011681,8,15,318
2023-06-08,8011681,8011994,3,8,116
2023-06-08,8011681,8012262,5,7,561
2023-06-08,8011689,5100145,6,7,154
2023-06-08,8011689,8010213,1,7,34
2023-06-08,8011689,8011689,7,14,101
2023-06-08,8011694,8011694,13,29,132
2023-06-08,8011694,8011723,9,15,230
2023-06-08,8011694,8011953,1,7,4
2023-06-08,8011694,8012358,4,7,81
2023-06-08,8011702,8010141,4,7,189
2023-06-08,8011702,8011702,7,15,98
2023-06-08,8011702,8012902,7,8,60
2023-06-08,8011707,8011707,22,29,238
2023-06-08,8011707,8012710,9,15,280
2023-06-08,8011707,8013322,12,14,270
2023-06-08,8011718,8011718,12,25,128
2023-06-08,8011718,8012274,5,13,115
2023-06-08,8011718,8012954,6,12,120
2023-06-08,8011723,8011694,3,14,21
2023-06-08,8011723,8011723,10,29,125
2023-06-08,8011723,8012021,4,7,347
2023-06-08,8011726,8011726,3,14,39
2023-06-08,8011726,8011951,3,7,60
2023-06-08,8011726,8012474,2,7,69
2023-06-08,8011729,8011270,0,15,0
2023-06-08,8011729,8011729,5,29,9
2023-06-08,8011729,8012841,2,14,13
2023-06-08,8011731,8011731,6,12,70
2023-06-08,8011731,8013293,2,6,60
2023-06-08,8011735,8011735,25,41,91
2023-06-08,8011735,8012609,10,21,69
2023-06-08,8011735,8079629,10,20,74
2023-06-08,8011778,8011778,11,21,284
2023-06-08,8011778,8012316,4,8,274
2023-06-08,8011778,8012762,0,3,0
2023-06-08,8011778,8013062,6,8,472
2023-06-08,8011778,8013352,1,2,45
2023-06-08,8011797,8011797,19,29,84
2023-06-08,8011797,8013040,10,14,81
2023-06-08,8011797,8013105,7,14,45
2023-06-08,8011798,8010156,6,11,30
2023-06-08,8011864,8003774,11,15,62
2023-06-08,8011864,8011864,15,29,113
2023-06-08,8011864,8012268,4,14,56
2023-06-08,8011889,8011286,1,15,28
2023-06-08,8011889,8011889,9,29,32
2023-06-08,8011889,8013339,8,14,51
2023-06-08,8011908,8011592,2,11,49
2023-06-08,8011908,8011908,5,23,72
2023-06-08,8011908,8012737,3,12,90
2023-06-08,8011939,8011939,0,13,0
2023-06-08,8011939,8012517,0,6,0
2023-06-08,8011939,8012949,0,7,0
2023-06-08,8011951,8011726,4,7,69
2023-06-08,8011951,8011951,8,16,90
2023-06-08,8011951,8012474,0,1,0
2023-06-08,8011951,8013069,4,8,112
2023-06-08,8011953,8011694,4,7,111
2023-06-08,8011953,8011953,4,15,50
2023-06-08,8011953,8012358,2,8,8
2023-06-08,8011991,8011286,9,14,39
2023-06-08,8011991,8011991,6,29,29
2023-06-08,8011992,8011992,0,30,0
2023-06-08,8011992,8012617,0,15,0
2023-06-08,8011992,8013133,0,15,0
2023-06-08,8011995,8010176,8,14,64
2023-06-08,8011995,8011995,10,29,44
2023-06-08,8011995,8013040,5,15,34
2023-06-08,8012005,8011114,6,14,71
2023-06-08,8012005,8012005,2,28,31
2023-06-08,8012005,8012827,0,14,0
2023-06-08,8012009,8010156,3,5,36
2023-06-08,8012009,8012009,5,9,43
2023-06-08,8012009,8013370,2,4,60
2023-06-08,8012021,8011044,5,7,351
2023-06-08,8012021,8011723,5,7,64
2023-06-08,8012021,8012021,10,15,196
2023-06-08,8012065,8012065,2,40,11
2023-06-08,8012065,8012086,1,20,18
2023-06-08,8012065,8087027,1,20,6
2023-06-08,8012086,8012065,1,20,6
2023-06-08,8012086,8012086,2,40,10
2023-06-08,8012086,8013385,1,20,10
2023-06-08,8012093,8010201,3,7,124
2023-06-08,8012093,8010399,4,7,223
2023-06-08,8012093,8012093,7,14,195
2023-06-08,8012108,8012108,16,29,51
2023-06-08,8012108,8012729,6,14,43
2023-06-08,8012108,8012840,8,15,54
2023-06-08,8012146,8012146,15,29,211
2023-06-08,8012146,8012832,9,15,190
2023-06-08,8012146,8012843,6,14,225
2023-06-08,8012262,8011681,2,8,86
2023-06-08,8012262,8012262,16,32,176
2023-06-08,8012262,8012716,8,16,262
2023-06-08,8012264,8010051,1,2,15
2023-06-08,8012264,8012264,22,45,149
2023-06-08,8012264,8012321,2,7,360
2023-06-08,8012264,8012384,7,10,126
2023-06-08,8012264,8012940,7,15,130
2023-06-08,8012268,8011864,11,15,262
2023-06-08,8012268,8012268,12,29,112
2023-06-08,8012268,8012902,3,14,56
2023-06-08,8012269,8010153,10,14,236
2023-06-08,8012269,8012269,18,28,199
2023-06-08,8012269,8012362,9,14,216
2023-06-08,8012274,8011592,5,13,102
2023-06-08,8012274,8011718,3,12,42
2023-06-08,8012274,8012274,7,25,74
2023-06-08,8012296,8012517,0,7,0
2023-06-08,8012316,8011281,5,8,259
2023-06-08,8012316,8011778,5,8,461
2023-06-08,8012316,8012316,12,16,341
2023-06-08,8012321,8010381,7,17,233
2023-06-08,8012321,8012264,3,6,110
2023-06-08,8012321,8012321,15,34,186
2023-06-08,8012321,8012384,5,11,175
2023-06-08,8012358,8011694,5,8,304
2023-06-08,8012358,8011953,4,7,94
2023-06-08,8012358,8012358,16,35,99
2023-06-08,8012358,8013352,2,9,20
2023-06-08,8012361,8013409,4,6,20
2023-06-08,8012362,8010322,10,14,223
2023-06-08,8012362,8012269,9,14,176
2023-06-08,8012362,8012362,18,28,198
2023-06-08,8012376,8010241,7,13,55
2023-06-08,8012376,8012376,13,28,43
2023-06-08,8012376,8012758,9,14,64
2023-06-08,8012377,8010300,10,15,260
2023-06-08,8012377,8011140,6,13,145
2023-06-08,8012377,8012377,15,28,196
2023-06-08,8012384,8012264,5,11,205
2023-06-08,8012384,8012321,7,10,144
2023-06-08,8012384,8012384,12,21,174
2023-06-08,8012421,8012421,20,27,177
2023-06-08,8012421,8012555,11,14,206
2023-06-08,8012421,8013017,9,13,166
2023-06-08,8012436,8010199,11,14,135
2023-06-08,8012436,8010348,8,13,222
2023-06-08,8012436,8012436,19,27,163
2023-06-08,8012438,8012438,18,29,59
2023-06-08,8012438,8012840,7,14,47
2023-06-08,8012438,8013105,10,15,68
2023-06-08,8012474,8010156,1,4,22
2023-06-08,8012474,8011442,3,7,69
2023-06-08,8012474,8011726,2,7,13
2023-06-08,8012474,8011951,1,1,120
2023-06-08,8012474,8012474,5,27,26
2023-06-08,8012474,8013018,2,6,10
2023-06-08,8012517,8011939,0,7,0
2023-06-08,8012517,8012296,0,6,0
2023-06-08,8012517,8012517,0,13,0
2023-06-08,8012555,8010339,10,14,174
2023-06-08,8012555,8012421,8,13,157
2023-06-08,8012555,8012555,19,27,166
2023-06-08,8012582,8010300,5,13,102
2023-06-08,8012582,8012582,12,27,147
2023-06-08,8012582,8012584,8,14,201
2023-06-08,8012583,8012584,2,13,106
2023-06-08,8012584,8012582,2,13,104
2023-06-08,8012584,8012583,7,14,189
2023-06-08,8012584,8012584,10,27,152
2023-06-08,8012609,8011031,10,21,67
2023-06-08,8012609,8011735,10,20,92
2023-06-08,8012609,8012609,20,41,72
2023-06-08,8012610,8011213,5,7,94
2023-06-08,8012610,8012610,12,14,148
2023-06-08,8012610,8013393,7,7,240
2023-06-08,8012617,8011992,0,15,0
2023-06-08,8012643,8012643,13,32,167
2023-06-08,8012643,8013079,5,16,150
2023-06-08,8012643,8013354,8,16,216
2023-06-08,8012677,8010156,7,11,106
2023-06-08,8012677,8011248,5,12,82
2023-06-08,8012677,8012677,13,23,98
2023-06-08,8012683,8010210,4,13,168
2023-06-08,8012683,8012683,12,26,204
2023-06-08,8012683,8012684,8,13,231
2023-06-08,8012684,8012683,4,13,182
2023-06-08,8012684,8012684,12,26,209
2023-06-08,8012710,8011356,11,15,240
2023-06-08,8012710,8011707,12,14,268
2023-06-08,8012710,8012710,21,29,269
2023-06-08,8012711,8011017,5,15,134
2023-06-08,8012711,8012711,11,29,202
2023-06-08,8012711,8012835,6,14,255
2023-06-08,8012716,8012262,7,16,103
2023-06-08,8012716,8012716,16,32,176
2023-06-08,8012716,8013073,10,16,268
2023-06-08,8012729,8010016,9,14,111
2023-06-08,8012729,8012108,11,15,82
2023-06-08,8012729,8012729,20,29,77
2023-06-08,8012737,8011908,3,11,60
2023-06-08,8012758,8010227,9,14,77
2023-06-08,8012758,8012376,8,13,83
2023-06-08,8012758,8012758,19,28,98
2023-06-08,8012762,8010300,0,1,0
2023-06-08,8012762,8011027,6,8,405
2023-06-08,8012762,8011611,6,9,237
2023-06-08,8012762,8011778,1,2,15
2023-06-08,8012762,8012762,12,22,236
2023-06-08,8012785,8011270,5,14,26
2023-06-08,8012785,8012785,10,29,20
2023-06-08,8012785,8079629,2,12,5
2023-06-08,8012806,8011140,9,14,163
2023-06-08,8012806,8012806,13,27,152
2023-06-08,8012806,8079629,2,5,228
2023-06-08,8012824,8011326,4,16,62
2023-06-08,8012824,8011582,6,14,126
2023-06-08,8012824,8012824,10,30,87
2023-06-08,8012827,8012005,3,13,69
2023-06-08,8012827,8012827,2,27,32
2023-06-08,8012832,8010210,6,15,162
2023-06-08,8012832,8012146,6,14,225
2023-06-08,8012832,8012832,12,29,200
2023-06-08,8012835,8012711,5,15,142
2023-06-08,8012835,8012835,11,29,197
2023-06-08,8012835,8013104,7,14,257
2023-06-08,8012839,8010179,4,10,51
2023-06-08,8012839,8011213,1,3,50
2023-06-08,8012839,8012839,9,19,46
2023-06-08,8012840,8012108,8,14,45
2023-06-08,8012840,8012438,10,15,66
2023-06-08,8012840,8012840,16,29,56
2023-06-08,8012841,8011729,0,15,0
2023-06-08,8012841,8012841,3,29,7
2023-06-08,8012841,8079604,4,14,13
2023-06-08,8012843,8012146,5,15,188
2023-06-08,8012892,8011109,1,20,6
2023-06-08,8012892,8012892,2,40,11
2023-06-08,8012892,8017349,1,20,18
2023-06-08,8012902,8010141,4,7,30
2023-06-08,8012902,8011702,4,7,141
2023-06-08,8012902,8012268,10,15,70
2023-06-08,8012902,8012902,16,29,68
2023-06-08,8012933,8004177,5,11,90
2023-06-08,8012933,8011230,6,11,98
2023-06-08,8012933,8012933,12,23,102
2023-06-08,8012940,8010325,6,25,50
2023-06-08,8012940,8012264,8,14,264
2023-06-08,8012940,8012940,39,87,157
2023-06-08,8012940,8012951,9,20,80
2023-06-08,8012940,8012953,4,10,279
2023-06-08,8012940,8013186,5,7,86
2023-06-08,8012949,8011939,0,6,0
2023-06-08,8012949,8012949,0,13,0
2023-06-08,8012949,8013232,0,7,0
2023-06-08,8012951,8010156,5,7,141
2023-06-08,8012951,8010173,11,21,71
2023-06-08,8012951,8010325,5,9,60
2023-06-08,8012951,8012940,11,17,291
2023-06-08,8012951,8012951,31,55,141
2023-06-08,8012953,8012940,3,10,24
2023-06-08,8012953,8012953,11,25,112
2023-06-08,8012953,8012960,6,13,164
2023-06-08,8012954,8011718,6,13,162
2023-06-08,8012954,8012954,10,25,109
2023-06-08,8012954,8012960,4,12,50
2023-06-08,8012960,8012953,4,12,48
2023-06-08,8012960,8012954,6,13,164
2023-06-08,8012960,8012960,10,25,109
2023-06-08,8012962,8012962,1,40,8
2023-06-08,8012962,8079084,0,20,0
2023-06-08,8012962,8087025,1,20,30
2023-06-08,8012963,8012963,2,37,14
2023-06-08,8012963,8087025,0,20,0
2023-06-08,8012963,8087026,1,20,16
2023-06-08,8013017,8010241,8,13,171
2023-06-08,8013017,8012421,10,14,133
2023-06-08,8013017,8013017,16,27,131
2023-06-08,8013018,8010267,5,13,23
2023-06-08,8013018,8011442,2,7,17
2023-06-08,8013018,8012474,2,7,13
2023-06-08,8013018,8013018,9,28,29
2023-06-08,8013040,8011797,9,15,84
2023-06-08,8013040,8011995,8,14,58
2023-06-08,8013040,8013040,17,29,64
2023-06-08,8013051,8011646,6,14,62
2023-06-08,8013051,8013051,16,30,140
2023-06-08,8013051,8013177,9,14,197
2023-06-08,8013062,8011017,10,14,294
2023-06-08,8013062,8011778,4,9,203
2023-06-08,8013062,8013062,16,29,210
2023-06-08,8013069,8010156,4,8,120
2023-06-08,8013069,8011951,5,8,75
2023-06-08,8013069,8013069,9,16,90
2023-06-08,8013073,8010173,8,16,262
2023-06-08,8013073,8012716,6,16,90
2023-06-08,8013073,8013073,16,32,179
2023-06-08,8013079,8011326,8,16,163
2023-06-08,8013079,8012643,8,16,154
2023-06-08,8013079,8013079,16,32,155
2023-06-08,8013104,8010210,6,14,240
2023-06-08,8013104,8012835,6,15,148
2023-06-08,8013104,8013104,12,29,199
2023-06-08,8013105,8011797,10,14,141
2023-06-08,8013105,8012438,8,14,51
2023-06-08,8013105,8013105,16,29,80
2023-06-08,8013106,8079604,0,15,0
2023-06-08,8013131,8010179,4,9,40
2023-06-08,8013131,8011456,4,10,54
2023-06-08,8013131,8013131,9,19,44
2023-06-08,8013132,8010392,2,23,9
2023-06-08,8013132,8011108,1,20,8
2023-06-08,8013132,8013132,3,42,7
2023-06-08,8013133,8010392,0,15,0
2023-06-08,8013133,8011992,0,15,0
2023-06-08,8013133,8013133,0,30,0
2023-06-08,8013156,8013162,2,9,27
2023-06-08,8013161,8013161,2,40,10
2023-06-08,8013161,8017349,1,20,3
2023-06-08,8013161,8087027,1,20,16
2023-06-08,8013162,8011456,2,9,23
2023-06-08,8013162,8013156,6,10,54
2023-06-08,8013162,8013162,5,19,35
2023-06-08,8013177,8011356,10,14,234
2023-06-08,8013177,8013051,8,15,142
2023-06-08,8013177,8013177,17,29,175
2023-06-08,8013186,8010051,5,13,53
2023-06-08,8013186,8011215,2,6,20
2023-06-08,8013186,8012940,4,7,167
2023-06-08,8013186,8013186,10,27,81
2023-06-08,8013232,8012949,0,6,0
2023-06-08,8013232,8013232,0,13,0
2023-06-08,8013293,8011731,4,6,60
2023-06-08,8013293,8013293,3,12,38
2023-06-08,8013293,8070946,2,6,60
2023-06-08,8013322,8011481,12,14,257
2023-06-08,8013322,8011707,11,15,126
2023-06-08,8013322,8013322,23,29,186
2023-06-08,8013339,8011889,1,15,28
2023-06-08,8013339,8013339,10,28,26
2023-06-08,8013339,8013340,1,22,7
2023-06-08,8013340,8013339,1,20,9
2023-06-08,8013340,8013340,2,42,7
2023-06-08,8013340,8013341,1,22,5
2023-06-08,8013341,8011108,1,22,7
2023-06-08,8013341,8013340,1,20,6
2023-06-08,8013341,8013341,2,42,7
2023-06-08,8013352,8011778,0,2,0
2023-06-08,8013352,8012358,4,7,51
2023-06-08,8013352,8013352,6,16,41
2023-06-08,8013354,8010325,7,16,300
2023-06-08,8013354,8012643,6,16,99
2023-06-08,8013354,8013354,14,33,152
2023-06-08,8013370,8010173,2,4,52
2023-06-08,8013370,8012009,3,5,30
2023-06-08,8013370,8013370,5,9,40
2023-06-08,8013373,8011481,10,15,92
2023-06-08,8013373,8013373,19,29,161
2023-06-08,8013385,8010392,1,20,9
2023-06-08,8013385,8012086,1,20,6
2023-06-08,8013385,8013385,3,40,10
2023-06-08,8013393,8010213,6,7,223
2023-06-08,8013393,8012610,4,7,51
2023-06-08,8013393,8013393,10,14,133
2023-06-08,8013409,8012361,2,6,50
2023-06-08,8013409,8013409,6,12,35
2023-06-08,8013409,8070946,0,6,0
2023-06-08,8017349,8012892,1,20,6
2023-06-08,8017349,8013161,1,20,16
2023-06-08,8017349,8017349,2,40,10
2023-06-08,8070946,8013293,3,6,20
2023-06-08,8070946,8013409,2,6,55
2023-06-08,8070946,8070946,5,12,38
2023-06-08,8079604,8012841,7,15,14
2023-06-08,8079604,8013106,1,14,4
2023-06-08,8079604,8079604,10,29,10
2023-06-08,8079629,8011735,16,21,119
2023-06-08,8079629,8012785,9,12,70
2023-06-08,8079629,8012806,3,6,185
2023-06-08,8079629,8079629,27,41,86
2023-06-08,8087025,8012962,0,20,0
2023-06-08,8087025,8012963,1,20,28
2023-06-08,8087025,8087025,1,40,15
2023-06-08,8087026,8011109,1,20,18
2023-06-08,8087026,8012963,1,20,6
2023-06-08,8087026,8087026,2,40,11
2023-06-08,8087027,8012065,1,20,15
2023-06-08,8087027,8013161,1,20,6
2023-06-08,8087027,8087027,2,40,11
2023-06-13,8010016,8010016,7,7,43
2023-06-13,8010016,8011031,1,4,8
2023-06-13,8010016,8012729,1,3,20
2023-06-13,8010051,8010051,5,11,44
2023-06-13,8010051,8010153,1,3,60
2023-06-13,8010051,8010322,2,3,50
2023-06-13,8010051,8013186,0,5,0
2023-06-13,8010141,8010141,4,9,83
2023-06-13,8010141,8011702,2,3,100
2023-06-13,8010141,8012651,0,2,0
2023-06-13,8010141,8012902,1,1,30
2023-06-13,8010153,8010051,1,2,15
2023-06-13,8010153,8010153,11,16,231
2023-06-13,8010153,8010201,2,2,90
2023-06-13,8010153,8010284,1,5,6
2023-06-13,8010153,8012269,0,4,0
2023-06-13,8010156,8010156,9,11,131
2023-06-13,8010156,8011798,0,1,0
2023-06-13,8010156,8012677,3,3,160
2023-06-13,8010156,8012951,4,5,186
2023-06-13,8010156,8013069,1,2,15
2023-06-13,8010173,8010173,7,11,603
2023-06-13,8010173,8012951,2,6,980
2023-06-13,8010173,8013073,4,5,162
2023-06-13,8010176,8010176,1,7,9
2023-06-13,8010176,8010381,1,4,15
2023-06-13,8010176,8011995,0,3,0
2023-06-13,8010179,8010179,6,8,-296
2023-06-13,8010179,8011536,2,2,210
2023-06-13,8010179,8012418,1,2,120
2023-06-13,8010179,8012839,1,2,-1740
2023-06-13,8010179,8013131,1,1,60
2023-06-13,8010199,8010199,3,9,43
2023-06-13,8010199,8010284,1,4,22
2023-06-13,8010199,8012436,2,5,66
2023-06-13,8010201,8010153,1,3,480
2023-06-13,8010201,8010201,5,6,230
2023-06-13,8010201,8012093,3,3,40
2023-06-13,8010210,8010210,5,7,21
2023-06-13,8010210,8012683,1,4,8
2023-06-13,8010210,8012832,2,3,50
2023-06-13,8010210,8013104,4,4,128
2023-06-13,8010213,8010213,3,3,80
2023-06-13,8010213,8011689,1,1,150
2023-06-13,8010213,8013393,2,2,30
2023-06-13,8010227,8010227,6,9,57
2023-06-13,8010227,8010348,4,4,82
2023-06-13,8010227,8012758,5,5,78
2023-06-13,8010241,8010241,9,11,436
2023-06-13,8010241,8011025,2,2,1890
2023-06-13,8010241,8011293,4,4,188
2023-06-13,8010241,8012376,2,3,20
2023-06-13,8010241,8013017,3,3,170
2023-06-13,8010267,8011403,1,3,110
2023-06-13,8010267,8013018,1,2,30
2023-06-13,8010284,8010153,2,4,30
2023-06-13,8010284,8010199,2,5,48
2023-06-13,8010284,8010284,3,9,23
2023-06-13,8010300,8010300,8,11,98
2023-06-13,8010300,8011611,2,3,70
2023-06-13,8010300,8012377,3,3,180
2023-06-13,8010300,8012582,2,3,50
2023-06-13,8010322,8010051,3,3,30
2023-06-13,8010322,8010322,7,14,69
2023-06-13,8010322,8011924,3,4,285
2023-06-13,8010322,8012362,2,4,82
2023-06-13,8010325,8010325,5,13,402
2023-06-13,8010325,8012940,3,7,630
2023-06-13,8010325,8012951,2,3,260
2023-06-13,8010325,8013354,2,3,40
2023-06-13,8010339,8010339,8,8,232
2023-06-13,8010339,8011213,4,4,322
2023-06-13,8010339,8012555,4,4,248
2023-06-13,8010348,8010227,1,5,42
2023-06-13,8010348,8010348,9,9,63
2023-06-13,8010348,8012436,2,4,15
2023-06-13,8010381,8010176,0,3,0
2023-06-13,8010381,8012321,1,4,368
2023-06-13,8010392,8013132,0,5,0
2023-06-13,8010392,8013133,0,3,0
2023-06-13,8011017,8011017,3,9,97
2023-06-13,8011017,8012711,2,5,24
2023-06-13,8011017,8013062,1,4,180
2023-06-13,8011025,8010241,2,3,40
2023-06-13,8011025,8011025,4,5,762
2023-06-13,8011025,8011646,2,2,1830
2023-06-13,8011027,8011027,3,5,48
2023-06-13,8011027,8011281,1,3,30
2023-06-13,8011027,8012762,1,2,45
2023-06-13,8011031,8010016,4,4,68
2023-06-13,8011031,8011031,4,8,30
2023-06-13,8011031,8012609,1,4,15
2023-06-13,8011044,8011044,3,6,145
2023-06-13,8011044,8011438,3,3,240
2023-06-13,8011044,8012021,1,2,75
2023-06-13,8011108,8011108,0,10,0
2023-06-13,8011108,8013132,0,5,0
2023-06-13,8011108,8013341,0,5,0
2023-06-13,8011114,8012005,0,3,0
2023-06-13,8011140,8011140,4,6,110
2023-06-13,8011140,8012377,2,3,70
2023-06-13,8011140,8012806,2,3,150
2023-06-13,8011205,8010399,1,1,90
2023-06-13,8011205,8011205,4,5,798
2023-06-13,8011205,8011307,2,3,1260
2023-06-13,8011213,8010339,3,3,140
2023-06-13,8011213,8011213,7,7,266
2023-06-13,8011213,8012610,1,1,210
2023-06-13,8011230,8011230,6,8,199
2023-06-13,8011230,8011248,4,5,192
2023-06-13,8011230,8012933,2,3,280
2023-06-13,8011248,8011230,2,3,170
2023-06-13,8011248,8011248,6,8,188
2023-06-13,8011248,8012677,4,5,186
2023-06-13,8011270,8011270,3,6,15
2023-06-13,8011270,8011729,2,3,20
2023-06-13,8011270,8012785,1,3,20
2023-06-13,8011281,8011027,1,2,45
2023-06-13,8011281,8011281,2,5,42
2023-06-13,8011281,8012316,1,3,10
2023-06-13,8011286,8011286,5,9,57
2023-06-13,8011286,8011889,4,5,84
2023-06-13,8011286,8011991,0,4,0
2023-06-13,8011293,8010241,4,5,1194
2023-06-13,8011293,8011293,8,9,680
2023-06-13,8011293,8011307,2,2,120
2023-06-13,8011307,8011205,2,2,120
2023-06-13,8011307,8011293,3,3,1260
2023-06-13,8011307,8011307,5,5,810
2023-06-13,8011326,8011326,0,8,0
2023-06-13,8011326,8012824,0,5,0
2023-06-13,8011326,8013079,0,3,0
2023-06-13,8011356,8011356,5,5,834
2023-06-13,8011356,8012710,3,3,1230
2023-06-13,8011356,8013177,2,2,225
2023-06-13,8011403,8010267,0,5,0
2023-06-13,8011403,8011403,1,8,82
2023-06-13,8011403,8011582,1,3,180
2023-06-13,8011438,8011044,1,2,105
2023-06-13,8011438,8011438,5,5,204
2023-06-13,8011438,8011536,3,3,240
2023-06-13,8011442,8011442,1,4,30
2023-06-13,8011442,8012474,1,2,45
2023-06-13,8011442,8013018,0,2,0
2023-06-13,8011456,8011456,2,3,70
2023-06-13,8011456,8013131,1,2,30
2023-06-13,8011456,8013162,1,1,120
2023-06-13,8011481,8011481,4,5,828
2023-06-13,8011481,8013322,1,2,15
2023-06-13,8011481,8013373,3,3,1350
2023-06-13,8011536,8010179,2,3,200
2023-06-13,8011536,8011438,2,2,195
2023-06-13,8011536,8011536,5,5,216
2023-06-13,8011582,8011403,0,5,0
2023-06-13,8011582,8011582,1,8,52
2023-06-13,8011582,8012824,1,3,70
2023-06-13,8011592,8011592,0,5,0
2023-06-13,8011592,8011908,0,2,0
2023-06-13,8011592,8012274,0,4,0
2023-06-13,8011611,8010300,2,2,135
2023-06-13,8011611,8011611,4,5,114
2023-06-13,8011611,8012762,2,3,80
2023-06-13,8011646,8011025,2,3,80
2023-06-13,8011646,8011646,4,5,798
2023-06-13,8011646,8013051,2,2,1800
2023-06-13,8011681,8011681,5,5,48
2023-06-13,8011681,8011994,2,2,60
2023-06-13,8011681,8012262,2,3,260
2023-06-13,8011689,5100145,1,1,120
2023-06-13,8011689,8010213,0,2,0
2023-06-13,8011689,8011689,1,3,40
2023-06-13,8011694,8011694,4,9,93
2023-06-13,8011694,8011723,3,4,165
2023-06-13,8011694,8011953,1,2,90
2023-06-13,8011694,8012358,2,3,120
2023-06-13,8011702,8010141,0,2,0
2023-06-13,8011702,8011702,1,5,54
2023-06-13,8011702,8012902,2,3,150
2023-06-13,8011707,8011707,5,5,834
2023-06-13,8011707,8012710,2,2,390
2023-06-13,8011707,8013322,3,3,1390
2023-06-13,8011718,8011718,2,7,17
2023-06-13,8011718,8012274,0,3,0
2023-06-13,8011718,8012954,1,4,22
2023-06-13,8011723,8011694,1,5,30
2023-06-13,8011723,8011723,4,9,90
2023-06-13,8011723,8012021,1,2,165
2023-06-13,8011726,8011726,0,4,0
2023-06-13,8011726,8011951,0,1,0
2023-06-13,8011726,8012474,0,2,0
2023-06-13,8011729,8011270,1,3,10
2023-06-13,8011729,8011729,1,6,5
2023-06-13,8011729,8012841,0,3,0
2023-06-13,8011735,8011735,6,8,49
2023-06-13,8011735,8012609,4,4,60
2023-06-13,8011735,8079629,2,4,15
2023-06-13,8011778,8011778,4,5,24
2023-06-13,8011778,8012316,1,2,15
2023-06-13,8011778,8013062,1,2,30
2023-06-13,8011797,8011797,8,8,52
2023-06-13,8011797,8013040,2,4,22
2023-06-13,8011797,8013105,1,4,8
2023-06-13,8011798,8010156,2,2,30
2023-06-13,8011864,8003774,4,4,135
2023-06-13,8011864,8011864,7,9,107
2023-06-13,8011864,8012268,3,5,78
2023-06-13,8011889,8011286,0,4,0
2023-06-13,8011889,8011889,5,9,57
2023-06-13,8011889,8013339,5,5,120
2023-06-13,8011908,8011592,0,3,0
2023-06-13,8011908,8011908,0,5,0
2023-06-13,8011908,8012737,0,2,0
2023-06-13,8011939,8011939,0,1,0
2023-06-13,8011939,8012517,0,1,0
2023-06-13,8011951,8011726,1,2,15
2023-06-13,8011951,8011951,1,3,20
2023-06-13,8011951,8013069,0,1,0
2023-06-13,8011953,8011694,2,2,195
2023-06-13,8011953,8011953,4,5,162
2023-06-13,8011953,8012358,2,2,255
2023-06-13,8011991,8011286,5,5,90
2023-06-13,8011991,8011991,5,9,50
2023-06-13,8011992,8011992,0,6,0
2023-06-13,8011992,8012617,0,3,0
2023-06-13,8011992,8013133,0,3,0
2023-06-13,8011995,8010176,1,4,15
2023-06-13,8011995,8011995,1,7,9
2023-06-13,8011995,8013040,1,3,10
2023-06-13,8012005,8011114,2,3,30
2023-06-13,8012005,8012005,1,6,5
2023-06-13,8012005,8012827,0,3,0
2023-06-13,8012021,8011044,2,3,240
2023-06-13,8012021,8011723,2,2,60
2023-06-13,8012021,8012021,4,5,192
2023-06-13,8012093,8010201,2,3,450
2023-06-13,8012093,8010399,2,2,300
2023-06-13,8012093,8012093,4,6,285
2023-06-13,8012108,8012108,2,7,13
2023-06-13,8012108,8012729,1,4,8
2023-06-13,8012108,8012840,1,3,10
2023-06-13,8012109,8012109,4,8,112
2023-06-13,8012109,8012143,4,4,202
2023-06-13,8012109,8012856,0,4,0
2023-06-13,8012143,8012109,0,4,0
2023-06-13,8012146,8012146,2,7,17
2023-06-13,8012146,8012832,0,4,0
2023-06-13,8012146,8012843,2,3,20
2023-06-13,8012262,8011681,2,2,30
2023-06-13,8012262,8012262,8,11,785
2023-06-13,8012262,8012716,4,6,1045
2023-06-13,8012264,8012264,9,13,503
2023-06-13,8012264,8012321,2,3,370
2023-06-13,8012264,8012384,2,2,2055
2023-06-13,8012264,8012940,3,4,292
2023-06-13,8012268,8011864,4,4,135
2023-06-13,8012268,8012268,6,9,107
2023-06-13,8012268,8012902,3,5,66
2023-06-13,8012269,8010153,3,4,172
2023-06-13,8012269,8012269,4,8,90
2023-06-13,8012269,8012362,1,4,8
2023-06-13,8012274,8011592,0,3,0
2023-06-13,8012274,8011718,0,4,0
2023-06-13,8012274,8012274,0,7,0
2023-06-13,8012316,8011281,1,2,45
2023-06-13,8012316,8011778,1,3,10
2023-06-13,8012316,8012316,1,5,6
2023-06-13,8012321,8010381,3,5,1020
2023-06-13,8012321,8012264,0,2,0
2023-06-13,8012321,8012321,6,9,753
2023-06-13,8012321,8012384,2,2,750
2023-06-13,8012358,8011694,2,2,240
2023-06-13,8012358,8011953,2,3,120
2023-06-13,8012358,8012358,10,11,202
2023-06-13,8012358,8013352,2,2,225
2023-06-13,8012362,8010322,3,4,90
2023-06-13,8012362,8012269,3,4,165
2023-06-13,8012362,8012362,4,8,105
2023-06-13,8012376,8010241,5,6,115
2023-06-13,8012376,8012376,6,9,77
2023-06-13,8012376,8012758,3,3,50
2023-06-13,8012377,8010300,2,3,50
2023-06-13,8012377,8011140,2,3,170
2023-06-13,8012377,8012377,4,6,110
2023-06-13,8012384,8012264,2,2,705
2023-06-13,8012384,8012321,2,2,2040
2023-06-13,8012384,8012384,4,4,1380
2023-06-13,8012421,8012421,7,7,296
2023-06-13,8012421,8012555,3,3,340
2023-06-13,8012421,8013017,4,4,270
2023-06-13,8012436,8010199,2,4,22
2023-06-13,8012436,8010348,5,5,96
2023-06-13,8012436,8012436,7,9,50
2023-06-13,8012438,8012438,3,7,17
2023-06-13,8012438,8012840,1,4,8
2023-06-13,8012438,8013105,1,3,20
2023-06-13,8012474,8011442,0,2,0
2023-06-13,8012474,8011726,1,2,15
2023-06-13,8012474,8012474,3,6,45
2023-06-13,8012474,8013018,1,1,120
2023-06-13,8012517,8012296,0,1,0
2023-06-13,8012517,8012517,0,1,0
2023-06-13,8012555,8010339,3,3,290
2023-06-13,8012555,8012421,4,4,262
2023-06-13,8012555,8012555,7,7,274
2023-06-13,8012582,8010300,3,3,80
2023-06-13,8012582,8012582,5,6,40
2023-06-13,8012582,8012584,2,3,60
2023-06-13,8012583,8012584,0,3,0
2023-06-13,8012584,8012582,0,3,0
2023-06-13,8012584,8012583,2,3,40
2023-06-13,8012584,8012584,2,6,20
2023-06-13,8012609,8011031,4,4,60
2023-06-13,8012609,8011735,2,4,30
2023-06-13,8012609,8012609,6,8,41
2023-06-13,8012610,8011213,2,2,150
2023-06-13,8012610,8012610,3,3,90
2023-06-13,8012610,8013393,1,1,240
2023-06-13,8012617,8011992,0,3,0
2023-06-13,8012643,8012643,2,8,8
2023-06-13,8012643,8013079,0,4,0
2023-06-13,8012643,8013354,2,4,15
2023-06-13,8012677,8010156,4,5,186
2023-06-13,8012677,8011248,2,3,200
2023-06-13,8012677,8012677,6,8,188
2023-06-13,8012683,8010210,1,4,15
2023-06-13,8012683,8012683,1,8,11
2023-06-13,8012683,8012684,0,4,0
2023-06-13,8012684,8012683,1,4,30
2023-06-13,8012684,8012684,1,8,15
2023-06-13,8012710,8011356,2,2,285
2023-06-13,8012710,8011707,3,3,1180
2023-06-13,8012710,8012710,5,5,882
2023-06-13,8012711,8011017,1,4,188
2023-06-13,8012711,8012711,3,9,100
2023-06-13,8012711,8012835,2,5,12
2023-06-13,8012716,8012262,4,5,456
2023-06-13,8012716,8012716,9,11,698
2023-06-13,8012716,8013073,5,6,1045
2023-06-13,8012729,8010016,4,4,75
2023-06-13,8012729,8012108,1,3,20
2023-06-13,8012729,8012729,5,7,30
2023-06-13,8012737,8011908,0,3,0
2023-06-13,8012758,8010227,4,4,60
2023-06-13,8012758,8012376,5,5,102
2023-06-13,8012758,8012758,9,9,87
2023-06-13,8012762,8011027,2,3,50
2023-06-13,8012762,8011611,2,2,120
2023-06-13,8012762,8012762,3,5,54
2023-06-13,8012785,8011270,0,3,0
2023-06-13,8012785,8012785,2,6,10
2023-06-13,8012785,8079629,0,1,0
2023-06-13,8012806,8011140,3,3,50
2023-06-13,8012806,8012806,4,6,80
2023-06-13,8012824,8011326,0,3,0
2023-06-13,8012824,8011582,0,5,0
2023-06-13,8012824,8012824,0,8,0
2023-06-13,8012827,8012005,1,3,10
2023-06-13,8012827,8012827,1,6,10
2023-06-13,8012832,8010210,0,4,0
2023-06-13,8012832,8012146,2,3,30
2023-06-13,8012832,8012832,2,7,13
2023-06-13,8012835,8012711,1,4,195
2023-06-13,8012835,8012835,2,9,93
2023-06-13,8012835,8013104,1,5,6
2023-06-13,8012839,8010179,1,1,60
2023-06-13,8012839,8012839,2,3,-2320
2023-06-13,8012840,8012108,2,4,15
2023-06-13,8012840,8012438,1,3,20
2023-06-13,8012840,8012840,3,7,17
2023-06-13,8012841,8011729,1,3,10
2023-06-13,8012841,8012841,2,6,10
2023-06-13,8012841,8079604,0,3,0
2023-06-13,8012843,8012146,1,4,8
2023-06-13,8012856,8012002,2,4,22
2023-06-13,8012856,8012109,4,4,248
2023-06-13,8012856,8012856,6,8,116
2023-06-13,8012902,8010141,3,3,120
2023-06-13,8012902,8011702,0,2,0
2023-06-13,8012902,8012268,4,4,158
2023-06-13,8012902,8012902,6,9,110
2023-06-13,8012933,8004177,3,3,350
2023-06-13,8012933,8011230,4,5,222
2023-06-13,8012933,8012933,6,8,266
2023-06-13,8012940,8010325,4,6,155
2023-06-13,8012940,8012264,4,4,1372
2023-06-13,8012940,8012940,18,27,309
2023-06-13,8012940,8012951,4,5,36
2023-06-13,8012940,8012953,1,2,15
2023-06-13,8012940,8013186,3,3,40
2023-06-13,8012949,8011939,0,1,0
2023-06-13,8012949,8012949,0,1,0
2023-06-13,8012951,8010156,3,3,100
2023-06-13,8012951,8010173,3,5,120
2023-06-13,8012951,8010325,1,3,1440
2023-06-13,8012951,8012940,7,8,304
2023-06-13,8012951,8012951,13,19,399
2023-06-13,8012953,8012940,1,3,10
2023-06-13,8012953,8012953,3,7,34
2023-06-13,8012953,8012960,1,3,40
2023-06-13,8012954,8011718,1,3,40
2023-06-13,8012954,8012954,2,7,26
2023-06-13,8012954,8012960,1,4,15
2023-06-13,8012960,8012953,1,4,15
2023-06-13,8012960,8012954,1,3,40
2023-06-13,8012960,8012960,2,7,26
2023-06-13,8013017,8010241,4,4,262
2023-06-13,8013017,8012421,2,3,190
2023-06-13,8013017,8013017,6,7,210
2023-06-13,8013018,8010267,1,3,20
2023-06-13,8013018,8011442,1,2,60
2023-06-13,8013018,8013018,2,5,36
2023-06-13,8013040,8011797,3,3,60
2023-06-13,8013040,8011995,1,4,15
2023-06-13,8013040,8013040,4,7,26
2023-06-13,8013051,8011646,2,3,120
2023-06-13,8013051,8013051,5,6,705
2023-06-13,8013051,8013177,3,3,1240
2023-06-13,8013062,8011017,3,5,42
2023-06-13,8013062,8011778,2,2,30
2023-06-13,8013062,8013062,5,9,107
2023-06-13,8013069,8010156,0,1,0
2023-06-13,8013069,8011951,1,2,30
2023-06-13,8013069,8013069,1,3,20
2023-06-13,8013073,8010173,4,6,1000
2023-06-13,8013073,8012716,4,5,144
2023-06-13,8013073,8013073,10,11,638
2023-06-13,8013079,8011326,2,4,15
2023-06-13,8013079,8012643,1,4,8
2023-06-13,8013079,8013079,3,8,11
2023-06-13,8013104,8010210,2,5,12
2023-06-13,8013104,8012835,1,4,210
2023-06-13,8013104,8013104,1,9,93
2023-06-13,8013105,8011797,3,3,100
2023-06-13,8013105,8012438,2,4,22
2023-06-13,8013105,8013105,4,7,34
2023-06-13,8013106,8079604,0,3,0
2023-06-13,8013131,8010179,1,2,-1755
2023-06-13,8013131,8011456,1,1,90
2023-06-13,8013131,8013131,2,3,40
2023-06-13,8013132,8010392,0,5,0
2023-06-13,8013132,8011108,0,5,0
2023-06-13,8013132,8013132,0,10,0
2023-06-13,8013133,8010392,0,3,0
2023-06-13,8013133,8011992,0,3,0
2023-06-13,8013133,8013133,0,6,0
2023-06-13,8013156,8013162,1,2,60
2023-06-13,8013162,8011456,1,2,60
2023-06-13,8013162,8013156,1,1,90
2023-06-13,8013162,8013162,2,3,70
2023-06-13,8013177,8011356,3,3,1270
2023-06-13,8013177,8013051,2,2,210
2023-06-13,8013177,8013177,5,5,840
2023-06-13,8013186,8010051,4,6,65
2023-06-13,8013186,8011215,0,1,0
2023-06-13,8013186,8012264,0,1,0
2023-06-13,8013186,8012940,1,2,15
2023-06-13,8013186,8013186,4,11,35
2023-06-13,8013232,8012949,0,1,0
2023-06-13,8013232,8013232,0,1,0
2023-06-13,8013322,8011481,3,3,1370
2023-06-13,8013322,8011707,2,2,30
2023-06-13,8013322,8013322,5,5,840
2023-06-13,8013339,8011889,0,4,0
2023-06-13,8013339,8013339,5,9,33
2023-06-13,8013339,8013340,0,5,0
2023-06-13,8013340,8013339,0,5,0
2023-06-13,8013340,8013340,0,10,0
2023-06-13,8013340,8013341,0,5,0
2023-06-13,8013341,8011108,0,5,0
2023-06-13,8013341,8013340,0,5,0
2023-06-13,8013341,8013341,0,10,0
2023-06-13,8013352,8012358,3,3,120
2023-06-13,8013352,8013352,4,5,132
2023-06-13,8013354,8010325,1,4,8
2023-06-13,8013354,8012643,1,3,20
2023-06-13,8013354,8013354,3,7,26
2023-06-13,8013373,8011481,2,2,45
2023-06-13,8013373,8013373,4,5,834
2023-06-13,8013393,8010213,1,1,150
2023-06-13,8013393,8012610,0,2,0
2023-06-13,8013393,8013393,1,3,60
2023-06-13,8079604,8012841,2,3,20
2023-06-13,8079604,8013106,0,3,0
2023-06-13,8079604,8079604,1,6,5
2023-06-13,8079629,8011735,4,4,75
2023-06-13,8079629,8012785,1,2,15
2023-06-13,8079629,8079629,5,8,26
2023-06-14,8010016,8010016,33,36,415
2023-06-14,8010016,8011031,15,24,378
2023-06-14,8010016,8012729,16,18,492
2023-06-14,8010051,8010051,20,42,34
2023-06-14,8010051,8010153,5,9,57
2023-06-14,8010051,8010322,9,12,65
2023-06-14,8010051,8012264,1,2,45
2023-06-14,8010051,8013186,9,19,28
2023-06-14,8010141,8010141,23,38,47
2023-06-14,8010141,8011702,8,11,46
2023-06-14,8010141,8012651,3,9,27
2023-06-14,8010141,8012902,5,8,38
2023-06-14,8010153,8010051,7,9,30
2023-06-14,8010153,8010153,44,56,80
2023-06-14,8010153,8010201,9,10,117
2023-06-14,8010153,8010284,5,18,32
2023-06-14,8010153,8012269,3,18,5
2023-06-14,8010156,8010156,47,57,109
2023-06-14,8010156,8011798,6,13,46
2023-06-14,8010156,8012009,3,4,240
2023-06-14,8010156,8012474,3,4,158
2023-06-14,8010156,8012677,11,15,92
2023-06-14,8010156,8012951,12,12,172
2023-06-14,8010156,8013069,2,10,12
2023-06-14,8010173,8010173,45,52,80
2023-06-14,8010173,8012951,21,26,98
2023-06-14,8010173,8013073,19,21,84
2023-06-14,8010173,8013370,4,5,90
2023-06-14,8010176,8010176,24,36,312
2023-06-14,8010176,8010381,16,18,543
2023-06-14,8010176,8011995,8,18,108
2023-06-14,8010179,8010179,37,42,106
2023-06-14,8010179,8011536,9,10,159
2023-06-14,8010179,8012418,8,9,210
2023-06-14,8010179,8012839,9,11,-213
2023-06-14,8010179,8013131,7,11,112
2023-06-14,8010199,8010199,23,36,54
2023-06-14,8010199,8010284,10,18,42
2023-06-14,8010199,8012436,14,18,73
2023-06-14,8010201,8010153,8,10,123
2023-06-14,8010201,8010201,13,20,116
2023-06-14,8010201,8012093,9,10,102
2023-06-14,8010210,8010210,25,34,110
2023-06-14,8010210,8012683,12,17,46
2023-06-14,8010210,8012832,14,17,113
2023-06-14,8010210,8013104,11,19,101
2023-06-14,8010213,8010213,15,17,314
2023-06-14,8010213,8011689,6,8,386
2023-06-14,8010213,8013393,8,9,273
2023-06-14,8010227,8010227,23,36,67
2023-06-14,8010227,8010348,17,18,117
2023-06-14,8010227,8012758,19,19,66
2023-06-14,8010241,8010241,63,65,264
2023-06-14,8010241,8011025,14,17,263
2023-06-14,8010241,8011293,19,19,477
2023-06-14,8010241,8012376,11,18,62
2023-06-14,8010241,8013017,14,17,221
2023-06-14,8010267,8011403,2,19,41
2023-06-14,8010267,8013018,5,17,71
2023-06-14,8010284,8010153,13,18,65
2023-06-14,8010284,8010199,11,18,62
2023-06-14,8010284,8010284,21,36,46
2023-06-14,8010300,8010300,52,58,131
2023-06-14,8010300,8011611,13,15,160
2023-06-14,8010300,8012377,15,16,142
2023-06-14,8010300,8012582,14,17,101
2023-06-14,8010322,8010051,7,12,45
2023-06-14,8010322,8010322,41,60,42
2023-06-14,8010322,8011924,10,18,27
2023-06-14,8010322,8012362,14,18,38
2023-06-14,8010325,8010325,28,63,70
2023-06-14,8010325,8012940,18,32,111
2023-06-14,8010325,8012951,6,11,27
2023-06-14,8010325,8013354,8,20,39
2023-06-14,8010339,8010339,33,34,270
2023-06-14,8010339,8011213,17,17,353
2023-06-14,8010339,8012555,17,17,296
2023-06-14,8010348,8010227,4,18,20
2023-06-14,8010348,8010348,33,36,73
2023-06-14,8010348,8012436,12,18,32
2023-06-14,8010381,8010176,7,18,72
2023-06-14,8010381,8012321,8,21,97
2023-06-14,8010392,8010392,4,39,5
2023-06-14,8010392,8013132,0,26,0
2023-06-14,8010392,8013133,0,18,0
2023-06-14,8010392,8013385,4,20,10
2023-06-14,8011017,8011017,21,38,79
2023-06-14,8011017,8012711,10,19,115
2023-06-14,8011017,8013062,8,19,62
2023-06-14,8011025,8010241,11,17,272
2023-06-14,8011025,8011025,24,34,273
2023-06-14,8011025,8011646,14,17,335
2023-06-14,8011027,8011027,13,21,90
2023-06-14,8011027,8011281,8,11,128
2023-06-14,8011027,8012762,3,10,15
2023-06-14,8011031,8010016,14,25,67
2023-06-14,8011031,8011031,29,49,212
2023-06-14,8011031,8012609,15,24,374
2023-06-14,8011044,8011044,12,21,369
2023-06-14,8011044,8011438,8,10,381
2023-06-14,8011044,8012021,4,10,378
2023-06-14,8011108,8011108,9,52,29
2023-06-14,8011108,8013132,7,27,54
2023-06-14,8011108,8013341,2,25,2
2023-06-14,8011109,8011109,3,40,2
2023-06-14,8011109,8012892,0,20,0
2023-06-14,8011109,8087026,0,20,0
2023-06-14,8011114,8012005,0,17,0
2023-06-14,8011140,8011140,31,34,139
2023-06-14,8011140,8012377,17,18,132
2023-06-14,8011140,8012806,13,16,152
2023-06-14,8011205,8010399,8,9,500
2023-06-14,8011205,8011205,20,22,455
2023-06-14,8011205,8011307,10,11,415
2023-06-14,8011213,8010339,14,17,129
2023-06-14,8011213,8011213,33,34,266
2023-06-14,8011213,8012610,8,8,349
2023-06-14,8011213,8012839,2,2,300
2023-06-14,8011230,8011230,27,31,152
2023-06-14,8011230,8011248,15,16,216
2023-06-14,8011230,8012933,13,15,136
2023-06-14,8011248,8011230,10,15,82
2023-06-14,8011248,8011248,24,31,150
2023-06-14,8011248,8012677,14,16,197
2023-06-14,8011270,8011270,22,35,144
2023-06-14,8011270,8011729,15,17,222
2023-06-14,8011270,8012785,9,18,90
2023-06-14,8011281,8011027,1,10,12
2023-06-14,8011281,8011281,11,21,70
2023-06-14,8011281,8012316,10,11,95
2023-06-14,8011286,8011286,18,38,92
2023-06-14,8011286,8011889,13,19,169
2023-06-14,8011286,8011991,0,19,0
2023-06-14,8011293,8010241,17,19,368
2023-06-14,8011293,8011293,35,38,436
2023-06-14,8011293,8011307,10,11,447
2023-06-14,8011307,8011205,11,11,445
2023-06-14,8011307,8011293,10,11,412
2023-06-14,8011307,8011307,20,22,427
2023-06-14,8011326,8011326,14,38,44
2023-06-14,8011326,8012824,4,19,32
2023-06-14,8011326,8013079,6,20,56
2023-06-14,8011356,8011356,25,34,381
2023-06-14,8011356,8012710,11,17,422
2023-06-14,8011356,8013177,14,17,425
2023-06-14,8011403,8010267,5,19,24
2023-06-14,8011403,8011403,8,38,34
2023-06-14,8011403,8011582,3,19,46
2023-06-14,8011438,8011044,5,10,243
2023-06-14,8011438,8011438,14,20,238
2023-06-14,8011438,8011536,8,10,369
2023-06-14,8011442,8011442,9,18,138
2023-06-14,8011442,8012474,6,9,153
2023-06-14,8011442,8013018,5,9,137
2023-06-14,8011456,8011456,9,22,79
2023-06-14,8011456,8013131,7,11,76
2023-06-14,8011456,8013162,7,11,112
2023-06-14,8011481,8011481,27,34,293
2023-06-14,8011481,8013322,14,17,217
2023-06-14,8011481,8013373,13,17,399
2023-06-14,8011536,8010179,7,10,342
2023-06-14,8011536,8011438,7,10,132
2023-06-14,8011536,8011536,16,20,255
2023-06-14,8011582,8011403,4,19,24
2023-06-14,8011582,8011582,11,38,40
2023-06-14,8011582,8012824,7,19,54
2023-06-14,8011592,8011592,2,28,5
2023-06-14,8011592,8011908,1,14,6
2023-06-14,8011592,8012274,2,16,6
2023-06-14,8011611,8010300,10,13,111
2023-06-14,8011611,8011611,23,28,142
2023-06-14,8011611,8012762,11,13,175
2023-06-14,8011646,8011025,12,17,307
2023-06-14,8011646,8011646,28,34,341
2023-06-14,8011646,8013051,12,17,295
2023-06-14,8011681,8011681,10,20,96
2023-06-14,8011681,8011994,6,10,90
2023-06-14,8011681,8012262,8,10,108
2023-06-14,8011689,5100145,6,8,352
2023-06-14,8011689,8010213,6,9,240
2023-06-14,8011689,8011689,12,17,296
2023-06-14,8011694,8011694,28,38,543
2023-06-14,8011694,8011723,15,19,278
2023-06-14,8011694,8011953,5,9,93
2023-06-14,8011694,8012358,10,10,1578
2023-06-14,8011702,8010141,4,9,30
2023-06-14,8011702,8011702,7,20,22
2023-06-14,8011702,8012902,7,11,41
2023-06-14,8011707,8011707,28,34,417
2023-06-14,8011707,8012710,15,17,508
2023-06-14,8011707,8013322,13,17,457
2023-06-14,8011718,8011718,13,32,22
2023-06-14,8011718,8012274,3,16,6
2023-06-14,8011718,8012954,8,16,38
2023-06-14,8011723,8011694,7,19,802
2023-06-14,8011723,8011723,21,38,540
2023-06-14,8011723,8012021,9,10,420
2023-06-14,8011726,8011726,11,18,147
2023-06-14,8011726,8011951,5,8,116
2023-06-14,8011726,8012474,7,9,157
2023-06-14,8011729,8011270,7,18,78
2023-06-14,8011729,8011729,20,35,132
2023-06-14,8011729,8012841,11,17,164
2023-06-14,8011731,8011731,5,12,58
2023-06-14,8011731,8013293,1,6,70
2023-06-14,8011735,8011735,42,49,229
2023-06-14,8011735,8012609,17,25,59
2023-06-14,8011735,8079629,17,24,356
2023-06-14,8011778,8011778,18,26,73
2023-06-14,8011778,8012316,6,10,66
2023-06-14,8011778,8012762,1,3,30
2023-06-14,8011778,8013062,8,10,96
2023-06-14,8011778,8013352,2,2,180
2023-06-14,8011797,8011797,36,36,478
2023-06-14,8011797,8013040,17,18,567
2023-06-14,8011797,8013105,16,18,523
2023-06-14,8011798,8010156,12,13,42
2023-06-14,8011864,8003774,13,19,49
2023-06-14,8011864,8011864,18,38,38
2023-06-14,8011864,8012268,5,19,22
2023-06-14,8011889,8011286,0,19,0
2023-06-14,8011889,8011889,18,38,91
2023-06-14,8011889,8013339,17,19,193
2023-06-14,8011908,8011592,2,14,6
2023-06-14,8011908,8011908,3,28,8
2023-06-14,8011908,8012737,1,14,6
2023-06-14,8011939,8011939,0,14,0
2023-06-14,8011939,8012517,0,7,0
2023-06-14,8011939,8012949,0,7,0
2023-06-14,8011951,8011726,6,9,107
2023-06-14,8011951,8011951,7,19,57
2023-06-14,8011951,8012474,0,1,0
2023-06-14,8011951,8013069,2,9,73
2023-06-14,8011953,8011694,7,9,140
2023-06-14,8011953,8011953,14,20,148
2023-06-14,8011953,8012358,8,10,216
2023-06-14,8011991,8011286,18,19,177
2023-06-14,8011991,8011991,15,38,85
2023-06-14,8011992,8011992,0,36,0
2023-06-14,8011992,8012617,0,18,0
2023-06-14,8011992,8013133,0,18,0
2023-06-14,8011995,8010176,16,18,545
2023-06-14,8011995,8011995,24,36,338
2023-06-14,8011995,8013040,10,18,135
2023-06-14,8012005,8011114,12,17,48
2023-06-14,8012005,8012005,6,34,19
2023-06-14,8012005,8012827,0,17,0
2023-06-14,8012009,8010156,3,5,60
2023-06-14,8012009,8012009,6,9,137
2023-06-14,8012009,8013370,3,4,225
2023-06-14,8012021,8011044,8,10,405
2023-06-14,8012021,8011723,9,10,984
2023-06-14,8012021,8012021,17,20,418
2023-06-14,8012065,8012065,3,40,2
2023-06-14,8012065,8012086,0,20,0
2023-06-14,8012065,8087027,3,20,4
2023-06-14,8012086,8012065,3,20,9
2023-06-14,8012086,8012086,3,40,4
2023-06-14,8012086,8013385,0,20,0
2023-06-14,8012093,8010201,6,10,147
2023-06-14,8012093,8010399,8,9,167
2023-06-14,8012093,8012093,16,20,142
2023-06-14,8012108,8012108,32,36,498
2023-06-14,8012108,8012729,16,18,512
2023-06-14,8012108,8012840,15,18,472
2023-06-14,8012109,8012109,22,35,113
2023-06-14,8012109,8012143,17,17,173
2023-06-14,8012109,8012856,5,18,40
2023-06-14,8012143,8012109,3,18,42
2023-06-14,8012146,8012146,23,34,81
2023-06-14,8012146,8012832,10,17,56
2023-06-14,8012146,8012843,13,17,92
2023-06-14,8012262,8011681,3,10,42
2023-06-14,8012262,8012262,29,43,66
2023-06-14,8012262,8012716,14,22,64
2023-06-14,8012264,8010051,2,2,30
2023-06-14,8012264,8012264,42,58,54
2023-06-14,8012264,8012321,7,10,45
2023-06-14,8012264,8012384,9,12,30
2023-06-14,8012264,8012940,15,20,68
2023-06-14,8012268,8011864,14,19,38
2023-06-14,8012268,8012268,18,38,33
2023-06-14,8012268,8012902,4,19,21
2023-06-14,8012269,8010153,11,18,45
2023-06-14,8012269,8012269,12,36,19
2023-06-14,8012269,8012362,2,18,0
2023-06-14,8012274,8011592,2,16,6
2023-06-14,8012274,8011718,7,16,22
2023-06-14,8012274,8012274,8,32,14
2023-06-14,8012296,8012517,0,7,0
2023-06-14,8012316,8011281,5,10,51
2023-06-14,8012316,8011778,4,11,60
2023-06-14,8012316,8012316,11,21,69
2023-06-14,8012321,8010381,9,22,89
2023-06-14,8012321,8012264,4,8,75
2023-06-14,8012321,8012321,22,43,87
2023-06-14,8012321,8012384,10,13,118
2023-06-14,8012358,8011694,10,10,378
2023-06-14,8012358,8011953,8,10,159
2023-06-14,8012358,8012358,44,48,532
2023-06-14,8012358,8013352,8,11,213
2023-06-14,8012361,8013409,4,6,20
2023-06-14,8012362,8010322,4,18,8
2023-06-14,8012362,8012269,12,18,40
2023-06-14,8012362,8012362,16,36,22
2023-06-14,8012376,8010241,15,19,81
2023-06-14,8012376,8012376,27,37,67
2023-06-14,8012376,8012758,15,18,87
2023-06-14,8012377,8010300,17,18,132
2023-06-14,8012377,8011140,13,16,154
2023-06-14,8012377,8012377,28,34,130
2023-06-14,8012384,8012264,11,13,115
2023-06-14,8012384,8012321,4,12,10
2023-06-14,8012384,8012384,16,25,72
2023-06-14,8012421,8012421,33,34,319
2023-06-14,8012421,8012555,16,17,349
2023-06-14,8012421,8013017,17,17,312
2023-06-14,8012436,8010199,15,18,48
2023-06-14,8012436,8010348,17,18,120
2023-06-14,8012436,8012436,32,36,62
2023-06-14,8012438,8012438,32,36,506
2023-06-14,8012438,8012840,16,18,527
2023-06-14,8012438,8013105,16,18,485
2023-06-14,8012474,8010156,3,4,142
2023-06-14,8012474,8011442,5,9,147
2023-06-14,8012474,8011726,6,9,150
2023-06-14,8012474,8011951,1,1,30
2023-06-14,8012474,8012474,21,33,119
2023-06-14,8012474,8013018,4,7,69
2023-06-14,8012517,8011939,0,7,0
2023-06-14,8012517,8012296,0,7,0
2023-06-14,8012517,8012517,0,14,0
2023-06-14,8012555,8010339,16,17,337
2023-06-14,8012555,8012421,17,17,302
2023-06-14,8012555,8012555,33,34,321
2023-06-14,8012582,8010300,13,16,39
2023-06-14,8012582,8012582,25,33,63
2023-06-14,8012582,8012584,14,17,108
2023-06-14,8012583,8012584,1,16,4
2023-06-14,8012584,8012582,1,16,0
2023-06-14,8012584,8012583,11,17,76
2023-06-14,8012584,8012584,15,33,46
2023-06-14,8012609,8011031,13,25,50
2023-06-14,8012609,8011735,20,24,396
2023-06-14,8012609,8012609,32,49,216
2023-06-14,8012610,8011213,9,9,253
2023-06-14,8012610,8012610,17,17,305
2023-06-14,8012610,8013393,8,8,394
2023-06-14,8012617,8011992,0,18,0
2023-06-14,8012643,8012643,17,40,68
2023-06-14,8012643,8013079,5,20,26
2023-06-14,8012643,8013354,11,20,159
2023-06-14,8012677,8010156,15,16,204
2023-06-14,8012677,8011248,8,15,84
2023-06-14,8012677,8012677,25,31,148
2023-06-14,8012683,8010210,2,17,19
2023-06-14,8012683,8012683,9,34,16
2023-06-14,8012683,8012684,7,17,30
2023-06-14,8012684,8012683,2,17,7
2023-06-14,8012684,8012684,9,34,17
2023-06-14,8012710,8011356,17,17,445
2023-06-14,8012710,8011707,14,17,420
2023-06-14,8012710,8012710,30,34,468
2023-06-14,8012711,8011017,7,19,63
2023-06-14,8012711,8012711,15,38,95
2023-06-14,8012711,8012835,8,19,98
2023-06-14,8012716,8012262,19,21,81
2023-06-14,8012716,8012716,34,43,62
2023-06-14,8012716,8013073,18,22,68
2023-06-14,8012729,8010016,17,18,560
2023-06-14,8012729,8012108,16,18,503
2023-06-14,8012729,8012729,34,36,513
2023-06-14,8012737,8011908,3,14,11
2023-06-14,8012758,8010227,12,18,78
2023-06-14,8012758,8012376,15,19,62
2023-06-14,8012758,8012758,35,37,84
2023-06-14,8012762,8010300,0,1,0
2023-06-14,8012762,8011027,10,11,164
2023-06-14,8012762,8011611,8,11,68
2023-06-14,8012762,8011778,1,2,15
2023-06-14,8012762,8012762,16,26,85
2023-06-14,8012785,8011270,13,17,205
2023-06-14,8012785,8012785,25,35,156
2023-06-14,8012785,8079629,8,14,64
2023-06-14,8012806,8011140,16,17,99
2023-06-14,8012806,8012806,28,33,106
2023-06-14,8012806,8079629,3,5,60
2023-06-14,8012824,8011326,6,19,55
2023-06-14,8012824,8011582,4,19,28
2023-06-14,8012824,8012824,9,38,40
2023-06-14,8012827,8012005,7,16,41
2023-06-14,8012827,8012827,6,33,21
2023-06-14,8012832,8010210,8,17,74
2023-06-14,8012832,8012146,12,17,102
2023-06-14,8012832,8012832,19,34,77
2023-06-14,8012835,8012711,7,19,76
2023-06-14,8012835,8012835,17,38,88
2023-06-14,8012835,8013104,10,19,95
2023-06-14,8012839,8010179,11,11,142
2023-06-14,8012839,8011213,3,3,70
2023-06-14,8012839,8012839,20,22,-35
2023-06-14,8012840,8012108,16,18,517
2023-06-14,8012840,8012438,16,18,483
2023-06-14,8012840,8012840,31,36,505
2023-06-14,8012841,8011729,8,18,80
2023-06-14,8012841,8012841,18,35,98
2023-06-14,8012841,8079604,9,17,132
2023-06-14,8012843,8012146,10,17,55
2023-06-14,8012856,8012002,13,18,73
2023-06-14,8012856,8012109,17,17,191
2023-06-14,8012856,8012856,29,35,101
2023-06-14,8012892,8011109,3,20,4
2023-06-14,8012892,8012892,3,40,2
2023-06-14,8012892,8017349,0,20,0
2023-06-14,8012902,8010141,6,10,36
2023-06-14,8012902,8011702,2,9,10
2023-06-14,8012902,8012268,12,19,44
2023-06-14,8012902,8012902,16,38,31
2023-06-14,8012933,8004177,14,15,150
2023-06-14,8012933,8011230,15,16,191
2023-06-14,8012933,8012933,26,31,155
2023-06-14,8012940,8010325,15,31,35
2023-06-14,8012940,8012264,14,19,46
2023-06-14,8012940,8012940,68,114,82
2023-06-14,8012940,8012951,8,25,24
2023-06-14,8012940,8012953,8,13,118
2023-06-14,8012940,8013186,10,10,138
2023-06-14,8012949,8011939,0,7,0
2023-06-14,8012949,8012949,0,14,0
2023-06-14,8012949,8013232,0,7,0
2023-06-14,8012951,8010156,8,10,39
2023-06-14,8012951,8010173,17,26,43
2023-06-14,8012951,8010325,9,12,50
2023-06-14,8012951,8012940,22,26,158
2023-06-14,8012951,8012951,53,74,79
2023-06-14,8012953,8012940,7,13,28
2023-06-14,8012953,8012953,16,32,37
2023-06-14,8012953,8012960,4,16,24
2023-06-14,8012954,8011718,6,16,30
2023-06-14,8012954,8012954,13,32,32
2023-06-14,8012954,8012960,9,16,39
2023-06-14,8012960,8012953,6,16,24
2023-06-14,8012960,8012954,4,16,24
2023-06-14,8012960,8012960,11,32,29
2023-06-14,8012962,8012962,1,40,1
2023-06-14,8012962,8079084,0,20,0
2023-06-14,8012962,8087025,1,20,2
2023-06-14,8012963,8012963,2,37,2
2023-06-14,8012963,8087025,0,20,0
2023-06-14,8012963,8087026,0,20,0
2023-06-14,8013017,8010241,17,17,289
2023-06-14,8013017,8012421,13,17,219
2023-06-14,8013017,8013017,30,34,233
2023-06-14,8013018,8010267,8,16,92
2023-06-14,8013018,8011442,6,9,153
2023-06-14,8013018,8012474,2,8,11
2023-06-14,8013018,8013018,17,33,95
2023-06-14,8013040,8011797,15,18,253
2023-06-14,8013040,8011995,16,18,538
2023-06-14,8013040,8013040,31,36,369
2023-06-14,8013051,8011646,15,17,341
2023-06-14,8013051,8013051,29,34,327
2023-06-14,8013051,8013177,13,17,286
2023-06-14,8013062,8011017,17,19,98
2023-06-14,8013062,8011778,7,11,65
2023-06-14,8013062,8013062,23,38,71
2023-06-14,8013069,8010156,3,9,77
2023-06-14,8013069,8011951,3,10,30
2023-06-14,8013069,8013069,4,19,49
2023-06-14,8013073,8010173,13,22,52
2023-06-14,8013073,8012716,18,21,60
2023-06-14,8013073,8013073,32,43,65
2023-06-14,8013079,8011326,11,20,33
2023-06-14,8013079,8012643,7,20,57
2023-06-14,8013079,8013079,18,40,46
2023-06-14,8013104,8010210,9,19,88
2023-06-14,8013104,8012835,8,19,82
2023-06-14,8013104,8013104,13,38,79
2023-06-14,8013105,8011797,18,18,568
2023-06-14,8013105,8012438,16,18,533
2023-06-14,8013105,8013105,34,36,532
2023-06-14,8013106,8079604,0,18,0
2023-06-14,8013131,8010179,8,11,-210
2023-06-14,8013131,8011456,7,11,106
2023-06-14,8013131,8013131,14,22,106
2023-06-14,8013132,8010392,8,28,51
2023-06-14,8013132,8011108,2,25,2
2023-06-14,8013132,8013132,6,52,26
2023-06-14,8013133,8010392,0,18,0
2023-06-14,8013133,8011992,0,18,0
2023-06-14,8013133,8013133,0,36,0
2023-06-14,8013156,8013162,3,11,46
2023-06-14,8013161,8013161,2,40,2
2023-06-14,8013161,8017349,0,20,0
2023-06-14,8013161,8087027,0,20,0
2023-06-14,8013162,8011456,2,11,44
2023-06-14,8013162,8013156,9,11,117
2023-06-14,8013162,8013162,9,22,72
2023-06-14,8013177,8011356,14,17,305
2023-06-14,8013177,8013051,15,17,424
2023-06-14,8013177,8013177,29,34,359
2023-06-14,8013186,8010051,4,19,32
2023-06-14,8013186,8011215,3,8,15
2023-06-14,8013186,8012264,0,1,0
2023-06-14,8013186,8012940,5,9,30
2023-06-14,8013186,8013186,11,38,29
2023-06-14,8013232,8012949,0,7,0
2023-06-14,8013232,8013232,0,14,0
2023-06-14,8013293,8011731,4,6,30
2023-06-14,8013293,8013293,2,12,38
2023-06-14,8013293,8070946,1,6,70
2023-06-14,8013322,8011481,13,17,438
2023-06-14,8013322,8011707,15,17,288
2023-06-14,8013322,8013322,28,34,365
2023-06-14,8013339,8011889,0,19,0
2023-06-14,8013339,8013339,19,37,72
2023-06-14,8013339,8013340,8,27,63
2023-06-14,8013340,8013339,2,25,5
2023-06-14,8013340,8013340,10,52,34
2023-06-14,8013340,8013341,7,27,53
2023-06-14,8013341,8011108,7,27,54
2023-06-14,8013341,8013340,0,25,0
2023-06-14,8013341,8013341,9,52,29
2023-06-14,8013352,8011778,2,2,45
2023-06-14,8013352,8012358,8,10,123
2023-06-14,8013352,8013352,15,21,129
2023-06-14,8013354,8010325,8,20,147
2023-06-14,8013354,8012643,8,20,38
2023-06-14,8013354,8013354,18,40,98
2023-06-14,8013370,8010173,3,4,225
2023-06-14,8013370,8012009,3,5,48
2023-06-14,8013370,8013370,7,9,130
2023-06-14,8013373,8011481,16,17,191
2023-06-14,8013373,8013373,29,34,296
2023-06-14,8013385,8010392,0,20,0
2023-06-14,8013385,8012086,3,20,9
2023-06-14,8013385,8013385,4,40,5
2023-06-14,8013393,8010213,6,8,341
2023-06-14,8013393,8012610,8,9,243
2023-06-14,8013393,8013393,16,17,307
2023-06-14,8013409,8012361,1,6,55
2023-06-14,8013409,8013409,5,12,40
2023-06-14,8013409,8070946,0,6,0
2023-06-14,8017349,8012892,3,20,8
2023-06-14,8017349,8013161,0,20,0
2023-06-14,8017349,8017349,2,40,2
2023-06-14,8070946,8013293,0,6,0
2023-06-14,8070946,8013409,1,6,60
2023-06-14,8070946,8070946,1,12,32
2023-06-14,8079604,8012841,8,18,25
2023-06-14,8079604,8013106,8,17,125
2023-06-14,8079604,8079604,17,35,72
2023-06-14,8079629,8011735,25,25,106
2023-06-14,8079629,8012785,15,15,382
2023-06-14,8079629,8012806,6,6,55
2023-06-14,8079629,8079629,43,49,205
2023-06-14,8087025,8012962,0,20,0
2023-06-14,8087025,8012963,0,20,0
2023-06-14,8087025,8087025,1,40,1
2023-06-14,8087026,8011109,0,20,0
2023-06-14,8087026,8012963,3,20,8
2023-06-14,8087026,8087026,3,40,2
2023-06-14,8087027,8012065,0,20,0
2023-06-14,8087027,8013161,2,20,3
2023-06-14,8087027,8087027,3,40,2
2023-06-15,8010016,8010016,34,36,99
2023-06-15,8010016,8011031,15,24,68
2023-06-15,8010016,8012729,9,18,68
2023-06-15,8010051,8010051,18,42,61
2023-06-15,8010051,8010153,5,9,43
2023-06-15,8010051,8010322,9,12,155
2023-06-15,8010051,8012264,2,2,45
2023-06-15,8010051,8013186,7,19,38
2023-06-15,8010141,8010141,22,38,55
2023-06-15,8010141,8011702,6,11,25
2023-06-15,8010141,8012651,4,9,27
2023-06-15,8010141,8012902,7,8,64
2023-06-15,8010153,8010051,6,9,37
2023-06-15,8010153,8010153,44,56,212
2023-06-15,8010153,8010201,9,10,153
2023-06-15,8010153,8010284,7,18,52
2023-06-15,8010153,8012269,2,18,3
2023-06-15,8010156,8010156,51,57,150
2023-06-15,8010156,8011798,9,13,115
2023-06-15,8010156,8012009,4,4,195
2023-06-15,8010156,8012474,3,4,82
2023-06-15,8010156,8012677,11,15,158
2023-06-15,8010156,8012951,10,12,228
2023-06-15,8010156,8013069,5,10,39
2023-06-15,8010173,8010173,44,52,228
2023-06-15,8010173,8012951,19,26,358
2023-06-15,8010173,8013073,19,21,101
2023-06-15,8010173,8013370,4,5,90
2023-06-15,8010176,8010176,14,36,39
2023-06-15,8010176,8010381,8,18,60
2023-06-15,8010176,8011995,4,18,23
2023-06-15,8010179,8010179,36,42,265
2023-06-15,8010179,8011536,9,10,249
2023-06-15,8010179,8012418,8,9,410
2023-06-15,8010179,8012839,10,11,205
2023-06-15,8010179,8013131,10,11,254
2023-06-15,8010199,8010199,20,36,113
2023-06-15,8010199,8010284,11,18,118
2023-06-15,8010199,8012436,10,18,118
2023-06-15,8010201,8010153,10,10,735
2023-06-15,8010201,8010201,17,20,417
2023-06-15,8010201,8012093,8,10,123
2023-06-15,8010210,8010210,34,34,621
2023-06-15,8010210,8012683,15,17,589
2023-06-15,8010210,8012832,15,17,416
2023-06-15,8010210,8013104,18,19,537
2023-06-15,8010213,8010213,15,17,397
2023-06-15,8010213,8011689,8,8,514
2023-06-15,8010213,8013393,7,9,293
2023-06-15,8010227,8010227,22,36,146
2023-06-15,8010227,8010348,16,18,240
2023-06-15,8010227,8012758,16,19,96
2023-06-15,8010241,8010241,62,65,329
2023-06-15,8010241,8011025,16,17,445
2023-06-15,8010241,8011293,19,19,441
2023-06-15,8010241,8012376,11,18,158
2023-06-15,8010241,8013017,14,17,277
2023-06-15,8010267,8011403,7,19,126
2023-06-15,8010267,8013018,12,17,161
2023-06-15,8010284,8010153,14,18,130
2023-06-15,8010284,8010199,9,18,97
2023-06-15,8010284,8010284,19,36,99
2023-06-15,8010300,8010300,56,58,309
2023-06-15,8010300,8011611,15,15,496
2023-06-15,8010300,8012377,14,16,156
2023-06-15,8010300,8012582,16,17,127
2023-06-15,8010322,8010051,8,12,70
2023-06-15,8010322,8010322,36,60,80
2023-06-15,8010322,8011924,9,18,40
2023-06-15,8010322,8012362,11,18,92
2023-06-15,8010325,8010325,37,63,177
2023-06-15,8010325,8012940,19,32,312
2023-06-15,8010325,8012951,8,11,46
2023-06-15,8010325,8013354,12,20,62
2023-06-15,8010339,8010339,31,34,358
2023-06-15,8010339,8011213,15,17,424
2023-06-15,8010339,8012555,17,17,429
2023-06-15,8010348,8010227,6,18,68
2023-06-15,8010348,8010348,30,36,154
2023-06-15,8010348,8012436,11,18,125
2023-06-15,8010381,8010176,3,18,15
2023-06-15,8010381,8012321,7,21,24
2023-06-15,8010392,8010392,4,39,12
2023-06-15,8010392,8013132,0,26,0
2023-06-15,8010392,8013133,0,18,0
2023-06-15,8010392,8013385,4,20,24
2023-06-15,8011017,8011017,34,38,595
2023-06-15,8011017,8012711,16,19,692
2023-06-15,8011017,8013062,18,19,584
2023-06-15,8011025,8010241,12,17,258
2023-06-15,8011025,8011025,23,34,349
2023-06-15,8011025,8011646,12,17,496
2023-06-15,8011027,8011027,20,21,513
2023-06-15,8011027,8011281,9,11,567
2023-06-15,8011027,8012762,9,10,447
2023-06-15,8011031,8010016,20,25,109
2023-06-15,8011031,8011031,33,49,77
2023-06-15,8011031,8012609,12,24,60
2023-06-15,8011044,8011044,14,21,211
2023-06-15,8011044,8011438,6,10,261
2023-06-15,8011044,8012021,8,10,183
2023-06-15,8011108,8011108,8,52,17
2023-06-15,8011108,8013132,8,27,33
2023-06-15,8011108,8013341,0,25,0
2023-06-15,8011109,8011109,4,40,9
2023-06-15,8011109,8012892,0,20,0
2023-06-15,8011109,8087026,4,20,15
2023-06-15,8011114,8012005,1,17,12
2023-06-15,8011140,8011140,29,34,148
2023-06-15,8011140,8012377,15,18,127
2023-06-15,8011140,8012806,13,16,174
2023-06-15,8011205,8010399,9,9,467
2023-06-15,8011205,8011205,21,22,569
2023-06-15,8011205,8011307,10,11,575
2023-06-15,8011213,8010339,14,17,229
2023-06-15,8011213,8011213,31,34,354
2023-06-15,8011213,8012610,7,8,518
2023-06-15,8011213,8012839,2,2,105
2023-06-15,8011230,8011230,24,31,201
2023-06-15,8011230,8011248,13,16,232
2023-06-15,8011230,8012933,14,15,210
2023-06-15,8011248,8011230,11,15,150
2023-06-15,8011248,8011248,24,31,186
2023-06-15,8011248,8012677,13,16,216
2023-06-15,8011270,8011270,13,35,19
2023-06-15,8011270,8011729,12,17,42
2023-06-15,8011270,8012785,1,18,2
2023-06-15,8011281,8011027,7,10,423
2023-06-15,8011281,8011281,18,21,507
2023-06-15,8011281,8012316,11,11,554
2023-06-15,8011286,8011286,19,38,84
2023-06-15,8011286,8011889,17,19,155
2023-06-15,8011286,8011991,0,19,0
2023-06-15,8011293,8010241,18,19,496
2023-06-15,8011293,8011293,37,38,480
2023-06-15,8011293,8011307,11,11,524
2023-06-15,8011307,8011205,11,11,532
2023-06-15,8011307,8011293,10,11,584
2023-06-15,8011307,8011307,21,22,556
2023-06-15,8011326,8011326,25,38,122
2023-06-15,8011326,8012824,8,19,118
2023-06-15,8011326,8013079,11,20,136
2023-06-15,8011356,8011356,32,34,495
2023-06-15,8011356,8012710,15,17,619
2023-06-15,8011356,8013177,16,17,425
2023-06-15,8011403,8010267,5,19,90
2023-06-15,8011403,8011403,15,38,114
2023-06-15,8011403,8011582,10,19,137
2023-06-15,8011438,8011044,7,10,183
2023-06-15,8011438,8011438,14,20,236
2023-06-15,8011438,8011536,6,10,267
2023-06-15,8011442,8011442,15,18,282
2023-06-15,8011442,8012474,8,9,267
2023-06-15,8011442,8013018,7,9,313
2023-06-15,8011456,8011456,17,22,205
2023-06-15,8011456,8013131,9,11,169
2023-06-15,8011456,8013162,10,11,262
2023-06-15,8011481,8011481,30,34,474
2023-06-15,8011481,8013322,16,17,362
2023-06-15,8011481,8013373,13,17,618
2023-06-15,8011536,8010179,7,10,261
2023-06-15,8011536,8011438,8,10,228
2023-06-15,8011536,8011536,14,20,250
2023-06-15,8011582,8011403,4,19,96
2023-06-15,8011582,8011582,17,38,123
2023-06-15,8011582,8012824,12,19,142
2023-06-15,8011592,8011592,3,28,9
2023-06-15,8011592,8011908,1,14,11
2023-06-15,8011592,8012274,1,16,4
2023-06-15,8011611,8010300,12,13,425
2023-06-15,8011611,8011611,26,28,499
2023-06-15,8011611,8012762,12,13,637
2023-06-15,8011646,8011025,12,17,279
2023-06-15,8011646,8011646,25,34,400
2023-06-15,8011646,8013051,13,17,473
2023-06-15,8011681,8011681,10,20,87
2023-06-15,8011681,8011994,7,10,87
2023-06-15,8011681,8012262,8,10,117
2023-06-15,8011689,5100145,7,8,416
2023-06-15,8011689,8010213,7,9,273
2023-06-15,8011689,8011689,15,17,378
2023-06-15,8011694,8011694,32,38,245
2023-06-15,8011694,8011723,18,19,347
2023-06-15,8011694,8011953,9,9,197
2023-06-15,8011694,8012358,10,10,249
2023-06-15,8011702,8010141,4,9,37
2023-06-15,8011702,8011702,7,20,22
2023-06-15,8011702,8012902,4,11,16
2023-06-15,8011707,8011707,32,34,554
2023-06-15,8011707,8012710,16,17,609
2023-06-15,8011707,8013322,15,17,612
2023-06-15,8011718,8011718,6,32,12
2023-06-15,8011718,8012274,2,16,8
2023-06-15,8011718,8012954,4,16,24
2023-06-15,8011723,8011694,12,19,125
2023-06-15,8011723,8011723,31,38,238
2023-06-15,8011723,8012021,8,10,288
2023-06-15,8011726,8011726,14,18,290
2023-06-15,8011726,8011951,8,8,278
2023-06-15,8011726,8012474,7,9,237
2023-06-15,8011729,8011270,1,18,2
2023-06-15,8011729,8011729,8,35,14
2023-06-15,8011729,8012841,4,17,16
2023-06-15,8011731,8011731,9,12,108
2023-06-15,8011731,8013293,2,6,140
2023-06-15,8011735,8011735,44,49,101
2023-06-15,8011735,8012609,17,25,84
2023-06-15,8011735,8079629,17,24,78
2023-06-15,8011778,8011778,22,26,530
2023-06-15,8011778,8012316,9,10,447
2023-06-15,8011778,8012762,1,3,180
2023-06-15,8011778,8013062,10,10,684
2023-06-15,8011778,8013352,2,2,795
2023-06-15,8011797,8011797,33,36,87
2023-06-15,8011797,8013040,13,18,75
2023-06-15,8011797,8013105,6,18,42
2023-06-15,8011798,8010156,12,13,72
2023-06-15,8011864,8003774,13,19,44
2023-06-15,8011864,8011864,19,38,43
2023-06-15,8011864,8012268,6,19,33
2023-06-15,8011889,8011286,0,19,0
2023-06-15,8011889,8011889,19,38,83
2023-06-15,8011889,8013339,19,19,177
2023-06-15,8011908,8011592,2,14,4
2023-06-15,8011908,8011908,3,28,9
2023-06-15,8011908,8012737,1,14,9
2023-06-15,8011939,8011939,0,14,0
2023-06-15,8011939,8012517,0,7,0
2023-06-15,8011939,8012949,0,7,0
2023-06-15,8011951,8011726,8,9,160
2023-06-15,8011951,8011951,15,19,126
2023-06-15,8011951,8012474,0,1,0
2023-06-15,8011951,8013069,6,9,180
2023-06-15,8011953,8011694,9,9,443
2023-06-15,8011953,8011953,19,20,328
2023-06-15,8011953,8012358,10,10,300
2023-06-15,8011991,8011286,19,19,158
2023-06-15,8011991,8011991,18,38,75
2023-06-15,8011992,8011992,0,36,0
2023-06-15,8011992,8012617,0,18,0
2023-06-15,8011992,8013133,0,18,0
2023-06-15,8011995,8010176,8,18,58
2023-06-15,8011995,8011995,12,36,42
2023-06-15,8011995,8013040,5,18,30
2023-06-15,8012005,8011114,15,17,228
2023-06-15,8012005,8012005,12,34,109
2023-06-15,8012005,8012827,1,17,12
2023-06-15,8012009,8010156,4,5,96
2023-06-15,8012009,8012009,7,9,127
2023-06-15,8012009,8013370,4,4,165
2023-06-15,8012021,8011044,8,10,270
2023-06-15,8012021,8011723,10,10,222
2023-06-15,8012021,8012021,18,20,250
2023-06-15,8012065,8012065,4,40,9
2023-06-15,8012065,8012086,0,20,0
2023-06-15,8012065,8087027,4,20,18
2023-06-15,8012086,8012065,4,20,21
2023-06-15,8012086,8012086,4,40,10
2023-06-15,8012086,8013385,0,20,0
2023-06-15,8012093,8010201,9,10,696
2023-06-15,8012093,8010399,9,9,227
2023-06-15,8012093,8012093,16,20,399
2023-06-15,8012108,8012108,17,36,56
2023-06-15,8012108,8012729,5,18,38
2023-06-15,8012108,8012840,8,18,57
2023-06-15,8012109,8012109,21,35,93
2023-06-15,8012109,8012143,16,17,132
2023-06-15,8012109,8012856,5,18,45
2023-06-15,8012143,8012109,5,18,50
2023-06-15,8012146,8012146,31,34,427
2023-06-15,8012146,8012832,16,17,425
2023-06-15,8012146,8012843,15,17,439
2023-06-15,8012262,8011681,3,10,66
2023-06-15,8012262,8012262,30,43,250
2023-06-15,8012262,8012716,15,22,420
2023-06-15,8012264,8010051,2,2,165
2023-06-15,8012264,8012264,36,58,46
2023-06-15,8012264,8012321,2,10,-18
2023-06-15,8012264,8012384,10,12,58
2023-06-15,8012264,8012940,18,20,63
2023-06-15,8012268,8011864,11,19,43
2023-06-15,8012268,8012268,16,38,35
2023-06-15,8012268,8012902,6,19,30
2023-06-15,8012269,8010153,9,18,67
2023-06-15,8012269,8012269,11,36,34
2023-06-15,8012269,8012362,2,18,3
2023-06-15,8012274,8011592,2,16,11
2023-06-15,8012274,8011718,6,16,15
2023-06-15,8012274,8012274,8,32,13
2023-06-15,8012296,8012517,0,7,0
2023-06-15,8012316,8011281,9,10,474
2023-06-15,8012316,8011778,8,11,548
2023-06-15,8012316,8012316,20,21,497
2023-06-15,8012321,8010381,6,22,25
2023-06-15,8012321,8012264,2,8,34
2023-06-15,8012321,8012321,14,43,26
2023-06-15,8012321,8012384,7,13,44
2023-06-15,8012358,8011694,10,10,315
2023-06-15,8012358,8011953,9,10,411
2023-06-15,8012358,8012358,45,48,296
2023-06-15,8012358,8013352,10,11,284
2023-06-15,8012361,8013409,6,6,35
2023-06-15,8012362,8010322,5,18,12
2023-06-15,8012362,8012269,9,18,70
2023-06-15,8012362,8012362,13,36,43
2023-06-15,8012376,8010241,14,19,104
2023-06-15,8012376,8012376,23,37,129
2023-06-15,8012376,8012758,14,18,193
2023-06-15,8012377,8010300,18,18,145
2023-06-15,8012377,8011140,13,16,171
2023-06-15,8012377,8012377,27,34,135
2023-06-15,8012384,8012264,8,13,48
2023-06-15,8012384,8012321,6,12,28
2023-06-15,8012384,8012384,14,25,44
2023-06-15,8012421,8012421,31,34,416
2023-06-15,8012421,8012555,14,17,402
2023-06-15,8012421,8013017,17,17,450
2023-06-15,8012436,8010199,12,18,128
2023-06-15,8012436,8010348,15,18,172
2023-06-15,8012436,8012436,26,36,131
2023-06-15,8012438,8012438,18,36,59
2023-06-15,8012438,8012840,7,18,45
2023-06-15,8012438,8013105,12,18,75
2023-06-15,8012474,8010156,4,4,218
2023-06-15,8012474,8011442,7,9,313
2023-06-15,8012474,8011726,7,9,327
2023-06-15,8012474,8011951,1,1,420
2023-06-15,8012474,8012474,25,33,242
2023-06-15,8012474,8013018,5,7,236
2023-06-15,8012517,8011939,0,7,0
2023-06-15,8012517,8012296,0,7,0
2023-06-15,8012517,8012517,0,14,0
2023-06-15,8012555,8010339,14,17,381
2023-06-15,8012555,8012421,17,17,445
2023-06-15,8012555,8012555,31,34,411
2023-06-15,8012582,8010300,14,16,66
2023-06-15,8012582,8012582,28,33,81
2023-06-15,8012582,8012584,15,17,136
2023-06-15,8012583,8012584,1,16,4
2023-06-15,8012584,8012582,1,16,2
2023-06-15,8012584,8012583,9,17,104
2023-06-15,8012584,8012584,15,33,64
2023-06-15,8012609,8011031,16,25,84
2023-06-15,8012609,8011735,19,24,88
2023-06-15,8012609,8012609,34,49,78
2023-06-15,8012610,8011213,9,9,360
2023-06-15,8012610,8012610,15,17,392
2023-06-15,8012610,8013393,8,8,566
2023-06-15,8012617,8011992,0,18,0
2023-06-15,8012643,8012643,22,40,88
2023-06-15,8012643,8013079,7,20,36
2023-06-15,8012643,8013354,15,20,134
2023-06-15,8012677,8010156,15,16,219
2023-06-15,8012677,8011248,10,15,138
2023-06-15,8012677,8012677,24,31,181
2023-06-15,8012683,8010210,11,17,360
2023-06-15,8012683,8012683,25,34,469
2023-06-15,8012683,8012684,14,17,559
2023-06-15,8012684,8012683,10,17,376
2023-06-15,8012684,8012684,23,34,468
2023-06-15,8012710,8011356,17,17,501
2023-06-15,8012710,8011707,16,17,611
2023-06-15,8012710,8012710,33,34,608
2023-06-15,8012711,8011017,18,19,459
2023-06-15,8012711,8012711,34,38,579
2023-06-15,8012711,8012835,16,19,652
2023-06-15,8012716,8012262,16,21,83
2023-06-15,8012716,8012716,30,43,252
2023-06-15,8012716,8013073,16,22,423
2023-06-15,8012729,8010016,16,18,113
2023-06-15,8012729,8012108,13,18,93
2023-06-15,8012729,8012729,29,36,78
2023-06-15,8012737,8011908,4,14,189
2023-06-15,8012758,8010227,13,18,198
2023-06-15,8012758,8012376,14,19,96
2023-06-15,8012758,8012758,30,37,161
2023-06-15,8012762,8010300,1,1,480
2023-06-15,8012762,8011027,11,11,573
2023-06-15,8012762,8011611,10,11,469
2023-06-15,8012762,8011778,1,2,750
2023-06-15,8012762,8012762,21,26,489
2023-06-15,8012785,8011270,7,17,26
2023-06-15,8012785,8012785,16,35,27
2023-06-15,8012785,8079629,4,14,17
2023-06-15,8012806,8011140,16,17,124
2023-06-15,8012806,8012806,29,33,130
2023-06-15,8012806,8079629,3,5,108
2023-06-15,8012824,8011326,12,19,153
2023-06-15,8012824,8011582,6,19,109
2023-06-15,8012824,8012824,18,38,129
2023-06-15,8012827,8012005,11,16,219
2023-06-15,8012827,8012827,12,33,117
2023-06-15,8012832,8010210,15,17,406
2023-06-15,8012832,8012146,15,17,388
2023-06-15,8012832,8012832,30,34,389
2023-06-15,8012835,8012711,18,19,478
2023-06-15,8012835,8012835,33,38,566
2023-06-15,8012835,8013104,15,19,635
2023-06-15,8012839,8010179,9,11,254
2023-06-15,8012839,8011213,3,3,90
2023-06-15,8012839,8012839,18,22,226
2023-06-15,8012840,8012108,7,18,43
2023-06-15,8012840,8012438,11,18,72
2023-06-15,8012840,8012840,15,36,54
2023-06-15,8012841,8011729,2,18,3
2023-06-15,8012841,8012841,8,35,9
2023-06-15,8012841,8079604,4,17,11
2023-06-15,8012843,8012146,16,17,424
2023-06-15,8012856,8012002,13,18,92
2023-06-15,8012856,8012109,17,17,150
2023-06-15,8012856,8012856,30,35,99
2023-06-15,8012892,8011109,4,20,18
2023-06-15,8012892,8012892,4,40,9
2023-06-15,8012892,8017349,0,20,0
2023-06-15,8012902,8010141,4,10,48
2023-06-15,8012902,8011702,4,9,20
2023-06-15,8012902,8012268,8,19,39
2023-06-15,8012902,8012902,14,38,33
2023-06-15,8012933,8004177,13,15,200
2023-06-15,8012933,8011230,14,16,232
2023-06-15,8012933,8012933,27,31,216
2023-06-15,8012940,8010325,18,31,46
2023-06-15,8012940,8012264,13,19,38
2023-06-15,8012940,8012940,74,114,145
2023-06-15,8012940,8012951,16,25,56
2023-06-15,8012940,8012953,8,13,88
2023-06-15,8012940,8013186,9,10,207
2023-06-15,8012949,8011939,0,7,0
2023-06-15,8012949,8012949,0,14,0
2023-06-15,8012949,8013232,0,7,0
2023-06-15,8012951,8010156,8,10,69
2023-06-15,8012951,8010173,17,26,68
2023-06-15,8012951,8010325,9,12,630
2023-06-15,8012951,8012940,18,26,153
2023-06-15,8012951,8012951,52,74,189
2023-06-15,8012953,8012940,4,13,14
2023-06-15,8012953,8012953,5,32,12
2023-06-15,8012953,8012960,1,16,8
2023-06-15,8012954,8011718,2,16,11
2023-06-15,8012954,8012954,4,32,15
2023-06-15,8012954,8012960,3,16,22
2023-06-15,8012960,8012953,3,16,15
2023-06-15,8012960,8012954,1,16,8
2023-06-15,8012960,8012960,4,32,14
2023-06-15,8012962,8012962,2,40,2
2023-06-15,8012962,8079084,0,20,0
2023-06-15,8012962,8087025,2,20,3
2023-06-15,8012963,8012963,4,37,5
2023-06-15,8012963,8087025,0,20,0
2023-06-15,8012963,8087026,0,20,0
2023-06-15,8013017,8010241,17,17,446
2023-06-15,8013017,8012421,14,17,270
2023-06-15,8013017,8013017,30,34,337
2023-06-15,8013018,8010267,12,16,315
2023-06-15,8013018,8011442,8,9,247
2023-06-15,8013018,8012474,7,8,202
2023-06-15,8013018,8013018,26,33,245
2023-06-15,8013040,8011797,15,18,77
2023-06-15,8013040,8011995,8,18,52
2023-06-15,8013040,8013040,24,36,55
2023-06-15,8013051,8011646,12,17,295
2023-06-15,8013051,8013051,30,34,420
2023-06-15,8013051,8013177,13,17,499
2023-06-15,8013062,8011017,17,19,684
2023-06-15,8013062,8011778,10,11,526
2023-06-15,8013062,8013062,34,38,625
2023-06-15,8013069,8010156,9,9,190
2023-06-15,8013069,8011951,6,10,66
2023-06-15,8013069,8013069,14,19,122
2023-06-15,8013073,8010173,15,22,409
2023-06-15,8013073,8012716,15,21,80
2023-06-15,8013073,8013073,31,43,253
2023-06-15,8013079,8011326,13,20,66
2023-06-15,8013079,8012643,11,20,129
2023-06-15,8013079,8013079,24,40,94
2023-06-15,8013104,8010210,14,19,625
2023-06-15,8013104,8012835,18,19,510
2023-06-15,8013104,8013104,32,38,564
2023-06-15,8013105,8011797,18,18,165
2023-06-15,8013105,8012438,7,18,47
2023-06-15,8013105,8013105,23,36,89
2023-06-15,8013106,8079604,0,18,0
2023-06-15,8013131,8010179,9,11,185
2023-06-15,8013131,8011456,10,11,245
2023-06-15,8013131,8013131,18,22,214
2023-06-15,8013132,8010392,6,28,31
2023-06-15,8013132,8011108,0,25,0
2023-06-15,8013132,8013132,6,52,16
2023-06-15,8013133,8010392,0,18,0
2023-06-15,8013133,8011992,0,18,0
2023-06-15,8013133,8013133,0,36,0
2023-06-15,8013156,8013162,7,11,191
2023-06-15,8013161,8013161,4,40,8
2023-06-15,8013161,8017349,3,20,12
2023-06-15,8013161,8087027,0,20,0
2023-06-15,8013162,8011456,7,11,147
2023-06-15,8013162,8013156,11,11,254
2023-06-15,8013162,8013162,17,22,209
2023-06-15,8013177,8011356,15,17,531
2023-06-15,8013177,8013051,17,17,436
2023-06-15,8013177,8013177,31,34,478
2023-06-15,8013186,8010051,4,19,66
2023-06-15,8013186,8011215,2,8,11
2023-06-15,8013186,8012264,1,1,240
2023-06-15,8013186,8012940,7,9,43
2023-06-15,8013186,8013186,9,38,55
2023-06-15,8013232,8012949,0,7,0
2023-06-15,8013232,8013232,0,14,0
2023-06-15,8013293,8011731,6,6,45
2023-06-15,8013293,8013293,3,12,68
2023-06-15,8013293,8070946,2,6,125
2023-06-15,8013322,8011481,16,17,602
2023-06-15,8013322,8011707,15,17,404
2023-06-15,8013322,8013322,30,34,499
2023-06-15,8013339,8011889,0,19,0
2023-06-15,8013339,8013339,19,37,58
2023-06-15,8013339,8013340,12,27,43
2023-06-15,8013340,8013339,0,25,0
2023-06-15,8013340,8013340,12,52,22
2023-06-15,8013340,8013341,7,27,31
2023-06-15,8013341,8011108,8,27,33
2023-06-15,8013341,8013340,0,25,0
2023-06-15,8013341,8013341,8,52,17
2023-06-15,8013352,8011778,2,2,60
2023-06-15,8013352,8012358,8,10,351
2023-06-15,8013352,8013352,18,21,271
2023-06-15,8013354,8010325,11,20,111
2023-06-15,8013354,8012643,11,20,46
2023-06-15,8013354,8013354,23,40,89
2023-06-15,8013370,8010173,4,4,172
2023-06-15,8013370,8012009,3,5,78
2023-06-15,8013370,8013370,7,9,110
2023-06-15,8013373,8011481,16,17,305
2023-06-15,8013373,8013373,29,34,447
2023-06-15,8013385,8010392,0,20,0
2023-06-15,8013385,8012086,4,20,21
2023-06-15,8013385,8013385,4,40,12
2023-06-15,8013393,8010213,7,8,506
2023-06-15,8013393,8012610,6,9,247
2023-06-15,8013393,8013393,15,17,392
2023-06-15,8013409,8012361,2,6,115
2023-06-15,8013409,8013409,8,12,75
2023-06-15,8013409,8070946,0,6,0
2023-06-15,8017349,8012892,4,20,20
2023-06-15,8017349,8013161,0,20,0
2023-06-15,8017349,8017349,4,40,8
2023-06-15,8070946,8013293,0,6,0
2023-06-15,8070946,8013409,2,6,120
2023-06-15,8070946,8070946,2,12,62
2023-06-15,8079604,8012841,12,18,27
2023-06-15,8079604,8013106,2,17,11
2023-06-15,8079604,8079604,15,35,15
2023-06-15,8079629,8011735,25,25,134
2023-06-15,8079629,8012785,13,15,64
2023-06-15,8079629,8012806,6,6,70
2023-06-15,8079629,8079629,41,49,85
2023-06-15,8087025,8012962,0,20,0
2023-06-15,8087025,8012963,0,20,0
2023-06-15,8087025,8087025,2,40,2
2023-06-15,8087026,8011109,0,20,0
2023-06-15,8087026,8012963,4,20,20
2023-06-15,8087026,8087026,4,40,9
2023-06-15,8087027,8012065,0,20,0
2023-06-15,8087027,8013161,4,20,16
2023-06-15,8087027,8087027,4,40,9
2023-06-16,8010016,8010016,0,1,0
2023-06-16,8010016,8012729,0,1,0
2023-06-16,8010141,8010141,0,1,0
2023-06-16,8010141,8011702,0,1,0
2023-06-16,8010153,8010153,0,1,0
2023-06-16,8010156,8010156,0,1,0
2023-06-16,8010156,8012677,0,1,0
2023-06-16,8010173,8010173,0,1,0
2023-06-16,8010173,8013370,0,1,0
2023-06-16,8010176,8010176,0,1,0
2023-06-16,8010176,8011995,0,1,0
2023-06-16,8010179,8010179,0,1,0
2023-06-16,8010179,8011536,0,1,0
2023-06-16,8010210,8013104,0,1,0
2023-06-16,8010241,8011025,0,1,0
2023-06-16,8010241,8011293,0,1,0
2023-06-16,8010241,8012376,0,1,0
2023-06-16,8010267,8011403,0,1,0
2023-06-16,8010267,8013018,0,1,0
2023-06-16,8010325,8010325,0,2,0
2023-06-16,8010325,8013354,0,1,0
2023-06-16,8010381,8010176,0,1,0
2023-06-16,8010381,8012321,0,1,0
2023-06-16,8010392,8013133,0,1,0
2023-06-16,8011017,8011017,0,1,0
2023-06-16,8011017,8013062,0,1,0
2023-06-16,8011025,8011025,0,1,0
2023-06-16,8011025,8011646,0,1,0
2023-06-16,8011031,8010016,0,1,0
2023-06-16,8011031,8011031,0,1,0
2023-06-16,8011044,8011044,0,1,0
2023-06-16,8011044,8012021,0,1,0
2023-06-16,8011108,8011108,0,1,0
2023-06-16,8011108,8013132,0,1,0
2023-06-16,8011205,8011205,0,1,0
2023-06-16,8011230,8011230,0,1,0
2023-06-16,8011230,8012933,0,1,0
2023-06-16,8011248,8011230,0,1,0
2023-06-16,8011248,8011248,0,1,0
2023-06-16,8011270,8011270,0,1,0
2023-06-16,8011286,8011286,0,1,0
2023-06-16,8011286,8011991,0,1,0
2023-06-16,8011293,8011293,0,1,0
2023-06-16,8011293,8011307,0,1,0
2023-06-16,8011307,8011205,0,1,0
2023-06-16,8011307,8011307,0,1,0
2023-06-16,8011326,8011326,0,2,0
2023-06-16,8011326,8012824,0,1,0
2023-06-16,8011326,8013079,0,1,0
2023-06-16,8011356,8011356,0,1,0
2023-06-16,8011356,8013177,0,1,0
2023-06-16,8011403,8010267,0,1,0
2023-06-16,8011403,8011403,0,2,0
2023-06-16,8011403,8011582,0,1,0
2023-06-16,8011438,8011044,0,1,0
2023-06-16,8011438,8011438,0,1,0
2023-06-16,8011481,8011481,0,1,0
2023-06-16,8011481,8013322,0,1,0
2023-06-16,8011536,8011438,0,1,0
2023-06-16,8011536,8011536,0,1,0
2023-06-16,8011582,8011403,0,1,0
2023-06-16,8011582,8011582,0,2,0
2023-06-16,8011582,8012824,0,1,0
2023-06-16,8011592,8011592,0,1,0
2023-06-16,8011592,8011908,0,1,0
2023-06-16,8011646,8011646,0,1,0
2023-06-16,8011646,8013051,0,1,0
2023-06-16,8011694,8011694,0,1,0
2023-06-16,8011694,8011723,0,1,0
2023-06-16,8011702,8011702,0,1,0
2023-06-16,8011707,8011707,0,1,0
2023-06-16,8011707,8012710,0,1,0
2023-06-16,8011718,8011718,0,1,0
2023-06-16,8011718,8012274,0,1,0
2023-06-16,8011723,8011723,0,1,0
2023-06-16,8011735,8011735,0,1,0
2023-06-16,8011735,8012609,0,1,0
2023-06-16,8011778,8011778,0,1,0
2023-06-16,8011778,8012316,0,1,0
2023-06-16,8011797,8011797,0,1,0
2023-06-16,8011889,8011286,0,1,0
2023-06-16,8011889,8011889,0,1,0
2023-06-16,8011908,8011908,0,1,0
2023-06-16,8011908,8012737,0,1,0
2023-06-16,8011953,8011953,0,1,0
2023-06-16,8011953,8012358,0,1,0
2023-06-16,8011991,8011991,0,1,0
2023-06-16,8011992,8011992,0,2,0
2023-06-16,8011992,8012617,0,1,0
2023-06-16,8011995,8011995,0,1,0
2023-06-16,8011995,8013040,0,1,0
2023-06-16,8012009,8010156,0,1,0
2023-06-16,8012009,8012009,0,1,0
2023-06-16,8012021,8012021,0,1,0
2023-06-16,8012108,8012108,0,1,0
2023-06-16,8012108,8012840,0,1,0
2023-06-16,8012109,8012109,0,1,0
2023-06-16,8012109,8012143,0,1,0
2023-06-16,8012264,8012264,0,2,0
2023-06-16,8012274,8011592,0,1,0
2023-06-16,8012274,8012274,0,1,0
2023-06-16,8012316,8012316,0,1,0
2023-06-16,8012321,8012264,0,1,0
2023-06-16,8012321,8012321,0,1,0
2023-06-16,8012358,8011694,0,1,0
2023-06-16,8012358,8012358,0,2,0
2023-06-16,8012358,8013352,0,1,0
2023-06-16,8012376,8012376,0,1,0
2023-06-16,8012438,8012438,0,1,0
2023-06-16,8012438,8013105,0,1,0
2023-06-16,8012474,8012474,0,1,0
2023-06-16,8012609,8011031,0,1,0
2023-06-16,8012609,8012609,0,1,0
2023-06-16,8012617,8011992,0,1,0
2023-06-16,8012643,8012643,0,2,0
2023-06-16,8012643,8013079,0,1,0
2023-06-16,8012643,8013354,0,1,0
2023-06-16,8012677,8011248,0,1,0
2023-06-16,8012677,8012677,0,1,0
2023-06-16,8012710,8011356,0,1,0
2023-06-16,8012710,8012710,0,1,0
2023-06-16,8012711,8011017,0,1,0
2023-06-16,8012711,8012711,0,1,0
2023-06-16,8012729,8012108,0,1,0
2023-06-16,8012729,8012729,0,1,0
2023-06-16,8012785,8011270,0,1,0
2023-06-16,8012785,8012785,0,1,0
2023-06-16,8012824,8011326,0,1,0
2023-06-16,8012824,8011582,0,1,0
2023-06-16,8012824,8012824,0,2,0
2023-06-16,8012835,8012711,0,1,0
2023-06-16,8012835,8012835,0,1,0
2023-06-16,8012840,8012438,0,1,0
2023-06-16,8012840,8012840,0,1,0
2023-06-16,8012856,8012109,0,1,0
2023-06-16,8012856,8012856,0,1,0
2023-06-16,8012933,8004177,0,1,0
2023-06-16,8012933,8012933,0,1,0
2023-06-16,8012940,8010325,0,1,0
2023-06-16,8012940,8012940,0,3,0
2023-06-16,8012940,8012951,0,2,0
2023-06-16,8012951,8010173,0,1,0
2023-06-16,8012951,8012951,0,2,0
2023-06-16,8012953,8012953,0,1,0
2023-06-16,8012953,8012960,0,1,0
2023-06-16,8012954,8011718,0,1,0
2023-06-16,8012954,8012954,0,1,0
2023-06-16,8012960,8012954,0,1,0
2023-06-16,8012960,8012960,0,1,0
2023-06-16,8013018,8012474,0,1,0
2023-06-16,8013018,8013018,0,1,0
2023-06-16,8013040,8011797,0,1,0
2023-06-16,8013040,8013040,0,1,0
2023-06-16,8013051,8013051,0,2,0
2023-06-16,8013062,8011778,0,1,0
2023-06-16,8013062,8013062,0,1,0
2023-06-16,8013079,8011326,0,1,0
2023-06-16,8013079,8012643,0,1,0
2023-06-16,8013079,8013079,0,2,0
2023-06-16,8013104,8012835,0,1,0
2023-06-16,8013104,8013104,0,1,0
2023-06-16,8013105,8013105,0,1,0
2023-06-16,8013132,8010392,0,1,0
2023-06-16,8013132,8013132,0,1,0
2023-06-16,8013133,8011992,0,1,0
2023-06-16,8013133,8013133,0,1,0
2023-06-16,8013177,8013051,0,1,0
2023-06-16,8013177,8013177,0,1,0
2023-06-16,8013322,8011707,0,1,0
2023-06-16,8013322,8013322,0,1,0
2023-06-16,8013339,8011889,0,1,0
2023-06-16,8013339,8013340,0,1,0
2023-06-16,8013340,8013340,0,1,0
2023-06-16,8013340,8013341,0,1,0
2023-06-16,8013341,8011108,0,1,0
2023-06-16,8013341,8013341,0,1,0
2023-06-16,8013352,8013352,0,1,0
2023-06-16,8013354,8010325,0,1,0
2023-06-16,8013354,8012643,0,1,0
2023-06-16,8013354,8013354,0,2,0
2023-06-16,8013370,8012009,0,1,0
2023-06-16,8013370,8013370,0,1,0
2023-06-16,8013373,8011481,0,1,0
2023-06-16,8013373,8013373,0,1,0
2023-06-16,8079629,8011735,0,1,0
2023-06-16,8079629,8079629,0,1,0
2023-06-19,8010016,8010016,14,15,190
2023-06-19,8010016,8011031,9,11,175
2023-06-19,8010016,8012729,4,7,180
2023-06-19,8010051,8010051,12,22,143
2023-06-19,8010051,8010153,4,5,60
2023-06-19,8010051,8010322,5,5,366
2023-06-19,8010051,8012264,1,2,60
2023-06-19,8010051,8013186,6,9,140
2023-06-19,8010141,8010141,11,17,90
2023-06-19,8010141,8011702,4,5,66
2023-06-19,8010141,8012651,1,4,45
2023-06-19,8010141,8012902,2,3,220
2023-06-19,8010153,8010051,2,5,132
2023-06-19,8010153,8010153,8,9,100
2023-06-19,8010153,8010284,4,15,52
2023-06-19,8010153,8010322,5,5,282
2023-06-19,8010153,8012269,3,8,49
2023-06-19,8010156,8010156,24,27,166
2023-06-19,8010156,8011798,3,5,132
2023-06-19,8010156,8012009,2,2,120
2023-06-19,8010156,8012474,2,2,210
2023-06-19,8010156,8012677,5,7,60
2023-06-19,8010156,8012951,6,7,309
2023-06-19,8010156,8013069,3,4,128
2023-06-19,8010173,8010173,20,25,84
2023-06-19,8010173,8012951,9,13,108
2023-06-19,8010173,8013073,8,10,60
2023-06-19,8010173,8013370,2,2,105
2023-06-19,8010176,8010176,5,15,100
2023-06-19,8010176,8010381,5,8,184
2023-06-19,8010176,8011995,0,7,0
2023-06-19,8010179,8010179,17,18,360
2023-06-19,8010179,8011536,4,4,848
2023-06-19,8010179,8012418,4,4,405
2023-06-19,8010179,8012839,5,5,108
2023-06-19,8010179,8013131,4,4,90
2023-06-19,8010199,8010199,10,17,79
2023-06-19,8010199,8010284,4,8,71
2023-06-19,8010199,8012436,8,9,90
2023-06-19,8010201,8010201,6,10,159
2023-06-19,8010201,8010273,4,7,129
2023-06-19,8010201,8012093,4,5,156
2023-06-19,8010210,8010210,12,17,74
2023-06-19,8010210,8012683,6,8,60
2023-06-19,8010210,8012832,8,9,77
2023-06-19,8010210,8013104,5,8,56
2023-06-19,8010213,8010213,7,7,351
2023-06-19,8010213,8011689,3,3,360
2023-06-19,8010213,8013393,4,4,345
2023-06-19,8010227,8010227,13,17,90
2023-06-19,8010227,8010348,8,8,150
2023-06-19,8010227,8012758,8,9,73
2023-06-19,8010241,8010241,27,27,269
2023-06-19,8010241,8011025,6,6,435
2023-06-19,8010241,8011293,8,8,364
2023-06-19,8010241,8012376,4,7,107
2023-06-19,8010241,8013017,7,7,347
2023-06-19,8010267,8011403,1,7,4
2023-06-19,8010267,8013018,3,6,75
2023-06-19,8010273,8010201,3,6,115
2023-06-19,8010273,8010273,20,26,156
2023-06-19,8010273,8010284,6,7,253
2023-06-19,8010273,8013072,8,8,184
2023-06-19,8010284,8010153,14,15,198
2023-06-19,8010284,8010199,7,9,97
2023-06-19,8010284,8010273,3,6,65
2023-06-19,8010284,8010284,19,30,128
2023-06-19,8010300,8010300,20,25,114
2023-06-19,8010300,8011611,2,6,90
2023-06-19,8010300,8012377,6,7,133
2023-06-19,8010300,8012582,5,7,120
2023-06-19,8010322,8010051,4,6,120
2023-06-19,8010322,8010153,3,4,270
2023-06-19,8010322,8012362,8,8,300
2023-06-19,8010325,8010325,13,29,31
2023-06-19,8010325,8012940,5,15,38
2023-06-19,8010325,8012951,5,6,35
2023-06-19,8010325,8013354,7,8,49
2023-06-19,8010339,8010339,16,16,300
2023-06-19,8010339,8011213,8,8,394
2023-06-19,8010339,8012555,8,8,289
2023-06-19,8010348,8010227,3,9,37
2023-06-19,8010348,8010348,16,17,97
2023-06-19,8010348,8012436,3,8,71
2023-06-19,8010381,8010176,0,7,0
2023-06-19,8010381,8012321,1,9,3
2023-06-19,8010392,8010392,1,9,13
2023-06-19,8010392,8011108,0,2,0
2023-06-19,8010392,8013132,0,9,0
2023-06-19,8010392,8013133,0,7,0
2023-06-19,8010392,8013385,1,4,30
2023-06-19,8011017,8011017,11,17,108
2023-06-19,8011017,8012711,9,9,173
2023-06-19,8011017,8013062,7,8,52
2023-06-19,8011025,8010241,5,7,197
2023-06-19,8011025,8011025,11,13,302
2023-06-19,8011025,8011646,6,6,415
2023-06-19,8011027,8011027,7,9,110
2023-06-19,8011027,8011281,2,5,126
2023-06-19,8011027,8012762,2,4,82
2023-06-19,8011031,8010016,10,10,183
2023-06-19,8011031,8011031,18,21,166
2023-06-19,8011031,8012609,9,11,172
2023-06-19,8011044,8011044,10,12,448
2023-06-19,8011044,8011438,5,5,372
2023-06-19,8011044,8012021,4,4,690
2023-06-19,8011108,8010392,0,2,0
2023-06-19,8011108,8011108,3,22,18
2023-06-19,8011108,8013132,2,9,40
2023-06-19,8011108,8013341,1,11,3
2023-06-19,8011109,8011109,1,9,10
2023-06-19,8011109,8012892,0,4,0
2023-06-19,8011109,8087026,1,5,12
2023-06-19,8011114,8012005,0,7,0
2023-06-19,8011140,8011140,11,14,107
2023-06-19,8011140,8012377,4,7,86
2023-06-19,8011140,8012806,7,7,137
2023-06-19,8011205,8010399,3,3,280
2023-06-19,8011205,8011205,9,9,450
2023-06-19,8011205,8011307,5,5,588
2023-06-19,8011213,8010339,4,7,249
2023-06-19,8011213,8011213,14,15,352
2023-06-19,8011213,8012610,3,3,400
2023-06-19,8011213,8012839,1,1,180
2023-06-19,8011230,8011230,13,16,216
2023-06-19,8011230,8011248,8,9,290
2023-06-19,8011230,8012933,5,7,223
2023-06-19,8011248,8011230,4,7,69
2023-06-19,8011248,8011248,12,16,171
2023-06-19,8011248,8012677,7,9,243
2023-06-19,8011270,8011270,8,14,47
2023-06-19,8011270,8011729,7,7,99
2023-06-19,8011270,8012785,1,7,9
2023-06-19,8011281,8011027,1,4,38
2023-06-19,8011281,8011281,4,9,90
2023-06-19,8011281,8012316,2,5,96
2023-06-19,8011286,8011286,9,17,83
2023-06-19,8011286,8011889,7,9,140
2023-06-19,8011286,8011991,0,8,0
2023-06-19,8011293,8010241,8,9,400
2023-06-19,8011293,8011293,16,17,378
2023-06-19,8011293,8011307,4,4,278
2023-06-19,8011307,8011205,4,4,278
2023-06-19,8011307,8011293,5,5,576
2023-06-19,8011307,8011307,9,9,453
2023-06-19,8011326,8011326,6,16,13
2023-06-19,8011326,8012824,0,9,0
2023-06-19,8011326,8013079,2,8,8
2023-06-19,8011356,8011356,10,13,325
2023-06-19,8011356,8012710,5,7,287
2023-06-19,8011356,8013051,1,1,690
2023-06-19,8011356,8013177,4,5,294
2023-06-19,8011403,8010267,0,9,0
2023-06-19,8011403,8011403,2,16,4
2023-06-19,8011403,8011582,2,7,9
2023-06-19,8011438,8011044,4,4,735
2023-06-19,8011438,8011438,9,9,577
2023-06-19,8011438,8011536,5,5,420
2023-06-19,8011442,8011442,7,8,172
2023-06-19,8011442,8012474,3,4,142
2023-06-19,8011442,8013018,4,4,195
2023-06-19,8011456,8011456,4,9,67
2023-06-19,8011456,8013131,2,5,54
2023-06-19,8011456,8013162,3,4,75
2023-06-19,8011481,8011481,12,13,291
2023-06-19,8011481,8013322,6,6,350
2023-06-19,8011481,8013373,6,7,339
2023-06-19,8011536,8010179,4,5,420
2023-06-19,8011536,8011438,4,4,810
2023-06-19,8011536,8011536,9,9,597
2023-06-19,8011582,8011403,0,9,0
2023-06-19,8011582,8011582,3,16,6
2023-06-19,8011582,8012824,3,7,13
2023-06-19,8011592,8011592,2,13,9
2023-06-19,8011592,8011908,0,6,0
2023-06-19,8011592,8012274,2,8,15
2023-06-19,8011611,8010300,3,4,105
2023-06-19,8011611,8011611,8,10,108
2023-06-19,8011611,8012762,5,6,135
2023-06-19,8011646,8011025,6,7,249
2023-06-19,8011646,8011646,12,13,337
2023-06-19,8011646,8013051,5,6,365
2023-06-19,8011681,8011681,4,9,80
2023-06-19,8011681,8011994,3,4,22
2023-06-19,8011681,8012262,3,5,126
2023-06-19,8011689,5100145,3,3,330
2023-06-19,8011689,8010213,4,4,315
2023-06-19,8011689,8011689,7,7,321
2023-06-19,8011694,8011694,10,17,298
2023-06-19,8011694,8011723,5,8,315
2023-06-19,8011694,8011953,1,4,15
2023-06-19,8011694,8012358,4,4,705
2023-06-19,8011702,8010141,2,4,75
2023-06-19,8011702,8011702,5,9,53
2023-06-19,8011702,8012902,4,5,54
2023-06-19,8011707,8011707,12,13,383
2023-06-19,8011707,8012710,6,6,590
2023-06-19,8011707,8013322,6,7,394
2023-06-19,8011718,8011718,4,15,8
2023-06-19,8011718,8012274,0,7,0
2023-06-19,8011718,8012954,3,8,19
2023-06-19,8011723,8011694,4,9,283
2023-06-19,8011723,8011723,9,17,296
2023-06-19,8011723,8012021,3,4,360
2023-06-19,8011726,8011726,7,8,184
2023-06-19,8011726,8011951,3,3,140
2023-06-19,8011726,8012474,4,4,225
2023-06-19,8011729,8011270,1,7,4
2023-06-19,8011729,8011729,6,14,32
2023-06-19,8011729,8012841,2,7,30
2023-06-19,8011731,8011731,4,4,98
2023-06-19,8011731,8013293,2,2,120
2023-06-19,8011735,8011735,19,21,159
2023-06-19,8011735,8012609,10,10,138
2023-06-19,8011735,8079629,9,11,161
2023-06-19,8011778,8011778,8,11,112
2023-06-19,8011778,8012316,3,4,112
2023-06-19,8011778,8012762,1,1,30
2023-06-19,8011778,8013062,3,4,90
2023-06-19,8011778,8013352,1,1,210
2023-06-19,8011797,8011797,15,16,186
2023-06-19,8011797,8013040,6,8,214
2023-06-19,8011797,8013105,5,8,172
2023-06-19,8011798,8010156,6,6,75
2023-06-19,8011864,8003774,6,8,116
2023-06-19,8011864,8011864,12,17,83
2023-06-19,8011864,8012268,6,9,47
2023-06-19,8011889,8011286,0,8,0
2023-06-19,8011889,8011889,9,17,83
2023-06-19,8011889,8013339,9,9,173
2023-06-19,8011908,8011592,2,7,17
2023-06-19,8011908,8011908,3,13,12
2023-06-19,8011908,8012737,0,6,0
2023-06-19,8011939,8011939,0,5,0
2023-06-19,8011939,8012517,0,3,0
2023-06-19,8011939,8012949,0,2,0
2023-06-19,8011951,8011726,4,4,172
2023-06-19,8011951,8011951,5,7,94
2023-06-19,8011951,8013069,1,3,20
2023-06-19,8011953,8011694,3,4,225
2023-06-19,8011953,8011953,7,9,157
2023-06-19,8011953,8012358,3,4,135
2023-06-19,8011991,8011286,9,9,143
2023-06-19,8011991,8011991,9,17,72
2023-06-19,8011992,8011992,0,14,0
2023-06-19,8011992,8012617,0,7,0
2023-06-19,8011992,8013133,0,7,0
2023-06-19,8011995,8010176,5,8,195
2023-06-19,8011995,8011995,5,15,106
2023-06-19,8011995,8013040,1,7,4
2023-06-19,8012005,8011114,4,7,81
2023-06-19,8012005,8012005,2,14,34
2023-06-19,8012005,8012827,0,7,0
2023-06-19,8012009,8010156,2,2,105
2023-06-19,8012009,8012009,3,4,98
2023-06-19,8012009,8013370,2,2,90
2023-06-19,8012021,8011044,4,5,372
2023-06-19,8012021,8011723,4,4,652
2023-06-19,8012021,8012021,8,9,527
2023-06-19,8012065,8012065,1,9,10
2023-06-19,8012065,8012086,0,4,0
2023-06-19,8012065,8087027,1,5,18
2023-06-19,8012086,8012065,1,5,24
2023-06-19,8012086,8012086,1,10,12
2023-06-19,8012086,8013385,0,5,0
2023-06-19,8012093,8010201,3,5,144
2023-06-19,8012093,8010399,4,4,255
2023-06-19,8012093,8012093,7,10,150
2023-06-19,8012108,8012108,10,15,180
2023-06-19,8012108,8012729,5,8,172
2023-06-19,8012108,8012840,4,7,176
2023-06-19,8012109,8012109,16,16,172
2023-06-19,8012109,8012143,8,8,195
2023-06-19,8012109,8012856,7,8,135
2023-06-19,8012143,8012109,8,8,188
2023-06-19,8012143,8012143,16,16,212
2023-06-19,8012143,8013072,7,8,248
2023-06-19,8012146,8012146,11,17,62
2023-06-19,8012146,8012832,4,8,60
2023-06-19,8012146,8012843,7,9,50
2023-06-19,8012262,8011681,1,4,8
2023-06-19,8012262,8012262,10,21,81
2023-06-19,8012262,8012716,6,11,98
2023-06-19,8012264,8010051,1,1,270
2023-06-19,8012264,8012264,18,26,52
2023-06-19,8012264,8012321,2,5,84
2023-06-19,8012264,8012384,5,5,42
2023-06-19,8012264,8012940,5,9,43
2023-06-19,8012268,8011864,6,8,131
2023-06-19,8012268,8012268,10,17,86
2023-06-19,8012268,8012902,4,9,33
2023-06-19,8012269,8010153,8,8,289
2023-06-19,8012269,8012269,10,16,167
2023-06-19,8012269,8012362,2,8,41
2023-06-19,8012274,8011592,0,7,0
2023-06-19,8012274,8011718,2,8,15
2023-06-19,8012274,8012274,2,15,12
2023-06-19,8012296,8012517,0,2,0
2023-06-19,8012316,8011281,3,4,105
2023-06-19,8012316,8011778,2,5,78
2023-06-19,8012316,8012316,5,9,97
2023-06-19,8012321,8010381,3,10,120
2023-06-19,8012321,8012264,0,3,0
2023-06-19,8012321,8012321,7,19,73
2023-06-19,8012321,8012384,4,6,60
2023-06-19,8012358,8011694,3,3,650
2023-06-19,8012358,8011953,4,5,246
2023-06-19,8012358,8012358,15,18,393
2023-06-19,8012358,8013352,1,4,120
2023-06-19,8012361,8013409,2,2,45
2023-06-19,8012362,8010322,8,8,112
2023-06-19,8012362,8012269,8,8,281
2023-06-19,8012362,8012362,11,16,165
2023-06-19,8012376,8010241,7,10,72
2023-06-19,8012376,8012376,13,17,92
2023-06-19,8012376,8012758,6,7,129
2023-06-19,8012377,8010300,5,7,111
2023-06-19,8012377,8011140,6,7,141
2023-06-19,8012377,8012377,10,14,105
2023-06-19,8012384,8012264,5,6,90
2023-06-19,8012384,8012321,4,5,30
2023-06-19,8012384,8012384,9,11,63
2023-06-19,8012421,8012421,15,15,324
2023-06-19,8012421,8012555,7,7,377
2023-06-19,8012421,8013017,8,8,311
2023-06-19,8012436,8010199,4,8,75
2023-06-19,8012436,8010348,9,9,137
2023-06-19,8012436,8012436,13,17,94
2023-06-19,8012438,8012438,10,15,184
2023-06-19,8012438,8012840,5,8,180
2023-06-19,8012438,8013105,5,7,197
2023-06-19,8012474,8010156,2,2,270
2023-06-19,8012474,8011442,4,4,210
2023-06-19,8012474,8011726,3,4,135
2023-06-19,8012474,8012474,13,14,182
2023-06-19,8012474,8013018,3,3,210
2023-06-19,8012517,8011939,0,2,0
2023-06-19,8012517,8012296,0,3,0
2023-06-19,8012517,8012517,0,5,0
2023-06-19,8012555,8010339,7,7,330
2023-06-19,8012555,8012421,7,8,296
2023-06-19,8012555,8012555,14,15,320
2023-06-19,8012582,8010300,6,7,103
2023-06-19,8012582,8012582,11,14,84
2023-06-19,8012582,8012584,5,7,120
2023-06-19,8012583,8012584,0,7,0
2023-06-19,8012584,8012582,2,7,4
2023-06-19,8012584,8012583,4,7,111
2023-06-19,8012584,8012584,6,14,64
2023-06-19,8012609,8011031,10,10,123
2023-06-19,8012609,8011735,9,11,196
2023-06-19,8012609,8012609,19,21,156
2023-06-19,8012610,8011213,4,4,435
2023-06-19,8012610,8012610,7,7,377
2023-06-19,8012610,8013393,3,3,450
2023-06-19,8012617,8011992,0,7,0
2023-06-19,8012643,8012643,4,18,13
2023-06-19,8012643,8013079,2,9,13
2023-06-19,8012643,8013354,2,9,10
2023-06-19,8012677,8010156,8,9,263
2023-06-19,8012677,8011248,3,7,34
2023-06-19,8012677,8012677,13,16,161
2023-06-19,8012683,8010210,5,8,60
2023-06-19,8012683,8012683,10,16,69
2023-06-19,8012683,8012684,5,8,52
2023-06-19,8012684,8012683,4,8,79
2023-06-19,8012684,8012684,8,16,69
2023-06-19,8012710,8011356,6,6,490
2023-06-19,8012710,8011707,6,7,279
2023-06-19,8012710,8012710,12,13,448
2023-06-19,8012711,8011017,2,8,15
2023-06-19,8012711,8012711,11,17,99
2023-06-19,8012711,8012835,9,9,140
2023-06-19,8012716,8012262,7,10,54
2023-06-19,8012716,8012716,12,21,70
2023-06-19,8012716,8013073,6,11,98
2023-06-19,8012729,8010016,7,8,221
2023-06-19,8012729,8012108,5,7,214
2023-06-19,8012729,8012729,12,15,196
2023-06-19,8012737,8011908,5,7,30
2023-06-19,8012758,8010227,7,8,128
2023-06-19,8012758,8012376,8,9,80
2023-06-19,8012758,8012758,15,17,108
2023-06-19,8012762,8010300,1,1,210
2023-06-19,8012762,8011027,5,5,156
2023-06-19,8012762,8011611,3,4,98
2023-06-19,8012762,8011778,1,1,180
2023-06-19,8012762,8012762,9,12,122
2023-06-19,8012785,8011270,7,7,86
2023-06-19,8012785,8012785,10,14,64
2023-06-19,8012785,8079629,2,5,18
2023-06-19,8012806,8011140,5,7,51
2023-06-19,8012806,8012806,12,14,90
2023-06-19,8012806,8079629,2,2,105
2023-06-19,8012824,8011326,1,7,4
2023-06-19,8012824,8011582,0,9,0
2023-06-19,8012824,8012824,1,16,2
2023-06-19,8012827,8012005,2,7,69
2023-06-19,8012827,8012827,2,14,34
2023-06-19,8012832,8010210,4,8,45
2023-06-19,8012832,8012146,7,9,50
2023-06-19,8012832,8012832,11,17,58
2023-06-19,8012835,8012711,2,8,22
2023-06-19,8012835,8012835,11,17,88
2023-06-19,8012835,8013104,9,9,140
2023-06-19,8012839,8010179,2,4,90
2023-06-19,8012839,8011213,1,1,30
2023-06-19,8012839,8012839,7,9,100
2023-06-19,8012840,8012108,5,8,172
2023-06-19,8012840,8012438,5,7,189
2023-06-19,8012840,8012840,9,15,182
2023-06-19,8012841,8011729,1,7,4
2023-06-19,8012841,8012841,2,14,13
2023-06-19,8012841,8079604,2,7,21
2023-06-19,8012843,8012146,5,8,71
2023-06-19,8012856,8012002,7,8,172
2023-06-19,8012856,8012109,8,8,202
2023-06-19,8012856,8012856,15,16,176
2023-06-19,8012892,8011109,1,5,18
2023-06-19,8012892,8012892,1,9,10
2023-06-19,8012892,8017349,0,4,0
2023-06-19,8012902,8010141,2,5,24
2023-06-19,8012902,8011702,4,4,38
2023-06-19,8012902,8012268,6,8,124
2023-06-19,8012902,8012902,9,17,64
2023-06-19,8012933,8004177,6,7,300
2023-06-19,8012933,8011230,9,9,293
2023-06-19,8012933,8012933,14,16,279
2023-06-19,8012940,8010325,7,14,26
2023-06-19,8012940,8012264,6,8,52
2023-06-19,8012940,8012940,29,53,80
2023-06-19,8012940,8012951,6,10,39
2023-06-19,8012940,8012953,3,6,35
2023-06-19,8012940,8013186,4,5,342
2023-06-19,8012949,8011939,0,3,0
2023-06-19,8012949,8012949,0,5,0
2023-06-19,8012949,8013232,0,2,0
2023-06-19,8012951,8010156,4,5,66
2023-06-19,8012951,8010173,8,12,28
2023-06-19,8012951,8010325,4,6,75
2023-06-19,8012951,8012940,10,14,212
2023-06-19,8012951,8012951,25,37,111
2023-06-19,8012953,8012940,3,7,13
2023-06-19,8012953,8012953,4,15,8
2023-06-19,8012953,8012960,0,7,0
2023-06-19,8012954,8011718,1,7,4
2023-06-19,8012954,8012954,2,15,6
2023-06-19,8012954,8012960,1,8,4
2023-06-19,8012960,8012953,0,8,0
2023-06-19,8012960,8012954,0,7,0
2023-06-19,8012960,8012960,0,15,0
2023-06-19,8012962,8012962,1,10,9
2023-06-19,8012962,8079084,0,5,0
2023-06-19,8012962,8087025,1,5,18
2023-06-19,8012963,8012963,2,9,7
2023-06-19,8012963,8087025,0,5,0
2023-06-19,8012963,8087026,0,4,0
2023-06-19,8013017,8010241,7,8,300
2023-06-19,8013017,8012421,7,7,339
2023-06-19,8013017,8013017,14,15,326
2023-06-19,8013018,8010267,7,7,184
2023-06-19,8013018,8011442,3,4,165
2023-06-19,8013018,8012474,0,2,0
2023-06-19,8013018,8013018,10,13,157
2023-06-19,8013040,8011797,6,7,69
2023-06-19,8013040,8011995,5,8,184
2023-06-19,8013040,8013040,11,15,120
2023-06-19,8013051,8011356,1,1,720
2023-06-19,8013051,8011646,6,7,300
2023-06-19,8013051,8013051,13,14,313
2023-06-19,8013051,8013177,5,6,250
2023-06-19,8013062,8011017,9,9,170
2023-06-19,8013062,8011778,5,5,126
2023-06-19,8013062,8013062,16,17,99
2023-06-19,8013069,8010156,3,3,50
2023-06-19,8013069,8011951,3,4,142
2023-06-19,8013069,8013069,6,7,99
2023-06-19,8013072,8010273,7,8,210
2023-06-19,8013072,8012143,8,8,199
2023-06-19,8013072,8013072,15,16,208
2023-06-19,8013073,8010173,6,11,104
2023-06-19,8013073,8012716,8,10,54
2023-06-19,8013073,8013073,14,21,77
2023-06-19,8013079,8011326,6,9,37
2023-06-19,8013079,8012643,4,9,13
2023-06-19,8013079,8013079,10,18,20
2023-06-19,8013104,8010210,7,9,97
2023-06-19,8013104,8012835,2,8,30
2023-06-19,8013104,8013104,9,17,69
2023-06-19,8013105,8011797,7,7,309
2023-06-19,8013105,8012438,5,8,180
2023-06-19,8013105,8013105,12,15,220
2023-06-19,8013106,8079604,0,7,0
2023-06-19,8013131,8010179,3,5,84
2023-06-19,8013131,8011456,4,4,98
2023-06-19,8013131,8013131,6,9,77
2023-06-19,8013132,8010392,2,9,33
2023-06-19,8013132,8011108,1,9,3
2023-06-19,8013132,8013132,2,18,18
2023-06-19,8013133,8010392,0,7,0
2023-06-19,8013133,8011992,0,7,0
2023-06-19,8013133,8013133,0,14,0
2023-06-19,8013156,8013162,2,4,75
2023-06-19,8013161,8013161,1,9,7
2023-06-19,8013161,8017349,1,5,12
2023-06-19,8013161,8087027,0,4,0
2023-06-19,8013162,8011456,1,5,24
2023-06-19,8013162,8013156,2,3,100
2023-06-19,8013162,8013162,4,9,47
2023-06-19,8013177,8011356,5,6,245
2023-06-19,8013177,8013051,4,5,288
2023-06-19,8013177,8013177,9,11,267
2023-06-19,8013186,8010051,5,10,180
2023-06-19,8013186,8011215,3,3,130
2023-06-19,8013186,8012264,1,1,30
2023-06-19,8013186,8012940,2,4,98
2023-06-19,8013186,8013186,11,19,161
2023-06-19,8013232,8012949,0,3,0
2023-06-19,8013232,8013232,0,5,0
2023-06-19,8013293,8011731,2,2,45
2023-06-19,8013293,8013293,3,4,60
2023-06-19,8013293,8070946,2,2,90
2023-06-19,8013322,8011481,6,7,326
2023-06-19,8013322,8011707,6,6,370
2023-06-19,8013322,8013322,12,13,383
2023-06-19,8013339,8011889,0,8,0
2023-06-19,8013339,8013339,10,17,58
2023-06-19,8013339,8013340,4,11,44
2023-06-19,8013340,8013339,1,11,5
2023-06-19,8013340,8013340,5,22,23
2023-06-19,8013340,8013341,2,11,33
2023-06-19,8013341,8011108,2,11,33
2023-06-19,8013341,8013340,0,11,0
2023-06-19,8013341,8013341,3,22,18
2023-06-19,8013352,8012358,5,5,294
2023-06-19,8013352,8013352,6,9,190
2023-06-19,8013354,8010325,2,9,10
2023-06-19,8013354,8012643,6,8,45
2023-06-19,8013354,8013354,9,17,39
2023-06-19,8013370,8010173,2,2,90
2023-06-19,8013370,8012009,1,2,75
2023-06-19,8013370,8013370,4,4,82
2023-06-19,8013373,8011481,6,6,225
2023-06-19,8013373,8013373,12,13,284
2023-06-19,8013385,8010392,0,5,0
2023-06-19,8013385,8012086,1,4,30
2023-06-19,8013385,8013385,1,9,13
2023-06-19,8013393,8010213,3,3,340
2023-06-19,8013393,8012610,4,4,330
2023-06-19,8013393,8013393,7,7,356
2023-06-19,8013409,8012361,1,2,15
2023-06-19,8013409,8013409,2,4,15
2023-06-19,8013409,8070946,0,2,0
2023-06-19,8017349,8012892,1,5,18
2023-06-19,8017349,8013161,0,4,0
2023-06-19,8017349,8017349,1,9,7
2023-06-19,8070946,8013293,2,2,30
2023-06-19,8070946,8013409,2,2,30
2023-06-19,8070946,8070946,4,4,52
2023-06-19,8079604,8012841,2,7,9
2023-06-19,8079604,8013106,1,7,17
2023-06-19,8079604,8079604,4,14,15
2023-06-19,8079629,8011735,10,10,114
2023-06-19,8079629,8012785,6,6,145
2023-06-19,8079629,8012806,3,3,180
2023-06-19,8079629,8079629,17,21,121
2023-06-19,8087025,8012962,0,5,0
2023-06-19,8087025,8012963,1,5,12
2023-06-19,8087025,8087025,1,10,9
2023-06-19,8087026,8011109,0,4,0
2023-06-19,8087026,8012963,1,5,18
2023-06-19,8087026,8087026,1,9,10
2023-06-19,8087027,8012065,0,4,0
2023-06-19,8087027,8013161,1,5,12
2023-06-19,8087027,8087027,1,9,10
2023-06-20,8010016,8010016,33,36,85
2023-06-20,8010016,8011031,13,24,68
2023-06-20,8010016,8012729,8,18,52
2023-06-20,8010051,8010051,26,42,77
2023-06-20,8010051,8010153,10,10,201
2023-06-20,8010051,8010322,10,10,171
2023-06-20,8010051,8012264,2,2,60
2023-06-20,8010051,8013186,12,19,51
2023-06-20,8010141,8010141,18,38,36
2023-06-20,8010141,8011702,6,11,25
2023-06-20,8010141,8012651,5,9,53
2023-06-20,8010141,8012902,8,8,68
2023-06-20,8010153,8010051,7,10,63
2023-06-20,8010153,8010153,18,20,106
2023-06-20,8010153,8010201,0,1,-300
2023-06-20,8010153,8010284,16,33,68
2023-06-20,8010153,8010322,10,10,90
2023-06-20,8010153,8012269,3,18,5
2023-06-20,8010156,8010156,46,57,120
2023-06-20,8010156,8011798,7,13,141
2023-06-20,8010156,8012009,1,4,52
2023-06-20,8010156,8012474,3,4,135
2023-06-20,8010156,8012677,12,15,134
2023-06-20,8010156,8012951,9,12,110
2023-06-20,8010156,8013069,2,10,12
2023-06-20,8010173,8010173,35,52,69
2023-06-20,8010173,8012951,12,26,63
2023-06-20,8010173,8013073,18,21,91
2023-06-20,8010173,8013370,5,5,60
2023-06-20,8010176,8010176,17,36,42
2023-06-20,8010176,8010381,12,18,63
2023-06-20,8010176,8011995,5,18,22
2023-06-20,8010179,8010179,40,42,326
2023-06-20,8010179,8011536,10,10,492
2023-06-20,8010179,8012418,9,9,523
2023-06-20,8010179,8012839,9,11,131
2023-06-20,8010179,8013131,11,11,139
2023-06-20,8010199,8010199,20,36,63
2023-06-20,8010199,8010284,8,18,42
2023-06-20,8010199,8012436,14,18,90
2023-06-20,8010201,8010201,12,20,207
2023-06-20,8010201,8010273,13,14,253
2023-06-20,8010201,8012093,6,10,99
2023-06-20,8010210,8010210,16,38,126
2023-06-20,8010210,8012683,6,17,88
2023-06-20,8010210,8012832,5,19,65
2023-06-20,8010210,8013104,5,19,88
2023-06-20,8010213,8010213,14,17,169
2023-06-20,8010213,8011689,6,8,218
2023-06-20,8010213,8013393,7,9,120
2023-06-20,8010227,8010227,20,36,39
2023-06-20,8010227,8010348,15,18,82
2023-06-20,8010227,8012758,15,19,38
2023-06-20,8010241,8010241,55,65,197
2023-06-20,8010241,8011025,14,17,341
2023-06-20,8010241,8011293,15,19,261
2023-06-20,8010241,8012376,2,18,3
2023-06-20,8010241,8013017,13,17,180
2023-06-20,8010267,8011403,5,19,41
2023-06-20,8010267,8013018,9,17,94
2023-06-20,8010273,8010201,9,13,192
2023-06-20,8010273,8010273,45,56,209
2023-06-20,8010273,8010284,10,15,158
2023-06-20,8010273,8013072,15,18,195
2023-06-20,8010284,8010153,27,33,145
2023-06-20,8010284,8010199,12,18,83
2023-06-20,8010284,8010273,11,14,146
2023-06-20,8010284,8010284,39,66,100
2023-06-20,8010300,8010300,42,56,172
2023-06-20,8010300,8011611,5,14,152
2023-06-20,8010300,8012377,11,15,100
2023-06-20,8010300,8012582,14,17,134
2023-06-20,8010322,8010051,8,10,51
2023-06-20,8010322,8010153,5,10,42
2023-06-20,8010322,8012362,18,18,292
2023-06-20,8010325,8010325,29,63,40
2023-06-20,8010325,8012940,14,32,58
2023-06-20,8010325,8012951,8,11,33
2023-06-20,8010325,8013354,13,20,50
2023-06-20,8010339,8010339,25,34,186
2023-06-20,8010339,8011213,16,17,254
2023-06-20,8010339,8012555,12,17,180
2023-06-20,8010348,8010227,2,18,10
2023-06-20,8010348,8010348,32,36,65
2023-06-20,8010348,8012436,7,18,37
2023-06-20,8010381,8010176,4,18,18
2023-06-20,8010381,8012321,4,21,10
2023-06-20,8010392,8010392,6,39,40
2023-06-20,8010392,8013132,0,26,0
2023-06-20,8010392,8013133,0,18,0
2023-06-20,8010392,8013385,6,20,76
2023-06-20,8011017,8011017,24,38,167
2023-06-20,8011017,8012711,19,19,219
2023-06-20,8011017,8013062,18,19,134
2023-06-20,8011025,8010241,12,17,129
2023-06-20,8011025,8011025,26,34,237
2023-06-20,8011025,8011646,15,17,386
2023-06-20,8011027,8011027,10,21,166
2023-06-20,8011027,8011281,4,11,166
2023-06-20,8011027,8012762,4,10,150
2023-06-20,8011031,8010016,21,25,101
2023-06-20,8011031,8011031,30,49,69
2023-06-20,8011031,8012609,10,24,40
2023-06-20,8011044,8010282,4,4,315
2023-06-20,8011044,8011044,25,28,373
2023-06-20,8011044,8011438,10,10,573
2023-06-20,8011044,8012021,9,10,402
2023-06-20,8011108,8011108,8,52,36
2023-06-20,8011108,8013132,8,27,70
2023-06-20,8011108,8013341,0,25,0
2023-06-20,8011109,8011109,5,40,32
2023-06-20,8011109,8012892,0,20,0
2023-06-20,8011109,8087026,5,20,63
2023-06-20,8011114,8012005,0,17,0
2023-06-20,8011140,8011140,27,32,121
2023-06-20,8011140,8012377,15,17,129
2023-06-20,8011140,8012806,10,15,118
2023-06-20,8011205,8010399,9,9,303
2023-06-20,8011205,8011205,21,22,394
2023-06-20,8011205,8011307,10,11,483
2023-06-20,8011213,8010339,13,17,148
2023-06-20,8011213,8011213,33,34,221
2023-06-20,8011213,8012610,7,8,232
2023-06-20,8011213,8012839,2,2,135
2023-06-20,8011230,8011230,21,31,98
2023-06-20,8011230,8011248,13,16,96
2023-06-20,8011230,8012933,12,15,126
2023-06-20,8011248,8011230,9,15,102
2023-06-20,8011248,8011248,22,31,100
2023-06-20,8011248,8012677,11,16,90
2023-06-20,8011270,8011270,18,35,75
2023-06-20,8011270,8011729,15,17,148
2023-06-20,8011270,8012785,4,18,18
2023-06-20,8011281,8011027,3,10,144
2023-06-20,8011281,8011281,8,21,159
2023-06-20,8011281,8012316,6,11,145
2023-06-20,8011286,8011286,17,38,69
2023-06-20,8011286,8011889,11,19,120
2023-06-20,8011286,8011991,0,19,0
2023-06-20,8011293,8010241,18,19,385
2023-06-20,8011293,8011293,35,38,337
2023-06-20,8011293,8011307,9,11,303
2023-06-20,8011307,8011205,9,11,284
2023-06-20,8011307,8011293,10,11,485
2023-06-20,8011307,8011307,19,22,385
2023-06-20,8011326,8011326,17,38,43
2023-06-20,8011326,8012824,4,19,19
2023-06-20,8011326,8013079,7,20,40
2023-06-20,8011356,8011356,21,34,251
2023-06-20,8011356,8012710,11,17,339
2023-06-20,8011356,8013177,10,17,162
2023-06-20,8011403,8010267,3,19,9
2023-06-20,8011403,8011403,6,38,22
2023-06-20,8011403,8011582,4,19,38
2023-06-20,8011438,8011044,8,10,408
2023-06-20,8011438,8011438,19,20,506
2023-06-20,8011438,8011536,10,10,582
2023-06-20,8011442,8011442,11,18,133
2023-06-20,8011442,8012474,8,9,233
2023-06-20,8011442,8013018,5,9,63
2023-06-20,8011456,8011456,12,22,93
2023-06-20,8011456,8013131,7,11,63
2023-06-20,8011456,8013162,10,11,150
2023-06-20,8011481,8011481,23,34,250
2023-06-20,8011481,8013322,16,17,185
2023-06-20,8011481,8013373,8,17,342
2023-06-20,8011536,8010179,10,10,564
2023-06-20,8011536,8011438,10,10,471
2023-06-20,8011536,8011536,20,20,526
2023-06-20,8011582,8011403,3,19,11
2023-06-20,8011582,8011582,8,38,28
2023-06-20,8011582,8012824,5,19,39
2023-06-20,8011592,8011592,4,28,21
2023-06-20,8011592,8011908,3,14,26
2023-06-20,8011592,8012274,1,16,15
2023-06-20,8011611,8010300,7,12,312
2023-06-20,8011611,8011611,15,26,254
2023-06-20,8011611,8012762,6,13,185
2023-06-20,8011646,8011025,15,17,127
2023-06-20,8011646,8011646,30,34,258
2023-06-20,8011646,8013051,15,17,341
2023-06-20,8011681,8011681,11,20,90
2023-06-20,8011681,8011994,6,10,81
2023-06-20,8011681,8012262,8,10,99
2023-06-20,8011689,5100145,5,8,195
2023-06-20,8011689,8010213,5,9,97
2023-06-20,8011689,8011689,11,17,148
2023-06-20,8011694,8011694,29,38,450
2023-06-20,8011694,8011723,18,19,704
2023-06-20,8011694,8011953,5,9,70
2023-06-20,8011694,8012358,10,10,477
2023-06-20,8011702,8010141,6,9,60
2023-06-20,8011702,8011702,8,20,30
2023-06-20,8011702,8012902,6,11,30
2023-06-20,8011707,8011707,26,34,308
2023-06-20,8011707,8012710,16,17,372
2023-06-20,8011707,8013322,10,17,360
2023-06-20,8011718,8011718,14,32,35
2023-06-20,8011718,8012274,3,16,22
2023-06-20,8011718,8012954,10,16,62
2023-06-20,8011723,8011694,10,19,189
2023-06-20,8011723,8011723,29,38,447
2023-06-20,8011723,8012021,10,10,486
2023-06-20,8011726,8011726,12,18,157
2023-06-20,8011726,8011951,6,8,240
2023-06-20,8011726,8012474,6,9,90
2023-06-20,8011729,8011270,3,18,12
2023-06-20,8011729,8011729,15,35,65
2023-06-20,8011729,8012841,9,17,95
2023-06-20,8011731,8011731,9,12,85
2023-06-20,8011731,8013293,3,6,70
2023-06-20,8011735,8011735,40,49,92
2023-06-20,8011735,8012609,17,25,77
2023-06-20,8011735,8079629,13,24,81
2023-06-20,8011778,8011778,18,26,241
2023-06-20,8011778,8012316,6,10,234
2023-06-20,8011778,8012762,3,3,690
2023-06-20,8011778,8013062,7,10,204
2023-06-20,8011778,8013352,1,2,30
2023-06-20,8011797,8011797,36,36,88
2023-06-20,8011797,8013040,13,18,75
2023-06-20,8011797,8013105,10,18,45
2023-06-20,8011798,8010156,13,13,51
2023-06-20,8011864,8003774,14,19,54
2023-06-20,8011864,8011864,25,38,61
2023-06-20,8011864,8012268,10,19,55
2023-06-20,8011889,8011286,0,19,0
2023-06-20,8011889,8011889,17,38,67
2023-06-20,8011889,8013339,17,19,148
2023-06-20,8011908,8011592,2,14,19
2023-06-20,8011908,8011908,5,28,22
2023-06-20,8011908,8012737,3,14,24
2023-06-20,8011939,8011939,0,14,0
2023-06-20,8011939,8012517,0,7,0
2023-06-20,8011939,8012949,0,7,0
2023-06-20,8011951,8011726,6,9,70
2023-06-20,8011951,8011951,11,19,114
2023-06-20,8011951,8012474,0,1,0
2023-06-20,8011951,8013069,6,9,187
2023-06-20,8011953,8011694,8,9,940
2023-06-20,8011953,8011953,18,20,508
2023-06-20,8011953,8012358,10,10,327
2023-06-20,8011991,8011286,17,19,129
2023-06-20,8011991,8011991,13,38,60
2023-06-20,8011992,8011992,0,36,0
2023-06-20,8011992,8012617,0,18,0
2023-06-20,8011992,8013133,0,18,0
2023-06-20,8011995,8010176,11,18,63
2023-06-20,8011995,8011995,15,36,42
2023-06-20,8011995,8013040,8,18,27
2023-06-20,8012005,8011114,8,17,65
2023-06-20,8012005,8012005,4,34,27
2023-06-20,8012005,8012827,0,17,0
2023-06-20,8012009,8010156,5,5,42
2023-06-20,8012009,8012009,5,9,40
2023-06-20,8012009,8013370,1,4,52
2023-06-20,8012021,8011044,9,10,465
2023-06-20,8012021,8011723,10,10,396
2023-06-20,8012021,8012021,19,20,448
2023-06-20,8012065,8012065,5,40,33
2023-06-20,8012065,8012086,0,20,0
2023-06-20,8012065,8087027,5,20,66
2023-06-20,8012086,8012065,5,20,66
2023-06-20,8012086,8012086,5,40,34
2023-06-20,8012086,8013385,0,20,0
2023-06-20,8012093,8010201,6,10,303
2023-06-20,8012093,8010399,9,9,130
2023-06-20,8012093,8012093,12,20,188
2023-06-20,8012108,8012108,19,36,47
2023-06-20,8012108,8012729,9,18,38
2023-06-20,8012108,8012840,7,18,47
2023-06-20,8012109,8012109,34,36,243
2023-06-20,8012109,8012143,17,18,238
2023-06-20,8012109,8012856,16,18,233
2023-06-20,8012143,8012109,16,18,255
2023-06-20,8012143,8012143,35,36,247
2023-06-20,8012143,8013072,18,18,263
2023-06-20,8012146,8012146,6,38,65
2023-06-20,8012146,8012832,3,19,77
2023-06-20,8012146,8012843,5,19,54
2023-06-20,8012262,8011681,3,10,54
2023-06-20,8012262,8012262,26,43,79
2023-06-20,8012262,8012716,14,22,76
2023-06-20,8012264,8010051,1,2,15
2023-06-20,8012264,8012264,36,58,50
2023-06-20,8012264,8012321,4,10,24
2023-06-20,8012264,8012384,9,12,70
2023-06-20,8012264,8012940,14,20,48
2023-06-20,8012268,8011864,15,19,66
2023-06-20,8012268,8012268,20,38,58
2023-06-20,8012268,8012902,5,19,38
2023-06-20,8012269,8010153,18,18,260
2023-06-20,8012269,8012269,23,36,138
2023-06-20,8012269,8012362,5,18,10
2023-06-20,8012274,8011592,2,16,17
2023-06-20,8012274,8011718,3,16,28
2023-06-20,8012274,8012274,5,32,21
2023-06-20,8012296,8012517,0,7,0
2023-06-20,8012316,8011281,6,10,207
2023-06-20,8012316,8011778,3,11,120
2023-06-20,8012316,8012316,12,21,177
2023-06-20,8012321,8010381,6,22,42
2023-06-20,8012321,8012264,2,8,22
2023-06-20,8012321,8012321,17,43,38
2023-06-20,8012321,8012384,7,13,42
2023-06-20,8012358,8011694,10,10,534
2023-06-20,8012358,8011953,9,10,861
2023-06-20,8012358,8012358,45,47,481
2023-06-20,8012358,8013352,9,11,314
2023-06-20,8012361,8013409,6,6,50
2023-06-20,8012362,8010322,17,18,35
2023-06-20,8012362,8012269,18,18,265
2023-06-20,8012362,8012362,19,36,134
2023-06-20,8012376,8010241,8,19,17
2023-06-20,8012376,8012376,17,37,18
2023-06-20,8012376,8012758,13,18,47
2023-06-20,8012377,8010300,15,17,148
2023-06-20,8012377,8011140,10,15,106
2023-06-20,8012377,8012377,26,32,109
2023-06-20,8012384,8012264,9,13,51
2023-06-20,8012384,8012321,6,12,45
2023-06-20,8012384,8012384,15,25,49
2023-06-20,8012421,8012421,28,34,201
2023-06-20,8012421,8012555,13,17,226
2023-06-20,8012421,8013017,15,17,196
2023-06-20,8012436,8010199,12,18,53
2023-06-20,8012436,8010348,17,18,130
2023-06-20,8012436,8012436,29,36,76
2023-06-20,8012438,8012438,19,36,51
2023-06-20,8012438,8012840,11,18,50
2023-06-20,8012438,8013105,10,18,55
2023-06-20,8012474,8010156,4,4,172
2023-06-20,8012474,8011442,5,9,83
2023-06-20,8012474,8011726,7,9,247
2023-06-20,8012474,8011951,1,1,90
2023-06-20,8012474,8012474,20,33,126
2023-06-20,8012474,8013018,2,7,51
2023-06-20,8012517,8011939,0,7,0
2023-06-20,8012517,8012296,0,7,0
2023-06-20,8012517,8012517,0,14,0
2023-06-20,8012555,8010339,12,17,201
2023-06-20,8012555,8012421,13,17,191
2023-06-20,8012555,8012555,26,34,197
2023-06-20,8012582,8010300,12,16,43
2023-06-20,8012582,8012582,23,33,75
2023-06-20,8012582,8012584,14,17,136
2023-06-20,8012583,8012584,0,16,0
2023-06-20,8012584,8012582,0,16,-2
2023-06-20,8012584,8012583,11,17,116
2023-06-20,8012584,8012584,14,33,66
2023-06-20,8012609,8011031,15,25,79
2023-06-20,8012609,8011735,22,24,90
2023-06-20,8012609,8012609,35,49,70
2023-06-20,8012610,8011213,8,9,200
2023-06-20,8012610,8012610,15,17,178
2023-06-20,8012610,8013393,8,8,274
2023-06-20,8012617,8011992,0,18,0
2023-06-20,8012643,8012643,16,40,40
2023-06-20,8012643,8013079,5,20,33
2023-06-20,8012643,8013354,10,20,45
2023-06-20,8012677,8010156,10,16,88
2023-06-20,8012677,8011248,9,15,104
2023-06-20,8012677,8012677,21,31,102
2023-06-20,8012683,8010210,1,17,9
2023-06-20,8012683,8012683,7,34,51
2023-06-20,8012683,8012684,6,17,86
2023-06-20,8012684,8012683,1,17,21
2023-06-20,8012684,8012684,7,34,53
2023-06-20,8012710,8011356,17,17,266
2023-06-20,8012710,8011707,11,17,328
2023-06-20,8012710,8012710,28,34,357
2023-06-20,8012711,8011017,5,19,74
2023-06-20,8012711,8012711,19,38,133
2023-06-20,8012711,8012835,18,19,194
2023-06-20,8012716,8012262,17,21,90
2023-06-20,8012716,8012716,31,43,74
2023-06-20,8012716,8013073,14,22,71
2023-06-20,8012729,8010016,18,18,115
2023-06-20,8012729,8012108,10,18,70
2023-06-20,8012729,8012729,27,36,68
2023-06-20,8012737,8011908,4,14,21
2023-06-20,8012758,8010227,11,18,50
2023-06-20,8012758,8012376,12,19,27
2023-06-20,8012758,8012758,29,37,54
2023-06-20,8012762,8010300,1,1,210
2023-06-20,8012762,8011027,7,11,185
2023-06-20,8012762,8011611,7,11,352
2023-06-20,8012762,8011778,0,2,-15
2023-06-20,8012762,8012762,13,26,219
2023-06-20,8012785,8011270,13,17,132
2023-06-20,8012785,8012785,22,35,92
2023-06-20,8012785,8079629,10,14,41
2023-06-20,8012806,8011140,14,16,101
2023-06-20,8012806,8012806,26,31,90
2023-06-20,8012806,8079629,2,5,150
2023-06-20,8012824,8011326,7,19,54
2023-06-20,8012824,8011582,3,19,17
2023-06-20,8012824,8012824,10,38,30
2023-06-20,8012827,8012005,4,16,58
2023-06-20,8012827,8012827,4,33,28
2023-06-20,8012832,8010210,4,19,74
2023-06-20,8012832,8012146,3,19,51
2023-06-20,8012832,8012832,6,38,65
2023-06-20,8012835,8012711,5,19,84
2023-06-20,8012835,8012835,21,38,153
2023-06-20,8012835,8013104,16,19,180
2023-06-20,8012839,8010179,11,11,125
2023-06-20,8012839,8011213,3,3,140
2023-06-20,8012839,8012839,22,22,117
2023-06-20,8012840,8012108,11,18,45
2023-06-20,8012840,8012438,8,18,52
2023-06-20,8012840,8012840,18,36,53
2023-06-20,8012841,8011729,3,18,13
2023-06-20,8012841,8012841,16,35,47
2023-06-20,8012841,8079604,12,17,85
2023-06-20,8012843,8012146,3,19,77
2023-06-20,8012856,8012002,16,18,252
2023-06-20,8012856,8012109,18,18,242
2023-06-20,8012856,8012856,35,36,234
2023-06-20,8012892,8011109,5,20,64
2023-06-20,8012892,8012892,5,40,32
2023-06-20,8012892,8017349,0,20,0
2023-06-20,8012902,8010141,3,10,15
2023-06-20,8012902,8011702,5,9,50
2023-06-20,8012902,8012268,13,19,73
2023-06-20,8012902,8012902,20,38,53
2023-06-20,8012933,8004177,10,15,130
2023-06-20,8012933,8011230,13,16,101
2023-06-20,8012933,8012933,25,31,117
2023-06-20,8012940,8010325,14,31,29
2023-06-20,8012940,8012264,11,19,51
2023-06-20,8012940,8012940,60,114,58
2023-06-20,8012940,8012951,17,25,85
2023-06-20,8012940,8012953,10,13,46
2023-06-20,8012940,8013186,6,10,51
2023-06-20,8012949,8011939,0,7,0
2023-06-20,8012949,8012949,0,14,0
2023-06-20,8012949,8013232,0,7,0
2023-06-20,8012951,8010156,9,10,141
2023-06-20,8012951,8010173,16,26,55
2023-06-20,8012951,8010325,6,12,85
2023-06-20,8012951,8012940,14,26,67
2023-06-20,8012951,8012951,44,74,73
2023-06-20,8012953,8012940,4,13,28
2023-06-20,8012953,8012953,13,32,31
2023-06-20,8012953,8012960,5,16,19
2023-06-20,8012954,8011718,6,16,22
2023-06-20,8012954,8012954,12,32,36
2023-06-20,8012954,8012960,5,16,43
2023-06-20,8012960,8012953,4,16,34
2023-06-20,8012960,8012954,6,16,21
2023-06-20,8012960,8012960,10,32,30
2023-06-20,8012962,8012962,2,40,16
2023-06-20,8012962,8079084,2,20,33
2023-06-20,8012962,8087025,0,20,0
2023-06-20,8012963,8012963,4,37,20
2023-06-20,8012963,8087025,1,20,24
2023-06-20,8012963,8087026,0,20,0
2023-06-20,8013017,8010241,13,17,176
2023-06-20,8013017,8012421,16,17,203
2023-06-20,8013017,8013017,33,34,192
2023-06-20,8013018,8010267,12,16,126
2023-06-20,8013018,8011442,6,9,200
2023-06-20,8013018,8012474,5,8,41
2023-06-20,8013018,8013018,18,33,90
2023-06-20,8013040,8011797,15,18,72
2023-06-20,8013040,8011995,11,18,55
2023-06-20,8013040,8013040,27,36,56
2023-06-20,8013051,8011646,14,17,129
2023-06-20,8013051,8013051,27,34,242
2023-06-20,8013051,8013177,14,17,358
2023-06-20,8013062,8011017,19,19,223
2023-06-20,8013062,8011778,11,11,235
2023-06-20,8013062,8013062,34,38,169
2023-06-20,8013069,8010156,5,9,190
2023-06-20,8013069,8011951,4,10,36
2023-06-20,8013069,8013069,8,19,106
2023-06-20,8013072,8010273,17,18,247
2023-06-20,8013072,8012143,15,18,213
2023-06-20,8013072,8013072,30,36,228
2023-06-20,8013073,8010173,9,22,50
2023-06-20,8013073,8012716,17,21,79
2023-06-20,8013073,8013073,27,43,71
2023-06-20,8013079,8011326,14,20,60
2023-06-20,8013079,8012643,7,20,36
2023-06-20,8013079,8013079,21,40,46
2023-06-20,8013104,8010210,12,19,152
2023-06-20,8013104,8012835,5,19,90
2023-06-20,8013104,8013104,13,38,108
2023-06-20,8013105,8011797,18,18,170
2023-06-20,8013105,8012438,11,18,53
2023-06-20,8013105,8013105,27,36,86
2023-06-20,8013106,8079604,1,18,3
2023-06-20,8013131,8010179,9,11,90
2023-06-20,8013131,8011456,10,11,136
2023-06-20,8013131,8013131,18,22,112
2023-06-20,8013132,8010392,8,28,66
2023-06-20,8013132,8011108,0,25,0
2023-06-20,8013132,8013132,8,52,35
2023-06-20,8013133,8010392,0,18,0
2023-06-20,8013133,8011992,0,18,0
2023-06-20,8013133,8013133,0,36,0
2023-06-20,8013156,8013162,5,11,82
2023-06-20,8013161,8013161,5,40,32
2023-06-20,8013161,8017349,4,20,60
2023-06-20,8013161,8087027,0,20,0
2023-06-20,8013162,8011456,3,11,57
2023-06-20,8013162,8013156,11,11,142
2023-06-20,8013162,8013162,14,22,106
2023-06-20,8013177,8011356,15,17,371
2023-06-20,8013177,8013051,12,17,166
2023-06-20,8013177,8013177,27,34,269
2023-06-20,8013186,8010051,6,19,96
2023-06-20,8013186,8011215,5,8,41
2023-06-20,8013186,8012264,1,1,30
2023-06-20,8013186,8012940,8,9,90
2023-06-20,8013186,8013186,16,38,74
2023-06-20,8013232,8012949,0,7,0
2023-06-20,8013232,8013232,0,14,0
2023-06-20,8013293,8011731,6,6,80
2023-06-20,8013293,8013293,8,12,50
2023-06-20,8013293,8070946,3,6,60
2023-06-20,8013322,8011481,11,17,342
2023-06-20,8013322,8011707,16,17,217
2023-06-20,8013322,8013322,27,34,286
2023-06-20,8013339,8011889,0,19,0
2023-06-20,8013339,8013339,17,37,51
2023-06-20,8013339,8013340,9,27,72
2023-06-20,8013340,8013339,0,25,0
2023-06-20,8013340,8013340,10,52,39
2023-06-20,8013340,8013341,8,27,70
2023-06-20,8013341,8011108,8,27,70
2023-06-20,8013341,8013340,0,25,0
2023-06-20,8013341,8013341,8,52,36
2023-06-20,8013352,8011778,2,2,1095
2023-06-20,8013352,8012358,9,10,570
2023-06-20,8013352,8013352,20,21,394
2023-06-20,8013354,8010325,8,20,33
2023-06-20,8013354,8012643,7,20,42
2023-06-20,8013354,8013354,20,40,47
2023-06-20,8013370,8010173,1,4,52
2023-06-20,8013370,8012009,3,5,36
2023-06-20,8013370,8013370,4,9,43
2023-06-20,8013373,8011481,16,17,138
2023-06-20,8013373,8013373,24,34,239
2023-06-20,8013385,8010392,0,20,0
2023-06-20,8013385,8012086,5,20,72
2023-06-20,8013385,8013385,6,40,38
2023-06-20,8013393,8010213,7,8,218
2023-06-20,8013393,8012610,7,9,103
2023-06-20,8013393,8013393,14,17,169
2023-06-20,8013409,8012361,2,6,60
2023-06-20,8013409,8013409,8,12,52
2023-06-20,8013409,8070946,2,6,15
2023-06-20,8017349,8012892,5,20,66
2023-06-20,8017349,8013161,0,20,0
2023-06-20,8017349,8017349,5,40,32
2023-06-20,8070946,8013293,3,6,45
2023-06-20,8070946,8013409,2,6,55
2023-06-20,8070946,8070946,6,12,50
2023-06-20,8079604,8012841,13,18,25
2023-06-20,8079604,8013106,8,17,65
2023-06-20,8079604,8079604,23,35,49
2023-06-20,8079629,8011735,25,25,113
2023-06-20,8079629,8012785,15,15,136
2023-06-20,8079629,8012806,5,6,95
2023-06-20,8079629,8079629,39,49,81
2023-06-20,8087025,8012962,2,20,33
2023-06-20,8087025,8012963,0,20,0
2023-06-20,8087025,8087025,2,40,14
2023-06-20,8087026,8011109,0,20,0
2023-06-20,8087026,8012963,5,20,66
2023-06-20,8087026,8087026,5,40,32
2023-06-20,8087027,8012065,0,20,0
2023-06-20,8087027,8013161,5,20,66
2023-06-20,8087027,8087027,5,40,33
2023-06-21,8010016,8010016,33,36,102
2023-06-21,8010016,8011031,15,24,78
2023-06-21,8010016,8012729,7,18,63
2023-06-21,8010051,8010051,28,42,219
2023-06-21,8010051,8010153,10,10,390
2023-06-21,8010051,8010322,10,10,420
2023-06-21,8010051,8012264,2,2,135
2023-06-21,8010051,8013186,16,19,137
2023-06-21,8010141,8010141,25,38,81
2023-06-21,8010141,8011702,10,11,74
2023-06-21,8010141,8012651,5,9,90
2023-06-21,8010141,8012902,6,8,112
2023-06-21,8010153,8010051,6,10,81
2023-06-21,8010153,8010153,17,19,259
2023-06-21,8010153,8010284,12,33,148
2023-06-21,8010153,8010322,9,10,117
2023-06-21,8010153,8012269,4,18,23
2023-06-21,8010156,8010156,53,57,176
2023-06-21,8010156,8011798,10,13,122
2023-06-21,8010156,8012009,4,4,180
2023-06-21,8010156,8012474,4,4,135
2023-06-21,8010156,8012677,13,15,172
2023-06-21,8010156,8012951,11,12,310
2023-06-21,8010156,8013069,6,10,54
2023-06-21,8010173,8010173,44,52,139
2023-06-21,8010173,8012951,24,26,204
2023-06-21,8010173,8013073,16,21,103
2023-06-21,8010173,8013370,4,5,96
2023-06-21,8010176,8010176,14,36,52
2023-06-21,8010176,8010381,10,18,97
2023-06-21,8010176,8011995,3,18,27
2023-06-21,8010179,8010179,39,42,240
2023-06-21,8010179,8011536,10,10,336
2023-06-21,8010179,8012418,9,9,157
2023-06-21,8010179,8012839,10,11,224
2023-06-21,8010179,8013131,10,11,245
2023-06-21,8010199,8010199,21,36,145
2023-06-21,8010199,8010284,15,18,90
2023-06-21,8010199,8012436,11,18,215
2023-06-21,8010201,8010201,17,20,376
2023-06-21,8010201,8010273,13,14,416
2023-06-21,8010201,8012093,8,10,204
2023-06-21,8010210,8010210,26,38,74
2023-06-21,8010210,8012683,11,17,69
2023-06-21,8010210,8012832,14,19,82
2023-06-21,8010210,8013104,13,19,68
2023-06-21,8010213,8010213,17,17,515
2023-06-21,8010213,8011689,8,8,555
2023-06-21,8010213,8013393,9,9,513
2023-06-21,8010227,8010227,24,36,162
2023-06-21,8010227,8010348,17,18,188
2023-06-21,8010227,8012758,15,19,193
2023-06-21,8010241,8010241,58,65,235
2023-06-21,8010241,8011025,15,17,342
2023-06-21,8010241,8011293,18,19,259
2023-06-21,8010241,8012376,8,18,67
2023-06-21,8010241,8013017,13,17,228
2023-06-21,8010267,8011403,4,19,99
2023-06-21,8010267,8013018,9,17,131
2023-06-21,8010273,8010201,13,14,366
2023-06-21,8010273,8010273,47,57,303
2023-06-21,8010273,8010284,13,15,348
2023-06-21,8010273,8013072,12,18,127
2023-06-21,8010284,8010153,28,33,240
2023-06-21,8010284,8010199,9,18,203
2023-06-21,8010284,8010273,7,14,96
2023-06-21,8010284,8010284,43,66,185
2023-06-21,8010300,8010300,42,56,93
2023-06-21,8010300,8011611,6,14,86
2023-06-21,8010300,8012377,12,15,98
2023-06-21,8010300,8012582,11,17,81
2023-06-21,8010322,8010051,9,10,168
2023-06-21,8010322,8010153,4,10,39
2023-06-21,8010322,8012362,18,18,302
2023-06-21,8010325,8010325,30,63,73
2023-06-21,8010325,8012940,19,32,100
2023-06-21,8010325,8012951,8,11,60
2023-06-21,8010325,8013354,14,20,66
2023-06-21,8010339,8010339,28,34,286
2023-06-21,8010339,8011213,16,17,302
2023-06-21,8010339,8012555,14,17,348
2023-06-21,8010348,8010227,4,18,168
2023-06-21,8010348,8010348,33,36,179
2023-06-21,8010348,8012436,10,18,73
2023-06-21,8010381,8010176,3,18,17
2023-06-21,8010381,8012321,6,21,31
2023-06-21,8010392,8010392,3,39,12
2023-06-21,8010392,8013132,0,26,0
2023-06-21,8010392,8013133,0,18,0
2023-06-21,8010392,8013385,3,20,22
2023-06-21,8011017,8011017,27,38,99
2023-06-21,8011017,8012711,19,19,153
2023-06-21,8011017,8013062,19,19,77
2023-06-21,8011025,8010241,9,17,81
2023-06-21,8011025,8011025,23,34,193
2023-06-21,8011025,8011646,15,17,325
2023-06-21,8011027,8011027,9,21,67
2023-06-21,8011027,8011281,4,11,90
2023-06-21,8011027,8012762,5,10,39
2023-06-21,8011031,8010016,21,25,77
2023-06-21,8011031,8011031,32,49,64
2023-06-21,8011031,8012609,10,24,66
2023-06-21,8011044,8010282,4,4,308
2023-06-21,8011044,8011044,27,28,272
2023-06-21,8011044,8011438,9,10,153
2023-06-21,8011044,8012021,9,10,291
2023-06-21,8011108,8011108,6,52,19
2023-06-21,8011108,8013132,4,27,34
2023-06-21,8011108,8013341,2,25,2
2023-06-21,8011109,8011109,2,40,8
2023-06-21,8011109,8012892,0,20,0
2023-06-21,8011109,8087026,2,20,12
2023-06-21,8011114,8012005,0,17,0
2023-06-21,8011140,8011140,25,32,93
2023-06-21,8011140,8012377,14,17,102
2023-06-21,8011140,8012806,10,15,106
2023-06-21,8011205,8010399,9,9,237
2023-06-21,8011205,8011205,20,22,415
2023-06-21,8011205,8011307,10,11,428
2023-06-21,8011213,8010339,15,17,286
2023-06-21,8011213,8011213,33,34,323
2023-06-21,8011213,8012610,8,8,431
2023-06-21,8011213,8012839,2,2,225
2023-06-21,8011230,8011230,28,31,204
2023-06-21,8011230,8011248,15,16,242
2023-06-21,8011230,8012933,13,15,176
2023-06-21,8011248,8011230,12,15,166
2023-06-21,8011248,8011248,26,31,203
2023-06-21,8011248,8012677,15,16,229
2023-06-21,8011270,8011270,17,35,66
2023-06-21,8011270,8011729,14,17,132
2023-06-21,8011270,8012785,3,18,15
2023-06-21,8011281,8011027,1,10,24
2023-06-21,8011281,8011281,5,21,53
2023-06-21,8011281,8012316,5,11,74
2023-06-21,8011286,8011286,17,38,81
2023-06-21,8011286,8011889,14,19,147
2023-06-21,8011286,8011991,0,19,0
2023-06-21,8011293,8010241,18,19,363
2023-06-21,8011293,8011293,36,38,340
2023-06-21,8011293,8011307,10,11,352
2023-06-21,8011307,8011205,10,11,355
2023-06-21,8011307,8011293,10,11,409
2023-06-21,8011307,8011307,20,22,385
2023-06-21,8011326,8011326,15,38,83
2023-06-21,8011326,8012824,5,19,87
2023-06-21,8011326,8013079,6,20,96
2023-06-21,8011356,8011356,23,34,261
2023-06-21,8011356,8012710,11,17,316
2023-06-21,8011356,8013177,12,17,228
2023-06-21,8011403,8010267,4,19,68
2023-06-21,8011403,8011403,9,38,81
2023-06-21,8011403,8011582,5,19,92
2023-06-21,8011438,8011044,10,10,285
2023-06-21,8011438,8011438,18,20,216
2023-06-21,8011438,8011536,8,10,141
2023-06-21,8011442,8011442,12,18,210
2023-06-21,8011442,8012474,7,9,173
2023-06-21,8011442,8013018,5,9,227
2023-06-21,8011456,8011456,20,22,221
2023-06-21,8011456,8013131,9,11,199
2023-06-21,8011456,8013162,11,11,251
2023-06-21,8011481,8011481,27,34,208
2023-06-21,8011481,8013322,16,17,127
2023-06-21,8011481,8013373,11,17,286
2023-06-21,8011536,8010179,8,10,126
2023-06-21,8011536,8011438,10,10,321
2023-06-21,8011536,8011536,18,20,236
2023-06-21,8011582,8011403,5,19,74
2023-06-21,8011582,8011582,11,38,87
2023-06-21,8011582,8012824,6,19,96
2023-06-21,8011592,8011592,3,28,4
2023-06-21,8011592,8011908,3,14,9
2023-06-21,8011592,8012274,1,16,2
2023-06-21,8011611,8010300,6,12,98
2023-06-21,8011611,8011611,17,26,106
2023-06-21,8011611,8012762,9,13,115
2023-06-21,8011646,8011025,11,17,109
2023-06-21,8011646,8011646,28,34,229
2023-06-21,8011646,8013051,14,17,286
2023-06-21,8011681,8011681,14,20,244
2023-06-21,8011681,8011994,9,10,189
2023-06-21,8011681,8012262,8,10,312
2023-06-21,8011689,5100145,8,8,728
2023-06-21,8011689,8010213,8,9,343
2023-06-21,8011689,8011689,16,17,438
2023-06-21,8011694,8011694,29,38,170
2023-06-21,8011694,8011723,17,19,196
2023-06-21,8011694,8011953,5,9,60
2023-06-21,8011694,8012358,9,10,243
2023-06-21,8011702,8010141,6,9,107
2023-06-21,8011702,8011702,13,20,72
2023-06-21,8011702,8012902,8,11,49
2023-06-21,8011707,8011707,27,34,287
2023-06-21,8011707,8012710,16,17,369
2023-06-21,8011707,8013322,13,17,316
2023-06-21,8011718,8011718,10,32,15
2023-06-21,8011718,8012274,3,16,9
2023-06-21,8011718,8012954,7,16,21
2023-06-21,8011723,8011694,9,19,137
2023-06-21,8011723,8011723,25,38,166
2023-06-21,8011723,8012021,7,10,129
2023-06-21,8011726,8011726,9,18,188
2023-06-21,8011726,8011951,6,8,142
2023-06-21,8011726,8012474,5,9,247
2023-06-21,8011729,8011270,3,18,12
2023-06-21,8011729,8011729,17,35,57
2023-06-21,8011729,8012841,10,17,74
2023-06-21,8011731,8011731,9,12,108
2023-06-21,8011731,8013293,5,6,150
2023-06-21,8011735,8011735,43,49,89
2023-06-21,8011735,8012609,17,25,54
2023-06-21,8011735,8079629,17,24,78
2023-06-21,8011778,8011778,18,26,65
2023-06-21,8011778,8012316,7,10,45
2023-06-21,8011778,8012762,2,3,20
2023-06-21,8011778,8013062,8,10,78
2023-06-21,8011778,8013352,2,2,75
2023-06-21,8011797,8011797,34,36,99
2023-06-21,8011797,8013040,12,18,83
2023-06-21,8011797,8013105,6,18,88
2023-06-21,8011798,8010156,13,13,78
2023-06-21,8011864,8003774,13,19,-302
2023-06-21,8011864,8011864,23,38,-31
2023-06-21,8011864,8012268,10,19,44
2023-06-21,8011889,8011286,0,19,0
2023-06-21,8011889,8011889,16,38,80
2023-06-21,8011889,8013339,16,19,174
2023-06-21,8011908,8011592,0,14,0
2023-06-21,8011908,8011908,1,28,2
2023-06-21,8011908,8012737,1,14,4
2023-06-21,8011939,8011939,0,14,0
2023-06-21,8011939,8012517,0,7,0
2023-06-21,8011939,8012949,0,7,0
2023-06-21,8011951,8011726,7,9,143
2023-06-21,8011951,8011951,11,19,77
2023-06-21,8011951,8012474,0,1,0
2023-06-21,8011951,8013069,4,9,90
2023-06-21,8011953,8011694,8,9,263
2023-06-21,8011953,8011953,18,20,159
2023-06-21,8011953,8012358,10,10,132
2023-06-21,8011991,8011286,17,19,153
2023-06-21,8011991,8011991,16,38,73
2023-06-21,8011992,8011992,0,36,0
2023-06-21,8011992,8012617,0,18,0
2023-06-21,8011992,8013133,0,18,0
2023-06-21,8011995,8010176,9,18,68
2023-06-21,8011995,8011995,12,36,48
2023-06-21,8011995,8013040,7,18,33
2023-06-21,8012005,8011114,16,17,42
2023-06-21,8012005,8012005,3,34,10
2023-06-21,8012005,8012827,0,17,0
2023-06-21,8012009,8010156,5,5,180
2023-06-21,8012009,8012009,8,9,147
2023-06-21,8012009,8013370,4,4,172
2023-06-21,8012021,8011044,7,10,126
2023-06-21,8012021,8011723,9,10,282
2023-06-21,8012021,8012021,16,20,218
2023-06-21,8012065,8012065,2,40,8
2023-06-21,8012065,8012086,0,20,0
2023-06-21,8012065,8087027,2,20,15
2023-06-21,8012086,8012065,2,20,18
2023-06-21,8012086,8012086,2,40,10
2023-06-21,8012086,8013385,0,20,0
2023-06-21,8012093,8010201,9,10,516
2023-06-21,8012093,8010399,8,9,200
2023-06-21,8012093,8012093,17,20,363
2023-06-21,8012108,8012108,16,36,77
2023-06-21,8012108,8012729,6,18,90
2023-06-21,8012108,8012840,7,18,58
2023-06-21,8012109,8012109,31,36,263
2023-06-21,8012109,8012143,18,18,353
2023-06-21,8012109,8012856,13,18,175
2023-06-21,8012143,8012109,12,18,185
2023-06-21,8012143,8012143,31,36,279
2023-06-21,8012143,8013072,18,18,410
2023-06-21,8012146,8012146,21,38,73
2023-06-21,8012146,8012832,9,19,76
2023-06-21,8012146,8012843,13,19,74
2023-06-21,8012262,8011681,5,10,123
2023-06-21,8012262,8012262,30,43,151
2023-06-21,8012262,8012716,17,22,187
2023-06-21,8012264,8010051,2,2,315
2023-06-21,8012264,8012264,40,58,92
2023-06-21,8012264,8012321,4,10,123
2023-06-21,8012264,8012384,10,12,118
2023-06-21,8012264,8012940,16,20,88
2023-06-21,8012268,8011864,14,19,71
2023-06-21,8012268,8012268,17,38,52
2023-06-21,8012268,8012902,5,19,27
2023-06-21,8012269,8010153,18,18,312
2023-06-21,8012269,8012269,28,36,176
2023-06-21,8012269,8012362,10,18,50
2023-06-21,8012274,8011592,2,16,6
2023-06-21,8012274,8011718,2,16,4
2023-06-21,8012274,8012274,4,32,7
2023-06-21,8012296,8012517,0,7,0
2023-06-21,8012316,8011281,6,10,33
2023-06-21,8012316,8011778,3,11,55
2023-06-21,8012316,8012316,11,21,51
2023-06-21,8012321,8010381,6,22,74
2023-06-21,8012321,8012264,2,8,41
2023-06-21,8012321,8012321,20,43,83
2023-06-21,8012321,8012384,10,13,125
2023-06-21,8012358,8011694,10,10,174
2023-06-21,8012358,8011953,10,10,252
2023-06-21,8012358,8012358,46,47,185
2023-06-21,8012358,8013352,11,11,128
2023-06-21,8012361,8013409,6,6,115
2023-06-21,8012362,8010322,18,18,100
2023-06-21,8012362,8012269,18,18,300
2023-06-21,8012362,8012362,26,36,171
2023-06-21,8012376,8010241,14,19,177
2023-06-21,8012376,8012376,24,37,127
2023-06-21,8012376,8012758,13,18,118
2023-06-21,8012377,8010300,16,17,106
2023-06-21,8012377,8011140,13,15,106
2023-06-21,8012377,8012377,25,32,95
2023-06-21,8012384,8012264,11,13,136
2023-06-21,8012384,8012321,8,12,105
2023-06-21,8012384,8012384,18,25,131
2023-06-21,8012421,8012421,29,34,313
2023-06-21,8012421,8012555,14,17,286
2023-06-21,8012421,8013017,16,17,367
2023-06-21,8012436,8010199,15,18,95
2023-06-21,8012436,8010348,16,18,263
2023-06-21,8012436,8012436,31,36,158
2023-06-21,8012438,8012438,18,36,82
2023-06-21,8012438,8012840,8,18,98
2023-06-21,8012438,8013105,10,18,67
2023-06-21,8012474,8010156,4,4,218
2023-06-21,8012474,8011442,5,9,237
2023-06-21,8012474,8011726,4,9,143
2023-06-21,8012474,8011951,1,1,90
2023-06-21,8012474,8012474,18,33,159
2023-06-21,8012474,8013018,4,7,107
2023-06-21,8012517,8011939,0,7,0
2023-06-21,8012517,8012296,0,7,0
2023-06-21,8012517,8012517,0,14,0
2023-06-21,8012555,8010339,13,17,256
2023-06-21,8012555,8012421,14,17,351
2023-06-21,8012555,8012555,28,34,309
2023-06-21,8012582,8010300,16,16,58
2023-06-21,8012582,8012582,22,33,53
2023-06-21,8012582,8012584,10,17,86
2023-06-21,8012583,8012584,0,16,0
2023-06-21,8012584,8012582,0,16,-9
2023-06-21,8012584,8012583,8,17,67
2023-06-21,8012584,8012584,10,33,40
2023-06-21,8012609,8011031,16,25,52
2023-06-21,8012609,8011735,20,24,92
2023-06-21,8012609,8012609,35,49,64
2023-06-21,8012610,8011213,9,9,533
2023-06-21,8012610,8012610,16,17,501
2023-06-21,8012610,8013393,8,8,510
2023-06-21,8012617,8011992,0,18,0
2023-06-21,8012643,8012643,14,40,69
2023-06-21,8012643,8013079,4,20,32
2023-06-21,8012643,8013354,10,20,105
2023-06-21,8012677,8010156,15,16,251
2023-06-21,8012677,8011248,11,15,168
2023-06-21,8012677,8012677,29,31,206
2023-06-21,8012683,8010210,3,17,12
2023-06-21,8012683,8012683,10,34,34
2023-06-21,8012683,8012684,8,17,53
2023-06-21,8012684,8012683,1,17,7
2023-06-21,8012684,8012684,8,34,26
2023-06-21,8012710,8011356,16,17,293
2023-06-21,8012710,8011707,13,17,311
2023-06-21,8012710,8012710,28,34,336
2023-06-21,8012711,8011017,6,19,28
2023-06-21,8012711,8012711,25,38,89
2023-06-21,8012711,8012835,19,19,128
2023-06-21,8012716,8012262,15,21,113
2023-06-21,8012716,8012716,33,43,142
2023-06-21,8012716,8013073,19,22,191
2023-06-21,8012729,8010016,17,18,162
2023-06-21,8012729,8012108,11,18,82
2023-06-21,8012729,8012729,28,36,100
2023-06-21,8012737,8011908,0,14,0
2023-06-21,8012758,8010227,12,18,125
2023-06-21,8012758,8012376,15,19,180
2023-06-21,8012758,8012758,28,37,171
2023-06-21,8012762,8010300,0,1,0
2023-06-21,8012762,8011027,5,11,104
2023-06-21,8012762,8011611,7,11,90
2023-06-21,8012762,8011778,1,2,15
2023-06-21,8012762,8012762,14,26,70
2023-06-21,8012785,8011270,13,17,115
2023-06-21,8012785,8012785,21,35,82
2023-06-21,8012785,8079629,7,14,32
2023-06-21,8012806,8011140,11,16,54
2023-06-21,8012806,8012806,21,31,73
2023-06-21,8012806,8079629,4,5,108
2023-06-21,8012824,8011326,8,19,95
2023-06-21,8012824,8011582,6,19,85
2023-06-21,8012824,8012824,14,38,92
2023-06-21,8012827,8012005,3,16,15
2023-06-21,8012827,8012827,2,33,7
2023-06-21,8012832,8010210,11,19,77
2023-06-21,8012832,8012146,12,19,60
2023-06-21,8012832,8012832,18,38,66
2023-06-21,8012835,8012711,6,19,43
2023-06-21,8012835,8012835,25,38,92
2023-06-21,8012835,8013104,18,19,134
2023-06-21,8012839,8010179,10,11,270
2023-06-21,8012839,8011213,3,3,200
2023-06-21,8012839,8012839,21,22,248
2023-06-21,8012840,8012108,9,18,95
2023-06-21,8012840,8012438,9,18,65
2023-06-21,8012840,8012840,16,36,83
2023-06-21,8012841,8011729,3,18,12
2023-06-21,8012841,8012841,12,35,33
2023-06-21,8012841,8079604,10,17,58
2023-06-21,8012843,8012146,10,19,77
2023-06-21,8012856,8012002,17,18,223
2023-06-21,8012856,8012109,18,18,358
2023-06-21,8012856,8012856,35,36,265
2023-06-21,8012892,8011109,2,20,15
2023-06-21,8012892,8012892,2,40,8
2023-06-21,8012892,8017349,0,20,0
2023-06-21,8012902,8010141,5,10,27
2023-06-21,8012902,8011702,8,9,77
2023-06-21,8012902,8012268,12,19,73
2023-06-21,8012902,8012902,19,38,52
2023-06-21,8012933,8004177,14,15,160
2023-06-21,8012933,8011230,15,16,246
2023-06-21,8012933,8012933,28,31,204
2023-06-21,8012940,8010325,13,31,51
2023-06-21,8012940,8012264,16,19,155
2023-06-21,8012940,8012940,70,114,119
2023-06-21,8012940,8012951,15,25,61
2023-06-21,8012940,8012953,9,13,85
2023-06-21,8012940,8013186,8,10,297
2023-06-21,8012949,8011939,0,7,0
2023-06-21,8012949,8012949,0,14,0
2023-06-21,8012949,8013232,0,7,0
2023-06-21,8012951,8010156,9,10,126
2023-06-21,8012951,8010173,16,26,61
2023-06-21,8012951,8010325,12,12,128
2023-06-21,8012951,8012940,22,26,278
2023-06-21,8012951,8012951,59,74,154
2023-06-21,8012953,8012940,2,13,7
2023-06-21,8012953,8012953,10,32,18
2023-06-21,8012953,8012960,2,16,15
2023-06-21,8012954,8011718,4,16,19
2023-06-21,8012954,8012954,4,32,14
2023-06-21,8012954,8012960,2,16,11
2023-06-21,8012960,8012953,2,16,6
2023-06-21,8012960,8012954,5,16,21
2023-06-21,8012960,8012960,7,32,15
2023-06-21,8012962,8012962,2,40,3
2023-06-21,8012962,8079084,0,20,0
2023-06-21,8012962,8087025,2,20,6
2023-06-21,8012963,8012963,3,37,6
2023-06-21,8012963,8087025,0,20,0
2023-06-21,8012963,8087026,0,20,0
2023-06-21,8013017,8010241,14,17,348
2023-06-21,8013017,8012421,14,17,258
2023-06-21,8013017,8013017,30,34,304
2023-06-21,8013018,8010267,10,16,221
2023-06-21,8013018,8011442,7,9,193
2023-06-21,8013018,8012474,5,8,116
2023-06-21,8013018,8013018,21,33,165
2023-06-21,8013040,8011797,17,18,80
2023-06-21,8013040,8011995,8,18,62
2023-06-21,8013040,8013040,27,36,63
2023-06-21,8013051,8011646,12,17,131
2023-06-21,8013051,8013051,25,34,236
2023-06-21,8013051,8013177,12,17,341
2023-06-21,8013062,8011017,19,19,136
2023-06-21,8013062,8011778,11,11,95
2023-06-21,8013062,8013062,36,38,96
2023-06-21,8013069,8010156,7,9,110
2023-06-21,8013069,8011951,5,10,54
2023-06-21,8013069,8013069,12,19,76
2023-06-21,8013072,8010273,18,18,393
2023-06-21,8013072,8012143,12,18,133
2023-06-21,8013072,8013072,27,36,257
2023-06-21,8013073,8010173,16,22,168
2023-06-21,8013073,8012716,14,21,90
2023-06-21,8013073,8013073,31,43,137
2023-06-21,8013079,8011326,12,20,50
2023-06-21,8013079,8012643,8,20,88
2023-06-21,8013079,8013079,20,40,68
2023-06-21,8013104,8010210,15,19,104
2023-06-21,8013104,8012835,10,19,49
2023-06-21,8013104,8013104,25,38,79
2023-06-21,8013105,8011797,18,18,167
2023-06-21,8013105,8012438,9,18,102
2023-06-21,8013105,8013105,24,36,112
2023-06-21,8013106,8079604,0,18,0
2023-06-21,8013131,8010179,9,11,213
2023-06-21,8013131,8011456,10,11,243
2023-06-21,8013131,8013131,20,22,225
2023-06-21,8013132,8010392,4,28,31
2023-06-21,8013132,8011108,2,25,2
2023-06-21,8013132,8013132,3,52,16
2023-06-21,8013133,8010392,0,18,0
2023-06-21,8013133,8011992,0,18,0
2023-06-21,8013133,8013133,0,36,0
2023-06-21,8013156,8013162,6,11,185
2023-06-21,8013161,8013161,2,40,8
2023-06-21,8013161,8017349,2,20,12
2023-06-21,8013161,8087027,0,20,0
2023-06-21,8013162,8011456,9,11,164
2023-06-21,8013162,8013156,11,11,259
2023-06-21,8013162,8013162,16,22,202
2023-06-21,8013177,8011356,15,17,341
2023-06-21,8013177,8013051,13,17,236
2023-06-21,8013177,8013177,29,34,305
2023-06-21,8013186,8010051,6,19,261
2023-06-21,8013186,8011215,7,8,82
2023-06-21,8013186,8012264,1,1,60
2023-06-21,8013186,8012940,8,9,130
2023-06-21,8013186,8013186,20,38,196
2023-06-21,8013232,8012949,0,7,0
2023-06-21,8013232,8013232,0,14,0
2023-06-21,8013293,8011731,5,6,60
2023-06-21,8013293,8013293,5,12,88
2023-06-21,8013293,8070946,5,6,170
2023-06-21,8013322,8011481,13,17,312
2023-06-21,8013322,8011707,16,17,155
2023-06-21,8013322,8013322,29,34,233
2023-06-21,8013339,8011889,0,19,0
2023-06-21,8013339,8013339,18,37,58
2023-06-21,8013339,8013340,7,27,40
2023-06-21,8013340,8013339,2,25,5
2023-06-21,8013340,8013340,9,52,22
2023-06-21,8013340,8013341,3,27,32
2023-06-21,8013341,8011108,4,27,34
2023-06-21,8013341,8013340,0,25,0
2023-06-21,8013341,8013341,6,52,19
2023-06-21,8013352,8011778,2,2,60
2023-06-21,8013352,8012358,9,10,156
2023-06-21,8013352,8013352,20,21,101
2023-06-21,8013354,8010325,6,20,87
2023-06-21,8013354,8012643,11,20,54
2023-06-21,8013354,8013354,20,40,84
2023-06-21,8013370,8010173,4,4,202
2023-06-21,8013370,8012009,3,5,102
2023-06-21,8013370,8013370,7,9,127
2023-06-21,8013373,8011481,16,17,125
2023-06-21,8013373,8013373,25,34,206
2023-06-21,8013385,8010392,0,20,0
2023-06-21,8013385,8012086,2,20,21
2023-06-21,8013385,8013385,3,40,11
2023-06-21,8013393,8010213,8,8,472
2023-06-21,8013393,8012610,8,9,490
2023-06-21,8013393,8013393,16,17,491
2023-06-21,8013409,8012361,5,6,150
2023-06-21,8013409,8013409,11,12,140
2023-06-21,8013409,8070946,5,6,75
2023-06-21,8017349,8012892,2,20,18
2023-06-21,8017349,8013161,0,20,0
2023-06-21,8017349,8017349,2,40,8
2023-06-21,8070946,8013293,4,6,25
2023-06-21,8070946,8013409,5,6,180
2023-06-21,8070946,8070946,9,12,118
2023-06-21,8079604,8012841,13,18,22
2023-06-21,8079604,8013106,5,17,46
2023-06-21,8079604,8079604,22,35,37
2023-06-21,8079629,8011735,24,25,110
2023-06-21,8079629,8012785,14,15,126
2023-06-21,8079629,8012806,6,6,80
2023-06-21,8079629,8079629,40,49,77
2023-06-21,8087025,8012962,0,20,0
2023-06-21,8087025,8012963,1,20,3
2023-06-21,8087025,8087025,2,40,3
2023-06-21,8087026,8011109,0,20,0
2023-06-21,8087026,8012963,2,20,18
2023-06-21,8087026,8087026,2,40,8
2023-06-21,8087027,8012065,0,20,0
2023-06-21,8087027,8013161,2,20,15
2023-06-21,8087027,8087027,2,40,8
2023-06-22,8010016,8010016,34,36,77
2023-06-22,8010016,8011031,13,24,48
2023-06-22,8010016,8012729,9,18,43
2023-06-22,8010051,8010051,23,42,92
2023-06-22,8010051,8010153,9,10,111
2023-06-22,8010051,8010322,9,10,225
2023-06-22,8010051,8012264,0,2,0
2023-06-22,8010051,8013186,13,19,95
2023-06-22,8010141,8010141,26,38,73
2023-06-22,8010141,8011702,8,11,55
2023-06-22,8010141,8012651,5,9,47
2023-06-22,8010141,8012902,7,8,79
2023-06-22,8010153,8010051,6,10,54
2023-06-22,8010153,8010153,18,20,81
2023-06-22,8010153,8010201,0,1,-390
2023-06-22,8010153,8010284,14,33,76
2023-06-22,8010153,8010322,10,10,105
2023-06-22,8010153,8012269,2,18,3
2023-06-22,8010156,8010156,51,57,187
2023-06-22,8010156,8011798,11,13,233
2023-06-22,8010156,8012009,4,4,202
2023-06-22,8010156,8012474,4,4,292
2023-06-22,8010156,8012677,11,15,212
2023-06-22,8010156,8012951,10,12,120
2023-06-22,8010156,8013069,7,10,240
2023-06-22,8010173,8010173,43,52,103
2023-06-22,8010173,8012951,19,26,138
2023-06-22,8010173,8013073,20,21,80
2023-06-22,8010173,8013370,4,5,126
2023-06-22,8010176,8010176,18,36,32
2023-06-22,8010176,8010381,13,18,60
2023-06-22,8010176,8011995,4,18,10
2023-06-22,8010179,8010179,40,42,268
2023-06-22,8010179,8011536,10,10,510
2023-06-22,8010179,8012418,9,9,210
2023-06-22,8010179,8012839,11,11,134
2023-06-22,8010179,8013131,9,11,139
2023-06-22,8010199,8010199,19,36,75
2023-06-22,8010199,8010284,11,18,63
2023-06-22,8010199,8012436,12,18,93
2023-06-22,8010201,8010201,10,19,87
2023-06-22,8010201,8010273,9,13,88
2023-06-22,8010201,8012093,7,10,60
2023-06-22,8010210,8010210,33,38,287
2023-06-22,8010210,8012683,15,17,415
2023-06-22,8010210,8012832,17,19,292
2023-06-22,8010210,8013104,16,19,246
2023-06-22,8010213,8010213,15,17,385
2023-06-22,8010213,8011689,6,8,424
2023-06-22,8010213,8013393,9,9,417
2023-06-22,8010227,8010227,20,36,52
2023-06-22,8010227,8010348,17,18,117
2023-06-22,8010227,8012758,18,19,46
2023-06-22,8010241,8010241,63,65,205
2023-06-22,8010241,8011025,16,17,215
2023-06-22,8010241,8011293,16,19,268
2023-06-22,8010241,8012376,10,18,47
2023-06-22,8010241,8013017,15,17,256
2023-06-22,8010267,8011403,8,19,148
2023-06-22,8010267,8013018,9,17,176
2023-06-22,8010273,8010201,8,13,141
2023-06-22,8010273,8010273,42,55,207
2023-06-22,8010273,8010284,14,15,414
2023-06-22,8010273,8013072,13,18,117
2023-06-22,8010284,8010153,32,33,283
2023-06-22,8010284,8010199,10,18,85
2023-06-22,8010284,8010273,10,14,126
2023-06-22,8010284,8010284,44,66,175
2023-06-22,8010300,8010300,39,56,106
2023-06-22,8010300,8011611,7,14,111
2023-06-22,8010300,8012377,11,15,86
2023-06-22,8010300,8012582,13,17,71
2023-06-22,8010322,8010051,8,10,81
2023-06-22,8010322,8010153,6,10,54
2023-06-22,8010322,8012362,18,18,310
2023-06-22,8010325,8010325,39,63,94
2023-06-22,8010325,8012940,22,32,103
2023-06-22,8010325,8012951,9,11,79
2023-06-22,8010325,8013354,12,20,108
2023-06-22,8010339,8010339,28,34,245
2023-06-22,8010339,8011213,14,17,296
2023-06-22,8010339,8012555,15,17,277
2023-06-22,8010348,8010227,2,18,5
2023-06-22,8010348,8010348,33,36,82
2023-06-22,8010348,8012436,12,18,57
2023-06-22,8010381,8010176,2,18,3
2023-06-22,8010381,8012321,4,21,6
2023-06-22,8010392,8010392,3,39,32
2023-06-22,8010392,8013132,0,26,0
2023-06-22,8010392,8013133,0,18,0
2023-06-22,8010392,8013385,3,20,62
2023-06-22,8011017,8011017,32,38,306
2023-06-22,8011017,8012711,19,19,423
2023-06-22,8011017,8013062,18,19,218
2023-06-22,8011025,8010241,14,17,226
2023-06-22,8011025,8011025,28,34,214
2023-06-22,8011025,8011646,15,17,203
2023-06-22,8011027,8011027,17,21,250
2023-06-22,8011027,8011281,8,11,325
2023-06-22,8011027,8012762,8,10,150
2023-06-22,8011031,8010016,21,25,73
2023-06-22,8011031,8011031,32,49,49
2023-06-22,8011031,8012609,10,24,39
2023-06-22,8011044,8010282,4,4,202
2023-06-22,8011044,8011044,21,28,292
2023-06-22,8011044,8011438,8,10,279
2023-06-22,8011044,8012021,7,10,414
2023-06-22,8011108,8011108,6,52,52
2023-06-22,8011108,8013132,6,27,101
2023-06-22,8011108,8013341,0,25,0
2023-06-22,8011109,8011109,3,40,26
2023-06-22,8011109,8012892,0,20,0
2023-06-22,8011109,8087026,3,20,48
2023-06-22,8011114,8012005,0,17,0
2023-06-22,8011140,8011140,23,32,76
2023-06-22,8011140,8012377,10,17,67
2023-06-22,8011140,8012806,10,15,86
2023-06-22,8011205,8010399,9,9,210
2023-06-22,8011205,8011205,21,22,288
2023-06-22,8011205,8011307,11,11,311
2023-06-22,8011213,8010339,11,17,187
2023-06-22,8011213,8011213,32,34,264
2023-06-22,8011213,8012610,8,8,319
2023-06-22,8011213,8012839,2,2,75
2023-06-22,8011230,8011230,20,31,177
2023-06-22,8011230,8011248,14,16,103
2023-06-22,8011230,8012933,11,15,306
2023-06-22,8011248,8011230,9,15,218
2023-06-22,8011248,8011248,24,31,151
2023-06-22,8011248,8012677,12,16,98
2023-06-22,8011270,8011270,18,35,87
2023-06-22,8011270,8011729,13,17,157
2023-06-22,8011270,8012785,5,18,33
2023-06-22,8011281,8011027,4,10,132
2023-06-22,8011281,8011281,14,21,236
2023-06-22,8011281,8012316,6,11,281
2023-06-22,8011286,8011286,17,38,129
2023-06-22,8011286,8011889,15,19,238
2023-06-22,8011286,8011991,0,19,0
2023-06-22,8011293,8010241,18,19,276
2023-06-22,8011293,8011293,36,38,283
2023-06-22,8011293,8011307,10,11,278
2023-06-22,8011307,8011205,10,11,281
2023-06-22,8011307,8011293,11,11,308
2023-06-22,8011307,8011307,21,22,297
2023-06-22,8011326,8011326,23,38,144
2023-06-22,8011326,8012824,9,19,163
2023-06-22,8011326,8013079,10,20,129
2023-06-22,8011356,8011356,31,34,403
2023-06-22,8011356,8012710,15,17,385
2023-06-22,8011356,8013177,16,17,422
2023-06-22,8011403,8010267,6,19,131
2023-06-22,8011403,8011403,14,38,139
2023-06-22,8011403,8011582,10,19,147
2023-06-22,8011438,8011044,7,10,435
2023-06-22,8011438,8011438,17,20,369
2023-06-22,8011438,8011536,8,10,276
2023-06-22,8011442,8011442,16,18,302
2023-06-22,8011442,8012474,8,9,267
2023-06-22,8011442,8013018,8,9,350
2023-06-22,8011456,8011456,15,22,95
2023-06-22,8011456,8013131,11,11,79
2023-06-22,8011456,8013162,11,11,164
2023-06-22,8011481,8011481,30,34,299
2023-06-22,8011481,8013322,17,17,235
2023-06-22,8011481,8013373,13,17,360
2023-06-22,8011536,8010179,8,10,285
2023-06-22,8011536,8011438,10,10,489
2023-06-22,8011536,8011536,18,20,390
2023-06-22,8011582,8011403,6,19,139
2023-06-22,8011582,8011582,18,38,152
2023-06-22,8011582,8012824,12,19,161
2023-06-22,8011592,8011592,1,28,2
2023-06-22,8011592,8011908,0,14,0
2023-06-22,8011592,8012274,1,16,4
2023-06-22,8011611,8010300,10,12,170
2023-06-22,8011611,8011611,20,26,163
2023-06-22,8011611,8012762,13,13,254
2023-06-22,8011646,8011025,16,17,279
2023-06-22,8011646,8011646,28,34,253
2023-06-22,8011646,8013051,14,17,150
2023-06-22,8011681,8011681,10,20,75
2023-06-22,8011681,8011994,6,10,129
2023-06-22,8011681,8012262,5,10,48
2023-06-22,8011689,5100145,6,8,398
2023-06-22,8011689,8010213,9,9,387
2023-06-22,8011689,8011689,15,17,388
2023-06-22,8011694,8011694,31,38,264
2023-06-22,8011694,8011723,18,19,297
2023-06-22,8011694,8011953,6,9,80
2023-06-22,8011694,8012358,8,10,459
2023-06-22,8011702,8010141,6,9,67
2023-06-22,8011702,8011702,8,20,44
2023-06-22,8011702,8012902,9,11,52
2023-06-22,8011707,8011707,31,34,397
2023-06-22,8011707,8012710,17,17,540
2023-06-22,8011707,8013322,14,17,397
2023-06-22,8011718,8011718,2,32,-19
2023-06-22,8011718,8012274,1,16,9
2023-06-22,8011718,8012954,1,16,21
2023-06-22,8011723,8011694,10,19,221
2023-06-22,8011723,8011723,28,38,253
2023-06-22,8011723,8012021,9,10,258
2023-06-22,8011726,8011726,12,18,293
2023-06-22,8011726,8011951,7,8,281
2023-06-22,8011726,8012474,7,9,277
2023-06-22,8011729,8011270,5,18,28
2023-06-22,8011729,8011729,17,35,77
2023-06-22,8011729,8012841,8,17,104
2023-06-22,8011731,8011731,9,12,95
2023-06-22,8011731,8013293,4,6,75
2023-06-22,8011735,8011735,41,49,73
2023-06-22,8011735,8012609,20,25,52
2023-06-22,8011735,8079629,15,24,56
2023-06-22,8011778,8011778,19,26,226
2023-06-22,8011778,8012316,9,10,252
2023-06-22,8011778,8012762,3,3,50
2023-06-22,8011778,8013062,8,10,306
2023-06-22,8011778,8013352,2,2,180
2023-06-22,8011797,8011797,32,36,77
2023-06-22,8011797,8013040,11,18,68
2023-06-22,8011797,8013105,6,18,38
2023-06-22,8011798,8010156,13,13,69
2023-06-22,8011864,8003774,14,19,41
2023-06-22,8011864,8011864,23,38,36
2023-06-22,8011864,8012268,9,19,24
2023-06-22,8011889,8011286,0,19,0
2023-06-22,8011889,8011889,17,38,127
2023-06-22,8011889,8013339,17,19,272
2023-06-22,8011908,8011592,1,14,4
2023-06-22,8011908,8011908,2,28,3
2023-06-22,8011908,8012737,0,14,0
2023-06-22,8011939,8011939,0,14,0
2023-06-22,8011939,8012517,0,7,0
2023-06-22,8011939,8012949,0,7,0
2023-06-22,8011951,8011726,7,9,293
2023-06-22,8011951,8011951,14,19,248
2023-06-22,8011951,8012474,1,1,60
2023-06-22,8011951,8013069,5,9,230
2023-06-22,8011953,8011694,8,9,307
2023-06-22,8011953,8011953,18,20,208
2023-06-22,8011953,8012358,8,10,159
2023-06-22,8011991,8011286,17,19,249
2023-06-22,8011991,8011991,16,38,119
2023-06-22,8011992,8011992,0,36,0
2023-06-22,8011992,8012617,0,18,0
2023-06-22,8011992,8013133,0,18,0
2023-06-22,8011995,8010176,9,18,52
2023-06-22,8011995,8011995,12,36,31
2023-06-22,8011995,8013040,5,18,15
2023-06-22,8012005,8011114,11,17,23
2023-06-22,8012005,8012005,4,34,4
2023-06-22,8012005,8012827,0,17,0
2023-06-22,8012009,8010156,4,5,102
2023-06-22,8012009,8012009,7,9,137
2023-06-22,8012009,8013370,4,4,150
2023-06-22,8012021,8011044,9,10,234
2023-06-22,8012021,8011723,9,10,447
2023-06-22,8012021,8012021,18,20,350
2023-06-22,8012065,8012065,3,40,27
2023-06-22,8012065,8012086,0,20,0
2023-06-22,8012065,8087027,3,20,54
2023-06-22,8012086,8012065,3,20,57
2023-06-22,8012086,8012086,3,40,29
2023-06-22,8012086,8013385,0,20,0
2023-06-22,8012093,8010201,5,9,127
2023-06-22,8012093,8010399,8,9,260
2023-06-22,8012093,8012093,11,20,94
2023-06-22,8012108,8012108,14,36,39
2023-06-22,8012108,8012729,5,18,32
2023-06-22,8012108,8012840,7,18,37
2023-06-22,8012109,8012109,29,36,203
2023-06-22,8012109,8012143,17,18,248
2023-06-22,8012109,8012856,11,18,157
2023-06-22,8012143,8012109,12,18,187
2023-06-22,8012143,8012143,30,36,228
2023-06-22,8012143,8013072,16,18,347
2023-06-22,8012146,8012146,33,38,252
2023-06-22,8012146,8012832,16,19,215
2023-06-22,8012146,8012843,18,19,287
2023-06-22,8012262,8011681,4,10,66
2023-06-22,8012262,8012262,27,43,99
2023-06-22,8012262,8012716,14,22,109
2023-06-22,8012264,8010051,2,2,30
2023-06-22,8012264,8012264,43,58,60
2023-06-22,8012264,8012321,3,10,15
2023-06-22,8012264,8012384,11,12,82
2023-06-22,8012264,8012940,17,20,68
2023-06-22,8012268,8011864,14,19,44
2023-06-22,8012268,8012268,19,38,36
2023-06-22,8012268,8012902,7,19,13
2023-06-22,8012269,8010153,18,18,298
2023-06-22,8012269,8012269,21,36,151
2023-06-22,8012269,8012362,3,18,8
2023-06-22,8012274,8011592,1,16,8
2023-06-22,8012274,8011718,3,16,6
2023-06-22,8012274,8012274,4,32,8
2023-06-22,8012296,8012517,0,7,0
2023-06-22,8012316,8011281,8,10,210
2023-06-22,8012316,8011778,4,11,243
2023-06-22,8012316,8012316,14,21,249
2023-06-22,8012321,8010381,2,22,4
2023-06-22,8012321,8012264,3,8,22
2023-06-22,8012321,8012321,17,43,22
2023-06-22,8012321,8012384,8,13,37
2023-06-22,8012358,8011694,10,10,312
2023-06-22,8012358,8011953,10,10,297
2023-06-22,8012358,8012358,42,47,303
2023-06-22,8012358,8013352,8,11,158
2023-06-22,8012361,8013409,6,6,120
2023-06-22,8012362,8010322,18,18,63
2023-06-22,8012362,8012269,18,18,300
2023-06-22,8012362,8012362,24,36,159
2023-06-22,8012376,8010241,13,19,68
2023-06-22,8012376,8012376,26,37,60
2023-06-22,8012376,8012758,14,18,80
2023-06-22,8012377,8010300,13,17,83
2023-06-22,8012377,8011140,11,15,92
2023-06-22,8012377,8012377,21,32,79
2023-06-22,8012384,8012264,10,13,67
2023-06-22,8012384,8012321,8,12,62
2023-06-22,8012384,8012384,19,25,67
2023-06-22,8012421,8012421,29,34,275
2023-06-22,8012421,8012555,13,17,272
2023-06-22,8012421,8013017,16,17,298
2023-06-22,8012436,8010199,14,18,75
2023-06-22,8012436,8010348,17,18,143
2023-06-22,8012436,8012436,30,36,88
2023-06-22,8012438,8012438,19,36,47
2023-06-22,8012438,8012840,8,18,42
2023-06-22,8012438,8013105,9,18,47
2023-06-22,8012474,8010156,4,4,210
2023-06-22,8012474,8011442,8,9,347
2023-06-22,8012474,8011726,6,9,270
2023-06-22,8012474,8011951,1,1,120
2023-06-22,8012474,8012474,27,33,254
2023-06-22,8012474,8013018,6,7,279
2023-06-22,8012517,8011939,0,7,0
2023-06-22,8012517,8012296,0,7,0
2023-06-22,8012517,8012517,0,14,0
2023-06-22,8012555,8010339,13,17,244
2023-06-22,8012555,8012421,16,17,289
2023-06-22,8012555,8012555,29,34,267
2023-06-22,8012582,8010300,11,16,49
2023-06-22,8012582,8012582,22,33,49
2023-06-22,8012582,8012584,13,17,78
2023-06-22,8012583,8012584,0,16,0
2023-06-22,8012584,8012582,0,16,0
2023-06-22,8012584,8012583,6,17,51
2023-06-22,8012584,8012584,12,33,34
2023-06-22,8012609,8011031,17,25,47
2023-06-22,8012609,8011735,16,24,66
2023-06-22,8012609,8012609,33,49,49
2023-06-22,8012610,8011213,9,9,390
2023-06-22,8012610,8012610,16,17,364
2023-06-22,8012610,8013393,8,8,349
2023-06-22,8012617,8011992,0,18,0
2023-06-22,8012643,8012643,18,40,104
2023-06-22,8012643,8013079,6,20,100
2023-06-22,8012643,8013354,12,20,111
2023-06-22,8012677,8010156,14,16,122
2023-06-22,8012677,8011248,10,15,206
2023-06-22,8012677,8012677,22,31,156
2023-06-22,8012683,8010210,11,17,201
2023-06-22,8012683,8012683,25,34,301
2023-06-22,8012683,8012684,15,17,390
2023-06-22,8012684,8012683,9,17,210
2023-06-22,8012684,8012684,24,34,300
2023-06-22,8012710,8011356,17,17,466
2023-06-22,8012710,8011707,13,17,374
2023-06-22,8012710,8012710,30,34,440
2023-06-22,8012711,8011017,15,19,194
2023-06-22,8012711,8012711,34,38,314
2023-06-22,8012711,8012835,19,19,390
2023-06-22,8012716,8012262,16,21,80
2023-06-22,8012716,8012716,31,43,87
2023-06-22,8012716,8013073,17,22,116
2023-06-22,8012729,8010016,18,18,112
2023-06-22,8012729,8012108,9,18,58
2023-06-22,8012729,8012729,26,36,59
2023-06-22,8012737,8011908,2,14,6
2023-06-22,8012758,8010227,12,18,75
2023-06-22,8012758,8012376,13,19,49
2023-06-22,8012758,8012758,32,37,73
2023-06-22,8012762,8010300,0,1,0
2023-06-22,8012762,8011027,10,11,357
2023-06-22,8012762,8011611,9,11,188
2023-06-22,8012762,8011778,2,2,30
2023-06-22,8012762,8012762,23,26,224
2023-06-22,8012785,8011270,12,17,143
2023-06-22,8012785,8012785,19,35,99
2023-06-22,8012785,8079629,6,14,34
2023-06-22,8012806,8011140,9,16,54
2023-06-22,8012806,8012806,17,31,61
2023-06-22,8012806,8079629,3,5,90
2023-06-22,8012824,8011326,15,19,159
2023-06-22,8012824,8011582,6,19,148
2023-06-22,8012824,8012824,21,38,156
2023-06-22,8012827,8012005,6,16,15
2023-06-22,8012827,8012827,6,33,5
2023-06-22,8012832,8010210,16,19,207
2023-06-22,8012832,8012146,17,19,264
2023-06-22,8012832,8012832,31,38,230
2023-06-22,8012835,8012711,15,19,221
2023-06-22,8012835,8012835,33,38,308
2023-06-22,8012835,8013104,18,19,390
2023-06-22,8012839,8010179,9,11,155
2023-06-22,8012839,8011213,3,3,80
2023-06-22,8012839,8012839,20,22,139
2023-06-22,8012840,8012108,9,18,42
2023-06-22,8012840,8012438,9,18,45
2023-06-22,8012840,8012840,16,36,44
2023-06-22,8012841,8011729,5,18,28
2023-06-22,8012841,8012841,16,35,57
2023-06-22,8012841,8079604,8,17,86
2023-06-22,8012843,8012146,16,19,216
2023-06-22,8012856,8012002,14,18,187
2023-06-22,8012856,8012109,17,18,233
2023-06-22,8012856,8012856,27,36,193
2023-06-22,8012892,8011109,3,20,51
2023-06-22,8012892,8012892,3,40,26
2023-06-22,8012892,8017349,0,20,0
2023-06-22,8012902,8010141,3,10,36
2023-06-22,8012902,8011702,4,9,33
2023-06-22,8012902,8012268,12,19,55
2023-06-22,8012902,8012902,18,38,34
2023-06-22,8012933,8004177,11,15,284
2023-06-22,8012933,8011230,14,16,107
2023-06-22,8012933,8012933,24,31,206
2023-06-22,8012940,8010325,17,31,95
2023-06-22,8012940,8012264,14,19,87
2023-06-22,8012940,8012940,73,114,111
2023-06-22,8012940,8012951,16,25,86
2023-06-22,8012940,8012953,9,13,85
2023-06-22,8012940,8013186,8,10,135
2023-06-22,8012949,8011939,0,7,0
2023-06-22,8012949,8012949,0,14,0
2023-06-22,8012949,8013232,0,7,0
2023-06-22,8012951,8010156,8,10,144
2023-06-22,8012951,8010173,18,26,66
2023-06-22,8012951,8010325,10,12,112
2023-06-22,8012951,8012940,18,26,148
2023-06-22,8012951,8012951,53,74,105
2023-06-22,8012953,8012940,4,13,53
2023-06-22,8012953,8012953,7,32,25
2023-06-22,8012953,8012960,2,16,22
2023-06-22,8012954,8011718,2,16,-43
2023-06-22,8012954,8012954,3,32,21
2023-06-22,8012954,8012960,1,16,19
2023-06-22,8012960,8012953,1,16,19
2023-06-22,8012960,8012954,2,16,22
2023-06-22,8012960,8012960,3,32,21
2023-06-22,8012962,8012962,4,40,22
2023-06-22,8012962,8079084,2,20,36
2023-06-22,8012962,8087025,2,20,9
2023-06-22,8012963,8012963,5,37,28
2023-06-22,8012963,8087025,2,20,36
2023-06-22,8012963,8087026,0,20,0
2023-06-22,8013017,8010241,16,17,258
2023-06-22,8013017,8012421,14,17,259
2023-06-22,8013017,8013017,32,34,273
2023-06-22,8013018,8010267,13,16,334
2023-06-22,8013018,8011442,8,9,263
2023-06-22,8013018,8012474,4,8,150
2023-06-22,8013018,8013018,25,33,260
2023-06-22,8013040,8011797,14,18,57
2023-06-22,8013040,8011995,8,18,47
2023-06-22,8013040,8013040,23,36,45
2023-06-22,8013051,8011646,15,17,296
2023-06-22,8013051,8013051,31,34,308
2023-06-22,8013051,8013177,15,17,367
2023-06-22,8013062,8011017,19,19,403
2023-06-22,8013062,8011778,11,11,256
2023-06-22,8013062,8013062,37,38,287
2023-06-22,8013069,8010156,7,9,240
2023-06-22,8013069,8011951,8,10,267
2023-06-22,8013069,8013069,15,19,253
2023-06-22,8013072,8010273,17,18,337
2023-06-22,8013072,8012143,11,18,97
2023-06-22,8013072,8013072,30,36,218
2023-06-22,8013073,8010173,14,22,100
2023-06-22,8013073,8012716,14,21,60
2023-06-22,8013073,8013073,28,43,86
2023-06-22,8013079,8011326,13,20,117
2023-06-22,8013079,8012643,11,20,120
2023-06-22,8013079,8013079,25,40,120
2023-06-22,8013104,8010210,19,19,369
2023-06-22,8013104,8012835,14,19,226
2023-06-22,8013104,8013104,32,38,297
2023-06-22,8013105,8011797,18,18,157
2023-06-22,8013105,8012438,10,18,48
2023-06-22,8013105,8013105,23,36,78
2023-06-22,8013106,8079604,1,18,3
2023-06-22,8013131,8010179,11,11,117
2023-06-22,8013131,8011456,9,11,142
2023-06-22,8013131,8013131,20,22,127
2023-06-22,8013132,8010392,6,28,90
2023-06-22,8013132,8011108,0,25,0
2023-06-22,8013132,8013132,6,52,49
2023-06-22,8013133,8010392,0,18,0
2023-06-22,8013133,8011992,0,18,0
2023-06-22,8013133,8013133,0,36,0
2023-06-22,8013156,8013162,7,11,85
2023-06-22,8013161,8013161,3,40,25
2023-06-22,8013161,8017349,3,20,48
2023-06-22,8013161,8087027,0,20,0
2023-06-22,8013162,8011456,3,11,30
2023-06-22,8013162,8013156,11,11,161
2023-06-22,8013162,8013162,17,22,106
2023-06-22,8013177,8011356,16,17,388
2023-06-22,8013177,8013051,17,17,441
2023-06-22,8013177,8013177,33,34,402
2023-06-22,8013186,8010051,6,19,85
2023-06-22,8013186,8011215,4,8,19
2023-06-22,8013186,8012264,1,1,90
2023-06-22,8013186,8012940,7,9,127
2023-06-22,8013186,8013186,16,38,84
2023-06-22,8013232,8012949,0,7,0
2023-06-22,8013232,8013232,0,14,0
2023-06-22,8013293,8011731,6,6,120
2023-06-22,8013293,8013293,8,12,92
2023-06-22,8013293,8070946,4,6,100
2023-06-22,8013322,8011481,15,17,385
2023-06-22,8013322,8011707,17,17,249
2023-06-22,8013322,8013322,32,34,323
2023-06-22,8013339,8011889,0,19,0
2023-06-22,8013339,8013339,17,37,106
2023-06-22,8013339,8013340,9,27,106
2023-06-22,8013340,8013339,0,25,0
2023-06-22,8013340,8013340,9,52,55
2023-06-22,8013340,8013341,6,27,99
2023-06-22,8013341,8011108,6,27,97
2023-06-22,8013341,8013340,0,25,0
2023-06-22,8013341,8013341,6,52,50
2023-06-22,8013352,8011778,2,2,120
2023-06-22,8013352,8012358,10,10,360
2023-06-22,8013352,8013352,18,21,203
2023-06-22,8013354,8010325,8,20,84
2023-06-22,8013354,8012643,10,20,94
2023-06-22,8013354,8013354,21,40,105
2023-06-22,8013370,8010173,4,4,165
2023-06-22,8013370,8012009,3,5,108
2023-06-22,8013370,8013370,8,9,127
2023-06-22,8013373,8011481,17,17,231
2023-06-22,8013373,8013373,30,34,291
2023-06-22,8013385,8010392,0,20,0
2023-06-22,8013385,8012086,3,20,60
2023-06-22,8013385,8013385,3,40,31
2023-06-22,8013393,8010213,5,8,278
2023-06-22,8013393,8012610,8,9,380
2023-06-22,8013393,8013393,15,17,353
2023-06-22,8013409,8012361,4,6,80
2023-06-22,8013409,8013409,10,12,105
2023-06-22,8013409,8070946,6,6,75
2023-06-22,8017349,8012892,3,20,54
2023-06-22,8017349,8013161,0,20,0
2023-06-22,8017349,8017349,3,40,25
2023-06-22,8070946,8013293,4,6,45
2023-06-22,8070946,8013409,4,6,90
2023-06-22,8070946,8070946,7,12,58
2023-06-22,8079604,8012841,10,18,25
2023-06-22,8079604,8013106,7,17,72
2023-06-22,8079604,8079604,18,35,50
2023-06-22,8079629,8011735,25,25,94
2023-06-22,8079629,8012785,14,15,128
2023-06-22,8079629,8012806,5,6,50
2023-06-22,8079629,8079629,39,49,59
2023-06-22,8087025,8012962,2,20,36
2023-06-22,8087025,8012963,2,20,6
2023-06-22,8087025,8087025,4,40,22
2023-06-22,8087026,8011109,0,20,0
2023-06-22,8087026,8012963,3,20,57
2023-06-22,8087026,8087026,3,40,26
2023-06-22,8087027,8012065,0,20,0
2023-06-22,8087027,8013161,3,20,51
2023-06-22,8087027,8087027,3,40,27
2023-06-23,8010016,8010016,29,38,99
2023-06-23,8010016,8011031,15,25,84
2023-06-23,8010016,8012729,12,19,76
2023-06-23,8010051,8010051,18,41,60
2023-06-23,8010051,8010153,7,10,135
2023-06-23,8010051,8010322,10,10,165
2023-06-23,8010051,8012264,1,1,270
2023-06-23,8010051,8013186,10,19,51
2023-06-23,8010141,8010141,22,38,147
2023-06-23,8010141,8011702,8,11,185
2023-06-23,8010141,8012651,4,9,220
2023-06-23,8010141,8012902,6,8,86
2023-06-23,8010153,8010051,6,10,36
2023-06-23,8010153,8010153,14,19,84
2023-06-23,8010153,8010284,15,33,46
2023-06-23,8010153,8010322,10,10,78
2023-06-23,8010153,8012269,0,18,0
2023-06-23,8010156,8010156,48,57,112
2023-06-23,8010156,8011798,7,13,83
2023-06-23,8010156,8012009,3,4,52
2023-06-23,8010156,8012474,4,4,150
2023-06-23,8010156,8012677,13,15,140
2023-06-23,8010156,8012951,9,12,122
2023-06-23,8010156,8013069,6,10,150
2023-06-23,8010173,8010173,33,52,130
2023-06-23,8010173,8012951,15,26,196
2023-06-23,8010173,8013073,16,21,79
2023-06-23,8010173,8013370,3,5,84
2023-06-23,8010176,8010176,17,38,62
2023-06-23,8010176,8010381,14,19,122
2023-06-23,8010176,8011995,4,19,27
2023-06-23,8010179,8010179,36,42,259
2023-06-23,8010179,8011536,10,10,423
2023-06-23,8010179,8012418,8,10,225
2023-06-23,8010179,8012839,11,11,172
2023-06-23,8010179,8013131,7,11,183
2023-06-23,8010188,8010188,2,4,225
2023-06-23,8010188,8011015,0,1,0
2023-06-23,8010188,8011593,1,1,480
2023-06-23,8010188,8012644,1,2,660
2023-06-23,8010199,8010199,22,36,51
2023-06-23,8010199,8010284,13,18,33
2023-06-23,8010199,8012436,13,18,73
2023-06-23,8010201,8010201,14,20,674
2023-06-23,8010201,8010273,11,14,536
2023-06-23,8010201,8012093,8,10,477
2023-06-23,8010210,8010210,19,38,36
2023-06-23,8010210,8012683,9,17,44
2023-06-23,8010210,8012832,13,19,57
2023-06-23,8010210,8013104,6,19,11
2023-06-23,8010213,8010213,14,18,187
2023-06-23,8010213,8011689,8,9,253
2023-06-23,8010213,8013393,6,9,123
2023-06-23,8010227,8010227,22,36,46
2023-06-23,8010227,8010348,17,18,100
2023-06-23,8010227,8012758,17,19,38
2023-06-23,8010241,8010241,61,66,192
2023-06-23,8010241,8011025,12,17,175
2023-06-23,8010241,8011293,17,19,478
2023-06-23,8010241,8012376,10,18,30
2023-06-23,8010241,8013017,13,18,197
2023-06-23,8010267,8011403,2,19,21
2023-06-23,8010267,8012265,0,1,0
2023-06-23,8010267,8013018,7,17,42
2023-06-23,8010273,8010201,13,14,510
2023-06-23,8010273,8010273,45,57,308
2023-06-23,8010273,8010284,9,15,64
2023-06-23,8010273,8013072,14,18,127
2023-06-23,8010284,8010153,28,33,104
2023-06-23,8010284,8010199,12,18,67
2023-06-23,8010284,8010273,8,14,71
2023-06-23,8010284,8010284,44,66,70
2023-06-23,8010300,8010300,45,56,92
2023-06-23,8010300,8011611,8,14,92
2023-06-23,8010300,8012377,9,15,42
2023-06-23,8010300,8012582,15,17,102
2023-06-23,8010322,8010051,6,9,67
2023-06-23,8010322,8010153,5,10,39
2023-06-23,8010322,8012362,18,18,283
2023-06-23,8010325,8010325,29,63,48
2023-06-23,8010325,8012940,14,32,58
2023-06-23,8010325,8012951,9,11,63
2023-06-23,8010325,8013354,11,20,48
2023-06-23,8010339,8010339,25,35,146
2023-06-23,8010339,8011213,17,18,218
2023-06-23,8010339,8012555,10,17,127
2023-06-23,8010348,8010227,2,18,5
2023-06-23,8010348,8010348,31,36,66
2023-06-23,8010348,8012436,10,18,27
2023-06-23,8010381,8010176,4,19,21
2023-06-23,8010381,8012321,3,21,4
2023-06-23,8010392,8010392,4,39,25
2023-06-23,8010392,8013132,0,26,0
2023-06-23,8010392,8013133,0,18,0
2023-06-23,8010392,8013385,4,20,50
2023-06-23,8011015,8010188,0,1,0
2023-06-23,8011015,8011015,0,2,0
2023-06-23,8011015,8012296,0,1,0
2023-06-23,8011017,8011017,22,38,80
2023-06-23,8011017,8012711,17,19,129
2023-06-23,8011017,8013062,14,19,41
2023-06-23,8011025,8010241,14,17,242
2023-06-23,8011025,8011025,23,34,197
2023-06-23,8011025,8011646,12,17,173
2023-06-23,8011027,8011027,10,21,61
2023-06-23,8011027,8011281,6,11,87
2023-06-23,8011027,8012762,2,10,15
2023-06-23,8011031,8010016,18,26,77
2023-06-23,8011031,8011031,34,51,72
2023-06-23,8011031,8012609,15,25,78
2023-06-23,8011044,8010282,5,5,102
2023-06-23,8011044,8011044,25,29,314
2023-06-23,8011044,8011438,7,10,222
2023-06-23,8011044,8012021,9,10,336
2023-06-23,8011108,8011108,9,52,28
2023-06-23,8011108,8013132,7,27,51
2023-06-23,8011108,8013341,2,25,2
2023-06-23,8011109,8011109,4,40,20
2023-06-23,8011109,8012892,0,20,0
2023-06-23,8011109,8087026,4,20,36
2023-06-23,8011114,8012005,0,17,0
2023-06-23,8011140,8011140,19,32,56
2023-06-23,8011140,8012377,10,17,76
2023-06-23,8011140,8012806,9,15,40
2023-06-23,8011205,8010399,10,10,852
2023-06-23,8011205,8011205,21,23,492
2023-06-23,8011205,8011307,11,12,235
2023-06-23,8011213,8010339,11,17,64
2023-06-23,8011213,8011213,34,35,168
2023-06-23,8011213,8012610,7,9,247
2023-06-23,8011213,8012839,2,2,240
2023-06-23,8011230,8011230,25,31,113
2023-06-23,8011230,8011248,14,16,126
2023-06-23,8011230,8012933,13,15,134
2023-06-23,8011248,8011230,11,15,108
2023-06-23,8011248,8011248,25,31,123
2023-06-23,8011248,8012677,11,16,107
2023-06-23,8011270,8011270,18,37,50
2023-06-23,8011270,8011729,14,18,95
2023-06-23,8011270,8012785,6,19,25
2023-06-23,8011281,8011027,1,10,12
2023-06-23,8011281,8011281,8,21,47
2023-06-23,8011281,8012316,5,11,57
2023-06-23,8011286,8011286,18,38,107
2023-06-23,8011286,8011889,15,19,164
2023-06-23,8011286,8011991,1,19,36
2023-06-23,8011293,8010241,17,20,255
2023-06-23,8011293,8011293,33,39,402
2023-06-23,8011293,8011307,9,11,761
2023-06-23,8011307,8011205,10,11,769
2023-06-23,8011307,8011293,11,12,238
2023-06-23,8011307,8011307,20,23,490
2023-06-23,8011326,8011326,10,38,23
2023-06-23,8011326,8012824,4,19,19
2023-06-23,8011326,8013079,4,20,18
2023-06-23,8011356,8011356,28,34,226
2023-06-23,8011356,8012710,13,17,108
2023-06-23,8011356,8013177,15,17,341
2023-06-23,8011403,8010267,1,19,9
2023-06-23,8011403,8011403,4,38,13
2023-06-23,8011403,8011582,3,19,21
2023-06-23,8011438,8011044,9,10,336
2023-06-23,8011438,8011438,15,20,294
2023-06-23,8011438,8011536,6,10,219
2023-06-23,8011442,8011442,12,18,88
2023-06-23,8011442,8012474,6,9,93
2023-06-23,8011442,8013018,6,9,93
2023-06-23,8011456,8011456,18,22,140
2023-06-23,8011456,8013131,10,11,117
2023-06-23,8011456,8013162,10,11,210
2023-06-23,8011481,8011481,28,34,212
2023-06-23,8011481,8013322,15,17,334
2023-06-23,8011481,8013373,12,17,95
2023-06-23,8011536,8010179,7,10,234
2023-06-23,8011536,8011438,10,10,405
2023-06-23,8011536,8011536,16,20,318
2023-06-23,8011582,8011403,2,19,9
2023-06-23,8011582,8011582,7,38,19
2023-06-23,8011582,8012824,5,19,25
2023-06-23,8011592,8011592,2,28,4
2023-06-23,8011592,8011908,1,14,6
2023-06-23,8011592,8012274,1,16,4
2023-06-23,8011593,8010188,0,1,0
2023-06-23,8011593,8011593,1,2,240
2023-06-23,8011593,8012612,1,1,480
2023-06-23,8011611,8010300,8,12,72
2023-06-23,8011611,8011611,18,26,102
2023-06-23,8011611,8012762,12,13,134
2023-06-23,8011646,8011025,13,17,256
2023-06-23,8011646,8011646,27,34,229
2023-06-23,8011646,8013051,13,17,139
2023-06-23,8011681,8011681,10,20,170
2023-06-23,8011681,8011994,5,10,21
2023-06-23,8011681,8012262,8,10,336
2023-06-23,8011689,5100145,8,9,220
2023-06-23,8011689,8010213,4,9,97
2023-06-23,8011689,8011689,13,18,167
2023-06-23,8011694,8011694,30,38,156
2023-06-23,8011694,8011723,18,19,159
2023-06-23,8011694,8011953,6,9,47
2023-06-23,8011694,8012358,10,10,309
2023-06-23,8011702,8010141,4,9,203
2023-06-23,8011702,8011702,11,20,182
2023-06-23,8011702,8012902,8,11,145
2023-06-23,8011707,8011707,28,34,266
2023-06-23,8011707,8012710,16,17,505
2023-06-23,8011707,8013322,14,17,113
2023-06-23,8011718,8011718,5,32,10
2023-06-23,8011718,8012274,2,16,9
2023-06-23,8011718,8012954,3,16,15
2023-06-23,8011723,8011694,9,19,147
2023-06-23,8011723,8011723,28,38,151
2023-06-23,8011723,8012021,9,10,156
2023-06-23,8011726,8011726,11,18,73
2023-06-23,8011726,8011951,5,8,68
2023-06-23,8011726,8012474,6,9,57
2023-06-23,8011729,8011270,4,19,16
2023-06-23,8011729,8011729,15,37,47
2023-06-23,8011729,8012841,9,18,70
2023-06-23,8011731,8011731,12,12,128
2023-06-23,8011731,8013293,5,6,160
2023-06-23,8011735,8011735,44,51,91
2023-06-23,8011735,8012609,18,26,57
2023-06-23,8011735,8079629,18,25,76
2023-06-23,8011778,8011778,17,26,63
2023-06-23,8011778,8012316,7,10,75
2023-06-23,8011778,8012762,3,3,80
2023-06-23,8011778,8013062,9,10,81
2023-06-23,8011778,8013352,2,2,45
2023-06-23,8011797,8011797,35,38,107
2023-06-23,8011797,8013040,14,19,104
2023-06-23,8011797,8013105,10,19,69
2023-06-23,8011798,8010156,12,13,42
2023-06-23,8011864,8003774,16,19,123
2023-06-23,8011864,8011864,27,38,133
2023-06-23,8011864,8012268,11,19,133
2023-06-23,8011889,8011286,1,19,35
2023-06-23,8011889,8011889,18,38,106
2023-06-23,8011889,8013339,17,19,186
2023-06-23,8011908,8011592,1,14,4
2023-06-23,8011908,8011908,2,28,6
2023-06-23,8011908,8012737,1,14,6
2023-06-23,8011939,8011939,0,14,0
2023-06-23,8011939,8012517,0,7,0
2023-06-23,8011939,8012949,0,7,0
2023-06-23,8011951,8011726,7,9,123
2023-06-23,8011951,8011951,12,19,101
2023-06-23,8011951,8012474,0,1,0
2023-06-23,8011951,8013069,4,9,40
2023-06-23,8011953,8011694,8,9,143
2023-06-23,8011953,8011953,18,20,118
2023-06-23,8011953,8012358,10,10,135
2023-06-23,8011991,8011286,17,19,169
2023-06-23,8011991,8011991,18,38,89
2023-06-23,8011992,8011992,0,36,0
2023-06-23,8011992,8012617,0,18,0
2023-06-23,8011992,8013133,0,18,0
2023-06-23,8011995,8010176,13,19,92
2023-06-23,8011995,8011995,17,38,62
2023-06-23,8011995,8013040,7,19,35
2023-06-23,8012005,8011114,10,17,41
2023-06-23,8012005,8012005,5,34,15
2023-06-23,8012005,8012827,0,17,0
2023-06-23,8012009,8010156,4,5,96
2023-06-23,8012009,8012009,7,9,70
2023-06-23,8012009,8013370,3,4,52
2023-06-23,8012021,8011044,10,10,153
2023-06-23,8012021,8011723,10,10,342
2023-06-23,8012021,8012021,20,20,262
2023-06-23,8012065,8012065,4,40,21
2023-06-23,8012065,8012086,0,20,0
2023-06-23,8012065,8087027,4,20,42
2023-06-23,8012086,8012065,4,20,48
2023-06-23,8012086,8012086,4,40,24
2023-06-23,8012086,8013385,0,20,0
2023-06-23,8012093,8010201,9,10,693
2023-06-23,8012093,8010399,9,9,237
2023-06-23,8012093,8012093,18,20,530
2023-06-23,8012108,8012108,22,38,70
2023-06-23,8012108,8012729,10,19,62
2023-06-23,8012108,8012840,11,19,65
2023-06-23,8012109,8012109,29,36,114
2023-06-23,8012109,8012143,17,18,130
2023-06-23,8012109,8012856,12,18,100
2023-06-23,8012143,8012109,12,18,128
2023-06-23,8012143,8012143,31,36,144
2023-06-23,8012143,8013072,18,18,193
2023-06-23,8012146,8012146,16,38,25
2023-06-23,8012146,8012832,5,19,8
2023-06-23,8012146,8012843,11,19,38
2023-06-23,8012262,8011681,3,10,9
2023-06-23,8012262,8012262,28,43,158
2023-06-23,8012262,8012716,14,22,221
2023-06-23,8012264,8010051,2,2,90
2023-06-23,8012264,8012264,42,59,123
2023-06-23,8012264,8012321,4,10,201
2023-06-23,8012264,8012384,10,12,88
2023-06-23,8012264,8012940,14,20,80
2023-06-23,8012265,8010267,1,1,90
2023-06-23,8012265,8012265,1,2,135
2023-06-23,8012265,8012612,1,1,660
2023-06-23,8012268,8011864,15,19,123
2023-06-23,8012268,8012268,24,38,122
2023-06-23,8012268,8012902,10,19,114
2023-06-23,8012269,8010153,18,18,292
2023-06-23,8012269,8012269,20,36,145
2023-06-23,8012269,8012362,2,18,3
2023-06-23,8012274,8011592,1,16,4
2023-06-23,8012274,8011718,1,16,2
2023-06-23,8012274,8012274,3,32,5
2023-06-23,8012296,8011015,0,1,0
2023-06-23,8012296,8012296,0,2,0
2023-06-23,8012296,8012517,0,7,0
2023-06-23,8012316,8011281,7,10,51
2023-06-23,8012316,8011778,4,11,25
2023-06-23,8012316,8012316,12,21,54
2023-06-23,8012321,8010381,3,22,71
2023-06-23,8012321,8012264,2,8,41
2023-06-23,8012321,8012321,12,43,63
2023-06-23,8012321,8012384,6,13,51
2023-06-23,8012358,8011694,9,10,189
2023-06-23,8012358,8011953,8,10,150
2023-06-23,8012358,8012358,39,47,163
2023-06-23,8012358,8013352,10,11,109
2023-06-23,8012361,8013409,6,6,60
2023-06-23,8012362,8010322,18,18,48
2023-06-23,8012362,8012269,18,18,283
2023-06-23,8012362,8012362,19,36,141
2023-06-23,8012376,8010241,15,19,54
2023-06-23,8012376,8012376,26,37,41
2023-06-23,8012376,8012758,16,18,65
2023-06-23,8012377,8010300,16,17,97
2023-06-23,8012377,8011140,9,15,40
2023-06-23,8012377,8012377,22,32,58
2023-06-23,8012384,8012264,10,13,69
2023-06-23,8012384,8012321,7,12,50
2023-06-23,8012384,8012384,17,25,68
2023-06-23,8012421,8012421,24,35,178
2023-06-23,8012421,8012555,13,18,220
2023-06-23,8012421,8013017,12,17,154
2023-06-23,8012436,8010199,16,18,45
2023-06-23,8012436,8010348,14,18,117
2023-06-23,8012436,8012436,29,36,58
2023-06-23,8012438,8012438,24,38,78
2023-06-23,8012438,8012840,12,19,76
2023-06-23,8012438,8013105,13,19,79
2023-06-23,8012474,8010156,3,4,158
2023-06-23,8012474,8011442,6,9,83
2023-06-23,8012474,8011726,5,9,83
2023-06-23,8012474,8011951,1,1,90
2023-06-23,8012474,8012474,20,33,85
2023-06-23,8012474,8013018,4,7,124
2023-06-23,8012517,8011939,0,7,0
2023-06-23,8012517,8012296,0,7,0
2023-06-23,8012517,8012517,0,14,0
2023-06-23,8012555,8010339,13,18,198
2023-06-23,8012555,8012421,12,17,145
2023-06-23,8012555,8012555,26,35,173
2023-06-23,8012582,8010300,12,16,54
2023-06-23,8012582,8012582,25,33,62
2023-06-23,8012582,8012584,12,17,104
2023-06-23,8012583,8012584,1,16,4
2023-06-23,8012584,8012582,1,16,0
2023-06-23,8012584,8012583,12,17,79
2023-06-23,8012584,8012584,14,33,50
2023-06-23,8012609,8011031,15,26,57
2023-06-23,8012609,8011735,19,25,113
2023-06-23,8012609,8012609,33,51,74
2023-06-23,8012610,8011213,9,9,137
2023-06-23,8012610,8012610,16,18,197
2023-06-23,8012610,8013393,9,9,300
2023-06-23,8012612,8011593,1,1,660
2023-06-23,8012612,8012265,1,1,420
2023-06-23,8012612,8012612,2,2,900
2023-06-23,8012617,8011992,0,18,0
2023-06-23,8012643,8012643,10,40,26
2023-06-23,8012643,8013079,3,20,20
2023-06-23,8012643,8013354,7,20,33
2023-06-23,8012644,8010188,0,2,0
2023-06-23,8012677,8010156,12,16,109
2023-06-23,8012677,8011248,11,15,126
2023-06-23,8012677,8012677,24,31,118
2023-06-23,8012683,8010210,2,17,2
2023-06-23,8012683,8012683,9,34,18
2023-06-23,8012683,8012684,7,17,30
2023-06-23,8012684,8012683,1,17,4
2023-06-23,8012684,8012684,8,34,16
2023-06-23,8012710,8011356,17,17,416
2023-06-23,8012710,8011707,14,17,109
2023-06-23,8012710,8012710,31,34,311
2023-06-23,8012711,8011017,1,19,3
2023-06-23,8012711,8012711,18,38,60
2023-06-23,8012711,8012835,17,19,106
2023-06-23,8012716,8012262,17,21,79
2023-06-23,8012716,8012716,29,43,141
2023-06-23,8012716,8013073,14,22,221
2023-06-23,8012729,8010016,14,19,133
2023-06-23,8012729,8012108,14,19,93
2023-06-23,8012729,8012729,27,38,88
2023-06-23,8012737,8011908,1,14,4
2023-06-23,8012758,8010227,13,18,55
2023-06-23,8012758,8012376,16,19,38
2023-06-23,8012758,8012758,32,37,61
2023-06-23,8012762,8010300,1,1,180
2023-06-23,8012762,8011027,9,11,112
2023-06-23,8012762,8011611,7,11,60
2023-06-23,8012762,8011778,2,2,30
2023-06-23,8012762,8012762,16,26,80
2023-06-23,8012785,8011270,10,18,78
2023-06-23,8012785,8012785,21,37,66
2023-06-23,8012785,8079629,6,15,48
2023-06-23,8012806,8011140,10,16,71
2023-06-23,8012806,8012806,19,31,53
2023-06-23,8012806,8079629,5,5,54
2023-06-23,8012824,8011326,7,19,24
2023-06-23,8012824,8011582,2,19,13
2023-06-23,8012824,8012824,9,38,19
2023-06-23,8012827,8012005,4,16,28
2023-06-23,8012827,8012827,3,33,15
2023-06-23,8012832,8010210,1,19,2
2023-06-23,8012832,8012146,10,19,36
2023-06-23,8012832,8012832,10,38,21
2023-06-23,8012835,8012711,1,19,3
2023-06-23,8012835,8012835,18,38,54
2023-06-23,8012835,8013104,16,19,92
2023-06-23,8012839,8010179,9,11,185
2023-06-23,8012839,8011213,3,3,140
2023-06-23,8012839,8012839,20,22,172
2023-06-23,8012840,8012108,12,19,69
2023-06-23,8012840,8012438,12,19,76
2023-06-23,8012840,8012840,22,38,74
2023-06-23,8012841,8011729,6,19,19
2023-06-23,8012841,8012841,17,37,41
2023-06-23,8012841,8079604,7,18,52
2023-06-23,8012843,8012146,6,19,9
2023-06-23,8012856,8012002,16,18,145
2023-06-23,8012856,8012109,17,18,115
2023-06-23,8012856,8012856,32,36,110
2023-06-23,8012892,8011109,4,20,40
2023-06-23,8012892,8012892,4,40,21
2023-06-23,8012892,8017349,0,20,0
2023-06-23,8012902,8010141,7,10,63
2023-06-23,8012902,8011702,8,9,210
2023-06-23,8012902,8012268,13,19,118
2023-06-23,8012902,8012902,24,38,112
2023-06-23,8012933,8004177,11,15,124
2023-06-23,8012933,8011230,13,16,120
2023-06-23,8012933,8012933,26,31,129
2023-06-23,8012940,8010325,15,31,47
2023-06-23,8012940,8012264,17,20,196
2023-06-23,8012940,8012940,62,114,86
2023-06-23,8012940,8012951,12,25,38
2023-06-23,8012940,8012953,9,13,53
2023-06-23,8012940,8013186,7,10,75
2023-06-23,8012949,8011939,0,7,0
2023-06-23,8012949,8012949,0,14,0
2023-06-23,8012949,8013232,0,7,0
2023-06-23,8012951,8010156,8,10,81
2023-06-23,8012951,8010173,16,26,51
2023-06-23,8012951,8010325,7,12,82
2023-06-23,8012951,8012940,15,26,200
2023-06-23,8012951,8012951,44,74,110
2023-06-23,8012953,8012940,4,13,18
2023-06-23,8012953,8012953,9,32,21
2023-06-23,8012953,8012960,5,16,26
2023-06-23,8012954,8011718,5,16,22
2023-06-23,8012954,8012954,8,32,22
2023-06-23,8012954,8012960,2,16,15
2023-06-23,8012960,8012953,2,16,9
2023-06-23,8012960,8012954,5,16,26
2023-06-23,8012960,8012960,7,32,20
2023-06-23,8012962,8012962,4,40,8
2023-06-23,8012962,8079084,1,20,8
2023-06-23,8012962,8087025,3,20,9
2023-06-23,8012963,8012963,5,37,14
2023-06-23,8012963,8087025,1,20,6
2023-06-23,8012963,8087026,0,20,0
2023-06-23,8013017,8010241,14,17,157
2023-06-23,8013017,8012421,14,18,212
2023-06-23,8013017,8013017,29,35,185
2023-06-23,8013018,8010267,10,16,118
2023-06-23,8013018,8011442,6,9,90
2023-06-23,8013018,8012474,5,8,22
2023-06-23,8013018,8013018,20,33,85
2023-06-23,8013040,8011797,15,19,79
2023-06-23,8013040,8011995,13,19,85
2023-06-23,8013040,8013040,28,38,73
2023-06-23,8013051,8011646,14,17,282
2023-06-23,8013051,8013051,28,34,211
2023-06-23,8013051,8013177,12,17,131
2023-06-23,8013062,8011017,18,19,131
2023-06-23,8013062,8011778,9,11,74
2023-06-23,8013062,8013062,31,38,73
2023-06-23,8013069,8010156,6,9,80
2023-06-23,8013069,8011951,8,10,159
2023-06-23,8013069,8013069,12,19,104
2023-06-23,8013072,8010273,16,18,147
2023-06-23,8013072,8012143,12,18,97
2023-06-23,8013072,8013072,29,36,138
2023-06-23,8013073,8010173,12,22,200
2023-06-23,8013073,8012716,17,21,66
2023-06-23,8013073,8013073,31,43,143
2023-06-23,8013079,8011326,9,20,34
2023-06-23,8013079,8012643,4,20,16
2023-06-23,8013079,8013079,13,40,24
2023-06-23,8013104,8010210,15,19,65
2023-06-23,8013104,8012835,2,19,5
2023-06-23,8013104,8013104,14,38,36
2023-06-23,8013105,8011797,19,19,186
2023-06-23,8013105,8012438,12,19,79
2023-06-23,8013105,8013105,28,38,108
2023-06-23,8013106,8079604,1,19,3
2023-06-23,8013131,8010179,10,11,147
2023-06-23,8013131,8011456,8,11,191
2023-06-23,8013131,8013131,17,22,165
2023-06-23,8013132,8010392,6,28,45
2023-06-23,8013132,8011108,2,25,2
2023-06-23,8013132,8013132,6,52,25
2023-06-23,8013133,8010392,0,18,0
2023-06-23,8013133,8011992,0,18,0
2023-06-23,8013133,8013133,0,36,0
2023-06-23,8013156,8013162,8,11,115
2023-06-23,8013161,8013161,4,40,19
2023-06-23,8013161,8017349,4,20,36
2023-06-23,8013161,8087027,0,20,0
2023-06-23,8013162,8011456,4,11,44
2023-06-23,8013162,8013156,11,11,224
2023-06-23,8013162,8013162,16,22,139
2023-06-23,8013177,8011356,15,17,141
2023-06-23,8013177,8013051,15,17,330
2023-06-23,8013177,8013177,30,34,237
2023-06-23,8013186,8010051,7,19,60
2023-06-23,8013186,8011215,5,8,116
2023-06-23,8013186,8012264,1,1,30
2023-06-23,8013186,8012940,7,9,50
2023-06-23,8013186,8013186,15,38,46
2023-06-23,8013232,8012949,0,7,0
2023-06-23,8013232,8013232,0,14,0
2023-06-23,8013293,8011731,6,6,75
2023-06-23,8013293,8013293,9,12,92
2023-06-23,8013293,8070946,5,6,170
2023-06-23,8013322,8011481,14,17,106
2023-06-23,8013322,8011707,17,17,376
2023-06-23,8013322,8013322,32,34,240
2023-06-23,8013339,8011889,1,19,38
2023-06-23,8013339,8013339,20,37,78
2023-06-23,8013339,8013340,8,27,56
2023-06-23,8013340,8013339,2,25,5
2023-06-23,8013340,8013340,10,52,30
2023-06-23,8013340,8013341,6,27,50
2023-06-23,8013341,8011108,7,27,51
2023-06-23,8013341,8013340,0,25,0
2023-06-23,8013341,8013341,9,52,28
2023-06-23,8013352,8011778,2,2,120
2023-06-23,8013352,8012358,8,10,87
2023-06-23,8013352,8013352,15,21,84
2023-06-23,8013354,8010325,8,20,36
2023-06-23,8013354,8012643,9,20,40
2023-06-23,8013354,8013354,19,40,46
2023-06-23,8013370,8010173,2,4,68
2023-06-23,8013370,8012009,4,5,78
2023-06-23,8013370,8013370,5,9,60
2023-06-23,8013373,8011481,16,17,314
2023-06-23,8013373,8013373,29,34,199
2023-06-23,8013385,8010392,0,20,0
2023-06-23,8013385,8012086,4,20,48
2023-06-23,8013385,8013385,4,40,25
2023-06-23,8013393,8010213,8,9,240
2023-06-23,8013393,8012610,5,9,103
2023-06-23,8013393,8013393,14,18,185
2023-06-23,8013409,8012361,4,6,160
2023-06-23,8013409,8013409,10,12,108
2023-06-23,8013409,8070946,2,6,10
2023-06-23,8017349,8012892,4,20,44
2023-06-23,8017349,8013161,0,20,0
2023-06-23,8017349,8017349,4,40,19
2023-06-23,8070946,8013293,3,6,15
2023-06-23,8070946,8013409,4,6,170
2023-06-23,8070946,8070946,8,12,100
2023-06-23,8079604,8012841,13,19,39
2023-06-23,8079604,8013106,4,18,38
2023-06-23,8079604,8079604,18,37,37
2023-06-23,8079629,8011735,25,26,96
2023-06-23,8079629,8012785,14,16,99
2023-06-23,8079629,8012806,5,6,75
2023-06-23,8079629,8079629,42,51,69
2023-06-23,8087025,8012962,1,20,6
2023-06-23,8087025,8012963,1,20,6
2023-06-23,8087025,8087025,4,40,8
2023-06-23,8087026,8011109,0,20,0
2023-06-23,8087026,8012963,4,20,42
2023-06-23,8087026,8087026,4,40,20
2023-06-23,8087027,8012065,0,20,0
2023-06-23,8087027,8013161,4,20,38
2023-06-23,8087027,8087027,4,40,21
2023-06-24,8010016,8010016,30,36,56
2023-06-24,8010016,8011031,8,18,45
2023-06-24,8010016,8012729,5,18,15
2023-06-24,8010051,8010051,31,39,43
2023-06-24,8010051,8010153,7,9,57
2023-06-24,8010051,8010322,9,9,87
2023-06-24,8010051,8012264,1,1,60
2023-06-24,8010051,8013186,8,19,24
2023-06-24,8010141,8010141,22,35,92
2023-06-24,8010141,8011702,8,9,27
2023-06-24,8010141,8012651,2,8,15
2023-06-24,8010141,8012902,3,8,49
2023-06-24,8010153,8010051,10,10,39
2023-06-24,8010153,8010153,14,18,42
2023-06-24,8010153,8010284,0,25,0
2023-06-24,8010153,8010322,10,10,126
2023-06-24,8010153,8012269,2,9,7
2023-06-24,8010156,8010156,35,44,82
2023-06-24,8010156,8011798,3,8,45
2023-06-24,8010156,8012677,10,14,77
2023-06-24,8010156,8012951,10,14,101
2023-06-24,8010156,8013069,6,8,101
2023-06-24,8010173,8010173,31,39,67
2023-06-24,8010173,8012951,15,19,93
2023-06-24,8010173,8013073,16,19,68
2023-06-24,8010173,8013370,1,1,30
2023-06-24,8010176,8010176,10,36,18
2023-06-24,8010176,8010381,8,18,40
2023-06-24,8010176,8011995,0,18,0
2023-06-24,8010179,8010179,33,36,150
2023-06-24,8010179,8011536,10,10,114
2023-06-24,8010179,8012418,9,10,222
2023-06-24,8010179,8012839,8,8,79
2023-06-24,8010179,8013131,6,8,68
2023-06-24,8010188,8010188,7,24,52
2023-06-24,8010188,8011015,3,6,50
2023-06-24,8010188,8011593,1,6,100
2023-06-24,8010188,8012644,4,12,100
2023-06-24,8010199,8010199,15,36,18
2023-06-24,8010199,8010284,12,18,32
2023-06-24,8010199,8012436,8,18,13
2023-06-24,8010201,8010201,9,18,82
2023-06-24,8010201,8010273,9,11,76
2023-06-24,8010201,8012093,4,9,70
2023-06-24,8010210,8010210,16,31,137
2023-06-24,8010210,8012683,9,14,94
2023-06-24,8010210,8012832,8,14,223
2023-06-24,8010210,8013104,2,16,28
2023-06-24,8010213,8010213,11,15,120
2023-06-24,8010213,8011689,6,7,176
2023-06-24,8010213,8013393,4,8,68
2023-06-24,8010227,8010227,19,36,40
2023-06-24,8010227,8010348,16,18,93
2023-06-24,8010227,8012758,14,18,33
2023-06-24,8010241,8010241,40,54,83
2023-06-24,8010241,8011025,5,12,55
2023-06-24,8010241,8011293,12,19,123
2023-06-24,8010241,8012376,12,18,27
2023-06-24,8010241,8013017,11,16,58
2023-06-24,8010267,8011403,3,15,10
2023-06-24,8010267,8012265,3,6,20
2023-06-24,8010267,8013018,4,9,30
2023-06-24,8010273,8010201,4,10,27
2023-06-24,8010273,8010273,23,37,58
2023-06-24,8010273,8010284,7,9,110
2023-06-24,8010273,8013072,7,9,47
2023-06-24,8010284,8010153,25,27,102
2023-06-24,8010284,8010199,7,18,13
2023-06-24,8010284,8010273,1,7,4
2023-06-24,8010284,8010284,29,52,48
2023-06-24,8010300,8010300,42,53,155
2023-06-24,8010300,8011611,6,11,224
2023-06-24,8010300,8012377,11,15,78
2023-06-24,8010300,8012582,12,16,128
2023-06-24,8010322,8010051,7,9,50
2023-06-24,8010322,8010153,8,10,42
2023-06-24,8010322,8012362,8,8,270
2023-06-24,8010325,8010325,20,48,41
2023-06-24,8010325,8012940,8,24,55
2023-06-24,8010325,8012951,6,9,27
2023-06-24,8010325,8013354,11,15,44
2023-06-24,8010339,8010339,20,32,59
2023-06-24,8010339,8011213,13,16,96
2023-06-24,8010339,8012555,8,16,45
2023-06-24,8010348,8010227,1,18,2
2023-06-24,8010348,8010348,30,36,45
2023-06-24,8010348,8012436,5,18,15
2023-06-24,8010381,8010176,0,18,0
2023-06-24,8010381,8012321,6,18,23
2023-06-24,8010392,8010392,7,40,131
2023-06-24,8010392,8013132,2,27,12
2023-06-24,8010392,8013133,0,16,0
2023-06-24,8010392,8013385,6,20,246
2023-06-24,8011015,8010188,0,6,0
2023-06-24,8011015,8011015,3,12,25
2023-06-24,8011015,8012296,3,6,50
2023-06-24,8011017,8011017,17,31,163
2023-06-24,8011017,8012711,15,15,296
2023-06-24,8011017,8013062,3,16,68
2023-06-24,8011025,8010241,7,12,172
2023-06-24,8011025,8011025,12,24,106
2023-06-24,8011025,8011646,8,12,68
2023-06-24,8011027,8011027,11,19,212
2023-06-24,8011027,8011281,6,10,339
2023-06-24,8011027,8012762,3,9,53
2023-06-24,8011031,8010016,16,19,95
2023-06-24,8011031,8011031,21,37,62
2023-06-24,8011031,8012609,7,18,43
2023-06-24,8011044,8010282,7,8,202
2023-06-24,8011044,8011044,25,36,229
2023-06-24,8011044,8011438,9,10,294
2023-06-24,8011044,8011694,0,1,0
2023-06-24,8011044,8012021,4,10,48
2023-06-24,8011108,8011108,9,53,116
2023-06-24,8011108,8013132,7,27,216
2023-06-24,8011108,8013341,2,26,13
2023-06-24,8011109,8011109,7,40,131
2023-06-24,8011109,8012892,2,20,33
2023-06-24,8011109,8087026,5,20,225
2023-06-24,8011114,8012005,1,16,9
2023-06-24,8011140,8011140,23,32,123
2023-06-24,8011140,8012377,8,17,111
2023-06-24,8011140,8012806,12,15,212
2023-06-24,8011205,8010399,10,10,150
2023-06-24,8011205,8011205,19,22,125
2023-06-24,8011205,8011307,8,11,106
2023-06-24,8011213,8010339,8,16,43
2023-06-24,8011213,8011213,26,32,91
2023-06-24,8011213,8012610,7,7,189
2023-06-24,8011230,8011230,19,28,84
2023-06-24,8011230,8011248,10,14,111
2023-06-24,8011230,8012933,8,14,60
2023-06-24,8011248,8011230,8,14,45
2023-06-24,8011248,8011248,17,28,78
2023-06-24,8011248,8012677,9,14,122
2023-06-24,8011270,8011270,14,33,51
2023-06-24,8011270,8011729,14,17,111
2023-06-24,8011270,8012785,2,16,4
2023-06-24,8011281,8011027,2,9,40
2023-06-24,8011281,8011281,9,19,196
2023-06-24,8011281,8012316,6,10,315
2023-06-24,8011286,8011286,20,38,261
2023-06-24,8011286,8011889,15,19,396
2023-06-24,8011286,8011991,2,19,111
2023-06-24,8011293,8010241,10,19,85
2023-06-24,8011293,8011293,23,38,103
2023-06-24,8011293,8011307,8,11,142
2023-06-24,8011307,8011205,10,11,147
2023-06-24,8011307,8011293,10,11,109
2023-06-24,8011307,8011307,19,22,130
2023-06-24,8011326,8011326,6,30,9
2023-06-24,8011326,8012824,2,15,4
2023-06-24,8011326,8013079,2,15,8
2023-06-24,8011356,8011356,18,24,82
2023-06-24,8011356,8012710,5,12,38
2023-06-24,8011356,8013177,11,12,110
2023-06-24,8011403,8010267,1,15,14
2023-06-24,8011403,8011403,4,30,13
2023-06-24,8011403,8011582,3,15,14
2023-06-24,8011438,8011044,4,10,48
2023-06-24,8011438,8011438,16,20,178
2023-06-24,8011438,8011536,8,10,288
2023-06-24,8011442,8011442,8,17,72
2023-06-24,8011442,8012474,5,9,77
2023-06-24,8011442,8013018,4,8,75
2023-06-24,8011456,8011456,12,16,52
2023-06-24,8011456,8013131,6,8,45
2023-06-24,8011456,8013162,7,8,82
2023-06-24,8011481,8011481,20,24,96
2023-06-24,8011481,8013322,10,12,115
2023-06-24,8011481,8013373,10,12,75
2023-06-24,8011536,8010179,7,10,267
2023-06-24,8011536,8011438,10,10,102
2023-06-24,8011536,8011536,17,20,190
2023-06-24,8011582,8011403,1,15,6
2023-06-24,8011582,8011582,3,30,9
2023-06-24,8011582,8012824,2,15,8
2023-06-24,8011592,8011592,1,16,4
2023-06-24,8011592,8011908,1,8,4
2023-06-24,8011592,8012274,0,8,0
2023-06-24,8011593,8010188,2,6,40
2023-06-24,8011593,8011593,3,12,85
2023-06-24,8011593,8012612,1,6,100
2023-06-24,8011611,8010300,7,10,135
2023-06-24,8011611,8011611,13,21,184
2023-06-24,8011611,8012762,7,11,284
2023-06-24,8011646,8011025,7,12,175
2023-06-24,8011646,8011646,15,24,112
2023-06-24,8011646,8013051,8,12,60
2023-06-24,8011681,8011681,10,20,58
2023-06-24,8011681,8011994,7,10,33
2023-06-24,8011681,8012262,7,10,87
2023-06-24,8011689,5100145,6,7,129
2023-06-24,8011689,8010213,4,8,49
2023-06-24,8011689,8011689,10,15,94
2023-06-24,8011694,8011694,17,32,139
2023-06-24,8011694,8011723,10,15,220
2023-06-24,8011694,8011953,2,6,150
2023-06-24,8011694,8012358,8,10,84
2023-06-24,8011702,8010141,3,8,26
2023-06-24,8011702,8011702,7,17,19
2023-06-24,8011702,8012902,6,9,30
2023-06-24,8011707,8011707,18,24,102
2023-06-24,8011707,8012710,9,12,130
2023-06-24,8011707,8013322,12,12,92
2023-06-24,8011718,8011718,1,16,9
2023-06-24,8011718,8012274,1,8,15
2023-06-24,8011718,8012954,0,8,0
2023-06-24,8011723,8011694,4,16,77
2023-06-24,8011723,8011723,15,31,150
2023-06-24,8011723,8012021,9,10,315
2023-06-24,8011726,8011726,9,17,69
2023-06-24,8011726,8011951,8,8,101
2023-06-24,8011726,8012474,5,8,86
2023-06-24,8011729,8011270,0,16,0
2023-06-24,8011729,8011729,12,33,39
2023-06-24,8011729,8012841,7,17,51
2023-06-24,8011731,8011731,9,12,132
2023-06-24,8011731,8013293,5,6,225
2023-06-24,8011735,8011735,27,37,78
2023-06-24,8011735,8012609,13,19,79
2023-06-24,8011735,8079629,9,18,45
2023-06-24,8011778,8011778,12,22,209
2023-06-24,8011778,8012316,5,9,90
2023-06-24,8011778,8012762,2,2,285
2023-06-24,8011778,8013062,8,9,333
2023-06-24,8011797,8011797,33,36,55
2023-06-24,8011797,8013040,10,18,38
2023-06-24,8011797,8013105,5,18,15
2023-06-24,8011798,8010156,8,8,38
2023-06-24,8011864,8003774,10,17,26
2023-06-24,8011864,8011864,15,35,33
2023-06-24,8011864,8012268,5,18,32
2023-06-24,8011889,8011286,2,19,111
2023-06-24,8011889,8011889,19,38,261
2023-06-24,8011889,8013339,17,19,423
2023-06-24,8011908,8011592,1,8,19
2023-06-24,8011908,8011908,1,16,21
2023-06-24,8011908,8012737,0,8,0
2023-06-24,8011939,8011939,3,13,23
2023-06-24,8011939,8012517,0,6,0
2023-06-24,8011939,8012949,3,7,43
2023-06-24,8011951,8011726,8,8,154
2023-06-24,8011951,8011951,16,16,148
2023-06-24,8011951,8013069,6,8,90
2023-06-24,8011953,8011694,4,5,72
2023-06-24,8011953,8011953,10,13,111
2023-06-24,8011953,8012358,6,7,193
2023-06-24,8011991,8011286,18,19,401
2023-06-24,8011991,8011991,20,38,252
2023-06-24,8011992,8011992,0,32,0
2023-06-24,8011992,8012617,0,16,0
2023-06-24,8011992,8013133,0,16,0
2023-06-24,8011995,8010176,8,18,27
2023-06-24,8011995,8011995,8,36,13
2023-06-24,8011995,8013040,1,18,2
2023-06-24,8012005,8011114,10,16,62
2023-06-24,8012005,8012005,6,32,27
2023-06-24,8012005,8012827,1,16,9
2023-06-24,8012009,8010156,1,1,60
2023-06-24,8012009,8012009,1,1,60
2023-06-24,8012021,8011044,9,10,306
2023-06-24,8012021,8011723,10,10,90
2023-06-24,8012021,8012021,19,20,208
2023-06-24,8012065,8012065,7,40,132
2023-06-24,8012065,8012086,2,20,33
2023-06-24,8012065,8087027,5,20,231
2023-06-24,8012086,8012065,5,20,237
2023-06-24,8012086,8012086,7,40,132
2023-06-24,8012086,8013385,2,20,20
2023-06-24,8012093,8010201,3,9,73
2023-06-24,8012093,8010399,5,8,60
2023-06-24,8012093,8012093,5,18,52
2023-06-24,8012108,8012108,11,36,13
2023-06-24,8012108,8012729,5,18,10
2023-06-24,8012108,8012840,4,18,10
2023-06-24,8012109,8012109,14,18,113
2023-06-24,8012109,8012143,9,9,177
2023-06-24,8012109,8012856,5,9,17
2023-06-24,8012143,8012109,7,9,43
2023-06-24,8012143,8012143,16,18,108
2023-06-24,8012143,8013072,8,9,183
2023-06-24,8012146,8012146,10,29,143
2023-06-24,8012146,8012832,2,15,40
2023-06-24,8012146,8012843,8,14,223
2023-06-24,8012262,8011681,2,10,6
2023-06-24,8012262,8012262,25,38,68
2023-06-24,8012262,8012716,11,19,69
2023-06-24,8012264,8012264,31,53,37
2023-06-24,8012264,8012321,4,9,13
2023-06-24,8012264,8012384,8,10,66
2023-06-24,8012264,8012940,14,18,40
2023-06-24,8012265,8010267,1,6,10
2023-06-24,8012265,8012265,5,12,25
2023-06-24,8012265,8012612,3,6,90
2023-06-24,8012268,8011864,10,17,28
2023-06-24,8012268,8012268,14,35,31
2023-06-24,8012268,8012902,5,18,25
2023-06-24,8012269,8010153,8,8,236
2023-06-24,8012269,8012269,10,17,116
2023-06-24,8012269,8012362,2,9,7
2023-06-24,8012274,8011592,1,8,8
2023-06-24,8012274,8011718,1,8,4
2023-06-24,8012274,8012274,2,16,6
2023-06-24,8012296,8011015,0,6,0
2023-06-24,8012296,8012296,3,12,25
2023-06-24,8012296,8012517,3,7,43
2023-06-24,8012316,8011281,5,9,70
2023-06-24,8012316,8011778,3,10,273
2023-06-24,8012316,8012316,10,19,193
2023-06-24,8012321,8010381,4,19,11
2023-06-24,8012321,8012264,2,7,21
2023-06-24,8012321,8012321,16,37,36
2023-06-24,8012321,8012384,4,11,44
2023-06-24,8012358,8011694,10,10,339
2023-06-24,8012358,8011953,4,6,50
2023-06-24,8012358,8012358,30,36,182
2023-06-24,8012358,8013352,5,8,165
2023-06-24,8012361,8013409,6,6,45
2023-06-24,8012362,8010322,6,9,30
2023-06-24,8012362,8012269,8,8,251
2023-06-24,8012362,8012362,10,17,116
2023-06-24,8012376,8010241,10,18,32
2023-06-24,8012376,8012376,15,36,22
2023-06-24,8012376,8012758,13,18,35
2023-06-24,8012377,8010300,14,17,134
2023-06-24,8012377,8011140,11,15,78
2023-06-24,8012377,8012377,21,32,96
2023-06-24,8012384,8012264,9,11,71
2023-06-24,8012384,8012321,5,10,60
2023-06-24,8012384,8012384,13,21,63
2023-06-24,8012421,8012421,20,32,69
2023-06-24,8012421,8012555,11,16,99
2023-06-24,8012421,8013017,9,16,56
2023-06-24,8012436,8010199,14,18,42
2023-06-24,8012436,8010348,15,18,65
2023-06-24,8012436,8012436,29,36,32
2023-06-24,8012438,8012438,11,36,18
2023-06-24,8012438,8012840,6,18,18
2023-06-24,8012438,8013105,6,18,17
2023-06-24,8012474,8011442,5,8,86
2023-06-24,8012474,8011726,5,9,53
2023-06-24,8012474,8012474,10,17,76
2023-06-24,8012517,8011939,3,7,43
2023-06-24,8012517,8012296,0,6,0
2023-06-24,8012517,8012517,3,13,23
2023-06-24,8012555,8010339,10,16,77
2023-06-24,8012555,8012421,8,16,52
2023-06-24,8012555,8012555,19,32,67
2023-06-24,8012582,8010300,12,15,72
2023-06-24,8012582,8012582,21,31,78
2023-06-24,8012582,8012584,11,16,118
2023-06-24,8012583,8012584,2,15,34
2023-06-24,8012584,8012582,1,15,26
2023-06-24,8012584,8012583,8,16,98
2023-06-24,8012584,8012584,13,31,72
2023-06-24,8012609,8011031,13,19,84
2023-06-24,8012609,8011735,11,18,68
2023-06-24,8012609,8012609,24,37,67
2023-06-24,8012610,8011213,7,8,98
2023-06-24,8012610,8012610,11,15,138
2023-06-24,8012610,8013393,7,7,253
2023-06-24,8012612,8011593,2,6,100
2023-06-24,8012612,8012265,1,6,50
2023-06-24,8012612,8012612,3,12,115
2023-06-24,8012617,8011992,0,16,0
2023-06-24,8012643,8012643,4,30,6
2023-06-24,8012643,8013079,1,15,4
2023-06-24,8012643,8013354,4,15,8
2023-06-24,8012644,8010188,4,12,30
2023-06-24,8012677,8010156,10,14,126
2023-06-24,8012677,8011248,7,14,49
2023-06-24,8012677,8012677,19,28,96
2023-06-24,8012683,8010210,2,14,45
2023-06-24,8012683,8012683,9,28,58
2023-06-24,8012683,8012684,5,14,56
2023-06-24,8012684,8012683,2,14,41
2023-06-24,8012684,8012684,8,28,44
2023-06-24,8012710,8011356,12,12,155
2023-06-24,8012710,8011707,9,12,60
2023-06-24,8012710,8012710,21,24,104
2023-06-24,8012711,8011017,2,16,19
2023-06-24,8012711,8012711,17,31,157
2023-06-24,8012711,8012835,15,15,290
2023-06-24,8012716,8012262,15,19,69
2023-06-24,8012716,8012716,26,38,62
2023-06-24,8012716,8013073,13,19,82
2023-06-24,8012729,8010016,14,18,60
2023-06-24,8012729,8012108,7,18,23
2023-06-24,8012729,8012729,19,36,25
2023-06-24,8012737,8011908,1,8,30
2023-06-24,8012758,8010227,12,18,52
2023-06-24,8012758,8012376,14,18,28
2023-06-24,8012758,8012758,27,36,49
2023-06-24,8012762,8010300,1,1,150
2023-06-24,8012762,8011027,8,10,369
2023-06-24,8012762,8011611,8,10,102
2023-06-24,8012762,8011778,0,1,0
2023-06-24,8012762,8012762,14,22,209
2023-06-24,8012785,8011270,12,17,90
2023-06-24,8012785,8012785,19,33,79
2023-06-24,8012785,8079629,5,14,64
2023-06-24,8012806,8011140,8,16,75
2023-06-24,8012806,8012806,15,31,119
2023-06-24,8012824,8011326,3,15,18
2023-06-24,8012824,8011582,2,15,4
2023-06-24,8012824,8012824,4,30,8
2023-06-24,8012827,8012005,5,15,44
2023-06-24,8012827,8012827,6,31,27
2023-06-24,8012832,8010210,1,15,30
2023-06-24,8012832,8012146,8,14,212
2023-06-24,8012832,8012832,8,29,110
2023-06-24,8012835,8012711,2,16,22
2023-06-24,8012835,8012835,17,31,147
2023-06-24,8012835,8013104,15,15,276
2023-06-24,8012839,8010179,8,8,112
2023-06-24,8012839,8012839,16,16,79
2023-06-24,8012840,8012108,6,18,13
2023-06-24,8012840,8012438,5,18,15
2023-06-24,8012840,8012840,10,36,16
2023-06-24,8012841,8011729,1,16,0
2023-06-24,8012841,8012841,9,33,25
2023-06-24,8012841,8079604,6,17,39
2023-06-24,8012843,8012146,2,15,40
2023-06-24,8012856,8012002,7,9,50
2023-06-24,8012856,8012109,9,9,210
2023-06-24,8012856,8012856,16,18,103
2023-06-24,8012892,8011109,5,20,230
2023-06-24,8012892,8012892,7,40,132
2023-06-24,8012892,8017349,2,20,33
2023-06-24,8012902,8010141,3,10,96
2023-06-24,8012902,8011702,5,8,38
2023-06-24,8012902,8012268,10,17,34
2023-06-24,8012902,8012902,15,35,27
2023-06-24,8012933,8004177,6,14,54
2023-06-24,8012933,8011230,11,14,122
2023-06-24,8012933,8012933,16,28,86
2023-06-24,8012940,8010325,13,24,38
2023-06-24,8012940,8012264,12,17,60
2023-06-24,8012940,8012940,58,96,52
2023-06-24,8012940,8012951,17,24,30
2023-06-24,8012940,8012953,3,7,21
2023-06-24,8012940,8013186,8,9,87
2023-06-24,8012949,8011939,0,6,0
2023-06-24,8012949,8012949,3,13,23
2023-06-24,8012949,8013232,3,7,43
2023-06-24,8012951,8010156,7,13,37
2023-06-24,8012951,8010173,16,20,28
2023-06-24,8012951,8010325,4,9,93
2023-06-24,8012951,8012940,17,24,80
2023-06-24,8012951,8012951,46,66,61
2023-06-24,8012953,8012940,1,5,6
2023-06-24,8012953,8012953,4,16,13
2023-06-24,8012953,8012960,1,8,15
2023-06-24,8012954,8011718,1,8,19
2023-06-24,8012954,8012954,1,16,9
2023-06-24,8012954,8012960,0,8,0
2023-06-24,8012960,8012953,0,8,0
2023-06-24,8012960,8012954,1,8,19
2023-06-24,8012960,8012960,1,16,9
2023-06-24,8012962,8012962,5,40,104
2023-06-24,8012962,8079084,3,20,186
2023-06-24,8012962,8087025,2,20,21
2023-06-24,8012963,8012963,7,37,127
2023-06-24,8012963,8087025,3,20,184
2023-06-24,8012963,8087026,2,20,33
2023-06-24,8013017,8010241,10,16,58
2023-06-24,8013017,8012421,12,16,82
2023-06-24,8013017,8013017,23,32,68
2023-06-24,8013018,8010267,5,8,71
2023-06-24,8013018,8011442,5,9,57
2023-06-24,8013018,8013018,10,17,69
2023-06-24,8013040,8011797,16,18,62
2023-06-24,8013040,8011995,8,18,22
2023-06-24,8013040,8013040,25,36,28
2023-06-24,8013051,8011646,6,12,128
2023-06-24,8013051,8013051,17,24,85
2023-06-24,8013051,8013177,5,12,60
2023-06-24,8013062,8011017,15,15,298
2023-06-24,8013062,8011778,7,10,111
2023-06-24,8013062,8013062,18,31,183
2023-06-24,8013069,8010156,7,8,86
2023-06-24,8013069,8011951,7,8,142
2023-06-24,8013069,8013069,13,16,109
2023-06-24,8013072,8010273,8,9,143
2023-06-24,8013072,8012143,2,9,10
2023-06-24,8013072,8013072,11,18,90
2023-06-24,8013073,8010173,9,19,65
2023-06-24,8013073,8012716,16,19,51
2023-06-24,8013073,8013073,25,38,64
2023-06-24,8013079,8011326,7,15,18
2023-06-24,8013079,8012643,2,15,6
2023-06-24,8013079,8013079,9,30,12
2023-06-24,8013104,8010210,15,15,262
2023-06-24,8013104,8012835,3,16,22
2023-06-24,8013104,8013104,17,31,140
2023-06-24,8013105,8011797,17,18,120
2023-06-24,8013105,8012438,6,18,20
2023-06-24,8013105,8013105,22,36,48
2023-06-24,8013106,8079604,0,16,0
2023-06-24,8013131,8010179,7,8,60
2023-06-24,8013131,8011456,4,8,56
2023-06-24,8013131,8013131,10,16,52
2023-06-24,8013132,8010392,8,28,200
2023-06-24,8013132,8011108,2,26,13
2023-06-24,8013132,8013132,9,53,113
2023-06-24,8013133,8010392,0,16,0
2023-06-24,8013133,8011992,0,16,0
2023-06-24,8013133,8013133,0,32,0
2023-06-24,8013156,8013162,3,8,26
2023-06-24,8013161,8013161,6,40,130
2023-06-24,8013161,8017349,5,20,224
2023-06-24,8013161,8087027,2,20,33
2023-06-24,8013162,8011456,5,8,19
2023-06-24,8013162,8013156,8,8,98
2023-06-24,8013162,8013162,10,16,51
2023-06-24,8013177,8011356,8,12,58
2023-06-24,8013177,8013051,11,12,108
2023-06-24,8013177,8013177,17,24,84
2023-06-24,8013186,8010051,7,19,32
2023-06-24,8013186,8011215,3,8,11
2023-06-24,8013186,8012264,0,1,0
2023-06-24,8013186,8012940,8,9,50
2023-06-24,8013186,8013186,20,38,27
2023-06-24,8013232,8012949,0,6,0
2023-06-24,8013232,8013232,3,13,23
2023-06-24,8013293,8011731,4,6,40
2023-06-24,8013293,8013293,7,12,118
2023-06-24,8013293,8070946,4,6,215
2023-06-24,8013322,8011481,10,12,92
2023-06-24,8013322,8011707,12,12,148
2023-06-24,8013322,8013322,23,24,116
2023-06-24,8013339,8011889,2,19,111
2023-06-24,8013339,8013339,21,39,207
2023-06-24,8013339,8013340,8,27,221
2023-06-24,8013340,8013339,2,26,14
2023-06-24,8013340,8013340,10,53,119
2023-06-24,8013340,8013341,7,27,216
2023-06-24,8013341,8011108,7,27,216
2023-06-24,8013341,8013340,1,26,12
2023-06-24,8013341,8013341,9,53,116
2023-06-24,8013352,8012358,6,6,95
2023-06-24,8013352,8013352,11,14,114
2023-06-24,8013354,8010325,4,15,24
2023-06-24,8013354,8012643,7,15,36
2023-06-24,8013354,8013354,18,30,39
2023-06-24,8013370,8012009,1,1,60
2023-06-24,8013370,8013370,1,1,60
2023-06-24,8013373,8011481,11,12,120
2023-06-24,8013373,8013373,22,24,100
2023-06-24,8013385,8010392,1,20,18
2023-06-24,8013385,8012086,5,20,240
2023-06-24,8013385,8013385,8,40,133
2023-06-24,8013393,8010213,7,7,184
2023-06-24,8013393,8012610,3,8,45
2023-06-24,8013393,8013393,11,15,128
2023-06-24,8013409,8012361,3,6,175
2023-06-24,8013409,8013409,9,12,108
2023-06-24,8013409,8070946,0,6,0
2023-06-24,8017349,8012892,5,20,236
2023-06-24,8017349,8013161,2,20,33
2023-06-24,8017349,8017349,7,40,131
2023-06-24,8070946,8013293,2,6,10
2023-06-24,8070946,8013409,4,6,195
2023-06-24,8070946,8070946,6,12,110
2023-06-24,8079604,8012841,7,16,15
2023-06-24,8079604,8013106,5,17,30
2023-06-24,8079604,8079604,13,33,25
2023-06-24,8079629,8011735,19,19,115
2023-06-24,8079629,8012785,14,15,94
2023-06-24,8079629,8079629,27,37,66
2023-06-24,8087025,8012962,3,20,186
2023-06-24,8087025,8012963,1,20,18
2023-06-24,8087025,8087025,5,40,103
2023-06-24,8087026,8011109,2,20,33
2023-06-24,8087026,8012963,5,20,232
2023-06-24,8087026,8087026,7,40,131
2023-06-24,8087027,8012065,2,20,33
2023-06-24,8087027,8013161,5,20,228
2023-06-24,8087027,8087027,7,40,132
2023-06-25,8010016,8010016,30,32,53
2023-06-25,8010016,8011031,7,16,32
2023-06-25,8010016,8012729,4,16,19
2023-06-25,8010051,8010051,26,38,61
2023-06-25,8010051,8010153,7,9,117
2023-06-25,8010051,8010322,8,9,120
2023-06-25,8010051,8013186,12,19,33
2023-06-25,8010141,8010141,23,35,75
2023-06-25,8010141,8011702,7,9,57
2023-06-25,8010141,8012651,3,8,82
2023-06-25,8010141,8012902,5,8,82
2023-06-25,8010153,8010051,7,9,33
2023-06-25,8010153,8010153,11,17,92
2023-06-25,8010153,8010284,8,25,24
2023-06-25,8010153,8010322,8,10,111
2023-06-25,8010153,8012269,2,9,10
2023-06-25,8010156,8010156,35,44,190
2023-06-25,8010156,8011798,3,8,79
2023-06-25,8010156,8012677,12,14,270
2023-06-25,8010156,8012951,10,14,182
2023-06-25,8010156,8013069,6,8,124
2023-06-25,8010173,8010173,31,37,73
2023-06-25,8010173,8012951,14,18,67
2023-06-25,8010173,8013073,16,18,95
2023-06-25,8010173,8013370,1,1,120
2023-06-25,8010176,8010176,13,32,25
2023-06-25,8010176,8010381,10,16,56
2023-06-25,8010176,8011995,2,16,4
2023-06-25,8010179,8010179,27,33,164
2023-06-25,8010179,8011536,8,10,213
2023-06-25,8010179,8012418,7,8,202
2023-06-25,8010179,8012839,7,7,77
2023-06-25,8010179,8013131,3,7,116
2023-06-25,8010188,8010188,7,24,40
2023-06-25,8010188,8011015,2,6,20
2023-06-25,8010188,8011593,0,6,0
2023-06-25,8010188,8012644,5,12,82
2023-06-25,8010199,8010199,8,36,16
2023-06-25,8010199,8010284,7,18,13
2023-06-25,8010199,8012436,6,18,22
2023-06-25,8010201,8010201,13,18,152
2023-06-25,8010201,8010273,9,11,147
2023-06-25,8010201,8012093,5,9,97
2023-06-25,8010210,8010210,18,31,58
2023-06-25,8010210,8012683,6,14,58
2023-06-25,8010210,8012832,8,15,38
2023-06-25,8010210,8013104,5,15,22
2023-06-25,8010213,8010213,11,16,120
2023-06-25,8010213,8011689,6,8,128
2023-06-25,8010213,8013393,5,8,105
2023-06-25,8010227,8010227,21,36,33
2023-06-25,8010227,8010348,16,18,70
2023-06-25,8010227,8012758,12,18,35
2023-06-25,8010241,8010241,41,52,141
2023-06-25,8010241,8011025,8,12,178
2023-06-25,8010241,8011293,17,19,256
2023-06-25,8010241,8012376,11,18,23
2023-06-25,8010241,8013017,10,15,98
2023-06-25,8010267,8011403,3,15,12
2023-06-25,8010267,8012265,3,6,25
2023-06-25,8010267,8013018,0,9,0
2023-06-25,8010273,8010201,6,10,147
2023-06-25,8010273,8010273,25,36,141
2023-06-25,8010273,8010284,5,8,221
2023-06-25,8010273,8013072,7,9,110
2023-06-25,8010284,8010153,18,26,114
2023-06-25,8010284,8010199,5,18,22
2023-06-25,8010284,8010273,4,7,51
2023-06-25,8010284,8010284,25,51,61
2023-06-25,8010300,8010300,41,52,95
2023-06-25,8010300,8011611,6,11,79
2023-06-25,8010300,8012377,13,15,74
2023-06-25,8010300,8012582,11,16,84
2023-06-25,8010322,8010051,6,9,33
2023-06-25,8010322,8010153,7,10,27
2023-06-25,8010322,8012362,8,8,251
2023-06-25,8010325,8010325,19,48,22
2023-06-25,8010325,8012940,8,24,15
2023-06-25,8010325,8012951,7,9,30
2023-06-25,8010325,8013354,9,15,46
2023-06-25,8010339,8010339,16,30,93
2023-06-25,8010339,8011213,12,15,150
2023-06-25,8010339,8012555,6,15,72
2023-06-25,8010348,8010227,2,18,3
2023-06-25,8010348,8010348,26,36,36
2023-06-25,8010348,8012436,4,18,8
2023-06-25,8010381,8010176,1,16,2
2023-06-25,8010381,8012321,1,17,2
2023-06-25,8010392,8010392,3,40,8
2023-06-25,8010392,8013132,0,27,0
2023-06-25,8010392,8013133,0,16,0
2023-06-25,8010392,8013385,3,20,15
2023-06-25,8011015,8010188,0,6,0
2023-06-25,8011015,8011015,2,12,10
2023-06-25,8011015,8012296,2,6,20
2023-06-25,8011017,8011017,16,31,81
2023-06-25,8011017,8012711,14,16,139
2023-06-25,8011017,8013062,4,15,38
2023-06-25,8011025,8010241,9,12,240
2023-06-25,8011025,8011025,14,24,191
2023-06-25,8011025,8011646,9,12,168
2023-06-25,8011027,8011027,9,19,58
2023-06-25,8011027,8011281,5,10,66
2023-06-25,8011027,8012762,6,9,60
2023-06-25,8011031,8010016,16,17,56
2023-06-25,8011031,8011031,18,33,35
2023-06-25,8011031,8012609,7,16,28
2023-06-25,8011044,8010282,6,8,176
2023-06-25,8011044,8011044,26,36,238
2023-06-25,8011044,8011438,6,9,173
2023-06-25,8011044,8011694,1,2,15
2023-06-25,8011044,8012021,7,10,174
2023-06-25,8011108,8011108,10,53,18
2023-06-25,8011108,8013132,8,27,23
2023-06-25,8011108,8013341,2,26,12
2023-06-25,8011109,8011109,3,40,5
2023-06-25,8011109,8012892,0,20,0
2023-06-25,8011109,8087026,2,20,9
2023-06-25,8011114,8012005,0,15,0
2023-06-25,8011140,8011140,22,32,93
2023-06-25,8011140,8012377,10,17,102
2023-06-25,8011140,8012806,10,15,72
2023-06-25,8011205,8010399,9,9,307
2023-06-25,8011205,8011205,20,21,273
2023-06-25,8011205,8011307,8,10,249
2023-06-25,8011213,8010339,8,15,68
2023-06-25,8011213,8011213,24,30,133
2023-06-25,8011213,8012610,6,7,154
2023-06-25,8011230,8011230,22,28,223
2023-06-25,8011230,8011248,11,14,186
2023-06-25,8011230,8012933,10,14,268
2023-06-25,8011248,8011230,10,14,251
2023-06-25,8011248,8011248,22,28,224
2023-06-25,8011248,8012677,11,14,201
2023-06-25,8011270,8011270,15,31,50
2023-06-25,8011270,8011729,12,16,98
2023-06-25,8011270,8012785,4,15,24
2023-06-25,8011281,8011027,3,9,43
2023-06-25,8011281,8011281,7,19,63
2023-06-25,8011281,8012316,4,10,60
2023-06-25,8011286,8011286,17,38,62
2023-06-25,8011286,8011889,12,19,114
2023-06-25,8011286,8011991,0,19,0
2023-06-25,8011293,8010241,14,18,208
2023-06-25,8011293,8011293,32,37,239
2023-06-25,8011293,8011307,11,11,270
2023-06-25,8011307,8011205,10,11,270
2023-06-25,8011307,8011293,9,10,237
2023-06-25,8011307,8011307,19,21,259
2023-06-25,8011326,8011326,7,30,17
2023-06-25,8011326,8012824,2,15,8
2023-06-25,8011326,8013079,4,15,22
2023-06-25,8011356,8011356,19,24,246
2023-06-25,8011356,8012710,8,12,175
2023-06-25,8011356,8013177,11,12,288
2023-06-25,8011403,8010267,1,15,2
2023-06-25,8011403,8011403,3,30,8
2023-06-25,8011403,8011582,2,15,14
2023-06-25,8011438,8011044,8,10,183
2023-06-25,8011438,8011438,15,19,180
2023-06-25,8011438,8011536,6,9,170
2023-06-25,8011442,8011442,1,17,5
2023-06-25,8011442,8012474,0,9,0
2023-06-25,8011442,8013018,1,8,11
2023-06-25,8011456,8011456,6,14,84
2023-06-25,8011456,8013131,3,7,47
2023-06-25,8011456,8013162,3,7,124
2023-06-25,8011481,8011481,18,24,176
2023-06-25,8011481,8013322,10,12,230
2023-06-25,8011481,8013373,8,12,152
2023-06-25,8011536,8010179,7,9,173
2023-06-25,8011536,8011438,9,10,207
2023-06-25,8011536,8011536,14,19,193
2023-06-25,8011582,8011403,1,15,4
2023-06-25,8011582,8011582,3,30,9
2023-06-25,8011582,8012824,2,15,16
2023-06-25,8011592,8011592,3,16,52
2023-06-25,8011592,8011908,2,8,71
2023-06-25,8011592,8012274,1,8,30
2023-06-25,8011593,8010188,4,6,60
2023-06-25,8011593,8011593,4,12,25
2023-06-25,8011593,8012612,1,6,30
2023-06-25,8011611,8010300,7,9,90
2023-06-25,8011611,8011611,14,20,82
2023-06-25,8011611,8012762,7,11,74
2023-06-25,8011646,8011025,10,12,220
2023-06-25,8011646,8011646,19,24,198
2023-06-25,8011646,8013051,7,12,165
2023-06-25,8011681,8011681,11,18,97
2023-06-25,8011681,8011994,4,9,67
2023-06-25,8011681,8012262,7,9,127
2023-06-25,8011689,5100145,5,8,98
2023-06-25,8011689,8010213,3,8,90
2023-06-25,8011689,8011689,9,16,88
2023-06-25,8011694,8011694,24,34,132
2023-06-25,8011694,8011723,10,16,161
2023-06-25,8011694,8011953,4,6,35
2023-06-25,8011694,8012358,10,10,237
2023-06-25,8011702,8010141,4,8,101
2023-06-25,8011702,8011702,10,17,71
2023-06-25,8011702,8012902,7,9,60
2023-06-25,8011707,8011707,19,24,220
2023-06-25,8011707,8012710,11,12,288
2023-06-25,8011707,8013322,9,12,168
2023-06-25,8011718,8011718,3,16,52
2023-06-25,8011718,8012274,2,8,82
2023-06-25,8011718,8012954,1,8,22
2023-06-25,8011723,8011694,7,16,90
2023-06-25,8011723,8011723,18,32,132
2023-06-25,8011723,8012021,6,9,200
2023-06-25,8011726,8011726,3,17,12
2023-06-25,8011726,8011951,7,8,26
2023-06-25,8011726,8012474,3,8,26
2023-06-25,8011729,8011270,3,15,16
2023-06-25,8011729,8011729,12,31,45
2023-06-25,8011729,8012841,8,16,58
2023-06-25,8011731,8011731,12,12,212
2023-06-25,8011731,8013293,6,6,320
2023-06-25,8011735,8011735,24,33,51
2023-06-25,8011735,8012609,11,17,39
2023-06-25,8011735,8079629,9,16,26
2023-06-25,8011778,8011778,11,21,79
2023-06-25,8011778,8012316,4,9,70
2023-06-25,8011778,8012762,1,1,360
2023-06-25,8011778,8013062,7,9,53
2023-06-25,8011797,8011797,30,32,56
2023-06-25,8011797,8013040,9,16,51
2023-06-25,8011797,8013105,3,16,11
2023-06-25,8011798,8010156,8,8,49
2023-06-25,8011864,8003774,12,17,56
2023-06-25,8011864,8011864,21,35,57
2023-06-25,8011864,8012268,9,18,43
2023-06-25,8011889,8011286,0,19,0
2023-06-25,8011889,8011889,17,38,61
2023-06-25,8011889,8013339,17,19,129
2023-06-25,8011908,8011592,1,8,34
2023-06-25,8011908,8011908,4,16,54
2023-06-25,8011908,8012737,2,8,68
2023-06-25,8011939,8011939,2,13,9
2023-06-25,8011939,8012517,0,6,0
2023-06-25,8011939,8012949,2,7,17
2023-06-25,8011951,8011726,6,8,101
2023-06-25,8011951,8011951,13,16,116
2023-06-25,8011951,8013069,4,8,68
2023-06-25,8011953,8011694,5,7,171
2023-06-25,8011953,8011953,10,15,102
2023-06-25,8011953,8012358,6,7,73
2023-06-25,8011991,8011286,17,19,114
2023-06-25,8011991,8011991,13,38,54
2023-06-25,8011992,8011992,0,32,0
2023-06-25,8011992,8012617,0,16,0
2023-06-25,8011992,8013133,0,16,0
2023-06-25,8011995,8010176,6,16,36
2023-06-25,8011995,8011995,6,32,19
2023-06-25,8011995,8013040,4,16,8
2023-06-25,8012005,8011114,9,15,44
2023-06-25,8012005,8012005,3,30,14
2023-06-25,8012005,8012827,0,15,0
2023-06-25,8012009,8010156,1,1,120
2023-06-25,8012009,8012009,1,1,120
2023-06-25,8012021,8011044,6,9,183
2023-06-25,8012021,8011723,9,10,195
2023-06-25,8012021,8012021,15,19,196
2023-06-25,8012065,8012065,3,40,5
2023-06-25,8012065,8012086,0,20,0
2023-06-25,8012065,8087027,3,20,10
2023-06-25,8012086,8012065,3,20,12
2023-06-25,8012086,8012086,3,40,6
2023-06-25,8012086,8013385,0,20,0
2023-06-25,8012093,8010201,5,9,170
2023-06-25,8012093,8010399,7,8,150
2023-06-25,8012093,8012093,10,18,137
2023-06-25,8012108,8012108,9,32,15
2023-06-25,8012108,8012729,3,16,8
2023-06-25,8012108,8012840,3,16,15
2023-06-25,8012109,8012109,13,18,112
2023-06-25,8012109,8012143,7,9,137
2023-06-25,8012109,8012856,6,9,67
2023-06-25,8012143,8012109,7,9,97
2023-06-25,8012143,8012143,13,18,117
2023-06-25,8012143,8013072,8,9,177
2023-06-25,8012146,8012146,11,29,43
2023-06-25,8012146,8012832,2,14,41
2023-06-25,8012146,8012843,9,15,48
2023-06-25,8012262,8011681,4,9,47
2023-06-25,8012262,8012262,24,36,69
2023-06-25,8012262,8012716,13,18,68
2023-06-25,8012264,8012264,28,52,27
2023-06-25,8012264,8012321,2,8,52
2023-06-25,8012264,8012384,9,10,33
2023-06-25,8012264,8012940,14,17,39
2023-06-25,8012265,8010267,0,6,0
2023-06-25,8012265,8012265,4,12,28
2023-06-25,8012265,8012612,4,6,55
2023-06-25,8012268,8011864,11,17,65
2023-06-25,8012268,8012268,18,35,53
2023-06-25,8012268,8012902,7,18,30
2023-06-25,8012269,8010153,8,8,202
2023-06-25,8012269,8012269,10,17,104
2023-06-25,8012269,8012362,1,9,10
2023-06-25,8012274,8011592,2,8,79
2023-06-25,8012274,8011718,2,8,30
2023-06-25,8012274,8012274,4,16,58
2023-06-25,8012296,8011015,0,6,0
2023-06-25,8012296,8012296,2,12,10
2023-06-25,8012296,8012517,2,7,17
2023-06-25,8012316,8011281,4,9,87
2023-06-25,8012316,8011778,2,10,27
2023-06-25,8012316,8012316,7,19,62
2023-06-25,8012321,8010381,5,18,50
2023-06-25,8012321,8012264,1,6,5
2023-06-25,8012321,8012321,12,35,40
2023-06-25,8012321,8012384,7,11,60
2023-06-25,8012358,8011694,9,9,190
2023-06-25,8012358,8011953,4,8,172
2023-06-25,8012358,8012358,32,37,189
2023-06-25,8012358,8013352,4,8,34
2023-06-25,8012361,8013409,6,6,70
2023-06-25,8012362,8010322,1,9,-7
2023-06-25,8012362,8012269,8,8,218
2023-06-25,8012362,8012362,9,17,101
2023-06-25,8012376,8010241,9,18,30
2023-06-25,8012376,8012376,15,36,20
2023-06-25,8012376,8012758,11,18,32
2023-06-25,8012377,8010300,13,17,71
2023-06-25,8012377,8011140,11,15,80
2023-06-25,8012377,8012377,19,32,63
2023-06-25,8012384,8012264,9,11,63
2023-06-25,8012384,8012321,3,10,9
2023-06-25,8012384,8012384,14,21,56
2023-06-25,8012421,8012421,19,30,105
2023-06-25,8012421,8012555,11,15,142
2023-06-25,8012421,8013017,9,15,88
2023-06-25,8012436,8010199,8,18,20
2023-06-25,8012436,8010348,14,18,70
2023-06-25,8012436,8012436,22,36,29
2023-06-25,8012438,8012438,9,32,17
2023-06-25,8012438,8012840,4,16,15
2023-06-25,8012438,8013105,6,16,22
2023-06-25,8012474,8011442,1,8,11
2023-06-25,8012474,8011726,0,9,0
2023-06-25,8012474,8012474,1,17,7
2023-06-25,8012517,8011939,2,7,17
2023-06-25,8012517,8012296,0,6,0
2023-06-25,8012517,8012517,2,13,9
2023-06-25,8012555,8010339,8,15,116
2023-06-25,8012555,8012421,6,15,74
2023-06-25,8012555,8012555,17,30,100
2023-06-25,8012582,8010300,12,15,70
2023-06-25,8012582,8012582,20,31,63
2023-06-25,8012582,8012584,10,16,94
2023-06-25,8012583,8012584,1,15,24
2023-06-25,8012584,8012582,1,15,18
2023-06-25,8012584,8012583,5,16,66
2023-06-25,8012584,8012584,11,31,52
2023-06-25,8012609,8011031,11,17,42
2023-06-25,8012609,8011735,13,16,58
2023-06-25,8012609,8012609,24,33,41
2023-06-25,8012610,8011213,8,8,172
2023-06-25,8012610,8012610,14,16,144
2023-06-25,8012610,8013393,8,8,184
2023-06-25,8012612,8011593,4,6,50
2023-06-25,8012612,8012265,1,6,30
2023-06-25,8012612,8012612,5,12,55
2023-06-25,8012617,8011992,0,16,0
2023-06-25,8012643,8012643,5,30,20
2023-06-25,8012643,8013079,2,15,16
2023-06-25,8012643,8013354,3,15,16
2023-06-25,8012644,8010188,4,12,15
2023-06-25,8012677,8010156,12,14,208
2023-06-25,8012677,8011248,10,14,259
2023-06-25,8012677,8012677,23,28,232
2023-06-25,8012683,8010210,1,14,13
2023-06-25,8012683,8012683,7,28,34
2023-06-25,8012683,8012684,6,14,56
2023-06-25,8012684,8012683,1,14,15
2023-06-25,8012684,8012684,6,28,34
2023-06-25,8012710,8011356,12,12,368
2023-06-25,8012710,8011707,10,12,188
2023-06-25,8012710,8012710,22,24,260
2023-06-25,8012711,8011017,1,15,2
2023-06-25,8012711,8012711,15,31,73
2023-06-25,8012711,8012835,13,16,126
2023-06-25,8012716,8012262,15,18,77
2023-06-25,8012716,8012716,27,36,66
2023-06-25,8012716,8013073,15,18,70
2023-06-25,8012729,8010016,14,16,81
2023-06-25,8012729,8012108,6,16,32
2023-06-25,8012729,8012729,19,32,34
2023-06-25,8012737,8011908,2,8,49
2023-06-25,8012758,8010227,7,18,27
2023-06-25,8012758,8012376,11,18,25
2023-06-25,8012758,8012758,22,36,39
2023-06-25,8012762,8010300,1,1,120
2023-06-25,8012762,8011027,6,10,69
2023-06-25,8012762,8011611,7,9,77
2023-06-25,8012762,8011778,1,1,150
2023-06-25,8012762,8012762,14,21,77
2023-06-25,8012785,8011270,10,16,79
2023-06-25,8012785,8012785,16,31,71
2023-06-25,8012785,8079629,4,13,14
2023-06-25,8012806,8011140,11,16,92
2023-06-25,8012806,8012806,19,31,68
2023-06-25,8012824,8011326,2,15,14
2023-06-25,8012824,8011582,2,15,8
2023-06-25,8012824,8012824,4,30,12
2023-06-25,8012827,8012005,2,14,21
2023-06-25,8012827,8012827,2,29,10
2023-06-25,8012832,8010210,3,14,39
2023-06-25,8012832,8012146,9,15,40
2023-06-25,8012832,8012832,10,29,37
2023-06-25,8012835,8012711,2,15,16
2023-06-25,8012835,8012835,15,31,75
2023-06-25,8012835,8013104,13,16,116
2023-06-25,8012839,8010179,7,7,163
2023-06-25,8012839,8012839,14,14,111
2023-06-25,8012840,8012108,5,16,13
2023-06-25,8012840,8012438,4,16,17
2023-06-25,8012840,8012840,8,32,18
2023-06-25,8012841,8011729,3,15,14
2023-06-25,8012841,8012841,10,31,28
2023-06-25,8012841,8079604,6,16,39
2023-06-25,8012843,8012146,2,14,39
2023-06-25,8012856,8012002,8,9,110
2023-06-25,8012856,8012109,8,9,157
2023-06-25,8012856,8012856,16,18,120
2023-06-25,8012892,8011109,3,20,10
2023-06-25,8012892,8012892,3,40,5
2023-06-25,8012892,8017349,0,20,0
2023-06-25,8012902,8010141,5,10,15
2023-06-25,8012902,8011702,5,8,68
2023-06-25,8012902,8012268,12,17,76
2023-06-25,8012902,8012902,17,35,43
2023-06-25,8012933,8004177,11,14,283
2023-06-25,8012933,8011230,12,14,169
2023-06-25,8012933,8012933,23,28,205
2023-06-25,8012940,8010325,14,24,38
2023-06-25,8012940,8012264,11,16,41
2023-06-25,8012940,8012940,54,94,76
2023-06-25,8012940,8012951,12,23,123
2023-06-25,8012940,8012953,4,7,69
2023-06-25,8012940,8013186,8,9,240
2023-06-25,8012949,8011939,0,6,0
2023-06-25,8012949,8012949,2,13,9
2023-06-25,8012949,8013232,2,7,17
2023-06-25,8012951,8010156,8,13,351
2023-06-25,8012951,8010173,14,19,49
2023-06-25,8012951,8010325,7,9,30
2023-06-25,8012951,8012940,16,23,149
2023-06-25,8012951,8012951,48,64,128
2023-06-25,8012953,8012940,1,5,6
2023-06-25,8012953,8012953,5,16,56
2023-06-25,8012953,8012960,2,8,90
2023-06-25,8012954,8011718,2,8,86
2023-06-25,8012954,8012954,3,16,56
2023-06-25,8012954,8012960,1,8,22
2023-06-25,8012960,8012953,1,8,19
2023-06-25,8012960,8012954,2,8,90
2023-06-25,8012960,8012960,3,16,56
2023-06-25,8012962,8012962,1,40,4
2023-06-25,8012962,8079084,0,20,0
2023-06-25,8012962,8087025,1,20,8
2023-06-25,8012963,8012963,4,37,5
2023-06-25,8012963,8087025,0,20,0
2023-06-25,8012963,8087026,0,20,0
2023-06-25,8013017,8010241,11,15,102
2023-06-25,8013017,8012421,10,15,124
2023-06-25,8013017,8013017,23,30,107
2023-06-25,8013018,8010267,1,8,8
2023-06-25,8013018,8011442,1,9,3
2023-06-25,8013018,8013018,2,17,7
2023-06-25,8013040,8011797,14,16,54
2023-06-25,8013040,8011995,6,16,32
2023-06-25,8013040,8013040,20,32,34
2023-06-25,8013051,8011646,10,12,225
2023-06-25,8013051,8013051,18,24,205
2023-06-25,8013051,8013177,5,12,145
2023-06-25,8013062,8011017,15,16,150
2023-06-25,8013062,8011778,7,10,87
2023-06-25,8013062,8013062,19,31,95
2023-06-25,8013069,8010156,7,8,71
2023-06-25,8013069,8011951,7,8,165
2023-06-25,8013069,8013069,13,16,120
2023-06-25,8013072,8010273,8,9,133
2023-06-25,8013072,8012143,6,9,77
2023-06-25,8013072,8013072,13,18,133
2023-06-25,8013073,8010173,10,18,52
2023-06-25,8013073,8012716,13,18,73
2023-06-25,8013073,8013073,25,36,68
2023-06-25,8013079,8011326,6,15,26
2023-06-25,8013079,8012643,4,15,20
2023-06-25,8013079,8013079,10,30,22
2023-06-25,8013104,8010210,14,16,99
2023-06-25,8013104,8012835,3,15,20
2023-06-25,8013104,8013104,15,31,61
2023-06-25,8013105,8011797,16,16,116
2023-06-25,8013105,8012438,5,16,17
2023-06-25,8013105,8013105,18,32,47
2023-06-25,8013106,8079604,0,15,0
2023-06-25,8013131,8010179,6,7,56
2023-06-25,8013131,8011456,2,7,111
2023-06-25,8013131,8013131,4,14,77
2023-06-25,8013132,8010392,6,28,25
2023-06-25,8013132,8011108,2,26,12
2023-06-25,8013132,8013132,8,53,12
2023-06-25,8013133,8010392,0,16,0
2023-06-25,8013133,8011992,0,16,0
2023-06-25,8013133,8013133,0,32,0
2023-06-25,8013156,8013162,3,7,90
2023-06-25,8013161,8013161,3,40,4
2023-06-25,8013161,8017349,2,20,6
2023-06-25,8013161,8087027,0,20,0
2023-06-25,8013162,8011456,2,7,21
2023-06-25,8013162,8013156,5,7,133
2023-06-25,8013162,8013162,5,14,84
2023-06-25,8013177,8011356,10,12,172
2023-06-25,8013177,8013051,11,12,282
2023-06-25,8013177,8013177,20,24,224
2023-06-25,8013186,8010051,6,19,76
2023-06-25,8013186,8011215,3,8,15
2023-06-25,8013186,8012264,1,1,30
2023-06-25,8013186,8012940,8,9,53
2023-06-25,8013186,8013186,19,38,56
2023-06-25,8013232,8012949,0,6,0
2023-06-25,8013232,8013232,2,13,9
2023-06-25,8013293,8011731,6,6,95
2023-06-25,8013293,8013293,11,12,188
2023-06-25,8013293,8070946,6,6,310
2023-06-25,8013322,8011481,8,12,155
2023-06-25,8013322,8011707,12,12,262
2023-06-25,8013322,8013322,21,24,210
2023-06-25,8013339,8011889,0,19,0
2023-06-25,8013339,8013339,19,37,48
2023-06-25,8013339,8013340,9,27,30
2023-06-25,8013340,8013339,2,26,14
2023-06-25,8013340,8013340,11,53,20
2023-06-25,8013340,8013341,5,27,20
2023-06-25,8013341,8011108,8,27,23
2023-06-25,8013341,8013340,2,26,9
2023-06-25,8013341,8013341,10,53,18
2023-06-25,8013352,8012358,6,8,94
2023-06-25,8013352,8013352,10,16,47
2023-06-25,8013354,8010325,2,15,10
2023-06-25,8013354,8012643,5,15,30
2023-06-25,8013354,8013354,11,30,29
2023-06-25,8013370,8012009,1,1,120
2023-06-25,8013370,8013370,1,1,120
2023-06-25,8013373,8011481,11,12,192
2023-06-25,8013373,8013373,19,24,172
2023-06-25,8013385,8010392,0,20,0
2023-06-25,8013385,8012086,3,20,12
2023-06-25,8013385,8013385,3,40,8
2023-06-25,8013393,8010213,6,8,120
2023-06-25,8013393,8012610,4,8,109
2023-06-25,8013393,8013393,11,16,126
2023-06-25,8013409,8012361,6,6,300
2023-06-25,8013409,8013409,12,12,185
2023-06-25,8013409,8070946,3,6,25
2023-06-25,8017349,8012892,3,20,12
2023-06-25,8017349,8013161,0,20,0
2023-06-25,8017349,8017349,3,40,4
2023-06-25,8070946,8013293,5,6,60
2023-06-25,8070946,8013409,6,6,310
2023-06-25,8070946,8070946,11,12,182
2023-06-25,8079604,8012841,5,15,10
2023-06-25,8079604,8013106,3,16,34
2023-06-25,8079604,8079604,11,31,25
2023-06-25,8079629,8011735,17,17,78
2023-06-25,8079629,8012785,12,14,81
2023-06-25,8079629,8079629,22,33,35
2023-06-25,8087025,8012962,0,20,0
2023-06-25,8087025,8012963,1,20,6
2023-06-25,8087025,8087025,1,40,4
2023-06-25,8087026,8011109,0,20,0
2023-06-25,8087026,8012963,3,20,12
2023-06-25,8087026,8087026,3,40,5
2023-06-25,8087027,8012065,0,20,0
2023-06-25,8087027,8013161,3,20,10
2023-06-25,8087027,8087027,3,40,5
2023-06-26,8010016,8010016,34,36,144
2023-06-26,8010016,8011031,16,24,108
2023-06-26,8010016,8012729,13,18,118
2023-06-26,8010051,8010051,24,42,120
2023-06-26,8010051,8010153,8,10,285
2023-06-26,8010051,8010322,10,10,345
2023-06-26,8010051,8012264,1,2,270
2023-06-26,8010051,8013186,11,19,69
2023-06-26,8010141,8010141,24,38,126
2023-06-26,8010141,8011702,9,11,106
2023-06-26,8010141,8012651,4,9,160
2023-06-26,8010141,8012902,5,8,94
2023-06-26,8010153,8010051,7,10,54
2023-06-26,8010153,8010153,14,20,124
2023-06-26,8010153,8010284,12,34,78
2023-06-26,8010153,8010322,9,10,123
2023-06-26,8010153,8011215,1,1,30
2023-06-26,8010153,8012269,1,18,0
2023-06-26,8010156,8010156,53,57,145
2023-06-26,8010156,8011798,9,13,83
2023-06-26,8010156,8012009,4,4,285
2023-06-26,8010156,8012474,4,4,150
2023-06-26,8010156,8012677,13,15,134
2023-06-26,8010156,8012951,11,12,218
2023-06-26,8010156,8013069,4,10,51
2023-06-26,8010173,8010173,46,52,140
2023-06-26,8010173,8012951,22,26,211
2023-06-26,8010173,8013073,20,21,86
2023-06-26,8010173,8013370,4,5,90
2023-06-26,8010176,8010176,19,36,60
2023-06-26,8010176,8010381,15,18,115
2023-06-26,8010176,8011995,4,18,13
2023-06-26,8010179,8010179,37,42,199
2023-06-26,8010179,8011536,10,10,288
2023-06-26,8010179,8012418,8,9,173
2023-06-26,8010179,8012839,10,11,166
2023-06-26,8010179,8013131,7,11,150
2023-06-26,8010199,8010199,21,36,61
2023-06-26,8010199,8010284,10,18,80
2023-06-26,8010199,8012436,12,18,57
2023-06-26,8010201,8010201,14,20,786
2023-06-26,8010201,8010273,8,13,960
2023-06-26,8010201,8012093,7,10,273
2023-06-26,8010210,8010210,25,38,228
2023-06-26,8010210,8012683,11,17,152
2023-06-26,8010210,8012832,14,19,237
2023-06-26,8010210,8013104,13,19,279
2023-06-26,8010213,8010213,16,17,282
2023-06-26,8010213,8011689,7,8,315
2023-06-26,8010213,8013393,9,9,250
2023-06-26,8010227,8010227,23,37,87
2023-06-26,8010227,8010348,17,19,164
2023-06-26,8010227,8012758,14,19,52
2023-06-26,8010241,8010241,59,66,349
2023-06-26,8010241,8011025,12,17,674
2023-06-26,8010241,8011293,16,19,426
2023-06-26,8010241,8012376,10,18,67
2023-06-26,8010241,8012758,1,1,60
2023-06-26,8010241,8013017,15,17,210
2023-06-26,8010267,8011403,2,19,22
2023-06-26,8010267,8013018,7,17,78
2023-06-26,8010273,8010201,11,13,383
2023-06-26,8010273,8010273,41,57,396
2023-06-26,8010273,8010284,10,16,152
2023-06-26,8010273,8013072,13,18,122
2023-06-26,8010284,8010153,26,34,167
2023-06-26,8010284,8010199,10,18,53
2023-06-26,8010284,8010273,8,15,138
2023-06-26,8010284,8010284,37,68,118
2023-06-26,8010300,8010300,48,56,258
2023-06-26,8010300,8011611,12,14,356
2023-06-26,8010300,8012377,13,15,86
2023-06-26,8010300,8012582,14,17,154
2023-06-26,8010322,8010051,6,10,87
2023-06-26,8010322,8010153,7,10,57
2023-06-26,8010322,8012362,16,18,270
2023-06-26,8010325,8010325,30,63,30
2023-06-26,8010325,8012940,14,32,41
2023-06-26,8010325,8012951,9,11,49
2023-06-26,8010325,8013354,17,20,40
2023-06-26,8010339,8010241,1,1,30
2023-06-26,8010339,8010339,22,35,199
2023-06-26,8010339,8011213,15,17,258
2023-06-26,8010339,8012555,10,17,233
2023-06-26,8010348,8010153,1,1,60
2023-06-26,8010348,8010227,3,18,23
2023-06-26,8010348,8010348,34,37,93
2023-06-26,8010348,8012436,9,18,65
2023-06-26,8010381,8010176,2,18,5
2023-06-26,8010381,8012321,4,21,17
2023-06-26,8010392,8010392,4,39,31
2023-06-26,8010392,8013132,1,26,7
2023-06-26,8010392,8013133,0,18,0
2023-06-26,8010392,8013385,3,20,45
2023-06-26,8011017,8011017,29,38,309
2023-06-26,8011017,8012711,19,19,309
2023-06-26,8011017,8013062,15,19,347
2023-06-26,8011025,8010241,11,17,337
2023-06-26,8011025,8011025,23,34,514
2023-06-26,8011025,8011646,11,17,695
2023-06-26,8011027,8011027,16,21,411
2023-06-26,8011027,8011281,9,11,434
2023-06-26,8011027,8012762,8,10,414
2023-06-26,8011031,8010016,20,25,110
2023-06-26,8011031,8011031,33,49,95
2023-06-26,8011031,8012609,15,24,100
2023-06-26,8011044,8010282,4,4,158
2023-06-26,8011044,8011044,21,29,261
2023-06-26,8011044,8011438,8,10,189
2023-06-26,8011044,8012021,6,10,213
2023-06-26,8011044,8012418,1,1,120
2023-06-26,8011108,8011108,9,52,83
2023-06-26,8011108,8013132,7,27,158
2023-06-26,8011108,8013341,2,25,2
2023-06-26,8011109,8011109,4,40,33
2023-06-26,8011109,8012892,1,20,30
2023-06-26,8011109,8087026,3,20,36
2023-06-26,8011114,8012005,0,17,0
2023-06-26,8011140,8011140,24,32,112
2023-06-26,8011140,8012377,14,17,132
2023-06-26,8011140,8012806,9,15,90
2023-06-26,8011205,8010399,8,9,573
2023-06-26,8011205,8011205,20,22,854
2023-06-26,8011205,8011307,9,11,1083
2023-06-26,8011213,8010339,11,17,166
2023-06-26,8011213,8011213,31,34,240
2023-06-26,8011213,8012610,8,8,334
2023-06-26,8011213,8012839,2,2,45
2023-06-26,8011230,8011230,24,31,179
2023-06-26,8011230,8011248,14,16,227
2023-06-26,8011230,8012933,12,15,146
2023-06-26,8011248,8011230,12,15,124
2023-06-26,8011248,8011248,26,31,173
2023-06-26,8011248,8012677,12,16,210
2023-06-26,8011270,8011270,16,35,52
2023-06-26,8011270,8011729,13,17,102
2023-06-26,8011270,8012785,4,18,20
2023-06-26,8011281,8011027,6,10,324
2023-06-26,8011281,8011281,16,21,373
2023-06-26,8011281,8012316,8,11,382
2023-06-26,8011286,8011286,16,38,153
2023-06-26,8011286,8011889,12,19,298
2023-06-26,8011286,8011991,0,19,0
2023-06-26,8011293,8010241,16,19,742
2023-06-26,8011293,8011293,33,38,602
2023-06-26,8011293,8011307,9,11,589
2023-06-26,8011307,8011205,10,11,600
2023-06-26,8011307,8011293,9,11,1080
2023-06-26,8011307,8011307,20,22,841
2023-06-26,8011326,8011326,10,38,9
2023-06-26,8011326,8012824,2,19,3
2023-06-26,8011326,8013079,4,20,8
2023-06-26,8011356,8011356,25,34,548
2023-06-26,8011356,8012710,10,17,669
2023-06-26,8011356,8013177,15,17,441
2023-06-26,8011403,8010267,2,19,16
2023-06-26,8011403,8011403,4,38,35
2023-06-26,8011403,8011582,2,19,32
2023-06-26,8011438,8011044,7,10,240
2023-06-26,8011438,8011438,17,20,226
2023-06-26,8011438,8011536,8,10,192
2023-06-26,8011442,8011442,11,18,80
2023-06-26,8011442,8012474,4,9,70
2023-06-26,8011442,8013018,7,9,80
2023-06-26,8011456,8011456,8,22,72
2023-06-26,8011456,8013131,5,11,60
2023-06-26,8011456,8013162,7,11,153
2023-06-26,8011481,8011481,30,34,516
2023-06-26,8011481,8013322,17,17,406
2023-06-26,8011481,8013373,12,17,626
2023-06-26,8011536,8010179,8,10,198
2023-06-26,8011536,8011438,9,10,279
2023-06-26,8011536,8011536,19,20,238
2023-06-26,8011582,8011403,2,19,14
2023-06-26,8011582,8011582,3,38,13
2023-06-26,8011582,8012824,3,19,21
2023-06-26,8011592,8011592,4,28,18
2023-06-26,8011592,8011908,2,14,26
2023-06-26,8011592,8012274,1,16,8
2023-06-26,8011611,8010300,11,12,430
2023-06-26,8011611,8011611,22,26,412
2023-06-26,8011611,8012762,11,13,404
2023-06-26,8011646,8011025,14,17,383
2023-06-26,8011646,8011646,28,34,549
2023-06-26,8011646,8013051,13,17,658
2023-06-26,8011681,8011681,14,20,220
2023-06-26,8011681,8011994,9,10,84
2023-06-26,8011681,8012262,8,10,378
2023-06-26,8011689,5100145,6,8,278
2023-06-26,8011689,8010213,7,9,213
2023-06-26,8011689,8011689,13,17,229
2023-06-26,8011694,8011044,1,1,240
2023-06-26,8011694,8011694,27,39,242
2023-06-26,8011694,8011723,13,19,281
2023-06-26,8011694,8011953,7,9,227
2023-06-26,8011694,8012358,9,10,261
2023-06-26,8011702,8010141,4,9,160
2023-06-26,8011702,8011702,11,20,118
2023-06-26,8011702,8012902,7,11,85
2023-06-26,8011707,8011707,30,34,599
2023-06-26,8011707,8012710,17,17,639
2023-06-26,8011707,8013322,14,17,658
2023-06-26,8011718,8011718,7,32,15
2023-06-26,8011718,8012274,3,16,17
2023-06-26,8011718,8012954,6,16,24
2023-06-26,8011723,8011694,10,19,183
2023-06-26,8011723,8011723,24,38,231
2023-06-26,8011723,8012021,9,10,219
2023-06-26,8011726,8011726,12,18,65
2023-06-26,8011726,8011951,8,8,105
2023-06-26,8011726,8012474,8,9,67
2023-06-26,8011729,8011270,3,18,13
2023-06-26,8011729,8011729,15,35,47
2023-06-26,8011729,8012841,10,17,65
2023-06-26,8011731,8011731,11,12,128
2023-06-26,8011731,8013293,5,6,155
2023-06-26,8011735,8011735,44,49,126
2023-06-26,8011735,8012609,18,25,92
2023-06-26,8011735,8079629,18,24,120
2023-06-26,8011778,8011778,25,26,481
2023-06-26,8011778,8012316,9,10,483
2023-06-26,8011778,8012762,3,3,810
2023-06-26,8011778,8013062,9,10,402
2023-06-26,8011778,8013352,2,2,645
2023-06-26,8011797,8011797,36,36,127
2023-06-26,8011797,8013040,14,18,125
2023-06-26,8011797,8013105,13,18,98
2023-06-26,8011798,8010156,13,13,65
2023-06-26,8011864,8003774,14,19,79
2023-06-26,8011864,8011864,25,38,95
2023-06-26,8011864,8012268,10,19,106
2023-06-26,8011889,8011286,0,19,0
2023-06-26,8011889,8011889,15,38,152
2023-06-26,8011889,8013339,15,19,309
2023-06-26,8011908,8011592,1,14,9
2023-06-26,8011908,8011908,3,28,17
2023-06-26,8011908,8012737,2,14,26
2023-06-26,8011939,8011939,0,14,0
2023-06-26,8011939,8012517,0,7,0
2023-06-26,8011939,8012949,0,7,0
2023-06-26,8011951,8011726,8,9,117
2023-06-26,8011951,8011951,15,19,142
2023-06-26,8011951,8012474,1,1,30
2023-06-26,8011951,8013069,6,9,147
2023-06-26,8011953,8011694,7,9,343
2023-06-26,8011953,8011953,17,20,294
2023-06-26,8011953,8012358,10,10,303
2023-06-26,8011991,8011286,16,19,292
2023-06-26,8011991,8011991,15,38,145
2023-06-26,8011992,8011992,0,36,0
2023-06-26,8011992,8012617,0,18,0
2023-06-26,8011992,8013133,0,18,0
2023-06-26,8011995,8010176,14,18,107
2023-06-26,8011995,8011995,18,36,60
2023-06-26,8011995,8013040,6,18,17
2023-06-26,8012005,8011114,17,17,106
2023-06-26,8012005,8012005,7,34,42
2023-06-26,8012005,8012827,0,17,0
2023-06-26,8012009,8010156,4,5,102
2023-06-26,8012009,8012009,8,9,170
2023-06-26,8012009,8013370,4,4,262
2023-06-26,8012021,8011044,9,10,210
2023-06-26,8012021,8011723,10,10,252
2023-06-26,8012021,8012021,19,20,234
2023-06-26,8012065,8012065,4,40,34
2023-06-26,8012065,8012086,1,20,30
2023-06-26,8012065,8087027,3,20,38
2023-06-26,8012086,8012065,3,20,39
2023-06-26,8012086,8012086,4,40,33
2023-06-26,8012086,8013385,1,20,21
2023-06-26,8012093,8010201,7,10,1188
2023-06-26,8012093,8010399,8,9,653
2023-06-26,8012093,8012093,13,20,804
2023-06-26,8012108,8012108,26,36,99
2023-06-26,8012108,8012729,13,18,87
2023-06-26,8012108,8012840,13,18,100
2023-06-26,8012109,8012109,30,36,188
2023-06-26,8012109,8012143,18,18,188
2023-06-26,8012109,8012856,10,18,172
2023-06-26,8012143,8012109,13,18,200
2023-06-26,8012143,8012143,31,36,216
2023-06-26,8012143,8013072,16,18,283
2023-06-26,8012146,8012146,21,38,221
2023-06-26,8012146,8012832,9,19,223
2023-06-26,8012146,8012843,14,19,272
2023-06-26,8012262,8011681,5,10,36
2023-06-26,8012262,8012262,30,43,137
2023-06-26,8012262,8012716,17,22,199
2023-06-26,8012264,8010051,2,2,150
2023-06-26,8012264,8012264,39,58,91
2023-06-26,8012264,8012321,5,10,156
2023-06-26,8012264,8012384,9,12,65
2023-06-26,8012264,8012940,14,20,51
2023-06-26,8012268,8011864,14,19,79
2023-06-26,8012268,8012268,22,38,92
2023-06-26,8012268,8012902,8,19,90
2023-06-26,8012269,8010153,16,18,277
2023-06-26,8012269,8012269,17,36,136
2023-06-26,8012269,8012362,1,18,2
2023-06-26,8012274,8011592,3,16,26
2023-06-26,8012274,8011718,1,16,4
2023-06-26,8012274,8012274,4,32,17
2023-06-26,8012296,8012517,0,7,0
2023-06-26,8012316,8011281,8,10,420
2023-06-26,8012316,8011778,8,11,355
2023-06-26,8012316,8012316,16,21,413
2023-06-26,8012321,8010381,4,22,63
2023-06-26,8012321,8012264,3,8,45
2023-06-26,8012321,8012321,14,43,54
2023-06-26,8012321,8012384,7,13,25
2023-06-26,8012358,8011694,9,10,264
2023-06-26,8012358,8011953,8,10,312
2023-06-26,8012358,8012358,40,47,243
2023-06-26,8012358,8013352,9,11,254
2023-06-26,8012361,8013409,5,6,25
2023-06-26,8012362,8010322,16,18,52
2023-06-26,8012362,8012269,16,18,270
2023-06-26,8012362,8012362,20,36,138
2023-06-26,8012376,8010241,12,19,39
2023-06-26,8012376,8012376,22,37,60
2023-06-26,8012376,8012758,14,18,113
2023-06-26,8012377,8010300,16,17,154
2023-06-26,8012377,8011140,9,15,84
2023-06-26,8012377,8012377,23,32,108
2023-06-26,8012384,8012264,11,13,65
2023-06-26,8012384,8012321,4,12,40
2023-06-26,8012384,8012384,15,25,55
2023-06-26,8012421,8012421,29,34,233
2023-06-26,8012421,8012555,14,17,222
2023-06-26,8012421,8013017,14,17,265
2023-06-26,8012436,8010199,11,18,80
2023-06-26,8012436,8010348,17,18,112
2023-06-26,8012436,8012436,27,36,74
2023-06-26,8012438,8012438,26,36,107
2023-06-26,8012438,8012840,13,18,100
2023-06-26,8012438,8013105,13,18,113
2023-06-26,8012474,8010156,4,4,120
2023-06-26,8012474,8011442,7,9,73
2023-06-26,8012474,8011726,4,9,50
2023-06-26,8012474,8011951,1,1,210
2023-06-26,8012474,8012474,21,33,64
2023-06-26,8012474,8013018,4,7,73
2023-06-26,8012517,8011939,0,7,0
2023-06-26,8012517,8012296,0,7,0
2023-06-26,8012517,8012517,0,14,0
2023-06-26,8012555,8010339,10,17,192
2023-06-26,8012555,8012421,13,17,256
2023-06-26,8012555,8012555,27,34,226
2023-06-26,8012582,8010300,12,16,79
2023-06-26,8012582,8012582,24,33,99
2023-06-26,8012582,8012584,13,17,154
2023-06-26,8012583,8012584,1,16,15
2023-06-26,8012584,8012582,2,16,17
2023-06-26,8012584,8012583,10,17,139
2023-06-26,8012584,8012584,15,33,85
2023-06-26,8012609,8011031,16,25,84
2023-06-26,8012609,8011735,19,24,130
2023-06-26,8012609,8012609,35,49,100
2023-06-26,8012610,8011213,8,9,273
2023-06-26,8012610,8012610,15,17,291
2023-06-26,8012610,8013393,8,8,382
2023-06-26,8012617,8011992,0,18,0
2023-06-26,8012643,8012643,11,40,15
2023-06-26,8012643,8013079,3,20,8
2023-06-26,8012643,8013354,8,20,24
2023-06-26,8012677,8010156,15,16,231
2023-06-26,8012677,8011248,14,15,126
2023-06-26,8012677,8012677,26,31,175
2023-06-26,8012683,8010210,3,17,141
2023-06-26,8012683,8012683,12,34,136
2023-06-26,8012683,8012684,9,17,125
2023-06-26,8012684,8012683,4,17,152
2023-06-26,8012684,8012684,12,34,141
2023-06-26,8012710,8011356,16,17,531
2023-06-26,8012710,8011707,14,17,674
2023-06-26,8012710,8012710,27,34,654
2023-06-26,8012711,8011017,10,19,276
2023-06-26,8012711,8012711,28,38,294
2023-06-26,8012711,8012835,18,19,279
2023-06-26,8012716,8012262,17,21,67
2023-06-26,8012716,8012716,33,43,127
2023-06-26,8012716,8013073,18,22,205
2023-06-26,8012729,8010016,18,18,175
2023-06-26,8012729,8012108,16,18,133
2023-06-26,8012729,8012729,34,36,127
2023-06-26,8012737,8011908,1,14,9
2023-06-26,8012758,8010227,13,19,115
2023-06-26,8012758,8012376,14,19,47
2023-06-26,8012758,8012758,29,38,93
2023-06-26,8012762,8010300,1,1,870
2023-06-26,8012762,8011027,9,11,436
2023-06-26,8012762,8011611,9,11,455
2023-06-26,8012762,8011778,2,2,615
2023-06-26,8012762,8012762,22,26,482
2023-06-26,8012785,8011270,11,17,88
2023-06-26,8012785,8012785,21,35,68
2023-06-26,8012785,8079629,7,14,28
2023-06-26,8012806,8011140,13,16,114
2023-06-26,8012806,8012806,22,31,87
2023-06-26,8012806,8079629,4,5,114
2023-06-26,8012824,8011326,5,19,19
2023-06-26,8012824,8011582,1,19,3
2023-06-26,8012824,8012824,6,38,12
2023-06-26,8012827,8012005,7,16,69
2023-06-26,8012827,8012827,6,33,35
2023-06-26,8012832,8010210,7,19,232
2023-06-26,8012832,8012146,12,19,215
2023-06-26,8012832,8012832,18,38,216
2023-06-26,8012835,8012711,10,19,297
2023-06-26,8012835,8012835,29,38,291
2023-06-26,8012835,8013104,19,19,272
2023-06-26,8012839,8010179,10,11,161
2023-06-26,8012839,8011213,3,3,70
2023-06-26,8012839,8012839,21,22,161
2023-06-26,8012840,8012108,13,18,88
2023-06-26,8012840,8012438,13,18,112
2023-06-26,8012840,8012840,26,36,102
2023-06-26,8012841,8011729,4,18,15
2023-06-26,8012841,8012841,14,35,32
2023-06-26,8012841,8079604,9,17,49
2023-06-26,8012843,8012146,9,19,237
2023-06-26,8012856,8012002,14,18,217
2023-06-26,8012856,8012109,18,18,195
2023-06-26,8012856,8012856,31,36,186
2023-06-26,8012892,8011109,3,20,36
2023-06-26,8012892,8012892,4,40,34
2023-06-26,8012892,8017349,1,20,30
2023-06-26,8012902,8010141,6,10,72
2023-06-26,8012902,8011702,6,9,157
2023-06-26,8012902,8012268,14,19,90
2023-06-26,8012902,8012902,22,38,85
2023-06-26,8012933,8004177,13,15,128
2023-06-26,8012933,8011230,13,16,218
2023-06-26,8012933,8012933,25,31,172
2023-06-26,8012940,8010325,16,31,28
2023-06-26,8012940,8012264,16,19,178
2023-06-26,8012940,8012940,66,114,88
2023-06-26,8012940,8012951,13,25,29
2023-06-26,8012940,8012953,10,13,62
2023-06-26,8012940,8013186,9,10,126
2023-06-26,8012949,8011939,0,7,0
2023-06-26,8012949,8012949,0,14,0
2023-06-26,8012949,8013232,0,7,0
2023-06-26,8012951,8010156,8,10,45
2023-06-26,8012951,8010173,20,26,53
2023-06-26,8012951,8010325,10,12,58
2023-06-26,8012951,8012940,22,26,280
2023-06-26,8012951,8012951,58,74,133
2023-06-26,8012953,8012940,4,13,14
2023-06-26,8012953,8012953,12,32,36
2023-06-26,8012953,8012960,5,16,45
2023-06-26,8012954,8011718,5,16,34
2023-06-26,8012954,8012954,9,32,31
2023-06-26,8012954,8012960,3,16,15
2023-06-26,8012960,8012953,4,16,17
2023-06-26,8012960,8012954,5,16,45
2023-06-26,8012960,8012960,8,32,30
2023-06-26,8012962,8012962,1,40,4
2023-06-26,8012962,8079084,1,20,8
2023-06-26,8012962,8087025,0,20,0
2023-06-26,8012963,8012963,4,37,19
2023-06-26,8012963,8087025,1,20,6
2023-06-26,8012963,8087026,1,20,30
2023-06-26,8013017,8010241,15,17,259
2023-06-26,8013017,8012421,13,17,214
2023-06-26,8013017,8013017,30,34,243
2023-06-26,8013018,8010267,11,16,79
2023-06-26,8013018,8011442,5,9,77
2023-06-26,8013018,8012474,4,8,82
2023-06-26,8013018,8013018,20,33,95
2023-06-26,8013040,8011797,17,18,67
2023-06-26,8013040,8011995,13,18,102
2023-06-26,8013040,8013040,31,36,74
2023-06-26,8013051,8011646,14,17,397
2023-06-26,8013051,8013051,24,34,535
2023-06-26,8013051,8013177,12,17,678
2023-06-26,8013062,8011017,19,19,306
2023-06-26,8013062,8011778,10,11,524
2023-06-26,8013062,8013062,33,38,315
2023-06-26,8013069,8010156,8,9,180
2023-06-26,8013069,8011951,7,10,102
2023-06-26,8013069,8013069,14,19,114
2023-06-26,8013072,8010273,16,18,240
2023-06-26,8013072,8012143,13,18,157
2023-06-26,8013072,8013072,28,36,189
2023-06-26,8013073,8010173,16,22,188
2023-06-26,8013073,8012716,19,21,71
2023-06-26,8013073,8013073,35,43,140
2023-06-26,8013079,8011326,12,20,22
2023-06-26,8013079,8012643,4,20,12
2023-06-26,8013079,8013079,18,40,15
2023-06-26,8013104,8010210,16,19,251
2023-06-26,8013104,8012835,10,19,303
2023-06-26,8013104,8013104,23,38,275
2023-06-26,8013105,8011797,18,18,222
2023-06-26,8013105,8012438,13,18,103
2023-06-26,8013105,8013105,31,36,141
2023-06-26,8013106,8079604,0,18,0
2023-06-26,8013131,8010179,9,11,125
2023-06-26,8013131,8011456,7,11,136
2023-06-26,8013131,8013131,14,22,130
2023-06-26,8013132,8010392,6,28,147
2023-06-26,8013132,8011108,2,25,2
2023-06-26,8013132,8013132,6,52,78
2023-06-26,8013133,8010392,0,18,0
2023-06-26,8013133,8011992,0,18,0
2023-06-26,8013133,8013133,0,36,0
2023-06-26,8013156,8013162,4,11,95
2023-06-26,8013161,8013161,4,40,33
2023-06-26,8013161,8017349,3,20,36
2023-06-26,8013161,8087027,1,20,30
2023-06-26,8013162,8011456,2,11,22
2023-06-26,8013162,8013156,9,11,155
2023-06-26,8013162,8013162,11,22,106
2023-06-26,8013177,8011356,15,17,688
2023-06-26,8013177,8013051,15,17,441
2023-06-26,8013177,8013177,30,34,569
2023-06-26,8013186,8010051,7,19,55
2023-06-26,8013186,8011215,6,8,68
2023-06-26,8013186,8012264,1,1,60
2023-06-26,8013186,8012940,6,9,63
2023-06-26,8013186,8013186,18,38,62
2023-06-26,8013232,8012949,0,7,0
2023-06-26,8013232,8013232,0,14,0
2023-06-26,8013293,8011731,6,6,75
2023-06-26,8013293,8013293,7,12,92
2023-06-26,8013293,8070946,5,6,175
2023-06-26,8013322,8011481,14,17,644
2023-06-26,8013322,8011707,17,17,420
2023-06-26,8013322,8013322,30,34,536
2023-06-26,8013339,8011889,0,19,0
2023-06-26,8013339,8013339,17,37,139
2023-06-26,8013339,8013340,7,27,163
2023-06-26,8013340,8013339,2,25,5
2023-06-26,8013340,8013340,9,52,86
2023-06-26,8013340,8013341,6,27,156
2023-06-26,8013341,8011108,7,27,154
2023-06-26,8013341,8013340,0,25,0
2023-06-26,8013341,8013341,9,52,81
2023-06-26,8013352,8011778,2,2,300
2023-06-26,8013352,8012358,8,10,198
2023-06-26,8013352,8013352,16,21,194
2023-06-26,8013354,8010325,8,20,30
2023-06-26,8013354,8012643,9,20,20
2023-06-26,8013354,8013354,25,40,37
2023-06-26,8013370,8010173,3,4,240
2023-06-26,8013370,8012009,4,5,84
2023-06-26,8013370,8013370,7,9,150
2023-06-26,8013373,8011481,17,17,402
2023-06-26,8013373,8013373,29,34,507
2023-06-26,8013385,8010392,1,20,21
2023-06-26,8013385,8012086,3,20,42
2023-06-26,8013385,8013385,4,40,33
2023-06-26,8013393,8010213,7,8,326
2023-06-26,8013393,8012610,6,9,213
2023-06-26,8013393,8013393,16,17,281
2023-06-26,8013409,8012361,5,6,135
2023-06-26,8013409,8013409,10,12,88
2023-06-26,8013409,8070946,1,6,5
2023-06-26,8017349,8012892,3,20,38
2023-06-26,8017349,8013161,1,20,30
2023-06-26,8017349,8017349,4,40,33
2023-06-26,8070946,8013293,4,6,25
2023-06-26,8070946,8013409,5,6,155
2023-06-26,8070946,8070946,9,12,100
2023-06-26,8079604,8012841,13,18,28
2023-06-26,8079604,8013106,6,17,39
2023-06-26,8079604,8079604,22,35,34
2023-06-26,8079629,8011735,25,25,134
2023-06-26,8079629,8012785,15,15,154
2023-06-26,8079629,8012806,5,6,100
2023-06-26,8079629,8079629,45,49,108
2023-06-26,8087025,8012962,1,20,6
2023-06-26,8087025,8012963,0,20,-8
2023-06-26,8087025,8087025,1,40,-1
2023-06-26,8087026,8011109,1,20,30
2023-06-26,8087026,8012963,3,20,36
2023-06-26,8087026,8087026,4,40,33
2023-06-26,8087027,8012065,1,20,30
2023-06-26,8087027,8013161,3,20,36
2023-06-26,8087027,8087027,4,40,34
2023-06-27,8010016,8010016,35,36,188
2023-06-27,8010016,8011031,21,24,166
2023-06-27,8010016,8012729,16,18,178
2023-06-27,8010051,8010051,20,42,78
2023-06-27,8010051,8010153,8,10,69
2023-06-27,8010051,8010322,10,10,222
2023-06-27,8010051,8012264,1,2,45
2023-06-27,8010051,8013186,10,19,107
2023-06-27,8010141,8010141,23,38,90
2023-06-27,8010141,8011702,7,11,65
2023-06-27,8010141,8012651,4,9,60
2023-06-27,8010141,8012902,7,8,112
2023-06-27,8010153,8010051,4,10,30
2023-06-27,8010153,8010153,14,19,76
2023-06-27,8010153,8010284,12,34,53
2023-06-27,8010153,8010322,10,10,123
2023-06-27,8010153,8012269,1,18,2
2023-06-27,8010156,8010156,53,57,147
2023-06-27,8010156,8011798,10,13,125
2023-06-27,8010156,8012009,4,4,150
2023-06-27,8010156,8012474,2,4,98
2023-06-27,8010156,8012677,12,15,140
2023-06-27,8010156,8012951,12,12,235
2023-06-27,8010156,8013069,6,10,138
2023-06-27,8010173,8010173,45,52,88
2023-06-27,8010173,8012951,22,26,126
2023-06-27,8010173,8013073,19,21,83
2023-06-27,8010173,8013370,5,5,78
2023-06-27,8010176,8010176,15,36,96
2023-06-27,8010176,8010381,15,18,198
2023-06-27,8010176,8011995,0,18,0
2023-06-27,8010179,8010179,39,42,198
2023-06-27,8010179,8011536,9,10,249
2023-06-27,8010179,8012418,7,9,117
2023-06-27,8010179,8012839,11,11,215
2023-06-27,8010179,8013131,9,11,191
2023-06-27,8010199,8010199,20,36,45
2023-06-27,8010199,8010284,8,18,35
2023-06-27,8010199,8012436,12,18,55
2023-06-27,8010201,8010201,18,20,226
2023-06-27,8010201,8010273,11,13,201
2023-06-27,8010201,8012093,7,10,114
2023-06-27,8010210,8010210,11,38,91
2023-06-27,8010210,8012683,6,17,113
2023-06-27,8010210,8012832,7,19,36
2023-06-27,8010210,8013104,3,19,47
2023-06-27,8010213,8010213,13,17,120
2023-06-27,8010213,8011689,5,8,146
2023-06-27,8010213,8013393,7,9,93
2023-06-27,8010227,8010227,20,36,62
2023-06-27,8010227,8010348,18,18,135
2023-06-27,8010227,8012758,17,19,44
2023-06-27,8010241,8010241,50,65,89
2023-06-27,8010241,8011025,8,17,78
2023-06-27,8010241,8011293,16,19,144
2023-06-27,8010241,8012376,6,18,18
2023-06-27,8010241,8013017,15,17,124
2023-06-27,8010267,8011403,3,19,32
2023-06-27,8010267,8013018,6,17,42
2023-06-27,8010273,8010201,11,13,212
2023-06-27,8010273,8010273,39,57,214
2023-06-27,8010273,8010284,9,16,231
2023-06-27,8010273,8013072,13,18,182
2023-06-27,8010284,8010153,25,34,156
2023-06-27,8010284,8010199,11,18,57
2023-06-27,8010284,8010273,7,15,132
2023-06-27,8010284,8010284,35,68,100
2023-06-27,8010300,8010300,44,56,120
2023-06-27,8010300,8011611,9,14,92
2023-06-27,8010300,8012377,12,15,96
2023-06-27,8010300,8012582,12,17,124
2023-06-27,8010322,8010051,7,10,36
2023-06-27,8010322,8010153,8,10,69
2023-06-27,8010322,8012362,18,18,290
2023-06-27,8010325,8010325,32,63,49
2023-06-27,8010325,8012940,16,32,65
2023-06-27,8010325,8012951,8,11,44
2023-06-27,8010325,8013354,16,20,62
2023-06-27,8010339,8010339,27,34,100
2023-06-27,8010339,8011213,16,17,154
2023-06-27,8010339,8012555,10,17,90
2023-06-27,8010348,8010227,2,18,8
2023-06-27,8010348,8010348,33,36,70
2023-06-27,8010348,8012436,9,18,28
2023-06-27,8010381,8010176,0,18,0
2023-06-27,8010381,8012321,7,21,59
2023-06-27,8010392,8010392,3,39,3
2023-06-27,8010392,8013132,0,26,0
2023-06-27,8010392,8013133,0,18,0
2023-06-27,8010392,8013385,3,20,6
2023-06-27,8011017,8011017,23,38,88
2023-06-27,8011017,8012711,17,19,189
2023-06-27,8011017,8013062,19,19,39
2023-06-27,8011025,8010241,9,17,67
2023-06-27,8011025,8011025,18,34,56
2023-06-27,8011025,8011646,9,17,86
2023-06-27,8011027,8011027,9,21,54
2023-06-27,8011027,8011281,6,11,76
2023-06-27,8011027,8012762,3,10,24
2023-06-27,8011031,8010016,22,25,130
2023-06-27,8011031,8011031,42,49,137
2023-06-27,8011031,8012609,20,24,158
2023-06-27,8011044,8010282,3,4,82
2023-06-27,8011044,8011044,19,28,123
2023-06-27,8011044,8011438,9,10,126
2023-06-27,8011044,8012021,5,10,135
2023-06-27,8011108,8011108,3,52,2
2023-06-27,8011108,8013132,3,27,4
2023-06-27,8011108,8013341,0,25,0
2023-06-27,8011109,8011109,1,40,1
2023-06-27,8011109,8012892,0,20,0
2023-06-27,8011109,8087026,0,20,0
2023-06-27,8011114,8012005,0,17,0
2023-06-27,8011140,8011140,23,32,110
2023-06-27,8011140,8012377,12,17,129
2023-06-27,8011140,8012806,10,15,110
2023-06-27,8011205,8010399,8,9,153
2023-06-27,8011205,8011205,21,22,185
2023-06-27,8011205,8011307,11,11,207
2023-06-27,8011213,8010339,14,17,72
2023-06-27,8011213,8011213,32,34,142
2023-06-27,8011213,8012610,6,8,176
2023-06-27,8011213,8012839,2,2,105
2023-06-27,8011230,8011230,26,31,166
2023-06-27,8011230,8011248,14,16,169
2023-06-27,8011230,8012933,13,15,242
2023-06-27,8011248,8011230,13,15,150
2023-06-27,8011248,8011248,26,31,165
2023-06-27,8011248,8012677,13,16,169
2023-06-27,8011270,8011270,16,35,86
2023-06-27,8011270,8011729,13,17,143
2023-06-27,8011270,8012785,3,18,38
2023-06-27,8011281,8011027,0,10,0
2023-06-27,8011281,8011281,7,21,33
2023-06-27,8011281,8012316,6,11,44
2023-06-27,8011286,8011286,18,38,40
2023-06-27,8011286,8011889,10,19,60
2023-06-27,8011286,8011991,0,19,0
2023-06-27,8011293,8010241,15,19,177
2023-06-27,8011293,8011293,32,38,169
2023-06-27,8011293,8011307,9,11,136
2023-06-27,8011307,8011205,10,11,139
2023-06-27,8011307,8011293,10,11,188
2023-06-27,8011307,8011307,19,22,165
2023-06-27,8011326,8011326,17,38,52
2023-06-27,8011326,8012824,6,19,57
2023-06-27,8011326,8013079,6,20,45
2023-06-27,8011356,8011356,18,34,47
2023-06-27,8011356,8012710,5,17,34
2023-06-27,8011356,8013177,12,17,53
2023-06-27,8011403,8010267,6,19,60
2023-06-27,8011403,8011403,10,38,46
2023-06-27,8011403,8011582,4,19,32
2023-06-27,8011438,8011044,8,10,174
2023-06-27,8011438,8011438,18,20,162
2023-06-27,8011438,8011536,9,10,126
2023-06-27,8011442,8011442,12,18,132
2023-06-27,8011442,8012474,6,9,100
2023-06-27,8011442,8013018,7,9,180
2023-06-27,8011456,8011456,18,22,158
2023-06-27,8011456,8013131,9,11,139
2023-06-27,8011456,8013162,9,11,196
2023-06-27,8011481,8011481,19,34,36
2023-06-27,8011481,8013322,14,17,49
2023-06-27,8011481,8013373,5,17,23
2023-06-27,8011536,8010179,8,10,141
2023-06-27,8011536,8011438,9,10,225
2023-06-27,8011536,8011536,18,20,183
2023-06-27,8011582,8011403,5,19,52
2023-06-27,8011582,8011582,6,38,39
2023-06-27,8011582,8012824,3,19,27
2023-06-27,8011592,8011592,3,28,16
2023-06-27,8011592,8011908,1,14,51
2023-06-27,8011592,8012274,1,16,2
2023-06-27,8011611,8010300,10,12,130
2023-06-27,8011611,8011611,18,26,121
2023-06-27,8011611,8012762,9,13,111
2023-06-27,8011646,8011025,10,17,60
2023-06-27,8011646,8011646,24,34,87
2023-06-27,8011646,8013051,10,17,64
2023-06-27,8011681,8011681,12,20,64
2023-06-27,8011681,8011994,6,10,69
2023-06-27,8011681,8012262,8,10,60
2023-06-27,8011689,5100145,4,8,112
2023-06-27,8011689,8010213,5,9,67
2023-06-27,8011689,8011689,10,17,85
2023-06-27,8011694,8011694,27,38,90
2023-06-27,8011694,8011723,13,19,106
2023-06-27,8011694,8011953,5,9,30
2023-06-27,8011694,8012358,10,10,144
2023-06-27,8011702,8010141,5,9,70
2023-06-27,8011702,8011702,10,20,54
2023-06-27,8011702,8012902,7,11,63
2023-06-27,8011707,8011707,20,34,97
2023-06-27,8011707,8012710,14,17,221
2023-06-27,8011707,8013322,9,17,46
2023-06-27,8011718,8011718,3,32,12
2023-06-27,8011718,8012274,0,16,0
2023-06-27,8011718,8012954,4,16,34
2023-06-27,8011723,8011694,8,19,63
2023-06-27,8011723,8011723,21,38,82
2023-06-27,8011723,8012021,7,10,126
2023-06-27,8011726,8011726,11,18,115
2023-06-27,8011726,8011951,8,8,98
2023-06-27,8011726,8012474,6,9,143
2023-06-27,8011729,8011270,3,18,37
2023-06-27,8011729,8011729,12,35,75
2023-06-27,8011729,8012841,8,17,94
2023-06-27,8011731,8011731,10,12,175
2023-06-27,8011731,8013293,5,6,235
2023-06-27,8011735,8011735,46,49,151
2023-06-27,8011735,8012609,21,25,102
2023-06-27,8011735,8079629,20,24,170
2023-06-27,8011778,8011778,15,26,30
2023-06-27,8011778,8012316,2,10,6
2023-06-27,8011778,8012762,1,3,30
2023-06-27,8011778,8013062,5,10,39
2023-06-27,8011778,8013352,1,2,30
2023-06-27,8011797,8011797,36,36,182
2023-06-27,8011797,8013040,17,18,215
2023-06-27,8011797,8013105,14,18,173
2023-06-27,8011798,8010156,13,13,39
2023-06-27,8011864,8003774,12,19,63
2023-06-27,8011864,8011864,19,38,62
2023-06-27,8011864,8012268,7,19,55
2023-06-27,8011889,8011286,0,19,0
2023-06-27,8011889,8011889,17,38,39
2023-06-27,8011889,8013339,17,19,98
2023-06-27,8011908,8011592,2,14,11
2023-06-27,8011908,8011908,3,28,32
2023-06-27,8011908,8012737,1,14,51
2023-06-27,8011939,8011939,0,14,0
2023-06-27,8011939,8012517,0,7,0
2023-06-27,8011939,8012949,0,7,0
2023-06-27,8011951,8011726,7,9,170
2023-06-27,8011951,8011951,17,19,142
2023-06-27,8011951,8012474,0,1,0
2023-06-27,8011951,8013069,8,9,103
2023-06-27,8011953,8011694,7,9,87
2023-06-27,8011953,8011953,14,20,57
2023-06-27,8011953,8012358,7,10,90
2023-06-27,8011991,8011286,18,19,76
2023-06-27,8011991,8011991,14,38,31
2023-06-27,8011992,8011992,0,36,0
2023-06-27,8011992,8012617,0,18,0
2023-06-27,8011992,8013133,0,18,0
2023-06-27,8011995,8010176,16,18,193
2023-06-27,8011995,8011995,16,36,99
2023-06-27,8011995,8013040,5,18,8
2023-06-27,8012005,8011114,12,17,39
2023-06-27,8012005,8012005,5,34,11
2023-06-27,8012005,8012827,0,17,0
2023-06-27,8012009,8010156,5,5,84
2023-06-27,8012009,8012009,8,9,100
2023-06-27,8012009,8013370,4,4,142
2023-06-27,8012021,8011044,8,10,123
2023-06-27,8012021,8011723,10,10,153
2023-06-27,8012021,8012021,18,20,150
2023-06-27,8012065,8012065,1,40,1
2023-06-27,8012065,8012086,0,20,0
2023-06-27,8012065,8087027,1,20,2
2023-06-27,8012086,8012065,1,20,3
2023-06-27,8012086,8012086,1,40,2
2023-06-27,8012086,8013385,0,20,0
2023-06-27,8012093,8010201,7,10,270
2023-06-27,8012093,8010399,9,9,137
2023-06-27,8012093,8012093,14,20,180
2023-06-27,8012108,8012108,31,36,178
2023-06-27,8012108,8012729,14,18,167
2023-06-27,8012108,8012840,17,18,178
2023-06-27,8012109,8012109,32,36,205
2023-06-27,8012109,8012143,17,18,187
2023-06-27,8012109,8012856,13,18,200
2023-06-27,8012143,8012109,14,18,225
2023-06-27,8012143,8012143,32,36,228
2023-06-27,8012143,8013072,15,18,302
2023-06-27,8012146,8012146,9,38,19
2023-06-27,8012146,8012832,2,19,5
2023-06-27,8012146,8012843,7,19,33
2023-06-27,8012262,8011681,3,10,30
2023-06-27,8012262,8012262,25,43,69
2023-06-27,8012262,8012716,12,22,72
2023-06-27,8012264,8010051,2,2,60
2023-06-27,8012264,8012264,33,58,61
2023-06-27,8012264,8012321,3,10,9
2023-06-27,8012264,8012384,7,12,50
2023-06-27,8012264,8012940,14,20,46
2023-06-27,8012268,8011864,11,19,73
2023-06-27,8012268,8012268,18,38,66
2023-06-27,8012268,8012902,6,19,47
2023-06-27,8012269,8010153,18,18,293
2023-06-27,8012269,8012269,18,36,142
2023-06-27,8012269,8012362,0,18,0
2023-06-27,8012274,8011592,0,16,0
2023-06-27,8012274,8011718,2,16,6
2023-06-27,8012274,8012274,2,32,3
2023-06-27,8012296,8012517,0,7,0
2023-06-27,8012316,8011281,2,10,6
2023-06-27,8012316,8011778,2,11,16
2023-06-27,8012316,8012316,6,21,16
2023-06-27,8012321,8010381,3,22,8
2023-06-27,8012321,8012264,1,8,11
2023-06-27,8012321,8012321,15,43,45
2023-06-27,8012321,8012384,9,13,118
2023-06-27,8012358,8011694,9,10,156
2023-06-27,8012358,8011953,6,10,57
2023-06-27,8012358,8012358,38,47,102
2023-06-27,8012358,8013352,7,11,76
2023-06-27,8012361,8013409,6,6,40
2023-06-27,8012362,8010322,16,18,37
2023-06-27,8012362,8012269,18,18,280
2023-06-27,8012362,8012362,19,36,140
2023-06-27,8012376,8010241,12,19,49
2023-06-27,8012376,8012376,23,37,42
2023-06-27,8012376,8012758,15,18,73
2023-06-27,8012377,8010300,16,17,148
2023-06-27,8012377,8011140,12,15,108
2023-06-27,8012377,8012377,24,32,112
2023-06-27,8012384,8012264,12,13,134
2023-06-27,8012384,8012321,5,12,38
2023-06-27,8012384,8012384,17,25,91
2023-06-27,8012421,8012421,25,34,116
2023-06-27,8012421,8012555,12,17,127
2023-06-27,8012421,8013017,14,17,115
2023-06-27,8012436,8010199,10,18,45
2023-06-27,8012436,8010348,17,18,100
2023-06-27,8012436,8012436,27,36,54
2023-06-27,8012438,8012438,34,36,187
2023-06-27,8012438,8012840,16,18,178
2023-06-27,8012438,8013105,17,18,193
2023-06-27,8012474,8010156,4,4,165
2023-06-27,8012474,8011442,7,9,183
2023-06-27,8012474,8011726,6,9,107
2023-06-27,8012474,8011951,1,1,210
2023-06-27,8012474,8012474,19,33,106
2023-06-27,8012474,8013018,3,7,51
2023-06-27,8012517,8011939,0,7,0
2023-06-27,8012517,8012296,0,7,0
2023-06-27,8012517,8012517,0,14,0
2023-06-27,8012555,8010339,13,17,120
2023-06-27,8012555,8012421,11,17,104
2023-06-27,8012555,8012555,23,34,109
2023-06-27,8012582,8010300,16,16,79
2023-06-27,8012582,8012582,26,33,76
2023-06-27,8012582,8012584,12,17,127
2023-06-27,8012583,8012584,1,16,4
2023-06-27,8012584,8012582,2,16,2
2023-06-27,8012584,8012583,9,17,111
2023-06-27,8012584,8012584,14,33,66
2023-06-27,8012609,8011031,20,25,103
2023-06-27,8012609,8011735,23,24,206
2023-06-27,8012609,8012609,42,49,138
2023-06-27,8012610,8011213,9,9,127
2023-06-27,8012610,8012610,15,17,134
2023-06-27,8012610,8013393,8,8,214
2023-06-27,8012617,8011992,0,18,0
2023-06-27,8012643,8012643,16,40,37
2023-06-27,8012643,8013079,6,20,18
2023-06-27,8012643,8013354,9,20,48
2023-06-27,8012677,8010156,14,16,182
2023-06-27,8012677,8011248,11,15,146
2023-06-27,8012677,8012677,25,31,157
2023-06-27,8012683,8010210,1,17,72
2023-06-27,8012683,8012683,7,34,93
2023-06-27,8012683,8012684,6,17,109
2023-06-27,8012684,8012683,1,17,74
2023-06-27,8012684,8012684,7,34,90
2023-06-27,8012710,8011356,17,17,154
2023-06-27,8012710,8011707,7,17,39
2023-06-27,8012710,8012710,23,34,130
2023-06-27,8012711,8011017,8,19,33
2023-06-27,8012711,8012711,23,38,122
2023-06-27,8012711,8012835,16,19,167
2023-06-27,8012716,8012262,17,21,61
2023-06-27,8012716,8012716,30,43,61
2023-06-27,8012716,8013073,16,22,78
2023-06-27,8012729,8010016,18,18,255
2023-06-27,8012729,8012108,18,18,218
2023-06-27,8012729,8012729,36,36,204
2023-06-27,8012737,8011908,2,14,11
2023-06-27,8012758,8010227,16,18,85
2023-06-27,8012758,8012376,12,19,41
2023-06-27,8012758,8012758,32,37,72
2023-06-27,8012762,8010300,1,1,60
2023-06-27,8012762,8011027,7,11,95
2023-06-27,8012762,8011611,7,11,87
2023-06-27,8012762,8011778,0,2,0
2023-06-27,8012762,8012762,14,26,62
2023-06-27,8012785,8011270,11,17,131
2023-06-27,8012785,8012785,18,35,102
2023-06-27,8012785,8079629,5,14,32
2023-06-27,8012806,8011140,10,16,94
2023-06-27,8012806,8012806,19,31,98
2023-06-27,8012806,8079629,4,5,90
2023-06-27,8012824,8011326,7,19,62
2023-06-27,8012824,8011582,5,19,57
2023-06-27,8012824,8012824,11,38,49
2023-06-27,8012827,8012005,5,16,11
2023-06-27,8012827,8012827,4,33,6
2023-06-27,8012832,8010210,1,19,3
2023-06-27,8012832,8012146,7,19,33
2023-06-27,8012832,8012832,8,38,19
2023-06-27,8012835,8012711,8,19,46
2023-06-27,8012835,8012835,24,38,97
2023-06-27,8012835,8013104,16,19,164
2023-06-27,8012839,8010179,11,11,169
2023-06-27,8012839,8011213,3,3,230
2023-06-27,8012839,8012839,22,22,179
2023-06-27,8012840,8012108,17,18,172
2023-06-27,8012840,8012438,17,18,190
2023-06-27,8012840,8012840,34,36,185
2023-06-27,8012841,8011729,3,18,38
2023-06-27,8012841,8012841,11,35,51
2023-06-27,8012841,8079604,9,17,81
2023-06-27,8012843,8012146,2,19,6
2023-06-27,8012856,8012002,15,18,235
2023-06-27,8012856,8012109,18,18,197
2023-06-27,8012856,8012856,32,36,198
2023-06-27,8012892,8011109,1,20,2
2023-06-27,8012892,8012892,1,40,1
2023-06-27,8012892,8017349,0,20,0
2023-06-27,8012902,8010141,4,10,84
2023-06-27,8012902,8011702,3,9,37
2023-06-27,8012902,8012268,10,19,73
2023-06-27,8012902,8012902,14,38,58
2023-06-27,8012933,8004177,14,15,214
2023-06-27,8012933,8011230,16,16,169
2023-06-27,8012933,8012933,30,31,213
2023-06-27,8012940,8010325,16,31,38
2023-06-27,8012940,8012264,15,19,71
2023-06-27,8012940,8012940,76,114,91
2023-06-27,8012940,8012951,19,25,84
2023-06-27,8012940,8012953,9,13,62
2023-06-27,8012940,8013186,8,10,168
2023-06-27,8012949,8011939,0,7,0
2023-06-27,8012949,8012949,0,14,0
2023-06-27,8012949,8013232,0,7,0
2023-06-27,8012951,8010156,9,10,180
2023-06-27,8012951,8010173,17,26,35
2023-06-27,8012951,8010325,9,12,128
2023-06-27,8012951,8012940,23,26,183
2023-06-27,8012951,8012951,58,74,123
2023-06-27,8012953,8012940,4,13,35
2023-06-27,8012953,8012953,13,32,41
2023-06-27,8012953,8012960,4,16,34
2023-06-27,8012954,8011718,4,16,24
2023-06-27,8012954,8012954,7,32,34
2023-06-27,8012954,8012960,3,16,34
2023-06-27,8012960,8012953,3,16,30
2023-06-27,8012960,8012954,4,16,34
2023-06-27,8012960,8012960,7,32,34
2023-06-27,8012962,8012962,2,40,2
2023-06-27,8012962,8079084,0,20,0
2023-06-27,8012962,8087025,2,20,4
2023-06-27,8012963,8012963,2,37,2
2023-06-27,8012963,8087025,0,20,0
2023-06-27,8012963,8087026,0,20,0
2023-06-27,8013017,8010241,13,17,106
2023-06-27,8013017,8012421,13,17,132
2023-06-27,8013017,8013017,30,34,128
2023-06-27,8013018,8010267,11,16,111
2023-06-27,8013018,8011442,6,9,83
2023-06-27,8013018,8012474,4,8,52
2023-06-27,8013018,8013018,20,33,90
2023-06-27,8013040,8011797,15,18,50
2023-06-27,8013040,8011995,16,18,187
2023-06-27,8013040,8013040,33,36,114
2023-06-27,8013051,8011646,10,17,58
2023-06-27,8013051,8013051,20,34,50
2023-06-27,8013051,8013177,9,17,51
2023-06-27,8013062,8011017,19,19,117
2023-06-27,8013062,8011778,11,11,52
2023-06-27,8013062,8013062,36,38,62
2023-06-27,8013069,8010156,8,9,100
2023-06-27,8013069,8011951,6,10,165
2023-06-27,8013069,8013069,14,19,134
2023-06-27,8013072,8010273,17,18,292
2023-06-27,8013072,8012143,14,18,193
2023-06-27,8013072,8013072,30,36,244
2023-06-27,8013073,8010173,12,22,64
2023-06-27,8013073,8012716,18,21,60
2023-06-27,8013073,8013073,29,43,66
2023-06-27,8013079,8011326,11,20,32
2023-06-27,8013079,8012643,6,20,45
2023-06-27,8013079,8013079,18,40,35
2023-06-27,8013104,8010210,13,19,133
2023-06-27,8013104,8012835,6,19,33
2023-06-27,8013104,8013104,16,38,95
2023-06-27,8013105,8011797,18,18,310
2023-06-27,8013105,8012438,17,18,187
2023-06-27,8013105,8013105,32,36,222
2023-06-27,8013106,8079604,0,18,0
2023-06-27,8013131,8010179,11,11,153
2023-06-27,8013131,8011456,9,11,177
2023-06-27,8013131,8013131,19,22,164
2023-06-27,8013132,8010392,4,28,8
2023-06-27,8013132,8011108,0,25,0
2023-06-27,8013132,8013132,3,52,2
2023-06-27,8013133,8010392,0,18,0
2023-06-27,8013133,8011992,0,18,0
2023-06-27,8013133,8013133,0,36,0
2023-06-27,8013156,8013162,8,11,125
2023-06-27,8013161,8013161,1,40,1
2023-06-27,8013161,8017349,0,20,0
2023-06-27,8013161,8087027,0,20,0
2023-06-27,8013162,8011456,8,11,109
2023-06-27,8013162,8013156,10,11,191
2023-06-27,8013162,8013162,18,22,149
2023-06-27,8013177,8011356,11,17,55
2023-06-27,8013177,8013051,14,17,62
2023-06-27,8013177,8013177,26,34,57
2023-06-27,8013186,8010051,6,19,54
2023-06-27,8013186,8011215,6,8,64
2023-06-27,8013186,8012264,0,1,0
2023-06-27,8013186,8012940,8,9,153
2023-06-27,8013186,8013186,15,38,79
2023-06-27,8013232,8012949,0,7,0
2023-06-27,8013232,8013232,0,14,0
2023-06-27,8013293,8011731,6,6,120
2023-06-27,8013293,8013293,10,12,162
2023-06-27,8013293,8070946,4,6,295
2023-06-27,8013322,8011481,8,17,39
2023-06-27,8013322,8011707,16,17,74
2023-06-27,8013322,8013322,25,34,58
2023-06-27,8013339,8011889,0,19,0
2023-06-27,8013339,8013339,17,37,27
2023-06-27,8013339,8013340,3,27,6
2023-06-27,8013340,8013339,0,25,0
2023-06-27,8013340,8013340,3,52,3
2023-06-27,8013340,8013341,2,27,3
2023-06-27,8013341,8011108,3,27,4
2023-06-27,8013341,8013340,0,25,0
2023-06-27,8013341,8013341,3,52,2
2023-06-27,8013352,8011778,1,2,30
2023-06-27,8013352,8012358,6,10,84
2023-06-27,8013352,8013352,11,21,54
2023-06-27,8013354,8010325,8,20,39
2023-06-27,8013354,8012643,13,20,50
2023-06-27,8013354,8013354,25,40,60
2023-06-27,8013370,8010173,4,4,172
2023-06-27,8013370,8012009,4,5,60
2023-06-27,8013370,8013370,8,9,97
2023-06-27,8013373,8011481,15,17,55
2023-06-27,8013373,8013373,21,34,41
2023-06-27,8013385,8010392,0,20,0
2023-06-27,8013385,8012086,1,20,3
2023-06-27,8013385,8013385,3,40,3
2023-06-27,8013393,8010213,6,8,146
2023-06-27,8013393,8012610,7,9,67
2023-06-27,8013393,8013393,13,17,120
2023-06-27,8013409,8012361,4,6,285
2023-06-27,8013409,8013409,10,12,168
2023-06-27,8013409,8070946,2,6,10
2023-06-27,8017349,8012892,1,20,3
2023-06-27,8017349,8013161,0,20,0
2023-06-27,8017349,8017349,1,40,1
2023-06-27,8070946,8013293,5,6,30
2023-06-27,8070946,8013409,4,6,295
2023-06-27,8070946,8070946,8,12,160
2023-06-27,8079604,8012841,12,18,22
2023-06-27,8079604,8013106,5,17,72
2023-06-27,8079604,8079604,21,35,49
2023-06-27,8079629,8011735,25,25,102
2023-06-27,8079629,8012785,14,15,142
2023-06-27,8079629,8012806,5,6,180
2023-06-27,8079629,8079629,46,49,114
2023-06-27,8087025,8012962,0,20,0
2023-06-27,8087025,8012963,1,20,3
2023-06-27,8087025,8087025,2,40,2
2023-06-27,8087026,8011109,0,20,0
2023-06-27,8087026,8012963,1,20,3
2023-06-27,8087026,8087026,1,40,1
2023-06-27,8087027,8012065,0,20,0
2023-06-27,8087027,8013161,1,20,2
2023-06-27,8087027,8087027,1,40,1
2023-06-28,8010016,8010016,29,36,68
2023-06-28,8010016,8011031,12,24,45
2023-06-28,8010016,8012729,8,18,50
2023-06-28,8010051,8010051,19,42,217
2023-06-28,8010051,8010153,10,10,141
2023-06-28,8010051,8010322,10,10,699
2023-06-28,8010051,8012264,2,2,60
2023-06-28,8010051,8013186,9,19,161
2023-06-28,8010141,8010141,21,38,43
2023-06-28,8010141,8011702,8,11,38
2023-06-28,8010141,8012651,4,9,80
2023-06-28,8010141,8012902,6,8,34
2023-06-28,8010153,8010051,7,10,78
2023-06-28,8010153,8010153,17,19,133
2023-06-28,8010153,8010284,15,34,84
2023-06-28,8010153,8010322,10,10,114
2023-06-28,8010153,8012269,0,18,0
2023-06-28,8010156,8010156,53,57,236
2023-06-28,8010156,8011798,7,13,58
2023-06-28,8010156,8012009,4,4,150
2023-06-28,8010156,8012474,3,4,105
2023-06-28,8010156,8012677,12,15,200
2023-06-28,8010156,8012951,11,12,655
2023-06-28,8010156,8013069,3,10,27
2023-06-28,8010173,8010173,39,52,59
2023-06-28,8010173,8012951,17,26,66
2023-06-28,8010173,8013073,19,21,80
2023-06-28,8010173,8013370,3,5,54
2023-06-28,8010176,8010176,13,36,32
2023-06-28,8010176,8010381,9,18,65
2023-06-28,8010176,8011995,2,18,3
2023-06-28,8010179,8010179,37,42,357
2023-06-28,8010179,8011536,9,10,747
2023-06-28,8010179,8012418,9,9,160
2023-06-28,8010179,8012839,11,11,265
2023-06-28,8010179,8013131,10,11,251
2023-06-28,8010199,8010199,23,36,85
2023-06-28,8010199,8010284,10,18,60
2023-06-28,8010199,8012436,17,18,122
2023-06-28,8010201,8010201,17,20,506
2023-06-28,8010201,8010273,12,13,487
2023-06-28,8010201,8012093,6,10,255
2023-06-28,8010210,8010210,16,38,88
2023-06-28,8010210,8012683,9,17,120
2023-06-28,8010210,8012832,10,19,111
2023-06-28,8010210,8013104,5,19,62
2023-06-28,8010213,8010213,16,17,272
2023-06-28,8010213,8011689,7,8,319
2023-06-28,8010213,8013393,9,9,233
2023-06-28,8010227,8010227,21,36,96
2023-06-28,8010227,8010348,18,18,167
2023-06-28,8010227,8012758,15,19,73
2023-06-28,8010241,8010241,61,65,344
2023-06-28,8010241,8011025,14,17,406
2023-06-28,8010241,8011293,18,19,584
2023-06-28,8010241,8012376,12,18,73
2023-06-28,8010241,8013017,15,17,185
2023-06-28,8010267,8013018,4,17,23
2023-06-28,8010273,8010201,12,13,418
2023-06-28,8010273,8010273,51,57,303
2023-06-28,8010273,8010284,12,16,158
2023-06-28,8010273,8013072,16,18,157
2023-06-28,8010284,8010153,28,34,153
2023-06-28,8010284,8010199,12,18,98
2023-06-28,8010284,8010273,9,15,176
2023-06-28,8010284,8010284,45,68,120
2023-06-28,8010300,8010300,44,56,73
2023-06-28,8010300,8011611,4,14,39
2023-06-28,8010300,8012377,13,15,84
2023-06-28,8010300,8012582,13,17,90
2023-06-28,8010322,8010051,8,10,270
2023-06-28,8010322,8010153,6,10,36
2023-06-28,8010322,8012362,1,18,2
2023-06-28,8010325,8010325,30,59,51
2023-06-28,8010325,8012940,18,30,79
2023-06-28,8010325,8012951,6,11,38
2023-06-28,8010325,8013354,9,18,52
2023-06-28,8010339,8010339,28,34,191
2023-06-28,8010339,8011213,16,17,249
2023-06-28,8010339,8012555,14,17,201
2023-06-28,8010348,8010227,3,18,47
2023-06-28,8010348,8010348,36,36,113
2023-06-28,8010348,8012436,9,18,57
2023-06-28,8010381,8010176,2,18,3
2023-06-28,8010381,8012321,3,21,13
2023-06-28,8010392,8010392,3,39,28
2023-06-28,8010392,8013132,0,26,0
2023-06-28,8010392,8013133,0,18,0
2023-06-28,8010392,8013385,3,20,51
2023-06-28,8011017,8011017,24,38,138
2023-06-28,8011017,8012711,17,19,207
2023-06-28,8011017,8013062,17,19,93
2023-06-28,8011025,8010241,13,17,552
2023-06-28,8011025,8011025,28,34,495
2023-06-28,8011025,8011646,16,17,517
2023-06-28,8011027,8011027,9,21,37
2023-06-28,8011027,8011281,3,11,25
2023-06-28,8011027,8012762,5,10,48
2023-06-28,8011031,8010016,17,25,70
2023-06-28,8011031,8011031,27,49,48
2023-06-28,8011031,8012609,8,24,38
2023-06-28,8011044,8010282,4,4,202
2023-06-28,8011044,8011044,21,28,375
2023-06-28,8011044,8011438,5,10,84
2023-06-28,8011044,8012021,8,10,609
2023-06-28,8011108,8011108,7,52,36
2023-06-28,8011108,8013132,6,27,66
2023-06-28,8011108,8013341,1,25,4
2023-06-28,8011109,8011109,3,40,21
2023-06-28,8011109,8012892,0,20,0
2023-06-28,8011109,8087026,2,20,39
2023-06-28,8011114,8012005,0,17,0
2023-06-28,8011140,8011140,25,32,88
2023-06-28,8011140,8012377,13,17,86
2023-06-28,8011140,8012806,11,15,112
2023-06-28,8011205,8010399,9,9,567
2023-06-28,8011205,8011205,21,22,653
2023-06-28,8011205,8011307,10,11,611
2023-06-28,8011213,8010339,12,17,157
2023-06-28,8011213,8011213,32,34,230
2023-06-28,8011213,8012610,8,8,326
2023-06-28,8011213,8012839,1,2,45
2023-06-28,8011230,8011230,23,31,363
2023-06-28,8011230,8011248,15,16,562
2023-06-28,8011230,8012933,11,15,168
2023-06-28,8011248,8011230,8,15,158
2023-06-28,8011248,8011248,24,31,368
2023-06-28,8011248,8012677,14,16,532
2023-06-28,8011270,8011270,19,35,105
2023-06-28,8011270,8011729,15,17,161
2023-06-28,8011270,8012785,4,18,67
2023-06-28,8011281,8011027,2,10,27
2023-06-28,8011281,8011281,6,21,30
2023-06-28,8011281,8012316,5,11,27
2023-06-28,8011286,8011286,18,38,103
2023-06-28,8011286,8011889,13,19,188
2023-06-28,8011286,8011991,0,19,0
2023-06-28,8011293,8010241,17,19,559
2023-06-28,8011293,8011293,35,38,583
2023-06-28,8011293,8011307,10,11,698
2023-06-28,8011307,8011205,11,11,687
2023-06-28,8011307,8011293,10,11,605
2023-06-28,8011307,8011307,21,22,653
2023-06-28,8011356,8011356,30,34,667
2023-06-28,8011356,8012710,15,17,671
2023-06-28,8011356,8013177,15,17,743
2023-06-28,8011438,8011044,9,10,642
2023-06-28,8011438,8011438,14,20,376
2023-06-28,8011438,8011536,5,10,72
2023-06-28,8011442,8011442,10,18,77
2023-06-28,8011442,8012474,6,9,80
2023-06-28,8011442,8013018,5,9,70
2023-06-28,8011456,8011456,18,22,166
2023-06-28,8011456,8013131,11,11,180
2023-06-28,8011456,8013162,11,11,275
2023-06-28,8011481,8011481,31,34,531
2023-06-28,8011481,8013322,17,17,464
2023-06-28,8011481,8013373,14,17,626
2023-06-28,8011536,8010179,6,10,111
2023-06-28,8011536,8011438,9,10,705
2023-06-28,8011536,8011536,14,20,398
2023-06-28,8011592,8011592,7,28,48
2023-06-28,8011592,8011908,3,14,77
2023-06-28,8011592,8012274,5,16,21
2023-06-28,8011611,8010300,9,12,65
2023-06-28,8011611,8011611,19,26,69
2023-06-28,8011611,8012762,10,13,65
2023-06-28,8011646,8011025,14,17,558
2023-06-28,8011646,8011646,32,34,546
2023-06-28,8011646,8013051,14,17,466
2023-06-28,8011681,8011681,11,20,72
2023-06-28,8011681,8011994,3,10,33
2023-06-28,8011681,8012262,9,10,102
2023-06-28,8011689,5100145,7,8,270
2023-06-28,8011689,8010213,9,9,190
2023-06-28,8011689,8011689,15,17,217
2023-06-28,8011694,8011694,30,38,260
2023-06-28,8011694,8011723,17,19,204
2023-06-28,8011694,8011953,6,9,60
2023-06-28,8011694,8012358,10,10,693
2023-06-28,8011702,8010141,5,9,80
2023-06-28,8011702,8011702,7,20,45
2023-06-28,8011702,8012902,7,11,38
2023-06-28,8011707,8011707,32,34,630
2023-06-28,8011707,8012710,16,17,768
2023-06-28,8011707,8013322,17,17,642
2023-06-28,8011718,8011718,4,32,6
2023-06-28,8011718,8012274,1,16,2
2023-06-28,8011718,8012954,5,16,17
2023-06-28,8011723,8011694,9,19,294
2023-06-28,8011723,8011723,26,38,247
2023-06-28,8011723,8012021,7,10,129
2023-06-28,8011726,8011726,8,18,73
2023-06-28,8011726,8011951,8,8,101
2023-06-28,8011726,8012474,6,9,87
2023-06-28,8011729,8011270,4,18,62
2023-06-28,8011729,8011729,18,35,98
2023-06-28,8011729,8012841,8,17,106
2023-06-28,8011731,8011731,9,12,178
2023-06-28,8011731,8013293,5,6,300
2023-06-28,8011735,8011735,40,49,75
2023-06-28,8011735,8012609,18,25,56
2023-06-28,8011735,8079629,13,24,52
2023-06-28,8011778,8011778,18,26,73
2023-06-28,8011778,8012316,5,10,84
2023-06-28,8011778,8012762,2,3,30
2023-06-28,8011778,8013062,8,10,72
2023-06-28,8011778,8013352,2,2,120
2023-06-28,8011797,8011797,30,36,70
2023-06-28,8011797,8013040,9,18,65
2023-06-28,8011797,8013105,8,18,40
2023-06-28,8011798,8010156,13,13,46
2023-06-28,8011864,8003774,13,19,43
2023-06-28,8011864,8011864,20,38,55
2023-06-28,8011864,8012268,7,19,57
2023-06-28,8011889,8011286,0,19,0
2023-06-28,8011889,8011889,17,38,101
2023-06-28,8011889,8013339,17,19,218
2023-06-28,8011908,8011592,4,14,21
2023-06-28,8011908,8011908,7,28,50
2023-06-28,8011908,8012737,4,14,60
2023-06-28,8011939,8011939,0,14,0
2023-06-28,8011939,8012517,0,7,0
2023-06-28,8011939,8012949,0,7,0
2023-06-28,8011951,8011726,7,9,87
2023-06-28,8011951,8011951,15,19,82
2023-06-28,8011951,8012474,0,1,0
2023-06-28,8011951,8013069,6,9,87
2023-06-28,8011953,8011694,8,9,260
2023-06-28,8011953,8011953,18,20,153
2023-06-28,8011953,8012358,10,10,129
2023-06-28,8011991,8011286,18,19,197
2023-06-28,8011991,8011991,18,38,95
2023-06-28,8011992,8011992,0,36,0
2023-06-28,8011992,8012617,0,18,0
2023-06-28,8011992,8013133,0,18,0
2023-06-28,8011995,8010176,9,18,55
2023-06-28,8011995,8011995,10,36,29
2023-06-28,8011995,8013040,4,18,8
2023-06-28,8012005,8011114,14,17,25
2023-06-28,8012005,8012005,1,34,2
2023-06-28,8012005,8012827,0,17,0
2023-06-28,8012009,8010156,5,5,78
2023-06-28,8012009,8012009,7,9,93
2023-06-28,8012009,8013370,4,4,135
2023-06-28,8012021,8011044,6,10,96
2023-06-28,8012021,8011723,10,10,612
2023-06-28,8012021,8012021,16,20,369
2023-06-28,8012065,8012065,3,40,22
2023-06-28,8012065,8012086,0,20,0
2023-06-28,8012065,8087027,3,20,44
2023-06-28,8012086,8012065,3,20,45
2023-06-28,8012086,8012086,3,40,24
2023-06-28,8012086,8013385,0,20,0
2023-06-28,8012093,8010201,10,10,672
2023-06-28,8012093,8010399,9,9,190
2023-06-28,8012093,8012093,16,20,442
2023-06-28,8012108,8012108,16,36,39
2023-06-28,8012108,8012729,7,18,32
2023-06-28,8012108,8012840,6,18,35
2023-06-28,8012109,8012109,34,36,178
2023-06-28,8012109,8012143,18,18,195
2023-06-28,8012109,8012856,13,18,123
2023-06-28,8012143,8012109,16,18,168
2023-06-28,8012143,8012143,35,36,187
2023-06-28,8012143,8013072,18,18,233
2023-06-28,8012146,8012146,12,38,77
2023-06-28,8012146,8012832,4,19,54
2023-06-28,8012146,8012843,10,19,103
2023-06-28,8012262,8011681,2,10,15
2023-06-28,8012262,8012262,28,43,57
2023-06-28,8012262,8012716,10,22,46
2023-06-28,8012264,8010051,1,2,0
2023-06-28,8012264,8012264,36,58,56
2023-06-28,8012264,8012321,3,10,12
2023-06-28,8012264,8012384,10,12,78
2023-06-28,8012264,8012940,12,20,56
2023-06-28,8012268,8011864,13,19,49
2023-06-28,8012268,8012268,19,38,54
2023-06-28,8012268,8012902,7,19,52
2023-06-28,8012269,8010153,2,18,3
2023-06-28,8012269,8012269,1,36,0
2023-06-28,8012269,8012362,0,18,0
2023-06-28,8012274,8011592,3,16,68
2023-06-28,8012274,8011718,5,16,15
2023-06-28,8012274,8012274,8,32,31
2023-06-28,8012296,8012517,0,7,0
2023-06-28,8012316,8011281,5,10,66
2023-06-28,8012316,8011778,2,11,8
2023-06-28,8012316,8012316,10,21,50
2023-06-28,8012321,8010381,3,22,8
2023-06-28,8012321,8012264,3,8,19
2023-06-28,8012321,8012321,11,43,21
2023-06-28,8012321,8012384,6,13,28
2023-06-28,8012358,8011694,10,10,210
2023-06-28,8012358,8011953,9,10,234
2023-06-28,8012358,8012358,45,47,301
2023-06-28,8012358,8013352,10,11,532
2023-06-28,8012361,8013409,5,6,70
2023-06-28,8012362,8010322,16,18,53
2023-06-28,8012362,8012269,1,18,0
2023-06-28,8012362,8012362,3,36,2
2023-06-28,8012376,8010241,14,19,129
2023-06-28,8012376,8012376,22,37,94
2023-06-28,8012376,8012758,13,18,115
2023-06-28,8012377,8010300,12,17,90
2023-06-28,8012377,8011140,12,15,80
2023-06-28,8012377,8012377,25,32,82
2023-06-28,8012384,8012264,12,13,78
2023-06-28,8012384,8012321,6,12,48
2023-06-28,8012384,8012384,17,25,54
2023-06-28,8012421,8012421,27,34,208
2023-06-28,8012421,8012555,13,17,215
2023-06-28,8012421,8013017,14,17,221
2023-06-28,8012436,8010199,13,18,72
2023-06-28,8012436,8010348,18,18,167
2023-06-28,8012436,8012436,31,36,98
2023-06-28,8012438,8012438,17,36,46
2023-06-28,8012438,8012840,9,18,45
2023-06-28,8012438,8013105,9,18,48
2023-06-28,8012474,8010156,3,4,90
2023-06-28,8012474,8011442,5,9,87
2023-06-28,8012474,8011726,5,9,70
2023-06-28,8012474,8011951,0,1,0
2023-06-28,8012474,8012474,17,33,97
2023-06-28,8012474,8013018,3,7,120
2023-06-28,8012517,8011939,0,7,0
2023-06-28,8012517,8012296,0,7,0
2023-06-28,8012517,8012517,0,14,0
2023-06-28,8012555,8010339,13,17,198
2023-06-28,8012555,8012421,14,17,215
2023-06-28,8012555,8012555,28,34,207
2023-06-28,8012582,8010300,15,16,64
2023-06-28,8012582,8012582,26,33,58
2023-06-28,8012582,8012584,10,17,83
2023-06-28,8012583,8012584,1,16,4
2023-06-28,8012584,8012582,2,16,4
2023-06-28,8012584,8012583,9,17,65
2023-06-28,8012584,8012584,12,33,42
2023-06-28,8012609,8011031,12,25,43
2023-06-28,8012609,8011735,16,24,66
2023-06-28,8012609,8012609,28,49,49
2023-06-28,8012610,8011213,9,9,290
2023-06-28,8012610,8012610,17,17,302
2023-06-28,8012610,8013393,8,8,405
2023-06-28,8012617,8011992,0,18,0
2023-06-28,8012643,8013354,14,18,108
2023-06-28,8012677,8010156,15,16,534
2023-06-28,8012677,8011248,9,15,178
2023-06-28,8012677,8012677,27,31,364
2023-06-28,8012683,8010210,4,17,60
2023-06-28,8012683,8012683,13,34,90
2023-06-28,8012683,8012684,9,17,113
2023-06-28,8012684,8012683,4,17,69
2023-06-28,8012684,8012684,13,34,92
2023-06-28,8012710,8011356,16,17,743
2023-06-28,8012710,8011707,15,17,648
2023-06-28,8012710,8012710,31,34,717
2023-06-28,8012711,8011017,6,19,58
2023-06-28,8012711,8012711,23,38,133
2023-06-28,8012711,8012835,17,19,185
2023-06-28,8012716,8012262,17,21,66
2023-06-28,8012716,8012716,30,43,47
2023-06-28,8012716,8013073,15,22,50
2023-06-28,8012729,8010016,14,18,93
2023-06-28,8012729,8012108,10,18,63
2023-06-28,8012729,8012729,23,36,58
2023-06-28,8012737,8011908,3,14,24
2023-06-28,8012758,8010227,14,18,122
2023-06-28,8012758,8012376,14,19,92
2023-06-28,8012758,8012758,30,37,111
2023-06-28,8012762,8010300,1,1,120
2023-06-28,8012762,8011027,6,11,46
2023-06-28,8012762,8011611,9,11,79
2023-06-28,8012762,8011778,1,2,105
2023-06-28,8012762,8012762,14,26,50
2023-06-28,8012785,8011270,14,17,146
2023-06-28,8012785,8012785,18,35,111
2023-06-28,8012785,8079629,5,14,41
2023-06-28,8012806,8011140,13,16,73
2023-06-28,8012806,8012806,23,31,86
2023-06-28,8012806,8079629,4,5,90
2023-06-28,8012827,8012005,1,16,2
2023-06-28,8012827,8012827,1,33,2
2023-06-28,8012832,8010210,5,19,51
2023-06-28,8012832,8012146,8,19,99
2023-06-28,8012832,8012832,12,38,76
2023-06-28,8012835,8012711,7,19,71
2023-06-28,8012835,8012835,25,38,129
2023-06-28,8012835,8013104,17,19,172
2023-06-28,8012839,8010179,10,11,270
2023-06-28,8012839,8011213,3,3,100
2023-06-28,8012839,8012839,21,22,251
2023-06-28,8012840,8012108,9,18,38
2023-06-28,8012840,8012438,8,18,47
2023-06-28,8012840,8012840,15,36,44
2023-06-28,8012841,8011729,4,18,65
2023-06-28,8012841,8012841,10,35,66
2023-06-28,8012841,8079604,7,17,97
2023-06-28,8012843,8012146,4,19,62
2023-06-28,8012856,8012002,15,18,172
2023-06-28,8012856,8012109,18,18,225
2023-06-28,8012856,8012856,33,36,172
2023-06-28,8012892,8011109,3,20,42
2023-06-28,8012892,8012892,3,40,21
2023-06-28,8012892,8017349,0,20,0
2023-06-28,8012902,8010141,3,10,15
2023-06-28,8012902,8011702,5,9,87
2023-06-28,8012902,8012268,12,19,51
2023-06-28,8012902,8012902,21,38,51
2023-06-28,8012933,8004177,11,15,162
2023-06-28,8012933,8011230,15,16,561
2023-06-28,8012933,8012933,26,31,361
2023-06-28,8012940,8010325,13,29,34
2023-06-28,8012940,8012264,13,19,46
2023-06-28,8012940,8012940,60,110,128
2023-06-28,8012940,8012951,14,25,77
2023-06-28,8012940,8012953,7,10,72
2023-06-28,8012940,8013186,8,10,657
2023-06-28,8012949,8011939,0,7,0
2023-06-28,8012949,8012949,0,14,0
2023-06-28,8012949,8013232,0,7,0
2023-06-28,8012951,8010156,8,10,183
2023-06-28,8012951,8010173,16,26,31
2023-06-28,8012951,8010325,4,12,18
2023-06-28,8012951,8012940,22,26,351
2023-06-28,8012951,8012951,48,74,163
2023-06-28,8012953,8012940,2,10,6
2023-06-28,8012953,8012953,12,32,25
2023-06-28,8012953,8012960,6,16,32
2023-06-28,8012954,8011718,7,16,41
2023-06-28,8012954,8012954,11,32,45
2023-06-28,8012954,8012960,3,16,15
2023-06-28,8012960,8012953,3,16,11
2023-06-28,8012960,8012954,7,16,77
2023-06-28,8012960,8012960,10,32,36
2023-06-28,8012962,8012962,4,40,13
2023-06-28,8012962,8079084,2,20,21
2023-06-28,8012962,8087025,2,20,4
2023-06-28,8012963,8012963,4,37,15
2023-06-28,8012963,8087025,2,20,21
2023-06-28,8012963,8087026,0,20,0
2023-06-28,8013017,8010241,15,17,201
2023-06-28,8013017,8012421,15,17,206
2023-06-28,8013017,8013017,30,34,212
2023-06-28,8013018,8010267,7,16,56
2023-06-28,8013018,8011442,5,9,80
2023-06-28,8013018,8012474,4,8,26
2023-06-28,8013018,8013018,16,33,55
2023-06-28,8013040,8011797,13,18,50
2023-06-28,8013040,8011995,9,18,52
2023-06-28,8013040,8013040,24,36,43
2023-06-28,8013051,8011646,16,17,577
2023-06-28,8013051,8013051,30,34,553
2023-06-28,8013051,8013177,13,17,480
2023-06-28,8013062,8011017,19,19,194
2023-06-28,8013062,8011778,10,11,101
2023-06-28,8013062,8013062,34,38,129
2023-06-28,8013069,8010156,8,9,110
2023-06-28,8013069,8011951,5,10,39
2023-06-28,8013069,8013069,11,19,63
2023-06-28,8013072,8010273,18,18,193
2023-06-28,8013072,8012143,14,18,143
2023-06-28,8013072,8013072,32,36,172
2023-06-28,8013073,8010173,10,22,35
2023-06-28,8013073,8012716,17,21,61
2023-06-28,8013073,8013073,27,43,54
2023-06-28,8013104,8010210,16,19,137
2023-06-28,8013104,8012835,8,19,68
2023-06-28,8013104,8013104,18,38,106
2023-06-28,8013105,8011797,18,18,143
2023-06-28,8013105,8012438,9,18,45
2023-06-28,8013105,8013105,25,36,76
2023-06-28,8013106,8079604,0,18,0
2023-06-28,8013131,8010179,11,11,248
2023-06-28,8013131,8011456,10,11,245
2023-06-28,8013131,8013131,22,22,256
2023-06-28,8013132,8010392,5,28,57
2023-06-28,8013132,8011108,1,25,4
2023-06-28,8013132,8013132,6,52,30
2023-06-28,8013133,8010392,0,18,0
2023-06-28,8013133,8011992,0,18,0
2023-06-28,8013133,8013133,0,36,0
2023-06-28,8013156,8013162,9,11,191
2023-06-28,8013161,8013161,3,40,21
2023-06-28,8013161,8017349,2,20,39
2023-06-28,8013161,8087027,0,20,0
2023-06-28,8013162,8011456,7,11,109
2023-06-28,8013162,8013156,11,11,289
2023-06-28,8013162,8013162,20,22,228
2023-06-28,8013177,8011356,16,17,526
2023-06-28,8013177,8013051,16,17,746
2023-06-28,8013177,8013177,30,34,619
2023-06-28,8013186,8010051,3,19,300
2023-06-28,8013186,8011215,7,8,41
2023-06-28,8013186,8012264,0,1,0
2023-06-28,8013186,8012940,6,9,220
2023-06-28,8013186,8013186,10,38,231
2023-06-28,8013232,8012949,0,7,0
2023-06-28,8013232,8013232,0,14,0
2023-06-28,8013293,8011731,3,6,55
2023-06-28,8013293,8013293,8,12,168
2023-06-28,8013293,8070946,5,6,290
2023-06-28,8013322,8011481,16,17,618
2023-06-28,8013322,8011707,17,17,492
2023-06-28,8013322,8013322,34,34,565
2023-06-28,8013339,8011889,0,19,0
2023-06-28,8013339,8013339,18,37,80
2023-06-28,8013339,8013340,8,27,70
2023-06-28,8013340,8013339,1,25,5
2023-06-28,8013340,8013340,9,52,38
2023-06-28,8013340,8013341,4,27,60
2023-06-28,8013341,8011108,6,27,66
2023-06-28,8013341,8013340,1,25,2
2023-06-28,8013341,8013341,7,52,36
2023-06-28,8013352,8011778,2,2,60
2023-06-28,8013352,8012358,9,10,120
2023-06-28,8013352,8013352,18,21,296
2023-06-28,8013354,8010325,13,18,118
2023-06-28,8013354,8012643,4,18,55
2023-06-28,8013354,8013354,23,36,89
2023-06-28,8013370,8010173,4,4,128
2023-06-28,8013370,8012009,3,5,48
2023-06-28,8013370,8013370,7,9,77
2023-06-28,8013373,8011481,17,17,441
2023-06-28,8013373,8013373,30,34,530
2023-06-28,8013385,8010392,0,20,0
2023-06-28,8013385,8012086,3,20,51
2023-06-28,8013385,8013385,3,40,26
2023-06-28,8013393,8010213,7,8,319
2023-06-28,8013393,8012610,9,9,207
2023-06-28,8013393,8013393,16,17,284
2023-06-28,8013409,8012361,5,6,265
2023-06-28,8013409,8013409,10,12,165
2023-06-28,8013409,8070946,1,6,25
2023-06-28,8017349,8012892,3,20,45
2023-06-28,8017349,8013161,0,20,0
2023-06-28,8017349,8017349,3,40,21
2023-06-28,8070946,8013293,3,6,40
2023-06-28,8070946,8013409,5,6,280
2023-06-28,8070946,8070946,8,12,162
2023-06-28,8079604,8012841,12,18,22
2023-06-28,8079604,8013106,5,17,86
2023-06-28,8079604,8079604,19,35,56
2023-06-28,8079629,8011735,25,25,100
2023-06-28,8079629,8012785,14,15,136
2023-06-28,8079629,8012806,5,6,90
2023-06-28,8079629,8079629,42,49,60
2023-06-28,8087025,8012962,2,20,21
2023-06-28,8087025,8012963,1,20,-8
2023-06-28,8087025,8087025,4,40,8
2023-06-28,8087026,8011109,0,20,0
2023-06-28,8087026,8012963,3,20,45
2023-06-28,8087026,8087026,3,40,21
2023-06-28,8087027,8012065,0,20,0
2023-06-28,8087027,8013161,3,20,44
2023-06-28,8087027,8087027,3,40,22
2023-06-29,8010016,8010016,33,36,76
2023-06-29,8010016,8011031,10,24,36
2023-06-29,8010016,8012729,8,18,40
2023-06-29,8010051,8010051,19,42,69
2023-06-29,8010051,8010153,10,10,207
2023-06-29,8010051,8010322,9,10,78
2023-06-29,8010051,8012264,1,2,165
2023-06-29,8010051,8013186,6,19,30
2023-06-29,8010141,8010141,23,38,256
2023-06-29,8010141,8011702,9,11,371
2023-06-29,8010141,8012651,5,9,247
2023-06-29,8010141,8012902,5,8,199
2023-06-29,8010153,8010051,5,10,33
2023-06-29,8010153,8010153,15,19,55
2023-06-29,8010153,8010284,10,34,54
2023-06-29,8010153,8010322,10,10,129
2023-06-29,8010153,8012269,2,18,3
2023-06-29,8010156,8010156,43,57,77
2023-06-29,8010156,8011798,5,13,65
2023-06-29,8010156,8012009,4,4,248
2023-06-29,8010156,8012474,3,4,38
2023-06-29,8010156,8012677,11,15,84
2023-06-29,8010156,8012951,10,12,92
2023-06-29,8010156,8013069,1,10,-21
2023-06-29,8010173,8010173,38,52,81
2023-06-29,8010173,8012951,19,26,111
2023-06-29,8010173,8013073,16,21,64
2023-06-29,8010173,8013370,4,5,84
2023-06-29,8010176,8010176,14,36,32
2023-06-29,8010176,8010381,8,18,55
2023-06-29,8010176,8011995,3,18,12
2023-06-29,8010179,8010179,37,42,209
2023-06-29,8010179,8011536,9,10,396
2023-06-29,8010179,8012418,9,9,280
2023-06-29,8010179,8012839,9,11,104
2023-06-29,8010179,8013131,8,11,106
2023-06-29,8010199,8010199,17,36,32
2023-06-29,8010199,8010284,9,18,37
2023-06-29,8010199,8012436,12,18,33
2023-06-29,8010201,8010201,14,20,138
2023-06-29,8010201,8010273,11,13,157
2023-06-29,8010201,8012093,8,10,78
2023-06-29,8010210,8010210,28,38,91
2023-06-29,8010210,8012683,10,17,131
2023-06-29,8010210,8012832,12,19,120
2023-06-29,8010210,8013104,14,19,77
2023-06-29,8010213,8010213,14,17,206
2023-06-29,8010213,8011689,7,8,259
2023-06-29,8010213,8013393,7,9,167
2023-06-29,8010227,8010227,25,36,105
2023-06-29,8010227,8010348,17,18,145
2023-06-29,8010227,8012758,15,19,99
2023-06-29,8010241,8010241,54,65,164
2023-06-29,8010241,8011025,12,17,171
2023-06-29,8010241,8011293,17,19,189
2023-06-29,8010241,8012376,11,18,68
2023-06-29,8010241,8013017,12,17,138
2023-06-29,8010267,8013018,1,17,4
2023-06-29,8010273,8010201,8,13,138
2023-06-29,8010273,8010273,44,57,166
2023-06-29,8010273,8010284,14,16,251
2023-06-29,8010273,8013072,11,18,167
2023-06-29,8010284,8010153,27,34,163
2023-06-29,8010284,8010199,9,18,25
2023-06-29,8010284,8010273,11,15,150
2023-06-29,8010284,8010284,41,68,111
2023-06-29,8010300,8010300,46,56,130
2023-06-29,8010300,8011611,8,14,156
2023-06-29,8010300,8012377,12,15,82
2023-06-29,8010300,8012582,11,17,92
2023-06-29,8010322,8010051,6,10,33
2023-06-29,8010322,8010153,6,10,36
2023-06-29,8010322,8012362,5,18,8
2023-06-29,8010325,8010325,28,59,52
2023-06-29,8010325,8012940,18,30,90
2023-06-29,8010325,8012951,7,11,30
2023-06-29,8010325,8013354,9,18,27
2023-06-29,8010339,8010339,27,34,176
2023-06-29,8010339,8011213,15,17,205
2023-06-29,8010339,8012555,11,17,191
2023-06-29,8010348,8010227,5,18,70
2023-06-29,8010348,8010348,31,36,78
2023-06-29,8010348,8012436,6,18,37
2023-06-29,8010381,8010176,4,18,8
2023-06-29,8010381,8012321,4,21,9
2023-06-29,8010392,8010392,4,39,35
2023-06-29,8010392,8013132,0,26,0
2023-06-29,8010392,8013133,0,18,0
2023-06-29,8010392,8013385,4,20,66
2023-06-29,8011017,8011017,27,38,141
2023-06-29,8011017,8012711,18,19,197
2023-06-29,8011017,8013062,17,19,111
2023-06-29,8011025,8010241,13,17,104
2023-06-29,8011025,8011025,22,34,136
2023-06-29,8011025,8011646,12,17,171
2023-06-29,8011027,8011027,15,21,190
2023-06-29,8011027,8011281,8,11,240
2023-06-29,8011027,8012762,8,10,132
2023-06-29,8011031,8010016,22,25,88
2023-06-29,8011031,8011031,29,49,50
2023-06-29,8011031,8012609,9,24,31
2023-06-29,8011044,8010282,4,4,142
2023-06-29,8011044,8011044,22,28,291
2023-06-29,8011044,8011438,7,10,213
2023-06-29,8011044,8012021,8,10,282
2023-06-29,8011108,8011108,6,52,33
2023-06-29,8011108,8013132,6,27,64
2023-06-29,8011108,8013341,0,25,0
2023-06-29,8011109,8011109,4,40,25
2023-06-29,8011109,8012892,0,20,0
2023-06-29,8011109,8087026,4,20,45
2023-06-29,8011114,8012005,0,17,0
2023-06-29,8011140,8011140,22,32,82
2023-06-29,8011140,8012377,10,17,81
2023-06-29,8011140,8012806,11,15,98
2023-06-29,8011205,8010399,9,9,220
2023-06-29,8011205,8011205,20,22,217
2023-06-29,8011205,8011307,10,11,245
2023-06-29,8011213,8010339,10,17,166
2023-06-29,8011213,8011213,32,34,206
2023-06-29,8011213,8012610,8,8,251
2023-06-29,8011213,8012839,2,2,165
2023-06-29,8011230,8011230,23,31,110
2023-06-29,8011230,8011248,14,16,154
2023-06-29,8011230,8012933,11,15,90
2023-06-29,8011248,8011230,5,15,60
2023-06-29,8011248,8011248,19,31,109
2023-06-29,8011248,8012677,14,16,141
2023-06-29,8011270,8011270,18,35,77
2023-06-29,8011270,8011729,13,17,120
2023-06-29,8011270,8012785,5,18,47
2023-06-29,8011281,8011027,6,10,105
2023-06-29,8011281,8011281,14,21,176
2023-06-29,8011281,8012316,9,11,199
2023-06-29,8011286,8011286,18,38,94
2023-06-29,8011286,8011889,14,19,175
2023-06-29,8011286,8011991,0,19,0
2023-06-29,8011293,8010241,15,19,221
2023-06-29,8011293,8011293,34,38,209
2023-06-29,8011293,8011307,10,11,177
2023-06-29,8011307,8011205,10,11,185
2023-06-29,8011307,8011293,9,11,235
2023-06-29,8011307,8011307,19,22,215
2023-06-29,8011356,8011356,26,34,121
2023-06-29,8011356,8012710,11,17,108
2023-06-29,8011356,8013177,14,17,132
2023-06-29,8011438,8011044,8,10,318
2023-06-29,8011438,8011438,14,20,280
2023-06-29,8011438,8011536,5,10,204
2023-06-29,8011442,8011442,5,18,18
2023-06-29,8011442,8012474,3,9,20
2023-06-29,8011442,8013018,2,9,20
2023-06-29,8011456,8011456,14,22,82
2023-06-29,8011456,8013131,9,11,74
2023-06-29,8011456,8013162,9,11,123
2023-06-29,8011481,8011481,22,34,95
2023-06-29,8011481,8013322,15,17,104
2023-06-29,8011481,8013373,6,17,81
2023-06-29,8011536,8010179,6,10,219
2023-06-29,8011536,8011438,9,10,375
2023-06-29,8011536,8011536,15,20,297
2023-06-29,8011592,8011592,1,28,1
2023-06-29,8011592,8011908,2,14,6
2023-06-29,8011592,8012274,0,16,0
2023-06-29,8011611,8010300,12,12,178
2023-06-29,8011611,8011611,21,26,174
2023-06-29,8011611,8012762,9,13,208
2023-06-29,8011646,8011025,11,17,145
2023-06-29,8011646,8011646,28,34,164
2023-06-29,8011646,8013051,10,17,131
2023-06-29,8011681,8011681,12,20,90
2023-06-29,8011681,8011994,9,10,87
2023-06-29,8011681,8012262,6,10,102
2023-06-29,8011689,5100145,6,8,232
2023-06-29,8011689,8010213,5,9,133
2023-06-29,8011689,8011689,12,17,189
2023-06-29,8011694,8011694,24,38,148
2023-06-29,8011694,8011723,13,19,199
2023-06-29,8011694,8011953,6,9,50
2023-06-29,8011694,8012358,9,10,243
2023-06-29,8011702,8010141,6,9,263
2023-06-29,8011702,8011702,12,20,300
2023-06-29,8011702,8012902,10,11,357
2023-06-29,8011707,8011707,23,34,169
2023-06-29,8011707,8012710,15,17,326
2023-06-29,8011707,8013322,8,17,116
2023-06-29,8011718,8011718,13,32,31
2023-06-29,8011718,8012274,2,16,9
2023-06-29,8011718,8012954,8,16,49
2023-06-29,8011723,8011694,8,19,125
2023-06-29,8011723,8011723,21,38,162
2023-06-29,8011723,8012021,8,10,243
2023-06-29,8011726,8011726,4,18,15
2023-06-29,8011726,8011951,3,8,15
2023-06-29,8011726,8012474,4,9,23
2023-06-29,8011729,8011270,5,18,42
2023-06-29,8011729,8011729,16,35,69
2023-06-29,8011729,8012841,9,17,79
2023-06-29,8011731,8011731,11,12,130
2023-06-29,8011731,8013293,6,6,195
2023-06-29,8011735,8011735,43,49,75
2023-06-29,8011735,8012609,17,25,66
2023-06-29,8011735,8079629,15,24,42
2023-06-29,8011778,8011778,18,26,170
2023-06-29,8011778,8012316,7,10,174
2023-06-29,8011778,8012762,2,3,170
2023-06-29,8011778,8013062,7,10,135
2023-06-29,8011778,8013352,1,2,75
2023-06-29,8011797,8011797,32,36,73
2023-06-29,8011797,8013040,10,18,63
2023-06-29,8011797,8013105,8,18,38
2023-06-29,8011798,8010156,11,13,35
2023-06-29,8011864,8003774,12,19,246
2023-06-29,8011864,8011864,24,38,216
2023-06-29,8011864,8012268,11,19,171
2023-06-29,8011889,8011286,0,19,0
2023-06-29,8011889,8011889,17,38,92
2023-06-29,8011889,8013339,17,19,196
2023-06-29,8011908,8011592,0,14,0
2023-06-29,8011908,8011908,1,28,4
2023-06-29,8011908,8012737,1,14,4
2023-06-29,8011939,8011939,0,14,0
2023-06-29,8011939,8012517,0,7,0
2023-06-29,8011939,8012949,0,7,0
2023-06-29,8011951,8011726,2,9,13
2023-06-29,8011951,8011951,5,19,11
2023-06-29,8011951,8012474,0,1,0
2023-06-29,8011951,8013069,1,9,7
2023-06-29,8011953,8011694,8,9,137
2023-06-29,8011953,8011953,18,20,116
2023-06-29,8011953,8012358,9,10,156
2023-06-29,8011991,8011286,18,19,175
2023-06-29,8011991,8011991,16,38,85
2023-06-29,8011992,8011992,0,36,0
2023-06-29,8011992,8012617,0,18,0
2023-06-29,8011992,8013133,0,18,0
2023-06-29,8011995,8010176,10,18,53
2023-06-29,8011995,8011995,13,36,32
2023-06-29,8011995,8013040,8,18,22
2023-06-29,8012005,8011114,15,17,60
2023-06-29,8012005,8012005,6,34,19
2023-06-29,8012005,8012827,0,17,0
2023-06-29,8012009,8010156,3,5,66
2023-06-29,8012009,8012009,7,9,147
2023-06-29,8012009,8013370,4,4,232
2023-06-29,8012021,8011044,7,10,225
2023-06-29,8012021,8011723,10,10,276
2023-06-29,8012021,8012021,17,20,270
2023-06-29,8012065,8012065,4,40,26
2023-06-29,8012065,8012086,0,20,0
2023-06-29,8012065,8087027,4,20,51
2023-06-29,8012086,8012065,4,20,54
2023-06-29,8012086,8012086,4,40,30
2023-06-29,8012086,8013385,0,20,0
2023-06-29,8012093,8010201,8,10,162
2023-06-29,8012093,8010399,9,9,153
2023-06-29,8012093,8012093,14,20,130
2023-06-29,8012108,8012108,19,36,40
2023-06-29,8012108,8012729,8,18,35
2023-06-29,8012108,8012840,8,18,33
2023-06-29,8012109,8012109,32,36,197
2023-06-29,8012109,8012143,17,18,202
2023-06-29,8012109,8012856,14,18,150
2023-06-29,8012143,8012109,13,18,183
2023-06-29,8012143,8012143,30,36,186
2023-06-29,8012143,8013072,16,18,192
2023-06-29,8012146,8012146,18,38,99
2023-06-29,8012146,8012832,5,19,73
2023-06-29,8012146,8012843,13,19,126
2023-06-29,8012262,8011681,5,10,42
2023-06-29,8012262,8012262,30,43,81
2023-06-29,8012262,8012716,14,22,82
2023-06-29,8012264,8010051,0,2,0
2023-06-29,8012264,8012264,33,58,64
2023-06-29,8012264,8012321,3,10,18
2023-06-29,8012264,8012384,7,12,50
2023-06-29,8012264,8012940,15,20,60
2023-06-29,8012268,8011864,14,19,270
2023-06-29,8012268,8012268,22,38,221
2023-06-29,8012268,8012902,8,19,163
2023-06-29,8012269,8010153,0,18,-5
2023-06-29,8012269,8012269,3,36,0
2023-06-29,8012269,8012362,3,18,3
2023-06-29,8012274,8011592,1,16,2
2023-06-29,8012274,8011718,3,16,6
2023-06-29,8012274,8012274,3,32,4
2023-06-29,8012296,8012517,0,7,0
2023-06-29,8012316,8011281,7,10,159
2023-06-29,8012316,8011778,6,11,150
2023-06-29,8012316,8012316,13,21,171
2023-06-29,8012321,8010381,5,22,14
2023-06-29,8012321,8012264,1,8,11
2023-06-29,8012321,8012321,14,43,21
2023-06-29,8012321,8012384,8,13,37
2023-06-29,8012358,8011694,10,10,168
2023-06-29,8012358,8011953,8,10,147
2023-06-29,8012358,8012358,40,47,161
2023-06-29,8012358,8013352,9,11,128
2023-06-29,8012361,8013409,6,6,90
2023-06-29,8012362,8010322,12,18,33
2023-06-29,8012362,8012269,0,18,-5
2023-06-29,8012362,8012362,7,36,3
2023-06-29,8012376,8010241,13,19,111
2023-06-29,8012376,8012376,24,37,87
2023-06-29,8012376,8012758,16,18,108
2023-06-29,8012377,8010300,16,17,104
2023-06-29,8012377,8011140,11,15,94
2023-06-29,8012377,8012377,22,32,82
2023-06-29,8012384,8012264,9,13,46
2023-06-29,8012384,8012321,5,12,35
2023-06-29,8012384,8012384,14,25,46
2023-06-29,8012421,8012421,26,34,193
2023-06-29,8012421,8012555,13,17,191
2023-06-29,8012421,8013017,13,17,226
2023-06-29,8012436,8010199,8,18,40
2023-06-29,8012436,8010348,14,18,63
2023-06-29,8012436,8012436,22,36,38
2023-06-29,8012438,8012438,20,36,44
2023-06-29,8012438,8012840,8,18,42
2023-06-29,8012438,8013105,11,18,45
2023-06-29,8012474,8010156,3,4,60
2023-06-29,8012474,8011442,3,9,20
2023-06-29,8012474,8011726,1,9,10
2023-06-29,8012474,8011951,0,1,0
2023-06-29,8012474,8012474,6,33,11
2023-06-29,8012474,8013018,1,7,4
2023-06-29,8012517,8011939,0,7,0
2023-06-29,8012517,8012296,0,7,0
2023-06-29,8012517,8012517,0,14,0
2023-06-29,8012555,8010339,13,17,180
2023-06-29,8012555,8012421,11,17,201
2023-06-29,8012555,8012555,24,34,191
2023-06-29,8012582,8010300,13,16,47
2023-06-29,8012582,8012582,21,33,58
2023-06-29,8012582,8012584,11,17,104
2023-06-29,8012583,8012584,3,16,22
2023-06-29,8012584,8012582,2,16,0
2023-06-29,8012584,8012583,6,17,81
2023-06-29,8012584,8012584,15,33,56
2023-06-29,8012609,8011031,16,25,58
2023-06-29,8012609,8011735,19,24,64
2023-06-29,8012609,8012609,33,49,54
2023-06-29,8012610,8011213,9,9,197
2023-06-29,8012610,8012610,15,17,215
2023-06-29,8012610,8013393,8,8,289
2023-06-29,8012617,8011992,0,18,0
2023-06-29,8012643,8013354,9,18,113
2023-06-29,8012677,8010156,13,16,133
2023-06-29,8012677,8011248,7,15,62
2023-06-29,8012677,8012677,25,31,104
2023-06-29,8012683,8010210,3,17,19
2023-06-29,8012683,8012683,10,34,66
2023-06-29,8012683,8012684,8,17,111
2023-06-29,8012684,8012683,2,17,18
2023-06-29,8012684,8012684,10,34,65
2023-06-29,8012710,8011356,17,17,229
2023-06-29,8012710,8011707,14,17,111
2023-06-29,8012710,8012710,28,34,214
2023-06-29,8012711,8011017,10,19,65
2023-06-29,8012711,8012711,27,38,131
2023-06-29,8012711,8012835,18,19,172
2023-06-29,8012716,8012262,17,21,84
2023-06-29,8012716,8012716,31,43,74
2023-06-29,8012716,8013073,16,22,91
2023-06-29,8012729,8010016,16,18,102
2023-06-29,8012729,8012108,12,18,55
2023-06-29,8012729,8012729,28,36,57
2023-06-29,8012737,8011908,0,14,0
2023-06-29,8012758,8010227,16,18,122
2023-06-29,8012758,8012376,14,19,98
2023-06-29,8012758,8012758,31,37,121
2023-06-29,8012762,8010300,1,1,120
2023-06-29,8012762,8011027,8,11,254
2023-06-29,8012762,8011611,9,11,155
2023-06-29,8012762,8011778,1,2,60
2023-06-29,8012762,8012762,18,26,170
2023-06-29,8012785,8011270,11,17,108
2023-06-29,8012785,8012785,22,35,89
2023-06-29,8012785,8079629,7,14,47
2023-06-29,8012806,8011140,10,16,60
2023-06-29,8012806,8012806,19,31,63
2023-06-29,8012806,8079629,3,5,78
2023-06-29,8012827,8012005,6,16,39
2023-06-29,8012827,8012827,5,33,19
2023-06-29,8012832,8010210,8,19,81
2023-06-29,8012832,8012146,12,19,112
2023-06-29,8012832,8012832,17,38,88
2023-06-29,8012835,8012711,10,19,68
2023-06-29,8012835,8012835,25,38,115
2023-06-29,8012835,8013104,16,19,156
2023-06-29,8012839,8010179,10,11,117
2023-06-29,8012839,8011213,3,3,100
2023-06-29,8012839,8012839,19,22,102
2023-06-29,8012840,8012108,10,18,40
2023-06-29,8012840,8012438,10,18,43
2023-06-29,8012840,8012840,18,36,40
2023-06-29,8012841,8011729,5,18,42
2023-06-29,8012841,8012841,14,35,61
2023-06-29,8012841,8079604,10,17,92
2023-06-29,8012843,8012146,7,19,74
2023-06-29,8012856,8012002,16,18,207
2023-06-29,8012856,8012109,18,18,245
2023-06-29,8012856,8012856,32,36,198
2023-06-29,8012892,8011109,4,20,50
2023-06-29,8012892,8012892,4,40,25
2023-06-29,8012892,8017349,0,20,0
2023-06-29,8012902,8010141,3,10,126
2023-06-29,8012902,8011702,6,9,237
2023-06-29,8012902,8012268,16,19,283
2023-06-29,8012902,8012902,25,38,223
2023-06-29,8012933,8004177,10,15,86
2023-06-29,8012933,8011230,14,16,158
2023-06-29,8012933,8012933,21,31,124
2023-06-29,8012940,8010325,12,29,22
2023-06-29,8012940,8012264,15,19,66
2023-06-29,8012940,8012940,69,110,68
2023-06-29,8012940,8012951,17,25,48
2023-06-29,8012940,8012953,10,10,102
2023-06-29,8012940,8013186,7,10,57
2023-06-29,8012949,8011939,0,7,0
2023-06-29,8012949,8012949,0,14,0
2023-06-29,8012949,8013232,0,7,0
2023-06-29,8012951,8010156,8,10,48
2023-06-29,8012951,8010173,17,26,47
2023-06-29,8012951,8010325,8,12,78
2023-06-29,8012951,8012940,15,26,92
2023-06-29,8012951,8012951,45,74,68
2023-06-29,8012953,8012940,2,10,9
2023-06-29,8012953,8012953,13,32,42
2023-06-29,8012953,8012960,6,16,41
2023-06-29,8012954,8011718,7,16,47
2023-06-29,8012954,8012954,13,32,44
2023-06-29,8012954,8012960,7,16,43
2023-06-29,8012960,8012953,4,16,38
2023-06-29,8012960,8012954,6,16,43
2023-06-29,8012960,8012960,11,32,40
2023-06-29,8012962,8012962,3,40,8
2023-06-29,8012962,8079084,1,20,12
2023-06-29,8012962,8087025,2,20,3
2023-06-29,8012963,8012963,3,37,16
2023-06-29,8012963,8087025,1,20,10
2023-06-29,8012963,8087026,0,20,0
2023-06-29,8013017,8010241,13,17,219
2023-06-29,8013017,8012421,15,17,189
2023-06-29,8013017,8013017,28,34,202
2023-06-29,8013018,8010267,4,16,9
2023-06-29,8013018,8011442,3,9,23
2023-06-29,8013018,8012474,2,8,8
2023-06-29,8013018,8013018,8,33,15
2023-06-29,8013040,8011797,15,18,55
2023-06-29,8013040,8011995,10,18,47
2023-06-29,8013040,8013040,27,36,46
2023-06-29,8013051,8011646,15,17,134
2023-06-29,8013051,8013051,23,34,117
2023-06-29,8013051,8013177,12,17,145
2023-06-29,8013062,8011017,19,19,193
2023-06-29,8013062,8011778,11,11,199
2023-06-29,8013062,8013062,34,38,137
2023-06-29,8013069,8010156,2,9,7
2023-06-29,8013069,8011951,2,10,12
2023-06-29,8013069,8013069,4,19,8
2023-06-29,8013072,8010273,16,18,207
2023-06-29,8013072,8012143,15,18,182
2023-06-29,8013072,8013072,30,36,194
2023-06-29,8013073,8010173,11,22,74
2023-06-29,8013073,8012716,17,21,64
2023-06-29,8013073,8013073,31,43,77
2023-06-29,8013104,8010210,14,19,129
2023-06-29,8013104,8012835,8,19,62
2023-06-29,8013104,8013104,21,38,97
2023-06-29,8013105,8011797,18,18,150
2023-06-29,8013105,8012438,10,18,45
2023-06-29,8013105,8013105,26,36,75
2023-06-29,8013106,8079604,0,18,0
2023-06-29,8013131,8010179,9,11,98
2023-06-29,8013131,8011456,8,11,109
2023-06-29,8013131,8013131,17,22,102
2023-06-29,8013132,8010392,5,28,54
2023-06-29,8013132,8011108,0,25,0
2023-06-29,8013132,8013132,5,52,29
2023-06-29,8013133,8010392,0,18,0
2023-06-29,8013133,8011992,0,18,0
2023-06-29,8013133,8013133,0,36,0
2023-06-29,8013156,8013162,5,11,57
2023-06-29,8013161,8013161,4,40,31
2023-06-29,8013161,8017349,4,20,57
2023-06-29,8013161,8087027,0,20,0
2023-06-29,8013162,8011456,3,11,33
2023-06-29,8013162,8013156,9,11,125
2023-06-29,8013162,8013162,13,22,80
2023-06-29,8013177,8011356,14,17,148
2023-06-29,8013177,8013051,15,17,131
2023-06-29,8013177,8013177,29,34,152
2023-06-29,8013186,8010051,6,19,103
2023-06-29,8013186,8011215,5,8,218
2023-06-29,8013186,8012264,1,1,390
2023-06-29,8013186,8012940,5,9,20
2023-06-29,8013186,8013186,13,38,64
2023-06-29,8013232,8012949,0,7,0
2023-06-29,8013232,8013232,0,14,0
2023-06-29,8013293,8011731,5,6,70
2023-06-29,8013293,8013293,10,12,120
2023-06-29,8013293,8070946,5,6,215
2023-06-29,8013322,8011481,9,17,102
2023-06-29,8013322,8011707,16,17,129
2023-06-29,8013322,8013322,24,34,123
2023-06-29,8013339,8011889,0,19,0
2023-06-29,8013339,8013339,17,37,73
2023-06-29,8013339,8013340,7,27,69
2023-06-29,8013340,8013339,0,25,0
2023-06-29,8013340,8013340,7,52,36
2023-06-29,8013340,8013341,5,27,61
2023-06-29,8013341,8011108,6,27,64
2023-06-29,8013341,8013340,0,25,0
2023-06-29,8013341,8013341,6,52,33
2023-06-29,8013352,8011778,2,2,45
2023-06-29,8013352,8012358,9,10,105
2023-06-29,8013352,8013352,18,21,79
2023-06-29,8013354,8010325,8,18,98
2023-06-29,8013354,8012643,8,18,23
2023-06-29,8013354,8013354,18,36,72
2023-06-29,8013370,8010173,4,4,225
2023-06-29,8013370,8012009,3,5,66
2023-06-29,8013370,8013370,8,9,133
2023-06-29,8013373,8011481,16,17,115
2023-06-29,8013373,8013373,24,34,99
2023-06-29,8013385,8010392,0,20,0
2023-06-29,8013385,8012086,4,20,66
2023-06-29,8013385,8013385,4,40,33
2023-06-29,8013393,8010213,7,8,255
2023-06-29,8013393,8012610,6,9,147
2023-06-29,8013393,8013393,14,17,208
2023-06-29,8013409,8012361,5,6,195
2023-06-29,8013409,8013409,11,12,128
2023-06-29,8013409,8070946,2,6,10
2023-06-29,8017349,8012892,4,20,60
2023-06-29,8017349,8013161,0,20,0
2023-06-29,8017349,8017349,4,40,31
2023-06-29,8070946,8013293,2,6,15
2023-06-29,8070946,8013409,5,6,210
2023-06-29,8070946,8070946,7,12,118
2023-06-29,8079604,8012841,9,18,33
2023-06-29,8079604,8013106,6,17,74
2023-06-29,8079604,8079604,18,35,49
2023-06-29,8079629,8011735,25,25,107
2023-06-29,8079629,8012785,14,15,118
2023-06-29,8079629,8012806,5,6,45
2023-06-29,8079629,8079629,41,49,61
2023-06-29,8087025,8012962,1,20,12
2023-06-29,8087025,8012963,0,20,0
2023-06-29,8087025,8087025,3,40,7
2023-06-29,8087026,8011109,0,20,0
2023-06-29,8087026,8012963,4,20,54
2023-06-29,8087026,8087026,4,40,25
2023-06-29,8087027,8012065,0,20,0
2023-06-29,8087027,8013161,4,20,57
2023-06-29,8087027,8087027,4,40,26
2023-06-30,8010016,8010016,37,38,153
2023-06-30,8010016,8011031,17,25,133
2023-06-30,8010016,8012729,12,19,137
2023-06-30,8010051,8010051,32,41,314
2023-06-30,8010051,8010153,9,10,750
2023-06-30,8010051,8010322,10,10,318
2023-06-30,8010051,8012264,1,1,60
2023-06-30,8010051,8013186,13,19,90
2023-06-30,8010141,8010141,35,38,750
2023-06-30,8010141,8011702,11,11,646
2023-06-30,8010141,8012651,7,9,690
2023-06-30,8010141,8012902,7,8,998
2023-06-30,8010153,8010051,8,10,108
2023-06-30,8010153,8010153,16,19,276
2023-06-30,8010153,8010284,16,34,102
2023-06-30,8010153,8010322,10,10,216
2023-06-30,8010153,8012269,1,18,2
2023-06-30,8010156,8010156,49,57,165
2023-06-30,8010156,8011798,6,13,46
2023-06-30,8010156,8012009,4,4,285
2023-06-30,8010156,8012474,4,4,150
2023-06-30,8010156,8012677,14,15,150
2023-06-30,8010156,8012951,11,12,308
2023-06-30,8010156,8013069,5,10,75
2023-06-30,8010173,8010173,45,52,103
2023-06-30,8010173,8012951,22,26,128
2023-06-30,8010173,8013073,19,21,83
2023-06-30,8010173,8013370,4,5,126
2023-06-30,8010176,8010176,17,38,84
2023-06-30,8010176,8010381,14,19,172
2023-06-30,8010176,8011995,2,19,5
2023-06-30,8010179,8010179,40,42,452
2023-06-30,8010179,8011536,8,10,753
2023-06-30,8010179,8012418,10,10,426
2023-06-30,8010179,8012839,11,11,314
2023-06-30,8010179,8013131,9,11,295
2023-06-30,8010188,8010188,0,4,0
2023-06-30,8010188,8011015,0,1,0
2023-06-30,8010188,8011593,0,1,0
2023-06-30,8010188,8012644,0,2,0
2023-06-30,8010199,8010199,22,36,122
2023-06-30,8010199,8010284,12,18,95
2023-06-30,8010199,8012436,15,18,162
2023-06-30,8010201,8010201,13,20,150
2023-06-30,8010201,8010273,10,13,162
2023-06-30,8010201,8012093,8,10,78
2023-06-30,8010210,8010210,22,38,84
2023-06-30,8010210,8012683,10,17,94
2023-06-30,8010210,8012832,10,19,95
2023-06-30,8010210,8013104,10,19,76
2023-06-30,8010213,8010213,10,18,85
2023-06-30,8010213,8011689,5,9,120
2023-06-30,8010213,8013393,6,9,57
2023-06-30,8010227,8010227,22,36,111
2023-06-30,8010227,8010348,16,18,155
2023-06-30,8010227,8012758,16,19,109
2023-06-30,8010241,8010241,52,66,120
2023-06-30,8010241,8011025,11,17,159
2023-06-30,8010241,8011293,15,19,142
2023-06-30,8010241,8012376,12,18,68
2023-06-30,8010241,8013017,13,18,107
2023-06-30,8010267,8012265,0,1,0
2023-06-30,8010267,8013018,2,17,12
2023-06-30,8010273,8010201,7,13,111
2023-06-30,8010273,8010273,36,57,127
2023-06-30,8010273,8010284,8,16,109
2023-06-30,8010273,8013072,15,18,123
2023-06-30,8010284,8010153,26,34,130
2023-06-30,8010284,8010199,13,18,158
2023-06-30,8010284,8010273,7,15,96
2023-06-30,8010284,8010284,40,68,110
2023-06-30,8010300,8010300,49,57,121
2023-06-30,8010300,8011611,12,14,141
2023-06-30,8010300,8012377,13,15,88
2023-06-30,8010300,8012582,14,17,111
2023-06-30,8010322,8010051,5,9,70
2023-06-30,8010322,8010153,7,10,162
2023-06-30,8010322,8012362,3,18,8
2023-06-30,8010325,8010325,26,59,51
2023-06-30,8010325,8012940,10,30,58
2023-06-30,8010325,8012951,8,11,30
2023-06-30,8010325,8013354,10,18,65
2023-06-30,8010339,8010339,21,35,93
2023-06-30,8010339,8011213,14,18,137
2023-06-30,8010339,8012555,9,17,99
2023-06-30,8010348,8010227,5,18,78
2023-06-30,8010348,8010348,32,36,133
2023-06-30,8010348,8012436,10,18,93
2023-06-30,8010381,8010176,1,19,2
2023-06-30,8010381,8012321,4,21,10
2023-06-30,8010392,8010392,2,39,18
2023-06-30,8010392,8013132,0,26,0
2023-06-30,8010392,8013133,0,18,0
2023-06-30,8010392,8013385,2,20,34
2023-06-30,8011015,8010188,0,1,0
2023-06-30,8011015,8011015,0,2,0
2023-06-30,8011015,8012296,0,1,0
2023-06-30,8011017,8011017,26,38,123
2023-06-30,8011017,8012711,19,19,182
2023-06-30,8011017,8013062,19,19,84
2023-06-30,8011025,8010241,7,17,49
2023-06-30,8011025,8011025,14,34,107
2023-06-30,8011025,8011646,8,17,184
2023-06-30,8011027,8011027,15,21,121
2023-06-30,8011027,8011281,8,11,164
2023-06-30,8011027,8012762,5,10,87
2023-06-30,8011031,8010016,25,26,103
2023-06-30,8011031,8011031,38,51,105
2023-06-30,8011031,8012609,14,25,119
2023-06-30,8011044,8010282,5,5,240
2023-06-30,8011044,8011044,26,29,607
2023-06-30,8011044,8011438,10,10,447
2023-06-30,8011044,8012021,8,10,678
2023-06-30,8011108,8011108,8,52,26
2023-06-30,8011108,8013132,6,27,48
2023-06-30,8011108,8013341,2,25,2
2023-06-30,8011109,8011109,2,40,13
2023-06-30,8011109,8012892,0,20,0
2023-06-30,8011109,8087026,2,20,24
2023-06-30,8011114,8012005,0,17,0
2023-06-30,8011140,8011140,28,32,101
2023-06-30,8011140,8012377,15,17,116
2023-06-30,8011140,8012806,13,15,106
2023-06-30,8011205,8010399,10,10,147
2023-06-30,8011205,8011205,21,23,263
2023-06-30,8011205,8011307,11,12,355
2023-06-30,8011213,8010339,9,17,65
2023-06-30,8011213,8011213,29,35,127
2023-06-30,8011213,8012610,6,9,120
2023-06-30,8011213,8012839,2,2,30
2023-06-30,8011230,8011230,21,31,228
2023-06-30,8011230,8011248,13,16,281
2023-06-30,8011230,8012933,11,15,224
2023-06-30,8011248,8011230,11,15,132
2023-06-30,8011248,8011248,26,31,206
2023-06-30,8011248,8012677,12,16,268
2023-06-30,8011270,8011270,20,37,79
2023-06-30,8011270,8011729,15,18,133
2023-06-30,8011270,8012785,5,19,38
2023-06-30,8011281,8011027,3,10,54
2023-06-30,8011281,8011281,11,21,109
2023-06-30,8011281,8012316,6,11,134
2023-06-30,8011286,8011286,17,38,81
2023-06-30,8011286,8011889,12,19,147
2023-06-30,8011286,8011991,0,19,0
2023-06-30,8011293,8010241,15,20,262
2023-06-30,8011293,8011293,33,39,218
2023-06-30,8011293,8011307,10,11,147
2023-06-30,8011307,8011205,10,11,153
2023-06-30,8011307,8011293,11,12,352
2023-06-30,8011307,8011307,21,23,258
2023-06-30,8011356,8011356,20,34,161
2023-06-30,8011356,8012710,9,17,198
2023-06-30,8011356,8013177,12,17,127
2023-06-30,8011438,8011044,8,10,699
2023-06-30,8011438,8011438,18,20,580
2023-06-30,8011438,8011536,10,10,435
2023-06-30,8011442,8011442,6,18,90
2023-06-30,8011442,8012474,5,9,40
2023-06-30,8011442,8013018,3,9,153
2023-06-30,8011456,8011456,16,22,239
2023-06-30,8011456,8013131,10,11,202
2023-06-30,8011456,8013162,9,11,308
2023-06-30,8011481,8011481,23,34,146
2023-06-30,8011481,8013322,16,17,157
2023-06-30,8011481,8013373,8,17,155
2023-06-30,8011536,8010179,10,10,447
2023-06-30,8011536,8011438,8,10,747
2023-06-30,8011536,8011536,18,20,594
2023-06-30,8011592,8011592,2,28,4
2023-06-30,8011592,8011908,1,14,9
2023-06-30,8011592,8012274,1,16,2
2023-06-30,8011593,8010188,0,1,0
2023-06-30,8011593,8011593,0,2,0
2023-06-30,8011593,8012612,0,1,0
2023-06-30,8011611,8010300,8,13,108
2023-06-30,8011611,8011611,20,27,137
2023-06-30,8011611,8012762,12,13,166
2023-06-30,8011646,8011025,10,17,92
2023-06-30,8011646,8011646,19,34,144
2023-06-30,8011646,8013051,9,17,166
2023-06-30,8011681,8011681,16,20,111
2023-06-30,8011681,8011994,7,10,93
2023-06-30,8011681,8012262,9,10,147
2023-06-30,8011689,5100145,4,9,87
2023-06-30,8011689,8010213,4,9,37
2023-06-30,8011689,8011689,9,18,65
2023-06-30,8011694,8011694,24,38,369
2023-06-30,8011694,8011723,14,19,338
2023-06-30,8011694,8011953,5,9,150
2023-06-30,8011694,8012358,8,10,741
2023-06-30,8011702,8010141,6,9,627
2023-06-30,8011702,8011702,16,20,591
2023-06-30,8011702,8012902,10,11,611
2023-06-30,8011707,8011707,22,34,231
2023-06-30,8011707,8012710,15,17,321
2023-06-30,8011707,8013322,8,17,201
2023-06-30,8011718,8011718,12,32,31
2023-06-30,8011718,8012274,3,16,15
2023-06-30,8011718,8012954,7,16,51
2023-06-30,8011723,8011694,9,19,376
2023-06-30,8011723,8011723,22,38,355
2023-06-30,8011723,8012021,9,10,423
2023-06-30,8011726,8011726,10,18,113
2023-06-30,8011726,8011951,6,8,56
2023-06-30,8011726,8012474,4,9,173
2023-06-30,8011729,8011270,5,19,36
2023-06-30,8011729,8011729,19,37,71
2023-06-30,8011729,8012841,9,18,80
2023-06-30,8011731,8011731,9,12,80
2023-06-30,8011731,8013293,5,6,105
2023-06-30,8011735,8011735,51,51,124
2023-06-30,8011735,8012609,20,26,80
2023-06-30,8011735,8079629,23,25,133
2023-06-30,8011778,8011778,17,27,127
2023-06-30,8011778,8012316,6,10,120
2023-06-30,8011778,8012762,2,4,68
2023-06-30,8011778,8013062,9,10,156
2023-06-30,8011778,8013352,2,2,30
2023-06-30,8011797,8011797,38,38,161
2023-06-30,8011797,8013040,16,19,174
2023-06-30,8011797,8013105,9,19,141
2023-06-30,8011798,8010156,12,13,46
2023-06-30,8011864,8003774,17,19,662
2023-06-30,8011864,8011864,34,38,570
2023-06-30,8011864,8012268,17,19,459
2023-06-30,8011889,8011286,0,19,0
2023-06-30,8011889,8011889,17,38,81
2023-06-30,8011889,8013339,17,19,177
2023-06-30,8011908,8011592,0,14,0
2023-06-30,8011908,8011908,1,28,4
2023-06-30,8011908,8012737,1,14,6
2023-06-30,8011939,8011939,0,14,0
2023-06-30,8011939,8012517,0,7,0
2023-06-30,8011939,8012949,0,7,0
2023-06-30,8011951,8011726,7,9,143
2023-06-30,8011951,8011951,11,19,81
2023-06-30,8011951,8012474,0,1,0
2023-06-30,8011951,8013069,3,9,60
2023-06-30,8011953,8011694,7,9,240
2023-06-30,8011953,8011953,15,20,183
2023-06-30,8011953,8012358,8,10,168
2023-06-30,8011991,8011286,17,19,156
2023-06-30,8011991,8011991,12,38,73
2023-06-30,8011992,8011992,0,36,0
2023-06-30,8011992,8012617,0,18,0
2023-06-30,8011992,8013133,0,18,0
2023-06-30,8011995,8010176,13,19,161
2023-06-30,8011995,8011995,15,38,84
2023-06-30,8011995,8013040,7,19,14
2023-06-30,8012005,8011114,15,17,34
2023-06-30,8012005,8012005,2,34,4
2023-06-30,8012005,8012827,0,17,0
2023-06-30,8012009,8010156,4,5,96
2023-06-30,8012009,8012009,8,9,173
2023-06-30,8012009,8013370,4,4,262
2023-06-30,8012021,8011044,9,10,444
2023-06-30,8012021,8011723,10,10,696
2023-06-30,8012021,8012021,19,20,576
2023-06-30,8012065,8012065,2,40,14
2023-06-30,8012065,8012086,0,20,0
2023-06-30,8012065,8087027,2,20,27
2023-06-30,8012086,8012065,2,20,27
2023-06-30,8012086,8012086,2,40,15
2023-06-30,8012086,8013385,0,20,0
2023-06-30,8012093,8010201,8,10,231
2023-06-30,8012093,8010399,9,9,113
2023-06-30,8012093,8012093,15,20,162
2023-06-30,8012108,8012108,21,38,137
2023-06-30,8012108,8012729,9,19,137
2023-06-30,8012108,8012840,10,19,133
2023-06-30,8012109,8012109,33,36,143
2023-06-30,8012109,8012143,17,18,157
2023-06-30,8012109,8012856,12,18,115
2023-06-30,8012143,8012109,16,18,145
2023-06-30,8012143,8012143,33,36,171
2023-06-30,8012143,8013072,16,18,240
2023-06-30,8012146,8012146,17,38,81
2023-06-30,8012146,8012832,6,19,69
2023-06-30,8012146,8012843,11,19,98
2023-06-30,8012262,8011681,7,10,57
2023-06-30,8012262,8012262,31,43,87
2023-06-30,8012262,8012716,13,22,95
2023-06-30,8012264,8010051,1,2,45
2023-06-30,8012264,8012264,42,59,64
2023-06-30,8012264,8012321,4,10,12
2023-06-30,8012264,8012384,10,12,65
2023-06-30,8012264,8012940,18,20,52
2023-06-30,8012265,8010267,0,1,0
2023-06-30,8012265,8012265,0,2,0
2023-06-30,8012265,8012612,0,1,0
2023-06-30,8012268,8011864,18,19,685
2023-06-30,8012268,8012268,35,38,613
2023-06-30,8012268,8012902,17,19,513
2023-06-30,8012269,8010153,4,18,7
2023-06-30,8012269,8012269,3,36,2
2023-06-30,8012269,8012362,0,18,0
2023-06-30,8012274,8011592,1,16,6
2023-06-30,8012274,8011718,1,16,2
2023-06-30,8012274,8012274,3,32,6
2023-06-30,8012296,8011015,0,1,0
2023-06-30,8012296,8012296,0,2,0
2023-06-30,8012296,8012517,0,7,0
2023-06-30,8012316,8011281,6,10,105
2023-06-30,8012316,8011778,4,11,120
2023-06-30,8012316,8012316,12,21,121
2023-06-30,8012321,8010381,2,22,-1
2023-06-30,8012321,8012264,2,8,19
2023-06-30,8012321,8012321,16,43,23
2023-06-30,8012321,8012384,11,13,51
2023-06-30,8012358,8011694,9,10,423
2023-06-30,8012358,8011953,7,10,231
2023-06-30,8012358,8012358,35,47,335
2023-06-30,8012358,8013352,6,11,147
2023-06-30,8012361,8013409,6,6,35
2023-06-30,8012362,8010322,12,18,22
2023-06-30,8012362,8012269,3,18,5
2023-06-30,8012362,8012362,2,36,2
2023-06-30,8012376,8010241,14,19,106
2023-06-30,8012376,8012376,25,37,84
2023-06-30,8012376,8012758,15,18,108
2023-06-30,8012377,8010300,15,17,127
2023-06-30,8012377,8011140,12,15,94
2023-06-30,8012377,8012377,28,32,99
2023-06-30,8012384,8012264,11,13,65
2023-06-30,8012384,8012321,6,12,45
2023-06-30,8012384,8012384,18,25,55
2023-06-30,8012421,8012421,23,35,114
2023-06-30,8012421,8012555,9,18,123
2023-06-30,8012421,8013017,13,17,118
2023-06-30,8012436,8010199,11,18,98
2023-06-30,8012436,8010348,17,18,195
2023-06-30,8012436,8012436,27,36,132
2023-06-30,8012438,8012438,24,38,142
2023-06-30,8012438,8012840,11,19,145
2023-06-30,8012438,8013105,12,19,139
2023-06-30,8012474,8010156,2,4,90
2023-06-30,8012474,8011442,6,9,170
2023-06-30,8012474,8011726,5,9,50
2023-06-30,8012474,8011951,0,1,0
2023-06-30,8012474,8012474,18,33,91
2023-06-30,8012474,8013018,4,7,69
2023-06-30,8012517,8011939,0,7,0
2023-06-30,8012517,8012296,0,7,0
2023-06-30,8012517,8012517,0,14,0
2023-06-30,8012555,8010339,8,18,108
2023-06-30,8012555,8012421,11,17,109
2023-06-30,8012555,8012555,20,35,111
2023-06-30,8012582,8010300,13,16,58
2023-06-30,8012582,8012582,26,33,70
2023-06-30,8012582,8012584,14,17,115
2023-06-30,8012583,8012584,0,16,0
2023-06-30,8012584,8012582,0,16,0
2023-06-30,8012584,8012583,13,17,92
2023-06-30,8012584,8012584,14,33,53
2023-06-30,8012609,8011031,19,26,74
2023-06-30,8012609,8011735,23,25,155
2023-06-30,8012609,8012609,41,51,103
2023-06-30,8012610,8011213,9,9,117
2023-06-30,8012610,8012610,13,18,97
2023-06-30,8012610,8013393,8,9,153
2023-06-30,8012612,8011593,0,1,0
2023-06-30,8012612,8012265,0,1,0
2023-06-30,8012612,8012612,0,2,0
2023-06-30,8012617,8011992,0,18,0
2023-06-30,8012643,8013354,5,18,47
2023-06-30,8012644,8010188,0,2,0
2023-06-30,8012677,8010156,16,16,281
2023-06-30,8012677,8011248,12,15,128
2023-06-30,8012677,8012677,26,31,203
2023-06-30,8012683,8010210,5,17,37
2023-06-30,8012683,8012683,7,34,58
2023-06-30,8012683,8012684,4,17,69
2023-06-30,8012684,8012683,3,17,49
2023-06-30,8012684,8012684,7,34,62
2023-06-30,8012710,8011356,15,17,206
2023-06-30,8012710,8011707,10,17,205
2023-06-30,8012710,8012710,25,34,251
2023-06-30,8012711,8011017,8,19,47
2023-06-30,8012711,8012711,23,38,111
2023-06-30,8012711,8012835,18,19,153
2023-06-30,8012716,8012262,17,21,80
2023-06-30,8012716,8012716,33,43,79
2023-06-30,8012716,8013073,18,22,104
2023-06-30,8012729,8010016,18,19,215
2023-06-30,8012729,8012108,12,19,153
2023-06-30,8012729,8012729,30,38,161
2023-06-30,8012737,8011908,0,14,0
2023-06-30,8012758,8010227,15,18,120
2023-06-30,8012758,8012376,13,19,104
2023-06-30,8012758,8012758,32,37,126
2023-06-30,8012762,8010300,1,1,30
2023-06-30,8012762,8011027,10,11,153
2023-06-30,8012762,8011611,7,12,98
2023-06-30,8012762,8011778,0,2,0
2023-06-30,8012762,8012762,17,27,103
2023-06-30,8012785,8011270,12,18,118
2023-06-30,8012785,8012785,23,37,92
2023-06-30,8012785,8079629,9,15,48
2023-06-30,8012806,8011140,13,16,81
2023-06-30,8012806,8012806,25,31,84
2023-06-30,8012806,8079629,3,5,66
2023-06-30,8012827,8012005,3,16,9
2023-06-30,8012827,8012827,3,33,5
2023-06-30,8012832,8010210,7,19,81
2023-06-30,8012832,8012146,9,19,76
2023-06-30,8012832,8012832,13,38,72
2023-06-30,8012835,8012711,10,19,63
2023-06-30,8012835,8012835,26,38,112
2023-06-30,8012835,8013104,17,19,147
2023-06-30,8012839,8010179,10,11,286
2023-06-30,8012839,8011213,3,3,150
2023-06-30,8012839,8012839,21,22,295
2023-06-30,8012840,8012108,12,19,145
2023-06-30,8012840,8012438,12,19,136
2023-06-30,8012840,8012840,22,38,145
2023-06-30,8012841,8011729,6,19,38
2023-06-30,8012841,8012841,13,37,47
2023-06-30,8012841,8079604,7,18,70
2023-06-30,8012843,8012146,7,19,77
2023-06-30,8012856,8012002,15,18,158
2023-06-30,8012856,8012109,18,18,160
2023-06-30,8012856,8012856,32,36,132
2023-06-30,8012892,8011109,2,20,26
2023-06-30,8012892,8012892,2,40,13
2023-06-30,8012892,8017349,0,20,0
2023-06-30,8012902,8010141,10,10,567
2023-06-30,8012902,8011702,7,9,467
2023-06-30,8012902,8012268,17,19,703
2023-06-30,8012902,8012902,33,38,597
2023-06-30,8012933,8004177,11,15,188
2023-06-30,8012933,8011230,13,16,262
2023-06-30,8012933,8012933,23,31,227
2023-06-30,8012940,8010325,16,29,52
2023-06-30,8012940,8012264,16,20,86
2023-06-30,8012940,8012940,69,110,109
2023-06-30,8012940,8012951,21,25,115
2023-06-30,8012940,8012953,7,10,66
2023-06-30,8012940,8013186,9,10,327
2023-06-30,8012949,8011939,0,7,0
2023-06-30,8012949,8012949,0,14,0
2023-06-30,8012949,8013232,0,7,0
2023-06-30,8012951,8010156,10,10,198
2023-06-30,8012951,8010173,18,26,54
2023-06-30,8012951,8010325,9,12,78
2023-06-30,8012951,8012940,20,26,228
2023-06-30,8012951,8012951,58,74,139
2023-06-30,8012953,8012940,4,10,30
2023-06-30,8012953,8012953,15,32,50
2023-06-30,8012953,8012960,6,16,52
2023-06-30,8012954,8011718,6,16,51
2023-06-30,8012954,8012954,12,32,47
2023-06-30,8012954,8012960,6,16,41
2023-06-30,8012960,8012953,6,16,34
2023-06-30,8012960,8012954,6,16,52
2023-06-30,8012960,8012960,12,32,45
2023-06-30,8012962,8012962,4,40,11
2023-06-30,8012962,8079084,3,20,21
2023-06-30,8012962,8087025,1,20,2
2023-06-30,8012963,8012963,2,37,1
2023-06-30,8012963,8087025,2,20,0
2023-06-30,8012963,8087026,0,20,0
2023-06-30,8013017,8010241,12,17,99
2023-06-30,8013017,8012421,13,18,125
2023-06-30,8013017,8013017,27,35,118
2023-06-30,8013018,8010267,8,16,111
2023-06-30,8013018,8011442,4,9,33
2023-06-30,8013018,8012474,1,8,4
2023-06-30,8013018,8013018,12,33,64
2023-06-30,8013040,8011797,18,19,74
2023-06-30,8013040,8011995,12,19,150
2023-06-30,8013040,8013040,32,38,100
2023-06-30,8013051,8011646,10,17,92
2023-06-30,8013051,8013051,21,34,151
2023-06-30,8013051,8013177,10,17,221
2023-06-30,8013062,8011017,19,19,177
2023-06-30,8013062,8011778,11,11,145
2023-06-30,8013062,8013062,33,38,121
2023-06-30,8013069,8010156,3,9,73
2023-06-30,8013069,8011951,6,10,105
2023-06-30,8013069,8013069,8,19,82
2023-06-30,8013072,8010273,16,18,180
2023-06-30,8013072,8012143,14,18,103
2023-06-30,8013072,8013072,30,36,158
2023-06-30,8013073,8010173,12,22,86
2023-06-30,8013073,8012716,16,21,59
2023-06-30,8013073,8013073,30,43,78
2023-06-30,8013104,8010210,16,19,117
2023-06-30,8013104,8012835,10,19,58
2023-06-30,8013104,8013104,20,38,87
2023-06-30,8013105,8011797,19,19,267
2023-06-30,8013105,8012438,12,19,152
2023-06-30,8013105,8013105,28,38,178
2023-06-30,8013106,8079604,0,19,0
2023-06-30,8013131,8010179,11,11,275
2023-06-30,8013131,8011456,7,11,289
2023-06-30,8013131,8013131,19,22,284
2023-06-30,8013132,8010392,4,28,41
2023-06-30,8013132,8011108,2,25,2
2023-06-30,8013132,8013132,4,52,22
2023-06-30,8013133,8010392,0,18,0
2023-06-30,8013133,8011992,0,18,0
2023-06-30,8013133,8013133,0,36,0
2023-06-30,8013156,8013162,6,11,229
2023-06-30,8013161,8013161,2,40,13
2023-06-30,8013161,8017349,2,20,24
2023-06-30,8013161,8087027,0,20,0
2023-06-30,8013162,8011456,6,11,210
2023-06-30,8013162,8013156,11,11,308
2023-06-30,8013162,8013162,14,22,254
2023-06-30,8013177,8011356,11,17,221
2023-06-30,8013177,8013051,13,17,131
2023-06-30,8013177,8013177,24,34,176
2023-06-30,8013186,8010051,15,19,583
2023-06-30,8013186,8011215,8,8,300
2023-06-30,8013186,8012264,1,1,90
2023-06-30,8013186,8012940,8,9,117
2023-06-30,8013186,8013186,22,38,340
2023-06-30,8013232,8012949,0,7,0
2023-06-30,8013232,8013232,0,14,0
2023-06-30,8013293,8011731,4,6,45
2023-06-30,8013293,8013293,8,12,58
2023-06-30,8013293,8070946,5,6,95
2023-06-30,8013322,8011481,8,17,194
2023-06-30,8013322,8011707,16,17,206
2023-06-30,8013322,8013322,24,34,203
2023-06-30,8013339,8011889,0,19,0
2023-06-30,8013339,8013339,19,37,64
2023-06-30,8013339,8013340,6,27,52
2023-06-30,8013340,8013339,2,25,5
2023-06-30,8013340,8013340,8,52,28
2023-06-30,8013340,8013341,4,27,46
2023-06-30,8013341,8011108,6,27,48
2023-06-30,8013341,8013340,0,25,0
2023-06-30,8013341,8013341,8,52,26
2023-06-30,8013352,8011778,2,2,165
2023-06-30,8013352,8012358,8,10,102
2023-06-30,8013352,8013352,13,21,99
2023-06-30,8013354,8010325,5,18,43
2023-06-30,8013354,8012643,8,18,43
2023-06-30,8013354,8013354,15,36,50
2023-06-30,8013370,8010173,4,4,278
2023-06-30,8013370,8012009,4,5,102
2023-06-30,8013370,8013370,8,9,177
2023-06-30,8013373,8011481,16,17,131
2023-06-30,8013373,8013373,25,34,148
2023-06-30,8013385,8010392,0,20,0
2023-06-30,8013385,8012086,2,20,33
2023-06-30,8013385,8013385,2,40,17
2023-06-30,8013393,8010213,4,9,97
2023-06-30,8013393,8012610,4,9,33
2023-06-30,8013393,8013393,9,18,77
2023-06-30,8013409,8012361,4,6,70
2023-06-30,8013409,8013409,10,12,52
2023-06-30,8013409,8070946,1,6,10
2023-06-30,8017349,8012892,2,20,27
2023-06-30,8017349,8013161,0,20,0
2023-06-30,8017349,8017349,2,40,13
2023-06-30,8070946,8013293,3,6,20
2023-06-30,8070946,8013409,4,6,75
2023-06-30,8070946,8070946,8,12,55
2023-06-30,8079604,8012841,10,19,21
2023-06-30,8079604,8013106,6,18,63
2023-06-30,8079604,8079604,16,37,41
2023-06-30,8079629,8011735,26,26,100
2023-06-30,8079629,8012785,15,16,165
2023-06-30,8079629,8012806,6,6,110
2023-06-30,8079629,8079629,44,51,99
2023-06-30,8087025,8012962,3,20,21
2023-06-30,8087025,8012963,0,20,0
2023-06-30,8087025,8087025,4,40,10
2023-06-30,8087026,8011109,0,20,0
2023-06-30,8087026,8012963,2,20,27
2023-06-30,8087026,8087026,2,40,13
2023-06-30,8087027,8012065,0,20,0
2023-06-30,8087027,8013161,2,20,27
2023-06-30,8087027,8087027,2,40,14
