date,from_stop_id,to_stop_id,delay_count,entries_count,avg_delay
2023-03-01,8000077,8000077,62,81,286
2023-03-01,8000077,8000182,13,15,462
2023-03-01,8000077,8000366,37,38,205
2023-03-01,8000077,8001485,2,2,315
2023-03-01,8000077,8002214,12,16,566
2023-03-01,8000077,8003014,10,20,54
2023-03-01,8000182,8000077,8,14,58
2023-03-01,8000182,8000182,53,61,388
2023-03-01,8000182,8000880,11,16,218
2023-03-01,8000182,8002096,1,1,4260
2023-03-01,8000182,8002214,14,16,396
2023-03-01,8000182,8004111,11,11,431
2023-03-01,8000182,8006321,2,2,1665
2023-03-01,8000182,8079056,1,1,510
2023-03-01,8000333,8000333,26,36,239
2023-03-01,8000333,8000942,1,1,4740
2023-03-01,8000333,8002621,16,17,169
2023-03-01,8000333,8003001,8,18,48
2023-03-01,8000356,8000356,1,1,90
2023-03-01,8000356,8005490,1,1,150
2023-03-01,8000366,8000077,27,39,389
2023-03-01,8000366,8000366,31,35,390
2023-03-01,8000366,8003854,2,2,330
2023-03-01,8000366,8003857,1,1,90
2023-03-01,8000366,8005644,16,19,333
2023-03-01,8000393,8000393,2,2,465
2023-03-01,8000393,8005490,1,1,780
2023-03-01,8000393,8005911,1,1,180
2023-03-01,8000412,8000412,27,55,122
2023-03-01,8000412,8001252,25,45,144
2023-03-01,8000412,8005037,17,27,39
2023-03-01,8000436,8000436,6,32,8
2023-03-01,8000436,8000544,6,17,18
2023-03-01,8000436,8005371,2,15,2
2023-03-01,8000456,8000456,1,1,390
2023-03-01,8000456,8004235,1,1,420
2023-03-01,8000463,8000463,32,58,37
2023-03-01,8000463,8001491,15,30,35
2023-03-01,8000463,8003586,12,28,35
2023-03-01,8000544,8000436,0,15,0
2023-03-01,8000544,8000544,7,32,10
2023-03-01,8000544,8001971,4,17,9
2023-03-01,8000596,8000596,31,55,128
2023-03-01,8000596,8000942,6,6,55
2023-03-01,8000596,8002235,6,10,30
2023-03-01,8000596,8003494,5,8,41
2023-03-01,8000596,8005037,17,28,211
2023-03-01,8000657,8000657,22,41,102
2023-03-01,8000657,8004124,8,19,96
2023-03-01,8000657,8005364,14,22,97
2023-03-01,8000718,8000718,51,87,89
2023-03-01,8000718,8001415,6,8,52
2023-03-01,8000718,8002727,30,44,104
2023-03-01,8000718,8004464,17,25,97
2023-03-01,8000718,8005317,4,10,72
2023-03-01,8000864,8000864,35,56,98
2023-03-01,8000864,8001671,4,8,135
2023-03-01,8000864,8004124,1,1,30
2023-03-01,8000864,8005068,15,22,93
2023-03-01,8000864,8005364,15,25,91
2023-03-01,8000932,8000932,36,56,52
2023-03-01,8000932,8005064,16,27,63
2023-03-01,8000932,8005497,16,29,38
2023-03-01,8000942,8000596,6,6,160
2023-03-01,8000942,8000942,20,21,349
2023-03-01,8000942,8002235,3,3,1620
2023-03-01,8000942,8002621,7,7,94
2023-03-01,8000942,8005688,4,4,82
2023-03-01,8000965,8000965,1,1,60
2023-03-01,8000965,8002337,1,1,30
2023-03-01,8001059,8000880,1,2,1560
2023-03-01,8001059,8001059,2,4,810
2023-03-01,8001059,8079616,1,2,60
2023-03-01,8001174,8001174,28,56,36
2023-03-01,8001174,8005255,8,29,24
2023-03-01,8001174,8005497,11,27,42
2023-03-01,8001262,8001262,34,55,98
2023-03-01,8001262,8002727,15,26,93
2023-03-01,8001262,8004124,17,29,86
2023-03-01,8001405,8001405,2,2,465
2023-03-01,8001405,8005911,1,1,870
2023-03-01,8001415,8000718,4,5,54
2023-03-01,8001415,8001415,52,80,101
2023-03-01,8001415,8001643,1,1,90
2023-03-01,8001415,8001771,10,22,70
2023-03-01,8001415,8002067,0,1,0
2023-03-01,8001415,8002465,16,23,83
2023-03-01,8001415,8003398,12,18,193
2023-03-01,8001415,8005317,7,9,100
2023-03-01,8001479,8000077,0,1,0
2023-03-01,8001479,8001479,0,1,0
2023-03-01,8001482,8001482,3,3,1170
2023-03-01,8001482,8001483,0,1,0
2023-03-01,8001482,8001485,1,2,1710
2023-03-01,8001483,8001482,2,2,1755
2023-03-01,8001483,8001483,1,3,1170
2023-03-01,8001483,8003336,0,1,0
2023-03-01,8001485,8000077,1,2,1710
2023-03-01,8001485,8001482,1,1,60
2023-03-01,8001485,8001485,3,4,1020
2023-03-01,8001485,8003336,1,1,600
2023-03-01,8001491,8000463,16,28,29
2023-03-01,8001491,8001491,33,58,35
2023-03-01,8001491,8006167,17,30,39
2023-03-01,8001643,8001643,31,51,76
2023-03-01,8001643,8002069,12,21,90
2023-03-01,8001643,8002465,1,1,60
2023-03-01,8001643,8005317,15,26,75
2023-03-01,8001671,8000864,4,7,73
2023-03-01,8001671,8001671,26,56,72
2023-03-01,8001671,8001715,9,23,34
2023-03-01,8001671,8002546,4,7,120
2023-03-01,8001671,8003098,11,19,84
2023-03-01,8001715,8001671,14,19,96
2023-03-01,8001715,8001715,24,42,64
2023-03-01,8001715,8002546,11,23,43
2023-03-01,8001771,8000718,1,1,30
2023-03-01,8001771,8001415,11,16,86
2023-03-01,8001771,8001771,46,79,119
2023-03-01,8001771,8003398,16,24,115
2023-03-01,8001771,8005090,8,20,112
2023-03-01,8001771,8005101,0,1,0
2023-03-01,8001771,8005836,8,18,182
2023-03-01,8001865,8001865,17,35,43
2023-03-01,8001865,8002373,0,1,0
2023-03-01,8001865,8004552,1,2,30
2023-03-01,8001865,8005871,3,15,20
2023-03-01,8001865,8503424,8,18,58
2023-03-01,8001971,8000544,1,15,2
2023-03-01,8001971,8001971,3,32,4
2023-03-01,8001971,8005876,2,17,5
2023-03-01,8002067,8001415,1,1,60
2023-03-01,8002067,8002067,6,9,37
2023-03-01,8002067,8002069,1,2,60
2023-03-01,8002067,8002071,2,3,20
2023-03-01,8002067,8005317,2,3,30
2023-03-01,8002068,8002068,115,182,77
2023-03-01,8002068,8002070,35,93,41
2023-03-01,8002068,8003293,57,89,110
2023-03-01,8002069,8001643,16,22,53
2023-03-01,8002069,8002069,25,43,62
2023-03-01,8002069,8002465,0,1,0
2023-03-01,8002071,8001643,1,1,90
2023-03-01,8002071,8002067,1,3,10
2023-03-01,8002071,8002071,2,7,21
2023-03-01,8002071,8002465,1,3,10
2023-03-01,8002096,8000182,2,2,90
2023-03-01,8002096,8000933,12,14,566
2023-03-01,8002096,8002096,25,25,562
2023-03-01,8002096,8004111,10,10,477
2023-03-01,8002123,8000596,2,2,75
2023-03-01,8002123,8002123,30,45,125
2023-03-01,8002123,8003494,13,22,60
2023-03-01,8002214,8000077,15,16,386
2023-03-01,8002214,8000182,11,15,568
2023-03-01,8002214,8002214,26,32,480
2023-03-01,8002214,8003066,1,1,660
2023-03-01,8002235,8000596,9,9,613
2023-03-01,8002235,8000942,4,5,66
2023-03-01,8002235,8002235,18,23,280
2023-03-01,8002235,8002621,6,7,64
2023-03-01,8002235,8004639,1,1,60
2023-03-01,8002337,8000880,0,1,0
2023-03-01,8002337,8002337,1,2,360
2023-03-01,8002365,8000026,15,28,47
2023-03-01,8002365,8002365,44,58,56
2023-03-01,8002365,8006629,27,30,59
2023-03-01,8002373,8001865,1,2,45
2023-03-01,8002373,8002373,1,3,40
2023-03-01,8002373,8004552,0,1,0
2023-03-01,8002465,8001415,14,21,153
2023-03-01,8002465,8002067,1,1,120
2023-03-01,8002465,8002069,0,2,0
2023-03-01,8002465,8002071,1,4,22
2023-03-01,8002465,8002465,31,44,115
2023-03-01,8002546,8001671,2,6,110
2023-03-01,8002546,8001715,11,19,85
2023-03-01,8002546,8002546,32,55,77
2023-03-01,8002546,8006272,18,30,69
2023-03-01,8002621,8000333,14,18,60
2023-03-01,8002621,8000942,7,7,219
2023-03-01,8002621,8002235,6,8,116
2023-03-01,8002621,8002621,30,35,123
2023-03-01,8002621,8005688,2,2,90
2023-03-01,8002727,8000718,20,42,72
2023-03-01,8002727,8001262,18,29,101
2023-03-01,8002727,8002727,49,86,87
2023-03-01,8002727,8004124,11,15,144
2023-03-01,8002763,8002763,41,77,132
2023-03-01,8002763,8003233,22,39,75
2023-03-01,8002763,8003494,5,8,199
2023-03-01,8002763,8005101,15,30,181
2023-03-01,8002848,8002844,9,64,9
2023-03-01,8002848,8002848,52,126,26
2023-03-01,8002848,8005876,17,62,24
2023-03-01,8003001,8000333,18,18,500
2023-03-01,8003001,8003001,35,36,331
2023-03-01,8003001,8005902,17,18,148
2023-03-01,8003014,8000077,13,19,158
2023-03-01,8003014,8001479,0,1,0
2023-03-01,8003014,8001480,10,20,58
2023-03-01,8003014,8003014,27,40,106
2023-03-01,8003066,8000182,1,1,690
2023-03-01,8003066,8003066,1,1,690
2023-03-01,8003098,8001671,9,22,55
2023-03-01,8003098,8003098,27,41,74
2023-03-01,8003098,8003325,14,19,88
2023-03-01,8003233,8002763,19,38,177
2023-03-01,8003233,8003233,39,77,120
2023-03-01,8003233,8005090,22,39,85
2023-03-01,8003293,8002068,66,93,41
2023-03-01,8003293,8002844,44,62,67
2023-03-01,8003293,8003293,87,127,47
2023-03-01,8003325,8003098,12,22,67
2023-03-01,8003325,8003325,25,41,79
2023-03-01,8003325,8005068,11,19,77
2023-03-01,8003336,8001483,1,2,1770
2023-03-01,8003336,8003336,2,4,1042
2023-03-01,8003336,8003339,1,2,330
2023-03-01,8003339,8003336,1,2,1770
2023-03-01,8003339,8003339,2,4,1050
2023-03-01,8003339,8003854,1,2,300
2023-03-01,8003374,8003374,23,40,129
2023-03-01,8003374,8005090,11,18,195
2023-03-01,8003374,8005836,9,22,70
2023-03-01,8003398,8001415,15,24,91
2023-03-01,8003398,8001771,12,18,197
2023-03-01,8003398,8003398,26,42,147
2023-03-01,8003401,8000496,3,15,24
2023-03-01,8003401,8003401,18,33,211
2023-03-01,8003401,8003404,0,1,0
2023-03-01,8003404,8003401,2,2,1545
2023-03-01,8003404,8003404,2,3,1030
2023-03-01,8003404,8003416,0,1,0
2023-03-01,8003416,8003404,2,2,1575
2023-03-01,8003416,8003416,2,3,1040
2023-03-01,8003416,8004997,0,1,0
2023-03-01,8003494,8000596,7,8,124
2023-03-01,8003494,8002123,14,23,181
2023-03-01,8003494,8002763,4,6,65
2023-03-01,8003494,8003494,50,80,123
2023-03-01,8003494,8004124,1,1,210
2023-03-01,8003494,8004683,22,32,76
2023-03-01,8003494,8005101,1,1,30
2023-03-01,8003562,8003562,17,43,25
2023-03-01,8003562,8004552,8,17,23
2023-03-01,8003562,8005871,7,21,26
2023-03-01,8003562,8006628,2,5,30
2023-03-01,8003854,8000366,1,2,315
2023-03-01,8003854,8003339,1,2,1800
2023-03-01,8003854,8003854,2,4,682
2023-03-01,8003857,8000366,1,1,1320
2023-03-01,8003857,8003857,2,2,690
2023-03-01,8003857,8006667,1,1,60
2023-03-01,8004107,8004107,1,3,1060
2023-03-01,8004107,8006321,0,1,0
2023-03-01,8004107,8079616,1,2,1575
2023-03-01,8004111,8000182,10,10,516
2023-03-01,8004111,8002096,12,12,498
2023-03-01,8004111,8004111,22,22,480
2023-03-01,8004124,8000657,12,22,110
2023-03-01,8004124,8000718,0,1,0
2023-03-01,8004124,8000864,0,1,0
2023-03-01,8004124,8001262,17,26,93
2023-03-01,8004124,8002727,3,16,19
2023-03-01,8004124,8003494,0,1,-30
2023-03-01,8004124,8004124,44,81,88
2023-03-01,8004124,8005364,5,7,193
2023-03-01,8004124,8006272,7,8,101
2023-03-01,8004124,8089119,3,18,43
2023-03-01,8004235,8004235,1,1,390
2023-03-01,8004235,8005723,1,1,360
2023-03-01,8004464,8000718,19,26,95
2023-03-01,8004464,8004464,35,51,89
2023-03-01,8004464,8005317,14,25,83
2023-03-01,8004552,8001865,0,2,0
2023-03-01,8004552,8002373,1,2,45
2023-03-01,8004552,8003562,6,16,30
2023-03-01,8004552,8004552,2,5,24
2023-03-01,8004552,8005871,1,2,45
2023-03-01,8004639,8004639,1,1,60
2023-03-01,8004683,8003494,17,30,183
2023-03-01,8004683,8004683,35,62,133
2023-03-01,8004683,8005101,18,32,90
2023-03-01,8004997,8002683,0,1,0
2023-03-01,8004997,8003416,2,2,1545
2023-03-01,8004997,8004997,2,3,1040
2023-03-01,8005037,8000412,14,28,211
2023-03-01,8005037,8000596,10,27,24
2023-03-01,8005037,8005037,30,55,122
2023-03-01,8005068,8000864,11,19,84
2023-03-01,8005068,8003325,15,22,80
2023-03-01,8005068,8005068,26,41,80
2023-03-01,8005090,8001771,10,18,108
2023-03-01,8005090,8003233,18,38,169
2023-03-01,8005090,8003374,12,22,76
2023-03-01,8005090,8005090,42,78,129
2023-03-01,8005101,8002763,19,33,88
2023-03-01,8005101,8003494,1,1,30
2023-03-01,8005101,8004683,15,30,169
2023-03-01,8005101,8005090,1,1,720
2023-03-01,8005101,8005101,34,65,136
2023-03-01,8005255,8001174,12,27,36
2023-03-01,8005255,8003586,0,1,0
2023-03-01,8005255,8004184,11,29,27
2023-03-01,8005255,8005064,9,16,39
2023-03-01,8005255,8005255,37,87,35
2023-03-01,8005255,8006167,8,14,30
2023-03-01,8005317,8000718,9,12,110
2023-03-01,8005317,8001415,3,8,82
2023-03-01,8005317,8001643,19,25,89
2023-03-01,8005317,8002067,2,2,75
2023-03-01,8005317,8004464,16,26,87
2023-03-01,8005317,8005317,48,73,84
2023-03-01,8005364,8000657,9,19,109
2023-03-01,8005364,8000864,16,29,109
2023-03-01,8005364,8004124,3,6,20
2023-03-01,8005364,8005364,33,54,106
2023-03-01,8005371,8000436,8,17,28
2023-03-01,8005371,8005371,11,32,19
2023-03-01,8005371,8005502,1,15,2
2023-03-01,8005490,8000393,1,1,120
2023-03-01,8005490,8005490,2,2,585
2023-03-01,8005490,8006667,1,1,1320
2023-03-01,8005560,8004107,0,1,0
2023-03-01,8005560,8005560,0,1,0
2023-03-01,8005644,8000366,15,19,235
2023-03-01,8005644,8005644,36,38,286
2023-03-01,8005644,8005902,18,19,463
2023-03-01,8005688,8000942,2,2,75
2023-03-01,8005688,8002621,4,4,105
2023-03-01,8005688,8005688,6,6,80
2023-03-01,8005723,8004111,1,1,360
2023-03-01,8005723,8005723,1,1,360
2023-03-01,8005764,8070866,0,5,0
2023-03-01,8005836,8001771,11,22,76
2023-03-01,8005836,8003374,10,18,192
2023-03-01,8005836,8005836,21,40,124
2023-03-01,8005871,8001865,12,16,69
2023-03-01,8005871,8003562,9,22,23
2023-03-01,8005871,8005871,34,76,34
2023-03-01,8005871,8006167,27,38,46
2023-03-01,8005876,8001971,1,15,2
2023-03-01,8005876,8002848,32,64,44
2023-03-01,8005876,8004331,24,48,49
2023-03-01,8005876,8005876,51,124,30
2023-03-01,8005902,8003001,18,18,530
2023-03-01,8005902,8005644,18,19,129
2023-03-01,8005902,8005902,33,36,322
2023-03-01,8005911,8000393,1,1,780
2023-03-01,8005911,8001405,1,1,60
2023-03-01,8005911,8005911,2,2,480
2023-03-01,8006167,8001491,18,28,40
2023-03-01,8006167,8004552,0,1,0
2023-03-01,8006167,8005255,13,15,38
2023-03-01,8006167,8005871,23,38,36
2023-03-01,8006167,8006167,44,63,40
2023-03-01,8006167,8500329,0,38,0
2023-03-01,8006272,8000026,25,38,124
2023-03-01,8006272,8001671,0,1,0
2023-03-01,8006272,8002546,18,25,91
2023-03-01,8006272,8004124,2,9,-23
2023-03-01,8006272,8006272,43,73,79
2023-03-01,8006321,8000182,1,1,30
2023-03-01,8006321,8004107,2,2,1605
2023-03-01,8006321,8006321,3,3,1100
2023-03-01,8006628,8003562,1,5,6
2023-03-01,8006628,8006628,2,10,15
2023-03-01,8006628,8070866,2,5,24
2023-03-01,8006629,8002365,17,28,57
2023-03-01,8006629,8002797,26,30,67
2023-03-01,8006629,8006629,43,58,58
2023-03-01,8006667,8000356,1,1,30
2023-03-01,8006667,8003857,1,1,1290
2023-03-01,8006667,8006667,2,2,675
2023-03-01,8070866,8005764,1,5,30
2023-03-01,8070866,8006628,0,5,0
2023-03-01,8070866,8070866,1,10,12
2023-03-01,8079056,8000456,1,1,360
2023-03-01,8079056,8079056,1,1,390
2023-03-01,8079616,8000182,1,1,90
2023-03-01,8079616,8001059,1,2,1560
2023-03-01,8079616,8005560,0,1,0
2023-03-01,8079616,8079616,2,4,810
2023-03-01,8089119,8004124,3,18,10
2023-03-01,8089119,8089119,4,14,24
2023-03-01,8089119,8700329,2,7,34
2023-03-02,8000077,8000077,63,81,198
2023-03-02,8000077,8000182,13,15,552
2023-03-02,8000077,8000366,32,38,141
2023-03-02,8000077,8001485,1,2,15
2023-03-02,8000077,8002214,10,16,81
2023-03-02,8000077,8003014,12,20,63
2023-03-02,8000182,8000077,7,14,51
2023-03-02,8000182,8000182,50,61,258
2023-03-02,8000182,8000880,11,16,467
2023-03-02,8000182,8002096,1,1,30
2023-03-02,8000182,8002214,15,16,306
2023-03-02,8000182,8004111,10,11,164
2023-03-02,8000182,8006321,2,2,30
2023-03-02,8000182,8079056,1,1,180
2023-03-02,8000333,8000333,29,36,237
2023-03-02,8000333,8000942,1,1,120
2023-03-02,8000333,8002621,16,17,305
2023-03-02,8000333,8003001,15,18,177
2023-03-02,8000356,8000356,1,1,60
2023-03-02,8000356,8005490,1,1,90
2023-03-02,8000366,8000077,30,39,281
2023-03-02,8000366,8000366,31,35,309
2023-03-02,8000366,8003854,0,2,0
2023-03-02,8000366,8003857,0,1,0
2023-03-02,8000366,8005644,16,19,144
2023-03-02,8000393,8000393,2,2,105
2023-03-02,8000393,8005490,1,1,120
2023-03-02,8000393,8005911,1,1,120
2023-03-02,8000412,8000412,31,55,123
2023-03-02,8000412,8001252,31,45,139
2023-03-02,8000412,8005037,17,27,88
2023-03-02,8000436,8000436,7,32,60
2023-03-02,8000436,8000544,7,17,25
2023-03-02,8000436,8005371,3,15,108
2023-03-02,8000456,8000456,1,1,270
2023-03-02,8000456,8004235,1,1,300
2023-03-02,8000463,8000463,34,58,64
2023-03-02,8000463,8001491,17,30,51
2023-03-02,8000463,8003586,17,28,75
2023-03-02,8000544,8000436,1,15,108
2023-03-02,8000544,8000544,9,32,66
2023-03-02,8000544,8001971,4,17,11
2023-03-02,8000596,8000596,35,55,129
2023-03-02,8000596,8000942,5,6,235
2023-03-02,8000596,8002235,6,10,69
2023-03-02,8000596,8003494,6,8,64
2023-03-02,8000596,8005037,19,28,159
2023-03-02,8000657,8000657,31,41,156
2023-03-02,8000657,8004124,13,19,141
2023-03-02,8000657,8005364,17,22,169
2023-03-02,8000718,8000718,65,87,178
2023-03-02,8000718,8001415,6,8,225
2023-03-02,8000718,8002727,36,44,204
2023-03-02,8000718,8004464,22,25,160
2023-03-02,8000718,8005317,8,10,207
2023-03-02,8000864,8000864,43,56,155
2023-03-02,8000864,8001671,5,8,259
2023-03-02,8000864,8004124,1,1,60
2023-03-02,8000864,8005068,18,22,165
2023-03-02,8000864,8005364,20,25,120
2023-03-02,8000932,8000932,37,56,67
2023-03-02,8000932,8005064,18,27,87
2023-03-02,8000932,8005497,13,29,43
2023-03-02,8000942,8000596,6,6,450
2023-03-02,8000942,8000942,21,21,313
2023-03-02,8000942,8002235,3,3,100
2023-03-02,8000942,8002621,7,7,356
2023-03-02,8000942,8005688,4,4,195
2023-03-02,8000965,8000965,1,1,180
2023-03-02,8000965,8002337,1,1,120
2023-03-02,8001059,8000880,2,2,30
2023-03-02,8001059,8001059,2,4,30
2023-03-02,8001059,8079616,1,2,45
2023-03-02,8001174,8001174,30,56,56
2023-03-02,8001174,8005255,10,29,38
2023-03-02,8001174,8005497,13,27,62
2023-03-02,8001262,8001262,43,55,157
2023-03-02,8001262,8002727,18,26,121
2023-03-02,8001262,8004124,25,29,180
2023-03-02,8001405,8001405,2,2,180
2023-03-02,8001405,8005911,1,1,120
2023-03-02,8001415,8000718,2,4,75
2023-03-02,8001415,8001415,53,78,154
2023-03-02,8001415,8001643,1,1,270
2023-03-02,8001415,8001771,18,22,237
2023-03-02,8001415,8002067,1,1,210
2023-03-02,8001415,8002465,15,23,142
2023-03-02,8001415,8003398,14,18,120
2023-03-02,8001415,8005317,8,9,220
2023-03-02,8001479,8000077,1,1,30
2023-03-02,8001479,8001479,0,1,0
2023-03-02,8001482,8001482,1,3,10
2023-03-02,8001482,8001483,1,1,30
2023-03-02,8001482,8001485,0,2,0
2023-03-02,8001483,8001482,0,2,0
2023-03-02,8001483,8001483,1,3,10
2023-03-02,8001483,8003336,0,1,0
2023-03-02,8001485,8000077,1,2,60
2023-03-02,8001485,8001482,1,1,60
2023-03-02,8001485,8001485,2,4,30
2023-03-02,8001485,8003336,0,1,0
2023-03-02,8001491,8000463,17,28,71
2023-03-02,8001491,8001491,38,58,63
2023-03-02,8001491,8006167,19,30,47
2023-03-02,8001643,8001643,37,51,145
2023-03-02,8001643,8002069,15,21,153
2023-03-02,8001643,8002465,1,1,180
2023-03-02,8001643,8005317,19,26,147
2023-03-02,8001671,8000864,5,7,163
2023-03-02,8001671,8001671,39,56,130
2023-03-02,8001671,8001715,14,23,115
2023-03-02,8001671,8002546,5,7,223
2023-03-02,8001671,8003098,12,19,87
2023-03-02,8001715,8001671,15,19,93
2023-03-02,8001715,8001715,28,42,107
2023-03-02,8001715,8002546,15,23,127
2023-03-02,8001771,8000718,1,1,90
2023-03-02,8001771,8001415,11,16,161
2023-03-02,8001771,8001771,53,79,168
2023-03-02,8001771,8003398,13,24,144
2023-03-02,8001771,8005090,16,20,258
2023-03-02,8001771,8005101,1,1,300
2023-03-02,8001771,8005836,10,18,117
2023-03-02,8001865,8001865,15,35,61
2023-03-02,8001865,8002373,1,1,570
2023-03-02,8001865,8004552,1,2,375
2023-03-02,8001865,8005871,2,15,10
2023-03-02,8001865,8503424,6,18,70
2023-03-02,8001971,8000544,2,15,114
2023-03-02,8001971,8001971,4,32,59
2023-03-02,8001971,8005876,3,17,7
2023-03-02,8002067,8001415,1,1,1680
2023-03-02,8002067,8002067,6,9,280
2023-03-02,8002067,8002069,1,2,180
2023-03-02,8002067,8002071,1,3,20
2023-03-02,8002067,8005317,2,3,130
2023-03-02,8002068,8002068,121,182,125
2023-03-02,8002068,8002070,45,93,91
2023-03-02,8002068,8003293,51,89,159
2023-03-02,8002069,8001643,16,22,121
2023-03-02,8002069,8002069,29,43,130
2023-03-02,8002069,8002465,1,1,120
2023-03-02,8002071,8001643,1,1,150
2023-03-02,8002071,8002067,1,3,60
2023-03-02,8002071,8002071,3,7,77
2023-03-02,8002071,8002465,1,3,10
2023-03-02,8002096,8000182,2,2,60
2023-03-02,8002096,8000933,12,14,84
2023-03-02,8002096,8002096,24,25,180
2023-03-02,8002096,8004111,9,10,261
2023-03-02,8002123,8000596,2,2,105
2023-03-02,8002123,8002123,29,45,163
2023-03-02,8002123,8003494,13,22,94
2023-03-02,8002214,8000077,14,16,291
2023-03-02,8002214,8000182,10,15,106
2023-03-02,8002214,8002214,25,32,196
2023-03-02,8002214,8003066,1,1,30
2023-03-02,8002235,8000596,9,9,257
2023-03-02,8002235,8000942,4,5,264
2023-03-02,8002235,8002235,20,23,181
2023-03-02,8002235,8002621,6,7,94
2023-03-02,8002235,8004639,1,1,60
2023-03-02,8002337,8000880,1,1,60
2023-03-02,8002337,8002337,2,2,135
2023-03-02,8002365,8000026,14,28,78
2023-03-02,8002365,8002365,45,58,79
2023-03-02,8002365,8006629,27,30,68
2023-03-02,8002373,8001865,1,2,30
2023-03-02,8002373,8002373,3,3,240
2023-03-02,8002373,8004552,1,1,630
2023-03-02,8002465,8000718,1,1,570
2023-03-02,8002465,8001415,15,21,99
2023-03-02,8002465,8002067,1,1,270
2023-03-02,8002465,8002069,1,2,45
2023-03-02,8002465,8002071,2,4,128
2023-03-02,8002465,8002465,30,44,122
2023-03-02,8002546,8001671,6,6,205
2023-03-02,8002546,8001715,11,19,93
2023-03-02,8002546,8002546,37,55,131
2023-03-02,8002546,8006272,18,30,144
2023-03-02,8002621,8000333,15,18,193
2023-03-02,8002621,8000942,7,7,437
2023-03-02,8002621,8002235,5,8,248
2023-03-02,8002621,8002621,31,35,261
2023-03-02,8002621,8005688,2,2,105
2023-03-02,8002727,8000718,29,42,143
2023-03-02,8002727,8001262,24,29,191
2023-03-02,8002727,8002727,65,86,174
2023-03-02,8002727,8004124,11,15,248
2023-03-02,8002763,8002763,50,77,159
2023-03-02,8002763,8003233,26,39,108
2023-03-02,8002763,8003494,6,8,334
2023-03-02,8002763,8005101,17,30,184
2023-03-02,8002848,8002844,25,64,75
2023-03-02,8002848,8002848,64,126,97
2023-03-02,8002848,8005876,26,62,118
2023-03-02,8003001,8000333,18,18,363
2023-03-02,8003001,8003001,36,36,340
2023-03-02,8003001,8005902,18,18,337
2023-03-02,8003014,8000077,11,19,166
2023-03-02,8003014,8001479,1,1,30
2023-03-02,8003014,8001480,11,20,57
2023-03-02,8003014,8003014,30,40,115
2023-03-02,8003066,8000182,0,1,0
2023-03-02,8003066,8003066,0,1,0
2023-03-02,8003098,8001671,14,22,119
2023-03-02,8003098,8003098,29,41,111
2023-03-02,8003098,8003325,15,19,90
2023-03-02,8003233,8002763,29,38,208
2023-03-02,8003233,8003233,53,77,152
2023-03-02,8003233,8005090,23,39,112
2023-03-02,8003293,8002068,67,93,83
2023-03-02,8003293,8002844,41,62,150
2023-03-02,8003293,8003293,82,127,117
2023-03-02,8003325,8003098,15,22,135
2023-03-02,8003325,8003325,31,41,120
2023-03-02,8003325,8005068,15,19,87
2023-03-02,8003336,8001483,1,2,15
2023-03-02,8003336,8003336,1,4,8
2023-03-02,8003336,8003339,1,2,15
2023-03-02,8003339,8003336,0,2,0
2023-03-02,8003339,8003339,1,4,8
2023-03-02,8003339,8003854,0,2,0
2023-03-02,8003374,8003374,24,40,118
2023-03-02,8003374,8005090,15,18,135
2023-03-02,8003374,8005836,9,22,95
2023-03-02,8003398,8001415,15,24,131
2023-03-02,8003398,8001771,12,18,125
2023-03-02,8003398,8003398,27,42,139
2023-03-02,8003401,8000496,4,15,82
2023-03-02,8003401,8003401,16,33,258
2023-03-02,8003401,8003404,0,1,0
2023-03-02,8003404,8003401,1,2,45
2023-03-02,8003404,8003404,2,3,40
2023-03-02,8003404,8003416,0,1,0
2023-03-02,8003416,8003404,2,2,90
2023-03-02,8003416,8003416,2,3,40
2023-03-02,8003416,8004997,0,1,0
2023-03-02,8003494,8000596,7,8,116
2023-03-02,8003494,8002123,15,23,231
2023-03-02,8003494,8002763,3,6,85
2023-03-02,8003494,8003494,48,80,149
2023-03-02,8003494,8004124,0,1,0
2023-03-02,8003494,8004683,20,32,87
2023-03-02,8003494,8005101,1,1,90
2023-03-02,8003562,8003562,19,43,64
2023-03-02,8003562,8004552,11,17,78
2023-03-02,8003562,8005871,9,21,60
2023-03-02,8003562,8006628,4,5,72
2023-03-02,8003854,8000366,1,2,30
2023-03-02,8003854,8003339,0,2,0
2023-03-02,8003854,8003854,1,4,8
2023-03-02,8003857,8000366,1,1,150
2023-03-02,8003857,8003857,1,2,75
2023-03-02,8003857,8006667,0,1,0
2023-03-02,8004107,8004107,0,3,0
2023-03-02,8004107,8006321,0,1,0
2023-03-02,8004107,8079616,1,2,15
2023-03-02,8004111,8000182,10,10,366
2023-03-02,8004111,8002096,11,12,215
2023-03-02,8004111,8004111,19,22,226
2023-03-02,8004124,8000657,17,22,180
2023-03-02,8004124,8000718,1,1,660
2023-03-02,8004124,8000864,1,1,540
2023-03-02,8004124,8001262,18,26,118
2023-03-02,8004124,8002727,9,16,150
2023-03-02,8004124,8003494,0,1,0
2023-03-02,8004124,8004124,57,81,161
2023-03-02,8004124,8005364,5,7,253
2023-03-02,8004124,8006272,6,8,150
2023-03-02,8004124,8089119,7,18,45
2023-03-02,8004235,8004235,1,1,300
2023-03-02,8004235,8005723,1,1,300
2023-03-02,8004464,8000718,20,26,168
2023-03-02,8004464,8004464,41,51,157
2023-03-02,8004464,8005317,20,25,145
2023-03-02,8004552,8001865,1,2,135
2023-03-02,8004552,8002373,2,2,75
2023-03-02,8004552,8003562,4,16,66
2023-03-02,8004552,8004552,4,5,378
2023-03-02,8004552,8005871,2,2,735
2023-03-02,8004639,8004639,1,1,30
2023-03-02,8004683,8003494,19,30,194
2023-03-02,8004683,8004683,37,62,138
2023-03-02,8004683,8005101,17,32,91
2023-03-02,8004997,8002683,0,1,0
2023-03-02,8004997,8003416,2,2,60
2023-03-02,8004997,8004997,2,3,50
2023-03-02,8005037,8000412,15,28,159
2023-03-02,8005037,8000596,13,27,79
2023-03-02,8005037,8005037,30,55,118
2023-03-02,8005068,8000864,16,19,92
2023-03-02,8005068,8003325,17,22,150
2023-03-02,8005068,8005068,34,41,119
2023-03-02,8005090,8001771,14,18,155
2023-03-02,8005090,8003233,27,38,206
2023-03-02,8005090,8003374,10,22,100
2023-03-02,8005090,8005090,53,78,159
2023-03-02,8005101,8002763,20,33,93
2023-03-02,8005101,8003494,1,1,180
2023-03-02,8005101,8004683,14,30,172
2023-03-02,8005101,8005090,1,1,60
2023-03-02,8005101,8005101,36,65,131
2023-03-02,8005255,8001174,13,27,63
2023-03-02,8005255,8003586,1,1,30
2023-03-02,8005255,8004184,11,29,32
2023-03-02,8005255,8005064,6,16,84
2023-03-02,8005255,8005255,38,87,54
2023-03-02,8005255,8006167,8,14,17
2023-03-02,8005317,8000718,9,12,218
2023-03-02,8005317,8001415,5,7,99
2023-03-02,8005317,8001643,20,25,158
2023-03-02,8005317,8002067,2,2,705
2023-03-02,8005317,8002465,1,1,240
2023-03-02,8005317,8004464,20,26,153
2023-03-02,8005317,8005317,58,73,171
2023-03-02,8005364,8000657,15,19,137
2023-03-02,8005364,8000864,20,29,177
2023-03-02,8005364,8004124,3,6,220
2023-03-02,8005364,8005364,43,54,164
2023-03-02,8005371,8000436,7,17,28
2023-03-02,8005371,8005371,14,32,70
2023-03-02,8005371,8005502,2,15,106
2023-03-02,8005490,8000393,1,1,90
2023-03-02,8005490,8005490,2,2,105
2023-03-02,8005490,8006667,1,1,120
2023-03-02,8005560,8004107,0,1,0
2023-03-02,8005560,8005560,0,1,0
2023-03-02,8005644,8000366,18,19,428
2023-03-02,8005644,8005644,37,38,322
2023-03-02,8005644,8005902,19,19,327
2023-03-02,8005688,8000942,2,2,90
2023-03-02,8005688,8002621,4,4,225
2023-03-02,8005688,8005688,6,6,175
2023-03-02,8005723,8004111,1,1,270
2023-03-02,8005723,8005723,1,1,270
2023-03-02,8005764,8070866,0,5,0
2023-03-02,8005836,8001771,10,22,101
2023-03-02,8005836,8003374,12,18,128
2023-03-02,8005836,8005836,21,40,109
2023-03-02,8005871,8001865,12,16,77
2023-03-02,8005871,8003562,11,22,64
2023-03-02,8005871,8005871,37,76,73
2023-03-02,8005871,8006167,26,38,96
2023-03-02,8005876,8001971,4,15,138
2023-03-02,8005876,8002848,30,64,70
2023-03-02,8005876,8004331,31,48,122
2023-03-02,8005876,8005876,62,124,90
2023-03-02,8005902,8003001,18,18,382
2023-03-02,8005902,8005644,19,19,390
2023-03-02,8005902,8005902,35,36,352
2023-03-02,8005911,8000393,1,1,90
2023-03-02,8005911,8001405,1,1,270
2023-03-02,8005911,8005911,2,2,150
2023-03-02,8006167,8001491,21,28,76
2023-03-02,8006167,8004552,0,1,0
2023-03-02,8006167,8005255,11,15,106
2023-03-02,8006167,8005871,25,38,69
2023-03-02,8006167,8006167,41,63,74
2023-03-02,8006167,8500329,0,38,0
2023-03-02,8006272,8000026,27,38,157
2023-03-02,8006272,8001671,0,1,0
2023-03-02,8006272,8002546,18,25,108
2023-03-02,8006272,8004124,4,9,83
2023-03-02,8006272,8006272,49,73,117
2023-03-02,8006321,8000182,1,1,30
2023-03-02,8006321,8004107,1,2,15
2023-03-02,8006321,8006321,3,3,40
2023-03-02,8006628,8003562,2,5,18
2023-03-02,8006628,8006628,4,10,48
2023-03-02,8006628,8070866,4,5,90
2023-03-02,8006629,8002365,18,28,90
2023-03-02,8006629,8002797,25,30,77
2023-03-02,8006629,8006629,42,58,76
2023-03-02,8006667,8000356,0,1,0
2023-03-02,8006667,8003857,1,1,90
2023-03-02,8006667,8006667,1,2,45
2023-03-02,8070866,8005764,4,5,90
2023-03-02,8070866,8006628,0,5,0
2023-03-02,8070866,8070866,3,10,42
2023-03-02,8079056,8000456,1,1,270
2023-03-02,8079056,8079056,1,1,300
2023-03-02,8079616,8000182,1,1,60
2023-03-02,8079616,8001059,1,2,15
2023-03-02,8079616,8005560,0,1,0
2023-03-02,8079616,8079616,2,4,30
2023-03-02,8089119,8004124,3,18,12
2023-03-02,8089119,8089119,1,14,0
2023-03-02,8089119,8700329,1,7,9
2023-03-03,8000077,8000077,57,81,157
2023-03-03,8000077,8000182,11,15,228
2023-03-03,8000077,8000366,35,38,206
2023-03-03,8000077,8001485,1,2,30
2023-03-03,8000077,8002214,6,16,84
2023-03-03,8000077,8003014,11,20,69
2023-03-03,8000182,8000077,7,14,28
2023-03-03,8000182,8000182,47,61,125
2023-03-03,8000182,8000880,9,16,161
2023-03-03,8000182,8002096,1,1,90
2023-03-03,8000182,8002214,14,16,137
2023-03-03,8000182,8004111,9,11,120
2023-03-03,8000182,8006321,2,2,30
2023-03-03,8000182,8079056,1,1,120
2023-03-03,8000333,8000333,31,36,157
2023-03-03,8000333,8000942,1,1,240
2023-03-03,8000333,8002621,17,17,206
2023-03-03,8000333,8003001,13,18,115
2023-03-03,8000356,8000356,1,1,60
2023-03-03,8000356,8005490,1,1,90
2023-03-03,8000366,8000077,24,39,143
2023-03-03,8000366,8000366,34,35,159
2023-03-03,8000366,8003854,2,2,30
2023-03-03,8000366,8003857,1,1,60
2023-03-03,8000366,8005644,16,19,118
2023-03-03,8000393,8000393,2,2,75
2023-03-03,8000393,8005490,1,1,90
2023-03-03,8000393,8005911,1,1,90
2023-03-03,8000412,8000412,29,55,74
2023-03-03,8000412,8001252,27,45,109
2023-03-03,8000412,8005037,20,27,66
2023-03-03,8000436,8000436,6,32,74
2023-03-03,8000436,8000544,6,17,74
2023-03-03,8000436,8005371,6,15,90
2023-03-03,8000456,8000456,1,1,30
2023-03-03,8000456,8004235,1,1,60
2023-03-03,8000463,8000463,37,60,97
2023-03-03,8000463,8001491,14,31,62
2023-03-03,8000463,8003586,14,29,95
2023-03-03,8000544,8000436,2,15,82
2023-03-03,8000544,8000544,9,32,81
2023-03-03,8000544,8001971,4,17,65
2023-03-03,8000596,8000596,34,55,84
2023-03-03,8000596,8000942,4,6,75
2023-03-03,8000596,8002235,10,10,108
2023-03-03,8000596,8003494,7,8,79
2023-03-03,8000596,8005037,19,28,90
2023-03-03,8000657,8000657,25,41,113
2023-03-03,8000657,8004124,13,19,118
2023-03-03,8000657,8005364,11,22,109
2023-03-03,8000718,8000718,55,88,105
2023-03-03,8000718,8001415,4,8,45
2023-03-03,8000718,8002727,34,45,134
2023-03-03,8000718,8004464,19,25,121
2023-03-03,8000718,8005317,5,10,105
2023-03-03,8000864,8000864,37,56,108
2023-03-03,8000864,8001671,6,8,131
2023-03-03,8000864,8004124,1,1,30
2023-03-03,8000864,8005068,13,22,112
2023-03-03,8000864,8005364,14,25,100
2023-03-03,8000932,8000932,36,58,103
2023-03-03,8000932,8005064,19,28,164
2023-03-03,8000932,8005497,14,30,54
2023-03-03,8000942,8000596,6,6,240
2023-03-03,8000942,8000942,19,21,181
2023-03-03,8000942,8002235,2,3,90
2023-03-03,8000942,8002621,7,7,116
2023-03-03,8000942,8005688,4,4,165
2023-03-03,8000965,8000965,0,1,0
2023-03-03,8000965,8002337,0,1,0
2023-03-03,8001059,8000880,0,2,0
2023-03-03,8001059,8001059,1,4,22
2023-03-03,8001059,8079616,1,2,45
2023-03-03,8001174,8001174,30,58,85
2023-03-03,8001174,8005255,10,30,51
2023-03-03,8001174,8005497,14,28,124
2023-03-03,8001262,8001262,37,56,111
2023-03-03,8001262,8002727,15,26,90
2023-03-03,8001262,8004124,18,30,111
2023-03-03,8001405,8001405,2,2,60
2023-03-03,8001405,8005911,1,1,60
2023-03-03,8001415,8000718,4,4,120
2023-03-03,8001415,8001415,48,78,116
2023-03-03,8001415,8001643,0,1,0
2023-03-03,8001415,8001771,10,22,63
2023-03-03,8001415,8002067,1,1,30
2023-03-03,8001415,8002465,13,23,61
2023-03-03,8001415,8003398,14,18,237
2023-03-03,8001415,8005317,9,9,223
2023-03-03,8001479,8000077,0,1,0
2023-03-03,8001479,8001479,0,1,0
2023-03-03,8001482,8001482,2,3,60
2023-03-03,8001482,8001483,1,1,120
2023-03-03,8001482,8001485,1,2,30
2023-03-03,8001483,8001482,1,2,30
2023-03-03,8001483,8001483,2,3,50
2023-03-03,8001483,8003336,1,1,60
2023-03-03,8001485,8000077,2,2,60
2023-03-03,8001485,8001482,1,1,120
2023-03-03,8001485,8001485,3,4,45
2023-03-03,8001485,8003336,0,1,0
2023-03-03,8001491,8000463,22,29,94
2023-03-03,8001491,8001491,39,60,77
2023-03-03,8001491,8006167,17,31,68
2023-03-03,8001643,8001643,33,52,81
2023-03-03,8001643,8002069,16,21,136
2023-03-03,8001643,8002465,1,1,30
2023-03-03,8001643,8005317,18,27,58
2023-03-03,8001671,8000864,5,7,34
2023-03-03,8001671,8001671,30,56,87
2023-03-03,8001671,8001715,12,23,78
2023-03-03,8001671,8002546,4,7,120
2023-03-03,8001671,8003098,11,19,107
2023-03-03,8001715,8001671,12,19,111
2023-03-03,8001715,8001715,26,42,99
2023-03-03,8001715,8002546,13,23,90
2023-03-03,8001771,8000718,0,1,0
2023-03-03,8001771,8001415,13,16,154
2023-03-03,8001771,8001771,48,79,122
2023-03-03,8001771,8003398,11,24,69
2023-03-03,8001771,8005090,10,20,88
2023-03-03,8001771,8005101,1,1,150
2023-03-03,8001771,8005836,12,18,223
2023-03-03,8001865,8001865,14,35,74
2023-03-03,8001865,8002373,0,1,0
2023-03-03,8001865,8004552,2,2,105
2023-03-03,8001865,8005871,3,15,12
2023-03-03,8001865,8503424,7,18,108
2023-03-03,8001971,8000544,3,15,88
2023-03-03,8001971,8001971,7,32,72
2023-03-03,8001971,8005876,3,17,58
2023-03-03,8002067,8001415,1,1,120
2023-03-03,8002067,8002067,7,9,327
2023-03-03,8002067,8002069,2,2,45
2023-03-03,8002067,8002071,3,3,870
2023-03-03,8002067,8005317,2,3,20
2023-03-03,8002068,8002068,110,183,113
2023-03-03,8002068,8002070,36,93,132
2023-03-03,8002068,8003293,49,90,78
2023-03-03,8002069,8001643,15,23,40
2023-03-03,8002069,8002069,28,44,84
2023-03-03,8002069,8002465,1,1,30
2023-03-03,8002071,8001643,1,1,30
2023-03-03,8002071,8002067,1,3,50
2023-03-03,8002071,8002071,4,7,390
2023-03-03,8002071,8002465,2,3,840
2023-03-03,8002096,8000182,2,2,30
2023-03-03,8002096,8000933,3,14,4
2023-03-03,8002096,8002096,21,25,59
2023-03-03,8002096,8004111,6,10,48
2023-03-03,8002123,8000596,1,2,30
2023-03-03,8002123,8002123,22,45,109
2023-03-03,8002123,8003494,8,22,33
2023-03-03,8002214,8000077,11,16,109
2023-03-03,8002214,8000182,8,15,80
2023-03-03,8002214,8002214,20,32,100
2023-03-03,8002214,8003066,0,1,0
2023-03-03,8002235,8000596,9,9,160
2023-03-03,8002235,8000942,5,5,156
2023-03-03,8002235,8002235,20,23,137
2023-03-03,8002235,8002621,7,7,133
2023-03-03,8002235,8004639,0,1,0
2023-03-03,8002337,8000880,0,1,0
2023-03-03,8002337,8002337,1,2,30
2023-03-03,8002365,8000026,20,29,167
2023-03-03,8002365,8002365,47,60,106
2023-03-03,8002365,8006629,26,31,45
2023-03-03,8002373,8001865,1,2,-15
2023-03-03,8002373,8002373,1,3,0
2023-03-03,8002373,8004552,0,1,0
2023-03-03,8002465,8000718,1,1,210
2023-03-03,8002465,8001415,14,21,197
2023-03-03,8002465,8002067,0,1,0
2023-03-03,8002465,8002069,2,2,60
2023-03-03,8002465,8002071,1,4,30
2023-03-03,8002465,8002465,28,44,127
2023-03-03,8002546,8001671,6,6,60
2023-03-03,8002546,8001715,12,19,106
2023-03-03,8002546,8002546,30,55,87
2023-03-03,8002546,8006272,16,30,88
2023-03-03,8002621,8000333,16,18,122
2023-03-03,8002621,8000942,7,7,309
2023-03-03,8002621,8002235,7,8,176
2023-03-03,8002621,8002621,32,35,177
2023-03-03,8002621,8005688,0,2,0
2023-03-03,8002727,8000718,23,42,79
2023-03-03,8002727,8001262,21,30,133
2023-03-03,8002727,8002727,59,87,110
2023-03-03,8002727,8004124,11,15,152
2023-03-03,8002763,8002763,41,77,102
2023-03-03,8002763,8003233,18,39,58
2023-03-03,8002763,8003494,4,8,60
2023-03-03,8002763,8005101,21,30,175
2023-03-03,8002848,8002844,15,64,158
2023-03-03,8002848,8002848,45,127,164
2023-03-03,8002848,8005876,11,63,221
2023-03-03,8003001,8000333,18,18,267
2023-03-03,8003001,8003001,35,36,245
2023-03-03,8003001,8005902,17,18,200
2023-03-03,8003014,8000077,13,19,281
2023-03-03,8003014,8001479,0,1,0
2023-03-03,8003014,8001480,8,20,64
2023-03-03,8003014,8003014,26,40,170
2023-03-03,8003066,8000182,1,1,60
2023-03-03,8003066,8003066,1,1,30
2023-03-03,8003098,8001671,9,22,82
2023-03-03,8003098,8003098,24,41,107
2023-03-03,8003098,8003325,13,19,123
2023-03-03,8003233,8002763,23,38,148
2023-03-03,8003233,8003233,44,77,106
2023-03-03,8003233,8005090,19,39,70
2023-03-03,8003293,8002068,65,93,140
2023-03-03,8003293,8002844,32,63,100
2023-03-03,8003293,8003293,76,128,135
2023-03-03,8003325,8003098,11,22,97
2023-03-03,8003325,8003325,22,41,107
2023-03-03,8003325,8005068,11,19,112
2023-03-03,8003336,8001483,1,2,30
2023-03-03,8003336,8003336,3,4,30
2023-03-03,8003336,8003339,2,2,60
2023-03-03,8003339,8003336,0,2,0
2023-03-03,8003339,8003339,2,4,15
2023-03-03,8003339,8003854,0,2,0
2023-03-03,8003374,8003374,20,40,124
2023-03-03,8003374,8005090,16,18,240
2023-03-03,8003374,8005836,4,22,27
2023-03-03,8003398,8001415,10,24,50
2023-03-03,8003398,8001771,14,18,238
2023-03-03,8003398,8003398,25,42,142
2023-03-03,8003401,8000496,5,15,32
2023-03-03,8003401,8003401,18,33,102
2023-03-03,8003401,8003404,0,1,0
2023-03-03,8003404,8003401,1,2,15
2023-03-03,8003404,8003404,0,3,0
2023-03-03,8003404,8003416,0,1,0
2023-03-03,8003416,8003404,1,2,15
2023-03-03,8003416,8003416,1,3,10
2023-03-03,8003416,8004997,0,1,0
2023-03-03,8003494,8000026,1,1,60
2023-03-03,8003494,8000596,5,8,79
2023-03-03,8003494,8002123,13,23,172
2023-03-03,8003494,8002763,6,6,125
2023-03-03,8003494,8003494,45,81,96
2023-03-03,8003494,8004124,0,1,0
2023-03-03,8003494,8004683,14,32,43
2023-03-03,8003494,8005101,1,1,60
2023-03-03,8003562,8003562,21,43,87
2023-03-03,8003562,8004552,11,17,111
2023-03-03,8003562,8005871,8,21,79
2023-03-03,8003562,8006628,4,5,66
2023-03-03,8003854,8000366,1,2,45
2023-03-03,8003854,8003339,0,2,0
2023-03-03,8003854,8003854,1,4,15
2023-03-03,8003857,8000366,1,1,120
2023-03-03,8003857,8003857,2,2,75
2023-03-03,8003857,8006667,1,1,30
2023-03-03,8004107,8004107,1,3,330
2023-03-03,8004107,8006321,1,1,990
2023-03-03,8004107,8079616,0,2,0
2023-03-03,8004111,8000182,10,10,99
2023-03-03,8004111,8002096,11,12,148
2023-03-03,8004111,8004111,19,22,94
2023-03-03,8004124,8000657,11,22,113
2023-03-03,8004124,8000718,0,1,0
2023-03-03,8004124,8000864,1,1,300
2023-03-03,8004124,8001262,17,26,98
2023-03-03,8004124,8002727,8,16,62
2023-03-03,8004124,8003494,0,1,0
2023-03-03,8004124,8004124,46,82,95
2023-03-03,8004124,8005364,5,7,154
2023-03-03,8004124,8006272,6,8,116
2023-03-03,8004124,8089119,4,19,24
2023-03-03,8004235,8004235,1,1,30
2023-03-03,8004235,8005723,1,1,30
2023-03-03,8004464,8000718,16,27,74
2023-03-03,8004464,8004464,39,52,94
2023-03-03,8004464,8005317,21,25,121
2023-03-03,8004552,8001865,1,2,60
2023-03-03,8004552,8002373,1,2,30
2023-03-03,8004552,8003562,6,16,54
2023-03-03,8004552,8004552,4,5,78
2023-03-03,8004552,8005871,2,2,120
2023-03-03,8004639,8004639,0,1,0
2023-03-03,8004683,8003494,20,30,159
2023-03-03,8004683,8004683,36,62,104
2023-03-03,8004683,8005101,16,32,46
2023-03-03,8004997,8002683,0,1,0
2023-03-03,8004997,8003416,0,2,0
2023-03-03,8004997,8004997,1,3,10
2023-03-03,8005037,8000412,15,28,95
2023-03-03,8005037,8000596,16,27,60
2023-03-03,8005037,8005037,37,55,79
2023-03-03,8005068,8000864,12,19,117
2023-03-03,8005068,8003325,11,22,101
2023-03-03,8005068,8005068,25,41,108
2023-03-03,8005090,8001771,12,18,112
2023-03-03,8005090,8003233,26,38,158
2023-03-03,8005090,8003374,6,22,31
2023-03-03,8005090,8005090,41,78,112
2023-03-03,8005101,8002763,14,33,45
2023-03-03,8005101,8003494,1,1,60
2023-03-03,8005101,8004683,17,30,156
2023-03-03,8005101,8005090,1,1,30
2023-03-03,8005101,8005101,34,65,99
2023-03-03,8005255,8001174,14,28,115
2023-03-03,8005255,8003586,0,1,0
2023-03-03,8005255,8004184,12,30,54
2023-03-03,8005255,8005064,11,16,182
2023-03-03,8005255,8005255,43,89,95
2023-03-03,8005255,8006167,8,14,150
2023-03-03,8005317,8000718,11,12,212
2023-03-03,8005317,8001415,5,7,129
2023-03-03,8005317,8001643,18,25,116
2023-03-03,8005317,8002067,2,2,165
2023-03-03,8005317,8002465,1,1,30
2023-03-03,8005317,8004464,18,27,59
2023-03-03,8005317,8005317,53,74,111
2023-03-03,8005364,8000657,13,19,120
2023-03-03,8005364,8000864,14,29,109
2023-03-03,8005364,8004124,2,6,65
2023-03-03,8005364,8005364,32,54,112
2023-03-03,8005371,8000436,8,17,81
2023-03-03,8005371,8005371,18,32,92
2023-03-03,8005371,8005502,3,15,78
2023-03-03,8005490,8000393,1,1,60
2023-03-03,8005490,8005490,2,2,90
2023-03-03,8005490,8006667,1,1,120
2023-03-03,8005560,8004107,1,1,990
2023-03-03,8005560,8005560,1,1,960
2023-03-03,8005644,8000366,15,19,171
2023-03-03,8005644,8005644,35,38,180
2023-03-03,8005644,8005902,18,19,275
2023-03-03,8005688,8000942,1,2,15
2023-03-03,8005688,8002621,4,4,202
2023-03-03,8005688,8005688,5,6,125
2023-03-03,8005723,8004111,1,1,30
2023-03-03,8005723,8005723,1,1,30
2023-03-03,8005764,8070866,0,5,0
2023-03-03,8005836,8001771,7,22,27
2023-03-03,8005836,8003374,14,18,235
2023-03-03,8005836,8005836,18,40,117
2023-03-03,8005871,8001865,11,16,139
2023-03-03,8005871,8003562,10,22,85
2023-03-03,8005871,8005871,36,76,83
2023-03-03,8005871,8006167,29,38,80
2023-03-03,8005876,8001971,3,15,92
2023-03-03,8005876,8002848,25,64,69
2023-03-03,8005876,8004331,17,49,260
2023-03-03,8005876,8005876,36,125,138
2023-03-03,8005902,8003001,18,18,298
2023-03-03,8005902,8005644,18,19,150
2023-03-03,8005902,8005902,35,36,224
2023-03-03,8005911,8000393,1,1,60
2023-03-03,8005911,8001405,1,1,90
2023-03-03,8005911,8005911,2,2,75
2023-03-03,8006167,8001491,21,29,77
2023-03-03,8006167,8004552,0,1,0
2023-03-03,8006167,8005255,11,15,70
2023-03-03,8006167,8005871,23,38,108
2023-03-03,8006167,8006167,43,63,95
2023-03-03,8006167,8500329,0,38,0
2023-03-03,8006272,8000026,21,38,105
2023-03-03,8006272,8001671,0,1,0
2023-03-03,8006272,8002546,15,25,80
2023-03-03,8006272,8004124,2,9,3
2023-03-03,8006272,8006272,38,73,77
2023-03-03,8006321,8000182,1,1,840
2023-03-03,8006321,8004107,0,2,0
2023-03-03,8006321,8006321,3,3,350
2023-03-03,8006628,8003562,2,5,78
2023-03-03,8006628,8006628,4,10,33
2023-03-03,8006628,8070866,2,5,48
2023-03-03,8006629,8002365,21,29,168
2023-03-03,8006629,8002797,22,31,53
2023-03-03,8006629,8006629,44,60,102
2023-03-03,8006667,8000356,0,1,0
2023-03-03,8006667,8003857,1,1,60
2023-03-03,8006667,8006667,1,2,45
2023-03-03,8070866,8005764,2,5,60
2023-03-03,8070866,8006628,0,5,0
2023-03-03,8070866,8070866,2,10,27
2023-03-03,8079056,8000456,0,1,0
2023-03-03,8079056,8079056,1,1,30
2023-03-03,8079616,8000182,1,1,60
2023-03-03,8079616,8001059,0,2,0
2023-03-03,8079616,8005560,1,1,450
2023-03-03,8079616,8079616,1,4,15
2023-03-03,8089119,8004124,3,18,2
2023-03-03,8089119,8089119,4,14,19
2023-03-03,8089119,8700329,2,7,17
2023-03-04,8000077,8000077,56,77,143
2023-03-04,8000077,8000182,12,15,186
2023-03-04,8000077,8000366,30,37,176
2023-03-04,8000077,8001485,0,2,0
2023-03-04,8000077,8002214,10,11,196
2023-03-04,8000077,8003014,8,18,20
2023-03-04,8000182,8000077,6,14,30
2023-03-04,8000182,8000182,41,53,254
2023-03-04,8000182,8000880,12,16,116
2023-03-04,8000182,8002214,11,13,674
2023-03-04,8000182,8004111,7,9,133
2023-03-04,8000182,8006321,1,1,30
2023-03-04,8000333,8000333,27,35,298
2023-03-04,8000333,8000942,1,1,60
2023-03-04,8000333,8002621,15,17,473
2023-03-04,8000333,8003001,11,17,136
2023-03-04,8000366,8000077,23,36,146
2023-03-04,8000366,8000366,31,33,265
2023-03-04,8000366,8003854,1,2,30
2023-03-04,8000366,8005644,15,18,278
2023-03-04,8000393,8000393,0,1,0
2023-03-04,8000393,8005490,1,1,30
2023-03-04,8000412,8000412,29,53,151
2023-03-04,8000412,8001252,29,41,157
2023-03-04,8000412,8005037,18,26,105
2023-03-04,8000436,8000436,6,31,6
2023-03-04,8000436,8000544,11,16,22
2023-03-04,8000436,8005371,2,15,4
2023-03-04,8000463,8000463,19,37,62
2023-03-04,8000463,8001491,8,19,36
2023-03-04,8000463,8003586,7,18,82
2023-03-04,8000544,8000436,2,15,4
2023-03-04,8000544,8000544,15,31,21
2023-03-04,8000544,8001971,3,16,9
2023-03-04,8000596,8000596,33,54,161
2023-03-04,8000596,8000942,4,6,40
2023-03-04,8000596,8002235,6,10,198
2023-03-04,8000596,8003494,7,8,86
2023-03-04,8000596,8005037,20,28,199
2023-03-04,8000657,8000657,19,40,101
2023-03-04,8000657,8004124,8,19,63
2023-03-04,8000657,8005364,11,21,139
2023-03-04,8000718,8000718,41,75,87
2023-03-04,8000718,8001415,5,8,75
2023-03-04,8000718,8002727,29,39,126
2023-03-04,8000718,8004464,9,19,69
2023-03-04,8000718,8005317,7,9,30
2023-03-04,8000864,8000864,26,53,89
2023-03-04,8000864,8001671,3,7,64
2023-03-04,8000864,8004124,1,1,30
2023-03-04,8000864,8005068,10,21,131
2023-03-04,8000864,8005364,12,24,58
2023-03-04,8000932,8000932,23,36,77
2023-03-04,8000932,8005064,13,17,131
2023-03-04,8000932,8005497,6,19,17
2023-03-04,8000942,8000596,7,7,416
2023-03-04,8000942,8000942,19,21,217
2023-03-04,8000942,8002235,2,3,0
2023-03-04,8000942,8002621,7,7,99
2023-03-04,8000942,8005688,3,4,240
2023-03-04,8001059,8000880,0,1,0
2023-03-04,8001059,8001059,1,3,10
2023-03-04,8001059,8079616,1,2,15
2023-03-04,8001174,8001174,17,36,65
2023-03-04,8001174,8005255,3,19,22
2023-03-04,8001174,8005497,9,17,115
2023-03-04,8001262,8001262,26,42,86
2023-03-04,8001262,8002727,10,19,62
2023-03-04,8001262,8004124,13,23,93
2023-03-04,8001405,8001405,1,1,30
2023-03-04,8001405,8005911,1,1,30
2023-03-04,8001415,8000718,4,4,195
2023-03-04,8001415,8001415,55,71,265
2023-03-04,8001415,8001771,15,20,86
2023-03-04,8001415,8002067,1,1,150
2023-03-04,8001415,8002465,17,19,444
2023-03-04,8001415,8003398,16,17,420
2023-03-04,8001415,8005317,9,10,147
2023-03-04,8001482,8001482,1,3,10
2023-03-04,8001482,8001483,0,1,0
2023-03-04,8001482,8001485,0,2,0
2023-03-04,8001483,8001482,0,2,0
2023-03-04,8001483,8001483,0,3,0
2023-03-04,8001483,8003336,0,1,0
2023-03-04,8001485,8000077,1,2,30
2023-03-04,8001485,8001482,1,1,60
2023-03-04,8001485,8001485,2,4,15
2023-03-04,8001485,8003336,0,1,0
2023-03-04,8001491,8000463,7,18,78
2023-03-04,8001491,8001491,16,37,59
2023-03-04,8001491,8006167,8,19,32
2023-03-04,8001643,8001643,22,41,72
2023-03-04,8001643,8002069,7,19,65
2023-03-04,8001643,8005317,14,22,93
2023-03-04,8001671,8000864,3,6,35
2023-03-04,8001671,8001671,22,53,70
2023-03-04,8001671,8001715,9,21,103
2023-03-04,8001671,8002546,1,7,47
2023-03-04,8001671,8003098,9,19,51
2023-03-04,8001715,8001671,11,19,60
2023-03-04,8001715,8001715,23,40,86
2023-03-04,8001715,8002546,6,21,111
2023-03-04,8001771,8000718,0,1,0
2023-03-04,8001771,8001415,14,17,166
2023-03-04,8001771,8001771,36,38,427
2023-03-04,8001771,8003398,17,19,445
2023-03-04,8001771,8005090,2,2,195
2023-03-04,8001771,8005836,15,16,461
2023-03-04,8001865,8001865,15,32,40
2023-03-04,8001865,8004552,2,2,45
2023-03-04,8001865,8005871,3,15,24
2023-03-04,8001865,8503424,8,16,56
2023-03-04,8001971,8000544,4,15,12
2023-03-04,8001971,8001971,5,31,6
2023-03-04,8001971,8005876,2,16,2
2023-03-04,8002067,8001415,1,1,60
2023-03-04,8002067,8002067,6,6,165
2023-03-04,8002067,8002069,1,1,210
2023-03-04,8002067,8002071,3,3,110
2023-03-04,8002067,8005317,1,1,90
2023-03-04,8002068,8002068,59,123,58
2023-03-04,8002068,8002070,26,63,65
2023-03-04,8002068,8003293,14,60,32
2023-03-04,8002069,8001643,11,22,80
2023-03-04,8002069,8002069,18,41,74
2023-03-04,8002069,8002465,1,1,90
2023-03-04,8002071,8002067,1,1,390
2023-03-04,8002071,8002071,3,4,172
2023-03-04,8002071,8002465,1,3,100
2023-03-04,8002096,8000182,1,1,390
2023-03-04,8002096,8000933,6,9,117
2023-03-04,8002096,8002096,18,18,353
2023-03-04,8002096,8004111,7,8,562
2023-03-04,8002123,8000596,1,1,180
2023-03-04,8002123,8002123,35,40,421
2023-03-04,8002123,8003494,14,19,298
2023-03-04,8002214,8000077,8,13,648
2023-03-04,8002214,8000182,7,11,177
2023-03-04,8002214,8002214,20,24,444
2023-03-04,8002235,8000596,7,9,227
2023-03-04,8002235,8000942,5,5,228
2023-03-04,8002235,8002235,19,23,310
2023-03-04,8002235,8002621,6,7,180
2023-03-04,8002235,8004639,0,1,0
2023-03-04,8002337,8002337,0,1,0
2023-03-04,8002365,8000026,8,18,102
2023-03-04,8002365,8002365,27,37,83
2023-03-04,8002365,8006629,17,19,49
2023-03-04,8002465,8000718,1,1,600
2023-03-04,8002465,8001415,15,19,365
2023-03-04,8002465,8002069,2,2,105
2023-03-04,8002465,8002071,1,1,420
2023-03-04,8002465,8002465,33,38,407
2023-03-04,8002546,8001671,4,6,60
2023-03-04,8002546,8001715,12,19,57
2023-03-04,8002546,8002546,25,53,73
2023-03-04,8002546,8006272,9,28,94
2023-03-04,8002621,8000333,12,18,137
2023-03-04,8002621,8000942,7,7,424
2023-03-04,8002621,8002235,6,8,604
2023-03-04,8002621,8002621,30,35,308
2023-03-04,8002621,8005688,0,2,0
2023-03-04,8002727,8000718,14,35,48
2023-03-04,8002727,8001262,16,23,110
2023-03-04,8002727,8002727,44,74,88
2023-03-04,8002727,8004124,10,16,146
2023-03-04,8002763,8002763,31,38,448
2023-03-04,8002763,8003233,19,20,364
2023-03-04,8002763,8005101,18,18,625
2023-03-04,8002848,8002844,20,63,69
2023-03-04,8002848,8002848,51,123,55
2023-03-04,8002848,8005876,9,60,53
2023-03-04,8003001,8000333,18,18,518
2023-03-04,8003001,8003001,34,35,387
2023-03-04,8003001,8005902,17,17,238
2023-03-04,8003014,8000077,14,18,50
2023-03-04,8003014,8001480,7,18,17
2023-03-04,8003014,8003014,23,36,38
2023-03-04,8003098,8001671,6,21,106
2023-03-04,8003098,8003098,18,40,88
2023-03-04,8003098,8003325,11,19,65
2023-03-04,8003233,8002763,18,18,618
2023-03-04,8003233,8003233,37,38,529
2023-03-04,8003233,8005090,20,20,477
2023-03-04,8003293,8002068,46,63,83
2023-03-04,8003293,8002844,28,60,44
2023-03-04,8003293,8003293,68,123,63
2023-03-04,8003325,8003098,8,21,114
2023-03-04,8003325,8003325,21,40,90
2023-03-04,8003325,8005068,9,19,54
2023-03-04,8003336,8001483,0,2,0
2023-03-04,8003336,8003336,0,4,-8
2023-03-04,8003336,8003339,1,2,15
2023-03-04,8003339,8003336,0,2,-15
2023-03-04,8003339,8003339,1,4,8
2023-03-04,8003339,8003854,0,2,0
2023-03-04,8003374,8003374,33,35,466
2023-03-04,8003374,8005090,16,16,516
2023-03-04,8003374,8005836,18,19,450
2023-03-04,8003398,8001415,16,19,415
2023-03-04,8003398,8001771,16,17,413
2023-03-04,8003398,8003398,32,36,428
2023-03-04,8003401,8000496,1,15,200
2023-03-04,8003401,8003401,15,33,135
2023-03-04,8003401,8003404,0,1,0
2023-03-04,8003404,8003401,1,1,30
2023-03-04,8003404,8003404,1,2,15
2023-03-04,8003404,8003416,0,1,0
2023-03-04,8003416,8003404,1,1,60
2023-03-04,8003416,8003416,1,2,15
2023-03-04,8003416,8004997,0,1,0
2023-03-04,8003494,8000596,7,7,81
2023-03-04,8003494,8002123,21,21,524
2023-03-04,8003494,8003494,33,39,420
2023-03-04,8003494,8004683,14,20,288
2023-03-04,8003562,8003562,6,30,15
2023-03-04,8003562,8004552,3,15,20
2023-03-04,8003562,8005871,3,15,8
2023-03-04,8003854,8000366,1,2,30
2023-03-04,8003854,8003339,0,2,0
2023-03-04,8003854,8003854,2,4,15
2023-03-04,8003857,8000366,1,1,30
2023-03-04,8003857,8003857,1,1,30
2023-03-04,8004107,8004107,0,2,-555
2023-03-04,8004107,8006321,0,1,-2220
2023-03-04,8004107,8079616,0,1,0
2023-03-04,8004111,8000182,8,8,619
2023-03-04,8004111,8002096,9,9,160
2023-03-04,8004111,8004111,16,17,346
2023-03-04,8004124,8000657,11,21,150
2023-03-04,8004124,8000718,0,1,0
2023-03-04,8004124,8000864,0,1,0
2023-03-04,8004124,8001262,10,19,71
2023-03-04,8004124,8002727,7,16,38
2023-03-04,8004124,8003494,0,1,-60
2023-03-04,8004124,8004124,39,72,88
2023-03-04,8004124,8005364,4,6,110
2023-03-04,8004124,8006272,6,7,107
2023-03-04,8004124,8089119,0,21,0
2023-03-04,8004464,8000718,15,22,93
2023-03-04,8004464,8004464,22,41,80
2023-03-04,8004464,8005317,9,19,60
2023-03-04,8004552,8001865,0,2,0
2023-03-04,8004552,8003562,3,15,10
2023-03-04,8004552,8004552,2,3,40
2023-03-04,8004552,8005871,1,1,120
2023-03-04,8004639,8004639,0,1,0
2023-03-04,8004683,8003494,18,18,617
2023-03-04,8004683,8004683,32,38,458
2023-03-04,8004683,8005101,14,20,308
2023-03-04,8004997,8002683,0,1,0
2023-03-04,8004997,8003416,0,1,0
2023-03-04,8004997,8004997,1,2,15
2023-03-04,8005037,8000412,17,28,204
2023-03-04,8005037,8000596,11,26,100
2023-03-04,8005037,8005037,35,54,153
2023-03-04,8005068,8000864,10,19,55
2023-03-04,8005068,8003325,10,21,120
2023-03-04,8005068,8005068,21,40,89
2023-03-04,8005090,8001771,1,1,180
2023-03-04,8005090,8003233,18,18,597
2023-03-04,8005090,8003374,18,19,480
2023-03-04,8005090,8005090,38,38,507
2023-03-04,8005101,8002763,14,20,296
2023-03-04,8005101,8004683,18,18,617
2023-03-04,8005101,8005101,32,38,453
2023-03-04,8005255,8001174,8,17,106
2023-03-04,8005255,8004184,4,19,22
2023-03-04,8005255,8005064,11,15,64
2023-03-04,8005255,8005255,33,65,59
2023-03-04,8005255,8006167,10,14,45
2023-03-04,8005317,8000718,7,11,128
2023-03-04,8005317,8001415,5,6,30
2023-03-04,8005317,8001643,9,19,68
2023-03-04,8005317,8002067,2,2,105
2023-03-04,8005317,8002465,0,1,0
2023-03-04,8005317,8004464,11,22,85
2023-03-04,8005317,8005317,38,61,82
2023-03-04,8005364,8000657,9,19,60
2023-03-04,8005364,8000864,12,27,121
2023-03-04,8005364,8004124,3,5,42
2023-03-04,8005364,8005364,28,51,98
2023-03-04,8005371,8000436,9,16,28
2023-03-04,8005371,8005371,12,31,19
2023-03-04,8005371,8005502,0,15,0
2023-03-04,8005490,8005490,1,1,30
2023-03-04,8005490,8006667,0,1,0
2023-03-04,8005560,8004107,0,1,0
2023-03-04,8005560,8005560,0,1,0
2023-03-04,8005644,8000366,14,17,266
2023-03-04,8005644,8005644,34,35,329
2023-03-04,8005644,8005902,18,18,470
2023-03-04,8005688,8000942,2,2,30
2023-03-04,8005688,8002621,3,4,248
2023-03-04,8005688,8005688,5,6,175
2023-03-04,8005836,8001771,18,19,464
2023-03-04,8005836,8003374,15,16,467
2023-03-04,8005836,8005836,33,35,462
2023-03-04,8005871,8001865,10,15,82
2023-03-04,8005871,8003562,2,15,22
2023-03-04,8005871,8005871,23,61,39
2023-03-04,8005871,8006167,18,31,40
2023-03-04,8005876,8001971,5,15,12
2023-03-04,8005876,8002848,28,63,26
2023-03-04,8005876,8004331,15,45,54
2023-03-04,8005876,8005876,34,119,31
2023-03-04,8005902,8003001,18,18,537
2023-03-04,8005902,8005644,17,17,251
2023-03-04,8005902,8005902,34,35,359
2023-03-04,8005911,8000393,0,1,0
2023-03-04,8005911,8005911,1,1,30
2023-03-04,8006167,8001491,9,18,88
2023-03-04,8006167,8005255,12,14,43
2023-03-04,8006167,8005871,15,30,51
2023-03-04,8006167,8006167,35,58,40
2023-03-04,8006167,8500329,0,37,0
2023-03-04,8006272,8000026,18,35,103
2023-03-04,8006272,8002546,17,25,50
2023-03-04,8006272,8004124,4,9,20
2023-03-04,8006272,8006272,35,69,70
2023-03-04,8006321,8000182,0,1,-120
2023-03-04,8006321,8004107,0,1,0
2023-03-04,8006321,8006321,1,2,-540
2023-03-04,8006629,8002365,10,18,115
2023-03-04,8006629,8002797,13,19,58
2023-03-04,8006629,8006629,24,37,78
2023-03-04,8006667,8003857,0,1,0
2023-03-04,8006667,8006667,0,1,0
2023-03-04,8079616,8000182,0,1,0
2023-03-04,8079616,8001059,0,1,0
2023-03-04,8079616,8005560,0,1,0
2023-03-04,8079616,8079616,0,3,0
2023-03-04,8089119,8004124,0,18,-8
2023-03-04,8089119,8089119,0,12,0
2023-03-04,8089119,8700329,0,6,-5
2023-03-05,8000077,8000077,56,73,122
2023-03-05,8000077,8000182,7,15,110
2023-03-05,8000077,8000366,31,34,176
2023-03-05,8000077,8001485,1,2,165
2023-03-05,8000077,8002214,7,12,35
2023-03-05,8000077,8003014,9,16,56
2023-03-05,8000182,8000077,7,14,69
2023-03-05,8000182,8000182,36,53,92
2023-03-05,8000182,8000880,7,17,79
2023-03-05,8000182,8002214,11,12,150
2023-03-05,8000182,8004111,5,9,43
2023-03-05,8000182,8006321,1,1,30
2023-03-05,8000333,8000333,22,35,111
2023-03-05,8000333,8000942,1,1,210
2023-03-05,8000333,8002621,13,16,186
2023-03-05,8000333,8003001,11,18,45
2023-03-05,8000356,8000356,1,1,60
2023-03-05,8000356,8005490,1,1,90
2023-03-05,8000366,8000077,25,37,88
2023-03-05,8000366,8000366,22,33,100
2023-03-05,8000366,8003857,1,1,60
2023-03-05,8000366,8005644,11,17,131
2023-03-05,8000393,8000393,1,1,90
2023-03-05,8000393,8005911,1,1,120
2023-03-05,8000412,8000412,27,48,91
2023-03-05,8000412,8001252,21,36,156
2023-03-05,8000412,8005037,18,27,68
2023-03-05,8000436,8000436,17,28,163
2023-03-05,8000436,8000544,10,15,34
2023-03-05,8000436,8005371,5,13,256
2023-03-05,8000463,8000463,13,35,27
2023-03-05,8000463,8001491,6,18,42
2023-03-05,8000463,8003586,5,17,12
2023-03-05,8000544,8000436,6,13,316
2023-03-05,8000544,8000544,10,28,155
2023-03-05,8000544,8001971,5,15,22
2023-03-05,8000596,8000596,32,54,87
2023-03-05,8000596,8000942,3,6,45
2023-03-05,8000596,8002235,7,10,69
2023-03-05,8000596,8003494,4,8,22
2023-03-05,8000596,8005037,18,27,110
2023-03-05,8000657,8000657,18,38,87
2023-03-05,8000657,8004124,7,18,57
2023-03-05,8000657,8005364,12,20,118
2023-03-05,8000718,8000718,38,73,73
2023-03-05,8000718,8001415,3,8,11
2023-03-05,8000718,8002727,26,37,109
2023-03-05,8000718,8004464,12,19,58
2023-03-05,8000718,8005317,4,9,57
2023-03-05,8000864,8000864,30,52,81
2023-03-05,8000864,8001671,2,7,21
2023-03-05,8000864,8004124,0,1,0
2023-03-05,8000864,8005068,14,20,123
2023-03-05,8000864,8005364,13,24,66
2023-03-05,8000932,8000932,11,34,31
2023-03-05,8000932,8005064,6,16,22
2023-03-05,8000932,8005497,4,18,37
2023-03-05,8000942,8000596,6,7,103
2023-03-05,8000942,8000942,16,20,96
2023-03-05,8000942,8002235,1,2,90
2023-03-05,8000942,8002621,7,7,103
2023-03-05,8000942,8005688,3,4,90
2023-03-05,8001059,8000880,0,1,0
2023-03-05,8001059,8001059,2,3,320
2023-03-05,8001059,8079616,2,2,480
2023-03-05,8001174,8001174,5,34,21
2023-03-05,8001174,8005255,3,18,30
2023-03-05,8001174,8005497,1,16,8
2023-03-05,8001262,8001262,26,40,100
2023-03-05,8001262,8002727,8,19,49
2023-03-05,8001262,8004124,16,21,133
2023-03-05,8001405,8001405,1,1,180
2023-03-05,8001415,8000718,4,4,45
2023-03-05,8001415,8001415,41,68,167
2023-03-05,8001415,8001771,9,19,44
2023-03-05,8001415,8002067,0,1,0
2023-03-05,8001415,8002465,15,19,314
2023-03-05,8001415,8003398,16,17,274
2023-03-05,8001415,8005317,8,9,70
2023-03-05,8001482,8001482,1,1,30
2023-03-05,8001482,8001483,0,1,0
2023-03-05,8001483,8001483,0,1,0
2023-03-05,8001483,8003336,0,1,0
2023-03-05,8001485,8001482,1,1,60
2023-03-05,8001485,8001485,2,2,180
2023-03-05,8001485,8003336,1,1,300
2023-03-05,8001491,8000463,6,17,12
2023-03-05,8001491,8001491,15,35,33
2023-03-05,8001491,8006167,7,18,38
2023-03-05,8001643,8001643,19,39,85
2023-03-05,8001643,8002069,9,19,58
2023-03-05,8001643,8005317,14,20,126
2023-03-05,8001671,8000864,4,6,30
2023-03-05,8001671,8001671,25,52,59
2023-03-05,8001671,8001715,7,20,75
2023-03-05,8001671,8002546,2,7,9
2023-03-05,8001671,8003098,7,19,57
2023-03-05,8001715,8001671,12,19,71
2023-03-05,8001715,8001715,21,39,76
2023-03-05,8001715,8002546,6,20,78
2023-03-05,8001771,8000718,0,1,0
2023-03-05,8001771,8001415,8,15,90
2023-03-05,8001771,8001771,32,37,272
2023-03-05,8001771,8003398,16,19,316
2023-03-05,8001771,8005090,2,2,255
2023-03-05,8001771,8005836,13,16,206
2023-03-05,8001865,8001865,15,32,45
2023-03-05,8001865,8004552,2,2,30
2023-03-05,8001865,8005871,5,15,26
2023-03-05,8001865,8503424,8,16,54
2023-03-05,8001971,8000544,8,13,335
2023-03-05,8001971,8001971,19,28,186
2023-03-05,8001971,8005876,10,15,42
2023-03-05,8002067,8001415,0,1,0
2023-03-05,8002067,8002067,4,5,336
2023-03-05,8002067,8002069,1,1,660
2023-03-05,8002067,8002071,2,2,585
2023-03-05,8002067,8005317,0,1,0
2023-03-05,8002068,8002068,73,119,160
2023-03-05,8002068,8002070,49,62,216
2023-03-05,8002068,8003293,29,57,109
2023-03-05,8002069,8001643,12,20,116
2023-03-05,8002069,8002069,21,39,85
2023-03-05,8002069,8002465,1,1,60
2023-03-05,8002071,8002067,1,1,480
2023-03-05,8002071,8002071,3,3,530
2023-03-05,8002071,8002465,2,2,570
2023-03-05,8002096,8000182,1,1,420
2023-03-05,8002096,8000933,3,9,13
2023-03-05,8002096,8002096,14,18,77
2023-03-05,8002096,8004111,5,8,56
2023-03-05,8002123,8002123,30,39,205
2023-03-05,8002123,8003494,11,19,164
2023-03-05,8002214,8000077,9,12,148
2023-03-05,8002214,8000182,8,12,42
2023-03-05,8002214,8002214,15,24,90
2023-03-05,8002235,8000596,9,9,257
2023-03-05,8002235,8000942,4,5,90
2023-03-05,8002235,8002235,17,22,147
2023-03-05,8002235,8002621,7,7,81
2023-03-05,8002337,8002337,1,1,540
2023-03-05,8002365,8000026,2,17,11
2023-03-05,8002365,8002365,15,35,28
2023-03-05,8002365,8006629,13,18,42
2023-03-05,8002465,8000718,1,1,600
2023-03-05,8002465,8001415,15,18,260
2023-03-05,8002465,8002069,2,2,270
2023-03-05,8002465,8002071,1,1,450
2023-03-05,8002465,8002465,31,37,286
2023-03-05,8002546,8001671,6,6,70
2023-03-05,8002546,8001715,13,19,71
2023-03-05,8002546,8002546,25,52,59
2023-03-05,8002546,8006272,10,27,58
2023-03-05,8002621,8000333,12,18,62
2023-03-05,8002621,8000942,5,7,94
2023-03-05,8002621,8002235,6,8,270
2023-03-05,8002621,8002621,28,34,131
2023-03-05,8002621,8005688,0,1,0
2023-03-05,8002727,8000718,15,35,42
2023-03-05,8002727,8001262,16,21,137
2023-03-05,8002727,8002727,43,72,77
2023-03-05,8002727,8004124,4,16,64
2023-03-05,8002763,8002763,29,37,294
2023-03-05,8002763,8003233,15,19,300
2023-03-05,8002763,8005101,18,18,335
2023-03-05,8002848,8002844,31,62,195
2023-03-05,8002848,8002848,78,119,189
2023-03-05,8002848,8005876,37,57,214
2023-03-05,8003001,8000333,16,17,245
2023-03-05,8003001,8003001,32,35,182
2023-03-05,8003001,8005902,16,18,77
2023-03-05,8003014,8000077,12,16,182
2023-03-05,8003014,8001480,8,16,58
2023-03-05,8003014,8003014,26,32,129
2023-03-05,8003098,8001671,9,20,88
2023-03-05,8003098,8003098,23,39,84
2023-03-05,8003098,8003325,13,19,71
2023-03-05,8003233,8002763,18,18,313
2023-03-05,8003233,8003233,34,37,324
2023-03-05,8003233,8005090,18,19,362
2023-03-05,8003293,8002068,43,62,204
2023-03-05,8003293,8002844,30,57,105
2023-03-05,8003293,8003293,72,119,155
2023-03-05,8003325,8003098,11,20,100
2023-03-05,8003325,8003325,22,39,85
2023-03-05,8003325,8005068,10,19,62
2023-03-05,8003336,8003336,1,2,150
2023-03-05,8003336,8003339,1,2,150
2023-03-05,8003339,8003339,1,2,150
2023-03-05,8003339,8003854,1,2,150
2023-03-05,8003374,8003374,30,35,270
2023-03-05,8003374,8005090,14,16,249
2023-03-05,8003374,8005836,17,19,319
2023-03-05,8003398,8001415,15,19,284
2023-03-05,8003398,8001771,16,17,270
2023-03-05,8003398,8003398,31,36,292
2023-03-05,8003401,8000496,1,16,4
2023-03-05,8003401,8003401,15,34,53
2023-03-05,8003401,8003404,0,1,0
2023-03-05,8003404,8003401,1,1,60
2023-03-05,8003404,8003404,1,2,30
2023-03-05,8003404,8003416,0,1,0
2023-03-05,8003416,8003404,1,1,60
2023-03-05,8003416,8003416,1,2,15
2023-03-05,8003416,8004997,0,1,0
2023-03-05,8003494,8000596,4,7,51
2023-03-05,8003494,8002123,20,20,282
2023-03-05,8003494,8002757,1,1,540
2023-03-05,8003494,8003494,29,39,261
2023-03-05,8003494,8004124,1,1,120
2023-03-05,8003494,8004683,11,19,234
2023-03-05,8003562,8003562,4,30,43
2023-03-05,8003562,8004552,3,15,84
2023-03-05,8003562,8005871,0,15,0
2023-03-05,8003854,8000366,2,2,165
2023-03-05,8003854,8003854,2,2,165
2023-03-05,8003857,8003857,1,1,60
2023-03-05,8003857,8006667,1,1,60
2023-03-05,8004107,8004107,1,2,30
2023-03-05,8004107,8006321,1,1,30
2023-03-05,8004107,8079616,1,1,30
2023-03-05,8004111,8000182,8,8,79
2023-03-05,8004111,8002096,8,9,87
2023-03-05,8004111,8004111,13,17,62
2023-03-05,8004124,8000657,12,20,123
2023-03-05,8004124,8000718,0,1,0
2023-03-05,8004124,8000864,1,1,30
2023-03-05,8004124,8001262,9,19,54
2023-03-05,8004124,8002727,7,16,36
2023-03-05,8004124,8004124,33,72,61
2023-03-05,8004124,8005364,4,6,65
2023-03-05,8004124,8006272,4,8,79
2023-03-05,8004124,8089119,3,20,12
2023-03-05,8004464,8000718,15,20,128
2023-03-05,8004464,8004464,27,39,96
2023-03-05,8004464,8005317,8,19,47
2023-03-05,8004552,8001865,2,2,510
2023-03-05,8004552,8003562,0,15,0
2023-03-05,8004552,8004552,3,3,250
2023-03-05,8004552,8005871,0,1,0
2023-03-05,8004683,8003494,18,18,318
2023-03-05,8004683,8004683,27,37,289
2023-03-05,8004683,8005101,9,19,253
2023-03-05,8004997,8002683,0,1,0
2023-03-05,8004997,8003416,1,1,30
2023-03-05,8004997,8004997,1,2,30
2023-03-05,8005037,8000412,15,27,110
2023-03-05,8005037,8000596,13,27,58
2023-03-05,8005037,8005037,34,54,86
2023-03-05,8005068,8000864,8,19,63
2023-03-05,8005068,8003325,12,20,110
2023-03-05,8005068,8005068,23,39,87
2023-03-05,8005090,8003233,17,18,322
2023-03-05,8005090,8003374,17,19,306
2023-03-05,8005090,8005090,35,37,322
2023-03-05,8005101,8002763,13,19,259
2023-03-05,8005101,8004683,18,18,312
2023-03-05,8005101,8005101,28,37,289
2023-03-05,8005255,8001174,1,16,8
2023-03-05,8005255,8004184,3,18,28
2023-03-05,8005255,8005064,6,15,32
2023-03-05,8005255,8005255,19,63,30
2023-03-05,8005255,8006167,8,14,30
2023-03-05,8005317,8000718,6,11,55
2023-03-05,8005317,8001415,2,6,45
2023-03-05,8005317,8001643,9,19,57
2023-03-05,8005317,8002067,2,2,285
2023-03-05,8005317,8002465,0,1,0
2023-03-05,8005317,8004464,15,20,129
2023-03-05,8005317,8005317,37,59,81
2023-03-05,8005364,8000657,7,18,60
2023-03-05,8005364,8000864,14,26,96
2023-03-05,8005364,8004124,3,6,45
2023-03-05,8005364,8005364,29,50,85
2023-03-05,8005371,8000436,12,15,46
2023-03-05,8005371,8005371,12,28,134
2023-03-05,8005371,8005502,6,13,258
2023-03-05,8005490,8000393,1,1,90
2023-03-05,8005490,8005490,1,1,90
2023-03-05,8005560,8004107,1,1,60
2023-03-05,8005560,8005560,1,1,30
2023-03-05,8005644,8000366,8,18,65
2023-03-05,8005644,8005644,27,35,130
2023-03-05,8005644,8005902,17,17,251
2023-03-05,8005688,8000942,0,1,0
2023-03-05,8005688,8002621,4,4,98
2023-03-05,8005688,8005688,3,5,72
2023-03-05,8005836,8001771,15,19,325
2023-03-05,8005836,8003374,12,16,214
2023-03-05,8005836,8005836,29,35,270
2023-03-05,8005871,8001865,9,15,46
2023-03-05,8005871,8003562,3,15,88
2023-03-05,8005871,8005871,17,61,39
2023-03-05,8005871,8006167,13,31,25
2023-03-05,8005876,8001971,13,13,429
2023-03-05,8005876,8002848,37,62,166
2023-03-05,8005876,8004331,25,34,234
2023-03-05,8005876,8005876,75,94,216
2023-03-05,8005902,8003001,17,17,281
2023-03-05,8005902,8005644,10,18,57
2023-03-05,8005902,8005902,26,35,158
2023-03-05,8005911,8001405,1,1,180
2023-03-05,8005911,8005911,1,1,150
2023-03-05,8006167,8001491,9,17,26
2023-03-05,8006167,8005255,10,14,26
2023-03-05,8006167,8005871,12,30,63
2023-03-05,8006167,8006167,28,58,35
2023-03-05,8006167,8500329,0,37,0
2023-03-05,8006272,8000026,20,35,74
2023-03-05,8006272,8002546,16,25,59
2023-03-05,8006272,8004124,2,8,-45
2023-03-05,8006272,8006272,32,68,52
2023-03-05,8006321,8000182,0,1,0
2023-03-05,8006321,8004107,1,1,30
2023-03-05,8006321,8006321,2,2,45
2023-03-05,8006629,8002365,2,17,9
2023-03-05,8006629,8002797,9,18,60
2023-03-05,8006629,8006629,13,35,28
2023-03-05,8006667,8000356,1,1,30
2023-03-05,8006667,8006667,1,1,60
2023-03-05,8079616,8000182,1,1,900
2023-03-05,8079616,8001059,0,1,0
2023-03-05,8079616,8005560,1,1,30
2023-03-05,8079616,8079616,3,3,330
2023-03-05,8089119,8004124,4,18,50
2023-03-05,8089119,8089119,6,12,108
2023-03-05,8089119,8700329,3,6,70
2023-03-06,8000077,8000077,57,81,107
2023-03-06,8000077,8000182,12,15,208
2023-03-06,8000077,8000366,31,38,95
2023-03-06,8000077,8001485,1,2,15
2023-03-06,8000077,8002214,10,16,82
2023-03-06,8000077,8003014,13,20,72
2023-03-06,8000182,8000077,4,14,19
2023-03-06,8000182,8000182,46,61,121
2023-03-06,8000182,8000880,9,16,139
2023-03-06,8000182,8002096,1,1,60
2023-03-06,8000182,8002214,13,16,174
2023-03-06,8000182,8004111,10,11,120
2023-03-06,8000182,8006321,0,2,0
2023-03-06,8000182,8079056,1,1,240
2023-03-06,8000333,8000333,26,36,151
2023-03-06,8000333,8000942,1,1,180
2023-03-06,8000333,8002621,15,17,116
2023-03-06,8000333,8003001,13,18,190
2023-03-06,8000356,8000356,1,1,30
2023-03-06,8000356,8005490,1,1,30
2023-03-06,8000366,8000077,29,39,135
2023-03-06,8000366,8000366,24,35,124
2023-03-06,8000366,8003854,1,2,15
2023-03-06,8000366,8003857,0,1,0
2023-03-06,8000366,8005644,13,19,62
2023-03-06,8000393,8000393,2,2,30
2023-03-06,8000393,8005490,1,1,30
2023-03-06,8000393,8005911,1,1,60
2023-03-06,8000412,8000412,31,55,158
2023-03-06,8000412,8001252,33,45,165
2023-03-06,8000412,8005037,18,28,144
2023-03-06,8000436,8000436,4,32,8
2023-03-06,8000436,8000544,7,17,19
2023-03-06,8000436,8005371,2,15,6
2023-03-06,8000456,8000456,1,1,30
2023-03-06,8000456,8004235,1,1,60
2023-03-06,8000463,8000463,34,58,45
2023-03-06,8000463,8001491,14,30,38
2023-03-06,8000463,8003586,18,28,50
2023-03-06,8000544,8000436,2,15,6
2023-03-06,8000544,8000544,10,32,16
2023-03-06,8000544,8001971,1,17,5
2023-03-06,8000596,8000596,37,56,162
2023-03-06,8000596,8000942,4,6,170
2023-03-06,8000596,8002235,6,10,57
2023-03-06,8000596,8003494,5,8,68
2023-03-06,8000596,8005037,18,28,175
2023-03-06,8000657,8000657,26,41,296
2023-03-06,8000657,8004124,10,19,278
2023-03-06,8000657,8005364,15,22,312
2023-03-06,8000718,8000718,54,87,268
2023-03-06,8000718,8001415,6,8,315
2023-03-06,8000718,8002727,35,44,313
2023-03-06,8000718,8004464,14,25,233
2023-03-06,8000718,8005317,5,10,234
2023-03-06,8000864,8000864,40,56,305
2023-03-06,8000864,8001671,7,8,386
2023-03-06,8000864,8004124,1,1,270
2023-03-06,8000864,8005068,15,22,305
2023-03-06,8000864,8005364,16,25,275
2023-03-06,8000932,8000932,38,56,51
2023-03-06,8000932,8005064,17,27,48
2023-03-06,8000932,8005497,15,29,42
2023-03-06,8000942,8000596,6,6,115
2023-03-06,8000942,8000942,19,21,213
2023-03-06,8000942,8002235,2,3,80
2023-03-06,8000942,8002621,6,7,236
2023-03-06,8000942,8005688,4,4,420
2023-03-06,8000965,8000965,1,1,120
2023-03-06,8000965,8002337,1,1,60
2023-03-06,8001059,8000880,0,2,0
2023-03-06,8001059,8001059,2,4,22
2023-03-06,8001059,8079616,2,2,45
2023-03-06,8001174,8001174,27,56,39
2023-03-06,8001174,8005255,11,29,31
2023-03-06,8001174,8005497,12,27,38
2023-03-06,8001262,8001262,33,55,246
2023-03-06,8001262,8002727,12,26,203
2023-03-06,8001262,8004124,20,29,275
2023-03-06,8001405,8001405,1,2,105
2023-03-06,8001405,8005911,0,1,0
2023-03-06,8001415,8000718,4,5,546
2023-03-06,8001415,8001415,58,80,215
2023-03-06,8001415,8001643,1,1,60
2023-03-06,8001415,8001771,16,22,251
2023-03-06,8001415,8002067,0,1,0
2023-03-06,8001415,8002465,17,23,189
2023-03-06,8001415,8003398,14,18,143
2023-03-06,8001415,8005317,9,9,273
2023-03-06,8001479,8000077,1,1,30
2023-03-06,8001479,8001479,0,1,0
2023-03-06,8001482,8001482,1,3,20
2023-03-06,8001482,8001483,0,1,0
2023-03-06,8001482,8001485,0,2,0
2023-03-06,8001483,8001482,0,2,0
2023-03-06,8001483,8001483,0,3,0
2023-03-06,8001483,8003336,0,1,0
2023-03-06,8001485,8000077,0,2,0
2023-03-06,8001485,8001482,1,1,90
2023-03-06,8001485,8001485,1,4,15
2023-03-06,8001485,8003336,0,1,0
2023-03-06,8001491,8000463,18,28,44
2023-03-06,8001491,8001491,35,58,41
2023-03-06,8001491,8006167,15,30,36
2023-03-06,8001643,8001643,31,51,233
2023-03-06,8001643,8002069,10,21,263
2023-03-06,8001643,8002465,1,1,90
2023-03-06,8001643,8005317,20,26,247
2023-03-06,8001671,8000864,6,7,279
2023-03-06,8001671,8001671,39,56,306
2023-03-06,8001671,8001715,16,23,339
2023-03-06,8001671,8002546,6,7,309
2023-03-06,8001671,8003098,13,19,232
2023-03-06,8001715,8001671,14,19,223
2023-03-06,8001715,8001715,30,42,261
2023-03-06,8001715,8002546,17,23,363
2023-03-06,8001771,8000718,0,1,0
2023-03-06,8001771,8001415,13,16,308
2023-03-06,8001771,8001771,58,79,225
2023-03-06,8001771,8003398,15,24,198
2023-03-06,8001771,8005090,13,20,290
2023-03-06,8001771,8005101,1,1,30
2023-03-06,8001771,8005836,14,18,150
2023-03-06,8001865,8001865,14,35,37
2023-03-06,8001865,8002373,0,1,0
2023-03-06,8001865,8004552,2,2,90
2023-03-06,8001865,8005871,2,15,20
2023-03-06,8001865,8503424,8,18,32
2023-03-06,8001971,8000544,3,15,14
2023-03-06,8001971,8001971,3,32,8
2023-03-06,8001971,8005876,2,17,9
2023-03-06,8002067,8001415,1,1,360
2023-03-06,8002067,8002067,5,9,177
2023-03-06,8002067,8002069,1,2,720
2023-03-06,8002067,8002071,0,3,0
2023-03-06,8002067,8005317,2,3,100
2023-03-06,8002068,8002068,107,182,47
2023-03-06,8002068,8002070,41,93,29
2023-03-06,8002068,8003293,36,89,51
2023-03-06,8002069,8001643,18,22,250
2023-03-06,8002069,8002069,29,43,255
2023-03-06,8002069,8002465,1,1,240
2023-03-06,8002071,8001643,1,1,120
2023-03-06,8002071,8002067,2,3,20
2023-03-06,8002071,8002071,2,7,17
2023-03-06,8002071,8002465,1,3,10
2023-03-06,8002096,8000182,2,2,285
2023-03-06,8002096,8000933,6,14,73
2023-03-06,8002096,8002096,24,25,108
2023-03-06,8002096,8004111,6,10,72
2023-03-06,8002123,8000596,2,2,45
2023-03-06,8002123,8002123,31,45,186
2023-03-06,8002123,8003494,15,22,160
2023-03-06,8002214,8000077,12,16,161
2023-03-06,8002214,8000182,8,15,84
2023-03-06,8002214,8002214,21,32,127
2023-03-06,8002214,8003066,1,1,210
2023-03-06,8002235,8000596,8,9,110
2023-03-06,8002235,8000942,5,5,318
2023-03-06,8002235,8002235,15,21,79
2023-03-06,8002235,8002621,6,7,99
2023-03-06,8002235,8004639,0,1,0
2023-03-06,8002337,8000880,1,1,30
2023-03-06,8002337,8002337,1,2,15
2023-03-06,8002365,8000026,12,28,36
2023-03-06,8002365,8002365,37,58,52
2023-03-06,8002365,8006629,24,30,58
2023-03-06,8002373,8001865,2,2,45
2023-03-06,8002373,8002373,2,3,50
2023-03-06,8002373,8004552,1,1,60
2023-03-06,8002465,8001415,17,21,120
2023-03-06,8002465,8002067,1,1,1050
2023-03-06,8002465,8002069,2,2,405
2023-03-06,8002465,8002071,2,4,22
2023-03-06,8002465,8002465,34,44,153
2023-03-06,8002546,8001671,5,6,385
2023-03-06,8002546,8001715,13,19,99
2023-03-06,8002546,8002546,43,55,268
2023-03-06,8002546,8006272,24,30,349
2023-03-06,8002621,8000333,13,18,200
2023-03-06,8002621,8000942,7,7,137
2023-03-06,8002621,8002235,5,8,98
2023-03-06,8002621,8002621,29,35,171
2023-03-06,8002621,8005688,2,2,45
2023-03-06,8002727,8000718,24,42,231
2023-03-06,8002727,8001262,22,29,282
2023-03-06,8002727,8002727,58,86,279
2023-03-06,8002727,8004124,11,15,426
2023-03-06,8002763,8002763,47,77,228
2023-03-06,8002763,8003233,21,39,204
2023-03-06,8002763,8003494,7,8,431
2023-03-06,8002763,8005101,18,30,205
2023-03-06,8002848,8002844,12,64,15
2023-03-06,8002848,8002848,39,126,34
2023-03-06,8002848,8005876,14,62,43
2023-03-06,8003001,8000333,16,18,175
2023-03-06,8003001,8003001,32,36,224
2023-03-06,8003001,8005902,16,18,235
2023-03-06,8003014,8000077,14,19,84
2023-03-06,8003014,8001479,0,1,0
2023-03-06,8003014,8001480,13,20,78
2023-03-06,8003014,8003014,31,40,80
2023-03-06,8003066,8000182,1,1,210
2023-03-06,8003066,8003066,1,1,210
2023-03-06,8003098,8001671,13,22,372
2023-03-06,8003098,8003098,26,41,285
2023-03-06,8003098,8003325,12,19,242
2023-03-06,8003233,8002763,27,38,245
2023-03-06,8003233,8003233,45,77,220
2023-03-06,8003233,8005090,23,39,217
2023-03-06,8003293,8002068,63,93,30
2023-03-06,8003293,8002844,36,62,80
2023-03-06,8003293,8003293,76,127,44
2023-03-06,8003325,8003098,15,22,285
2023-03-06,8003325,8003325,30,41,265
2023-03-06,8003325,8005068,13,19,235
2023-03-06,8003336,8001483,0,2,0
2023-03-06,8003336,8003336,1,4,8
2023-03-06,8003336,8003339,2,2,30
2023-03-06,8003339,8003336,0,2,0
2023-03-06,8003339,8003339,1,4,8
2023-03-06,8003339,8003854,0,2,0
2023-03-06,8003374,8003374,26,40,171
2023-03-06,8003374,8005090,14,18,162
2023-03-06,8003374,8005836,12,22,169
2023-03-06,8003398,8001415,16,24,179
2023-03-06,8003398,8001771,15,18,152
2023-03-06,8003398,8003398,29,42,176
2023-03-06,8003401,8000496,3,16,47
2023-03-06,8003401,8003401,15,34,97
2023-03-06,8003401,8003404,0,1,0
2023-03-06,8003404,8003401,1,2,15
2023-03-06,8003404,8003404,0,3,0
2023-03-06,8003404,8003416,0,1,0
2023-03-06,8003416,8003404,1,2,15
2023-03-06,8003416,8003416,1,3,10
2023-03-06,8003416,8004997,0,1,0
2023-03-06,8003494,8000596,7,8,495
2023-03-06,8003494,8002123,16,23,218
2023-03-06,8003494,8002763,3,6,470
2023-03-06,8003494,8003494,51,80,278
2023-03-06,8003494,8004124,1,1,3510
2023-03-06,8003494,8004683,16,32,130
2023-03-06,8003494,8005101,0,1,0
2023-03-06,8003562,8003562,19,43,22
2023-03-06,8003562,8004552,7,17,21
2023-03-06,8003562,8005871,9,21,23
2023-03-06,8003562,8006628,4,5,42
2023-03-06,8003854,8000366,1,2,15
2023-03-06,8003854,8003339,0,2,0
2023-03-06,8003854,8003854,0,4,0
2023-03-06,8003857,8000366,1,1,30
2023-03-06,8003857,8003857,1,2,30
2023-03-06,8003857,8006667,0,1,0
2023-03-06,8004107,8004107,1,3,20
2023-03-06,8004107,8006321,1,1,30
2023-03-06,8004107,8079616,0,2,0
2023-03-06,8004111,8000182,10,10,108
2023-03-06,8004111,8002096,12,12,145
2023-03-06,8004111,8004111,18,22,105
2023-03-06,8004124,8000657,15,22,320
2023-03-06,8004124,8000718,1,1,60
2023-03-06,8004124,8000864,1,1,750
2023-03-06,8004124,8001262,13,26,211
2023-03-06,8004124,8002727,10,16,285
2023-03-06,8004124,8003494,0,1,-120
2023-03-06,8004124,8004124,51,81,316
2023-03-06,8004124,8005364,7,7,394
2023-03-06,8004124,8006272,4,8,716
2023-03-06,8004124,8089119,7,18,58
2023-03-06,8004235,8004235,1,1,30
2023-03-06,8004235,8005723,0,1,0
2023-03-06,8004464,8000718,17,26,240
2023-03-06,8004464,8004464,35,51,238
2023-03-06,8004464,8005317,15,25,226
2023-03-06,8004552,8001865,0,2,-30
2023-03-06,8004552,8002373,1,2,60
2023-03-06,8004552,8003562,7,16,19
2023-03-06,8004552,8004552,4,5,96
2023-03-06,8004552,8005871,2,2,165
2023-03-06,8004639,8004639,0,1,0
2023-03-06,8004683,8003494,21,30,226
2023-03-06,8004683,8004683,36,62,177
2023-03-06,8004683,8005101,18,32,151
2023-03-06,8004997,8002683,0,1,0
2023-03-06,8004997,8003416,0,2,0
2023-03-06,8004997,8004997,1,3,10
2023-03-06,8005037,8000412,16,28,177
2023-03-06,8005037,8000596,16,28,135
2023-03-06,8005037,8005037,32,56,158
2023-03-06,8005068,8000864,12,19,256
2023-03-06,8005068,8003325,17,22,299
2023-03-06,8005068,8005068,27,41,271
2023-03-06,8005090,8001771,12,18,257
2023-03-06,8005090,8003233,25,38,237
2023-03-06,8005090,8003374,12,22,179
2023-03-06,8005090,8005090,50,78,221
2023-03-06,8005101,8002763,17,33,145
2023-03-06,8005101,8003494,1,1,750
2023-03-06,8005101,8004683,19,30,200
2023-03-06,8005101,8005090,1,1,180
2023-03-06,8005101,8005101,36,65,172
2023-03-06,8005255,8001174,9,27,27
2023-03-06,8005255,8003586,0,1,0
2023-03-06,8005255,8004184,15,29,38
2023-03-06,8005255,8005064,9,16,38
2023-03-06,8005255,8005255,41,87,37
2023-03-06,8005255,8006167,6,14,32
2023-03-06,8005317,8000718,10,12,342
2023-03-06,8005317,8001415,4,8,251
2023-03-06,8005317,8001643,15,25,230
2023-03-06,8005317,8002067,2,2,225
2023-03-06,8005317,8004464,19,26,247
2023-03-06,8005317,8005317,52,73,252
2023-03-06,8005364,8000657,11,19,273
2023-03-06,8005364,8000864,20,29,312
2023-03-06,8005364,8004124,4,6,275
2023-03-06,8005364,8005364,38,54,302
2023-03-06,8005371,8000436,6,17,21
2023-03-06,8005371,8005371,9,32,19
2023-03-06,8005371,8005502,1,15,2
2023-03-06,8005490,8000393,1,1,30
2023-03-06,8005490,8005490,2,2,45
2023-03-06,8005490,8006667,1,1,60
2023-03-06,8005560,8004107,1,1,60
2023-03-06,8005560,8005560,1,1,30
2023-03-06,8005644,8000366,11,19,212
2023-03-06,8005644,8005644,30,38,174
2023-03-06,8005644,8005902,16,19,182
2023-03-06,8005688,8000942,2,2,60
2023-03-06,8005688,8002621,4,4,435
2023-03-06,8005688,8005688,6,6,305
2023-03-06,8005723,8004111,1,1,30
2023-03-06,8005723,8005723,0,1,0
2023-03-06,8005764,8070866,0,5,0
2023-03-06,8005836,8001771,14,22,179
2023-03-06,8005836,8003374,13,18,163
2023-03-06,8005836,8005836,26,40,166
2023-03-06,8005871,8001865,10,16,69
2023-03-06,8005871,8003562,8,22,20
2023-03-06,8005871,8005871,33,76,43
2023-03-06,8005871,8006167,28,38,56
2023-03-06,8005876,8001971,2,15,6
2023-03-06,8005876,8002848,29,64,29
2023-03-06,8005876,8004331,22,48,66
2023-03-06,8005876,8005876,52,124,34
2023-03-06,8005902,8003001,16,18,207
2023-03-06,8005902,8005644,14,19,237
2023-03-06,8005902,8005902,29,36,212
2023-03-06,8005911,8000393,1,1,60
2023-03-06,8005911,8001405,1,1,210
2023-03-06,8005911,8005911,2,2,75
2023-03-06,8006167,8001491,22,28,38
2023-03-06,8006167,8004552,1,1,30
2023-03-06,8006167,8005255,10,15,28
2023-03-06,8006167,8005871,19,38,47
2023-03-06,8006167,8006167,46,63,40
2023-03-06,8006167,8500329,0,38,0
2023-03-06,8006272,8000026,28,38,417
2023-03-06,8006272,8001671,0,1,0
2023-03-06,8006272,8002546,17,25,170
2023-03-06,8006272,8004124,3,9,7
2023-03-06,8006272,8006272,47,73,276
2023-03-06,8006321,8000182,1,1,30
2023-03-06,8006321,8004107,0,2,0
2023-03-06,8006321,8006321,1,3,10
2023-03-06,8006628,8003562,1,5,6
2023-03-06,8006628,8006628,4,10,27
2023-03-06,8006628,8070866,4,5,54
2023-03-06,8006629,8002365,14,28,47
2023-03-06,8006629,8002797,23,30,70
2023-03-06,8006629,8006629,41,58,53
2023-03-06,8006667,8000356,0,1,0
2023-03-06,8006667,8003857,1,1,30
2023-03-06,8006667,8006667,1,2,15
2023-03-06,8070866,8005764,3,5,60
2023-03-06,8070866,8006628,0,5,0
2023-03-06,8070866,8070866,4,10,30
2023-03-06,8079056,8000456,0,1,0
2023-03-06,8079056,8079056,1,1,30
2023-03-06,8079616,8000182,1,1,30
2023-03-06,8079616,8001059,0,2,0
2023-03-06,8079616,8005560,1,1,30
2023-03-06,8079616,8079616,1,4,15
2023-03-06,8089119,8004124,3,18,38
2023-03-06,8089119,8089119,4,14,73
2023-03-06,8089119,8700329,2,7,26
2023-03-07,8000077,8000077,55,81,59
2023-03-07,8000077,8000182,7,15,48
2023-03-07,8000077,8000366,30,38,92
2023-03-07,8000077,8001485,0,2,0
2023-03-07,8000077,8002214,7,16,60
2023-03-07,8000077,8003014,10,20,26
2023-03-07,8000182,8000077,6,14,45
2023-03-07,8000182,8000182,42,61,95
2023-03-07,8000182,8000880,8,16,34
2023-03-07,8000182,8002096,0,1,0
2023-03-07,8000182,8002214,14,16,221
2023-03-07,8000182,8004111,9,11,74
2023-03-07,8000182,8006321,1,2,15
2023-03-07,8000182,8079056,1,1,120
2023-03-07,8000333,8000333,25,36,88
2023-03-07,8000333,8000942,1,1,120
2023-03-07,8000333,8002621,15,17,102
2023-03-07,8000333,8003001,10,18,73
2023-03-07,8000356,8000356,1,1,30
2023-03-07,8000356,8005490,1,1,30
2023-03-07,8000366,8000077,24,39,52
2023-03-07,8000366,8000366,28,35,87
2023-03-07,8000366,8003854,1,2,15
2023-03-07,8000366,8003857,0,1,0
2023-03-07,8000366,8005644,14,19,88
2023-03-07,8000393,8000393,1,2,15
2023-03-07,8000393,8005490,1,1,30
2023-03-07,8000393,8005911,1,1,60
2023-03-07,8000412,8000412,28,55,81
2023-03-07,8000412,8001252,29,45,69
2023-03-07,8000412,8005037,20,27,84
2023-03-07,8000436,8000436,7,32,11
2023-03-07,8000436,8000544,8,17,23
2023-03-07,8000436,8005371,3,15,8
2023-03-07,8000456,8000456,1,1,30
2023-03-07,8000456,8004235,1,1,60
2023-03-07,8000463,8000463,41,58,50
2023-03-07,8000463,8001491,20,30,64
2023-03-07,8000463,8003586,17,28,32
2023-03-07,8000544,8000436,2,15,4
2023-03-07,8000544,8000544,10,32,17
2023-03-07,8000544,8001971,4,17,11
2023-03-07,8000596,8000596,36,55,88
2023-03-07,8000596,8000942,4,6,130
2023-03-07,8000596,8002235,8,10,78
2023-03-07,8000596,8003494,6,8,64
2023-03-07,8000596,8005037,20,28,86
2023-03-07,8000657,8000657,26,41,222
2023-03-07,8000657,8004124,13,19,224
2023-03-07,8000657,8005364,13,22,218
2023-03-07,8000718,8000718,54,87,182
2023-03-07,8000718,8001415,5,8,225
2023-03-07,8000718,8002727,32,44,158
2023-03-07,8000718,8004464,16,25,221
2023-03-07,8000718,8005317,6,10,279
2023-03-07,8000864,8000864,35,56,181
2023-03-07,8000864,8001671,4,8,161
2023-03-07,8000864,8004124,1,1,90
2023-03-07,8000864,8005068,15,22,218
2023-03-07,8000864,8005364,15,25,155
2023-03-07,8000932,8000932,36,56,47
2023-03-07,8000932,8005064,17,27,43
2023-03-07,8000932,8005497,12,29,43
2023-03-07,8000942,8000596,6,6,80
2023-03-07,8000942,8000942,19,21,116
2023-03-07,8000942,8002235,2,3,60
2023-03-07,8000942,8002621,6,7,180
2023-03-07,8000942,8005688,4,4,105
2023-03-07,8000965,8000965,1,1,120
2023-03-07,8000965,8002337,1,1,120
2023-03-07,8001059,8000880,1,2,15
2023-03-07,8001059,8001059,2,4,38
2023-03-07,8001059,8079616,2,2,75
2023-03-07,8001174,8001174,26,56,32
2023-03-07,8001174,8005255,8,29,34
2023-03-07,8001174,8005497,9,27,16
2023-03-07,8001262,8001262,38,55,165
2023-03-07,8001262,8002727,14,26,165
2023-03-07,8001262,8004124,22,29,167
2023-03-07,8001405,8001405,1,2,105
2023-03-07,8001405,8005911,0,1,0
2023-03-07,8001415,8000718,5,5,228
2023-03-07,8001415,8001415,54,80,156
2023-03-07,8001415,8001643,1,1,90
2023-03-07,8001415,8001771,14,22,275
2023-03-07,8001415,8002067,1,1,270
2023-03-07,8001415,8002465,15,23,90
2023-03-07,8001415,8003398,14,18,125
2023-03-07,8001415,8005317,7,9,147
2023-03-07,8001479,8000077,0,1,0
2023-03-07,8001479,8001479,0,1,0
2023-03-07,8001482,8001482,1,3,10
2023-03-07,8001482,8001483,0,1,0
2023-03-07,8001482,8001485,0,2,0
2023-03-07,8001483,8001482,0,2,0
2023-03-07,8001483,8001483,0,3,0
2023-03-07,8001483,8003336,0,1,0
2023-03-07,8001485,8000077,1,2,30
2023-03-07,8001485,8001482,1,1,60
2023-03-07,8001485,8001485,2,4,15
2023-03-07,8001485,8003336,0,1,0
2023-03-07,8001491,8000463,17,28,27
2023-03-07,8001491,8001491,39,58,49
2023-03-07,8001491,8006167,20,30,67
2023-03-07,8001643,8001643,32,51,176
2023-03-07,8001643,8002069,13,21,227
2023-03-07,8001643,8002465,0,1,0
2023-03-07,8001643,8005317,19,26,142
2023-03-07,8001671,8000864,4,7,51
2023-03-07,8001671,8001671,29,56,154
2023-03-07,8001671,8001715,12,23,158
2023-03-07,8001671,8002546,3,7,146
2023-03-07,8001671,8003098,10,19,185
2023-03-07,8001715,8001671,12,19,171
2023-03-07,8001715,8001715,26,42,158
2023-03-07,8001715,8002546,12,23,160
2023-03-07,8001771,8000718,0,1,0
2023-03-07,8001771,8001415,12,16,172
2023-03-07,8001771,8001771,52,79,184
2023-03-07,8001771,8003398,12,24,102
2023-03-07,8001771,8005090,14,20,356
2023-03-07,8001771,8005101,1,1,30
2023-03-07,8001771,8005836,15,18,147
2023-03-07,8001865,8001865,15,35,54
2023-03-07,8001865,8002373,1,1,30
2023-03-07,8001865,8004552,2,2,60
2023-03-07,8001865,8005871,2,15,22
2023-03-07,8001865,8503424,7,18,62
2023-03-07,8001971,8000544,2,15,8
2023-03-07,8001971,8001971,4,32,7
2023-03-07,8001971,8005876,2,17,11
2023-03-07,8002067,8001415,1,1,120
2023-03-07,8002067,8002067,6,9,67
2023-03-07,8002067,8002069,2,2,105
2023-03-07,8002067,8002071,0,3,0
2023-03-07,8002067,8005317,2,3,80
2023-03-07,8002068,8002068,142,182,59
2023-03-07,8002068,8002070,50,93,38
2023-03-07,8002068,8003293,57,89,63
2023-03-07,8002069,8001643,13,22,98
2023-03-07,8002069,8002069,23,43,157
2023-03-07,8002069,8002465,1,1,120
2023-03-07,8002071,8001643,1,1,60
2023-03-07,8002071,8002067,2,3,30
2023-03-07,8002071,8002071,2,7,13
2023-03-07,8002071,8002465,1,3,10
2023-03-07,8002096,8000182,2,2,180
2023-03-07,8002096,8000933,9,14,90
2023-03-07,8002096,8002096,21,25,139
2023-03-07,8002096,8004111,6,10,255
2023-03-07,8002123,8000596,2,2,30
2023-03-07,8002123,8002123,28,45,149
2023-03-07,8002123,8003494,13,22,125
2023-03-07,8002214,8000077,14,16,202
2023-03-07,8002214,8000182,5,15,54
2023-03-07,8002214,8002214,22,32,131
2023-03-07,8002214,8003066,0,1,0
2023-03-07,8002235,8000596,9,9,110
2023-03-07,8002235,8000942,5,5,132
2023-03-07,8002235,8002235,15,23,85
2023-03-07,8002235,8002621,7,7,81
2023-03-07,8002235,8004639,0,1,0
2023-03-07,8002337,8000880,1,1,90
2023-03-07,8002337,8002337,2,2,285
2023-03-07,8002365,8000026,9,28,22
2023-03-07,8002365,8002365,36,58,47
2023-03-07,8002365,8006629,25,30,61
2023-03-07,8002373,8001865,1,2,15
2023-03-07,8002373,8002373,2,3,40
2023-03-07,8002373,8004552,1,1,60
2023-03-07,8002465,8001415,16,21,117
2023-03-07,8002465,8002067,1,1,60
2023-03-07,8002465,8002069,1,2,60
2023-03-07,8002465,8002071,1,4,15
2023-03-07,8002465,8002465,29,44,106
2023-03-07,8002546,8001671,4,6,75
2023-03-07,8002546,8001715,9,19,150
2023-03-07,8002546,8002546,31,55,141
2023-03-07,8002546,8006272,15,30,151
2023-03-07,8002621,8000333,14,18,97
2023-03-07,8002621,8000942,7,7,94
2023-03-07,8002621,8002235,5,8,101
2023-03-07,8002621,8002621,32,35,116
2023-03-07,8002621,8005688,2,2,75
2023-03-07,8002727,8000718,27,42,213
2023-03-07,8002727,8001262,23,29,163
2023-03-07,8002727,8002727,58,86,183
2023-03-07,8002727,8004124,12,15,182
2023-03-07,8002763,8002763,54,77,198
2023-03-07,8002763,8003233,24,39,125
2023-03-07,8002763,8003494,4,8,345
2023-03-07,8002763,8005101,21,30,243
2023-03-07,8002848,8002844,14,64,24
2023-03-07,8002848,8002848,64,126,40
2023-03-07,8002848,8005876,30,62,48
2023-03-07,8003001,8000333,18,18,167
2023-03-07,8003001,8003001,36,36,163
2023-03-07,8003001,8005902,18,18,112
2023-03-07,8003014,8000077,10,19,47
2023-03-07,8003014,8001479,0,1,0
2023-03-07,8003014,8001480,11,20,38
2023-03-07,8003014,8003014,27,40,46
2023-03-07,8003066,8000182,0,1,0
2023-03-07,8003066,8003066,0,1,0
2023-03-07,8003098,8001671,13,22,170
2023-03-07,8003098,8003098,28,41,190
2023-03-07,8003098,8003325,15,19,193
2023-03-07,8003233,8002763,30,38,279
2023-03-07,8003233,8003233,55,77,201
2023-03-07,8003233,8005090,27,39,132
2023-03-07,8003293,8002068,74,93,48
2023-03-07,8003293,8002844,47,62,67
2023-03-07,8003293,8003293,88,127,52
2023-03-07,8003325,8003098,13,22,192
2023-03-07,8003325,8003325,24,41,192
2023-03-07,8003325,8005068,10,19,185
2023-03-07,8003336,8001483,0,2,0
2023-03-07,8003336,8003336,0,4,0
2023-03-07,8003336,8003339,1,2,15
2023-03-07,8003339,8003336,0,2,0
2023-03-07,8003339,8003339,1,4,8
2023-03-07,8003339,8003854,0,2,0
2023-03-07,8003374,8003374,28,40,132
2023-03-07,8003374,8005090,15,18,165
2023-03-07,8003374,8005836,10,22,94
2023-03-07,8003398,8001415,12,24,79
2023-03-07,8003398,8001771,15,18,140
2023-03-07,8003398,8003398,25,42,115
2023-03-07,8003401,8000496,7,15,40
2023-03-07,8003401,8003401,18,33,51
2023-03-07,8003401,8003404,0,1,0
2023-03-07,8003404,8003401,1,2,15
2023-03-07,8003404,8003404,1,3,10
2023-03-07,8003404,8003416,0,1,0
2023-03-07,8003416,8003404,1,2,30
2023-03-07,8003416,8003416,1,3,10
2023-03-07,8003416,8004997,0,1,0
2023-03-07,8003494,8000596,8,8,334
2023-03-07,8003494,8002123,14,23,162
2023-03-07,8003494,8002763,5,6,195
2023-03-07,8003494,8003494,52,80,184
2023-03-07,8003494,8004124,1,1,60
2023-03-07,8003494,8004683,21,32,120
2023-03-07,8003494,8005101,0,1,0
2023-03-07,8003562,8003562,17,43,32
2023-03-07,8003562,8004552,9,17,46
2023-03-07,8003562,8005871,8,21,19
2023-03-07,8003562,8006628,4,5,66
2023-03-07,8003854,8000366,1,2,90
2023-03-07,8003854,8003339,0,2,0
2023-03-07,8003854,8003854,1,4,8
2023-03-07,8003857,8000366,1,1,30
2023-03-07,8003857,8003857,1,2,15
2023-03-07,8003857,8006667,0,1,0
2023-03-07,8004107,8004107,1,3,20
2023-03-07,8004107,8006321,1,1,30
2023-03-07,8004107,8079616,0,2,0
2023-03-07,8004111,8000182,10,10,288
2023-03-07,8004111,8002096,12,12,125
2023-03-07,8004111,8004111,20,22,173
2023-03-07,8004124,8000657,14,22,225
2023-03-07,8004124,8000718,1,1,270
2023-03-07,8004124,8000864,0,1,0
2023-03-07,8004124,8001262,16,26,135
2023-03-07,8004124,8002727,10,16,264
2023-03-07,8004124,8003494,1,1,30
2023-03-07,8004124,8004124,55,81,174
2023-03-07,8004124,8005364,5,7,219
2023-03-07,8004124,8006272,7,8,98
2023-03-07,8004124,8089119,4,18,53
2023-03-07,8004235,8004235,1,1,30
2023-03-07,8004235,8005723,0,1,0
2023-03-07,8004464,8000718,17,26,136
2023-03-07,8004464,8004464,34,51,186
2023-03-07,8004464,8005317,14,25,222
2023-03-07,8004552,8001865,1,2,195
2023-03-07,8004552,8002373,1,2,30
2023-03-07,8004552,8003562,5,16,21
2023-03-07,8004552,8004552,5,5,78
2023-03-07,8004552,8005871,2,2,105
2023-03-07,8004639,8004639,0,1,0
2023-03-07,8004683,8003494,23,30,235
2023-03-07,8004683,8004683,43,62,178
2023-03-07,8004683,8005101,20,32,114
2023-03-07,8004997,8002683,0,1,0
2023-03-07,8004997,8003416,1,2,15
2023-03-07,8004997,8004997,1,3,20
2023-03-07,8005037,8000412,16,28,82
2023-03-07,8005037,8000596,14,27,72
2023-03-07,8005037,8005037,37,55,80
2023-03-07,8005068,8000864,11,19,183
2023-03-07,8005068,8003325,15,22,202
2023-03-07,8005068,8005068,26,41,195
2023-03-07,8005090,8001771,12,18,150
2023-03-07,8005090,8003233,31,38,276
2023-03-07,8005090,8003374,13,22,112
2023-03-07,8005090,8005090,58,78,197
2023-03-07,8005101,8002763,20,33,107
2023-03-07,8005101,8003494,1,1,90
2023-03-07,8005101,8004683,21,30,237
2023-03-07,8005101,8005090,1,1,330
2023-03-07,8005101,8005101,42,65,169
2023-03-07,8005255,8001174,11,27,16
2023-03-07,8005255,8003586,0,1,0
2023-03-07,8005255,8004184,14,29,41
2023-03-07,8005255,8005064,9,16,32
2023-03-07,8005255,8005255,39,87,31
2023-03-07,8005255,8006167,10,14,30
2023-03-07,8005317,8000718,7,12,122
2023-03-07,8005317,8001415,6,8,338
2023-03-07,8005317,8001643,13,25,224
2023-03-07,8005317,8002067,2,2,60
2023-03-07,8005317,8004464,18,26,145
2023-03-07,8005317,8005317,46,73,185
2023-03-07,8005364,8000657,11,19,218
2023-03-07,8005364,8000864,18,29,211
2023-03-07,8005364,8004124,4,6,50
2023-03-07,8005364,8005364,33,54,194
2023-03-07,8005371,8000436,8,17,28
2023-03-07,8005371,8005371,12,32,19
2023-03-07,8005371,8005502,2,15,4
2023-03-07,8005490,8000393,1,1,30
2023-03-07,8005490,8005490,2,2,30
2023-03-07,8005490,8006667,0,1,0
2023-03-07,8005560,8004107,1,1,60
2023-03-07,8005560,8005560,1,1,30
2023-03-07,8005644,8000366,11,19,60
2023-03-07,8005644,8005644,34,38,101
2023-03-07,8005644,8005902,18,19,172
2023-03-07,8005688,8000942,2,2,60
2023-03-07,8005688,8002621,4,4,135
2023-03-07,8005688,8005688,6,6,105
2023-03-07,8005723,8004111,1,1,30
2023-03-07,8005723,8005723,0,1,0
2023-03-07,8005764,8070866,0,5,0
2023-03-07,8005836,8001771,13,22,105
2023-03-07,8005836,8003374,16,18,158
2023-03-07,8005836,8005836,29,40,128
2023-03-07,8005871,8001865,11,16,69
2023-03-07,8005871,8003562,10,22,44
2023-03-07,8005871,8005871,33,76,41
2023-03-07,8005871,8006167,27,38,48
2023-03-07,8005876,8001971,3,15,8
2023-03-07,8005876,8002848,34,64,54
2023-03-07,8005876,8004331,30,48,70
2023-03-07,8005876,8005876,63,124,48
2023-03-07,8005902,8003001,18,18,198
2023-03-07,8005902,8005644,16,19,85
2023-03-07,8005902,8005902,32,36,135
2023-03-07,8005911,8000393,0,1,0
2023-03-07,8005911,8001405,1,1,210
2023-03-07,8005911,8005911,1,2,60
2023-03-07,8006167,8001491,21,28,31
2023-03-07,8006167,8004552,0,1,0
2023-03-07,8006167,8005255,11,15,36
2023-03-07,8006167,8005871,20,38,52
2023-03-07,8006167,8006167,44,63,50
2023-03-07,8006167,8500329,0,38,0
2023-03-07,8006272,8000026,26,38,149
2023-03-07,8006272,8001671,0,1,0
2023-03-07,8006272,8002546,16,25,122
2023-03-07,8006272,8004124,5,9,127
2023-03-07,8006272,8006272,36,73,121
2023-03-07,8006321,8000182,0,1,-30
2023-03-07,8006321,8004107,0,2,0
2023-03-07,8006321,8006321,2,3,20
2023-03-07,8006628,8003562,0,5,-6
2023-03-07,8006628,8006628,4,10,39
2023-03-07,8006628,8070866,3,5,72
2023-03-07,8006629,8002365,11,28,26
2023-03-07,8006629,8002797,23,30,68
2023-03-07,8006629,8006629,38,58,43
2023-03-07,8006667,8000356,0,1,0
2023-03-07,8006667,8003857,0,1,0
2023-03-07,8006667,8006667,0,2,0
2023-03-07,8070866,8005764,4,5,78
2023-03-07,8070866,8006628,0,5,0
2023-03-07,8070866,8070866,3,10,36
2023-03-07,8079056,8000456,0,1,0
2023-03-07,8079056,8079056,1,1,30
2023-03-07,8079616,8000182,1,1,120
2023-03-07,8079616,8001059,0,2,0
2023-03-07,8079616,8005560,1,1,30
2023-03-07,8079616,8079616,2,4,30
2023-03-07,8089119,8004124,3,18,5
2023-03-07,8089119,8089119,0,14,0
2023-03-07,8089119,8700329,0,7,0
2023-03-08,8000077,8000077,58,81,139
2023-03-08,8000077,8000182,13,15,276
2023-03-08,8000077,8000366,32,38,141
2023-03-08,8000077,8001485,1,2,15
2023-03-08,8000077,8002214,11,16,96
2023-03-08,8000077,8003014,12,20,36
2023-03-08,8000182,8000077,5,14,88
2023-03-08,8000182,8000182,48,61,152
2023-03-08,8000182,8000880,10,16,218
2023-03-08,8000182,8002096,1,1,150
2023-03-08,8000182,8002214,15,16,184
2023-03-08,8000182,8004111,11,11,125
2023-03-08,8000182,8006321,2,2,75
2023-03-08,8000182,8079056,1,1,150
2023-03-08,8000333,8000333,27,36,231
2023-03-08,8000333,8000942,1,1,1500
2023-03-08,8000333,8002621,17,17,224
2023-03-08,8000333,8003001,11,18,175
2023-03-08,8000356,8000356,1,1,30
2023-03-08,8000356,8005490,1,1,30
2023-03-08,8000366,8000077,27,39,165
2023-03-08,8000366,8000366,30,35,248
2023-03-08,8000366,8003854,1,2,15
2023-03-08,8000366,8003857,1,1,30
2023-03-08,8000366,8005644,14,19,234
2023-03-08,8000393,8000393,2,2,180
2023-03-08,8000393,8005490,1,1,360
2023-03-08,8000393,8005911,1,1,60
2023-03-08,8000412,8000412,35,55,115
2023-03-08,8000412,8001252,29,45,88
2023-03-08,8000412,8005037,21,27,116
2023-03-08,8000436,8000436,7,32,16
2023-03-08,8000436,8000544,8,17,21
2023-03-08,8000436,8005371,3,15,20
2023-03-08,8000456,8000456,1,1,150
2023-03-08,8000456,8004235,1,1,180
2023-03-08,8000463,8000463,40,58,59
2023-03-08,8000463,8001491,22,30,77
2023-03-08,8000463,8003586,14,28,39
2023-03-08,8000544,8000436,2,15,20
2023-03-08,8000544,8000544,13,32,26
2023-03-08,8000544,8001971,5,17,11
2023-03-08,8000596,8000596,40,55,124
2023-03-08,8000596,8000942,5,6,260
2023-03-08,8000596,8002235,9,10,105
2023-03-08,8000596,8003494,8,8,98
2023-03-08,8000596,8005037,20,28,122
2023-03-08,8000657,8000657,28,41,260
2023-03-08,8000657,8004124,14,19,257
2023-03-08,8000657,8005364,16,22,267
2023-03-08,8000718,8000718,62,87,240
2023-03-08,8000718,8001415,7,8,195
2023-03-08,8000718,8002727,35,44,265
2023-03-08,8000718,8004464,21,25,180
2023-03-08,8000718,8005317,6,10,399
2023-03-08,8000864,8000864,38,56,274
2023-03-08,8000864,8001671,5,8,311
2023-03-08,8000864,8004124,1,1,870
2023-03-08,8000864,8005068,15,22,265
2023-03-08,8000864,8005364,18,25,258
2023-03-08,8000932,8000932,38,56,66
2023-03-08,8000932,8005064,17,27,73
2023-03-08,8000932,8005497,18,29,65
2023-03-08,8000942,8000596,6,6,105
2023-03-08,8000942,8000942,21,21,293
2023-03-08,8000942,8002235,3,3,880
2023-03-08,8000942,8002621,7,7,266
2023-03-08,8000942,8005688,4,4,135
2023-03-08,8000965,8000965,1,1,120
2023-03-08,8000965,8002337,1,1,60
2023-03-08,8001059,8000880,0,2,0
2023-03-08,8001059,8001059,2,4,38
2023-03-08,8001059,8079616,2,2,75
2023-03-08,8001174,8001174,30,56,52
2023-03-08,8001174,8005255,14,29,54
2023-03-08,8001174,8005497,10,27,39
2023-03-08,8001262,8001262,41,55,196
2023-03-08,8001262,8002727,17,26,159
2023-03-08,8001262,8004124,20,29,213
2023-03-08,8001405,8001405,1,2,135
2023-03-08,8001405,8005911,0,1,0
2023-03-08,8001415,8000718,5,5,318
2023-03-08,8001415,8001415,63,80,198
2023-03-08,8001415,8001643,1,1,240
2023-03-08,8001415,8001771,16,22,262
2023-03-08,8001415,8002067,1,1,240
2023-03-08,8001415,8002465,17,23,108
2023-03-08,8001415,8003398,15,18,200
2023-03-08,8001415,8005317,8,9,347
2023-03-08,8001479,8000077,1,1,180
2023-03-08,8001479,8001479,1,1,180
2023-03-08,8001482,8001482,1,3,10
2023-03-08,8001482,8001483,0,1,0
2023-03-08,8001482,8001485,0,2,0
2023-03-08,8001483,8001482,0,2,0
2023-03-08,8001483,8001483,0,3,0
2023-03-08,8001483,8003336,0,1,0
2023-03-08,8001485,8000077,1,2,30
2023-03-08,8001485,8001482,1,1,60
2023-03-08,8001485,8001485,3,4,22
2023-03-08,8001485,8003336,0,1,0
2023-03-08,8001491,8000463,16,28,35
2023-03-08,8001491,8001491,37,58,56
2023-03-08,8001491,8006167,21,30,78
2023-03-08,8001643,8001643,35,51,169
2023-03-08,8001643,8002069,15,21,187
2023-03-08,8001643,8002465,1,1,30
2023-03-08,8001643,8005317,19,26,179
2023-03-08,8001671,8000864,5,7,274
2023-03-08,8001671,8001671,36,56,259
2023-03-08,8001671,8001715,13,23,214
2023-03-08,8001671,8002546,5,7,420
2023-03-08,8001671,8003098,12,19,259
2023-03-08,8001715,8001671,14,19,268
2023-03-08,8001715,8001715,30,42,251
2023-03-08,8001715,8002546,12,23,244
2023-03-08,8001771,8000718,0,1,0
2023-03-08,8001771,8001415,15,16,251
2023-03-08,8001771,8001771,58,79,210
2023-03-08,8001771,8003398,16,24,130
2023-03-08,8001771,8005090,12,20,304
2023-03-08,8001771,8005101,1,1,390
2023-03-08,8001771,8005836,12,18,222
2023-03-08,8001865,8001865,15,35,39
2023-03-08,8001865,8002373,1,1,90
2023-03-08,8001865,8004552,2,2,75
2023-03-08,8001865,8005871,4,15,18
2023-03-08,8001865,8503424,6,18,42
2023-03-08,8001971,8000544,3,15,32
2023-03-08,8001971,8001971,5,32,17
2023-03-08,8001971,8005876,3,17,19
2023-03-08,8002067,8001415,1,1,1200
2023-03-08,8002067,8002067,5,9,203
2023-03-08,8002067,8002069,1,2,135
2023-03-08,8002067,8002071,1,3,60
2023-03-08,8002067,8005317,1,3,50
2023-03-08,8002068,8002068,127,182,53
2023-03-08,8002068,8002070,47,93,39
2023-03-08,8002068,8003293,56,89,66
2023-03-08,8002069,8001643,14,22,151
2023-03-08,8002069,8002069,28,43,165
2023-03-08,8002069,8002465,1,1,1080
2023-03-08,8002071,8001643,1,1,30
2023-03-08,8002071,8002067,1,3,10
2023-03-08,8002071,8002071,3,7,39
2023-03-08,8002071,8002465,1,3,60
2023-03-08,8002096,8000182,2,2,225
2023-03-08,8002096,8000933,10,14,114
2023-03-08,8002096,8002096,23,25,152
2023-03-08,8002096,8004111,7,10,114
2023-03-08,8002123,8000596,2,2,105
2023-03-08,8002123,8002123,33,45,206
2023-03-08,8002123,8003494,18,22,147
2023-03-08,8002214,8000077,15,16,158
2023-03-08,8002214,8000182,10,15,92
2023-03-08,8002214,8002214,26,32,125
2023-03-08,8002214,8003066,0,1,0
2023-03-08,8002235,8000596,8,9,270
2023-03-08,8002235,8000942,5,5,120
2023-03-08,8002235,8002235,22,23,235
2023-03-08,8002235,8002621,7,7,184
2023-03-08,8002235,8004639,1,1,900
2023-03-08,8002337,8000880,1,1,30
2023-03-08,8002337,8002337,2,2,30
2023-03-08,8002365,8000026,12,28,66
2023-03-08,8002365,8002365,42,58,77
2023-03-08,8002365,8006629,27,30,70
2023-03-08,8002373,8001865,0,2,0
2023-03-08,8002373,8002373,1,3,10
2023-03-08,8002373,8004552,1,1,60
2023-03-08,8002465,8001415,16,21,153
2023-03-08,8002465,8002067,1,1,180
2023-03-08,8002465,8002069,1,2,30
2023-03-08,8002465,8002071,2,4,15
2023-03-08,8002465,8002465,35,44,129
2023-03-08,8002546,8001671,5,6,335
2023-03-08,8002546,8001715,14,19,264
2023-03-08,8002546,8002546,37,55,283
2023-03-08,8002546,8006272,20,30,299
2023-03-08,8002621,8000333,15,18,192
2023-03-08,8002621,8000942,7,7,171
2023-03-08,8002621,8002235,7,8,150
2023-03-08,8002621,8002621,34,35,219
2023-03-08,8002621,8005688,2,2,570
2023-03-08,8002727,8000718,32,42,231
2023-03-08,8002727,8001262,22,29,223
2023-03-08,8002727,8002727,65,86,250
2023-03-08,8002727,8004124,10,15,376
2023-03-08,8002763,8002763,54,77,219
2023-03-08,8002763,8003233,28,39,142
2023-03-08,8002763,8003494,6,8,236
2023-03-08,8002763,8005101,19,30,308
2023-03-08,8002848,8002844,19,64,22
2023-03-08,8002848,8002848,56,126,30
2023-03-08,8002848,8005876,19,62,27
2023-03-08,8003001,8000333,18,18,350
2023-03-08,8003001,8003001,34,36,312
2023-03-08,8003001,8005902,16,18,245
2023-03-08,8003014,8000077,12,19,52
2023-03-08,8003014,8001479,1,1,180
2023-03-08,8003014,8001480,9,20,38
2023-03-08,8003014,8003014,28,40,54
2023-03-08,8003066,8000182,1,1,30
2023-03-08,8003066,8003066,1,1,30
2023-03-08,8003098,8001671,11,22,232
2023-03-08,8003098,8003098,27,41,259
2023-03-08,8003098,8003325,14,19,275
2023-03-08,8003233,8002763,25,38,296
2023-03-08,8003233,8003233,50,77,215
2023-03-08,8003233,8005090,27,39,159
2023-03-08,8003293,8002068,69,93,39
2023-03-08,8003293,8002844,39,62,56
2023-03-08,8003293,8003293,88,127,44
2023-03-08,8003325,8003098,13,22,250
2023-03-08,8003325,8003325,27,41,258
2023-03-08,8003325,8005068,13,19,265
2023-03-08,8003336,8001483,0,2,0
2023-03-08,8003336,8003336,1,4,8
2023-03-08,8003336,8003339,1,2,30
2023-03-08,8003339,8003336,0,2,0
2023-03-08,8003339,8003339,1,4,8
2023-03-08,8003339,8003854,0,2,0
2023-03-08,8003374,8003374,26,40,176
2023-03-08,8003374,8005090,14,18,235
2023-03-08,8003374,8005836,11,22,113
2023-03-08,8003398,8001415,17,24,112
2023-03-08,8003398,8001771,15,18,210
2023-03-08,8003398,8003398,31,42,164
2023-03-08,8003401,8000496,4,15,32
2023-03-08,8003401,8003401,14,33,113
2023-03-08,8003401,8003404,0,1,0
2023-03-08,8003404,8003401,1,2,15
2023-03-08,8003404,8003404,0,3,0
2023-03-08,8003404,8003416,0,1,0
2023-03-08,8003416,8003404,1,2,15
2023-03-08,8003416,8003416,1,3,10
2023-03-08,8003416,8004997,0,1,0
2023-03-08,8003494,8000596,8,8,236
2023-03-08,8003494,8002123,13,23,273
2023-03-08,8003494,8002763,5,6,135
2023-03-08,8003494,8003494,56,80,214
2023-03-08,8003494,8004124,0,1,-30
2023-03-08,8003494,8004683,22,32,142
2023-03-08,8003494,8005101,1,1,90
2023-03-08,8003562,8003562,18,43,43
2023-03-08,8003562,8004552,11,17,65
2023-03-08,8003562,8005871,6,21,30
2023-03-08,8003562,8006628,4,5,36
2023-03-08,8003854,8000366,1,2,75
2023-03-08,8003854,8003339,0,2,0
2023-03-08,8003854,8003854,1,4,22
2023-03-08,8003857,8000366,1,1,330
2023-03-08,8003857,8003857,1,2,180
2023-03-08,8003857,8006667,0,1,0
2023-03-08,8004107,8004107,2,3,60
2023-03-08,8004107,8006321,1,1,60
2023-03-08,8004107,8079616,1,2,30
2023-03-08,8004111,8000182,10,10,129
2023-03-08,8004111,8002096,12,12,180
2023-03-08,8004111,8004111,20,22,134
2023-03-08,8004124,8000657,14,22,277
2023-03-08,8004124,8000718,0,1,0
2023-03-08,8004124,8000864,1,1,480
2023-03-08,8004124,8001262,18,26,157
2023-03-08,8004124,8002727,9,16,332
2023-03-08,8004124,8003494,0,1,0
2023-03-08,8004124,8004124,48,81,245
2023-03-08,8004124,8005364,3,7,257
2023-03-08,8004124,8006272,7,8,225
2023-03-08,8004124,8089119,6,18,72
2023-03-08,8004235,8004235,1,1,150
2023-03-08,8004235,8005723,1,1,120
2023-03-08,8004464,8000718,18,26,197
2023-03-08,8004464,8004464,39,51,184
2023-03-08,8004464,8005317,19,25,175
2023-03-08,8004552,8001865,1,2,0
2023-03-08,8004552,8002373,0,2,0
2023-03-08,8004552,8003562,3,16,17
2023-03-08,8004552,8004552,4,5,72
2023-03-08,8004552,8005871,2,2,105
2023-03-08,8004639,8004639,1,1,870
2023-03-08,8004683,8003494,19,30,303
2023-03-08,8004683,8004683,42,62,223
2023-03-08,8004683,8005101,23,32,142
2023-03-08,8004997,8002683,0,1,0
2023-03-08,8004997,8003416,0,2,0
2023-03-08,8004997,8004997,1,3,10
2023-03-08,8005037,8000412,17,28,123
2023-03-08,8005037,8000596,18,27,113
2023-03-08,8005037,8005037,37,55,118
2023-03-08,8005068,8000864,14,19,265
2023-03-08,8005068,8003325,15,22,254
2023-03-08,8005068,8005068,27,41,256
2023-03-08,8005090,8001771,14,18,197
2023-03-08,8005090,8003233,26,38,287
2023-03-08,8005090,8003374,12,22,124
2023-03-08,8005090,8005090,53,78,216
2023-03-08,8005101,8002763,25,33,145
2023-03-08,8005101,8003494,1,1,540
2023-03-08,8005101,8004683,18,30,297
2023-03-08,8005101,8005090,0,1,0
2023-03-08,8005101,8005101,44,65,220
2023-03-08,8005255,8001174,11,27,39
2023-03-08,8005255,8003586,0,1,0
2023-03-08,8005255,8004184,18,29,62
2023-03-08,8005255,8005064,8,16,32
2023-03-08,8005255,8005255,40,87,51
2023-03-08,8005255,8006167,10,14,69
2023-03-08,8005317,8000718,9,12,320
2023-03-08,8005317,8001415,7,8,322
2023-03-08,8005317,8001643,18,25,172
2023-03-08,8005317,8002067,2,2,855
2023-03-08,8005317,8004464,18,26,180
2023-03-08,8005317,8005317,53,73,233
2023-03-08,8005364,8000657,15,19,262
2023-03-08,8005364,8000864,17,29,254
2023-03-08,8005364,8004124,4,6,200
2023-03-08,8005364,8005364,38,54,258
2023-03-08,8005371,8000436,10,17,30
2023-03-08,8005371,8005371,14,32,27
2023-03-08,8005371,8005502,1,15,12
2023-03-08,8005490,8000393,1,1,30
2023-03-08,8005490,8005490,2,2,195
2023-03-08,8005490,8006667,1,1,360
2023-03-08,8005560,8004107,1,1,60
2023-03-08,8005560,8005560,1,1,30
2023-03-08,8005644,8000366,15,19,235
2023-03-08,8005644,8005644,35,38,276
2023-03-08,8005644,8005902,19,19,365
2023-03-08,8005688,8000942,2,2,555
2023-03-08,8005688,8002621,4,4,188
2023-03-08,8005688,8005688,6,6,290
2023-03-08,8005723,8004111,1,1,150
2023-03-08,8005723,8005723,1,1,120
2023-03-08,8005764,8070866,0,5,0
2023-03-08,8005836,8001771,13,22,120
2023-03-08,8005836,8003374,15,18,242
2023-03-08,8005836,8005836,28,40,170
2023-03-08,8005871,8001865,9,16,71
2023-03-08,8005871,8003562,11,22,53
2023-03-08,8005871,8005871,30,76,47
2023-03-08,8005871,8006167,23,38,49
2023-03-08,8005876,8001971,4,15,32
2023-03-08,8005876,8002848,26,64,28
2023-03-08,8005876,8004331,22,48,41
2023-03-08,8005876,8005876,46,124,30
2023-03-08,8005902,8003001,18,18,382
2023-03-08,8005902,8005644,16,19,234
2023-03-08,8005902,8005902,33,36,294
2023-03-08,8005911,8000393,1,1,300
2023-03-08,8005911,8001405,1,1,270
2023-03-08,8005911,8005911,2,2,150
2023-03-08,8006167,8001491,14,28,32
2023-03-08,8006167,8004552,0,1,0
2023-03-08,8006167,8005255,11,15,34
2023-03-08,8006167,8005871,18,38,61
2023-03-08,8006167,8006167,42,63,53
2023-03-08,8006167,8500329,0,38,0
2023-03-08,8006272,8000026,27,38,293
2023-03-08,8006272,8001671,0,1,-30
2023-03-08,8006272,8002546,19,25,269
2023-03-08,8006272,8004124,6,9,183
2023-03-08,8006272,8006272,49,73,249
2023-03-08,8006321,8000182,0,1,0
2023-03-08,8006321,8004107,1,2,60
2023-03-08,8006321,8006321,2,3,80
2023-03-08,8006628,8003562,2,5,30
2023-03-08,8006628,8006628,4,10,24
2023-03-08,8006628,8070866,3,5,42
2023-03-08,8006629,8002365,15,28,79
2023-03-08,8006629,8002797,25,30,85
2023-03-08,8006629,8006629,42,58,76
2023-03-08,8006667,8000356,0,1,0
2023-03-08,8006667,8003857,1,1,330
2023-03-08,8006667,8006667,1,2,165
2023-03-08,8070866,8005764,3,5,30
2023-03-08,8070866,8006628,0,5,0
2023-03-08,8070866,8070866,4,10,18
2023-03-08,8079056,8000456,1,1,120
2023-03-08,8079056,8079056,1,1,150
2023-03-08,8079616,8000182,1,1,120
2023-03-08,8079616,8001059,0,2,0
2023-03-08,8079616,8005560,1,1,30
2023-03-08,8079616,8079616,2,4,30
2023-03-08,8089119,8004124,3,18,32
2023-03-08,8089119,8089119,0,14,0
2023-03-08,8089119,8700329,0,7,0
2023-03-09,8000077,8000077,63,81,248
2023-03-09,8000077,8000182,14,15,262
2023-03-09,8000077,8000366,36,38,202
2023-03-09,8000077,8001485,1,2,300
2023-03-09,8000077,8002214,14,16,579
2023-03-09,8000077,8003014,13,20,98
2023-03-09,8000182,8000077,10,14,118
2023-03-09,8000182,8000182,57,61,300
2023-03-09,8000182,8000880,14,16,202
2023-03-09,8000182,8002096,1,1,690
2023-03-09,8000182,8002214,14,16,188
2023-03-09,8000182,8004111,11,11,554
2023-03-09,8000182,8006321,2,2,1110
2023-03-09,8000182,8079056,1,1,90
2023-03-09,8000333,8000333,32,36,268
2023-03-09,8000333,8000942,1,1,1260
2023-03-09,8000333,8002621,16,17,282
2023-03-09,8000333,8003001,16,18,208
2023-03-09,8000356,8000356,0,1,0
2023-03-09,8000356,8005490,0,1,0
2023-03-09,8000366,8000077,27,39,287
2023-03-09,8000366,8000366,34,35,262
2023-03-09,8000366,8003854,2,2,660
2023-03-09,8000366,8003857,0,1,0
2023-03-09,8000366,8005644,18,19,208
2023-03-09,8000393,8000393,2,2,30
2023-03-09,8000393,8005490,1,1,60
2023-03-09,8000393,8005911,1,1,60
2023-03-09,8000412,8000412,36,55,123
2023-03-09,8000412,8001252,25,45,100
2023-03-09,8000412,8005037,21,27,119
2023-03-09,8000436,8000436,9,32,33
2023-03-09,8000436,8000544,9,17,37
2023-03-09,8000436,8005371,4,15,34
2023-03-09,8000456,8000456,1,1,60
2023-03-09,8000456,8004235,1,1,60
2023-03-09,8000463,8000463,41,58,175
2023-03-09,8000463,8001491,19,30,147
2023-03-09,8000463,8003586,22,28,229
2023-03-09,8000544,8000436,2,15,32
2023-03-09,8000544,8000544,13,32,39
2023-03-09,8000544,8001971,4,17,23
2023-03-09,8000596,8000596,41,55,132
2023-03-09,8000596,8000942,6,6,155
2023-03-09,8000596,8002235,7,10,123
2023-03-09,8000596,8003494,7,8,334
2023-03-09,8000596,8005037,21,28,141
2023-03-09,8000657,8000657,29,41,236
2023-03-09,8000657,8004124,12,19,167
2023-03-09,8000657,8005364,16,22,289
2023-03-09,8000718,8000718,56,87,222
2023-03-09,8000718,8001415,4,8,105
2023-03-09,8000718,8002727,34,44,328
2023-03-09,8000718,8004464,18,25,116
2023-03-09,8000718,8005317,9,10,249
2023-03-09,8000864,8000864,43,56,309
2023-03-09,8000864,8001671,6,8,926
2023-03-09,8000864,8004124,1,1,90
2023-03-09,8000864,8005068,16,22,300
2023-03-09,8000864,8005364,20,25,128
2023-03-09,8000932,8000932,43,56,196
2023-03-09,8000932,8005064,22,27,273
2023-03-09,8000932,8005497,17,29,125
2023-03-09,8000942,8000596,6,6,245
2023-03-09,8000942,8000942,21,21,274
2023-03-09,8000942,8002235,3,3,660
2023-03-09,8000942,8002621,7,7,240
2023-03-09,8000942,8005688,4,4,172
2023-03-09,8000965,8000965,0,1,0
2023-03-09,8000965,8002337,0,1,0
2023-03-09,8001059,8000880,2,2,1005
2023-03-09,8001059,8001059,3,4,735
2023-03-09,8001059,8079616,1,2,435
2023-03-09,8001174,8001174,38,56,183
2023-03-09,8001174,8005255,15,29,117
2023-03-09,8001174,8005497,17,27,246
2023-03-09,8001262,8001262,38,55,185
2023-03-09,8001262,8002727,15,26,120
2023-03-09,8001262,8004124,22,29,232
2023-03-09,8001405,8001405,2,2,180
2023-03-09,8001405,8005911,1,1,30
2023-03-09,8001415,8000718,3,4,255
2023-03-09,8001415,8001415,58,78,268
2023-03-09,8001415,8001643,0,1,0
2023-03-09,8001415,8001771,16,22,176
2023-03-09,8001415,8002067,1,1,180
2023-03-09,8001415,8002465,18,23,361
2023-03-09,8001415,8003398,13,18,182
2023-03-09,8001415,8005317,9,9,577
2023-03-09,8001479,8000077,0,1,0
2023-03-09,8001479,8001479,0,1,0
2023-03-09,8001482,8001482,3,3,500
2023-03-09,8001482,8001483,0,1,0
2023-03-09,8001482,8001485,2,2,705
2023-03-09,8001483,8001482,2,2,750
2023-03-09,8001483,8001483,2,3,500
2023-03-09,8001483,8003336,0,1,0
2023-03-09,8001485,8000077,2,2,705
2023-03-09,8001485,8001482,1,1,60
2023-03-09,8001485,8001485,4,4,510
2023-03-09,8001485,8003336,1,1,570
2023-03-09,8001491,8000463,21,28,206
2023-03-09,8001491,8001491,39,58,190
2023-03-09,8001491,8006167,20,30,203
2023-03-09,8001643,8001643,34,51,166
2023-03-09,8001643,8002069,14,21,121
2023-03-09,8001643,8002465,1,1,30
2023-03-09,8001643,8005317,19,26,230
2023-03-09,8001671,8000864,5,7,103
2023-03-09,8001671,8001671,41,56,284
2023-03-09,8001671,8001715,17,23,247
2023-03-09,8001671,8002546,5,7,1024
2023-03-09,8001671,8003098,12,19,107
2023-03-09,8001715,8001671,17,19,117
2023-03-09,8001715,8001715,31,42,191
2023-03-09,8001715,8002546,15,23,275
2023-03-09,8001771,8000718,0,1,0
2023-03-09,8001771,8001415,15,16,420
2023-03-09,8001771,8001771,59,79,268
2023-03-09,8001771,8003398,17,24,316
2023-03-09,8001771,8005090,12,20,188
2023-03-09,8001771,8005101,1,1,390
2023-03-09,8001771,8005836,12,18,188
2023-03-09,8001865,8001865,16,35,252
2023-03-09,8001865,8002373,1,1,2850
2023-03-09,8001865,8004552,1,2,915
2023-03-09,8001865,8005871,6,15,130
2023-03-09,8001865,8503424,9,18,280
2023-03-09,8001971,8000544,3,15,40
2023-03-09,8001971,8001971,5,32,27
2023-03-09,8001971,8005876,4,17,21
2023-03-09,8002067,8001415,1,1,240
2023-03-09,8002067,8002067,6,9,160
2023-03-09,8002067,8002069,2,2,360
2023-03-09,8002067,8002071,1,3,120
2023-03-09,8002067,8005317,2,3,50
2023-03-09,8002068,8002068,132,182,74
2023-03-09,8002068,8002070,42,93,68
2023-03-09,8002068,8003293,59,89,76
2023-03-09,8002069,8001643,16,22,241
2023-03-09,8002069,8002069,27,43,177
2023-03-09,8002069,8002465,1,1,300
2023-03-09,8002071,8001643,1,1,90
2023-03-09,8002071,8002067,2,3,80
2023-03-09,8002071,8002071,4,7,103
2023-03-09,8002071,8002465,1,3,120
2023-03-09,8002096,8000182,2,2,405
2023-03-09,8002096,8000933,10,14,345
2023-03-09,8002096,8002096,24,25,302
2023-03-09,8002096,8004111,7,10,108
2023-03-09,8002123,8000596,2,2,105
2023-03-09,8002123,8002123,32,45,247
2023-03-09,8002123,8003494,16,22,290
2023-03-09,8002214,8000077,14,16,167
2023-03-09,8002214,8000182,14,15,602
2023-03-09,8002214,8002214,30,32,369
2023-03-09,8002214,8003066,1,1,30
2023-03-09,8002235,8000596,9,9,283
2023-03-09,8002235,8000942,5,5,162
2023-03-09,8002235,8002235,21,23,266
2023-03-09,8002235,8002621,7,7,184
2023-03-09,8002235,8004639,1,1,240
2023-03-09,8002337,8000880,1,1,30
2023-03-09,8002337,8002337,1,2,30
2023-03-09,8002365,8000026,17,28,257
2023-03-09,8002365,8002365,47,58,199
2023-03-09,8002365,8006629,28,30,139
2023-03-09,8002373,8001865,1,2,795
2023-03-09,8002373,8002373,2,3,1500
2023-03-09,8002373,8004552,1,1,2880
2023-03-09,8002465,8000718,1,1,810
2023-03-09,8002465,8001415,14,21,154
2023-03-09,8002465,8002067,1,1,600
2023-03-09,8002465,8002069,2,2,1290
2023-03-09,8002465,8002071,3,4,90
2023-03-09,8002465,8002465,34,44,264
2023-03-09,8002546,8001671,5,6,110
2023-03-09,8002546,8001715,14,19,107
2023-03-09,8002546,8002546,40,55,294
2023-03-09,8002546,8006272,21,30,445
2023-03-09,8002621,8000333,16,18,200
2023-03-09,8002621,8000942,7,7,236
2023-03-09,8002621,8002235,7,8,296
2023-03-09,8002621,8002621,34,35,247
2023-03-09,8002621,8005688,2,2,375
2023-03-09,8002727,8000718,26,42,121
2023-03-09,8002727,8001262,23,29,236
2023-03-09,8002727,8002727,59,86,228
2023-03-09,8002727,8004124,11,15,510
2023-03-09,8002763,8002763,52,77,263
2023-03-09,8002763,8003233,28,39,314
2023-03-09,8002763,8003494,5,8,184
2023-03-09,8002763,8005101,20,30,212
2023-03-09,8002848,8002844,10,64,56
2023-03-09,8002848,8002848,41,126,64
2023-03-09,8002848,8005876,18,62,59
2023-03-09,8003001,8000333,18,18,400
2023-03-09,8003001,8003001,36,36,362
2023-03-09,8003001,8005902,18,18,293
2023-03-09,8003014,8000077,14,19,194
2023-03-09,8003014,8001479,0,1,0
2023-03-09,8003014,8001480,12,20,104
2023-03-09,8003014,8003014,32,40,148
2023-03-09,8003066,8000182,1,1,120
2023-03-09,8003066,8003066,1,1,60
2023-03-09,8003098,8001671,14,22,275
2023-03-09,8003098,8003098,30,41,207
2023-03-09,8003098,8003325,16,19,126
2023-03-09,8003233,8002763,21,38,202
2023-03-09,8003233,8003233,50,77,254
2023-03-09,8003233,8005090,28,39,329
2023-03-09,8003293,8002068,67,93,69
2023-03-09,8003293,8002844,37,62,74
2023-03-09,8003293,8003293,91,127,75
2023-03-09,8003325,8003098,15,22,284
2023-03-09,8003325,8003325,32,41,211
2023-03-09,8003325,8005068,13,19,115
2023-03-09,8003336,8001483,2,2,750
2023-03-09,8003336,8003336,3,4,518
2023-03-09,8003336,8003339,1,2,300
2023-03-09,8003339,8003336,2,2,735
2023-03-09,8003339,8003339,3,4,518
2023-03-09,8003339,8003854,1,2,300
2023-03-09,8003374,8003374,31,40,264
2023-03-09,8003374,8005090,14,18,193
2023-03-09,8003374,8005836,16,22,312
2023-03-09,8003398,8001415,19,24,310
2023-03-09,8003398,8001771,15,18,190
2023-03-09,8003398,8003398,31,42,261
2023-03-09,8003401,8000496,4,15,138
2023-03-09,8003401,8003401,19,33,185
2023-03-09,8003401,8003404,0,1,0
2023-03-09,8003404,8003401,2,2,795
2023-03-09,8003404,8003404,2,3,540
2023-03-09,8003404,8003416,0,1,0
2023-03-09,8003416,8003404,2,2,840
2023-03-09,8003416,8003416,2,3,540
2023-03-09,8003416,8004997,0,1,0
2023-03-09,8003494,8000596,7,8,131
2023-03-09,8003494,8002123,13,23,211
2023-03-09,8003494,8002763,4,6,80
2023-03-09,8003494,8003494,56,80,274
2023-03-09,8003494,8004124,1,1,1140
2023-03-09,8003494,8004683,24,32,344
2023-03-09,8003494,8005101,1,1,150
2023-03-09,8003562,8003562,26,43,180
2023-03-09,8003562,8004552,12,17,178
2023-03-09,8003562,8005871,10,21,209
2023-03-09,8003562,8006628,5,5,90
2023-03-09,8003854,8000366,2,2,300
2023-03-09,8003854,8003339,2,2,735
2023-03-09,8003854,8003854,4,4,525
2023-03-09,8003857,8000366,1,1,60
2023-03-09,8003857,8003857,1,2,15
2023-03-09,8003857,8006667,0,1,0
2023-03-09,8004107,8004107,3,3,830
2023-03-09,8004107,8006321,1,1,30
2023-03-09,8004107,8079616,2,2,1140
2023-03-09,8004111,8000182,9,10,123
2023-03-09,8004111,8002096,12,12,510
2023-03-09,8004111,8004111,19,22,323
2023-03-09,8004124,8000657,16,22,303
2023-03-09,8004124,8000718,1,1,300
2023-03-09,8004124,8000864,1,1,360
2023-03-09,8004124,8001262,15,26,127
2023-03-09,8004124,8002727,8,16,133
2023-03-09,8004124,8003494,0,1,-60
2023-03-09,8004124,8004124,53,81,249
2023-03-09,8004124,8005364,6,7,656
2023-03-09,8004124,8006272,6,8,322
2023-03-09,8004124,8089119,2,18,32
2023-03-09,8004235,8004235,1,1,60
2023-03-09,8004235,8005723,1,1,60
2023-03-09,8004464,8000718,16,26,233
2023-03-09,8004464,8004464,34,51,181
2023-03-09,8004464,8005317,16,25,112
2023-03-09,8004552,8001865,1,2,15
2023-03-09,8004552,8002373,1,2,810
2023-03-09,8004552,8003562,7,16,221
2023-03-09,8004552,8004552,4,5,966
2023-03-09,8004552,8005871,1,2,930
2023-03-09,8004639,8004639,1,1,180
2023-03-09,8004683,8003494,21,30,218
2023-03-09,8004683,8004683,41,62,280
2023-03-09,8004683,8005101,23,32,349
2023-03-09,8004997,8002683,0,1,0
2023-03-09,8004997,8003416,2,2,795
2023-03-09,8004997,8004997,2,3,540
2023-03-09,8005037,8000412,15,28,141
2023-03-09,8005037,8000596,19,27,114
2023-03-09,8005037,8005037,36,55,126
2023-03-09,8005068,8000864,12,19,117
2023-03-09,8005068,8003325,18,22,296
2023-03-09,8005068,8005068,27,41,209
2023-03-09,8005090,8001771,13,18,338
2023-03-09,8005090,8003233,25,38,198
2023-03-09,8005090,8003374,17,22,322
2023-03-09,8005090,8005090,55,78,262
2023-03-09,8005101,8002763,24,33,345
2023-03-09,8005101,8003494,1,1,450
2023-03-09,8005101,8004683,16,30,199
2023-03-09,8005101,8005090,1,1,90
2023-03-09,8005101,8005101,44,65,275
2023-03-09,8005255,8001174,17,27,240
2023-03-09,8005255,8003586,0,1,0
2023-03-09,8005255,8004184,16,29,125
2023-03-09,8005255,8005064,11,16,399
2023-03-09,8005255,8005255,52,87,191
2023-03-09,8005255,8006167,6,14,2
2023-03-09,8005317,8000718,10,12,475
2023-03-09,8005317,8001415,7,7,223
2023-03-09,8005317,8001643,18,25,115
2023-03-09,8005317,8002067,2,2,135
2023-03-09,8005317,8002465,1,1,390
2023-03-09,8005317,8004464,19,26,238
2023-03-09,8005317,8005317,54,73,230
2023-03-09,8005364,8000657,13,19,177
2023-03-09,8005364,8000864,22,29,470
2023-03-09,8005364,8004124,6,6,225
2023-03-09,8005364,8005364,42,54,306
2023-03-09,8005371,8000436,13,17,56
2023-03-09,8005371,8005371,18,32,46
2023-03-09,8005371,8005502,1,15,24
2023-03-09,8005490,8000393,0,1,0
2023-03-09,8005490,8005490,1,2,30
2023-03-09,8005490,8006667,1,1,60
2023-03-09,8005560,8004107,0,1,0
2023-03-09,8005560,8005560,0,1,0
2023-03-09,8005644,8000366,17,19,262
2023-03-09,8005644,8005644,37,38,279
2023-03-09,8005644,8005902,18,19,381
2023-03-09,8005688,8000942,2,2,360
2023-03-09,8005688,8002621,4,4,202
2023-03-09,8005688,8005688,6,6,240
2023-03-09,8005723,8004111,1,1,60
2023-03-09,8005723,8005723,1,1,60
2023-03-09,8005764,8070866,0,5,0
2023-03-09,8005836,8001771,16,22,315
2023-03-09,8005836,8003374,14,18,198
2023-03-09,8005836,8005836,30,40,260
2023-03-09,8005871,8001865,10,16,232
2023-03-09,8005871,8003562,13,22,136
2023-03-09,8005871,8005871,42,76,199
2023-03-09,8005871,8006167,25,38,243
2023-03-09,8005876,8001971,3,15,46
2023-03-09,8005876,8002848,24,64,74
2023-03-09,8005876,8004331,23,48,59
2023-03-09,8005876,8005876,43,124,57
2023-03-09,8005902,8003001,18,18,437
2023-03-09,8005902,8005644,19,19,259
2023-03-09,8005902,8005902,35,36,338
2023-03-09,8005911,8000393,0,1,0
2023-03-09,8005911,8001405,1,1,330
2023-03-09,8005911,8005911,2,2,105
2023-03-09,8006167,8001491,20,28,201
2023-03-09,8006167,8004552,0,1,0
2023-03-09,8006167,8005255,13,15,350
2023-03-09,8006167,8005871,22,38,175
2023-03-09,8006167,8006167,44,63,224
2023-03-09,8006167,8500329,0,38,0
2023-03-09,8006272,8000026,29,38,420
2023-03-09,8006272,8001671,1,1,330
2023-03-09,8006272,8002546,19,25,103
2023-03-09,8006272,8004124,4,9,70
2023-03-09,8006272,8006272,49,73,263
2023-03-09,8006321,8000182,0,1,0
2023-03-09,8006321,8004107,2,2,1245
2023-03-09,8006321,8006321,3,3,800
2023-03-09,8006628,8003562,3,5,84
2023-03-09,8006628,8006628,5,10,48
2023-03-09,8006628,8070866,4,5,78
2023-03-09,8006629,8002365,19,28,260
2023-03-09,8006629,8002797,25,30,146
2023-03-09,8006629,8006629,46,58,193
2023-03-09,8006667,8000356,0,1,0
2023-03-09,8006667,8003857,0,1,0
2023-03-09,8006667,8006667,1,2,15
2023-03-09,8070866,8005764,5,5,96
2023-03-09,8070866,8006628,0,5,0
2023-03-09,8070866,8070866,3,10,39
2023-03-09,8079056,8000456,1,1,60
2023-03-09,8079056,8079056,1,1,60
2023-03-09,8079616,8000182,1,1,960
2023-03-09,8079616,8001059,2,2,1035
2023-03-09,8079616,8005560,0,1,0
2023-03-09,8079616,8079616,3,4,728
2023-03-09,8089119,8004124,1,18,-2
2023-03-09,8089119,8089119,0,14,0
2023-03-09,8089119,8700329,0,7,0
2023-03-10,8000077,8000077,56,81,153
2023-03-10,8000077,8000182,10,15,288
2023-03-10,8000077,8000366,35,38,147
2023-03-10,8000077,8001485,1,2,15
2023-03-10,8000077,8002214,10,16,178
2023-03-10,8000077,8003014,13,20,124
2023-03-10,8000182,8000077,9,14,103
2023-03-10,8000182,8000182,49,61,203
2023-03-10,8000182,8000880,12,16,240
2023-03-10,8000182,8002096,1,1,60
2023-03-10,8000182,8002214,14,16,234
2023-03-10,8000182,8004111,9,11,240
2023-03-10,8000182,8006321,1,2,15
2023-03-10,8000182,8079056,1,1,330
2023-03-10,8000333,8000333,28,36,213
2023-03-10,8000333,8000942,0,1,0
2023-03-10,8000333,8002621,16,17,268
2023-03-10,8000333,8003001,13,18,177
2023-03-10,8000356,8000356,1,1,30
2023-03-10,8000356,8005490,1,1,30
2023-03-10,8000366,8000077,24,39,171
2023-03-10,8000366,8000366,30,35,201
2023-03-10,8000366,8003854,0,2,0
2023-03-10,8000366,8003857,0,1,-30
2023-03-10,8000366,8005644,14,19,139
2023-03-10,8000393,8000393,2,2,30
2023-03-10,8000393,8005490,1,1,60
2023-03-10,8000393,8005911,1,1,60
2023-03-10,8000412,8000412,38,55,154
2023-03-10,8000412,8001252,27,45,165
2023-03-10,8000412,8005037,22,27,127
2023-03-10,8000436,8000436,8,32,9
2023-03-10,8000436,8000544,8,17,28
2023-03-10,8000436,8005371,5,15,8
2023-03-10,8000456,8000456,1,1,630
2023-03-10,8000456,8004235,1,1,660
2023-03-10,8000463,8000463,45,60,44
2023-03-10,8000463,8001491,22,31,46
2023-03-10,8000463,8003586,14,29,31
2023-03-10,8000544,8000436,1,15,-4
2023-03-10,8000544,8000544,11,32,19
2023-03-10,8000544,8001971,5,17,16
2023-03-10,8000596,8000596,40,55,154
2023-03-10,8000596,8000942,5,6,175
2023-03-10,8000596,8002235,8,10,135
2023-03-10,8000596,8003494,7,8,146
2023-03-10,8000596,8005037,20,28,186
2023-03-10,8000657,8000657,32,41,189
2023-03-10,8000657,8004124,13,19,98
2023-03-10,8000657,8005364,19,22,265
2023-03-10,8000718,8000718,64,88,159
2023-03-10,8000718,8001415,6,8,71
2023-03-10,8000718,8002727,39,45,249
2023-03-10,8000718,8004464,18,25,80
2023-03-10,8000718,8005317,7,10,129
2023-03-10,8000864,8000864,47,56,203
2023-03-10,8000864,8001671,6,8,296
2023-03-10,8000864,8004124,1,1,30
2023-03-10,8000864,8005068,18,22,255
2023-03-10,8000864,8005364,21,25,130
2023-03-10,8000932,8000932,44,58,52
2023-03-10,8000932,8005064,22,28,69
2023-03-10,8000932,8005497,15,30,30
2023-03-10,8000942,8000596,6,6,185
2023-03-10,8000942,8000942,18,21,179
2023-03-10,8000942,8002235,1,3,20
2023-03-10,8000942,8002621,6,7,300
2023-03-10,8000942,8005688,4,4,105
2023-03-10,8000965,8000965,0,1,0
2023-03-10,8000965,8002337,0,1,0
2023-03-10,8001059,8000880,0,2,0
2023-03-10,8001059,8001059,1,4,15
2023-03-10,8001059,8079616,1,2,30
2023-03-10,8001174,8001174,35,58,37
2023-03-10,8001174,8005255,9,30,19
2023-03-10,8001174,8005497,15,28,42
2023-03-10,8001262,8001262,45,56,157
2023-03-10,8001262,8002727,19,26,91
2023-03-10,8001262,8004124,23,30,200
2023-03-10,8001405,8001405,1,2,330
2023-03-10,8001405,8005911,0,1,-30
2023-03-10,8001415,8000718,4,4,352
2023-03-10,8001415,8001415,61,78,169
2023-03-10,8001415,8001643,0,1,0
2023-03-10,8001415,8001771,15,22,89
2023-03-10,8001415,8002067,1,1,240
2023-03-10,8001415,8002465,20,23,227
2023-03-10,8001415,8003398,14,18,158
2023-03-10,8001415,8005317,9,9,283
2023-03-10,8001479,8000077,1,1,90
2023-03-10,8001479,8001479,1,1,60
2023-03-10,8001482,8001482,1,3,10
2023-03-10,8001482,8001483,0,1,0
2023-03-10,8001482,8001485,0,2,0
2023-03-10,8001483,8001482,0,2,0
2023-03-10,8001483,8001483,0,3,0
2023-03-10,8001483,8003336,0,1,0
2023-03-10,8001485,8000077,0,2,0
2023-03-10,8001485,8001482,1,1,60
2023-03-10,8001485,8001485,1,4,15
2023-03-10,8001485,8003336,0,1,-30
2023-03-10,8001491,8000463,19,29,33
2023-03-10,8001491,8001491,36,60,38
2023-03-10,8001491,8006167,24,31,45
2023-03-10,8001643,8001643,34,52,125
2023-03-10,8001643,8002069,13,21,89
2023-03-10,8001643,8002465,1,1,30
2023-03-10,8001643,8005317,20,27,183
2023-03-10,8001671,8000864,6,7,171
2023-03-10,8001671,8001671,43,56,172
2023-03-10,8001671,8001715,18,23,223
2023-03-10,8001671,8002546,5,7,309
2023-03-10,8001671,8003098,13,19,74
2023-03-10,8001715,8001671,15,19,76
2023-03-10,8001715,8001715,33,42,176
2023-03-10,8001715,8002546,17,23,267
2023-03-10,8001771,8000718,0,1,0
2023-03-10,8001771,8001415,15,16,276
2023-03-10,8001771,8001771,61,79,186
2023-03-10,8001771,8003398,16,24,188
2023-03-10,8001771,8005090,15,20,102
2023-03-10,8001771,8005101,0,1,0
2023-03-10,8001771,8005836,13,18,215
2023-03-10,8001865,8001865,19,35,67
2023-03-10,8001865,8002373,0,1,0
2023-03-10,8001865,8004552,2,2,285
2023-03-10,8001865,8005871,4,15,16
2023-03-10,8001865,8503424,7,18,62
2023-03-10,8001971,8000544,3,15,8
2023-03-10,8001971,8001971,4,32,5
2023-03-10,8001971,8005876,5,17,11
2023-03-10,8002067,8001415,1,1,60
2023-03-10,8002067,8002067,7,9,160
2023-03-10,8002067,8002069,2,2,225
2023-03-10,8002067,8002071,2,3,30
2023-03-10,8002067,8005317,3,3,170
2023-03-10,8002068,8002068,150,183,73
2023-03-10,8002068,8002070,70,93,82
2023-03-10,8002068,8003293,66,90,61
2023-03-10,8002069,8001643,18,23,198
2023-03-10,8002069,8002069,29,44,145
2023-03-10,8002069,8002465,0,1,0
2023-03-10,8002071,8001643,1,1,120
2023-03-10,8002071,8002067,2,3,290
2023-03-10,8002071,8002071,5,7,146
2023-03-10,8002071,8002465,1,3,20
2023-03-10,8002096,8000182,2,2,240
2023-03-10,8002096,8000933,9,14,197
2023-03-10,8002096,8002096,22,25,238
2023-03-10,8002096,8004111,7,10,288
2023-03-10,8002123,8000596,2,2,135
2023-03-10,8002123,8002123,38,45,196
2023-03-10,8002123,8003494,18,22,157
2023-03-10,8002214,8000077,14,16,201
2023-03-10,8002214,8000182,12,15,198
2023-03-10,8002214,8002214,25,32,201
2023-03-10,8002214,8003066,0,1,0
2023-03-10,8002235,8000596,6,9,320
2023-03-10,8002235,8000942,5,5,144
2023-03-10,8002235,8002235,18,23,218
2023-03-10,8002235,8002621,6,7,189
2023-03-10,8002235,8004639,1,1,60
2023-03-10,8002337,8000880,0,1,0
2023-03-10,8002337,8002337,1,2,15
2023-03-10,8002365,8000026,19,29,55
2023-03-10,8002365,8002365,47,60,63
2023-03-10,8002365,8006629,26,31,52
2023-03-10,8002373,8001865,1,2,15
2023-03-10,8002373,8002373,1,3,20
2023-03-10,8002373,8004552,0,1,0
2023-03-10,8002465,8000718,1,1,390
2023-03-10,8002465,8001415,15,21,104
2023-03-10,8002465,8002067,1,1,180
2023-03-10,8002465,8002069,2,2,555
2023-03-10,8002465,8002071,3,4,240
2023-03-10,8002465,8002465,35,44,166
2023-03-10,8002546,8001671,6,6,135
2023-03-10,8002546,8001715,13,19,76
2023-03-10,8002546,8002546,40,55,186
2023-03-10,8002546,8006272,19,30,273
2023-03-10,8002621,8000333,16,18,193
2023-03-10,8002621,8000942,7,7,184
2023-03-10,8002621,8002235,7,8,379
2023-03-10,8002621,8002621,32,35,244
2023-03-10,8002621,8005688,1,2,45
2023-03-10,8002727,8000718,24,42,71
2023-03-10,8002727,8001262,24,30,212
2023-03-10,8002727,8002727,68,87,167
2023-03-10,8002727,8004124,15,15,372
2023-03-10,8002763,8002763,54,77,158
2023-03-10,8002763,8003233,28,39,155
2023-03-10,8002763,8003494,5,8,128
2023-03-10,8002763,8005101,21,30,189
2023-03-10,8002848,8002844,24,64,78
2023-03-10,8002848,8002848,83,127,69
2023-03-10,8002848,8005876,29,63,40
2023-03-10,8003001,8000333,15,18,310
2023-03-10,8003001,8003001,31,36,282
2023-03-10,8003001,8005902,16,18,222
2023-03-10,8003014,8000077,16,19,107
2023-03-10,8003014,8001479,1,1,60
2023-03-10,8003014,8001480,13,20,128
2023-03-10,8003014,8003014,31,40,119
2023-03-10,8003066,8000182,0,1,0
2023-03-10,8003066,8003066,0,1,0
2023-03-10,8003098,8001671,16,22,232
2023-03-10,8003098,8003098,34,41,173
2023-03-10,8003098,8003325,15,19,101
2023-03-10,8003233,8002763,28,38,175
2023-03-10,8003233,8003233,55,77,170
2023-03-10,8003233,8005090,33,39,202
2023-03-10,8003293,8002068,71,93,81
2023-03-10,8003293,8002844,48,63,55
2023-03-10,8003293,8003293,96,128,70
2023-03-10,8003325,8003098,18,22,243
2023-03-10,8003325,8003325,33,41,176
2023-03-10,8003325,8005068,15,19,90
2023-03-10,8003336,8001483,1,2,15
2023-03-10,8003336,8003336,1,4,0
2023-03-10,8003336,8003339,0,2,0
2023-03-10,8003339,8003336,0,2,0
2023-03-10,8003339,8003339,0,4,0
2023-03-10,8003339,8003854,0,2,0
2023-03-10,8003374,8003374,28,40,214
2023-03-10,8003374,8005090,14,18,227
2023-03-10,8003374,8005836,13,22,192
2023-03-10,8003398,8001415,17,24,174
2023-03-10,8003398,8001771,15,18,195
2023-03-10,8003398,8003398,30,42,176
2023-03-10,8003401,8000496,3,15,80
2023-03-10,8003401,8003401,14,33,147
2023-03-10,8003401,8003404,0,1,0
2023-03-10,8003404,8003401,1,2,15
2023-03-10,8003404,8003404,1,3,10
2023-03-10,8003404,8003416,0,1,0
2023-03-10,8003416,8003404,2,2,45
2023-03-10,8003416,8003416,2,3,20
2023-03-10,8003416,8004997,0,1,0
2023-03-10,8003494,8000026,1,1,210
2023-03-10,8003494,8000596,8,8,165
2023-03-10,8003494,8002123,18,23,227
2023-03-10,8003494,8002763,5,6,75
2023-03-10,8003494,8003494,60,81,190
2023-03-10,8003494,8004124,1,1,2070
2023-03-10,8003494,8004683,21,32,131
2023-03-10,8003494,8005101,1,1,150
2023-03-10,8003562,8003562,15,43,17
2023-03-10,8003562,8004552,6,17,21
2023-03-10,8003562,8005871,7,21,11
2023-03-10,8003562,8006628,5,5,66
2023-03-10,8003854,8000366,1,2,15
2023-03-10,8003854,8003339,0,2,0
2023-03-10,8003854,8003854,1,4,8
2023-03-10,8003857,8000366,1,1,90
2023-03-10,8003857,8003857,1,2,15
2023-03-10,8003857,8006667,0,1,0
2023-03-10,8004107,8004107,1,3,20
2023-03-10,8004107,8006321,1,1,90
2023-03-10,8004107,8079616,0,2,0
2023-03-10,8004111,8000182,10,10,294
2023-03-10,8004111,8002096,11,12,290
2023-03-10,8004111,8004111,20,22,282
2023-03-10,8004124,8000657,18,22,280
2023-03-10,8004124,8000718,1,1,30
2023-03-10,8004124,8000864,0,1,0
2023-03-10,8004124,8001262,21,26,98
2023-03-10,8004124,8002727,9,16,52
2023-03-10,8004124,8003494,0,1,-90
2023-03-10,8004124,8004124,61,82,197
2023-03-10,8004124,8005364,6,7,381
2023-03-10,8004124,8006272,6,8,420
2023-03-10,8004124,8089119,2,19,16
2023-03-10,8004235,8004235,1,1,660
2023-03-10,8004235,8005723,1,1,660
2023-03-10,8004464,8000718,18,27,194
2023-03-10,8004464,8004464,38,52,137
2023-03-10,8004464,8005317,15,25,74
2023-03-10,8004552,8001865,1,2,30
2023-03-10,8004552,8002373,1,2,60
2023-03-10,8004552,8003562,5,16,8
2023-03-10,8004552,8004552,4,5,144
2023-03-10,8004552,8005871,2,2,315
2023-03-10,8004639,8004639,1,1,30
2023-03-10,8004683,8003494,21,30,192
2023-03-10,8004683,8004683,44,62,157
2023-03-10,8004683,8005101,21,32,134
2023-03-10,8004997,8002683,0,1,0
2023-03-10,8004997,8003416,1,2,15
2023-03-10,8004997,8004997,2,3,20
2023-03-10,8005037,8000412,18,28,189
2023-03-10,8005037,8000596,19,27,112
2023-03-10,8005037,8005037,41,55,155
2023-03-10,8005068,8000864,17,19,96
2023-03-10,8005068,8003325,18,22,245
2023-03-10,8005068,8005068,32,41,172
2023-03-10,8005090,8001771,16,18,215
2023-03-10,8005090,8003233,26,38,172
2023-03-10,8005090,8003374,17,22,217
2023-03-10,8005090,8005090,60,78,193
2023-03-10,8005101,8002763,22,33,135
2023-03-10,8005101,8003494,0,1,0
2023-03-10,8005101,8004683,20,30,177
2023-03-10,8005101,8005090,1,1,30
2023-03-10,8005101,8005101,42,65,151
2023-03-10,8005255,8001174,15,28,35
2023-03-10,8005255,8003586,1,1,30
2023-03-10,8005255,8004184,11,30,25
2023-03-10,8005255,8005064,12,16,52
2023-03-10,8005255,8005255,46,89,35
2023-03-10,8005255,8006167,6,14,17
2023-03-10,8005317,8000718,12,12,258
2023-03-10,8005317,8001415,5,7,120
2023-03-10,8005317,8001643,15,25,71
2023-03-10,8005317,8002067,2,2,45
2023-03-10,8005317,8002465,1,1,60
2023-03-10,8005317,8004464,20,27,190
2023-03-10,8005317,8005317,55,74,152
2023-03-10,8005364,8000657,14,19,103
2023-03-10,8005364,8000864,24,29,280
2023-03-10,8005364,8004124,6,6,185
2023-03-10,8005364,8005364,48,54,216
2023-03-10,8005371,8000436,9,17,30
2023-03-10,8005371,8005371,16,32,22
2023-03-10,8005371,8005502,1,15,-2
2023-03-10,8005490,8000393,1,1,30
2023-03-10,8005490,8005490,2,2,45
2023-03-10,8005490,8006667,1,1,60
2023-03-10,8005560,8004107,1,1,60
2023-03-10,8005560,8005560,1,1,30
2023-03-10,8005644,8000366,13,19,213
2023-03-10,8005644,8005644,29,38,215
2023-03-10,8005644,8005902,16,19,264
2023-03-10,8005688,8000942,2,2,30
2023-03-10,8005688,8002621,4,4,142
2023-03-10,8005688,8005688,6,6,95
2023-03-10,8005723,8004111,1,1,600
2023-03-10,8005723,8005723,1,1,630
2023-03-10,8005764,8070866,0,5,0
2023-03-10,8005836,8001771,17,22,211
2023-03-10,8005836,8003374,15,18,230
2023-03-10,8005836,8005836,30,40,212
2023-03-10,8005871,8001865,10,16,96
2023-03-10,8005871,8003562,7,22,30
2023-03-10,8005871,8005871,32,76,47
2023-03-10,8005871,8006167,30,38,63
2023-03-10,8005876,8001971,2,15,0
2023-03-10,8005876,8002848,41,64,111
2023-03-10,8005876,8004331,26,49,61
2023-03-10,8005876,8005876,63,125,69
2023-03-10,8005902,8003001,16,18,338
2023-03-10,8005902,8005644,14,19,234
2023-03-10,8005902,8005902,30,36,263
2023-03-10,8005911,8000393,0,1,0
2023-03-10,8005911,8001405,1,1,720
2023-03-10,8005911,8005911,1,2,195
2023-03-10,8006167,8001491,14,29,26
2023-03-10,8006167,8004552,0,1,0
2023-03-10,8006167,8005255,10,15,62
2023-03-10,8006167,8005871,18,38,56
2023-03-10,8006167,8006167,45,63,56
2023-03-10,8006167,8500329,0,38,0
2023-03-10,8006272,8000026,30,38,298
2023-03-10,8006272,8001671,1,1,660
2023-03-10,8006272,8002546,18,25,78
2023-03-10,8006272,8004124,4,9,7
2023-03-10,8006272,8006272,49,73,190
2023-03-10,8006321,8000182,1,1,30
2023-03-10,8006321,8004107,0,2,-15
2023-03-10,8006321,8006321,2,3,40
2023-03-10,8006628,8003562,0,5,-12
2023-03-10,8006628,8006628,5,10,42
2023-03-10,8006628,8070866,4,5,72
2023-03-10,8006629,8002365,21,29,70
2023-03-10,8006629,8002797,24,31,65
2023-03-10,8006629,8006629,45,60,58
2023-03-10,8006667,8000356,0,1,0
2023-03-10,8006667,8003857,0,1,0
2023-03-10,8006667,8006667,1,2,15
2023-03-10,8070866,8005764,4,5,78
2023-03-10,8070866,8006628,0,5,0
2023-03-10,8070866,8070866,3,10,36
2023-03-10,8079056,8000456,1,1,630
2023-03-10,8079056,8079056,1,1,660
2023-03-10,8079616,8000182,0,1,0
2023-03-10,8079616,8001059,0,2,0
2023-03-10,8079616,8005560,1,1,30
2023-03-10,8079616,8079616,1,4,15
2023-03-10,8089119,8004124,4,18,25
2023-03-10,8089119,8089119,0,14,0
2023-03-10,8089119,8700329,0,7,0
2023-03-11,8000077,8000077,51,77,93
2023-03-11,8000077,8000182,9,15,192
2023-03-11,8000077,8000366,30,37,85
2023-03-11,8000077,8001485,0,2,0
2023-03-11,8000077,8002214,5,11,49
2023-03-11,8000077,8003014,10,18,40
2023-03-11,8000182,8000077,8,14,36
2023-03-11,8000182,8000182,36,53,103
2023-03-11,8000182,8000880,6,16,184
2023-03-11,8000182,8002214,11,13,113
2023-03-11,8000182,8004111,7,9,87
2023-03-11,8000182,8006321,0,1,0
2023-03-11,8000333,8000333,26,35,176
2023-03-11,8000333,8000942,1,1,120
2023-03-11,8000333,8002621,13,17,138
2023-03-11,8000333,8003001,12,17,221
2023-03-11,8000366,8000077,25,36,135
2023-03-11,8000366,8000366,26,33,155
2023-03-11,8000366,8003854,0,2,0
2023-03-11,8000366,8005644,15,18,105
2023-03-11,8000393,8000393,1,1,60
2023-03-11,8000393,8005490,1,1,120
2023-03-11,8000412,8000412,30,53,88
2023-03-11,8000412,8001252,24,41,83
2023-03-11,8000412,8005037,19,26,78
2023-03-11,8000436,8000436,5,31,7
2023-03-11,8000436,8000544,8,16,22
2023-03-11,8000436,8005371,2,15,4
2023-03-11,8000463,8000463,20,37,59
2023-03-11,8000463,8001491,9,19,60
2023-03-11,8000463,8003586,11,18,78
2023-03-11,8000544,8000436,1,15,2
2023-03-11,8000544,8000544,10,31,16
2023-03-11,8000544,8001971,4,16,8
2023-03-11,8000596,8000596,33,54,96
2023-03-11,8000596,8000942,6,6,140
2023-03-11,8000596,8002235,8,10,192
2023-03-11,8000596,8003494,7,7,141
2023-03-11,8000596,8005037,19,28,111
2023-03-11,8000657,8000657,20,36,157
2023-03-11,8000657,8004124,12,18,203
2023-03-11,8000657,8005364,9,18,108
2023-03-11,8000718,8000718,40,70,131
2023-03-11,8000718,8001415,3,8,34
2023-03-11,8000718,8002727,22,35,141
2023-03-11,8000718,8004464,12,18,192
2023-03-11,8000718,8005317,4,9,143
2023-03-11,8000864,8000864,27,49,125
2023-03-11,8000864,8001671,4,7,34
2023-03-11,8000864,8004124,1,1,30
2023-03-11,8000864,8005068,9,18,110
2023-03-11,8000864,8005364,15,23,168
2023-03-11,8000932,8000932,25,36,62
2023-03-11,8000932,8005064,13,17,48
2023-03-11,8000932,8005497,7,19,65
2023-03-11,8000942,8000596,6,7,150
2023-03-11,8000942,8000942,18,20,176
2023-03-11,8000942,8002235,2,3,60
2023-03-11,8000942,8002621,7,7,287
2023-03-11,8000942,8005688,2,3,110
2023-03-11,8001059,8000880,0,1,0
2023-03-11,8001059,8001059,2,3,230
2023-03-11,8001059,8079616,2,2,345
2023-03-11,8001174,8001174,17,36,47
2023-03-11,8001174,8005255,5,19,54
2023-03-11,8001174,8005497,7,17,26
2023-03-11,8001262,8001262,24,37,166
2023-03-11,8001262,8002727,13,18,202
2023-03-11,8001262,8004124,9,19,109
2023-03-11,8001405,8001405,0,1,0
2023-03-11,8001405,8005911,0,1,0
2023-03-11,8001415,8000718,4,4,338
2023-03-11,8001415,8001415,51,71,226
2023-03-11,8001415,8001771,16,20,142
2023-03-11,8001415,8002067,0,1,0
2023-03-11,8001415,8002465,15,19,374
2023-03-11,8001415,8003398,13,17,326
2023-03-11,8001415,8005317,9,10,132
2023-03-11,8001482,8001482,2,3,20
2023-03-11,8001482,8001483,0,1,0
2023-03-11,8001482,8001485,0,2,0
2023-03-11,8001483,8001482,1,2,15
2023-03-11,8001483,8001483,0,3,0
2023-03-11,8001483,8003336,0,1,0
2023-03-11,8001485,8000077,1,2,15
2023-03-11,8001485,8001482,1,1,60
2023-03-11,8001485,8001485,2,4,15
2023-03-11,8001485,8003336,0,1,0
2023-03-11,8001491,8000463,12,18,37
2023-03-11,8001491,8001491,21,37,51
2023-03-11,8001491,8006167,8,19,51
2023-03-11,8001643,8001643,21,36,141
2023-03-11,8001643,8002069,12,18,203
2023-03-11,8001643,8005317,9,18,88
2023-03-11,8001671,8000864,3,6,110
2023-03-11,8001671,8001671,27,49,142
2023-03-11,8001671,8001715,8,18,148
2023-03-11,8001671,8002546,2,7,17
2023-03-11,8001671,8003098,11,18,195
2023-03-11,8001715,8001671,14,18,215
2023-03-11,8001715,8001715,22,36,188
2023-03-11,8001715,8002546,9,18,158
2023-03-11,8001771,8000718,0,1,0
2023-03-11,8001771,8001415,11,17,102
2023-03-11,8001771,8001771,31,38,329
2023-03-11,8001771,8003398,16,19,376
2023-03-11,8001771,8005090,2,2,135
2023-03-11,8001771,8005836,10,16,317
2023-03-11,8001865,8001865,14,32,28
2023-03-11,8001865,8004552,2,2,45
2023-03-11,8001865,8005871,4,15,24
2023-03-11,8001865,8503424,6,16,15
2023-03-11,8001971,8000544,2,15,6
2023-03-11,8001971,8001971,1,31,2
2023-03-11,8001971,8005876,2,16,4
2023-03-11,8002067,8001415,1,1,480
2023-03-11,8002067,8002067,3,6,260
2023-03-11,8002067,8002071,1,3,100
2023-03-11,8002067,8005317,1,1,30
2023-03-11,8002068,8002068,41,123,59
2023-03-11,8002068,8002070,15,63,70
2023-03-11,8002068,8003293,14,60,34
2023-03-11,8002069,8001643,10,18,78
2023-03-11,8002069,8002069,22,36,138
2023-03-11,8002069,8002465,1,1,210
2023-03-11,8002071,8002067,1,1,690
2023-03-11,8002071,8002071,2,4,255
2023-03-11,8002071,8002465,1,3,120
2023-03-11,8002096,8000182,1,1,240
2023-03-11,8002096,8000933,5,9,50
2023-03-11,8002096,8002096,17,18,108
2023-03-11,8002096,8004111,6,8,105
2023-03-11,8002123,8000596,1,1,60
2023-03-11,8002123,8002123,35,40,368
2023-03-11,8002123,8003494,15,19,253
2023-03-11,8002214,8000077,10,13,108
2023-03-11,8002214,8000182,3,11,46
2023-03-11,8002214,8002214,15,24,82
2023-03-11,8002235,8000596,9,9,130
2023-03-11,8002235,8000942,3,4,330
2023-03-11,8002235,8002235,16,22,226
2023-03-11,8002235,8002621,7,7,339
2023-03-11,8002235,8004639,0,1,0
2023-03-11,8002337,8002337,1,1,30
2023-03-11,8002365,8000026,8,18,55
2023-03-11,8002365,8002365,26,37,73
2023-03-11,8002365,8006629,15,19,84
2023-03-11,8002465,8000718,1,1,30
2023-03-11,8002465,8001415,14,19,221
2023-03-11,8002465,8002069,1,1,630
2023-03-11,8002465,8002071,1,1,720
2023-03-11,8002465,8002465,29,38,297
2023-03-11,8002546,8001671,5,6,90
2023-03-11,8002546,8001715,14,18,225
2023-03-11,8002546,8002546,30,49,153
2023-03-11,8002546,8006272,13,25,120
2023-03-11,8002621,8000333,16,17,240
2023-03-11,8002621,8000942,7,7,146
2023-03-11,8002621,8002235,6,8,146
2023-03-11,8002621,8002621,30,34,201
2023-03-11,8002621,8005688,0,2,0
2023-03-11,8002727,8000718,17,34,132
2023-03-11,8002727,8001262,11,19,125
2023-03-11,8002727,8002727,40,69,139
2023-03-11,8002727,8004124,8,16,159
2023-03-11,8002763,8002763,29,38,379
2023-03-11,8002763,8003233,15,20,252
2023-03-11,8002763,8005101,17,18,577
2023-03-11,8002848,8002844,6,63,79
2023-03-11,8002848,8002848,45,123,54
2023-03-11,8002848,8005876,9,60,10
2023-03-11,8003001,8000333,17,18,190
2023-03-11,8003001,8003001,33,35,248
2023-03-11,8003001,8005902,17,17,259
2023-03-11,8003014,8000077,9,18,38
2023-03-11,8003014,8001480,9,18,37
2023-03-11,8003014,8003014,27,36,47
2023-03-11,8003098,8001671,7,18,157
2023-03-11,8003098,8003098,19,36,187
2023-03-11,8003098,8003325,11,18,213
2023-03-11,8003233,8002763,17,18,565
2023-03-11,8003233,8003233,31,38,422
2023-03-11,8003233,8005090,16,20,333
2023-03-11,8003293,8002068,27,63,85
2023-03-11,8003293,8002844,34,60,43
2023-03-11,8003293,8003293,52,123,67
2023-03-11,8003325,8003098,8,18,162
2023-03-11,8003325,8003325,18,36,182
2023-03-11,8003325,8005068,11,18,200
2023-03-11,8003336,8001483,0,2,-15
2023-03-11,8003336,8003336,0,4,-8
2023-03-11,8003336,8003339,0,2,0
2023-03-11,8003339,8003336,0,2,0
2023-03-11,8003339,8003339,0,4,0
2023-03-11,8003339,8003854,0,2,0
2023-03-11,8003374,8003374,27,35,349
2023-03-11,8003374,8005090,14,16,399
2023-03-11,8003374,8005836,15,19,355
2023-03-11,8003398,8001415,16,19,354
2023-03-11,8003398,8001771,14,17,325
2023-03-11,8003398,8003398,29,36,349
2023-03-11,8003401,8000496,1,15,4
2023-03-11,8003401,8003401,14,33,124
2023-03-11,8003401,8003404,1,1,600
2023-03-11,8003404,8003401,0,1,0
2023-03-11,8003404,8003404,1,2,300
2023-03-11,8003404,8003416,1,1,600
2023-03-11,8003416,8003404,0,1,0
2023-03-11,8003416,8003416,1,2,300
2023-03-11,8003416,8004997,1,1,600
2023-03-11,8003494,8000596,5,7,163
2023-03-11,8003494,8002123,19,21,463
2023-03-11,8003494,8003494,34,39,361
2023-03-11,8003494,8004683,14,20,190
2023-03-11,8003562,8003562,14,30,44
2023-03-11,8003562,8004552,7,15,50
2023-03-11,8003562,8005871,9,15,48
2023-03-11,8003854,8000366,1,2,15
2023-03-11,8003854,8003339,0,2,0
2023-03-11,8003854,8003854,1,4,8
2023-03-11,8003857,8000366,1,1,120
2023-03-11,8003857,8003857,1,1,120
2023-03-11,8004107,8004107,1,2,255
2023-03-11,8004107,8006321,1,1,480
2023-03-11,8004107,8079616,0,1,0
2023-03-11,8004111,8000182,8,8,124
2023-03-11,8004111,8002096,8,9,133
2023-03-11,8004111,8004111,15,17,113
2023-03-11,8004124,8000657,9,18,117
2023-03-11,8004124,8000718,1,1,60
2023-03-11,8004124,8000864,1,1,60
2023-03-11,8004124,8001262,13,18,207
2023-03-11,8004124,8002727,7,16,71
2023-03-11,8004124,8003494,1,1,360
2023-03-11,8004124,8004124,37,67,138
2023-03-11,8004124,8005364,3,6,55
2023-03-11,8004124,8006272,4,7,180
2023-03-11,8004124,8089119,2,20,9
2023-03-11,8004464,8000718,9,18,78
2023-03-11,8004464,8004464,21,36,142
2023-03-11,8004464,8005317,12,18,197
2023-03-11,8004552,8001865,1,2,30
2023-03-11,8004552,8003562,6,15,36
2023-03-11,8004552,8004552,3,3,50
2023-03-11,8004552,8005871,1,1,60
2023-03-11,8004639,8004639,1,1,60
2023-03-11,8004683,8003494,17,18,557
2023-03-11,8004683,8004683,29,38,367
2023-03-11,8004683,8005101,12,20,188
2023-03-11,8004997,8002683,1,1,600
2023-03-11,8004997,8003416,0,1,0
2023-03-11,8004997,8004997,1,2,300
2023-03-11,8005037,8000412,16,28,111
2023-03-11,8005037,8000596,13,26,65
2023-03-11,8005037,8005037,32,54,92
2023-03-11,8005068,8000864,10,18,158
2023-03-11,8005068,8003325,7,18,163
2023-03-11,8005068,8005068,19,36,154
2023-03-11,8005090,8001771,0,1,0
2023-03-11,8005090,8003233,17,18,518
2023-03-11,8005090,8003374,15,19,365
2023-03-11,8005090,8005090,32,38,396
2023-03-11,8005101,8002763,12,20,189
2023-03-11,8005101,8004683,16,18,552
2023-03-11,8005101,8005101,29,38,364
2023-03-11,8005255,8001174,5,17,19
2023-03-11,8005255,8004184,5,19,52
2023-03-11,8005255,8005064,5,15,66
2023-03-11,8005255,8005255,27,65,47
2023-03-11,8005255,8006167,7,14,21
2023-03-11,8005317,8000718,10,11,150
2023-03-11,8005317,8001415,5,6,165
2023-03-11,8005317,8001643,13,18,203
2023-03-11,8005317,8002067,2,2,360
2023-03-11,8005317,8002465,1,1,120
2023-03-11,8005317,8004464,8,18,82
2023-03-11,8005317,8005317,38,56,147
2023-03-11,8005364,8000657,12,18,208
2023-03-11,8005364,8000864,6,24,84
2023-03-11,8005364,8004124,4,5,216
2023-03-11,8005364,8005364,29,47,142
2023-03-11,8005371,8000436,6,16,22
2023-03-11,8005371,8005371,9,31,17
2023-03-11,8005371,8005502,1,15,2
2023-03-11,8005490,8005490,1,1,120
2023-03-11,8005490,8006667,1,1,120
2023-03-11,8005560,8004107,1,1,540
2023-03-11,8005560,8005560,1,1,510
2023-03-11,8005644,8000366,11,17,242
2023-03-11,8005644,8005644,29,35,203
2023-03-11,8005644,8005902,17,18,198
2023-03-11,8005688,8000942,2,2,30
2023-03-11,8005688,8002621,3,3,120
2023-03-11,8005688,8005688,4,5,78
2023-03-11,8005836,8001771,15,19,366
2023-03-11,8005836,8003374,12,16,328
2023-03-11,8005836,8005836,27,35,344
2023-03-11,8005871,8001865,9,15,34
2023-03-11,8005871,8003562,3,15,44
2023-03-11,8005871,8005871,26,61,36
2023-03-11,8005871,8006167,22,31,43
2023-03-11,8005876,8001971,2,15,4
2023-03-11,8005876,8002848,32,63,72
2023-03-11,8005876,8004331,16,45,23
2023-03-11,8005876,8005876,37,119,21
2023-03-11,8005902,8003001,18,18,222
2023-03-11,8005902,8005644,12,17,245
2023-03-11,8005902,8005902,31,35,216
2023-03-11,8005911,8000393,0,1,-60
2023-03-11,8005911,8005911,0,1,-60
2023-03-11,8006167,8001491,12,18,45
2023-03-11,8006167,8005255,10,14,26
2023-03-11,8006167,8005871,12,30,38
2023-03-11,8006167,8006167,33,58,38
2023-03-11,8006167,8500329,0,37,0
2023-03-11,8006272,8000026,18,32,120
2023-03-11,8006272,8002546,19,24,190
2023-03-11,8006272,8004124,3,9,70
2023-03-11,8006272,8006272,41,65,138
2023-03-11,8006321,8000182,1,1,330
2023-03-11,8006321,8004107,0,1,0
2023-03-11,8006321,8006321,1,2,240
2023-03-11,8006629,8002365,11,18,63
2023-03-11,8006629,8002797,13,19,95
2023-03-11,8006629,8006629,24,37,74
2023-03-11,8006667,8003857,1,1,90
2023-03-11,8006667,8006667,1,1,90
2023-03-11,8079616,8000182,1,1,90
2023-03-11,8079616,8001059,0,1,0
2023-03-11,8079616,8005560,1,1,540
2023-03-11,8079616,8079616,2,3,220
2023-03-11,8089119,8004124,0,18,-3
2023-03-11,8089119,8089119,0,12,0
2023-03-11,8089119,8700329,0,6,0
2023-03-12,8000077,8000077,51,73,126
2023-03-12,8000077,8000182,11,15,230
2023-03-12,8000077,8000366,29,34,114
2023-03-12,8000077,8001485,1,2,270
2023-03-12,8000077,8002214,7,12,42
2023-03-12,8000077,8003014,12,16,39
2023-03-12,8000182,8000077,4,14,15
2023-03-12,8000182,8000182,39,53,117
2023-03-12,8000182,8000880,8,17,155
2023-03-12,8000182,8002214,12,12,165
2023-03-12,8000182,8004111,7,9,53
2023-03-12,8000182,8006321,1,1,30
2023-03-12,8000333,8000333,24,33,145
2023-03-12,8000333,8000942,1,1,60
2023-03-12,8000333,8002621,15,15,116
2023-03-12,8000333,8003001,10,18,228
2023-03-12,8000356,8000356,1,1,30
2023-03-12,8000356,8005490,1,1,30
2023-03-12,8000366,8000077,23,37,136
2023-03-12,8000366,8000366,27,33,162
2023-03-12,8000366,8003857,1,1,30
2023-03-12,8000366,8005644,16,17,79
2023-03-12,8000393,8000393,1,1,60
2023-03-12,8000393,8005911,1,1,90
2023-03-12,8000412,8000412,28,48,82
2023-03-12,8000412,8001252,20,36,49
2023-03-12,8000412,8005037,17,27,97
2023-03-12,8000436,8000436,16,28,71
2023-03-12,8000436,8000544,10,15,40
2023-03-12,8000436,8005371,1,13,44
2023-03-12,8000463,8000463,20,35,39
2023-03-12,8000463,8001491,11,18,50
2023-03-12,8000463,8003586,10,17,35
2023-03-12,8000544,8000436,2,13,115
2023-03-12,8000544,8000544,10,28,70
2023-03-12,8000544,8001971,6,15,22
2023-03-12,8000596,8000596,34,54,83
2023-03-12,8000596,8000942,5,6,100
2023-03-12,8000596,8002235,6,10,153
2023-03-12,8000596,8003494,4,7,73
2023-03-12,8000596,8005037,21,27,64
2023-03-12,8000657,8000657,20,33,187
2023-03-12,8000657,8004124,9,16,159
2023-03-12,8000657,8005364,11,17,221
2023-03-12,8000718,8000718,38,67,158
2023-03-12,8000718,8001415,4,8,41
2023-03-12,8000718,8002727,22,33,220
2023-03-12,8000718,8004464,11,17,182
2023-03-12,8000718,8005317,6,9,143
2023-03-12,8000864,8000864,29,46,176
2023-03-12,8000864,8001671,5,6,320
2023-03-12,8000864,8004124,1,1,30
2023-03-12,8000864,8005068,10,17,208
2023-03-12,8000864,8005364,15,22,128
2023-03-12,8000932,8000932,21,34,52
2023-03-12,8000932,8005064,9,16,43
2023-03-12,8000932,8005497,6,18,53
2023-03-12,8000942,8000596,7,7,129
2023-03-12,8000942,8000942,18,19,226
2023-03-12,8000942,8002235,2,2,90
2023-03-12,8000942,8002621,6,7,133
2023-03-12,8000942,8005688,3,3,750
2023-03-12,8001059,8000880,0,1,0
2023-03-12,8001059,8001059,1,3,30
2023-03-12,8001059,8079616,1,2,45
2023-03-12,8001174,8001174,15,34,41
2023-03-12,8001174,8005255,6,18,42
2023-03-12,8001174,8005497,8,16,30
2023-03-12,8001262,8001262,22,35,182
2023-03-12,8001262,8002727,9,17,161
2023-03-12,8001262,8004124,12,18,175
2023-03-12,8001405,8001405,1,1,120
2023-03-12,8001415,8000718,3,4,240
2023-03-12,8001415,8001415,42,68,174
2023-03-12,8001415,8001771,12,19,169
2023-03-12,8001415,8002067,1,1,30
2023-03-12,8001415,8002465,14,19,202
2023-03-12,8001415,8003398,14,17,244
2023-03-12,8001415,8005317,6,9,183
2023-03-12,8001482,8001482,1,1,480
2023-03-12,8001482,8001483,1,1,420
2023-03-12,8001483,8001483,1,1,420
2023-03-12,8001483,8003336,1,1,420
2023-03-12,8001485,8001482,1,1,540
2023-03-12,8001485,8001485,1,2,270
2023-03-12,8001485,8003336,0,1,0
2023-03-12,8001491,8000463,9,17,30
2023-03-12,8001491,8001491,22,35,45
2023-03-12,8001491,8006167,10,18,40
2023-03-12,8001643,8001643,20,34,138
2023-03-12,8001643,8002069,10,17,169
2023-03-12,8001643,8005317,11,17,118
2023-03-12,8001671,8000864,3,6,35
2023-03-12,8001671,8001671,27,46,167
2023-03-12,8001671,8001715,11,17,171
2023-03-12,8001671,8002546,5,6,370
2023-03-12,8001671,8003098,11,17,150
2023-03-12,8001715,8001671,13,17,152
2023-03-12,8001715,8001715,23,34,170
2023-03-12,8001715,8002546,8,17,196
2023-03-12,8001771,8000718,0,1,0
2023-03-12,8001771,8001415,7,15,108
2023-03-12,8001771,8001771,25,37,211
2023-03-12,8001771,8003398,12,19,208
2023-03-12,8001771,8005090,2,2,300
2023-03-12,8001771,8005836,11,16,219
2023-03-12,8001865,8001865,10,32,21
2023-03-12,8001865,8004552,1,2,15
2023-03-12,8001865,8005871,1,15,2
2023-03-12,8001865,8503424,5,16,17
2023-03-12,8001971,8000544,3,13,132
2023-03-12,8001971,8001971,11,28,84
2023-03-12,8001971,8005876,8,15,30
2023-03-12,8002067,8001415,1,1,60
2023-03-12,8002067,8002067,2,5,72
2023-03-12,8002067,8002071,1,2,135
2023-03-12,8002067,8005317,0,1,0
2023-03-12,8002068,8002068,59,119,69
2023-03-12,8002068,8002070,41,62,69
2023-03-12,8002068,8003293,22,57,72
2023-03-12,8002069,8001643,11,17,109
2023-03-12,8002069,8002069,21,34,141
2023-03-12,8002069,8002465,1,1,480
2023-03-12,8002071,8002067,0,1,0
2023-03-12,8002071,8002071,1,3,90
2023-03-12,8002071,8002465,1,2,135
2023-03-12,8002096,8000182,1,1,60
2023-03-12,8002096,8000933,4,9,40
2023-03-12,8002096,8002096,14,18,142
2023-03-12,8002096,8004111,6,8,206
2023-03-12,8002123,8002123,26,39,175
2023-03-12,8002123,8003494,9,19,55
2023-03-12,8002214,8000077,7,12,140
2023-03-12,8002214,8000182,7,12,38
2023-03-12,8002214,8002214,17,24,95
2023-03-12,8002235,8000596,9,9,97
2023-03-12,8002235,8000942,3,4,510
2023-03-12,8002235,8002235,15,20,171
2023-03-12,8002235,8002621,6,7,111
2023-03-12,8002337,8002337,1,1,30
2023-03-12,8002365,8000026,5,17,18
2023-03-12,8002365,8002365,24,35,58
2023-03-12,8002365,8006629,16,18,87
2023-03-12,8002465,8000718,1,1,300
2023-03-12,8002465,8001415,15,18,243
2023-03-12,8002465,8002069,1,1,630
2023-03-12,8002465,8002071,0,1,0
2023-03-12,8002465,8002465,30,37,222
2023-03-12,8002546,8001671,6,6,55
2023-03-12,8002546,8001715,12,17,157
2023-03-12,8002546,8002546,31,46,183
2023-03-12,8002546,8006272,12,23,252
2023-03-12,8002621,8000333,12,17,198
2023-03-12,8002621,8000942,7,7,150
2023-03-12,8002621,8002235,7,7,86
2023-03-12,8002621,8002621,29,32,174
2023-03-12,8002621,8005688,1,1,30
2023-03-12,8002727,8000718,15,33,109
2023-03-12,8002727,8001262,13,18,192
2023-03-12,8002727,8002727,37,66,180
2023-03-12,8002727,8004124,9,15,340
2023-03-12,8002763,8002763,23,37,191
2023-03-12,8002763,8003233,11,19,96
2023-03-12,8002763,8005101,17,18,335
2023-03-12,8002848,8002844,23,62,64
2023-03-12,8002848,8002848,63,119,80
2023-03-12,8002848,8005876,27,57,102
2023-03-12,8003001,8000333,17,17,194
2023-03-12,8003001,8003001,34,35,259
2023-03-12,8003001,8005902,17,18,287
2023-03-12,8003014,8000077,12,16,188
2023-03-12,8003014,8001480,9,16,43
2023-03-12,8003014,8003014,25,32,124
2023-03-12,8003098,8001671,7,17,168
2023-03-12,8003098,8003098,22,34,171
2023-03-12,8003098,8003325,13,17,159
2023-03-12,8003233,8002763,17,18,317
2023-03-12,8003233,8003233,28,37,224
2023-03-12,8003233,8005090,12,19,174
2023-03-12,8003293,8002068,32,62,67
2023-03-12,8003293,8002844,26,57,83
2023-03-12,8003293,8003293,52,119,71
2023-03-12,8003325,8003098,9,17,187
2023-03-12,8003325,8003325,21,34,169
2023-03-12,8003325,8005068,11,17,141
2023-03-12,8003336,8003336,1,2,195
2023-03-12,8003336,8003339,1,2,180
2023-03-12,8003339,8003339,1,2,180
2023-03-12,8003339,8003854,1,2,180
2023-03-12,8003374,8003374,22,35,197
2023-03-12,8003374,8005090,14,16,249
2023-03-12,8003374,8005836,11,19,163
2023-03-12,8003398,8001415,10,19,178
2023-03-12,8003398,8001771,14,17,240
2023-03-12,8003398,8003398,26,36,226
2023-03-12,8003401,8000496,7,16,43
2023-03-12,8003401,8003401,15,34,92
2023-03-12,8003401,8003404,0,1,0
2023-03-12,8003404,8003401,1,1,30
2023-03-12,8003404,8003404,0,2,0
2023-03-12,8003404,8003416,0,1,0
2023-03-12,8003416,8003404,1,1,30
2023-03-12,8003416,8003416,1,2,15
2023-03-12,8003416,8004997,0,1,0
2023-03-12,8003494,8000596,6,7,69
2023-03-12,8003494,8002123,18,20,279
2023-03-12,8003494,8002757,1,1,720
2023-03-12,8003494,8003494,25,39,175
2023-03-12,8003494,8004124,1,1,180
2023-03-12,8003494,8004683,9,19,76
2023-03-12,8003562,8003562,8,30,14
2023-03-12,8003562,8004552,7,15,24
2023-03-12,8003562,8005871,2,15,6
2023-03-12,8003854,8000366,1,2,240
2023-03-12,8003854,8003854,1,2,210
2023-03-12,8003857,8003857,0,1,0
2023-03-12,8003857,8006667,0,1,0
2023-03-12,8004107,8004107,1,2,60
2023-03-12,8004107,8006321,1,1,120
2023-03-12,8004107,8079616,0,1,0
2023-03-12,8004111,8000182,8,8,225
2023-03-12,8004111,8002096,7,9,87
2023-03-12,8004111,8004111,13,17,134
2023-03-12,8004124,8000657,9,17,215
2023-03-12,8004124,8000718,1,1,30
2023-03-12,8004124,8000864,1,1,60
2023-03-12,8004124,8001262,9,17,178
2023-03-12,8004124,8002727,8,16,45
2023-03-12,8004124,8004124,37,66,215
2023-03-12,8004124,8005364,4,5,354
2023-03-12,8004124,8006272,5,8,165
2023-03-12,8004124,8089119,3,20,201
2023-03-12,8004464,8000718,12,17,138
2023-03-12,8004464,8004464,20,34,142
2023-03-12,8004464,8005317,9,17,157
2023-03-12,8004552,8001865,0,2,0
2023-03-12,8004552,8003562,2,15,6
2023-03-12,8004552,8004552,1,3,10
2023-03-12,8004552,8005871,0,1,0
2023-03-12,8004683,8003494,17,18,318
2023-03-12,8004683,8004683,24,37,195
2023-03-12,8004683,8005101,7,19,66
2023-03-12,8004997,8002683,0,1,0
2023-03-12,8004997,8003416,0,1,0
2023-03-12,8004997,8004997,1,2,15
2023-03-12,8005037,8000412,15,27,67
2023-03-12,8005037,8000596,12,27,87
2023-03-12,8005037,8005037,32,54,77
2023-03-12,8005068,8000864,12,17,138
2023-03-12,8005068,8003325,10,17,194
2023-03-12,8005068,8005068,21,34,166
2023-03-12,8005090,8003233,17,18,307
2023-03-12,8005090,8003374,10,19,178
2023-03-12,8005090,8005090,28,37,232
2023-03-12,8005101,8002763,7,19,58
2023-03-12,8005101,8004683,16,18,318
2023-03-12,8005101,8005101,24,37,192
2023-03-12,8005255,8001174,6,16,21
2023-03-12,8005255,8004184,6,18,40
2023-03-12,8005255,8005064,10,15,52
2023-03-12,8005255,8005255,31,63,43
2023-03-12,8005255,8006167,10,14,36
2023-03-12,8005317,8000718,6,10,195
2023-03-12,8005317,8001415,4,6,140
2023-03-12,8005317,8001643,11,17,171
2023-03-12,8005317,8002067,2,2,285
2023-03-12,8005317,8002465,1,1,240
2023-03-12,8005317,8004464,9,17,115
2023-03-12,8005317,8005317,34,53,155
2023-03-12,8005364,8000657,11,16,154
2023-03-12,8005364,8000864,12,22,235
2023-03-12,8005364,8004124,4,6,55
2023-03-12,8005364,8005364,29,44,187
2023-03-12,8005371,8000436,14,15,58
2023-03-12,8005371,8005371,9,28,36
2023-03-12,8005371,8005502,6,13,55
2023-03-12,8005490,8000393,1,1,30
2023-03-12,8005490,8005490,1,1,30
2023-03-12,8005560,8004107,1,1,120
2023-03-12,8005560,8005560,1,1,60
2023-03-12,8005644,8000366,13,18,273
2023-03-12,8005644,8005644,33,35,219
2023-03-12,8005644,8005902,16,17,191
2023-03-12,8005688,8000942,1,1,90
2023-03-12,8005688,8002621,3,3,740
2023-03-12,8005688,8005688,4,4,570
2023-03-12,8005836,8001771,11,19,166
2023-03-12,8005836,8003374,11,16,231
2023-03-12,8005836,8005836,21,35,194
2023-03-12,8005871,8001865,9,15,46
2023-03-12,8005871,8003562,6,15,18
2023-03-12,8005871,8005871,19,61,19
2023-03-12,8005871,8006167,22,31,25
2023-03-12,8005876,8001971,8,13,185
2023-03-12,8005876,8002848,36,62,59
2023-03-12,8005876,8004331,15,34,133
2023-03-12,8005876,8005876,52,94,85
2023-03-12,8005902,8003001,17,17,217
2023-03-12,8005902,8005644,17,18,310
2023-03-12,8005902,8005902,34,35,238
2023-03-12,8005911,8001405,1,1,90
2023-03-12,8005911,8005911,1,1,60
2023-03-12,8006167,8001491,12,17,39
2023-03-12,8006167,8005255,10,14,43
2023-03-12,8006167,8005871,15,30,31
2023-03-12,8006167,8006167,37,58,31
2023-03-12,8006167,8500329,0,37,0
2023-03-12,8006272,8000026,19,31,218
2023-03-12,8006272,8002546,15,23,98
2023-03-12,8006272,8004124,2,8,4
2023-03-12,8006272,8006272,31,62,131
2023-03-12,8006321,8000182,1,1,30
2023-03-12,8006321,8004107,0,1,0
2023-03-12,8006321,8006321,2,2,90
2023-03-12,8006629,8002365,8,17,25
2023-03-12,8006629,8002797,15,18,103
2023-03-12,8006629,8006629,24,35,57
2023-03-12,8006667,8000356,0,1,0
2023-03-12,8006667,8006667,0,1,0
2023-03-12,8079616,8000182,1,1,60
2023-03-12,8079616,8001059,0,1,0
2023-03-12,8079616,8005560,0,1,0
2023-03-12,8079616,8079616,1,3,20
2023-03-12,8089119,8004124,0,18,-2
2023-03-12,8089119,8089119,1,12,292
2023-03-12,8089119,8700329,1,6,580
2023-03-13,8000077,8000077,63,81,201
2023-03-13,8000077,8000182,13,15,322
2023-03-13,8000077,8000366,31,38,206
2023-03-13,8000077,8001485,1,2,120
2023-03-13,8000077,8002214,12,16,178
2023-03-13,8000077,8003014,18,20,69
2023-03-13,8000182,8000077,7,14,272
2023-03-13,8000182,8000182,51,61,248
2023-03-13,8000182,8000880,12,16,232
2023-03-13,8000182,8002096,1,1,90
2023-03-13,8000182,8002214,12,16,248
2023-03-13,8000182,8004111,9,11,183
2023-03-13,8000182,8006321,2,2,75
2023-03-13,8000182,8079056,1,1,60
2023-03-13,8000333,8000333,33,36,393
2023-03-13,8000333,8000942,1,1,120
2023-03-13,8000333,8002621,16,17,651
2023-03-13,8000333,8003001,15,18,173
2023-03-13,8000356,8000356,1,1,930
2023-03-13,8000356,8005490,1,1,930
2023-03-13,8000366,8000077,28,39,216
2023-03-13,8000366,8000366,32,35,359
2023-03-13,8000366,8003854,1,2,165
2023-03-13,8000366,8003857,1,1,900
2023-03-13,8000366,8005644,15,19,489
2023-03-13,8000393,8000393,2,2,675
2023-03-13,8000393,8005490,1,1,420
2023-03-13,8000393,8005911,1,1,960
2023-03-13,8000412,8000412,32,55,262
2023-03-13,8000412,8001252,26,45,226
2023-03-13,8000412,8005037,21,28,194
2023-03-13,8000436,8000436,9,32,12
2023-03-13,8000436,8000544,10,17,26
2023-03-13,8000436,8005371,4,15,8
2023-03-13,8000456,8000456,1,1,30
2023-03-13,8000456,8004235,1,1,60
2023-03-13,8000463,8000463,46,58,124
2023-03-13,8000463,8001491,24,30,169
2023-03-13,8000463,8003586,20,28,77
2023-03-13,8000544,8000436,0,15,0
2023-03-13,8000544,8000544,13,32,22
2023-03-13,8000544,8001971,7,17,21
2023-03-13,8000596,8000596,37,56,272
2023-03-13,8000596,8000942,6,6,80
2023-03-13,8000596,8002235,9,10,132
2023-03-13,8000596,8003494,6,8,79
2023-03-13,8000596,8005037,25,28,344
2023-03-13,8000657,8000657,26,41,359
2023-03-13,8000657,8004124,9,19,322
2023-03-13,8000657,8005364,18,22,383
2023-03-13,8000718,8000718,53,86,276
2023-03-13,8000718,8001415,4,8,206
2023-03-13,8000718,8002727,34,44,322
2023-03-13,8000718,8004464,14,24,228
2023-03-13,8000718,8005317,5,10,351
2023-03-13,8000864,8000864,39,56,347
2023-03-13,8000864,8001671,5,8,416
2023-03-13,8000864,8004124,1,1,930
2023-03-13,8000864,8005068,15,22,375
2023-03-13,8000864,8005364,15,25,275
2023-03-13,8000932,8000932,42,56,144
2023-03-13,8000932,8005064,22,27,153
2023-03-13,8000932,8005497,15,29,130
2023-03-13,8000942,8000596,6,6,750
2023-03-13,8000942,8000942,21,21,471
2023-03-13,8000942,8002235,3,3,970
2023-03-13,8000942,8002621,7,7,154
2023-03-13,8000942,8005688,4,4,300
2023-03-13,8000965,8000965,1,1,60
2023-03-13,8000965,8002337,1,1,30
2023-03-13,8001059,8000880,1,2,30
2023-03-13,8001059,8001059,2,4,38
2023-03-13,8001059,8079616,2,2,75
2023-03-13,8001174,8001174,33,56,126
2023-03-13,8001174,8005255,14,29,132
2023-03-13,8001174,8005497,19,27,117
2023-03-13,8001262,8001262,37,54,247
2023-03-13,8001262,8002727,12,25,198
2023-03-13,8001262,8004124,23,29,282
2023-03-13,8001405,8001405,2,2,570
2023-03-13,8001405,8005911,1,1,390
2023-03-13,8001415,8000718,4,5,210
2023-03-13,8001415,8001415,56,80,242
2023-03-13,8001415,8001643,0,1,0
2023-03-13,8001415,8001771,12,22,214
2023-03-13,8001415,8002067,0,1,0
2023-03-13,8001415,8002465,19,23,301
2023-03-13,8001415,8003398,16,18,197
2023-03-13,8001415,8005317,9,9,550
2023-03-13,8001479,8000077,0,1,0
2023-03-13,8001479,8001479,0,1,0
2023-03-13,8001482,8001482,3,3,70
2023-03-13,8001482,8001483,0,1,0
2023-03-13,8001482,8001485,1,2,60
2023-03-13,8001483,8001482,2,2,120
2023-03-13,8001483,8001483,2,3,70
2023-03-13,8001483,8003336,0,1,0
2023-03-13,8001485,8000077,2,2,150
2023-03-13,8001485,8001482,1,1,60
2023-03-13,8001485,8001485,4,4,120
2023-03-13,8001485,8003336,1,1,210
2023-03-13,8001491,8000463,21,28,70
2023-03-13,8001491,8001491,39,58,120
2023-03-13,8001491,8006167,19,30,166
2023-03-13,8001643,8001643,29,50,231
2023-03-13,8001643,8002069,12,20,252
2023-03-13,8001643,8002465,0,1,0
2023-03-13,8001643,8005317,20,26,246
2023-03-13,8001671,8000864,5,7,159
2023-03-13,8001671,8001671,38,56,325
2023-03-13,8001671,8001715,14,23,325
2023-03-13,8001671,8002546,5,7,437
2023-03-13,8001671,8003098,13,19,338
2023-03-13,8001715,8001671,14,19,328
2023-03-13,8001715,8001715,27,42,323
2023-03-13,8001715,8002546,13,23,361
2023-03-13,8001771,8000718,0,1,0
2023-03-13,8001771,8001415,14,16,270
2023-03-13,8001771,8001771,60,79,244
2023-03-13,8001771,8003398,18,24,300
2023-03-13,8001771,8005090,11,20,240
2023-03-13,8001771,8005101,0,1,0
2023-03-13,8001771,8005836,14,18,223
2023-03-13,8001865,8001865,19,35,59
2023-03-13,8001865,8002373,1,1,30
2023-03-13,8001865,8004552,2,2,135
2023-03-13,8001865,8005871,5,15,10
2023-03-13,8001865,8503424,8,18,78
2023-03-13,8001971,8000544,3,15,8
2023-03-13,8001971,8001971,5,32,10
2023-03-13,8001971,8005876,4,17,16
2023-03-13,8002067,8001415,1,1,240
2023-03-13,8002067,8002067,6,9,270
2023-03-13,8002067,8002069,2,2,240
2023-03-13,8002067,8002071,2,3,370
2023-03-13,8002067,8005317,1,3,90
2023-03-13,8002068,8002068,139,182,88
2023-03-13,8002068,8002070,53,93,55
2023-03-13,8002068,8003293,59,89,111
2023-03-13,8002069,8001643,14,22,266
2023-03-13,8002069,8002069,24,42,254
2023-03-13,8002069,8002465,1,1,1080
2023-03-13,8002071,8001643,1,1,30
2023-03-13,8002071,8002067,2,3,300
2023-03-13,8002071,8002071,5,7,300
2023-03-13,8002071,8002465,2,3,380
2023-03-13,8002096,8000182,2,2,285
2023-03-13,8002096,8000933,8,14,131
2023-03-13,8002096,8002096,23,25,168
2023-03-13,8002096,8004111,8,10,147
2023-03-13,8002123,8000596,2,2,45
2023-03-13,8002123,8002123,35,45,201
2023-03-13,8002123,8003494,16,22,187
2023-03-13,8002214,8000077,12,16,231
2023-03-13,8002214,8000182,11,15,178
2023-03-13,8002214,8002214,24,32,202
2023-03-13,8002214,8003066,0,1,0
2023-03-13,8002235,8000596,9,9,387
2023-03-13,8002235,8000942,5,5,270
2023-03-13,8002235,8002235,23,23,368
2023-03-13,8002235,8002621,7,7,167
2023-03-13,8002235,8004639,1,1,570
2023-03-13,8002337,8000880,1,1,30
2023-03-13,8002337,8002337,2,2,420
2023-03-13,8002365,8000026,20,28,137
2023-03-13,8002365,8002365,47,58,145
2023-03-13,8002365,8006629,26,30,143
2023-03-13,8002373,8001865,1,2,15
2023-03-13,8002373,8002373,2,3,40
2023-03-13,8002373,8004552,1,1,30
2023-03-13,8002465,8001415,14,21,144
2023-03-13,8002465,8002067,1,1,180
2023-03-13,8002465,8002069,2,2,1395
2023-03-13,8002465,8002071,3,4,232
2023-03-13,8002465,8002465,37,44,232
2023-03-13,8002546,8001671,5,6,210
2023-03-13,8002546,8001715,13,19,287
2023-03-13,8002546,8002546,33,55,325
2023-03-13,8002546,8006272,15,30,387
2023-03-13,8002621,8000333,17,18,168
2023-03-13,8002621,8000942,7,7,673
2023-03-13,8002621,8002235,7,8,428
2023-03-13,8002621,8002621,34,35,417
2023-03-13,8002621,8005688,2,2,1470
2023-03-13,8002727,8000718,21,41,231
2023-03-13,8002727,8001262,25,29,283
2023-03-13,8002727,8002727,56,85,281
2023-03-13,8002727,8004124,11,15,424
2023-03-13,8002763,8002763,53,77,239
2023-03-13,8002763,8003233,27,39,198
2023-03-13,8002763,8003494,4,8,352
2023-03-13,8002763,8005101,23,30,258
2023-03-13,8002848,8002844,12,64,20
2023-03-13,8002848,8002848,45,126,29
2023-03-13,8002848,8005876,17,62,26
2023-03-13,8003001,8000333,18,18,697
2023-03-13,8003001,8003001,36,36,486
2023-03-13,8003001,8005902,18,18,243
2023-03-13,8003014,8000077,14,19,66
2023-03-13,8003014,8001479,0,1,0
2023-03-13,8003014,8001480,18,20,66
2023-03-13,8003014,8003014,34,40,68
2023-03-13,8003066,8000182,1,1,60
2023-03-13,8003066,8003066,1,1,30
2023-03-13,8003098,8001671,13,22,346
2023-03-13,8003098,8003098,29,41,354
2023-03-13,8003098,8003325,14,19,349
2023-03-13,8003233,8002763,28,38,264
2023-03-13,8003233,8003233,56,77,220
2023-03-13,8003233,8005090,27,39,224
2023-03-13,8003293,8002068,74,93,49
2023-03-13,8003293,8002844,47,62,75
2023-03-13,8003293,8003293,88,127,57
2023-03-13,8003325,8003098,15,22,359
2023-03-13,8003325,8003325,28,41,352
2023-03-13,8003325,8005068,13,19,335
2023-03-13,8003336,8001483,1,2,75
2023-03-13,8003336,8003336,2,4,90
2023-03-13,8003336,8003339,1,2,120
2023-03-13,8003339,8003336,1,2,90
2023-03-13,8003339,8003339,2,4,112
2023-03-13,8003339,8003854,1,2,120
2023-03-13,8003374,8003374,30,40,237
2023-03-13,8003374,8005090,16,18,253
2023-03-13,8003374,8005836,12,22,218
2023-03-13,8003398,8001415,17,24,276
2023-03-13,8003398,8001771,16,18,220
2023-03-13,8003398,8003398,32,42,259
2023-03-13,8003401,8000496,4,16,261
2023-03-13,8003401,8003401,19,34,192
2023-03-13,8003401,8003404,0,1,0
2023-03-13,8003404,8003401,2,2,45
2023-03-13,8003404,8003404,2,3,40
2023-03-13,8003404,8003416,0,1,0
2023-03-13,8003416,8003404,2,2,90
2023-03-13,8003416,8003416,2,3,40
2023-03-13,8003416,8004997,0,1,0
2023-03-13,8003494,8000596,7,8,285
2023-03-13,8003494,8002123,17,23,223
2023-03-13,8003494,8002763,5,6,70
2023-03-13,8003494,8003494,56,80,238
2023-03-13,8003494,8004124,1,1,750
2023-03-13,8003494,8004683,23,32,205
2023-03-13,8003494,8005101,1,1,90
2023-03-13,8003562,8003562,24,43,107
2023-03-13,8003562,8004552,11,17,161
2023-03-13,8003562,8005871,9,21,73
2023-03-13,8003562,8006628,5,5,72
2023-03-13,8003854,8000366,1,2,135
2023-03-13,8003854,8003339,1,2,120
2023-03-13,8003854,8003854,2,4,135
2023-03-13,8003857,8000366,1,1,390
2023-03-13,8003857,8003857,2,2,675
2023-03-13,8003857,8006667,1,1,930
2023-03-13,8004107,8004107,2,3,70
2023-03-13,8004107,8006321,1,1,150
2023-03-13,8004107,8079616,1,2,15
2023-03-13,8004111,8000182,10,10,201
2023-03-13,8004111,8002096,11,12,218
2023-03-13,8004111,8004111,18,22,176
2023-03-13,8004124,8000657,17,22,397
2023-03-13,8004124,8000718,1,1,180
2023-03-13,8004124,8000864,1,1,1260
2023-03-13,8004124,8001262,12,25,202
2023-03-13,8004124,8002727,10,16,279
2023-03-13,8004124,8003494,0,1,-150
2023-03-13,8004124,8004124,49,81,298
2023-03-13,8004124,8005364,5,7,334
2023-03-13,8004124,8006272,5,8,116
2023-03-13,8004124,8089119,5,18,103
2023-03-13,8004235,8004235,1,1,60
2023-03-13,8004235,8005723,1,1,60
2023-03-13,8004464,8000718,22,26,270
2023-03-13,8004464,8004464,34,50,243
2023-03-13,8004464,8005317,13,24,225
2023-03-13,8004552,8001865,2,2,585
2023-03-13,8004552,8002373,1,2,60
2023-03-13,8004552,8003562,8,16,88
2023-03-13,8004552,8004552,4,5,198
2023-03-13,8004552,8005871,2,2,195
2023-03-13,8004639,8004639,1,1,480
2023-03-13,8004683,8003494,21,30,264
2023-03-13,8004683,8004683,44,62,231
2023-03-13,8004683,8005101,24,32,211
2023-03-13,8004997,8002683,0,1,0
2023-03-13,8004997,8003416,1,2,45
2023-03-13,8004997,8004997,2,3,40
2023-03-13,8005037,8000412,18,28,340
2023-03-13,8005037,8000596,16,28,186
2023-03-13,8005037,8005037,42,56,267
2023-03-13,8005068,8000864,11,19,328
2023-03-13,8005068,8003325,16,22,370
2023-03-13,8005068,8005068,27,41,349
2023-03-13,8005090,8001771,16,18,217
2023-03-13,8005090,8003233,26,38,246
2023-03-13,8005090,8003374,14,22,228
2023-03-13,8005090,8005090,54,78,238
2023-03-13,8005101,8002763,24,33,214
2023-03-13,8005101,8003494,0,1,0
2023-03-13,8005101,8004683,20,30,247
2023-03-13,8005101,8005090,1,1,120
2023-03-13,8005101,8005101,45,65,221
2023-03-13,8005255,8001174,14,27,109
2023-03-13,8005255,8003586,0,1,0
2023-03-13,8005255,8004184,17,29,137
2023-03-13,8005255,8005064,9,16,54
2023-03-13,8005255,8005255,48,87,97
2023-03-13,8005255,8006167,10,14,62
2023-03-13,8005317,8000718,11,12,445
2023-03-13,8005317,8001415,4,8,274
2023-03-13,8005317,8001643,14,24,226
2023-03-13,8005317,8002067,2,2,645
2023-03-13,8005317,8004464,19,26,250
2023-03-13,8005317,8005317,50,72,286
2023-03-13,8005364,8000657,9,19,328
2023-03-13,8005364,8000864,21,29,354
2023-03-13,8005364,8004124,4,6,120
2023-03-13,8005364,8005364,37,54,323
2023-03-13,8005371,8000436,13,17,42
2023-03-13,8005371,8005371,18,32,27
2023-03-13,8005371,8005502,0,15,0
2023-03-13,8005490,8000393,1,1,930
2023-03-13,8005490,8005490,2,2,675
2023-03-13,8005490,8006667,1,1,420
2023-03-13,8005560,8004107,1,1,120
2023-03-13,8005560,8005560,1,1,60
2023-03-13,8005644,8000366,16,19,249
2023-03-13,8005644,8005644,37,38,396
2023-03-13,8005644,8005902,18,19,658
2023-03-13,8005688,8000942,2,2,1410
2023-03-13,8005688,8002621,4,4,338
2023-03-13,8005688,8005688,6,6,695
2023-03-13,8005723,8004111,1,1,30
2023-03-13,8005723,8005723,1,1,30
2023-03-13,8005764,8070866,0,5,0
2023-03-13,8005836,8001771,16,22,228
2023-03-13,8005836,8003374,17,18,245
2023-03-13,8005836,8005836,30,40,228
2023-03-13,8005871,8001865,13,16,73
2023-03-13,8005871,8003562,13,22,131
2023-03-13,8005871,8005871,43,76,85
2023-03-13,8005871,8006167,29,38,81
2023-03-13,8005876,8001971,3,15,12
2023-03-13,8005876,8002848,26,64,31
2023-03-13,8005876,8004331,18,48,35
2023-03-13,8005876,8005876,47,124,24
2023-03-13,8005902,8003001,18,18,730
2023-03-13,8005902,8005644,19,19,213
2023-03-13,8005902,8005902,36,36,462
2023-03-13,8005911,8000393,1,1,390
2023-03-13,8005911,8001405,1,1,780
2023-03-13,8005911,8005911,2,2,630
2023-03-13,8006167,8001491,21,28,75
2023-03-13,8006167,8004552,1,1,30
2023-03-13,8006167,8005255,10,15,38
2023-03-13,8006167,8005871,25,38,105
2023-03-13,8006167,8006167,48,63,95
2023-03-13,8006167,8500329,0,38,0
2023-03-13,8006272,8000026,27,38,357
2023-03-13,8006272,8001671,0,1,0
2023-03-13,8006272,8002546,15,25,241
2023-03-13,8006272,8004124,5,9,370
2023-03-13,8006272,8006272,40,73,325
2023-03-13,8006321,8000182,1,1,90
2023-03-13,8006321,8004107,2,2,45
2023-03-13,8006321,8006321,3,3,100
2023-03-13,8006628,8003562,1,5,18
2023-03-13,8006628,8006628,4,10,39
2023-03-13,8006628,8070866,5,5,78
2023-03-13,8006629,8002365,21,28,148
2023-03-13,8006629,8002797,21,30,146
2023-03-13,8006629,8006629,43,58,144
2023-03-13,8006667,8000356,1,1,930
2023-03-13,8006667,8003857,1,1,420
2023-03-13,8006667,8006667,2,2,675
2023-03-13,8070866,8005764,4,5,84
2023-03-13,8070866,8006628,0,5,0
2023-03-13,8070866,8070866,5,10,42
2023-03-13,8079056,8000456,1,1,30
2023-03-13,8079056,8079056,1,1,60
2023-03-13,8079616,8000182,1,1,30
2023-03-13,8079616,8001059,0,2,0
2023-03-13,8079616,8005560,1,1,60
2023-03-13,8079616,8079616,1,4,30
2023-03-13,8089119,8004124,2,18,5
2023-03-13,8089119,8089119,0,14,0
2023-03-13,8089119,8700329,0,7,0
2023-03-14,8000077,8000077,60,81,94
2023-03-14,8000077,8000182,12,15,96
2023-03-14,8000077,8000366,35,38,122
2023-03-14,8000077,8001485,1,2,15
2023-03-14,8000077,8002214,13,16,103
2023-03-14,8000077,8003014,13,20,33
2023-03-14,8000182,8000077,8,14,39
2023-03-14,8000182,8000182,48,61,159
2023-03-14,8000182,8000880,11,16,94
2023-03-14,8000182,8002096,1,1,150
2023-03-14,8000182,8002214,14,16,368
2023-03-14,8000182,8004111,11,11,106
2023-03-14,8000182,8006321,1,2,15
2023-03-14,8000182,8079056,1,1,90
2023-03-14,8000333,8000333,30,36,118
2023-03-14,8000333,8000942,1,1,150
2023-03-14,8000333,8002621,17,17,131
2023-03-14,8000333,8003001,15,18,110
2023-03-14,8000356,8000356,1,1,30
2023-03-14,8000356,8005490,1,1,30
2023-03-14,8000366,8000077,30,39,92
2023-03-14,8000366,8000366,29,35,115
2023-03-14,8000366,8003854,1,2,60
2023-03-14,8000366,8003857,0,1,0
2023-03-14,8000366,8005644,16,19,88
2023-03-14,8000393,8000393,2,2,60
2023-03-14,8000393,8005490,1,1,120
2023-03-14,8000393,8005911,1,1,30
2023-03-14,8000412,8000412,37,55,114
2023-03-14,8000412,8001252,32,45,139
2023-03-14,8000412,8005037,21,27,110
2023-03-14,8000436,8000436,4,32,6
2023-03-14,8000436,8000544,4,17,11
2023-03-14,8000436,8005371,3,15,8
2023-03-14,8000456,8000456,1,1,30
2023-03-14,8000456,8004235,1,1,60
2023-03-14,8000463,8000463,38,58,78
2023-03-14,8000463,8001491,20,30,101
2023-03-14,8000463,8003586,12,28,48
2023-03-14,8000544,8000436,0,15,0
2023-03-14,8000544,8000544,4,32,8
2023-03-14,8000544,8001971,2,17,7
2023-03-14,8000596,8000596,45,55,109
2023-03-14,8000596,8000942,6,6,105
2023-03-14,8000596,8002235,9,10,126
2023-03-14,8000596,8003494,6,8,98
2023-03-14,8000596,8005037,23,28,116
2023-03-14,8000657,8000657,31,41,173
2023-03-14,8000657,8004124,13,19,159
2023-03-14,8000657,8005364,17,22,183
2023-03-14,8000718,8000718,58,87,221
2023-03-14,8000718,8001415,5,8,45
2023-03-14,8000718,8002727,37,44,201
2023-03-14,8000718,8004464,15,25,380
2023-03-14,8000718,8005317,6,10,156
2023-03-14,8000864,8000864,45,56,173
2023-03-14,8000864,8001671,6,8,202
2023-03-14,8000864,8004124,1,1,180
2023-03-14,8000864,8005068,17,22,185
2023-03-14,8000864,8005364,18,25,143
2023-03-14,8000932,8000932,35,56,73
2023-03-14,8000932,8005064,17,27,70
2023-03-14,8000932,8005497,15,29,73
2023-03-14,8000942,8000596,6,6,95
2023-03-14,8000942,8000942,21,21,120
2023-03-14,8000942,8002235,3,3,110
2023-03-14,8000942,8002621,7,7,150
2023-03-14,8000942,8005688,4,4,105
2023-03-14,8000965,8000965,0,1,0
2023-03-14,8000965,8002337,0,1,-60
2023-03-14,8001059,8000880,1,2,30
2023-03-14,8001059,8001059,2,4,22
2023-03-14,8001059,8079616,1,2,15
2023-03-14,8001174,8001174,25,56,73
2023-03-14,8001174,8005255,13,29,92
2023-03-14,8001174,8005497,8,27,42
2023-03-14,8001262,8001262,40,55,249
2023-03-14,8001262,8002727,16,26,355
2023-03-14,8001262,8004124,21,29,131
2023-03-14,8001405,8001405,1,2,15
2023-03-14,8001405,8005911,1,1,30
2023-03-14,8001415,8000718,5,5,336
2023-03-14,8001415,8001415,56,80,229
2023-03-14,8001415,8001643,1,1,60
2023-03-14,8001415,8001771,11,22,281
2023-03-14,8001415,8002067,1,1,330
2023-03-14,8001415,8002465,13,23,173
2023-03-14,8001415,8003398,15,18,208
2023-03-14,8001415,8005317,9,9,323
2023-03-14,8001479,8000077,1,1,60
2023-03-14,8001479,8001479,1,1,60
2023-03-14,8001482,8001482,2,3,30
2023-03-14,8001482,8001483,0,1,0
2023-03-14,8001482,8001485,0,2,0
2023-03-14,8001483,8001482,1,2,15
2023-03-14,8001483,8001483,0,3,0
2023-03-14,8001483,8003336,0,1,0
2023-03-14,8001485,8000077,0,2,0
2023-03-14,8001485,8001482,1,1,90
2023-03-14,8001485,8001485,1,4,15
2023-03-14,8001485,8003336,0,1,0
2023-03-14,8001491,8000463,16,28,49
2023-03-14,8001491,8001491,33,58,76
2023-03-14,8001491,8006167,17,30,95
2023-03-14,8001643,8001643,32,51,221
2023-03-14,8001643,8002069,11,21,373
2023-03-14,8001643,8002465,1,1,330
2023-03-14,8001643,8005317,21,26,96
2023-03-14,8001671,8000864,7,7,107
2023-03-14,8001671,8001671,40,56,137
2023-03-14,8001671,8001715,18,23,136
2023-03-14,8001671,8002546,4,7,231
2023-03-14,8001671,8003098,11,19,137
2023-03-14,8001715,8001671,12,19,136
2023-03-14,8001715,8001715,32,42,149
2023-03-14,8001715,8002546,19,23,166
2023-03-14,8001771,8000718,0,1,0
2023-03-14,8001771,8001415,13,16,292
2023-03-14,8001771,8001771,58,79,247
2023-03-14,8001771,8003398,17,24,196
2023-03-14,8001771,8005090,11,20,110
2023-03-14,8001771,8005101,1,1,240
2023-03-14,8001771,8005836,13,18,447
2023-03-14,8001865,8001865,16,35,43
2023-03-14,8001865,8002373,0,1,0
2023-03-14,8001865,8004552,2,2,30
2023-03-14,8001865,8005871,4,15,16
2023-03-14,8001865,8503424,8,18,53
2023-03-14,8001971,8000544,0,15,0
2023-03-14,8001971,8001971,1,32,3
2023-03-14,8001971,8005876,1,17,5
2023-03-14,8002067,8001415,1,1,750
2023-03-14,8002067,8002067,6,9,167
2023-03-14,8002067,8002069,2,2,150
2023-03-14,8002067,8002071,2,3,40
2023-03-14,8002067,8005317,2,3,120
2023-03-14,8002068,8002068,85,182,44
2023-03-14,8002068,8002070,32,93,47
2023-03-14,8002068,8003293,45,89,40
2023-03-14,8002069,8001643,13,22,83
2023-03-14,8002069,8002069,26,43,220
2023-03-14,8002069,8002465,1,1,180
2023-03-14,8002071,8001643,0,1,0
2023-03-14,8002071,8002067,1,3,90
2023-03-14,8002071,8002071,3,7,51
2023-03-14,8002071,8002465,2,3,30
2023-03-14,8002096,8000182,2,2,675
2023-03-14,8002096,8000933,10,14,154
2023-03-14,8002096,8002096,23,25,323
2023-03-14,8002096,8004111,6,10,459
2023-03-14,8002123,8000596,2,2,375
2023-03-14,8002123,8002123,35,45,337
2023-03-14,8002123,8003494,17,22,192
2023-03-14,8002214,8000077,13,16,339
2023-03-14,8002214,8000182,13,15,88
2023-03-14,8002214,8002214,27,32,222
2023-03-14,8002214,8003066,0,1,0
2023-03-14,8002235,8000596,9,9,107
2023-03-14,8002235,8000942,5,5,102
2023-03-14,8002235,8002235,21,23,120
2023-03-14,8002235,8002621,7,7,189
2023-03-14,8002235,8004639,1,1,90
2023-03-14,8002337,8000880,0,1,0
2023-03-14,8002337,8002337,1,2,30
2023-03-14,8002365,8000026,12,28,66
2023-03-14,8002365,8002365,42,58,67
2023-03-14,8002365,8006629,25,30,53
2023-03-14,8002373,8001865,1,2,15
2023-03-14,8002373,8002373,1,3,20
2023-03-14,8002373,8004552,0,1,0
2023-03-14,8002465,8001415,16,21,153
2023-03-14,8002465,8002067,1,1,120
2023-03-14,8002465,8002069,2,2,165
2023-03-14,8002465,8002071,1,4,68
2023-03-14,8002465,8002465,31,44,151
2023-03-14,8002546,8001671,4,6,125
2023-03-14,8002546,8001715,14,19,144
2023-03-14,8002546,8002546,40,55,166
2023-03-14,8002546,8006272,19,30,192
2023-03-14,8002621,8000333,15,18,125
2023-03-14,8002621,8000942,7,7,111
2023-03-14,8002621,8002235,7,8,116
2023-03-14,8002621,8002621,35,35,139
2023-03-14,8002621,8005688,2,2,105
2023-03-14,8002727,8000718,22,42,249
2023-03-14,8002727,8001262,24,29,153
2023-03-14,8002727,8002727,62,86,225
2023-03-14,8002727,8004124,14,15,312
2023-03-14,8002763,8002763,54,77,257
2023-03-14,8002763,8003233,27,39,189
2023-03-14,8002763,8003494,4,8,64
2023-03-14,8002763,8005101,18,30,382
2023-03-14,8002848,8002844,12,64,38
2023-03-14,8002848,8002848,57,126,40
2023-03-14,8002848,8005876,20,62,34
2023-03-14,8003001,8000333,18,18,195
2023-03-14,8003001,8003001,36,36,198
2023-03-14,8003001,8005902,18,18,155
2023-03-14,8003014,8000077,13,19,44
2023-03-14,8003014,8001479,1,1,60
2023-03-14,8003014,8001480,12,20,42
2023-03-14,8003014,8003014,28,40,44
2023-03-14,8003066,8000182,1,1,60
2023-03-14,8003066,8003066,1,1,30
2023-03-14,8003098,8001671,17,22,157
2023-03-14,8003098,8003098,32,41,157
2023-03-14,8003098,8003325,15,19,144
2023-03-14,8003233,8002763,27,38,303
2023-03-14,8003233,8003233,54,77,235
2023-03-14,8003233,8005090,32,39,216
2023-03-14,8003293,8002068,59,93,58
2023-03-14,8003293,8002844,34,62,45
2023-03-14,8003293,8003293,83,127,57
2023-03-14,8003325,8003098,17,22,170
2023-03-14,8003325,8003325,31,41,159
2023-03-14,8003325,8005068,13,19,137
2023-03-14,8003336,8001483,0,2,0
2023-03-14,8003336,8003336,0,4,0
2023-03-14,8003336,8003339,1,2,15
2023-03-14,8003339,8003336,0,2,0
2023-03-14,8003339,8003339,1,4,8
2023-03-14,8003339,8003854,0,2,0
2023-03-14,8003374,8003374,31,40,317
2023-03-14,8003374,8005090,15,18,467
2023-03-14,8003374,8005836,15,22,185
2023-03-14,8003398,8001415,18,24,176
2023-03-14,8003398,8001771,16,18,220
2023-03-14,8003398,8003398,33,42,204
2023-03-14,8003401,8000496,4,15,24
2023-03-14,8003401,8003401,17,33,62
2023-03-14,8003401,8003404,0,1,0
2023-03-14,8003404,8003401,1,2,15
2023-03-14,8003404,8003404,1,3,10
2023-03-14,8003404,8003416,0,1,0
2023-03-14,8003416,8003404,1,2,30
2023-03-14,8003416,8003416,1,3,10
2023-03-14,8003416,8004997,0,1,0
2023-03-14,8003494,8000596,7,8,120
2023-03-14,8003494,8002123,17,23,470
2023-03-14,8003494,8002763,4,6,130
2023-03-14,8003494,8003494,52,80,226
2023-03-14,8003494,8004124,1,1,30
2023-03-14,8003494,8004683,24,32,177
2023-03-14,8003494,8005101,1,1,90
2023-03-14,8003562,8003562,17,43,63
2023-03-14,8003562,8004552,8,17,69
2023-03-14,8003562,8005871,10,21,69
2023-03-14,8003562,8006628,4,5,36
2023-03-14,8003854,8000366,1,2,15
2023-03-14,8003854,8003339,1,2,15
2023-03-14,8003854,8003854,2,4,30
2023-03-14,8003857,8000366,1,1,60
2023-03-14,8003857,8003857,1,2,60
2023-03-14,8003857,8006667,0,1,0
2023-03-14,8004107,8004107,1,3,20
2023-03-14,8004107,8006321,1,1,30
2023-03-14,8004107,8079616,1,2,15
2023-03-14,8004111,8000182,10,10,501
2023-03-14,8004111,8002096,12,12,122
2023-03-14,8004111,8004111,19,22,273
2023-03-14,8004124,8000657,17,22,184
2023-03-14,8004124,8000718,0,1,0
2023-03-14,8004124,8000864,1,1,180
2023-03-14,8004124,8001262,17,26,358
2023-03-14,8004124,8002727,8,16,79
2023-03-14,8004124,8003494,0,1,0
2023-03-14,8004124,8004124,54,81,208
2023-03-14,8004124,8005364,6,7,261
2023-03-14,8004124,8006272,6,8,218
2023-03-14,8004124,8089119,2,18,7
2023-03-14,8004235,8004235,1,1,60
2023-03-14,8004235,8005723,1,1,60
2023-03-14,8004464,8000718,20,26,102
2023-03-14,8004464,8004464,36,51,234
2023-03-14,8004464,8005317,16,25,367
2023-03-14,8004552,8001865,1,2,30
2023-03-14,8004552,8002373,1,2,30
2023-03-14,8004552,8003562,4,16,51
2023-03-14,8004552,8004552,4,5,30
2023-03-14,8004552,8005871,2,2,45
2023-03-14,8004639,8004639,1,1,30
2023-03-14,8004683,8003494,20,30,375
2023-03-14,8004683,8004683,45,62,280
2023-03-14,8004683,8005101,25,32,195
2023-03-14,8004997,8002683,0,1,0
2023-03-14,8004997,8003416,1,2,15
2023-03-14,8004997,8004997,1,3,20
2023-03-14,8005037,8000412,20,28,121
2023-03-14,8005037,8000596,19,27,98
2023-03-14,8005037,8005037,41,55,110
2023-03-14,8005068,8000864,12,19,139
2023-03-14,8005068,8003325,17,22,177
2023-03-14,8005068,8005068,28,41,155
2023-03-14,8005090,8001771,14,18,233
2023-03-14,8005090,8003233,26,38,291
2023-03-14,8005090,8003374,17,22,203
2023-03-14,8005090,8005090,58,78,252
2023-03-14,8005101,8002763,25,33,194
2023-03-14,8005101,8003494,1,1,540
2023-03-14,8005101,8004683,18,30,368
2023-03-14,8005101,8005090,1,1,60
2023-03-14,8005101,8005101,45,65,280
2023-03-14,8005255,8001174,9,27,42
2023-03-14,8005255,8003586,0,1,0
2023-03-14,8005255,8004184,15,29,94
2023-03-14,8005255,8005064,8,16,49
2023-03-14,8005255,8005255,36,87,66
2023-03-14,8005255,8006167,6,14,62
2023-03-14,8005317,8000718,11,12,292
2023-03-14,8005317,8001415,4,8,52
2023-03-14,8005317,8001643,17,25,367
2023-03-14,8005317,8002067,2,2,480
2023-03-14,8005317,8004464,20,26,98
2023-03-14,8005317,8005317,55,73,231
2023-03-14,8005364,8000657,14,19,169
2023-03-14,8005364,8000864,22,29,192
2023-03-14,8005364,8004124,4,6,110
2023-03-14,8005364,8005364,40,54,177
2023-03-14,8005371,8000436,8,17,23
2023-03-14,8005371,8005371,11,32,15
2023-03-14,8005371,8005502,1,15,-2
2023-03-14,8005490,8000393,0,1,0
2023-03-14,8005490,8005490,1,2,60
2023-03-14,8005490,8006667,1,1,120
2023-03-14,8005560,8004107,1,1,60
2023-03-14,8005560,8005560,1,1,30
2023-03-14,8005644,8000366,14,19,118
2023-03-14,8005644,8005644,35,38,135
2023-03-14,8005644,8005902,17,19,205
2023-03-14,8005688,8000942,2,2,60
2023-03-14,8005688,8002621,4,4,120
2023-03-14,8005688,8005688,6,6,110
2023-03-14,8005723,8004111,1,1,30
2023-03-14,8005723,8005723,1,1,30
2023-03-14,8005764,8070866,0,5,0
2023-03-14,8005836,8001771,17,22,205
2023-03-14,8005836,8003374,16,18,470
2023-03-14,8005836,8005836,33,40,315
2023-03-14,8005871,8001865,9,16,69
2023-03-14,8005871,8003562,10,22,56
2023-03-14,8005871,8005871,31,76,54
2023-03-14,8005871,8006167,26,38,65
2023-03-14,8005876,8001971,3,15,6
2023-03-14,8005876,8002848,35,64,71
2023-03-14,8005876,8004331,19,48,51
2023-03-14,8005876,8005876,53,124,48
2023-03-14,8005902,8003001,18,18,235
2023-03-14,8005902,8005644,19,19,133
2023-03-14,8005902,8005902,35,36,177
2023-03-14,8005911,8000393,1,1,60
2023-03-14,8005911,8001405,0,1,0
2023-03-14,8005911,8005911,1,2,30
2023-03-14,8006167,8001491,17,28,51
2023-03-14,8006167,8004552,0,1,0
2023-03-14,8006167,8005255,13,15,36
2023-03-14,8006167,8005871,17,38,62
2023-03-14,8006167,8006167,44,63,63
2023-03-14,8006167,8500329,0,38,0
2023-03-14,8006272,8000026,30,38,202
2023-03-14,8006272,8001671,1,1,30
2023-03-14,8006272,8002546,16,25,131
2023-03-14,8006272,8004124,3,9,-10
2023-03-14,8006272,8006272,46,73,139
2023-03-14,8006321,8000182,0,1,0
2023-03-14,8006321,8004107,0,2,0
2023-03-14,8006321,8006321,2,3,30
2023-03-14,8006628,8003562,1,5,54
2023-03-14,8006628,8006628,3,10,18
2023-03-14,8006628,8070866,4,5,30
2023-03-14,8006629,8002365,16,28,84
2023-03-14,8006629,8002797,21,30,63
2023-03-14,8006629,8006629,38,58,67
2023-03-14,8006667,8000356,0,1,0
2023-03-14,8006667,8003857,1,1,90
2023-03-14,8006667,8006667,1,2,45
2023-03-14,8070866,8005764,3,5,30
2023-03-14,8070866,8006628,0,5,0
2023-03-14,8070866,8070866,3,10,12
2023-03-14,8079056,8000456,1,1,30
2023-03-14,8079056,8079056,1,1,60
2023-03-14,8079616,8000182,1,1,30
2023-03-14,8079616,8001059,1,2,30
2023-03-14,8079616,8005560,0,1,0
2023-03-14,8079616,8079616,1,4,15
2023-03-14,8089119,8004124,2,18,257
2023-03-14,8089119,8089119,0,14,0
2023-03-14,8089119,8700329,0,7,0
2023-03-15,8000077,8000077,67,81,137
2023-03-15,8000077,8000182,12,15,360
2023-03-15,8000077,8000366,34,38,86
2023-03-15,8000077,8001485,2,2,105
2023-03-15,8000077,8002214,9,16,98
2023-03-15,8000077,8003014,16,20,82
2023-03-15,8000182,8000077,5,14,34
2023-03-15,8000182,8000182,48,61,188
2023-03-15,8000182,8000880,13,16,330
2023-03-15,8000182,8002096,1,1,210
2023-03-15,8000182,8002214,13,16,202
2023-03-15,8000182,8004111,9,11,183
2023-03-15,8000182,8006321,1,2,45
2023-03-15,8000182,8079056,1,1,60
2023-03-15,8000333,8000333,29,34,187
2023-03-15,8000333,8000942,1,1,420
2023-03-15,8000333,8002621,15,16,137
2023-03-15,8000333,8003001,15,18,212
2023-03-15,8000356,8000356,1,1,30
2023-03-15,8000356,8005490,1,1,60
2023-03-15,8000366,8000077,31,39,199
2023-03-15,8000366,8000366,32,35,209
2023-03-15,8000366,8003854,0,2,0
2023-03-15,8000366,8003857,1,1,30
2023-03-15,8000366,8005644,15,19,73
2023-03-15,8000393,8000393,2,2,45
2023-03-15,8000393,8005490,1,1,60
2023-03-15,8000393,8005911,1,1,90
2023-03-15,8000412,8000412,39,55,110
2023-03-15,8000412,8001252,32,45,104
2023-03-15,8000412,8005037,21,27,99
2023-03-15,8000436,8000436,5,32,7
2023-03-15,8000436,8000544,7,17,14
2023-03-15,8000436,8005371,3,15,6
2023-03-15,8000456,8000456,1,1,30
2023-03-15,8000456,8004235,1,1,60
2023-03-15,8000463,8000463,35,58,60
2023-03-15,8000463,8001491,19,30,78
2023-03-15,8000463,8003586,13,28,34
2023-03-15,8000544,8000436,2,15,2
2023-03-15,8000544,8000544,10,32,10
2023-03-15,8000544,8001971,1,17,2
2023-03-15,8000596,8000596,44,55,113
2023-03-15,8000596,8000942,6,6,200
2023-03-15,8000596,8002235,9,10,108
2023-03-15,8000596,8003494,7,8,90
2023-03-15,8000596,8005037,21,28,124
2023-03-15,8000657,8000657,29,41,173
2023-03-15,8000657,8004124,13,19,171
2023-03-15,8000657,8005364,13,22,166
2023-03-15,8000718,8000718,56,87,151
2023-03-15,8000718,8001415,4,8,68
2023-03-15,8000718,8002727,33,44,204
2023-03-15,8000718,8004464,14,25,133
2023-03-15,8000718,8005317,8,10,159
2023-03-15,8000864,8000864,37,56,170
2023-03-15,8000864,8001671,6,8,281
2023-03-15,8000864,8004124,1,1,30
2023-03-15,8000864,8005068,15,22,169
2023-03-15,8000864,8005364,16,25,133
2023-03-15,8000932,8000932,34,56,61
2023-03-15,8000932,8005064,17,27,57
2023-03-15,8000932,8005497,13,29,65
2023-03-15,8000942,8000596,6,6,110
2023-03-15,8000942,8000942,19,20,214
2023-03-15,8000942,8002235,2,3,230
2023-03-15,8000942,8002621,7,7,326
2023-03-15,8000942,8005688,3,3,150
2023-03-15,8000965,8000965,0,1,0
2023-03-15,8000965,8002337,0,1,-60
2023-03-15,8001059,8000880,2,2,30
2023-03-15,8001059,8001059,2,4,38
2023-03-15,8001059,8079616,2,2,75
2023-03-15,8001174,8001174,27,56,51
2023-03-15,8001174,8005255,11,29,62
2023-03-15,8001174,8005497,10,27,31
2023-03-15,8001262,8001262,38,55,151
2023-03-15,8001262,8002727,15,26,134
2023-03-15,8001262,8004124,20,29,157
2023-03-15,8001405,8001405,1,2,105
2023-03-15,8001405,8005911,1,1,30
2023-03-15,8001415,8000718,5,5,312
2023-03-15,8001415,8001415,41,80,110
2023-03-15,8001415,8001643,0,1,0
2023-03-15,8001415,8001771,13,22,102
2023-03-15,8001415,8002067,0,1,0
2023-03-15,8001415,8002465,12,23,82
2023-03-15,8001415,8003398,13,18,55
2023-03-15,8001415,8005317,9,9,373
2023-03-15,8001479,8000077,1,1,90
2023-03-15,8001479,8001479,1,1,60
2023-03-15,8001482,8001482,2,3,70
2023-03-15,8001482,8001483,1,1,120
2023-03-15,8001482,8001485,0,2,0
2023-03-15,8001483,8001482,1,2,15
2023-03-15,8001483,8001483,1,3,30
2023-03-15,8001483,8003336,1,1,90
2023-03-15,8001485,8000077,1,2,30
2023-03-15,8001485,8001482,1,1,240
2023-03-15,8001485,8001485,3,4,68
2023-03-15,8001485,8003336,0,1,0
2023-03-15,8001491,8000463,15,28,36
2023-03-15,8001491,8001491,33,58,56
2023-03-15,8001491,8006167,19,30,76
2023-03-15,8001643,8001643,32,51,122
2023-03-15,8001643,8002069,13,21,113
2023-03-15,8001643,8002465,1,1,30
2023-03-15,8001643,8005317,17,26,118
2023-03-15,8001671,8000864,3,7,51
2023-03-15,8001671,8001671,32,56,129
2023-03-15,8001671,8001715,13,23,107
2023-03-15,8001671,8002546,5,7,274
2023-03-15,8001671,8003098,10,19,118
2023-03-15,8001715,8001671,13,19,129
2023-03-15,8001715,8001715,26,42,121
2023-03-15,8001715,8002546,13,23,112
2023-03-15,8001771,8000718,0,1,0
2023-03-15,8001771,8001415,12,16,266
2023-03-15,8001771,8001771,45,79,116
2023-03-15,8001771,8003398,8,24,86
2023-03-15,8001771,8005090,9,20,105
2023-03-15,8001771,8005101,1,1,120
2023-03-15,8001771,8005836,8,18,53
2023-03-15,8001865,8001865,12,35,80
2023-03-15,8001865,8002373,1,1,780
2023-03-15,8001865,8004552,2,2,840
2023-03-15,8001865,8005871,0,15,0
2023-03-15,8001865,8503424,6,18,65
2023-03-15,8001971,8000544,2,15,6
2023-03-15,8001971,8001971,2,32,3
2023-03-15,8001971,8005876,1,17,2
2023-03-15,8002067,8001415,1,1,180
2023-03-15,8002067,8002067,5,9,50
2023-03-15,8002067,8002069,2,2,105
2023-03-15,8002067,8002071,1,3,10
2023-03-15,8002067,8005317,1,3,10
2023-03-15,8002068,8002068,123,182,61
2023-03-15,8002068,8002070,37,93,54
2023-03-15,8002068,8003293,55,89,57
2023-03-15,8002069,8001643,12,22,89
2023-03-15,8002069,8002069,25,43,98
2023-03-15,8002069,8002465,1,1,150
2023-03-15,8002071,8001643,1,1,750
2023-03-15,8002071,8002067,1,3,30
2023-03-15,8002071,8002071,3,7,176
2023-03-15,8002071,8002465,2,3,20
2023-03-15,8002096,8000182,2,2,105
2023-03-15,8002096,8000933,9,14,135
2023-03-15,8002096,8002096,17,25,156
2023-03-15,8002096,8004111,4,10,144
2023-03-15,8002123,8000596,2,2,315
2023-03-15,8002123,8002123,22,45,71
2023-03-15,8002123,8003494,9,22,26
2023-03-15,8002214,8000077,11,16,186
2023-03-15,8002214,8000182,10,15,116
2023-03-15,8002214,8002214,24,32,148
2023-03-15,8002214,8003066,1,1,30
2023-03-15,8002235,8000596,9,9,180
2023-03-15,8002235,8000942,4,4,128
2023-03-15,8002235,8002235,19,21,151
2023-03-15,8002235,8002621,7,7,189
2023-03-15,8002235,8004639,0,1,0
2023-03-15,8002337,8000880,0,1,-30
2023-03-15,8002337,8002337,1,2,-30
2023-03-15,8002365,8000026,6,28,32
2023-03-15,8002365,8002365,37,58,63
2023-03-15,8002365,8006629,26,30,79
2023-03-15,8002373,8001865,0,2,0
2023-03-15,8002373,8002373,1,3,270
2023-03-15,8002373,8004552,1,1,840
2023-03-15,8002465,8001415,10,21,36
2023-03-15,8002465,8002067,1,1,60
2023-03-15,8002465,8002069,0,2,0
2023-03-15,8002465,8002071,2,4,292
2023-03-15,8002465,8002465,27,44,61
2023-03-15,8002546,8001671,3,6,30
2023-03-15,8002546,8001715,13,19,128
2023-03-15,8002546,8002546,34,55,127
2023-03-15,8002546,8006272,18,30,161
2023-03-15,8002621,8000333,16,17,231
2023-03-15,8002621,8000942,7,7,124
2023-03-15,8002621,8002235,6,7,129
2023-03-15,8002621,8002621,32,33,187
2023-03-15,8002621,8005688,1,2,120
2023-03-15,8002727,8000718,22,42,111
2023-03-15,8002727,8001262,22,29,163
2023-03-15,8002727,8002727,53,86,163
2023-03-15,8002727,8004124,13,15,334
2023-03-15,8002763,8002763,36,77,104
2023-03-15,8002763,8003233,22,39,107
2023-03-15,8002763,8003494,3,8,240
2023-03-15,8002763,8005101,11,30,65
2023-03-15,8002848,8002844,11,64,22
2023-03-15,8002848,8002848,45,126,27
2023-03-15,8002848,8005876,13,62,18
2023-03-15,8003001,8000333,17,18,217
2023-03-15,8003001,8003001,34,36,260
2023-03-15,8003001,8005902,17,18,260
2023-03-15,8003014,8000077,16,19,76
2023-03-15,8003014,8001479,1,1,60
2023-03-15,8003014,8001480,17,20,88
2023-03-15,8003014,8003014,35,40,87
2023-03-15,8003066,8000182,1,1,90
2023-03-15,8003066,8003066,1,1,60
2023-03-15,8003098,8001671,12,22,130
2023-03-15,8003098,8003098,27,41,133
2023-03-15,8003098,8003325,13,19,123
2023-03-15,8003233,8002763,17,38,103
2023-03-15,8003233,8003233,41,77,104
2023-03-15,8003233,8005090,23,39,115
2023-03-15,8003293,8002068,64,93,59
2023-03-15,8003293,8002844,40,62,56
2023-03-15,8003293,8003293,79,127,51
2023-03-15,8003325,8003098,13,22,142
2023-03-15,8003325,8003325,24,41,133
2023-03-15,8003325,8005068,11,19,120
2023-03-15,8003336,8001483,0,2,0
2023-03-15,8003336,8003336,2,4,30
2023-03-15,8003336,8003339,2,2,75
2023-03-15,8003339,8003336,0,2,0
2023-03-15,8003339,8003339,2,4,30
2023-03-15,8003339,8003854,2,2,30
2023-03-15,8003374,8003374,21,40,47
2023-03-15,8003374,8005090,11,18,60
2023-03-15,8003374,8005836,6,22,29
2023-03-15,8003398,8001415,11,24,71
2023-03-15,8003398,8001771,13,18,58
2023-03-15,8003398,8003398,23,42,75
2023-03-15,8003401,8000496,4,15,38
2023-03-15,8003401,8003401,19,33,174
2023-03-15,8003401,8003404,0,1,0
2023-03-15,8003404,8003401,2,2,225
2023-03-15,8003404,8003404,2,3,160
2023-03-15,8003404,8003416,0,1,0
2023-03-15,8003416,8003404,2,2,270
2023-03-15,8003416,8003416,2,3,160
2023-03-15,8003416,8004997,0,1,0
2023-03-15,8003494,8000596,7,8,248
2023-03-15,8003494,8002123,6,23,104
2023-03-15,8003494,8002763,5,6,235
2023-03-15,8003494,8003494,34,80,96
2023-03-15,8003494,8004124,1,1,90
2023-03-15,8003494,8004683,14,32,47
2023-03-15,8003494,8005101,1,1,30
2023-03-15,8003562,8003562,21,43,80
2023-03-15,8003562,8004552,10,17,69
2023-03-15,8003562,8005871,9,21,73
2023-03-15,8003562,8006628,3,5,114
2023-03-15,8003854,8000366,1,2,75
2023-03-15,8003854,8003339,0,2,0
2023-03-15,8003854,8003854,2,4,30
2023-03-15,8003857,8000366,0,1,0
2023-03-15,8003857,8003857,0,2,0
2023-03-15,8003857,8006667,0,1,0
2023-03-15,8004107,8004107,1,3,30
2023-03-15,8004107,8006321,0,1,0
2023-03-15,8004107,8079616,1,2,15
2023-03-15,8004111,8000182,8,10,237
2023-03-15,8004111,8002096,11,12,222
2023-03-15,8004111,8004111,15,22,184
2023-03-15,8004124,8000657,16,22,185
2023-03-15,8004124,8000718,1,1,30
2023-03-15,8004124,8000864,1,1,1020
2023-03-15,8004124,8001262,20,26,148
2023-03-15,8004124,8002727,6,16,94
2023-03-15,8004124,8003494,0,1,-60
2023-03-15,8004124,8004124,53,81,175
2023-03-15,8004124,8005364,6,7,240
2023-03-15,8004124,8006272,6,8,274
2023-03-15,8004124,8089119,5,18,62
2023-03-15,8004235,8004235,1,1,30
2023-03-15,8004235,8005723,1,1,30
2023-03-15,8004464,8000718,17,26,114
2023-03-15,8004464,8004464,34,51,127
2023-03-15,8004464,8005317,15,25,128
2023-03-15,8004552,8001865,2,2,75
2023-03-15,8004552,8002373,0,2,0
2023-03-15,8004552,8003562,8,16,96
2023-03-15,8004552,8004552,5,5,552
2023-03-15,8004552,8005871,2,2,840
2023-03-15,8004639,8004639,0,1,0
2023-03-15,8004683,8003494,15,30,92
2023-03-15,8004683,8004683,29,62,70
2023-03-15,8004683,8005101,14,32,63
2023-03-15,8004997,8002683,0,1,0
2023-03-15,8004997,8003416,2,2,240
2023-03-15,8004997,8004997,2,3,170
2023-03-15,8005037,8000412,17,28,123
2023-03-15,8005037,8000596,21,27,91
2023-03-15,8005037,8005037,41,55,108
2023-03-15,8005068,8000864,12,19,129
2023-03-15,8005068,8003325,14,22,146
2023-03-15,8005068,8005068,25,41,135
2023-03-15,8005090,8001771,13,18,245
2023-03-15,8005090,8003233,16,38,92
2023-03-15,8005090,8003374,9,22,34
2023-03-15,8005090,8005090,40,78,104
2023-03-15,8005101,8002763,16,33,66
2023-03-15,8005101,8003494,1,1,60
2023-03-15,8005101,8004683,10,30,57
2023-03-15,8005101,8005090,1,1,570
2023-03-15,8005101,8005101,28,65,69
2023-03-15,8005255,8001174,12,27,27
2023-03-15,8005255,8003586,0,1,0
2023-03-15,8005255,8004184,15,29,67
2023-03-15,8005255,8005064,7,16,96
2023-03-15,8005255,8005255,35,87,62
2023-03-15,8005255,8006167,6,14,69
2023-03-15,8005317,8000718,11,12,315
2023-03-15,8005317,8001415,4,8,128
2023-03-15,8005317,8001643,17,25,138
2023-03-15,8005317,8002067,2,2,105
2023-03-15,8005317,8004464,17,26,122
2023-03-15,8005317,8005317,52,73,162
2023-03-15,8005364,8000657,14,19,177
2023-03-15,8005364,8000864,18,29,175
2023-03-15,8005364,8004124,5,6,80
2023-03-15,8005364,8005364,39,54,164
2023-03-15,8005371,8000436,9,17,26
2023-03-15,8005371,8005371,14,32,21
2023-03-15,8005371,8005502,2,15,6
2023-03-15,8005490,8000393,1,1,30
2023-03-15,8005490,8005490,2,2,60
2023-03-15,8005490,8006667,1,1,60
2023-03-15,8005560,8004107,0,1,0
2023-03-15,8005560,8005560,0,1,0
2023-03-15,8005644,8000366,16,19,289
2023-03-15,8005644,8005644,36,38,216
2023-03-15,8005644,8005902,18,19,215
2023-03-15,8005688,8000942,1,2,135
2023-03-15,8005688,8002621,3,3,200
2023-03-15,8005688,8005688,4,5,156
2023-03-15,8005723,8004111,1,1,30
2023-03-15,8005723,8005723,1,1,30
2023-03-15,8005764,8070866,0,5,0
2023-03-15,8005836,8001771,10,22,35
2023-03-15,8005836,8003374,12,18,68
2023-03-15,8005836,8005836,21,40,45
2023-03-15,8005871,8001865,11,16,79
2023-03-15,8005871,8003562,10,22,91
2023-03-15,8005871,8005871,33,76,84
2023-03-15,8005871,8006167,26,38,108
2023-03-15,8005876,8001971,4,15,8
2023-03-15,8005876,8002848,31,64,43
2023-03-15,8005876,8004331,20,48,28
2023-03-15,8005876,8005876,46,124,28
2023-03-15,8005902,8003001,17,18,253
2023-03-15,8005902,8005644,18,19,267
2023-03-15,8005902,8005902,33,36,239
2023-03-15,8005911,8000393,0,1,0
2023-03-15,8005911,8001405,1,1,210
2023-03-15,8005911,8005911,2,2,75
2023-03-15,8006167,8001491,14,28,36
2023-03-15,8006167,8004552,0,1,0
2023-03-15,8006167,8005255,11,15,114
2023-03-15,8006167,8005871,19,38,69
2023-03-15,8006167,8006167,46,63,92
2023-03-15,8006167,8500329,0,38,0
2023-03-15,8006272,8000026,27,38,183
2023-03-15,8006272,8001671,1,1,90
2023-03-15,8006272,8002546,15,25,82
2023-03-15,8006272,8004124,2,9,-20
2023-03-15,8006272,8006272,40,73,114
2023-03-15,8006321,8000182,0,1,-30
2023-03-15,8006321,8004107,1,2,60
2023-03-15,8006321,8006321,2,3,50
2023-03-15,8006628,8003562,1,5,0
2023-03-15,8006628,8006628,3,10,63
2023-03-15,8006628,8070866,3,5,120
2023-03-15,8006629,8002365,11,28,43
2023-03-15,8006629,8002797,25,30,93
2023-03-15,8006629,8006629,36,58,61
2023-03-15,8006667,8000356,0,1,0
2023-03-15,8006667,8003857,0,1,0
2023-03-15,8006667,8006667,1,2,15
2023-03-15,8070866,8005764,2,5,114
2023-03-15,8070866,8006628,0,5,0
2023-03-15,8070866,8070866,3,10,57
2023-03-15,8079056,8000456,0,1,0
2023-03-15,8079056,8079056,1,1,30
2023-03-15,8079616,8000182,1,1,150
2023-03-15,8079616,8001059,0,2,0
2023-03-15,8079616,8005560,1,1,30
2023-03-15,8079616,8079616,2,4,30
2023-03-15,8089119,8004124,5,18,22
2023-03-15,8089119,8089119,0,14,0
2023-03-15,8089119,8700329,0,7,0
2023-03-16,8000077,8000077,28,46,75
2023-03-16,8000077,8000182,7,9,123
2023-03-16,8000077,8000366,14,20,68
2023-03-16,8000077,8001485,1,1,60
2023-03-16,8000077,8002214,2,9,60
2023-03-16,8000077,8003014,5,13,102
2023-03-16,8000182,8000077,3,9,23
2023-03-16,8000182,8000182,20,35,69
2023-03-16,8000182,8000880,6,8,79
2023-03-16,8000182,8002096,1,1,90
2023-03-16,8000182,8002214,4,8,64
2023-03-16,8000182,8004111,3,7,64
2023-03-16,8000182,8006321,1,2,30
2023-03-16,8000333,8000333,15,23,134
2023-03-16,8000333,8000942,1,1,300
2023-03-16,8000333,8002621,6,10,120
2023-03-16,8000333,8003001,7,10,156
2023-03-16,8000366,8000077,11,23,90
2023-03-16,8000366,8000366,14,21,91
2023-03-16,8000366,8003854,2,2,195
2023-03-16,8000366,8005644,8,13,69
2023-03-16,8000393,8000393,1,1,30
2023-03-16,8000393,8005490,1,1,60
2023-03-16,8000412,8000412,15,34,84
2023-03-16,8000412,8000596,0,2,0
2023-03-16,8000412,8000775,0,1,0
2023-03-16,8000412,8001252,12,27,44
2023-03-16,8000412,8005037,8,14,146
2023-03-16,8000436,8000436,2,23,25
2023-03-16,8000436,8000544,2,12,15
2023-03-16,8000436,8005371,2,10,45
2023-03-16,8000463,8000463,15,39,25
2023-03-16,8000463,8001491,4,16,24
2023-03-16,8000463,8003586,7,19,24
2023-03-16,8000463,8005255,0,1,0
2023-03-16,8000544,8000436,1,11,41
2023-03-16,8000544,8000544,3,23,30
2023-03-16,8000544,8001971,1,11,8
2023-03-16,8000544,8002848,0,1,0
2023-03-16,8000596,8000412,0,2,0
2023-03-16,8000596,8000596,17,34,85
2023-03-16,8000596,8000942,2,4,112
2023-03-16,8000596,8002235,4,6,150
2023-03-16,8000596,8002763,0,1,0
2023-03-16,8000596,8003494,1,3,30
2023-03-16,8000596,8005037,10,16,51
2023-03-16,8000657,8000657,7,25,47
2023-03-16,8000657,8000864,0,1,0
2023-03-16,8000657,8001262,0,1,0
2023-03-16,8000657,8004124,1,11,11
2023-03-16,8000657,8005364,4,12,82
2023-03-16,8000718,8000718,21,55,69
2023-03-16,8000718,8001415,2,4,30
2023-03-16,8000718,8002069,0,1,0
2023-03-16,8000718,8002727,9,29,65
2023-03-16,8000718,8004464,7,14,58
2023-03-16,8000718,8005317,3,6,170
2023-03-16,8000864,8000657,0,1,0
2023-03-16,8000864,8000864,11,35,66
2023-03-16,8000864,8001671,1,5,18
2023-03-16,8000864,8005068,4,12,78
2023-03-16,8000864,8005364,6,15,80
2023-03-16,8000932,8000932,15,34,38
2023-03-16,8000932,8005064,9,18,42
2023-03-16,8000932,8005497,6,16,39
2023-03-16,8000942,8000333,0,1,0
2023-03-16,8000942,8000596,2,4,45
2023-03-16,8000942,8000942,8,13,138
2023-03-16,8000942,8002235,3,3,270
2023-03-16,8000942,8002621,2,3,180
2023-03-16,8000942,8005688,2,2,210
2023-03-16,8000965,8000965,0,1,0
2023-03-16,8000965,8002337,0,1,0
2023-03-16,8001059,8000880,1,2,15
2023-03-16,8001059,8001059,2,3,50
2023-03-16,8001059,8079616,1,1,90
2023-03-16,8001174,8001174,13,34,27
2023-03-16,8001174,8005255,5,16,30
2023-03-16,8001174,8005497,5,18,17
2023-03-16,8001262,8000657,0,1,0
2023-03-16,8001262,8001262,13,36,82
2023-03-16,8001262,8002727,6,17,69
2023-03-16,8001262,8004124,8,17,108
2023-03-16,8001405,8001405,0,1,0
2023-03-16,8001405,8005911,1,1,30
2023-03-16,8001415,8000718,1,2,90
2023-03-16,8001415,8001415,18,45,97
2023-03-16,8001415,8001643,1,1,540
2023-03-16,8001415,8001771,5,15,102
2023-03-16,8001415,8002067,1,1,60
2023-03-16,8001415,8002465,7,14,133
2023-03-16,8001415,8003398,4,9,47
2023-03-16,8001415,8005317,1,4,8
2023-03-16,8001479,8000077,1,1,90
2023-03-16,8001479,8001479,1,1,60
2023-03-16,8001482,8001482,1,2,150
2023-03-16,8001482,8001485,1,2,135
2023-03-16,8001483,8001482,1,2,150
2023-03-16,8001483,8001483,1,2,150
2023-03-16,8001485,8000077,1,2,150
2023-03-16,8001485,8001485,2,3,110
2023-03-16,8001485,8003336,1,1,30
2023-03-16,8001491,8000463,7,19,14
2023-03-16,8001491,8001491,14,35,20
2023-03-16,8001491,8006167,4,16,22
2023-03-16,8001643,8001643,12,29,82
2023-03-16,8001643,8002069,5,12,65
2023-03-16,8001643,8002465,0,1,0
2023-03-16,8001643,8005317,8,15,104
2023-03-16,8001671,8000864,2,6,150
2023-03-16,8001671,8001671,12,34,56
2023-03-16,8001671,8001715,5,13,51
2023-03-16,8001671,8002546,1,4,15
2023-03-16,8001671,8003098,4,11,25
2023-03-16,8001715,8001671,5,11,35
2023-03-16,8001715,8001715,12,24,50
2023-03-16,8001715,8002546,6,13,58
2023-03-16,8001771,8000718,0,1,0
2023-03-16,8001771,8001415,2,8,38
2023-03-16,8001771,8001771,15,45,75
2023-03-16,8001771,8003398,7,15,152
2023-03-16,8001771,8005090,4,13,76
2023-03-16,8001771,8005836,3,9,33
2023-03-16,8001865,8001865,8,23,50
2023-03-16,8001865,8002373,0,1,0
2023-03-16,8001865,8004552,2,2,105
2023-03-16,8001865,8005255,0,1,0
2023-03-16,8001865,8005871,1,8,15
2023-03-16,8001865,8503424,4,11,65
2023-03-16,8001971,8000544,1,10,54
2023-03-16,8001971,8001971,3,21,30
2023-03-16,8001971,8005876,2,11,-11
2023-03-16,8002067,8001415,1,1,600
2023-03-16,8002067,8002067,4,7,240
2023-03-16,8002067,8002069,1,1,360
2023-03-16,8002067,8002071,0,2,0
2023-03-16,8002067,8005317,3,3,160
2023-03-16,8002068,8002068,54,117,84
2023-03-16,8002068,8002070,26,58,106
2023-03-16,8002068,8003293,20,59,68
2023-03-16,8002069,8000718,0,1,0
2023-03-16,8002069,8001643,6,13,72
2023-03-16,8002069,8002069,12,27,64
2023-03-16,8002071,8001643,1,1,150
2023-03-16,8002071,8002067,1,2,330
2023-03-16,8002071,8002071,2,5,186
2023-03-16,8002071,8002465,0,2,0
2023-03-16,8002096,8000182,1,1,60
2023-03-16,8002096,8000933,3,9,43
2023-03-16,8002096,8002096,9,15,72
2023-03-16,8002096,8002214,0,1,0
2023-03-16,8002096,8004111,3,5,78
2023-03-16,8002123,8000596,2,2,150
2023-03-16,8002123,8002123,12,29,138
2023-03-16,8002123,8002763,0,1,0
2023-03-16,8002123,8003494,6,13,148
2023-03-16,8002214,8000077,4,8,49
2023-03-16,8002214,8000182,3,9,57
2023-03-16,8002214,8002214,6,19,47
2023-03-16,8002235,8000596,5,6,115
2023-03-16,8002235,8000942,2,2,180
2023-03-16,8002235,8002235,11,14,148
2023-03-16,8002235,8002621,3,5,138
2023-03-16,8002235,8004639,1,1,210
2023-03-16,8002337,8000880,0,1,0
2023-03-16,8002337,8002337,0,1,0
2023-03-16,8002365,8000026,6,17,32
2023-03-16,8002365,8002365,14,35,51
2023-03-16,8002365,8002797,0,1,0
2023-03-16,8002365,8006629,8,17,64
2023-03-16,8002373,8001865,1,2,15
2023-03-16,8002373,8002373,1,3,10
2023-03-16,8002373,8004552,0,1,0
2023-03-16,8002465,8000718,0,1,0
2023-03-16,8002465,8001415,2,12,22
2023-03-16,8002465,8002067,1,1,270
2023-03-16,8002465,8002069,1,1,120
2023-03-16,8002465,8002071,2,3,300
2023-03-16,8002465,8002465,12,28,77
2023-03-16,8002465,8002763,0,1,0
2023-03-16,8002546,8000026,0,1,0
2023-03-16,8002546,8001671,1,5,102
2023-03-16,8002546,8001715,6,11,49
2023-03-16,8002546,8002546,12,33,51
2023-03-16,8002546,8006272,7,16,49
2023-03-16,8002621,8000333,7,10,156
2023-03-16,8002621,8000942,1,4,30
2023-03-16,8002621,8002235,3,4,105
2023-03-16,8002621,8002621,13,20,148
2023-03-16,8002621,8005688,2,2,300
2023-03-16,8002727,8000718,8,25,73
2023-03-16,8002727,8000864,0,1,0
2023-03-16,8002727,8001262,8,19,99
2023-03-16,8002727,8002727,18,55,68
2023-03-16,8002727,8004124,1,8,15
2023-03-16,8002763,8000718,0,1,0
2023-03-16,8002763,8002123,0,1,0
2023-03-16,8002763,8002465,0,1,0
2023-03-16,8002763,8002763,14,48,79
2023-03-16,8002763,8003233,8,22,79
2023-03-16,8002763,8003494,1,4,15
2023-03-16,8002763,8005101,8,18,115
2023-03-16,8002848,8000544,0,1,0
2023-03-16,8002848,8000686,0,1,0
2023-03-16,8002848,8002844,6,45,87
2023-03-16,8002848,8002848,37,87,69
2023-03-16,8002848,8005876,14,38,39
2023-03-16,8003001,8000333,8,11,188
2023-03-16,8003001,8003001,15,21,197
2023-03-16,8003001,8005902,7,10,168
2023-03-16,8003014,8000077,8,10,60
2023-03-16,8003014,8001479,1,1,60
2023-03-16,8003014,8001480,3,13,148
2023-03-16,8003014,8003014,14,24,112
2023-03-16,8003098,8001671,4,12,65
2023-03-16,8003098,8003098,8,23,48
2023-03-16,8003098,8003325,2,11,22
2023-03-16,8003233,8002763,8,22,79
2023-03-16,8003233,8003233,16,44,72
2023-03-16,8003233,8005090,9,22,83
2023-03-16,8003293,8002068,29,58,102
2023-03-16,8003293,8002844,16,40,70
2023-03-16,8003293,8003293,31,80,104
2023-03-16,8003325,8003098,4,12,70
2023-03-16,8003325,8003325,6,23,47
2023-03-16,8003325,8005068,2,11,16
2023-03-16,8003336,8001483,1,2,165
2023-03-16,8003336,8003336,2,3,110
2023-03-16,8003336,8003339,1,1,90
2023-03-16,8003339,8003336,1,2,120
2023-03-16,8003339,8003339,2,3,120
2023-03-16,8003339,8003854,1,1,60
2023-03-16,8003374,8003374,9,22,85
2023-03-16,8003374,8005090,3,9,30
2023-03-16,8003374,8005836,5,13,113
2023-03-16,8003398,8001415,7,15,152
2023-03-16,8003398,8001771,3,9,37
2023-03-16,8003398,8003398,10,24,109
2023-03-16,8003401,8000496,2,10,42
2023-03-16,8003401,8003401,7,19,39
2023-03-16,8003404,8003401,1,2,15
2023-03-16,8003404,8003404,0,2,0
2023-03-16,8003416,8003404,1,2,15
2023-03-16,8003416,8003416,1,2,15
2023-03-16,8003494,8000596,0,3,0
2023-03-16,8003494,8002123,4,14,150
2023-03-16,8003494,8002763,1,5,42
2023-03-16,8003494,8003494,18,45,101
2023-03-16,8003494,8004683,8,17,101
2023-03-16,8003494,8005101,0,1,0
2023-03-16,8003562,8003562,7,27,22
2023-03-16,8003562,8004552,4,10,15
2023-03-16,8003562,8005871,3,13,18
2023-03-16,8003562,8006628,1,4,60
2023-03-16,8003854,8000366,1,1,150
2023-03-16,8003854,8003339,1,2,150
2023-03-16,8003854,8003854,2,3,140
2023-03-16,8003857,8000366,1,1,90
2023-03-16,8003857,8003857,1,1,90
2023-03-16,8004107,8004107,0,2,0
2023-03-16,8004107,8079616,1,2,15
2023-03-16,8004111,8000182,3,5,78
2023-03-16,8004111,8002096,4,7,99
2023-03-16,8004111,8004111,7,12,75
2023-03-16,8004124,8000657,5,12,85
2023-03-16,8004124,8000718,0,1,0
2023-03-16,8004124,8001262,6,16,71
2023-03-16,8004124,8002727,3,8,86
2023-03-16,8004124,8003494,0,1,-30
2023-03-16,8004124,8004124,15,45,55
2023-03-16,8004124,8005364,1,4,45
2023-03-16,8004124,8006272,1,5,24
2023-03-16,8004124,8089119,0,11,-3
2023-03-16,8004464,8000718,6,15,96
2023-03-16,8004464,8004464,14,29,81
2023-03-16,8004464,8005317,7,14,66
2023-03-16,8004552,8002373,1,2,30
2023-03-16,8004552,8003562,2,10,21
2023-03-16,8004552,8004552,3,4,98
2023-03-16,8004552,8005871,2,2,165
2023-03-16,8004639,8004639,1,1,150
2023-03-16,8004683,8000596,0,1,0
2023-03-16,8004683,8003494,8,17,125
2023-03-16,8004683,8004683,14,35,104
2023-03-16,8004683,8005101,6,17,95
2023-03-16,8004997,8003416,0,2,0
2023-03-16,8004997,8004997,1,2,15
2023-03-16,8005037,8000412,8,16,54
2023-03-16,8005037,8000596,7,14,137
2023-03-16,8005037,8005037,17,30,94
2023-03-16,8005068,8000864,3,11,22
2023-03-16,8005068,8003325,4,12,72
2023-03-16,8005068,8005068,6,23,46
2023-03-16,8005090,8001771,3,10,45
2023-03-16,8005090,8003233,7,22,63
2023-03-16,8005090,8003374,6,13,127
2023-03-16,8005090,8005090,15,45,73
2023-03-16,8005101,8002763,6,18,90
2023-03-16,8005101,8004683,5,18,103
2023-03-16,8005101,8005090,1,1,270
2023-03-16,8005101,8005101,16,37,106
2023-03-16,8005255,8000463,0,1,0
2023-03-16,8005255,8001174,5,18,15
2023-03-16,8005255,8001865,0,1,0
2023-03-16,8005255,8002797,0,2,0
2023-03-16,8005255,8003586,0,1,0
2023-03-16,8005255,8004184,4,16,28
2023-03-16,8005255,8005064,1,10,12
2023-03-16,8005255,8005255,15,59,32
2023-03-16,8005255,8006167,4,8,116
2023-03-16,8005317,8000718,3,7,39
2023-03-16,8005317,8001415,2,4,120
2023-03-16,8005317,8001643,7,14,64
2023-03-16,8005317,8002067,1,1,600
2023-03-16,8005317,8002465,0,1,0
2023-03-16,8005317,8004464,7,15,98
2023-03-16,8005317,8005317,22,42,89
2023-03-16,8005364,8000657,3,11,19
2023-03-16,8005364,8000864,5,16,60
2023-03-16,8005364,8004124,2,4,232
2023-03-16,8005364,8005364,10,31,72
2023-03-16,8005371,8000436,2,11,22
2023-03-16,8005371,8005371,4,21,37
2023-03-16,8005371,8005502,2,10,42
2023-03-16,8005490,8005490,1,1,60
2023-03-16,8005490,8006667,1,1,60
2023-03-16,8005644,8000333,0,1,0
2023-03-16,8005644,8000366,7,10,117
2023-03-16,8005644,8005644,16,24,125
2023-03-16,8005644,8005902,8,12,185
2023-03-16,8005688,8000942,2,2,240
2023-03-16,8005688,8002621,2,2,270
2023-03-16,8005688,8005688,4,4,255
2023-03-16,8005764,8070866,0,3,0
2023-03-16,8005836,8001771,5,13,120
2023-03-16,8005836,8003374,4,9,37
2023-03-16,8005836,8005836,9,22,85
2023-03-16,8005871,8001865,5,10,90
2023-03-16,8005871,8003562,2,14,19
2023-03-16,8005871,8005871,16,47,45
2023-03-16,8005871,8006167,10,23,53
2023-03-16,8005876,8001971,3,10,33
2023-03-16,8005876,8002848,16,41,100
2023-03-16,8005876,8004331,13,29,53
2023-03-16,8005876,8005876,27,77,55
2023-03-16,8005902,8003001,8,11,210
2023-03-16,8005902,8005644,8,11,142
2023-03-16,8005902,8005902,15,21,176
2023-03-16,8005911,8000393,0,1,0
2023-03-16,8005911,8005911,1,1,30
2023-03-16,8006167,8001491,10,19,22
2023-03-16,8006167,8004552,0,1,0
2023-03-16,8006167,8005255,2,10,12
2023-03-16,8006167,8005871,8,24,51
2023-03-16,8006167,8006167,17,39,49
2023-03-16,8006167,8500329,0,22,0
2023-03-16,8006272,8000026,11,21,71
2023-03-16,8006272,8001671,1,1,390
2023-03-16,8006272,8002546,5,14,62
2023-03-16,8006272,8004124,2,5,42
2023-03-16,8006272,8006272,16,41,70
2023-03-16,8006321,8004107,1,2,15
2023-03-16,8006321,8006321,1,2,30
2023-03-16,8006628,8003562,0,3,0
2023-03-16,8006628,8006628,1,7,34
2023-03-16,8006628,8070866,1,4,60
2023-03-16,8006629,8000026,0,1,0
2023-03-16,8006629,8002365,8,17,39
2023-03-16,8006629,8002797,7,17,65
2023-03-16,8006629,8006629,17,35,51
2023-03-16,8006667,8003857,1,1,30
2023-03-16,8006667,8006667,1,1,30
2023-03-16,8070866,8005764,1,3,80
2023-03-16,8070866,8006628,0,3,0
2023-03-16,8070866,8070866,1,8,30
2023-03-16,8079616,8000182,1,1,120
2023-03-16,8079616,8001059,1,2,30
2023-03-16,8079616,8079616,2,3,40
2023-03-16,8089119,8004124,0,12,0
2023-03-16,8089119,8089119,0,10,0
2023-03-16,8089119,8700329,0,5,0
2023-03-17,8000077,8000077,2,4,38
2023-03-17,8000077,8000366,3,3,60
2023-03-17,8000077,8002214,0,1,0
2023-03-17,8000182,8000182,0,2,-15
2023-03-17,8000182,8000880,0,1,0
2023-03-17,8000182,8002214,0,1,0
2023-03-17,8000333,8000333,1,1,60
2023-03-17,8000333,8003001,1,1,30
2023-03-17,8000366,8000077,1,1,30
2023-03-17,8000366,8000366,0,1,0
2023-03-17,8000412,8000412,3,4,172
2023-03-17,8000412,8001252,3,3,220
2023-03-17,8000412,8005037,1,2,210
2023-03-17,8000463,8000463,4,4,195
2023-03-17,8000463,8001491,3,3,240
2023-03-17,8000463,8003586,1,1,30
2023-03-17,8000596,8000596,4,5,108
2023-03-17,8000596,8005037,1,2,15
2023-03-17,8000657,8000657,2,4,60
2023-03-17,8000657,8004124,0,1,0
2023-03-17,8000657,8005364,2,3,70
2023-03-17,8000718,8000718,4,6,115
2023-03-17,8000718,8002727,3,3,220
2023-03-17,8000718,8004464,1,2,60
2023-03-17,8000718,8005317,0,1,0
2023-03-17,8000864,8000864,4,6,80
2023-03-17,8000864,8001671,1,1,210
2023-03-17,8000864,8004124,0,1,0
2023-03-17,8000864,8005068,3,3,70
2023-03-17,8000864,8005364,0,1,0
2023-03-17,8000932,8000932,3,4,202
2023-03-17,8000932,8005064,0,1,0
2023-03-17,8000932,8005497,3,3,240
2023-03-17,8000942,8000942,1,1,60
2023-03-17,8000942,8005688,1,1,60
2023-03-17,8001174,8001174,3,4,188
2023-03-17,8001174,8005255,3,3,210
2023-03-17,8001174,8005497,0,1,0
2023-03-17,8001262,8001262,4,5,144
2023-03-17,8001262,8002727,0,1,0
2023-03-17,8001262,8004124,4,4,165
2023-03-17,8001415,8001415,2,5,18
2023-03-17,8001415,8002465,1,2,15
2023-03-17,8001415,8003398,1,2,30
2023-03-17,8001491,8000463,1,1,30
2023-03-17,8001491,8001491,4,4,172
2023-03-17,8001491,8006167,3,3,210
2023-03-17,8001643,8001643,2,5,90
2023-03-17,8001643,8002069,1,2,15
2023-03-17,8001643,8005317,1,3,140
2023-03-17,8001671,8000864,0,1,0
2023-03-17,8001671,8001671,4,6,55
2023-03-17,8001671,8001715,2,3,50
2023-03-17,8001671,8002546,1,1,150
2023-03-17,8001671,8003098,0,1,0
2023-03-17,8001715,8001671,0,1,0
2023-03-17,8001715,8001715,3,4,75
2023-03-17,8001715,8002546,1,3,120
2023-03-17,8001771,8001415,1,1,30
2023-03-17,8001771,8001771,1,5,12
2023-03-17,8001771,8003398,0,2,0
2023-03-17,8001771,8005836,1,2,15
2023-03-17,8001865,8001865,1,1,120
2023-03-17,8001865,8503424,1,1,60
2023-03-17,8002067,8002067,1,2,60
2023-03-17,8002067,8002069,0,1,0
2023-03-17,8002067,8002071,1,1,90
2023-03-17,8002068,8002068,3,4,30
2023-03-17,8002068,8002070,1,2,15
2023-03-17,8002068,8003293,0,2,0
2023-03-17,8002069,8001643,1,3,150
2023-03-17,8002069,8002069,2,5,96
2023-03-17,8002069,8002465,0,1,0
2023-03-17,8002071,8002067,0,1,0
2023-03-17,8002071,8002071,1,2,45
2023-03-17,8002071,8002465,1,1,120
2023-03-17,8002123,8002123,0,1,0
2023-03-17,8002123,8003494,0,1,0
2023-03-17,8002214,8000077,0,1,0
2023-03-17,8002214,8000182,0,1,0
2023-03-17,8002214,8002214,0,2,0
2023-03-17,8002235,8000942,1,1,60
2023-03-17,8002235,8002235,1,1,60
2023-03-17,8002337,8002337,0,1,0
2023-03-17,8002365,8000026,1,2,45
2023-03-17,8002365,8002365,3,4,195
2023-03-17,8002365,8006629,2,2,345
2023-03-17,8002465,8001415,1,2,30
2023-03-17,8002465,8002069,0,1,0
2023-03-17,8002465,8002071,0,1,0
2023-03-17,8002465,8002465,2,4,30
2023-03-17,8002546,8001671,1,1,90
2023-03-17,8002546,8001715,1,1,60
2023-03-17,8002546,8002546,4,6,120
2023-03-17,8002546,8006272,2,4,142
2023-03-17,8002621,8000333,1,1,60
2023-03-17,8002621,8002621,1,1,90
2023-03-17,8002727,8000718,0,2,0
2023-03-17,8002727,8001262,4,4,180
2023-03-17,8002727,8002727,4,6,115
2023-03-17,8002763,8002763,2,6,20
2023-03-17,8002763,8003233,0,3,0
2023-03-17,8002763,8003494,1,1,30
2023-03-17,8002763,8005101,1,2,30
2023-03-17,8002848,8002844,0,1,0
2023-03-17,8002848,8002848,2,4,15
2023-03-17,8002848,8005876,0,3,0
2023-03-17,8003001,8003001,1,1,30
2023-03-17,8003001,8005902,1,1,30
2023-03-17,8003014,8000077,1,2,60
2023-03-17,8003014,8003014,2,2,90
2023-03-17,8003098,8001671,2,3,40
2023-03-17,8003098,8003098,2,4,30
2023-03-17,8003098,8003325,0,1,-30
2023-03-17,8003233,8002763,2,3,30
2023-03-17,8003233,8003233,2,6,20
2023-03-17,8003233,8005090,1,3,10
2023-03-17,8003293,8002068,2,2,45
2023-03-17,8003293,8002844,1,2,30
2023-03-17,8003293,8003293,3,4,30
2023-03-17,8003325,8003098,2,3,30
2023-03-17,8003325,8003325,3,4,30
2023-03-17,8003325,8005068,0,1,0
2023-03-17,8003374,8003374,1,4,8
2023-03-17,8003374,8005090,1,2,30
2023-03-17,8003374,8005836,0,2,0
2023-03-17,8003398,8001415,0,2,0
2023-03-17,8003398,8001771,1,2,30
2023-03-17,8003398,8003398,1,4,15
2023-03-17,8003401,8003401,1,1,90
2023-03-17,8003494,8000596,1,1,30
2023-03-17,8003494,8003494,0,2,0
2023-03-17,8003494,8004683,0,2,0
2023-03-17,8003854,8000366,0,1,0
2023-03-17,8003854,8003854,0,1,0
2023-03-17,8004124,8000657,2,3,100
2023-03-17,8004124,8001262,0,1,0
2023-03-17,8004124,8002727,0,1,0
2023-03-17,8004124,8004124,4,6,100
2023-03-17,8004124,8089119,1,1,240
2023-03-17,8004464,8000718,2,3,140
2023-03-17,8004464,8004464,3,5,102
2023-03-17,8004464,8005317,1,2,45
2023-03-17,8004683,8003494,0,2,0
2023-03-17,8004683,8004683,0,5,0
2023-03-17,8004683,8005101,0,3,0
2023-03-17,8005037,8000412,1,2,30
2023-03-17,8005037,8000596,2,2,225
2023-03-17,8005037,8005037,2,4,112
2023-03-17,8005068,8000864,0,1,0
2023-03-17,8005068,8003325,3,3,60
2023-03-17,8005068,8005068,3,4,45
2023-03-17,8005090,8001771,0,1,0
2023-03-17,8005090,8003233,1,2,30
2023-03-17,8005090,8003374,0,2,0
2023-03-17,8005090,8005090,2,5,18
2023-03-17,8005101,8002763,0,3,0
2023-03-17,8005101,8004683,0,2,0
2023-03-17,8005101,8005101,1,5,6
2023-03-17,8005255,8001174,0,1,0
2023-03-17,8005255,8004184,3,3,180
2023-03-17,8005255,8005255,3,4,142
2023-03-17,8005317,8001643,1,2,45
2023-03-17,8005317,8002067,1,1,60
2023-03-17,8005317,8004464,2,3,140
2023-03-17,8005317,8005317,2,6,85
2023-03-17,8005364,8000657,0,1,0
2023-03-17,8005364,8000864,3,3,80
2023-03-17,8005364,8005364,3,4,60
2023-03-17,8005644,8000366,0,1,0
2023-03-17,8005644,8005644,0,1,0
2023-03-17,8005688,8002621,1,1,90
2023-03-17,8005688,8005688,1,1,60
2023-03-17,8005836,8001771,0,2,0
2023-03-17,8005836,8003374,0,2,0
2023-03-17,8005836,8005836,0,4,0
2023-03-17,8005876,8002848,0,1,0
2023-03-17,8005876,8004331,1,3,10
2023-03-17,8005876,8005876,2,4,15
2023-03-17,8005902,8005644,0,1,0
2023-03-17,8005902,8005902,0,1,0
2023-03-17,8006167,8001491,1,1,30
2023-03-17,8006167,8500329,0,2,0
2023-03-17,8006272,8000026,4,4,142
2023-03-17,8006272,8002546,2,2,90
2023-03-17,8006272,8006272,4,6,110
2023-03-17,8006629,8002365,1,2,60
2023-03-17,8006629,8002797,3,3,280
2023-03-17,8006629,8006629,4,5,180
2023-03-18,8000077,8000077,45,77,72
2023-03-18,8000077,8000182,9,15,96
2023-03-18,8000077,8000366,30,37,73
2023-03-18,8000077,8001485,0,2,0
2023-03-18,8000077,8002214,8,11,128
2023-03-18,8000077,8003014,8,18,22
2023-03-18,8000182,8000077,8,14,45
2023-03-18,8000182,8000182,38,53,135
2023-03-18,8000182,8000880,7,16,101
2023-03-18,8000182,8002214,9,13,263
2023-03-18,8000182,8004111,8,9,120
2023-03-18,8000182,8006321,1,1,60
2023-03-18,8000333,8000333,26,35,147
2023-03-18,8000333,8000942,1,1,120
2023-03-18,8000333,8002621,13,17,132
2023-03-18,8000333,8003001,12,17,164
2023-03-18,8000366,8000077,20,36,92
2023-03-18,8000366,8000366,23,33,112
2023-03-18,8000366,8003854,0,2,0
2023-03-18,8000366,8005644,12,18,65
2023-03-18,8000393,8000393,1,1,30
2023-03-18,8000393,8005490,1,1,90
2023-03-18,8000412,8000412,31,53,165
2023-03-18,8000412,8001252,29,41,154
2023-03-18,8000412,8005037,21,26,204
2023-03-18,8000436,8000436,4,31,4
2023-03-18,8000436,8000544,6,16,13
2023-03-18,8000436,8005371,2,15,4
2023-03-18,8000463,8000463,20,37,45
2023-03-18,8000463,8001491,9,19,52
2023-03-18,8000463,8003586,9,18,38
2023-03-18,8000544,8000436,0,15,0
2023-03-18,8000544,8000544,7,31,9
2023-03-18,8000544,8001971,1,16,4
2023-03-18,8000596,8000596,37,54,169
2023-03-18,8000596,8000942,4,6,45
2023-03-18,8000596,8002235,9,10,228
2023-03-18,8000596,8003494,8,8,255
2023-03-18,8000596,8005037,19,28,139
2023-03-18,8000657,8000657,23,37,122
2023-03-18,8000657,8004124,12,18,145
2023-03-18,8000657,8005364,10,19,99
2023-03-18,8000718,8000718,42,71,126
2023-03-18,8000718,8001415,5,8,120
2023-03-18,8000718,8002727,27,36,162
2023-03-18,8000718,8004464,14,18,153
2023-03-18,8000718,8005317,3,9,27
2023-03-18,8000864,8000864,32,50,110
2023-03-18,8000864,8001671,5,7,189
2023-03-18,8000864,8004124,1,1,30
2023-03-18,8000864,8005068,8,19,96
2023-03-18,8000864,8005364,15,23,91
2023-03-18,8000932,8000932,27,36,58
2023-03-18,8000932,8005064,16,17,72
2023-03-18,8000932,8005497,7,19,36
2023-03-18,8000942,8000596,6,7,137
2023-03-18,8000942,8000942,17,20,154
2023-03-18,8000942,8002235,1,3,20
2023-03-18,8000942,8002621,6,7,120
2023-03-18,8000942,8005688,3,3,360
2023-03-18,8001059,8000880,0,1,0
2023-03-18,8001059,8001059,2,3,230
2023-03-18,8001059,8079616,2,2,345
2023-03-18,8001174,8001174,19,36,39
2023-03-18,8001174,8005255,4,19,28
2023-03-18,8001174,8005497,10,17,42
2023-03-18,8001262,8001262,29,38,137
2023-03-18,8001262,8002727,12,18,143
2023-03-18,8001262,8004124,13,20,111
2023-03-18,8001405,8001405,1,1,30
2023-03-18,8001405,8005911,1,1,30
2023-03-18,8001415,8000718,2,4,352
2023-03-18,8001415,8001415,45,70,176
2023-03-18,8001415,8001771,12,20,88
2023-03-18,8001415,8002067,0,1,0
2023-03-18,8001415,8002465,12,19,152
2023-03-18,8001415,8003398,12,17,289
2023-03-18,8001415,8005317,9,10,177
2023-03-18,8001482,8001482,1,3,10
2023-03-18,8001482,8001483,0,1,0
2023-03-18,8001482,8001485,0,2,0
2023-03-18,8001483,8001482,0,2,0
2023-03-18,8001483,8001483,0,3,0
2023-03-18,8001483,8003336,0,1,0
2023-03-18,8001485,8000077,0,2,0
2023-03-18,8001485,8001482,1,1,60
2023-03-18,8001485,8001485,1,4,8
2023-03-18,8001485,8003336,0,1,0
2023-03-18,8001491,8000463,10,18,35
2023-03-18,8001491,8001491,23,37,52
2023-03-18,8001491,8006167,12,19,55
2023-03-18,8001643,8001643,25,37,126
2023-03-18,8001643,8002069,13,18,163
2023-03-18,8001643,8005317,15,19,109
2023-03-18,8001671,8000864,4,6,50
2023-03-18,8001671,8001671,24,47,91
2023-03-18,8001671,8001715,8,18,78
2023-03-18,8001671,8002546,4,6,170
2023-03-18,8001671,8003098,9,18,78
2023-03-18,8001715,8001671,12,18,92
2023-03-18,8001715,8001715,19,36,94
2023-03-18,8001715,8002546,6,18,108
2023-03-18,8001771,8000718,0,1,0
2023-03-18,8001771,8001415,11,16,191
2023-03-18,8001771,8001771,46,73,167
2023-03-18,8001771,8003398,11,19,166
2023-03-18,8001771,8005090,12,20,104
2023-03-18,8001771,8005836,8,17,254
2023-03-18,8001865,8001865,13,32,77
2023-03-18,8001865,8004552,2,2,180
2023-03-18,8001865,8005871,3,15,154
2023-03-18,8001865,8503424,5,16,22
2023-03-18,8001971,8000544,1,15,0
2023-03-18,8001971,8001971,1,31,0
2023-03-18,8001971,8005876,1,16,2
2023-03-18,8002067,8001415,0,1,0
2023-03-18,8002067,8002067,3,6,40
2023-03-18,8002067,8002071,1,3,40
2023-03-18,8002067,8005317,0,1,0
2023-03-18,8002068,8002068,52,123,29
2023-03-18,8002068,8002070,15,63,19
2023-03-18,8002068,8003293,17,60,42
2023-03-18,8002069,8001643,15,19,93
2023-03-18,8002069,8002069,26,37,127
2023-03-18,8002069,8002465,1,1,330
2023-03-18,8002071,8002067,1,1,90
2023-03-18,8002071,8002071,2,4,52
2023-03-18,8002071,8002465,1,3,70
2023-03-18,8002096,8000182,1,1,270
2023-03-18,8002096,8000933,3,9,53
2023-03-18,8002096,8002096,15,18,252
2023-03-18,8002096,8004111,5,8,371
2023-03-18,8002123,8000596,1,1,120
2023-03-18,8002123,8002123,26,40,148
2023-03-18,8002123,8003494,17,19,88
2023-03-18,8002214,8000077,7,13,233
2023-03-18,8002214,8000182,8,11,123
2023-03-18,8002214,8002214,15,24,190
2023-03-18,8002235,8000596,9,9,230
2023-03-18,8002235,8000942,4,4,345
2023-03-18,8002235,8002235,16,22,172
2023-03-18,8002235,8002621,7,7,214
2023-03-18,8002235,8004639,1,1,30
2023-03-18,8002337,8002337,0,1,0
2023-03-18,8002365,8000026,9,18,43
2023-03-18,8002365,8002365,27,37,54
2023-03-18,8002365,8006629,15,19,43
2023-03-18,8002465,8000718,1,1,210
2023-03-18,8002465,8001415,13,19,261
2023-03-18,8002465,8002069,0,1,0
2023-03-18,8002465,8002071,1,1,120
2023-03-18,8002465,8002465,27,38,210
2023-03-18,8002546,8001671,3,5,66
2023-03-18,8002546,8001715,10,18,92
2023-03-18,8002546,8002546,24,47,102
2023-03-18,8002546,8006272,11,24,134
2023-03-18,8002621,8000333,13,17,178
2023-03-18,8002621,8000942,7,7,163
2023-03-18,8002621,8002235,5,8,128
2023-03-18,8002621,8002621,27,34,166
2023-03-18,8002621,8005688,0,2,0
2023-03-18,8002727,8000718,14,34,100
2023-03-18,8002727,8001262,15,20,132
2023-03-18,8002727,8002727,44,70,135
2023-03-18,8002727,8004124,11,16,219
2023-03-18,8002763,8002763,40,72,147
2023-03-18,8002763,8003233,23,36,128
2023-03-18,8002763,8003494,4,8,109
2023-03-18,8002763,8005101,15,28,190
2023-03-18,8002848,8002844,8,63,7
2023-03-18,8002848,8002848,45,123,32
2023-03-18,8002848,8005876,13,60,44
2023-03-18,8003001,8000333,17,18,192
2023-03-18,8003001,8003001,32,35,220
2023-03-18,8003001,8005902,15,17,203
2023-03-18,8003014,8000077,9,18,37
2023-03-18,8003014,8001480,7,18,38
2023-03-18,8003014,8003014,25,36,42
2023-03-18,8003098,8001671,6,19,81
2023-03-18,8003098,8003098,20,37,88
2023-03-18,8003098,8003325,11,18,90
2023-03-18,8003233,8002763,21,36,169
2023-03-18,8003233,8003233,42,72,148
2023-03-18,8003233,8005090,21,36,138
2023-03-18,8003293,8002068,33,63,32
2023-03-18,8003293,8002844,31,60,54
2023-03-18,8003293,8003293,69,123,42
2023-03-18,8003325,8003098,8,19,85
2023-03-18,8003325,8003325,20,37,87
2023-03-18,8003325,8005068,9,18,80
2023-03-18,8003336,8001483,0,2,0
2023-03-18,8003336,8003336,0,4,0
2023-03-18,8003336,8003339,0,2,0
2023-03-18,8003339,8003336,0,2,0
2023-03-18,8003339,8003339,0,4,0
2023-03-18,8003339,8003854,0,2,0
2023-03-18,8003374,8003374,19,36,175
2023-03-18,8003374,8005090,10,17,272
2023-03-18,8003374,8005836,8,19,88
2023-03-18,8003398,8001415,10,19,142
2023-03-18,8003398,8001771,13,17,289
2023-03-18,8003398,8003398,23,36,222
2023-03-18,8003401,8000496,3,15,16
2023-03-18,8003401,8003401,15,33,80
2023-03-18,8003401,8003404,1,1,690
2023-03-18,8003404,8003401,1,1,30
2023-03-18,8003404,8003404,1,2,345
2023-03-18,8003404,8003416,1,1,720
2023-03-18,8003416,8003404,1,1,30
2023-03-18,8003416,8003416,2,2,360
2023-03-18,8003416,8004997,1,1,690
2023-03-18,8003494,8000596,6,7,120
2023-03-18,8003494,8002123,9,21,211
2023-03-18,8003494,8002763,3,6,65
2023-03-18,8003494,8003494,43,72,135
2023-03-18,8003494,8004683,18,29,90
2023-03-18,8003494,8005101,1,1,840
2023-03-18,8003562,8003562,12,30,55
2023-03-18,8003562,8004552,8,15,84
2023-03-18,8003562,8005871,4,15,28
2023-03-18,8003854,8000366,0,2,0
2023-03-18,8003854,8003339,0,2,-15
2023-03-18,8003854,8003854,0,4,-8
2023-03-18,8003857,8000366,1,1,180
2023-03-18,8003857,8003857,1,1,150
2023-03-18,8004107,8004107,1,2,225
2023-03-18,8004107,8006321,1,1,420
2023-03-18,8004107,8079616,0,1,0
2023-03-18,8004111,8000182,6,8,379
2023-03-18,8004111,8002096,9,9,177
2023-03-18,8004111,8004111,15,17,259
2023-03-18,8004124,8000657,10,19,115
2023-03-18,8004124,8000718,0,1,0
2023-03-18,8004124,8000864,1,1,120
2023-03-18,8004124,8001262,13,18,153
2023-03-18,8004124,8002727,4,16,62
2023-03-18,8004124,8003494,1,1,30
2023-03-18,8004124,8004124,35,68,135
2023-03-18,8004124,8005364,5,6,245
2023-03-18,8004124,8006272,6,7,231
2023-03-18,8004124,8089119,0,20,0
2023-03-18,8004464,8000718,14,19,101
2023-03-18,8004464,8004464,28,37,131
2023-03-18,8004464,8005317,12,18,152
2023-03-18,8004552,8001865,0,2,0
2023-03-18,8004552,8003562,3,15,26
2023-03-18,8004552,8004552,3,3,150
2023-03-18,8004552,8005871,1,1,60
2023-03-18,8004639,8004639,1,1,60
2023-03-18,8004683,8003494,14,28,179
2023-03-18,8004683,8004683,32,57,132
2023-03-18,8004683,8005101,16,29,80
2023-03-18,8004997,8002683,1,1,720
2023-03-18,8004997,8003416,0,1,0
2023-03-18,8004997,8004997,2,2,375
2023-03-18,8005037,8000412,16,28,136
2023-03-18,8005037,8000596,15,26,187
2023-03-18,8005037,8005037,37,54,167
2023-03-18,8005068,8000864,12,18,97
2023-03-18,8005068,8003325,11,19,95
2023-03-18,8005068,8005068,19,37,88
2023-03-18,8005090,8001771,9,17,168
2023-03-18,8005090,8003233,19,36,172
2023-03-18,8005090,8003374,10,19,95
2023-03-18,8005090,8005090,41,72,155
2023-03-18,8005101,8002763,17,30,110
2023-03-18,8005101,8004683,12,28,172
2023-03-18,8005101,8005101,30,58,141
2023-03-18,8005255,8001174,8,17,35
2023-03-18,8005255,8004184,6,19,33
2023-03-18,8005255,8005064,8,15,150
2023-03-18,8005255,8005255,34,65,73
2023-03-18,8005255,8006167,9,14,45
2023-03-18,8005317,8000718,9,11,175
2023-03-18,8005317,8001415,3,6,60
2023-03-18,8005317,8001643,11,18,160
2023-03-18,8005317,8002067,2,2,45
2023-03-18,8005317,8002465,1,1,60
2023-03-18,8005317,8004464,13,19,98
2023-03-18,8005317,8005317,40,57,124
2023-03-18,8005364,8000657,11,18,142
2023-03-18,8005364,8000864,11,25,124
2023-03-18,8005364,8004124,2,5,24
2023-03-18,8005364,8005364,31,48,118
2023-03-18,8005371,8000436,7,16,21
2023-03-18,8005371,8005371,10,31,15
2023-03-18,8005371,8005502,1,15,2
2023-03-18,8005490,8005490,1,1,120
2023-03-18,8005490,8006667,1,1,120
2023-03-18,8005560,8004107,1,1,480
2023-03-18,8005560,8005560,1,1,480
2023-03-18,8005644,8000366,11,17,148
2023-03-18,8005644,8005644,32,35,150
2023-03-18,8005644,8005902,17,18,195
2023-03-18,8005688,8000942,1,2,15
2023-03-18,8005688,8002621,3,3,370
2023-03-18,8005688,8005688,4,5,222
2023-03-18,8005836,8001771,10,19,99
2023-03-18,8005836,8003374,8,17,265
2023-03-18,8005836,8005836,17,36,171
2023-03-18,8005871,8001865,9,15,34
2023-03-18,8005871,8003562,4,15,76
2023-03-18,8005871,8005871,23,61,80
2023-03-18,8005871,8006167,20,31,113
2023-03-18,8005876,8001971,1,15,2
2023-03-18,8005876,8002848,30,63,31
2023-03-18,8005876,8004331,20,45,70
2023-03-18,8005876,8005876,43,119,35
2023-03-18,8005902,8003001,17,18,217
2023-03-18,8005902,8005644,16,17,178
2023-03-18,8005902,8005902,29,35,187
2023-03-18,8005911,8000393,0,1,-30
2023-03-18,8005911,8005911,0,1,0
2023-03-18,8006167,8001491,13,18,47
2023-03-18,8006167,8005255,11,14,169
2023-03-18,8006167,8005871,15,30,63
2023-03-18,8006167,8006167,40,58,82
2023-03-18,8006167,8500329,0,37,0
2023-03-18,8006272,8000026,25,31,172
2023-03-18,8006272,8002546,13,23,74
2023-03-18,8006272,8004124,4,9,80
2023-03-18,8006272,8006272,35,63,115
2023-03-18,8006321,8000182,1,1,210
2023-03-18,8006321,8004107,0,1,0
2023-03-18,8006321,8006321,2,2,225
2023-03-18,8006629,8002365,12,18,62
2023-03-18,8006629,8002797,12,19,52
2023-03-18,8006629,8006629,26,37,49
2023-03-18,8006667,8003857,1,1,90
2023-03-18,8006667,8006667,1,1,90
2023-03-18,8079616,8000182,1,1,30
2023-03-18,8079616,8001059,0,1,0
2023-03-18,8079616,8005560,1,1,540
2023-03-18,8079616,8079616,1,3,210
2023-03-18,8089119,8004124,3,18,12
2023-03-18,8089119,8089119,0,12,0
2023-03-18,8089119,8700329,0,6,0
2023-03-19,8000077,8000077,43,73,132
2023-03-19,8000077,8000182,11,15,350
2023-03-19,8000077,8000366,26,34,105
2023-03-19,8000077,8001485,0,2,0
2023-03-19,8000077,8002214,7,12,50
2023-03-19,8000077,8003014,8,16,17
2023-03-19,8000182,8000077,8,14,79
2023-03-19,8000182,8000182,39,53,171
2023-03-19,8000182,8000880,11,17,249
2023-03-19,8000182,8002214,9,12,168
2023-03-19,8000182,8004111,7,9,80
2023-03-19,8000182,8006321,1,1,30
2023-03-19,8000333,8000333,28,33,208
2023-03-19,8000333,8000942,1,1,120
2023-03-19,8000333,8002621,12,15,130
2023-03-19,8000333,8003001,15,18,280
2023-03-19,8000356,8000356,1,1,30
2023-03-19,8000356,8005490,1,1,30
2023-03-19,8000366,8000077,21,37,181
2023-03-19,8000366,8000366,27,33,224
2023-03-19,8000366,8003857,1,1,30
2023-03-19,8000366,8005644,9,17,90
2023-03-19,8000393,8000393,1,1,30
2023-03-19,8000393,8005911,1,1,30
2023-03-19,8000412,8000412,29,48,152
2023-03-19,8000412,8001252,26,37,99
2023-03-19,8000412,8005037,21,27,178
2023-03-19,8000436,8000436,17,28,44
2023-03-19,8000436,8000544,10,15,34
2023-03-19,8000436,8005371,2,13,18
2023-03-19,8000463,8000463,17,35,27
2023-03-19,8000463,8001491,9,18,22
2023-03-19,8000463,8003586,7,17,28
2023-03-19,8000544,8000436,2,13,23
2023-03-19,8000544,8000544,7,28,20
2023-03-19,8000544,8001971,6,15,22
2023-03-19,8000596,8000596,40,54,156
2023-03-19,8000596,8000942,6,6,565
2023-03-19,8000596,8002235,10,10,114
2023-03-19,8000596,8003494,7,8,64
2023-03-19,8000596,8005037,18,27,126
2023-03-19,8000657,8000657,24,37,223
2023-03-19,8000657,8004124,14,17,381
2023-03-19,8000657,8005364,10,20,88
2023-03-19,8000718,8000718,46,71,210
2023-03-19,8000718,8001415,4,8,82
2023-03-19,8000718,8002727,22,36,172
2023-03-19,8000718,8004464,15,18,365
2023-03-19,8000718,8005317,7,9,283
2023-03-19,8000864,8000864,33,50,205
2023-03-19,8000864,8001671,3,6,35
2023-03-19,8000864,8004124,0,1,0
2023-03-19,8000864,8005068,11,20,87
2023-03-19,8000864,8005364,18,23,351
2023-03-19,8000932,8000932,21,34,36
2023-03-19,8000932,8005064,9,16,36
2023-03-19,8000932,8005497,6,18,22
2023-03-19,8000942,8000596,6,7,81
2023-03-19,8000942,8000942,18,19,300
2023-03-19,8000942,8002235,2,2,105
2023-03-19,8000942,8002621,7,7,617
2023-03-19,8000942,8005688,2,3,190
2023-03-19,8001059,8000880,0,1,0
2023-03-19,8001059,8001059,2,3,70
2023-03-19,8001059,8079616,2,2,105
2023-03-19,8001174,8001174,12,34,19
2023-03-19,8001174,8005255,3,18,15
2023-03-19,8001174,8005497,5,16,17
2023-03-19,8001262,8001262,33,39,254
2023-03-19,8001262,8002727,15,18,368
2023-03-19,8001262,8004124,15,21,133
2023-03-19,8001405,8001405,1,1,150
2023-03-19,8001415,8000718,4,4,368
2023-03-19,8001415,8001415,41,69,145
2023-03-19,8001415,8001771,12,19,226
2023-03-19,8001415,8002067,0,1,0
2023-03-19,8001415,8002465,10,19,142
2023-03-19,8001415,8003398,13,17,113
2023-03-19,8001415,8005317,8,9,183
2023-03-19,8001482,8001482,1,1,30
2023-03-19,8001482,8001483,0,1,0
2023-03-19,8001483,8001483,0,1,0
2023-03-19,8001483,8003336,0,1,0
2023-03-19,8001485,8001482,1,1,60
2023-03-19,8001485,8001485,1,2,15
2023-03-19,8001485,8003336,0,1,0
2023-03-19,8001491,8000463,8,17,30
2023-03-19,8001491,8001491,18,35,30
2023-03-19,8001491,8006167,8,18,18
2023-03-19,8001643,8001643,24,38,209
2023-03-19,8001643,8002069,14,18,357
2023-03-19,8001643,8005317,15,20,87
2023-03-19,8001671,8000864,5,6,385
2023-03-19,8001671,8001671,25,48,189
2023-03-19,8001671,8001715,8,18,28
2023-03-19,8001671,8002546,4,6,50
2023-03-19,8001671,8003098,14,18,318
2023-03-19,8001715,8001671,14,18,325
2023-03-19,8001715,8001715,25,36,221
2023-03-19,8001715,8002546,15,18,220
2023-03-19,8001771,8000718,0,1,0
2023-03-19,8001771,8001415,10,16,204
2023-03-19,8001771,8001771,43,72,169
2023-03-19,8001771,8003398,9,19,131
2023-03-19,8001771,8005090,13,19,294
2023-03-19,8001771,8005836,8,17,118
2023-03-19,8001865,8001865,6,32,8
2023-03-19,8001865,8004552,2,2,30
2023-03-19,8001865,8005871,1,15,4
2023-03-19,8001865,8503424,2,16,8
2023-03-19,8001971,8000544,2,13,28
2023-03-19,8001971,8001971,10,28,32
2023-03-19,8001971,8005876,6,15,30
2023-03-19,8002067,8001415,0,1,0
2023-03-19,8002067,8002067,2,5,246
2023-03-19,8002067,8002069,1,1,750
2023-03-19,8002067,8002071,0,2,0
2023-03-19,8002067,8005317,0,1,0
2023-03-19,8002068,8002068,51,119,40
2023-03-19,8002068,8002070,35,62,32
2023-03-19,8002068,8003293,17,57,49
2023-03-19,8002069,8001643,16,20,80
2023-03-19,8002069,8002069,29,38,212
2023-03-19,8002069,8002465,1,1,30
2023-03-19,8002071,8002067,1,1,1170
2023-03-19,8002071,8002071,2,3,390
2023-03-19,8002071,8002465,1,2,15
2023-03-19,8002096,8000182,1,1,1140
2023-03-19,8002096,8000933,5,9,27
2023-03-19,8002096,8002096,14,18,125
2023-03-19,8002096,8004111,6,8,60
2023-03-19,8002123,8002123,23,39,115
2023-03-19,8002123,8003494,12,19,90
2023-03-19,8002214,8000077,7,12,128
2023-03-19,8002214,8000182,6,12,45
2023-03-19,8002214,8002214,16,24,101
2023-03-19,8002235,8000596,9,9,163
2023-03-19,8002235,8000942,3,4,180
2023-03-19,8002235,8002235,15,20,116
2023-03-19,8002235,8002621,5,7,64
2023-03-19,8002337,8002337,1,1,240
2023-03-19,8002365,8000026,4,17,12
2023-03-19,8002365,8002365,21,35,47
2023-03-19,8002365,8006629,15,18,67
2023-03-19,8002465,8000718,1,1,750
2023-03-19,8002465,8001415,13,18,133
2023-03-19,8002465,8002069,1,2,30
2023-03-19,8002465,8002071,1,1,1110
2023-03-19,8002465,8002465,23,37,134
2023-03-19,8002546,8001671,6,6,440
2023-03-19,8002546,8001715,14,18,332
2023-03-19,8002546,8002546,39,48,278
2023-03-19,8002546,8006272,19,24,206
2023-03-19,8002621,8000333,14,17,288
2023-03-19,8002621,8000942,7,7,99
2023-03-19,8002621,8002235,6,7,146
2023-03-19,8002621,8002621,27,32,228
2023-03-19,8002621,8005688,1,1,120
2023-03-19,8002727,8000718,21,34,242
2023-03-19,8002727,8001262,16,21,143
2023-03-19,8002727,8002727,44,70,210
2023-03-19,8002727,8004124,9,15,230
2023-03-19,8002763,8002763,39,70,180
2023-03-19,8002763,8003233,18,35,126
2023-03-19,8002763,8003494,5,8,360
2023-03-19,8002763,8005101,15,27,201
2023-03-19,8002848,8002844,14,62,20
2023-03-19,8002848,8002848,42,119,29
2023-03-19,8002848,8005876,15,57,41
2023-03-19,8003001,8000333,17,17,210
2023-03-19,8003001,8003001,35,35,299
2023-03-19,8003001,8005902,18,18,358
2023-03-19,8003014,8000077,7,16,26
2023-03-19,8003014,8001480,7,16,19
2023-03-19,8003014,8003014,23,32,31
2023-03-19,8003098,8001671,7,20,58
2023-03-19,8003098,8003098,22,38,193
2023-03-19,8003098,8003325,14,18,333
2023-03-19,8003233,8002763,21,35,232
2023-03-19,8003233,8003233,40,70,180
2023-03-19,8003233,8005090,20,35,127
2023-03-19,8003293,8002068,26,62,30
2023-03-19,8003293,8002844,18,57,43
2023-03-19,8003293,8003293,54,119,42
2023-03-19,8003325,8003098,8,20,69
2023-03-19,8003325,8003325,24,38,192
2023-03-19,8003325,8005068,14,18,322
2023-03-19,8003336,8003336,0,2,0
2023-03-19,8003336,8003339,0,2,0
2023-03-19,8003339,8003339,0,2,0
2023-03-19,8003339,8003854,0,2,0
2023-03-19,8003374,8003374,19,36,96
2023-03-19,8003374,8005090,11,17,120
2023-03-19,8003374,8005836,8,19,65
2023-03-19,8003398,8001415,8,19,101
2023-03-19,8003398,8001771,11,17,113
2023-03-19,8003398,8003398,21,36,124
2023-03-19,8003401,8000496,2,16,6
2023-03-19,8003401,8003401,14,34,116
2023-03-19,8003401,8003404,0,1,0
2023-03-19,8003404,8003401,1,1,30
2023-03-19,8003404,8003404,1,2,15
2023-03-19,8003404,8003416,0,1,0
2023-03-19,8003416,8003404,1,1,60
2023-03-19,8003416,8003416,1,2,15
2023-03-19,8003416,8004997,0,1,0
2023-03-19,8003494,8000596,7,7,381
2023-03-19,8003494,8002123,11,20,148
2023-03-19,8003494,8002757,1,1,30
2023-03-19,8003494,8002763,5,6,315
2023-03-19,8003494,8003494,47,72,176
2023-03-19,8003494,8004124,1,1,30
2023-03-19,8003494,8004683,16,28,74
2023-03-19,8003494,8005101,1,1,30
2023-03-19,8003562,8003562,5,30,6
2023-03-19,8003562,8004552,3,15,8
2023-03-19,8003562,8005871,3,15,6
2023-03-19,8003854,8000366,1,2,30
2023-03-19,8003854,8003854,1,2,15
2023-03-19,8003857,8003857,0,1,0
2023-03-19,8003857,8006667,0,1,0
2023-03-19,8004107,8004107,1,2,15
2023-03-19,8004107,8006321,1,1,30
2023-03-19,8004107,8079616,0,1,0
2023-03-19,8004111,8000182,7,8,90
2023-03-19,8004111,8002096,9,9,93
2023-03-19,8004111,8004111,15,17,76
2023-03-19,8004124,8000657,10,20,93
2023-03-19,8004124,8000718,1,1,540
2023-03-19,8004124,8000864,0,1,0
2023-03-19,8004124,8001262,15,18,378
2023-03-19,8004124,8002727,9,16,116
2023-03-19,8004124,8004124,43,70,205
2023-03-19,8004124,8005364,3,5,66
2023-03-19,8004124,8006272,6,8,405
2023-03-19,8004124,8089119,2,20,6
2023-03-19,8004464,8000718,15,20,86
2023-03-19,8004464,8004464,31,38,226
2023-03-19,8004464,8005317,14,18,360
2023-03-19,8004552,8001865,0,2,-30
2023-03-19,8004552,8003562,2,15,4
2023-03-19,8004552,8004552,2,3,20
2023-03-19,8004552,8005871,1,1,60
2023-03-19,8004683,8003494,18,27,208
2023-03-19,8004683,8004683,31,55,139
2023-03-19,8004683,8005101,14,28,70
2023-03-19,8004997,8002683,0,1,0
2023-03-19,8004997,8003416,0,1,0
2023-03-19,8004997,8004997,1,2,15
2023-03-19,8005037,8000412,17,27,124
2023-03-19,8005037,8000596,18,27,172
2023-03-19,8005037,8005037,39,54,151
2023-03-19,8005068,8000864,14,18,323
2023-03-19,8005068,8003325,10,20,76
2023-03-19,8005068,8005068,24,38,191
2023-03-19,8005090,8001771,10,17,175
2023-03-19,8005090,8003233,22,35,236
2023-03-19,8005090,8003374,10,19,82
2023-03-19,8005090,8005090,43,70,176
2023-03-19,8005101,8002763,16,29,81
2023-03-19,8005101,8004683,15,27,204
2023-03-19,8005101,8005101,30,56,134
2023-03-19,8005255,8001174,4,16,11
2023-03-19,8005255,8004184,3,18,13
2023-03-19,8005255,8005064,7,15,26
2023-03-19,8005255,8005255,26,63,30
2023-03-19,8005255,8006167,9,14,30
2023-03-19,8005317,8000718,5,10,195
2023-03-19,8005317,8001415,6,6,315
2023-03-19,8005317,8001643,13,18,363
2023-03-19,8005317,8002067,1,2,15
2023-03-19,8005317,8002465,1,1,630
2023-03-19,8005317,8004464,14,20,88
2023-03-19,8005317,8005317,42,57,225
2023-03-19,8005364,8000657,14,17,386
2023-03-19,8005364,8000864,13,25,78
2023-03-19,8005364,8004124,4,6,270
2023-03-19,8005364,8005364,32,48,212
2023-03-19,8005371,8000436,15,15,54
2023-03-19,8005371,8005371,9,28,24
2023-03-19,8005371,8005502,1,13,14
2023-03-19,8005490,8000393,1,1,30
2023-03-19,8005490,8005490,1,1,30
2023-03-19,8005560,8004107,0,1,0
2023-03-19,8005560,8005560,0,1,0
2023-03-19,8005644,8000366,15,18,307
2023-03-19,8005644,8005644,33,35,249
2023-03-19,8005644,8005902,16,17,229
2023-03-19,8005688,8000942,1,1,120
2023-03-19,8005688,8002621,3,3,220
2023-03-19,8005688,8005688,4,4,180
2023-03-19,8005836,8001771,9,19,65
2023-03-19,8005836,8003374,9,17,120
2023-03-19,8005836,8005836,18,36,91
2023-03-19,8005871,8001865,8,15,28
2023-03-19,8005871,8003562,1,15,4
2023-03-19,8005871,8005871,18,61,14
2023-03-19,8005871,8006167,20,31,22
2023-03-19,8005876,8001971,7,13,72
2023-03-19,8005876,8002848,25,62,24
2023-03-19,8005876,8004331,13,34,46
2023-03-19,8005876,8005876,37,94,37
2023-03-19,8005902,8003001,17,17,251
2023-03-19,8005902,8005644,17,18,330
2023-03-19,8005902,8005902,33,35,280
2023-03-19,8005911,8001405,1,1,150
2023-03-19,8005911,8005911,1,1,60
2023-03-19,8006167,8001491,11,17,41
2023-03-19,8006167,8005255,7,14,21
2023-03-19,8006167,8005871,12,30,22
2023-03-19,8006167,8006167,31,58,21
2023-03-19,8006167,8500329,0,37,0
2023-03-19,8006272,8000026,25,32,272
2023-03-19,8006272,8002546,20,24,354
2023-03-19,8006272,8004124,4,8,68
2023-03-19,8006272,8006272,51,64,260
2023-03-19,8006321,8000182,0,1,-30
2023-03-19,8006321,8004107,1,1,30
2023-03-19,8006321,8006321,2,2,45
2023-03-19,8006629,8002365,6,17,25
2023-03-19,8006629,8002797,12,18,60
2023-03-19,8006629,8006629,19,35,41
2023-03-19,8006667,8000356,0,1,0
2023-03-19,8006667,8006667,0,1,0
2023-03-19,8079616,8000182,1,1,120
2023-03-19,8079616,8001059,0,1,0
2023-03-19,8079616,8005560,1,1,30
2023-03-19,8079616,8079616,2,3,60
2023-03-19,8089119,8004124,0,18,-2
2023-03-19,8089119,8089119,0,12,0
2023-03-19,8089119,8700329,0,6,0
2023-03-20,8000077,8000077,62,81,204
2023-03-20,8000077,8000182,7,15,144
2023-03-20,8000077,8000366,35,38,116
2023-03-20,8000077,8001485,2,2,3825
2023-03-20,8000077,8002214,9,16,107
2023-03-20,8000077,8003014,14,20,39
2023-03-20,8000182,8000077,6,14,51
2023-03-20,8000182,8000182,42,61,270
2023-03-20,8000182,8000880,6,16,139
2023-03-20,8000182,8002096,1,1,90
2023-03-20,8000182,8002214,13,16,744
2023-03-20,8000182,8004111,9,11,82
2023-03-20,8000182,8006321,1,2,15
2023-03-20,8000182,8079056,1,1,120
2023-03-20,8000333,8000333,23,36,149
2023-03-20,8000333,8000942,1,1,90
2023-03-20,8000333,8002621,12,17,120
2023-03-20,8000333,8003001,11,18,178
2023-03-20,8000356,8000356,1,1,30
2023-03-20,8000356,8005490,1,1,30
2023-03-20,8000366,8000077,29,39,118
2023-03-20,8000366,8000366,27,35,158
2023-03-20,8000366,8003854,1,2,15
2023-03-20,8000366,8003857,0,1,0
2023-03-20,8000366,8005644,13,19,101
2023-03-20,8000393,8000393,2,2,75
2023-03-20,8000393,8005490,1,1,150
2023-03-20,8000393,8005911,1,1,30
2023-03-20,8000412,8000412,36,55,131
2023-03-20,8000412,8001252,29,45,99
2023-03-20,8000412,8005037,22,28,151
2023-03-20,8000436,8000436,3,32,4
2023-03-20,8000436,8000544,7,17,16
2023-03-20,8000436,8005371,2,15,4
2023-03-20,8000456,8000456,1,1,210
2023-03-20,8000456,8004235,1,1,240
2023-03-20,8000463,8000463,33,58,43
2023-03-20,8000463,8001491,19,30,46
2023-03-20,8000463,8003586,12,28,40
2023-03-20,8000544,8000436,1,15,2
2023-03-20,8000544,8000544,8,32,12
2023-03-20,8000544,8001971,2,17,9
2023-03-20,8000596,8000596,45,56,139
2023-03-20,8000596,8000942,6,6,130
2023-03-20,8000596,8002235,7,10,216
2023-03-20,8000596,8003494,6,8,90
2023-03-20,8000596,8005037,23,28,122
2023-03-20,8000657,8000657,21,41,161
2023-03-20,8000657,8004124,9,19,172
2023-03-20,8000657,8005364,13,22,157
2023-03-20,8000718,8000718,47,87,118
2023-03-20,8000718,8001415,5,8,131
2023-03-20,8000718,8002727,32,44,123
2023-03-20,8000718,8004464,15,25,184
2023-03-20,8000718,8005317,5,10,36
2023-03-20,8000864,8000864,33,56,153
2023-03-20,8000864,8001671,5,8,172
2023-03-20,8000864,8004124,0,1,0
2023-03-20,8000864,8005068,12,22,150
2023-03-20,8000864,8005364,16,25,149
2023-03-20,8000932,8000932,34,56,50
2023-03-20,8000932,8005064,16,27,61
2023-03-20,8000932,8005497,14,29,39
2023-03-20,8000942,8000596,6,6,105
2023-03-20,8000942,8000942,18,21,150
2023-03-20,8000942,8002235,2,3,40
2023-03-20,8000942,8002621,7,7,249
2023-03-20,8000942,8005688,4,4,75
2023-03-20,8000965,8000965,1,1,120
2023-03-20,8000965,8002337,1,1,60
2023-03-20,8001059,8000880,0,2,0
2023-03-20,8001059,8001059,2,4,22
2023-03-20,8001059,8079616,2,2,45
2023-03-20,8001174,8001174,24,56,39
2023-03-20,8001174,8005255,12,29,31
2023-03-20,8001174,8005497,7,27,33
2023-03-20,8001262,8001262,31,55,148
2023-03-20,8001262,8002727,9,26,160
2023-03-20,8001262,8004124,18,29,118
2023-03-20,8001405,8001405,2,2,90
2023-03-20,8001405,8005911,1,1,150
2023-03-20,8001415,8000718,1,5,18
2023-03-20,8001415,8001415,47,81,99
2023-03-20,8001415,8001643,1,1,60
2023-03-20,8001415,8001771,14,22,94
2023-03-20,8001415,8002067,1,1,30
2023-03-20,8001415,8002465,13,23,130
2023-03-20,8001415,8003398,13,18,60
2023-03-20,8001415,8005317,8,9,223
2023-03-20,8001479,8000077,1,1,90
2023-03-20,8001479,8001479,1,1,90
2023-03-20,8001482,8001482,2,3,2540
2023-03-20,8001482,8001483,1,1,7590
2023-03-20,8001482,8001485,0,2,0
2023-03-20,8001483,8001482,1,2,30
2023-03-20,8001483,8001483,2,3,2550
2023-03-20,8001483,8003336,1,1,7560
2023-03-20,8001485,8000077,2,2,60
2023-03-20,8001485,8001482,1,1,7590
2023-03-20,8001485,8001485,4,4,1928
2023-03-20,8001485,8003336,1,1,60
2023-03-20,8001491,8000463,13,28,38
2023-03-20,8001491,8001491,31,58,40
2023-03-20,8001491,8006167,17,30,40
2023-03-20,8001643,8001643,29,51,139
2023-03-20,8001643,8002069,11,21,199
2023-03-20,8001643,8002465,1,1,90
2023-03-20,8001643,8005317,20,26,112
2023-03-20,8001671,8000864,5,7,43
2023-03-20,8001671,8001671,30,56,134
2023-03-20,8001671,8001715,13,23,119
2023-03-20,8001671,8002546,3,7,171
2023-03-20,8001671,8003098,12,19,171
2023-03-20,8001715,8001671,13,19,171
2023-03-20,8001715,8001715,29,42,149
2023-03-20,8001715,8002546,15,23,133
2023-03-20,8001771,8000718,0,1,0
2023-03-20,8001771,8001415,12,17,143
2023-03-20,8001771,8001771,42,80,98
2023-03-20,8001771,8003398,11,24,128
2023-03-20,8001771,8005090,10,20,129
2023-03-20,8001771,8005101,0,1,0
2023-03-20,8001771,8005836,8,18,33
2023-03-20,8001865,8001865,18,35,56
2023-03-20,8001865,8002373,0,1,0
2023-03-20,8001865,8004552,2,2,450
2023-03-20,8001865,8005871,2,15,6
2023-03-20,8001865,8503424,9,18,32
2023-03-20,8001971,8000544,1,15,2
2023-03-20,8001971,8001971,3,32,3
2023-03-20,8001971,8005876,0,17,0
2023-03-20,8002067,8001415,1,1,60
2023-03-20,8002067,8002067,6,9,70
2023-03-20,8002067,8002069,2,2,495
2023-03-20,8002067,8002071,1,3,-170
2023-03-20,8002067,8005317,3,3,30
2023-03-20,8002068,8002068,140,182,92
2023-03-20,8002068,8002070,56,93,82
2023-03-20,8002068,8003293,57,89,102
2023-03-20,8002069,8001643,10,22,104
2023-03-20,8002069,8002069,22,43,151
2023-03-20,8002069,8002465,1,1,210
2023-03-20,8002071,8001643,1,1,90
2023-03-20,8002071,8002067,1,3,20
2023-03-20,8002071,8002071,2,7,-69
2023-03-20,8002071,8002465,0,3,-180
2023-03-20,8002096,8000182,2,2,165
2023-03-20,8002096,8000933,8,14,99
2023-03-20,8002096,8002096,22,25,194
2023-03-20,8002096,8004111,8,10,312
2023-03-20,8002123,8000596,2,2,150
2023-03-20,8002123,8002123,22,45,85
2023-03-20,8002123,8003494,9,22,59
2023-03-20,8002214,8000077,13,16,726
2023-03-20,8002214,8000182,10,15,98
2023-03-20,8002214,8002214,21,32,418
2023-03-20,8002214,8003066,0,1,0
2023-03-20,8002235,8000596,9,9,123
2023-03-20,8002235,8000942,5,5,174
2023-03-20,8002235,8002235,17,23,160
2023-03-20,8002235,8002621,6,7,287
2023-03-20,8002235,8004639,0,1,0
2023-03-20,8002337,8000880,1,1,30
2023-03-20,8002337,8002337,2,2,30
2023-03-20,8002365,8000026,11,28,46
2023-03-20,8002365,8002365,37,58,49
2023-03-20,8002365,8006629,25,30,47
2023-03-20,8002373,8001865,1,2,0
2023-03-20,8002373,8002373,2,3,20
2023-03-20,8002373,8004552,1,1,60
2023-03-20,8002465,8001415,12,21,30
2023-03-20,8002465,8002067,1,1,900
2023-03-20,8002465,8002069,2,2,270
2023-03-20,8002465,8002071,1,4,15
2023-03-20,8002465,8002465,28,44,80
2023-03-20,8002546,8001671,5,6,75
2023-03-20,8002546,8001715,13,19,166
2023-03-20,8002546,8002546,35,55,135
2023-03-20,8002546,8006272,15,30,137
2023-03-20,8002621,8000333,13,18,195
2023-03-20,8002621,8000942,5,7,146
2023-03-20,8002621,8002235,5,8,128
2023-03-20,8002621,8002621,28,35,171
2023-03-20,8002621,8005688,1,2,15
2023-03-20,8002727,8000718,18,42,118
2023-03-20,8002727,8001262,21,29,134
2023-03-20,8002727,8002727,50,86,121
2023-03-20,8002727,8004124,7,15,130
2023-03-20,8002763,8002763,39,77,104
2023-03-20,8002763,8003233,17,39,107
2023-03-20,8002763,8003494,5,8,229
2023-03-20,8002763,8005101,13,30,58
2023-03-20,8002848,8002844,9,64,18
2023-03-20,8002848,8002848,51,126,25
2023-03-20,8002848,8005876,18,62,15
2023-03-20,8003001,8000333,17,18,182
2023-03-20,8003001,8003001,33,36,218
2023-03-20,8003001,8005902,17,18,215
2023-03-20,8003014,8000077,14,19,125
2023-03-20,8003014,8001479,1,1,120
2023-03-20,8003014,8001480,13,20,42
2023-03-20,8003014,8003014,31,40,87
2023-03-20,8003066,8000182,0,1,0
2023-03-20,8003066,8003066,0,1,0
2023-03-20,8003098,8001671,9,22,132
2023-03-20,8003098,8003098,27,41,159
2023-03-20,8003098,8003325,14,19,182
2023-03-20,8003233,8002763,21,38,88
2023-03-20,8003233,8003233,34,77,92
2023-03-20,8003233,8005090,21,39,113
2023-03-20,8003293,8002068,71,93,88
2023-03-20,8003293,8002844,45,62,66
2023-03-20,8003293,8003293,90,127,73
2023-03-20,8003325,8003098,9,22,138
2023-03-20,8003325,8003325,24,41,160
2023-03-20,8003325,8005068,12,19,175
2023-03-20,8003336,8001483,1,2,45
2023-03-20,8003336,8003336,3,4,1928
2023-03-20,8003336,8003339,2,2,3840
2023-03-20,8003339,8003336,0,2,0
2023-03-20,8003339,8003339,2,4,1905
2023-03-20,8003339,8003854,2,2,3810
2023-03-20,8003374,8003374,18,40,65
2023-03-20,8003374,8005090,10,18,33
2023-03-20,8003374,8005836,8,22,90
2023-03-20,8003398,8001415,10,24,112
2023-03-20,8003398,8001771,12,18,45
2023-03-20,8003398,8003398,24,42,95
2023-03-20,8003401,8000496,3,16,38
2023-03-20,8003401,8003401,15,34,132
2023-03-20,8003401,8003404,0,1,0
2023-03-20,8003404,8003401,1,2,45
2023-03-20,8003404,8003404,1,3,30
2023-03-20,8003404,8003416,0,1,0
2023-03-20,8003416,8003404,1,2,60
2023-03-20,8003416,8003416,1,3,30
2023-03-20,8003416,8004997,0,1,0
2023-03-20,8003494,8000596,8,8,221
2023-03-20,8003494,8002123,11,23,108
2023-03-20,8003494,8002763,4,6,65
2023-03-20,8003494,8003494,45,80,90
2023-03-20,8003494,8004124,0,1,0
2023-03-20,8003494,8004683,18,32,72
2023-03-20,8003494,8005101,0,1,0
2023-03-20,8003562,8003562,20,43,34
2023-03-20,8003562,8004552,8,17,39
2023-03-20,8003562,8005871,7,21,17
2023-03-20,8003562,8006628,5,5,108
2023-03-20,8003854,8000366,2,2,3825
2023-03-20,8003854,8003339,0,2,0
2023-03-20,8003854,8003854,2,4,1920
2023-03-20,8003857,8000366,1,1,180
2023-03-20,8003857,8003857,1,2,90
2023-03-20,8003857,8006667,0,1,0
2023-03-20,8004107,8004107,1,3,20
2023-03-20,8004107,8006321,1,1,30
2023-03-20,8004107,8079616,0,2,0
2023-03-20,8004111,8000182,9,10,711
2023-03-20,8004111,8002096,12,12,132
2023-03-20,8004111,8004111,20,22,203
2023-03-20,8004124,8000657,12,22,162
2023-03-20,8004124,8000718,0,1,0
2023-03-20,8004124,8000864,1,1,600
2023-03-20,8004124,8001262,12,26,157
2023-03-20,8004124,8002727,6,16,26
2023-03-20,8004124,8003494,0,1,0
2023-03-20,8004124,8004124,40,81,107
2023-03-20,8004124,8005364,4,7,146
2023-03-20,8004124,8006272,2,8,0
2023-03-20,8004124,8089119,2,18,8
2023-03-20,8004235,8004235,1,1,240
2023-03-20,8004235,8005723,1,1,240
2023-03-20,8004464,8000718,17,26,112
2023-03-20,8004464,8004464,36,51,148
2023-03-20,8004464,8005317,14,25,175
2023-03-20,8004552,8001865,0,2,0
2023-03-20,8004552,8002373,1,2,15
2023-03-20,8004552,8003562,4,16,13
2023-03-20,8004552,8004552,4,5,258
2023-03-20,8004552,8005871,2,2,675
2023-03-20,8004639,8004639,0,1,0
2023-03-20,8004683,8003494,16,30,82
2023-03-20,8004683,8004683,30,62,76
2023-03-20,8004683,8005101,17,32,85
2023-03-20,8004997,8002683,0,1,0
2023-03-20,8004997,8003416,1,2,45
2023-03-20,8004997,8004997,1,3,40
2023-03-20,8005037,8000412,21,28,119
2023-03-20,8005037,8000596,18,28,139
2023-03-20,8005037,8005037,43,56,132
2023-03-20,8005068,8000864,12,19,177
2023-03-20,8005068,8003325,13,22,149
2023-03-20,8005068,8005068,24,41,158
2023-03-20,8005090,8001771,10,19,114
2023-03-20,8005090,8003233,19,38,88
2023-03-20,8005090,8003374,7,22,90
2023-03-20,8005090,8005090,43,78,99
2023-03-20,8005101,8002763,13,33,98
2023-03-20,8005101,8003494,0,1,0
2023-03-20,8005101,8004683,10,30,51
2023-03-20,8005101,8005090,0,1,0
2023-03-20,8005101,8005101,28,65,65
2023-03-20,8005255,8001174,11,27,39
2023-03-20,8005255,8003586,0,1,0
2023-03-20,8005255,8004184,12,29,34
2023-03-20,8005255,8005064,9,16,86
2023-03-20,8005255,8005255,36,87,45
2023-03-20,8005255,8006167,8,14,32
2023-03-20,8005317,8000718,11,12,175
2023-03-20,8005317,8001415,6,8,41
2023-03-20,8005317,8001643,14,25,180
2023-03-20,8005317,8002067,2,2,45
2023-03-20,8005317,8004464,19,26,114
2023-03-20,8005317,8005317,47,73,137
2023-03-20,8005364,8000657,9,19,177
2023-03-20,8005364,8000864,14,29,145
2023-03-20,8005364,8004124,4,6,50
2023-03-20,8005364,8005364,32,54,153
2023-03-20,8005371,8000436,7,17,16
2023-03-20,8005371,8005371,11,32,16
2023-03-20,8005371,8005502,1,15,2
2023-03-20,8005490,8000393,1,1,30
2023-03-20,8005490,8005490,2,2,105
2023-03-20,8005490,8006667,1,1,180
2023-03-20,8005560,8004107,1,1,60
2023-03-20,8005560,8005560,1,1,30
2023-03-20,8005644,8000366,12,19,174
2023-03-20,8005644,8005644,30,38,160
2023-03-20,8005644,8005902,17,19,178
2023-03-20,8005688,8000942,1,2,15
2023-03-20,8005688,8002621,4,4,90
2023-03-20,8005688,8005688,5,6,60
2023-03-20,8005723,8004111,1,1,180
2023-03-20,8005723,8005723,1,1,210
2023-03-20,8005764,8070866,0,5,0
2023-03-20,8005836,8001771,7,22,102
2023-03-20,8005836,8003374,10,18,53
2023-03-20,8005836,8005836,18,40,78
2023-03-20,8005871,8001865,13,16,75
2023-03-20,8005871,8003562,12,22,53
2023-03-20,8005871,8005871,37,76,58
2023-03-20,8005871,8006167,28,38,83
2023-03-20,8005876,8001971,2,15,4
2023-03-20,8005876,8002848,38,64,51
2023-03-20,8005876,8004331,22,48,31
2023-03-20,8005876,8005876,58,124,30
2023-03-20,8005902,8003001,17,18,202
2023-03-20,8005902,8005644,15,19,180
2023-03-20,8005902,8005902,30,36,188
2023-03-20,8005911,8000393,1,1,120
2023-03-20,8005911,8001405,1,1,60
2023-03-20,8005911,8005911,2,2,90
2023-03-20,8006167,8001491,16,28,34
2023-03-20,8006167,8004552,0,1,0
2023-03-20,8006167,8005255,12,15,98
2023-03-20,8006167,8005871,23,38,50
2023-03-20,8006167,8006167,44,63,59
2023-03-20,8006167,8500329,0,38,0
2023-03-20,8006272,8000026,22,38,127
2023-03-20,8006272,8001671,0,1,0
2023-03-20,8006272,8002546,19,25,134
2023-03-20,8006272,8004124,4,9,3
2023-03-20,8006272,8006272,44,73,106
2023-03-20,8006321,8000182,0,1,0
2023-03-20,8006321,8004107,0,2,0
2023-03-20,8006321,8006321,2,3,20
2023-03-20,8006628,8003562,2,5,12
2023-03-20,8006628,8006628,5,10,63
2023-03-20,8006628,8070866,5,5,102
2023-03-20,8006629,8002365,12,28,52
2023-03-20,8006629,8002797,23,30,57
2023-03-20,8006629,8006629,37,58,49
2023-03-20,8006667,8000356,0,1,0
2023-03-20,8006667,8003857,1,1,150
2023-03-20,8006667,8006667,1,2,75
2023-03-20,8070866,8005764,4,5,96
2023-03-20,8070866,8006628,0,5,0
2023-03-20,8070866,8070866,5,10,51
2023-03-20,8079056,8000456,1,1,210
2023-03-20,8079056,8079056,1,1,240
2023-03-20,8079616,8000182,1,1,30
2023-03-20,8079616,8001059,0,2,0
2023-03-20,8079616,8005560,1,1,30
2023-03-20,8079616,8079616,1,4,15
2023-03-20,8089119,8004124,3,18,7
2023-03-20,8089119,8089119,0,14,0
2023-03-20,8089119,8700329,0,7,0
2023-03-21,8000077,8000077,59,81,98
2023-03-21,8000077,8000182,11,15,112
2023-03-21,8000077,8000366,31,38,109
2023-03-21,8000077,8001485,2,2,60
2023-03-21,8000077,8002214,12,16,229
2023-03-21,8000077,8003014,12,20,48
2023-03-21,8000182,8000077,7,14,49
2023-03-21,8000182,8000182,49,61,224
2023-03-21,8000182,8000880,9,16,77
2023-03-21,8000182,8002096,1,1,660
2023-03-21,8000182,8002214,16,16,345
2023-03-21,8000182,8004111,8,11,633
2023-03-21,8000182,8006321,0,2,0
2023-03-21,8000182,8079056,1,1,210
2023-03-21,8000333,8000333,30,36,139
2023-03-21,8000333,8000942,1,1,60
2023-03-21,8000333,8002621,16,17,169
2023-03-21,8000333,8003001,12,18,118
2023-03-21,8000356,8000356,0,1,0
2023-03-21,8000356,8005490,0,1,0
2023-03-21,8000366,8000077,26,39,110
2023-03-21,8000366,8000366,28,35,127
2023-03-21,8000366,8003854,1,2,30
2023-03-21,8000366,8003857,0,1,0
2023-03-21,8000366,8005644,11,19,99
2023-03-21,8000393,8000393,1,2,30
2023-03-21,8000393,8005490,1,1,90
2023-03-21,8000393,8005911,0,1,0
2023-03-21,8000412,8000412,33,55,85
2023-03-21,8000412,8001252,24,45,67
2023-03-21,8000412,8005037,23,27,92
2023-03-21,8000436,8000436,7,32,19
2023-03-21,8000436,8000544,7,17,25
2023-03-21,8000436,8005371,4,15,24
2023-03-21,8000456,8000456,1,1,30
2023-03-21,8000456,8004235,1,1,60
2023-03-21,8000463,8000463,39,58,153
2023-03-21,8000463,8001491,20,30,246
2023-03-21,8000463,8003586,17,28,51
2023-03-21,8000544,8000436,1,15,14
2023-03-21,8000544,8000544,12,32,24
2023-03-21,8000544,8001971,5,17,18
2023-03-21,8000596,8000596,38,55,91
2023-03-21,8000596,8000942,6,6,145
2023-03-21,8000596,8002235,9,10,84
2023-03-21,8000596,8003494,5,8,86
2023-03-21,8000596,8005037,22,28,92
2023-03-21,8000657,8000657,27,41,192
2023-03-21,8000657,8004124,12,19,249
2023-03-21,8000657,8005364,13,22,149
2023-03-21,8000718,8000718,57,87,213
2023-03-21,8000718,8001415,7,8,60
2023-03-21,8000718,8002727,35,44,236
2023-03-21,8000718,8004464,19,25,256
2023-03-21,8000718,8005317,7,10,249
2023-03-21,8000864,8000864,40,56,218
2023-03-21,8000864,8001671,6,8,420
2023-03-21,8000864,8004124,0,1,-30
2023-03-21,8000864,8005068,13,22,143
2023-03-21,8000864,8005364,18,25,220
2023-03-21,8000932,8000932,42,56,169
2023-03-21,8000932,8005064,18,27,84
2023-03-21,8000932,8005497,20,29,249
2023-03-21,8000942,8000596,6,6,145
2023-03-21,8000942,8000942,21,21,170
2023-03-21,8000942,8002235,3,3,80
2023-03-21,8000942,8002621,7,7,236
2023-03-21,8000942,8005688,4,4,142
2023-03-21,8000965,8000965,0,1,0
2023-03-21,8000965,8002337,0,1,-60
2023-03-21,8001059,8000880,1,2,15
2023-03-21,8001059,8001059,1,4,8
2023-03-21,8001059,8079616,1,2,15
2023-03-21,8001174,8001174,32,56,155
2023-03-21,8001174,8005255,17,29,239
2023-03-21,8001174,8005497,12,27,53
2023-03-21,8001262,8001262,37,55,193
2023-03-21,8001262,8002727,15,26,208
2023-03-21,8001262,8004124,17,29,155
2023-03-21,8001405,8001405,2,2,75
2023-03-21,8001405,8005911,1,1,30
2023-03-21,8001415,8000718,5,5,258
2023-03-21,8001415,8001415,59,80,170
2023-03-21,8001415,8001643,0,1,0
2023-03-21,8001415,8001771,14,22,168
2023-03-21,8001415,8002067,1,1,210
2023-03-21,8001415,8002465,14,23,119
2023-03-21,8001415,8003398,15,18,212
2023-03-21,8001415,8005317,8,9,313
2023-03-21,8001479,8000077,0,1,0
2023-03-21,8001479,8001479,0,1,0
2023-03-21,8001482,8001482,3,3,40
2023-03-21,8001482,8001483,0,1,0
2023-03-21,8001482,8001485,1,2,30
2023-03-21,8001483,8001482,2,2,30
2023-03-21,8001483,8001483,1,3,20
2023-03-21,8001483,8003336,0,1,0
2023-03-21,8001485,8000077,1,2,60
2023-03-21,8001485,8001482,1,1,60
2023-03-21,8001485,8001485,3,4,60
2023-03-21,8001485,8003336,1,1,60
2023-03-21,8001491,8000463,16,28,45
2023-03-21,8001491,8001491,41,58,151
2023-03-21,8001491,8006167,19,30,242
2023-03-21,8001643,8001643,36,51,164
2023-03-21,8001643,8002069,16,21,234
2023-03-21,8001643,8002465,1,1,30
2023-03-21,8001643,8005317,17,26,88
2023-03-21,8001671,8000864,4,7,193
2023-03-21,8001671,8001671,39,56,215
2023-03-21,8001671,8001715,10,23,175
2023-03-21,8001671,8002546,6,7,501
2023-03-21,8001671,8003098,14,19,207
2023-03-21,8001715,8001671,16,19,216
2023-03-21,8001715,8001715,30,42,199
2023-03-21,8001715,8002546,13,23,193
2023-03-21,8001771,8000718,1,1,570
2023-03-21,8001771,8001415,15,16,259
2023-03-21,8001771,8001771,58,79,184
2023-03-21,8001771,8003398,13,24,122
2023-03-21,8001771,8005090,14,20,219
2023-03-21,8001771,8005101,0,1,0
2023-03-21,8001771,8005836,15,18,203
2023-03-21,8001865,8001865,20,35,81
2023-03-21,8001865,8002373,1,1,30
2023-03-21,8001865,8004552,2,2,75
2023-03-21,8001865,8005871,4,15,8
2023-03-21,8001865,8503424,9,18,123
2023-03-21,8001971,8000544,4,15,24
2023-03-21,8001971,8001971,7,32,17
2023-03-21,8001971,8005876,4,17,21
2023-03-21,8002067,8001415,1,1,390
2023-03-21,8002067,8002067,7,9,173
2023-03-21,8002067,8002069,1,2,105
2023-03-21,8002067,8002071,1,3,240
2023-03-21,8002067,8005317,3,3,90
2023-03-21,8002068,8002068,115,182,40
2023-03-21,8002068,8002070,41,93,30
2023-03-21,8002068,8003293,52,89,41
2023-03-21,8002069,8001643,13,22,64
2023-03-21,8002069,8002069,27,43,145
2023-03-21,8002069,8002465,0,1,0
2023-03-21,8002071,8001643,1,1,180
2023-03-21,8002071,8002067,2,3,30
2023-03-21,8002071,8002071,4,7,133
2023-03-21,8002071,8002465,1,3,250
2023-03-21,8002096,8000182,2,2,360
2023-03-21,8002096,8000933,10,14,474
2023-03-21,8002096,8002096,22,25,355
2023-03-21,8002096,8004111,9,10,129
2023-03-21,8002123,8000596,2,2,90
2023-03-21,8002123,8002123,35,45,177
2023-03-21,8002123,8003494,17,22,102
2023-03-21,8002214,8000077,15,16,334
2023-03-21,8002214,8000182,11,15,218
2023-03-21,8002214,8002214,29,32,280
2023-03-21,8002214,8003066,1,1,30
2023-03-21,8002235,8000596,9,9,130
2023-03-21,8002235,8000942,5,5,216
2023-03-21,8002235,8002235,20,23,128
2023-03-21,8002235,8002621,6,7,81
2023-03-21,8002235,8004639,1,1,120
2023-03-21,8002337,8000880,0,1,0
2023-03-21,8002337,8002337,1,2,195
2023-03-21,8002365,8000026,14,28,101
2023-03-21,8002365,8002365,41,58,199
2023-03-21,8002365,8006629,27,30,289
2023-03-21,8002373,8001865,1,2,15
2023-03-21,8002373,8002373,2,3,50
2023-03-21,8002373,8004552,1,1,60
2023-03-21,8002465,8001415,16,21,141
2023-03-21,8002465,8002067,1,1,120
2023-03-21,8002465,8002069,2,2,105
2023-03-21,8002465,8002071,3,4,45
2023-03-21,8002465,8002465,29,44,121
2023-03-21,8002546,8001671,5,6,255
2023-03-21,8002546,8001715,17,19,237
2023-03-21,8002546,8002546,37,55,257
2023-03-21,8002546,8006272,15,30,269
2023-03-21,8002621,8000333,15,18,133
2023-03-21,8002621,8000942,7,7,159
2023-03-21,8002621,8002235,7,8,169
2023-03-21,8002621,8002621,33,35,159
2023-03-21,8002621,8005688,2,2,105
2023-03-21,8002727,8000718,25,42,168
2023-03-21,8002727,8001262,21,29,177
2023-03-21,8002727,8002727,59,86,204
2023-03-21,8002727,8004124,14,15,370
2023-03-21,8002763,8002763,53,77,189
2023-03-21,8002763,8003233,26,39,128
2023-03-21,8002763,8003494,6,8,142
2023-03-21,8002763,8005101,23,30,276
2023-03-21,8002848,8002844,7,64,8
2023-03-21,8002848,8002848,51,126,19
2023-03-21,8002848,8005876,14,62,13
2023-03-21,8003001,8000333,17,18,222
2023-03-21,8003001,8003001,35,36,221
2023-03-21,8003001,8005902,17,18,188
2023-03-21,8003014,8000077,15,19,73
2023-03-21,8003014,8001479,0,1,0
2023-03-21,8003014,8001480,10,20,50
2023-03-21,8003014,8003014,27,40,64
2023-03-21,8003066,8000182,1,1,120
2023-03-21,8003066,8003066,1,1,60
2023-03-21,8003098,8001671,12,22,127
2023-03-21,8003098,8003098,28,41,174
2023-03-21,8003098,8003325,16,19,216
2023-03-21,8003233,8002763,30,38,238
2023-03-21,8003233,8003233,58,77,177
2023-03-21,8003233,8005090,24,39,138
2023-03-21,8003293,8002068,56,93,36
2023-03-21,8003293,8002844,35,62,43
2023-03-21,8003293,8003293,77,127,35
2023-03-21,8003325,8003098,12,22,134
2023-03-21,8003325,8003325,28,41,168
2023-03-21,8003325,8005068,12,19,205
2023-03-21,8003336,8001483,1,2,45
2023-03-21,8003336,8003336,2,4,30
2023-03-21,8003336,8003339,1,2,60
2023-03-21,8003339,8003336,0,2,0
2023-03-21,8003339,8003339,1,4,22
2023-03-21,8003339,8003854,1,2,30
2023-03-21,8003374,8003374,29,40,146
2023-03-21,8003374,8005090,17,18,210
2023-03-21,8003374,8005836,9,22,85
2023-03-21,8003398,8001415,14,24,112
2023-03-21,8003398,8001771,16,18,218
2023-03-21,8003398,8003398,29,42,164
2023-03-21,8003401,8000496,0,15,0
2023-03-21,8003401,8003401,12,33,45
2023-03-21,8003401,8003404,0,1,0
2023-03-21,8003404,8003401,1,2,15
2023-03-21,8003404,8003404,0,3,0
2023-03-21,8003404,8003416,0,1,0
2023-03-21,8003416,8003404,1,2,15
2023-03-21,8003416,8003416,1,3,10
2023-03-21,8003416,8004997,0,1,0
2023-03-21,8003494,8000596,7,8,161
2023-03-21,8003494,8002123,19,23,245
2023-03-21,8003494,8002763,6,6,300
2023-03-21,8003494,8003494,59,80,176
2023-03-21,8003494,8004124,1,1,90
2023-03-21,8003494,8004683,19,32,82
2023-03-21,8003494,8005101,1,1,90
2023-03-21,8003562,8003562,23,43,128
2023-03-21,8003562,8004552,12,17,194
2023-03-21,8003562,8005871,8,21,96
2023-03-21,8003562,8006628,2,5,18
2023-03-21,8003854,8000366,2,2,90
2023-03-21,8003854,8003339,0,2,0
2023-03-21,8003854,8003854,3,4,45
2023-03-21,8003857,8000366,1,1,90
2023-03-21,8003857,8003857,1,2,45
2023-03-21,8003857,8006667,0,1,0
2023-03-21,8004107,8004107,1,3,60
2023-03-21,8004107,8006321,1,1,150
2023-03-21,8004107,8079616,0,2,0
2023-03-21,8004111,8000182,10,10,297
2023-03-21,8004111,8002096,11,12,628
2023-03-21,8004111,8004111,19,22,391
2023-03-21,8004124,8000657,13,22,153
2023-03-21,8004124,8000718,1,1,1440
2023-03-21,8004124,8000864,1,1,360
2023-03-21,8004124,8001262,16,26,208
2023-03-21,8004124,8002727,8,16,94
2023-03-21,8004124,8003494,0,1,0
2023-03-21,8004124,8004124,50,81,205
2023-03-21,8004124,8005364,6,7,463
2023-03-21,8004124,8006272,6,8,371
2023-03-21,8004124,8089119,3,18,48
2023-03-21,8004235,8004235,1,1,60
2023-03-21,8004235,8005723,1,1,60
2023-03-21,8004464,8000718,16,26,105
2023-03-21,8004464,8004464,37,51,175
2023-03-21,8004464,8005317,18,25,248
2023-03-21,8004552,8001865,1,2,165
2023-03-21,8004552,8002373,1,2,60
2023-03-21,8004552,8003562,4,16,118
2023-03-21,8004552,8004552,4,5,66
2023-03-21,8004552,8005871,2,2,105
2023-03-21,8004639,8004639,1,1,90
2023-03-21,8004683,8003494,23,30,270
2023-03-21,8004683,8004683,40,62,173
2023-03-21,8004683,8005101,18,32,88
2023-03-21,8004997,8002683,0,1,0
2023-03-21,8004997,8003416,0,2,0
2023-03-21,8004997,8004997,1,3,10
2023-03-21,8005037,8000412,16,28,87
2023-03-21,8005037,8000596,18,27,86
2023-03-21,8005037,8005037,44,55,92
2023-03-21,8005068,8000864,14,19,213
2023-03-21,8005068,8003325,15,22,138
2023-03-21,8005068,8005068,26,41,168
2023-03-21,8005090,8001771,14,18,208
2023-03-21,8005090,8003233,29,38,222
2023-03-21,8005090,8003374,12,22,91
2023-03-21,8005090,8005090,55,78,178
2023-03-21,8005101,8002763,20,33,100
2023-03-21,8005101,8003494,0,1,0
2023-03-21,8005101,8004683,21,30,258
2023-03-21,8005101,8005090,0,1,0
2023-03-21,8005101,8005101,41,65,168
2023-03-21,8005255,8001174,11,27,47
2023-03-21,8005255,8003586,0,1,0
2023-03-21,8005255,8004184,17,29,243
2023-03-21,8005255,8005064,9,16,62
2023-03-21,8005255,8005255,52,87,132
2023-03-21,8005255,8006167,10,14,171
2023-03-21,8005317,8000718,11,12,352
2023-03-21,8005317,8001415,6,8,202
2023-03-21,8005317,8001643,20,25,250
2023-03-21,8005317,8002067,2,2,540
2023-03-21,8005317,8004464,17,26,93
2023-03-21,8005317,8005317,55,73,200
2023-03-21,8005364,8000657,13,19,229
2023-03-21,8005364,8000864,20,29,220
2023-03-21,8005364,8004124,3,6,285
2023-03-21,8005364,8005364,38,54,230
2023-03-21,8005371,8000436,8,17,32
2023-03-21,8005371,8005371,14,32,33
2023-03-21,8005371,8005502,2,15,16
2023-03-21,8005490,8000393,0,1,0
2023-03-21,8005490,8005490,1,2,45
2023-03-21,8005490,8006667,1,1,60
2023-03-21,8005560,8004107,1,1,180
2023-03-21,8005560,8005560,1,1,150
2023-03-21,8005644,8000366,15,19,123
2023-03-21,8005644,8005644,33,38,148
2023-03-21,8005644,8005902,18,19,218
2023-03-21,8005688,8000942,2,2,90
2023-03-21,8005688,8002621,4,4,158
2023-03-21,8005688,8005688,6,6,130
2023-03-21,8005723,8004111,1,1,30
2023-03-21,8005723,8005723,1,1,30
2023-03-21,8005764,8070866,0,5,0
2023-03-21,8005836,8001771,11,22,89
2023-03-21,8005836,8003374,16,18,210
2023-03-21,8005836,8005836,28,40,143
2023-03-21,8005871,8001865,12,16,135
2023-03-21,8005871,8003562,12,22,150
2023-03-21,8005871,8005871,34,76,104
2023-03-21,8005871,8006167,28,38,73
2023-03-21,8005876,8001971,3,15,20
2023-03-21,8005876,8002848,36,64,30
2023-03-21,8005876,8004331,21,48,29
2023-03-21,8005876,8005876,45,124,21
2023-03-21,8005902,8003001,18,18,255
2023-03-21,8005902,8005644,17,19,147
2023-03-21,8005902,8005902,35,36,197
2023-03-21,8005911,8000393,1,1,60
2023-03-21,8005911,8001405,1,1,120
2023-03-21,8005911,8005911,2,2,60
2023-03-21,8006167,8001491,22,28,52
2023-03-21,8006167,8004552,0,1,0
2023-03-21,8006167,8005255,12,15,42
2023-03-21,8006167,8005871,22,38,141
2023-03-21,8006167,8006167,48,63,118
2023-03-21,8006167,8500329,0,38,0
2023-03-21,8006272,8000026,30,38,323
2023-03-21,8006272,8001671,0,1,0
2023-03-21,8006272,8002546,19,25,229
2023-03-21,8006272,8004124,5,9,17
2023-03-21,8006272,8006272,46,73,237
2023-03-21,8006321,8000182,1,1,120
2023-03-21,8006321,8004107,0,2,0
2023-03-21,8006321,8006321,1,3,60
2023-03-21,8006628,8003562,3,5,18
2023-03-21,8006628,8006628,2,10,6
2023-03-21,8006628,8070866,1,5,18
2023-03-21,8006629,8002365,14,28,100
2023-03-21,8006629,8002797,24,30,297
2023-03-21,8006629,8006629,38,58,194
2023-03-21,8006667,8000356,0,1,0
2023-03-21,8006667,8003857,1,1,30
2023-03-21,8006667,8006667,1,2,15
2023-03-21,8070866,8005764,2,5,48
2023-03-21,8070866,8006628,0,5,0
2023-03-21,8070866,8070866,2,10,21
2023-03-21,8079056,8000456,1,1,30
2023-03-21,8079056,8079056,1,1,60
2023-03-21,8079616,8000182,1,1,30
2023-03-21,8079616,8001059,0,2,0
2023-03-21,8079616,8005560,1,1,60
2023-03-21,8079616,8079616,0,4,0
2023-03-21,8089119,8004124,1,18,3
2023-03-21,8089119,8089119,0,14,0
2023-03-21,8089119,8700329,0,7,0
2023-03-22,8000077,8000077,57,81,217
2023-03-22,8000077,8000182,13,15,550
2023-03-22,8000077,8000366,34,38,164
2023-03-22,8000077,8001485,1,2,30
2023-03-22,8000077,8002214,11,16,137
2023-03-22,8000077,8003014,14,20,90
2023-03-22,8000182,8000077,7,14,114
2023-03-22,8000182,8000182,51,61,255
2023-03-22,8000182,8000880,13,16,469
2023-03-22,8000182,8002096,1,1,90
2023-03-22,8000182,8002214,14,16,210
2023-03-22,8000182,8004111,8,11,180
2023-03-22,8000182,8006321,2,2,30
2023-03-22,8000182,8079056,1,1,270
2023-03-22,8000333,8000333,33,36,362
2023-03-22,8000333,8000942,1,1,150
2023-03-22,8000333,8002621,17,17,356
2023-03-22,8000333,8003001,14,18,383
2023-03-22,8000356,8000356,1,1,120
2023-03-22,8000356,8005490,1,1,180
2023-03-22,8000366,8000077,30,39,298
2023-03-22,8000366,8000366,32,35,355
2023-03-22,8000366,8003854,0,2,0
2023-03-22,8000366,8003857,1,1,120
2023-03-22,8000366,8005644,16,19,221
2023-03-22,8000393,8000393,1,2,75
2023-03-22,8000393,8005490,1,1,30
2023-03-22,8000393,8005911,1,1,180
2023-03-22,8000412,8000412,44,55,215
2023-03-22,8000412,8001252,32,45,180
2023-03-22,8000412,8005037,24,27,222
2023-03-22,8000436,8000436,5,32,6
2023-03-22,8000436,8000544,5,17,11
2023-03-22,8000436,8005371,0,15,0
2023-03-22,8000456,8000456,1,1,150
2023-03-22,8000456,8004235,1,1,150
2023-03-22,8000463,8000463,43,58,67
2023-03-22,8000463,8001491,21,30,92
2023-03-22,8000463,8003586,19,28,43
2023-03-22,8000544,8000436,0,15,0
2023-03-22,8000544,8000544,7,32,8
2023-03-22,8000544,8001971,2,17,5
2023-03-22,8000596,8000596,46,55,212
2023-03-22,8000596,8000942,6,6,605
2023-03-22,8000596,8002235,10,10,126
2023-03-22,8000596,8003494,8,8,94
2023-03-22,8000596,8005037,23,28,211
2023-03-22,8000657,8000657,26,41,196
2023-03-22,8000657,8004124,13,19,153
2023-03-22,8000657,8005364,14,22,237
2023-03-22,8000718,8000718,59,87,195
2023-03-22,8000718,8001415,6,8,274
2023-03-22,8000718,8002727,31,44,234
2023-03-22,8000718,8004464,17,25,157
2023-03-22,8000718,8005317,6,10,252
2023-03-22,8000864,8000864,36,56,210
2023-03-22,8000864,8001671,6,8,379
2023-03-22,8000864,8004124,0,1,-30
2023-03-22,8000864,8005068,13,22,228
2023-03-22,8000864,8005364,16,25,144
2023-03-22,8000932,8000932,41,56,70
2023-03-22,8000932,8005064,18,27,71
2023-03-22,8000932,8005497,16,29,64
2023-03-22,8000942,8000596,6,6,120
2023-03-22,8000942,8000942,21,21,379
2023-03-22,8000942,8002235,3,3,130
2023-03-22,8000942,8002621,7,7,694
2023-03-22,8000942,8005688,4,4,382
2023-03-22,8000965,8000965,1,1,300
2023-03-22,8000965,8002337,1,1,240
2023-03-22,8001059,8000880,0,2,0
2023-03-22,8001059,8001059,2,4,30
2023-03-22,8001059,8079616,2,2,45
2023-03-22,8001174,8001174,33,56,52
2023-03-22,8001174,8005255,12,29,58
2023-03-22,8001174,8005497,16,27,43
2023-03-22,8001262,8001262,39,55,233
2023-03-22,8001262,8002727,18,26,158
2023-03-22,8001262,8004124,21,29,284
2023-03-22,8001405,8001405,1,2,45
2023-03-22,8001405,8005911,1,1,30
2023-03-22,8001415,8000718,5,5,126
2023-03-22,8001415,8001415,59,78,181
2023-03-22,8001415,8001643,0,1,0
2023-03-22,8001415,8001771,15,22,228
2023-03-22,8001415,8002067,1,1,60
2023-03-22,8001415,8002465,17,22,175
2023-03-22,8001415,8003398,16,18,148
2023-03-22,8001415,8005317,9,9,190
2023-03-22,8001479,8000077,1,1,90
2023-03-22,8001479,8001479,1,1,90
2023-03-22,8001482,8001482,2,3,20
2023-03-22,8001482,8001483,0,1,0
2023-03-22,8001482,8001485,0,2,0
2023-03-22,8001483,8001482,1,2,15
2023-03-22,8001483,8001483,0,3,0
2023-03-22,8001483,8003336,0,1,0
2023-03-22,8001485,8000077,0,2,0
2023-03-22,8001485,8001482,1,1,60
2023-03-22,8001485,8001485,2,4,22
2023-03-22,8001485,8003336,1,1,30
2023-03-22,8001491,8000463,19,28,34
2023-03-22,8001491,8001491,42,58,69
2023-03-22,8001491,8006167,23,30,101
2023-03-22,8001643,8001643,35,51,165
2023-03-22,8001643,8002069,15,21,159
2023-03-22,8001643,8002465,1,1,60
2023-03-22,8001643,8005317,18,26,180
2023-03-22,8001671,8000864,6,7,197
2023-03-22,8001671,8001671,35,56,190
2023-03-22,8001671,8001715,16,23,275
2023-03-22,8001671,8002546,5,7,111
2023-03-22,8001671,8003098,11,19,101
2023-03-22,8001715,8001671,15,19,118
2023-03-22,8001715,8001715,30,42,213
2023-03-22,8001715,8002546,13,23,297
2023-03-22,8001771,8000718,0,1,0
2023-03-22,8001771,8001415,13,16,197
2023-03-22,8001771,8001771,56,79,204
2023-03-22,8001771,8003398,15,24,210
2023-03-22,8001771,8005090,11,20,297
2023-03-22,8001771,8005101,1,1,120
2023-03-22,8001771,8005836,15,18,115
2023-03-22,8001865,8001865,19,35,65
2023-03-22,8001865,8002373,0,1,0
2023-03-22,8001865,8004552,2,2,60
2023-03-22,8001865,8005871,3,15,34
2023-03-22,8001865,8503424,7,18,60
2023-03-22,8001971,8000544,2,15,4
2023-03-22,8001971,8001971,3,32,3
2023-03-22,8001971,8005876,1,17,2
2023-03-22,8002067,8001415,1,1,1800
2023-03-22,8002067,8002067,6,7,403
2023-03-22,8002067,8002069,1,1,600
2023-03-22,8002067,8002071,2,2,75
2023-03-22,8002067,8005317,2,3,70
2023-03-22,8002068,8002068,99,182,39
2023-03-22,8002068,8002070,30,93,30
2023-03-22,8002068,8003293,35,89,38
2023-03-22,8002069,8001643,13,22,116
2023-03-22,8002069,8002069,26,43,136
2023-03-22,8002069,8002465,1,1,90
2023-03-22,8002071,8001643,1,1,210
2023-03-22,8002071,8002067,1,2,90
2023-03-22,8002071,8002071,4,5,72
2023-03-22,8002071,8002465,1,2,60
2023-03-22,8002096,8000182,2,2,45
2023-03-22,8002096,8000933,9,14,169
2023-03-22,8002096,8002096,20,25,122
2023-03-22,8002096,8004111,5,10,63
2023-03-22,8002123,8000596,2,2,135
2023-03-22,8002123,8002123,33,45,211
2023-03-22,8002123,8003494,16,22,153
2023-03-22,8002214,8000077,12,16,184
2023-03-22,8002214,8000182,8,15,118
2023-03-22,8002214,8002214,25,32,158
2023-03-22,8002214,8003066,1,1,60
2023-03-22,8002235,8000596,9,9,327
2023-03-22,8002235,8000942,5,5,330
2023-03-22,8002235,8002235,23,23,322
2023-03-22,8002235,8002621,7,7,120
2023-03-22,8002235,8004639,1,1,30
2023-03-22,8002337,8000880,1,1,180
2023-03-22,8002337,8002337,2,2,240
2023-03-22,8002365,8000026,17,28,60
2023-03-22,8002365,8002365,47,58,74
2023-03-22,8002365,8006629,28,30,79
2023-03-22,8002373,8001865,1,2,60
2023-03-22,8002373,8002373,2,3,50
2023-03-22,8002373,8004552,0,1,0
2023-03-22,8002465,8001415,17,20,120
2023-03-22,8002465,8002067,1,1,540
2023-03-22,8002465,8002069,1,2,225
2023-03-22,8002465,8002071,1,3,80
2023-03-22,8002465,8002465,36,42,146
2023-03-22,8002546,8001671,5,6,245
2023-03-22,8002546,8001715,15,19,118
2023-03-22,8002546,8002546,38,55,196
2023-03-22,8002546,8006272,18,30,253
2023-03-22,8002621,8000333,17,18,387
2023-03-22,8002621,8000942,7,7,193
2023-03-22,8002621,8002235,8,8,581
2023-03-22,8002621,8002621,35,35,387
2023-03-22,8002621,8005688,2,2,180
2023-03-22,8002727,8000718,27,42,189
2023-03-22,8002727,8001262,21,29,297
2023-03-22,8002727,8002727,60,86,217
2023-03-22,8002727,8004124,11,15,202
2023-03-22,8002763,8002763,53,77,209
2023-03-22,8002763,8003233,29,39,187
2023-03-22,8002763,8003494,3,8,315
2023-03-22,8002763,8005101,23,30,233
2023-03-22,8002848,8002844,5,64,5
2023-03-22,8002848,8002848,37,126,18
2023-03-22,8002848,8005876,10,62,15
2023-03-22,8003001,8000333,18,18,407
2023-03-22,8003001,8003001,36,36,437
2023-03-22,8003001,8005902,18,18,448
2023-03-22,8003014,8000077,11,19,85
2023-03-22,8003014,8001479,1,1,120
2023-03-22,8003014,8001480,14,20,96
2023-03-22,8003014,8003014,33,40,98
2023-03-22,8003066,8000182,1,1,90
2023-03-22,8003066,8003066,1,1,90
2023-03-22,8003098,8001671,11,22,202
2023-03-22,8003098,8003098,26,41,160
2023-03-22,8003098,8003325,14,19,111
2023-03-22,8003233,8002763,26,38,229
2023-03-22,8003233,8003233,55,77,206
2023-03-22,8003233,8005090,29,39,196
2023-03-22,8003293,8002068,67,93,34
2023-03-22,8003293,8002844,33,62,42
2023-03-22,8003293,8003293,67,127,34
2023-03-22,8003325,8003098,11,22,205
2023-03-22,8003325,8003325,23,41,162
2023-03-22,8003325,8005068,10,19,101
2023-03-22,8003336,8001483,0,2,0
2023-03-22,8003336,8003336,1,4,8
2023-03-22,8003336,8003339,1,2,30
2023-03-22,8003339,8003336,0,2,0
2023-03-22,8003339,8003339,1,4,8
2023-03-22,8003339,8003854,0,2,0
2023-03-22,8003374,8003374,30,40,186
2023-03-22,8003374,8005090,16,18,138
2023-03-22,8003374,8005836,11,22,215
2023-03-22,8003398,8001415,15,24,185
2023-03-22,8003398,8001771,17,18,160
2023-03-22,8003398,8003398,31,42,184
2023-03-22,8003401,8000496,6,15,206
2023-03-22,8003401,8003401,19,33,314
2023-03-22,8003401,8003404,0,1,0
2023-03-22,8003404,8003401,1,2,15
2023-03-22,8003404,8003404,1,3,10
2023-03-22,8003404,8003416,0,1,0
2023-03-22,8003416,8003404,1,2,30
2023-03-22,8003416,8003416,1,3,10
2023-03-22,8003416,8004997,0,1,0
2023-03-22,8003494,8000596,7,8,371
2023-03-22,8003494,8002123,18,23,265
2023-03-22,8003494,8002763,5,6,100
2023-03-22,8003494,8003494,57,80,216
2023-03-22,8003494,8004124,1,1,330
2023-03-22,8003494,8004683,23,32,172
2023-03-22,8003494,8005101,1,1,120
2023-03-22,8003562,8003562,18,43,47
2023-03-22,8003562,8004552,10,17,88
2023-03-22,8003562,8005871,8,21,23
2023-03-22,8003562,8006628,5,5,48
2023-03-22,8003854,8000366,1,2,30
2023-03-22,8003854,8003339,0,2,0
2023-03-22,8003854,8003854,1,4,8
2023-03-22,8003857,8000366,1,1,60
2023-03-22,8003857,8003857,2,2,75
2023-03-22,8003857,8006667,1,1,90
2023-03-22,8004107,8004107,0,3,0
2023-03-22,8004107,8006321,0,1,0
2023-03-22,8004107,8079616,0,2,0
2023-03-22,8004111,8000182,8,10,108
2023-03-22,8004111,8002096,11,12,212
2023-03-22,8004111,8004111,16,22,138
2023-03-22,8004124,8000657,13,22,243
2023-03-22,8004124,8000718,1,1,30
2023-03-22,8004124,8000864,1,1,420
2023-03-22,8004124,8001262,17,26,153
2023-03-22,8004124,8002727,10,16,249
2023-03-22,8004124,8003494,1,1,390
2023-03-22,8004124,8004124,54,81,232
2023-03-22,8004124,8005364,5,7,424
2023-03-22,8004124,8006272,6,8,188
2023-03-22,8004124,8089119,3,18,67
2023-03-22,8004235,8004235,1,1,120
2023-03-22,8004235,8005723,1,1,120
2023-03-22,8004464,8000718,17,26,181
2023-03-22,8004464,8004464,37,51,166
2023-03-22,8004464,8005317,17,25,149
2023-03-22,8004552,8001865,1,2,180
2023-03-22,8004552,8002373,2,2,90
2023-03-22,8004552,8003562,5,16,17
2023-03-22,8004552,8004552,4,5,48
2023-03-22,8004552,8005871,2,2,75
2023-03-22,8004639,8004639,1,1,30
2023-03-22,8004683,8003494,22,30,229
2023-03-22,8004683,8004683,44,62,197
2023-03-22,8004683,8005101,22,32,172
2023-03-22,8004997,8002683,0,1,0
2023-03-22,8004997,8003416,1,2,15
2023-03-22,8004997,8004997,1,3,20
2023-03-22,8005037,8000412,21,28,224
2023-03-22,8005037,8000596,22,27,203
2023-03-22,8005037,8005037,44,55,215
2023-03-22,8005068,8000864,10,19,104
2023-03-22,8005068,8003325,13,22,218
2023-03-22,8005068,8005068,23,41,164
2023-03-22,8005090,8001771,13,18,168
2023-03-22,8005090,8003233,25,38,229
2023-03-22,8005090,8003374,16,22,229
2023-03-22,8005090,8005090,56,78,210
2023-03-22,8005101,8002763,24,33,177
2023-03-22,8005101,8003494,1,1,180
2023-03-22,8005101,8004683,22,30,212
2023-03-22,8005101,8005090,0,1,0
2023-03-22,8005101,8005101,48,65,191
2023-03-22,8005255,8001174,15,27,33
2023-03-22,8005255,8003586,0,1,0
2023-03-22,8005255,8004184,15,29,65
2023-03-22,8005255,8005064,10,16,58
2023-03-22,8005255,8005255,45,87,46
2023-03-22,8005255,8006167,7,14,24
2023-03-22,8005317,8000718,10,12,138
2023-03-22,8005317,8001415,5,8,150
2023-03-22,8005317,8001643,17,25,158
2023-03-22,8005317,8002067,1,1,1470
2023-03-22,8005317,8004464,19,26,182
2023-03-22,8005317,8005317,51,73,175
2023-03-22,8005364,8000657,11,19,150
2023-03-22,8005364,8000864,19,29,272
2023-03-22,8005364,8004124,5,6,230
2023-03-22,8005364,8005364,36,54,224
2023-03-22,8005371,8000436,6,17,21
2023-03-22,8005371,8005371,7,32,12
2023-03-22,8005371,8005502,0,15,0
2023-03-22,8005490,8000393,1,1,150
2023-03-22,8005490,8005490,2,2,105
2023-03-22,8005490,8006667,1,1,30
2023-03-22,8005560,8004107,0,1,0
2023-03-22,8005560,8005560,0,1,0
2023-03-22,8005644,8000366,16,19,434
2023-03-22,8005644,8005644,35,38,360
2023-03-22,8005644,8005902,18,19,339
2023-03-22,8005688,8000942,2,2,135
2023-03-22,8005688,8002621,4,4,420
2023-03-22,8005688,8005688,6,6,315
2023-03-22,8005723,8004111,1,1,150
2023-03-22,8005723,8005723,1,1,120
2023-03-22,8005764,8070866,0,5,0
2023-03-22,8005836,8001771,13,22,224
2023-03-22,8005836,8003374,15,18,140
2023-03-22,8005836,8005836,28,40,180
2023-03-22,8005871,8001865,11,16,86
2023-03-22,8005871,8003562,10,22,64
2023-03-22,8005871,8005871,40,76,56
2023-03-22,8005871,8006167,34,38,54
2023-03-22,8005876,8001971,2,15,6
2023-03-22,8005876,8002848,28,64,36
2023-03-22,8005876,8004331,19,48,29
2023-03-22,8005876,8005876,38,124,22
2023-03-22,8005902,8003001,18,18,408
2023-03-22,8005902,8005644,18,19,444
2023-03-22,8005902,8005902,34,36,408
2023-03-22,8005911,8000393,0,1,0
2023-03-22,8005911,8001405,1,1,90
2023-03-22,8005911,8005911,2,2,75
2023-03-22,8006167,8001491,22,28,39
2023-03-22,8006167,8004552,1,1,60
2023-03-22,8006167,8005255,10,15,58
2023-03-22,8006167,8005871,23,38,82
2023-03-22,8006167,8006167,48,63,59
2023-03-22,8006167,8500329,0,38,0
2023-03-22,8006272,8000026,30,38,271
2023-03-22,8006272,8001671,0,1,0
2023-03-22,8006272,8002546,16,25,112
2023-03-22,8006272,8004124,5,9,247
2023-03-22,8006272,8006272,45,73,192
2023-03-22,8006321,8000182,0,1,-30
2023-03-22,8006321,8004107,0,2,0
2023-03-22,8006321,8006321,3,3,30
2023-03-22,8006628,8003562,1,5,18
2023-03-22,8006628,8006628,5,10,33
2023-03-22,8006628,8070866,5,5,60
2023-03-22,8006629,8002365,19,28,66
2023-03-22,8006629,8002797,25,30,85
2023-03-22,8006629,8006629,42,58,68
2023-03-22,8006667,8000356,1,1,60
2023-03-22,8006667,8003857,0,1,0
2023-03-22,8006667,8006667,2,2,45
2023-03-22,8070866,8005764,4,5,54
2023-03-22,8070866,8006628,0,5,0
2023-03-22,8070866,8070866,5,10,27
2023-03-22,8079056,8000456,1,1,120
2023-03-22,8079056,8079056,1,1,120
2023-03-22,8079616,8000182,1,1,30
2023-03-22,8079616,8001059,0,2,0
2023-03-22,8079616,8005560,1,1,30
2023-03-22,8079616,8079616,1,4,15
2023-03-22,8089119,8004124,2,18,8
2023-03-22,8089119,8089119,0,14,0
2023-03-22,8089119,8700329,0,7,0
2023-03-23,8000077,8000077,58,81,144
2023-03-23,8000077,8000182,12,15,134
2023-03-23,8000077,8000366,28,38,204
2023-03-23,8000077,8001485,2,2,195
2023-03-23,8000077,8002214,12,16,68
2023-03-23,8000077,8003014,11,20,56
2023-03-23,8000182,8000077,7,14,386
2023-03-23,8000182,8000182,47,61,205
2023-03-23,8000182,8000880,10,16,236
2023-03-23,8000182,8002096,1,1,60
2023-03-23,8000182,8002214,12,16,219
2023-03-23,8000182,8004111,10,11,82
2023-03-23,8000182,8006321,1,2,135
2023-03-23,8000182,8079056,1,1,90
2023-03-23,8000333,8000333,30,36,333
2023-03-23,8000333,8000942,1,1,120
2023-03-23,8000333,8002621,14,17,536
2023-03-23,8000333,8003001,15,18,143
2023-03-23,8000356,8000356,0,1,0
2023-03-23,8000356,8005490,0,1,0
2023-03-23,8000366,8000077,25,39,93
2023-03-23,8000366,8000366,30,35,259
2023-03-23,8000366,8003854,0,2,0
2023-03-23,8000366,8003857,0,1,0
2023-03-23,8000366,8005644,14,19,352
2023-03-23,8000393,8000393,1,2,30
2023-03-23,8000393,8005490,1,1,90
2023-03-23,8000393,8005911,0,1,0
2023-03-23,8000412,8000412,43,55,213
2023-03-23,8000412,8001252,31,45,215
2023-03-23,8000412,8005037,25,27,134
2023-03-23,8000436,8000436,3,32,3
2023-03-23,8000436,8000544,6,17,11
2023-03-23,8000436,8005371,2,15,4
2023-03-23,8000456,8000456,1,1,30
2023-03-23,8000456,8004235,1,1,60
2023-03-23,8000463,8000463,42,58,84
2023-03-23,8000463,8001491,23,30,114
2023-03-23,8000463,8003586,15,28,56
2023-03-23,8000544,8000436,0,15,0
2023-03-23,8000544,8000544,9,32,10
2023-03-23,8000544,8001971,2,17,5
2023-03-23,8000596,8000596,43,55,212
2023-03-23,8000596,8000942,6,6,140
2023-03-23,8000596,8002235,10,10,108
2023-03-23,8000596,8003494,7,8,131
2023-03-23,8000596,8005037,22,28,299
2023-03-23,8000657,8000657,31,41,228
2023-03-23,8000657,8004124,13,19,219
2023-03-23,8000657,8005364,17,22,232
2023-03-23,8000718,8000718,61,87,200
2023-03-23,8000718,8001415,6,8,94
2023-03-23,8000718,8002727,39,44,236
2023-03-23,8000718,8004464,18,25,196
2023-03-23,8000718,8005317,6,10,264
2023-03-23,8000864,8000864,40,56,195
2023-03-23,8000864,8001671,4,8,165
2023-03-23,8000864,8004124,1,1,30
2023-03-23,8000864,8005068,16,22,225
2023-03-23,8000864,8005364,17,25,184
2023-03-23,8000932,8000932,45,56,79
2023-03-23,8000932,8005064,23,27,93
2023-03-23,8000932,8005497,21,29,69
2023-03-23,8000942,8000596,6,6,735
2023-03-23,8000942,8000942,19,21,393
2023-03-23,8000942,8002235,3,3,60
2023-03-23,8000942,8002621,7,7,201
2023-03-23,8000942,8005688,4,4,150
2023-03-23,8000965,8000965,1,1,180
2023-03-23,8000965,8002337,1,1,120
2023-03-23,8001059,8000880,2,2,255
2023-03-23,8001059,8001059,3,4,120
2023-03-23,8001059,8079616,1,2,15
2023-03-23,8001174,8001174,35,56,65
2023-03-23,8001174,8005255,16,29,56
2023-03-23,8001174,8005497,14,27,63
2023-03-23,8001262,8001262,39,55,201
2023-03-23,8001262,8002727,16,26,159
2023-03-23,8001262,8004124,23,29,226
2023-03-23,8001405,8001405,1,2,15
2023-03-23,8001405,8005911,1,1,30
2023-03-23,8001415,8000718,5,5,450
2023-03-23,8001415,8001415,62,78,189
2023-03-23,8001415,8001643,1,1,60
2023-03-23,8001415,8001771,14,22,177
2023-03-23,8001415,8002067,1,1,270
2023-03-23,8001415,8002465,19,22,213
2023-03-23,8001415,8003398,16,18,132
2023-03-23,8001415,8005317,8,9,213
2023-03-23,8001479,8000077,1,1,30
2023-03-23,8001479,8001479,0,1,0
2023-03-23,8001482,8001482,1,3,110
2023-03-23,8001482,8001483,1,1,300
2023-03-23,8001482,8001485,0,2,0
2023-03-23,8001483,8001482,0,2,0
2023-03-23,8001483,8001483,1,3,100
2023-03-23,8001483,8003336,1,1,270
2023-03-23,8001485,8000077,1,2,15
2023-03-23,8001485,8001482,1,1,360
2023-03-23,8001485,8001485,3,4,105
2023-03-23,8001485,8003336,0,1,0
2023-03-23,8001491,8000463,17,28,50
2023-03-23,8001491,8001491,42,58,85
2023-03-23,8001491,8006167,24,30,110
2023-03-23,8001643,8001643,35,51,194
2023-03-23,8001643,8002069,14,21,230
2023-03-23,8001643,8002465,1,1,30
2023-03-23,8001643,8005317,21,26,178
2023-03-23,8001671,8000864,5,7,197
2023-03-23,8001671,8001671,38,56,191
2023-03-23,8001671,8001715,15,23,203
2023-03-23,8001671,8002546,3,7,227
2023-03-23,8001671,8003098,14,19,169
2023-03-23,8001715,8001671,17,19,180
2023-03-23,8001715,8001715,33,42,201
2023-03-23,8001715,8002546,14,23,222
2023-03-23,8001771,8000718,1,1,210
2023-03-23,8001771,8001415,14,16,264
2023-03-23,8001771,8001771,62,79,207
2023-03-23,8001771,8003398,18,24,219
2023-03-23,8001771,8005090,13,20,213
2023-03-23,8001771,8005101,1,1,270
2023-03-23,8001771,8005836,14,18,125
2023-03-23,8001865,8001865,18,35,62
2023-03-23,8001865,8002373,1,1,30
2023-03-23,8001865,8004552,2,2,60
2023-03-23,8001865,8005871,4,15,44
2023-03-23,8001865,8503424,7,18,57
2023-03-23,8001971,8000544,3,15,6
2023-03-23,8001971,8001971,4,32,4
2023-03-23,8001971,8005876,1,17,2
2023-03-23,8002067,8001415,1,1,720
2023-03-23,8002067,8002067,6,7,253
2023-03-23,8002067,8002069,1,1,540
2023-03-23,8002067,8002071,1,2,30
2023-03-23,8002067,8005317,3,3,140
2023-03-23,8002068,8002068,135,182,97
2023-03-23,8002068,8002070,47,93,57
2023-03-23,8002068,8003293,70,89,133
2023-03-23,8002069,8001643,16,22,153
2023-03-23,8002069,8002069,30,43,179
2023-03-23,8002069,8002465,0,1,0
2023-03-23,8002071,8001643,1,1,30
2023-03-23,8002071,8002067,2,2,90
2023-03-23,8002071,8002071,4,5,48
2023-03-23,8002071,8002465,1,2,15
2023-03-23,8002096,8000182,1,2,45
2023-03-23,8002096,8000933,8,14,51
2023-03-23,8002096,8002096,21,25,143
2023-03-23,8002096,8004111,6,10,243
2023-03-23,8002123,8000596,2,2,120
2023-03-23,8002123,8002123,36,45,201
2023-03-23,8002123,8003494,17,22,196
2023-03-23,8002214,8000077,9,16,199
2023-03-23,8002214,8000182,12,15,64
2023-03-23,8002214,8002214,23,32,133
2023-03-23,8002214,8003066,0,1,0
2023-03-23,8002235,8000596,8,9,303
2023-03-23,8002235,8000942,5,5,144
2023-03-23,8002235,8002235,20,23,210
2023-03-23,8002235,8002621,7,7,206
2023-03-23,8002235,8004639,1,1,60
2023-03-23,8002337,8000880,1,1,60
2023-03-23,8002337,8002337,2,2,90
2023-03-23,8002365,8000026,17,28,96
2023-03-23,8002365,8002365,44,58,96
2023-03-23,8002365,8006629,26,30,84
2023-03-23,8002373,8001865,0,2,-15
2023-03-23,8002373,8002373,2,3,20
2023-03-23,8002373,8004552,1,1,30
2023-03-23,8002465,8001415,16,20,112
2023-03-23,8002465,8002067,1,1,480
2023-03-23,8002465,8002069,1,2,105
2023-03-23,8002465,8002071,2,3,60
2023-03-23,8002465,8002465,36,42,164
2023-03-23,8002546,8001671,6,6,140
2023-03-23,8002546,8001715,15,19,178
2023-03-23,8002546,8002546,38,55,196
2023-03-23,8002546,8006272,18,30,230
2023-03-23,8002621,8000333,17,18,167
2023-03-23,8002621,8000942,6,7,887
2023-03-23,8002621,8002235,6,8,338
2023-03-23,8002621,8002621,32,35,358
2023-03-23,8002621,8005688,1,2,15
2023-03-23,8002727,8000718,23,42,151
2023-03-23,8002727,8001262,24,29,238
2023-03-23,8002727,8002727,63,86,197
2023-03-23,8002727,8004124,12,15,250
2023-03-23,8002763,8002763,57,77,191
2023-03-23,8002763,8003233,31,39,183
2023-03-23,8002763,8003494,7,8,281
2023-03-23,8002763,8005101,20,30,190
2023-03-23,8002848,8002844,15,64,41
2023-03-23,8002848,8002848,52,126,46
2023-03-23,8002848,8005876,17,62,35
2023-03-23,8003001,8000333,17,18,582
2023-03-23,8003001,8003001,35,36,402
2023-03-23,8003001,8005902,18,18,187
2023-03-23,8003014,8000077,12,19,55
2023-03-23,8003014,8001479,1,1,30
2023-03-23,8003014,8001480,11,20,63
2023-03-23,8003014,8003014,24,40,59
2023-03-23,8003066,8000182,0,1,0
2023-03-23,8003066,8003066,0,1,0
2023-03-23,8003098,8001671,15,22,229
2023-03-23,8003098,8003098,30,41,206
2023-03-23,8003098,8003325,15,19,174
2023-03-23,8003233,8002763,27,38,188
2023-03-23,8003233,8003233,58,77,182
2023-03-23,8003233,8005090,35,39,217
2023-03-23,8003293,8002068,68,93,51
2023-03-23,8003293,8002844,44,62,75
2023-03-23,8003293,8003293,97,127,67
2023-03-23,8003325,8003098,15,22,236
2023-03-23,8003325,8003325,31,41,202
2023-03-23,8003325,8005068,16,19,163
2023-03-23,8003336,8001483,1,2,15
2023-03-23,8003336,8003336,2,4,68
2023-03-23,8003336,8003339,2,2,135
2023-03-23,8003339,8003336,0,2,0
2023-03-23,8003339,8003339,2,4,68
2023-03-23,8003339,8003854,1,2,120
2023-03-23,8003374,8003374,35,40,188
2023-03-23,8003374,8005090,14,18,130
2023-03-23,8003374,8005836,18,22,217
2023-03-23,8003398,8001415,19,24,195
2023-03-23,8003398,8001771,16,18,133
2023-03-23,8003398,8003398,34,42,181
2023-03-23,8003401,8000496,7,15,178
2023-03-23,8003401,8003401,20,33,252
2023-03-23,8003401,8003404,0,1,0
2023-03-23,8003404,8003401,2,2,225
2023-03-23,8003404,8003404,2,3,160
2023-03-23,8003404,8003416,0,1,0
2023-03-23,8003416,8003404,2,2,270
2023-03-23,8003416,8003416,2,3,170
2023-03-23,8003416,8004997,0,1,0
2023-03-23,8003494,8000596,8,8,255
2023-03-23,8003494,8002123,19,23,202
2023-03-23,8003494,8002763,5,6,125
2023-03-23,8003494,8003494,61,80,190
2023-03-23,8003494,8004124,1,1,150
2023-03-23,8003494,8004683,24,32,176
2023-03-23,8003494,8005101,0,1,0
2023-03-23,8003562,8003562,22,43,53
2023-03-23,8003562,8004552,9,17,62
2023-03-23,8003562,8005871,12,21,43
2023-03-23,8003562,8006628,4,5,84
2023-03-23,8003854,8000366,2,2,105
2023-03-23,8003854,8003339,0,2,0
2023-03-23,8003854,8003854,1,4,52
2023-03-23,8003857,8000366,1,1,120
2023-03-23,8003857,8003857,1,2,45
2023-03-23,8003857,8006667,0,1,0
2023-03-23,8004107,8004107,1,3,160
2023-03-23,8004107,8006321,0,1,0
2023-03-23,8004107,8079616,2,2,240
2023-03-23,8004111,8000182,8,10,291
2023-03-23,8004111,8002096,11,12,88
2023-03-23,8004111,8004111,17,22,155
2023-03-23,8004124,8000657,15,22,245
2023-03-23,8004124,8000718,1,1,720
2023-03-23,8004124,8000864,1,1,60
2023-03-23,8004124,8001262,16,26,170
2023-03-23,8004124,8002727,9,16,148
2023-03-23,8004124,8003494,0,1,-30
2023-03-23,8004124,8004124,57,81,205
2023-03-23,8004124,8005364,4,7,163
2023-03-23,8004124,8006272,7,8,285
2023-03-23,8004124,8089119,5,18,53
2023-03-23,8004235,8004235,1,1,60
2023-03-23,8004235,8005723,1,1,60
2023-03-23,8004464,8000718,21,26,188
2023-03-23,8004464,8004464,39,51,196
2023-03-23,8004464,8005317,17,25,214
2023-03-23,8004552,8001865,1,2,30
2023-03-23,8004552,8002373,1,2,30
2023-03-23,8004552,8003562,7,16,43
2023-03-23,8004552,8004552,4,5,60
2023-03-23,8004552,8005871,2,2,75
2023-03-23,8004639,8004639,1,1,30
2023-03-23,8004683,8003494,22,30,185
2023-03-23,8004683,8004683,45,62,187
2023-03-23,8004683,8005101,24,32,189
2023-03-23,8004997,8002683,0,1,0
2023-03-23,8004997,8003416,2,2,255
2023-03-23,8004997,8004997,2,3,170
2023-03-23,8005037,8000412,20,28,297
2023-03-23,8005037,8000596,21,27,113
2023-03-23,8005037,8005037,45,55,212
2023-03-23,8005068,8000864,13,19,161
2023-03-23,8005068,8003325,16,22,228
2023-03-23,8005068,8005068,31,41,192
2023-03-23,8005090,8001771,16,18,248
2023-03-23,8005090,8003233,28,38,184
2023-03-23,8005090,8003374,20,22,228
2023-03-23,8005090,8005090,66,78,207
2023-03-23,8005101,8002763,25,33,186
2023-03-23,8005101,8003494,1,1,240
2023-03-23,8005101,8004683,20,30,178
2023-03-23,8005101,8005090,1,1,150
2023-03-23,8005101,8005101,45,65,182
2023-03-23,8005255,8001174,14,27,58
2023-03-23,8005255,8003586,0,1,0
2023-03-23,8005255,8004184,18,29,55
2023-03-23,8005255,8005064,9,16,81
2023-03-23,8005255,8005255,50,87,54
2023-03-23,8005255,8006167,8,14,58
2023-03-23,8005317,8000718,11,12,188
2023-03-23,8005317,8001415,6,8,225
2023-03-23,8005317,8001643,18,25,218
2023-03-23,8005317,8002067,1,1,720
2023-03-23,8005317,8004464,20,26,182
2023-03-23,8005317,8005317,56,73,205
2023-03-23,8005364,8000657,14,19,226
2023-03-23,8005364,8000864,20,29,209
2023-03-23,8005364,8004124,4,6,275
2023-03-23,8005364,8005364,39,54,212
2023-03-23,8005371,8000436,5,17,14
2023-03-23,8005371,8005371,7,32,10
2023-03-23,8005371,8005502,0,15,0
2023-03-23,8005490,8000393,0,1,0
2023-03-23,8005490,8005490,1,2,60
2023-03-23,8005490,8006667,1,1,120
2023-03-23,8005560,8004107,0,1,0
2023-03-23,8005560,8005560,0,1,0
2023-03-23,8005644,8000366,16,19,128
2023-03-23,8005644,8005644,37,38,291
2023-03-23,8005644,8005902,19,19,510
2023-03-23,8005688,8000942,0,2,0
2023-03-23,8005688,8002621,4,4,180
2023-03-23,8005688,8005688,4,6,105
2023-03-23,8005723,8004111,1,1,30
2023-03-23,8005723,8005723,1,1,30
2023-03-23,8005764,8070866,0,5,0
2023-03-23,8005836,8001771,18,22,220
2023-03-23,8005836,8003374,15,18,133
2023-03-23,8005836,8005836,32,40,175
2023-03-23,8005871,8001865,9,16,81
2023-03-23,8005871,8003562,10,22,60
2023-03-23,8005871,8005871,38,76,59
2023-03-23,8005871,8006167,27,38,62
2023-03-23,8005876,8001971,3,15,12
2023-03-23,8005876,8002848,33,64,65
2023-03-23,8005876,8004331,18,48,47
2023-03-23,8005876,8005876,46,124,46
2023-03-23,8005902,8003001,18,18,610
2023-03-23,8005902,8005644,19,19,156
2023-03-23,8005902,8005902,35,36,364
2023-03-23,8005911,8000393,1,1,60
2023-03-23,8005911,8001405,0,1,0
2023-03-23,8005911,8005911,1,2,30
2023-03-23,8006167,8001491,20,28,46
2023-03-23,8006167,8004552,0,1,0
2023-03-23,8006167,8005255,10,15,26
2023-03-23,8006167,8005871,21,38,70
2023-03-23,8006167,8006167,42,63,57
2023-03-23,8006167,8500329,0,38,0
2023-03-23,8006272,8000026,29,38,234
2023-03-23,8006272,8001671,1,1,270
2023-03-23,8006272,8002546,18,25,149
2023-03-23,8006272,8004124,3,9,3
2023-03-23,8006272,8006272,49,73,172
2023-03-23,8006321,8000182,0,1,0
2023-03-23,8006321,8004107,1,2,240
2023-03-23,8006321,8006321,2,3,180
2023-03-23,8006628,8003562,1,5,6
2023-03-23,8006628,8006628,4,10,33
2023-03-23,8006628,8070866,4,5,72
2023-03-23,8006629,8002365,17,28,103
2023-03-23,8006629,8002797,25,30,96
2023-03-23,8006629,8006629,42,58,96
2023-03-23,8006667,8000356,0,1,0
2023-03-23,8006667,8003857,1,1,60
2023-03-23,8006667,8006667,1,2,45
2023-03-23,8070866,8005764,4,5,114
2023-03-23,8070866,8006628,0,5,0
2023-03-23,8070866,8070866,3,10,51
2023-03-23,8079056,8000456,1,1,30
2023-03-23,8079056,8079056,1,1,60
2023-03-23,8079616,8000182,1,1,60
2023-03-23,8079616,8001059,2,2,225
2023-03-23,8079616,8005560,0,1,0
2023-03-23,8079616,8079616,3,4,128
2023-03-23,8089119,8004124,2,18,3
2023-03-23,8089119,8089119,0,14,0
2023-03-23,8089119,8700329,0,7,0
2023-03-24,8000077,8000077,59,81,253
2023-03-24,8000077,8000182,14,15,936
2023-03-24,8000077,8000366,37,38,126
2023-03-24,8000077,8001485,1,2,60
2023-03-24,8000077,8002214,8,16,112
2023-03-24,8000077,8003014,12,20,46
2023-03-24,8000182,8000077,7,14,124
2023-03-24,8000182,8000182,52,61,315
2023-03-24,8000182,8000880,12,16,808
2023-03-24,8000182,8002096,1,1,60
2023-03-24,8000182,8002214,14,16,114
2023-03-24,8000182,8004111,10,11,128
2023-03-24,8000182,8006321,2,2,30
2023-03-24,8000182,8079056,1,1,180
2023-03-24,8000333,8000333,34,36,527
2023-03-24,8000333,8000942,1,1,180
2023-03-24,8000333,8002621,17,17,579
2023-03-24,8000333,8003001,14,18,625
2023-03-24,8000356,8000356,1,1,30
2023-03-24,8000356,8005490,1,1,60
2023-03-24,8000366,8000077,25,39,417
2023-03-24,8000366,8000366,33,35,505
2023-03-24,8000366,8003854,1,2,15
2023-03-24,8000366,8003857,1,1,30
2023-03-24,8000366,8005644,18,19,161
2023-03-24,8000393,8000393,2,2,45
2023-03-24,8000393,8005490,1,1,90
2023-03-24,8000393,8005911,1,1,60
2023-03-24,8000412,8000412,43,55,350
2023-03-24,8000412,8001252,35,45,333
2023-03-24,8000412,8005037,24,27,270
2023-03-24,8000436,8000436,5,32,8
2023-03-24,8000436,8000544,7,17,19
2023-03-24,8000436,8005371,2,15,4
2023-03-24,8000456,8000456,1,1,30
2023-03-24,8000456,8004235,1,1,60
2023-03-24,8000463,8000463,43,60,58
2023-03-24,8000463,8001491,25,31,70
2023-03-24,8000463,8003586,16,29,40
2023-03-24,8000544,8000436,1,15,2
2023-03-24,8000544,8000544,8,32,11
2023-03-24,8000544,8001971,2,17,5
2023-03-24,8000596,8000596,49,55,357
2023-03-24,8000596,8000942,5,6,530
2023-03-24,8000596,8002235,10,10,351
2023-03-24,8000596,8003494,8,8,229
2023-03-24,8000596,8005037,25,28,431
2023-03-24,8000657,8000657,32,39,257
2023-03-24,8000657,8004124,13,19,317
2023-03-24,8000657,8005364,16,20,195
2023-03-24,8000718,8000718,63,85,222
2023-03-24,8000718,8001415,5,8,172
2023-03-24,8000718,8002727,34,42,198
2023-03-24,8000718,8004464,20,25,284
2023-03-24,8000718,8005317,8,10,321
2023-03-24,8000864,8000864,43,53,299
2023-03-24,8000864,8001671,7,7,373
2023-03-24,8000864,8004124,1,1,2250
2023-03-24,8000864,8005068,15,20,189
2023-03-24,8000864,8005364,23,25,301
2023-03-24,8000932,8000932,41,58,57
2023-03-24,8000932,8005064,23,28,71
2023-03-24,8000932,8005497,15,30,39
2023-03-24,8000942,8000596,6,6,1185
2023-03-24,8000942,8000942,21,21,780
2023-03-24,8000942,8002235,3,3,120
2023-03-24,8000942,8002621,7,7,733
2023-03-24,8000942,8005688,4,4,322
2023-03-24,8000965,8000965,1,1,240
2023-03-24,8000965,8002337,1,1,180
2023-03-24,8001059,8000880,1,2,15
2023-03-24,8001059,8001059,2,4,38
2023-03-24,8001059,8079616,2,2,75
2023-03-24,8001174,8001174,37,58,47
2023-03-24,8001174,8005255,14,30,42
2023-03-24,8001174,8005497,16,28,52
2023-03-24,8001262,8001262,38,54,216
2023-03-24,8001262,8002727,16,26,265
2023-03-24,8001262,8004124,23,28,160
2023-03-24,8001405,8001405,1,2,15
2023-03-24,8001405,8005911,1,1,30
2023-03-24,8001415,8000718,3,4,52
2023-03-24,8001415,8001415,61,78,333
2023-03-24,8001415,8001643,1,1,900
2023-03-24,8001415,8001771,17,22,173
2023-03-24,8001415,8002067,1,1,1140
2023-03-24,8001415,8002465,19,23,316
2023-03-24,8001415,8003398,15,18,548
2023-03-24,8001415,8005317,8,8,322
2023-03-24,8001479,8000077,1,1,60
2023-03-24,8001479,8001479,1,1,60
2023-03-24,8001482,8001482,1,3,10
2023-03-24,8001482,8001483,0,1,0
2023-03-24,8001482,8001485,0,2,0
2023-03-24,8001483,8001482,0,2,0
2023-03-24,8001483,8001483,0,3,0
2023-03-24,8001483,8003336,0,1,0
2023-03-24,8001485,8000077,1,2,15
2023-03-24,8001485,8001482,1,1,60
2023-03-24,8001485,8001485,3,4,45
2023-03-24,8001485,8003336,1,1,120
2023-03-24,8001491,8000463,17,29,39
2023-03-24,8001491,8001491,43,60,56
2023-03-24,8001491,8006167,24,31,70
2023-03-24,8001643,8001643,36,50,208
2023-03-24,8001643,8002069,15,21,316
2023-03-24,8001643,8002465,1,1,300
2023-03-24,8001643,8005317,19,25,145
2023-03-24,8001671,8000864,6,7,471
2023-03-24,8001671,8001671,45,52,374
2023-03-24,8001671,8001715,17,20,354
2023-03-24,8001671,8002546,6,6,595
2023-03-24,8001671,8003098,17,19,327
2023-03-24,8001671,8004124,1,1,90
2023-03-24,8001715,8001671,16,19,332
2023-03-24,8001715,8001715,35,39,357
2023-03-24,8001715,8002546,17,20,410
2023-03-24,8001771,8000718,1,1,90
2023-03-24,8001771,8001415,13,16,328
2023-03-24,8001771,8001771,62,79,332
2023-03-24,8001771,8003398,16,24,329
2023-03-24,8001771,8005090,15,20,204
2023-03-24,8001771,8005101,1,1,150
2023-03-24,8001771,8005836,14,18,545
2023-03-24,8001865,8001865,13,35,87
2023-03-24,8001865,8002373,1,1,30
2023-03-24,8001865,8004552,2,2,45
2023-03-24,8001865,8005871,2,15,144
2023-03-24,8001865,8503424,6,18,43
2023-03-24,8001971,8000544,1,15,4
2023-03-24,8001971,8001971,3,32,7
2023-03-24,8001971,8005876,4,17,11
2023-03-24,8002067,8001415,1,1,540
2023-03-24,8002067,8002067,8,9,490
2023-03-24,8002067,8002069,1,1,210
2023-03-24,8002067,8002071,2,3,730
2023-03-24,8002067,8005317,3,3,440
2023-03-24,8002068,8002068,122,183,66
2023-03-24,8002068,8002070,45,93,39
2023-03-24,8002068,8003293,63,90,91
2023-03-24,8002069,8001643,17,21,107
2023-03-24,8002069,8002069,31,42,210
2023-03-24,8002069,8002465,1,1,2310
2023-03-24,8002071,8001643,1,1,90
2023-03-24,8002071,8002067,2,3,80
2023-03-24,8002071,8002071,5,7,356
2023-03-24,8002071,8002465,2,3,740
2023-03-24,8002096,8000182,2,2,90
2023-03-24,8002096,8000933,6,14,39
2023-03-24,8002096,8002096,19,25,88
2023-03-24,8002096,8004111,8,10,96
2023-03-24,8002123,8000596,2,2,75
2023-03-24,8002123,8002123,34,45,316
2023-03-24,8002123,8003494,16,22,164
2023-03-24,8002214,8000077,12,16,94
2023-03-24,8002214,8000182,10,15,108
2023-03-24,8002214,8002214,22,32,105
2023-03-24,8002214,8003066,1,1,30
2023-03-24,8002235,8000596,9,9,530
2023-03-24,8002235,8000942,5,5,246
2023-03-24,8002235,8002235,23,23,389
2023-03-24,8002235,8002621,7,7,523
2023-03-24,8002235,8004639,0,1,0
2023-03-24,8002337,8000880,1,1,180
2023-03-24,8002337,8002337,2,2,120
2023-03-24,8002365,8000026,15,29,41
2023-03-24,8002365,8002365,51,60,59
2023-03-24,8002365,8006629,30,31,60
2023-03-24,8002373,8001865,1,2,15
2023-03-24,8002373,8002373,2,3,30
2023-03-24,8002373,8004552,1,1,30
2023-03-24,8002465,8000718,1,1,210
2023-03-24,8002465,8001415,16,21,450
2023-03-24,8002465,8002067,1,1,180
2023-03-24,8002465,8002069,1,1,420
2023-03-24,8002465,8002071,3,4,82
2023-03-24,8002465,8002465,36,44,372
2023-03-24,8002546,8001671,6,6,575
2023-03-24,8002546,8001715,16,19,328
2023-03-24,8002546,8002546,43,51,431
2023-03-24,8002546,8006272,22,26,485
2023-03-24,8002621,8000333,17,18,540
2023-03-24,8002621,8000942,7,7,1389
2023-03-24,8002621,8002235,8,8,499
2023-03-24,8002621,8002621,34,35,630
2023-03-24,8002621,8005688,2,2,150
2023-03-24,8002727,8000718,27,42,254
2023-03-24,8002727,8001262,23,28,166
2023-03-24,8002727,8002727,62,84,230
2023-03-24,8002727,8004124,13,14,311
2023-03-24,8002763,8002763,62,77,293
2023-03-24,8002763,8003233,29,39,219
2023-03-24,8002763,8003494,6,8,285
2023-03-24,8002763,8005101,26,30,390
2023-03-24,8002848,8002844,20,64,30
2023-03-24,8002848,8002848,52,127,39
2023-03-24,8002848,8005876,19,63,35
2023-03-24,8003001,8000333,18,18,515
2023-03-24,8003001,8003001,35,36,617
2023-03-24,8003001,8005902,17,18,778
2023-03-24,8003014,8000077,14,19,76
2023-03-24,8003014,8001479,1,1,60
2023-03-24,8003014,8001480,11,20,51
2023-03-24,8003014,8003014,31,40,67
2023-03-24,8003066,8000182,1,1,30
2023-03-24,8003066,8003066,1,1,30
2023-03-24,8003098,8001671,15,20,345
2023-03-24,8003098,8003098,31,39,305
2023-03-24,8003098,8003325,18,19,344
2023-03-24,8003233,8002763,32,38,370
2023-03-24,8003233,8003233,60,77,293
2023-03-24,8003233,8005090,32,39,229
2023-03-24,8003293,8002068,55,93,32
2023-03-24,8003293,8002844,46,63,80
2023-03-24,8003293,8003293,97,128,59
2023-03-24,8003325,8003098,15,20,190
2023-03-24,8003325,8003325,34,39,255
2023-03-24,8003325,8005068,17,19,332
2023-03-24,8003336,8001483,1,2,15
2023-03-24,8003336,8003336,2,4,45
2023-03-24,8003336,8003339,1,2,90
2023-03-24,8003339,8003336,0,2,0
2023-03-24,8003339,8003339,1,4,38
2023-03-24,8003339,8003854,1,2,60
2023-03-24,8003374,8003374,32,40,353
2023-03-24,8003374,8005090,15,18,545
2023-03-24,8003374,8005836,16,22,195
2023-03-24,8003398,8001415,19,24,312
2023-03-24,8003398,8001771,15,18,555
2023-03-24,8003398,8003398,32,42,428
2023-03-24,8003401,8000496,8,15,382
2023-03-24,8003401,8003401,24,33,566
2023-03-24,8003401,8003404,1,1,30
2023-03-24,8003404,8003401,2,2,45
2023-03-24,8003404,8003404,3,3,50
2023-03-24,8003404,8003416,1,1,30
2023-03-24,8003416,8003404,2,2,90
2023-03-24,8003416,8003416,2,3,40
2023-03-24,8003416,8004997,1,1,30
2023-03-24,8003494,8000026,1,1,360
2023-03-24,8003494,8000596,8,8,131
2023-03-24,8003494,8002123,20,23,459
2023-03-24,8003494,8002763,6,6,85
2023-03-24,8003494,8003494,65,81,278
2023-03-24,8003494,8004124,0,1,-60
2023-03-24,8003494,8004683,24,32,231
2023-03-24,8003494,8005101,1,1,60
2023-03-24,8003562,8003562,17,43,40
2023-03-24,8003562,8004552,7,17,51
2023-03-24,8003562,8005871,7,21,26
2023-03-24,8003562,8006628,5,5,120
2023-03-24,8003854,8000366,1,2,90
2023-03-24,8003854,8003339,0,2,0
2023-03-24,8003854,8003854,1,4,38
2023-03-24,8003857,8000366,1,1,90
2023-03-24,8003857,8003857,1,2,45
2023-03-24,8003857,8006667,0,1,0
2023-03-24,8004107,8004107,1,3,20
2023-03-24,8004107,8006321,1,1,60
2023-03-24,8004107,8079616,0,2,0
2023-03-24,8004111,8000182,9,10,111
2023-03-24,8004111,8002096,10,12,135
2023-03-24,8004111,8004111,19,22,108
2023-03-24,8004124,8000657,17,20,204
2023-03-24,8004124,8000718,1,1,150
2023-03-24,8004124,8000864,0,1,0
2023-03-24,8004124,8001262,16,26,265
2023-03-24,8004124,8002727,12,16,231
2023-03-24,8004124,8003494,0,1,0
2023-03-24,8004124,8004124,55,79,217
2023-03-24,8004124,8005364,6,6,405
2023-03-24,8004124,8006272,8,8,375
2023-03-24,8004124,8089119,1,19,0
2023-03-24,8004235,8004235,1,1,60
2023-03-24,8004235,8005723,1,1,60
2023-03-24,8004464,8000718,17,25,138
2023-03-24,8004464,8004464,39,50,217
2023-03-24,8004464,8005317,20,25,276
2023-03-24,8004552,8001865,1,2,30
2023-03-24,8004552,8002373,1,2,30
2023-03-24,8004552,8003562,5,16,26
2023-03-24,8004552,8004552,4,5,96
2023-03-24,8004552,8005871,2,2,195
2023-03-24,8004639,8004639,1,1,30
2023-03-24,8004683,8003494,26,30,389
2023-03-24,8004683,8004683,50,62,311
2023-03-24,8004683,8005101,25,32,236
2023-03-24,8004997,8002683,0,1,0
2023-03-24,8004997,8003416,2,2,60
2023-03-24,8004997,8004997,3,3,60
2023-03-24,8005037,8000412,20,28,429
2023-03-24,8005037,8000596,23,27,264
2023-03-24,8005037,8005037,47,55,351
2023-03-24,8005068,8000864,17,19,336
2023-03-24,8005068,8003325,15,20,178
2023-03-24,8005068,8005068,31,39,254
2023-03-24,8005090,8001771,15,18,292
2023-03-24,8005090,8003233,29,38,371
2023-03-24,8005090,8003374,17,22,177
2023-03-24,8005090,8005090,62,78,295
2023-03-24,8005101,8002763,26,33,234
2023-03-24,8005101,8003494,1,1,210
2023-03-24,8005101,8004683,25,30,376
2023-03-24,8005101,8005090,1,1,90
2023-03-24,8005101,8005101,54,65,297
2023-03-24,8005255,8001174,15,28,35
2023-03-24,8005255,8003586,0,1,0
2023-03-24,8005255,8004184,17,30,48
2023-03-24,8005255,8005064,9,16,141
2023-03-24,8005255,8005255,49,89,60
2023-03-24,8005255,8006167,9,14,30
2023-03-24,8005317,8000718,10,11,368
2023-03-24,8005317,8001415,7,7,124
2023-03-24,8005317,8001643,19,25,281
2023-03-24,8005317,8002067,2,2,1320
2023-03-24,8005317,8002465,0,1,0
2023-03-24,8005317,8004464,19,25,151
2023-03-24,8005317,8005317,58,71,254
2023-03-24,8005364,8000657,15,19,322
2023-03-24,8005364,8000864,20,26,231
2023-03-24,8005364,8004124,6,6,165
2023-03-24,8005364,8005364,45,51,269
2023-03-24,8005371,8000436,9,17,25
2023-03-24,8005371,8005371,13,32,18
2023-03-24,8005371,8005502,1,15,2
2023-03-24,8005490,8000393,1,1,30
2023-03-24,8005490,8005490,2,2,75
2023-03-24,8005490,8006667,1,1,90
2023-03-24,8005560,8004107,1,1,60
2023-03-24,8005560,8005560,1,1,60
2023-03-24,8005644,8000366,14,19,755
2023-03-24,8005644,8005644,35,38,500
2023-03-24,8005644,8005902,18,19,303
2023-03-24,8005688,8000942,2,2,135
2023-03-24,8005688,8002621,4,4,345
2023-03-24,8005688,8005688,6,6,270
2023-03-24,8005723,8004111,1,1,60
2023-03-24,8005723,8005723,1,1,60
2023-03-24,8005764,8070866,0,5,0
2023-03-24,8005836,8001771,17,22,299
2023-03-24,8005836,8003374,15,18,552
2023-03-24,8005836,8005836,32,40,382
2023-03-24,8005871,8001865,8,16,52
2023-03-24,8005871,8003562,12,22,56
2023-03-24,8005871,8005871,28,76,71
2023-03-24,8005871,8006167,28,38,109
2023-03-24,8005876,8001971,1,15,2
2023-03-24,8005876,8002848,30,64,39
2023-03-24,8005876,8004331,23,49,56
2023-03-24,8005876,8005876,47,125,34
2023-03-24,8005902,8003001,18,18,392
2023-03-24,8005902,8005644,17,19,769
2023-03-24,8005902,8005902,34,36,562
2023-03-24,8005911,8000393,1,1,60
2023-03-24,8005911,8001405,1,1,30
2023-03-24,8005911,8005911,2,2,45
2023-03-24,8006167,8001491,20,29,40
2023-03-24,8006167,8004552,0,1,0
2023-03-24,8006167,8005255,9,15,160
2023-03-24,8006167,8005871,15,38,47
2023-03-24,8006167,8006167,42,63,81
2023-03-24,8006167,8500329,0,38,0
2023-03-24,8006272,8000026,30,34,490
2023-03-24,8006272,8001671,1,1,150
2023-03-24,8006272,8002546,21,25,372
2023-03-24,8006272,8004124,3,8,49
2023-03-24,8006272,8006272,57,68,355
2023-03-24,8006321,8000182,1,1,30
2023-03-24,8006321,8004107,0,2,0
2023-03-24,8006321,8006321,2,3,40
2023-03-24,8006628,8003562,0,5,0
2023-03-24,8006628,8006628,5,10,60
2023-03-24,8006628,8070866,5,5,84
2023-03-24,8006629,8002365,19,29,53
2023-03-24,8006629,8002797,24,31,68
2023-03-24,8006629,8006629,44,60,54
2023-03-24,8006667,8000356,0,1,0
2023-03-24,8006667,8003857,1,1,60
2023-03-24,8006667,8006667,1,2,45
2023-03-24,8070866,8005764,4,5,96
2023-03-24,8070866,8006628,0,5,0
2023-03-24,8070866,8070866,4,10,42
2023-03-24,8079056,8000456,1,1,30
2023-03-24,8079056,8079056,1,1,60
2023-03-24,8079616,8000182,1,1,30
2023-03-24,8079616,8001059,0,2,0
2023-03-24,8079616,8005560,1,1,60
2023-03-24,8079616,8079616,1,4,22
2023-03-24,8089119,8004124,1,18,2
2023-03-24,8089119,8089119,0,14,0
2023-03-24,8089119,8700329,0,7,0
2023-03-25,8000077,8000077,48,77,146
2023-03-25,8000077,8000182,11,15,416
2023-03-25,8000077,8000366,31,37,118
2023-03-25,8000077,8001485,1,2,30
2023-03-25,8000077,8002214,9,11,125
2023-03-25,8000077,8003014,7,18,12
2023-03-25,8000182,8000077,9,14,45
2023-03-25,8000182,8000182,40,53,203
2023-03-25,8000182,8000880,10,16,379
2023-03-25,8000182,8002214,11,13,217
2023-03-25,8000182,8004111,8,9,127
2023-03-25,8000182,8006321,0,1,0
2023-03-25,8000333,8000333,29,35,267
2023-03-25,8000333,8000942,1,1,120
2023-03-25,8000333,8002621,15,17,192
2023-03-25,8000333,8003001,12,17,356
2023-03-25,8000366,8000077,22,36,212
2023-03-25,8000366,8000366,29,33,269
2023-03-25,8000366,8003854,0,2,0
2023-03-25,8000366,8005644,14,18,108
2023-03-25,8000393,8000393,1,1,30
2023-03-25,8000393,8005490,1,1,90
2023-03-25,8000412,8000412,33,53,228
2023-03-25,8000412,8001252,23,41,217
2023-03-25,8000412,8005037,23,26,232
2023-03-25,8000436,8000436,3,31,3
2023-03-25,8000436,8000544,5,16,9
2023-03-25,8000436,8005371,0,15,0
2023-03-25,8000463,8000463,20,37,44
2023-03-25,8000463,8001491,11,19,63
2023-03-25,8000463,8003586,6,18,18
2023-03-25,8000544,8000436,1,15,2
2023-03-25,8000544,8000544,7,31,8
2023-03-25,8000544,8001971,1,16,2
2023-03-25,8000596,8000596,40,54,253
2023-03-25,8000596,8000942,4,6,95
2023-03-25,8000596,8002235,8,10,474
2023-03-25,8000596,8003494,8,8,349
2023-03-25,8000596,8005037,20,28,246
2023-03-25,8000657,8000657,29,37,390
2023-03-25,8000657,8004124,16,18,552
2023-03-25,8000657,8005364,14,19,235
2023-03-25,8000718,8000718,57,69,411
2023-03-25,8000718,8001415,7,7,724
2023-03-25,8000718,8002727,29,35,206
2023-03-25,8000718,8004464,15,18,475
2023-03-25,8000718,8005317,9,9,810
2023-03-25,8000864,8000864,42,49,412
2023-03-25,8000864,8001671,6,6,205
2023-03-25,8000864,8004124,1,1,810
2023-03-25,8000864,8005068,12,19,242
2023-03-25,8000864,8005364,22,23,596
2023-03-25,8000932,8000932,17,36,49
2023-03-25,8000932,8005064,6,17,39
2023-03-25,8000932,8005497,8,19,47
2023-03-25,8000942,8000596,7,7,227
2023-03-25,8000942,8000942,16,21,133
2023-03-25,8000942,8002235,1,3,10
2023-03-25,8000942,8002621,6,7,154
2023-03-25,8000942,8005688,3,4,82
2023-03-25,8001059,8000880,1,1,120
2023-03-25,8001059,8001059,3,3,480
2023-03-25,8001059,8079616,2,2,675
2023-03-25,8001174,8001174,15,36,36
2023-03-25,8001174,8005255,8,19,44
2023-03-25,8001174,8005497,5,17,23
2023-03-25,8001262,8001262,32,38,306
2023-03-25,8001262,8002727,13,18,418
2023-03-25,8001262,8004124,15,20,189
2023-03-25,8001405,8001405,1,1,90
2023-03-25,8001405,8005911,1,1,90
2023-03-25,8001415,8000718,3,4,90
2023-03-25,8001415,8001415,55,70,259
2023-03-25,8001415,8001771,18,20,537
2023-03-25,8001415,8002067,1,1,30
2023-03-25,8001415,8002465,11,19,98
2023-03-25,8001415,8003398,15,17,141
2023-03-25,8001415,8005317,9,9,383
2023-03-25,8001482,8001482,2,3,30
2023-03-25,8001482,8001483,0,1,0
2023-03-25,8001482,8001485,0,2,0
2023-03-25,8001483,8001482,1,2,15
2023-03-25,8001483,8001483,0,3,0
2023-03-25,8001483,8003336,0,1,0
2023-03-25,8001485,8000077,0,2,0
2023-03-25,8001485,8001482,1,1,120
2023-03-25,8001485,8001485,1,4,22
2023-03-25,8001485,8003336,0,1,0
2023-03-25,8001491,8000463,9,18,18
2023-03-25,8001491,8001491,17,37,40
2023-03-25,8001491,8006167,8,19,51
2023-03-25,8001643,8001643,28,37,294
2023-03-25,8001643,8002069,15,18,450
2023-03-25,8001643,8005317,13,19,158
2023-03-25,8001671,8000864,6,6,655
2023-03-25,8001671,8001671,41,46,432
2023-03-25,8001671,8001715,16,18,370
2023-03-25,8001671,8002546,4,4,458
2023-03-25,8001671,8003098,16,18,582
2023-03-25,8001671,8004124,5,5,570
2023-03-25,8001715,8001671,18,18,512
2023-03-25,8001715,8001715,35,36,518
2023-03-25,8001715,8002546,17,18,607
2023-03-25,8001771,8000718,1,1,30
2023-03-25,8001771,8001415,11,16,219
2023-03-25,8001771,8001771,54,73,256
2023-03-25,8001771,8003398,9,19,118
2023-03-25,8001771,8005090,17,20,555
2023-03-25,8001771,8005836,15,17,116
2023-03-25,8001865,8001865,14,32,62
2023-03-25,8001865,8004552,1,2,15
2023-03-25,8001865,8005871,7,15,48
2023-03-25,8001865,8503424,5,16,64
2023-03-25,8001971,8000544,1,15,2
2023-03-25,8001971,8001971,1,31,1
2023-03-25,8001971,8005876,0,16,0
2023-03-25,8002067,8001415,1,1,240
2023-03-25,8002067,8002067,4,6,55
2023-03-25,8002067,8002071,1,3,10
2023-03-25,8002067,8005317,1,1,60
2023-03-25,8002068,8002068,41,123,14
2023-03-25,8002068,8002070,11,63,6
2023-03-25,8002068,8003293,11,60,10
2023-03-25,8002069,8001643,13,19,147
2023-03-25,8002069,8002069,26,37,293
2023-03-25,8002069,8002465,1,1,120
2023-03-25,8002071,8002067,0,1,0
2023-03-25,8002071,8002071,2,4,15
2023-03-25,8002071,8002465,2,3,30
2023-03-25,8002096,8000182,1,1,180
2023-03-25,8002096,8000933,4,9,23
2023-03-25,8002096,8002096,17,18,88
2023-03-25,8002096,8004111,7,8,75
2023-03-25,8002123,8000596,1,1,90
2023-03-25,8002123,8002123,30,40,122
2023-03-25,8002123,8003494,12,19,95
2023-03-25,8002214,8000077,11,13,194
2023-03-25,8002214,8000182,7,11,112
2023-03-25,8002214,8002214,19,24,162
2023-03-25,8002235,8000596,9,9,220
2023-03-25,8002235,8000942,4,5,72
2023-03-25,8002235,8002235,19,23,295
2023-03-25,8002235,8002621,6,7,716
2023-03-25,8002235,8004639,1,1,30
2023-03-25,8002337,8002337,1,1,90
2023-03-25,8002365,8000026,7,18,33
2023-03-25,8002365,8002365,24,37,62
2023-03-25,8002365,8006629,16,19,77
2023-03-25,8002465,8000718,0,1,0
2023-03-25,8002465,8001415,16,19,134
2023-03-25,8002465,8002069,1,1,270
2023-03-25,8002465,8002071,0,1,-30
2023-03-25,8002465,8002465,28,38,114
2023-03-25,8002546,8001671,6,6,615
2023-03-25,8002546,8001715,18,18,508
2023-03-25,8002546,8002546,44,46,558
2023-03-25,8002546,8006272,21,22,620
2023-03-25,8002621,8000333,15,18,352
2023-03-25,8002621,8000942,6,7,223
2023-03-25,8002621,8002235,7,8,188
2023-03-25,8002621,8002621,30,35,281
2023-03-25,8002621,8005688,0,2,0
2023-03-25,8002727,8000718,30,33,617
2023-03-25,8002727,8001262,17,20,207
2023-03-25,8002727,8002727,57,68,409
2023-03-25,8002727,8004124,10,15,234
2023-03-25,8002763,8002763,49,72,262
2023-03-25,8002763,8003233,21,36,146
2023-03-25,8002763,8003494,7,8,634
2023-03-25,8002763,8005101,22,28,291
2023-03-25,8002848,8002844,2,63,1
2023-03-25,8002848,8002848,22,123,5
2023-03-25,8002848,8005876,4,60,2
2023-03-25,8003001,8000333,18,18,243
2023-03-25,8003001,8003001,34,35,346
2023-03-25,8003001,8005902,17,17,425
2023-03-25,8003014,8000077,8,18,33
2023-03-25,8003014,8001480,5,18,10
2023-03-25,8003014,8003014,20,36,28
2023-03-25,8003098,8001671,13,19,287
2023-03-25,8003098,8003098,31,37,437
2023-03-25,8003098,8003325,18,18,600
2023-03-25,8003233,8002763,29,36,382
2023-03-25,8003233,8003233,50,72,265
2023-03-25,8003233,8005090,21,36,152
2023-03-25,8003293,8002068,24,63,17
2023-03-25,8003293,8002844,25,60,20
2023-03-25,8003293,8003293,54,123,19
2023-03-25,8003325,8003098,14,19,283
2023-03-25,8003325,8003325,31,37,424
2023-03-25,8003325,8005068,17,18,580
2023-03-25,8003336,8001483,0,2,0
2023-03-25,8003336,8003336,0,4,0
2023-03-25,8003336,8003339,0,2,0
2023-03-25,8003339,8003336,0,2,0
2023-03-25,8003339,8003339,0,4,0
2023-03-25,8003339,8003854,0,2,0
2023-03-25,8003374,8003374,21,36,107
2023-03-25,8003374,8005090,14,17,139
2023-03-25,8003374,8005836,6,19,76
2023-03-25,8003398,8001415,11,19,103
2023-03-25,8003398,8001771,15,17,139
2023-03-25,8003398,8003398,26,36,132
2023-03-25,8003401,8000496,4,15,32
2023-03-25,8003401,8003401,18,33,258
2023-03-25,8003401,8003404,1,1,1170
2023-03-25,8003404,8003401,1,1,210
2023-03-25,8003404,8003404,2,2,690
2023-03-25,8003404,8003416,1,1,1200
2023-03-25,8003416,8003404,1,1,240
2023-03-25,8003416,8003416,2,2,690
2023-03-25,8003416,8004997,1,1,1170
2023-03-25,8003494,8000596,7,7,617
2023-03-25,8003494,8002123,17,21,146
2023-03-25,8003494,8002763,4,6,215
2023-03-25,8003494,8003494,53,73,261
2023-03-25,8003494,8004683,16,29,145
2023-03-25,8003494,8005101,1,1,60
2023-03-25,8003562,8003562,7,30,26
2023-03-25,8003562,8004552,3,15,30
2023-03-25,8003562,8005871,5,15,24
2023-03-25,8003854,8000366,0,2,0
2023-03-25,8003854,8003339,0,2,0
2023-03-25,8003854,8003854,0,4,0
2023-03-25,8003857,8000366,1,1,150
2023-03-25,8003857,8003857,1,1,180
2023-03-25,8004107,8004107,1,2,675
2023-03-25,8004107,8006321,1,1,1350
2023-03-25,8004107,8079616,1,1,60
2023-03-25,8004111,8000182,7,8,109
2023-03-25,8004111,8002096,9,9,150
2023-03-25,8004111,8004111,15,17,108
2023-03-25,8004124,8000657,13,19,245
2023-03-25,8004124,8000718,1,1,870
2023-03-25,8004124,8000864,1,1,300
2023-03-25,8004124,8001262,16,18,425
2023-03-25,8004124,8001671,2,5,336
2023-03-25,8004124,8002727,15,15,854
2023-03-25,8004124,8003494,0,1,-210
2023-03-25,8004124,8004124,53,66,417
2023-03-25,8004124,8005364,4,5,228
2023-03-25,8004124,8006272,1,2,120
2023-03-25,8004124,8089119,2,20,6
2023-03-25,8004464,8000718,15,19,159
2023-03-25,8004464,8004464,31,37,313
2023-03-25,8004464,8005317,14,18,455
2023-03-25,8004552,8001865,2,2,60
2023-03-25,8004552,8003562,4,15,20
2023-03-25,8004552,8004552,2,3,60
2023-03-25,8004552,8005871,0,1,0
2023-03-25,8004639,8004639,1,1,30
2023-03-25,8004683,8003494,20,28,289
2023-03-25,8004683,8004683,38,57,209
2023-03-25,8004683,8005101,18,29,138
2023-03-25,8004997,8002683,1,1,1200
2023-03-25,8004997,8003416,1,1,210
2023-03-25,8004997,8004997,2,2,720
2023-03-25,8005037,8000412,17,28,243
2023-03-25,8005037,8000596,17,26,211
2023-03-25,8005037,8005037,40,54,236
2023-03-25,8005068,8000864,18,18,582
2023-03-25,8005068,8003325,14,19,248
2023-03-25,8005068,8005068,31,37,405
2023-03-25,8005090,8001771,12,17,210
2023-03-25,8005090,8003233,31,36,382
2023-03-25,8005090,8003374,8,19,81
2023-03-25,8005090,8005090,52,72,259
2023-03-25,8005101,8002763,21,30,146
2023-03-25,8005101,8004683,20,28,273
2023-03-25,8005101,8005101,42,58,208
2023-03-25,8005255,8001174,6,17,19
2023-03-25,8005255,8004184,6,19,44
2023-03-25,8005255,8005064,9,15,52
2023-03-25,8005255,8005255,30,65,48
2023-03-25,8005255,8006167,10,14,88
2023-03-25,8005317,8000718,10,10,378
2023-03-25,8005317,8001415,6,6,965
2023-03-25,8005317,8001643,15,18,455
2023-03-25,8005317,8002067,2,2,345
2023-03-25,8005317,8002465,1,1,120
2023-03-25,8005317,8004464,12,19,164
2023-03-25,8005317,8005317,47,56,399
2023-03-25,8005364,8000657,16,18,557
2023-03-25,8005364,8000864,16,24,222
2023-03-25,8005364,8004124,5,5,786
2023-03-25,8005364,8005364,40,47,416
2023-03-25,8005371,8000436,9,16,21
2023-03-25,8005371,8005371,10,31,15
2023-03-25,8005371,8005502,0,15,0
2023-03-25,8005490,8005490,1,1,150
2023-03-25,8005490,8006667,1,1,180
2023-03-25,8005560,8004107,1,1,1320
2023-03-25,8005560,8005560,1,1,1290
2023-03-25,8005644,8000366,14,17,397
2023-03-25,8005644,8005644,31,35,284
2023-03-25,8005644,8005902,17,18,225
2023-03-25,8005688,8000942,1,2,15
2023-03-25,8005688,8002621,4,4,112
2023-03-25,8005688,8005688,4,6,60
2023-03-25,8005836,8001771,7,19,82
2023-03-25,8005836,8003374,13,17,136
2023-03-25,8005836,8005836,22,36,105
2023-03-25,8005871,8001865,7,15,78
2023-03-25,8005871,8003562,3,15,28
2023-03-25,8005871,8005871,17,61,42
2023-03-25,8005871,8006167,20,31,47
2023-03-25,8005876,8001971,3,15,6
2023-03-25,8005876,8002848,16,63,12
2023-03-25,8005876,8004331,10,45,11
2023-03-25,8005876,8005876,27,119,8
2023-03-25,8005902,8003001,18,18,272
2023-03-25,8005902,8005644,16,17,409
2023-03-25,8005902,8005902,33,35,321
2023-03-25,8005911,8000393,0,1,0
2023-03-25,8005911,8005911,1,1,60
2023-03-25,8006167,8001491,9,18,23
2023-03-25,8006167,8005255,12,14,54
2023-03-25,8006167,8005871,9,30,50
2023-03-25,8006167,8006167,33,58,50
2023-03-25,8006167,8500329,0,37,0
2023-03-25,8006272,8000026,23,24,604
2023-03-25,8006272,8002546,23,24,459
2023-03-25,8006272,8004124,3,3,660
2023-03-25,8006272,8006272,47,51,472
2023-03-25,8006321,8000182,1,1,1290
2023-03-25,8006321,8004107,0,1,0
2023-03-25,8006321,8006321,1,2,690
2023-03-25,8006629,8002365,9,18,43
2023-03-25,8006629,8002797,13,19,82
2023-03-25,8006629,8006629,21,37,58
2023-03-25,8006667,8003857,1,1,180
2023-03-25,8006667,8006667,1,1,180
2023-03-25,8079616,8000182,0,1,0
2023-03-25,8079616,8001059,1,1,120
2023-03-25,8079616,8005560,1,1,1290
2023-03-25,8079616,8079616,2,3,480
2023-03-25,8089119,8004124,0,18,-7
2023-03-25,8089119,8089119,0,12,0
2023-03-25,8089119,8700329,0,6,0
2023-03-26,8000077,8000077,52,69,181
2023-03-26,8000077,8000182,10,14,304
2023-03-26,8000077,8000366,28,33,125
2023-03-26,8000077,8001485,1,2,1560
2023-03-26,8000077,8002214,9,11,147
2023-03-26,8000077,8003014,10,15,34
2023-03-26,8000182,8000077,8,14,92
2023-03-26,8000182,8000182,37,50,262
2023-03-26,8000182,8000880,9,16,218
2023-03-26,8000182,8002214,9,11,584
2023-03-26,8000182,8004111,7,8,172
2023-03-26,8000182,8006321,1,1,30
2023-03-26,8000333,8000333,26,33,210
2023-03-26,8000333,8002621,14,16,279
2023-03-26,8000333,8003001,11,17,210
2023-03-26,8000356,8000356,1,1,30
2023-03-26,8000356,8005490,1,1,30
2023-03-26,8000366,8000077,24,34,161
2023-03-26,8000366,8000366,26,31,216
2023-03-26,8000366,8003857,1,1,60
2023-03-26,8000366,8005644,12,16,146
2023-03-26,8000393,8000393,1,1,30
2023-03-26,8000393,8005911,1,1,60
2023-03-26,8000412,8000412,29,45,121
2023-03-26,8000412,8001252,19,35,129
2023-03-26,8000412,8005037,18,27,69
2023-03-26,8000436,8000436,11,26,21
2023-03-26,8000436,8000544,9,14,19
2023-03-26,8000436,8005371,0,12,0
2023-03-26,8000463,8000463,11,33,35
2023-03-26,8000463,8001491,4,17,58
2023-03-26,8000463,8003586,4,16,8
2023-03-26,8000544,8000436,0,12,0
2023-03-26,8000544,8000544,2,26,2
2023-03-26,8000544,8001971,5,14,11
2023-03-26,8000596,8000366,1,1,60
2023-03-26,8000596,8000596,37,51,115
2023-03-26,8000596,8000942,6,6,135
2023-03-26,8000596,8002235,7,8,90
2023-03-26,8000596,8003494,5,8,56
2023-03-26,8000596,8005037,17,24,159
2023-03-26,8000657,8000657,27,33,305
2023-03-26,8000657,8004124,12,16,435
2023-03-26,8000657,8005364,14,17,192
2023-03-26,8000718,8000718,49,66,211
2023-03-26,8000718,8001415,5,8,94
2023-03-26,8000718,8002727,27,31,183
2023-03-26,8000718,8004464,14,17,418
2023-03-26,8000718,8005317,5,8,199
2023-03-26,8000864,8000864,41,46,288
2023-03-26,8000864,8001671,6,6,235
2023-03-26,8000864,8002123,1,1,690
2023-03-26,8000864,8004124,1,1,90
2023-03-26,8000864,8005068,14,17,196
2023-03-26,8000864,8005364,18,21,371
2023-03-26,8000932,8000932,16,33,57
2023-03-26,8000932,8005064,8,15,46
2023-03-26,8000932,8005497,3,18,63
2023-03-26,8000942,8000596,7,7,351
2023-03-26,8000942,8000942,17,18,225
2023-03-26,8000942,8002235,1,1,60
2023-03-26,8000942,8002621,7,7,180
2023-03-26,8000942,8005688,2,3,90
2023-03-26,8001059,8001059,2,2,75
2023-03-26,8001059,8079616,2,2,75
2023-03-26,8001174,8001174,8,33,44
2023-03-26,8001174,8005255,3,17,64
2023-03-26,8001174,8005497,3,15,18
2023-03-26,8001262,8001262,29,36,281
2023-03-26,8001262,8002727,13,18,350
2023-03-26,8001262,8004124,16,18,197
2023-03-26,8001405,8001405,1,1,30
2023-03-26,8001415,8000718,4,4,68
2023-03-26,8001415,8001415,52,67,213
2023-03-26,8001415,8001771,12,18,170
2023-03-26,8001415,8002067,1,1,690
2023-03-26,8001415,8002465,15,18,143
2023-03-26,8001415,8003398,14,17,394
2023-03-26,8001415,8005317,9,9,150
2023-03-26,8001482,8001482,1,1,3060
2023-03-26,8001482,8001483,1,1,3060
2023-03-26,8001483,8001483,1,1,3060
2023-03-26,8001483,8003336,1,1,3060
2023-03-26,8001485,8001482,1,1,3060
2023-03-26,8001485,8001485,1,2,1530
2023-03-26,8001485,8003336,0,1,0
2023-03-26,8001491,8000463,4,16,8
2023-03-26,8001491,8001491,11,33,36
2023-03-26,8001491,8006167,4,17,56
2023-03-26,8001643,8001643,27,34,261
2023-03-26,8001643,8002069,15,17,438
2023-03-26,8001643,8005317,12,17,101
2023-03-26,8001671,8000864,6,6,250
2023-03-26,8001671,8001671,38,45,281
2023-03-26,8001671,8001715,15,17,231
2023-03-26,8001671,8002546,5,5,396
2023-03-26,8001671,8003098,15,17,379
2023-03-26,8001671,8004124,3,5,72
2023-03-26,8001715,8001671,16,17,397
2023-03-26,8001715,8001715,33,34,379
2023-03-26,8001715,8002546,17,17,457
2023-03-26,8001771,8001415,12,16,148
2023-03-26,8001771,8001771,50,69,204
2023-03-26,8001771,8003398,11,18,112
2023-03-26,8001771,8005090,13,18,170
2023-03-26,8001771,8005836,13,17,397
2023-03-26,8001865,8001865,6,30,15
2023-03-26,8001865,8002365,1,1,60
2023-03-26,8001865,8005871,3,15,14
2023-03-26,8001865,8503424,2,15,8
2023-03-26,8001971,8000544,1,12,2
2023-03-26,8001971,8001971,8,26,12
2023-03-26,8001971,8005876,6,14,19
2023-03-26,8002067,8002067,3,4,180
2023-03-26,8002067,8002071,1,2,15
2023-03-26,8002067,8005317,1,1,570
2023-03-26,8002068,8002068,44,115,61
2023-03-26,8002068,8002070,41,60,56
2023-03-26,8002068,8003293,16,55,71
2023-03-26,8002069,8001643,12,17,85
2023-03-26,8002069,8002069,26,34,259
2023-03-26,8002069,8002465,1,1,240
2023-03-26,8002071,8002067,1,1,30
2023-03-26,8002071,8002071,0,3,0
2023-03-26,8002071,8002465,0,2,0
2023-03-26,8002096,8000182,1,1,420
2023-03-26,8002096,8000933,6,8,56
2023-03-26,8002096,8002096,15,16,441
2023-03-26,8002096,8004111,6,7,784
2023-03-26,8002123,8002123,29,37,266
2023-03-26,8002123,8003494,15,18,120
2023-03-26,8002214,8000077,9,11,565
2023-03-26,8002214,8000182,6,11,136
2023-03-26,8002214,8002214,16,22,353
2023-03-26,8002235,8000596,7,7,219
2023-03-26,8002235,8000942,4,4,105
2023-03-26,8002235,8002235,17,20,159
2023-03-26,8002235,8002621,7,7,133
2023-03-26,8002337,8002337,1,1,30
2023-03-26,8002365,8000026,7,16,36
2023-03-26,8002365,8002365,19,34,71
2023-03-26,8002365,8006629,12,17,97
2023-03-26,8002465,8000718,1,1,30
2023-03-26,8002465,8001415,16,18,363
2023-03-26,8002465,8002069,0,1,0
2023-03-26,8002465,8002071,0,1,0
2023-03-26,8002465,8002465,29,36,218
2023-03-26,8002546,8001671,6,6,225
2023-03-26,8002546,8001715,16,17,392
2023-03-26,8002546,8002546,43,45,401
2023-03-26,8002546,8006272,22,22,491
2023-03-26,8002621,8000333,13,17,109
2023-03-26,8002621,8000942,6,7,364
2023-03-26,8002621,8002235,8,8,229
2023-03-26,8002621,8002621,32,33,205
2023-03-26,8002621,8005688,1,1,30
2023-03-26,8002727,8000718,20,33,252
2023-03-26,8002727,8001262,15,17,219
2023-03-26,8002727,8002727,48,64,225
2023-03-26,8002727,8004124,11,14,176
2023-03-26,8002763,8002763,50,68,200
2023-03-26,8002763,8003233,26,34,114
2023-03-26,8002763,8003494,4,8,86
2023-03-26,8002763,8005101,19,26,343
2023-03-26,8002848,8002844,19,60,36
2023-03-26,8002848,8002848,43,115,36
2023-03-26,8002848,8005876,15,55,37
2023-03-26,8003001,8000333,16,16,326
2023-03-26,8003001,8003001,32,33,314
2023-03-26,8003001,8005902,16,17,284
2023-03-26,8003014,8000077,9,16,38
2023-03-26,8003014,8001480,7,15,28
2023-03-26,8003014,8003014,24,31,42
2023-03-26,8003098,8001671,13,17,196
2023-03-26,8003098,8003098,29,34,289
2023-03-26,8003098,8003325,14,17,385
2023-03-26,8003233,8002763,24,34,290
2023-03-26,8003233,8003233,50,68,199
2023-03-26,8003233,8005090,23,34,115
2023-03-26,8003293,8002068,26,60,52
2023-03-26,8003293,8002844,13,55,66
2023-03-26,8003293,8003293,42,115,55
2023-03-26,8003325,8003098,14,17,198
2023-03-26,8003325,8003325,28,34,294
2023-03-26,8003325,8005068,14,17,372
2023-03-26,8003336,8003336,1,2,1515
2023-03-26,8003336,8003339,1,2,1500
2023-03-26,8003339,8003339,1,2,1500
2023-03-26,8003339,8003854,1,2,1500
2023-03-26,8003374,8003374,27,35,251
2023-03-26,8003374,8005090,15,17,402
2023-03-26,8003374,8005836,12,18,98
2023-03-26,8003398,8001415,11,18,102
2023-03-26,8003398,8001771,14,17,390
2023-03-26,8003398,8003398,24,35,250
2023-03-26,8003401,8000496,4,15,64
2023-03-26,8003401,8003401,18,32,135
2023-03-26,8003401,8003404,1,1,30
2023-03-26,8003404,8003404,1,1,30
2023-03-26,8003404,8003416,1,1,30
2023-03-26,8003416,8003416,0,1,0
2023-03-26,8003416,8004997,1,1,30
2023-03-26,8003494,8000596,5,7,81
2023-03-26,8003494,8002123,14,18,393
2023-03-26,8003494,8002757,1,1,300
2023-03-26,8003494,8002763,5,6,75
2023-03-26,8003494,8003494,52,69,204
2023-03-26,8003494,8004124,1,1,240
2023-03-26,8003494,8004683,17,26,98
2023-03-26,8003494,8005101,1,1,30
2023-03-26,8003562,8003562,4,29,22
2023-03-26,8003562,8004552,3,15,38
2023-03-26,8003562,8005871,1,14,2
2023-03-26,8003854,8000366,1,2,1380
2023-03-26,8003854,8003854,1,2,1500
2023-03-26,8003857,8003857,1,1,60
2023-03-26,8003857,8006667,1,1,30
2023-03-26,8004107,8004107,1,2,45
2023-03-26,8004107,8006321,1,1,60
2023-03-26,8004107,8079616,0,1,0
2023-03-26,8004111,8000182,7,8,716
2023-03-26,8004111,8002096,8,8,188
2023-03-26,8004111,8004111,14,16,429
2023-03-26,8004124,8000657,14,17,199
2023-03-26,8004124,8000718,1,1,210
2023-03-26,8004124,8000864,1,1,270
2023-03-26,8004124,8001262,12,18,350
2023-03-26,8004124,8001671,3,4,158
2023-03-26,8004124,8002727,9,15,140
2023-03-26,8004124,8004124,46,65,214
2023-03-26,8004124,8005364,5,5,258
2023-03-26,8004124,8006272,2,3,40
2023-03-26,8004124,8089119,6,20,54
2023-03-26,8004464,8000718,15,17,184
2023-03-26,8004464,8004464,29,34,307
2023-03-26,8004464,8005317,14,17,436
2023-03-26,8004552,8001865,1,2,135
2023-03-26,8004552,8003562,1,14,2
2023-03-26,8004552,8004552,1,1,360
2023-03-26,8004683,8003494,20,26,344
2023-03-26,8004683,8004683,36,52,220
2023-03-26,8004683,8005101,17,26,100
2023-03-26,8004997,8002683,1,1,30
2023-03-26,8004997,8004997,1,1,30
2023-03-26,8005037,8000412,15,25,156
2023-03-26,8005037,8000596,18,27,68
2023-03-26,8005037,8005037,35,52,112
2023-03-26,8005068,8000864,14,17,392
2023-03-26,8005068,8003325,14,17,199
2023-03-26,8005068,8005068,28,34,278
2023-03-26,8005090,8001771,12,16,124
2023-03-26,8005090,8003233,25,34,298
2023-03-26,8005090,8003374,12,18,102
2023-03-26,8005090,8005090,48,68,202
2023-03-26,8005101,8002763,22,28,116
2023-03-26,8005101,8004683,18,26,339
2023-03-26,8005101,8005101,40,54,221
2023-03-26,8005255,8001174,3,15,18
2023-03-26,8005255,8004184,3,17,64
2023-03-26,8005255,8005064,5,14,13
2023-03-26,8005255,8005255,16,60,33
2023-03-26,8005255,8006167,5,14,-15
2023-03-26,8005317,8000718,10,10,204
2023-03-26,8005317,8001415,5,6,300
2023-03-26,8005317,8001643,15,17,441
2023-03-26,8005317,8002067,1,1,30
2023-03-26,8005317,8002465,0,1,0
2023-03-26,8005317,8004464,14,17,132
2023-03-26,8005317,8005317,41,52,252
2023-03-26,8005364,8000657,13,16,422
2023-03-26,8005364,8000864,18,22,196
2023-03-26,8005364,8004124,4,5,174
2023-03-26,8005364,8005364,36,43,285
2023-03-26,8005371,8000436,11,14,34
2023-03-26,8005371,8005371,9,26,14
2023-03-26,8005371,8005502,0,12,0
2023-03-26,8005490,8000393,1,1,30
2023-03-26,8005490,8005490,1,1,30
2023-03-26,8005560,8004107,1,1,120
2023-03-26,8005560,8005560,1,1,60
2023-03-26,8005644,8000366,12,16,257
2023-03-26,8005644,8000880,0,1,0
2023-03-26,8005644,8005037,0,1,0
2023-03-26,8005644,8005644,29,33,231
2023-03-26,8005644,8005902,15,15,240
2023-03-26,8005688,8000942,1,1,30
2023-03-26,8005688,8002621,3,3,90
2023-03-26,8005688,8005688,3,4,68
2023-03-26,8005836,8001771,10,18,120
2023-03-26,8005836,8003374,13,17,408
2023-03-26,8005836,8005836,25,35,254
2023-03-26,8005871,8001865,3,14,13
2023-03-26,8005871,8003562,2,15,38
2023-03-26,8005871,8005871,11,58,17
2023-03-26,8005871,8006167,10,29,13
2023-03-26,8005876,8001971,5,12,22
2023-03-26,8005876,8002848,29,60,32
2023-03-26,8005876,8004331,14,33,70
2023-03-26,8005876,8005876,39,90,42
2023-03-26,8005902,8003001,16,16,300
2023-03-26,8005902,8005644,15,17,275
2023-03-26,8005902,8005902,30,33,252
2023-03-26,8005911,8001405,1,1,60
2023-03-26,8005911,8005911,1,1,60
2023-03-26,8006167,8001491,6,16,17
2023-03-26,8006167,8005255,12,13,35
2023-03-26,8006167,8005871,8,29,32
2023-03-26,8006167,8006167,24,56,19
2023-03-26,8006167,8500329,0,35,0
2023-03-26,8006272,8000026,23,24,458
2023-03-26,8006272,8002546,20,23,310
2023-03-26,8006272,8004124,3,3,70
2023-03-26,8006272,8006272,47,51,339
2023-03-26,8006321,8000182,0,1,-30
2023-03-26,8006321,8004107,1,1,30
2023-03-26,8006321,8006321,2,2,75
2023-03-26,8006629,8002365,6,16,32
2023-03-26,8006629,8002797,12,18,103
2023-03-26,8006629,8006629,18,34,63
2023-03-26,8006667,8000356,0,1,0
2023-03-26,8006667,8006667,0,1,0
2023-03-26,8079616,8000182,0,1,0
2023-03-26,8079616,8005560,1,1,60
2023-03-26,8079616,8079616,1,3,40
2023-03-26,8089119,8004124,0,17,-2
2023-03-26,8089119,8089119,0,12,0
2023-03-26,8089119,8700329,0,6,0
2023-03-27,8000077,8000077,0,81,0
2023-03-27,8000077,8000182,0,15,0
2023-03-27,8000077,8000366,0,38,0
2023-03-27,8000077,8001485,0,2,0
2023-03-27,8000077,8002214,0,16,0
2023-03-27,8000077,8003014,0,20,0
2023-03-27,8000182,8000077,0,14,0
2023-03-27,8000182,8000182,0,61,0
2023-03-27,8000182,8000880,0,16,0
2023-03-27,8000182,8002096,0,1,0
2023-03-27,8000182,8002214,0,16,0
2023-03-27,8000182,8004111,0,11,0
2023-03-27,8000182,8006321,0,2,0
2023-03-27,8000182,8079056,0,1,0
2023-03-27,8000333,8000333,0,36,0
2023-03-27,8000333,8000942,0,1,0
2023-03-27,8000333,8002621,0,17,0
2023-03-27,8000333,8003001,0,18,0
2023-03-27,8000356,8000356,0,1,0
2023-03-27,8000356,8005490,0,1,0
2023-03-27,8000366,8000077,0,39,0
2023-03-27,8000366,8000366,0,35,0
2023-03-27,8000366,8003854,0,2,0
2023-03-27,8000366,8003857,0,1,0
2023-03-27,8000366,8005644,0,19,0
2023-03-27,8000393,8000393,0,2,0
2023-03-27,8000393,8005490,0,1,0
2023-03-27,8000393,8005911,0,1,0
2023-03-27,8000412,8000412,0,52,0
2023-03-27,8000412,8001252,0,42,0
2023-03-27,8000412,8005037,0,26,0
2023-03-27,8000436,8000436,0,32,0
2023-03-27,8000436,8000544,0,17,0
2023-03-27,8000436,8005371,0,15,0
2023-03-27,8000456,8000456,0,1,0
2023-03-27,8000456,8004235,0,1,0
2023-03-27,8000463,8000463,0,57,0
2023-03-27,8000463,8001491,0,29,0
2023-03-27,8000463,8003586,0,28,0
2023-03-27,8000544,8000436,0,15,0
2023-03-27,8000544,8000544,0,32,0
2023-03-27,8000544,8001971,0,17,0
2023-03-27,8000596,8000596,0,55,0
2023-03-27,8000596,8000942,0,6,0
2023-03-27,8000596,8002235,0,10,0
2023-03-27,8000596,8003494,0,8,0
2023-03-27,8000596,8005037,0,28,0
2023-03-27,8000657,8000657,0,40,0
2023-03-27,8000657,8004124,0,18,0
2023-03-27,8000657,8005364,0,22,0
2023-03-27,8000718,8000718,0,86,0
2023-03-27,8000718,8001415,0,8,0
2023-03-27,8000718,8002727,0,44,0
2023-03-27,8000718,8004464,0,24,0
2023-03-27,8000718,8005317,0,10,0
2023-03-27,8000864,8000864,0,55,0
2023-03-27,8000864,8001671,0,8,0
2023-03-27,8000864,8004124,0,1,0
2023-03-27,8000864,8005068,0,22,0
2023-03-27,8000864,8005364,0,24,0
2023-03-27,8000932,8000932,0,56,0
2023-03-27,8000932,8005064,0,27,0
2023-03-27,8000932,8005497,0,29,0
2023-03-27,8000942,8000596,0,6,0
2023-03-27,8000942,8000942,0,21,0
2023-03-27,8000942,8002235,0,3,0
2023-03-27,8000942,8002621,0,7,0
2023-03-27,8000942,8005688,0,4,0
2023-03-27,8000965,8000965,0,1,0
2023-03-27,8000965,8002337,0,1,0
2023-03-27,8001059,8000880,0,2,0
2023-03-27,8001059,8001059,0,4,0
2023-03-27,8001059,8079616,0,2,0
2023-03-27,8001174,8001174,0,56,0
2023-03-27,8001174,8005255,0,29,0
2023-03-27,8001174,8005497,0,27,0
2023-03-27,8001262,8001262,0,54,0
2023-03-27,8001262,8002727,0,25,0
2023-03-27,8001262,8004124,0,29,0
2023-03-27,8001405,8001405,0,2,0
2023-03-27,8001405,8005911,0,1,0
2023-03-27,8001415,8000718,0,5,0
2023-03-27,8001415,8001415,10,81,35
2023-03-27,8001415,8001643,0,1,0
2023-03-27,8001415,8001771,1,22,7
2023-03-27,8001415,8002067,0,1,0
2023-03-27,8001415,8002465,6,23,53
2023-03-27,8001415,8003398,4,18,87
2023-03-27,8001415,8005317,0,9,0
2023-03-27,8001479,8000077,0,1,0
2023-03-27,8001479,8001479,0,1,0
2023-03-27,8001482,8001482,0,3,0
2023-03-27,8001482,8001483,0,1,0
2023-03-27,8001482,8001485,0,2,0
2023-03-27,8001483,8001482,0,2,0
2023-03-27,8001483,8001483,0,3,0
2023-03-27,8001483,8003336,0,1,0
2023-03-27,8001485,8000077,0,2,0
2023-03-27,8001485,8001482,0,1,0
2023-03-27,8001485,8001485,0,4,0
2023-03-27,8001485,8003336,0,1,0
2023-03-27,8001491,8000463,0,28,0
2023-03-27,8001491,8001491,0,58,0
2023-03-27,8001491,8006167,0,30,0
2023-03-27,8001643,8001643,0,50,0
2023-03-27,8001643,8002069,0,20,0
2023-03-27,8001643,8002465,0,1,0
2023-03-27,8001643,8005317,0,26,0
2023-03-27,8001671,8000864,0,7,0
2023-03-27,8001671,8001671,0,55,0
2023-03-27,8001671,8001715,0,23,0
2023-03-27,8001671,8002546,0,7,0
2023-03-27,8001671,8003098,0,18,0
2023-03-27,8001715,8001671,0,18,0
2023-03-27,8001715,8001715,0,41,0
2023-03-27,8001715,8002546,0,23,0
2023-03-27,8001771,8000718,0,1,0
2023-03-27,8001771,8001415,0,17,0
2023-03-27,8001771,8001771,11,80,36
2023-03-27,8001771,8003398,3,24,42
2023-03-27,8001771,8005090,1,20,8
2023-03-27,8001771,8005101,0,1,0
2023-03-27,8001771,8005836,5,18,82
2023-03-27,8001865,8001865,0,35,0
2023-03-27,8001865,8002373,0,1,0
2023-03-27,8001865,8004552,0,2,0
2023-03-27,8001865,8005871,0,15,0
2023-03-27,8001865,8503424,0,18,0
2023-03-27,8001971,8000544,0,15,0
2023-03-27,8001971,8001971,0,32,0
2023-03-27,8001971,8005876,0,17,0
2023-03-27,8002067,8001415,0,1,0
2023-03-27,8002067,8002067,0,9,0
2023-03-27,8002067,8002069,0,2,0
2023-03-27,8002067,8002071,0,3,0
2023-03-27,8002067,8005317,0,3,0
2023-03-27,8002068,8002068,0,182,0
2023-03-27,8002068,8002070,0,93,0
2023-03-27,8002068,8003293,0,89,0
2023-03-27,8002069,8001643,0,22,0
2023-03-27,8002069,8002069,0,42,0
2023-03-27,8002069,8002465,0,1,0
2023-03-27,8002071,8001643,0,1,0
2023-03-27,8002071,8002067,0,3,0
2023-03-27,8002071,8002071,0,7,0
2023-03-27,8002071,8002465,0,3,0
2023-03-27,8002096,8000182,0,2,0
2023-03-27,8002096,8000933,0,14,0
2023-03-27,8002096,8002096,0,25,0
2023-03-27,8002096,8004111,0,10,0
2023-03-27,8002123,8000596,0,2,0
2023-03-27,8002123,8002123,7,45,52
2023-03-27,8002123,8003494,5,22,56
2023-03-27,8002214,8000077,0,16,0
2023-03-27,8002214,8000182,0,15,0
2023-03-27,8002214,8002214,0,32,0
2023-03-27,8002214,8003066,0,1,0
2023-03-27,8002235,8000596,0,9,0
2023-03-27,8002235,8000942,0,4,0
2023-03-27,8002235,8002235,0,22,0
2023-03-27,8002235,8002621,0,7,0
2023-03-27,8002235,8004639,0,1,0
2023-03-27,8002337,8000880,0,1,0
2023-03-27,8002337,8002337,0,2,0
2023-03-27,8002365,8000026,0,28,0
2023-03-27,8002365,8002365,0,58,0
2023-03-27,8002365,8006629,0,30,0
2023-03-27,8002373,8001865,0,2,0
2023-03-27,8002373,8002373,0,3,0
2023-03-27,8002373,8004552,0,1,0
2023-03-27,8002465,8001415,5,21,79
2023-03-27,8002465,8002067,0,1,0
2023-03-27,8002465,8002069,0,2,0
2023-03-27,8002465,8002071,0,4,0
2023-03-27,8002465,8002465,10,44,61
2023-03-27,8002546,8001671,0,6,0
2023-03-27,8002546,8001715,0,18,0
2023-03-27,8002546,8002546,0,54,0
2023-03-27,8002546,8006272,0,30,0
2023-03-27,8002621,8000333,0,18,0
2023-03-27,8002621,8000942,0,7,0
2023-03-27,8002621,8002235,0,8,0
2023-03-27,8002621,8002621,0,35,0
2023-03-27,8002621,8005688,0,2,0
2023-03-27,8002727,8000718,0,41,0
2023-03-27,8002727,8001262,0,29,0
2023-03-27,8002727,8002727,0,85,0
2023-03-27,8002727,8004124,0,15,0
2023-03-27,8002763,8002763,8,77,34
2023-03-27,8002763,8003233,3,39,28
2023-03-27,8002763,8003494,0,8,0
2023-03-27,8002763,8005101,5,30,49
2023-03-27,8002848,8002844,0,64,0
2023-03-27,8002848,8002848,0,126,0
2023-03-27,8002848,8005876,0,62,0
2023-03-27,8003001,8000333,0,18,0
2023-03-27,8003001,8003001,0,36,0
2023-03-27,8003001,8005902,0,18,0
2023-03-27,8003014,8000077,0,19,0
2023-03-27,8003014,8001479,0,1,0
2023-03-27,8003014,8001480,0,20,0
2023-03-27,8003014,8003014,0,40,0
2023-03-27,8003066,8000182,0,1,0
2023-03-27,8003066,8003066,0,1,0
2023-03-27,8003098,8001671,0,22,0
2023-03-27,8003098,8003098,0,40,0
2023-03-27,8003098,8003325,0,18,0
2023-03-27,8003233,8002763,5,38,39
2023-03-27,8003233,8003233,8,77,34
2023-03-27,8003233,8005090,4,39,31
2023-03-27,8003293,8002068,0,93,0
2023-03-27,8003293,8002844,0,62,0
2023-03-27,8003293,8003293,0,127,0
2023-03-27,8003325,8003098,0,22,0
2023-03-27,8003325,8003325,0,40,0
2023-03-27,8003325,8005068,0,18,0
2023-03-27,8003336,8001483,0,2,0
2023-03-27,8003336,8003336,0,4,0
2023-03-27,8003336,8003339,0,2,0
2023-03-27,8003339,8003336,0,2,0
2023-03-27,8003339,8003339,0,4,0
2023-03-27,8003339,8003854,0,2,0
2023-03-27,8003374,8003374,9,40,70
2023-03-27,8003374,8005090,5,18,87
2023-03-27,8003374,8005836,3,22,50
2023-03-27,8003398,8001415,4,24,44
2023-03-27,8003398,8001771,5,18,88
2023-03-27,8003398,8003398,8,42,62
2023-03-27,8003401,8000496,0,16,0
2023-03-27,8003401,8003401,0,34,0
2023-03-27,8003401,8003404,0,1,0
2023-03-27,8003404,8003401,0,2,0
2023-03-27,8003404,8003404,0,3,0
2023-03-27,8003404,8003416,0,1,0
2023-03-27,8003416,8003404,0,2,0
2023-03-27,8003416,8003416,0,3,0
2023-03-27,8003416,8004997,0,1,0
2023-03-27,8003494,8000596,0,8,0
2023-03-27,8003494,8002123,3,23,47
2023-03-27,8003494,8002763,0,6,0
2023-03-27,8003494,8003494,8,80,29
2023-03-27,8003494,8004124,0,1,0
2023-03-27,8003494,8004683,3,32,34
2023-03-27,8003494,8005101,0,1,0
2023-03-27,8003562,8003562,0,43,0
2023-03-27,8003562,8004552,0,17,0
2023-03-27,8003562,8005871,0,21,0
2023-03-27,8003562,8006628,0,5,0
2023-03-27,8003854,8000366,0,2,0
2023-03-27,8003854,8003339,0,2,0
2023-03-27,8003854,8003854,0,4,0
2023-03-27,8003857,8000366,0,1,0
2023-03-27,8003857,8003857,0,2,0
2023-03-27,8003857,8006667,0,1,0
2023-03-27,8004107,8004107,0,3,0
2023-03-27,8004107,8006321,0,1,0
2023-03-27,8004107,8079616,0,2,0
2023-03-27,8004111,8000182,0,10,0
2023-03-27,8004111,8002096,0,12,0
2023-03-27,8004111,8004111,0,22,0
2023-03-27,8004124,8000657,0,22,0
2023-03-27,8004124,8000718,0,1,0
2023-03-27,8004124,8000864,0,1,0
2023-03-27,8004124,8001262,0,25,0
2023-03-27,8004124,8002727,0,16,0
2023-03-27,8004124,8003494,0,1,0
2023-03-27,8004124,8004124,0,80,0
2023-03-27,8004124,8005364,0,7,0
2023-03-27,8004124,8006272,0,8,0
2023-03-27,8004124,8089119,0,18,0
2023-03-27,8004235,8004235,0,1,0
2023-03-27,8004235,8005723,0,1,0
2023-03-27,8004464,8000718,0,26,0
2023-03-27,8004464,8004464,0,50,0
2023-03-27,8004464,8005317,0,24,0
2023-03-27,8004552,8001865,0,2,0
2023-03-27,8004552,8002373,0,2,0
2023-03-27,8004552,8003562,0,16,0
2023-03-27,8004552,8004552,0,5,0
2023-03-27,8004552,8005871,0,2,0
2023-03-27,8004639,8004639,0,1,0
2023-03-27,8004683,8003494,6,30,44
2023-03-27,8004683,8004683,10,62,40
2023-03-27,8004683,8005101,4,32,36
2023-03-27,8004997,8002683,0,1,0
2023-03-27,8004997,8003416,0,2,0
2023-03-27,8004997,8004997,0,3,0
2023-03-27,8005037,8000412,0,26,0
2023-03-27,8005037,8000596,0,27,0
2023-03-27,8005037,8001252,0,2,0
2023-03-27,8005037,8005037,0,55,0
2023-03-27,8005068,8000864,0,18,0
2023-03-27,8005068,8003325,0,22,0
2023-03-27,8005068,8005068,0,40,0
2023-03-27,8005090,8001771,0,19,0
2023-03-27,8005090,8003233,6,38,45
2023-03-27,8005090,8003374,5,22,52
2023-03-27,8005090,8005090,11,78,37
2023-03-27,8005101,8002763,3,33,33
2023-03-27,8005101,8003494,0,1,0
2023-03-27,8005101,8004683,4,30,44
2023-03-27,8005101,8005090,0,1,0
2023-03-27,8005101,8005101,8,65,38
2023-03-27,8005255,8001174,0,27,0
2023-03-27,8005255,8003586,0,1,0
2023-03-27,8005255,8004184,0,29,0
2023-03-27,8005255,8005064,0,16,0
2023-03-27,8005255,8005255,0,87,0
2023-03-27,8005255,8006167,0,14,0
2023-03-27,8005317,8000718,0,12,0
2023-03-27,8005317,8001415,0,8,0
2023-03-27,8005317,8001643,0,24,0
2023-03-27,8005317,8002067,0,2,0
2023-03-27,8005317,8004464,0,26,0
2023-03-27,8005317,8005317,0,72,0
2023-03-27,8005364,8000657,0,18,0
2023-03-27,8005364,8000864,0,29,0
2023-03-27,8005364,8004124,0,6,0
2023-03-27,8005364,8005364,0,53,0
2023-03-27,8005371,8000436,0,17,0
2023-03-27,8005371,8005371,0,32,0
2023-03-27,8005371,8005502,0,15,0
2023-03-27,8005490,8000393,0,1,0
2023-03-27,8005490,8005490,0,2,0
2023-03-27,8005490,8006667,0,1,0
2023-03-27,8005560,8004107,0,1,0
2023-03-27,8005560,8005560,0,1,0
2023-03-27,8005644,8000366,0,19,0
2023-03-27,8005644,8005644,0,38,0
2023-03-27,8005644,8005902,0,19,0
2023-03-27,8005688,8000942,0,2,0
2023-03-27,8005688,8002621,0,4,0
2023-03-27,8005688,8005688,0,6,0
2023-03-27,8005723,8004111,0,1,0
2023-03-27,8005723,8005723,0,1,0
2023-03-27,8005764,8070866,0,5,0
2023-03-27,8005836,8001771,5,22,53
2023-03-27,8005836,8003374,5,18,88
2023-03-27,8005836,8005836,8,40,64
2023-03-27,8005871,8001865,0,16,0
2023-03-27,8005871,8003562,0,22,0
2023-03-27,8005871,8005871,0,76,0
2023-03-27,8005871,8006167,0,38,0
2023-03-27,8005876,8001971,0,15,0
2023-03-27,8005876,8002848,0,64,0
2023-03-27,8005876,8004331,0,48,0
2023-03-27,8005876,8005876,0,124,0
2023-03-27,8005902,8003001,0,18,0
2023-03-27,8005902,8005644,0,19,0
2023-03-27,8005902,8005902,0,36,0
2023-03-27,8005911,8000393,0,1,0
2023-03-27,8005911,8001405,0,1,0
2023-03-27,8005911,8005911,0,2,0
2023-03-27,8006167,8001491,0,28,0
2023-03-27,8006167,8004552,0,1,0
2023-03-27,8006167,8005255,0,15,0
2023-03-27,8006167,8005871,0,38,0
2023-03-27,8006167,8006167,0,63,0
2023-03-27,8006167,8500329,0,38,0
2023-03-27,8006272,8000026,0,38,0
2023-03-27,8006272,8001671,0,1,0
2023-03-27,8006272,8002546,0,24,0
2023-03-27,8006272,8004124,0,9,0
2023-03-27,8006272,8006272,0,72,0
2023-03-27,8006321,8000182,0,1,0
2023-03-27,8006321,8004107,0,2,0
2023-03-27,8006321,8006321,0,3,0
2023-03-27,8006628,8003562,0,5,0
2023-03-27,8006628,8006628,0,10,0
2023-03-27,8006628,8070866,0,5,0
2023-03-27,8006629,8002365,0,28,0
2023-03-27,8006629,8002797,0,30,0
2023-03-27,8006629,8006629,0,58,0
2023-03-27,8006667,8000356,0,1,0
2023-03-27,8006667,8003857,0,1,0
2023-03-27,8006667,8006667,0,2,0
2023-03-27,8070866,8005764,0,5,0
2023-03-27,8070866,8006628,0,5,0
2023-03-27,8070866,8070866,0,10,0
2023-03-27,8079056,8000456,0,1,0
2023-03-27,8079056,8079056,0,1,0
2023-03-27,8079616,8000182,0,1,0
2023-03-27,8079616,8001059,0,2,0
2023-03-27,8079616,8005560,0,1,0
2023-03-27,8079616,8079616,0,4,0
2023-03-27,8089119,8004124,0,18,0
2023-03-27,8089119,8089119,0,14,0
2023-03-27,8089119,8700329,0,7,0
2023-03-28,8000077,8000077,62,81,175
2023-03-28,8000077,8000182,10,15,282
2023-03-28,8000077,8000366,35,38,201
2023-03-28,8000077,8001485,1,2,30
2023-03-28,8000077,8002214,8,16,81
2023-03-28,8000077,8003014,15,20,76
2023-03-28,8000182,8000077,11,14,279
2023-03-28,8000182,8000182,44,61,197
2023-03-28,8000182,8000880,9,16,264
2023-03-28,8000182,8002096,1,1,60
2023-03-28,8000182,8002214,12,16,142
2023-03-28,8000182,8004111,10,11,90
2023-03-28,8000182,8006321,2,2,150
2023-03-28,8000182,8079056,1,1,120
2023-03-28,8000333,8000333,31,36,348
2023-03-28,8000333,8000942,1,1,240
2023-03-28,8000333,8002621,16,17,376
2023-03-28,8000333,8003001,13,18,313
2023-03-28,8000356,8000356,0,1,0
2023-03-28,8000356,8005490,0,1,0
2023-03-28,8000366,8000077,28,39,176
2023-03-28,8000366,8000366,32,35,274
2023-03-28,8000366,8003854,1,2,30
2023-03-28,8000366,8003857,0,1,0
2023-03-28,8000366,8005644,14,19,287
2023-03-28,8000393,8000393,1,2,90
2023-03-28,8000393,8005490,1,1,210
2023-03-28,8000393,8005911,0,1,0
2023-03-28,8000412,8000412,38,55,290
2023-03-28,8000412,8001252,35,45,228
2023-03-28,8000412,8005037,23,27,362
2023-03-28,8000436,8000436,2,32,2
2023-03-28,8000436,8000544,3,17,5
2023-03-28,8000436,8005371,0,15,0
2023-03-28,8000456,8000456,1,1,30
2023-03-28,8000456,8004235,1,1,60
2023-03-28,8000463,8000463,29,58,43
2023-03-28,8000463,8001491,12,30,58
2023-03-28,8000463,8003586,14,28,25
2023-03-28,8000544,8000436,2,15,4
2023-03-28,8000544,8000544,6,32,8
2023-03-28,8000544,8001971,1,17,4
2023-03-28,8000596,8000596,42,55,295
2023-03-28,8000596,8000942,5,6,135
2023-03-28,8000596,8002235,6,10,135
2023-03-28,8000596,8003494,6,8,581
2023-03-28,8000596,8005037,24,28,236
2023-03-28,8000657,8000657,27,41,120
2023-03-28,8000657,8004124,11,19,90
2023-03-28,8000657,8005364,15,22,149
2023-03-28,8000718,8000718,52,87,144
2023-03-28,8000718,8001415,7,8,105
2023-03-28,8000718,8002727,31,44,211
2023-03-28,8000718,8004464,16,25,104
2023-03-28,8000718,8005317,7,10,159
2023-03-28,8000864,8000864,38,56,164
2023-03-28,8000864,8001671,5,8,330
2023-03-28,8000864,8004124,1,1,660
2023-03-28,8000864,8005068,14,22,149
2023-03-28,8000864,8005364,17,25,112
2023-03-28,8000932,8000932,33,56,57
2023-03-28,8000932,8005064,14,27,39
2023-03-28,8000932,8005497,13,29,63
2023-03-28,8000942,8000596,6,6,715
2023-03-28,8000942,8000942,21,21,497
2023-03-28,8000942,8002235,3,3,200
2023-03-28,8000942,8002621,7,7,210
2023-03-28,8000942,8005688,4,4,960
2023-03-28,8000965,8000965,1,1,3300
2023-03-28,8000965,8002337,1,1,3300
2023-03-28,8001059,8000880,1,2,15
2023-03-28,8001059,8001059,2,4,22
2023-03-28,8001059,8079616,1,2,15
2023-03-28,8001174,8001174,27,56,47
2023-03-28,8001174,8005255,11,29,56
2023-03-28,8001174,8005497,11,27,30
2023-03-28,8001262,8001262,34,55,122
2023-03-28,8001262,8002727,15,26,88
2023-03-28,8001262,8004124,19,29,146
2023-03-28,8001405,8001405,2,2,180
2023-03-28,8001405,8005911,1,1,270
2023-03-28,8001415,8000718,5,5,372
2023-03-28,8001415,8001415,56,80,184
2023-03-28,8001415,8001643,0,1,0
2023-03-28,8001415,8001771,14,22,87
2023-03-28,8001415,8002067,1,1,1170
2023-03-28,8001415,8002465,15,23,97
2023-03-28,8001415,8003398,15,18,123
2023-03-28,8001415,8005317,9,9,217
2023-03-28,8001479,8000077,1,1,150
2023-03-28,8001479,8001479,1,1,120
2023-03-28,8001482,8001482,2,3,60
2023-03-28,8001482,8001483,0,1,0
2023-03-28,8001482,8001485,1,2,60
2023-03-28,8001483,8001482,1,2,60
2023-03-28,8001483,8001483,1,3,40
2023-03-28,8001483,8003336,0,1,0
2023-03-28,8001485,8000077,1,2,90
2023-03-28,8001485,8001482,1,1,60
2023-03-28,8001485,8001485,3,4,60
2023-03-28,8001485,8003336,1,1,30
2023-03-28,8001491,8000463,14,28,22
2023-03-28,8001491,8001491,32,58,42
2023-03-28,8001491,8006167,18,30,124
2023-03-28,8001643,8001643,30,51,111
2023-03-28,8001643,8002069,12,21,96
2023-03-28,8001643,8002465,0,1,0
2023-03-28,8001643,8005317,16,26,106
2023-03-28,8001671,8000864,5,7,210
2023-03-28,8001671,8001671,36,56,149
2023-03-28,8001671,8001715,16,23,115
2023-03-28,8001671,8002546,6,7,377
2023-03-28,8001671,8003098,11,19,88
2023-03-28,8001715,8001671,11,19,88
2023-03-28,8001715,8001715,28,42,109
2023-03-28,8001715,8002546,13,23,128
2023-03-28,8001771,8000718,1,1,30
2023-03-28,8001771,8001415,12,16,527
2023-03-28,8001771,8001771,54,79,189
2023-03-28,8001771,8003398,14,24,108
2023-03-28,8001771,8005090,11,20,116
2023-03-28,8001771,8005101,1,1,30
2023-03-28,8001771,8005836,12,18,125
2023-03-28,8001865,8001865,19,35,157
2023-03-28,8001865,8002373,0,1,0
2023-03-28,8001865,8004552,0,2,0
2023-03-28,8001865,8005871,3,15,80
2023-03-28,8001865,8503424,8,18,208
2023-03-28,8001971,8000544,3,15,6
2023-03-28,8001971,8001971,2,32,2
2023-03-28,8001971,8005876,0,17,0
2023-03-28,8002067,8001415,1,1,360
2023-03-28,8002067,8002067,6,9,223
2023-03-28,8002067,8002069,2,2,150
2023-03-28,8002067,8002071,2,3,60
2023-03-28,8002067,8005317,2,3,360
2023-03-28,8002068,8002068,113,182,54
2023-03-28,8002068,8002070,39,93,34
2023-03-28,8002068,8003293,48,89,65
2023-03-28,8002069,8001643,16,22,101
2023-03-28,8002069,8002069,27,43,93
2023-03-28,8002069,8002465,1,1,270
2023-03-28,8002071,8001643,1,1,60
2023-03-28,8002071,8002067,2,3,40
2023-03-28,8002071,8002071,5,7,60
2023-03-28,8002071,8002465,2,3,70
2023-03-28,8002096,8000182,2,2,75
2023-03-28,8002096,8000933,10,14,178
2023-03-28,8002096,8002096,23,25,80
2023-03-28,8002096,8004111,7,10,72
2023-03-28,8002123,8000596,2,2,270
2023-03-28,8002123,8002123,30,45,137
2023-03-28,8002123,8003494,13,22,74
2023-03-28,8002214,8000077,10,16,111
2023-03-28,8002214,8000182,10,15,86
2023-03-28,8002214,8002214,21,32,100
2023-03-28,8002214,8003066,1,1,30
2023-03-28,8002235,8000596,9,9,153
2023-03-28,8002235,8000942,4,4,158
2023-03-28,8002235,8002235,20,22,157
2023-03-28,8002235,8002621,7,7,167
2023-03-28,8002235,8004639,1,1,150
2023-03-28,8002337,8000880,1,1,1620
2023-03-28,8002337,8002337,2,2,1665
2023-03-28,8002365,8000026,10,28,93
2023-03-28,8002365,8002365,33,58,122
2023-03-28,8002365,8006629,23,30,89
2023-03-28,8002373,8001865,1,2,0
2023-03-28,8002373,8002373,1,3,10
2023-03-28,8002373,8004552,0,1,0
2023-03-28,8002465,8001415,15,21,93
2023-03-28,8002465,8002067,1,1,180
2023-03-28,8002465,8002069,1,2,30
2023-03-28,8002465,8002071,3,4,45
2023-03-28,8002465,8002465,32,44,93
2023-03-28,8002546,8001671,6,6,245
2023-03-28,8002546,8001715,11,19,87
2023-03-28,8002546,8002546,34,55,152
2023-03-28,8002546,8006272,18,30,206
2023-03-28,8002621,8000333,15,18,340
2023-03-28,8002621,8000942,7,7,660
2023-03-28,8002621,8002235,7,8,161
2023-03-28,8002621,8002621,33,35,368
2023-03-28,8002621,8005688,2,2,210
2023-03-28,8002727,8000718,22,42,92
2023-03-28,8002727,8001262,19,29,151
2023-03-28,8002727,8002727,57,86,159
2023-03-28,8002727,8004124,10,15,358
2023-03-28,8002763,8002763,52,77,221
2023-03-28,8002763,8003233,27,39,256
2023-03-28,8002763,8003494,6,8,499
2023-03-28,8002763,8005101,20,30,187
2023-03-28,8002848,8002844,14,64,37
2023-03-28,8002848,8002848,66,126,59
2023-03-28,8002848,8005876,23,62,70
2023-03-28,8003001,8000333,18,18,437
2023-03-28,8003001,8003001,36,36,414
2023-03-28,8003001,8005902,18,18,368
2023-03-28,8003014,8000077,13,19,81
2023-03-28,8003014,8001479,1,1,120
2023-03-28,8003014,8001480,17,20,86
2023-03-28,8003014,8003014,33,40,86
2023-03-28,8003066,8000182,1,1,60
2023-03-28,8003066,8003066,1,1,30
2023-03-28,8003098,8001671,14,22,134
2023-03-28,8003098,8003098,26,41,121
2023-03-28,8003098,8003325,12,19,96
2023-03-28,8003233,8002763,28,38,163
2023-03-28,8003233,8003233,54,77,207
2023-03-28,8003233,8005090,26,39,265
2023-03-28,8003293,8002068,70,93,43
2023-03-28,8003293,8002844,35,62,75
2023-03-28,8003293,8003293,82,127,60
2023-03-28,8003325,8003098,14,22,143
2023-03-28,8003325,8003325,25,41,116
2023-03-28,8003325,8005068,11,19,84
2023-03-28,8003336,8001483,1,2,60
2023-03-28,8003336,8003336,2,4,15
2023-03-28,8003336,8003339,1,2,30
2023-03-28,8003339,8003336,0,2,0
2023-03-28,8003339,8003339,2,4,15
2023-03-28,8003339,8003854,0,2,0
2023-03-28,8003374,8003374,27,40,124
2023-03-28,8003374,8005090,13,18,142
2023-03-28,8003374,8005836,14,22,102
2023-03-28,8003398,8001415,14,24,94
2023-03-28,8003398,8001771,15,18,128
2023-03-28,8003398,8003398,29,42,116
2023-03-28,8003401,8000496,5,15,110
2023-03-28,8003401,8003401,15,33,198
2023-03-28,8003401,8003404,0,1,0
2023-03-28,8003404,8003401,0,2,0
2023-03-28,8003404,8003404,1,3,10
2023-03-28,8003404,8003416,0,1,0
2023-03-28,8003416,8003404,1,2,30
2023-03-28,8003416,8003416,1,3,20
2023-03-28,8003416,8004997,0,1,0
2023-03-28,8003494,8000596,8,8,480
2023-03-28,8003494,8002123,17,23,202
2023-03-28,8003494,8002763,3,6,110
2023-03-28,8003494,8003494,62,80,279
2023-03-28,8003494,8004124,1,1,150
2023-03-28,8003494,8004683,23,32,250
2023-03-28,8003494,8005101,1,1,30
2023-03-28,8003562,8003562,18,43,31
2023-03-28,8003562,8004552,12,17,46
2023-03-28,8003562,8005871,6,21,17
2023-03-28,8003562,8006628,5,5,66
2023-03-28,8003854,8000366,1,2,75
2023-03-28,8003854,8003339,1,2,15
2023-03-28,8003854,8003854,2,4,30
2023-03-28,8003857,8000366,1,1,360
2023-03-28,8003857,8003857,1,2,150
2023-03-28,8003857,8006667,0,1,0
2023-03-28,8004107,8004107,1,3,160
2023-03-28,8004107,8006321,0,1,0
2023-03-28,8004107,8079616,1,2,135
2023-03-28,8004111,8000182,9,10,111
2023-03-28,8004111,8002096,11,12,112
2023-03-28,8004111,8004111,20,22,93
2023-03-28,8004124,8000657,16,22,155
2023-03-28,8004124,8000718,1,1,90
2023-03-28,8004124,8000864,1,1,480
2023-03-28,8004124,8001262,15,26,88
2023-03-28,8004124,8002727,9,16,122
2023-03-28,8004124,8003494,1,1,600
2023-03-28,8004124,8004124,52,81,164
2023-03-28,8004124,8005364,4,7,309
2023-03-28,8004124,8006272,6,8,221
2023-03-28,8004124,8089119,4,18,82
2023-03-28,8004235,8004235,1,1,60
2023-03-28,8004235,8005723,1,1,60
2023-03-28,8004464,8000718,18,26,112
2023-03-28,8004464,8004464,34,51,119
2023-03-28,8004464,8005317,15,25,125
2023-03-28,8004552,8001865,1,2,30
2023-03-28,8004552,8002373,1,2,15
2023-03-28,8004552,8003562,2,16,8
2023-03-28,8004552,8004552,2,5,12
2023-03-28,8004552,8005871,0,2,0
2023-03-28,8004639,8004639,1,1,90
2023-03-28,8004683,8003494,24,30,201
2023-03-28,8004683,8004683,45,62,229
2023-03-28,8004683,8005101,21,32,262
2023-03-28,8004997,8002683,0,1,0
2023-03-28,8004997,8003416,1,2,30
2023-03-28,8004997,8004997,1,3,20
2023-03-28,8005037,8000412,20,28,232
2023-03-28,8005037,8000596,17,27,344
2023-03-28,8005037,8005037,44,55,293
2023-03-28,8005068,8000864,11,19,87
2023-03-28,8005068,8003325,15,22,145
2023-03-28,8005068,8005068,25,41,116
2023-03-28,8005090,8001771,14,18,440
2023-03-28,8005090,8003233,28,38,147
2023-03-28,8005090,8003374,13,22,112
2023-03-28,8005090,8005090,54,78,198
2023-03-28,8005101,8002763,20,33,256
2023-03-28,8005101,8003494,1,1,90
2023-03-28,8005101,8004683,21,30,185
2023-03-28,8005101,8005090,0,1,0
2023-03-28,8005101,8005101,42,65,212
2023-03-28,8005255,8001174,11,27,28
2023-03-28,8005255,8003586,0,1,0
2023-03-28,8005255,8004184,13,29,57
2023-03-28,8005255,8005064,4,16,52
2023-03-28,8005255,8005255,39,87,47
2023-03-28,8005255,8006167,10,14,49
2023-03-28,8005317,8000718,9,12,285
2023-03-28,8005317,8001415,6,8,79
2023-03-28,8005317,8001643,17,25,131
2023-03-28,8005317,8002067,2,2,360
2023-03-28,8005317,8004464,18,26,107
2023-03-28,8005317,8005317,51,73,151
2023-03-28,8005364,8000657,11,19,88
2023-03-28,8005364,8000864,20,29,175
2023-03-28,8005364,8004124,5,6,175
2023-03-28,8005364,8005364,38,54,152
2023-03-28,8005371,8000436,7,17,14
2023-03-28,8005371,8005371,6,32,11
2023-03-28,8005371,8005502,0,15,0
2023-03-28,8005490,8000393,0,1,0
2023-03-28,8005490,8005490,1,2,120
2023-03-28,8005490,8006667,1,1,240
2023-03-28,8005560,8004107,0,1,0
2023-03-28,8005560,8005560,0,1,0
2023-03-28,8005644,8000366,14,19,339
2023-03-28,8005644,8005644,36,38,357
2023-03-28,8005644,8005902,18,19,425
2023-03-28,8005688,8000942,2,2,195
2023-03-28,8005688,8002621,4,4,982
2023-03-28,8005688,8005688,6,6,705
2023-03-28,8005723,8004111,1,1,30
2023-03-28,8005723,8005723,1,1,30
2023-03-28,8005764,8070866,0,5,0
2023-03-28,8005836,8001771,14,22,110
2023-03-28,8005836,8003374,13,18,142
2023-03-28,8005836,8005836,27,40,120
2023-03-28,8005871,8001865,14,16,272
2023-03-28,8005871,8003562,11,22,41
2023-03-28,8005871,8005871,38,76,93
2023-03-28,8005871,8006167,21,38,57
2023-03-28,8005876,8001971,1,15,2
2023-03-28,8005876,8002848,44,64,60
2023-03-28,8005876,8004331,29,48,99
2023-03-28,8005876,8005876,65,124,66
2023-03-28,8005902,8003001,18,18,457
2023-03-28,8005902,8005644,18,19,366
2023-03-28,8005902,8005902,35,36,406
2023-03-28,8005911,8000393,1,1,180
2023-03-28,8005911,8001405,1,1,120
2023-03-28,8005911,8005911,2,2,150
2023-03-28,8006167,8001491,15,28,19
2023-03-28,8006167,8004552,0,1,0
2023-03-28,8006167,8005255,8,15,68
2023-03-28,8006167,8005871,27,38,173
2023-03-28,8006167,8006167,38,63,66
2023-03-28,8006167,8500329,0,38,0
2023-03-28,8006272,8000026,29,38,240
2023-03-28,8006272,8001671,1,1,150
2023-03-28,8006272,8002546,17,25,78
2023-03-28,8006272,8004124,5,9,27
2023-03-28,8006272,8006272,46,73,145
2023-03-28,8006321,8000182,1,1,30
2023-03-28,8006321,8004107,1,2,240
2023-03-28,8006321,8006321,3,3,190
2023-03-28,8006628,8003562,2,5,24
2023-03-28,8006628,8006628,4,10,33
2023-03-28,8006628,8070866,4,5,54
2023-03-28,8006629,8002365,9,28,162
2023-03-28,8006629,8002797,22,30,98
2023-03-28,8006629,8006629,34,58,126
2023-03-28,8006667,8000356,0,1,0
2023-03-28,8006667,8003857,1,1,210
2023-03-28,8006667,8006667,1,2,105
2023-03-28,8070866,8005764,3,5,66
2023-03-28,8070866,8006628,0,5,0
2023-03-28,8070866,8070866,4,10,30
2023-03-28,8079056,8000456,1,1,30
2023-03-28,8079056,8079056,1,1,60
2023-03-28,8079616,8000182,1,1,90
2023-03-28,8079616,8001059,1,2,30
2023-03-28,8079616,8005560,0,1,0
2023-03-28,8079616,8079616,2,4,22
2023-03-28,8089119,8004124,2,18,3
2023-03-28,8089119,8089119,0,14,0
2023-03-28,8089119,8700329,0,7,0
2023-03-29,8000077,8000077,60,81,107
2023-03-29,8000077,8000182,14,15,198
2023-03-29,8000077,8000366,32,38,100
2023-03-29,8000077,8001485,2,2,75
2023-03-29,8000077,8002214,11,16,103
2023-03-29,8000077,8003014,12,20,36
2023-03-29,8000182,8000077,9,14,30
2023-03-29,8000182,8000182,47,61,103
2023-03-29,8000182,8000880,11,16,169
2023-03-29,8000182,8002096,1,1,30
2023-03-29,8000182,8002214,14,16,99
2023-03-29,8000182,8004111,8,11,82
2023-03-29,8000182,8006321,0,2,0
2023-03-29,8000182,8079056,1,1,120
2023-03-29,8000333,8000333,31,36,158
2023-03-29,8000333,8000942,1,1,180
2023-03-29,8000333,8002621,16,17,157
2023-03-29,8000333,8003001,16,18,168
2023-03-29,8000356,8000356,1,1,30
2023-03-29,8000356,8005490,1,1,30
2023-03-29,8000366,8000077,26,39,132
2023-03-29,8000366,8000366,32,35,153
2023-03-29,8000366,8003854,1,2,15
2023-03-29,8000366,8003857,0,1,0
2023-03-29,8000366,8005644,14,19,77
2023-03-29,8000393,8000393,2,2,60
2023-03-29,8000393,8005490,1,1,60
2023-03-29,8000393,8005911,1,1,90
2023-03-29,8000412,8000412,42,55,104
2023-03-29,8000412,8001252,35,45,105
2023-03-29,8000412,8005037,22,27,137
2023-03-29,8000436,8000436,7,32,14
2023-03-29,8000436,8000544,11,17,34
2023-03-29,8000436,8005371,1,15,2
2023-03-29,8000456,8000456,1,1,30
2023-03-29,8000456,8004235,1,1,60
2023-03-29,8000463,8000463,38,58,50
2023-03-29,8000463,8001491,17,30,61
2023-03-29,8000463,8003586,16,28,34
2023-03-29,8000544,8000436,3,15,6
2023-03-29,8000544,8000544,16,32,28
2023-03-29,8000544,8001971,7,17,23
2023-03-29,8000596,8000596,44,55,104
2023-03-29,8000596,8000942,6,6,145
2023-03-29,8000596,8002235,9,10,180
2023-03-29,8000596,8003494,8,8,86
2023-03-29,8000596,8005037,22,28,74
2023-03-29,8000657,8000657,28,41,144
2023-03-29,8000657,8004124,14,19,136
2023-03-29,8000657,8005364,14,22,149
2023-03-29,8000718,8000718,52,87,130
2023-03-29,8000718,8001415,4,8,22
2023-03-29,8000718,8002727,33,44,179
2023-03-29,8000718,8004464,17,25,131
2023-03-29,8000718,8005317,3,10,69
2023-03-29,8000864,8000864,38,56,147
2023-03-29,8000864,8001671,6,8,191
2023-03-29,8000864,8004124,0,1,0
2023-03-29,8000864,8005068,12,22,145
2023-03-29,8000864,8005364,19,25,137
2023-03-29,8000932,8000932,34,56,48
2023-03-29,8000932,8005064,15,27,39
2023-03-29,8000932,8005497,12,29,54
2023-03-29,8000942,8000596,6,6,115
2023-03-29,8000942,8000942,19,21,149
2023-03-29,8000942,8002235,1,3,50
2023-03-29,8000942,8002621,7,7,240
2023-03-29,8000942,8005688,4,4,128
2023-03-29,8000965,8000965,0,1,0
2023-03-29,8000965,8002337,0,1,-30
2023-03-29,8001059,8000880,0,2,0
2023-03-29,8001059,8001059,2,4,38
2023-03-29,8001059,8079616,2,2,75
2023-03-29,8001174,8001174,25,56,37
2023-03-29,8001174,8005255,11,29,46
2023-03-29,8001174,8005497,8,27,20
2023-03-29,8001262,8001262,36,55,115
2023-03-29,8001262,8002727,14,26,111
2023-03-29,8001262,8004124,19,29,113
2023-03-29,8001405,8001405,1,2,15
2023-03-29,8001405,8005911,0,1,0
2023-03-29,8001415,8000718,3,5,228
2023-03-29,8001415,8001415,55,80,125
2023-03-29,8001415,8001643,1,1,30
2023-03-29,8001415,8001771,10,22,64
2023-03-29,8001415,8002067,0,1,0
2023-03-29,8001415,8002465,12,23,112
2023-03-29,8001415,8003398,16,18,133
2023-03-29,8001415,8005317,9,9,310
2023-03-29,8001479,8000077,0,1,0
2023-03-29,8001479,8001479,0,1,0
2023-03-29,8001482,8001482,1,3,20
2023-03-29,8001482,8001483,1,1,30
2023-03-29,8001482,8001485,0,2,0
2023-03-29,8001483,8001482,0,2,0
2023-03-29,8001483,8001483,1,3,10
2023-03-29,8001483,8003336,0,1,0
2023-03-29,8001485,8000077,1,2,30
2023-03-29,8001485,8001482,1,1,120
2023-03-29,8001485,8001485,3,4,52
2023-03-29,8001485,8003336,1,1,60
2023-03-29,8001491,8000463,17,28,31
2023-03-29,8001491,8001491,33,58,43
2023-03-29,8001491,8006167,18,30,58
2023-03-29,8001643,8001643,34,51,96
2023-03-29,8001643,8002069,14,21,143
2023-03-29,8001643,8002465,1,1,30
2023-03-29,8001643,8005317,16,26,72
2023-03-29,8001671,8000864,4,7,107
2023-03-29,8001671,8001671,37,56,118
2023-03-29,8001671,8001715,13,23,133
2023-03-29,8001671,8002546,6,7,176
2023-03-29,8001671,8003098,17,19,118
2023-03-29,8001715,8001671,17,19,129
2023-03-29,8001715,8001715,30,42,156
2023-03-29,8001715,8002546,13,23,183
2023-03-29,8001771,8000718,1,1,30
2023-03-29,8001771,8001415,15,16,257
2023-03-29,8001771,8001771,52,79,136
2023-03-29,8001771,8003398,13,24,119
2023-03-29,8001771,8005090,12,20,100
2023-03-29,8001771,8005101,0,1,0
2023-03-29,8001771,8005836,13,18,127
2023-03-29,8001865,8001865,19,35,69
2023-03-29,8001865,8002373,1,1,30
2023-03-29,8001865,8004552,1,2,30
2023-03-29,8001865,8005871,4,15,70
2023-03-29,8001865,8503424,8,18,52
2023-03-29,8001971,8000544,4,15,16
2023-03-29,8001971,8001971,7,32,13
2023-03-29,8001971,8005876,3,17,11
2023-03-29,8002067,8001415,1,1,480
2023-03-29,8002067,8002067,5,9,123
2023-03-29,8002067,8002069,1,2,165
2023-03-29,8002067,8002071,3,3,100
2023-03-29,8002067,8005317,1,3,30
2023-03-29,8002068,8002068,106,182,52
2023-03-29,8002068,8002070,36,93,34
2023-03-29,8002068,8003293,38,89,54
2023-03-29,8002069,8001643,14,22,67
2023-03-29,8002069,8002069,25,43,99
2023-03-29,8002069,8002465,1,1,60
2023-03-29,8002071,8001643,1,1,30
2023-03-29,8002071,8002067,0,3,0
2023-03-29,8002071,8002071,3,7,43
2023-03-29,8002071,8002465,3,3,110
2023-03-29,8002096,8000182,2,2,105
2023-03-29,8002096,8000933,8,14,56
2023-03-29,8002096,8002096,21,25,90
2023-03-29,8002096,8004111,6,10,78
2023-03-29,8002123,8000596,2,2,45
2023-03-29,8002123,8002123,27,45,113
2023-03-29,8002123,8003494,15,22,65
2023-03-29,8002214,8000077,12,16,73
2023-03-29,8002214,8000182,8,15,76
2023-03-29,8002214,8002214,22,32,87
2023-03-29,8002214,8003066,1,1,120
2023-03-29,8002235,8000596,9,9,143
2023-03-29,8002235,8000942,5,5,156
2023-03-29,8002235,8002235,19,23,154
2023-03-29,8002235,8002621,7,7,214
2023-03-29,8002235,8004639,0,1,0
2023-03-29,8002337,8000880,1,1,30
2023-03-29,8002337,8002337,1,2,150
2023-03-29,8002365,8000026,9,28,43
2023-03-29,8002365,8002365,35,58,55
2023-03-29,8002365,8006629,25,30,69
2023-03-29,8002373,8001865,1,2,30
2023-03-29,8002373,8002373,2,3,50
2023-03-29,8002373,8004552,1,1,60
2023-03-29,8002465,8001415,16,21,96
2023-03-29,8002465,8002067,1,1,240
2023-03-29,8002465,8002069,2,2,165
2023-03-29,8002465,8002071,0,4,0
2023-03-29,8002465,8002465,29,44,102
2023-03-29,8002546,8001671,4,6,95
2023-03-29,8002546,8001715,16,19,139
2023-03-29,8002546,8002546,40,55,154
2023-03-29,8002546,8006272,22,30,194
2023-03-29,8002621,8000333,16,18,178
2023-03-29,8002621,8000942,7,7,133
2023-03-29,8002621,8002235,7,8,169
2023-03-29,8002621,8002621,34,35,180
2023-03-29,8002621,8005688,1,2,30
2023-03-29,8002727,8000718,18,42,88
2023-03-29,8002727,8001262,25,29,128
2023-03-29,8002727,8002727,58,86,137
2023-03-29,8002727,8004124,11,15,306
2023-03-29,8002763,8002763,51,77,117
2023-03-29,8002763,8003233,29,39,111
2023-03-29,8002763,8003494,5,8,116
2023-03-29,8002763,8005101,17,30,136
2023-03-29,8002848,8002844,6,64,28
2023-03-29,8002848,8002848,41,126,42
2023-03-29,8002848,8005876,8,62,35
2023-03-29,8003001,8000333,17,18,217
2023-03-29,8003001,8003001,35,36,235
2023-03-29,8003001,8005902,18,18,222
2023-03-29,8003014,8000077,13,19,111
2023-03-29,8003014,8001479,0,1,0
2023-03-29,8003014,8001480,9,20,76
2023-03-29,8003014,8003014,28,40,80
2023-03-29,8003066,8000182,1,1,120
2023-03-29,8003066,8003066,1,1,120
2023-03-29,8003098,8001671,11,22,113
2023-03-29,8003098,8003098,27,41,126
2023-03-29,8003098,8003325,16,19,128
2023-03-29,8003233,8002763,24,38,114
2023-03-29,8003233,8003233,50,77,109
2023-03-29,8003233,8005090,26,39,132
2023-03-29,8003293,8002068,53,93,42
2023-03-29,8003293,8002844,34,62,65
2023-03-29,8003293,8003293,72,127,56
2023-03-29,8003325,8003098,10,22,121
2023-03-29,8003325,8003325,29,41,126
2023-03-29,8003325,8005068,17,19,118
2023-03-29,8003336,8001483,1,2,15
2023-03-29,8003336,8003336,2,4,30
2023-03-29,8003336,8003339,1,2,60
2023-03-29,8003339,8003336,0,2,0
2023-03-29,8003339,8003339,1,4,22
2023-03-29,8003339,8003854,1,2,30
2023-03-29,8003374,8003374,26,40,108
2023-03-29,8003374,8005090,16,18,145
2023-03-29,8003374,8005836,9,22,71
2023-03-29,8003398,8001415,13,24,105
2023-03-29,8003398,8001771,15,18,135
2023-03-29,8003398,8003398,29,42,127
2023-03-29,8003401,8000496,5,15,48
2023-03-29,8003401,8003401,17,33,110
2023-03-29,8003401,8003404,1,1,90
2023-03-29,8003404,8003401,1,2,15
2023-03-29,8003404,8003404,1,3,30
2023-03-29,8003404,8003416,1,1,120
2023-03-29,8003416,8003404,1,2,15
2023-03-29,8003416,8003416,2,3,40
2023-03-29,8003416,8004997,1,1,90
2023-03-29,8003494,8000596,7,8,75
2023-03-29,8003494,8002123,13,23,164
2023-03-29,8003494,8002763,5,6,195
2023-03-29,8003494,8003494,48,80,118
2023-03-29,8003494,8004124,0,1,0
2023-03-29,8003494,8004683,22,32,78
2023-03-29,8003494,8005101,1,1,30
2023-03-29,8003562,8003562,22,43,68
2023-03-29,8003562,8004552,9,17,101
2023-03-29,8003562,8005871,8,21,31
2023-03-29,8003562,8006628,5,5,96
2023-03-29,8003854,8000366,1,2,75
2023-03-29,8003854,8003339,0,2,0
2023-03-29,8003854,8003854,1,4,30
2023-03-29,8003857,8000366,1,1,210
2023-03-29,8003857,8003857,1,2,75
2023-03-29,8003857,8006667,0,1,0
2023-03-29,8004107,8004107,0,3,0
2023-03-29,8004107,8006321,0,1,0
2023-03-29,8004107,8079616,0,2,0
2023-03-29,8004111,8000182,9,10,108
2023-03-29,8004111,8002096,10,12,108
2023-03-29,8004111,8004111,18,22,87
2023-03-29,8004124,8000657,13,22,155
2023-03-29,8004124,8000718,1,1,30
2023-03-29,8004124,8000864,1,1,420
2023-03-29,8004124,8001262,14,26,112
2023-03-29,8004124,8002727,6,16,47
2023-03-29,8004124,8003494,1,1,30
2023-03-29,8004124,8004124,48,81,134
2023-03-29,8004124,8005364,5,7,219
2023-03-29,8004124,8006272,7,8,255
2023-03-29,8004124,8089119,4,18,38
2023-03-29,8004235,8004235,1,1,60
2023-03-29,8004235,8005723,1,1,60
2023-03-29,8004464,8000718,18,26,88
2023-03-29,8004464,8004464,36,51,103
2023-03-29,8004464,8005317,17,25,124
2023-03-29,8004552,8001865,1,2,150
2023-03-29,8004552,8002373,1,2,60
2023-03-29,8004552,8003562,7,16,22
2023-03-29,8004552,8004552,4,5,66
2023-03-29,8004552,8005871,2,2,75
2023-03-29,8004639,8004639,0,1,0
2023-03-29,8004683,8003494,20,30,156
2023-03-29,8004683,8004683,43,62,121
2023-03-29,8004683,8005101,24,32,95
2023-03-29,8004997,8002683,1,1,120
2023-03-29,8004997,8003416,0,2,0
2023-03-29,8004997,8004997,2,3,50
2023-03-29,8005037,8000412,18,28,77
2023-03-29,8005037,8000596,21,27,120
2023-03-29,8005037,8005037,42,55,103
2023-03-29,8005068,8000864,16,19,128
2023-03-29,8005068,8003325,13,22,134
2023-03-29,8005068,8005068,29,41,127
2023-03-29,8005090,8001771,15,18,218
2023-03-29,8005090,8003233,25,38,116
2023-03-29,8005090,8003374,12,22,87
2023-03-29,8005090,8005090,53,78,129
2023-03-29,8005101,8002763,22,33,94
2023-03-29,8005101,8003494,0,1,0
2023-03-29,8005101,8004683,15,30,132
2023-03-29,8005101,8005090,0,1,0
2023-03-29,8005101,8005101,39,65,106
2023-03-29,8005255,8001174,12,27,17
2023-03-29,8005255,8003586,0,1,0
2023-03-29,8005255,8004184,13,29,48
2023-03-29,8005255,8005064,7,16,66
2023-03-29,8005255,8005255,40,87,43
2023-03-29,8005255,8006167,8,14,41
2023-03-29,8005317,8000718,11,12,285
2023-03-29,8005317,8001415,5,8,52
2023-03-29,8005317,8001643,18,25,131
2023-03-29,8005317,8002067,2,2,300
2023-03-29,8005317,8004464,16,26,74
2023-03-29,8005317,8005317,48,73,123
2023-03-29,8005364,8000657,14,19,137
2023-03-29,8005364,8000864,16,29,147
2023-03-29,8005364,8004124,4,6,130
2023-03-29,8005364,8005364,38,54,148
2023-03-29,8005371,8000436,10,17,37
2023-03-29,8005371,8005371,13,32,23
2023-03-29,8005371,8005502,1,15,4
2023-03-29,8005490,8000393,0,1,0
2023-03-29,8005490,8005490,1,2,30
2023-03-29,8005490,8006667,1,1,60
2023-03-29,8005560,8004107,0,1,0
2023-03-29,8005560,8005560,0,1,0
2023-03-29,8005644,8000366,16,19,185
2023-03-29,8005644,8005644,35,38,172
2023-03-29,8005644,8005902,17,19,205
2023-03-29,8005688,8000942,0,2,0
2023-03-29,8005688,8002621,4,4,165
2023-03-29,8005688,8005688,5,6,100
2023-03-29,8005723,8004111,1,1,30
2023-03-29,8005723,8005723,1,1,30
2023-03-29,8005764,8070866,0,5,0
2023-03-29,8005836,8001771,10,22,76
2023-03-29,8005836,8003374,15,18,138
2023-03-29,8005836,8005836,25,40,101
2023-03-29,8005871,8001865,14,16,92
2023-03-29,8005871,8003562,12,22,91
2023-03-29,8005871,8005871,42,76,73
2023-03-29,8005871,8006167,25,38,80
2023-03-29,8005876,8001971,4,15,12
2023-03-29,8005876,8002848,35,64,59
2023-03-29,8005876,8004331,18,48,58
2023-03-29,8005876,8005876,45,124,47
2023-03-29,8005902,8003001,17,18,230
2023-03-29,8005902,8005644,19,19,204
2023-03-29,8005902,8005902,33,36,204
2023-03-29,8005911,8000393,1,1,30
2023-03-29,8005911,8001405,1,1,60
2023-03-29,8005911,8005911,1,2,30
2023-03-29,8006167,8001491,16,28,27
2023-03-29,8006167,8004552,0,1,0
2023-03-29,8006167,8005255,10,15,72
2023-03-29,8006167,8005871,22,38,82
2023-03-29,8006167,8006167,40,63,64
2023-03-29,8006167,8500329,0,38,0
2023-03-29,8006272,8000026,32,38,218
2023-03-29,8006272,8001671,1,1,60
2023-03-29,8006272,8002546,20,25,112
2023-03-29,8006272,8004124,5,9,17
2023-03-29,8006272,8006272,58,73,145
2023-03-29,8006321,8000182,0,1,-30
2023-03-29,8006321,8004107,0,2,0
2023-03-29,8006321,8006321,1,3,10
2023-03-29,8006628,8003562,2,5,42
2023-03-29,8006628,8006628,5,10,48
2023-03-29,8006628,8070866,5,5,90
2023-03-29,8006629,8002365,9,28,28
2023-03-29,8006629,8002797,22,30,81
2023-03-29,8006629,8006629,30,58,47
2023-03-29,8006667,8000356,0,1,0
2023-03-29,8006667,8003857,1,1,30
2023-03-29,8006667,8006667,1,2,15
2023-03-29,8070866,8005764,4,5,84
2023-03-29,8070866,8006628,0,5,0
2023-03-29,8070866,8070866,5,10,45
2023-03-29,8079056,8000456,1,1,30
2023-03-29,8079056,8079056,1,1,60
2023-03-29,8079616,8000182,1,1,60
2023-03-29,8079616,8001059,0,2,0
2023-03-29,8079616,8005560,1,1,30
2023-03-29,8079616,8079616,2,4,30
2023-03-29,8089119,8004124,2,18,8
2023-03-29,8089119,8089119,0,14,0
2023-03-29,8089119,8700329,0,7,0
2023-03-30,8000077,8000077,64,81,215
2023-03-30,8000077,8000182,15,15,518
2023-03-30,8000077,8000366,35,38,153
2023-03-30,8000077,8001485,2,2,30
2023-03-30,8000077,8002214,13,16,270
2023-03-30,8000077,8003014,14,20,56
2023-03-30,8000182,8000077,11,14,129
2023-03-30,8000182,8000182,58,61,262
2023-03-30,8000182,8000880,16,16,461
2023-03-30,8000182,8002096,1,1,180
2023-03-30,8000182,8002214,14,16,154
2023-03-30,8000182,8004111,11,11,278
2023-03-30,8000182,8006321,2,2,30
2023-03-30,8000182,8079056,1,1,90
2023-03-30,8000333,8000333,33,36,310
2023-03-30,8000333,8000942,1,1,300
2023-03-30,8000333,8002621,17,17,251
2023-03-30,8000333,8003001,17,18,370
2023-03-30,8000356,8000356,1,1,30
2023-03-30,8000356,8005490,1,1,30
2023-03-30,8000366,8000077,32,39,314
2023-03-30,8000366,8000366,34,35,350
2023-03-30,8000366,8003854,0,2,0
2023-03-30,8000366,8003857,0,1,0
2023-03-30,8000366,8005644,16,19,156
2023-03-30,8000393,8000393,1,2,15
2023-03-30,8000393,8005490,1,1,30
2023-03-30,8000393,8005911,1,1,60
2023-03-30,8000412,8000412,35,55,153
2023-03-30,8000412,8001252,31,45,107
2023-03-30,8000412,8005037,24,27,196
2023-03-30,8000436,8000436,5,32,13
2023-03-30,8000436,8000544,7,17,28
2023-03-30,8000436,8005371,1,15,6
2023-03-30,8000456,8000456,1,1,30
2023-03-30,8000456,8004235,1,1,60
2023-03-30,8000463,8000463,44,58,91
2023-03-30,8000463,8001491,24,30,136
2023-03-30,8000463,8003586,16,28,34
2023-03-30,8000544,8000436,1,15,6
2023-03-30,8000544,8000544,11,32,22
2023-03-30,8000544,8001971,3,17,16
2023-03-30,8000596,8000596,40,55,187
2023-03-30,8000596,8000942,6,6,250
2023-03-30,8000596,8002235,10,10,450
2023-03-30,8000596,8003494,8,8,79
2023-03-30,8000596,8005037,20,28,114
2023-03-30,8000657,8000657,29,41,235
2023-03-30,8000657,8004124,11,19,136
2023-03-30,8000657,8005364,17,22,326
2023-03-30,8000718,8000718,61,87,192
2023-03-30,8000718,8001415,5,8,94
2023-03-30,8000718,8002727,37,44,280
2023-03-30,8000718,8004464,17,25,133
2023-03-30,8000718,8005317,6,10,117
2023-03-30,8000864,8000864,40,56,209
2023-03-30,8000864,8001671,5,8,180
2023-03-30,8000864,8004124,1,1,150
2023-03-30,8000864,8005068,16,22,323
2023-03-30,8000864,8005364,19,25,122
2023-03-30,8000932,8000932,39,56,93
2023-03-30,8000932,8005064,20,27,60
2023-03-30,8000932,8005497,16,29,123
2023-03-30,8000942,8000596,6,6,245
2023-03-30,8000942,8000942,20,21,303
2023-03-30,8000942,8002235,2,3,140
2023-03-30,8000942,8002621,7,7,420
2023-03-30,8000942,8005688,4,4,382
2023-03-30,8000965,8000965,1,1,300
2023-03-30,8000965,8002337,1,1,240
2023-03-30,8001059,8000880,0,2,0
2023-03-30,8001059,8001059,1,4,30
2023-03-30,8001059,8079616,1,2,60
2023-03-30,8001174,8001174,30,56,77
2023-03-30,8001174,8005255,12,29,116
2023-03-30,8001174,8005497,13,27,31
2023-03-30,8001262,8001262,40,55,187
2023-03-30,8001262,8002727,15,26,121
2023-03-30,8001262,8004124,22,29,232
2023-03-30,8001405,8001405,2,2,60
2023-03-30,8001405,8005911,1,1,30
2023-03-30,8001415,8000718,4,5,372
2023-03-30,8001415,8001415,63,80,244
2023-03-30,8001415,8001643,1,1,60
2023-03-30,8001415,8001771,14,22,161
2023-03-30,8001415,8002067,1,1,630
2023-03-30,8001415,8002465,17,23,382
2023-03-30,8001415,8003398,15,18,275
2023-03-30,8001415,8005317,9,9,273
2023-03-30,8001479,8000077,1,1,60
2023-03-30,8001479,8001479,1,1,60
2023-03-30,8001482,8001482,2,3,20
2023-03-30,8001482,8001483,0,1,0
2023-03-30,8001482,8001485,0,2,0
2023-03-30,8001483,8001482,1,2,15
2023-03-30,8001483,8001483,0,3,0
2023-03-30,8001483,8003336,0,1,0
2023-03-30,8001485,8000077,1,2,30
2023-03-30,8001485,8001482,1,1,60
2023-03-30,8001485,8001485,3,4,38
2023-03-30,8001485,8003336,1,1,30
2023-03-30,8001491,8000463,18,28,31
2023-03-30,8001491,8001491,40,58,84
2023-03-30,8001491,8006167,20,30,136
2023-03-30,8001643,8001643,40,51,155
2023-03-30,8001643,8002069,15,21,151
2023-03-30,8001643,8002465,1,1,330
2023-03-30,8001643,8005317,22,26,181
2023-03-30,8001671,8000864,6,7,150
2023-03-30,8001671,8001671,41,56,185
2023-03-30,8001671,8001715,18,23,252
2023-03-30,8001671,8002546,4,7,206
2023-03-30,8001671,8003098,14,19,101
2023-03-30,8001715,8001671,14,19,107
2023-03-30,8001715,8001715,35,42,190
2023-03-30,8001715,8002546,17,23,257
2023-03-30,8001771,8000718,0,1,0
2023-03-30,8001771,8001415,14,16,274
2023-03-30,8001771,8001771,61,79,308
2023-03-30,8001771,8003398,21,24,362
2023-03-30,8001771,8005090,11,20,204
2023-03-30,8001771,8005101,0,1,0
2023-03-30,8001771,8005836,14,18,325
2023-03-30,8001865,8001865,14,35,42
2023-03-30,8001865,8002373,1,1,30
2023-03-30,8001865,8004552,2,2,60
2023-03-30,8001865,8005871,2,15,4
2023-03-30,8001865,8503424,6,18,55
2023-03-30,8001971,8000544,4,15,14
2023-03-30,8001971,8001971,5,32,11
2023-03-30,8001971,8005876,2,17,9
2023-03-30,8002067,8001415,1,1,300
2023-03-30,8002067,8002067,6,9,240
2023-03-30,8002067,8002069,1,2,165
2023-03-30,8002067,8002071,1,3,190
2023-03-30,8002067,8005317,2,3,320
2023-03-30,8002068,8002068,133,182,59
2023-03-30,8002068,8002070,47,93,42
2023-03-30,8002068,8003293,57,89,74
2023-03-30,8002069,8001643,21,22,191
2023-03-30,8002069,8002069,34,43,170
2023-03-30,8002069,8002465,1,1,240
2023-03-30,8002071,8001643,0,1,0
2023-03-30,8002071,8002067,1,3,120
2023-03-30,8002071,8002071,2,7,137
2023-03-30,8002071,8002465,1,3,200
2023-03-30,8002096,8000182,2,2,255
2023-03-30,8002096,8000933,10,14,133
2023-03-30,8002096,8002096,24,25,140
2023-03-30,8002096,8004111,7,10,75
2023-03-30,8002123,8000596,2,2,165
2023-03-30,8002123,8002123,36,45,251
2023-03-30,8002123,8003494,17,22,140
2023-03-30,8002214,8000077,13,16,139
2023-03-30,8002214,8000182,12,15,276
2023-03-30,8002214,8002214,28,32,208
2023-03-30,8002214,8003066,1,1,30
2023-03-30,8002235,8000596,9,9,247
2023-03-30,8002235,8000942,5,5,438
2023-03-30,8002235,8002235,21,23,326
2023-03-30,8002235,8002621,7,7,394
2023-03-30,8002235,8004639,0,1,0
2023-03-30,8002337,8000880,1,1,210
2023-03-30,8002337,8002337,2,2,135
2023-03-30,8002365,8000026,15,28,51
2023-03-30,8002365,8002365,48,58,105
2023-03-30,8002365,8006629,29,30,142
2023-03-30,8002373,8001865,1,2,30
2023-03-30,8002373,8002373,2,3,40
2023-03-30,8002373,8004552,1,1,30
2023-03-30,8002465,8001415,17,21,146
2023-03-30,8002465,8002067,1,1,210
2023-03-30,8002465,8002069,1,2,30
2023-03-30,8002465,8002071,1,4,98
2023-03-30,8002465,8002465,33,44,262
2023-03-30,8002546,8001671,6,6,215
2023-03-30,8002546,8001715,16,19,101
2023-03-30,8002546,8002546,41,55,189
2023-03-30,8002546,8006272,20,30,247
2023-03-30,8002621,8000333,18,18,373
2023-03-30,8002621,8000942,7,7,240
2023-03-30,8002621,8002235,7,8,292
2023-03-30,8002621,8002621,35,35,327
2023-03-30,8002621,8005688,2,2,75
2023-03-30,8002727,8000718,24,42,109
2023-03-30,8002727,8001262,25,29,248
2023-03-30,8002727,8002727,59,86,197
2023-03-30,8002727,8004124,13,15,384
2023-03-30,8002763,8002763,61,77,292
2023-03-30,8002763,8003233,32,39,297
2023-03-30,8002763,8003494,6,8,248
2023-03-30,8002763,8005101,22,30,313
2023-03-30,8002848,8002844,8,64,9
2023-03-30,8002848,8002848,42,126,23
2023-03-30,8002848,8005876,14,62,23
2023-03-30,8003001,8000333,18,18,317
2023-03-30,8003001,8003001,36,36,399
2023-03-30,8003001,8005902,18,18,473
2023-03-30,8003014,8000077,13,19,85
2023-03-30,8003014,8001479,1,1,60
2023-03-30,8003014,8001480,10,20,46
2023-03-30,8003014,8003014,32,40,73
2023-03-30,8003066,8000182,1,1,150
2023-03-30,8003066,8003066,1,1,90
2023-03-30,8003098,8001671,16,22,286
2023-03-30,8003098,8003098,34,41,214
2023-03-30,8003098,8003325,17,19,117
2023-03-30,8003233,8002763,28,38,263
2023-03-30,8003233,8003233,57,77,274
2023-03-30,8003233,8005090,31,39,321
2023-03-30,8003293,8002068,74,93,37
2023-03-30,8003293,8002844,42,62,54
2023-03-30,8003293,8003293,89,127,44
2023-03-30,8003325,8003098,17,22,301
2023-03-30,8003325,8003325,32,41,214
2023-03-30,8003325,8005068,14,19,101
2023-03-30,8003336,8001483,0,2,0
2023-03-30,8003336,8003336,1,4,8
2023-03-30,8003336,8003339,1,2,45
2023-03-30,8003339,8003336,0,2,0
2023-03-30,8003339,8003339,1,4,22
2023-03-30,8003339,8003854,1,2,30
2023-03-30,8003374,8003374,31,40,356
2023-03-30,8003374,8005090,14,18,320
2023-03-30,8003374,8005836,15,22,371
2023-03-30,8003398,8001415,19,24,355
2023-03-30,8003398,8001771,15,18,363
2023-03-30,8003398,8003398,36,42,367
2023-03-30,8003401,8000496,7,15,174
2023-03-30,8003401,8003401,23,33,298
2023-03-30,8003401,8003404,0,1,0
2023-03-30,8003404,8003401,1,2,30
2023-03-30,8003404,8003404,1,3,20
2023-03-30,8003404,8003416,0,1,0
2023-03-30,8003416,8003404,1,2,30
2023-03-30,8003416,8003416,1,3,10
2023-03-30,8003416,8004997,0,1,0
2023-03-30,8003494,8000596,7,8,90
2023-03-30,8003494,8002123,16,23,356
2023-03-30,8003494,8002763,4,6,220
2023-03-30,8003494,8003494,56,80,287
2023-03-30,8003494,8004124,1,1,3180
2023-03-30,8003494,8004683,23,32,270
2023-03-30,8003494,8005101,1,1,30
2023-03-30,8003562,8003562,14,43,84
2023-03-30,8003562,8004552,7,17,161
2023-03-30,8003562,8005871,5,21,23
2023-03-30,8003562,8006628,4,5,96
2023-03-30,8003854,8000366,1,2,45
2023-03-30,8003854,8003339,0,2,0
2023-03-30,8003854,8003854,1,4,15
2023-03-30,8003857,8000366,0,1,0
2023-03-30,8003857,8003857,0,2,0
2023-03-30,8003857,8006667,0,1,0
2023-03-30,8004107,8004107,1,3,10
2023-03-30,8004107,8006321,1,1,30
2023-03-30,8004107,8079616,0,2,0
2023-03-30,8004111,8000182,9,10,99
2023-03-30,8004111,8002096,12,12,272
2023-03-30,8004111,8004111,19,22,177
2023-03-30,8004124,8000657,17,22,330
2023-03-30,8004124,8000718,1,1,60
2023-03-30,8004124,8000864,1,1,120
2023-03-30,8004124,8001262,16,26,126
2023-03-30,8004124,8002727,7,16,86
2023-03-30,8004124,8003494,1,1,60
2023-03-30,8004124,8004124,53,81,232
2023-03-30,8004124,8005364,4,7,231
2023-03-30,8004124,8006272,7,8,608
2023-03-30,8004124,8089119,5,18,72
2023-03-30,8004235,8004235,1,1,30
2023-03-30,8004235,8005723,0,1,0
2023-03-30,8004464,8000718,22,26,212
2023-03-30,8004464,8004464,38,51,165
2023-03-30,8004464,8005317,17,25,138
2023-03-30,8004552,8001865,1,2,1125
2023-03-30,8004552,8002373,1,2,60
2023-03-30,8004552,8003562,4,16,28
2023-03-30,8004552,8004552,4,5,576
2023-03-30,8004552,8005871,2,2,225
2023-03-30,8004639,8004639,1,1,60
2023-03-30,8004683,8003494,23,30,343
2023-03-30,8004683,8004683,46,62,308
2023-03-30,8004683,8005101,22,32,290
2023-03-30,8004997,8002683,0,1,0
2023-03-30,8004997,8003416,1,2,15
2023-03-30,8004997,8004997,1,3,20
2023-03-30,8005037,8000412,16,28,121
2023-03-30,8005037,8000596,17,27,214
2023-03-30,8005037,8005037,41,55,152
2023-03-30,8005068,8000864,12,19,96
2023-03-30,8005068,8003325,17,22,311
2023-03-30,8005068,8005068,29,41,211
2023-03-30,8005090,8001771,15,18,307
2023-03-30,8005090,8003233,28,38,257
2023-03-30,8005090,8003374,17,22,386
2023-03-30,8005090,8005090,58,78,308
2023-03-30,8005101,8002763,30,33,296
2023-03-30,8005101,8003494,0,1,0
2023-03-30,8005101,8004683,23,30,316
2023-03-30,8005101,8005090,1,1,1560
2023-03-30,8005101,8005101,49,65,313
2023-03-30,8005255,8001174,14,27,26
2023-03-30,8005255,8003586,0,1,0
2023-03-30,8005255,8004184,15,29,118
2023-03-30,8005255,8005064,8,16,47
2023-03-30,8005255,8005255,45,87,64
2023-03-30,8005255,8006167,6,14,43
2023-03-30,8005317,8000718,10,12,298
2023-03-30,8005317,8001415,6,8,169
2023-03-30,8005317,8001643,17,25,140
2023-03-30,8005317,8002067,2,2,120
2023-03-30,8005317,8004464,22,26,189
2023-03-30,8005317,8005317,55,73,182
2023-03-30,8005364,8000657,12,19,131
2023-03-30,8005364,8000864,19,29,292
2023-03-30,8005364,8004124,6,6,120
2023-03-30,8005364,8005364,40,54,223
2023-03-30,8005371,8000436,8,17,28
2023-03-30,8005371,8005371,9,32,18
2023-03-30,8005371,8005502,1,15,4
2023-03-30,8005490,8000393,1,1,30
2023-03-30,8005490,8005490,2,2,30
2023-03-30,8005490,8006667,0,1,0
2023-03-30,8005560,8004107,1,1,30
2023-03-30,8005560,8005560,1,1,30
2023-03-30,8005644,8000366,17,19,471
2023-03-30,8005644,8005644,37,38,361
2023-03-30,8005644,8005902,19,19,298
2023-03-30,8005688,8000942,2,2,60
2023-03-30,8005688,8002621,4,4,405
2023-03-30,8005688,8005688,6,6,280
2023-03-30,8005723,8004111,1,1,30
2023-03-30,8005723,8005723,0,1,0
2023-03-30,8005764,8070866,0,5,0
2023-03-30,8005836,8001771,18,22,382
2023-03-30,8005836,8003374,14,18,330
2023-03-30,8005836,8005836,31,40,354
2023-03-30,8005871,8001865,10,16,98
2023-03-30,8005871,8003562,5,22,134
2023-03-30,8005871,8005871,29,76,76
2023-03-30,8005871,8006167,24,38,51
2023-03-30,8005876,8001971,4,15,18
2023-03-30,8005876,8002848,28,64,38
2023-03-30,8005876,8004331,22,48,36
2023-03-30,8005876,8005876,51,124,26
2023-03-30,8005902,8003001,18,18,333
2023-03-30,8005902,8005644,19,19,497
2023-03-30,8005902,8005902,35,36,396
2023-03-30,8005911,8000393,0,1,0
2023-03-30,8005911,8001405,1,1,90
2023-03-30,8005911,8005911,2,2,45
2023-03-30,8006167,8001491,17,28,33
2023-03-30,8006167,8004552,1,1,120
2023-03-30,8006167,8005255,12,15,54
2023-03-30,8006167,8005871,21,38,124
2023-03-30,8006167,8006167,40,63,88
2023-03-30,8006167,8500329,0,38,0
2023-03-30,8006272,8000026,33,38,336
2023-03-30,8006272,8001671,1,1,240
2023-03-30,8006272,8002546,20,25,110
2023-03-30,8006272,8004124,3,9,43
2023-03-30,8006272,8006272,55,73,215
2023-03-30,8006321,8000182,0,1,0
2023-03-30,8006321,8004107,0,2,0
2023-03-30,8006321,8006321,3,3,30
2023-03-30,8006628,8003562,1,5,6
2023-03-30,8006628,8006628,4,10,54
2023-03-30,8006628,8070866,3,5,102
2023-03-30,8006629,8002365,19,28,60
2023-03-30,8006629,8002797,26,30,151
2023-03-30,8006629,8006629,45,58,100
2023-03-30,8006667,8000356,0,1,0
2023-03-30,8006667,8003857,0,1,0
2023-03-30,8006667,8006667,0,2,0
2023-03-30,8070866,8005764,3,5,102
2023-03-30,8070866,8006628,0,5,0
2023-03-30,8070866,8070866,3,10,51
2023-03-30,8079056,8000456,0,1,0
2023-03-30,8079056,8079056,1,1,30
2023-03-30,8079616,8000182,1,1,180
2023-03-30,8079616,8001059,0,2,0
2023-03-30,8079616,8005560,0,1,0
2023-03-30,8079616,8079616,1,4,30
2023-03-30,8089119,8004124,3,18,22
2023-03-30,8089119,8089119,0,14,0
2023-03-30,8089119,8700329,0,7,0
2023-03-31,8000077,8000077,62,81,385
2023-03-31,8000077,8000182,14,15,864
2023-03-31,8000077,8000366,33,38,397
2023-03-31,8000077,8001485,0,2,0
2023-03-31,8000077,8002214,10,16,251
2023-03-31,8000077,8003014,11,20,184
2023-03-31,8000182,8000077,8,14,223
2023-03-31,8000182,8000182,55,61,420
2023-03-31,8000182,8000880,15,16,793
2023-03-31,8000182,8002096,1,1,180
2023-03-31,8000182,8002214,13,16,304
2023-03-31,8000182,8004111,10,11,428
2023-03-31,8000182,8006321,2,2,30
2023-03-31,8000182,8079056,1,1,360
2023-03-31,8000333,8000333,36,36,605
2023-03-31,8000333,8000942,1,1,180
2023-03-31,8000333,8002621,17,17,722
2023-03-31,8000333,8003001,18,18,520
2023-03-31,8000356,8000356,0,1,0
2023-03-31,8000356,8005490,0,1,0
2023-03-31,8000366,8000077,26,39,435
2023-03-31,8000366,8000366,34,35,514
2023-03-31,8000366,8003854,1,2,15
2023-03-31,8000366,8003857,1,1,30
2023-03-31,8000366,8005644,17,19,352
2023-03-31,8000393,8000393,2,2,120
2023-03-31,8000393,8005490,1,1,240
2023-03-31,8000393,8005911,1,1,30
2023-03-31,8000412,8000412,45,55,497
2023-03-31,8000412,8001252,39,45,473
2023-03-31,8000412,8005037,24,27,342
2023-03-31,8000436,8000436,6,32,71
2023-03-31,8000436,8000544,3,17,44
2023-03-31,8000436,8005371,4,15,104
2023-03-31,8000456,8000456,1,1,150
2023-03-31,8000456,8004235,1,1,180
2023-03-31,8000463,8000463,45,60,274
2023-03-31,8000463,8001491,23,31,310
2023-03-31,8000463,8003586,19,29,292
2023-03-31,8000544,8000436,4,15,110
2023-03-31,8000544,8000544,7,32,79
2023-03-31,8000544,8001971,1,17,42
2023-03-31,8000596,8000596,49,55,521
2023-03-31,8000596,8000942,6,6,225
2023-03-31,8000596,8002235,10,10,615
2023-03-31,8000596,8003494,8,8,278
2023-03-31,8000596,8005037,25,28,666
2023-03-31,8000657,8000657,33,41,478
2023-03-31,8000657,8004124,11,19,444
2023-03-31,8000657,8005364,20,22,505
2023-03-31,8000718,8000718,74,89,588
2023-03-31,8000718,8001415,7,8,664
2023-03-31,8000718,8002727,40,46,703
2023-03-31,8000718,8004464,23,25,532
2023-03-31,8000718,8005317,8,10,387
2023-03-31,8000864,8000864,46,57,465
2023-03-31,8000864,8001671,8,9,1053
2023-03-31,8000864,8004124,1,1,270
2023-03-31,8000864,8005068,18,22,506
2023-03-31,8000864,8005364,18,25,258
2023-03-31,8000932,8000932,46,58,264
2023-03-31,8000932,8005064,24,28,350
2023-03-31,8000932,8005497,18,30,197
2023-03-31,8000942,8000596,6,6,410
2023-03-31,8000942,8000942,21,21,324
2023-03-31,8000942,8002235,3,3,180
2023-03-31,8000942,8002621,7,7,326
2023-03-31,8000942,8005688,4,4,195
2023-03-31,8000965,8000965,0,1,0
2023-03-31,8000965,8002337,0,1,0
2023-03-31,8001059,8000880,1,2,30
2023-03-31,8001059,8001059,1,4,8
2023-03-31,8001059,8079616,1,2,15
2023-03-31,8001174,8001174,36,58,251
2023-03-31,8001174,8005255,15,30,184
2023-03-31,8001174,8005497,17,28,309
2023-03-31,8001262,8001262,47,56,485
2023-03-31,8001262,8002727,20,26,433
2023-03-31,8001262,8004124,27,30,544
2023-03-31,8001405,8001405,2,2,30
2023-03-31,8001405,8005911,1,1,60
2023-03-31,8001415,8000718,4,5,474
2023-03-31,8001415,8001415,71,81,455
2023-03-31,8001415,8001643,0,1,0
2023-03-31,8001415,8001771,18,22,717
2023-03-31,8001415,8002067,1,1,570
2023-03-31,8001415,8002465,19,23,385
2023-03-31,8001415,8003398,18,18,320
2023-03-31,8001415,8005317,10,10,822
2023-03-31,8001479,8000077,1,1,150
2023-03-31,8001479,8001479,1,1,120
2023-03-31,8001482,8001482,2,3,20
2023-03-31,8001482,8001483,0,1,0
2023-03-31,8001482,8001485,0,2,0
2023-03-31,8001483,8001482,1,2,15
2023-03-31,8001483,8001483,0,3,0
2023-03-31,8001483,8003336,0,1,0
2023-03-31,8001485,8000077,1,2,30
2023-03-31,8001485,8001482,1,1,60
2023-03-31,8001485,8001485,2,4,15
2023-03-31,8001485,8003336,0,1,0
2023-03-31,8001491,8000463,23,29,284
2023-03-31,8001491,8001491,43,60,298
2023-03-31,8001491,8006167,23,31,311
2023-03-31,8001643,8001643,41,52,426
2023-03-31,8001643,8002069,18,21,586
2023-03-31,8001643,8002465,1,1,390
2023-03-31,8001643,8005317,23,27,302
2023-03-31,8001671,8000864,6,7,339
2023-03-31,8001671,8001671,41,57,426
2023-03-31,8001671,8001715,21,23,459
2023-03-31,8001671,8002546,7,8,1148
2023-03-31,8001671,8003098,12,19,137
2023-03-31,8001715,8001671,11,19,136
2023-03-31,8001715,8001715,34,42,326
2023-03-31,8001715,8002546,20,23,490
2023-03-31,8001771,8000718,1,1,630
2023-03-31,8001771,8001415,14,17,461
2023-03-31,8001771,8001771,67,80,458
2023-03-31,8001771,8003398,17,24,325
2023-03-31,8001771,8005090,17,20,762
2023-03-31,8001771,8005101,0,1,0
2023-03-31,8001771,8005836,18,18,387
2023-03-31,8001865,8001865,16,35,137
2023-03-31,8001865,8002373,0,1,0
2023-03-31,8001865,8004552,2,2,120
2023-03-31,8001865,8005871,5,15,160
2023-03-31,8001865,8503424,10,18,138
2023-03-31,8001971,8000544,4,15,116
2023-03-31,8001971,8001971,5,32,76
2023-03-31,8001971,8005876,1,17,46
2023-03-31,8002067,8001415,1,1,2190
2023-03-31,8002067,8002067,9,9,810
2023-03-31,8002067,8002069,2,2,375
2023-03-31,8002067,8002071,3,3,450
2023-03-31,8002067,8005317,3,3,790
2023-03-31,8002068,8002068,124,183,226
2023-03-31,8002068,8002070,54,93,239
2023-03-31,8002068,8003293,62,90,202
2023-03-31,8002069,8001643,18,23,270
2023-03-31,8002069,8002069,35,44,417
2023-03-31,8002069,8002465,1,1,300
2023-03-31,8002071,8001643,1,1,60
2023-03-31,8002071,8002067,3,3,860
2023-03-31,8002071,8002071,6,7,561
2023-03-31,8002071,8002465,2,3,440
2023-03-31,8002096,8000182,2,2,60
2023-03-31,8002096,8000933,11,14,266
2023-03-31,8002096,8002096,25,25,300
2023-03-31,8002096,8004111,6,10,318
2023-03-31,8002123,8000596,2,2,1515
2023-03-31,8002123,8002123,40,45,410
2023-03-31,8002123,8003494,17,22,176
2023-03-31,8002214,8000077,13,16,311
2023-03-31,8002214,8000182,12,15,288
2023-03-31,8002214,8002214,25,32,285
2023-03-31,8002214,8003066,1,1,30
2023-03-31,8002235,8000596,9,9,1003
2023-03-31,8002235,8000942,5,5,186
2023-03-31,8002235,8002235,23,23,723
2023-03-31,8002235,8002621,7,7,917
2023-03-31,8002235,8004639,1,1,90
2023-03-31,8002337,8000880,0,1,0
2023-03-31,8002337,8002337,1,2,30
2023-03-31,8002365,8000026,22,29,310
2023-03-31,8002365,8002365,46,60,246
2023-03-31,8002365,8006629,23,31,186
2023-03-31,8002373,8001865,1,2,45
2023-03-31,8002373,8002373,3,3,60
2023-03-31,8002373,8004552,1,1,60
2023-03-31,8002465,8001415,20,21,277
2023-03-31,8002465,8002067,1,1,570
2023-03-31,8002465,8002069,2,2,210
2023-03-31,8002465,8002071,3,4,638
2023-03-31,8002465,8002465,38,44,326
2023-03-31,8002546,8001671,5,6,425
2023-03-31,8002546,8001715,13,19,137
2023-03-31,8002546,8002546,47,56,462
2023-03-31,8002546,8006272,27,31,668
2023-03-31,8002621,8000333,18,18,525
2023-03-31,8002621,8000942,7,7,467
2023-03-31,8002621,8002235,8,8,1118
2023-03-31,8002621,8002621,35,35,633
2023-03-31,8002621,8005688,2,2,195
2023-03-31,8002727,8000718,34,42,475
2023-03-31,8002727,8001262,27,30,545
2023-03-31,8002727,8002727,72,88,598
2023-03-31,8002727,8004124,14,16,1069
2023-03-31,8002763,8002763,70,78,460
2023-03-31,8002763,8003233,33,40,296
2023-03-31,8002763,8003494,7,8,971
2023-03-31,8002763,8005101,29,30,540
2023-03-31,8002848,8002844,31,64,234
2023-03-31,8002848,8002848,86,127,194
2023-03-31,8002848,8005876,40,63,180
2023-03-31,8003001,8000333,18,18,740
2023-03-31,8003001,8003001,36,36,686
2023-03-31,8003001,8005902,18,18,640
2023-03-31,8003014,8000077,16,19,379
2023-03-31,8003014,8001479,1,1,120
2023-03-31,8003014,8001480,10,20,213
2023-03-31,8003014,8003014,28,40,284
2023-03-31,8003066,8000182,1,1,60
2023-03-31,8003066,8003066,1,1,30
2023-03-31,8003098,8001671,18,22,476
2023-03-31,8003098,8003098,33,41,333
2023-03-31,8003098,8003325,14,19,155
2023-03-31,8003233,8002763,36,38,624
2023-03-31,8003233,8003233,68,78,447
2023-03-31,8003233,8005090,35,40,318
2023-03-31,8003293,8002068,61,93,210
2023-03-31,8003293,8002844,46,63,165
2023-03-31,8003293,8003293,90,128,205
2023-03-31,8003325,8003098,18,22,494
2023-03-31,8003325,8003325,30,41,335
2023-03-31,8003325,8005068,13,19,145
2023-03-31,8003336,8001483,1,2,15
2023-03-31,8003336,8003336,2,4,15
2023-03-31,8003336,8003339,1,2,45
2023-03-31,8003339,8003336,0,2,0
2023-03-31,8003339,8003339,1,4,22
2023-03-31,8003339,8003854,1,2,15
2023-03-31,8003374,8003374,36,40,326
2023-03-31,8003374,8005090,18,18,402
2023-03-31,8003374,8005836,15,22,254
2023-03-31,8003398,8001415,18,24,322
2023-03-31,8003398,8001771,18,18,337
2023-03-31,8003398,8003398,36,42,332
2023-03-31,8003401,8000496,4,15,198
2023-03-31,8003401,8003401,21,33,459
2023-03-31,8003401,8003404,0,1,0
2023-03-31,8003404,8003401,2,2,45
2023-03-31,8003404,8003404,2,3,40
2023-03-31,8003404,8003416,0,1,0
2023-03-31,8003416,8003404,2,2,90
2023-03-31,8003416,8003416,2,3,40
2023-03-31,8003416,8004997,0,1,0
2023-03-31,8003494,8000026,1,1,240
2023-03-31,8003494,8000596,8,8,784
2023-03-31,8003494,8002123,23,23,629
2023-03-31,8003494,8002763,5,6,435
2023-03-31,8003494,8003494,70,82,428
2023-03-31,8003494,8004124,0,1,0
2023-03-31,8003494,8004683,29,33,239
2023-03-31,8003494,8005101,0,1,0
2023-03-31,8003562,8003562,21,43,189
2023-03-31,8003562,8004552,10,17,298
2023-03-31,8003562,8005871,10,21,107
2023-03-31,8003562,8006628,4,5,186
2023-03-31,8003854,8000366,1,2,45
2023-03-31,8003854,8003339,0,2,0
2023-03-31,8003854,8003854,1,4,15
2023-03-31,8003857,8000366,1,1,330
2023-03-31,8003857,8003857,1,2,165
2023-03-31,8003857,8006667,0,1,0
2023-03-31,8004107,8004107,1,3,50
2023-03-31,8004107,8006321,1,1,150
2023-03-31,8004107,8079616,0,2,0
2023-03-31,8004111,8000182,9,10,381
2023-03-31,8004111,8002096,12,12,465
2023-03-31,8004111,8004111,19,22,401
2023-03-31,8004124,8000657,17,22,513
2023-03-31,8004124,8000718,1,1,240
2023-03-31,8004124,8000864,1,1,720
2023-03-31,8004124,8001262,20,26,412
2023-03-31,8004124,8002727,10,16,489
2023-03-31,8004124,8003494,1,1,180
2023-03-31,8004124,8004124,62,83,574
2023-03-31,8004124,8005364,7,8,1106
2023-03-31,8004124,8006272,5,8,649
2023-03-31,8004124,8089119,7,19,256
2023-03-31,8004235,8004235,1,1,150
2023-03-31,8004235,8005723,1,1,120
2023-03-31,8004464,8000718,22,27,412
2023-03-31,8004464,8004464,46,52,453
2023-03-31,8004464,8005317,23,25,568
2023-03-31,8004552,8001865,1,2,30
2023-03-31,8004552,8002373,2,2,75
2023-03-31,8004552,8003562,6,16,122
2023-03-31,8004552,8004552,4,5,168
2023-03-31,8004552,8005871,2,2,315
2023-03-31,8004639,8004639,1,1,30
2023-03-31,8004683,8003494,27,30,554
2023-03-31,8004683,8004683,58,63,402
2023-03-31,8004683,8005101,29,33,284
2023-03-31,8004997,8002683,0,1,0
2023-03-31,8004997,8003416,1,2,45
2023-03-31,8004997,8004997,2,3,40
2023-03-31,8005037,8000412,24,28,669
2023-03-31,8005037,8000596,25,27,347
2023-03-31,8005037,8005037,49,55,509
2023-03-31,8005068,8000864,12,19,147
2023-03-31,8005068,8003325,18,22,498
2023-03-31,8005068,8005068,31,41,332
2023-03-31,8005090,8001771,15,19,392
2023-03-31,8005090,8003233,34,38,597
2023-03-31,8005090,8003374,18,22,258
2023-03-31,8005090,8005090,69,79,450
2023-03-31,8005101,8002763,29,34,281
2023-03-31,8005101,8003494,1,1,30
2023-03-31,8005101,8004683,28,30,526
2023-03-31,8005101,8005090,1,1,30
2023-03-31,8005101,8005101,59,66,387
2023-03-31,8005255,8001174,18,28,305
2023-03-31,8005255,8003586,1,1,330
2023-03-31,8005255,8004184,17,30,175
2023-03-31,8005255,8005064,11,16,281
2023-03-31,8005255,8005255,57,89,233
2023-03-31,8005255,8006167,10,14,165
2023-03-31,8005317,8000718,12,13,1029
2023-03-31,8005317,8001415,7,8,338
2023-03-31,8005317,8001643,21,25,569
2023-03-31,8005317,8002067,2,2,945
2023-03-31,8005317,8004464,23,27,318
2023-03-31,8005317,8005317,63,75,514
2023-03-31,8005364,8000657,15,19,458
2023-03-31,8005364,8000864,26,30,655
2023-03-31,8005364,8004124,4,6,350
2023-03-31,8005364,8005364,45,55,523
2023-03-31,8005371,8000436,6,17,51
2023-03-31,8005371,8005371,11,32,78
2023-03-31,8005371,8005502,3,15,98
2023-03-31,8005490,8000393,0,1,0
2023-03-31,8005490,8005490,1,2,120
2023-03-31,8005490,8006667,1,1,240
2023-03-31,8005560,8004107,1,1,120
2023-03-31,8005560,8005560,1,1,90
2023-03-31,8005644,8000366,18,19,591
2023-03-31,8005644,8005644,38,38,521
2023-03-31,8005644,8005902,19,19,564
2023-03-31,8005688,8000942,2,2,195
2023-03-31,8005688,8002621,4,4,262
2023-03-31,8005688,8005688,6,6,215
2023-03-31,8005723,8004111,1,1,150
2023-03-31,8005723,8005723,1,1,120
2023-03-31,8005764,8070866,0,5,0
2023-03-31,8005836,8001771,17,22,262
2023-03-31,8005836,8003374,18,18,410
2023-03-31,8005836,8005836,35,40,323
2023-03-31,8005871,8001865,11,16,172
2023-03-31,8005871,8003562,11,22,260
2023-03-31,8005871,8005871,39,76,187
2023-03-31,8005871,8006167,28,38,168
2023-03-31,8005876,8001971,6,15,114
2023-03-31,8005876,8002848,40,64,158
2023-03-31,8005876,8004331,33,49,214
2023-03-31,8005876,8005876,81,125,163
2023-03-31,8005902,8003001,18,18,758
2023-03-31,8005902,8005644,19,19,595
2023-03-31,8005902,8005902,36,36,648
2023-03-31,8005911,8000393,1,1,180
2023-03-31,8005911,8001405,1,1,30
2023-03-31,8005911,8005911,1,2,75
2023-03-31,8006167,8001491,18,29,237
2023-03-31,8006167,8004552,0,1,0
2023-03-31,8006167,8005255,10,15,298
2023-03-31,8006167,8005871,22,38,224
2023-03-31,8006167,8006167,49,63,248
2023-03-31,8006167,8500329,0,38,0
2023-03-31,8006272,8000026,35,39,666
2023-03-31,8006272,8001671,0,1,0
2023-03-31,8006272,8002546,20,25,196
2023-03-31,8006272,8004124,8,9,583
2023-03-31,8006272,8006272,58,74,486
2023-03-31,8006321,8000182,1,1,90
2023-03-31,8006321,8004107,1,2,15
2023-03-31,8006321,8006321,3,3,80
2023-03-31,8006628,8003562,3,5,30
2023-03-31,8006628,8006628,4,10,87
2023-03-31,8006628,8070866,4,5,138
2023-03-31,8006629,8002365,24,29,324
2023-03-31,8006629,8002797,22,31,205
2023-03-31,8006629,8006629,46,60,254
2023-03-31,8006667,8000356,0,1,0
2023-03-31,8006667,8003857,1,1,270
2023-03-31,8006667,8006667,1,2,120
2023-03-31,8070866,8005764,3,5,144
2023-03-31,8070866,8006628,0,5,0
2023-03-31,8070866,8070866,4,10,72
2023-03-31,8079056,8000456,1,1,120
2023-03-31,8079056,8079056,1,1,150
2023-03-31,8079616,8000182,1,1,30
2023-03-31,8079616,8001059,0,2,0
2023-03-31,8079616,8005560,1,1,30
2023-03-31,8079616,8079616,0,4,0
2023-03-31,8089119,8004124,6,18,72
2023-03-31,8089119,8089119,0,14,0
2023-03-31,8089119,8700329,0,7,0
