date,from_stop_id,to_stop_id,delay_count,entries_count,avg_delay
2023-07-01,8010005,8010005,11,14,54
2023-07-01,8010005,8011045,6,13,37
2023-07-01,8010005,8012976,7,7,107
2023-07-01,8010010,8012176,4,19,19
2023-07-01,8010044,8010044,0,22,0
2023-07-01,8010044,8017219,0,11,0
2023-07-01,8010074,8012976,5,7,64
2023-07-01,8010108,8010108,92,118,78
2023-07-01,8010108,8010128,11,13,55
2023-07-01,8010108,8010253,32,42,60
2023-07-01,8010108,8011528,7,9,100
2023-07-01,8010108,8011529,16,20,60
2023-07-01,8010108,8011904,10,17,56
2023-07-01,8010108,8013114,13,17,157
2023-07-01,8010128,8010108,11,13,78
2023-07-01,8010128,8010128,23,26,92
2023-07-01,8010128,8011497,12,13,120
2023-07-01,8010129,8010129,44,74,75
2023-07-01,8010129,8010130,20,20,114
2023-07-01,8010129,8010331,6,20,48
2023-07-01,8010129,8010397,10,17,48
2023-07-01,8010129,8011904,15,17,111
2023-07-01,8010130,8010129,10,20,58
2023-07-01,8010130,8010130,30,40,83
2023-07-01,8010130,8012388,15,20,102
2023-07-01,8010185,8010185,31,40,98
2023-07-01,8010185,8011971,18,20,111
2023-07-01,8010185,8013450,17,19,88
2023-07-01,8010253,8010108,40,42,95
2023-07-01,8010253,8010253,74,84,75
2023-07-01,8010253,8013450,17,20,46
2023-07-01,8010275,8012739,7,17,71
2023-07-01,8010277,8010277,10,18,47
2023-07-01,8010277,8012201,6,9,57
2023-07-01,8010277,8012426,5,9,43
2023-07-01,8010323,8010323,19,34,31
2023-07-01,8010323,8012938,8,17,32
2023-07-01,8010323,8012939,14,18,40
2023-07-01,8010331,8010129,14,20,82
2023-07-01,8010331,8010331,19,40,65
2023-07-01,8010331,8011904,8,20,51
2023-07-01,8010333,8010333,12,40,17
2023-07-01,8010333,8010372,7,20,18
2023-07-01,8010333,8012224,4,20,4
2023-07-01,8010372,8010333,4,20,8
2023-07-01,8010379,8010379,30,36,218
2023-07-01,8010379,8011305,17,18,177
2023-07-01,8010379,8012996,14,18,328
2023-07-01,8010388,8010388,37,40,109
2023-07-01,8010388,8011770,19,20,93
2023-07-01,8010388,8011904,18,20,118
2023-07-01,8010397,8010129,12,17,88
2023-07-01,8010397,8010397,19,33,70
2023-07-01,8010397,8012224,4,20,10
2023-07-01,8010397,8012739,11,17,53
2023-07-01,8010397,8013433,20,20,64
2023-07-01,8010397,8013434,7,18,143
2023-07-01,8011033,8011033,3,3,120
2023-07-01,8011033,8012369,1,1,120
2023-07-01,8011033,8012593,1,2,120
2023-07-01,8011045,8010005,9,13,48
2023-07-01,8011045,8011045,13,26,35
2023-07-01,8011045,8011047,4,13,32
2023-07-01,8011047,8011045,11,13,46
2023-07-01,8011047,8011047,19,26,50
2023-07-01,8011047,8013310,8,13,28
2023-07-01,8011049,8011049,27,34,92
2023-07-01,8011049,8011263,12,17,64
2023-07-01,8011049,8011505,12,17,64
2023-07-01,8011185,8011185,0,22,0
2023-07-01,8011185,8011315,0,11,0
2023-07-01,8011185,8017220,0,11,0
2023-07-01,8011212,8011212,10,18,60
2023-07-01,8011212,8012426,5,9,57
2023-07-01,8011212,8012571,5,9,33
2023-07-01,8011263,8011049,9,17,26
2023-07-01,8011263,8011263,23,34,42
2023-07-01,8011263,8011506,13,17,53
2023-07-01,8011297,8010238,17,19,115
2023-07-01,8011297,8011297,32,38,119
2023-07-01,8011305,8010379,11,18,233
2023-07-01,8011305,8011305,23,36,177
2023-07-01,8011305,8013434,10,18,140
2023-07-01,8011315,8011185,0,11,0
2023-07-01,8011315,8011315,0,22,0
2023-07-01,8011315,8012412,0,11,0
2023-07-01,8011497,8010128,13,13,69
2023-07-01,8011497,8011497,25,26,96
2023-07-01,8011497,8011856,12,13,129
2023-07-01,8011505,8011049,16,17,164
2023-07-01,8011505,8011505,24,34,70
2023-07-01,8011505,8012938,10,17,37
2023-07-01,8011506,8011263,9,17,34
2023-07-01,8011506,8011506,17,34,39
2023-07-01,8011506,8011967,7,17,37
2023-07-01,8011507,8011507,10,22,35
2023-07-01,8011507,8012369,7,11,49
2023-07-01,8011507,8012946,2,11,22
2023-07-01,8011524,8013307,4,18,58
2023-07-01,8011528,8010108,5,9,50
2023-07-01,8011528,8011528,15,18,87
2023-07-01,8011528,8011870,9,9,110
2023-07-01,8011529,8010108,16,20,40
2023-07-01,8011529,8011529,22,40,40
2023-07-01,8011529,8012550,10,20,50
2023-07-01,8011548,8011548,10,18,68
2023-07-01,8011548,8011777,6,9,40
2023-07-01,8011548,8012740,4,9,80
2023-07-01,8011556,8011556,16,40,64
2023-07-01,8011556,8012037,12,20,102
2023-07-01,8011556,8012550,4,20,15
2023-07-01,8011770,8010388,14,20,96
2023-07-01,8011770,8011770,31,40,88
2023-07-01,8011770,8011980,16,20,76
2023-07-01,8011777,8011548,5,9,83
2023-07-01,8011777,8011777,11,18,72
2023-07-01,8011777,8012208,6,9,73
2023-07-01,8011856,8011497,10,13,60
2023-07-01,8011856,8011856,24,26,83
2023-07-01,8011856,8013328,11,13,95
2023-07-01,8011870,8011528,8,9,83
2023-07-01,8011870,8011870,17,18,73
2023-07-01,8011870,8011892,8,9,73
2023-07-01,8011892,8011870,6,9,37
2023-07-01,8011892,8011892,14,18,55
2023-07-01,8011892,8012208,5,9,57
2023-07-01,8011904,8010108,15,16,156
2023-07-01,8011904,8010129,9,17,53
2023-07-01,8011904,8010331,15,20,112
2023-07-01,8011904,8010388,15,20,68
2023-07-01,8011904,8011904,46,74,82
2023-07-01,8011912,8017218,0,11,0
2023-07-01,8011967,8011506,8,17,21
2023-07-01,8011970,8011970,2,3,100
2023-07-01,8011970,8012528,1,1,30
2023-07-01,8011971,8010185,16,20,84
2023-07-01,8011971,8011971,36,40,104
2023-07-01,8011971,8011979,19,20,128
2023-07-01,8011979,8011971,18,20,108
2023-07-01,8011979,8011979,36,40,104
2023-07-01,8011979,8011980,16,20,111
2023-07-01,8011980,8011770,18,20,110
2023-07-01,8011980,8011979,8,20,58
2023-07-01,8011980,8011980,32,40,92
2023-07-01,8012037,8011556,3,20,12
2023-07-01,8012037,8012037,14,40,54
2023-07-01,8012037,8012408,9,20,87
2023-07-01,8012176,8010010,6,18,17
2023-07-01,8012176,8012176,22,37,31
2023-07-01,8012176,8012939,14,19,60
2023-07-01,8012201,8010277,4,9,100
2023-07-01,8012201,8012201,10,18,73
2023-07-01,8012201,8012740,6,9,70
2023-07-01,8012208,8011777,5,9,100
2023-07-01,8012208,8011892,6,9,40
2023-07-01,8012208,8012208,12,18,73
2023-07-01,8012220,8012220,0,22,0
2023-07-01,8012220,8012407,0,11,0
2023-07-01,8012220,8017219,0,11,0
2023-07-01,8012224,8010333,7,20,24
2023-07-01,8012224,8010397,3,20,-10
2023-07-01,8012224,8012224,10,40,11
2023-07-01,8012369,8011033,2,2,180
2023-07-01,8012369,8011507,5,11,35
2023-07-01,8012369,8012369,10,22,41
2023-07-01,8012388,8010130,16,20,60
2023-07-01,8012388,8012388,34,40,94
2023-07-01,8012388,8012534,18,20,132
2023-07-01,8012407,8012220,0,11,0
2023-07-01,8012407,8012407,0,22,0
2023-07-01,8012407,8012412,0,11,0
2023-07-01,8012408,8012037,12,19,35
2023-07-01,8012408,8012408,17,40,56
2023-07-01,8012408,8012483,7,20,82
2023-07-01,8012412,8011315,0,11,0
2023-07-01,8012412,8012407,0,11,0
2023-07-01,8012412,8012412,0,22,0
2023-07-01,8012426,8010277,6,9,53
2023-07-01,8012426,8011212,5,9,63
2023-07-01,8012426,8012426,11,18,55
2023-07-01,8012483,8012044,4,20,70
2023-07-01,8012483,8012408,11,20,32
2023-07-01,8012483,8012483,23,40,61
2023-07-01,8012528,8011970,2,2,150
2023-07-01,8012528,8012528,3,3,100
2023-07-01,8012528,8012593,1,1,30
2023-07-01,8012534,8012388,8,20,54
2023-07-01,8012534,8012534,34,40,98
2023-07-01,8012534,8013433,16,20,120
2023-07-01,8012550,8011529,9,20,27
2023-07-01,8012550,8011556,17,20,124
2023-07-01,8012550,8012550,25,40,61
2023-07-01,8012558,8012558,7,12,35
2023-07-01,8012558,8012559,4,6,65
2023-07-01,8012558,8012571,2,9,10
2023-07-01,8012559,8012558,2,6,20
2023-07-01,8012571,8011212,5,9,60
2023-07-01,8012571,8012558,5,9,43
2023-07-01,8012571,8012571,10,18,42
2023-07-01,8012593,8011033,0,1,0
2023-07-01,8012593,8012528,1,2,120
2023-07-01,8012593,8012593,2,3,90
2023-07-01,8012727,8012727,0,22,0
2023-07-01,8012727,8017218,0,11,0
2023-07-01,8012727,8017220,0,11,0
2023-07-01,8012739,8010275,15,17,108
2023-07-01,8012739,8010397,11,17,86
2023-07-01,8012739,8012739,24,34,72
2023-07-01,8012740,8011548,6,9,60
2023-07-01,8012740,8012201,4,9,63
2023-07-01,8012740,8012740,10,18,68
2023-07-01,8012853,8012853,16,26,61
2023-07-01,8012853,8013235,9,13,148
2023-07-01,8012853,8013312,8,13,25
2023-07-01,8012938,8010323,6,17,23
2023-07-01,8012938,8011505,12,17,46
2023-07-01,8012938,8012938,18,34,39
2023-07-01,8012939,8010323,12,19,46
2023-07-01,8012939,8012176,4,18,13
2023-07-01,8012939,8012939,17,37,39
2023-07-01,8012946,8010359,10,11,52
2023-07-01,8012946,8011507,5,11,41
2023-07-01,8012946,8012946,13,22,40
2023-07-01,8012976,8010005,3,7,-34
2023-07-01,8012976,8010074,4,7,90
2023-07-01,8012976,8012976,8,14,47
2023-07-01,8012996,8010379,13,18,123
2023-07-01,8012996,8012996,27,36,221
2023-07-01,8012996,8013307,13,18,290
2023-07-01,8013116,8013116,17,26,58
2023-07-01,8013116,8013310,9,13,74
2023-07-01,8013116,8013343,8,13,30
2023-07-01,8013212,8013212,17,26,60
2023-07-01,8013212,8013311,11,13,113
2023-07-01,8013212,8013328,9,13,42
2023-07-01,8013235,8012853,5,13,12
2023-07-01,8013235,8013235,15,26,69
2023-07-01,8013235,8013343,9,13,72
2023-07-01,8013307,8011524,16,18,298
2023-07-01,8013307,8012996,12,18,117
2023-07-01,8013307,8013307,23,36,194
2023-07-01,8013310,8011047,9,13,74
2023-07-01,8013310,8013116,8,13,51
2023-07-01,8013310,8013310,17,26,55
2023-07-01,8013311,8013212,6,13,44
2023-07-01,8013311,8013311,18,26,75
2023-07-01,8013311,8013427,11,13,78
2023-07-01,8013312,8012853,9,13,92
2023-07-01,8013312,8013312,18,26,67
2023-07-01,8013312,8013427,9,13,35
2023-07-01,8013328,8011856,10,13,60
2023-07-01,8013328,8013212,10,13,76
2023-07-01,8013328,8013328,20,26,73
2023-07-01,8013343,8013116,8,13,81
2023-07-01,8013343,8013235,10,13,39
2023-07-01,8013343,8013343,18,26,61
2023-07-01,8013427,8013311,10,13,39
2023-07-01,8013427,8013312,10,13,97
2023-07-01,8013427,8013427,20,26,60
2023-07-01,8013433,8010397,14,20,111
2023-07-01,8013433,8012534,19,20,63
2023-07-01,8013433,8013433,35,40,90
2023-07-01,8013434,8010397,10,18,158
2023-07-01,8013434,8011305,7,18,163
2023-07-01,8013434,8013434,17,36,148
2023-07-01,8013450,8010185,15,19,54
2023-07-01,8013450,8010253,17,20,74
2023-07-01,8013450,8013450,23,40,45
2023-07-01,8017218,8011912,0,11,0
2023-07-01,8017218,8012727,0,11,0
2023-07-01,8017218,8017218,0,22,0
2023-07-01,8017219,8010044,0,11,0
2023-07-01,8017219,8012220,0,11,0
2023-07-01,8017219,8017219,0,22,0
2023-07-01,8017220,8011185,0,11,0
2023-07-01,8017220,8012727,0,11,0
2023-07-01,8017220,8017220,0,22,0
2023-07-02,8010005,8010005,9,14,58
2023-07-02,8010005,8011045,5,13,32
2023-07-02,8010005,8012976,5,7,90
2023-07-02,8010010,8012176,0,18,0
2023-07-02,8010044,8010044,0,22,0
2023-07-02,8010044,8017219,0,11,0
2023-07-02,8010074,8012976,4,7,34
2023-07-02,8010108,8010108,82,118,40
2023-07-02,8010108,8010128,10,13,48
2023-07-02,8010108,8010253,25,42,34
2023-07-02,8010108,8011528,4,9,23
2023-07-02,8010108,8011529,13,20,34
2023-07-02,8010108,8011904,5,17,12
2023-07-02,8010108,8013114,11,17,71
2023-07-02,8010128,8010108,9,13,37
2023-07-02,8010128,8010128,22,26,67
2023-07-02,8010128,8011497,13,13,104
2023-07-02,8010129,8010129,36,74,39
2023-07-02,8010129,8010130,20,20,69
2023-07-02,8010129,8010331,6,20,26
2023-07-02,8010129,8010397,2,17,12
2023-07-02,8010129,8011904,15,17,69
2023-07-02,8010130,8010129,7,20,21
2023-07-02,8010130,8010130,26,40,44
2023-07-02,8010130,8012388,12,20,56
2023-07-02,8010185,8010185,30,40,62
2023-07-02,8010185,8011971,20,20,82
2023-07-02,8010185,8013450,16,19,51
2023-07-02,8010253,8010108,39,42,71
2023-07-02,8010253,8010253,72,84,52
2023-07-02,8010253,8013450,17,20,33
2023-07-02,8010275,8012739,7,17,30
2023-07-02,8010277,8010277,15,18,50
2023-07-02,8010277,8012201,6,9,53
2023-07-02,8010277,8012426,7,9,50
2023-07-02,8010323,8010323,13,34,15
2023-07-02,8010323,8012938,4,17,12
2023-07-02,8010323,8012939,13,18,38
2023-07-02,8010331,8010129,12,20,40
2023-07-02,8010331,8010331,15,40,30
2023-07-02,8010331,8011904,10,20,30
2023-07-02,8010333,8010333,12,39,17
2023-07-02,8010333,8010372,8,20,18
2023-07-02,8010333,8012224,3,19,9
2023-07-02,8010372,8010333,5,19,17
2023-07-02,8010379,8010379,28,34,41
2023-07-02,8010379,8011305,16,17,56
2023-07-02,8010379,8012996,13,17,62
2023-07-02,8010388,8010388,40,40,76
2023-07-02,8010388,8011770,20,20,74
2023-07-02,8010388,8011904,20,20,69
2023-07-02,8010397,8010129,9,17,46
2023-07-02,8010397,8010397,10,33,27
2023-07-02,8010397,8012224,4,20,8
2023-07-02,8010397,8012739,8,17,19
2023-07-02,8010397,8013433,19,20,36
2023-07-02,8010397,8013434,1,17,2
2023-07-02,8011033,8011033,2,3,30
2023-07-02,8011033,8012369,1,1,60
2023-07-02,8011033,8012593,1,2,30
2023-07-02,8011045,8010005,4,13,21
2023-07-02,8011045,8011045,8,26,22
2023-07-02,8011045,8011047,4,13,32
2023-07-02,8011047,8011045,9,13,32
2023-07-02,8011047,8011047,15,26,38
2023-07-02,8011047,8013310,6,13,25
2023-07-02,8011049,8011049,25,34,58
2023-07-02,8011049,8011263,6,17,46
2023-07-02,8011049,8011505,15,17,58
2023-07-02,8011185,8011185,0,22,0
2023-07-02,8011185,8011315,0,11,0
2023-07-02,8011185,8017220,0,11,0
2023-07-02,8011212,8011212,11,18,43
2023-07-02,8011212,8012426,5,9,77
2023-07-02,8011212,8012571,6,9,37
2023-07-02,8011263,8011049,9,17,14
2023-07-02,8011263,8011263,19,34,34
2023-07-02,8011263,8011506,9,17,53
2023-07-02,8011297,8010238,12,18,63
2023-07-02,8011297,8011297,21,36,56
2023-07-02,8011305,8010379,4,17,16
2023-07-02,8011305,8011305,11,34,19
2023-07-02,8011305,8013434,3,17,11
2023-07-02,8011315,8011185,0,11,0
2023-07-02,8011315,8011315,0,22,0
2023-07-02,8011315,8012412,0,11,0
2023-07-02,8011497,8010128,7,13,39
2023-07-02,8011497,8011497,18,26,63
2023-07-02,8011497,8011856,12,13,97
2023-07-02,8011505,8011049,16,17,131
2023-07-02,8011505,8011505,28,34,65
2023-07-02,8011505,8012938,9,17,30
2023-07-02,8011506,8011263,10,17,19
2023-07-02,8011506,8011506,15,34,32
2023-07-02,8011506,8011967,6,17,26
2023-07-02,8011507,8011507,5,22,22
2023-07-02,8011507,8012369,5,11,25
2023-07-02,8011507,8012946,1,11,22
2023-07-02,8011524,8013307,5,17,9
2023-07-02,8011528,8010108,5,9,20
2023-07-02,8011528,8011528,13,18,37
2023-07-02,8011528,8011870,9,9,53
2023-07-02,8011529,8010108,14,20,28
2023-07-02,8011529,8011529,19,40,25
2023-07-02,8011529,8012550,7,20,24
2023-07-02,8011548,8011548,11,18,38
2023-07-02,8011548,8011777,5,9,27
2023-07-02,8011548,8012740,6,9,27
2023-07-02,8011556,8011556,11,40,16
2023-07-02,8011556,8012037,7,20,18
2023-07-02,8011556,8012550,4,20,8
2023-07-02,8011770,8010388,12,20,48
2023-07-02,8011770,8011770,33,40,51
2023-07-02,8011770,8011980,15,20,42
2023-07-02,8011777,8011548,8,9,57
2023-07-02,8011777,8011777,14,18,43
2023-07-02,8011777,8012208,8,9,43
2023-07-02,8011856,8011497,7,13,23
2023-07-02,8011856,8011856,19,26,46
2023-07-02,8011856,8013328,9,13,58
2023-07-02,8011870,8011528,9,9,40
2023-07-02,8011870,8011870,16,18,45
2023-07-02,8011870,8011892,6,9,67
2023-07-02,8011892,8011870,5,9,20
2023-07-02,8011892,8011892,13,18,42
2023-07-02,8011892,8012208,8,9,70
2023-07-02,8011904,8010108,13,16,84
2023-07-02,8011904,8010129,4,17,18
2023-07-02,8011904,8010331,13,20,51
2023-07-02,8011904,8010388,17,20,45
2023-07-02,8011904,8011904,37,74,40
2023-07-02,8011912,8017218,0,11,0
2023-07-02,8011967,8011506,9,17,16
2023-07-02,8011970,8011970,1,3,10
2023-07-02,8011970,8012528,0,1,0
2023-07-02,8011971,8010185,14,20,44
2023-07-02,8011971,8011971,35,40,68
2023-07-02,8011971,8011979,20,20,94
2023-07-02,8011979,8011971,17,20,66
2023-07-02,8011979,8011979,37,40,65
2023-07-02,8011979,8011980,16,20,72
2023-07-02,8011980,8011770,16,20,63
2023-07-02,8011980,8011979,5,20,21
2023-07-02,8011980,8011980,31,40,53
2023-07-02,8012037,8011556,1,20,3
2023-07-02,8012037,8012037,12,40,14
2023-07-02,8012037,8012408,6,20,14
2023-07-02,8012176,8010010,1,18,2
2023-07-02,8012176,8012176,18,36,18
2023-07-02,8012176,8012939,14,18,37
2023-07-02,8012201,8010277,9,9,87
2023-07-02,8012201,8012201,16,18,70
2023-07-02,8012201,8012740,7,9,83
2023-07-02,8012208,8011777,6,9,53
2023-07-02,8012208,8011892,2,9,7
2023-07-02,8012208,8012208,13,18,48
2023-07-02,8012220,8012220,0,22,0
2023-07-02,8012220,8012407,0,11,0
2023-07-02,8012220,8017219,0,11,0
2023-07-02,8012224,8010333,9,20,16
2023-07-02,8012224,8010397,2,19,-14
2023-07-02,8012224,8012224,10,39,13
2023-07-02,8012369,8011033,1,2,45
2023-07-02,8012369,8011507,3,11,27
2023-07-02,8012369,8012369,8,22,27
2023-07-02,8012388,8010130,14,20,32
2023-07-02,8012388,8012388,34,40,56
2023-07-02,8012388,8012534,19,20,90
2023-07-02,8012407,8012220,0,11,0
2023-07-02,8012407,8012407,0,22,0
2023-07-02,8012407,8012412,0,11,0
2023-07-02,8012408,8012037,10,19,27
2023-07-02,8012408,8012408,14,40,18
2023-07-02,8012408,8012483,4,20,12
2023-07-02,8012412,8011315,0,11,0
2023-07-02,8012412,8012407,0,11,0
2023-07-02,8012412,8012412,0,22,0
2023-07-02,8012426,8010277,7,9,80
2023-07-02,8012426,8011212,7,9,40
2023-07-02,8012426,8012426,15,18,67
2023-07-02,8012483,8012044,3,20,6
2023-07-02,8012483,8012408,10,20,27
2023-07-02,8012483,8012483,18,40,22
2023-07-02,8012528,8011970,1,2,15
2023-07-02,8012528,8012528,0,3,0
2023-07-02,8012528,8012593,0,1,0
2023-07-02,8012534,8012388,7,20,21
2023-07-02,8012534,8012534,38,40,56
2023-07-02,8012534,8013433,12,20,63
2023-07-02,8012550,8011529,6,20,20
2023-07-02,8012550,8011556,14,20,38
2023-07-02,8012550,8012550,20,40,27
2023-07-02,8012558,8012558,7,12,28
2023-07-02,8012558,8012559,4,6,55
2023-07-02,8012558,8012571,4,9,27
2023-07-02,8012559,8012558,3,6,30
2023-07-02,8012571,8011212,6,9,33
2023-07-02,8012571,8012558,5,9,30
2023-07-02,8012571,8012571,10,18,38
2023-07-02,8012593,8011033,0,1,0
2023-07-02,8012593,8012528,0,2,0
2023-07-02,8012593,8012593,1,3,10
2023-07-02,8012727,8012727,0,22,0
2023-07-02,8012727,8017218,0,11,0
2023-07-02,8012727,8017220,0,11,0
2023-07-02,8012739,8010275,14,17,58
2023-07-02,8012739,8010397,8,17,41
2023-07-02,8012739,8012739,19,34,34
2023-07-02,8012740,8011548,7,9,43
2023-07-02,8012740,8012201,3,9,13
2023-07-02,8012740,8012740,10,18,35
2023-07-02,8012853,8012853,12,26,42
2023-07-02,8012853,8013235,7,13,92
2023-07-02,8012853,8013312,6,13,21
2023-07-02,8012938,8010323,5,17,12
2023-07-02,8012938,8011505,10,17,32
2023-07-02,8012938,8012938,16,34,26
2023-07-02,8012939,8010323,9,18,20
2023-07-02,8012939,8012176,5,18,13
2023-07-02,8012939,8012939,15,36,24
2023-07-02,8012946,8010359,9,11,44
2023-07-02,8012946,8011507,2,11,16
2023-07-02,8012946,8012946,11,22,29
2023-07-02,8012976,8010005,4,7,47
2023-07-02,8012976,8010074,7,7,124
2023-07-02,8012976,8012976,12,14,69
2023-07-02,8012996,8010379,11,17,23
2023-07-02,8012996,8012996,25,34,35
2023-07-02,8012996,8013307,8,17,23
2023-07-02,8013116,8013116,14,26,42
2023-07-02,8013116,8013310,6,13,62
2023-07-02,8013116,8013343,8,13,18
2023-07-02,8013212,8013212,8,26,28
2023-07-02,8013212,8013311,8,13,51
2023-07-02,8013212,8013328,3,13,21
2023-07-02,8013235,8012853,2,13,14
2023-07-02,8013235,8013235,11,26,46
2023-07-02,8013235,8013343,5,13,53
2023-07-02,8013307,8011524,16,17,49
2023-07-02,8013307,8012996,10,17,25
2023-07-02,8013307,8013307,15,34,21
2023-07-02,8013310,8011047,8,13,48
2023-07-02,8013310,8013116,8,13,32
2023-07-02,8013310,8013310,15,26,43
2023-07-02,8013311,8013212,8,13,35
2023-07-02,8013311,8013311,15,26,40
2023-07-02,8013311,8013427,6,13,39
2023-07-02,8013312,8012853,6,13,60
2023-07-02,8013312,8013312,13,26,43
2023-07-02,8013312,8013427,6,13,32
2023-07-02,8013328,8011856,7,13,25
2023-07-02,8013328,8013212,10,13,60
2023-07-02,8013328,8013328,18,26,57
2023-07-02,8013343,8013116,7,13,72
2023-07-02,8013343,8013235,5,13,32
2023-07-02,8013343,8013343,14,26,53
2023-07-02,8013427,8013311,4,13,30
2023-07-02,8013427,8013312,9,13,72
2023-07-02,8013427,8013427,13,26,52
2023-07-02,8013433,8010397,11,20,46
2023-07-02,8013433,8012534,19,20,34
2023-07-02,8013433,8013433,31,40,50
2023-07-02,8013434,8010397,4,17,11
2023-07-02,8013434,8011305,1,17,2
2023-07-02,8013434,8013434,4,34,6
2023-07-02,8013450,8010185,16,19,36
2023-07-02,8013450,8010253,17,20,44
2023-07-02,8013450,8013450,13,40,20
2023-07-02,8017218,8011912,0,11,0
2023-07-02,8017218,8012727,0,11,0
2023-07-02,8017218,8017218,0,22,0
2023-07-02,8017219,8010044,0,11,0
2023-07-02,8017219,8012220,0,11,0
2023-07-02,8017219,8017219,0,22,0
2023-07-02,8017220,8011185,0,11,0
2023-07-02,8017220,8012727,0,11,0
2023-07-02,8017220,8017220,0,22,0
2023-07-03,8010005,8011045,0,4,0
2023-07-03,8010010,8012176,3,19,5
2023-07-03,8010044,8010044,1,30,2
2023-07-03,8010044,8017219,1,15,4
2023-07-03,8010108,8010108,112,140,83
2023-07-03,8010108,8010128,13,17,78
2023-07-03,8010108,8010253,44,53,88
2023-07-03,8010108,8011528,9,16,90
2023-07-03,8010108,8011529,14,20,56
2023-07-03,8010108,8011904,10,17,25
2023-07-03,8010108,8013114,13,17,145
2023-07-03,8010128,8010108,14,17,104
2023-07-03,8010128,8010128,30,34,112
2023-07-03,8010128,8011497,16,17,145
2023-07-03,8010129,8010129,44,86,55
2023-07-03,8010129,8010130,23,26,74
2023-07-03,8010129,8010331,9,26,37
2023-07-03,8010129,8010397,4,17,9
2023-07-03,8010129,8011904,16,17,122
2023-07-03,8010130,8010129,9,26,44
2023-07-03,8010130,8010130,31,52,58
2023-07-03,8010130,8012388,18,26,60
2023-07-03,8010185,8010185,44,52,79
2023-07-03,8010185,8011971,25,26,90
2023-07-03,8010185,8013450,16,19,92
2023-07-03,8010253,8010108,51,53,110
2023-07-03,8010253,8010253,93,106,95
2023-07-03,8010253,8013450,18,20,80
2023-07-03,8010275,8012739,6,17,12
2023-07-03,8010277,8010277,27,32,72
2023-07-03,8010277,8012201,14,16,92
2023-07-03,8010277,8012426,13,17,67
2023-07-03,8010323,8010323,19,36,30
2023-07-03,8010323,8012938,8,18,18
2023-07-03,8010323,8012939,12,19,41
2023-07-03,8010331,8010129,18,26,52
2023-07-03,8010331,8010331,24,52,44
2023-07-03,8010331,8011904,11,26,42
2023-07-03,8010333,8010333,17,40,19
2023-07-03,8010333,8010372,11,20,27
2023-07-03,8010333,8012224,6,20,12
2023-07-03,8010372,8010333,3,20,4
2023-07-03,8010379,8010379,27,36,42
2023-07-03,8010379,8011305,16,18,68
2023-07-03,8010379,8012996,11,18,45
2023-07-03,8010388,8010388,47,52,91
2023-07-03,8010388,8011770,26,26,81
2023-07-03,8010388,8011904,22,26,88
2023-07-03,8010397,8010129,9,17,74
2023-07-03,8010397,8010397,6,33,21
2023-07-03,8010397,8012224,5,20,9
2023-07-03,8010397,8012739,6,17,16
2023-07-03,8010397,8013433,25,26,60
2023-07-03,8010397,8013434,1,18,2
2023-07-03,8011033,8011033,5,5,48
2023-07-03,8011033,8012369,3,3,50
2023-07-03,8011033,8012593,2,2,60
2023-07-03,8011045,8010005,0,2,0
2023-07-03,8011045,8011045,0,6,0
2023-07-03,8011045,8011047,0,4,0
2023-07-03,8011047,8011045,0,2,0
2023-07-03,8011047,8011047,2,6,10
2023-07-03,8011047,8013310,2,4,15
2023-07-03,8011049,8011049,28,36,75
2023-07-03,8011049,8011263,13,18,87
2023-07-03,8011049,8011505,16,18,95
2023-07-03,8011185,8011185,1,30,2
2023-07-03,8011185,8011315,0,15,0
2023-07-03,8011185,8017220,1,15,4
2023-07-03,8011212,8011212,26,33,78
2023-07-03,8011212,8012426,12,16,86
2023-07-03,8011212,8012571,12,17,60
2023-07-03,8011263,8011049,15,18,57
2023-07-03,8011263,8011263,28,36,62
2023-07-03,8011263,8011506,13,18,70
2023-07-03,8011297,8010238,19,19,297
2023-07-03,8011297,8011297,34,38,314
2023-07-03,8011305,8010379,5,18,12
2023-07-03,8011305,8011305,15,36,20
2023-07-03,8011305,8013434,2,18,7
2023-07-03,8011315,8011185,1,15,4
2023-07-03,8011315,8011315,1,30,2
2023-07-03,8011315,8012412,0,15,0
2023-07-03,8011497,8010128,14,17,86
2023-07-03,8011497,8011497,28,34,107
2023-07-03,8011497,8011856,14,17,125
2023-07-03,8011505,8011049,15,18,85
2023-07-03,8011505,8011505,29,36,82
2023-07-03,8011505,8012938,13,18,75
2023-07-03,8011506,8011263,9,18,42
2023-07-03,8011506,8011506,17,36,52
2023-07-03,8011506,8011967,8,18,57
2023-07-03,8011507,8011507,16,38,19
2023-07-03,8011507,8012369,10,19,27
2023-07-03,8011507,8012946,3,19,6
2023-07-03,8011524,8013307,14,18,25
2023-07-03,8011528,8010108,10,16,56
2023-07-03,8011528,8011528,24,32,86
2023-07-03,8011528,8011870,16,16,124
2023-07-03,8011529,8010108,15,20,46
2023-07-03,8011529,8011529,23,40,43
2023-07-03,8011529,8012550,10,20,48
2023-07-03,8011548,8011548,26,32,107
2023-07-03,8011548,8011777,12,16,77
2023-07-03,8011548,8012740,14,16,105
2023-07-03,8011556,8011556,15,40,32
2023-07-03,8011556,8012037,10,20,40
2023-07-03,8011556,8012550,5,20,15
2023-07-03,8011770,8010388,21,26,73
2023-07-03,8011770,8011770,42,52,66
2023-07-03,8011770,8011980,20,26,59
2023-07-03,8011777,8011548,14,16,135
2023-07-03,8011777,8011777,28,32,110
2023-07-03,8011777,8012208,14,16,109
2023-07-03,8011856,8011497,14,17,81
2023-07-03,8011856,8011856,29,34,94
2023-07-03,8011856,8013328,15,17,111
2023-07-03,8011870,8011528,13,16,79
2023-07-03,8011870,8011870,28,32,112
2023-07-03,8011870,8011892,14,16,161
2023-07-03,8011892,8011870,13,16,71
2023-07-03,8011892,8011892,29,32,109
2023-07-03,8011892,8012208,16,16,141
2023-07-03,8011904,8010108,15,16,158
2023-07-03,8011904,8010129,10,17,30
2023-07-03,8011904,8010331,22,26,74
2023-07-03,8011904,8010388,21,26,53
2023-07-03,8011904,8011904,54,86,64
2023-07-03,8011912,8017218,0,15,0
2023-07-03,8011967,8011506,11,18,38
2023-07-03,8011970,8011970,2,5,12
2023-07-03,8011970,8012528,2,3,20
2023-07-03,8011971,8010185,21,26,67
2023-07-03,8011971,8011971,46,52,82
2023-07-03,8011971,8011979,26,26,105
2023-07-03,8011979,8011971,22,26,88
2023-07-03,8011979,8011979,47,52,85
2023-07-03,8011979,8011980,24,26,92
2023-07-03,8011980,8011770,23,26,81
2023-07-03,8011980,8011979,7,26,42
2023-07-03,8011980,8011980,44,52,70
2023-07-03,8012037,8011556,3,20,12
2023-07-03,8012037,8012037,16,40,28
2023-07-03,8012037,8012408,10,20,28
2023-07-03,8012176,8010010,9,19,24
2023-07-03,8012176,8012176,25,38,32
2023-07-03,8012176,8012939,14,19,47
2023-07-03,8012201,8010277,14,16,141
2023-07-03,8012201,8012201,26,32,111
2023-07-03,8012201,8012740,13,16,103
2023-07-03,8012208,8011777,16,16,152
2023-07-03,8012208,8011892,10,16,56
2023-07-03,8012208,8012208,27,32,120
2023-07-03,8012220,8012220,1,30,2
2023-07-03,8012220,8012407,1,15,4
2023-07-03,8012220,8017219,0,15,0
2023-07-03,8012224,8010333,11,20,22
2023-07-03,8012224,8010397,3,20,-26
2023-07-03,8012224,8012224,15,40,15
2023-07-03,8012369,8011033,2,2,60
2023-07-03,8012369,8011507,8,19,16
2023-07-03,8012369,8012369,14,38,21
2023-07-03,8012388,8010130,19,26,53
2023-07-03,8012388,8012388,41,52,66
2023-07-03,8012388,8012534,23,26,88
2023-07-03,8012407,8012220,0,15,0
2023-07-03,8012407,8012407,1,30,2
2023-07-03,8012407,8012412,1,15,4
2023-07-03,8012408,8012037,13,19,32
2023-07-03,8012408,8012408,19,40,25
2023-07-03,8012408,8012483,8,20,28
2023-07-03,8012412,8011315,1,15,4
2023-07-03,8012412,8012407,0,15,0
2023-07-03,8012412,8012412,1,30,2
2023-07-03,8012426,8010277,10,16,66
2023-07-03,8012426,8011212,15,17,79
2023-07-03,8012426,8012426,22,33,72
2023-07-03,8012483,8012044,6,20,18
2023-07-03,8012483,8012408,8,20,26
2023-07-03,8012483,8012483,17,40,28
2023-07-03,8012528,8011970,1,2,15
2023-07-03,8012528,8012528,2,5,12
2023-07-03,8012528,8012593,0,3,0
2023-07-03,8012534,8012388,9,26,44
2023-07-03,8012534,8012534,49,52,73
2023-07-03,8012534,8013433,20,26,76
2023-07-03,8012550,8011529,11,20,32
2023-07-03,8012550,8011556,17,20,70
2023-07-03,8012550,8012550,28,40,47
2023-07-03,8012558,8012558,15,24,60
2023-07-03,8012558,8012559,9,12,92
2023-07-03,8012558,8012571,4,16,15
2023-07-03,8012559,8012558,8,12,55
2023-07-03,8012571,8011212,13,16,71
2023-07-03,8012571,8012558,11,17,69
2023-07-03,8012571,8012571,25,33,61
2023-07-03,8012593,8011033,1,3,10
2023-07-03,8012593,8012528,1,2,15
2023-07-03,8012593,8012593,2,5,12
2023-07-03,8012727,8012727,1,30,2
2023-07-03,8012727,8017218,1,15,4
2023-07-03,8012727,8017220,0,15,0
2023-07-03,8012739,8010275,15,17,62
2023-07-03,8012739,8010397,8,17,21
2023-07-03,8012739,8012739,20,34,27
2023-07-03,8012740,8011548,12,16,81
2023-07-03,8012740,8012201,10,16,68
2023-07-03,8012740,8012740,22,32,82
2023-07-03,8012853,8012853,3,6,20
2023-07-03,8012853,8013235,1,2,60
2023-07-03,8012853,8013312,2,4,15
2023-07-03,8012938,8010323,13,18,60
2023-07-03,8012938,8011505,10,18,32
2023-07-03,8012938,8012938,27,36,52
2023-07-03,8012939,8010323,13,19,36
2023-07-03,8012939,8012176,7,19,24
2023-07-03,8012939,8012939,21,38,36
2023-07-03,8012946,8010359,16,19,35
2023-07-03,8012946,8011507,9,19,32
2023-07-03,8012946,8012946,23,38,24
2023-07-03,8012996,8010379,11,18,22
2023-07-03,8012996,8012996,25,36,34
2023-07-03,8012996,8013307,12,18,33
2023-07-03,8013116,8013116,2,6,10
2023-07-03,8013116,8013310,0,2,0
2023-07-03,8013116,8013343,1,4,0
2023-07-03,8013212,8013212,25,34,69
2023-07-03,8013212,8013311,15,17,111
2023-07-03,8013212,8013328,10,17,51
2023-07-03,8013235,8012853,0,4,0
2023-07-03,8013235,8013235,1,6,10
2023-07-03,8013235,8013343,0,2,0
2023-07-03,8013307,8011524,15,18,70
2023-07-03,8013307,8012996,12,18,28
2023-07-03,8013307,8013307,20,36,31
2023-07-03,8013310,8011047,1,2,30
2023-07-03,8013310,8013116,2,4,22
2023-07-03,8013310,8013310,3,6,20
2023-07-03,8013311,8013212,14,17,65
2023-07-03,8013311,8013311,28,34,79
2023-07-03,8013311,8013427,14,17,78
2023-07-03,8013312,8012853,0,2,0
2023-07-03,8013312,8013312,2,6,10
2023-07-03,8013312,8013427,2,4,22
2023-07-03,8013328,8011856,13,17,60
2023-07-03,8013328,8013212,15,17,92
2023-07-03,8013328,8013328,28,34,84
2023-07-03,8013343,8013116,0,2,0
2023-07-03,8013343,8013235,0,4,0
2023-07-03,8013343,8013343,0,6,-5
2023-07-03,8013427,8013311,12,17,42
2023-07-03,8013427,8013312,1,2,30
2023-07-03,8013427,8013427,4,6,35
2023-07-03,8013433,8010397,20,26,58
2023-07-03,8013433,8012534,25,26,62
2023-07-03,8013433,8013433,45,52,67
2023-07-03,8013434,8010397,3,18,3
2023-07-03,8013434,8011305,4,18,7
2023-07-03,8013434,8013434,2,36,3
2023-07-03,8013450,8010185,16,19,58
2023-07-03,8013450,8010253,14,20,68
2023-07-03,8013450,8013450,23,40,58
2023-07-03,8017218,8011912,1,15,4
2023-07-03,8017218,8012727,0,15,0
2023-07-03,8017218,8017218,1,30,2
2023-07-03,8017219,8010044,0,15,0
2023-07-03,8017219,8012220,1,15,4
2023-07-03,8017219,8017219,1,30,2
2023-07-03,8017220,8011185,0,15,0
2023-07-03,8017220,8012727,1,15,4
2023-07-03,8017220,8017220,1,30,2
2023-07-04,8010010,8012176,2,19,3
2023-07-04,8010044,8010044,0,30,0
2023-07-04,8010044,8017219,0,15,0
2023-07-04,8010108,8010108,128,140,130
2023-07-04,8010108,8010128,15,17,118
2023-07-04,8010108,8010253,50,53,158
2023-07-04,8010108,8011528,14,16,165
2023-07-04,8010108,8011529,18,20,56
2023-07-04,8010108,8011904,13,17,235
2023-07-04,8010108,8013114,16,17,154
2023-07-04,8010128,8010108,17,17,120
2023-07-04,8010128,8010128,34,34,147
2023-07-04,8010128,8011497,17,17,194
2023-07-04,8010129,8010129,59,86,133
2023-07-04,8010129,8010130,25,26,193
2023-07-04,8010129,8010331,12,26,36
2023-07-04,8010129,8010397,13,17,266
2023-07-04,8010129,8011904,16,17,86
2023-07-04,8010130,8010129,12,26,42
2023-07-04,8010130,8010130,36,52,115
2023-07-04,8010130,8012388,22,26,178
2023-07-04,8010185,8010185,51,52,159
2023-07-04,8010185,8011971,26,26,225
2023-07-04,8010185,8013450,19,19,92
2023-07-04,8010253,8010108,53,53,141
2023-07-04,8010253,8010253,104,106,178
2023-07-04,8010253,8013450,19,20,308
2023-07-04,8010275,8012739,6,17,23
2023-07-04,8010277,8010277,28,32,79
2023-07-04,8010277,8012201,15,16,101
2023-07-04,8010277,8012426,15,17,83
2023-07-04,8010323,8010323,11,36,18
2023-07-04,8010323,8012938,3,18,10
2023-07-04,8010323,8012939,7,19,19
2023-07-04,8010331,8010129,21,26,170
2023-07-04,8010331,8010331,33,52,102
2023-07-04,8010331,8011904,13,26,38
2023-07-04,8010333,8010333,5,40,14
2023-07-04,8010333,8010372,5,20,24
2023-07-04,8010333,8012224,2,20,2
2023-07-04,8010372,8010333,2,20,3
2023-07-04,8010379,8010379,26,36,56
2023-07-04,8010379,8011305,14,18,58
2023-07-04,8010379,8012996,14,18,78
2023-07-04,8010388,8010388,52,52,153
2023-07-04,8010388,8011770,26,26,78
2023-07-04,8010388,8011904,26,26,215
2023-07-04,8010397,8010129,11,17,41
2023-07-04,8010397,8010397,15,33,125
2023-07-04,8010397,8012224,1,20,18
2023-07-04,8010397,8012739,13,17,233
2023-07-04,8010397,8013433,25,26,53
2023-07-04,8010397,8013434,9,18,40
2023-07-04,8011033,8011033,4,5,120
2023-07-04,8011033,8012369,3,3,200
2023-07-04,8011033,8012593,2,2,30
2023-07-04,8011049,8011049,15,36,30
2023-07-04,8011049,8011263,7,18,32
2023-07-04,8011049,8011505,8,18,45
2023-07-04,8011185,8011185,0,30,0
2023-07-04,8011185,8011315,0,15,0
2023-07-04,8011185,8017220,0,15,0
2023-07-04,8011212,8011212,25,33,65
2023-07-04,8011212,8012426,12,16,60
2023-07-04,8011212,8012571,14,17,62
2023-07-04,8011263,8011049,7,18,15
2023-07-04,8011263,8011263,14,36,18
2023-07-04,8011263,8011506,7,18,23
2023-07-04,8011297,8010238,18,19,128
2023-07-04,8011297,8011297,30,38,95
2023-07-04,8011305,8010379,4,18,33
2023-07-04,8011305,8011305,15,36,32
2023-07-04,8011305,8013434,3,18,10
2023-07-04,8011315,8011185,0,15,0
2023-07-04,8011315,8011315,0,30,0
2023-07-04,8011315,8012412,0,15,0
2023-07-04,8011497,8010128,17,17,115
2023-07-04,8011497,8011497,34,34,159
2023-07-04,8011497,8011856,17,17,210
2023-07-04,8011505,8011049,8,18,33
2023-07-04,8011505,8011505,15,36,41
2023-07-04,8011505,8012938,8,18,42
2023-07-04,8011506,8011263,6,18,13
2023-07-04,8011506,8011506,10,36,18
2023-07-04,8011506,8011967,4,18,23
2023-07-04,8011507,8011507,24,38,47
2023-07-04,8011507,8012369,10,19,52
2023-07-04,8011507,8012946,4,19,28
2023-07-04,8011524,8013307,9,18,28
2023-07-04,8011528,8010108,12,16,60
2023-07-04,8011528,8011528,28,32,124
2023-07-04,8011528,8011870,16,16,191
2023-07-04,8011529,8010108,18,20,81
2023-07-04,8011529,8011529,26,40,59
2023-07-04,8011529,8012550,14,20,51
2023-07-04,8011548,8011548,27,32,105
2023-07-04,8011548,8011777,14,16,79
2023-07-04,8011548,8012740,13,16,122
2023-07-04,8011556,8011556,21,40,55
2023-07-04,8011556,8012037,15,20,42
2023-07-04,8011556,8012550,6,20,51
2023-07-04,8011770,8010388,26,26,203
2023-07-04,8011770,8011770,49,52,134
2023-07-04,8011770,8011980,24,26,60
2023-07-04,8011777,8011548,14,16,142
2023-07-04,8011777,8011777,29,32,123
2023-07-04,8011777,8012208,15,16,99
2023-07-04,8011856,8011497,17,17,104
2023-07-04,8011856,8011856,33,34,120
2023-07-04,8011856,8013328,16,17,146
2023-07-04,8011870,8011528,16,16,82
2023-07-04,8011870,8011870,31,32,137
2023-07-04,8011870,8011892,15,16,218
2023-07-04,8011892,8011870,14,16,60
2023-07-04,8011892,8011892,28,32,121
2023-07-04,8011892,8012208,11,16,158
2023-07-04,8011904,8010108,16,16,144
2023-07-04,8011904,8010129,14,17,286
2023-07-04,8011904,8010331,26,26,190
2023-07-04,8011904,8010388,25,26,55
2023-07-04,8011904,8011904,68,86,146
2023-07-04,8011912,8017218,0,15,0
2023-07-04,8011967,8011506,6,18,10
2023-07-04,8011970,8011970,2,5,90
2023-07-04,8011970,8012528,3,3,170
2023-07-04,8011971,8010185,24,26,89
2023-07-04,8011971,8011971,50,52,162
2023-07-04,8011971,8011979,26,26,240
2023-07-04,8011979,8011971,26,26,111
2023-07-04,8011979,8011979,52,52,158
2023-07-04,8011979,8011980,26,26,220
2023-07-04,8011980,8011770,26,26,215
2023-07-04,8011980,8011979,10,26,44
2023-07-04,8011980,8011980,50,52,136
2023-07-04,8012037,8011556,5,20,54
2023-07-04,8012037,8012037,17,40,44
2023-07-04,8012037,8012408,11,20,24
2023-07-04,8012176,8010010,7,19,14
2023-07-04,8012176,8012176,15,38,15
2023-07-04,8012176,8012939,8,19,24
2023-07-04,8012201,8010277,15,16,152
2023-07-04,8012201,8012201,30,32,124
2023-07-04,8012201,8012740,15,16,111
2023-07-04,8012208,8011777,12,16,159
2023-07-04,8012208,8011892,13,16,43
2023-07-04,8012208,8012208,27,32,118
2023-07-04,8012220,8012220,0,30,0
2023-07-04,8012220,8012407,0,15,0
2023-07-04,8012220,8017219,0,15,0
2023-07-04,8012224,8010333,5,20,27
2023-07-04,8012224,8010397,1,20,-51
2023-07-04,8012224,8012224,7,40,15
2023-07-04,8012369,8011033,1,2,30
2023-07-04,8012369,8011507,9,19,46
2023-07-04,8012369,8012369,16,38,50
2023-07-04,8012388,8010130,20,26,50
2023-07-04,8012388,8012388,43,52,121
2023-07-04,8012388,8012534,23,26,207
2023-07-04,8012407,8012220,0,15,0
2023-07-04,8012407,8012407,0,30,0
2023-07-04,8012407,8012412,0,15,0
2023-07-04,8012408,8012037,13,19,62
2023-07-04,8012408,8012408,18,40,31
2023-07-04,8012408,8012483,5,20,18
2023-07-04,8012412,8011315,0,15,0
2023-07-04,8012412,8012407,0,15,0
2023-07-04,8012412,8012412,0,30,0
2023-07-04,8012426,8010277,13,16,54
2023-07-04,8012426,8011212,16,17,83
2023-07-04,8012426,8012426,29,33,76
2023-07-04,8012483,8012044,4,20,12
2023-07-04,8012483,8012408,8,20,40
2023-07-04,8012483,8012483,16,40,32
2023-07-04,8012528,8011970,0,2,0
2023-07-04,8012528,8012528,5,5,114
2023-07-04,8012528,8012593,3,3,170
2023-07-04,8012534,8012388,6,26,32
2023-07-04,8012534,8012534,48,52,102
2023-07-04,8012534,8013433,20,26,98
2023-07-04,8012550,8011529,9,20,64
2023-07-04,8012550,8011556,19,20,69
2023-07-04,8012550,8012550,28,40,65
2023-07-04,8012558,8012558,18,24,59
2023-07-04,8012558,8012559,10,12,98
2023-07-04,8012558,8012571,5,16,19
2023-07-04,8012559,8012558,7,12,50
2023-07-04,8012571,8011212,11,16,43
2023-07-04,8012571,8012558,11,17,72
2023-07-04,8012571,8012571,22,33,53
2023-07-04,8012593,8011033,2,3,160
2023-07-04,8012593,8012528,2,2,30
2023-07-04,8012593,8012593,5,5,108
2023-07-04,8012727,8012727,0,30,0
2023-07-04,8012727,8017218,0,15,0
2023-07-04,8012727,8017220,0,15,0
2023-07-04,8012739,8010275,16,17,270
2023-07-04,8012739,8010397,10,17,30
2023-07-04,8012739,8012739,25,34,146
2023-07-04,8012740,8011548,12,16,77
2023-07-04,8012740,8012201,11,16,105
2023-07-04,8012740,8012740,26,32,99
2023-07-04,8012938,8010323,8,18,30
2023-07-04,8012938,8011505,8,18,25
2023-07-04,8012938,8012938,17,36,29
2023-07-04,8012939,8010323,7,19,19
2023-07-04,8012939,8012176,6,19,17
2023-07-04,8012939,8012939,13,38,22
2023-07-04,8012946,8010359,16,19,63
2023-07-04,8012946,8011507,14,19,47
2023-07-04,8012946,8012946,20,38,47
2023-07-04,8012996,8010379,11,18,38
2023-07-04,8012996,8012996,24,36,49
2023-07-04,8012996,8013307,10,18,53
2023-07-04,8013212,8013212,25,34,91
2023-07-04,8013212,8013311,17,17,176
2023-07-04,8013212,8013328,10,17,44
2023-07-04,8013307,8011524,13,18,122
2023-07-04,8013307,8012996,11,18,35
2023-07-04,8013307,8013307,24,36,65
2023-07-04,8013311,8013212,15,17,55
2023-07-04,8013311,8013311,32,34,110
2023-07-04,8013311,8013427,15,17,132
2023-07-04,8013328,8011856,16,17,60
2023-07-04,8013328,8013212,16,17,150
2023-07-04,8013328,8013328,32,34,111
2023-07-04,8013427,8013311,10,17,46
2023-07-04,8013433,8010397,19,26,120
2023-07-04,8013433,8012534,25,26,50
2023-07-04,8013433,8013433,45,52,73
2023-07-04,8013434,8010397,9,18,60
2023-07-04,8013434,8011305,4,18,25
2023-07-04,8013434,8013434,7,36,16
2023-07-04,8013450,8010185,19,19,253
2023-07-04,8013450,8010253,18,20,60
2023-07-04,8013450,8013450,31,40,165
2023-07-04,8017218,8011912,0,15,0
2023-07-04,8017218,8012727,0,15,0
2023-07-04,8017218,8017218,0,30,0
2023-07-04,8017219,8010044,0,15,0
2023-07-04,8017219,8012220,0,15,0
2023-07-04,8017219,8017219,0,30,0
2023-07-04,8017220,8011185,0,15,0
2023-07-04,8017220,8012727,0,15,0
2023-07-04,8017220,8017220,0,30,0
2023-07-05,8010010,8012176,2,19,6
2023-07-05,8010044,8010044,1,30,2
2023-07-05,8010044,8017219,1,15,4
2023-07-05,8010108,8010108,131,140,224
2023-07-05,8010108,8010128,17,17,184
2023-07-05,8010108,8010253,52,53,299
2023-07-05,8010108,8011528,12,16,189
2023-07-05,8010108,8011529,19,20,162
2023-07-05,8010108,8011904,17,17,249
2023-07-05,8010108,8013114,15,17,498
2023-07-05,8010128,8010108,17,17,251
2023-07-05,8010128,8010128,34,34,240
2023-07-05,8010128,8011497,17,17,256
2023-07-05,8010129,8010129,68,86,190
2023-07-05,8010129,8010130,26,26,218
2023-07-05,8010129,8010331,13,26,73
2023-07-05,8010129,8010397,17,17,344
2023-07-05,8010129,8011904,16,17,214
2023-07-05,8010130,8010129,13,26,69
2023-07-05,8010130,8010130,37,52,141
2023-07-05,8010130,8012388,25,26,203
2023-07-05,8010185,8010185,48,52,207
2023-07-05,8010185,8011971,26,26,268
2023-07-05,8010185,8013450,19,19,183
2023-07-05,8010253,8010108,52,53,213
2023-07-05,8010253,8010253,105,106,278
2023-07-05,8010253,8013450,20,20,262
2023-07-05,8010275,8012739,6,17,12
2023-07-05,8010277,8010277,29,32,112
2023-07-05,8010277,8012201,15,16,103
2023-07-05,8010277,8012426,17,17,127
2023-07-05,8010323,8010323,11,36,117
2023-07-05,8010323,8012938,7,18,118
2023-07-05,8010323,8012939,9,19,213
2023-07-05,8010331,8010129,25,26,198
2023-07-05,8010331,8010331,37,52,136
2023-07-05,8010331,8011904,13,26,72
2023-07-05,8010333,8010333,13,40,16
2023-07-05,8010333,8010372,11,20,27
2023-07-05,8010333,8012224,2,20,4
2023-07-05,8010372,8010333,3,20,4
2023-07-05,8010379,8010379,30,36,68
2023-07-05,8010379,8011305,17,18,88
2023-07-05,8010379,8012996,13,18,90
2023-07-05,8010388,8010388,49,52,185
2023-07-05,8010388,8011770,24,26,108
2023-07-05,8010388,8011904,25,26,245
2023-07-05,8010397,8010129,8,17,176
2023-07-05,8010397,8010397,22,33,244
2023-07-05,8010397,8012224,5,20,22
2023-07-05,8010397,8012739,16,17,307
2023-07-05,8010397,8013433,24,26,66
2023-07-05,8010397,8013434,7,18,32
2023-07-05,8011033,8011033,4,5,54
2023-07-05,8011033,8012369,3,3,100
2023-07-05,8011033,8012593,2,2,45
2023-07-05,8011049,8011049,16,36,84
2023-07-05,8011049,8011263,9,18,122
2023-07-05,8011049,8011505,9,18,55
2023-07-05,8011185,8011185,1,30,2
2023-07-05,8011185,8011315,0,15,0
2023-07-05,8011185,8017220,1,15,4
2023-07-05,8011212,8011212,29,33,110
2023-07-05,8011212,8012426,14,16,86
2023-07-05,8011212,8012571,15,17,102
2023-07-05,8011263,8011049,8,18,28
2023-07-05,8011263,8011263,18,36,78
2023-07-05,8011263,8011506,10,18,120
2023-07-05,8011297,8010238,17,19,163
2023-07-05,8011297,8011297,30,38,143
2023-07-05,8011305,8010379,10,18,30
2023-07-05,8011305,8011305,19,36,39
2023-07-05,8011305,8013434,7,18,37
2023-07-05,8011315,8011185,1,15,4
2023-07-05,8011315,8011315,1,30,2
2023-07-05,8011315,8012412,0,15,0
2023-07-05,8011497,8010128,17,17,235
2023-07-05,8011497,8011497,34,34,244
2023-07-05,8011497,8011856,17,17,293
2023-07-05,8011505,8011049,9,18,148
2023-07-05,8011505,8011505,18,36,95
2023-07-05,8011505,8012938,6,18,37
2023-07-05,8011506,8011263,7,18,30
2023-07-05,8011506,8011506,14,36,68
2023-07-05,8011506,8011967,9,18,110
2023-07-05,8011507,8011507,23,38,41
2023-07-05,8011507,8012369,8,19,24
2023-07-05,8011507,8012946,8,19,43
2023-07-05,8011524,8013307,4,18,10
2023-07-05,8011528,8010108,13,16,139
2023-07-05,8011528,8011528,28,32,179
2023-07-05,8011528,8011870,16,16,238
2023-07-05,8011529,8010108,14,20,56
2023-07-05,8011529,8011529,27,40,100
2023-07-05,8011529,8012550,17,20,154
2023-07-05,8011548,8011548,24,32,158
2023-07-05,8011548,8011777,11,16,90
2023-07-05,8011548,8012740,15,16,193
2023-07-05,8011556,8011556,23,40,85
2023-07-05,8011556,8012037,17,20,135
2023-07-05,8011556,8012550,6,20,16
2023-07-05,8011770,8010388,24,26,241
2023-07-05,8011770,8011770,42,52,165
2023-07-05,8011770,8011980,21,26,90
2023-07-05,8011777,8011548,14,16,229
2023-07-05,8011777,8011777,29,32,154
2023-07-05,8011777,8012208,16,16,124
2023-07-05,8011856,8011497,17,17,214
2023-07-05,8011856,8011856,34,34,209
2023-07-05,8011856,8013328,17,17,261
2023-07-05,8011870,8011528,15,16,159
2023-07-05,8011870,8011870,31,32,192
2023-07-05,8011870,8011892,15,16,262
2023-07-05,8011892,8011870,12,16,81
2023-07-05,8011892,8011892,28,32,160
2023-07-05,8011892,8012208,16,16,232
2023-07-05,8011904,8010108,16,16,384
2023-07-05,8011904,8010129,17,17,379
2023-07-05,8011904,8010331,24,26,225
2023-07-05,8011904,8010388,20,26,82
2023-07-05,8011904,8011904,66,86,206
2023-07-05,8011912,8017218,0,15,0
2023-07-05,8011967,8011506,7,18,20
2023-07-05,8011970,8011970,2,5,48
2023-07-05,8011970,8012528,2,3,80
2023-07-05,8011971,8010185,23,26,140
2023-07-05,8011971,8011971,49,52,210
2023-07-05,8011971,8011979,26,26,285
2023-07-05,8011979,8011971,25,26,164
2023-07-05,8011979,8011979,51,52,201
2023-07-05,8011979,8011980,24,26,250
2023-07-05,8011980,8011770,24,26,249
2023-07-05,8011980,8011979,14,26,90
2023-07-05,8011980,8011980,46,52,173
2023-07-05,8012037,8011556,5,20,15
2023-07-05,8012037,8012037,20,40,69
2023-07-05,8012037,8012408,14,20,104
2023-07-05,8012176,8010010,7,19,109
2023-07-05,8012176,8012176,15,38,116
2023-07-05,8012176,8012939,8,19,35
2023-07-05,8012201,8010277,16,16,242
2023-07-05,8012201,8012201,29,32,171
2023-07-05,8012201,8012740,13,16,129
2023-07-05,8012208,8011777,15,16,212
2023-07-05,8012208,8011892,10,16,73
2023-07-05,8012208,8012208,28,32,170
2023-07-05,8012220,8012220,1,30,2
2023-07-05,8012220,8012407,1,15,4
2023-07-05,8012220,8017219,0,15,0
2023-07-05,8012224,8010333,7,20,26
2023-07-05,8012224,8010397,2,20,-22
2023-07-05,8012224,8012224,9,40,18
2023-07-05,8012369,8011033,1,2,30
2023-07-05,8012369,8011507,12,19,71
2023-07-05,8012369,8012369,18,38,46
2023-07-05,8012388,8010130,18,26,72
2023-07-05,8012388,8012388,43,52,147
2023-07-05,8012388,8012534,25,26,237
2023-07-05,8012407,8012220,0,15,0
2023-07-05,8012407,8012407,1,30,2
2023-07-05,8012407,8012412,1,15,4
2023-07-05,8012408,8012037,12,19,32
2023-07-05,8012408,8012408,24,40,58
2023-07-05,8012408,8012483,11,20,88
2023-07-05,8012412,8011315,1,15,4
2023-07-05,8012412,8012407,0,15,0
2023-07-05,8012412,8012412,1,30,2
2023-07-05,8012426,8010277,13,16,68
2023-07-05,8012426,8011212,17,17,120
2023-07-05,8012426,8012426,30,33,100
2023-07-05,8012483,8012044,10,20,80
2023-07-05,8012483,8012408,9,20,27
2023-07-05,8012483,8012483,24,40,62
2023-07-05,8012528,8011970,0,2,0
2023-07-05,8012528,8012528,4,5,42
2023-07-05,8012528,8012593,2,3,40
2023-07-05,8012534,8012388,8,26,59
2023-07-05,8012534,8012534,49,52,144
2023-07-05,8012534,8013433,22,26,202
2023-07-05,8012550,8011529,9,20,30
2023-07-05,8012550,8011556,19,20,168
2023-07-05,8012550,8012550,28,40,98
2023-07-05,8012558,8012558,19,24,78
2023-07-05,8012558,8012559,11,12,142
2023-07-05,8012558,8012571,8,16,24
2023-07-05,8012559,8012558,9,12,42
2023-07-05,8012571,8011212,11,16,66
2023-07-05,8012571,8012558,13,17,109
2023-07-05,8012571,8012571,23,33,77
2023-07-05,8012593,8011033,2,3,30
2023-07-05,8012593,8012528,2,2,45
2023-07-05,8012593,8012593,4,5,42
2023-07-05,8012727,8012727,1,30,2
2023-07-05,8012727,8017218,1,15,4
2023-07-05,8012727,8017220,0,15,0
2023-07-05,8012739,8010275,16,17,295
2023-07-05,8012739,8010397,9,17,92
2023-07-05,8012739,8012739,25,34,176
2023-07-05,8012740,8011548,12,16,98
2023-07-05,8012740,8012201,14,16,169
2023-07-05,8012740,8012740,28,32,139
2023-07-05,8012938,8010323,5,18,27
2023-07-05,8012938,8011505,8,18,125
2023-07-05,8012938,8012938,14,36,81
2023-07-05,8012939,8010323,11,19,118
2023-07-05,8012939,8012176,7,19,213
2023-07-05,8012939,8012939,15,38,147
2023-07-05,8012946,8010359,16,19,85
2023-07-05,8012946,8011507,9,19,19
2023-07-05,8012946,8012946,18,38,41
2023-07-05,8012996,8010379,11,18,45
2023-07-05,8012996,8012996,26,36,63
2023-07-05,8012996,8013307,14,18,60
2023-07-05,8013212,8013212,23,34,124
2023-07-05,8013212,8013311,15,17,244
2023-07-05,8013212,8013328,8,17,30
2023-07-05,8013307,8011524,14,18,78
2023-07-05,8013307,8012996,10,18,43
2023-07-05,8013307,8013307,21,36,45
2023-07-05,8013311,8013212,10,17,35
2023-07-05,8013311,8013311,25,34,141
2023-07-05,8013311,8013427,15,17,224
2023-07-05,8013328,8011856,12,17,42
2023-07-05,8013328,8013212,16,17,256
2023-07-05,8013328,8013328,28,34,156
2023-07-05,8013427,8013311,9,17,32
2023-07-05,8013433,8010397,23,26,189
2023-07-05,8013433,8012534,24,26,60
2023-07-05,8013433,8013433,46,52,133
2023-07-05,8013434,8010397,11,18,53
2023-07-05,8013434,8011305,5,18,15
2023-07-05,8013434,8013434,14,36,29
2023-07-05,8013450,8010185,18,19,246
2023-07-05,8013450,8010253,18,20,168
2023-07-05,8013450,8013450,37,40,199
2023-07-05,8017218,8011912,1,15,4
2023-07-05,8017218,8012727,0,15,0
2023-07-05,8017218,8017218,1,30,2
2023-07-05,8017219,8010044,0,15,0
2023-07-05,8017219,8012220,1,15,4
2023-07-05,8017219,8017219,1,30,2
2023-07-05,8017220,8011185,0,15,0
2023-07-05,8017220,8012727,1,15,4
2023-07-05,8017220,8017220,1,30,2
2023-07-06,8010010,8012176,2,19,3
2023-07-06,8010044,8010044,2,30,4
2023-07-06,8010044,8017219,2,15,8
2023-07-06,8010108,8010108,126,140,177
2023-07-06,8010108,8010128,17,17,189
2023-07-06,8010108,8010253,50,53,211
2023-07-06,8010108,8011528,15,16,216
2023-07-06,8010108,8011529,17,20,120
2023-07-06,8010108,8011904,16,17,226
2023-07-06,8010108,8013114,16,17,337
2023-07-06,8010128,8010108,17,17,201
2023-07-06,8010128,8010128,33,34,221
2023-07-06,8010128,8011497,17,17,272
2023-07-06,8010129,8010129,63,86,136
2023-07-06,8010129,8010130,26,26,182
2023-07-06,8010129,8010331,9,26,40
2023-07-06,8010129,8010397,16,17,284
2023-07-06,8010129,8011904,16,17,78
2023-07-06,8010130,8010129,8,26,44
2023-07-06,8010130,8010130,34,52,114
2023-07-06,8010130,8012388,24,26,174
2023-07-06,8010185,8010185,47,52,153
2023-07-06,8010185,8011971,26,26,215
2023-07-06,8010185,8013450,18,19,107
2023-07-06,8010253,8010108,51,53,211
2023-07-06,8010253,8010253,103,106,238
2023-07-06,8010253,8013450,20,20,166
2023-07-06,8010275,8012739,7,17,46
2023-07-06,8010277,8010277,26,32,93
2023-07-06,8010277,8012201,13,16,81
2023-07-06,8010277,8012426,12,17,97
2023-07-06,8010323,8010323,11,36,14
2023-07-06,8010323,8012938,0,18,0
2023-07-06,8010323,8012939,11,19,22
2023-07-06,8010331,8010129,25,26,152
2023-07-06,8010331,8010331,32,52,96
2023-07-06,8010331,8011904,10,26,40
2023-07-06,8010333,8010333,9,40,51
2023-07-06,8010333,8010372,5,20,14
2023-07-06,8010333,8012224,3,20,4
2023-07-06,8010372,8010333,2,20,3
2023-07-06,8010379,8010379,23,36,38
2023-07-06,8010379,8011305,11,18,42
2023-07-06,8010379,8012996,13,18,65
2023-07-06,8010388,8010388,50,52,149
2023-07-06,8010388,8011770,24,26,81
2023-07-06,8010388,8011904,26,26,204
2023-07-06,8010397,8010129,9,17,55
2023-07-06,8010397,8010397,18,33,143
2023-07-06,8010397,8012224,3,20,10
2023-07-06,8010397,8012739,17,17,238
2023-07-06,8010397,8013433,24,26,53
2023-07-06,8010397,8013434,2,18,5
2023-07-06,8011033,8011033,3,5,24
2023-07-06,8011033,8012369,2,3,60
2023-07-06,8011033,8012593,0,2,0
2023-07-06,8011049,8011049,16,36,37
2023-07-06,8011049,8011263,7,18,42
2023-07-06,8011049,8011505,9,18,52
2023-07-06,8011185,8011185,2,30,4
2023-07-06,8011185,8011315,0,15,0
2023-07-06,8011185,8017220,2,15,8
2023-07-06,8011212,8011212,25,33,89
2023-07-06,8011212,8012426,12,16,71
2023-07-06,8011212,8012571,12,17,90
2023-07-06,8011263,8011049,9,18,20
2023-07-06,8011263,8011263,17,36,27
2023-07-06,8011263,8011506,8,18,37
2023-07-06,8011297,8010238,18,19,193
2023-07-06,8011297,8011297,36,38,186
2023-07-06,8011305,8010379,4,18,12
2023-07-06,8011305,8011305,10,36,16
2023-07-06,8011305,8013434,2,18,8
2023-07-06,8011315,8011185,2,15,8
2023-07-06,8011315,8011315,2,30,4
2023-07-06,8011315,8012412,0,15,0
2023-07-06,8011497,8010128,15,17,187
2023-07-06,8011497,8011497,32,34,235
2023-07-06,8011497,8011856,17,17,275
2023-07-06,8011505,8011049,6,18,38
2023-07-06,8011505,8011505,15,36,41
2023-07-06,8011505,8012938,8,18,42
2023-07-06,8011506,8011263,6,18,12
2023-07-06,8011506,8011506,9,36,16
2023-07-06,8011506,8011967,5,18,28
2023-07-06,8011507,8011507,22,38,56
2023-07-06,8011507,8012369,9,19,25
2023-07-06,8011507,8012946,8,19,68
2023-07-06,8011524,8013307,2,18,5
2023-07-06,8011528,8010108,13,16,150
2023-07-06,8011528,8011528,27,32,189
2023-07-06,8011528,8011870,15,16,229
2023-07-06,8011529,8010108,14,20,40
2023-07-06,8011529,8011529,25,40,75
2023-07-06,8011529,8012550,14,20,112
2023-07-06,8011548,8011548,26,32,137
2023-07-06,8011548,8011777,12,16,64
2023-07-06,8011548,8012740,14,16,189
2023-07-06,8011556,8011556,23,40,79
2023-07-06,8011556,8012037,17,20,117
2023-07-06,8011556,8012550,6,20,18
2023-07-06,8011770,8010388,25,26,188
2023-07-06,8011770,8011770,47,52,125
2023-07-06,8011770,8011980,24,26,55
2023-07-06,8011777,8011548,14,16,221
2023-07-06,8011777,8011777,28,32,146
2023-07-06,8011777,8012208,14,16,81
2023-07-06,8011856,8011497,16,17,184
2023-07-06,8011856,8011856,33,34,180
2023-07-06,8011856,8013328,17,17,229
2023-07-06,8011870,8011528,15,16,174
2023-07-06,8011870,8011870,31,32,175
2023-07-06,8011870,8011892,16,16,255
2023-07-06,8011892,8011870,10,16,39
2023-07-06,8011892,8011892,26,32,143
2023-07-06,8011892,8012208,16,16,223
2023-07-06,8011904,8010108,15,16,225
2023-07-06,8011904,8010129,17,17,330
2023-07-06,8011904,8010331,24,26,177
2023-07-06,8011904,8010388,22,26,55
2023-07-06,8011904,8011904,65,86,150
2023-07-06,8011912,8017218,0,15,0
2023-07-06,8011967,8011506,4,18,7
2023-07-06,8011970,8011970,1,5,6
2023-07-06,8011970,8012528,0,3,0
2023-07-06,8011971,8010185,22,26,84
2023-07-06,8011971,8011971,51,52,155
2023-07-06,8011971,8011979,26,26,232
2023-07-06,8011979,8011971,25,26,107
2023-07-06,8011979,8011979,50,52,150
2023-07-06,8011979,8011980,25,26,212
2023-07-06,8011980,8011770,25,26,205
2023-07-06,8011980,8011979,7,26,38
2023-07-06,8011980,8011980,49,52,132
2023-07-06,8012037,8011556,3,20,15
2023-07-06,8012037,8012037,22,40,62
2023-07-06,8012037,8012408,14,20,86
2023-07-06,8012176,8010010,5,19,8
2023-07-06,8012176,8012176,16,38,18
2023-07-06,8012176,8012939,9,19,27
2023-07-06,8012201,8010277,14,16,191
2023-07-06,8012201,8012201,26,32,136
2023-07-06,8012201,8012740,13,16,94
2023-07-06,8012208,8011777,15,16,236
2023-07-06,8012208,8011892,10,16,34
2023-07-06,8012208,8012208,28,32,147
2023-07-06,8012220,8012220,2,30,4
2023-07-06,8012220,8012407,2,15,8
2023-07-06,8012220,8017219,0,15,0
2023-07-06,8012224,8010333,2,20,88
2023-07-06,8012224,8010397,0,20,-28
2023-07-06,8012224,8012224,2,40,4
2023-07-06,8012369,8011033,1,2,15
2023-07-06,8012369,8011507,14,19,95
2023-07-06,8012369,8012369,21,38,59
2023-07-06,8012388,8010130,18,26,55
2023-07-06,8012388,8012388,43,52,122
2023-07-06,8012388,8012534,25,26,193
2023-07-06,8012407,8012220,0,15,0
2023-07-06,8012407,8012407,2,30,4
2023-07-06,8012407,8012412,2,15,8
2023-07-06,8012408,8012037,12,19,41
2023-07-06,8012408,8012408,21,40,52
2023-07-06,8012408,8012483,11,20,66
2023-07-06,8012412,8011315,2,15,8
2023-07-06,8012412,8012407,0,15,0
2023-07-06,8012412,8012412,2,30,4
2023-07-06,8012426,8010277,11,16,60
2023-07-06,8012426,8011212,13,17,116
2023-07-06,8012426,8012426,24,33,85
2023-07-06,8012483,8012044,8,20,51
2023-07-06,8012483,8012408,10,20,33
2023-07-06,8012483,8012483,22,40,47
2023-07-06,8012528,8011970,0,2,0
2023-07-06,8012528,8012528,0,5,0
2023-07-06,8012528,8012593,0,3,0
2023-07-06,8012534,8012388,7,26,44
2023-07-06,8012534,8012534,48,52,119
2023-07-06,8012534,8013433,24,26,177
2023-07-06,8012550,8011529,12,20,33
2023-07-06,8012550,8011556,18,20,147
2023-07-06,8012550,8012550,28,40,82
2023-07-06,8012558,8012558,17,24,75
2023-07-06,8012558,8012559,8,12,135
2023-07-06,8012558,8012571,6,16,17
2023-07-06,8012559,8012558,5,12,25
2023-07-06,8012571,8011212,10,16,45
2023-07-06,8012571,8012558,11,17,95
2023-07-06,8012571,8012571,21,33,65
2023-07-06,8012593,8011033,1,3,10
2023-07-06,8012593,8012528,0,2,0
2023-07-06,8012593,8012593,0,5,0
2023-07-06,8012727,8012727,2,30,4
2023-07-06,8012727,8017218,2,15,8
2023-07-06,8012727,8017220,0,15,0
2023-07-06,8012739,8010275,17,17,229
2023-07-06,8012739,8010397,9,17,46
2023-07-06,8012739,8012739,27,34,156
2023-07-06,8012740,8011548,13,16,69
2023-07-06,8012740,8012201,13,16,163
2023-07-06,8012740,8012740,26,32,125
2023-07-06,8012938,8010323,7,18,28
2023-07-06,8012938,8011505,3,18,7
2023-07-06,8012938,8012938,10,36,20
2023-07-06,8012939,8010323,4,19,11
2023-07-06,8012939,8012176,9,19,21
2023-07-06,8012939,8012939,14,38,18
2023-07-06,8012946,8010359,17,19,92
2023-07-06,8012946,8011507,8,19,30
2023-07-06,8012946,8012946,21,38,51
2023-07-06,8012996,8010379,8,18,15
2023-07-06,8012996,8012996,24,36,39
2023-07-06,8012996,8013307,16,18,55
2023-07-06,8013212,8013212,27,34,148
2023-07-06,8013212,8013311,17,17,245
2023-07-06,8013212,8013328,12,17,79
2023-07-06,8013307,8011524,14,18,95
2023-07-06,8013307,8012996,7,18,15
2023-07-06,8013307,8013307,18,36,39
2023-07-06,8013311,8013212,13,17,83
2023-07-06,8013311,8013311,28,34,149
2023-07-06,8013311,8013427,15,17,192
2023-07-06,8013328,8011856,13,17,78
2023-07-06,8013328,8013212,17,17,242
2023-07-06,8013328,8013328,30,34,173
2023-07-06,8013427,8013311,13,17,65
2023-07-06,8013433,8010397,22,26,163
2023-07-06,8013433,8012534,23,26,48
2023-07-06,8013433,8013433,48,52,114
2023-07-06,8013434,8010397,2,18,8
2023-07-06,8013434,8011305,2,18,3
2023-07-06,8013434,8013434,3,36,5
2023-07-06,8013450,8010185,19,19,171
2023-07-06,8013450,8010253,19,20,130
2023-07-06,8013450,8013450,32,40,134
2023-07-06,8017218,8011912,2,15,8
2023-07-06,8017218,8012727,0,15,0
2023-07-06,8017218,8017218,2,30,4
2023-07-06,8017219,8010044,0,15,0
2023-07-06,8017219,8012220,2,15,8
2023-07-06,8017219,8017219,2,30,4
2023-07-06,8017220,8011185,0,15,0
2023-07-06,8017220,8012727,2,15,8
2023-07-06,8017220,8017220,2,30,4
2023-07-07,8010010,8012176,2,20,10
2023-07-07,8010044,8010044,0,30,0
2023-07-07,8010044,8017219,0,15,0
2023-07-07,8010108,8010108,93,140,96
2023-07-07,8010108,8010128,16,17,141
2023-07-07,8010108,8010253,40,53,123
2023-07-07,8010108,8011528,13,16,124
2023-07-07,8010108,8011529,14,20,34
2023-07-07,8010108,8011904,12,17,136
2023-07-07,8010108,8013114,13,17,134
2023-07-07,8010128,8010108,12,17,127
2023-07-07,8010128,8010128,28,34,154
2023-07-07,8010128,8011497,16,17,189
2023-07-07,8010129,8010129,34,86,52
2023-07-07,8010129,8010130,17,26,67
2023-07-07,8010129,8010331,17,26,24
2023-07-07,8010129,8010397,8,17,182
2023-07-07,8010129,8011904,9,17,34
2023-07-07,8010130,8010129,7,26,17
2023-07-07,8010130,8010130,24,52,42
2023-07-07,8010130,8012388,13,26,54
2023-07-07,8010185,8010185,37,52,57
2023-07-07,8010185,8011971,24,26,81
2023-07-07,8010185,8013450,15,19,44
2023-07-07,8010253,8010108,42,53,117
2023-07-07,8010253,8010253,85,106,133
2023-07-07,8010253,8013450,16,20,72
2023-07-07,8010275,8012739,7,17,16
2023-07-07,8010277,8010277,23,32,70
2023-07-07,8010277,8012201,15,16,86
2023-07-07,8010277,8012426,12,17,60
2023-07-07,8010323,8010323,10,36,18
2023-07-07,8010323,8012938,4,18,17
2023-07-07,8010323,8012939,4,19,9
2023-07-07,8010331,8010129,12,26,53
2023-07-07,8010331,8010331,32,52,42
2023-07-07,8010331,8011904,6,26,10
2023-07-07,8010333,8010333,11,40,14
2023-07-07,8010333,8010372,7,20,14
2023-07-07,8010333,8012224,4,20,10
2023-07-07,8010372,8010333,2,20,4
2023-07-07,8010379,8010379,33,38,53
2023-07-07,8010379,8011305,19,19,69
2023-07-07,8010379,8012996,16,19,65
2023-07-07,8010388,8010388,32,52,73
2023-07-07,8010388,8011770,23,26,43
2023-07-07,8010388,8011904,19,26,75
2023-07-07,8010397,8010129,7,17,25
2023-07-07,8010397,8010397,14,33,136
2023-07-07,8010397,8012224,8,20,18
2023-07-07,8010397,8012739,10,17,233
2023-07-07,8010397,8013433,24,26,31
2023-07-07,8010397,8013434,2,19,9
2023-07-07,8011033,8011033,3,5,102
2023-07-07,8011033,8012369,2,3,40
2023-07-07,8011033,8012593,1,2,210
2023-07-07,8011049,8011049,21,36,59
2023-07-07,8011049,8011263,10,18,83
2023-07-07,8011049,8011505,8,18,43
2023-07-07,8011185,8011185,0,30,0
2023-07-07,8011185,8011315,0,15,0
2023-07-07,8011185,8017220,0,15,0
2023-07-07,8011212,8011212,24,33,75
2023-07-07,8011212,8012426,15,16,103
2023-07-07,8011212,8012571,8,17,35
2023-07-07,8011263,8011049,8,18,18
2023-07-07,8011263,8011263,23,36,58
2023-07-07,8011263,8011506,15,18,100
2023-07-07,8011297,8010238,17,19,169
2023-07-07,8011297,8011297,29,38,157
2023-07-07,8011305,8010379,11,19,32
2023-07-07,8011305,8011305,23,38,32
2023-07-07,8011305,8013434,2,19,9
2023-07-07,8011315,8011185,0,15,0
2023-07-07,8011315,8011315,0,30,0
2023-07-07,8011315,8012412,0,15,0
2023-07-07,8011497,8010128,14,17,129
2023-07-07,8011497,8011497,29,34,153
2023-07-07,8011497,8011856,16,17,182
2023-07-07,8011505,8011049,14,18,128
2023-07-07,8011505,8011505,22,36,64
2023-07-07,8011505,8012938,8,18,32
2023-07-07,8011506,8011263,6,18,13
2023-07-07,8011506,8011506,17,36,52
2023-07-07,8011506,8011967,12,18,60
2023-07-07,8011507,8011507,16,38,77
2023-07-07,8011507,8012369,12,19,90
2023-07-07,8011507,8012946,7,19,63
2023-07-07,8011524,8013307,11,19,17
2023-07-07,8011528,8010108,14,16,82
2023-07-07,8011528,8011528,29,32,112
2023-07-07,8011528,8011870,16,16,161
2023-07-07,8011529,8010108,9,20,22
2023-07-07,8011529,8011529,26,40,32
2023-07-07,8011529,8012550,8,20,26
2023-07-07,8011548,8011548,24,32,113
2023-07-07,8011548,8011777,12,16,84
2023-07-07,8011548,8012740,12,16,112
2023-07-07,8011556,8011556,9,40,15
2023-07-07,8011556,8012037,7,20,14
2023-07-07,8011556,8012550,2,20,4
2023-07-07,8011770,8010388,15,26,95
2023-07-07,8011770,8011770,39,52,52
2023-07-07,8011770,8011980,21,26,31
2023-07-07,8011777,8011548,14,16,133
2023-07-07,8011777,8011777,28,32,103
2023-07-07,8011777,8012208,14,16,105
2023-07-07,8011856,8011497,15,17,115
2023-07-07,8011856,8011856,32,34,146
2023-07-07,8011856,8013328,15,17,178
2023-07-07,8011870,8011528,14,16,77
2023-07-07,8011870,8011870,28,32,116
2023-07-07,8011870,8011892,13,16,184
2023-07-07,8011892,8011870,11,16,52
2023-07-07,8011892,8011892,25,32,121
2023-07-07,8011892,8012208,14,16,174
2023-07-07,8011904,8010108,14,16,94
2023-07-07,8011904,8010129,9,17,143
2023-07-07,8011904,8010331,16,26,73
2023-07-07,8011904,8010388,11,26,17
2023-07-07,8011904,8011904,36,86,58
2023-07-07,8011912,8017218,0,15,0
2023-07-07,8011967,8011506,10,18,17
2023-07-07,8011970,8011970,3,5,90
2023-07-07,8011970,8012528,1,3,20
2023-07-07,8011971,8010185,17,26,33
2023-07-07,8011971,8011971,46,52,62
2023-07-07,8011971,8011979,24,26,95
2023-07-07,8011979,8011971,23,26,50
2023-07-07,8011979,8011979,37,52,59
2023-07-07,8011979,8011980,19,26,84
2023-07-07,8011980,8011770,18,26,76
2023-07-07,8011980,8011979,3,26,8
2023-07-07,8011980,8011980,40,52,54
2023-07-07,8012037,8011556,1,20,6
2023-07-07,8012037,8012037,12,40,14
2023-07-07,8012037,8012408,6,20,12
2023-07-07,8012176,8010010,2,19,3
2023-07-07,8012176,8012176,18,39,23
2023-07-07,8012176,8012939,14,20,46
2023-07-07,8012201,8010277,10,16,129
2023-07-07,8012201,8012201,25,32,109
2023-07-07,8012201,8012740,15,16,112
2023-07-07,8012208,8011777,13,16,137
2023-07-07,8012208,8011892,10,16,51
2023-07-07,8012208,8012208,26,32,125
2023-07-07,8012220,8012220,0,30,0
2023-07-07,8012220,8012407,0,15,0
2023-07-07,8012220,8017219,0,15,0
2023-07-07,8012224,8010333,5,20,14
2023-07-07,8012224,8010397,2,20,-28
2023-07-07,8012224,8012224,10,40,12
2023-07-07,8012369,8011033,1,2,210
2023-07-07,8012369,8011507,8,19,74
2023-07-07,8012369,8012369,20,38,76
2023-07-07,8012388,8010130,11,26,23
2023-07-07,8012388,8012388,24,52,44
2023-07-07,8012388,8012534,17,26,82
2023-07-07,8012407,8012220,0,15,0
2023-07-07,8012407,8012407,0,30,0
2023-07-07,8012407,8012412,0,15,0
2023-07-07,8012408,8012037,13,19,33
2023-07-07,8012408,8012408,15,40,18
2023-07-07,8012408,8012483,10,20,20
2023-07-07,8012412,8011315,0,15,0
2023-07-07,8012412,8012407,0,15,0
2023-07-07,8012412,8012412,0,30,0
2023-07-07,8012426,8010277,13,16,73
2023-07-07,8012426,8011212,10,17,67
2023-07-07,8012426,8012426,24,33,77
2023-07-07,8012483,8012044,2,20,3
2023-07-07,8012483,8012408,10,20,16
2023-07-07,8012483,8012483,21,40,19
2023-07-07,8012528,8011970,2,2,210
2023-07-07,8012528,8012528,2,5,84
2023-07-07,8012528,8012593,1,3,20
2023-07-07,8012534,8012388,4,26,9
2023-07-07,8012534,8012534,40,52,54
2023-07-07,8012534,8013433,15,26,72
2023-07-07,8012550,8011529,12,20,27
2023-07-07,8012550,8011556,13,20,38
2023-07-07,8012550,8012550,18,40,25
2023-07-07,8012558,8012558,14,24,55
2023-07-07,8012558,8012559,8,12,98
2023-07-07,8012558,8012571,5,16,15
2023-07-07,8012559,8012558,10,12,68
2023-07-07,8012571,8011212,12,16,66
2023-07-07,8012571,8012558,8,17,48
2023-07-07,8012571,8012571,18,33,38
2023-07-07,8012593,8011033,1,3,20
2023-07-07,8012593,8012528,1,2,180
2023-07-07,8012593,8012593,2,5,90
2023-07-07,8012727,8012727,0,30,0
2023-07-07,8012727,8017218,0,15,0
2023-07-07,8012727,8017220,0,15,0
2023-07-07,8012739,8010275,16,17,247
2023-07-07,8012739,8010397,8,17,26
2023-07-07,8012739,8012739,24,34,134
2023-07-07,8012740,8011548,14,16,101
2023-07-07,8012740,8012201,12,16,84
2023-07-07,8012740,8012740,27,32,99
2023-07-07,8012938,8010323,7,18,23
2023-07-07,8012938,8011505,9,18,32
2023-07-07,8012938,8012938,17,36,29
2023-07-07,8012939,8010323,12,20,33
2023-07-07,8012939,8012176,7,19,13
2023-07-07,8012939,8012939,18,39,24
2023-07-07,8012946,8010359,16,19,93
2023-07-07,8012946,8011507,8,19,85
2023-07-07,8012946,8012946,19,38,78
2023-07-07,8012996,8010379,9,19,19
2023-07-07,8012996,8012996,26,38,37
2023-07-07,8012996,8013307,15,19,55
2023-07-07,8013212,8013212,19,34,139
2023-07-07,8013212,8013311,15,17,198
2023-07-07,8013212,8013328,8,17,120
2023-07-07,8013307,8011524,16,19,96
2023-07-07,8013307,8012996,12,19,25
2023-07-07,8013307,8013307,25,38,44
2023-07-07,8013311,8013212,9,17,124
2023-07-07,8013311,8013311,23,34,159
2023-07-07,8013311,8013427,11,17,166
2023-07-07,8013328,8011856,11,17,125
2023-07-07,8013328,8013212,16,17,185
2023-07-07,8013328,8013328,27,34,167
2023-07-07,8013427,8013311,9,17,109
2023-07-07,8013433,8010397,14,26,68
2023-07-07,8013433,8012534,23,26,29
2023-07-07,8013433,8013433,39,52,50
2023-07-07,8013434,8010397,2,19,5
2023-07-07,8013434,8011305,8,19,17
2023-07-07,8013434,8013434,4,38,9
2023-07-07,8013450,8010185,17,19,73
2023-07-07,8013450,8010253,16,20,40
2023-07-07,8013450,8013450,28,40,47
2023-07-07,8017218,8011912,0,15,0
2023-07-07,8017218,8012727,0,15,0
2023-07-07,8017218,8017218,0,30,0
2023-07-07,8017219,8010044,0,15,0
2023-07-07,8017219,8012220,0,15,0
2023-07-07,8017219,8017219,0,30,0
2023-07-07,8017220,8011185,0,15,0
2023-07-07,8017220,8012727,0,15,0
2023-07-07,8017220,8017220,0,30,0
2023-07-08,8010010,8012176,2,19,6
2023-07-08,8010044,8010044,0,22,0
2023-07-08,8010044,8017219,0,11,0
2023-07-08,8010108,8010108,85,118,51
2023-07-08,8010108,8010128,12,13,51
2023-07-08,8010108,8010253,35,42,74
2023-07-08,8010108,8011528,6,9,47
2023-07-08,8010108,8011529,14,20,39
2023-07-08,8010108,8011904,3,17,12
2023-07-08,8010108,8013114,12,17,62
2023-07-08,8010128,8010108,10,13,95
2023-07-08,8010128,8010128,23,26,98
2023-07-08,8010128,8011497,13,13,113
2023-07-08,8010129,8010129,32,74,29
2023-07-08,8010129,8010130,19,20,62
2023-07-08,8010129,8010331,5,20,8
2023-07-08,8010129,8010397,2,17,7
2023-07-08,8010129,8011904,16,17,51
2023-07-08,8010130,8010129,6,20,16
2023-07-08,8010130,8010130,24,40,37
2023-07-08,8010130,8012388,6,20,36
2023-07-08,8010185,8010185,23,40,45
2023-07-08,8010185,8011971,20,20,82
2023-07-08,8010185,8013450,12,19,39
2023-07-08,8010253,8010108,41,42,71
2023-07-08,8010253,8010253,72,84,71
2023-07-08,8010253,8013450,18,20,57
2023-07-08,8010275,8012739,3,17,5
2023-07-08,8010277,8010277,11,18,47
2023-07-08,8010277,8012201,6,9,47
2023-07-08,8010277,8012426,6,9,43
2023-07-08,8010323,8010323,14,34,19
2023-07-08,8010323,8012938,5,17,9
2023-07-08,8010323,8012939,12,18,22
2023-07-08,8010331,8010129,8,20,34
2023-07-08,8010331,8010331,11,40,20
2023-07-08,8010331,8011904,5,20,8
2023-07-08,8010333,8010333,7,40,8
2023-07-08,8010333,8010372,3,20,10
2023-07-08,8010333,8012224,3,20,-3
2023-07-08,8010372,8010333,2,20,3
2023-07-08,8010379,8010379,29,36,60
2023-07-08,8010379,8011305,17,18,75
2023-07-08,8010379,8012996,13,18,90
2023-07-08,8010388,8010388,35,40,60
2023-07-08,8010388,8011770,17,20,36
2023-07-08,8010388,8011904,18,20,66
2023-07-08,8010397,8010129,12,17,37
2023-07-08,8010397,8010397,8,33,16
2023-07-08,8010397,8012224,2,20,6
2023-07-08,8010397,8012739,3,17,16
2023-07-08,8010397,8013433,19,20,50
2023-07-08,8010397,8013434,3,18,13
2023-07-08,8011033,8011033,1,3,80
2023-07-08,8011033,8012369,1,1,240
2023-07-08,8011033,8012593,0,2,0
2023-07-08,8011049,8011049,28,34,93
2023-07-08,8011049,8011263,12,17,101
2023-07-08,8011049,8011505,14,17,69
2023-07-08,8011185,8011185,0,22,0
2023-07-08,8011185,8011315,0,11,0
2023-07-08,8011185,8017220,0,11,0
2023-07-08,8011212,8011212,11,18,70
2023-07-08,8011212,8012426,4,9,77
2023-07-08,8011212,8012571,7,9,77
2023-07-08,8011263,8011049,14,17,41
2023-07-08,8011263,8011263,26,34,55
2023-07-08,8011263,8011506,13,17,79
2023-07-08,8011297,8010238,17,19,238
2023-07-08,8011297,8011297,27,38,237
2023-07-08,8011305,8010379,10,18,45
2023-07-08,8011305,8011305,22,36,37
2023-07-08,8011305,8013434,2,18,10
2023-07-08,8011315,8011185,0,11,0
2023-07-08,8011315,8011315,0,22,0
2023-07-08,8011315,8012412,0,11,0
2023-07-08,8011497,8010128,12,13,95
2023-07-08,8011497,8011497,25,26,103
2023-07-08,8011497,8011856,13,13,122
2023-07-08,8011505,8011049,14,17,145
2023-07-08,8011505,8011505,28,34,74
2023-07-08,8011505,8012938,13,17,53
2023-07-08,8011506,8011263,12,17,28
2023-07-08,8011506,8011506,22,34,53
2023-07-08,8011506,8011967,10,17,55
2023-07-08,8011507,8011507,10,22,33
2023-07-08,8011507,8012369,6,11,38
2023-07-08,8011507,8012946,1,11,22
2023-07-08,8011524,8013307,11,18,22
2023-07-08,8011528,8010108,6,9,53
2023-07-08,8011528,8011528,15,18,68
2023-07-08,8011528,8011870,8,9,100
2023-07-08,8011529,8010108,12,20,24
2023-07-08,8011529,8011529,18,40,26
2023-07-08,8011529,8012550,7,20,27
2023-07-08,8011548,8011548,14,18,90
2023-07-08,8011548,8011777,7,9,50
2023-07-08,8011548,8012740,7,9,110
2023-07-08,8011556,8011556,10,40,19
2023-07-08,8011556,8012037,8,20,26
2023-07-08,8011556,8012550,2,20,4
2023-07-08,8011770,8010388,12,20,52
2023-07-08,8011770,8011770,21,40,34
2023-07-08,8011770,8011980,10,20,15
2023-07-08,8011777,8011548,7,9,130
2023-07-08,8011777,8011777,14,18,98
2023-07-08,8011777,8012208,7,9,87
2023-07-08,8011856,8011497,10,13,81
2023-07-08,8011856,8011856,26,26,115
2023-07-08,8011856,8013328,13,13,136
2023-07-08,8011870,8011528,8,9,70
2023-07-08,8011870,8011870,16,18,78
2023-07-08,8011870,8011892,7,9,103
2023-07-08,8011892,8011870,7,9,53
2023-07-08,8011892,8011892,14,18,83
2023-07-08,8011892,8012208,6,9,103
2023-07-08,8011904,8010108,14,16,75
2023-07-08,8011904,8010129,2,17,14
2023-07-08,8011904,8010331,11,20,50
2023-07-08,8011904,8010388,11,20,16
2023-07-08,8011904,8011904,29,74,29
2023-07-08,8011912,8017218,0,11,0
2023-07-08,8011967,8011506,10,17,21
2023-07-08,8011970,8011970,1,3,80
2023-07-08,8011970,8012528,1,1,240
2023-07-08,8011971,8010185,8,20,16
2023-07-08,8011971,8011971,30,40,56
2023-07-08,8011971,8011979,20,20,93
2023-07-08,8011979,8011971,14,20,42
2023-07-08,8011979,8011979,34,40,56
2023-07-08,8011979,8011980,13,20,66
2023-07-08,8011980,8011770,14,20,62
2023-07-08,8011980,8011979,2,20,6
2023-07-08,8011980,8011980,23,40,39
2023-07-08,8012037,8011556,1,20,3
2023-07-08,8012037,8012037,12,40,16
2023-07-08,8012037,8012408,8,20,20
2023-07-08,8012176,8010010,4,18,7
2023-07-08,8012176,8012176,18,37,25
2023-07-08,8012176,8012939,13,19,43
2023-07-08,8012201,8010277,7,9,113
2023-07-08,8012201,8012201,14,18,93
2023-07-08,8012201,8012740,7,9,110
2023-07-08,8012208,8011777,7,9,130
2023-07-08,8012208,8011892,5,9,47
2023-07-08,8012208,8012208,12,18,93
2023-07-08,8012220,8012220,0,22,0
2023-07-08,8012220,8012407,0,11,0
2023-07-08,8012220,8017219,0,11,0
2023-07-08,8012224,8010333,3,20,6
2023-07-08,8012224,8010397,1,20,-15
2023-07-08,8012224,8012224,2,40,-4
2023-07-08,8012369,8011033,0,2,0
2023-07-08,8012369,8011507,6,11,38
2023-07-08,8012369,8012369,8,22,33
2023-07-08,8012388,8010130,9,20,18
2023-07-08,8012388,8012388,25,40,40
2023-07-08,8012388,8012534,16,20,78
2023-07-08,8012407,8012220,0,11,0
2023-07-08,8012407,8012407,0,22,0
2023-07-08,8012407,8012412,0,11,0
2023-07-08,8012408,8012037,11,19,27
2023-07-08,8012408,8012408,15,40,19
2023-07-08,8012408,8012483,4,20,15
2023-07-08,8012412,8011315,0,11,0
2023-07-08,8012412,8012407,0,11,0
2023-07-08,8012412,8012412,0,22,0
2023-07-08,8012426,8010277,7,9,63
2023-07-08,8012426,8011212,6,9,70
2023-07-08,8012426,8012426,13,18,68
2023-07-08,8012483,8012044,1,20,4
2023-07-08,8012483,8012408,6,20,20
2023-07-08,8012483,8012483,17,40,20
2023-07-08,8012528,8011970,0,2,0
2023-07-08,8012528,8012528,1,3,80
2023-07-08,8012528,8012593,1,1,240
2023-07-08,8012534,8012388,4,20,14
2023-07-08,8012534,8012534,33,40,50
2023-07-08,8012534,8013433,8,20,46
2023-07-08,8012550,8011529,6,20,18
2023-07-08,8012550,8011556,15,20,45
2023-07-08,8012550,8012550,21,40,29
2023-07-08,8012558,8012558,7,12,78
2023-07-08,8012558,8012559,5,6,155
2023-07-08,8012558,8012571,3,9,23
2023-07-08,8012559,8012558,3,6,25
2023-07-08,8012571,8011212,7,9,63
2023-07-08,8012571,8012558,6,9,90
2023-07-08,8012571,8012571,13,18,72
2023-07-08,8012593,8011033,1,1,240
2023-07-08,8012593,8012528,0,2,0
2023-07-08,8012593,8012593,1,3,80
2023-07-08,8012727,8012727,0,22,0
2023-07-08,8012727,8017218,0,11,0
2023-07-08,8012727,8017220,0,11,0
2023-07-08,8012739,8010275,12,17,51
2023-07-08,8012739,8010397,7,17,18
2023-07-08,8012739,8012739,14,34,19
2023-07-08,8012740,8011548,7,9,73
2023-07-08,8012740,8012201,7,9,87
2023-07-08,8012740,8012740,14,18,98
2023-07-08,8012938,8010323,9,17,35
2023-07-08,8012938,8011505,11,17,39
2023-07-08,8012938,8012938,21,34,41
2023-07-08,8012939,8010323,11,19,30
2023-07-08,8012939,8012176,4,18,13
2023-07-08,8012939,8012939,14,37,21
2023-07-08,8012946,8010359,8,11,35
2023-07-08,8012946,8011507,3,11,30
2023-07-08,8012946,8012946,11,22,33
2023-07-08,8012996,8010379,12,18,28
2023-07-08,8012996,8012996,30,36,58
2023-07-08,8012996,8013307,15,18,63
2023-07-08,8013212,8013212,25,26,140
2023-07-08,8013212,8013311,13,13,125
2023-07-08,8013212,8013328,12,13,175
2023-07-08,8013307,8011524,17,18,115
2023-07-08,8013307,8012996,14,18,28
2023-07-08,8013307,8013307,25,36,54
2023-07-08,8013311,8013212,12,13,180
2023-07-08,8013311,8013311,23,26,137
2023-07-08,8013311,8013427,9,13,74
2023-07-08,8013328,8011856,12,13,141
2023-07-08,8013328,8013212,13,13,127
2023-07-08,8013328,8013328,25,26,159
2023-07-08,8013427,8013311,12,13,166
2023-07-08,8013433,8010397,6,20,33
2023-07-08,8013433,8012534,18,20,42
2023-07-08,8013433,8013433,27,40,44
2023-07-08,8013434,8010397,4,18,10
2023-07-08,8013434,8011305,4,18,15
2023-07-08,8013434,8013434,5,36,9
2023-07-08,8013450,8010185,13,19,43
2023-07-08,8013450,8010253,15,20,45
2023-07-08,8013450,8013450,19,40,35
2023-07-08,8017218,8011912,0,11,0
2023-07-08,8017218,8012727,0,11,0
2023-07-08,8017218,8017218,0,22,0
2023-07-08,8017219,8010044,0,11,0
2023-07-08,8017219,8012220,0,11,0
2023-07-08,8017219,8017219,0,22,0
2023-07-08,8017220,8011185,0,11,0
2023-07-08,8017220,8012727,0,11,0
2023-07-08,8017220,8017220,0,22,0
2023-07-09,8010005,8010005,3,3,380
2023-07-09,8010005,8011045,3,4,218
2023-07-09,8010005,8012976,1,1,600
2023-07-09,8010010,8012176,3,18,50
2023-07-09,8010044,8010044,0,22,0
2023-07-09,8010044,8017219,0,11,0
2023-07-09,8010074,8012976,2,2,285
2023-07-09,8010108,8010108,82,118,59
2023-07-09,8010108,8010128,11,13,62
2023-07-09,8010108,8010253,27,42,71
2023-07-09,8010108,8011528,6,9,53
2023-07-09,8010108,8011529,12,20,40
2023-07-09,8010108,8011904,2,17,9
2023-07-09,8010108,8013114,9,17,81
2023-07-09,8010128,8010108,10,13,115
2023-07-09,8010128,8010128,23,26,107
2023-07-09,8010128,8011497,13,13,106
2023-07-09,8010129,8010129,27,74,39
2023-07-09,8010129,8010130,19,20,92
2023-07-09,8010129,8010331,3,20,12
2023-07-09,8010129,8010397,3,17,14
2023-07-09,8010129,8011904,15,17,85
2023-07-09,8010130,8010129,3,20,6
2023-07-09,8010130,8010130,20,40,48
2023-07-09,8010130,8012388,8,20,69
2023-07-09,8010185,8010185,23,40,53
2023-07-09,8010185,8011971,20,20,90
2023-07-09,8010185,8013450,12,19,46
2023-07-09,8010253,8010108,42,42,86
2023-07-09,8010253,8010253,70,84,78
2023-07-09,8010253,8013450,15,20,42
2023-07-09,8010275,8012739,4,17,9
2023-07-09,8010277,8010277,17,18,65
2023-07-09,8010277,8012201,8,9,60
2023-07-09,8010277,8012426,9,9,57
2023-07-09,8010323,8010323,17,34,204
2023-07-09,8010323,8012938,6,17,173
2023-07-09,8010323,8012939,12,18,198
2023-07-09,8010331,8010129,8,20,62
2023-07-09,8010331,8010331,11,40,34
2023-07-09,8010331,8011904,4,20,21
2023-07-09,8010333,8010333,10,40,6
2023-07-09,8010333,8010372,7,20,10
2023-07-09,8010333,8012224,3,20,4
2023-07-09,8010372,8010333,0,20,0
2023-07-09,8010379,8010379,27,34,83
2023-07-09,8010379,8011305,15,17,94
2023-07-09,8010379,8012996,13,17,99
2023-07-09,8010388,8010388,37,40,74
2023-07-09,8010388,8011770,17,20,56
2023-07-09,8010388,8011904,20,20,88
2023-07-09,8010397,8010129,7,17,23
2023-07-09,8010397,8010397,8,33,20
2023-07-09,8010397,8012224,0,20,0
2023-07-09,8010397,8012739,6,17,42
2023-07-09,8010397,8013433,19,20,42
2023-07-09,8010397,8013434,3,17,35
2023-07-09,8011033,8011033,1,3,10
2023-07-09,8011033,8012369,1,1,60
2023-07-09,8011033,8012593,0,2,0
2023-07-09,8011045,8010005,4,5,270
2023-07-09,8011045,8011045,7,9,240
2023-07-09,8011045,8011047,3,4,195
2023-07-09,8011047,8011045,5,5,282
2023-07-09,8011047,8011047,8,9,253
2023-07-09,8011047,8013310,3,4,188
2023-07-09,8011049,8011049,29,34,266
2023-07-09,8011049,8011263,13,17,254
2023-07-09,8011049,8011505,15,17,293
2023-07-09,8011185,8011185,0,22,0
2023-07-09,8011185,8011315,0,11,0
2023-07-09,8011185,8017220,0,11,0
2023-07-09,8011212,8011212,17,18,72
2023-07-09,8011212,8012426,9,9,103
2023-07-09,8011212,8012571,6,9,40
2023-07-09,8011263,8011049,14,17,229
2023-07-09,8011263,8011263,27,34,235
2023-07-09,8011263,8011506,13,17,244
2023-07-09,8011297,8010238,15,18,88
2023-07-09,8011297,8011297,22,36,84
2023-07-09,8011305,8010379,9,17,55
2023-07-09,8011305,8011305,17,34,59
2023-07-09,8011305,8013434,3,17,46
2023-07-09,8011315,8011185,0,11,0
2023-07-09,8011315,8011315,0,22,0
2023-07-09,8011315,8012412,0,11,0
2023-07-09,8011497,8010128,12,13,120
2023-07-09,8011497,8011497,25,26,107
2023-07-09,8011497,8011856,12,13,108
2023-07-09,8011505,8011049,14,17,266
2023-07-09,8011505,8011505,26,34,252
2023-07-09,8011505,8012938,12,17,266
2023-07-09,8011506,8011263,13,17,228
2023-07-09,8011506,8011506,24,34,235
2023-07-09,8011506,8011967,11,17,217
2023-07-09,8011507,8011507,3,22,4
2023-07-09,8011507,8012369,3,11,8
2023-07-09,8011507,8012946,0,11,0
2023-07-09,8011524,8013307,10,17,60
2023-07-09,8011528,8010108,6,9,33
2023-07-09,8011528,8011528,12,18,55
2023-07-09,8011528,8011870,7,9,77
2023-07-09,8011529,8010108,13,20,28
2023-07-09,8011529,8011529,15,40,27
2023-07-09,8011529,8012550,9,20,34
2023-07-09,8011548,8011548,16,18,77
2023-07-09,8011548,8011777,8,9,40
2023-07-09,8011548,8012740,8,9,93
2023-07-09,8011556,8011556,13,40,23
2023-07-09,8011556,8012037,9,20,24
2023-07-09,8011556,8012550,3,20,9
2023-07-09,8011770,8010388,13,20,56
2023-07-09,8011770,8011770,24,40,44
2023-07-09,8011770,8011980,9,20,26
2023-07-09,8011777,8011548,7,9,73
2023-07-09,8011777,8011777,14,18,62
2023-07-09,8011777,8012208,9,9,67
2023-07-09,8011856,8011497,11,13,106
2023-07-09,8011856,8011856,21,26,121
2023-07-09,8011856,8013328,11,13,138
2023-07-09,8011870,8011528,8,9,57
2023-07-09,8011870,8011870,17,18,80
2023-07-09,8011870,8011892,9,9,143
2023-07-09,8011892,8011870,7,9,30
2023-07-09,8011892,8011892,16,18,75
2023-07-09,8011892,8012208,8,9,117
2023-07-09,8011904,8010108,13,16,96
2023-07-09,8011904,8010129,3,17,12
2023-07-09,8011904,8010331,12,20,62
2023-07-09,8011904,8010388,10,20,32
2023-07-09,8011904,8011904,29,74,44
2023-07-09,8011912,8017218,0,11,0
2023-07-09,8011967,8011506,12,17,221
2023-07-09,8011970,8011970,0,3,0
2023-07-09,8011970,8012528,0,1,0
2023-07-09,8011971,8010185,9,20,28
2023-07-09,8011971,8011971,32,40,64
2023-07-09,8011971,8011979,20,20,100
2023-07-09,8011979,8011971,16,20,51
2023-07-09,8011979,8011979,36,40,64
2023-07-09,8011979,8011980,17,20,76
2023-07-09,8011980,8011770,15,20,63
2023-07-09,8011980,8011979,3,20,15
2023-07-09,8011980,8011980,26,40,47
2023-07-09,8012037,8011556,4,20,12
2023-07-09,8012037,8012037,11,40,17
2023-07-09,8012037,8012408,8,20,26
2023-07-09,8012176,8010010,7,18,210
2023-07-09,8012176,8012176,22,36,148
2023-07-09,8012176,8012939,14,18,85
2023-07-09,8012201,8010277,9,9,110
2023-07-09,8012201,8012201,17,18,80
2023-07-09,8012201,8012740,8,9,73
2023-07-09,8012208,8011777,8,9,107
2023-07-09,8012208,8011892,7,9,27
2023-07-09,8012208,8012208,15,18,88
2023-07-09,8012220,8012220,0,22,0
2023-07-09,8012220,8012407,0,11,0
2023-07-09,8012220,8017219,0,11,0
2023-07-09,8012224,8010333,4,20,0
2023-07-09,8012224,8010397,2,20,-10
2023-07-09,8012224,8012224,4,40,3
2023-07-09,8012369,8011033,0,2,0
2023-07-09,8012369,8011507,2,11,5
2023-07-09,8012369,8012369,4,22,5
2023-07-09,8012388,8010130,6,20,10
2023-07-09,8012388,8012388,24,40,50
2023-07-09,8012388,8012534,18,20,106
2023-07-09,8012407,8012220,0,11,0
2023-07-09,8012407,8012407,0,22,0
2023-07-09,8012407,8012412,0,11,0
2023-07-09,8012408,8012037,12,19,32
2023-07-09,8012408,8012408,19,40,28
2023-07-09,8012408,8012483,8,20,32
2023-07-09,8012412,8011315,0,11,0
2023-07-09,8012412,8012407,0,11,0
2023-07-09,8012412,8012412,0,22,0
2023-07-09,8012426,8010277,8,9,97
2023-07-09,8012426,8011212,9,9,53
2023-07-09,8012426,8012426,17,18,68
2023-07-09,8012483,8012044,5,20,16
2023-07-09,8012483,8012408,8,20,22
2023-07-09,8012483,8012483,21,40,31
2023-07-09,8012528,8011970,0,2,0
2023-07-09,8012528,8012528,1,3,10
2023-07-09,8012528,8012593,0,1,0
2023-07-09,8012534,8012388,1,20,3
2023-07-09,8012534,8012534,34,40,62
2023-07-09,8012534,8013433,8,20,74
2023-07-09,8012550,8011529,6,20,20
2023-07-09,8012550,8011556,15,20,50
2023-07-09,8012550,8012550,21,40,34
2023-07-09,8012558,8012558,6,12,32
2023-07-09,8012558,8012559,5,6,105
2023-07-09,8012558,8012571,1,9,3
2023-07-09,8012559,8012558,4,6,35
2023-07-09,8012571,8011212,6,9,47
2023-07-09,8012571,8012558,6,9,40
2023-07-09,8012571,8012571,10,18,38
2023-07-09,8012593,8011033,0,1,0
2023-07-09,8012593,8012528,1,2,15
2023-07-09,8012593,8012593,0,3,0
2023-07-09,8012727,8012727,0,22,0
2023-07-09,8012727,8017218,0,11,0
2023-07-09,8012727,8017220,0,11,0
2023-07-09,8012739,8010275,15,17,69
2023-07-09,8012739,8010397,8,17,16
2023-07-09,8012739,8012739,17,34,34
2023-07-09,8012740,8011548,8,9,67
2023-07-09,8012740,8012201,4,9,43
2023-07-09,8012740,8012740,13,18,63
2023-07-09,8012853,8012853,7,9,280
2023-07-09,8012853,8013235,4,5,252
2023-07-09,8012853,8013312,3,4,360
2023-07-09,8012938,8010323,11,17,245
2023-07-09,8012938,8011505,12,17,187
2023-07-09,8012938,8012938,22,34,217
2023-07-09,8012939,8010323,11,18,128
2023-07-09,8012939,8012176,7,18,217
2023-07-09,8012939,8012939,17,36,141
2023-07-09,8012946,8010359,8,11,25
2023-07-09,8012946,8011507,1,11,3
2023-07-09,8012946,8012946,8,22,11
2023-07-09,8012976,8010005,2,2,285
2023-07-09,8012976,8010074,1,1,600
2023-07-09,8012976,8012976,3,3,380
2023-07-09,8012996,8010379,13,17,71
2023-07-09,8012996,8012996,27,34,79
2023-07-09,8012996,8013307,15,17,86
2023-07-09,8013116,8013116,8,9,263
2023-07-09,8013116,8013310,5,5,306
2023-07-09,8013116,8013343,3,4,195
2023-07-09,8013212,8013212,19,26,140
2023-07-09,8013212,8013311,10,13,127
2023-07-09,8013212,8013328,8,13,150
2023-07-09,8013235,8012853,3,4,308
2023-07-09,8013235,8013235,8,9,310
2023-07-09,8013235,8013343,5,5,324
2023-07-09,8013307,8011524,16,17,120
2023-07-09,8013307,8012996,12,17,62
2023-07-09,8013307,8013307,22,34,79
2023-07-09,8013310,8011047,5,5,306
2023-07-09,8013310,8013116,3,4,218
2023-07-09,8013310,8013310,8,9,250
2023-07-09,8013311,8013212,10,13,171
2023-07-09,8013311,8013311,20,26,137
2023-07-09,8013311,8013427,10,13,99
2023-07-09,8013312,8012853,5,5,246
2023-07-09,8013312,8013312,8,9,297
2023-07-09,8013312,8013427,3,4,360
2023-07-09,8013328,8011856,9,13,134
2023-07-09,8013328,8013212,11,13,136
2023-07-09,8013328,8013328,20,26,148
2023-07-09,8013343,8013116,5,5,288
2023-07-09,8013343,8013235,3,4,338
2023-07-09,8013343,8013343,8,9,290
2023-07-09,8013427,8013311,8,13,150
2023-07-09,8013427,8013312,5,5,252
2023-07-09,8013427,8013427,8,9,293
2023-07-09,8013433,8010397,8,20,68
2023-07-09,8013433,8012534,19,20,40
2023-07-09,8013433,8013433,27,40,57
2023-07-09,8013434,8010397,6,17,49
2023-07-09,8013434,8011305,6,17,39
2023-07-09,8013434,8013434,7,34,40
2023-07-09,8013450,8010185,15,19,47
2023-07-09,8013450,8010253,12,20,48
2023-07-09,8013450,8013450,15,40,33
2023-07-09,8017218,8011912,0,11,0
2023-07-09,8017218,8012727,0,11,0
2023-07-09,8017218,8017218,0,22,0
2023-07-09,8017219,8010044,0,11,0
2023-07-09,8017219,8012220,0,11,0
2023-07-09,8017219,8017219,0,22,0
2023-07-09,8017220,8011185,0,11,0
2023-07-09,8017220,8012727,0,11,0
2023-07-09,8017220,8017220,0,22,0
2023-07-10,8010005,8010005,12,12,160
2023-07-10,8010005,8011045,11,17,60
2023-07-10,8010005,8012976,6,6,185
2023-07-10,8010044,8010044,0,16,0
2023-07-10,8010044,8017219,0,8,0
2023-07-10,8010074,8012976,5,6,120
2023-07-10,8010108,8010108,121,140,85
2023-07-10,8010108,8010128,15,17,94
2023-07-10,8010108,8010253,46,53,108
2023-07-10,8010108,8011528,11,16,99
2023-07-10,8010108,8011529,11,20,27
2023-07-10,8010108,8011904,7,17,18
2023-07-10,8010108,8013114,16,17,134
2023-07-10,8010128,8010108,17,17,139
2023-07-10,8010128,8010128,34,34,146
2023-07-10,8010128,8011497,17,17,157
2023-07-10,8010129,8010129,47,86,54
2023-07-10,8010129,8010130,23,26,74
2023-07-10,8010129,8010331,13,26,28
2023-07-10,8010129,8010397,3,17,9
2023-07-10,8010129,8011904,17,17,127
2023-07-10,8010130,8010129,10,26,28
2023-07-10,8010130,8010130,32,52,49
2023-07-10,8010130,8012388,16,26,61
2023-07-10,8010185,8010185,37,52,71
2023-07-10,8010185,8011971,24,26,88
2023-07-10,8010185,8013450,14,19,60
2023-07-10,8010229,8001969,0,1,0
2023-07-10,8010229,8010229,0,1,0
2023-07-10,8010253,8010108,51,53,101
2023-07-10,8010253,8010253,96,106,105
2023-07-10,8010253,8013450,18,20,93
2023-07-10,8010275,8002924,14,16,152
2023-07-10,8010275,8010229,0,1,0
2023-07-10,8010275,8010275,23,31,73
2023-07-10,8010275,8012739,14,17,90
2023-07-10,8010277,8010277,3,4,38
2023-07-10,8010277,8012201,2,3,60
2023-07-10,8010277,8012426,1,2,15
2023-07-10,8010331,8010129,16,26,53
2023-07-10,8010331,8010331,28,52,38
2023-07-10,8010331,8011904,12,26,27
2023-07-10,8010333,8010333,13,40,13
2023-07-10,8010333,8010372,9,20,22
2023-07-10,8010333,8012224,4,20,8
2023-07-10,8010372,8010333,0,20,0
2023-07-10,8010379,8010379,29,36,38
2023-07-10,8010379,8011305,17,18,43
2023-07-10,8010379,8012996,13,18,52
2023-07-10,8010388,8010388,49,52,80
2023-07-10,8010388,8011770,25,26,60
2023-07-10,8010388,8011904,24,26,82
2023-07-10,8010397,8010129,14,17,101
2023-07-10,8010397,8010397,20,33,55
2023-07-10,8010397,8012224,4,20,6
2023-07-10,8010397,8012739,12,17,32
2023-07-10,8010397,8013433,25,26,52
2023-07-10,8010397,8013434,1,18,7
2023-07-10,8011033,8011033,3,5,18
2023-07-10,8011033,8012369,2,3,40
2023-07-10,8011033,8012593,1,2,15
2023-07-10,8011045,8010005,12,17,120
2023-07-10,8011045,8011045,21,34,86
2023-07-10,8011045,8011047,9,17,60
2023-07-10,8011047,8011045,16,17,131
2023-07-10,8011047,8011047,30,34,104
2023-07-10,8011047,8013310,14,17,58
2023-07-10,8011185,8011185,0,16,0
2023-07-10,8011185,8011315,0,8,0
2023-07-10,8011185,8017220,0,8,0
2023-07-10,8011212,8011212,1,5,18
2023-07-10,8011212,8012426,1,3,30
2023-07-10,8011212,8012571,0,2,0
2023-07-10,8011297,8010238,18,19,148
2023-07-10,8011297,8011297,35,38,139
2023-07-10,8011305,8010379,3,18,20
2023-07-10,8011305,8011305,9,36,18
2023-07-10,8011305,8013434,0,18,0
2023-07-10,8011315,8011185,0,8,0
2023-07-10,8011315,8011315,0,16,0
2023-07-10,8011315,8012412,0,8,0
2023-07-10,8011497,8010128,16,17,139
2023-07-10,8011497,8011497,32,34,139
2023-07-10,8011497,8011856,16,17,155
2023-07-10,8011507,8011507,14,38,36
2023-07-10,8011507,8012369,7,19,22
2023-07-10,8011507,8012946,3,19,38
2023-07-10,8011524,8013307,13,18,25
2023-07-10,8011528,8010108,14,16,82
2023-07-10,8011528,8011528,23,32,90
2023-07-10,8011528,8011870,12,16,114
2023-07-10,8011529,8010108,16,20,28
2023-07-10,8011529,8011529,13,40,16
2023-07-10,8011529,8012550,6,20,15
2023-07-10,8011548,8011548,2,4,22
2023-07-10,8011548,8011777,1,3,10
2023-07-10,8011548,8012740,1,1,60
2023-07-10,8011556,8011556,9,40,13
2023-07-10,8011556,8012037,7,20,14
2023-07-10,8011556,8012550,2,20,8
2023-07-10,8011770,8010388,16,26,69
2023-07-10,8011770,8011770,36,52,54
2023-07-10,8011770,8011980,17,26,32
2023-07-10,8011777,8011548,1,1,60
2023-07-10,8011777,8011777,2,4,30
2023-07-10,8011777,8012208,8,16,66
2023-07-10,8011856,8011497,16,17,125
2023-07-10,8011856,8011856,33,34,159
2023-07-10,8011856,8013328,17,17,162
2023-07-10,8011870,8011528,13,16,84
2023-07-10,8011870,8011870,27,32,99
2023-07-10,8011870,8011892,14,16,137
2023-07-10,8011892,8011870,7,16,45
2023-07-10,8011892,8011892,20,32,75
2023-07-10,8011892,8012208,11,16,92
2023-07-10,8011904,8010108,15,16,141
2023-07-10,8011904,8010129,6,17,18
2023-07-10,8011904,8010331,16,26,68
2023-07-10,8011904,8010388,21,26,38
2023-07-10,8011904,8011904,49,86,55
2023-07-10,8011912,8017218,0,8,0
2023-07-10,8011970,8011970,1,5,6
2023-07-10,8011970,8012528,1,3,20
2023-07-10,8011971,8010185,19,26,58
2023-07-10,8011971,8011971,43,52,76
2023-07-10,8011971,8011979,24,26,97
2023-07-10,8011979,8011971,22,26,83
2023-07-10,8011979,8011979,46,52,74
2023-07-10,8011979,8011980,19,26,76
2023-07-10,8011980,8011770,19,26,80
2023-07-10,8011980,8011979,6,26,22
2023-07-10,8011980,8011980,36,52,54
2023-07-10,8012037,8011556,2,20,9
2023-07-10,8012037,8012037,4,40,7
2023-07-10,8012037,8012408,2,20,4
2023-07-10,8012201,8010277,1,1,120
2023-07-10,8012201,8012201,3,4,68
2023-07-10,8012201,8012740,2,3,60
2023-07-10,8012208,8011777,10,16,86
2023-07-10,8012208,8011892,6,16,39
2023-07-10,8012208,8012208,18,32,79
2023-07-10,8012220,8012220,0,16,0
2023-07-10,8012220,8012407,0,8,0
2023-07-10,8012220,8017219,0,8,0
2023-07-10,8012224,8010333,8,20,15
2023-07-10,8012224,8010397,2,20,-22
2023-07-10,8012224,8012224,9,40,10
2023-07-10,8012369,8011033,0,2,0
2023-07-10,8012369,8011507,9,19,58
2023-07-10,8012369,8012369,14,38,40
2023-07-10,8012388,8010130,18,26,37
2023-07-10,8012388,8012388,40,52,57
2023-07-10,8012388,8012534,22,26,87
2023-07-10,8012407,8012220,0,8,0
2023-07-10,8012407,8012407,0,16,0
2023-07-10,8012407,8012412,0,8,0
2023-07-10,8012408,8012037,11,19,25
2023-07-10,8012408,8012408,14,40,14
2023-07-10,8012408,8012483,4,20,10
2023-07-10,8012412,8011315,0,8,0
2023-07-10,8012412,8012407,0,8,0
2023-07-10,8012412,8012412,0,16,0
2023-07-10,8012426,8010277,0,3,0
2023-07-10,8012426,8011212,1,2,15
2023-07-10,8012426,8012426,1,5,12
2023-07-10,8012483,8012044,2,20,4
2023-07-10,8012483,8012408,7,20,14
2023-07-10,8012483,8012483,17,40,19
2023-07-10,8012528,8011970,0,2,0
2023-07-10,8012528,8012528,2,5,18
2023-07-10,8012528,8012593,1,3,20
2023-07-10,8012534,8012388,11,26,30
2023-07-10,8012534,8012534,47,52,62
2023-07-10,8012534,8013433,16,26,66
2023-07-10,8012550,8011529,6,20,15
2023-07-10,8012550,8011556,14,20,28
2023-07-10,8012550,8012550,20,40,24
2023-07-10,8012558,8012558,2,2,30
2023-07-10,8012558,8012559,1,1,60
2023-07-10,8012558,8012571,1,3,10
2023-07-10,8012559,8012558,1,1,60
2023-07-10,8012571,8011212,0,3,0
2023-07-10,8012571,8012558,0,2,0
2023-07-10,8012571,8012571,0,5,0
2023-07-10,8012593,8011033,1,3,10
2023-07-10,8012593,8012528,1,2,15
2023-07-10,8012593,8012593,2,5,12
2023-07-10,8012727,8012727,0,16,0
2023-07-10,8012727,8017218,0,8,0
2023-07-10,8012727,8017220,0,8,0
2023-07-10,8012739,8010275,13,17,67
2023-07-10,8012739,8010397,14,17,102
2023-07-10,8012739,8012739,27,34,77
2023-07-10,8012740,8011548,1,3,30
2023-07-10,8012740,8012201,1,1,30
2023-07-10,8012740,8012740,3,4,45
2023-07-10,8012853,8012853,31,34,161
2023-07-10,8012853,8013235,17,17,288
2023-07-10,8012853,8013312,14,17,152
2023-07-10,8012946,8010359,15,19,65
2023-07-10,8012946,8011507,5,19,19
2023-07-10,8012946,8012946,16,38,36
2023-07-10,8012976,8010005,5,6,130
2023-07-10,8012976,8010074,6,6,225
2023-07-10,8012976,8012976,11,12,162
2023-07-10,8012996,8010379,5,18,12
2023-07-10,8012996,8012996,16,36,28
2023-07-10,8012996,8013307,10,18,30
2023-07-10,8013116,8013116,29,34,123
2023-07-10,8013116,8013310,16,17,191
2023-07-10,8013116,8013343,11,17,55
2023-07-10,8013212,8013212,32,34,168
2023-07-10,8013212,8013311,16,17,157
2023-07-10,8013212,8013328,16,17,205
2023-07-10,8013235,8012853,12,17,115
2023-07-10,8013235,8013235,29,34,183
2023-07-10,8013235,8013343,16,17,171
2023-07-10,8013307,8011524,11,18,30
2023-07-10,8013307,8012996,11,18,25
2023-07-10,8013307,8013307,18,36,25
2023-07-10,8013310,8011047,14,17,162
2023-07-10,8013310,8013116,13,17,72
2023-07-10,8013310,8013310,28,34,123
2023-07-10,8013311,8013212,16,17,212
2023-07-10,8013311,8013311,31,34,172
2023-07-10,8013311,8013427,14,17,106
2023-07-10,8013312,8012853,15,17,124
2023-07-10,8013312,8013312,31,34,147
2023-07-10,8013312,8013427,17,17,191
2023-07-10,8013328,8011856,17,17,198
2023-07-10,8013328,8013212,17,17,146
2023-07-10,8013328,8013328,34,34,189
2023-07-10,8013343,8013116,15,17,201
2023-07-10,8013343,8013235,16,17,155
2023-07-10,8013343,8013343,33,34,161
2023-07-10,8013427,8013311,17,17,198
2023-07-10,8013427,8013312,16,17,139
2023-07-10,8013427,8013427,33,34,164
2023-07-10,8013433,8010397,16,26,47
2023-07-10,8013433,8012534,24,26,44
2023-07-10,8013433,8013433,41,52,59
2023-07-10,8013434,8010397,4,18,13
2023-07-10,8013434,8011305,3,18,13
2023-07-10,8013434,8013434,1,36,2
2023-07-10,8013450,8010185,14,19,63
2023-07-10,8013450,8010253,15,20,39
2023-07-10,8013450,8013450,20,40,48
2023-07-10,8017218,8011912,0,8,0
2023-07-10,8017218,8012727,0,8,0
2023-07-10,8017218,8017218,0,16,0
2023-07-10,8017219,8010044,0,8,0
2023-07-10,8017219,8012220,0,8,0
2023-07-10,8017219,8017219,0,16,0
2023-07-10,8017220,8011185,0,8,0
2023-07-10,8017220,8012727,0,8,0
2023-07-10,8017220,8017220,0,16,0
2023-07-11,8010005,8010005,11,12,142
2023-07-11,8010005,8011045,9,17,49
2023-07-11,8010005,8012976,6,6,180
2023-07-11,8010044,8010044,0,16,0
2023-07-11,8010044,8017219,0,8,0
2023-07-11,8010074,8012976,2,6,30
2023-07-11,8010108,8010108,119,140,80
2023-07-11,8010108,8010128,16,17,90
2023-07-11,8010108,8010253,43,53,92
2023-07-11,8010108,8011528,13,16,107
2023-07-11,8010108,8011529,11,20,34
2023-07-11,8010108,8011904,10,17,32
2023-07-11,8010108,8013114,14,17,120
2023-07-11,8010128,8010108,16,17,122
2023-07-11,8010128,8010128,33,34,116
2023-07-11,8010128,8011497,17,17,131
2023-07-11,8010129,8010129,54,86,60
2023-07-11,8010129,8010130,26,26,100
2023-07-11,8010129,8010331,11,26,21
2023-07-11,8010129,8010397,4,17,11
2023-07-11,8010129,8011904,17,17,120
2023-07-11,8010130,8010129,10,26,28
2023-07-11,8010130,8010130,34,52,61
2023-07-11,8010130,8012388,21,26,81
2023-07-11,8010185,8010185,37,52,64
2023-07-11,8010185,8011971,26,26,93
2023-07-11,8010185,8013450,16,19,57
2023-07-11,8010229,8001969,1,1,30
2023-07-11,8010229,8010229,0,1,0
2023-07-11,8010253,8010108,49,53,104
2023-07-11,8010253,8010253,96,106,97
2023-07-11,8010253,8013450,18,20,78
2023-07-11,8010275,8002924,14,16,98
2023-07-11,8010275,8010229,1,1,30
2023-07-11,8010275,8010275,27,34,64
2023-07-11,8010275,8012739,17,17,83
2023-07-11,8010331,8010129,21,26,74
2023-07-11,8010331,8010331,29,52,43
2023-07-11,8010331,8011904,11,26,20
2023-07-11,8010333,8010333,10,40,12
2023-07-11,8010333,8010372,10,20,26
2023-07-11,8010333,8012224,2,20,4
2023-07-11,8010372,8010333,2,20,3
2023-07-11,8010379,8010379,29,36,48
2023-07-11,8010379,8011305,16,18,68
2023-07-11,8010379,8012996,13,18,63
2023-07-11,8010388,8010388,48,52,83
2023-07-11,8010388,8011770,25,26,59
2023-07-11,8010388,8011904,23,26,103
2023-07-11,8010397,8010129,15,17,97
2023-07-11,8010397,8010397,15,33,47
2023-07-11,8010397,8012224,7,20,16
2023-07-11,8010397,8012739,7,17,19
2023-07-11,8010397,8013433,24,26,39
2023-07-11,8010397,8013434,1,18,3
2023-07-11,8011033,8011033,3,5,18
2023-07-11,8011033,8012369,1,3,10
2023-07-11,8011033,8012593,0,2,0
2023-07-11,8011045,8010005,10,17,79
2023-07-11,8011045,8011045,18,34,62
2023-07-11,8011045,8011047,8,17,51
2023-07-11,8011047,8011045,13,17,94
2023-07-11,8011047,8011047,25,34,79
2023-07-11,8011047,8013310,10,17,39
2023-07-11,8011185,8011185,0,16,0
2023-07-11,8011185,8011315,0,8,0
2023-07-11,8011185,8017220,0,8,0
2023-07-11,8011297,8010238,18,19,249
2023-07-11,8011297,8011297,34,38,200
2023-07-11,8011305,8010379,3,18,10
2023-07-11,8011305,8011305,16,36,17
2023-07-11,8011305,8013434,1,18,3
2023-07-11,8011315,8011185,0,8,0
2023-07-11,8011315,8011315,0,16,0
2023-07-11,8011315,8012412,0,8,0
2023-07-11,8011497,8010128,13,17,92
2023-07-11,8011497,8011497,30,34,115
2023-07-11,8011497,8011856,17,17,143
2023-07-11,8011507,8011507,9,38,8
2023-07-11,8011507,8012369,5,19,13
2023-07-11,8011507,8012946,3,19,-2
2023-07-11,8011524,8013307,8,18,18
2023-07-11,8011528,8010108,10,16,51
2023-07-11,8011528,8011528,24,32,87
2023-07-11,8011528,8011870,15,16,129
2023-07-11,8011529,8010108,18,20,36
2023-07-11,8011529,8011529,17,40,26
2023-07-11,8011529,8012550,8,20,32
2023-07-11,8011556,8011556,15,40,24
2023-07-11,8011556,8012037,11,20,33
2023-07-11,8011556,8012550,4,20,8
2023-07-11,8011770,8010388,17,26,67
2023-07-11,8011770,8011770,37,52,54
2023-07-11,8011770,8011980,19,26,37
2023-07-11,8011777,8012208,9,16,32
2023-07-11,8011856,8011497,14,17,90
2023-07-11,8011856,8011856,31,34,117
2023-07-11,8011856,8013328,15,17,125
2023-07-11,8011870,8011528,11,16,68
2023-07-11,8011870,8011870,28,32,100
2023-07-11,8011870,8011892,15,16,150
2023-07-11,8011892,8011870,10,16,47
2023-07-11,8011892,8011892,24,32,91
2023-07-11,8011892,8012208,12,16,131
2023-07-11,8011904,8010108,16,16,133
2023-07-11,8011904,8010129,8,17,34
2023-07-11,8011904,8010331,19,26,85
2023-07-11,8011904,8010388,20,26,36
2023-07-11,8011904,8011904,55,86,65
2023-07-11,8011912,8017218,0,8,0
2023-07-11,8011970,8011970,1,5,12
2023-07-11,8011970,8012528,0,3,0
2023-07-11,8011971,8010185,16,26,42
2023-07-11,8011971,8011971,46,52,75
2023-07-11,8011971,8011979,25,26,106
2023-07-11,8011979,8011971,24,26,68
2023-07-11,8011979,8011979,49,52,74
2023-07-11,8011979,8011980,20,26,87
2023-07-11,8011980,8011770,20,26,80
2023-07-11,8011980,8011979,6,26,22
2023-07-11,8011980,8011980,39,52,59
2023-07-11,8012037,8011556,3,20,9
2023-07-11,8012037,8012037,11,40,16
2023-07-11,8012037,8012408,6,20,15
2023-07-11,8012208,8011777,13,16,139
2023-07-11,8012208,8011892,6,16,22
2023-07-11,8012208,8012208,21,32,83
2023-07-11,8012220,8012220,0,16,0
2023-07-11,8012220,8012407,0,8,0
2023-07-11,8012220,8017219,0,8,0
2023-07-11,8012224,8010333,8,20,15
2023-07-11,8012224,8010397,3,20,-20
2023-07-11,8012224,8012224,11,40,15
2023-07-11,8012369,8011033,1,2,30
2023-07-11,8012369,8011507,5,19,14
2023-07-11,8012369,8012369,8,38,12
2023-07-11,8012388,8010130,22,26,38
2023-07-11,8012388,8012388,47,52,68
2023-07-11,8012388,8012534,25,26,108
2023-07-11,8012407,8012220,0,8,0
2023-07-11,8012407,8012407,0,16,0
2023-07-11,8012407,8012412,0,8,0
2023-07-11,8012408,8012037,11,19,24
2023-07-11,8012408,8012408,17,40,20
2023-07-11,8012408,8012483,6,20,18
2023-07-11,8012412,8011315,0,8,0
2023-07-11,8012412,8012407,0,8,0
2023-07-11,8012412,8012412,0,16,0
2023-07-11,8012483,8012044,2,20,6
2023-07-11,8012483,8012408,8,20,24
2023-07-11,8012483,8012483,18,40,22
2023-07-11,8012528,8011970,1,2,15
2023-07-11,8012528,8012528,0,5,-18
2023-07-11,8012528,8012593,0,3,0
2023-07-11,8012534,8012388,8,26,22
2023-07-11,8012534,8012534,48,52,66
2023-07-11,8012534,8013433,21,26,83
2023-07-11,8012550,8011529,8,20,20
2023-07-11,8012550,8011556,18,20,46
2023-07-11,8012550,8012550,26,40,32
2023-07-11,8012593,8011033,1,3,10
2023-07-11,8012593,8012528,0,2,-45
2023-07-11,8012593,8012593,0,5,0
2023-07-11,8012727,8012727,0,16,0
2023-07-11,8012727,8017218,0,8,0
2023-07-11,8012727,8017220,0,8,0
2023-07-11,8012739,8010275,14,17,64
2023-07-11,8012739,8010397,15,17,85
2023-07-11,8012739,8012739,28,34,64
2023-07-11,8012853,8012853,23,34,98
2023-07-11,8012853,8013235,14,17,187
2023-07-11,8012853,8013312,10,17,69
2023-07-11,8012946,8010359,13,19,36
2023-07-11,8012946,8011507,5,19,3
2023-07-11,8012946,8012946,14,38,11
2023-07-11,8012976,8010005,5,6,100
2023-07-11,8012976,8010074,6,6,180
2023-07-11,8012976,8012976,11,12,120
2023-07-11,8012996,8010379,14,18,33
2023-07-11,8012996,8012996,28,36,39
2023-07-11,8012996,8013307,11,18,27
2023-07-11,8013116,8013116,25,34,79
2023-07-11,8013116,8013310,12,17,113
2023-07-11,8013116,8013343,13,17,51
2023-07-11,8013212,8013212,28,34,101
2023-07-11,8013212,8013311,16,17,115
2023-07-11,8013212,8013328,12,17,111
2023-07-11,8013235,8012853,9,17,62
2023-07-11,8013235,8013235,24,34,116
2023-07-11,8013235,8013343,13,17,129
2023-07-11,8013307,8011524,13,18,38
2023-07-11,8013307,8012996,13,18,30
2023-07-11,8013307,8013307,18,36,24
2023-07-11,8013310,8011047,13,17,115
2023-07-11,8013310,8013116,8,17,39
2023-07-11,8013310,8013310,20,34,77
2023-07-11,8013311,8013212,13,17,113
2023-07-11,8013311,8013311,29,34,115
2023-07-11,8013311,8013427,13,17,97
2023-07-11,8013312,8012853,13,17,113
2023-07-11,8013312,8013312,27,34,102
2023-07-11,8013312,8013427,13,17,111
2023-07-11,8013328,8011856,14,17,131
2023-07-11,8013328,8013212,16,17,120
2023-07-11,8013328,8013328,30,34,134
2023-07-11,8013343,8013116,14,17,129
2023-07-11,8013343,8013235,14,17,79
2023-07-11,8013343,8013343,29,34,105
2023-07-11,8013427,8013311,15,17,118
2023-07-11,8013427,8013312,15,17,116
2023-07-11,8013427,8013427,30,34,116
2023-07-11,8013433,8010397,22,26,67
2023-07-11,8013433,8012534,24,26,35
2023-07-11,8013433,8013433,45,52,59
2023-07-11,8013434,8010397,3,18,8
2023-07-11,8013434,8011305,1,18,2
2023-07-11,8013434,8013434,2,36,2
2023-07-11,8013450,8010185,16,19,57
2023-07-11,8013450,8010253,18,20,62
2023-07-11,8013450,8013450,23,40,49
2023-07-11,8017218,8011912,0,8,0
2023-07-11,8017218,8012727,0,8,0
2023-07-11,8017218,8017218,0,16,0
2023-07-11,8017219,8010044,0,8,0
2023-07-11,8017219,8012220,0,8,0
2023-07-11,8017219,8017219,0,16,0
2023-07-11,8017220,8011185,0,8,0
2023-07-11,8017220,8012727,0,8,0
2023-07-11,8017220,8017220,0,16,0
2023-07-12,8010005,8010005,9,12,50
2023-07-12,8010005,8011045,7,17,21
2023-07-12,8010005,8012976,4,6,70
2023-07-12,8010044,8010044,1,16,4
2023-07-12,8010044,8017219,1,8,8
2023-07-12,8010074,8012976,4,6,670
2023-07-12,8010108,8010108,111,140,73
2023-07-12,8010108,8010128,17,17,86
2023-07-12,8010108,8010253,43,53,70
2023-07-12,8010108,8011528,11,16,94
2023-07-12,8010108,8011529,16,20,60
2023-07-12,8010108,8011904,6,17,30
2023-07-12,8010108,8013114,11,17,86
2023-07-12,8010128,8010108,16,17,83
2023-07-12,8010128,8010128,33,34,108
2023-07-12,8010128,8011497,17,17,152
2023-07-12,8010129,8010129,57,86,72
2023-07-12,8010129,8010130,24,26,120
2023-07-12,8010129,8010331,15,26,30
2023-07-12,8010129,8010397,8,17,41
2023-07-12,8010129,8011904,17,17,124
2023-07-12,8010130,8010129,13,26,35
2023-07-12,8010130,8010130,37,52,80
2023-07-12,8010130,8012388,23,26,115
2023-07-12,8010185,8010185,43,52,87
2023-07-12,8010185,8011971,26,26,120
2023-07-12,8010185,8013450,18,19,73
2023-07-12,8010229,8001969,1,1,30
2023-07-12,8010229,8010229,0,1,0
2023-07-12,8010253,8010108,50,53,106
2023-07-12,8010253,8010253,96,106,85
2023-07-12,8010253,8013450,18,20,60
2023-07-12,8010275,8002924,15,16,101
2023-07-12,8010275,8010229,0,1,0
2023-07-12,8010275,8010275,24,34,76
2023-07-12,8010275,8012739,14,17,97
2023-07-12,8010331,8010129,22,26,100
2023-07-12,8010331,8010331,34,52,63
2023-07-12,8010331,8011904,16,26,30
2023-07-12,8010333,8010333,5,40,4
2023-07-12,8010333,8010372,4,20,6
2023-07-12,8010333,8012224,0,20,0
2023-07-12,8010372,8010333,2,20,3
2023-07-12,8010379,8010379,25,36,54
2023-07-12,8010379,8011305,10,18,50
2023-07-12,8010379,8012996,17,18,80
2023-07-12,8010388,8010388,49,52,99
2023-07-12,8010388,8011770,24,26,65
2023-07-12,8010388,8011904,25,26,123
2023-07-12,8010397,8010129,10,17,109
2023-07-12,8010397,8010397,16,33,77
2023-07-12,8010397,8012224,3,20,9
2023-07-12,8010397,8012739,9,17,51
2023-07-12,8010397,8013433,24,26,43
2023-07-12,8010397,8013434,5,18,13
2023-07-12,8011033,8011033,3,5,66
2023-07-12,8011033,8012369,2,3,110
2023-07-12,8011033,8012593,0,2,0
2023-07-12,8011045,8010005,11,17,56
2023-07-12,8011045,8011045,16,34,40
2023-07-12,8011045,8011047,5,17,23
2023-07-12,8011047,8011045,13,17,71
2023-07-12,8011047,8011047,25,34,52
2023-07-12,8011047,8013310,12,17,25
2023-07-12,8011185,8011185,1,16,4
2023-07-12,8011185,8011315,0,8,0
2023-07-12,8011185,8017220,1,8,8
2023-07-12,8011297,8010238,17,19,245
2023-07-12,8011297,8011297,31,38,258
2023-07-12,8011305,8010379,13,18,47
2023-07-12,8011305,8011305,15,36,22
2023-07-12,8011305,8013434,1,18,3
2023-07-12,8011315,8011185,1,8,8
2023-07-12,8011315,8011315,1,16,4
2023-07-12,8011315,8012412,0,8,0
2023-07-12,8011497,8010128,15,17,83
2023-07-12,8011497,8011497,32,34,122
2023-07-12,8011497,8011856,17,17,162
2023-07-12,8011507,8011507,10,38,24
2023-07-12,8011507,8012369,6,19,43
2023-07-12,8011507,8012946,3,19,11
2023-07-12,8011524,8013307,3,18,5
2023-07-12,8011528,8010108,13,16,47
2023-07-12,8011528,8011528,21,32,70
2023-07-12,8011528,8011870,12,16,105
2023-07-12,8011529,8010108,16,20,46
2023-07-12,8011529,8011529,21,40,44
2023-07-12,8011529,8012550,10,20,50
2023-07-12,8011556,8011556,12,40,36
2023-07-12,8011556,8012037,9,20,42
2023-07-12,8011556,8012550,3,20,22
2023-07-12,8011770,8010388,21,26,107
2023-07-12,8011770,8011770,43,52,77
2023-07-12,8011770,8011980,22,26,45
2023-07-12,8011777,8012208,6,16,26
2023-07-12,8011856,8011497,16,17,69
2023-07-12,8011856,8011856,32,34,99
2023-07-12,8011856,8013328,16,17,116
2023-07-12,8011870,8011528,11,16,47
2023-07-12,8011870,8011870,26,32,71
2023-07-12,8011870,8011892,12,16,109
2023-07-12,8011892,8011870,6,16,19
2023-07-12,8011892,8011892,18,32,61
2023-07-12,8011892,8012208,11,16,86
2023-07-12,8011904,8010108,13,16,122
2023-07-12,8011904,8010129,10,17,41
2023-07-12,8011904,8010331,21,26,115
2023-07-12,8011904,8010388,22,26,39
2023-07-12,8011904,8011904,58,86,75
2023-07-12,8011912,8017218,0,8,0
2023-07-12,8011970,8011970,4,5,66
2023-07-12,8011970,8012528,3,3,120
2023-07-12,8011971,8010185,22,26,58
2023-07-12,8011971,8011971,49,52,95
2023-07-12,8011971,8011979,26,26,132
2023-07-12,8011979,8011971,24,26,82
2023-07-12,8011979,8011979,50,52,93
2023-07-12,8011979,8011980,22,26,121
2023-07-12,8011980,8011770,22,26,119
2023-07-12,8011980,8011979,11,26,25
2023-07-12,8011980,8011980,43,52,80
2023-07-12,8012037,8011556,3,20,21
2023-07-12,8012037,8012037,11,40,31
2023-07-12,8012037,8012408,7,20,32
2023-07-12,8012208,8011777,10,16,90
2023-07-12,8012208,8011892,2,16,11
2023-07-12,8012208,8012208,12,32,53
2023-07-12,8012220,8012220,1,16,4
2023-07-12,8012220,8012407,1,8,8
2023-07-12,8012220,8017219,0,8,0
2023-07-12,8012224,8010333,6,20,12
2023-07-12,8012224,8010397,0,20,-26
2023-07-12,8012224,8012224,7,40,7
2023-07-12,8012369,8011033,0,2,0
2023-07-12,8012369,8011507,7,19,24
2023-07-12,8012369,8012369,10,38,32
2023-07-12,8012388,8010130,19,26,38
2023-07-12,8012388,8012388,41,52,81
2023-07-12,8012388,8012534,22,26,133
2023-07-12,8012407,8012220,0,8,0
2023-07-12,8012407,8012407,1,16,4
2023-07-12,8012407,8012412,1,8,8
2023-07-12,8012408,8012037,8,19,17
2023-07-12,8012408,8012408,13,40,21
2023-07-12,8012408,8012483,7,20,26
2023-07-12,8012412,8011315,1,8,8
2023-07-12,8012412,8012407,0,8,0
2023-07-12,8012412,8012412,1,16,4
2023-07-12,8012483,8012044,5,20,22
2023-07-12,8012483,8012408,8,20,21
2023-07-12,8012483,8012483,18,40,28
2023-07-12,8012528,8011970,1,2,15
2023-07-12,8012528,8012528,2,5,60
2023-07-12,8012528,8012593,2,3,80
2023-07-12,8012534,8012388,6,26,23
2023-07-12,8012534,8012534,46,52,84
2023-07-12,8012534,8013433,22,26,119
2023-07-12,8012550,8011529,8,20,36
2023-07-12,8012550,8011556,17,20,64
2023-07-12,8012550,8012550,25,40,51
2023-07-12,8012593,8011033,3,3,90
2023-07-12,8012593,8012528,0,2,0
2023-07-12,8012593,8012593,2,5,48
2023-07-12,8012727,8012727,1,16,4
2023-07-12,8012727,8017218,1,8,8
2023-07-12,8012727,8017220,0,8,0
2023-07-12,8012739,8010275,14,17,69
2023-07-12,8012739,8010397,11,17,102
2023-07-12,8012739,8012739,25,34,79
2023-07-12,8012853,8012853,25,34,84
2023-07-12,8012853,8013235,14,17,203
2023-07-12,8012853,8013312,13,17,62
2023-07-12,8012946,8010359,12,19,32
2023-07-12,8012946,8011507,2,19,22
2023-07-12,8012946,8012946,13,38,21
2023-07-12,8012976,8010005,3,6,30
2023-07-12,8012976,8010074,5,6,80
2023-07-12,8012976,8012976,9,12,210
2023-07-12,8012996,8010379,6,18,23
2023-07-12,8012996,8012996,26,36,54
2023-07-12,8012996,8013307,15,18,55
2023-07-12,8013116,8013116,26,34,73
2023-07-12,8013116,8013310,12,17,113
2023-07-12,8013116,8013343,13,17,49
2023-07-12,8013212,8013212,29,34,87
2023-07-12,8013212,8013311,16,17,97
2023-07-12,8013212,8013328,13,17,85
2023-07-12,8013235,8012853,9,17,34
2023-07-12,8013235,8013235,23,34,98
2023-07-12,8013235,8013343,14,17,106
2023-07-12,8013307,8011524,13,18,110
2023-07-12,8013307,8012996,6,18,22
2023-07-12,8013307,8013307,19,36,43
2023-07-12,8013310,8011047,14,17,97
2023-07-12,8013310,8013116,10,17,30
2023-07-12,8013310,8013310,23,34,69
2023-07-12,8013311,8013212,15,17,97
2023-07-12,8013311,8013311,30,34,94
2023-07-12,8013311,8013427,14,17,78
2023-07-12,8013312,8012853,11,17,74
2023-07-12,8013312,8013312,26,34,80
2023-07-12,8013312,8013427,15,17,83
2023-07-12,8013328,8011856,16,17,92
2023-07-12,8013328,8013212,16,17,118
2023-07-12,8013328,8013328,32,34,116
2023-07-12,8013343,8013116,13,17,113
2023-07-12,8013343,8013235,14,17,64
2023-07-12,8013343,8013343,30,34,97
2023-07-12,8013427,8013311,16,17,88
2023-07-12,8013427,8013312,16,17,106
2023-07-12,8013427,8013427,32,34,95
2023-07-12,8013433,8010397,20,26,96
2023-07-12,8013433,8012534,24,26,39
2023-07-12,8013433,8013433,45,52,76
2023-07-12,8013434,8010397,2,18,5
2023-07-12,8013434,8011305,2,18,7
2023-07-12,8013434,8013434,5,36,5
2023-07-12,8013450,8010185,16,19,71
2023-07-12,8013450,8010253,17,20,70
2023-07-12,8013450,8013450,19,40,50
2023-07-12,8017218,8011912,1,8,8
2023-07-12,8017218,8012727,0,8,0
2023-07-12,8017218,8017218,1,16,4
2023-07-12,8017219,8010044,0,8,0
2023-07-12,8017219,8012220,1,8,8
2023-07-12,8017219,8017219,1,16,4
2023-07-12,8017220,8011185,0,8,0
2023-07-12,8017220,8012727,1,8,8
2023-07-12,8017220,8017220,1,16,4
2023-07-13,8010005,8010005,7,12,75
2023-07-13,8010005,8011045,6,17,26
2023-07-13,8010005,8012976,3,6,85
2023-07-13,8010044,8010044,0,16,0
2023-07-13,8010044,8017219,0,8,0
2023-07-13,8010074,8012976,3,6,55
2023-07-13,8010108,8010108,111,140,139
2023-07-13,8010108,8010128,15,17,97
2023-07-13,8010108,8010253,45,53,97
2023-07-13,8010108,8011528,9,16,64
2023-07-13,8010108,8011529,17,20,180
2023-07-13,8010108,8011904,12,17,122
2023-07-13,8010108,8013114,14,17,392
2023-07-13,8010128,8010108,15,17,109
2023-07-13,8010128,8010128,33,34,120
2023-07-13,8010128,8011497,17,17,143
2023-07-13,8010129,8010129,48,86,173
2023-07-13,8010129,8010130,17,26,179
2023-07-13,8010129,8010331,11,26,182
2023-07-13,8010129,8010397,7,17,129
2023-07-13,8010129,8011904,17,17,286
2023-07-13,8010130,8010129,11,26,127
2023-07-13,8010130,8010130,25,52,151
2023-07-13,8010130,8012388,12,26,170
2023-07-13,8010185,8010185,35,52,160
2023-07-13,8010185,8011971,22,26,96
2023-07-13,8010185,8013450,17,19,248
2023-07-13,8010229,8001969,1,1,30
2023-07-13,8010229,8010229,0,1,0
2023-07-13,8010253,8010108,49,53,153
2023-07-13,8010253,8010253,94,106,124
2023-07-13,8010253,8013450,18,20,111
2023-07-13,8010275,8002924,11,16,171
2023-07-13,8010275,8010229,1,1,30
2023-07-13,8010275,8010275,24,34,153
2023-07-13,8010275,8012739,14,17,152
2023-07-13,8010331,8010129,14,26,167
2023-07-13,8010331,8010331,23,52,175
2023-07-13,8010331,8011904,12,26,187
2023-07-13,8010333,8010333,14,40,12
2023-07-13,8010333,8010372,9,20,16
2023-07-13,8010333,8012224,5,20,6
2023-07-13,8010372,8010333,4,20,6
2023-07-13,8010379,8010379,28,36,48
2023-07-13,8010379,8011305,14,18,58
2023-07-13,8010379,8012996,16,18,80
2023-07-13,8010388,8010388,45,52,302
2023-07-13,8010388,8011770,24,26,216
2023-07-13,8010388,8011904,21,26,195
2023-07-13,8010397,8010129,14,17,198
2023-07-13,8010397,8010397,19,33,157
2023-07-13,8010397,8012224,1,20,6
2023-07-13,8010397,8012739,9,17,148
2023-07-13,8010397,8013433,24,26,142
2023-07-13,8010397,8013434,0,18,0
2023-07-13,8011033,8011033,5,5,156
2023-07-13,8011033,8012369,2,3,50
2023-07-13,8011033,8012593,2,2,300
2023-07-13,8011045,8010005,9,17,88
2023-07-13,8011045,8011045,14,34,53
2023-07-13,8011045,8011047,5,17,30
2023-07-13,8011047,8011045,13,17,94
2023-07-13,8011047,8011047,25,34,70
2023-07-13,8011047,8013310,9,17,23
2023-07-13,8011185,8011185,0,16,0
2023-07-13,8011185,8011315,0,8,0
2023-07-13,8011185,8017220,0,8,0
2023-07-13,8011297,8010238,16,19,62
2023-07-13,8011297,8011297,30,38,73
2023-07-13,8011305,8010379,8,18,17
2023-07-13,8011305,8011305,19,36,21
2023-07-13,8011305,8013434,0,18,0
2023-07-13,8011315,8011185,0,8,0
2023-07-13,8011315,8011315,0,16,0
2023-07-13,8011315,8012412,0,8,0
2023-07-13,8011497,8010128,16,17,94
2023-07-13,8011497,8011497,33,34,111
2023-07-13,8011497,8011856,17,17,139
2023-07-13,8011507,8011507,16,38,54
2023-07-13,8011507,8012369,10,19,63
2023-07-13,8011507,8012946,8,19,41
2023-07-13,8011524,8013307,7,18,13
2023-07-13,8011528,8010108,10,16,39
2023-07-13,8011528,8011528,23,32,64
2023-07-13,8011528,8011870,16,16,111
2023-07-13,8011529,8010108,13,20,66
2023-07-13,8011529,8011529,25,40,119
2023-07-13,8011529,8012550,15,20,177
2023-07-13,8011556,8011556,21,40,113
2023-07-13,8011556,8012037,15,20,171
2023-07-13,8011556,8012550,6,20,45
2023-07-13,8011770,8010388,15,26,308
2023-07-13,8011770,8011770,35,52,137
2023-07-13,8011770,8011980,19,26,195
2023-07-13,8011777,8012208,12,16,56
2023-07-13,8011856,8011497,16,17,92
2023-07-13,8011856,8011856,34,34,120
2023-07-13,8011856,8013328,15,17,129
2023-07-13,8011870,8011528,15,16,51
2023-07-13,8011870,8011870,30,32,83
2023-07-13,8011870,8011892,15,16,129
2023-07-13,8011892,8011870,15,16,52
2023-07-13,8011892,8011892,31,32,91
2023-07-13,8011892,8012208,16,16,96
2023-07-13,8011904,8010108,15,16,426
2023-07-13,8011904,8010129,12,17,152
2023-07-13,8011904,8010331,15,26,182
2023-07-13,8011904,8010388,20,26,202
2023-07-13,8011904,8011904,53,86,209
2023-07-13,8011912,8017218,0,8,0
2023-07-13,8011970,8011970,3,5,138
2023-07-13,8011970,8012528,2,3,20
2023-07-13,8011971,8010185,19,26,232
2023-07-13,8011971,8011971,44,52,172
2023-07-13,8011971,8011979,22,26,107
2023-07-13,8011979,8011971,23,26,261
2023-07-13,8011979,8011979,45,52,164
2023-07-13,8011979,8011980,15,26,84
2023-07-13,8011980,8011770,15,26,80
2023-07-13,8011980,8011979,14,26,192
2023-07-13,8011980,8011980,34,52,138
2023-07-13,8012037,8011556,4,20,45
2023-07-13,8012037,8012037,19,40,106
2023-07-13,8012037,8012408,14,20,152
2023-07-13,8012208,8011777,12,16,103
2023-07-13,8012208,8011892,11,16,54
2023-07-13,8012208,8012208,23,32,80
2023-07-13,8012220,8012220,0,16,0
2023-07-13,8012220,8012407,0,8,0
2023-07-13,8012220,8017219,0,8,0
2023-07-13,8012224,8010333,4,20,10
2023-07-13,8012224,8010397,0,20,-30
2023-07-13,8012224,8012224,4,40,5
2023-07-13,8012369,8011033,2,2,360
2023-07-13,8012369,8011507,10,19,57
2023-07-13,8012369,8012369,19,38,54
2023-07-13,8012388,8010130,18,26,133
2023-07-13,8012388,8012388,36,52,158
2023-07-13,8012388,8012534,18,26,192
2023-07-13,8012407,8012220,0,8,0
2023-07-13,8012407,8012407,0,16,0
2023-07-13,8012407,8012412,0,8,0
2023-07-13,8012408,8012037,10,19,63
2023-07-13,8012408,8012408,21,40,103
2023-07-13,8012408,8012483,11,20,147
2023-07-13,8012412,8011315,0,8,0
2023-07-13,8012412,8012407,0,8,0
2023-07-13,8012412,8012412,0,16,0
2023-07-13,8012483,8012044,9,20,135
2023-07-13,8012483,8012408,11,20,68
2023-07-13,8012483,8012483,24,40,107
2023-07-13,8012528,8011970,2,2,315
2023-07-13,8012528,8012528,4,5,138
2023-07-13,8012528,8012593,1,3,20
2023-07-13,8012534,8012388,7,26,118
2023-07-13,8012534,8012534,39,52,160
2023-07-13,8012534,8013433,12,26,174
2023-07-13,8012550,8011529,9,20,60
2023-07-13,8012550,8011556,17,20,186
2023-07-13,8012550,8012550,26,40,122
2023-07-13,8012593,8011033,1,3,10
2023-07-13,8012593,8012528,2,2,300
2023-07-13,8012593,8012593,3,5,126
2023-07-13,8012727,8012727,0,16,0
2023-07-13,8012727,8017218,0,8,0
2023-07-13,8012727,8017220,0,8,0
2023-07-13,8012739,8010275,13,17,187
2023-07-13,8012739,8010397,14,17,175
2023-07-13,8012739,8012739,25,34,175
2023-07-13,8012853,8012853,26,34,110
2023-07-13,8012853,8013235,15,17,196
2023-07-13,8012853,8013312,11,17,90
2023-07-13,8012946,8010359,14,19,65
2023-07-13,8012946,8011507,5,19,55
2023-07-13,8012946,8012946,18,38,54
2023-07-13,8012976,8010005,2,6,50
2023-07-13,8012976,8010074,4,6,95
2023-07-13,8012976,8012976,6,12,75
2023-07-13,8012996,8010379,9,18,23
2023-07-13,8012996,8012996,24,36,46
2023-07-13,8012996,8013307,13,18,47
2023-07-13,8013116,8013116,25,34,76
2023-07-13,8013116,8013310,10,17,108
2023-07-13,8013116,8013343,13,17,41
2023-07-13,8013212,8013212,26,34,107
2023-07-13,8013212,8013311,15,17,125
2023-07-13,8013212,8013328,13,17,109
2023-07-13,8013235,8012853,11,17,60
2023-07-13,8013235,8013235,27,34,125
2023-07-13,8013235,8013343,14,17,141
2023-07-13,8013307,8011524,11,18,60
2023-07-13,8013307,8012996,10,18,22
2023-07-13,8013307,8013307,21,36,35
2023-07-13,8013310,8011047,12,17,115
2023-07-13,8013310,8013116,9,17,32
2023-07-13,8013310,8013310,20,34,71
2023-07-13,8013311,8013212,15,17,109
2023-07-13,8013311,8013311,31,34,114
2023-07-13,8013311,8013427,13,17,102
2023-07-13,8013312,8012853,15,17,132
2023-07-13,8013312,8013312,31,34,116
2023-07-13,8013312,8013427,16,17,111
2023-07-13,8013328,8011856,16,17,120
2023-07-13,8013328,8013212,15,17,120
2023-07-13,8013328,8013328,31,34,131
2023-07-13,8013343,8013116,13,17,136
2023-07-13,8013343,8013235,13,17,95
2023-07-13,8013343,8013343,29,34,110
2023-07-13,8013427,8013311,15,17,113
2023-07-13,8013427,8013312,15,17,124
2023-07-13,8013427,8013427,30,34,116
2023-07-13,8013433,8010397,13,26,167
2023-07-13,8013433,8012534,24,26,132
2023-07-13,8013433,8013433,36,52,151
2023-07-13,8013434,8010397,2,18,3
2023-07-13,8013434,8011305,6,18,10
2023-07-13,8013434,8013434,1,36,1
2023-07-13,8013450,8010185,12,19,82
2023-07-13,8013450,8010253,15,20,198
2023-07-13,8013450,8013450,23,40,140
2023-07-13,8017218,8011912,0,8,0
2023-07-13,8017218,8012727,0,8,0
2023-07-13,8017218,8017218,0,16,0
2023-07-13,8017219,8010044,0,8,0
2023-07-13,8017219,8012220,0,8,0
2023-07-13,8017219,8017219,0,16,0
2023-07-13,8017220,8011185,0,8,0
2023-07-13,8017220,8012727,0,8,0
2023-07-13,8017220,8017220,0,16,0
2023-07-14,8010005,8010005,10,12,95
2023-07-14,8010005,8011045,9,17,42
2023-07-14,8010005,8012976,4,6,100
2023-07-14,8010044,8010044,2,16,8
2023-07-14,8010044,8017219,2,8,15
2023-07-14,8010074,8012976,4,6,65
2023-07-14,8010108,8010108,122,140,96
2023-07-14,8010108,8010128,16,17,60
2023-07-14,8010108,8010253,43,53,96
2023-07-14,8010108,8011528,12,16,126
2023-07-14,8010108,8011529,15,20,42
2023-07-14,8010108,8011904,14,17,81
2023-07-14,8010108,8013114,15,17,194
2023-07-14,8010128,8010108,12,17,109
2023-07-14,8010128,8010128,29,34,100
2023-07-14,8010128,8011497,17,17,111
2023-07-14,8010129,8010129,51,86,88
2023-07-14,8010129,8010130,24,26,99
2023-07-14,8010129,8010331,7,26,29
2023-07-14,8010129,8010397,8,17,81
2023-07-14,8010129,8011904,17,17,191
2023-07-14,8010130,8010129,14,26,43
2023-07-14,8010130,8010130,37,52,72
2023-07-14,8010130,8012388,19,26,91
2023-07-14,8010185,8010185,42,52,98
2023-07-14,8010185,8011971,25,26,117
2023-07-14,8010185,8013450,17,19,85
2023-07-14,8010229,8001969,0,1,0
2023-07-14,8010229,8010229,0,1,0
2023-07-14,8010253,8010108,51,53,108
2023-07-14,8010253,8010253,99,106,99
2023-07-14,8010253,8013450,20,20,68
2023-07-14,8010275,8002924,9,16,82
2023-07-14,8010275,8010229,0,1,0
2023-07-14,8010275,8010275,23,34,108
2023-07-14,8010275,8012739,15,17,139
2023-07-14,8010331,8010129,17,26,81
2023-07-14,8010331,8010331,21,52,53
2023-07-14,8010331,8011904,11,26,32
2023-07-14,8010333,8010333,11,40,12
2023-07-14,8010333,8010372,7,20,16
2023-07-14,8010333,8012224,4,20,4
2023-07-14,8010372,8010333,1,20,4
2023-07-14,8010379,8010379,28,38,47
2023-07-14,8010379,8011305,16,19,51
2023-07-14,8010379,8012996,13,19,54
2023-07-14,8010388,8010388,50,52,109
2023-07-14,8010388,8011770,26,26,89
2023-07-14,8010388,8011904,24,26,117
2023-07-14,8010397,8010129,17,17,152
2023-07-14,8010397,8010397,22,33,116
2023-07-14,8010397,8012224,2,20,4
2023-07-14,8010397,8012739,10,17,94
2023-07-14,8010397,8013433,25,26,72
2023-07-14,8010397,8013434,2,19,8
2023-07-14,8011033,8011033,2,5,18
2023-07-14,8011033,8012369,1,3,20
2023-07-14,8011033,8012593,0,2,0
2023-07-14,8011045,8010005,13,17,115
2023-07-14,8011045,8011045,19,34,73
2023-07-14,8011045,8011047,7,17,39
2023-07-14,8011047,8011045,12,17,124
2023-07-14,8011047,8011047,24,34,87
2023-07-14,8011047,8013310,10,17,32
2023-07-14,8011185,8011185,2,16,8
2023-07-14,8011185,8011315,0,8,0
2023-07-14,8011185,8017220,2,8,15
2023-07-14,8011297,8010238,18,19,726
2023-07-14,8011297,8011297,32,38,613
2023-07-14,8011305,8010379,4,19,21
2023-07-14,8011305,8011305,13,38,21
2023-07-14,8011305,8013434,1,19,3
2023-07-14,8011315,8011185,2,8,15
2023-07-14,8011315,8011315,2,16,8
2023-07-14,8011315,8012412,0,8,0
2023-07-14,8011497,8010128,12,17,106
2023-07-14,8011497,8011497,29,34,109
2023-07-14,8011497,8011856,15,17,111
2023-07-14,8011507,8011507,17,38,22
2023-07-14,8011507,8012369,6,19,9
2023-07-14,8011507,8012946,5,19,17
2023-07-14,8011524,8013307,2,19,3
2023-07-14,8011528,8010108,14,16,94
2023-07-14,8011528,8011528,27,32,122
2023-07-14,8011528,8011870,15,16,159
2023-07-14,8011529,8010108,18,20,34
2023-07-14,8011529,8011529,22,40,30
2023-07-14,8011529,8012550,11,20,36
2023-07-14,8011556,8011556,16,40,24
2023-07-14,8011556,8012037,11,20,28
2023-07-14,8011556,8012550,5,20,8
2023-07-14,8011770,8010388,19,26,97
2023-07-14,8011770,8011770,42,52,83
2023-07-14,8011770,8011980,23,26,66
2023-07-14,8011777,8012208,11,16,43
2023-07-14,8011856,8011497,13,17,102
2023-07-14,8011856,8011856,29,34,124
2023-07-14,8011856,8013328,16,17,143
2023-07-14,8011870,8011528,15,16,109
2023-07-14,8011870,8011870,30,32,120
2023-07-14,8011870,8011892,15,16,165
2023-07-14,8011892,8011870,10,16,54
2023-07-14,8011892,8011892,25,32,116
2023-07-14,8011892,8012208,15,16,167
2023-07-14,8011904,8010108,16,16,225
2023-07-14,8011904,8010129,14,17,99
2023-07-14,8011904,8010331,20,26,97
2023-07-14,8011904,8010388,26,26,60
2023-07-14,8011904,8011904,62,86,98
2023-07-14,8011912,8017218,0,8,0
2023-07-14,8011970,8011970,2,5,12
2023-07-14,8011970,8012528,1,3,10
2023-07-14,8011971,8010185,24,26,81
2023-07-14,8011971,8011971,49,52,104
2023-07-14,8011971,8011979,26,26,134
2023-07-14,8011979,8011971,25,26,105
2023-07-14,8011979,8011979,50,52,101
2023-07-14,8011979,8011980,20,26,108
2023-07-14,8011980,8011770,21,26,105
2023-07-14,8011980,8011979,8,26,42
2023-07-14,8011980,8011980,43,52,83
2023-07-14,8012037,8011556,2,20,6
2023-07-14,8012037,8012037,12,40,16
2023-07-14,8012037,8012408,9,20,18
2023-07-14,8012208,8011777,16,16,161
2023-07-14,8012208,8011892,13,16,56
2023-07-14,8012208,8012208,28,32,113
2023-07-14,8012220,8012220,2,16,8
2023-07-14,8012220,8012407,2,8,15
2023-07-14,8012220,8017219,0,8,0
2023-07-14,8012224,8010333,5,20,10
2023-07-14,8012224,8010397,2,20,-40
2023-07-14,8012224,8012224,6,40,6
2023-07-14,8012369,8011033,0,2,0
2023-07-14,8012369,8011507,9,19,35
2023-07-14,8012369,8012369,13,38,21
2023-07-14,8012388,8010130,17,26,44
2023-07-14,8012388,8012388,39,52,75
2023-07-14,8012388,8012534,22,26,108
2023-07-14,8012407,8012220,0,8,0
2023-07-14,8012407,8012407,2,16,8
2023-07-14,8012407,8012412,2,8,15
2023-07-14,8012408,8012037,14,19,27
2023-07-14,8012408,8012408,17,40,19
2023-07-14,8012408,8012483,3,20,9
2023-07-14,8012412,8011315,2,8,15
2023-07-14,8012412,8012407,0,8,0
2023-07-14,8012412,8012412,2,16,8
2023-07-14,8012483,8012044,4,20,8
2023-07-14,8012483,8012408,13,20,30
2023-07-14,8012483,8012483,20,40,26
2023-07-14,8012528,8011970,0,2,0
2023-07-14,8012528,8012528,1,5,6
2023-07-14,8012528,8012593,2,3,30
2023-07-14,8012534,8012388,10,26,44
2023-07-14,8012534,8012534,47,52,84
2023-07-14,8012534,8013433,17,26,90
2023-07-14,8012550,8011529,12,20,27
2023-07-14,8012550,8011556,17,20,51
2023-07-14,8012550,8012550,29,40,38
2023-07-14,8012593,8011033,2,3,30
2023-07-14,8012593,8012528,0,2,0
2023-07-14,8012593,8012593,2,5,18
2023-07-14,8012727,8012727,2,16,8
2023-07-14,8012727,8017218,2,8,15
2023-07-14,8012727,8017220,0,8,0
2023-07-14,8012739,8010275,9,17,97
2023-07-14,8012739,8010397,17,17,138
2023-07-14,8012739,8012739,25,34,118
2023-07-14,8012853,8012853,25,34,129
2023-07-14,8012853,8013235,13,17,201
2023-07-14,8012853,8013312,12,17,108
2023-07-14,8012946,8010359,14,19,43
2023-07-14,8012946,8011507,9,19,17
2023-07-14,8012946,8012946,16,38,21
2023-07-14,8012976,8010005,6,6,90
2023-07-14,8012976,8010074,4,6,115
2023-07-14,8012976,8012976,10,12,98
2023-07-14,8012996,8010379,12,19,27
2023-07-14,8012996,8012996,25,38,31
2023-07-14,8012996,8013307,12,19,27
2023-07-14,8013116,8013116,26,34,103
2023-07-14,8013116,8013310,15,17,184
2023-07-14,8013116,8013343,12,17,32
2023-07-14,8013212,8013212,25,34,113
2023-07-14,8013212,8013311,14,17,118
2023-07-14,8013212,8013328,12,17,124
2023-07-14,8013235,8012853,11,17,94
2023-07-14,8013235,8013235,27,34,145
2023-07-14,8013235,8013343,16,17,161
2023-07-14,8013307,8011524,12,19,71
2023-07-14,8013307,8012996,10,19,27
2023-07-14,8013307,8013307,20,38,34
2023-07-14,8013310,8011047,13,17,134
2023-07-14,8013310,8013116,12,17,39
2023-07-14,8013310,8013310,25,34,96
2023-07-14,8013311,8013212,15,17,138
2023-07-14,8013311,8013311,29,34,131
2023-07-14,8013311,8013427,12,17,115
2023-07-14,8013312,8012853,14,17,141
2023-07-14,8013312,8013312,29,34,131
2023-07-14,8013312,8013427,15,17,131
2023-07-14,8013328,8011856,15,17,159
2023-07-14,8013328,8013212,15,17,118
2023-07-14,8013328,8013328,30,34,145
2023-07-14,8013343,8013116,15,17,178
2023-07-14,8013343,8013235,13,17,115
2023-07-14,8013343,8013343,29,34,130
2023-07-14,8013427,8013311,15,17,138
2023-07-14,8013427,8013312,17,17,157
2023-07-14,8013427,8013427,32,34,142
2023-07-14,8013433,8010397,18,26,77
2023-07-14,8013433,8012534,25,26,67
2023-07-14,8013433,8013433,42,52,81
2023-07-14,8013434,8010397,4,19,11
2023-07-14,8013434,8011305,2,19,11
2023-07-14,8013434,8013434,2,38,4
2023-07-14,8013450,8010185,12,19,54
2023-07-14,8013450,8010253,17,20,58
2023-07-14,8013450,8013450,22,40,42
2023-07-14,8017218,8011912,2,8,15
2023-07-14,8017218,8012727,0,8,0
2023-07-14,8017218,8017218,2,16,8
2023-07-14,8017219,8010044,0,8,0
2023-07-14,8017219,8012220,2,8,15
2023-07-14,8017219,8017219,2,16,8
2023-07-14,8017220,8011185,0,8,0
2023-07-14,8017220,8012727,2,8,15
2023-07-14,8017220,8017220,2,16,8
2023-07-15,8010005,8010005,13,14,96
2023-07-15,8010005,8011045,9,13,48
2023-07-15,8010005,8012976,7,7,137
2023-07-15,8010010,8010010,16,35,42
2023-07-15,8010010,8012176,6,18,25
2023-07-15,8010010,8012873,6,18,20
2023-07-15,8010044,8010044,1,22,3
2023-07-15,8010044,8017219,1,11,5
2023-07-15,8010074,8012976,4,7,47
2023-07-15,8010108,8010108,94,118,54
2023-07-15,8010108,8010128,13,13,74
2023-07-15,8010108,8010253,30,42,53
2023-07-15,8010108,8011528,6,9,60
2023-07-15,8010108,8011529,15,20,32
2023-07-15,8010108,8011904,5,17,26
2023-07-15,8010108,8013114,10,17,60
2023-07-15,8010128,8010108,11,13,67
2023-07-15,8010128,8010128,24,26,95
2023-07-15,8010128,8011497,13,13,125
2023-07-15,8010129,8010129,36,74,40
2023-07-15,8010129,8010130,20,20,58
2023-07-15,8010129,8010331,7,20,20
2023-07-15,8010129,8010397,4,17,14
2023-07-15,8010129,8011904,16,17,72
2023-07-15,8010130,8010129,8,20,24
2023-07-15,8010130,8010130,27,40,40
2023-07-15,8010130,8012388,10,20,38
2023-07-15,8010185,8010185,30,40,68
2023-07-15,8010185,8011971,20,20,88
2023-07-15,8010185,8013450,16,19,60
2023-07-15,8010229,8001969,0,1,0
2023-07-15,8010229,8010229,0,1,0
2023-07-15,8010253,8010108,42,42,90
2023-07-15,8010253,8010253,75,84,70
2023-07-15,8010253,8013450,17,20,36
2023-07-15,8010275,8002924,7,16,36
2023-07-15,8010275,8010229,0,1,0
2023-07-15,8010275,8010275,15,34,34
2023-07-15,8010275,8012739,12,17,56
2023-07-15,8010323,8010323,8,33,11
2023-07-15,8010323,8012938,3,16,6
2023-07-15,8010323,8012939,8,18,13
2023-07-15,8010331,8010129,10,20,32
2023-07-15,8010331,8010331,16,40,26
2023-07-15,8010331,8011904,7,20,24
2023-07-15,8010333,8010333,13,39,35
2023-07-15,8010333,8010372,11,20,40
2023-07-15,8010333,8012224,2,19,17
2023-07-15,8010372,8010333,1,19,9
2023-07-15,8010379,8010379,16,36,28
2023-07-15,8010379,8011305,4,18,22
2023-07-15,8010379,8012996,10,18,40
2023-07-15,8010388,8010388,38,40,74
2023-07-15,8010388,8011770,18,20,60
2023-07-15,8010388,8011904,20,20,69
2023-07-15,8010397,8010129,13,17,65
2023-07-15,8010397,8010397,12,33,36
2023-07-15,8010397,8012224,4,20,28
2023-07-15,8010397,8012739,4,17,16
2023-07-15,8010397,8013433,19,20,44
2023-07-15,8010397,8013434,1,18,3
2023-07-15,8011033,8011033,0,3,0
2023-07-15,8011033,8012369,0,1,0
2023-07-15,8011033,8012593,0,2,0
2023-07-15,8011045,8010005,8,13,254
2023-07-15,8011045,8011045,16,26,142
2023-07-15,8011045,8011047,8,13,48
2023-07-15,8011047,8011045,8,13,245
2023-07-15,8011047,8011047,20,26,158
2023-07-15,8011047,8013310,12,13,46
2023-07-15,8011049,8011049,21,33,58
2023-07-15,8011049,8011263,12,16,94
2023-07-15,8011049,8011505,10,17,53
2023-07-15,8011185,8011185,1,22,3
2023-07-15,8011185,8011315,0,11,0
2023-07-15,8011185,8017220,1,11,5
2023-07-15,8011263,8011049,11,17,32
2023-07-15,8011263,8011263,23,33,63
2023-07-15,8011263,8011506,12,16,99
2023-07-15,8011297,8010238,17,19,114
2023-07-15,8011297,8011297,30,38,99
2023-07-15,8011305,8010379,1,18,3
2023-07-15,8011305,8011305,3,36,11
2023-07-15,8011305,8013434,2,18,20
2023-07-15,8011315,8011185,1,11,5
2023-07-15,8011315,8011315,1,22,3
2023-07-15,8011315,8012412,0,11,0
2023-07-15,8011497,8010128,10,13,60
2023-07-15,8011497,8011497,23,26,106
2023-07-15,8011497,8011856,13,13,164
2023-07-15,8011505,8011049,10,16,66
2023-07-15,8011505,8011505,15,33,44
2023-07-15,8011505,8012938,7,17,26
2023-07-15,8011506,8011263,9,17,25
2023-07-15,8011506,8011506,19,33,57
2023-07-15,8011506,8011967,11,16,94
2023-07-15,8011507,8011507,4,22,30
2023-07-15,8011507,8012369,4,11,14
2023-07-15,8011507,8012946,1,11,49
2023-07-15,8011524,8011524,19,36,48
2023-07-15,8011524,8011823,10,18,68
2023-07-15,8011524,8013307,9,18,43
2023-07-15,8011528,8010108,8,9,53
2023-07-15,8011528,8011528,16,18,68
2023-07-15,8011528,8011870,9,9,107
2023-07-15,8011529,8010108,17,20,32
2023-07-15,8011529,8011529,20,40,21
2023-07-15,8011529,8012550,12,20,27
2023-07-15,8011556,8011556,13,40,16
2023-07-15,8011556,8012037,11,20,20
2023-07-15,8011556,8012550,2,20,3
2023-07-15,8011770,8010388,16,20,58
2023-07-15,8011770,8011770,33,40,52
2023-07-15,8011770,8011980,15,20,40
2023-07-15,8011777,8012208,6,9,40
2023-07-15,8011823,8011524,7,18,38
2023-07-15,8011823,8011823,18,36,48
2023-07-15,8011823,8012873,9,18,45
2023-07-15,8011856,8011497,12,13,55
2023-07-15,8011856,8011856,23,26,82
2023-07-15,8011856,8013328,10,13,90
2023-07-15,8011870,8011528,7,9,57
2023-07-15,8011870,8011870,17,18,102
2023-07-15,8011870,8011892,9,9,140
2023-07-15,8011892,8011870,9,9,77
2023-07-15,8011892,8011892,18,18,88
2023-07-15,8011892,8012208,8,9,110
2023-07-15,8011904,8010108,15,16,79
2023-07-15,8011904,8010129,10,17,37
2023-07-15,8011904,8010331,14,20,51
2023-07-15,8011904,8010388,14,20,34
2023-07-15,8011904,8011904,44,74,43
2023-07-15,8011912,8017218,0,11,0
2023-07-15,8011967,8011506,9,17,23
2023-07-15,8011970,8011970,0,3,0
2023-07-15,8011970,8012528,0,1,0
2023-07-15,8011971,8010185,15,20,44
2023-07-15,8011971,8011971,36,40,71
2023-07-15,8011971,8011979,20,20,106
2023-07-15,8011979,8011971,19,20,70
2023-07-15,8011979,8011979,39,40,76
2023-07-15,8011979,8011980,19,20,90
2023-07-15,8011980,8011770,20,20,75
2023-07-15,8011980,8011979,5,20,21
2023-07-15,8011980,8011980,34,40,57
2023-07-15,8012037,8011556,1,20,3
2023-07-15,8012037,8012037,10,40,10
2023-07-15,8012037,8012408,8,20,16
2023-07-15,8012176,8010010,5,18,17
2023-07-15,8012176,8012176,18,36,27
2023-07-15,8012176,8012939,12,18,32
2023-07-15,8012208,8011777,8,9,143
2023-07-15,8012208,8011892,5,9,43
2023-07-15,8012208,8012208,16,18,92
2023-07-15,8012220,8012220,1,22,3
2023-07-15,8012220,8012407,1,11,5
2023-07-15,8012220,8017219,0,11,0
2023-07-15,8012224,8010333,13,20,57
2023-07-15,8012224,8010397,3,19,28
2023-07-15,8012224,8012224,16,39,35
2023-07-15,8012369,8011033,0,2,0
2023-07-15,8012369,8011507,2,11,52
2023-07-15,8012369,8012369,5,22,30
2023-07-15,8012388,8010130,11,20,32
2023-07-15,8012388,8012388,30,40,47
2023-07-15,8012388,8012534,19,20,80
2023-07-15,8012407,8012220,0,11,0
2023-07-15,8012407,8012407,1,22,3
2023-07-15,8012407,8012412,1,11,5
2023-07-15,8012408,8012037,10,19,21
2023-07-15,8012408,8012408,13,40,18
2023-07-15,8012408,8012483,2,20,6
2023-07-15,8012412,8011315,1,11,5
2023-07-15,8012412,8012407,0,11,0
2023-07-15,8012412,8012412,1,22,3
2023-07-15,8012483,8012044,1,20,3
2023-07-15,8012483,8012408,10,20,28
2023-07-15,8012483,8012483,14,40,19
2023-07-15,8012528,8011970,0,2,0
2023-07-15,8012528,8012528,0,3,0
2023-07-15,8012528,8012593,0,1,0
2023-07-15,8012534,8012388,5,20,22
2023-07-15,8012534,8012534,37,40,55
2023-07-15,8012534,8013433,12,20,56
2023-07-15,8012550,8011529,12,20,22
2023-07-15,8012550,8011556,15,20,34
2023-07-15,8012550,8012550,27,40,30
2023-07-15,8012593,8011033,0,1,0
2023-07-15,8012593,8012528,0,2,0
2023-07-15,8012593,8012593,0,3,0
2023-07-15,8012727,8012727,1,22,3
2023-07-15,8012727,8017218,1,11,5
2023-07-15,8012727,8017220,0,11,0
2023-07-15,8012739,8010275,10,17,34
2023-07-15,8012739,8010397,12,17,67
2023-07-15,8012739,8012739,22,34,48
2023-07-15,8012853,8012853,20,26,90
2023-07-15,8012853,8013235,10,13,198
2023-07-15,8012853,8013312,10,13,62
2023-07-15,8012873,8010010,11,18,95
2023-07-15,8012873,8011823,10,18,37
2023-07-15,8012873,8012873,21,36,50
2023-07-15,8012938,8010323,7,17,21
2023-07-15,8012938,8011505,8,16,28
2023-07-15,8012938,8012938,15,33,25
2023-07-15,8012939,8010323,6,18,18
2023-07-15,8012939,8012176,7,18,20
2023-07-15,8012939,8012939,13,36,18
2023-07-15,8012946,8010359,8,11,71
2023-07-15,8012946,8011507,2,11,5
2023-07-15,8012946,8012946,8,22,35
2023-07-15,8012976,8010005,6,7,60
2023-07-15,8012976,8010074,7,7,129
2023-07-15,8012976,8012976,13,14,88
2023-07-15,8012996,8010379,8,18,33
2023-07-15,8012996,8012996,19,36,41
2023-07-15,8012996,8013307,10,18,32
2023-07-15,8013116,8013116,24,26,137
2023-07-15,8013116,8013310,11,13,224
2023-07-15,8013116,8013343,12,13,48
2023-07-15,8013212,8013212,20,26,78
2023-07-15,8013212,8013311,12,13,102
2023-07-15,8013212,8013328,10,13,88
2023-07-15,8013235,8012853,5,13,30
2023-07-15,8013235,8013235,17,26,129
2023-07-15,8013235,8013343,11,13,235
2023-07-15,8013307,8011524,11,18,68
2023-07-15,8013307,8012996,9,18,52
2023-07-15,8013307,8013307,18,36,51
2023-07-15,8013310,8011047,10,13,268
2023-07-15,8013310,8013116,12,13,67
2023-07-15,8013310,8013310,24,26,150
2023-07-15,8013311,8013212,12,13,95
2023-07-15,8013311,8013311,24,26,97
2023-07-15,8013311,8013427,12,13,81
2023-07-15,8013312,8012853,12,13,102
2023-07-15,8013312,8013312,21,26,80
2023-07-15,8013312,8013427,8,13,53
2023-07-15,8013328,8011856,10,13,74
2023-07-15,8013328,8013212,12,13,102
2023-07-15,8013328,8013328,22,26,102
2023-07-15,8013343,8013116,12,13,247
2023-07-15,8013343,8013235,11,13,65
2023-07-15,8013343,8013343,23,26,164
2023-07-15,8013427,8013311,10,13,78
2023-07-15,8013427,8013312,12,13,127
2023-07-15,8013427,8013427,22,26,97
2023-07-15,8013433,8010397,10,20,38
2023-07-15,8013433,8012534,19,20,44
2023-07-15,8013433,8013433,32,40,51
2023-07-15,8013434,8010397,6,18,27
2023-07-15,8013434,8011305,1,18,2
2023-07-15,8013434,8013434,3,36,9
2023-07-15,8013450,8010185,14,19,41
2023-07-15,8013450,8010253,17,20,44
2023-07-15,8013450,8013450,20,40,26
2023-07-15,8017218,8011912,1,11,5
2023-07-15,8017218,8012727,0,11,0
2023-07-15,8017218,8017218,1,22,3
2023-07-15,8017219,8010044,0,11,0
2023-07-15,8017219,8012220,1,11,5
2023-07-15,8017219,8017219,1,22,3
2023-07-15,8017220,8011185,0,11,0
2023-07-15,8017220,8012727,1,11,5
2023-07-15,8017220,8017220,1,22,3
2023-07-16,8010005,8010005,12,14,84
2023-07-16,8010005,8011045,7,13,35
2023-07-16,8010005,8012976,6,7,120
2023-07-16,8010010,8010010,7,33,17
2023-07-16,8010010,8012176,1,17,7
2023-07-16,8010010,8012873,6,17,21
2023-07-16,8010044,8010044,0,22,0
2023-07-16,8010044,8017219,0,11,0
2023-07-16,8010074,8012976,6,7,47
2023-07-16,8010108,8010108,98,118,70
2023-07-16,8010108,8010128,12,13,62
2023-07-16,8010108,8010253,30,42,59
2023-07-16,8010108,8011528,7,9,87
2023-07-16,8010108,8011529,13,20,26
2023-07-16,8010108,8011904,7,17,37
2023-07-16,8010108,8013114,15,17,148
2023-07-16,8010128,8010108,12,13,67
2023-07-16,8010128,8010128,25,26,93
2023-07-16,8010128,8011497,13,13,122
2023-07-16,8010129,8010129,44,74,75
2023-07-16,8010129,8010130,19,20,82
2023-07-16,8010129,8010331,11,20,50
2023-07-16,8010129,8010397,4,17,21
2023-07-16,8010129,8011904,15,17,159
2023-07-16,8010130,8010129,11,20,63
2023-07-16,8010130,8010130,29,40,73
2023-07-16,8010130,8012388,13,20,70
2023-07-16,8010185,8010185,29,40,74
2023-07-16,8010185,8011971,18,20,78
2023-07-16,8010185,8013450,18,19,62
2023-07-16,8010229,8001969,1,1,30
2023-07-16,8010229,8010229,1,1,30
2023-07-16,8010253,8010108,41,42,80
2023-07-16,8010253,8010253,73,84,68
2023-07-16,8010253,8013450,16,20,62
2023-07-16,8010275,8002924,7,16,103
2023-07-16,8010275,8010229,1,1,30
2023-07-16,8010275,8010275,19,34,85
2023-07-16,8010275,8012739,11,17,101
2023-07-16,8010323,8010323,9,33,11
2023-07-16,8010323,8012938,1,16,2
2023-07-16,8010323,8012939,7,18,15
2023-07-16,8010331,8010129,15,20,64
2023-07-16,8010331,8010331,23,40,52
2023-07-16,8010331,8011904,11,20,46
2023-07-16,8010333,8010333,10,39,69
2023-07-16,8010333,8010372,8,20,110
2023-07-16,8010333,8012224,2,19,27
2023-07-16,8010372,8010333,3,19,22
2023-07-16,8010379,8010379,19,34,37
2023-07-16,8010379,8011305,6,17,26
2023-07-16,8010379,8012996,9,17,35
2023-07-16,8010388,8010388,37,40,92
2023-07-16,8010388,8011770,19,20,84
2023-07-16,8010388,8011904,18,20,96
2023-07-16,8010397,8010129,13,17,132
2023-07-16,8010397,8010397,12,33,72
2023-07-16,8010397,8012224,4,20,98
2023-07-16,8010397,8012739,5,17,41
2023-07-16,8010397,8013433,19,20,87
2023-07-16,8010397,8013434,0,17,0
2023-07-16,8011033,8011033,1,3,60
2023-07-16,8011033,8012369,1,1,180
2023-07-16,8011033,8012593,0,2,0
2023-07-16,8011045,8010005,8,13,42
2023-07-16,8011045,8011045,14,26,39
2023-07-16,8011045,8011047,6,13,44
2023-07-16,8011047,8011045,9,13,46
2023-07-16,8011047,8011047,17,26,50
2023-07-16,8011047,8013310,8,13,37
2023-07-16,8011049,8011049,19,33,39
2023-07-16,8011049,8011263,7,16,60
2023-07-16,8011049,8011505,12,17,55
2023-07-16,8011185,8011185,0,22,0
2023-07-16,8011185,8011315,0,11,0
2023-07-16,8011185,8017220,0,11,0
2023-07-16,8011263,8011049,9,17,32
2023-07-16,8011263,8011263,17,33,44
2023-07-16,8011263,8011506,8,16,64
2023-07-16,8011297,8010238,15,18,67
2023-07-16,8011297,8011297,24,36,57
2023-07-16,8011305,8010379,6,17,16
2023-07-16,8011305,8011305,8,34,17
2023-07-16,8011305,8013434,4,17,21
2023-07-16,8011315,8011185,0,11,0
2023-07-16,8011315,8011315,0,22,0
2023-07-16,8011315,8012412,0,11,0
2023-07-16,8011497,8010128,10,13,67
2023-07-16,8011497,8011497,22,26,87
2023-07-16,8011497,8011856,13,13,125
2023-07-16,8011505,8011049,7,16,39
2023-07-16,8011505,8011505,18,33,44
2023-07-16,8011505,8012938,9,17,37
2023-07-16,8011506,8011263,10,17,28
2023-07-16,8011506,8011506,16,33,38
2023-07-16,8011506,8011967,7,16,34
2023-07-16,8011507,8011507,6,22,20
2023-07-16,8011507,8012369,5,11,30
2023-07-16,8011507,8012946,1,11,11
2023-07-16,8011524,8011524,21,34,54
2023-07-16,8011524,8011823,11,17,62
2023-07-16,8011524,8013307,10,17,56
2023-07-16,8011528,8010108,8,9,47
2023-07-16,8011528,8011528,15,18,63
2023-07-16,8011528,8011870,8,9,87
2023-07-16,8011529,8010108,18,20,56
2023-07-16,8011529,8011529,21,40,32
2023-07-16,8011529,8012550,4,20,14
2023-07-16,8011556,8011556,13,40,24
2023-07-16,8011556,8012037,5,20,14
2023-07-16,8011556,8012550,8,20,34
2023-07-16,8011770,8010388,14,20,62
2023-07-16,8011770,8011770,31,40,64
2023-07-16,8011770,8011980,17,20,68
2023-07-16,8011777,8012208,7,9,37
2023-07-16,8011823,8011524,11,17,49
2023-07-16,8011823,8011823,18,34,46
2023-07-16,8011823,8012873,6,17,28
2023-07-16,8011856,8011497,10,13,53
2023-07-16,8011856,8011856,23,26,84
2023-07-16,8011856,8013328,13,13,90
2023-07-16,8011870,8011528,9,9,43
2023-07-16,8011870,8011870,17,18,67
2023-07-16,8011870,8011892,8,9,117
2023-07-16,8011892,8011870,5,9,17
2023-07-16,8011892,8011892,12,18,67
2023-07-16,8011892,8012208,7,9,90
2023-07-16,8011904,8010108,14,16,161
2023-07-16,8011904,8010129,10,17,37
2023-07-16,8011904,8010331,14,20,72
2023-07-16,8011904,8010388,17,20,58
2023-07-16,8011904,8011904,50,74,77
2023-07-16,8011912,8017218,0,11,0
2023-07-16,8011967,8011506,7,17,12
2023-07-16,8011970,8011970,2,3,100
2023-07-16,8011970,8012528,1,1,180
2023-07-16,8011971,8010185,16,20,68
2023-07-16,8011971,8011971,35,40,80
2023-07-16,8011971,8011979,20,20,98
2023-07-16,8011979,8011971,20,20,99
2023-07-16,8011979,8011979,40,40,82
2023-07-16,8011979,8011980,17,20,74
2023-07-16,8011980,8011770,16,20,70
2023-07-16,8011980,8011979,7,20,39
2023-07-16,8011980,8011980,34,40,66
2023-07-16,8012037,8011556,5,20,30
2023-07-16,8012037,8012037,11,40,22
2023-07-16,8012037,8012408,5,20,14
2023-07-16,8012176,8010010,6,18,22
2023-07-16,8012176,8012176,16,35,22
2023-07-16,8012176,8012939,9,17,32
2023-07-16,8012208,8011777,9,9,127
2023-07-16,8012208,8011892,1,9,7
2023-07-16,8012208,8012208,11,18,67
2023-07-16,8012220,8012220,0,22,0
2023-07-16,8012220,8012407,0,11,0
2023-07-16,8012220,8017219,0,11,0
2023-07-16,8012224,8010333,9,20,106
2023-07-16,8012224,8010397,2,19,39
2023-07-16,8012224,8012224,11,39,70
2023-07-16,8012369,8011033,1,2,15
2023-07-16,8012369,8011507,4,11,22
2023-07-16,8012369,8012369,6,22,25
2023-07-16,8012388,8010130,14,20,66
2023-07-16,8012388,8012388,32,40,80
2023-07-16,8012388,8012534,18,20,104
2023-07-16,8012407,8012220,0,11,0
2023-07-16,8012407,8012407,0,22,0
2023-07-16,8012407,8012412,0,11,0
2023-07-16,8012408,8012037,13,19,47
2023-07-16,8012408,8012408,17,40,33
2023-07-16,8012408,8012483,4,20,12
2023-07-16,8012412,8011315,0,11,0
2023-07-16,8012412,8012407,0,11,0
2023-07-16,8012412,8012412,0,22,0
2023-07-16,8012483,8012044,3,20,6
2023-07-16,8012483,8012408,12,20,54
2023-07-16,8012483,8012483,18,40,33
2023-07-16,8012528,8011970,1,2,60
2023-07-16,8012528,8012528,2,3,80
2023-07-16,8012528,8012593,1,1,180
2023-07-16,8012534,8012388,10,20,62
2023-07-16,8012534,8012534,36,40,86
2023-07-16,8012534,8013433,14,20,82
2023-07-16,8012550,8011529,11,20,48
2023-07-16,8012550,8011556,15,20,32
2023-07-16,8012550,8012550,26,40,38
2023-07-16,8012593,8011033,1,1,180
2023-07-16,8012593,8012528,0,2,0
2023-07-16,8012593,8012593,1,3,60
2023-07-16,8012727,8012727,0,22,0
2023-07-16,8012727,8017218,0,11,0
2023-07-16,8012727,8017220,0,11,0
2023-07-16,8012739,8010275,13,17,92
2023-07-16,8012739,8010397,10,17,113
2023-07-16,8012739,8012739,23,34,86
2023-07-16,8012853,8012853,20,26,78
2023-07-16,8012853,8013235,12,13,217
2023-07-16,8012853,8013312,9,13,60
2023-07-16,8012873,8010010,11,17,55
2023-07-16,8012873,8011823,11,17,53
2023-07-16,8012873,8012873,22,34,49
2023-07-16,8012938,8010323,5,17,19
2023-07-16,8012938,8011505,4,16,9
2023-07-16,8012938,8012938,9,33,17
2023-07-16,8012939,8010323,5,17,14
2023-07-16,8012939,8012176,8,18,20
2023-07-16,8012939,8012939,12,35,19
2023-07-16,8012946,8010359,8,11,33
2023-07-16,8012946,8011507,2,11,22
2023-07-16,8012946,8012946,10,22,23
2023-07-16,8012976,8010005,4,7,51
2023-07-16,8012976,8010074,5,7,107
2023-07-16,8012976,8012976,9,14,73
2023-07-16,8012996,8010379,9,17,41
2023-07-16,8012996,8012996,18,34,38
2023-07-16,8012996,8013307,8,17,25
2023-07-16,8013116,8013116,20,26,75
2023-07-16,8013116,8013310,11,13,111
2023-07-16,8013116,8013343,9,13,48
2023-07-16,8013212,8013212,20,26,70
2023-07-16,8013212,8013311,12,13,81
2023-07-16,8013212,8013328,9,13,76
2023-07-16,8013235,8012853,5,13,21
2023-07-16,8013235,8013235,18,26,85
2023-07-16,8013235,8013343,10,13,62
2023-07-16,8013307,8011524,11,17,72
2023-07-16,8013307,8012996,10,17,60
2023-07-16,8013307,8013307,20,34,57
2023-07-16,8013310,8011047,12,13,85
2023-07-16,8013310,8013116,9,13,55
2023-07-16,8013310,8013310,21,26,75
2023-07-16,8013311,8013212,10,13,90
2023-07-16,8013311,8013311,23,26,76
2023-07-16,8013311,8013427,12,13,44
2023-07-16,8013312,8012853,11,13,65
2023-07-16,8013312,8013312,21,26,67
2023-07-16,8013312,8013427,8,13,53
2023-07-16,8013328,8011856,9,13,85
2023-07-16,8013328,8013212,12,13,76
2023-07-16,8013328,8013328,22,26,92
2023-07-16,8013343,8013116,13,13,138
2023-07-16,8013343,8013235,11,13,48
2023-07-16,8013343,8013343,24,26,97
2023-07-16,8013427,8013311,9,13,78
2023-07-16,8013427,8013312,11,13,76
2023-07-16,8013427,8013427,20,26,69
2023-07-16,8013433,8010397,13,20,68
2023-07-16,8013433,8012534,19,20,80
2023-07-16,8013433,8013433,33,40,82
2023-07-16,8013434,8010397,3,17,11
2023-07-16,8013434,8011305,2,17,4
2023-07-16,8013434,8013434,4,34,8
2023-07-16,8013450,8010185,12,19,52
2023-07-16,8013450,8010253,16,20,33
2023-07-16,8013450,8013450,20,40,32
2023-07-16,8017218,8011912,0,11,0
2023-07-16,8017218,8012727,0,11,0
2023-07-16,8017218,8017218,0,22,0
2023-07-16,8017219,8010044,0,11,0
2023-07-16,8017219,8012220,0,11,0
2023-07-16,8017219,8017219,0,22,0
2023-07-16,8017220,8011185,0,11,0
2023-07-16,8017220,8012727,0,11,0
2023-07-16,8017220,8017220,0,22,0
2023-07-17,8010005,8010005,11,12,75
2023-07-17,8010005,8011045,10,17,28
2023-07-17,8010005,8012976,5,6,85
2023-07-17,8010010,8010010,6,35,21
2023-07-17,8010010,8012176,2,18,10
2023-07-17,8010010,8012873,4,18,23
2023-07-17,8010044,8010044,2,16,8
2023-07-17,8010044,8017219,2,8,15
2023-07-17,8010074,8012976,6,6,75
2023-07-17,8010108,8010108,121,140,54
2023-07-17,8010108,8010128,15,17,49
2023-07-17,8010108,8010253,41,53,58
2023-07-17,8010108,8011528,12,16,68
2023-07-17,8010108,8011529,13,20,22
2023-07-17,8010108,8011904,10,17,34
2023-07-17,8010108,8013114,15,17,69
2023-07-17,8010128,8010108,12,17,62
2023-07-17,8010128,8010128,28,34,80
2023-07-17,8010128,8011497,17,17,122
2023-07-17,8010129,8010129,45,86,47
2023-07-17,8010129,8010130,22,26,59
2023-07-17,8010129,8010331,12,26,31
2023-07-17,8010129,8010397,4,17,12
2023-07-17,8010129,8011904,16,17,99
2023-07-17,8010130,8010129,10,26,35
2023-07-17,8010130,8010130,32,52,46
2023-07-17,8010130,8012388,15,26,44
2023-07-17,8010185,8010185,33,52,57
2023-07-17,8010185,8011971,25,26,76
2023-07-17,8010185,8013450,14,19,52
2023-07-17,8010229,8001969,0,1,0
2023-07-17,8010229,8010229,0,1,0
2023-07-17,8010253,8010108,51,53,82
2023-07-17,8010253,8010253,94,106,66
2023-07-17,8010253,8013450,17,20,28
2023-07-17,8010275,8002924,9,16,118
2023-07-17,8010275,8010229,0,1,0
2023-07-17,8010275,8010275,16,34,70
2023-07-17,8010275,8012739,10,17,97
2023-07-17,8010323,8010323,7,35,18
2023-07-17,8010323,8012938,3,17,21
2023-07-17,8010323,8012939,4,19,21
2023-07-17,8010331,8010129,14,26,37
2023-07-17,8010331,8010331,23,52,31
2023-07-17,8010331,8011904,11,26,31
2023-07-17,8010333,8010333,10,39,11
2023-07-17,8010333,8010372,8,20,16
2023-07-17,8010333,8012224,2,19,3
2023-07-17,8010372,8010333,1,19,2
2023-07-17,8010379,8010379,17,36,36
2023-07-17,8010379,8011305,4,18,27
2023-07-17,8010379,8012996,13,18,55
2023-07-17,8010388,8010388,44,52,67
2023-07-17,8010388,8011770,24,26,62
2023-07-17,8010388,8011904,20,26,62
2023-07-17,8010397,8010129,12,17,69
2023-07-17,8010397,8010397,12,33,36
2023-07-17,8010397,8012224,3,20,9
2023-07-17,8010397,8012739,3,17,11
2023-07-17,8010397,8013433,25,26,45
2023-07-17,8010397,8013434,1,18,5
2023-07-17,8011033,8011033,2,5,12
2023-07-17,8011033,8012369,1,3,20
2023-07-17,8011033,8012593,1,2,15
2023-07-17,8011045,8010005,9,17,26
2023-07-17,8011045,8011045,14,34,26
2023-07-17,8011045,8011047,6,17,25
2023-07-17,8011047,8011045,7,17,37
2023-07-17,8011047,8011047,21,34,39
2023-07-17,8011047,8013310,13,17,28
2023-07-17,8011049,8011049,17,35,57
2023-07-17,8011049,8011263,11,17,94
2023-07-17,8011049,8011505,6,18,53
2023-07-17,8011185,8011185,2,16,8
2023-07-17,8011185,8011315,0,8,0
2023-07-17,8011185,8017220,2,8,15
2023-07-17,8011263,8011049,6,18,35
2023-07-17,8011263,8011263,17,35,60
2023-07-17,8011263,8011506,12,17,92
2023-07-17,8011297,8010238,13,19,65
2023-07-17,8011297,8011297,23,38,52
2023-07-17,8011305,8010379,3,18,12
2023-07-17,8011305,8011305,6,36,18
2023-07-17,8011305,8013434,3,18,23
2023-07-17,8011315,8011185,2,8,15
2023-07-17,8011315,8011315,2,16,8
2023-07-17,8011315,8012412,0,8,0
2023-07-17,8011497,8010128,12,17,56
2023-07-17,8011497,8011497,28,34,91
2023-07-17,8011497,8011856,16,17,118
2023-07-17,8011505,8011049,12,17,74
2023-07-17,8011505,8011505,17,35,57
2023-07-17,8011505,8012938,5,18,43
2023-07-17,8011506,8011263,4,18,30
2023-07-17,8011506,8011506,17,35,62
2023-07-17,8011506,8011967,13,17,81
2023-07-17,8011507,8011507,15,38,47
2023-07-17,8011507,8012369,7,19,77
2023-07-17,8011507,8012946,2,19,3
2023-07-17,8011524,8011524,14,36,45
2023-07-17,8011524,8011823,9,18,63
2023-07-17,8011524,8013307,5,18,45
2023-07-17,8011528,8010108,13,16,56
2023-07-17,8011528,8011528,27,32,67
2023-07-17,8011528,8011870,15,16,99
2023-07-17,8011529,8010108,17,20,27
2023-07-17,8011529,8011529,16,40,14
2023-07-17,8011529,8012550,3,20,8
2023-07-17,8011556,8011556,10,40,10
2023-07-17,8011556,8012037,9,20,15
2023-07-17,8011556,8012550,1,20,3
2023-07-17,8011770,8010388,14,26,47
2023-07-17,8011770,8011770,35,52,48
2023-07-17,8011770,8011980,19,26,43
2023-07-17,8011777,8012208,11,16,51
2023-07-17,8011823,8011524,5,18,42
2023-07-17,8011823,8011823,17,36,55
2023-07-17,8011823,8012873,10,18,52
2023-07-17,8011856,8011497,14,17,56
2023-07-17,8011856,8011856,31,34,80
2023-07-17,8011856,8013328,16,17,79
2023-07-17,8011870,8011528,15,16,49
2023-07-17,8011870,8011870,30,32,78
2023-07-17,8011870,8011892,14,16,118
2023-07-17,8011892,8011870,11,16,43
2023-07-17,8011892,8011892,24,32,75
2023-07-17,8011892,8012208,13,16,96
2023-07-17,8011904,8010108,16,16,105
2023-07-17,8011904,8010129,9,17,32
2023-07-17,8011904,8010331,16,26,45
2023-07-17,8011904,8010388,19,26,39
2023-07-17,8011904,8011904,51,86,47
2023-07-17,8011912,8017218,0,8,0
2023-07-17,8011967,8011506,4,18,27
2023-07-17,8011970,8011970,1,5,6
2023-07-17,8011970,8012528,1,3,20
2023-07-17,8011971,8010185,17,26,45
2023-07-17,8011971,8011971,43,52,66
2023-07-17,8011971,8011979,26,26,89
2023-07-17,8011979,8011971,21,26,68
2023-07-17,8011979,8011979,47,52,65
2023-07-17,8011979,8011980,17,26,65
2023-07-17,8011980,8011770,18,26,60
2023-07-17,8011980,8011979,6,26,22
2023-07-17,8011980,8011980,36,52,49
2023-07-17,8012037,8011556,0,20,0
2023-07-17,8012037,8012037,14,40,12
2023-07-17,8012037,8012408,11,20,18
2023-07-17,8012176,8010010,5,19,27
2023-07-17,8012176,8012176,13,37,24
2023-07-17,8012176,8012939,9,18,30
2023-07-17,8012208,8011777,14,16,122
2023-07-17,8012208,8011892,10,16,36
2023-07-17,8012208,8012208,24,32,82
2023-07-17,8012220,8012220,2,16,8
2023-07-17,8012220,8012407,2,8,15
2023-07-17,8012220,8017219,0,8,0
2023-07-17,8012224,8010333,8,20,21
2023-07-17,8012224,8010397,1,19,-38
2023-07-17,8012224,8012224,9,39,12
2023-07-17,8012369,8011033,0,2,0
2023-07-17,8012369,8011507,11,19,22
2023-07-17,8012369,8012369,11,38,47
2023-07-17,8012388,8010130,14,26,38
2023-07-17,8012388,8012388,34,52,48
2023-07-17,8012388,8012534,20,26,70
2023-07-17,8012407,8012220,0,8,0
2023-07-17,8012407,8012407,2,16,8
2023-07-17,8012407,8012412,2,8,15
2023-07-17,8012408,8012037,14,19,24
2023-07-17,8012408,8012408,14,40,14
2023-07-17,8012408,8012483,2,20,9
2023-07-17,8012412,8011315,2,8,15
2023-07-17,8012412,8012407,0,8,0
2023-07-17,8012412,8012412,2,16,8
2023-07-17,8012483,8012044,2,20,4
2023-07-17,8012483,8012408,10,20,21
2023-07-17,8012483,8012483,13,40,17
2023-07-17,8012528,8011970,0,2,0
2023-07-17,8012528,8012528,2,5,18
2023-07-17,8012528,8012593,2,3,30
2023-07-17,8012534,8012388,8,26,30
2023-07-17,8012534,8012534,44,52,55
2023-07-17,8012534,8013433,15,26,46
2023-07-17,8012550,8011529,9,20,18
2023-07-17,8012550,8011556,16,20,30
2023-07-17,8012550,8012550,26,40,22
2023-07-17,8012593,8011033,1,3,10
2023-07-17,8012593,8012528,1,2,15
2023-07-17,8012593,8012593,3,5,18
2023-07-17,8012727,8012727,2,16,8
2023-07-17,8012727,8017218,2,8,15
2023-07-17,8012727,8017220,0,8,0
2023-07-17,8012739,8010275,13,17,46
2023-07-17,8012739,8010397,10,17,86
2023-07-17,8012739,8012739,23,34,64
2023-07-17,8012853,8012853,29,34,95
2023-07-17,8012853,8013235,16,17,194
2023-07-17,8012853,8013312,14,17,86
2023-07-17,8012873,8010010,12,18,43
2023-07-17,8012873,8011823,5,18,33
2023-07-17,8012873,8012873,16,36,38
2023-07-17,8012938,8010323,5,18,35
2023-07-17,8012938,8011505,5,17,25
2023-07-17,8012938,8012938,10,35,34
2023-07-17,8012939,8010323,7,18,17
2023-07-17,8012939,8012176,3,19,19
2023-07-17,8012939,8012939,10,37,22
2023-07-17,8012946,8010359,16,19,65
2023-07-17,8012946,8011507,5,19,77
2023-07-17,8012946,8012946,17,38,56
2023-07-17,8012976,8010005,4,6,55
2023-07-17,8012976,8010074,5,6,105
2023-07-17,8012976,8012976,10,12,78
2023-07-17,8012996,8010379,5,18,37
2023-07-17,8012996,8012996,16,36,43
2023-07-17,8012996,8013307,11,18,35
2023-07-17,8013116,8013116,30,34,64
2023-07-17,8013116,8013310,16,17,115
2023-07-17,8013116,8013343,15,17,37
2023-07-17,8013212,8013212,29,34,76
2023-07-17,8013212,8013311,16,17,88
2023-07-17,8013212,8013328,13,17,90
2023-07-17,8013235,8012853,5,17,23
2023-07-17,8013235,8013235,21,34,79
2023-07-17,8013235,8013343,14,17,69
2023-07-17,8013307,8011524,12,18,58
2023-07-17,8013307,8012996,5,18,43
2023-07-17,8013307,8013307,16,36,48
2023-07-17,8013310,8011047,13,17,65
2023-07-17,8013310,8013116,13,17,34
2023-07-17,8013310,8013310,27,34,61
2023-07-17,8013311,8013212,14,17,101
2023-07-17,8013311,8013311,28,34,83
2023-07-17,8013311,8013427,12,17,35
2023-07-17,8013312,8012853,15,17,85
2023-07-17,8013312,8013312,28,34,79
2023-07-17,8013312,8013427,14,17,85
2023-07-17,8013328,8011856,15,17,101
2023-07-17,8013328,8013212,16,17,67
2023-07-17,8013328,8013328,31,34,93
2023-07-17,8013343,8013116,13,17,101
2023-07-17,8013343,8013235,14,17,48
2023-07-17,8013343,8013343,29,34,78
2023-07-17,8013427,8013311,15,17,88
2023-07-17,8013427,8013312,14,17,78
2023-07-17,8013427,8013427,29,34,79
2023-07-17,8013433,8010397,14,26,35
2023-07-17,8013433,8012534,24,26,46
2023-07-17,8013433,8013433,40,52,45
2023-07-17,8013434,8010397,3,18,18
2023-07-17,8013434,8011305,2,18,8
2023-07-17,8013434,8013434,4,36,14
2023-07-17,8013450,8010185,13,19,30
2023-07-17,8013450,8010253,17,20,33
2023-07-17,8013450,8013450,14,40,14
2023-07-17,8017218,8011912,2,8,15
2023-07-17,8017218,8012727,0,8,0
2023-07-17,8017218,8017218,2,16,8
2023-07-17,8017219,8010044,0,8,0
2023-07-17,8017219,8012220,2,8,15
2023-07-17,8017219,8017219,2,16,8
2023-07-17,8017220,8011185,0,8,0
2023-07-17,8017220,8012727,2,8,15
2023-07-17,8017220,8017220,2,16,8
2023-07-18,8010005,8010005,9,12,58
2023-07-18,8010005,8011045,10,17,25
2023-07-18,8010005,8012976,4,6,90
2023-07-18,8010010,8010010,8,35,33
2023-07-18,8010010,8012176,0,18,-2
2023-07-18,8010010,8012873,9,18,52
2023-07-18,8010044,8010044,0,16,0
2023-07-18,8010044,8017219,0,8,0
2023-07-18,8010074,8012976,3,6,25
2023-07-18,8010108,8010108,109,140,51
2023-07-18,8010108,8010128,17,17,64
2023-07-18,8010108,8010253,43,53,54
2023-07-18,8010108,8011528,11,16,56
2023-07-18,8010108,8011529,11,20,18
2023-07-18,8010108,8011904,8,17,23
2023-07-18,8010108,8013114,13,17,81
2023-07-18,8010128,8010108,15,17,60
2023-07-18,8010128,8010128,33,34,91
2023-07-18,8010128,8011497,17,17,131
2023-07-18,8010129,8010129,38,86,32
2023-07-18,8010129,8010130,22,26,43
2023-07-18,8010129,8010331,9,26,25
2023-07-18,8010129,8010397,5,17,21
2023-07-18,8010129,8011904,14,17,60
2023-07-18,8010130,8010129,9,26,33
2023-07-18,8010130,8010130,31,52,38
2023-07-18,8010130,8012388,11,26,30
2023-07-18,8010185,8010185,32,52,53
2023-07-18,8010185,8011971,26,26,60
2023-07-18,8010185,8013450,11,19,39
2023-07-18,8010229,8001969,0,1,0
2023-07-18,8010229,8010229,0,1,0
2023-07-18,8010253,8010108,50,53,83
2023-07-18,8010253,8010253,88,106,64
2023-07-18,8010253,8013450,16,20,42
2023-07-18,8010275,8002924,12,16,43
2023-07-18,8010275,8010229,0,1,0
2023-07-18,8010275,8010275,16,34,28
2023-07-18,8010275,8012739,7,17,28
2023-07-18,8010323,8010323,12,35,52
2023-07-18,8010323,8012938,3,17,46
2023-07-18,8010323,8012939,10,19,79
2023-07-18,8010331,8010129,12,26,23
2023-07-18,8010331,8010331,17,52,22
2023-07-18,8010331,8011904,10,26,25
2023-07-18,8010333,8010333,12,40,13
2023-07-18,8010333,8010372,9,20,20
2023-07-18,8010333,8012224,3,20,3
2023-07-18,8010372,8010333,2,20,3
2023-07-18,8010379,8010379,19,36,42
2023-07-18,8010379,8011305,3,18,33
2023-07-18,8010379,8012996,9,18,38
2023-07-18,8010388,8010388,46,52,59
2023-07-18,8010388,8011770,23,26,57
2023-07-18,8010388,8011904,23,26,45
2023-07-18,8010397,8010129,9,17,34
2023-07-18,8010397,8010397,10,33,23
2023-07-18,8010397,8012224,2,20,3
2023-07-18,8010397,8012739,7,17,26
2023-07-18,8010397,8013433,24,26,39
2023-07-18,8010397,8013434,1,18,3
2023-07-18,8011033,8011033,3,5,24
2023-07-18,8011033,8012369,2,3,40
2023-07-18,8011033,8012593,1,2,15
2023-07-18,8011045,8010005,8,17,35
2023-07-18,8011045,8011045,16,34,26
2023-07-18,8011045,8011047,8,17,18
2023-07-18,8011047,8011045,10,17,35
2023-07-18,8011047,8011047,21,34,32
2023-07-18,8011047,8013310,11,17,21
2023-07-18,8011049,8011049,21,35,105
2023-07-18,8011049,8011263,9,17,104
2023-07-18,8011049,8011505,14,18,138
2023-07-18,8011185,8011185,0,16,0
2023-07-18,8011185,8011315,0,8,0
2023-07-18,8011185,8017220,0,8,0
2023-07-18,8011263,8011049,10,18,82
2023-07-18,8011263,8011263,16,35,83
2023-07-18,8011263,8011506,6,17,79
2023-07-18,8011297,8010238,14,19,68
2023-07-18,8011297,8011297,28,38,98
2023-07-18,8011305,8010379,5,18,28
2023-07-18,8011305,8011305,8,36,32
2023-07-18,8011305,8013434,3,18,33
2023-07-18,8011315,8011185,0,8,0
2023-07-18,8011315,8011315,0,16,0
2023-07-18,8011315,8012412,0,8,0
2023-07-18,8011497,8010128,14,17,60
2023-07-18,8011497,8011497,30,34,87
2023-07-18,8011497,8011856,16,17,125
2023-07-18,8011505,8011049,9,17,109
2023-07-18,8011505,8011505,23,35,111
2023-07-18,8011505,8012938,10,18,123
2023-07-18,8011506,8011263,9,18,85
2023-07-18,8011506,8011506,18,35,92
2023-07-18,8011506,8011967,9,17,88
2023-07-18,8011507,8011507,15,38,17
2023-07-18,8011507,8012369,7,19,17
2023-07-18,8011507,8012946,2,19,6
2023-07-18,8011524,8011524,23,36,53
2023-07-18,8011524,8011823,9,18,47
2023-07-18,8011524,8013307,13,18,77
2023-07-18,8011528,8010108,10,16,26
2023-07-18,8011528,8011528,24,32,50
2023-07-18,8011528,8011870,15,16,73
2023-07-18,8011529,8010108,15,20,33
2023-07-18,8011529,8011529,20,40,20
2023-07-18,8011529,8012550,7,20,15
2023-07-18,8011556,8011556,16,40,21
2023-07-18,8011556,8012037,11,20,24
2023-07-18,8011556,8012550,5,20,10
2023-07-18,8011770,8010388,14,26,36
2023-07-18,8011770,8011770,32,52,38
2023-07-18,8011770,8011980,19,26,40
2023-07-18,8011777,8012208,10,16,51
2023-07-18,8011823,8011524,13,18,65
2023-07-18,8011823,8011823,22,36,60
2023-07-18,8011823,8012873,8,18,30
2023-07-18,8011856,8011497,15,17,55
2023-07-18,8011856,8011856,32,34,88
2023-07-18,8011856,8013328,14,17,92
2023-07-18,8011870,8011528,13,16,32
2023-07-18,8011870,8011870,27,32,61
2023-07-18,8011870,8011892,12,16,81
2023-07-18,8011892,8011870,14,16,56
2023-07-18,8011892,8011892,27,32,68
2023-07-18,8011892,8012208,13,16,71
2023-07-18,8011904,8010108,14,16,84
2023-07-18,8011904,8010129,9,17,32
2023-07-18,8011904,8010331,13,26,33
2023-07-18,8011904,8010388,16,26,33
2023-07-18,8011904,8011904,43,86,34
2023-07-18,8011912,8017218,0,8,0
2023-07-18,8011967,8011506,11,18,88
2023-07-18,8011970,8011970,2,5,18
2023-07-18,8011970,8012528,3,3,50
2023-07-18,8011971,8010185,18,26,54
2023-07-18,8011971,8011971,47,52,62
2023-07-18,8011971,8011979,26,26,73
2023-07-18,8011979,8011971,24,26,83
2023-07-18,8011979,8011979,50,52,61
2023-07-18,8011979,8011980,16,26,46
2023-07-18,8011980,8011770,17,26,43
2023-07-18,8011980,8011979,7,26,23
2023-07-18,8011980,8011980,35,52,39
2023-07-18,8012037,8011556,5,20,14
2023-07-18,8012037,8012037,12,40,15
2023-07-18,8012037,8012408,6,20,12
2023-07-18,8012176,8010010,11,19,74
2023-07-18,8012176,8012176,19,37,51
2023-07-18,8012176,8012939,8,18,23
2023-07-18,8012208,8011777,13,16,66
2023-07-18,8012208,8011892,10,16,43
2023-07-18,8012208,8012208,23,32,66
2023-07-18,8012220,8012220,0,16,0
2023-07-18,8012220,8012407,0,8,0
2023-07-18,8012220,8017219,0,8,0
2023-07-18,8012224,8010333,6,20,12
2023-07-18,8012224,8010397,0,20,-39
2023-07-18,8012224,8012224,7,40,5
2023-07-18,8012369,8011033,0,2,0
2023-07-18,8012369,8011507,11,19,24
2023-07-18,8012369,8012369,12,38,17
2023-07-18,8012388,8010130,14,26,35
2023-07-18,8012388,8012388,36,52,42
2023-07-18,8012388,8012534,21,26,61
2023-07-18,8012407,8012220,0,8,0
2023-07-18,8012407,8012407,0,16,0
2023-07-18,8012407,8012412,0,8,0
2023-07-18,8012408,8012037,15,19,32
2023-07-18,8012408,8012408,19,40,19
2023-07-18,8012408,8012483,3,20,9
2023-07-18,8012412,8011315,0,8,0
2023-07-18,8012412,8012407,0,8,0
2023-07-18,8012412,8012412,0,16,0
2023-07-18,8012483,8012044,5,20,10
2023-07-18,8012483,8012408,10,20,22
2023-07-18,8012483,8012483,17,40,22
2023-07-18,8012528,8011970,0,2,0
2023-07-18,8012528,8012528,3,5,30
2023-07-18,8012528,8012593,1,3,20
2023-07-18,8012534,8012388,9,26,30
2023-07-18,8012534,8012534,43,52,48
2023-07-18,8012534,8013433,14,26,38
2023-07-18,8012550,8011529,10,20,28
2023-07-18,8012550,8011556,18,20,40
2023-07-18,8012550,8012550,28,40,31
2023-07-18,8012593,8011033,2,3,30
2023-07-18,8012593,8012528,1,2,15
2023-07-18,8012593,8012593,2,5,18
2023-07-18,8012727,8012727,0,16,0
2023-07-18,8012727,8017218,0,8,0
2023-07-18,8012727,8017220,0,8,0
2023-07-18,8012739,8010275,13,17,48
2023-07-18,8012739,8010397,7,17,23
2023-07-18,8012739,8012739,21,34,34
2023-07-18,8012853,8012853,20,34,71
2023-07-18,8012853,8013235,13,17,189
2023-07-18,8012853,8013312,8,17,42
2023-07-18,8012873,8010010,8,18,23
2023-07-18,8012873,8011823,13,18,72
2023-07-18,8012873,8012873,20,36,44
2023-07-18,8012938,8010323,9,18,105
2023-07-18,8012938,8011505,6,17,49
2023-07-18,8012938,8012938,15,35,88
2023-07-18,8012939,8010323,5,18,12
2023-07-18,8012939,8012176,11,19,82
2023-07-18,8012939,8012939,17,37,49
2023-07-18,8012946,8010359,14,19,35
2023-07-18,8012946,8011507,5,19,14
2023-07-18,8012946,8012946,15,38,17
2023-07-18,8012976,8010005,5,6,40
2023-07-18,8012976,8010074,4,6,100
2023-07-18,8012976,8012976,9,12,62
2023-07-18,8012996,8010379,11,18,67
2023-07-18,8012996,8012996,20,36,51
2023-07-18,8012996,8013307,9,18,30
2023-07-18,8013116,8013116,27,34,56
2023-07-18,8013116,8013310,12,17,88
2023-07-18,8013116,8013343,14,17,26
2023-07-18,8013212,8013212,29,34,73
2023-07-18,8013212,8013311,13,17,81
2023-07-18,8013212,8013328,15,17,83
2023-07-18,8013235,8012853,5,17,19
2023-07-18,8013235,8013235,21,34,85
2023-07-18,8013235,8013343,13,17,83
2023-07-18,8013307,8011524,11,18,53
2023-07-18,8013307,8012996,12,18,72
2023-07-18,8013307,8013307,22,36,59
2023-07-18,8013310,8011047,13,17,71
2023-07-18,8013310,8013116,10,17,26
2023-07-18,8013310,8013310,22,34,52
2023-07-18,8013311,8013212,14,17,86
2023-07-18,8013311,8013311,27,34,72
2023-07-18,8013311,8013427,12,17,44
2023-07-18,8013312,8012853,15,17,83
2023-07-18,8013312,8013312,30,34,72
2023-07-18,8013312,8013427,14,17,64
2023-07-18,8013328,8011856,15,17,85
2023-07-18,8013328,8013212,14,17,76
2023-07-18,8013328,8013328,29,34,94
2023-07-18,8013343,8013116,10,17,86
2023-07-18,8013343,8013235,12,17,51
2023-07-18,8013343,8013343,26,34,72
2023-07-18,8013427,8013311,15,17,74
2023-07-18,8013427,8013312,15,17,88
2023-07-18,8013427,8013427,30,34,75
2023-07-18,8013433,8010397,11,26,23
2023-07-18,8013433,8012534,23,26,37
2023-07-18,8013433,8013433,38,52,36
2023-07-18,8013434,8010397,4,18,27
2023-07-18,8013434,8011305,5,18,12
2023-07-18,8013434,8013434,4,36,16
2023-07-18,8013450,8010185,11,19,30
2023-07-18,8013450,8010253,11,20,26
2023-07-18,8013450,8013450,14,40,19
2023-07-18,8017218,8011912,0,8,0
2023-07-18,8017218,8012727,0,8,0
2023-07-18,8017218,8017218,0,16,0
2023-07-18,8017219,8010044,0,8,0
2023-07-18,8017219,8012220,0,8,0
2023-07-18,8017219,8017219,0,16,0
2023-07-18,8017220,8011185,0,8,0
2023-07-18,8017220,8012727,0,8,0
2023-07-18,8017220,8017220,0,16,0
2023-07-19,8010005,8010005,9,12,55
2023-07-19,8010005,8011045,7,17,16
2023-07-19,8010005,8012976,5,6,90
2023-07-19,8010010,8010010,16,35,182
2023-07-19,8010010,8012176,4,18,165
2023-07-19,8010010,8012873,12,18,158
2023-07-19,8010044,8010044,1,16,4
2023-07-19,8010044,8017219,1,8,8
2023-07-19,8010074,8012976,4,6,25
2023-07-19,8010108,8010108,112,140,76
2023-07-19,8010108,8010128,15,17,64
2023-07-19,8010108,8010253,46,53,78
2023-07-19,8010108,8011528,11,16,107
2023-07-19,8010108,8011529,13,20,36
2023-07-19,8010108,8011904,8,17,41
2023-07-19,8010108,8013114,13,17,134
2023-07-19,8010128,8010108,14,17,76
2023-07-19,8010128,8010128,30,34,87
2023-07-19,8010128,8011497,17,17,113
2023-07-19,8010129,8010129,52,86,69
2023-07-19,8010129,8010130,24,26,85
2023-07-19,8010129,8010331,12,26,45
2023-07-19,8010129,8010397,5,17,26
2023-07-19,8010129,8011904,15,17,129
2023-07-19,8010130,8010129,12,26,53
2023-07-19,8010130,8010130,34,52,67
2023-07-19,8010130,8012388,18,26,70
2023-07-19,8010185,8010185,47,52,109
2023-07-19,8010185,8011971,26,26,117
2023-07-19,8010185,8013450,18,19,85
2023-07-19,8010229,8001969,1,1,30
2023-07-19,8010229,8010229,1,1,60
2023-07-19,8010253,8010108,51,53,102
2023-07-19,8010253,8010253,96,106,86
2023-07-19,8010253,8013450,18,20,69
2023-07-19,8010275,8002924,11,16,49
2023-07-19,8010275,8010229,1,1,90
2023-07-19,8010275,8010275,24,34,71
2023-07-19,8010275,8012739,11,17,92
2023-07-19,8010323,8010323,14,35,179
2023-07-19,8010323,8012938,4,17,228
2023-07-19,8010323,8012939,11,19,148
2023-07-19,8010331,8010129,17,26,62
2023-07-19,8010331,8010331,28,52,51
2023-07-19,8010331,8011904,14,26,45
2023-07-19,8010333,8010333,7,40,13
2023-07-19,8010333,8010372,5,20,22
2023-07-19,8010333,8012224,2,20,0
2023-07-19,8010372,8010333,3,20,6
2023-07-19,8010379,8010379,24,36,186
2023-07-19,8010379,8011305,5,18,233
2023-07-19,8010379,8012996,14,18,133
2023-07-19,8010388,8010388,51,52,103
2023-07-19,8010388,8011770,26,26,88
2023-07-19,8010388,8011904,26,26,104
2023-07-19,8010397,8010129,13,17,102
2023-07-19,8010397,8010397,20,33,63
2023-07-19,8010397,8012224,6,20,14
2023-07-19,8010397,8012739,10,17,49
2023-07-19,8010397,8013433,25,26,68
2023-07-19,8010397,8013434,4,18,88
2023-07-19,8011033,8011033,2,5,18
2023-07-19,8011033,8012369,1,3,30
2023-07-19,8011033,8012593,0,2,0
2023-07-19,8011045,8010005,10,17,53
2023-07-19,8011045,8011045,14,34,30
2023-07-19,8011045,8011047,4,17,16
2023-07-19,8011047,8011045,11,17,53
2023-07-19,8011047,8011047,19,34,42
2023-07-19,8011047,8013310,6,17,14
2023-07-19,8011049,8011049,29,35,241
2023-07-19,8011049,8011263,12,17,304
2023-07-19,8011049,8011505,17,18,213
2023-07-19,8011185,8011185,1,16,4
2023-07-19,8011185,8011315,0,8,0
2023-07-19,8011185,8017220,1,8,8
2023-07-19,8011263,8011049,16,18,185
2023-07-19,8011263,8011263,30,35,244
2023-07-19,8011263,8011506,14,17,302
2023-07-19,8011297,8010238,17,19,537
2023-07-19,8011297,8011297,34,38,431
2023-07-19,8011305,8010379,5,18,95
2023-07-19,8011305,8011305,8,36,165
2023-07-19,8011305,8013434,4,18,240
2023-07-19,8011315,8011185,1,8,8
2023-07-19,8011315,8011315,1,16,4
2023-07-19,8011315,8012412,0,8,0
2023-07-19,8011497,8010128,13,17,65
2023-07-19,8011497,8011497,29,34,77
2023-07-19,8011497,8011856,17,17,99
2023-07-19,8011505,8011049,14,17,312
2023-07-19,8011505,8011505,30,35,249
2023-07-19,8011505,8012938,12,18,188
2023-07-19,8011506,8011263,14,18,180
2023-07-19,8011506,8011506,27,35,236
2023-07-19,8011506,8011967,12,17,291
2023-07-19,8011507,8011507,19,38,32
2023-07-19,8011507,8012369,5,19,16
2023-07-19,8011507,8012946,7,19,35
2023-07-19,8011524,8011524,29,36,222
2023-07-19,8011524,8011823,14,18,242
2023-07-19,8011524,8013307,16,18,282
2023-07-19,8011528,8010108,13,16,68
2023-07-19,8011528,8011528,28,32,104
2023-07-19,8011528,8011870,16,16,144
2023-07-19,8011529,8010108,19,20,52
2023-07-19,8011529,8011529,22,40,34
2023-07-19,8011529,8012550,10,20,30
2023-07-19,8011556,8011556,21,40,32
2023-07-19,8011556,8012037,13,20,27
2023-07-19,8011556,8012550,8,20,22
2023-07-19,8011770,8010388,20,26,89
2023-07-19,8011770,8011770,47,52,81
2023-07-19,8011770,8011980,24,26,69
2023-07-19,8011777,8012208,13,16,77
2023-07-19,8011823,8011524,13,18,172
2023-07-19,8011823,8011823,25,36,206
2023-07-19,8011823,8012873,12,18,227
2023-07-19,8011856,8011497,15,17,60
2023-07-19,8011856,8011856,32,34,79
2023-07-19,8011856,8013328,14,17,78
2023-07-19,8011870,8011528,15,16,86
2023-07-19,8011870,8011870,31,32,114
2023-07-19,8011870,8011892,15,16,169
2023-07-19,8011892,8011870,13,16,56
2023-07-19,8011892,8011892,28,32,108
2023-07-19,8011892,8012208,14,16,133
2023-07-19,8011904,8010108,15,16,142
2023-07-19,8011904,8010129,9,17,58
2023-07-19,8011904,8010331,21,26,83
2023-07-19,8011904,8010388,24,26,61
2023-07-19,8011904,8011904,58,86,77
2023-07-19,8011912,8017218,0,8,0
2023-07-19,8011967,8011506,13,18,177
2023-07-19,8011970,8011970,1,5,12
2023-07-19,8011970,8012528,1,3,20
2023-07-19,8011971,8010185,24,26,97
2023-07-19,8011971,8011971,51,52,111
2023-07-19,8011971,8011979,26,26,128
2023-07-19,8011979,8011971,26,26,127
2023-07-19,8011979,8011979,52,52,111
2023-07-19,8011979,8011980,22,26,114
2023-07-19,8011980,8011770,24,26,104
2023-07-19,8011980,8011979,10,26,60
2023-07-19,8011980,8011980,46,52,90
2023-07-19,8012037,8011556,6,20,21
2023-07-19,8012037,8012037,16,40,21
2023-07-19,8012037,8012408,8,20,15
2023-07-19,8012176,8010010,9,19,147
2023-07-19,8012176,8012176,20,37,162
2023-07-19,8012176,8012939,10,18,188
2023-07-19,8012208,8011777,16,16,133
2023-07-19,8012208,8011892,11,16,56
2023-07-19,8012208,8012208,27,32,103
2023-07-19,8012220,8012220,1,16,4
2023-07-19,8012220,8012407,1,8,8
2023-07-19,8012220,8017219,0,8,0
2023-07-19,8012224,8010333,6,20,15
2023-07-19,8012224,8010397,0,20,-28
2023-07-19,8012224,8012224,6,40,6
2023-07-19,8012369,8011033,0,2,0
2023-07-19,8012369,8011507,12,19,44
2023-07-19,8012369,8012369,12,38,24
2023-07-19,8012388,8010130,22,26,62
2023-07-19,8012388,8012388,44,52,74
2023-07-19,8012388,8012534,22,26,91
2023-07-19,8012407,8012220,0,8,0
2023-07-19,8012407,8012407,1,16,4
2023-07-19,8012407,8012412,1,8,8
2023-07-19,8012408,8012037,12,19,35
2023-07-19,8012408,8012408,17,40,23
2023-07-19,8012408,8012483,4,20,12
2023-07-19,8012412,8011315,1,8,8
2023-07-19,8012412,8012407,0,8,0
2023-07-19,8012412,8012412,1,16,4
2023-07-19,8012483,8012044,2,20,4
2023-07-19,8012483,8012408,11,20,33
2023-07-19,8012483,8012483,18,40,22
2023-07-19,8012528,8011970,0,2,0
2023-07-19,8012528,8012528,1,5,6
2023-07-19,8012528,8012593,1,3,10
2023-07-19,8012534,8012388,13,26,50
2023-07-19,8012534,8012534,46,52,74
2023-07-19,8012534,8013433,18,26,72
2023-07-19,8012550,8011529,11,20,38
2023-07-19,8012550,8011556,18,20,50
2023-07-19,8012550,8012550,29,40,40
2023-07-19,8012593,8011033,1,3,10
2023-07-19,8012593,8012528,0,2,0
2023-07-19,8012593,8012593,1,5,6
2023-07-19,8012727,8012727,1,16,4
2023-07-19,8012727,8017218,1,8,8
2023-07-19,8012727,8017220,0,8,0
2023-07-19,8012739,8010275,15,17,76
2023-07-19,8012739,8010397,11,17,90
2023-07-19,8012739,8012739,23,34,79
2023-07-19,8012853,8012853,17,34,65
2023-07-19,8012853,8013235,9,17,134
2023-07-19,8012853,8013312,11,17,65
2023-07-19,8012873,8010010,16,18,240
2023-07-19,8012873,8011823,16,18,177
2023-07-19,8012873,8012873,33,36,205
2023-07-19,8012938,8010323,9,18,172
2023-07-19,8012938,8011505,11,17,245
2023-07-19,8012938,8012938,20,35,210
2023-07-19,8012939,8010323,11,18,185
2023-07-19,8012939,8012176,11,19,150
2023-07-19,8012939,8012939,20,37,169
2023-07-19,8012946,8010359,15,19,55
2023-07-19,8012946,8011507,7,19,27
2023-07-19,8012946,8012946,20,38,35
2023-07-19,8012976,8010005,3,6,30
2023-07-19,8012976,8010074,5,6,90
2023-07-19,8012976,8012976,9,12,55
2023-07-19,8012996,8010379,12,18,265
2023-07-19,8012996,8012996,26,36,197
2023-07-19,8012996,8013307,11,18,107
2023-07-19,8013116,8013116,22,34,51
2023-07-19,8013116,8013310,9,17,69
2023-07-19,8013116,8013343,13,17,30
2023-07-19,8013212,8013212,16,34,56
2023-07-19,8013212,8013311,11,17,64
2023-07-19,8013212,8013328,10,17,74
2023-07-19,8013235,8012853,7,17,32
2023-07-19,8013235,8013235,21,34,76
2023-07-19,8013235,8013343,14,17,85
2023-07-19,8013307,8011524,12,18,223
2023-07-19,8013307,8012996,15,18,290
2023-07-19,8013307,8013307,26,36,230
2023-07-19,8013310,8011047,10,17,71
2023-07-19,8013310,8013116,11,17,32
2023-07-19,8013310,8013310,20,34,46
2023-07-19,8013311,8013212,10,17,69
2023-07-19,8013311,8013311,21,34,63
2023-07-19,8013311,8013427,6,17,42
2023-07-19,8013312,8012853,7,17,62
2023-07-19,8013312,8013312,18,34,66
2023-07-19,8013312,8013427,11,17,62
2023-07-19,8013328,8011856,14,17,78
2023-07-19,8013328,8013212,13,17,71
2023-07-19,8013328,8013328,27,34,86
2023-07-19,8013343,8013116,10,17,95
2023-07-19,8013343,8013235,13,17,53
2023-07-19,8013343,8013343,27,34,77
2023-07-19,8013427,8013311,11,17,62
2023-07-19,8013427,8013312,11,17,72
2023-07-19,8013427,8013427,21,34,65
2023-07-19,8013433,8010397,16,26,57
2023-07-19,8013433,8012534,25,26,61
2023-07-19,8013433,8013433,42,52,67
2023-07-19,8013434,8010397,9,18,255
2023-07-19,8013434,8011305,4,18,87
2023-07-19,8013434,8013434,6,36,159
2023-07-19,8013450,8010185,16,19,57
2023-07-19,8013450,8010253,15,20,48
2023-07-19,8013450,8013450,24,40,38
2023-07-19,8017218,8011912,1,8,8
2023-07-19,8017218,8012727,0,8,0
2023-07-19,8017218,8017218,1,16,4
2023-07-19,8017219,8010044,0,8,0
2023-07-19,8017219,8012220,1,8,8
2023-07-19,8017219,8017219,1,16,4
2023-07-19,8017220,8011185,0,8,0
2023-07-19,8017220,8012727,1,8,8
2023-07-19,8017220,8017220,1,16,4
2023-07-20,8010005,8010005,10,12,375
2023-07-20,8010005,8011045,9,17,39
2023-07-20,8010005,8012976,5,6,710
2023-07-20,8010010,8010010,10,35,26
2023-07-20,8010010,8012176,4,18,8
2023-07-20,8010010,8012873,6,18,25
2023-07-20,8010044,8010044,1,16,4
2023-07-20,8010044,8017219,1,8,8
2023-07-20,8010074,8012976,4,6,65
2023-07-20,8010108,8010108,110,140,125
2023-07-20,8010108,8010128,15,16,184
2023-07-20,8010108,8010253,43,53,147
2023-07-20,8010108,8011497,1,1,60
2023-07-20,8010108,8011528,8,16,86
2023-07-20,8010108,8011529,14,20,60
2023-07-20,8010108,8011904,7,17,23
2023-07-20,8010108,8013114,13,17,206
2023-07-20,8010128,8010108,12,16,248
2023-07-20,8010128,8010128,28,32,235
2023-07-20,8010128,8011497,16,16,227
2023-07-20,8010129,8010129,43,80,80
2023-07-20,8010129,8010130,22,24,101
2023-07-20,8010129,8010331,8,24,50
2023-07-20,8010129,8010397,4,16,19
2023-07-20,8010129,8011904,15,16,172
2023-07-20,8010130,8010129,8,24,55
2023-07-20,8010130,8010130,30,48,80
2023-07-20,8010130,8012388,17,24,94
2023-07-20,8010185,8010185,42,52,113
2023-07-20,8010185,8011971,26,26,123
2023-07-20,8010185,8013450,16,19,107
2023-07-20,8010229,8001969,0,1,0
2023-07-20,8010229,8010229,0,1,0
2023-07-20,8010253,8010108,50,53,143
2023-07-20,8010253,8010253,93,106,142
2023-07-20,8010253,8013450,19,20,46
2023-07-20,8010275,8002924,11,16,68
2023-07-20,8010275,8010229,1,1,30
2023-07-20,8010275,8010275,19,34,68
2023-07-20,8010275,8012739,11,17,104
2023-07-20,8010323,8010323,12,35,20
2023-07-20,8010323,8012938,3,17,14
2023-07-20,8010323,8012939,12,19,30
2023-07-20,8010331,8010129,19,24,86
2023-07-20,8010331,8010331,25,52,66
2023-07-20,8010331,8011904,13,26,69
2023-07-20,8010331,8012388,1,2,15
2023-07-20,8010333,8010333,13,40,21
2023-07-20,8010333,8010372,10,20,42
2023-07-20,8010333,8012224,3,20,-2
2023-07-20,8010372,8010333,1,20,2
2023-07-20,8010379,8010379,25,36,52
2023-07-20,8010379,8011305,7,18,28
2023-07-20,8010379,8012996,16,18,67
2023-07-20,8010388,8010388,50,52,117
2023-07-20,8010388,8011770,26,26,110
2023-07-20,8010388,8011904,24,26,111
2023-07-20,8010397,8010129,11,16,137
2023-07-20,8010397,8010397,15,33,93
2023-07-20,8010397,8011904,1,1,660
2023-07-20,8010397,8012224,5,20,26
2023-07-20,8010397,8012739,5,17,34
2023-07-20,8010397,8013433,24,26,83
2023-07-20,8010397,8013434,3,18,18
2023-07-20,8011033,8011033,4,5,306
2023-07-20,8011033,8012369,2,3,100
2023-07-20,8011033,8012593,2,2,615
2023-07-20,8011045,8010005,11,17,339
2023-07-20,8011045,8011045,19,34,188
2023-07-20,8011045,8011047,8,17,41
2023-07-20,8011047,8011045,14,17,346
2023-07-20,8011047,8011047,24,34,196
2023-07-20,8011047,8013310,8,17,26
2023-07-20,8011049,8011049,26,35,82
2023-07-20,8011049,8011263,11,17,99
2023-07-20,8011049,8011505,17,18,90
2023-07-20,8011185,8011185,1,16,4
2023-07-20,8011185,8011315,0,8,0
2023-07-20,8011185,8017220,1,8,8
2023-07-20,8011263,8011049,15,18,57
2023-07-20,8011263,8011263,26,35,66
2023-07-20,8011263,8011506,11,17,81
2023-07-20,8011297,8010238,14,19,81
2023-07-20,8011297,8011297,27,38,72
2023-07-20,8011305,8010379,9,18,40
2023-07-20,8011305,8011305,10,36,27
2023-07-20,8011305,8013434,4,18,20
2023-07-20,8011315,8011185,1,8,8
2023-07-20,8011315,8011315,1,16,4
2023-07-20,8011315,8012412,0,8,0
2023-07-20,8011497,8010108,1,1,780
2023-07-20,8011497,8010128,10,16,242
2023-07-20,8011497,8011497,26,34,249
2023-07-20,8011497,8011856,14,17,228
2023-07-20,8011505,8011049,10,17,94
2023-07-20,8011505,8011505,26,35,74
2023-07-20,8011505,8012938,12,18,62
2023-07-20,8011506,8011263,17,18,43
2023-07-20,8011506,8011506,25,35,50
2023-07-20,8011506,8011967,5,17,37
2023-07-20,8011507,8011507,22,38,73
2023-07-20,8011507,8012369,7,19,99
2023-07-20,8011507,8012946,9,19,39
2023-07-20,8011524,8011524,25,34,68
2023-07-20,8011524,8011823,14,17,55
2023-07-20,8011524,8013307,11,17,53
2023-07-20,8011528,8010108,11,16,77
2023-07-20,8011528,8011528,23,32,88
2023-07-20,8011528,8011870,12,16,109
2023-07-20,8011529,8010108,17,20,36
2023-07-20,8011529,8011529,21,40,39
2023-07-20,8011529,8012550,12,20,56
2023-07-20,8011556,8011556,19,40,38
2023-07-20,8011556,8012037,13,20,44
2023-07-20,8011556,8012550,6,20,14
2023-07-20,8011770,8010388,19,26,93
2023-07-20,8011770,8011770,42,52,92
2023-07-20,8011770,8011980,21,26,85
2023-07-20,8011777,8012208,12,16,47
2023-07-20,8011823,8011524,11,17,51
2023-07-20,8011823,8011823,20,36,43
2023-07-20,8011823,8012873,9,18,42
2023-07-20,8011823,8013307,0,1,0
2023-07-20,8011856,8011497,14,17,274
2023-07-20,8011856,8011856,30,34,289
2023-07-20,8011856,8013328,15,17,371
2023-07-20,8011870,8011528,15,16,92
2023-07-20,8011870,8011870,30,32,107
2023-07-20,8011870,8011892,15,16,156
2023-07-20,8011892,8011870,11,16,43
2023-07-20,8011892,8011892,26,32,91
2023-07-20,8011892,8012208,15,16,124
2023-07-20,8011904,8010108,15,16,218
2023-07-20,8011904,8010129,6,16,21
2023-07-20,8011904,8010331,19,26,85
2023-07-20,8011904,8010388,21,26,84
2023-07-20,8011904,8010397,1,1,30
2023-07-20,8011904,8011904,55,86,92
2023-07-20,8011912,8017218,0,8,0
2023-07-20,8011967,8011506,13,18,33
2023-07-20,8011970,8011970,5,5,294
2023-07-20,8011970,8012528,3,3,100
2023-07-20,8011971,8010185,20,26,97
2023-07-20,8011971,8011971,49,52,115
2023-07-20,8011971,8011979,26,26,134
2023-07-20,8011979,8011971,26,26,127
2023-07-20,8011979,8011979,52,52,115
2023-07-20,8011979,8011980,23,26,120
2023-07-20,8011980,8011770,23,26,106
2023-07-20,8011980,8011979,8,26,68
2023-07-20,8011980,8011980,44,52,97
2023-07-20,8012037,8011556,5,20,15
2023-07-20,8012037,8012037,15,40,27
2023-07-20,8012037,8012408,9,20,33
2023-07-20,8012176,8010010,7,19,27
2023-07-20,8012176,8012176,18,37,26
2023-07-20,8012176,8012939,9,18,18
2023-07-20,8012208,8011777,14,16,142
2023-07-20,8012208,8011892,11,16,45
2023-07-20,8012208,8012208,25,32,98
2023-07-20,8012220,8012220,1,16,4
2023-07-20,8012220,8012407,1,8,8
2023-07-20,8012220,8017219,0,8,0
2023-07-20,8012224,8010333,6,20,24
2023-07-20,8012224,8010397,0,20,-44
2023-07-20,8012224,8012224,7,40,10
2023-07-20,8012369,8011033,1,2,660
2023-07-20,8012369,8011507,12,19,47
2023-07-20,8012369,8012369,18,38,71
2023-07-20,8012388,8010130,16,24,62
2023-07-20,8012388,8010331,2,2,240
2023-07-20,8012388,8012388,41,52,90
2023-07-20,8012388,8012534,23,26,122
2023-07-20,8012407,8012220,0,8,0
2023-07-20,8012407,8012407,1,16,4
2023-07-20,8012407,8012412,1,8,8
2023-07-20,8012408,8012037,12,19,30
2023-07-20,8012408,8012408,15,40,25
2023-07-20,8012408,8012483,4,20,24
2023-07-20,8012412,8011315,1,8,8
2023-07-20,8012412,8012407,0,8,0
2023-07-20,8012412,8012412,1,16,4
2023-07-20,8012483,8012044,2,20,16
2023-07-20,8012483,8012408,7,20,22
2023-07-20,8012483,8012483,14,40,26
2023-07-20,8012528,8011970,2,2,630
2023-07-20,8012528,8012528,4,5,300
2023-07-20,8012528,8012593,2,3,80
2023-07-20,8012534,8012388,6,26,60
2023-07-20,8012534,8012534,46,52,97
2023-07-20,8012534,8013433,18,26,99
2023-07-20,8012550,8011529,11,20,28
2023-07-20,8012550,8011556,18,20,70
2023-07-20,8012550,8012550,29,40,48
2023-07-20,8012593,8011033,2,3,70
2023-07-20,8012593,8012528,2,2,615
2023-07-20,8012593,8012593,4,5,294
2023-07-20,8012727,8012727,1,16,4
2023-07-20,8012727,8017218,1,8,8
2023-07-20,8012727,8017220,0,8,0
2023-07-20,8012739,8010275,14,17,64
2023-07-20,8012739,8010397,11,17,152
2023-07-20,8012739,8012739,22,34,91
2023-07-20,8012853,8012853,18,34,205
2023-07-20,8012853,8013235,13,17,432
2023-07-20,8012853,8013312,8,17,41
2023-07-20,8012873,8010010,16,18,57
2023-07-20,8012873,8011823,14,18,47
2023-07-20,8012873,8012873,29,36,49
2023-07-20,8012938,8010323,9,18,38
2023-07-20,8012938,8011505,10,17,34
2023-07-20,8012938,8012938,20,35,41
2023-07-20,8012939,8010323,9,18,23
2023-07-20,8012939,8012176,8,19,33
2023-07-20,8012939,8012939,18,37,25
2023-07-20,8012946,8010359,18,19,55
2023-07-20,8012946,8011507,9,19,99
2023-07-20,8012946,8012946,23,38,77
2023-07-20,8012976,8010005,4,6,95
2023-07-20,8012976,8010074,5,6,720
2023-07-20,8012976,8012976,10,12,408
2023-07-20,8012996,8010379,10,18,47
2023-07-20,8012996,8012996,25,36,51
2023-07-20,8012996,8013307,13,18,42
2023-07-20,8013116,8013116,21,34,195
2023-07-20,8013116,8013310,11,17,371
2023-07-20,8013116,8013343,10,17,25
2023-07-20,8013212,8013212,24,34,224
2023-07-20,8013212,8013311,16,17,374
2023-07-20,8013212,8013328,9,17,191
2023-07-20,8013235,8012853,6,17,14
2023-07-20,8013235,8013235,21,34,212
2023-07-20,8013235,8013343,13,17,367
2023-07-20,8013307,8011524,14,17,95
2023-07-20,8013307,8011823,1,1,60
2023-07-20,8013307,8012996,11,18,52
2023-07-20,8013307,8013307,24,36,57
2023-07-20,8013310,8011047,16,17,371
2023-07-20,8013310,8013116,9,17,28
2023-07-20,8013310,8013310,25,34,204
2023-07-20,8013311,8013212,9,17,102
2023-07-20,8013311,8013311,24,34,233
2023-07-20,8013311,8013427,13,17,339
2023-07-20,8013312,8012853,13,17,365
2023-07-20,8013312,8013312,24,34,207
2023-07-20,8013312,8013427,10,17,46
2023-07-20,8013328,8011856,13,17,309
2023-07-20,8013328,8013212,15,17,374
2023-07-20,8013328,8013328,28,34,344
2023-07-20,8013343,8013116,12,17,397
2023-07-20,8013343,8013235,10,17,41
2023-07-20,8013343,8013343,26,34,221
2023-07-20,8013427,8013311,10,17,99
2023-07-20,8013427,8013312,16,17,378
2023-07-20,8013427,8013427,26,34,221
2023-07-20,8013433,8010397,18,26,85
2023-07-20,8013433,8012534,24,26,82
2023-07-20,8013433,8013433,42,52,85
2023-07-20,8013434,8010397,5,18,18
2023-07-20,8013434,8011305,6,18,22
2023-07-20,8013434,8013434,6,36,14
2023-07-20,8013450,8010185,16,19,58
2023-07-20,8013450,8010253,16,20,68
2023-07-20,8013450,8013450,18,40,39
2023-07-20,8017218,8011912,1,8,8
2023-07-20,8017218,8012727,0,8,0
2023-07-20,8017218,8017218,1,16,4
2023-07-20,8017219,8010044,0,8,0
2023-07-20,8017219,8012220,1,8,8
2023-07-20,8017219,8017219,1,16,4
2023-07-20,8017220,8011185,0,8,0
2023-07-20,8017220,8012727,1,8,8
2023-07-20,8017220,8017220,1,16,4
2023-07-21,8010005,8010005,10,12,52
2023-07-21,8010005,8011045,10,17,26
2023-07-21,8010005,8012976,4,6,80
2023-07-21,8010010,8010010,9,37,21
2023-07-21,8010010,8012176,2,19,8
2023-07-21,8010010,8012873,7,19,25
2023-07-21,8010044,8010044,0,16,0
2023-07-21,8010044,8017219,0,8,0
2023-07-21,8010074,8012976,5,6,55
2023-07-21,8010108,8010108,111,140,105
2023-07-21,8010108,8010128,14,17,72
2023-07-21,8010108,8010253,45,53,101
2023-07-21,8010108,8011528,11,16,75
2023-07-21,8010108,8011529,15,20,177
2023-07-21,8010108,8011904,9,17,34
2023-07-21,8010108,8013114,13,17,129
2023-07-21,8010128,8010108,14,17,78
2023-07-21,8010128,8010128,30,34,99
2023-07-21,8010128,8011497,16,17,136
2023-07-21,8010129,8010129,46,86,86
2023-07-21,8010129,8010130,23,26,65
2023-07-21,8010129,8010331,9,26,158
2023-07-21,8010129,8010397,4,17,19
2023-07-21,8010129,8011904,15,17,185
2023-07-21,8010130,8010129,7,26,39
2023-07-21,8010130,8010130,30,52,51
2023-07-21,8010130,8012388,19,26,53
2023-07-21,8010185,8010185,46,52,145
2023-07-21,8010185,8011971,26,26,93
2023-07-21,8010185,8013450,19,19,237
2023-07-21,8010229,8001969,0,1,0
2023-07-21,8010229,8010229,0,1,0
2023-07-21,8010253,8010108,48,53,149
2023-07-21,8010253,8010253,96,106,123
2023-07-21,8010253,8013450,18,20,154
2023-07-21,8010275,8002924,10,16,47
2023-07-21,8010275,8010229,1,1,30
2023-07-21,8010275,8010275,16,34,76
2023-07-21,8010275,8012739,9,17,118
2023-07-21,8010323,8010323,14,35,27
2023-07-21,8010323,8012938,7,17,26
2023-07-21,8010323,8012939,8,19,28
2023-07-21,8010331,8010129,17,26,46
2023-07-21,8010331,8010331,25,52,99
2023-07-21,8010331,8011904,11,26,157
2023-07-21,8010333,8010333,17,40,20
2023-07-21,8010333,8010372,10,20,20
2023-07-21,8010333,8012224,6,20,9
2023-07-21,8010372,8010333,5,20,8
2023-07-21,8010379,8010379,23,38,40
2023-07-21,8010379,8011305,10,19,32
2023-07-21,8010379,8012996,15,19,52
2023-07-21,8010388,8010388,51,52,145
2023-07-21,8010388,8011770,26,26,193
2023-07-21,8010388,8011904,26,26,82
2023-07-21,8010397,8010129,9,17,139
2023-07-21,8010397,8010397,13,33,75
2023-07-21,8010397,8012224,4,20,9
2023-07-21,8010397,8012739,5,17,28
2023-07-21,8010397,8013433,25,26,45
2023-07-21,8010397,8013434,2,19,5
2023-07-21,8011033,8011033,4,5,306
2023-07-21,8011033,8012369,2,3,30
2023-07-21,8011033,8012593,1,2,720
2023-07-21,8011045,8010005,10,17,30
2023-07-21,8011045,8011045,17,34,26
2023-07-21,8011045,8011047,6,17,21
2023-07-21,8011047,8011045,13,17,35
2023-07-21,8011047,8011047,21,34,29
2023-07-21,8011047,8013310,8,17,14
2023-07-21,8011049,8011049,29,35,93
2023-07-21,8011049,8011263,15,17,145
2023-07-21,8011049,8011505,15,18,63
2023-07-21,8011185,8011185,0,16,0
2023-07-21,8011185,8011315,0,8,0
2023-07-21,8011185,8017220,0,8,0
2023-07-21,8011263,8011049,15,18,52
2023-07-21,8011263,8011263,29,35,86
2023-07-21,8011263,8011506,14,17,116
2023-07-21,8011297,8010238,16,19,103
2023-07-21,8011297,8011297,25,38,96
2023-07-21,8011305,8010379,7,19,21
2023-07-21,8011305,8011305,10,38,20
2023-07-21,8011305,8013434,5,19,19
2023-07-21,8011315,8011185,0,8,0
2023-07-21,8011315,8011315,0,16,0
2023-07-21,8011315,8012412,0,8,0
2023-07-21,8011497,8010128,15,17,90
2023-07-21,8011497,8011497,32,34,123
2023-07-21,8011497,8011856,17,17,154
2023-07-21,8011505,8011049,12,17,111
2023-07-21,8011505,8011505,23,35,63
2023-07-21,8011505,8012938,10,18,48
2023-07-21,8011506,8011263,12,18,35
2023-07-21,8011506,8011506,24,35,72
2023-07-21,8011506,8011967,11,17,116
2023-07-21,8011507,8011507,14,38,56
2023-07-21,8011507,8012369,8,19,99
2023-07-21,8011507,8012946,4,19,11
2023-07-21,8011524,8011524,26,38,62
2023-07-21,8011524,8011823,13,19,76
2023-07-21,8011524,8013307,13,19,51
2023-07-21,8011528,8010108,16,16,51
2023-07-21,8011528,8011528,25,32,65
2023-07-21,8011528,8011870,15,16,90
2023-07-21,8011529,8010108,16,20,136
2023-07-21,8011529,8011529,25,40,150
2023-07-21,8011529,8012550,12,20,170
2023-07-21,8011556,8011556,19,40,143
2023-07-21,8011556,8012037,11,20,160
2023-07-21,8011556,8012550,8,20,118
2023-07-21,8011770,8010388,21,26,66
2023-07-21,8011770,8011770,46,52,117
2023-07-21,8011770,8011980,21,26,165
2023-07-21,8011777,8012208,11,16,60
2023-07-21,8011823,8011524,12,19,44
2023-07-21,8011823,8011823,28,38,76
2023-07-21,8011823,8012873,16,19,95
2023-07-21,8011856,8011497,16,17,81
2023-07-21,8011856,8011856,33,34,94
2023-07-21,8011856,8013328,17,17,97
2023-07-21,8011870,8011528,14,16,58
2023-07-21,8011870,8011870,28,32,70
2023-07-21,8011870,8011892,10,16,90
2023-07-21,8011892,8011870,9,16,28
2023-07-21,8011892,8011892,20,32,56
2023-07-21,8011892,8012208,11,16,62
2023-07-21,8011904,8010108,15,16,146
2023-07-21,8011904,8010129,9,17,39
2023-07-21,8011904,8010331,22,26,66
2023-07-21,8011904,8010388,24,26,168
2023-07-21,8011904,8011904,53,86,111
2023-07-21,8011912,8017218,0,8,0
2023-07-21,8011967,8011506,13,18,30
2023-07-21,8011970,8011970,2,5,264
2023-07-21,8011970,8012528,1,3,10
2023-07-21,8011971,8010185,22,26,194
2023-07-21,8011971,8011971,51,52,149
2023-07-21,8011971,8011979,26,26,105
2023-07-21,8011979,8011971,26,26,226
2023-07-21,8011979,8011979,51,52,140
2023-07-21,8011979,8011980,26,26,83
2023-07-21,8011980,8011770,25,26,77
2023-07-21,8011980,8011979,11,26,148
2023-07-21,8011980,8011980,47,52,125
2023-07-21,8012037,8011556,8,20,117
2023-07-21,8012037,8012037,21,40,136
2023-07-21,8012037,8012408,12,20,150
2023-07-21,8012176,8010010,7,19,28
2023-07-21,8012176,8012176,19,38,31
2023-07-21,8012176,8012939,10,19,28
2023-07-21,8012208,8011777,10,16,82
2023-07-21,8012208,8011892,7,16,36
2023-07-21,8012208,8012208,21,32,56
2023-07-21,8012220,8012220,0,16,0
2023-07-21,8012220,8012407,0,8,0
2023-07-21,8012220,8017219,0,8,0
2023-07-21,8012224,8010333,12,20,34
2023-07-21,8012224,8010397,1,20,-39
2023-07-21,8012224,8012224,15,40,15
2023-07-21,8012369,8011033,1,2,705
2023-07-21,8012369,8011507,7,19,16
2023-07-21,8012369,8012369,13,38,58
2023-07-21,8012388,8010130,16,26,46
2023-07-21,8012388,8012388,37,52,58
2023-07-21,8012388,8012534,21,26,81
2023-07-21,8012407,8012220,0,8,0
2023-07-21,8012407,8012407,0,16,0
2023-07-21,8012407,8012412,0,8,0
2023-07-21,8012408,8012037,16,19,134
2023-07-21,8012408,8012408,20,40,135
2023-07-21,8012408,8012483,5,20,146
2023-07-21,8012412,8011315,0,8,0
2023-07-21,8012412,8012407,0,8,0
2023-07-21,8012412,8012412,0,16,0
2023-07-21,8012483,8012044,5,20,138
2023-07-21,8012483,8012408,11,20,126
2023-07-21,8012483,8012483,20,40,140
2023-07-21,8012528,8011970,1,2,660
2023-07-21,8012528,8012528,2,5,288
2023-07-21,8012528,8012593,2,3,30
2023-07-21,8012534,8012388,7,26,38
2023-07-21,8012534,8012534,47,52,61
2023-07-21,8012534,8013433,18,26,53
2023-07-21,8012550,8011529,11,20,134
2023-07-21,8012550,8011556,17,20,183
2023-07-21,8012550,8012550,28,40,158
2023-07-21,8012593,8011033,2,3,30
2023-07-21,8012593,8012528,1,2,720
2023-07-21,8012593,8012593,3,5,306
2023-07-21,8012727,8012727,0,16,0
2023-07-21,8012727,8017218,0,8,0
2023-07-21,8012727,8017220,0,8,0
2023-07-21,8012739,8010275,15,17,58
2023-07-21,8012739,8010397,10,17,134
2023-07-21,8012739,8012739,23,34,89
2023-07-21,8012853,8012853,26,34,72
2023-07-21,8012853,8013235,15,17,182
2023-07-21,8012853,8013312,13,17,58
2023-07-21,8012873,8010010,18,19,66
2023-07-21,8012873,8011823,14,19,55
2023-07-21,8012873,8012873,31,38,66
2023-07-21,8012938,8010323,8,18,43
2023-07-21,8012938,8011505,6,17,26
2023-07-21,8012938,8012938,15,35,41
2023-07-21,8012939,8010323,14,19,43
2023-07-21,8012939,8012176,10,19,39
2023-07-21,8012939,8012939,23,38,37
2023-07-21,8012946,8010359,15,19,38
2023-07-21,8012946,8011507,8,19,99
2023-07-21,8012946,8012946,19,38,63
2023-07-21,8012976,8010005,4,6,30
2023-07-21,8012976,8010074,5,6,105
2023-07-21,8012976,8012976,10,12,62
2023-07-21,8012996,8010379,13,19,54
2023-07-21,8012996,8012996,31,38,54
2023-07-21,8012996,8013307,13,19,32
2023-07-21,8013116,8013116,25,34,51
2023-07-21,8013116,8013310,13,17,74
2023-07-21,8013116,8013343,13,17,32
2023-07-21,8013212,8013212,26,34,62
2023-07-21,8013212,8013311,16,17,88
2023-07-21,8013212,8013328,12,17,60
2023-07-21,8013235,8012853,6,17,18
2023-07-21,8013235,8013235,22,34,77
2023-07-21,8013235,8013343,16,17,79
2023-07-21,8013307,8011524,14,19,95
2023-07-21,8013307,8012996,15,19,58
2023-07-21,8013307,8013307,28,38,57
2023-07-21,8013310,8011047,13,17,58
2023-07-21,8013310,8013116,14,17,34
2023-07-21,8013310,8013310,26,34,49
2023-07-21,8013311,8013212,14,17,56
2023-07-21,8013311,8013311,30,34,67
2023-07-21,8013311,8013427,14,17,49
2023-07-21,8013312,8012853,15,17,56
2023-07-21,8013312,8013312,30,34,61
2023-07-21,8013312,8013427,14,17,49
2023-07-21,8013328,8011856,13,17,67
2023-07-21,8013328,8013212,16,17,90
2023-07-21,8013328,8013328,29,34,87
2023-07-21,8013343,8013116,14,17,102
2023-07-21,8013343,8013235,11,17,34
2023-07-21,8013343,8013343,29,34,78
2023-07-21,8013427,8013311,15,17,62
2023-07-21,8013427,8013312,17,17,76
2023-07-21,8013427,8013427,32,34,62
2023-07-21,8013433,8010397,17,26,33
2023-07-21,8013433,8012534,25,26,44
2023-07-21,8013433,8013433,43,52,44
2023-07-21,8013434,8010397,6,19,17
2023-07-21,8013434,8011305,5,19,8
2023-07-21,8013434,8013434,6,38,6
2023-07-21,8013450,8010185,16,19,54
2023-07-21,8013450,8010253,19,20,195
2023-07-21,8013450,8013450,28,40,158
2023-07-21,8017218,8011912,0,8,0
2023-07-21,8017218,8012727,0,8,0
2023-07-21,8017218,8017218,0,16,0
2023-07-21,8017219,8010044,0,8,0
2023-07-21,8017219,8012220,0,8,0
2023-07-21,8017219,8017219,0,16,0
2023-07-21,8017220,8011185,0,8,0
2023-07-21,8017220,8012727,0,8,0
2023-07-21,8017220,8017220,0,16,0
2023-07-22,8010005,8010005,11,11,90
2023-07-22,8010005,8011045,6,8,41
2023-07-22,8010005,8012976,5,5,132
2023-07-22,8010010,8010010,8,22,25
2023-07-22,8010010,8012176,1,11,-8
2023-07-22,8010010,8012873,7,11,38
2023-07-22,8010044,8010044,0,14,0
2023-07-22,8010044,8017219,0,6,0
2023-07-22,8010074,8012976,3,5,42
2023-07-22,8010108,8010108,63,74,66
2023-07-22,8010108,8010128,6,8,75
2023-07-22,8010108,8010253,22,27,63
2023-07-22,8010108,8011528,4,6,85
2023-07-22,8010108,8011529,11,13,44
2023-07-22,8010108,8011904,7,10,63
2023-07-22,8010108,8013114,7,10,93
2023-07-22,8010128,8010108,6,8,75
2023-07-22,8010128,8010128,14,16,98
2023-07-22,8010128,8011497,8,8,139
2023-07-22,8010129,8010129,31,48,44
2023-07-22,8010129,8010130,13,14,90
2023-07-22,8010129,8010331,4,13,16
2023-07-22,8010129,8010397,5,11,55
2023-07-22,8010129,8011904,10,10,39
2023-07-22,8010130,8010129,5,13,21
2023-07-22,8010130,8010130,16,27,56
2023-07-22,8010130,8012388,10,14,77
2023-07-22,8010185,8010185,20,26,78
2023-07-22,8010185,8011971,12,13,111
2023-07-22,8010185,8013450,10,12,68
2023-07-22,8010229,8010229,0,1,0
2023-07-22,8010253,8010108,25,27,91
2023-07-22,8010253,8010253,46,56,74
2023-07-22,8010253,8010388,0,1,0
2023-07-22,8010253,8012550,0,1,0
2023-07-22,8010253,8013450,10,13,37
2023-07-22,8010275,8002924,5,10,75
2023-07-22,8010275,8010229,0,1,0
2023-07-22,8010275,8010275,9,22,42
2023-07-22,8010275,8012739,3,10,9
2023-07-22,8010277,8010277,2,7,21
2023-07-22,8010277,8012201,1,3,20
2023-07-22,8010277,8012426,1,4,15
2023-07-22,8010323,8010323,4,21,7
2023-07-22,8010323,8012938,1,10,3
2023-07-22,8010323,8012939,3,12,18
2023-07-22,8010331,8010129,9,13,65
2023-07-22,8010331,8010331,13,29,39
2023-07-22,8010331,8011904,5,14,24
2023-07-22,8010333,8010333,7,28,9
2023-07-22,8010333,8010372,5,14,13
2023-07-22,8010333,8012224,2,14,-2
2023-07-22,8010372,8010333,1,14,6
2023-07-22,8010379,8010379,12,24,32
2023-07-22,8010379,8011305,3,11,25
2023-07-22,8010379,8012996,9,12,48
2023-07-22,8010379,8013434,0,1,0
2023-07-22,8010388,8010253,0,1,0
2023-07-22,8010388,8010388,25,28,87
2023-07-22,8010388,8011770,13,13,74
2023-07-22,8010388,8011904,12,14,90
2023-07-22,8010397,8010129,2,10,9
2023-07-22,8010397,8010397,7,21,37
2023-07-22,8010397,8011904,0,1,0
2023-07-22,8010397,8012224,1,14,4
2023-07-22,8010397,8012739,5,11,74
2023-07-22,8010397,8013433,11,14,28
2023-07-22,8010397,8013434,0,12,0
2023-07-22,8011033,8011033,2,3,20
2023-07-22,8011033,8012369,1,1,60
2023-07-22,8011033,8012593,0,2,0
2023-07-22,8011045,8010005,7,9,123
2023-07-22,8011045,8011045,11,17,78
2023-07-22,8011045,8011047,4,8,41
2023-07-22,8011047,8011045,7,9,117
2023-07-22,8011047,8011047,12,17,92
2023-07-22,8011047,8013310,5,8,34
2023-07-22,8011049,8011049,8,20,34
2023-07-22,8011049,8011263,4,10,45
2023-07-22,8011049,8011505,4,10,24
2023-07-22,8011185,8011185,0,14,0
2023-07-22,8011185,8011315,0,7,0
2023-07-22,8011185,8017220,0,7,0
2023-07-22,8011212,8011212,2,7,21
2023-07-22,8011212,8012426,1,3,20
2023-07-22,8011212,8012571,1,4,15
2023-07-22,8011263,8011049,4,10,18
2023-07-22,8011263,8011263,10,20,32
2023-07-22,8011263,8011506,6,10,42
2023-07-22,8011297,8010238,10,12,265
2023-07-22,8011297,8011297,20,25,262
2023-07-22,8011305,8010379,3,12,10
2023-07-22,8011305,8011305,4,23,13
2023-07-22,8011305,8013434,2,11,16
2023-07-22,8011315,8011185,0,7,0
2023-07-22,8011315,8011315,0,14,0
2023-07-22,8011315,8012412,0,7,0
2023-07-22,8011497,8010128,6,8,64
2023-07-22,8011497,8011497,14,16,82
2023-07-22,8011497,8011856,8,8,124
2023-07-22,8011505,8011049,6,10,78
2023-07-22,8011505,8011505,10,20,38
2023-07-22,8011505,8012938,3,10,9
2023-07-22,8011506,8011263,2,10,9
2023-07-22,8011506,8011506,6,20,21
2023-07-22,8011506,8011967,4,10,24
2023-07-22,8011507,8011507,5,14,13
2023-07-22,8011507,8012369,5,7,26
2023-07-22,8011507,8012946,0,7,0
2023-07-22,8011524,8011524,16,23,73
2023-07-22,8011524,8011823,10,12,72
2023-07-22,8011524,8013307,7,11,60
2023-07-22,8011528,8010108,6,6,85
2023-07-22,8011528,8011528,9,12,92
2023-07-22,8011528,8011870,4,6,110
2023-07-22,8011529,8010108,8,13,23
2023-07-22,8011529,8011529,13,26,25
2023-07-22,8011529,8012550,5,13,28
2023-07-22,8011548,8011548,2,7,26
2023-07-22,8011548,8011777,1,3,30
2023-07-22,8011548,8012740,1,4,30
2023-07-22,8011556,8011556,7,26,18
2023-07-22,8011556,8012037,6,13,28
2023-07-22,8011556,8012550,1,13,2
2023-07-22,8011770,8010388,10,13,90
2023-07-22,8011770,8011770,21,26,73
2023-07-22,8011770,8011980,10,13,48
2023-07-22,8011777,8011548,1,4,30
2023-07-22,8011777,8011777,2,7,26
2023-07-22,8011777,8012208,4,6,75
2023-07-22,8011823,8011524,6,11,41
2023-07-22,8011823,8011823,16,23,64
2023-07-22,8011823,8012873,9,12,75
2023-07-22,8011856,8011497,7,8,56
2023-07-22,8011856,8011856,16,17,99
2023-07-22,8011856,8013328,7,8,116
2023-07-22,8011870,8011528,5,6,85
2023-07-22,8011870,8011870,9,12,88
2023-07-22,8011870,8011892,4,6,115
2023-07-22,8011892,8011870,4,6,45
2023-07-22,8011892,8011892,8,12,78
2023-07-22,8011892,8012208,3,6,100
2023-07-22,8011904,8010108,8,9,70
2023-07-22,8011904,8010129,6,11,65
2023-07-22,8011904,8010331,10,14,81
2023-07-22,8011904,8010388,11,14,41
2023-07-22,8011904,8011904,27,50,53
2023-07-22,8011912,8017218,0,7,0
2023-07-22,8011967,8011506,3,10,12
2023-07-22,8011967,8012938,0,1,0
2023-07-22,8011970,8011970,1,3,10
2023-07-22,8011970,8012528,0,1,0
2023-07-22,8011971,8010185,11,13,51
2023-07-22,8011971,8011971,24,26,89
2023-07-22,8011971,8011979,12,13,125
2023-07-22,8011979,8011971,13,13,74
2023-07-22,8011979,8011979,24,26,83
2023-07-22,8011979,8011980,11,13,108
2023-07-22,8011980,8011770,10,13,102
2023-07-22,8011980,8011979,5,13,30
2023-07-22,8011980,8011980,21,26,76
2023-07-22,8012037,8011556,0,13,0
2023-07-22,8012037,8012037,7,28,13
2023-07-22,8012037,8012408,5,14,17
2023-07-22,8012176,8010010,4,11,22
2023-07-22,8012176,8012176,7,24,10
2023-07-22,8012176,8012939,6,12,20
2023-07-22,8012176,8013307,0,1,0
2023-07-22,8012201,8010277,1,4,38
2023-07-22,8012201,8012201,2,7,26
2023-07-22,8012201,8012740,1,3,20
2023-07-22,8012208,8011777,4,6,125
2023-07-22,8012208,8011892,3,6,30
2023-07-22,8012208,8012208,8,12,80
2023-07-22,8012220,8012220,0,14,0
2023-07-22,8012220,8012407,0,6,0
2023-07-22,8012220,8017219,0,8,0
2023-07-22,8012224,8010333,2,14,4
2023-07-22,8012224,8010397,2,14,-24
2023-07-22,8012224,8012224,3,28,1
2023-07-22,8012369,8011033,1,2,30
2023-07-22,8012369,8011507,4,7,26
2023-07-22,8012369,8012369,8,15,22
2023-07-22,8012369,8012946,0,1,0
2023-07-22,8012388,8010130,10,13,28
2023-07-22,8012388,8010331,0,1,0
2023-07-22,8012388,8012388,23,28,60
2023-07-22,8012388,8012534,13,14,101
2023-07-22,8012407,8012220,0,7,0
2023-07-22,8012407,8012407,0,13,0
2023-07-22,8012407,8012412,0,6,0
2023-07-22,8012408,8012037,7,13,21
2023-07-22,8012408,8012408,9,28,13
2023-07-22,8012408,8012483,3,14,11
2023-07-22,8012412,8011315,0,7,0
2023-07-22,8012412,8012407,0,7,0
2023-07-22,8012412,8012412,0,14,0
2023-07-22,8012426,8010277,0,3,0
2023-07-22,8012426,8011212,2,4,38
2023-07-22,8012426,8012426,2,7,17
2023-07-22,8012483,8012044,0,14,0
2023-07-22,8012483,8012408,5,14,15
2023-07-22,8012483,8012483,12,28,18
2023-07-22,8012528,8011970,1,2,15
2023-07-22,8012528,8012528,0,3,0
2023-07-22,8012528,8012593,0,1,0
2023-07-22,8012534,8012388,2,14,13
2023-07-22,8012534,8012534,24,28,61
2023-07-22,8012534,8013433,10,14,81
2023-07-22,8012550,8010253,0,1,0
2023-07-22,8012550,8011529,5,13,16
2023-07-22,8012550,8011556,10,13,44
2023-07-22,8012550,8012550,15,28,28
2023-07-22,8012558,8012558,0,2,0
2023-07-22,8012558,8012559,0,1,0
2023-07-22,8012558,8012571,1,3,10
2023-07-22,8012559,8012558,0,1,0
2023-07-22,8012571,8011212,1,3,10
2023-07-22,8012571,8012558,1,4,22
2023-07-22,8012571,8012571,2,7,13
2023-07-22,8012593,8011033,0,1,0
2023-07-22,8012593,8012528,0,2,0
2023-07-22,8012593,8012593,0,3,0
2023-07-22,8012727,8012727,0,14,0
2023-07-22,8012727,8017218,0,7,0
2023-07-22,8012727,8017220,0,7,0
2023-07-22,8012739,8010275,7,10,99
2023-07-22,8012739,8010397,4,11,14
2023-07-22,8012739,8012739,11,21,54
2023-07-22,8012740,8011548,1,3,20
2023-07-22,8012740,8012201,1,4,22
2023-07-22,8012740,8012740,2,7,21
2023-07-22,8012853,8012853,13,18,113
2023-07-22,8012853,8013235,9,9,230
2023-07-22,8012853,8013312,6,9,97
2023-07-22,8012873,8010010,11,12,55
2023-07-22,8012873,8011823,6,11,49
2023-07-22,8012873,8012873,17,23,55
2023-07-22,8012938,8010323,2,11,8
2023-07-22,8012938,8011505,6,9,23
2023-07-22,8012938,8012938,7,21,14
2023-07-22,8012939,8010323,8,12,20
2023-07-22,8012939,8012176,1,11,14
2023-07-22,8012939,8012939,9,24,20
2023-07-22,8012946,8010359,6,8,34
2023-07-22,8012946,8011507,0,7,0
2023-07-22,8012946,8012946,5,15,10
2023-07-22,8012976,8010005,4,5,60
2023-07-22,8012976,8010074,5,5,168
2023-07-22,8012976,8012976,9,10,102
2023-07-22,8012996,8010379,3,12,32
2023-07-22,8012996,8012996,16,24,48
2023-07-22,8012996,8013307,10,12,40
2023-07-22,8013116,8013116,17,18,110
2023-07-22,8013116,8013310,9,9,150
2023-07-22,8013116,8013343,8,9,90
2023-07-22,8013212,8013212,12,18,95
2023-07-22,8013212,8013311,8,9,110
2023-07-22,8013212,8013328,6,9,93
2023-07-22,8013235,8012853,1,9,57
2023-07-22,8013235,8013235,10,18,117
2023-07-22,8013235,8013343,9,9,117
2023-07-22,8013307,8011524,9,12,105
2023-07-22,8013307,8012996,6,12,52
2023-07-22,8013307,8013307,15,24,59
2023-07-22,8013310,8011047,7,9,143
2023-07-22,8013310,8013116,4,9,37
2023-07-22,8013310,8013310,10,18,83
2023-07-22,8013311,8013212,7,9,103
2023-07-22,8013311,8013311,16,18,108
2023-07-22,8013311,8013427,9,9,103
2023-07-22,8013312,8012853,8,9,93
2023-07-22,8013312,8013312,15,18,100
2023-07-22,8013312,8013427,7,9,97
2023-07-22,8013328,8011856,7,9,90
2023-07-22,8013328,8013212,8,9,117
2023-07-22,8013328,8013328,15,18,113
2023-07-22,8013343,8013116,9,9,170
2023-07-22,8013343,8013235,6,9,73
2023-07-22,8013343,8013343,15,18,125
2023-07-22,8013427,8013311,7,9,100
2023-07-22,8013427,8013312,9,9,133
2023-07-22,8013427,8013427,16,18,115
2023-07-22,8013433,8010397,10,14,69
2023-07-22,8013433,8012534,11,14,30
2023-07-22,8013433,8013433,21,28,54
2023-07-22,8013434,8010397,2,12,10
2023-07-22,8013434,8011305,2,12,5
2023-07-22,8013434,8013434,2,24,5
2023-07-22,8013450,8010185,9,12,55
2023-07-22,8013450,8010253,10,13,60
2023-07-22,8013450,8013450,11,26,35
2023-07-22,8017218,8011912,0,7,0
2023-07-22,8017218,8012727,0,7,0
2023-07-22,8017218,8017218,0,14,0
2023-07-22,8017219,8010044,0,8,0
2023-07-22,8017219,8012220,0,6,0
2023-07-22,8017219,8017219,0,14,0
2023-07-22,8017220,8011185,0,7,0
2023-07-22,8017220,8012727,0,7,0
2023-07-22,8017220,8017220,0,14,0
2023-07-23,8010005,8010005,12,14,88
2023-07-23,8010005,8011045,7,13,46
2023-07-23,8010005,8012976,7,7,116
2023-07-23,8010010,8010010,8,33,16
2023-07-23,8010010,8012176,1,17,-7
2023-07-23,8010010,8012873,7,17,25
2023-07-23,8010044,8010044,2,22,5
2023-07-23,8010044,8017219,2,11,11
2023-07-23,8010074,8012976,5,7,69
2023-07-23,8010108,8010108,89,118,54
2023-07-23,8010108,8010128,10,13,67
2023-07-23,8010108,8010253,28,42,49
2023-07-23,8010108,8011528,4,9,67
2023-07-23,8010108,8011529,9,20,51
2023-07-23,8010108,8011904,6,17,18
2023-07-23,8010108,8013114,11,17,49
2023-07-23,8010128,8010108,11,13,62
2023-07-23,8010128,8010128,24,26,88
2023-07-23,8010128,8011497,13,13,122
2023-07-23,8010129,8010129,39,74,42
2023-07-23,8010129,8010130,20,20,90
2023-07-23,8010129,8010331,3,20,6
2023-07-23,8010129,8010397,3,17,7
2023-07-23,8010129,8011904,16,17,67
2023-07-23,8010130,8010129,5,20,9
2023-07-23,8010130,8010130,24,40,50
2023-07-23,8010130,8012388,15,20,76
2023-07-23,8010185,8010185,24,40,67
2023-07-23,8010185,8011971,20,20,114
2023-07-23,8010185,8013450,14,19,54
2023-07-23,8010253,8010108,39,42,97
2023-07-23,8010253,8010253,70,84,71
2023-07-23,8010253,8013450,18,20,36
2023-07-23,8010275,8002924,6,16,30
2023-07-23,8010275,8010275,14,31,26
2023-07-23,8010275,8012739,10,15,44
2023-07-23,8010277,8010277,11,18,47
2023-07-23,8010277,8012201,5,9,43
2023-07-23,8010277,8012426,6,9,67
2023-07-23,8010323,8010323,10,33,14
2023-07-23,8010323,8012938,3,16,11
2023-07-23,8010323,8012939,10,18,25
2023-07-23,8010331,8010129,17,20,69
2023-07-23,8010331,8010331,18,40,34
2023-07-23,8010331,8011904,6,20,9
2023-07-23,8010333,8010333,4,40,2
2023-07-23,8010333,8010372,1,20,2
2023-07-23,8010333,8012224,3,20,-3
2023-07-23,8010372,8010333,1,20,2
2023-07-23,8010379,8010379,22,34,34
2023-07-23,8010379,8011305,3,17,11
2023-07-23,8010379,8012996,15,17,60
2023-07-23,8010388,8010388,40,40,86
2023-07-23,8010388,8011770,20,20,48
2023-07-23,8010388,8011904,20,20,108
2023-07-23,8010397,8010129,11,17,39
2023-07-23,8010397,8010397,8,32,21
2023-07-23,8010397,8012224,0,20,0
2023-07-23,8010397,8012739,4,16,13
2023-07-23,8010397,8013433,19,20,30
2023-07-23,8010397,8013434,0,17,0
2023-07-23,8011033,8011033,0,3,0
2023-07-23,8011033,8012369,0,1,0
2023-07-23,8011033,8012593,1,2,15
2023-07-23,8011045,8010005,6,13,60
2023-07-23,8011045,8011045,15,26,53
2023-07-23,8011045,8011047,9,13,58
2023-07-23,8011047,8011045,8,13,60
2023-07-23,8011047,8011047,17,26,62
2023-07-23,8011047,8013310,8,13,46
2023-07-23,8011049,8011049,23,33,68
2023-07-23,8011049,8011263,12,16,92
2023-07-23,8011049,8011505,12,17,60
2023-07-23,8011185,8011185,2,22,5
2023-07-23,8011185,8011315,0,11,0
2023-07-23,8011185,8017220,2,11,11
2023-07-23,8011212,8011212,7,18,48
2023-07-23,8011212,8012426,3,9,43
2023-07-23,8011212,8012571,5,9,47
2023-07-23,8011263,8011049,11,17,39
2023-07-23,8011263,8011263,24,33,61
2023-07-23,8011263,8011506,13,16,94
2023-07-23,8011297,8010238,16,18,308
2023-07-23,8011297,8011297,28,36,318
2023-07-23,8011305,8010379,3,17,11
2023-07-23,8011305,8011305,5,34,9
2023-07-23,8011305,8013434,2,17,7
2023-07-23,8011315,8011185,2,11,11
2023-07-23,8011315,8011315,2,22,5
2023-07-23,8011315,8012412,0,11,0
2023-07-23,8011497,8010128,10,13,46
2023-07-23,8011497,8011497,23,26,96
2023-07-23,8011497,8011856,13,13,148
2023-07-23,8011505,8011049,12,16,103
2023-07-23,8011505,8011505,24,33,62
2023-07-23,8011505,8012938,11,17,39
2023-07-23,8011506,8011263,11,17,30
2023-07-23,8011506,8011506,22,33,59
2023-07-23,8011506,8011967,10,16,68
2023-07-23,8011507,8011507,8,22,19
2023-07-23,8011507,8012369,3,11,11
2023-07-23,8011507,8012946,3,11,14
2023-07-23,8011524,8011524,23,34,53
2023-07-23,8011524,8011823,13,17,55
2023-07-23,8011524,8013307,10,17,39
2023-07-23,8011528,8010108,5,9,57
2023-07-23,8011528,8011528,11,18,68
2023-07-23,8011528,8011870,7,9,80
2023-07-23,8011529,8010108,17,20,30
2023-07-23,8011529,8011529,11,40,28
2023-07-23,8011529,8012550,8,20,45
2023-07-23,8011548,8011548,11,18,78
2023-07-23,8011548,8011777,6,9,27
2023-07-23,8011548,8012740,5,9,73
2023-07-23,8011556,8011556,11,40,26
2023-07-23,8011556,8012037,9,20,40
2023-07-23,8011556,8012550,2,20,4
2023-07-23,8011770,8010388,15,20,87
2023-07-23,8011770,8011770,28,40,60
2023-07-23,8011770,8011980,15,20,28
2023-07-23,8011777,8011548,5,9,113
2023-07-23,8011777,8011777,11,18,55
2023-07-23,8011777,8012208,6,9,47
2023-07-23,8011823,8011524,9,17,34
2023-07-23,8011823,8011823,21,34,49
2023-07-23,8011823,8012873,13,17,71
2023-07-23,8011856,8011497,10,13,53
2023-07-23,8011856,8011856,21,26,78
2023-07-23,8011856,8013328,9,13,83
2023-07-23,8011870,8011528,7,9,77
2023-07-23,8011870,8011870,16,18,83
2023-07-23,8011870,8011892,7,9,123
2023-07-23,8011892,8011870,5,9,33
2023-07-23,8011892,8011892,12,18,72
2023-07-23,8011892,8012208,7,9,90
2023-07-23,8011904,8010108,14,16,71
2023-07-23,8011904,8010129,6,17,21
2023-07-23,8011904,8010331,16,20,93
2023-07-23,8011904,8010388,17,20,26
2023-07-23,8011904,8011904,40,74,43
2023-07-23,8011912,8017218,0,11,0
2023-07-23,8011967,8011506,7,17,23
2023-07-23,8011970,8011970,0,3,0
2023-07-23,8011970,8012528,0,1,0
2023-07-23,8011971,8010185,12,20,24
2023-07-23,8011971,8011971,36,40,77
2023-07-23,8011971,8011979,20,20,130
2023-07-23,8011979,8011971,19,20,58
2023-07-23,8011979,8011979,39,40,81
2023-07-23,8011979,8011980,16,20,114
2023-07-23,8011980,8011770,17,20,100
2023-07-23,8011980,8011979,2,20,6
2023-07-23,8011980,8011980,31,40,63
2023-07-23,8012037,8011556,2,20,6
2023-07-23,8012037,8012037,11,40,22
2023-07-23,8012037,8012408,8,20,28
2023-07-23,8012176,8010010,8,18,22
2023-07-23,8012176,8012176,16,35,15
2023-07-23,8012176,8012939,12,17,30
2023-07-23,8012201,8010277,5,9,90
2023-07-23,8012201,8012201,10,18,65
2023-07-23,8012201,8012740,5,9,53
2023-07-23,8012208,8011777,7,9,80
2023-07-23,8012208,8011892,6,9,40
2023-07-23,8012208,8012208,13,18,72
2023-07-23,8012220,8012220,2,22,5
2023-07-23,8012220,8012407,2,11,11
2023-07-23,8012220,8017219,0,11,0
2023-07-23,8012224,8010333,0,20,-2
2023-07-23,8012224,8010397,0,20,-33
2023-07-23,8012224,8012224,0,40,-4
2023-07-23,8012369,8011033,1,2,15
2023-07-23,8012369,8011507,5,11,27
2023-07-23,8012369,8012369,7,22,18
2023-07-23,8012388,8010130,15,20,26
2023-07-23,8012388,8012388,33,40,62
2023-07-23,8012388,8012534,18,20,110
2023-07-23,8012407,8012220,0,11,0
2023-07-23,8012407,8012407,2,22,5
2023-07-23,8012407,8012412,2,11,11
2023-07-23,8012408,8012037,11,19,22
2023-07-23,8012408,8012408,16,40,20
2023-07-23,8012408,8012483,5,20,21
2023-07-23,8012412,8011315,2,11,11
2023-07-23,8012412,8012407,0,11,0
2023-07-23,8012412,8012412,2,22,5
2023-07-23,8012426,8010277,6,9,50
2023-07-23,8012426,8011212,5,9,60
2023-07-23,8012426,8012426,12,18,60
2023-07-23,8012483,8012044,3,20,10
2023-07-23,8012483,8012408,7,20,16
2023-07-23,8012483,8012483,16,40,21
2023-07-23,8012528,8011970,0,2,0
2023-07-23,8012528,8012528,1,3,10
2023-07-23,8012528,8012593,0,1,0
2023-07-23,8012534,8012388,2,20,6
2023-07-23,8012534,8012534,36,40,63
2023-07-23,8012534,8013433,15,20,81
2023-07-23,8012550,8011529,4,20,9
2023-07-23,8012550,8011556,15,20,60
2023-07-23,8012550,8012550,19,40,37
2023-07-23,8012558,8012558,6,12,45
2023-07-23,8012558,8012559,3,6,60
2023-07-23,8012558,8012571,5,9,30
2023-07-23,8012559,8012558,3,6,45
2023-07-23,8012571,8011212,4,9,37
2023-07-23,8012571,8012558,4,9,43
2023-07-23,8012571,8012571,8,18,47
2023-07-23,8012593,8011033,0,1,0
2023-07-23,8012593,8012528,1,2,15
2023-07-23,8012593,8012593,1,3,10
2023-07-23,8012727,8012727,2,22,5
2023-07-23,8012727,8017218,2,11,11
2023-07-23,8012727,8017220,0,11,0
2023-07-23,8012739,8010275,7,16,22
2023-07-23,8012739,8010397,10,16,49
2023-07-23,8012739,8012739,16,31,36
2023-07-23,8012740,8011548,6,9,47
2023-07-23,8012740,8012201,4,9,50
2023-07-23,8012740,8012740,10,18,48
2023-07-23,8012853,8012853,15,26,87
2023-07-23,8012853,8013235,8,13,189
2023-07-23,8012853,8013312,7,13,65
2023-07-23,8012873,8010010,16,17,55
2023-07-23,8012873,8011823,13,17,39
2023-07-23,8012873,8012873,29,34,55
2023-07-23,8012938,8010323,6,17,18
2023-07-23,8012938,8011505,6,16,13
2023-07-23,8012938,8012938,14,33,22
2023-07-23,8012939,8010323,10,17,30
2023-07-23,8012939,8012176,8,18,15
2023-07-23,8012939,8012939,17,35,27
2023-07-23,8012946,8010359,7,11,30
2023-07-23,8012946,8011507,3,11,11
2023-07-23,8012946,8012946,8,22,15
2023-07-23,8012976,8010005,6,7,81
2023-07-23,8012976,8010074,5,7,129
2023-07-23,8012976,8012976,11,14,92
2023-07-23,8012996,8010379,7,17,25
2023-07-23,8012996,8012996,18,34,30
2023-07-23,8012996,8013307,9,17,25
2023-07-23,8013116,8013116,20,26,84
2023-07-23,8013116,8013310,9,13,120
2023-07-23,8013116,8013343,11,13,58
2023-07-23,8013212,8013212,16,26,66
2023-07-23,8013212,8013311,12,13,113
2023-07-23,8013212,8013328,7,13,55
2023-07-23,8013235,8012853,6,13,39
2023-07-23,8013235,8013235,17,26,97
2023-07-23,8013235,8013343,8,13,95
2023-07-23,8013307,8011524,14,17,86
2023-07-23,8013307,8012996,8,17,37
2023-07-23,8013307,8013307,22,34,51
2023-07-23,8013310,8011047,10,13,95
2023-07-23,8013310,8013116,8,13,60
2023-07-23,8013310,8013310,18,26,83
2023-07-23,8013311,8013212,8,13,67
2023-07-23,8013311,8013311,19,26,78
2023-07-23,8013311,8013427,8,13,65
2023-07-23,8013312,8012853,8,13,85
2023-07-23,8013312,8013312,17,26,74
2023-07-23,8013312,8013427,9,13,62
2023-07-23,8013328,8011856,9,13,74
2023-07-23,8013328,8013212,11,13,81
2023-07-23,8013328,8013328,20,26,84
2023-07-23,8013343,8013116,8,13,104
2023-07-23,8013343,8013235,7,13,62
2023-07-23,8013343,8013343,18,26,88
2023-07-23,8013427,8013311,9,13,60
2023-07-23,8013427,8013312,8,13,85
2023-07-23,8013427,8013427,17,26,74
2023-07-23,8013433,8010397,14,20,58
2023-07-23,8013433,8012534,19,20,28
2023-07-23,8013433,8013433,34,40,46
2023-07-23,8013434,8010397,3,17,5
2023-07-23,8013434,8011305,2,17,4
2023-07-23,8013434,8013434,2,34,2
2023-07-23,8013450,8010185,11,19,47
2023-07-23,8013450,8010253,13,20,68
2023-07-23,8013450,8013450,13,40,34
2023-07-23,8017218,8011912,2,11,11
2023-07-23,8017218,8012727,0,11,0
2023-07-23,8017218,8017218,2,22,5
2023-07-23,8017219,8010044,0,11,0
2023-07-23,8017219,8012220,2,11,11
2023-07-23,8017219,8017219,2,22,5
2023-07-23,8017220,8011185,0,11,0
2023-07-23,8017220,8012727,2,11,11
2023-07-23,8017220,8017220,2,22,5
2023-07-24,8010005,8010005,12,12,108
2023-07-24,8010005,8011045,11,17,44
2023-07-24,8010005,8012976,6,6,120
2023-07-24,8010010,8010010,20,35,39
2023-07-24,8010010,8012176,3,18,3
2023-07-24,8010010,8012873,10,18,37
2023-07-24,8010044,8010044,0,16,0
2023-07-24,8010044,8017219,0,8,0
2023-07-24,8010074,8012976,5,6,55
2023-07-24,8010108,8010108,121,140,78
2023-07-24,8010108,8010128,16,17,62
2023-07-24,8010108,8010253,46,53,87
2023-07-24,8010108,8011528,13,16,107
2023-07-24,8010108,8011529,13,20,24
2023-07-24,8010108,8011904,13,17,58
2023-07-24,8010108,8013114,14,17,122
2023-07-24,8010128,8010108,14,17,102
2023-07-24,8010128,8010128,31,34,102
2023-07-24,8010128,8011497,17,17,124
2023-07-24,8010129,8010129,38,86,41
2023-07-24,8010129,8010130,23,26,45
2023-07-24,8010129,8010331,6,26,14
2023-07-24,8010129,8010397,7,17,35
2023-07-24,8010129,8011904,16,17,111
2023-07-24,8010130,8010129,7,26,22
2023-07-24,8010130,8010130,29,52,35
2023-07-24,8010130,8012388,15,26,39
2023-07-24,8010185,8010185,37,52,58
2023-07-24,8010185,8011971,25,26,69
2023-07-24,8010185,8013450,18,19,49
2023-07-24,8010229,8001969,0,1,0
2023-07-24,8010229,8010229,0,1,0
2023-07-24,8010253,8010108,52,53,101
2023-07-24,8010253,8010253,96,106,91
2023-07-24,8010253,8013450,19,20,70
2023-07-24,8010275,8002924,12,16,92
2023-07-24,8010275,8010229,1,1,30
2023-07-24,8010275,8010275,16,34,60
2023-07-24,8010275,8012739,8,17,60
2023-07-24,8010277,8010277,25,32,51
2023-07-24,8010277,8012201,16,16,73
2023-07-24,8010277,8012426,15,17,69
2023-07-24,8010323,8010323,13,35,27
2023-07-24,8010323,8012938,2,17,19
2023-07-24,8010323,8012939,11,19,47
2023-07-24,8010331,8010129,11,26,23
2023-07-24,8010331,8010331,14,52,17
2023-07-24,8010331,8011904,10,26,17
2023-07-24,8010333,8010333,15,40,17
2023-07-24,8010333,8010372,12,20,30
2023-07-24,8010333,8012224,3,20,3
2023-07-24,8010372,8010333,2,20,3
2023-07-24,8010379,8010379,32,36,141
2023-07-24,8010379,8011305,14,18,173
2023-07-24,8010379,8012996,16,18,98
2023-07-24,8010388,8010388,49,52,63
2023-07-24,8010388,8011770,26,26,60
2023-07-24,8010388,8011904,23,26,55
2023-07-24,8010397,8010129,13,17,78
2023-07-24,8010397,8010397,12,33,45
2023-07-24,8010397,8012224,3,20,9
2023-07-24,8010397,8012739,9,17,41
2023-07-24,8010397,8013433,24,26,50
2023-07-24,8010397,8013434,2,18,5
2023-07-24,8011033,8011033,4,5,48
2023-07-24,8011033,8012369,2,3,60
2023-07-24,8011033,8012593,2,2,45
2023-07-24,8011045,8010005,14,17,97
2023-07-24,8011045,8011045,23,34,64
2023-07-24,8011045,8011047,9,17,39
2023-07-24,8011047,8011045,15,17,88
2023-07-24,8011047,8011047,29,34,70
2023-07-24,8011047,8013310,13,17,41
2023-07-24,8011049,8011049,33,35,82
2023-07-24,8011049,8011263,17,17,145
2023-07-24,8011049,8011505,17,18,95
2023-07-24,8011185,8011185,0,16,0
2023-07-24,8011185,8011315,0,8,0
2023-07-24,8011185,8017220,0,8,0
2023-07-24,8011212,8011212,24,33,53
2023-07-24,8011212,8012426,11,16,60
2023-07-24,8011212,8012571,11,17,39
2023-07-24,8011263,8011049,16,18,57
2023-07-24,8011263,8011263,33,35,99
2023-07-24,8011263,8011506,17,17,143
2023-07-24,8011297,8010238,15,19,311
2023-07-24,8011297,8011297,28,36,312
2023-07-24,8011305,8010379,10,18,47
2023-07-24,8011305,8011305,16,36,98
2023-07-24,8011305,8013434,12,18,173
2023-07-24,8011315,8011185,0,8,0
2023-07-24,8011315,8011315,0,16,0
2023-07-24,8011315,8012412,0,8,0
2023-07-24,8011497,8010128,15,17,94
2023-07-24,8011497,8011497,31,34,114
2023-07-24,8011497,8011856,16,17,138
2023-07-24,8011505,8011049,14,17,92
2023-07-24,8011505,8011505,28,35,82
2023-07-24,8011505,8012938,10,18,60
2023-07-24,8011506,8011263,13,18,50
2023-07-24,8011506,8011506,30,35,88
2023-07-24,8011506,8011967,16,17,106
2023-07-24,8011507,8011507,14,38,22
2023-07-24,8011507,8012369,4,19,21
2023-07-24,8011507,8012946,5,19,14
2023-07-24,8011524,8011524,33,36,168
2023-07-24,8011524,8011823,16,18,128
2023-07-24,8011524,8013307,17,18,213
2023-07-24,8011528,8010108,11,16,62
2023-07-24,8011528,8011528,26,32,98
2023-07-24,8011528,8011870,16,16,146
2023-07-24,8011529,8010108,17,20,45
2023-07-24,8011529,8011529,22,40,28
2023-07-24,8011529,8012550,8,20,20
2023-07-24,8011548,8011548,26,32,88
2023-07-24,8011548,8011777,13,16,64
2023-07-24,8011548,8012740,13,16,101
2023-07-24,8011556,8011556,13,40,19
2023-07-24,8011556,8012037,9,20,21
2023-07-24,8011556,8012550,4,20,12
2023-07-24,8011770,8010388,15,26,42
2023-07-24,8011770,8011770,39,52,41
2023-07-24,8011770,8011980,19,26,35
2023-07-24,8011777,8011548,14,16,118
2023-07-24,8011777,8011777,30,32,98
2023-07-24,8011777,8012208,16,16,82
2023-07-24,8011823,8011524,16,18,137
2023-07-24,8011823,8011823,31,36,98
2023-07-24,8011823,8012873,16,18,92
2023-07-24,8011856,8011497,16,17,88
2023-07-24,8011856,8011856,33,34,121
2023-07-24,8011856,8013328,16,17,148
2023-07-24,8011870,8011528,16,16,75
2023-07-24,8011870,8011870,30,32,109
2023-07-24,8011870,8011892,14,16,152
2023-07-24,8011892,8011870,13,16,60
2023-07-24,8011892,8011892,28,32,97
2023-07-24,8011892,8012208,15,16,128
2023-07-24,8011904,8010108,16,16,142
2023-07-24,8011904,8010129,13,17,46
2023-07-24,8011904,8010331,16,26,37
2023-07-24,8011904,8010388,20,26,29
2023-07-24,8011904,8011904,54,86,50
2023-07-24,8011912,8017218,0,8,0
2023-07-24,8011967,8011506,11,18,43
2023-07-24,8011970,8011970,2,5,24
2023-07-24,8011970,8012528,1,3,20
2023-07-24,8011971,8010185,22,26,43
2023-07-24,8011971,8011971,47,52,61
2023-07-24,8011971,8011979,26,26,84
2023-07-24,8011979,8011971,24,26,68
2023-07-24,8011979,8011979,50,52,60
2023-07-24,8011979,8011980,19,26,65
2023-07-24,8011980,8011770,19,26,54
2023-07-24,8011980,8011979,4,26,9
2023-07-24,8011980,8011980,38,52,43
2023-07-24,8012037,8011556,2,20,6
2023-07-24,8012037,8012037,11,40,13
2023-07-24,8012037,8012408,8,20,16
2023-07-24,8012176,8010010,13,19,44
2023-07-24,8012176,8012176,30,37,42
2023-07-24,8012176,8012939,15,18,40
2023-07-24,8012201,8010277,14,16,111
2023-07-24,8012201,8012201,30,32,100
2023-07-24,8012201,8012740,16,16,112
2023-07-24,8012208,8011777,16,16,142
2023-07-24,8012208,8011892,9,16,34
2023-07-24,8012208,8012208,27,32,102
2023-07-24,8012220,8012220,0,16,0
2023-07-24,8012220,8012407,0,8,0
2023-07-24,8012220,8017219,0,8,0
2023-07-24,8012224,8010333,8,20,22
2023-07-24,8012224,8010397,2,20,-33
2023-07-24,8012224,8012224,10,40,13
2023-07-24,8012369,8011033,1,2,60
2023-07-24,8012369,8011507,7,19,22
2023-07-24,8012369,8012369,10,38,20
2023-07-24,8012388,8010130,17,26,32
2023-07-24,8012388,8012388,38,52,46
2023-07-24,8012388,8012534,21,26,68
2023-07-24,8012407,8012220,0,8,0
2023-07-24,8012407,8012407,0,16,0
2023-07-24,8012407,8012412,0,8,0
2023-07-24,8012408,8012037,11,19,24
2023-07-24,8012408,8012408,16,40,18
2023-07-24,8012408,8012483,5,20,15
2023-07-24,8012412,8011315,0,8,0
2023-07-24,8012412,8012407,0,8,0
2023-07-24,8012412,8012412,0,16,0
2023-07-24,8012426,8010277,8,16,32
2023-07-24,8012426,8011212,14,17,62
2023-07-24,8012426,8012426,24,33,56
2023-07-24,8012483,8012044,4,20,8
2023-07-24,8012483,8012408,8,20,20
2023-07-24,8012483,8012483,16,40,20
2023-07-24,8012528,8011970,1,2,30
2023-07-24,8012528,8012528,3,5,24
2023-07-24,8012528,8012593,2,3,30
2023-07-24,8012534,8012388,6,26,23
2023-07-24,8012534,8012534,42,52,51
2023-07-24,8012534,8013433,17,26,46
2023-07-24,8012550,8011529,9,20,30
2023-07-24,8012550,8011556,17,20,38
2023-07-24,8012550,8012550,26,40,31
2023-07-24,8012558,8012558,17,24,52
2023-07-24,8012558,8012559,9,12,72
2023-07-24,8012558,8012571,8,16,21
2023-07-24,8012559,8012558,11,12,85
2023-07-24,8012571,8011212,12,16,41
2023-07-24,8012571,8012558,9,17,42
2023-07-24,8012571,8012571,20,33,39
2023-07-24,8012593,8011033,2,3,30
2023-07-24,8012593,8012528,2,2,45
2023-07-24,8012593,8012593,4,5,42
2023-07-24,8012727,8012727,0,16,0
2023-07-24,8012727,8017218,0,8,0
2023-07-24,8012727,8017220,0,8,0
2023-07-24,8012739,8010275,15,17,74
2023-07-24,8012739,8010397,11,17,67
2023-07-24,8012739,8012739,24,34,67
2023-07-24,8012740,8011548,13,16,64
2023-07-24,8012740,8012201,10,16,69
2023-07-24,8012740,8012740,26,32,83
2023-07-24,8012853,8012853,28,34,129
2023-07-24,8012853,8013235,16,17,254
2023-07-24,8012853,8013312,14,17,88
2023-07-24,8012873,8010010,18,18,105
2023-07-24,8012873,8011823,15,18,73
2023-07-24,8012873,8012873,33,36,78
2023-07-24,8012938,8010323,6,18,45
2023-07-24,8012938,8011505,12,17,37
2023-07-24,8012938,8012938,18,35,44
2023-07-24,8012939,8010323,8,18,17
2023-07-24,8012939,8012176,13,19,47
2023-07-24,8012939,8012939,22,37,36
2023-07-24,8012946,8010359,13,19,33
2023-07-24,8012946,8011507,7,19,24
2023-07-24,8012946,8012946,15,38,23
2023-07-24,8012976,8010005,6,6,65
2023-07-24,8012976,8010074,5,6,135
2023-07-24,8012976,8012976,11,12,85
2023-07-24,8012996,8010379,16,18,207
2023-07-24,8012996,8012996,32,36,147
2023-07-24,8012996,8013307,13,18,67
2023-07-24,8013116,8013116,31,34,97
2023-07-24,8013116,8013310,15,17,143
2023-07-24,8013116,8013343,16,17,58
2023-07-24,8013212,8013212,32,34,131
2023-07-24,8013212,8013311,16,17,143
2023-07-24,8013212,8013328,16,17,136
2023-07-24,8013235,8012853,9,17,62
2023-07-24,8013235,8013235,26,34,134
2023-07-24,8013235,8013343,14,17,138
2023-07-24,8013307,8011524,16,18,127
2023-07-24,8013307,8012996,17,18,227
2023-07-24,8013307,8013307,32,36,158
2023-07-24,8013310,8011047,14,17,118
2023-07-24,8013310,8013116,14,17,56
2023-07-24,8013310,8013310,28,34,93
2023-07-24,8013311,8013212,15,17,145
2023-07-24,8013311,8013311,27,34,132
2023-07-24,8013311,8013427,12,17,106
2023-07-24,8013312,8012853,15,17,150
2023-07-24,8013312,8013312,31,34,122
2023-07-24,8013312,8013427,15,17,113
2023-07-24,8013328,8011856,16,17,131
2023-07-24,8013328,8013212,16,17,132
2023-07-24,8013328,8013328,32,34,143
2023-07-24,8013343,8013116,14,17,138
2023-07-24,8013343,8013235,16,17,83
2023-07-24,8013343,8013343,31,34,113
2023-07-24,8013427,8013311,15,17,122
2023-07-24,8013427,8013312,17,17,148
2023-07-24,8013427,8013427,31,34,131
2023-07-24,8013433,8010397,15,26,39
2023-07-24,8013433,8012534,24,26,44
2023-07-24,8013433,8013433,40,52,43
2023-07-24,8013434,8010397,14,18,153
2023-07-24,8013434,8011305,4,18,13
2023-07-24,8013434,8013434,14,36,79
2023-07-24,8013450,8010185,11,19,38
2023-07-24,8013450,8010253,14,20,32
2023-07-24,8013450,8013450,17,40,32
2023-07-24,8017218,8011912,0,8,0
2023-07-24,8017218,8012727,0,8,0
2023-07-24,8017218,8017218,0,16,0
2023-07-24,8017219,8010044,0,8,0
2023-07-24,8017219,8012220,0,8,0
2023-07-24,8017219,8017219,0,16,0
2023-07-24,8017220,8011185,0,8,0
2023-07-24,8017220,8012727,0,8,0
2023-07-24,8017220,8017220,0,16,0
2023-07-25,8010005,8010005,9,12,60
2023-07-25,8010005,8011045,10,17,26
2023-07-25,8010005,8012976,5,6,90
2023-07-25,8010010,8010010,10,35,21
2023-07-25,8010010,8012176,1,18,0
2023-07-25,8010010,8012873,9,18,43
2023-07-25,8010044,8010044,0,16,0
2023-07-25,8010044,8017219,0,8,0
2023-07-25,8010074,8012976,5,6,55
2023-07-25,8010108,8010108,109,140,64
2023-07-25,8010108,8010128,15,17,65
2023-07-25,8010108,8010253,45,53,72
2023-07-25,8010108,8011528,11,16,71
2023-07-25,8010108,8011529,15,20,28
2023-07-25,8010108,8011904,8,17,41
2023-07-25,8010108,8013114,14,17,99
2023-07-25,8010128,8010108,14,17,92
2023-07-25,8010128,8010128,31,34,99
2023-07-25,8010128,8011497,17,17,108
2023-07-25,8010129,8010129,50,86,42
2023-07-25,8010129,8010130,24,26,58
2023-07-25,8010129,8010331,7,26,17
2023-07-25,8010129,8010397,6,17,48
2023-07-25,8010129,8011904,17,17,81
2023-07-25,8010130,8010129,8,26,18
2023-07-25,8010130,8010130,31,52,39
2023-07-25,8010130,8012388,18,26,59
2023-07-25,8010185,8010185,38,52,63
2023-07-25,8010185,8011971,25,26,69
2023-07-25,8010185,8013450,16,19,58
2023-07-25,8010229,8001969,0,1,0
2023-07-25,8010229,8010229,0,1,0
2023-07-25,8010253,8010108,51,53,84
2023-07-25,8010253,8010253,94,106,74
2023-07-25,8010253,8013450,19,20,58
2023-07-25,8010275,8002924,13,16,68
2023-07-25,8010275,8010229,0,1,0
2023-07-25,8010275,8010275,20,34,50
2023-07-25,8010275,8012739,9,17,39
2023-07-25,8010277,8010277,18,32,45
2023-07-25,8010277,8012201,11,16,58
2023-07-25,8010277,8012426,10,17,37
2023-07-25,8010323,8010323,16,35,21
2023-07-25,8010323,8012938,3,17,12
2023-07-25,8010323,8012939,13,19,39
2023-07-25,8010331,8010129,19,26,38
2023-07-25,8010331,8010331,21,52,24
2023-07-25,8010331,8011904,9,26,21
2023-07-25,8010333,8010333,9,40,44
2023-07-25,8010333,8010372,5,20,44
2023-07-25,8010333,8012224,4,20,42
2023-07-25,8010372,8010333,1,20,36
2023-07-25,8010379,8010379,29,36,118
2023-07-25,8010379,8011305,12,18,145
2023-07-25,8010379,8012996,16,18,82
2023-07-25,8010388,8010388,46,52,70
2023-07-25,8010388,8011770,23,26,59
2023-07-25,8010388,8011904,23,26,68
2023-07-25,8010397,8010129,12,17,51
2023-07-25,8010397,8010397,13,33,40
2023-07-25,8010397,8012224,1,20,15
2023-07-25,8010397,8012739,10,17,51
2023-07-25,8010397,8013433,25,26,42
2023-07-25,8010397,8013434,1,18,2
2023-07-25,8011033,8011033,3,5,72
2023-07-25,8011033,8012369,3,3,140
2023-07-25,8011033,8012593,1,2,15
2023-07-25,8011045,8010005,10,17,86
2023-07-25,8011045,8011045,16,34,51
2023-07-25,8011045,8011047,6,17,19
2023-07-25,8011047,8011045,14,17,90
2023-07-25,8011047,8011047,29,34,66
2023-07-25,8011047,8013310,15,17,37
2023-07-25,8011049,8011049,29,35,73
2023-07-25,8011049,8011263,13,17,113
2023-07-25,8011049,8011505,17,18,78
2023-07-25,8011185,8011185,0,16,0
2023-07-25,8011185,8011315,0,8,0
2023-07-25,8011185,8017220,0,8,0
2023-07-25,8011212,8011212,18,33,41
2023-07-25,8011212,8012426,8,16,58
2023-07-25,8011212,8012571,9,17,30
2023-07-25,8011263,8011049,15,18,50
2023-07-25,8011263,8011263,28,35,72
2023-07-25,8011263,8011506,14,17,101
2023-07-25,8011297,8010238,19,19,287
2023-07-25,8011297,8011297,26,36,237
2023-07-25,8011305,8010379,10,18,45
2023-07-25,8011305,8011305,18,36,92
2023-07-25,8011305,8013434,10,18,137
2023-07-25,8011315,8011185,0,8,0
2023-07-25,8011315,8011315,0,16,0
2023-07-25,8011315,8012412,0,8,0
2023-07-25,8011497,8010128,13,17,86
2023-07-25,8011497,8011497,29,34,101
2023-07-25,8011497,8011856,16,17,139
2023-07-25,8011505,8011049,12,17,74
2023-07-25,8011505,8011505,26,35,64
2023-07-25,8011505,8012938,10,18,45
2023-07-25,8011506,8011263,15,18,42
2023-07-25,8011506,8011506,27,35,61
2023-07-25,8011506,8011967,10,17,51
2023-07-25,8011507,8011507,13,38,20
2023-07-25,8011507,8012369,3,19,6
2023-07-25,8011507,8012946,4,19,22
2023-07-25,8011524,8011524,34,36,133
2023-07-25,8011524,8011823,17,18,120
2023-07-25,8011524,8013307,17,18,197
2023-07-25,8011528,8010108,9,16,34
2023-07-25,8011528,8011528,21,32,59
2023-07-25,8011528,8011870,14,16,94
2023-07-25,8011529,8010108,19,20,46
2023-07-25,8011529,8011529,21,40,26
2023-07-25,8011529,8012550,9,20,21
2023-07-25,8011548,8011548,16,32,57
2023-07-25,8011548,8011777,8,16,47
2023-07-25,8011548,8012740,9,16,58
2023-07-25,8011556,8011556,16,40,24
2023-07-25,8011556,8012037,9,20,22
2023-07-25,8011556,8012550,7,20,18
2023-07-25,8011770,8010388,17,26,52
2023-07-25,8011770,8011770,37,52,46
2023-07-25,8011770,8011980,18,26,38
2023-07-25,8011777,8011548,9,16,73
2023-07-25,8011777,8011777,19,32,66
2023-07-25,8011777,8012208,10,16,62
2023-07-25,8011823,8011524,13,18,105
2023-07-25,8011823,8011823,26,36,90
2023-07-25,8011823,8012873,14,18,98
2023-07-25,8011856,8011497,16,17,88
2023-07-25,8011856,8011856,33,34,112
2023-07-25,8011856,8013328,15,17,141
2023-07-25,8011870,8011528,13,16,51
2023-07-25,8011870,8011870,27,32,81
2023-07-25,8011870,8011892,13,16,99
2023-07-25,8011892,8011870,8,16,54
2023-07-25,8011892,8011892,20,32,61
2023-07-25,8011892,8012208,8,16,60
2023-07-25,8011904,8010108,13,16,92
2023-07-25,8011904,8010129,11,17,51
2023-07-25,8011904,8010331,18,26,48
2023-07-25,8011904,8010388,19,26,36
2023-07-25,8011904,8011904,52,86,47
2023-07-25,8011912,8017218,0,8,0
2023-07-25,8011967,8011506,12,18,33
2023-07-25,8011970,8011970,2,5,72
2023-07-25,8011970,8012528,2,3,120
2023-07-25,8011971,8010185,19,26,54
2023-07-25,8011971,8011971,46,52,68
2023-07-25,8011971,8011979,26,26,85
2023-07-25,8011979,8011971,23,26,82
2023-07-25,8011979,8011979,49,52,68
2023-07-25,8011979,8011980,20,26,67
2023-07-25,8011980,8011770,20,26,60
2023-07-25,8011980,8011979,8,26,25
2023-07-25,8011980,8011980,38,52,49
2023-07-25,8012037,8011556,5,20,18
2023-07-25,8012037,8012037,12,40,21
2023-07-25,8012037,8012408,6,20,20
2023-07-25,8012176,8010010,12,19,33
2023-07-25,8012176,8012176,25,37,37
2023-07-25,8012176,8012939,13,18,40
2023-07-25,8012201,8010277,9,16,86
2023-07-25,8012201,8012201,18,32,72
2023-07-25,8012201,8012740,9,16,75
2023-07-25,8012208,8011777,8,16,84
2023-07-25,8012208,8011892,7,16,45
2023-07-25,8012208,8012208,16,32,67
2023-07-25,8012220,8012220,0,16,0
2023-07-25,8012220,8012407,0,8,0
2023-07-25,8012220,8017219,0,8,0
2023-07-25,8012224,8010333,6,20,51
2023-07-25,8012224,8010397,2,20,8
2023-07-25,8012224,8012224,8,40,38
2023-07-25,8012369,8011033,0,2,0
2023-07-25,8012369,8011507,12,19,38
2023-07-25,8012369,8012369,11,38,21
2023-07-25,8012388,8010130,16,26,24
2023-07-25,8012388,8012388,38,52,52
2023-07-25,8012388,8012534,21,26,90
2023-07-25,8012407,8012220,0,8,0
2023-07-25,8012407,8012407,0,16,0
2023-07-25,8012407,8012412,0,8,0
2023-07-25,8012408,8012037,14,19,38
2023-07-25,8012408,8012408,21,40,31
2023-07-25,8012408,8012483,7,20,28
2023-07-25,8012412,8011315,0,8,0
2023-07-25,8012412,8012407,0,8,0
2023-07-25,8012412,8012412,0,16,0
2023-07-25,8012426,8010277,10,16,47
2023-07-25,8012426,8011212,9,17,32
2023-07-25,8012426,8012426,20,33,45
2023-07-25,8012483,8012044,4,20,16
2023-07-25,8012483,8012408,11,20,33
2023-07-25,8012483,8012483,20,40,31
2023-07-25,8012528,8011970,1,2,15
2023-07-25,8012528,8012528,3,5,72
2023-07-25,8012528,8012593,1,3,100
2023-07-25,8012534,8012388,8,26,20
2023-07-25,8012534,8012534,46,52,62
2023-07-25,8012534,8013433,17,26,72
2023-07-25,8012550,8011529,13,20,34
2023-07-25,8012550,8011556,17,20,38
2023-07-25,8012550,8012550,30,40,34
2023-07-25,8012558,8012558,12,24,34
2023-07-25,8012558,8012559,4,12,20
2023-07-25,8012558,8012571,6,16,26
2023-07-25,8012559,8012558,7,12,62
2023-07-25,8012571,8011212,9,16,47
2023-07-25,8012571,8012558,9,17,26
2023-07-25,8012571,8012571,18,33,38
2023-07-25,8012593,8011033,1,3,100
2023-07-25,8012593,8012528,1,2,15
2023-07-25,8012593,8012593,2,5,66
2023-07-25,8012727,8012727,0,16,0
2023-07-25,8012727,8017218,0,8,0
2023-07-25,8012727,8017220,0,8,0
2023-07-25,8012739,8010275,15,17,86
2023-07-25,8012739,8010397,12,17,48
2023-07-25,8012739,8012739,27,34,64
2023-07-25,8012740,8011548,8,16,56
2023-07-25,8012740,8012201,7,16,49
2023-07-25,8012740,8012740,16,32,59
2023-07-25,8012853,8012853,30,34,123
2023-07-25,8012853,8013235,16,17,224
2023-07-25,8012853,8013312,15,17,108
2023-07-25,8012873,8010010,17,18,75
2023-07-25,8012873,8011823,14,18,57
2023-07-25,8012873,8012873,31,36,81
2023-07-25,8012938,8010323,9,18,30
2023-07-25,8012938,8011505,11,17,30
2023-07-25,8012938,8012938,18,35,32
2023-07-25,8012939,8010323,9,18,22
2023-07-25,8012939,8012176,11,19,39
2023-07-25,8012939,8012939,19,37,31
2023-07-25,8012946,8010359,14,19,47
2023-07-25,8012946,8011507,2,19,3
2023-07-25,8012946,8012946,13,38,19
2023-07-25,8012976,8010005,5,6,40
2023-07-25,8012976,8010074,5,6,85
2023-07-25,8012976,8012976,10,12,65
2023-07-25,8012996,8010379,14,18,183
2023-07-25,8012996,8012996,28,36,127
2023-07-25,8012996,8013307,11,18,47
2023-07-25,8013116,8013116,26,34,77
2023-07-25,8013116,8013310,14,17,120
2023-07-25,8013116,8013343,12,17,28
2023-07-25,8013212,8013212,29,34,124
2023-07-25,8013212,8013311,15,17,129
2023-07-25,8013212,8013328,15,17,113
2023-07-25,8013235,8012853,6,17,48
2023-07-25,8013235,8013235,23,34,116
2023-07-25,8013235,8013343,16,17,132
2023-07-25,8013307,8011524,14,18,92
2023-07-25,8013307,8012996,14,18,200
2023-07-25,8013307,8013307,28,36,133
2023-07-25,8013310,8011047,12,17,111
2023-07-25,8013310,8013116,15,17,46
2023-07-25,8013310,8013310,28,34,80
2023-07-25,8013311,8013212,16,17,136
2023-07-25,8013311,8013311,31,34,120
2023-07-25,8013311,8013427,14,17,99
2023-07-25,8013312,8012853,16,17,131
2023-07-25,8013312,8013312,30,34,116
2023-07-25,8013312,8013427,14,17,97
2023-07-25,8013328,8011856,16,17,104
2023-07-25,8013328,8013212,16,17,146
2023-07-25,8013328,8013328,32,34,134
2023-07-25,8013343,8013116,13,17,139
2023-07-25,8013343,8013235,16,17,79
2023-07-25,8013343,8013343,32,34,110
2023-07-25,8013427,8013311,15,17,104
2023-07-25,8013427,8013312,17,17,132
2023-07-25,8013427,8013427,32,34,111
2023-07-25,8013433,8010397,17,26,70
2023-07-25,8013433,8012534,25,26,39
2023-07-25,8013433,8013433,43,52,56
2023-07-25,8013434,8010397,11,18,137
2023-07-25,8013434,8011305,8,18,20
2023-07-25,8013434,8013434,10,36,60
2023-07-25,8013450,8010185,14,19,41
2023-07-25,8013450,8010253,14,20,34
2023-07-25,8013450,8013450,18,40,28
2023-07-25,8017218,8011912,0,8,0
2023-07-25,8017218,8012727,0,8,0
2023-07-25,8017218,8017218,0,16,0
2023-07-25,8017219,8010044,0,8,0
2023-07-25,8017219,8012220,0,8,0
2023-07-25,8017219,8017219,0,16,0
2023-07-25,8017220,8011185,0,8,0
2023-07-25,8017220,8012727,0,8,0
2023-07-25,8017220,8017220,0,16,0
2023-07-26,8010005,8010005,10,12,155
2023-07-26,8010005,8011045,13,17,108
2023-07-26,8010005,8012976,5,6,200
2023-07-26,8010010,8010010,10,35,21
2023-07-26,8010010,8012176,2,18,7
2023-07-26,8010010,8012873,8,18,27
2023-07-26,8010044,8010044,1,16,4
2023-07-26,8010044,8017219,1,8,8
2023-07-26,8010074,8012976,5,6,120
2023-07-26,8010108,8010108,111,140,94
2023-07-26,8010108,8010128,17,17,109
2023-07-26,8010108,8010253,46,53,118
2023-07-26,8010108,8011528,13,16,54
2023-07-26,8010108,8011529,15,20,51
2023-07-26,8010108,8011904,4,17,9
2023-07-26,8010108,8013114,15,17,162
2023-07-26,8010128,8010108,17,17,233
2023-07-26,8010128,8010128,34,34,219
2023-07-26,8010128,8011497,17,17,263
2023-07-26,8010129,8010129,45,86,64
2023-07-26,8010129,8010130,22,26,57
2023-07-26,8010129,8010331,12,26,46
2023-07-26,8010129,8010397,2,17,9
2023-07-26,8010129,8011904,17,17,184
2023-07-26,8010130,8010129,12,26,46
2023-07-26,8010130,8010130,34,52,52
2023-07-26,8010130,8012388,15,26,48
2023-07-26,8010185,8010185,35,52,70
2023-07-26,8010185,8011971,24,26,76
2023-07-26,8010185,8013450,18,19,81
2023-07-26,8010229,8001969,0,1,0
2023-07-26,8010229,8010229,0,1,0
2023-07-26,8010253,8010108,52,53,106
2023-07-26,8010253,8010253,97,106,105
2023-07-26,8010253,8013450,19,20,69
2023-07-26,8010275,8002924,4,16,13
2023-07-26,8010275,8010229,0,1,0
2023-07-26,8010275,8010275,15,34,67
2023-07-26,8010275,8012739,12,17,134
2023-07-26,8010277,8010277,14,32,23
2023-07-26,8010277,8012201,10,16,41
2023-07-26,8010277,8012426,5,17,18
2023-07-26,8010323,8010323,17,35,14
2023-07-26,8010323,8012938,0,17,0
2023-07-26,8010323,8012939,18,19,38
2023-07-26,8010331,8010129,13,26,33
2023-07-26,8010331,8010331,21,52,38
2023-07-26,8010331,8011904,11,26,47
2023-07-26,8010333,8010333,3,40,2
2023-07-26,8010333,8010372,1,20,2
2023-07-26,8010333,8012224,1,20,2
2023-07-26,8010372,8010333,1,20,3
2023-07-26,8010379,8010379,31,36,148
2023-07-26,8010379,8011305,11,18,178
2023-07-26,8010379,8012996,16,18,97
2023-07-26,8010388,8010388,47,52,80
2023-07-26,8010388,8011770,25,26,84
2023-07-26,8010388,8011904,22,26,65
2023-07-26,8010397,8010129,12,17,138
2023-07-26,8010397,8010397,10,33,66
2023-07-26,8010397,8012224,6,20,12
2023-07-26,8010397,8012739,3,17,9
2023-07-26,8010397,8013433,25,26,48
2023-07-26,8010397,8013434,1,18,3
2023-07-26,8011033,8011033,3,5,24
2023-07-26,8011033,8012369,1,3,20
2023-07-26,8011033,8012593,1,2,30
2023-07-26,8011045,8010005,15,17,228
2023-07-26,8011045,8011045,25,34,161
2023-07-26,8011045,8011047,11,17,101
2023-07-26,8011047,8011045,14,17,235
2023-07-26,8011047,8011047,28,34,177
2023-07-26,8011047,8013310,14,17,95
2023-07-26,8011049,8011049,30,35,69
2023-07-26,8011049,8011263,14,17,104
2023-07-26,8011049,8011505,17,18,67
2023-07-26,8011185,8011185,1,16,4
2023-07-26,8011185,8011315,0,8,0
2023-07-26,8011185,8017220,1,8,8
2023-07-26,8011212,8011212,15,33,42
2023-07-26,8011212,8012426,10,16,68
2023-07-26,8011212,8012571,2,17,7
2023-07-26,8011263,8011049,14,18,40
2023-07-26,8011263,8011263,29,35,71
2023-07-26,8011263,8011506,14,17,116
2023-07-26,8011297,8010238,14,19,43
2023-07-26,8011297,8011297,19,36,38
2023-07-26,8011305,8010379,10,18,80
2023-07-26,8011305,8011305,19,36,120
2023-07-26,8011305,8013434,11,18,170
2023-07-26,8011315,8011185,1,8,8
2023-07-26,8011315,8011315,1,16,4
2023-07-26,8011315,8012412,0,8,0
2023-07-26,8011497,8010128,17,17,235
2023-07-26,8011497,8011497,33,34,241
2023-07-26,8011497,8011856,15,16,234
2023-07-26,8011497,8013328,1,1,180
2023-07-26,8011505,8011049,13,17,95
2023-07-26,8011505,8011505,27,35,63
2023-07-26,8011505,8012938,10,18,42
2023-07-26,8011506,8011263,17,18,48
2023-07-26,8011506,8011506,29,35,78
2023-07-26,8011506,8011967,12,17,83
2023-07-26,8011507,8011507,9,38,14
2023-07-26,8011507,8012369,5,19,9
2023-07-26,8011507,8012946,3,19,17
2023-07-26,8011524,8011524,33,36,152
2023-07-26,8011524,8011823,17,18,150
2023-07-26,8011524,8013307,16,18,207
2023-07-26,8011528,8010108,10,16,32
2023-07-26,8011528,8011528,20,32,39
2023-07-26,8011528,8011870,13,16,52
2023-07-26,8011529,8010108,17,20,40
2023-07-26,8011529,8011529,24,40,38
2023-07-26,8011529,8012550,10,20,45
2023-07-26,8011548,8011548,9,32,28
2023-07-26,8011548,8011777,4,16,13
2023-07-26,8011548,8012740,5,16,30
2023-07-26,8011556,8011556,20,40,40
2023-07-26,8011556,8012037,14,20,48
2023-07-26,8011556,8012550,6,20,14
2023-07-26,8011770,8010388,15,26,50
2023-07-26,8011770,8011770,38,52,57
2023-07-26,8011770,8011980,19,26,57
2023-07-26,8011777,8011548,5,16,34
2023-07-26,8011777,8011777,16,32,24
2023-07-26,8011777,8012208,11,16,34
2023-07-26,8011823,8011524,16,18,98
2023-07-26,8011823,8011823,30,36,102
2023-07-26,8011823,8012873,14,18,125
2023-07-26,8011856,8011497,15,16,234
2023-07-26,8011856,8011856,31,32,242
2023-07-26,8011856,8013328,16,16,292
2023-07-26,8011870,8011528,13,16,38
2023-07-26,8011870,8011870,27,32,42
2023-07-26,8011870,8011892,7,16,47
2023-07-26,8011892,8011870,7,16,15
2023-07-26,8011892,8011892,14,32,24
2023-07-26,8011892,8012208,6,16,24
2023-07-26,8011904,8010108,14,16,176
2023-07-26,8011904,8010129,6,17,18
2023-07-26,8011904,8010331,16,26,47
2023-07-26,8011904,8010388,21,26,58
2023-07-26,8011904,8011904,46,86,65
2023-07-26,8011912,8017218,0,8,0
2023-07-26,8011967,8011506,15,18,32
2023-07-26,8011970,8011970,1,5,12
2023-07-26,8011970,8012528,0,3,0
2023-07-26,8011971,8010185,22,26,65
2023-07-26,8011971,8011971,48,52,77
2023-07-26,8011971,8011979,25,26,91
2023-07-26,8011979,8011971,25,26,92
2023-07-26,8011979,8011979,50,52,77
2023-07-26,8011979,8011980,19,26,72
2023-07-26,8011980,8011770,19,26,63
2023-07-26,8011980,8011979,9,26,40
2023-07-26,8011980,8011980,38,52,61
2023-07-26,8012037,8011556,3,20,12
2023-07-26,8012037,8012037,17,40,26
2023-07-26,8012037,8012408,11,20,33
2023-07-26,8012176,8010010,9,19,14
2023-07-26,8012176,8012176,23,37,24
2023-07-26,8012176,8012939,12,18,30
2023-07-26,8012201,8010277,6,16,34
2023-07-26,8012201,8012201,15,32,38
2023-07-26,8012201,8012740,10,16,58
2023-07-26,8012208,8011777,6,16,24
2023-07-26,8012208,8011892,3,16,6
2023-07-26,8012208,8012208,12,32,21
2023-07-26,8012220,8012220,1,16,4
2023-07-26,8012220,8012407,1,8,8
2023-07-26,8012220,8017219,0,8,0
2023-07-26,8012224,8010333,7,20,12
2023-07-26,8012224,8010397,1,20,-32
2023-07-26,8012224,8012224,10,40,10
2023-07-26,8012369,8011033,2,2,45
2023-07-26,8012369,8011507,5,19,24
2023-07-26,8012369,8012369,9,38,15
2023-07-26,8012388,8010130,19,26,51
2023-07-26,8012388,8012388,39,52,57
2023-07-26,8012388,8012534,20,26,72
2023-07-26,8012407,8012220,0,8,0
2023-07-26,8012407,8012407,1,16,4
2023-07-26,8012407,8012412,1,8,8
2023-07-26,8012408,8012037,11,19,27
2023-07-26,8012408,8012408,17,40,27
2023-07-26,8012408,8012483,5,20,28
2023-07-26,8012412,8011315,1,8,8
2023-07-26,8012412,8012407,0,8,0
2023-07-26,8012412,8012412,1,16,4
2023-07-26,8012426,8010277,7,16,28
2023-07-26,8012426,8011212,5,17,25
2023-07-26,8012426,8012426,12,33,29
2023-07-26,8012483,8012044,6,20,24
2023-07-26,8012483,8012408,12,20,33
2023-07-26,8012483,8012483,21,40,33
2023-07-26,8012528,8011970,1,2,30
2023-07-26,8012528,8012528,1,5,6
2023-07-26,8012528,8012593,2,3,20
2023-07-26,8012534,8012388,11,26,40
2023-07-26,8012534,8012534,45,52,59
2023-07-26,8012534,8013433,13,26,46
2023-07-26,8012550,8011529,9,20,28
2023-07-26,8012550,8011556,19,20,72
2023-07-26,8012550,8012550,28,40,45
2023-07-26,8012558,8012558,8,24,18
2023-07-26,8012558,8012559,2,12,8
2023-07-26,8012558,8012571,4,16,11
2023-07-26,8012559,8012558,6,12,45
2023-07-26,8012571,8011212,9,16,45
2023-07-26,8012571,8012558,3,17,14
2023-07-26,8012571,8012571,12,33,22
2023-07-26,8012593,8011033,1,3,10
2023-07-26,8012593,8012528,0,2,0
2023-07-26,8012593,8012593,3,5,18
2023-07-26,8012727,8012727,1,16,4
2023-07-26,8012727,8017218,1,8,8
2023-07-26,8012727,8017220,0,8,0
2023-07-26,8012739,8010275,10,17,26
2023-07-26,8012739,8010397,11,17,138
2023-07-26,8012739,8012739,21,34,82
2023-07-26,8012740,8011548,8,16,32
2023-07-26,8012740,8012201,4,16,15
2023-07-26,8012740,8012740,14,32,36
2023-07-26,8012853,8012853,30,34,262
2023-07-26,8012853,8013235,16,17,374
2023-07-26,8012853,8013312,15,17,238
2023-07-26,8012873,8010010,18,18,100
2023-07-26,8012873,8011823,17,18,72
2023-07-26,8012873,8012873,35,36,92
2023-07-26,8012938,8010323,8,18,20
2023-07-26,8012938,8011505,12,17,28
2023-07-26,8012938,8012938,20,35,27
2023-07-26,8012939,8010323,10,18,20
2023-07-26,8012939,8012176,9,19,19
2023-07-26,8012939,8012939,20,37,25
2023-07-26,8012946,8010359,14,19,47
2023-07-26,8012946,8011507,4,19,6
2023-07-26,8012946,8012946,13,38,19
2023-07-26,8012976,8010005,5,6,105
2023-07-26,8012976,8010074,3,6,155
2023-07-26,8012976,8012976,8,12,135
2023-07-26,8012996,8010379,17,18,223
2023-07-26,8012996,8012996,32,36,162
2023-07-26,8012996,8013307,15,18,85
2023-07-26,8013116,8013116,30,34,199
2023-07-26,8013116,8013310,15,17,293
2023-07-26,8013116,8013343,13,17,92
2023-07-26,8013212,8013212,31,34,250
2023-07-26,8013212,8013311,17,17,296
2023-07-26,8013212,8013328,14,17,231
2023-07-26,8013235,8012853,12,17,208
2023-07-26,8013235,8013235,28,34,279
2023-07-26,8013235,8013343,16,17,296
2023-07-26,8013307,8011524,15,18,132
2023-07-26,8013307,8012996,17,18,237
2023-07-26,8013307,8013307,31,36,167
2023-07-26,8013310,8011047,14,17,254
2023-07-26,8013310,8013116,15,17,113
2023-07-26,8013310,8013310,29,34,187
2023-07-26,8013311,8013212,15,17,247
2023-07-26,8013311,8013311,31,34,257
2023-07-26,8013311,8013427,15,17,233
2023-07-26,8013312,8012853,15,17,272
2023-07-26,8013312,8013312,31,34,256
2023-07-26,8013312,8013427,16,17,222
2023-07-26,8013328,8011497,1,1,210
2023-07-26,8013328,8011856,15,16,229
2023-07-26,8013328,8013212,17,17,270
2023-07-26,8013328,8013328,33,34,266
2023-07-26,8013343,8013116,16,17,323
2023-07-26,8013343,8013235,15,17,231
2023-07-26,8013343,8013343,32,34,250
2023-07-26,8013427,8013311,16,17,229
2023-07-26,8013427,8013312,16,17,298
2023-07-26,8013427,8013427,32,34,251
2023-07-26,8013433,8010397,12,26,37
2023-07-26,8013433,8012534,24,26,50
2023-07-26,8013433,8013433,37,52,47
2023-07-26,8013434,8010397,11,18,130
2023-07-26,8013434,8011305,5,18,27
2023-07-26,8013434,8013434,12,36,78
2023-07-26,8013450,8010185,11,19,49
2023-07-26,8013450,8010253,16,20,68
2023-07-26,8013450,8013450,24,40,50
2023-07-26,8017218,8011912,1,8,8
2023-07-26,8017218,8012727,0,8,0
2023-07-26,8017218,8017218,1,16,4
2023-07-26,8017219,8010044,0,8,0
2023-07-26,8017219,8012220,1,8,8
2023-07-26,8017219,8017219,1,16,4
2023-07-26,8017220,8011185,0,8,0
2023-07-26,8017220,8012727,1,8,8
2023-07-26,8017220,8017220,1,16,4
2023-07-27,8010005,8010005,12,12,148
2023-07-27,8010005,8011045,13,17,90
2023-07-27,8010005,8012976,6,6,190
2023-07-27,8010010,8010010,12,35,48
2023-07-27,8010010,8012176,5,18,13
2023-07-27,8010010,8012873,8,18,60
2023-07-27,8010044,8010044,0,16,0
2023-07-27,8010044,8017219,0,8,0
2023-07-27,8010074,8012976,4,6,120
2023-07-27,8010108,8010108,118,140,133
2023-07-27,8010108,8010128,12,17,78
2023-07-27,8010108,8010253,44,53,110
2023-07-27,8010108,8011528,9,16,103
2023-07-27,8010108,8011529,17,20,168
2023-07-27,8010108,8011904,9,17,42
2023-07-27,8010108,8013114,15,17,314
2023-07-27,8010128,8010108,14,17,182
2023-07-27,8010128,8010128,30,34,148
2023-07-27,8010128,8011497,16,17,134
2023-07-27,8010129,8010129,63,86,166
2023-07-27,8010129,8010130,24,26,133
2023-07-27,8010129,8010331,17,26,159
2023-07-27,8010129,8010397,7,17,274
2023-07-27,8010129,8011904,16,17,295
2023-07-27,8010130,8010129,17,26,171
2023-07-27,8010130,8010130,40,52,157
2023-07-27,8010130,8012388,21,26,143
2023-07-27,8010185,8010185,45,52,175
2023-07-27,8010185,8011971,26,26,128
2023-07-27,8010185,8013450,18,19,234
2023-07-27,8010229,8001969,0,1,0
2023-07-27,8010229,8010229,0,1,0
2023-07-27,8010253,8010108,51,53,158
2023-07-27,8010253,8010253,98,106,130
2023-07-27,8010253,8013450,20,20,76
2023-07-27,8010275,8002924,11,16,407
2023-07-27,8010275,8010229,1,1,30
2023-07-27,8010275,8010275,27,34,253
2023-07-27,8010275,8012739,15,17,134
2023-07-27,8010277,8010277,23,32,59
2023-07-27,8010277,8012201,14,16,66
2023-07-27,8010277,8012426,10,17,78
2023-07-27,8010323,8010323,19,35,58
2023-07-27,8010323,8012938,7,17,72
2023-07-27,8010323,8012939,14,19,84
2023-07-27,8010331,8010129,21,26,98
2023-07-27,8010331,8010331,34,52,123
2023-07-27,8010331,8011904,20,26,167
2023-07-27,8010333,8010333,3,40,2
2023-07-27,8010333,8010372,2,20,3
2023-07-27,8010333,8012224,2,20,3
2023-07-27,8010372,8010333,3,20,8
2023-07-27,8010379,8010379,26,36,60
2023-07-27,8010379,8011305,8,18,60
2023-07-27,8010379,8012996,13,18,50
2023-07-27,8010388,8010388,51,52,174
2023-07-27,8010388,8011770,25,26,209
2023-07-27,8010388,8011904,26,26,125
2023-07-27,8010397,8010129,15,17,261
2023-07-27,8010397,8010397,21,33,272
2023-07-27,8010397,8012224,0,20,0
2023-07-27,8010397,8012739,7,17,351
2023-07-27,8010397,8013433,25,26,152
2023-07-27,8010397,8013434,1,18,2
2023-07-27,8011033,8011033,3,5,48
2023-07-27,8011033,8012369,1,3,40
2023-07-27,8011033,8012593,1,2,60
2023-07-27,8011045,8010005,11,17,157
2023-07-27,8011045,8011045,21,34,121
2023-07-27,8011045,8011047,10,17,83
2023-07-27,8011047,8011045,13,17,169
2023-07-27,8011047,8011047,26,34,129
2023-07-27,8011047,8013310,12,17,72
2023-07-27,8011049,8011049,30,35,102
2023-07-27,8011049,8011263,14,17,141
2023-07-27,8011049,8011505,18,18,110
2023-07-27,8011185,8011185,0,16,0
2023-07-27,8011185,8011315,0,8,0
2023-07-27,8011185,8017220,0,8,0
2023-07-27,8011212,8011212,21,33,70
2023-07-27,8011212,8012426,12,16,66
2023-07-27,8011212,8012571,8,17,51
2023-07-27,8011263,8011049,17,18,68
2023-07-27,8011263,8011263,31,35,104
2023-07-27,8011263,8011506,15,17,155
2023-07-27,8011297,8010238,16,19,63
2023-07-27,8011297,8011297,25,36,60
2023-07-27,8011305,8010379,5,18,20
2023-07-27,8011305,8011305,9,36,33
2023-07-27,8011305,8013434,4,18,50
2023-07-27,8011315,8011185,0,8,0
2023-07-27,8011315,8011315,0,16,0
2023-07-27,8011315,8012412,0,8,0
2023-07-27,8011497,8010128,15,17,175
2023-07-27,8011497,8011497,29,34,145
2023-07-27,8011497,8011856,14,17,113
2023-07-27,8011505,8011049,15,17,139
2023-07-27,8011505,8011505,30,35,113
2023-07-27,8011505,8012938,13,18,83
2023-07-27,8011506,8011263,15,18,58
2023-07-27,8011506,8011506,31,35,96
2023-07-27,8011506,8011967,13,17,113
2023-07-27,8011507,8011507,18,38,39
2023-07-27,8011507,8012369,10,19,49
2023-07-27,8011507,8012946,4,19,27
2023-07-27,8011524,8011524,33,36,77
2023-07-27,8011524,8011823,16,18,77
2023-07-27,8011524,8013307,17,18,92
2023-07-27,8011528,8010108,13,16,73
2023-07-27,8011528,8011528,24,32,97
2023-07-27,8011528,8011870,14,16,131
2023-07-27,8011529,8010108,20,20,63
2023-07-27,8011529,8011529,27,40,106
2023-07-27,8011529,8012550,12,20,164
2023-07-27,8011548,8011548,19,32,78
2023-07-27,8011548,8011777,10,16,41
2023-07-27,8011548,8012740,9,16,92
2023-07-27,8011556,8011556,21,40,95
2023-07-27,8011556,8012037,14,20,152
2023-07-27,8011556,8012550,7,20,30
2023-07-27,8011770,8010388,22,26,112
2023-07-27,8011770,8011770,47,52,152
2023-07-27,8011770,8011980,25,26,200
2023-07-27,8011777,8011548,12,16,122
2023-07-27,8011777,8011777,26,32,86
2023-07-27,8011777,8012208,14,16,69
2023-07-27,8011823,8011524,17,18,90
2023-07-27,8011823,8011823,32,36,87
2023-07-27,8011823,8012873,15,18,72
2023-07-27,8011856,8011497,13,17,166
2023-07-27,8011856,8011856,30,34,174
2023-07-27,8011856,8013328,17,17,206
2023-07-27,8011870,8011528,13,16,88
2023-07-27,8011870,8011870,28,32,108
2023-07-27,8011870,8011892,14,16,158
2023-07-27,8011892,8011870,14,16,51
2023-07-27,8011892,8011892,28,32,91
2023-07-27,8011892,8012208,13,16,124
2023-07-27,8011904,8010108,16,16,332
2023-07-27,8011904,8010129,8,17,48
2023-07-27,8011904,8010331,22,26,113
2023-07-27,8011904,8010388,23,26,179
2023-07-27,8011904,8011904,67,86,155
2023-07-27,8011912,8017218,0,8,0
2023-07-27,8011967,8011506,13,18,52
2023-07-27,8011970,8011970,2,5,24
2023-07-27,8011970,8012528,1,3,20
2023-07-27,8011971,8010185,25,26,227
2023-07-27,8011971,8011971,51,52,184
2023-07-27,8011971,8011979,26,26,147
2023-07-27,8011979,8011971,26,26,256
2023-07-27,8011979,8011979,52,52,182
2023-07-27,8011979,8011980,22,26,128
2023-07-27,8011980,8011770,24,26,122
2023-07-27,8011980,8011979,17,26,180
2023-07-27,8011980,8011980,47,52,161
2023-07-27,8012037,8011556,6,20,26
2023-07-27,8012037,8012037,23,40,90
2023-07-27,8012037,8012408,15,20,142
2023-07-27,8012176,8010010,11,19,77
2023-07-27,8012176,8012176,26,37,56
2023-07-27,8012176,8012939,13,18,25
2023-07-27,8012201,8010277,12,16,126
2023-07-27,8012201,8012201,25,32,101
2023-07-27,8012201,8012740,13,16,84
2023-07-27,8012208,8011777,12,16,129
2023-07-27,8012208,8011892,9,16,32
2023-07-27,8012208,8012208,22,32,95
2023-07-27,8012220,8012220,0,16,0
2023-07-27,8012220,8012407,0,8,0
2023-07-27,8012220,8017219,0,8,0
2023-07-27,8012224,8010333,1,20,-2
2023-07-27,8012224,8010397,0,20,-34
2023-07-27,8012224,8012224,1,40,1
2023-07-27,8012369,8011033,2,2,75
2023-07-27,8012369,8011507,8,19,32
2023-07-27,8012369,8012369,15,38,39
2023-07-27,8012388,8010130,25,26,180
2023-07-27,8012388,8012388,49,52,184
2023-07-27,8012388,8012534,24,26,255
2023-07-27,8012407,8012220,0,8,0
2023-07-27,8012407,8012407,0,16,0
2023-07-27,8012407,8012412,0,8,0
2023-07-27,8012408,8012037,16,19,51
2023-07-27,8012408,8012408,22,40,90
2023-07-27,8012408,8012483,6,20,132
2023-07-27,8012412,8011315,0,8,0
2023-07-27,8012412,8012407,0,8,0
2023-07-27,8012412,8012412,0,16,0
2023-07-27,8012426,8010277,12,16,43
2023-07-27,8012426,8011212,10,17,86
2023-07-27,8012426,8012426,23,33,65
2023-07-27,8012483,8012044,6,20,126
2023-07-27,8012483,8012408,12,20,40
2023-07-27,8012483,8012483,23,40,89
2023-07-27,8012528,8011970,1,2,30
2023-07-27,8012528,8012528,2,5,30
2023-07-27,8012528,8012593,1,3,30
2023-07-27,8012534,8012388,15,26,147
2023-07-27,8012534,8012534,48,52,205
2023-07-27,8012534,8013433,20,26,238
2023-07-27,8012550,8011529,14,20,50
2023-07-27,8012550,8011556,18,20,174
2023-07-27,8012550,8012550,32,40,111
2023-07-27,8012558,8012558,12,24,45
2023-07-27,8012558,8012559,6,12,75
2023-07-27,8012558,8012571,7,16,19
2023-07-27,8012559,8012558,7,12,35
2023-07-27,8012571,8011212,12,16,43
2023-07-27,8012571,8012558,8,17,56
2023-07-27,8012571,8012571,20,33,47
2023-07-27,8012593,8011033,2,3,30
2023-07-27,8012593,8012528,1,2,60
2023-07-27,8012593,8012593,2,5,42
2023-07-27,8012727,8012727,0,16,0
2023-07-27,8012727,8017218,0,8,0
2023-07-27,8012727,8017220,0,8,0
2023-07-27,8012739,8010275,13,17,395
2023-07-27,8012739,8010397,16,17,146
2023-07-27,8012739,8012739,28,34,260
2023-07-27,8012740,8011548,11,16,51
2023-07-27,8012740,8012201,7,16,84
2023-07-27,8012740,8012740,19,32,76
2023-07-27,8012853,8012853,20,34,178
2023-07-27,8012853,8013235,10,17,191
2023-07-27,8012853,8013312,11,17,210
2023-07-27,8012873,8010010,17,18,55
2023-07-27,8012873,8011823,15,18,90
2023-07-27,8012873,8012873,32,36,72
2023-07-27,8012938,8010323,12,18,67
2023-07-27,8012938,8011505,9,17,76
2023-07-27,8012938,8012938,20,35,75
2023-07-27,8012939,8010323,12,18,43
2023-07-27,8012939,8012176,13,19,87
2023-07-27,8012939,8012939,24,37,62
2023-07-27,8012946,8010359,16,19,49
2023-07-27,8012946,8011507,9,19,49
2023-07-27,8012946,8012946,21,38,43
2023-07-27,8012976,8010005,3,6,105
2023-07-27,8012976,8010074,6,6,180
2023-07-27,8012976,8012976,10,12,152
2023-07-27,8012996,8010379,12,18,82
2023-07-27,8012996,8012996,28,36,63
2023-07-27,8012996,8013307,13,18,32
2023-07-27,8013116,8013116,30,34,170
2023-07-27,8013116,8013310,14,17,215
2023-07-27,8013116,8013343,16,17,138
2023-07-27,8013212,8013212,25,34,197
2023-07-27,8013212,8013311,17,17,191
2023-07-27,8013212,8013328,15,17,221
2023-07-27,8013235,8012853,7,17,180
2023-07-27,8013235,8013235,22,34,189
2023-07-27,8013235,8013343,16,17,194
2023-07-27,8013307,8011524,15,18,78
2023-07-27,8013307,8012996,16,18,103
2023-07-27,8013307,8013307,29,36,82
2023-07-27,8013310,8011047,11,17,168
2023-07-27,8013310,8013116,15,17,132
2023-07-27,8013310,8013310,29,34,144
2023-07-27,8013311,8013212,15,17,235
2023-07-27,8013311,8013311,32,34,206
2023-07-27,8013311,8013427,13,17,161
2023-07-27,8013312,8012853,12,17,157
2023-07-27,8013312,8013312,27,34,191
2023-07-27,8013312,8013427,15,17,217
2023-07-27,8013328,8011856,16,17,217
2023-07-27,8013328,8013212,16,17,187
2023-07-27,8013328,8013328,32,34,221
2023-07-27,8013343,8013116,14,17,206
2023-07-27,8013343,8013235,15,17,201
2023-07-27,8013343,8013343,32,34,195
2023-07-27,8013427,8013311,14,17,221
2023-07-27,8013427,8013312,16,17,182
2023-07-27,8013427,8013427,30,34,197
2023-07-27,8013433,8010397,21,26,226
2023-07-27,8013433,8012534,25,26,151
2023-07-27,8013433,8013433,45,52,193
2023-07-27,8013434,8010397,5,18,38
2023-07-27,8013434,8011305,4,18,7
2023-07-27,8013434,8013434,4,36,22
2023-07-27,8013450,8010185,13,19,71
2023-07-27,8013450,8010253,17,20,177
2023-07-27,8013450,8013450,24,40,108
2023-07-27,8017218,8011912,0,8,0
2023-07-27,8017218,8012727,0,8,0
2023-07-27,8017218,8017218,0,16,0
2023-07-27,8017219,8010044,0,8,0
2023-07-27,8017219,8012220,0,8,0
2023-07-27,8017219,8017219,0,16,0
2023-07-27,8017220,8011185,0,8,0
2023-07-27,8017220,8012727,0,8,0
2023-07-27,8017220,8017220,0,16,0
2023-07-28,8010005,8010005,12,12,112
2023-07-28,8010005,8011045,10,17,49
2023-07-28,8010005,8012976,5,6,115
2023-07-28,8010010,8010010,17,37,42
2023-07-28,8010010,8012176,5,19,39
2023-07-28,8010010,8012873,10,19,32
2023-07-28,8010044,8010044,0,16,0
2023-07-28,8010044,8017219,0,8,0
2023-07-28,8010074,8012976,6,6,115
2023-07-28,8010108,8010108,119,140,77
2023-07-28,8010108,8010128,16,17,65
2023-07-28,8010108,8010253,46,53,85
2023-07-28,8010108,8011528,14,16,81
2023-07-28,8010108,8011529,16,20,51
2023-07-28,8010108,8011904,9,17,28
2023-07-28,8010108,8013114,15,17,131
2023-07-28,8010128,8010108,16,17,113
2023-07-28,8010128,8010128,34,34,115
2023-07-28,8010128,8011497,17,17,124
2023-07-28,8010129,8010129,46,86,60
2023-07-28,8010129,8010130,23,26,87
2023-07-28,8010129,8010331,8,26,29
2023-07-28,8010129,8010397,4,17,11
2023-07-28,8010129,8011904,17,17,129
2023-07-28,8010130,8010129,11,26,38
2023-07-28,8010130,8010130,33,52,63
2023-07-28,8010130,8012388,18,26,78
2023-07-28,8010185,8010185,44,52,103
2023-07-28,8010185,8011971,26,26,126
2023-07-28,8010185,8013450,17,19,87
2023-07-28,8010229,8001969,1,1,30
2023-07-28,8010229,8010229,1,1,60
2023-07-28,8010253,8010108,53,53,93
2023-07-28,8010253,8010253,99,106,87
2023-07-28,8010253,8013450,20,20,80
2023-07-28,8010275,8002924,12,16,73
2023-07-28,8010275,8010229,1,1,90
2023-07-28,8010275,8010275,25,34,65
2023-07-28,8010275,8012739,14,17,81
2023-07-28,8010277,8010277,19,32,38
2023-07-28,8010277,8012201,11,16,58
2023-07-28,8010277,8012426,13,17,55
2023-07-28,8010323,8010323,17,35,39
2023-07-28,8010323,8012938,4,17,34
2023-07-28,8010323,8012939,14,19,51
2023-07-28,8010331,8010129,16,26,67
2023-07-28,8010331,8010331,21,52,46
2023-07-28,8010331,8011904,6,26,29
2023-07-28,8010333,8010333,8,40,8
2023-07-28,8010333,8010372,6,20,18
2023-07-28,8010333,8012224,3,20,6
2023-07-28,8010372,8010333,1,20,4
2023-07-28,8010379,8010379,25,38,41
2023-07-28,8010379,8011305,8,19,32
2023-07-28,8010379,8012996,14,19,51
2023-07-28,8010388,8010388,48,52,99
2023-07-28,8010388,8011770,25,26,76
2023-07-28,8010388,8011904,23,26,107
2023-07-28,8010397,8010129,14,17,86
2023-07-28,8010397,8010397,17,33,45
2023-07-28,8010397,8012224,2,20,8
2023-07-28,8010397,8012739,10,17,32
2023-07-28,8010397,8013433,20,26,37
2023-07-28,8010397,8013434,1,19,8
2023-07-28,8011033,8011033,3,5,24
2023-07-28,8011033,8012369,2,3,40
2023-07-28,8011033,8012593,0,2,0
2023-07-28,8011045,8010005,14,17,102
2023-07-28,8011045,8011045,22,34,68
2023-07-28,8011045,8011047,9,17,48
2023-07-28,8011047,8011045,16,17,106
2023-07-28,8011047,8011047,31,34,90
2023-07-28,8011047,8013310,15,17,49
2023-07-28,8011049,8011049,30,35,81
2023-07-28,8011049,8011263,13,17,148
2023-07-28,8011049,8011505,17,18,72
2023-07-28,8011185,8011185,0,16,0
2023-07-28,8011185,8011315,0,8,0
2023-07-28,8011185,8017220,0,8,0
2023-07-28,8011212,8011212,22,33,56
2023-07-28,8011212,8012426,10,16,79
2023-07-28,8011212,8012571,11,17,41
2023-07-28,8011263,8011049,16,18,55
2023-07-28,8011263,8011263,29,35,93
2023-07-28,8011263,8011506,13,17,102
2023-07-28,8011297,8010238,14,19,139
2023-07-28,8011297,8011297,28,36,128
2023-07-28,8011305,8010379,7,19,19
2023-07-28,8011305,8011305,11,38,24
2023-07-28,8011305,8013434,5,19,25
2023-07-28,8011315,8011185,0,8,0
2023-07-28,8011315,8011315,0,16,0
2023-07-28,8011315,8012412,0,8,0
2023-07-28,8011497,8010128,15,17,113
2023-07-28,8011497,8011497,31,34,109
2023-07-28,8011497,8011856,16,17,132
2023-07-28,8011505,8011049,13,17,115
2023-07-28,8011505,8011505,29,35,78
2023-07-28,8011505,8012938,9,18,42
2023-07-28,8011506,8011263,14,18,47
2023-07-28,8011506,8011506,28,35,68
2023-07-28,8011506,8011967,13,17,78
2023-07-28,8011507,8011507,15,38,37
2023-07-28,8011507,8012369,9,19,39
2023-07-28,8011507,8012946,4,19,30
2023-07-28,8011524,8011524,29,38,52
2023-07-28,8011524,8011823,12,19,63
2023-07-28,8011524,8013307,17,19,49
2023-07-28,8011528,8010108,12,16,56
2023-07-28,8011528,8011528,22,32,71
2023-07-28,8011528,8011870,15,16,105
2023-07-28,8011529,8010108,19,20,44
2023-07-28,8011529,8011529,26,40,39
2023-07-28,8011529,8012550,14,20,44
2023-07-28,8011548,8011548,21,32,67
2023-07-28,8011548,8011777,10,16,45
2023-07-28,8011548,8012740,11,16,81
2023-07-28,8011556,8011556,20,40,32
2023-07-28,8011556,8012037,15,20,45
2023-07-28,8011556,8012550,5,20,10
2023-07-28,8011770,8010388,19,26,96
2023-07-28,8011770,8011770,41,52,76
2023-07-28,8011770,8011980,21,26,55
2023-07-28,8011777,8011548,11,16,84
2023-07-28,8011777,8011777,24,32,67
2023-07-28,8011777,8012208,12,16,60
2023-07-28,8011823,8011524,17,19,54
2023-07-28,8011823,8011823,31,38,72
2023-07-28,8011823,8012873,14,19,62
2023-07-28,8011856,8011497,14,17,90
2023-07-28,8011856,8011856,31,34,120
2023-07-28,8011856,8013328,17,17,139
2023-07-28,8011870,8011528,13,16,66
2023-07-28,8011870,8011870,28,32,84
2023-07-28,8011870,8011892,16,16,122
2023-07-28,8011892,8011870,11,16,38
2023-07-28,8011892,8011892,27,32,79
2023-07-28,8011892,8012208,14,16,109
2023-07-28,8011904,8010108,15,16,141
2023-07-28,8011904,8010129,12,17,34
2023-07-28,8011904,8010331,19,26,85
2023-07-28,8011904,8010388,22,26,48
2023-07-28,8011904,8011904,53,86,67
2023-07-28,8011912,8017218,0,8,0
2023-07-28,8011967,8011506,12,18,45
2023-07-28,8011970,8011970,1,5,6
2023-07-28,8011970,8012528,1,3,20
2023-07-28,8011971,8010185,22,26,78
2023-07-28,8011971,8011971,49,52,103
2023-07-28,8011971,8011979,26,26,134
2023-07-28,8011979,8011971,25,26,102
2023-07-28,8011979,8011979,51,52,102
2023-07-28,8011979,8011980,22,26,115
2023-07-28,8011980,8011770,22,26,104
2023-07-28,8011980,8011979,9,26,45
2023-07-28,8011980,8011980,44,52,84
2023-07-28,8012037,8011556,4,20,10
2023-07-28,8012037,8012037,23,40,32
2023-07-28,8012037,8012408,14,20,32
2023-07-28,8012176,8010010,12,19,52
2023-07-28,8012176,8012176,27,38,58
2023-07-28,8012176,8012939,15,19,63
2023-07-28,8012201,8010277,10,16,69
2023-07-28,8012201,8012201,20,32,72
2023-07-28,8012201,8012740,10,16,69
2023-07-28,8012208,8011777,13,16,88
2023-07-28,8012208,8011892,7,16,36
2023-07-28,8012208,8012208,21,32,80
2023-07-28,8012220,8012220,0,16,0
2023-07-28,8012220,8012407,0,8,0
2023-07-28,8012220,8017219,0,8,0
2023-07-28,8012224,8010333,4,20,4
2023-07-28,8012224,8010397,1,20,-36
2023-07-28,8012224,8012224,6,40,8
2023-07-28,8012369,8011033,0,2,0
2023-07-28,8012369,8011507,10,19,41
2023-07-28,8012369,8012369,14,38,36
2023-07-28,8012388,8010130,17,26,44
2023-07-28,8012388,8012388,40,52,68
2023-07-28,8012388,8012534,23,26,105
2023-07-28,8012407,8012220,0,8,0
2023-07-28,8012407,8012407,0,16,0
2023-07-28,8012407,8012412,0,8,0
2023-07-28,8012408,8012037,15,19,41
2023-07-28,8012408,8012408,19,40,28
2023-07-28,8012408,8012483,5,20,16
2023-07-28,8012412,8011315,0,8,0
2023-07-28,8012412,8012407,0,8,0
2023-07-28,8012412,8012412,0,16,0
2023-07-28,8012426,8010277,8,16,45
2023-07-28,8012426,8011212,11,17,51
2023-07-28,8012426,8012426,20,33,62
2023-07-28,8012483,8012044,3,20,8
2023-07-28,8012483,8012408,14,20,44
2023-07-28,8012483,8012483,20,40,32
2023-07-28,8012528,8011970,0,2,0
2023-07-28,8012528,8012528,1,5,12
2023-07-28,8012528,8012593,2,3,40
2023-07-28,8012534,8012388,9,26,32
2023-07-28,8012534,8012534,43,52,70
2023-07-28,8012534,8013433,19,26,84
2023-07-28,8012550,8011529,15,20,39
2023-07-28,8012550,8011556,19,20,64
2023-07-28,8012550,8012550,34,40,47
2023-07-28,8012558,8012558,17,24,41
2023-07-28,8012558,8012559,9,12,68
2023-07-28,8012558,8012571,7,16,21
2023-07-28,8012559,8012558,5,12,32
2023-07-28,8012571,8011212,9,16,38
2023-07-28,8012571,8012558,11,17,41
2023-07-28,8012571,8012571,19,33,35
2023-07-28,8012593,8011033,2,3,30
2023-07-28,8012593,8012528,0,2,0
2023-07-28,8012593,8012593,2,5,24
2023-07-28,8012727,8012727,0,16,0
2023-07-28,8012727,8017218,0,8,0
2023-07-28,8012727,8017220,0,8,0
2023-07-28,8012739,8010275,16,17,67
2023-07-28,8012739,8010397,14,17,86
2023-07-28,8012739,8012739,30,34,71
2023-07-28,8012740,8011548,10,16,52
2023-07-28,8012740,8012201,9,16,54
2023-07-28,8012740,8012740,19,32,60
2023-07-28,8012853,8012853,29,34,136
2023-07-28,8012853,8013235,16,17,252
2023-07-28,8012853,8013312,15,17,111
2023-07-28,8012873,8010010,18,19,62
2023-07-28,8012873,8011823,17,19,69
2023-07-28,8012873,8012873,32,38,57
2023-07-28,8012938,8010323,9,18,37
2023-07-28,8012938,8011505,7,17,42
2023-07-28,8012938,8012938,13,35,40
2023-07-28,8012939,8010323,12,19,54
2023-07-28,8012939,8012176,13,19,58
2023-07-28,8012939,8012939,25,38,54
2023-07-28,8012946,8010359,13,19,49
2023-07-28,8012946,8011507,7,19,39
2023-07-28,8012946,8012946,18,38,41
2023-07-28,8012976,8010005,5,6,80
2023-07-28,8012976,8010074,5,6,140
2023-07-28,8012976,8012976,10,12,108
2023-07-28,8012996,8010379,14,19,52
2023-07-28,8012996,8012996,27,38,48
2023-07-28,8012996,8013307,10,19,27
2023-07-28,8013116,8013116,29,34,94
2023-07-28,8013116,8013310,15,17,134
2023-07-28,8013116,8013343,14,17,51
2023-07-28,8013212,8013212,29,34,132
2023-07-28,8013212,8013311,17,17,162
2023-07-28,8013212,8013328,15,17,134
2023-07-28,8013235,8012853,9,17,58
2023-07-28,8013235,8013235,25,34,139
2023-07-28,8013235,8013343,16,17,157
2023-07-28,8013307,8011524,14,19,74
2023-07-28,8013307,8012996,15,19,71
2023-07-28,8013307,8013307,28,38,56
2023-07-28,8013310,8011047,13,17,129
2023-07-28,8013310,8013116,11,17,51
2023-07-28,8013310,8013310,23,34,90
2023-07-28,8013311,8013212,15,17,129
2023-07-28,8013311,8013311,31,34,135
2023-07-28,8013311,8013427,14,17,118
2023-07-28,8013312,8012853,15,17,150
2023-07-28,8013312,8013312,31,34,129
2023-07-28,8013312,8013427,15,17,104
2023-07-28,8013328,8011856,16,17,125
2023-07-28,8013328,8013212,16,17,141
2023-07-28,8013328,8013328,32,34,143
2023-07-28,8013343,8013116,15,17,157
2023-07-28,8013343,8013235,16,17,95
2023-07-28,8013343,8013343,32,34,128
2023-07-28,8013427,8013311,16,17,120
2023-07-28,8013427,8013312,15,17,154
2023-07-28,8013427,8013427,31,34,131
2023-07-28,8013433,8010397,14,26,59
2023-07-28,8013433,8012534,19,26,35
2023-07-28,8013433,8013433,37,52,54
2023-07-28,8013434,8010397,2,19,9
2023-07-28,8013434,8011305,5,19,13
2023-07-28,8013434,8013434,6,38,13
2023-07-28,8013450,8010185,17,19,76
2023-07-28,8013450,8010253,17,20,66
2023-07-28,8013450,8013450,25,40,54
2023-07-28,8017218,8011912,0,8,0
2023-07-28,8017218,8012727,0,8,0
2023-07-28,8017218,8017218,0,16,0
2023-07-28,8017219,8010044,0,8,0
2023-07-28,8017219,8012220,0,8,0
2023-07-28,8017219,8017219,0,16,0
2023-07-28,8017220,8011185,0,8,0
2023-07-28,8017220,8012727,0,8,0
2023-07-28,8017220,8017220,0,16,0
2023-07-29,8010005,8010005,12,14,94
2023-07-29,8010005,8011045,7,13,37
2023-07-29,8010005,8012976,7,7,141
2023-07-29,8010010,8010010,6,35,14
2023-07-29,8010010,8012176,2,18,5
2023-07-29,8010010,8012873,6,18,13
2023-07-29,8010044,8010044,1,22,3
2023-07-29,8010044,8017219,1,11,5
2023-07-29,8010074,8012976,6,7,69
2023-07-29,8010108,8010108,96,118,78
2023-07-29,8010108,8010128,13,13,95
2023-07-29,8010108,8010253,34,42,85
2023-07-29,8010108,8011528,7,9,63
2023-07-29,8010108,8011529,14,20,50
2023-07-29,8010108,8011904,5,17,30
2023-07-29,8010108,8013114,13,17,118
2023-07-29,8010128,8010108,13,13,118
2023-07-29,8010128,8010128,26,26,130
2023-07-29,8010128,8011497,13,13,148
2023-07-29,8010129,8010129,35,74,52
2023-07-29,8010129,8010130,20,20,99
2023-07-29,8010129,8010331,4,20,14
2023-07-29,8010129,8010397,4,17,23
2023-07-29,8010129,8011904,16,17,99
2023-07-29,8010130,8010129,2,20,15
2023-07-29,8010130,8010130,22,40,58
2023-07-29,8010130,8012388,12,20,81
2023-07-29,8010185,8010185,31,40,86
2023-07-29,8010185,8011971,20,20,118
2023-07-29,8010185,8013450,16,19,66
2023-07-29,8010229,8001969,1,1,30
2023-07-29,8010229,8010229,1,1,60
2023-07-29,8010253,8010108,41,42,99
2023-07-29,8010253,8010253,80,84,91
2023-07-29,8010253,8013450,19,20,84
2023-07-29,8010275,8002924,13,15,76
2023-07-29,8010275,8010229,1,1,90
2023-07-29,8010275,8010275,24,33,56
2023-07-29,8010275,8012739,12,17,51
2023-07-29,8010277,8010277,15,18,37
2023-07-29,8010277,8012201,8,9,63
2023-07-29,8010277,8012426,6,9,50
2023-07-29,8010323,8010323,10,33,8
2023-07-29,8010323,8012938,1,16,2
2023-07-29,8010323,8012939,9,18,15
2023-07-29,8010331,8010129,13,20,72
2023-07-29,8010331,8010331,15,40,40
2023-07-29,8010331,8011904,8,20,20
2023-07-29,8010333,8010333,16,40,16
2023-07-29,8010333,8010372,11,20,24
2023-07-29,8010333,8012224,5,20,8
2023-07-29,8010372,8010333,4,20,8
2023-07-29,8010379,8010379,23,36,31
2023-07-29,8010379,8011305,8,18,13
2023-07-29,8010379,8012996,13,18,52
2023-07-29,8010388,8010388,37,40,88
2023-07-29,8010388,8011770,18,20,56
2023-07-29,8010388,8011904,19,20,110
2023-07-29,8010397,8010129,12,17,55
2023-07-29,8010397,8010397,16,33,36
2023-07-29,8010397,8012224,10,20,24
2023-07-29,8010397,8012739,10,17,46
2023-07-29,8010397,8013433,19,20,27
2023-07-29,8010397,8013434,0,18,0
2023-07-29,8011033,8011033,1,3,10
2023-07-29,8011033,8012369,0,1,0
2023-07-29,8011033,8012593,0,2,0
2023-07-29,8011045,8010005,9,13,95
2023-07-29,8011045,8011045,16,26,62
2023-07-29,8011045,8011047,7,13,42
2023-07-29,8011047,8011045,12,13,99
2023-07-29,8011047,8011047,22,26,78
2023-07-29,8011047,8013310,10,13,46
2023-07-29,8011049,8011049,28,33,70
2023-07-29,8011049,8011263,12,16,96
2023-07-29,8011049,8011505,16,17,60
2023-07-29,8011185,8011185,1,22,3
2023-07-29,8011185,8011315,0,11,0
2023-07-29,8011185,8017220,1,11,5
2023-07-29,8011212,8011212,14,18,55
2023-07-29,8011212,8012426,8,9,83
2023-07-29,8011212,8012571,3,9,17
2023-07-29,8011263,8011049,12,17,34
2023-07-29,8011263,8011263,25,33,56
2023-07-29,8011263,8011506,13,16,86
2023-07-29,8011297,8010238,18,19,764
2023-07-29,8011297,8011297,36,38,679
2023-07-29,8011305,8010379,6,18,12
2023-07-29,8011305,8011305,5,36,8
2023-07-29,8011305,8013434,0,18,0
2023-07-29,8011315,8011185,1,11,5
2023-07-29,8011315,8011315,1,22,3
2023-07-29,8011315,8012412,0,11,0
2023-07-29,8011497,8010128,13,13,120
2023-07-29,8011497,8011497,25,26,130
2023-07-29,8011497,8011856,13,13,157
2023-07-29,8011505,8011049,13,16,103
2023-07-29,8011505,8011505,27,33,63
2023-07-29,8011505,8012938,10,17,34
2023-07-29,8011506,8011263,12,17,28
2023-07-29,8011506,8011506,22,33,46
2023-07-29,8011506,8011967,9,16,43
2023-07-29,8011507,8011507,10,22,18
2023-07-29,8011507,8012369,5,11,19
2023-07-29,8011507,8012946,3,11,11
2023-07-29,8011524,8011524,30,36,55
2023-07-29,8011524,8011823,16,18,78
2023-07-29,8011524,8013307,14,18,45
2023-07-29,8011528,8010108,8,9,33
2023-07-29,8011528,8011528,14,18,62
2023-07-29,8011528,8011870,8,9,100
2023-07-29,8011529,8010108,19,20,57
2023-07-29,8011529,8011529,23,40,44
2023-07-29,8011529,8012550,11,20,45
2023-07-29,8011548,8011548,16,18,82
2023-07-29,8011548,8011777,7,9,43
2023-07-29,8011548,8012740,9,9,77
2023-07-29,8011556,8011556,21,40,37
2023-07-29,8011556,8012037,13,20,39
2023-07-29,8011556,8012550,8,20,24
2023-07-29,8011770,8010388,15,20,92
2023-07-29,8011770,8011770,33,40,69
2023-07-29,8011770,8011980,16,20,40
2023-07-29,8011777,8011548,9,9,123
2023-07-29,8011777,8011777,17,18,82
2023-07-29,8011777,8012208,8,9,77
2023-07-29,8011823,8011524,13,18,28
2023-07-29,8011823,8011823,28,36,55
2023-07-29,8011823,8012873,14,18,55
2023-07-29,8011856,8011497,12,13,104
2023-07-29,8011856,8011856,24,26,113
2023-07-29,8011856,8013328,12,13,115
2023-07-29,8011870,8011528,9,9,60
2023-07-29,8011870,8011870,17,18,72
2023-07-29,8011870,8011892,7,9,100
2023-07-29,8011892,8011870,6,9,33
2023-07-29,8011892,8011892,15,18,73
2023-07-29,8011892,8012208,9,9,110
2023-07-29,8011904,8010108,15,16,114
2023-07-29,8011904,8010129,7,17,35
2023-07-29,8011904,8010331,16,20,90
2023-07-29,8011904,8010388,16,20,32
2023-07-29,8011904,8011904,45,74,60
2023-07-29,8011912,8017218,0,11,0
2023-07-29,8011967,8011506,9,17,19
2023-07-29,8011970,8011970,1,3,10
2023-07-29,8011970,8012528,0,1,0
2023-07-29,8011971,8010185,15,20,45
2023-07-29,8011971,8011971,37,40,89
2023-07-29,8011971,8011979,20,20,135
2023-07-29,8011979,8011971,19,20,78
2023-07-29,8011979,8011979,39,40,92
2023-07-29,8011979,8011980,19,20,117
2023-07-29,8011980,8011770,18,20,105
2023-07-29,8011980,8011979,7,20,24
2023-07-29,8011980,8011980,35,40,73
2023-07-29,8012037,8011556,6,20,24
2023-07-29,8012037,8012037,16,40,28
2023-07-29,8012037,8012408,9,20,22
2023-07-29,8012176,8010010,5,18,15
2023-07-29,8012176,8012176,17,36,21
2023-07-29,8012176,8012939,11,18,25
2023-07-29,8012201,8010277,8,9,70
2023-07-29,8012201,8012201,15,18,78
2023-07-29,8012201,8012740,8,9,80
2023-07-29,8012208,8011777,9,9,110
2023-07-29,8012208,8011892,7,9,33
2023-07-29,8012208,8012208,16,18,90
2023-07-29,8012220,8012220,1,22,3
2023-07-29,8012220,8012407,1,11,5
2023-07-29,8012220,8017219,0,11,0
2023-07-29,8012224,8010333,11,20,24
2023-07-29,8012224,8010397,2,20,-28
2023-07-29,8012224,8012224,15,40,22
2023-07-29,8012369,8011033,1,2,30
2023-07-29,8012369,8011507,5,11,22
2023-07-29,8012369,8012369,8,22,18
2023-07-29,8012388,8010130,12,20,28
2023-07-29,8012388,8012388,32,40,70
2023-07-29,8012388,8012534,20,20,130
2023-07-29,8012407,8012220,0,11,0
2023-07-29,8012407,8012407,1,22,3
2023-07-29,8012407,8012412,1,11,5
2023-07-29,8012408,8012037,15,19,41
2023-07-29,8012408,8012408,20,40,26
2023-07-29,8012408,8012483,6,20,16
2023-07-29,8012412,8011315,1,11,5
2023-07-29,8012412,8012407,0,11,0
2023-07-29,8012412,8012412,1,22,3
2023-07-29,8012426,8010277,8,9,67
2023-07-29,8012426,8011212,7,9,50
2023-07-29,8012426,8012426,15,18,63
2023-07-29,8012483,8012044,2,20,6
2023-07-29,8012483,8012408,11,20,33
2023-07-29,8012483,8012483,20,40,26
2023-07-29,8012528,8011970,1,2,30
2023-07-29,8012528,8012528,1,3,10
2023-07-29,8012528,8012593,1,1,30
2023-07-29,8012534,8012388,3,20,18
2023-07-29,8012534,8012534,38,40,70
2023-07-29,8012534,8013433,14,20,82
2023-07-29,8012550,8011529,12,20,40
2023-07-29,8012550,8011556,15,20,57
2023-07-29,8012550,8012550,27,40,48
2023-07-29,8012558,8012558,5,12,30
2023-07-29,8012558,8012559,4,6,40
2023-07-29,8012558,8012571,3,9,23
2023-07-29,8012559,8012558,4,6,50
2023-07-29,8012571,8011212,7,9,47
2023-07-29,8012571,8012558,6,9,47
2023-07-29,8012571,8012571,12,18,38
2023-07-29,8012593,8011033,0,1,0
2023-07-29,8012593,8012528,0,2,0
2023-07-29,8012593,8012593,1,3,10
2023-07-29,8012727,8012727,1,22,3
2023-07-29,8012727,8017218,1,11,5
2023-07-29,8012727,8017220,0,11,0
2023-07-29,8012739,8010275,13,16,64
2023-07-29,8012739,8010397,13,17,62
2023-07-29,8012739,8012739,25,33,57
2023-07-29,8012740,8011548,6,9,53
2023-07-29,8012740,8012201,4,9,37
2023-07-29,8012740,8012740,12,18,50
2023-07-29,8012853,8012853,23,26,107
2023-07-29,8012853,8013235,12,13,212
2023-07-29,8012853,8013312,13,13,95
2023-07-29,8012873,8010010,17,18,47
2023-07-29,8012873,8011823,16,18,43
2023-07-29,8012873,8012873,31,36,43
2023-07-29,8012938,8010323,6,17,12
2023-07-29,8012938,8011505,12,16,32
2023-07-29,8012938,8012938,18,33,23
2023-07-29,8012939,8010323,6,18,15
2023-07-29,8012939,8012176,5,18,18
2023-07-29,8012939,8012939,12,36,12
2023-07-29,8012946,8010359,9,11,41
2023-07-29,8012946,8011507,5,11,25
2023-07-29,8012946,8012946,13,22,26
2023-07-29,8012976,8010005,5,7,60
2023-07-29,8012976,8010074,7,7,150
2023-07-29,8012976,8012976,12,14,101
2023-07-29,8012996,8010379,10,18,22
2023-07-29,8012996,8012996,22,36,32
2023-07-29,8012996,8013307,11,18,25
2023-07-29,8013116,8013116,25,26,103
2023-07-29,8013116,8013310,13,13,155
2023-07-29,8013116,8013343,12,13,65
2023-07-29,8013212,8013212,23,26,102
2023-07-29,8013212,8013311,11,13,108
2023-07-29,8013212,8013328,12,13,108
2023-07-29,8013235,8012853,6,13,48
2023-07-29,8013235,8013235,19,26,115
2023-07-29,8013235,8013343,11,13,129
2023-07-29,8013307,8011524,14,18,75
2023-07-29,8013307,8012996,13,18,33
2023-07-29,8013307,8013307,24,36,44
2023-07-29,8013310,8011047,13,13,122
2023-07-29,8013310,8013116,13,13,85
2023-07-29,8013310,8013310,26,26,106
2023-07-29,8013311,8013212,10,13,118
2023-07-29,8013311,8013311,21,26,110
2023-07-29,8013311,8013427,10,13,81
2023-07-29,8013312,8012853,11,13,106
2023-07-29,8013312,8013312,22,26,106
2023-07-29,8013312,8013427,12,13,102
2023-07-29,8013328,8011856,11,13,99
2023-07-29,8013328,8013212,13,13,125
2023-07-29,8013328,8013328,24,26,123
2023-07-29,8013343,8013116,10,13,118
2023-07-29,8013343,8013235,12,13,76
2023-07-29,8013343,8013343,24,26,105
2023-07-29,8013427,8013311,11,13,104
2023-07-29,8013427,8013312,12,13,125
2023-07-29,8013427,8013427,23,26,108
2023-07-29,8013433,8010397,13,20,76
2023-07-29,8013433,8012534,19,20,27
2023-07-29,8013433,8013433,33,40,52
2023-07-29,8013434,8010397,0,18,0
2023-07-29,8013434,8011305,5,18,8
2023-07-29,8013434,8013434,0,36,0
2023-07-29,8013450,8010185,15,19,81
2023-07-29,8013450,8010253,18,20,69
2023-07-29,8013450,8013450,23,40,56
2023-07-29,8017218,8011912,1,11,5
2023-07-29,8017218,8012727,0,11,0
2023-07-29,8017218,8017218,1,22,3
2023-07-29,8017219,8010044,0,11,0
2023-07-29,8017219,8012220,1,11,5
2023-07-29,8017219,8017219,1,22,3
2023-07-29,8017220,8011185,0,11,0
2023-07-29,8017220,8012727,1,11,5
2023-07-29,8017220,8017220,1,22,3
2023-07-30,8010005,8010005,11,14,58
2023-07-30,8010005,8011045,5,13,32
2023-07-30,8010005,8012976,6,7,73
2023-07-30,8010010,8010010,6,33,18
2023-07-30,8010010,8012176,4,17,12
2023-07-30,8010010,8012873,3,17,7
2023-07-30,8010044,8010044,0,22,0
2023-07-30,8010044,8017219,0,11,0
2023-07-30,8010074,8012976,4,7,51
2023-07-30,8010108,8010108,96,118,65
2023-07-30,8010108,8010128,12,13,85
2023-07-30,8010108,8010253,31,42,61
2023-07-30,8010108,8011528,9,9,80
2023-07-30,8010108,8011529,14,20,52
2023-07-30,8010108,8011904,5,17,46
2023-07-30,8010108,8013114,11,17,64
2023-07-30,8010128,8010108,8,13,46
2023-07-30,8010128,8010128,21,26,89
2023-07-30,8010128,8011497,13,13,138
2023-07-30,8010129,8010129,35,74,62
2023-07-30,8010129,8010130,20,20,123
2023-07-30,8010129,8010331,4,20,14
2023-07-30,8010129,8010397,2,17,62
2023-07-30,8010129,8011904,15,17,65
2023-07-30,8010130,8010129,4,20,12
2023-07-30,8010130,8010130,23,40,68
2023-07-30,8010130,8012388,14,20,105
2023-07-30,8010185,8010185,35,40,94
2023-07-30,8010185,8011971,20,20,124
2023-07-30,8010185,8013450,19,19,74
2023-07-30,8010253,8010108,42,42,110
2023-07-30,8010253,8010253,76,84,84
2023-07-30,8010253,8013450,18,20,48
2023-07-30,8010275,8002924,4,16,21
2023-07-30,8010275,8010275,9,31,14
2023-07-30,8010275,8012739,7,15,22
2023-07-30,8010277,8010277,15,18,43
2023-07-30,8010277,8012201,7,9,57
2023-07-30,8010277,8012426,8,9,63
2023-07-30,8010323,8010323,11,33,10
2023-07-30,8010323,8012938,1,16,2
2023-07-30,8010323,8012939,10,18,17
2023-07-30,8010331,8010129,14,20,81
2023-07-30,8010331,8010331,17,40,41
2023-07-30,8010331,8011904,9,20,21
2023-07-30,8010333,8010333,12,40,15
2023-07-30,8010333,8010372,8,20,26
2023-07-30,8010333,8012224,4,20,8
2023-07-30,8010372,8010333,4,20,6
2023-07-30,8010379,8010379,22,34,35
2023-07-30,8010379,8011305,8,17,18
2023-07-30,8010379,8012996,12,17,55
2023-07-30,8010388,8010388,38,40,92
2023-07-30,8010388,8011770,18,20,60
2023-07-30,8010388,8011904,20,20,116
2023-07-30,8010397,8010129,11,17,41
2023-07-30,8010397,8010397,12,32,16
2023-07-30,8010397,8012224,4,20,9
2023-07-30,8010397,8012739,4,16,9
2023-07-30,8010397,8013433,19,20,36
2023-07-30,8010397,8013434,0,17,0
2023-07-30,8011033,8011033,1,3,10
2023-07-30,8011033,8012369,0,1,0
2023-07-30,8011033,8012593,1,2,15
2023-07-30,8011045,8010005,5,13,21
2023-07-30,8011045,8011045,11,26,30
2023-07-30,8011045,8011047,6,13,39
2023-07-30,8011047,8011045,9,13,37
2023-07-30,8011047,8011047,21,26,43
2023-07-30,8011047,8013310,10,13,42
2023-07-30,8011049,8011049,26,33,53
2023-07-30,8011049,8011263,10,16,64
2023-07-30,8011049,8011505,16,17,64
2023-07-30,8011185,8011185,0,22,0
2023-07-30,8011185,8011315,0,11,0
2023-07-30,8011185,8017220,0,11,0
2023-07-30,8011212,8011212,12,18,53
2023-07-30,8011212,8012426,7,9,70
2023-07-30,8011212,8012571,5,9,30
2023-07-30,8011263,8011049,15,17,32
2023-07-30,8011263,8011263,25,33,46
2023-07-30,8011263,8011506,10,16,84
2023-07-30,8011297,8010238,16,18,280
2023-07-30,8011297,8011297,30,36,260
2023-07-30,8011305,8010379,5,17,16
2023-07-30,8011305,8011305,5,34,10
2023-07-30,8011305,8013434,1,17,4
2023-07-30,8011315,8011185,0,11,0
2023-07-30,8011315,8011315,0,22,0
2023-07-30,8011315,8012412,0,11,0
2023-07-30,8011497,8010128,11,13,58
2023-07-30,8011497,8011497,24,26,95
2023-07-30,8011497,8011856,12,13,136
2023-07-30,8011505,8011049,8,16,58
2023-07-30,8011505,8011505,21,33,45
2023-07-30,8011505,8012938,10,17,42
2023-07-30,8011506,8011263,13,17,25
2023-07-30,8011506,8011506,24,33,58
2023-07-30,8011506,8011967,11,16,66
2023-07-30,8011507,8011507,9,22,22
2023-07-30,8011507,8012369,4,11,25
2023-07-30,8011507,8012946,3,11,11
2023-07-30,8011524,8011524,24,34,46
2023-07-30,8011524,8011823,13,17,65
2023-07-30,8011524,8013307,11,17,35
2023-07-30,8011528,8010108,8,9,77
2023-07-30,8011528,8011528,15,18,82
2023-07-30,8011528,8011870,8,9,103
2023-07-30,8011529,8010108,18,20,45
2023-07-30,8011529,8011529,20,40,38
2023-07-30,8011529,8012550,12,20,48
2023-07-30,8011548,8011548,14,18,85
2023-07-30,8011548,8011777,5,9,57
2023-07-30,8011548,8012740,9,9,97
2023-07-30,8011556,8011556,16,40,34
2023-07-30,8011556,8012037,13,20,42
2023-07-30,8011556,8012550,3,20,15
2023-07-30,8011770,8010388,14,20,98
2023-07-30,8011770,8011770,33,40,71
2023-07-30,8011770,8011980,16,20,36
2023-07-30,8011777,8011548,9,9,127
2023-07-30,8011777,8011777,18,18,77
2023-07-30,8011777,8012208,9,9,67
2023-07-30,8011823,8011524,11,17,28
2023-07-30,8011823,8011823,25,34,50
2023-07-30,8011823,8012873,13,17,55
2023-07-30,8011856,8011497,11,13,51
2023-07-30,8011856,8011856,24,26,80
2023-07-30,8011856,8013328,11,13,83
2023-07-30,8011870,8011528,9,9,73
2023-07-30,8011870,8011870,18,18,92
2023-07-30,8011870,8011892,9,9,143
2023-07-30,8011892,8011870,7,9,43
2023-07-30,8011892,8011892,15,18,92
2023-07-30,8011892,8012208,8,9,113
2023-07-30,8011904,8010108,15,16,88
2023-07-30,8011904,8010129,8,17,83
2023-07-30,8011904,8010331,15,20,94
2023-07-30,8011904,8010388,15,20,32
2023-07-30,8011904,8011904,45,74,64
2023-07-30,8011912,8017218,0,11,0
2023-07-30,8011967,8011506,9,17,18
2023-07-30,8011970,8011970,0,3,0
2023-07-30,8011970,8012528,0,1,0
2023-07-30,8011971,8010185,19,20,56
2023-07-30,8011971,8011971,39,40,92
2023-07-30,8011971,8011979,20,20,132
2023-07-30,8011979,8011971,20,20,81
2023-07-30,8011979,8011979,40,40,92
2023-07-30,8011979,8011980,18,20,123
2023-07-30,8011980,8011770,18,20,112
2023-07-30,8011980,8011979,5,20,18
2023-07-30,8011980,8011980,34,40,74
2023-07-30,8012037,8011556,3,20,18
2023-07-30,8012037,8012037,15,40,26
2023-07-30,8012037,8012408,12,20,26
2023-07-30,8012176,8010010,4,18,10
2023-07-30,8012176,8012176,11,35,9
2023-07-30,8012176,8012939,4,17,9
2023-07-30,8012201,8010277,8,9,103
2023-07-30,8012201,8012201,14,18,87
2023-07-30,8012201,8012740,7,9,90
2023-07-30,8012208,8011777,9,9,93
2023-07-30,8012208,8011892,5,9,33
2023-07-30,8012208,8012208,15,18,82
2023-07-30,8012220,8012220,0,22,0
2023-07-30,8012220,8012407,0,11,0
2023-07-30,8012220,8017219,0,11,0
2023-07-30,8012224,8010333,8,20,20
2023-07-30,8012224,8010397,1,20,-45
2023-07-30,8012224,8012224,10,40,13
2023-07-30,8012369,8011033,1,2,30
2023-07-30,8012369,8011507,5,11,22
2023-07-30,8012369,8012369,9,22,23
2023-07-30,8012388,8010130,11,20,24
2023-07-30,8012388,8012388,29,40,76
2023-07-30,8012388,8012534,18,20,142
2023-07-30,8012407,8012220,0,11,0
2023-07-30,8012407,8012407,0,22,0
2023-07-30,8012407,8012412,0,11,0
2023-07-30,8012408,8012037,13,19,35
2023-07-30,8012408,8012408,18,40,28
2023-07-30,8012408,8012483,5,20,16
2023-07-30,8012412,8011315,0,11,0
2023-07-30,8012412,8012407,0,11,0
2023-07-30,8012412,8012412,0,22,0
2023-07-30,8012426,8010277,7,9,47
2023-07-30,8012426,8011212,9,9,40
2023-07-30,8012426,8012426,16,18,55
2023-07-30,8012483,8012044,5,20,14
2023-07-30,8012483,8012408,11,20,40
2023-07-30,8012483,8012483,22,40,32
2023-07-30,8012528,8011970,0,2,0
2023-07-30,8012528,8012528,1,3,10
2023-07-30,8012528,8012593,1,1,30
2023-07-30,8012534,8012388,4,20,14
2023-07-30,8012534,8012534,37,40,82
2023-07-30,8012534,8013433,14,20,111
2023-07-30,8012550,8011529,8,20,28
2023-07-30,8012550,8011556,16,20,62
2023-07-30,8012550,8012550,24,40,45
2023-07-30,8012558,8012558,5,12,28
2023-07-30,8012558,8012559,3,6,60
2023-07-30,8012558,8012571,4,9,20
2023-07-30,8012559,8012558,3,6,30
2023-07-30,8012571,8011212,8,9,57
2023-07-30,8012571,8012558,6,9,27
2023-07-30,8012571,8012571,14,18,40
2023-07-30,8012593,8011033,0,1,0
2023-07-30,8012593,8012528,1,2,15
2023-07-30,8012593,8012593,2,3,20
2023-07-30,8012727,8012727,0,22,0
2023-07-30,8012727,8017218,0,11,0
2023-07-30,8012727,8017220,0,11,0
2023-07-30,8012739,8010275,4,16,17
2023-07-30,8012739,8010397,9,16,34
2023-07-30,8012739,8012739,12,31,21
2023-07-30,8012740,8011548,7,9,60
2023-07-30,8012740,8012201,3,9,40
2023-07-30,8012740,8012740,10,18,68
2023-07-30,8012853,8012853,17,26,58
2023-07-30,8012853,8013235,8,13,106
2023-07-30,8012853,8013312,9,13,48
2023-07-30,8012873,8010010,14,17,62
2023-07-30,8012873,8011823,13,17,37
2023-07-30,8012873,8012873,27,34,43
2023-07-30,8012938,8010323,7,17,19
2023-07-30,8012938,8011505,6,16,13
2023-07-30,8012938,8012938,13,33,24
2023-07-30,8012939,8010323,5,17,12
2023-07-30,8012939,8012176,8,18,15
2023-07-30,8012939,8012939,11,35,12
2023-07-30,8012946,8010359,6,11,30
2023-07-30,8012946,8011507,4,11,25
2023-07-30,8012946,8012946,9,22,19
2023-07-30,8012976,8010005,4,7,56
2023-07-30,8012976,8010074,5,7,90
2023-07-30,8012976,8012976,9,14,62
2023-07-30,8012996,8010379,6,17,26
2023-07-30,8012996,8012996,18,34,33
2023-07-30,8012996,8013307,10,17,23
2023-07-30,8013116,8013116,16,26,50
2023-07-30,8013116,8013310,7,13,51
2023-07-30,8013116,8013343,9,13,48
2023-07-30,8013212,8013212,18,26,63
2023-07-30,8013212,8013311,9,13,78
2023-07-30,8013212,8013328,12,13,67
2023-07-30,8013235,8012853,3,13,21
2023-07-30,8013235,8013235,14,26,57
2023-07-30,8013235,8013343,10,13,67
2023-07-30,8013307,8011524,12,17,69
2023-07-30,8013307,8012996,11,17,35
2023-07-30,8013307,8013307,22,34,44
2023-07-30,8013310,8011047,7,13,44
2023-07-30,8013310,8013116,8,13,42
2023-07-30,8013310,8013310,15,26,44
2023-07-30,8013311,8013212,12,13,74
2023-07-30,8013311,8013311,20,26,72
2023-07-30,8013311,8013427,5,13,42
2023-07-30,8013312,8012853,8,13,58
2023-07-30,8013312,8013312,20,26,58
2023-07-30,8013312,8013427,12,13,67
2023-07-30,8013328,8011856,12,13,69
2023-07-30,8013328,8013212,11,13,74
2023-07-30,8013328,8013328,24,26,83
2023-07-30,8013343,8013116,7,13,78
2023-07-30,8013343,8013235,8,13,37
2023-07-30,8013343,8013343,20,26,67
2023-07-30,8013427,8013311,12,13,81
2023-07-30,8013427,8013312,10,13,74
2023-07-30,8013427,8013427,22,26,70
2023-07-30,8013433,8010397,14,20,99
2023-07-30,8013433,8012534,18,20,34
2023-07-30,8013433,8013433,33,40,72
2023-07-30,8013434,8010397,1,17,2
2023-07-30,8013434,8011305,4,17,7
2023-07-30,8013434,8013434,1,34,1
2023-07-30,8013450,8010185,14,19,66
2023-07-30,8013450,8010253,18,20,70
2023-07-30,8013450,8013450,20,40,42
2023-07-30,8017218,8011912,0,11,0
2023-07-30,8017218,8012727,0,11,0
2023-07-30,8017218,8017218,0,22,0
2023-07-30,8017219,8010044,0,11,0
2023-07-30,8017219,8012220,0,11,0
2023-07-30,8017219,8017219,0,22,0
2023-07-30,8017220,8011185,0,11,0
2023-07-30,8017220,8012727,0,11,0
2023-07-30,8017220,8017220,0,22,0
2023-07-31,8010005,8010005,7,12,65
2023-07-31,8010005,8011045,9,17,30
2023-07-31,8010005,8012976,4,6,85
2023-07-31,8010010,8010010,8,35,23
2023-07-31,8010010,8012176,4,18,22
2023-07-31,8010010,8012873,6,18,17
2023-07-31,8010044,8010044,1,16,4
2023-07-31,8010044,8017219,1,8,8
2023-07-31,8010074,8012976,5,6,50
2023-07-31,8010108,8010108,119,140,129
2023-07-31,8010108,8010128,17,17,118
2023-07-31,8010108,8010253,51,53,123
2023-07-31,8010108,8011528,14,16,144
2023-07-31,8010108,8011529,16,20,86
2023-07-31,8010108,8011904,11,17,51
2023-07-31,8010108,8013114,15,17,312
2023-07-31,8010128,8010108,16,17,131
2023-07-31,8010128,8010128,33,34,143
2023-07-31,8010128,8011497,17,17,168
2023-07-31,8010129,8010129,53,86,118
2023-07-31,8010129,8010130,23,26,137
2023-07-31,8010129,8010331,12,26,62
2023-07-31,8010129,8010397,9,17,64
2023-07-31,8010129,8011904,16,17,259
2023-07-31,8010130,8010129,10,26,72
2023-07-31,8010130,8010130,33,52,103
2023-07-31,8010130,8012388,19,26,122
2023-07-31,8010185,8010185,45,52,126
2023-07-31,8010185,8011971,25,26,159
2023-07-31,8010185,8013450,18,19,111
2023-07-31,8010229,8001969,0,1,0
2023-07-31,8010229,8010229,0,1,0
2023-07-31,8010253,8010108,51,53,130
2023-07-31,8010253,8010253,97,106,120
2023-07-31,8010253,8013450,19,20,152
2023-07-31,8010275,8002924,13,16,279
2023-07-31,8010275,8010229,0,1,0
2023-07-31,8010275,8010275,22,34,190
2023-07-31,8010275,8012739,12,17,205
2023-07-31,8010277,8010277,24,32,69
2023-07-31,8010277,8012201,11,16,68
2023-07-31,8010277,8012426,14,17,88
2023-07-31,8010323,8010323,7,35,11
2023-07-31,8010323,8012938,1,17,2
2023-07-31,8010323,8012939,6,19,13
2023-07-31,8010331,8010129,19,26,118
2023-07-31,8010331,8010331,30,52,88
2023-07-31,8010331,8011904,13,26,63
2023-07-31,8010333,8010333,14,40,20
2023-07-31,8010333,8010372,11,20,26
2023-07-31,8010333,8012224,3,20,4
2023-07-31,8010372,8010333,2,20,6
2023-07-31,8010379,8010379,13,36,32
2023-07-31,8010379,8011305,3,18,10
2023-07-31,8010379,8012996,6,18,53
2023-07-31,8010388,8010388,49,52,130
2023-07-31,8010388,8011770,25,26,100
2023-07-31,8010388,8011904,24,26,153
2023-07-31,8010397,8010129,13,17,231
2023-07-31,8010397,8010397,19,33,149
2023-07-31,8010397,8012224,6,20,12
2023-07-31,8010397,8012739,11,17,81
2023-07-31,8010397,8013433,25,26,96
2023-07-31,8010397,8013434,2,18,28
2023-07-31,8011033,8011033,4,5,120
2023-07-31,8011033,8012369,2,3,180
2023-07-31,8011033,8012593,2,2,45
2023-07-31,8011045,8010005,12,17,76
2023-07-31,8011045,8011045,22,34,52
2023-07-31,8011045,8011047,10,17,42
2023-07-31,8011047,8011045,15,17,83
2023-07-31,8011047,8011047,28,34,70
2023-07-31,8011047,8013310,12,17,35
2023-07-31,8011049,8011049,14,35,39
2023-07-31,8011049,8011263,7,17,49
2023-07-31,8011049,8011505,7,18,35
2023-07-31,8011185,8011185,1,16,4
2023-07-31,8011185,8011315,0,8,0
2023-07-31,8011185,8017220,1,8,8
2023-07-31,8011212,8011212,24,33,73
2023-07-31,8011212,8012426,11,16,103
2023-07-31,8011212,8012571,11,17,53
2023-07-31,8011263,8011049,7,18,20
2023-07-31,8011263,8011263,15,35,33
2023-07-31,8011263,8011506,8,17,53
2023-07-31,8011297,8010238,18,19,213
2023-07-31,8011297,8011297,33,36,185
2023-07-31,8011305,8010379,4,18,32
2023-07-31,8011305,8011305,5,36,20
2023-07-31,8011305,8013434,2,18,7
2023-07-31,8011315,8011185,1,8,8
2023-07-31,8011315,8011315,1,16,4
2023-07-31,8011315,8012412,0,8,0
2023-07-31,8011497,8010128,17,17,125
2023-07-31,8011497,8011497,33,34,143
2023-07-31,8011497,8011856,17,17,176
2023-07-31,8011505,8011049,8,17,67
2023-07-31,8011505,8011505,16,35,40
2023-07-31,8011505,8012938,5,18,22
2023-07-31,8011506,8011263,5,18,13
2023-07-31,8011506,8011506,13,35,34
2023-07-31,8011506,8011967,7,17,44
2023-07-31,8011507,8011507,21,38,45
2023-07-31,8011507,8012369,5,19,17
2023-07-31,8011507,8012946,5,19,30
2023-07-31,8011524,8011524,15,36,38
2023-07-31,8011524,8011823,6,18,43
2023-07-31,8011524,8013307,9,18,35
2023-07-31,8011528,8010108,10,16,34
2023-07-31,8011528,8011528,25,32,98
2023-07-31,8011528,8011870,15,16,154
2023-07-31,8011529,8010108,17,20,105
2023-07-31,8011529,8011529,26,40,86
2023-07-31,8011529,8012550,12,20,75
2023-07-31,8011548,8011548,24,32,101
2023-07-31,8011548,8011777,11,16,66
2023-07-31,8011548,8012740,12,16,116
2023-07-31,8011556,8011556,19,40,76
2023-07-31,8011556,8012037,13,20,64
2023-07-31,8011556,8012550,6,20,74
2023-07-31,8011770,8010388,21,26,134
2023-07-31,8011770,8011770,43,52,108
2023-07-31,8011770,8011980,21,26,78
2023-07-31,8011777,8011548,12,16,133
2023-07-31,8011777,8011777,26,32,88
2023-07-31,8011777,8012208,14,16,75
2023-07-31,8011823,8011524,9,18,30
2023-07-31,8011823,8011823,18,36,44
2023-07-31,8011823,8012873,8,18,42
2023-07-31,8011856,8011497,17,17,122
2023-07-31,8011856,8011856,34,34,149
2023-07-31,8011856,8013328,17,17,159
2023-07-31,8011870,8011528,14,16,54
2023-07-31,8011870,8011870,30,32,113
2023-07-31,8011870,8011892,13,16,172
2023-07-31,8011892,8011870,14,16,66
2023-07-31,8011892,8011892,27,32,100
2023-07-31,8011892,8012208,13,16,128
2023-07-31,8011904,8010108,16,16,308
2023-07-31,8011904,8010129,12,17,71
2023-07-31,8011904,8010331,22,26,136
2023-07-31,8011904,8010388,19,26,70
2023-07-31,8011904,8011904,63,86,128
2023-07-31,8011912,8017218,0,8,0
2023-07-31,8011967,8011506,6,18,7
2023-07-31,8011970,8011970,3,5,114
2023-07-31,8011970,8012528,3,3,180
2023-07-31,8011971,8010185,24,26,98
2023-07-31,8011971,8011971,49,52,134
2023-07-31,8011971,8011979,25,26,173
2023-07-31,8011979,8011971,26,26,118
2023-07-31,8011979,8011979,51,52,129
2023-07-31,8011979,8011980,23,26,153
2023-07-31,8011980,8011770,23,26,149
2023-07-31,8011980,8011979,11,26,57
2023-07-31,8011980,8011980,44,52,112
2023-07-31,8012037,8011556,4,20,69
2023-07-31,8012037,8012037,17,40,64
2023-07-31,8012037,8012408,12,20,45
2023-07-31,8012176,8010010,8,19,17
2023-07-31,8012176,8012176,15,37,28
2023-07-31,8012176,8012939,8,18,22
2023-07-31,8012201,8010277,12,16,112
2023-07-31,8012201,8012201,24,32,88
2023-07-31,8012201,8012740,14,16,86
2023-07-31,8012208,8011777,13,16,126
2023-07-31,8012208,8011892,9,16,43
2023-07-31,8012208,8012208,25,32,105
2023-07-31,8012220,8012220,1,16,4
2023-07-31,8012220,8012407,1,8,8
2023-07-31,8012220,8017219,0,8,0
2023-07-31,8012224,8010333,11,20,32
2023-07-31,8012224,8010397,3,20,-51
2023-07-31,8012224,8012224,15,40,17
2023-07-31,8012369,8011033,1,2,60
2023-07-31,8012369,8011507,10,19,87
2023-07-31,8012369,8012369,12,38,51
2023-07-31,8012388,8010130,19,26,82
2023-07-31,8012388,8012388,41,52,112
2023-07-31,8012388,8012534,21,26,144
2023-07-31,8012407,8012220,0,8,0
2023-07-31,8012407,8012407,1,16,4
2023-07-31,8012407,8012412,1,8,8
2023-07-31,8012408,8012037,13,19,87
2023-07-31,8012408,8012408,24,40,63
2023-07-31,8012408,8012483,10,20,36
2023-07-31,8012412,8011315,1,8,8
2023-07-31,8012412,8012407,0,8,0
2023-07-31,8012412,8012412,1,16,4
2023-07-31,8012426,8010277,11,16,75
2023-07-31,8012426,8011212,15,17,88
2023-07-31,8012426,8012426,26,33,95
2023-07-31,8012483,8012044,8,20,22
2023-07-31,8012483,8012408,12,20,93
2023-07-31,8012483,8012483,27,40,69
2023-07-31,8012528,8011970,1,2,15
2023-07-31,8012528,8012528,3,5,108
2023-07-31,8012528,8012593,2,3,170
2023-07-31,8012534,8012388,12,26,77
2023-07-31,8012534,8012534,43,52,114
2023-07-31,8012534,8013433,19,26,127
2023-07-31,8012550,8011529,12,20,93
2023-07-31,8012550,8011556,19,20,96
2023-07-31,8012550,8012550,31,40,90
2023-07-31,8012558,8012558,19,24,55
2023-07-31,8012558,8012559,10,12,88
2023-07-31,8012558,8012571,6,16,19
2023-07-31,8012559,8012558,11,12,85
2023-07-31,8012571,8011212,11,16,64
2023-07-31,8012571,8012558,10,17,64
2023-07-31,8012571,8012571,21,33,57
2023-07-31,8012593,8011033,2,3,150
2023-07-31,8012593,8012528,1,2,15
2023-07-31,8012593,8012593,4,5,108
2023-07-31,8012727,8012727,1,16,4
2023-07-31,8012727,8017218,1,8,8
2023-07-31,8012727,8017220,0,8,0
2023-07-31,8012739,8010275,14,17,178
2023-07-31,8012739,8010397,14,17,226
2023-07-31,8012739,8012739,28,34,161
2023-07-31,8012740,8011548,14,16,86
2023-07-31,8012740,8012201,11,16,84
2023-07-31,8012740,8012740,25,32,99
2023-07-31,8012853,8012853,30,34,128
2023-07-31,8012853,8013235,16,17,205
2023-07-31,8012853,8013312,16,17,132
2023-07-31,8012873,8010010,7,18,45
2023-07-31,8012873,8011823,10,18,40
2023-07-31,8012873,8012873,17,36,34
2023-07-31,8012938,8010323,4,18,17
2023-07-31,8012938,8011505,6,17,19
2023-07-31,8012938,8012938,9,35,15
2023-07-31,8012939,8010323,8,18,27
2023-07-31,8012939,8012176,8,19,28
2023-07-31,8012939,8012939,16,37,20
2023-07-31,8012946,8010359,15,19,98
2023-07-31,8012946,8011507,12,19,32
2023-07-31,8012946,8012946,20,38,45
2023-07-31,8012976,8010005,4,6,60
2023-07-31,8012976,8010074,4,6,90
2023-07-31,8012976,8012976,8,12,70
2023-07-31,8012996,8010379,9,18,27
2023-07-31,8012996,8012996,13,36,38
2023-07-31,8012996,8013307,4,18,35
2023-07-31,8013116,8013116,31,34,89
2023-07-31,8013116,8013310,14,17,116
2023-07-31,8013116,8013343,16,17,49
2023-07-31,8013212,8013212,29,34,126
2023-07-31,8013212,8013311,16,17,143
2023-07-31,8013212,8013328,14,17,141
2023-07-31,8013235,8012853,10,17,60
2023-07-31,8013235,8013235,27,34,124
2023-07-31,8013235,8013343,17,17,145
2023-07-31,8013307,8011524,8,18,58
2023-07-31,8013307,8012996,10,18,40
2023-07-31,8013307,8013307,18,36,44
2023-07-31,8013310,8011047,14,17,109
2023-07-31,8013310,8013116,13,17,62
2023-07-31,8013310,8013310,25,34,82
2023-07-31,8013311,8013212,15,17,141
2023-07-31,8013311,8013311,31,34,141
2023-07-31,8013311,8013427,16,17,120
2023-07-31,8013312,8012853,15,17,139
2023-07-31,8013312,8013312,31,34,131
2023-07-31,8013312,8013427,15,17,113
2023-07-31,8013328,8011856,16,17,141
2023-07-31,8013328,8013212,17,17,145
2023-07-31,8013328,8013328,33,34,161
2023-07-31,8013343,8013116,15,17,136
2023-07-31,8013343,8013235,16,17,88
2023-07-31,8013343,8013343,33,34,113
2023-07-31,8013427,8013311,16,17,138
2023-07-31,8013427,8013312,17,17,145
2023-07-31,8013427,8013427,33,34,134
2023-07-31,8013433,8010397,17,26,126
2023-07-31,8013433,8012534,24,26,89
2023-07-31,8013433,8013433,44,52,107
2023-07-31,8013434,8010397,4,18,10
2023-07-31,8013434,8011305,3,18,27
2023-07-31,8013434,8013434,4,36,15
2023-07-31,8013450,8010185,16,19,141
2023-07-31,8013450,8010253,17,20,106
2023-07-31,8013450,8013450,28,40,113
2023-07-31,8017218,8011912,1,8,8
2023-07-31,8017218,8012727,0,8,0
2023-07-31,8017218,8017218,1,16,4
2023-07-31,8017219,8010044,0,8,0
2023-07-31,8017219,8012220,1,8,8
2023-07-31,8017219,8017219,1,16,4
2023-07-31,8017220,8011185,0,8,0
2023-07-31,8017220,8012727,1,8,8
2023-07-31,8017220,8017220,1,16,4
