date,from_stop_id,to_stop_id,delay_count,entries_count,avg_delay
2023-01-23,8001515,8001515,0,1,0
2023-01-23,8001515,8001537,0,1,0
2023-01-23,8001537,8001537,0,1,0
2023-01-23,8001537,8003169,0,1,0
2023-01-23,8003168,8003168,0,1,0
2023-01-23,8003168,8004448,0,1,0
2023-01-23,8003169,8003168,0,1,0
2023-01-23,8003169,8003169,0,1,0
2023-01-23,8004448,8004448,0,1,0
2023-01-24,8000033,8000033,54,181,103
2023-01-24,8000033,8001795,13,51,118
2023-01-24,8000033,8002268,11,40,128
2023-01-24,8000033,8005488,11,39,30
2023-01-24,8000033,8006719,19,51,117
2023-01-24,8000037,8000037,56,171,65
2023-01-24,8000037,8000113,6,20,44
2023-01-24,8000037,8000171,1,2,615
2023-01-24,8000037,8000392,9,34,88
2023-01-24,8000037,8001524,8,34,-2
2023-01-24,8000037,8001795,12,31,134
2023-01-24,8000037,8001836,11,31,31
2023-01-24,8000054,8000054,24,76,45
2023-01-24,8000054,8001137,2,6,85
2023-01-24,8000054,8001182,9,22,71
2023-01-24,8000054,8002992,3,9,30
2023-01-24,8000054,8004676,9,29,33
2023-01-24,8000054,8006453,0,14,-4
2023-01-24,8000081,8000081,93,241,130
2023-01-24,8000081,8001531,24,57,150
2023-01-24,8000081,8001542,15,53,24
2023-01-24,8000081,8004230,23,63,149
2023-01-24,8000113,8000037,8,19,52
2023-01-24,8000113,8000113,25,74,62
2023-01-24,8000113,8001066,1,8,11
2023-01-24,8000113,8006389,11,37,57
2023-01-24,8000164,8000164,79,190,115
2023-01-24,8000164,8000887,6,15,172
2023-01-24,8000164,8001327,31,80,120
2023-01-24,8000164,8001515,1,1,1860
2023-01-24,8000164,8001900,8,20,45
2023-01-24,8000164,8001909,8,18,68
2023-01-24,8000164,8002223,7,16,47
2023-01-24,8000164,8002227,9,22,112
2023-01-24,8000164,8002779,7,18,33
2023-01-24,8000171,8000037,0,2,0
2023-01-24,8000171,8000171,51,172,122
2023-01-24,8000171,8000392,21,67,90
2023-01-24,8000171,8001061,13,34,110
2023-01-24,8000171,8003788,9,34,165
2023-01-24,8000171,8003925,5,39,5
2023-01-24,8000171,8006226,7,16,197
2023-01-24,8000171,8006449,3,6,120
2023-01-24,8000186,8003090,0,31,0
2023-01-24,8000186,8003657,0,34,0
2023-01-24,8000239,8000239,27,76,92
2023-01-24,8000239,8001097,6,18,52
2023-01-24,8000239,8004883,13,54,67
2023-01-24,8000239,8006348,9,20,171
2023-01-24,8000358,8000358,39,126,120
2023-01-24,8000358,8004269,19,63,109
2023-01-24,8000358,8004474,20,63,138
2023-01-24,8000392,8000037,12,33,129
2023-01-24,8000392,8000171,19,68,125
2023-01-24,8000392,8000392,41,135,130
2023-01-24,8000392,8001545,12,34,140
2023-01-24,8000605,8000605,32,74,61
2023-01-24,8000605,8004228,14,37,45
2023-01-24,8000605,8004642,17,37,75
2023-01-24,8000745,8000745,15,69,50
2023-01-24,8000745,8001093,9,35,58
2023-01-24,8000745,8001394,9,34,42
2023-01-24,8000793,8000793,1,14,4
2023-01-24,8000793,8002180,1,7,9
2023-01-24,8000793,8005289,0,7,0
2023-01-24,8000904,8000904,2,6,25
2023-01-24,8000904,8001137,0,2,0
2023-01-24,8000904,8003998,2,4,38
2023-01-24,8000927,8000927,26,58,65
2023-01-24,8000927,8000966,3,8,94
2023-01-24,8000927,8003993,14,39,43
2023-01-24,8000927,8004676,9,26,45
2023-01-24,8000966,8000927,3,9,23
2023-01-24,8000966,8000966,4,17,49
2023-01-24,8000966,8005555,3,8,86
2023-01-24,8000977,8000977,16,75,52
2023-01-24,8000977,8006386,2,38,4
2023-01-24,8000978,8000978,1,14,4
2023-01-24,8000978,8003638,0,7,0
2023-01-24,8000978,8006109,1,7,4
2023-01-24,8001035,8001035,20,70,34
2023-01-24,8001035,8006710,15,35,69
2023-01-24,8001038,8001038,13,41,26
2023-01-24,8001038,8002639,8,21,39
2023-01-24,8001038,8006194,5,20,32
2023-01-24,8001039,8001039,40,137,109
2023-01-24,8001039,8004474,18,63,104
2023-01-24,8001039,8006227,18,68,110
2023-01-24,8001045,8001045,32,97,80
2023-01-24,8001045,8001061,0,1,0
2023-01-24,8001045,8002680,7,17,72
2023-01-24,8001045,8003986,20,49,74
2023-01-24,8001045,8006323,10,29,70
2023-01-24,8001061,8000171,10,33,102
2023-01-24,8001061,8001061,23,67,106
2023-01-24,8001061,8001558,9,18,203
2023-01-24,8001066,8000113,1,7,0
2023-01-24,8001066,8001066,2,15,8
2023-01-24,8001066,8003967,1,8,8
2023-01-24,8001093,8000745,8,34,48
2023-01-24,8001093,8001093,16,69,52
2023-01-24,8001093,8006323,10,35,67
2023-01-24,8001097,8000239,8,18,28
2023-01-24,8001097,8001097,17,36,47
2023-01-24,8001097,8005526,9,18,87
2023-01-24,8001137,8000054,2,6,40
2023-01-24,8001137,8000904,1,4,22
2023-01-24,8001137,8001137,11,32,55
2023-01-24,8001137,8002992,3,7,103
2023-01-24,8001137,8003896,5,15,56
2023-01-24,8001182,8000054,8,23,17
2023-01-24,8001213,8002535,4,18,17
2023-01-24,8001357,8001357,11,38,20
2023-01-24,8001357,8002514,7,19,33
2023-01-24,8001357,8005227,5,19,21
2023-01-24,8001394,8000745,9,35,57
2023-01-24,8001394,8001394,16,69,45
2023-01-24,8001394,8001692,9,34,47
2023-01-24,8001505,8001505,48,115,118
2023-01-24,8001505,8001525,22,57,134
2023-01-24,8001505,8001531,22,58,91
2023-01-24,8001515,8001515,14,57,76
2023-01-24,8001515,8001537,10,28,145
2023-01-24,8001515,8001543,6,16,22
2023-01-24,8001515,8006226,6,13,72
2023-01-24,8001516,8001549,15,53,18
2023-01-24,8001519,8001519,40,115,111
2023-01-24,8001519,8001525,17,58,95
2023-01-24,8001519,8001543,23,57,125
2023-01-24,8001521,8001521,14,40,28
2023-01-24,8001521,8001522,10,20,51
2023-01-24,8001521,8001534,7,20,33
2023-01-24,8001522,8001521,9,20,50
2023-01-24,8001522,8001522,72,179,72
2023-01-24,8001522,8001523,4,20,166
2023-01-24,8001522,8001524,16,37,53
2023-01-24,8001522,8001545,5,14,99
2023-01-24,8001523,8001522,9,20,142
2023-01-24,8001523,8001523,11,40,199
2023-01-24,8001523,8001545,4,20,268
2023-01-24,8001524,8000037,17,37,67
2023-01-24,8001524,8001522,12,34,27
2023-01-24,8001524,8001524,27,71,38
2023-01-24,8001525,8001505,16,58,87
2023-01-24,8001525,8001519,20,57,124
2023-01-24,8001525,8001525,36,115,109
2023-01-24,8001526,8001526,25,112,9
2023-01-24,8001526,8001529,19,56,14
2023-01-24,8001526,8003936,6,56,4
2023-01-24,8001527,8001527,29,78,36
2023-01-24,8001527,8001536,12,39,25
2023-01-24,8001528,8001329,7,18,75
2023-01-24,8001528,8001528,14,36,56
2023-01-24,8001528,8001539,6,18,28
2023-01-24,8001529,8001526,0,56,0
2023-01-24,8001530,8001530,35,106,78
2023-01-24,8001530,8001533,14,54,42
2023-01-24,8001530,8004883,20,52,108
2023-01-24,8001531,8000081,20,58,97
2023-01-24,8001531,8001505,26,57,141
2023-01-24,8001531,8001531,41,115,115
2023-01-24,8001532,8001532,15,36,46
2023-01-24,8001532,8001544,8,18,80
2023-01-24,8001533,8001530,21,52,115
2023-01-24,8001533,8001533,34,106,81
2023-01-24,8001534,8001521,1,20,3
2023-01-24,8001534,8001534,8,40,17
2023-01-24,8001534,8001538,7,20,36
2023-01-24,8001536,8001527,13,39,25
2023-01-24,8001536,8001536,19,78,21
2023-01-24,8001536,8006510,15,39,25
2023-01-24,8001537,8001515,6,29,20
2023-01-24,8001537,8001537,24,73,93
2023-01-24,8001537,8003169,14,36,152
2023-01-24,8001537,8006226,3,8,52
2023-01-24,8001538,8001534,3,20,6
2023-01-24,8001538,8001538,10,40,25
2023-01-24,8001538,8006505,8,20,42
2023-01-24,8001539,8001528,7,18,77
2023-01-24,8001539,8001539,13,36,48
2023-01-24,8001539,8001541,6,18,27
2023-01-24,8001540,8001540,31,106,21
2023-01-24,8001540,8001542,12,53,9
2023-01-24,8001540,8001549,26,53,47
2023-01-24,8001541,8001539,7,18,63
2023-01-24,8001541,8001541,11,36,51
2023-01-24,8001541,8001544,7,18,32
2023-01-24,8001542,8000081,11,53,7
2023-01-24,8001542,8001540,21,53,27
2023-01-24,8001542,8001542,27,106,16
2023-01-24,8001543,8001327,36,79,107
2023-01-24,8001543,8001515,4,15,36
2023-01-24,8001543,8001519,15,58,94
2023-01-24,8001543,8001543,63,159,104
2023-01-24,8001544,8001532,6,18,25
2023-01-24,8001544,8001541,7,18,88
2023-01-24,8001544,8001544,14,36,57
2023-01-24,8001545,8000392,10,34,209
2023-01-24,8001545,8001522,5,14,150
2023-01-24,8001545,8001523,7,20,141
2023-01-24,8001545,8001545,21,68,173
2023-01-24,8001546,8001546,27,112,12
2023-01-24,8001546,8003909,4,56,3
2023-01-24,8001546,8003936,23,56,19
2023-01-24,8001549,8001516,23,53,34
2023-01-24,8001549,8001540,12,53,12
2023-01-24,8001549,8001549,41,106,33
2023-01-24,8001692,8001394,6,35,27
2023-01-24,8001692,8001692,17,69,36
2023-01-24,8001692,8002262,10,34,53
2023-01-24,8001700,8001700,15,40,24
2023-01-24,8001700,8003018,8,20,32
2023-01-24,8001700,8003716,3,20,8
2023-01-24,8001729,8001729,1,5,6
2023-01-24,8001729,8004406,0,2,0
2023-01-24,8001795,8000033,18,51,119
2023-01-24,8001795,8000037,7,32,94
2023-01-24,8001795,8001795,30,102,117
2023-01-24,8001795,8006386,4,18,107
2023-01-24,8001836,8000037,10,31,24
2023-01-24,8001836,8001836,18,62,25
2023-01-24,8001836,8002754,9,31,32
2023-01-24,8001851,8005319,3,9,77
2023-01-24,8001943,8001943,28,79,84
2023-01-24,8001943,8002267,9,39,32
2023-01-24,8001943,8004440,9,40,115
2023-01-24,8001980,8001980,8,18,170
2023-01-24,8001980,8003486,4,9,153
2023-01-24,8001980,8004564,4,9,170
2023-01-24,8002073,8002073,29,74,64
2023-01-24,8002073,8003993,18,37,91
2023-01-24,8002073,8004642,12,37,36
2023-01-24,8002180,8000793,0,7,0
2023-01-24,8002180,8002180,1,14,4
2023-01-24,8002180,8003470,1,7,4
2023-01-24,8002262,8001692,10,35,30
2023-01-24,8002262,8002262,19,69,43
2023-01-24,8002262,8005276,10,34,49
2023-01-24,8002267,8001943,14,40,115
2023-01-24,8002267,8002267,21,79,75
2023-01-24,8002267,8002509,9,39,32
2023-01-24,8002268,8000033,11,39,30
2023-01-24,8002268,8002268,19,79,76
2023-01-24,8002268,8002509,10,40,124
2023-01-24,8002509,8002267,13,40,124
2023-01-24,8002509,8002268,9,39,28
2023-01-24,8002509,8002509,20,79,79
2023-01-24,8002512,8002512,29,79,87
2023-01-24,8002512,8004440,9,39,34
2023-01-24,8002512,8006712,14,40,132
2023-01-24,8002514,8001357,3,19,8
2023-01-24,8002514,8002514,10,38,24
2023-01-24,8002514,8002769,9,19,38
2023-01-24,8002535,8001213,5,18,13
2023-01-24,8002535,8002535,11,36,21
2023-01-24,8002535,8003297,5,18,18
2023-01-24,8002639,8001038,6,20,34
2023-01-24,8002639,8002639,13,41,41
2023-01-24,8002639,8002640,6,21,24
2023-01-24,8002640,8002639,2,20,40
2023-01-24,8002680,8000441,15,38,91
2023-01-24,8002680,8001045,8,17,62
2023-01-24,8002680,8002680,18,75,47
2023-01-24,8002680,8003168,3,19,5
2023-01-24,8002745,8002745,17,68,105
2023-01-24,8002745,8003788,10,34,51
2023-01-24,8002745,8006342,10,34,167
2023-01-24,8002754,8001836,6,31,17
2023-01-24,8002754,8002754,16,62,28
2023-01-24,8002754,8003166,9,31,36
2023-01-24,8002769,8002514,5,19,14
2023-01-24,8002769,8002769,15,40,21
2023-01-24,8002769,8006505,4,20,10
2023-01-24,8002779,8000164,7,18,85
2023-01-24,8002779,8001328,6,18,32
2023-01-24,8002779,8002779,14,36,62
2023-01-24,8002953,8002953,18,72,32
2023-01-24,8002953,8003657,7,15,64
2023-01-24,8002953,8003939,7,17,30
2023-01-24,8002953,8006386,2,14,36
2023-01-24,8002992,8000054,3,11,68
2023-01-24,8002992,8001137,2,7,26
2023-01-24,8002992,8002992,5,20,50
2023-01-24,8002992,8003998,0,2,0
2023-01-24,8003018,8001700,6,20,20
2023-01-24,8003018,8003018,10,40,18
2023-01-24,8003090,8000186,7,31,9
2023-01-24,8003090,8003090,12,62,8
2023-01-24,8003090,8003166,8,31,16
2023-01-24,8003166,8002754,7,31,19
2023-01-24,8003166,8003090,6,31,10
2023-01-24,8003166,8003166,17,62,16
2023-01-24,8003168,8002680,9,19,104
2023-01-24,8003168,8003168,34,112,74
2023-01-24,8003168,8003169,10,37,37
2023-01-24,8003168,8004448,10,28,145
2023-01-24,8003168,8006226,8,19,25
2023-01-24,8003168,8006449,0,1,0
2023-01-24,8003169,8001537,10,37,33
2023-01-24,8003169,8003168,12,36,141
2023-01-24,8003169,8003169,21,73,89
2023-01-24,8003287,8003287,12,40,20
2023-01-24,8003287,8003939,6,20,14
2023-01-24,8003287,8006320,6,20,22
2023-01-24,8003297,8002535,6,18,27
2023-01-24,8003297,8003297,10,36,27
2023-01-24,8003297,8003950,7,18,27
2023-01-24,8003470,8002180,0,7,0
2023-01-24,8003470,8003470,0,14,0
2023-01-24,8003470,8004273,2,7,9
2023-01-24,8003486,8001980,4,9,177
2023-01-24,8003486,8003486,7,16,169
2023-01-24,8003486,8003493,4,16,73
2023-01-24,8003493,8000187,5,16,73
2023-01-24,8003493,8003486,7,16,129
2023-01-24,8003493,8003493,9,32,94
2023-01-24,8003621,8003621,8,18,162
2023-01-24,8003621,8004564,4,9,153
2023-01-24,8003621,8005319,4,9,167
2023-01-24,8003638,8000978,1,7,9
2023-01-24,8003638,8003638,1,14,4
2023-01-24,8003638,8003965,0,7,0
2023-01-24,8003657,8000186,7,33,23
2023-01-24,8003657,8002953,9,20,36
2023-01-24,8003657,8003657,14,67,17
2023-01-24,8003716,8001700,6,20,20
2023-01-24,8003716,8003716,9,40,16
2023-01-24,8003716,8006320,7,20,22
2023-01-24,8003788,8000171,10,34,60
2023-01-24,8003788,8002745,8,34,168
2023-01-24,8003788,8003788,19,68,114
2023-01-24,8003896,8001137,6,17,67
2023-01-24,8003896,8003896,13,32,60
2023-01-24,8003896,8006379,6,15,48
2023-01-24,8003909,8001546,21,56,19
2023-01-24,8003909,8003909,27,112,14
2023-01-24,8003909,8005971,5,56,5
2023-01-24,8003925,8000171,13,39,14
2023-01-24,8003925,8003925,22,78,16
2023-01-24,8003925,8005971,2,39,4
2023-01-24,8003936,8001526,13,56,9
2023-01-24,8003936,8001546,23,56,18
2023-01-24,8003936,8003936,44,112,16
2023-01-24,8003939,8002953,4,17,7
2023-01-24,8003939,8003287,4,20,20
2023-01-24,8003939,8003939,10,40,20
2023-01-24,8003950,8003297,7,18,43
2023-01-24,8003950,8003950,13,36,38
2023-01-24,8003950,8070483,7,18,28
2023-01-24,8003965,8003638,1,7,9
2023-01-24,8003965,8003965,1,14,4
2023-01-24,8003965,8003967,0,7,0
2023-01-24,8003967,8001066,0,7,0
2023-01-24,8003967,8003965,1,7,4
2023-01-24,8003967,8003967,0,14,0
2023-01-24,8003993,8000927,18,37,92
2023-01-24,8003993,8002073,14,37,43
2023-01-24,8003993,8003993,31,74,67
2023-01-24,8003998,8000904,0,2,0
2023-01-24,8003998,8002992,0,4,0
2023-01-24,8003998,8003998,2,6,10
2023-01-24,8004228,8000605,18,37,76
2023-01-24,8004228,8004228,29,74,62
2023-01-24,8004228,8006389,14,37,66
2023-01-24,8004230,8000081,22,63,121
2023-01-24,8004230,8004230,47,126,139
2023-01-24,8004230,8004419,23,63,150
2023-01-24,8004269,8000358,23,63,145
2023-01-24,8004269,8004269,42,126,129
2023-01-24,8004269,8004288,21,63,115
2023-01-24,8004273,8003470,0,7,0
2023-01-24,8004288,8004269,23,63,146
2023-01-24,8004288,8004288,44,126,130
2023-01-24,8004288,8004419,20,63,110
2023-01-24,8004419,8004230,23,63,117
2023-01-24,8004419,8004288,20,63,138
2023-01-24,8004419,8004419,43,126,127
2023-01-24,8004440,8001943,16,39,64
2023-01-24,8004440,8002512,16,40,128
2023-01-24,8004440,8004440,29,79,84
2023-01-24,8004448,8003168,6,29,28
2023-01-24,8004448,8004448,19,57,86
2023-01-24,8004474,8000358,19,63,101
2023-01-24,8004474,8001039,18,63,126
2023-01-24,8004474,8004474,37,126,117
2023-01-24,8004564,8001980,4,9,163
2023-01-24,8004564,8003621,4,9,183
2023-01-24,8004564,8004564,8,18,168
2023-01-24,8004642,8000605,13,37,43
2023-01-24,8004642,8002073,17,37,87
2023-01-24,8004642,8004642,30,74,59
2023-01-24,8004676,8000054,10,26,59
2023-01-24,8004676,8000927,12,29,44
2023-01-24,8004676,8004676,19,55,40
2023-01-24,8004883,8000239,22,52,103
2023-01-24,8004883,8001530,14,54,62
2023-01-24,8004883,8004883,32,106,84
2023-01-24,8005227,8001357,6,19,24
2023-01-24,8005289,8000793,1,7,9
2023-01-24,8005289,8005289,1,14,4
2023-01-24,8005289,8006109,0,7,0
2023-01-24,8005319,8001851,4,9,173
2023-01-24,8005319,8003621,4,9,127
2023-01-24,8005319,8005319,7,18,133
2023-01-24,8005488,8000033,12,40,130
2023-01-24,8005488,8005488,25,79,84
2023-01-24,8005488,8006607,5,39,25
2023-01-24,8005525,8003783,9,18,87
2023-01-24,8005525,8005525,16,36,58
2023-01-24,8005525,8005526,8,18,35
2023-01-24,8005526,8001097,8,18,25
2023-01-24,8005526,8005525,9,18,93
2023-01-24,8005526,8005526,17,36,65
2023-01-24,8005555,8000966,1,9,10
2023-01-24,8005555,8005555,5,17,44
2023-01-24,8005555,8005569,3,8,82
2023-01-24,8005569,8005555,1,9,7
2023-01-24,8005569,8005569,4,17,42
2023-01-24,8005569,8006486,3,8,71
2023-01-24,8005971,8003909,22,56,14
2023-01-24,8005971,8003925,17,39,15
2023-01-24,8005971,8005971,8,78,3
2023-01-24,8006109,8000978,0,7,0
2023-01-24,8006109,8005289,1,7,4
2023-01-24,8006109,8006109,0,14,0
2023-01-24,8006226,8000171,7,16,212
2023-01-24,8006226,8000274,6,18,30
2023-01-24,8006226,8001515,4,12,95
2023-01-24,8006226,8001537,4,8,131
2023-01-24,8006226,8001584,3,6,200
2023-01-24,8006226,8001911,3,16,19
2023-01-24,8006226,8003168,7,17,99
2023-01-24,8006226,8006226,64,177,108
2023-01-24,8006226,8006386,11,29,79
2023-01-24,8006226,8006713,7,16,92
2023-01-24,8006227,8001039,24,69,113
2023-01-24,8006227,8001905,27,68,130
2023-01-24,8006227,8006227,39,137,108
2023-01-24,8006320,8003287,4,20,12
2023-01-24,8006320,8003716,4,20,18
2023-01-24,8006320,8006320,14,58,29
2023-01-24,8006323,8001045,11,30,76
2023-01-24,8006323,8001093,9,34,45
2023-01-24,8006323,8006323,19,69,57
2023-01-24,8006342,8002745,9,34,32
2023-01-24,8006342,8006342,16,68,98
2023-01-24,8006342,8006383,8,34,166
2023-01-24,8006348,8000239,8,20,120
2023-01-24,8006348,8001323,9,20,183
2023-01-24,8006348,8006348,17,40,158
2023-01-24,8006379,8003896,7,17,71
2023-01-24,8006379,8005336,5,15,34
2023-01-24,8006379,8006379,13,32,59
2023-01-24,8006383,8006342,7,34,29
2023-01-24,8006383,8006383,15,68,94
2023-01-24,8006386,8000977,13,37,94
2023-01-24,8006386,8001795,7,18,83
2023-01-24,8006386,8002953,5,14,54
2023-01-24,8006386,8006226,5,30,27
2023-01-24,8006386,8006386,34,139,58
2023-01-24,8006386,8006510,5,21,16
2023-01-24,8006389,8000113,13,37,63
2023-01-24,8006389,8004228,17,37,63
2023-01-24,8006389,8006389,29,74,64
2023-01-24,8006486,8005569,1,9,7
2023-01-24,8006505,8001538,3,20,12
2023-01-24,8006505,8002769,2,20,9
2023-01-24,8006505,8006505,11,40,19
2023-01-24,8006510,8001536,9,39,21
2023-01-24,8006510,8006386,9,21,64
2023-01-24,8006510,8006510,21,78,26
2023-01-24,8006710,8001035,6,35,10
2023-01-24,8006710,8006710,26,70,39
2023-01-24,8006710,8006711,15,35,60
2023-01-24,8006711,8006710,12,35,26
2023-01-24,8006711,8006711,26,70,45
2023-01-24,8006712,8002512,13,39,42
2023-01-24,8006712,8006712,24,79,87
2023-01-25,8000033,8000033,133,181,252
2023-01-25,8000033,8001795,39,51,349
2023-01-25,8000033,8002268,27,40,331
2023-01-25,8000033,8005488,27,39,75
2023-01-25,8000033,8006719,37,51,219
2023-01-25,8000037,8000037,135,171,150
2023-01-25,8000037,8000113,13,20,72
2023-01-25,8000037,8000171,2,2,495
2023-01-25,8000037,8000392,30,34,291
2023-01-25,8000037,8001524,18,34,20
2023-01-25,8000037,8001795,29,31,208
2023-01-25,8000037,8001836,21,31,66
2023-01-25,8000054,8000054,61,76,118
2023-01-25,8000054,8001137,2,6,25
2023-01-25,8000054,8001182,19,22,93
2023-01-25,8000054,8002992,8,9,190
2023-01-25,8000054,8004676,20,29,121
2023-01-25,8000054,8006453,5,14,49
2023-01-25,8000081,8000081,195,242,157
2023-01-25,8000081,8001531,42,58,114
2023-01-25,8000081,8001542,37,53,65
2023-01-25,8000081,8004230,59,63,227
2023-01-25,8000113,8000037,19,19,216
2023-01-25,8000113,8000113,62,74,149
2023-01-25,8000113,8001066,1,8,-15
2023-01-25,8000113,8006389,29,37,129
2023-01-25,8000164,8000164,147,190,164
2023-01-25,8000164,8000887,7,15,74
2023-01-25,8000164,8001327,66,80,209
2023-01-25,8000164,8001900,20,20,117
2023-01-25,8000164,8001909,15,18,218
2023-01-25,8000164,8002223,14,16,62
2023-01-25,8000164,8002227,14,23,99
2023-01-25,8000164,8002779,14,18,103
2023-01-25,8000171,8000037,2,2,180
2023-01-25,8000171,8000171,133,172,254
2023-01-25,8000171,8000392,43,67,132
2023-01-25,8000171,8001061,30,34,324
2023-01-25,8000171,8003788,27,34,184
2023-01-25,8000171,8003925,16,39,22
2023-01-25,8000171,8006226,16,16,570
2023-01-25,8000171,8006449,6,6,590
2023-01-25,8000186,8003090,0,29,0
2023-01-25,8000186,8003166,2,2,30
2023-01-25,8000186,8003657,0,34,0
2023-01-25,8000239,8000239,56,76,248
2023-01-25,8000239,8001097,9,18,233
2023-01-25,8000239,8004883,32,54,189
2023-01-25,8000239,8006348,15,20,418
2023-01-25,8000358,8000358,101,126,186
2023-01-25,8000358,8004269,50,63,190
2023-01-25,8000358,8004474,53,63,191
2023-01-25,8000392,8000037,26,33,175
2023-01-25,8000392,8000171,58,68,241
2023-01-25,8000392,8000392,113,135,184
2023-01-25,8000392,8001545,27,34,101
2023-01-25,8000605,8000605,67,74,153
2023-01-25,8000605,8004228,34,37,116
2023-01-25,8000605,8004642,32,37,183
2023-01-25,8000745,8000745,46,69,122
2023-01-25,8000745,8001093,21,35,98
2023-01-25,8000745,8001394,22,34,177
2023-01-25,8000793,8000793,4,14,36
2023-01-25,8000793,8002180,4,7,73
2023-01-25,8000793,8005289,0,7,0
2023-01-25,8000904,8000904,5,6,145
2023-01-25,8000904,8001137,2,2,285
2023-01-25,8000904,8003998,3,4,75
2023-01-25,8000927,8000927,50,58,167
2023-01-25,8000927,8000966,8,8,244
2023-01-25,8000927,8003993,28,39,108
2023-01-25,8000927,8004676,21,26,168
2023-01-25,8000966,8000927,6,9,60
2023-01-25,8000966,8000966,13,17,150
2023-01-25,8000966,8005555,8,8,240
2023-01-25,8000977,8000977,52,75,80
2023-01-25,8000977,8006386,19,38,61
2023-01-25,8000978,8000978,4,14,39
2023-01-25,8000978,8003638,0,7,0
2023-01-25,8000978,8006109,4,7,64
2023-01-25,8001035,8001035,47,70,88
2023-01-25,8001035,8006710,35,35,183
2023-01-25,8001038,8001038,37,42,231
2023-01-25,8001038,8002639,19,21,290
2023-01-25,8001038,8006194,15,21,134
2023-01-25,8001039,8001039,111,138,183
2023-01-25,8001039,8004474,50,63,203
2023-01-25,8001039,8006227,48,69,137
2023-01-25,8001045,8001045,78,97,140
2023-01-25,8001045,8001061,0,1,0
2023-01-25,8001045,8002680,14,17,145
2023-01-25,8001045,8003986,41,49,147
2023-01-25,8001045,8006323,22,29,137
2023-01-25,8001061,8000171,26,33,184
2023-01-25,8001061,8001061,59,67,261
2023-01-25,8001061,8001558,18,18,422
2023-01-25,8001066,8000113,6,7,51
2023-01-25,8001066,8001066,7,15,16
2023-01-25,8001066,8003967,4,8,45
2023-01-25,8001093,8000745,24,34,147
2023-01-25,8001093,8001093,39,69,115
2023-01-25,8001093,8006323,20,35,111
2023-01-25,8001097,8000239,16,18,188
2023-01-25,8001097,8001097,31,36,211
2023-01-25,8001097,8005526,16,18,288
2023-01-25,8001137,8000054,6,6,265
2023-01-25,8001137,8000904,3,4,75
2023-01-25,8001137,8001137,26,32,152
2023-01-25,8001137,8002992,7,7,146
2023-01-25,8001137,8003896,10,15,118
2023-01-25,8001182,8000054,21,23,104
2023-01-25,8001213,8002535,12,18,25
2023-01-25,8001357,8001357,30,38,80
2023-01-25,8001357,8002514,17,19,101
2023-01-25,8001357,8005227,14,19,90
2023-01-25,8001394,8000745,27,35,97
2023-01-25,8001394,8001394,50,69,143
2023-01-25,8001394,8001692,23,34,206
2023-01-25,8001505,8001505,80,116,112
2023-01-25,8001505,8001525,30,58,102
2023-01-25,8001505,8001531,35,58,100
2023-01-25,8001515,8001515,35,57,188
2023-01-25,8001515,8001537,22,28,325
2023-01-25,8001515,8001543,16,16,66
2023-01-25,8001515,8006226,11,13,108
2023-01-25,8001516,8001549,50,53,66
2023-01-25,8001519,8001519,55,116,98
2023-01-25,8001519,8001525,29,58,110
2023-01-25,8001519,8001543,26,58,83
2023-01-25,8001521,8001521,33,40,100
2023-01-25,8001521,8001522,16,20,98
2023-01-25,8001521,8001534,17,20,124
2023-01-25,8001522,8001521,20,20,147
2023-01-25,8001522,8001522,160,179,107
2023-01-25,8001522,8001523,15,20,45
2023-01-25,8001522,8001524,36,37,118
2023-01-25,8001522,8001545,14,14,184
2023-01-25,8001523,8001522,13,20,66
2023-01-25,8001523,8001523,26,40,50
2023-01-25,8001523,8001545,16,20,62
2023-01-25,8001524,8000037,36,37,145
2023-01-25,8001524,8001522,29,34,55
2023-01-25,8001524,8001524,56,71,82
2023-01-25,8001525,8001505,21,58,99
2023-01-25,8001525,8001519,24,58,88
2023-01-25,8001525,8001525,51,116,99
2023-01-25,8001526,8001526,81,112,36
2023-01-25,8001526,8001529,56,56,65
2023-01-25,8001526,8003936,25,56,19
2023-01-25,8001527,8001527,72,78,95
2023-01-25,8001527,8001536,30,39,69
2023-01-25,8001528,8001329,13,18,62
2023-01-25,8001528,8001528,27,36,86
2023-01-25,8001528,8001539,13,18,87
2023-01-25,8001529,8001526,5,56,6
2023-01-25,8001530,8001530,74,106,286
2023-01-25,8001530,8001533,30,54,169
2023-01-25,8001530,8004883,39,52,393
2023-01-25,8001531,8000081,27,58,101
2023-01-25,8001531,8001505,44,58,108
2023-01-25,8001531,8001531,57,116,98
2023-01-25,8001532,8001532,30,36,102
2023-01-25,8001532,8001544,18,18,117
2023-01-25,8001533,8001530,39,52,362
2023-01-25,8001533,8001533,65,106,264
2023-01-25,8001534,8001521,8,20,42
2023-01-25,8001534,8001534,24,40,81
2023-01-25,8001534,8001538,17,20,128
2023-01-25,8001536,8001527,34,39,75
2023-01-25,8001536,8001536,57,78,64
2023-01-25,8001536,8006510,36,39,92
2023-01-25,8001537,8001515,11,29,47
2023-01-25,8001537,8001537,48,73,204
2023-01-25,8001537,8003169,28,36,338
2023-01-25,8001537,8006226,7,8,229
2023-01-25,8001538,8001534,9,20,46
2023-01-25,8001538,8001538,31,40,97
2023-01-25,8001538,8006505,18,20,134
2023-01-25,8001539,8001528,11,18,67
2023-01-25,8001539,8001539,24,36,69
2023-01-25,8001539,8001541,13,18,90
2023-01-25,8001540,8001540,78,106,68
2023-01-25,8001540,8001542,28,53,40
2023-01-25,8001540,8001549,52,53,123
2023-01-25,8001541,8001539,8,18,43
2023-01-25,8001541,8001541,26,36,72
2023-01-25,8001541,8001544,13,18,87
2023-01-25,8001542,8000081,22,53,22
2023-01-25,8001542,8001540,40,53,70
2023-01-25,8001542,8001542,65,106,48
2023-01-25,8001543,8001327,71,80,175
2023-01-25,8001543,8001515,13,15,206
2023-01-25,8001543,8001519,26,58,103
2023-01-25,8001543,8001543,135,160,167
2023-01-25,8001544,8001532,10,18,75
2023-01-25,8001544,8001541,16,18,88
2023-01-25,8001544,8001544,29,36,88
2023-01-25,8001545,8000392,23,34,129
2023-01-25,8001545,8001522,14,14,176
2023-01-25,8001545,8001523,12,20,48
2023-01-25,8001545,8001545,52,68,109
2023-01-25,8001546,8001546,79,112,39
2023-01-25,8001546,8003909,22,56,20
2023-01-25,8001546,8003936,56,56,57
2023-01-25,8001549,8001516,50,53,88
2023-01-25,8001549,8001540,31,53,50
2023-01-25,8001549,8001549,102,106,93
2023-01-25,8001692,8001394,22,35,69
2023-01-25,8001692,8001692,45,69,145
2023-01-25,8001692,8002262,23,34,224
2023-01-25,8001700,8001700,30,40,108
2023-01-25,8001700,8003018,16,20,92
2023-01-25,8001700,8003716,10,20,108
2023-01-25,8001729,8001729,3,5,60
2023-01-25,8001729,8004406,0,2,0
2023-01-25,8001795,8000033,39,51,238
2023-01-25,8001795,8000037,26,32,310
2023-01-25,8001795,8001795,79,102,287
2023-01-25,8001795,8006386,13,18,247
2023-01-25,8001836,8000037,22,31,64
2023-01-25,8001836,8001836,43,62,63
2023-01-25,8001836,8002754,21,31,78
2023-01-25,8001851,8005319,9,9,133
2023-01-25,8001943,8001943,70,79,209
2023-01-25,8001943,8002267,31,39,92
2023-01-25,8001943,8004440,27,40,298
2023-01-25,8001980,8001980,17,18,197
2023-01-25,8001980,8003486,8,9,177
2023-01-25,8001980,8004564,9,9,227
2023-01-25,8002073,8002073,66,74,158
2023-01-25,8002073,8003993,35,37,205
2023-01-25,8002073,8004642,29,37,98
2023-01-25,8002180,8000793,0,7,0
2023-01-25,8002180,8002180,3,14,34
2023-01-25,8002180,8003470,4,7,69
2023-01-25,8002262,8001692,27,35,87
2023-01-25,8002262,8002262,51,69,157
2023-01-25,8002262,8005276,23,34,223
2023-01-25,8002267,8001943,33,40,299
2023-01-25,8002267,8002267,58,79,201
2023-01-25,8002267,8002509,29,39,88
2023-01-25,8002268,8000033,28,39,89
2023-01-25,8002268,8002268,54,79,207
2023-01-25,8002268,8002509,28,40,324
2023-01-25,8002509,8002267,30,40,319
2023-01-25,8002509,8002268,27,39,86
2023-01-25,8002509,8002509,56,79,207
2023-01-25,8002512,8002512,68,79,212
2023-01-25,8002512,8004440,29,39,90
2023-01-25,8002512,8006712,31,40,330
2023-01-25,8002514,8001357,12,19,63
2023-01-25,8002514,8002514,29,38,88
2023-01-25,8002514,8002769,19,19,114
2023-01-25,8002535,8001213,9,18,190
2023-01-25,8002535,8002535,25,36,132
2023-01-25,8002535,8003297,14,18,48
2023-01-25,8002639,8001038,18,21,194
2023-01-25,8002639,8002639,38,42,224
2023-01-25,8002639,8002640,19,21,271
2023-01-25,8002640,8002639,13,21,134
2023-01-25,8002680,8000441,31,38,268
2023-01-25,8002680,8001045,17,17,191
2023-01-25,8002680,8002680,49,75,174
2023-01-25,8002680,8003168,8,19,38
2023-01-25,8002745,8002745,52,68,115
2023-01-25,8002745,8003788,22,34,71
2023-01-25,8002745,8006342,26,34,160
2023-01-25,8002754,8001836,9,31,33
2023-01-25,8002754,8002754,35,62,65
2023-01-25,8002754,8003166,21,31,82
2023-01-25,8002769,8002514,16,19,85
2023-01-25,8002769,8002769,34,40,80
2023-01-25,8002769,8006505,13,20,57
2023-01-25,8002779,8000164,16,18,85
2023-01-25,8002779,8001328,15,18,108
2023-01-25,8002779,8002779,32,36,109
2023-01-25,8002953,8002953,45,72,83
2023-01-25,8002953,8003657,12,15,88
2023-01-25,8002953,8003939,14,17,97
2023-01-25,8002953,8006386,11,14,77
2023-01-25,8002992,8000054,9,11,106
2023-01-25,8002992,8001137,5,7,137
2023-01-25,8002992,8002992,17,20,148
2023-01-25,8002992,8003998,2,2,360
2023-01-25,8003018,8001700,14,20,104
2023-01-25,8003018,8003018,24,40,74
2023-01-25,8003090,8000186,7,29,22
2023-01-25,8003090,8003090,35,58,27
2023-01-25,8003090,8003166,28,29,52
2023-01-25,8003166,8000186,0,2,0
2023-01-25,8003166,8002754,14,31,41
2023-01-25,8003166,8003090,7,29,31
2023-01-25,8003166,8003166,38,62,39
2023-01-25,8003168,8002680,18,19,333
2023-01-25,8003168,8003168,78,112,182
2023-01-25,8003168,8003169,26,37,92
2023-01-25,8003168,8004448,24,28,346
2023-01-25,8003168,8006226,16,19,77
2023-01-25,8003168,8006449,0,1,0
2023-01-25,8003169,8001537,19,37,79
2023-01-25,8003169,8003168,27,36,307
2023-01-25,8003169,8003169,54,73,203
2023-01-25,8003287,8003287,27,40,104
2023-01-25,8003287,8003939,12,20,116
2023-01-25,8003287,8006320,15,20,98
2023-01-25,8003297,8002535,15,18,267
2023-01-25,8003297,8003297,23,36,166
2023-01-25,8003297,8003950,10,18,48
2023-01-25,8003470,8002180,0,7,0
2023-01-25,8003470,8003470,4,14,36
2023-01-25,8003470,8004273,4,7,64
2023-01-25,8003486,8001980,9,9,273
2023-01-25,8003486,8003486,16,16,225
2023-01-25,8003486,8003493,12,16,126
2023-01-25,8003493,8000187,14,16,126
2023-01-25,8003493,8003486,16,16,199
2023-01-25,8003493,8003493,26,32,160
2023-01-25,8003621,8003621,16,18,195
2023-01-25,8003621,8004564,8,9,137
2023-01-25,8003621,8005319,9,9,217
2023-01-25,8003638,8000978,4,7,73
2023-01-25,8003638,8003638,3,14,28
2023-01-25,8003638,8003965,0,7,0
2023-01-25,8003657,8000186,13,33,64
2023-01-25,8003657,8002953,16,20,56
2023-01-25,8003657,8003657,31,67,43
2023-01-25,8003716,8001700,15,20,75
2023-01-25,8003716,8003716,29,40,98
2023-01-25,8003716,8006320,18,20,147
2023-01-25,8003788,8000171,17,34,76
2023-01-25,8003788,8002745,27,34,173
2023-01-25,8003788,8003788,53,68,133
2023-01-25,8003896,8001137,16,17,189
2023-01-25,8003896,8003896,28,32,159
2023-01-25,8003896,8006379,11,15,132
2023-01-25,8003909,8001546,54,56,63
2023-01-25,8003909,8003909,80,112,49
2023-01-25,8003909,8005971,27,56,29
2023-01-25,8003925,8000171,31,39,46
2023-01-25,8003925,8003925,56,78,47
2023-01-25,8003925,8005971,14,39,17
2023-01-25,8003936,8001526,26,56,24
2023-01-25,8003936,8001546,52,56,51
2023-01-25,8003936,8003936,108,112,46
2023-01-25,8003939,8002953,8,17,97
2023-01-25,8003939,8003287,14,20,92
2023-01-25,8003939,8003939,24,40,111
2023-01-25,8003950,8003297,17,18,315
2023-01-25,8003950,8003950,28,36,192
2023-01-25,8003950,8070483,13,18,85
2023-01-25,8003965,8003638,3,7,56
2023-01-25,8003965,8003965,3,14,34
2023-01-25,8003965,8003967,0,7,0
2023-01-25,8003967,8001066,1,7,4
2023-01-25,8003967,8003965,3,7,69
2023-01-25,8003967,8003967,4,14,39
2023-01-25,8003993,8000927,31,37,199
2023-01-25,8003993,8002073,34,37,122
2023-01-25,8003993,8003993,62,74,162
2023-01-25,8003998,8000904,2,2,285
2023-01-25,8003998,8002992,1,4,30
2023-01-25,8003998,8003998,5,6,140
2023-01-25,8004228,8000605,36,37,183
2023-01-25,8004228,8004228,62,74,151
2023-01-25,8004228,8006389,34,37,163
2023-01-25,8004230,8000081,46,63,183
2023-01-25,8004230,8004230,111,126,207
2023-01-25,8004230,8004419,57,63,215
2023-01-25,8004269,8000358,60,63,210
2023-01-25,8004269,8004269,110,126,199
2023-01-25,8004269,8004288,53,63,197
2023-01-25,8004273,8003470,0,7,0
2023-01-25,8004288,8004269,59,63,204
2023-01-25,8004288,8004288,112,126,199
2023-01-25,8004288,8004419,48,63,186
2023-01-25,8004419,8004230,52,63,194
2023-01-25,8004419,8004288,51,63,185
2023-01-25,8004419,8004419,105,126,195
2023-01-25,8004440,8001943,37,39,140
2023-01-25,8004440,8002512,32,40,313
2023-01-25,8004440,8004440,64,79,212
2023-01-25,8004448,8003168,16,29,71
2023-01-25,8004448,8004448,46,57,207
2023-01-25,8004474,8000358,50,63,186
2023-01-25,8004474,8001039,53,63,170
2023-01-25,8004474,8004474,103,126,185
2023-01-25,8004564,8001980,9,9,177
2023-01-25,8004564,8003621,9,9,323
2023-01-25,8004564,8004564,18,18,222
2023-01-25,8004642,8000605,31,37,118
2023-01-25,8004642,8002073,33,37,204
2023-01-25,8004642,8004642,66,74,151
2023-01-25,8004676,8000054,21,26,178
2023-01-25,8004676,8000927,28,29,140
2023-01-25,8004676,8004676,42,55,142
2023-01-25,8004883,8000239,39,52,385
2023-01-25,8004883,8001530,35,54,178
2023-01-25,8004883,8004883,70,106,280
2023-01-25,8005227,8001357,14,19,73
2023-01-25,8005289,8000793,4,7,73
2023-01-25,8005289,8005289,4,14,36
2023-01-25,8005289,8006109,0,7,0
2023-01-25,8005319,8001851,9,9,207
2023-01-25,8005319,8003621,8,9,157
2023-01-25,8005319,8005319,17,18,182
2023-01-25,8005488,8000033,30,40,343
2023-01-25,8005488,8005488,59,79,224
2023-01-25,8005488,8006607,20,39,66
2023-01-25,8005525,8003783,16,18,288
2023-01-25,8005525,8005525,33,36,233
2023-01-25,8005525,8005526,17,18,195
2023-01-25,8005526,8001097,17,18,172
2023-01-25,8005526,8005525,16,18,295
2023-01-25,8005526,8005526,33,36,245
2023-01-25,8005555,8000966,7,9,80
2023-01-25,8005555,8005555,17,17,152
2023-01-25,8005555,8005569,8,8,210
2023-01-25,8005569,8005555,5,9,80
2023-01-25,8005569,8005569,13,17,141
2023-01-25,8005569,8006486,8,8,180
2023-01-25,8005971,8003909,56,56,49
2023-01-25,8005971,8003925,38,39,45
2023-01-25,8005971,8005971,30,78,17
2023-01-25,8006109,8000978,0,7,0
2023-01-25,8006109,8005289,4,7,69
2023-01-25,8006109,8006109,3,14,30
2023-01-25,8006226,8000171,16,16,493
2023-01-25,8006226,8000274,16,18,342
2023-01-25,8006226,8001515,10,13,376
2023-01-25,8006226,8001537,7,8,364
2023-01-25,8006226,8001584,6,6,130
2023-01-25,8006226,8001911,10,17,88
2023-01-25,8006226,8003168,17,17,309
2023-01-25,8006226,8006226,143,181,262
2023-01-25,8006226,8006386,23,30,88
2023-01-25,8006226,8006713,16,16,225
2023-01-25,8006227,8001039,57,69,224
2023-01-25,8006227,8001905,69,69,184
2023-01-25,8006227,8006227,101,138,169
2023-01-25,8006320,8003287,8,20,102
2023-01-25,8006320,8003716,13,20,75
2023-01-25,8006320,8006320,44,58,119
2023-01-25,8006323,8001045,29,30,117
2023-01-25,8006323,8001093,25,34,139
2023-01-25,8006323,8006323,46,69,127
2023-01-25,8006342,8002745,26,34,78
2023-01-25,8006342,8006342,53,68,117
2023-01-25,8006342,8006383,27,34,167
2023-01-25,8006348,8000239,16,20,237
2023-01-25,8006348,8001323,18,20,480
2023-01-25,8006348,8006348,34,40,350
2023-01-25,8006379,8003896,17,17,208
2023-01-25,8006379,8005336,8,15,98
2023-01-25,8006379,8006379,27,32,172
2023-01-25,8006383,8006342,19,34,56
2023-01-25,8006383,8006383,42,68,99
2023-01-25,8006386,8000977,28,37,81
2023-01-25,8006386,8001795,13,18,205
2023-01-25,8006386,8002953,13,14,118
2023-01-25,8006386,8006226,23,31,100
2023-01-25,8006386,8006386,90,139,111
2023-01-25,8006386,8006510,16,21,50
2023-01-25,8006389,8000113,32,37,169
2023-01-25,8006389,8004228,30,37,156
2023-01-25,8006389,8006389,65,74,157
2023-01-25,8006486,8005569,5,9,80
2023-01-25,8006505,8001538,14,20,70
2023-01-25,8006505,8002769,13,20,46
2023-01-25,8006505,8006505,31,40,78
2023-01-25,8006510,8001536,25,39,43
2023-01-25,8006510,8006386,21,21,104
2023-01-25,8006510,8006510,54,78,76
2023-01-25,8006710,8001035,15,35,30
2023-01-25,8006710,8006710,58,70,104
2023-01-25,8006710,8006711,31,35,150
2023-01-25,8006711,8006710,34,35,57
2023-01-25,8006711,8006711,67,70,100
2023-01-25,8006712,8002512,36,39,107
2023-01-25,8006712,8006712,63,79,216
2023-01-26,8000033,8000033,142,181,336
2023-01-26,8000033,8001795,40,51,534
2023-01-26,8000033,8002268,30,40,356
2023-01-26,8000033,8005488,31,39,87
2023-01-26,8000033,8006719,46,51,331
2023-01-26,8000037,8000037,132,171,221
2023-01-26,8000037,8000113,11,20,68
2023-01-26,8000037,8000171,2,2,855
2023-01-26,8000037,8000392,30,34,503
2023-01-26,8000037,8001524,18,34,-4
2023-01-26,8000037,8001795,30,31,361
2023-01-26,8000037,8001836,20,31,94
2023-01-26,8000054,8000054,59,76,67
2023-01-26,8000054,8001137,4,6,65
2023-01-26,8000054,8001182,15,22,52
2023-01-26,8000054,8002992,6,9,43
2023-01-26,8000054,8004676,17,29,59
2023-01-26,8000054,8006453,4,14,13
2023-01-26,8000081,8000081,199,242,166
2023-01-26,8000081,8001531,45,58,118
2023-01-26,8000081,8001542,35,53,44
2023-01-26,8000081,8004230,60,63,268
2023-01-26,8000113,8000037,16,19,126
2023-01-26,8000113,8000113,57,74,90
2023-01-26,8000113,8001066,0,8,-22
2023-01-26,8000113,8006389,27,37,88
2023-01-26,8000164,8000164,149,189,166
2023-01-26,8000164,8000887,12,15,164
2023-01-26,8000164,8001327,63,80,194
2023-01-26,8000164,8001900,19,20,156
2023-01-26,8000164,8001909,14,18,80
2023-01-26,8000164,8002223,15,16,92
2023-01-26,8000164,8002227,16,23,128
2023-01-26,8000164,8002779,16,18,185
2023-01-26,8000171,8000037,2,2,150
2023-01-26,8000171,8000171,127,172,336
2023-01-26,8000171,8000392,49,67,227
2023-01-26,8000171,8001061,28,34,530
2023-01-26,8000171,8003788,21,34,163
2023-01-26,8000171,8003925,11,39,13
2023-01-26,8000171,8006226,16,16,308
2023-01-26,8000171,8006449,5,6,1230
2023-01-26,8000186,8003090,0,31,0
2023-01-26,8000186,8003657,0,34,0
2023-01-26,8000239,8000239,39,76,82
2023-01-26,8000239,8001097,6,18,30
2023-01-26,8000239,8004883,29,54,82
2023-01-26,8000239,8006348,14,20,140
2023-01-26,8000358,8000358,97,126,202
2023-01-26,8000358,8004269,50,63,189
2023-01-26,8000358,8004474,54,63,224
2023-01-26,8000392,8000037,27,33,344
2023-01-26,8000392,8000171,52,68,322
2023-01-26,8000392,8000392,111,135,275
2023-01-26,8000392,8001545,28,34,135
2023-01-26,8000605,8000605,58,74,93
2023-01-26,8000605,8004228,26,37,80
2023-01-26,8000605,8004642,32,37,97
2023-01-26,8000745,8000745,47,69,103
2023-01-26,8000745,8001093,27,35,101
2023-01-26,8000745,8001394,19,34,114
2023-01-26,8000793,8000793,1,14,13
2023-01-26,8000793,8002180,2,7,30
2023-01-26,8000793,8005289,0,7,0
2023-01-26,8000904,8000904,4,6,60
2023-01-26,8000904,8001137,1,2,30
2023-01-26,8000904,8003998,4,4,82
2023-01-26,8000927,8000927,50,58,87
2023-01-26,8000927,8000966,8,8,158
2023-01-26,8000927,8003993,23,39,59
2023-01-26,8000927,8004676,22,26,69
2023-01-26,8000966,8000927,8,9,57
2023-01-26,8000966,8000966,15,17,108
2023-01-26,8000966,8005555,8,8,154
2023-01-26,8000977,8000977,46,75,80
2023-01-26,8000977,8006386,15,38,42
2023-01-26,8000978,8000978,1,14,13
2023-01-26,8000978,8003638,0,7,0
2023-01-26,8000978,8006109,1,7,21
2023-01-26,8001035,8001035,61,70,145
2023-01-26,8001035,8006710,35,35,232
2023-01-26,8001038,8001038,34,42,198
2023-01-26,8001038,8002639,19,21,286
2023-01-26,8001038,8006194,11,21,97
2023-01-26,8001039,8001039,116,138,194
2023-01-26,8001039,8004474,47,63,187
2023-01-26,8001039,8006227,48,69,175
2023-01-26,8001045,8001045,79,97,98
2023-01-26,8001045,8001061,1,1,60
2023-01-26,8001045,8002680,16,17,9
2023-01-26,8001045,8003986,41,49,127
2023-01-26,8001045,8006323,23,29,65
2023-01-26,8001061,8000171,28,33,338
2023-01-26,8001061,8001061,56,67,449
2023-01-26,8001061,8001558,17,18,752
2023-01-26,8001066,8000113,4,7,13
2023-01-26,8001066,8001066,4,15,-4
2023-01-26,8001066,8003967,4,8,34
2023-01-26,8001093,8000745,20,34,100
2023-01-26,8001093,8001093,42,69,86
2023-01-26,8001093,8006323,28,35,107
2023-01-26,8001097,8000239,13,18,45
2023-01-26,8001097,8001097,30,36,45
2023-01-26,8001097,8005526,18,18,113
2023-01-26,8001137,8000054,5,6,140
2023-01-26,8001137,8000904,3,4,105
2023-01-26,8001137,8001137,24,32,90
2023-01-26,8001137,8002992,7,7,99
2023-01-26,8001137,8003896,9,15,62
2023-01-26,8001182,8000054,16,23,73
2023-01-26,8001213,8002535,10,18,27
2023-01-26,8001357,8001357,27,38,108
2023-01-26,8001357,8002514,17,19,136
2023-01-26,8001357,8005227,10,19,96
2023-01-26,8001394,8000745,32,35,111
2023-01-26,8001394,8001394,56,69,115
2023-01-26,8001394,8001692,24,34,139
2023-01-26,8001505,8001505,91,116,114
2023-01-26,8001505,8001525,34,58,102
2023-01-26,8001505,8001531,44,58,98
2023-01-26,8001515,8001515,36,57,170
2023-01-26,8001515,8001537,20,28,204
2023-01-26,8001515,8001543,15,16,131
2023-01-26,8001515,8006226,11,13,185
2023-01-26,8001516,8001549,49,53,67
2023-01-26,8001519,8001519,75,116,102
2023-01-26,8001519,8001525,37,58,109
2023-01-26,8001519,8001543,38,58,94
2023-01-26,8001521,8001521,31,40,96
2023-01-26,8001521,8001522,15,20,86
2023-01-26,8001521,8001534,16,20,117
2023-01-26,8001522,8001521,20,20,146
2023-01-26,8001522,8001522,161,179,112
2023-01-26,8001522,8001523,15,20,62
2023-01-26,8001522,8001524,36,37,139
2023-01-26,8001522,8001545,14,14,159
2023-01-26,8001523,8001522,18,20,123
2023-01-26,8001523,8001523,28,40,83
2023-01-26,8001523,8001545,13,20,70
2023-01-26,8001524,8000037,34,37,158
2023-01-26,8001524,8001522,27,34,58
2023-01-26,8001524,8001524,58,71,93
2023-01-26,8001525,8001505,30,58,99
2023-01-26,8001525,8001519,32,58,94
2023-01-26,8001525,8001525,63,116,98
2023-01-26,8001526,8001526,77,112,35
2023-01-26,8001526,8001529,52,56,66
2023-01-26,8001526,8003936,25,56,22
2023-01-26,8001527,8001527,73,78,120
2023-01-26,8001527,8001536,32,39,88
2023-01-26,8001528,8001329,14,18,80
2023-01-26,8001528,8001528,29,36,130
2023-01-26,8001528,8001539,13,18,165
2023-01-26,8001529,8001526,5,56,6
2023-01-26,8001530,8001530,82,106,97
2023-01-26,8001530,8001533,23,54,65
2023-01-26,8001530,8004883,47,52,112
2023-01-26,8001531,8000081,30,58,96
2023-01-26,8001531,8001505,46,58,107
2023-01-26,8001531,8001531,65,116,93
2023-01-26,8001532,8001532,34,36,162
2023-01-26,8001532,8001544,17,18,143
2023-01-26,8001533,8001530,48,52,123
2023-01-26,8001533,8001533,72,106,87
2023-01-26,8001534,8001521,3,20,51
2023-01-26,8001534,8001534,19,40,82
2023-01-26,8001534,8001538,16,20,123
2023-01-26,8001536,8001527,34,39,101
2023-01-26,8001536,8001536,59,78,85
2023-01-26,8001536,8006510,38,39,115
2023-01-26,8001537,8001515,14,29,136
2023-01-26,8001537,8001537,41,73,146
2023-01-26,8001537,8003169,22,36,184
2023-01-26,8001537,8006226,8,8,98
2023-01-26,8001538,8001534,4,20,54
2023-01-26,8001538,8001538,21,40,95
2023-01-26,8001538,8006505,18,20,134
2023-01-26,8001539,8001528,15,18,85
2023-01-26,8001539,8001539,28,36,119
2023-01-26,8001539,8001541,14,18,173
2023-01-26,8001540,8001540,72,106,55
2023-01-26,8001540,8001542,21,53,37
2023-01-26,8001540,8001549,52,53,106
2023-01-26,8001541,8001539,12,18,55
2023-01-26,8001541,8001541,30,36,123
2023-01-26,8001541,8001544,16,18,197
2023-01-26,8001542,8000081,16,53,27
2023-01-26,8001542,8001540,38,53,45
2023-01-26,8001542,8001542,53,106,35
2023-01-26,8001543,8001327,71,80,159
2023-01-26,8001543,8001515,12,15,200
2023-01-26,8001543,8001519,29,58,99
2023-01-26,8001543,8001543,126,160,151
2023-01-26,8001544,8001532,16,18,193
2023-01-26,8001544,8001541,17,18,117
2023-01-26,8001544,8001544,33,36,168
2023-01-26,8001545,8000392,23,34,115
2023-01-26,8001545,8001522,13,14,156
2023-01-26,8001545,8001523,15,20,100
2023-01-26,8001545,8001545,50,68,119
2023-01-26,8001546,8001546,77,112,36
2023-01-26,8001546,8003909,26,56,22
2023-01-26,8001546,8003936,56,56,46
2023-01-26,8001549,8001516,48,53,70
2023-01-26,8001549,8001540,25,53,42
2023-01-26,8001549,8001549,101,106,83
2023-01-26,8001692,8001394,28,35,79
2023-01-26,8001692,8001692,57,69,119
2023-01-26,8001692,8002262,29,34,164
2023-01-26,8001700,8001700,29,40,75
2023-01-26,8001700,8003018,15,20,78
2023-01-26,8001700,8003716,9,20,52
2023-01-26,8001729,8001729,4,5,114
2023-01-26,8001729,8004406,1,2,120
2023-01-26,8001795,8000033,48,51,348
2023-01-26,8001795,8000037,28,32,545
2023-01-26,8001795,8001795,86,102,439
2023-01-26,8001795,8006386,12,18,410
2023-01-26,8001836,8000037,19,31,40
2023-01-26,8001836,8001836,40,62,60
2023-01-26,8001836,8002754,21,31,98
2023-01-26,8001851,8005319,8,9,137
2023-01-26,8001943,8001943,63,79,230
2023-01-26,8001943,8002267,27,39,102
2023-01-26,8001943,8004440,24,40,315
2023-01-26,8001980,8001980,15,18,193
2023-01-26,8001980,8003486,7,9,120
2023-01-26,8001980,8004564,9,9,280
2023-01-26,8002073,8002073,61,74,92
2023-01-26,8002073,8003993,33,37,117
2023-01-26,8002073,8004642,23,37,61
2023-01-26,8002180,8000793,0,7,0
2023-01-26,8002180,8002180,2,14,17
2023-01-26,8002180,8003470,2,7,30
2023-01-26,8002262,8001692,29,35,93
2023-01-26,8002262,8002262,60,69,129
2023-01-26,8002262,8005276,26,34,155
2023-01-26,8002267,8001943,28,40,313
2023-01-26,8002267,8002267,55,79,218
2023-01-26,8002267,8002509,28,39,105
2023-01-26,8002268,8000033,26,39,94
2023-01-26,8002268,8002268,53,79,219
2023-01-26,8002268,8002509,28,40,340
2023-01-26,8002509,8002267,30,40,336
2023-01-26,8002509,8002268,26,39,97
2023-01-26,8002509,8002509,56,79,223
2023-01-26,8002512,8002512,64,79,223
2023-01-26,8002512,8004440,28,39,106
2023-01-26,8002512,8006712,25,40,326
2023-01-26,8002514,8001357,7,19,74
2023-01-26,8002514,8002514,23,38,104
2023-01-26,8002514,8002769,18,19,129
2023-01-26,8002535,8001213,8,18,28
2023-01-26,8002535,8002535,24,36,51
2023-01-26,8002535,8003297,13,18,38
2023-01-26,8002639,8001038,15,21,167
2023-01-26,8002639,8002639,34,42,220
2023-01-26,8002639,8002640,17,21,250
2023-01-26,8002640,8002639,8,21,144
2023-01-26,8002680,8000441,35,38,276
2023-01-26,8002680,8001045,16,17,236
2023-01-26,8002680,8002680,58,75,247
2023-01-26,8002680,8003168,12,19,155
2023-01-26,8002745,8002745,48,68,132
2023-01-26,8002745,8003788,25,34,109
2023-01-26,8002745,8006342,25,34,167
2023-01-26,8002754,8001836,4,31,8
2023-01-26,8002754,8002754,28,62,65
2023-01-26,8002754,8003166,22,31,111
2023-01-26,8002769,8002514,11,19,68
2023-01-26,8002769,8002769,31,40,73
2023-01-26,8002769,8006505,4,20,56
2023-01-26,8002779,8000164,17,18,147
2023-01-26,8002779,8001328,18,18,188
2023-01-26,8002779,8002779,35,36,183
2023-01-26,8002953,8002953,41,72,70
2023-01-26,8002953,8003657,14,15,184
2023-01-26,8002953,8003939,12,17,56
2023-01-26,8002953,8006386,7,14,32
2023-01-26,8002992,8000054,9,11,71
2023-01-26,8002992,8001137,3,7,34
2023-01-26,8002992,8002992,16,20,56
2023-01-26,8002992,8003998,1,2,30
2023-01-26,8003018,8001700,14,20,80
2023-01-26,8003018,8003018,26,40,76
2023-01-26,8003090,8000186,5,31,56
2023-01-26,8003090,8003090,34,62,45
2023-01-26,8003090,8003166,29,31,52
2023-01-26,8003166,8002754,6,31,11
2023-01-26,8003166,8003090,5,31,55
2023-01-26,8003166,8003166,27,62,42
2023-01-26,8003168,8002680,17,19,354
2023-01-26,8003168,8003168,76,112,179
2023-01-26,8003168,8003169,29,37,137
2023-01-26,8003168,8004448,15,28,198
2023-01-26,8003168,8006226,17,19,221
2023-01-26,8003168,8006449,1,1,150
2023-01-26,8003169,8001537,22,37,119
2023-01-26,8003169,8003168,19,36,168
2023-01-26,8003169,8003169,49,73,153
2023-01-26,8003287,8003287,22,40,60
2023-01-26,8003287,8003939,9,20,45
2023-01-26,8003287,8006320,13,20,70
2023-01-26,8003297,8002535,13,18,132
2023-01-26,8003297,8003297,25,36,91
2023-01-26,8003297,8003950,10,18,48
2023-01-26,8003470,8002180,0,7,0
2023-01-26,8003470,8003470,1,14,13
2023-01-26,8003470,8004273,1,7,21
2023-01-26,8003486,8001980,9,9,270
2023-01-26,8003486,8003486,14,16,208
2023-01-26,8003486,8003493,9,16,68
2023-01-26,8003493,8000187,12,16,88
2023-01-26,8003493,8003486,16,16,347
2023-01-26,8003493,8003493,23,32,202
2023-01-26,8003621,8003621,14,18,152
2023-01-26,8003621,8004564,6,9,117
2023-01-26,8003621,8005319,9,9,200
2023-01-26,8003638,8000978,1,7,26
2023-01-26,8003638,8003638,1,14,11
2023-01-26,8003638,8003965,0,7,0
2023-01-26,8003657,8000186,16,33,209
2023-01-26,8003657,8002953,17,20,58
2023-01-26,8003657,8003657,40,67,116
2023-01-26,8003716,8001700,14,20,57
2023-01-26,8003716,8003716,19,40,52
2023-01-26,8003716,8006320,14,20,69
2023-01-26,8003788,8000171,19,34,106
2023-01-26,8003788,8002745,23,34,164
2023-01-26,8003788,8003788,52,68,145
2023-01-26,8003896,8001137,15,17,131
2023-01-26,8003896,8003896,27,32,112
2023-01-26,8003896,8006379,10,15,74
2023-01-26,8003909,8001546,51,56,51
2023-01-26,8003909,8003909,83,112,45
2023-01-26,8003909,8005971,31,56,34
2023-01-26,8003925,8000171,29,39,41
2023-01-26,8003925,8003925,53,78,38
2023-01-26,8003925,8005971,15,39,11
2023-01-26,8003936,8001526,25,56,18
2023-01-26,8003936,8001546,51,56,57
2023-01-26,8003936,8003936,107,112,44
2023-01-26,8003939,8002953,4,17,14
2023-01-26,8003939,8003287,13,20,60
2023-01-26,8003939,8003939,18,40,49
2023-01-26,8003950,8003297,17,18,152
2023-01-26,8003950,8003950,28,36,104
2023-01-26,8003950,8070483,16,18,65
2023-01-26,8003965,8003638,1,7,21
2023-01-26,8003965,8003965,1,14,13
2023-01-26,8003965,8003967,0,7,0
2023-01-26,8003967,8001066,0,7,0
2023-01-26,8003967,8003965,1,7,26
2023-01-26,8003967,8003967,4,14,26
2023-01-26,8003993,8000927,34,37,124
2023-01-26,8003993,8002073,32,37,84
2023-01-26,8003993,8003993,66,74,102
2023-01-26,8003998,8000904,1,2,-15
2023-01-26,8003998,8002992,1,4,15
2023-01-26,8003998,8003998,5,6,40
2023-01-26,8004228,8000605,34,37,103
2023-01-26,8004228,8004228,52,74,84
2023-01-26,8004228,8006389,25,37,85
2023-01-26,8004230,8000081,46,63,177
2023-01-26,8004230,8004230,111,126,224
2023-01-26,8004230,8004419,57,63,255
2023-01-26,8004269,8000358,59,63,245
2023-01-26,8004269,8004269,109,126,217
2023-01-26,8004269,8004288,53,63,195
2023-01-26,8004273,8003470,0,7,0
2023-01-26,8004288,8004269,59,63,241
2023-01-26,8004288,8004288,112,126,217
2023-01-26,8004288,8004419,50,63,189
2023-01-26,8004419,8004230,50,63,191
2023-01-26,8004419,8004288,50,63,220
2023-01-26,8004419,8004419,107,126,215
2023-01-26,8004440,8001943,36,39,192
2023-01-26,8004440,8002512,31,40,332
2023-01-26,8004440,8004440,63,79,240
2023-01-26,8004448,8003168,21,29,95
2023-01-26,8004448,8004448,42,57,147
2023-01-26,8004474,8000358,46,63,179
2023-01-26,8004474,8001039,55,63,210
2023-01-26,8004474,8004474,99,126,197
2023-01-26,8004564,8001980,8,9,157
2023-01-26,8004564,8003621,9,9,267
2023-01-26,8004564,8004564,17,18,210
2023-01-26,8004642,8000605,27,37,79
2023-01-26,8004642,8002073,34,37,108
2023-01-26,8004642,8004642,61,74,85
2023-01-26,8004676,8000054,25,26,85
2023-01-26,8004676,8000927,25,29,74
2023-01-26,8004676,8004676,40,55,65
2023-01-26,8004883,8000239,44,52,103
2023-01-26,8004883,8001530,35,54,82
2023-01-26,8004883,8004883,73,106,96
2023-01-26,8005227,8001357,16,19,114
2023-01-26,8005289,8000793,1,7,26
2023-01-26,8005289,8005289,1,14,13
2023-01-26,8005289,8006109,0,7,0
2023-01-26,8005319,8001851,8,9,193
2023-01-26,8005319,8003621,8,9,113
2023-01-26,8005319,8005319,16,18,165
2023-01-26,8005488,8000033,30,40,359
2023-01-26,8005488,8005488,64,79,231
2023-01-26,8005488,8006607,21,39,74
2023-01-26,8005525,8003783,18,18,108
2023-01-26,8005525,8005525,36,36,83
2023-01-26,8005525,8005526,18,18,70
2023-01-26,8005526,8001097,18,18,40
2023-01-26,8005526,8005525,18,18,132
2023-01-26,8005526,8005526,36,36,103
2023-01-26,8005555,8000966,9,9,67
2023-01-26,8005555,8005555,17,17,101
2023-01-26,8005555,8005569,7,8,142
2023-01-26,8005569,8005555,6,9,40
2023-01-26,8005569,8005569,13,17,86
2023-01-26,8005569,8006486,7,8,94
2023-01-26,8005971,8003909,56,56,41
2023-01-26,8005971,8003925,38,39,38
2023-01-26,8005971,8005971,31,78,15
2023-01-26,8006109,8000978,0,7,0
2023-01-26,8006109,8005289,1,7,26
2023-01-26,8006109,8006109,1,14,11
2023-01-26,8006226,8000171,16,16,480
2023-01-26,8006226,8000274,18,18,572
2023-01-26,8006226,8001515,7,13,210
2023-01-26,8006226,8001537,4,8,52
2023-01-26,8006226,8001584,6,6,205
2023-01-26,8006226,8001911,17,17,192
2023-01-26,8006226,8003168,15,17,305
2023-01-26,8006226,8006226,150,182,240
2023-01-26,8006226,8006386,25,30,142
2023-01-26,8006226,8006713,15,16,244
2023-01-26,8006227,8001039,58,69,209
2023-01-26,8006227,8001905,69,69,214
2023-01-26,8006227,8006227,103,138,179
2023-01-26,8006320,8003287,7,20,36
2023-01-26,8006320,8003716,9,20,50
2023-01-26,8006320,8006320,32,58,62
2023-01-26,8006323,8001045,26,30,104
2023-01-26,8006323,8001093,23,34,82
2023-01-26,8006323,8006323,51,69,95
2023-01-26,8006342,8002745,24,34,106
2023-01-26,8006342,8006342,48,68,134
2023-01-26,8006342,8006383,27,34,173
2023-01-26,8006348,8000239,15,20,134
2023-01-26,8006348,8001323,20,20,243
2023-01-26,8006348,8006348,36,40,176
2023-01-26,8006379,8003896,17,17,184
2023-01-26,8006379,8005336,11,15,56
2023-01-26,8006379,8006379,26,32,140
2023-01-26,8006383,8006342,20,34,85
2023-01-26,8006383,8006383,40,68,114
2023-01-26,8006386,8000977,31,37,105
2023-01-26,8006386,8001795,17,18,362
2023-01-26,8006386,8002953,13,14,174
2023-01-26,8006386,8006226,26,31,88
2023-01-26,8006386,8006386,84,139,159
2023-01-26,8006386,8006510,17,21,49
2023-01-26,8006389,8000113,26,37,84
2023-01-26,8006389,8004228,28,37,84
2023-01-26,8006389,8006389,55,74,88
2023-01-26,8006486,8005569,6,9,37
2023-01-26,8006505,8001538,5,20,63
2023-01-26,8006505,8002769,12,20,50
2023-01-26,8006505,8006505,22,40,80
2023-01-26,8006510,8001536,27,39,77
2023-01-26,8006510,8006386,21,21,116
2023-01-26,8006510,8006510,65,78,110
2023-01-26,8006710,8001035,32,35,69
2023-01-26,8006710,8006710,65,70,141
2023-01-26,8006710,8006711,34,35,207
2023-01-26,8006711,8006710,33,35,74
2023-01-26,8006711,8006711,68,70,136
2023-01-26,8006712,8002512,34,39,120
2023-01-26,8006712,8006712,62,79,224
2023-01-27,8000033,8000033,128,189,349
2023-01-27,8000033,8001795,42,55,613
2023-01-27,8000033,8002268,25,41,380
2023-01-27,8000033,8005488,23,39,70
2023-01-27,8000033,8006719,46,54,276
2023-01-27,8000037,8000037,141,177,238
2023-01-27,8000037,8000113,10,21,190
2023-01-27,8000037,8000171,2,2,1080
2023-01-27,8000037,8000392,28,36,518
2023-01-27,8000037,8001524,20,36,15
2023-01-27,8000037,8001795,30,33,275
2023-01-27,8000037,8001836,24,32,169
2023-01-27,8000054,8000054,64,76,141
2023-01-27,8000054,8001137,6,6,80
2023-01-27,8000054,8001182,19,22,113
2023-01-27,8000054,8002992,6,9,240
2023-01-27,8000054,8004676,18,29,127
2023-01-27,8000054,8006453,8,17,58
2023-01-27,8000081,8000081,217,250,166
2023-01-27,8000081,8001531,46,58,123
2023-01-27,8000081,8001542,39,53,67
2023-01-27,8000081,8004230,66,66,267
2023-01-27,8000113,8000037,15,19,142
2023-01-27,8000113,8000113,57,75,189
2023-01-27,8000113,8001066,1,8,-19
2023-01-27,8000113,8006389,28,38,202
2023-01-27,8000164,8000164,158,191,240
2023-01-27,8000164,8000887,10,15,118
2023-01-27,8000164,8001327,64,81,251
2023-01-27,8000164,8001900,21,21,367
2023-01-27,8000164,8001909,17,18,283
2023-01-27,8000164,8002223,14,16,128
2023-01-27,8000164,8002227,18,23,86
2023-01-27,8000164,8002779,17,18,232
2023-01-27,8000171,8000037,2,2,195
2023-01-27,8000171,8000171,131,174,301
2023-01-27,8000171,8000392,50,67,180
2023-01-27,8000171,8001061,32,36,538
2023-01-27,8000171,8003788,24,34,205
2023-01-27,8000171,8003925,8,39,21
2023-01-27,8000171,8006226,16,16,306
2023-01-27,8000171,8006449,6,6,535
2023-01-27,8000186,8003090,1,32,9
2023-01-27,8000186,8003657,7,34,124
2023-01-27,8000239,8000239,63,79,232
2023-01-27,8000239,8001097,14,19,144
2023-01-27,8000239,8004883,37,55,203
2023-01-27,8000239,8006348,19,21,277
2023-01-27,8000358,8000358,114,134,208
2023-01-27,8000358,8004269,57,68,199
2023-01-27,8000358,8004474,62,66,225
2023-01-27,8000392,8000037,29,33,257
2023-01-27,8000392,8000171,53,70,343
2023-01-27,8000392,8000392,111,137,265
2023-01-27,8000392,8001545,28,34,122
2023-01-27,8000605,8000605,63,75,194
2023-01-27,8000605,8004228,30,37,169
2023-01-27,8000605,8004642,28,38,215
2023-01-27,8000745,8000745,42,70,76
2023-01-27,8000745,8001093,24,35,87
2023-01-27,8000745,8001394,19,35,71
2023-01-27,8000793,8000793,3,14,43
2023-01-27,8000793,8002180,3,7,86
2023-01-27,8000793,8005289,0,7,0
2023-01-27,8000904,8000904,5,6,315
2023-01-27,8000904,8001137,1,2,30
2023-01-27,8000904,8003998,4,4,420
2023-01-27,8000927,8000927,52,58,232
2023-01-27,8000927,8000966,8,8,428
2023-01-27,8000927,8003993,25,39,177
2023-01-27,8000927,8004676,20,26,170
2023-01-27,8000966,8000927,8,9,180
2023-01-27,8000966,8000966,15,17,309
2023-01-27,8000966,8005555,8,8,442
2023-01-27,8000977,8000977,58,75,86
2023-01-27,8000977,8006386,20,38,66
2023-01-27,8000978,8000978,3,14,43
2023-01-27,8000978,8003638,0,7,0
2023-01-27,8000978,8006109,3,7,73
2023-01-27,8001035,8001035,60,70,218
2023-01-27,8001035,8006710,33,35,353
2023-01-27,8001038,8001038,33,42,100
2023-01-27,8001038,8002639,17,21,133
2023-01-27,8001038,8006194,12,21,50
2023-01-27,8001039,8001039,117,139,193
2023-01-27,8001039,8004474,50,68,196
2023-01-27,8001039,8006227,52,70,159
2023-01-27,8001045,8001045,73,98,123
2023-01-27,8001045,8001061,1,1,120
2023-01-27,8001045,8002680,16,18,110
2023-01-27,8001045,8003986,46,49,177
2023-01-27,8001045,8006323,19,30,50
2023-01-27,8001061,8000171,29,33,236
2023-01-27,8001061,8001061,62,69,402
2023-01-27,8001061,8001558,18,18,818
2023-01-27,8001066,8000113,6,7,26
2023-01-27,8001066,8001066,7,15,6
2023-01-27,8001066,8003967,6,8,52
2023-01-27,8001093,8000745,19,35,63
2023-01-27,8001093,8001093,40,70,66
2023-01-27,8001093,8006323,23,35,89
2023-01-27,8001097,8000239,15,18,125
2023-01-27,8001097,8001097,33,37,128
2023-01-27,8001097,8005526,19,19,202
2023-01-27,8001137,8000054,2,6,65
2023-01-27,8001137,8000904,4,4,472
2023-01-27,8001137,8001137,26,32,207
2023-01-27,8001137,8002992,7,7,214
2023-01-27,8001137,8003896,11,15,192
2023-01-27,8001182,8000054,20,23,100
2023-01-27,8001213,8002535,14,18,35
2023-01-27,8001357,8001357,24,40,57
2023-01-27,8001357,8002514,16,20,78
2023-01-27,8001357,8005227,9,20,52
2023-01-27,8001394,8000745,33,35,99
2023-01-27,8001394,8001394,59,70,87
2023-01-27,8001394,8001692,27,35,88
2023-01-27,8001505,8001505,97,116,109
2023-01-27,8001505,8001525,35,58,99
2023-01-27,8001505,8001531,46,58,88
2023-01-27,8001515,8001515,45,60,266
2023-01-27,8001515,8001537,24,30,354
2023-01-27,8001515,8001543,16,16,144
2023-01-27,8001515,8006226,14,14,298
2023-01-27,8001516,8001549,49,53,71
2023-01-27,8001519,8001519,72,116,94
2023-01-27,8001519,8001525,37,58,99
2023-01-27,8001519,8001543,35,58,94
2023-01-27,8001521,8001521,31,41,74
2023-01-27,8001521,8001522,18,21,80
2023-01-27,8001521,8001534,13,20,96
2023-01-27,8001522,8001521,20,20,128
2023-01-27,8001522,8001522,163,184,112
2023-01-27,8001522,8001523,14,20,52
2023-01-27,8001522,8001524,38,39,148
2023-01-27,8001522,8001545,13,14,227
2023-01-27,8001523,8001522,20,20,117
2023-01-27,8001523,8001523,33,40,88
2023-01-27,8001523,8001545,16,20,74
2023-01-27,8001524,8000037,36,39,204
2023-01-27,8001524,8001522,23,36,54
2023-01-27,8001524,8001524,59,75,100
2023-01-27,8001525,8001505,32,58,88
2023-01-27,8001525,8001519,35,58,94
2023-01-27,8001525,8001525,67,116,94
2023-01-27,8001526,8001526,84,112,36
2023-01-27,8001526,8001529,56,56,65
2023-01-27,8001526,8003936,28,56,22
2023-01-27,8001527,8001527,61,78,95
2023-01-27,8001527,8001536,16,39,62
2023-01-27,8001528,8001329,18,18,193
2023-01-27,8001528,8001528,35,36,207
2023-01-27,8001528,8001539,17,18,210
2023-01-27,8001529,8001526,3,56,3
2023-01-27,8001530,8001530,89,109,202
2023-01-27,8001530,8001533,34,55,175
2023-01-27,8001530,8004883,47,54,203
2023-01-27,8001531,8000081,33,58,81
2023-01-27,8001531,8001505,51,58,107
2023-01-27,8001531,8001531,67,116,87
2023-01-27,8001532,8001532,33,36,216
2023-01-27,8001532,8001544,18,18,225
2023-01-27,8001533,8001530,48,54,216
2023-01-27,8001533,8001533,81,109,183
2023-01-27,8001534,8001521,3,21,11
2023-01-27,8001534,8001534,16,41,53
2023-01-27,8001534,8001538,13,20,102
2023-01-27,8001536,8001527,32,39,74
2023-01-27,8001536,8001536,35,78,60
2023-01-27,8001536,8006510,34,39,80
2023-01-27,8001537,8001515,20,30,166
2023-01-27,8001537,8001537,56,76,289
2023-01-27,8001537,8003169,29,38,422
2023-01-27,8001537,8006226,7,8,218
2023-01-27,8001538,8001534,4,21,14
2023-01-27,8001538,8001538,21,41,61
2023-01-27,8001538,8006505,13,20,104
2023-01-27,8001539,8001528,17,18,183
2023-01-27,8001539,8001539,34,36,185
2023-01-27,8001539,8001541,17,18,208
2023-01-27,8001540,8001540,77,106,70
2023-01-27,8001540,8001542,26,53,42
2023-01-27,8001540,8001549,51,53,127
2023-01-27,8001541,8001539,15,18,150
2023-01-27,8001541,8001541,33,36,188
2023-01-27,8001541,8001544,17,18,213
2023-01-27,8001542,8000081,17,53,24
2023-01-27,8001542,8001540,43,53,67
2023-01-27,8001542,8001542,64,106,48
2023-01-27,8001543,8001327,72,81,241
2023-01-27,8001543,8001515,14,15,286
2023-01-27,8001543,8001519,31,58,86
2023-01-27,8001543,8001543,139,162,218
2023-01-27,8001544,8001532,15,18,198
2023-01-27,8001544,8001541,18,18,215
2023-01-27,8001544,8001544,35,36,213
2023-01-27,8001545,8000392,27,34,137
2023-01-27,8001545,8001522,13,14,148
2023-01-27,8001545,8001523,18,20,104
2023-01-27,8001545,8001545,56,68,128
2023-01-27,8001546,8001546,88,112,46
2023-01-27,8001546,8003909,35,56,27
2023-01-27,8001546,8003936,56,56,57
2023-01-27,8001549,8001516,50,53,90
2023-01-27,8001549,8001540,30,53,49
2023-01-27,8001549,8001549,100,106,95
2023-01-27,8001692,8001394,24,35,69
2023-01-27,8001692,8001692,54,70,87
2023-01-27,8001692,8002262,27,35,122
2023-01-27,8001700,8001700,35,41,239
2023-01-27,8001700,8003018,19,21,316
2023-01-27,8001700,8003716,14,20,177
2023-01-27,8001729,8001729,1,6,85
2023-01-27,8001729,8004406,0,2,0
2023-01-27,8001795,8000033,49,54,301
2023-01-27,8001795,8000037,29,34,583
2023-01-27,8001795,8001795,91,109,454
2023-01-27,8001795,8006386,7,18,420
2023-01-27,8001836,8000037,18,32,67
2023-01-27,8001836,8001836,41,64,117
2023-01-27,8001836,8002754,23,32,172
2023-01-27,8001851,8005319,5,9,107
2023-01-27,8001943,8001943,62,80,243
2023-01-27,8001943,8002267,27,39,85
2023-01-27,8001943,8004440,20,41,373
2023-01-27,8001980,8001980,16,18,170
2023-01-27,8001980,8003486,7,9,110
2023-01-27,8001980,8004564,9,9,240
2023-01-27,8002073,8002073,59,75,210
2023-01-27,8002073,8003993,32,38,283
2023-01-27,8002073,8004642,27,37,148
2023-01-27,8002180,8000793,0,7,0
2023-01-27,8002180,8002180,3,14,43
2023-01-27,8002180,8003470,3,7,86
2023-01-27,8002262,8001692,30,35,82
2023-01-27,8002262,8002262,57,70,107
2023-01-27,8002262,8005276,26,35,114
2023-01-27,8002267,8001943,28,41,378
2023-01-27,8002267,8002267,53,80,243
2023-01-27,8002267,8002509,27,39,79
2023-01-27,8002268,8000033,16,39,72
2023-01-27,8002268,8002268,46,80,238
2023-01-27,8002268,8002509,26,41,398
2023-01-27,8002509,8002267,27,41,424
2023-01-27,8002509,8002268,24,39,74
2023-01-27,8002509,8002509,53,80,252
2023-01-27,8002512,8002512,64,80,248
2023-01-27,8002512,8004440,26,39,88
2023-01-27,8002512,8006712,28,41,387
2023-01-27,8002514,8001357,6,20,36
2023-01-27,8002514,8002514,23,40,58
2023-01-27,8002514,8002769,20,20,69
2023-01-27,8002535,8001213,10,18,92
2023-01-27,8002535,8002535,27,36,99
2023-01-27,8002535,8003297,15,18,52
2023-01-27,8002639,8001038,15,21,71
2023-01-27,8002639,8002639,30,42,83
2023-01-27,8002639,8002640,12,21,100
2023-01-27,8002640,8002639,6,21,31
2023-01-27,8002680,8000441,36,39,307
2023-01-27,8002680,8001045,17,17,245
2023-01-27,8002680,8002680,55,76,220
2023-01-27,8002680,8003168,11,19,81
2023-01-27,8002745,8002745,51,68,139
2023-01-27,8002745,8003788,29,34,98
2023-01-27,8002745,8006342,26,34,207
2023-01-27,8002754,8001836,10,32,47
2023-01-27,8002754,8002754,33,64,118
2023-01-27,8002754,8003166,23,32,185
2023-01-27,8002769,8002514,14,20,46
2023-01-27,8002769,8002769,33,41,45
2023-01-27,8002769,8006505,7,21,19
2023-01-27,8002779,8000164,18,18,210
2023-01-27,8002779,8001328,16,18,207
2023-01-27,8002779,8002779,34,36,223
2023-01-27,8002953,8002953,52,72,151
2023-01-27,8002953,8003657,14,14,358
2023-01-27,8002953,8003939,15,17,178
2023-01-27,8002953,8006386,13,14,150
2023-01-27,8002992,8000054,11,11,251
2023-01-27,8002992,8001137,4,7,291
2023-01-27,8002992,8002992,16,20,250
2023-01-27,8002992,8003998,1,2,60
2023-01-27,8003018,8001700,16,20,116
2023-01-27,8003018,8003018,25,41,179
2023-01-27,8003090,8000186,9,32,125
2023-01-27,8003090,8003090,35,64,83
2023-01-27,8003090,8003166,27,32,58
2023-01-27,8003166,8002754,10,32,47
2023-01-27,8003166,8003090,8,32,128
2023-01-27,8003166,8003166,29,64,91
2023-01-27,8003168,8002680,19,19,398
2023-01-27,8003168,8003168,86,115,307
2023-01-27,8003168,8003169,31,38,171
2023-01-27,8003168,8004448,24,30,371
2023-01-27,8003168,8006226,17,19,166
2023-01-27,8003168,8006449,1,1,5400
2023-01-27,8003169,8001537,27,38,163
2023-01-27,8003169,8003168,26,38,398
2023-01-27,8003169,8003169,59,76,289
2023-01-27,8003287,8003287,30,41,179
2023-01-27,8003287,8003939,18,20,166
2023-01-27,8003287,8006320,13,21,183
2023-01-27,8003297,8002535,15,18,220
2023-01-27,8003297,8003297,28,36,130
2023-01-27,8003297,8003950,10,18,42
2023-01-27,8003470,8002180,0,7,0
2023-01-27,8003470,8003470,3,14,43
2023-01-27,8003470,8004273,3,7,73
2023-01-27,8003486,8001980,8,9,247
2023-01-27,8003486,8003486,11,16,163
2023-01-27,8003486,8003493,8,16,58
2023-01-27,8003493,8000187,11,16,71
2023-01-27,8003493,8003486,12,16,111
2023-01-27,8003493,8003493,17,32,79
2023-01-27,8003621,8003621,14,18,163
2023-01-27,8003621,8004564,6,9,113
2023-01-27,8003621,8005319,8,9,203
2023-01-27,8003638,8000978,3,7,86
2023-01-27,8003638,8003638,3,14,36
2023-01-27,8003638,8003965,0,7,0
2023-01-27,8003657,8000186,20,33,595
2023-01-27,8003657,8002953,18,20,147
2023-01-27,8003657,8003657,45,67,287
2023-01-27,8003716,8001700,17,21,254
2023-01-27,8003716,8003716,32,41,209
2023-01-27,8003716,8006320,17,20,195
2023-01-27,8003788,8000171,21,34,88
2023-01-27,8003788,8002745,23,34,202
2023-01-27,8003788,8003788,56,68,159
2023-01-27,8003896,8001137,16,17,242
2023-01-27,8003896,8003896,29,32,238
2023-01-27,8003896,8006379,12,15,204
2023-01-27,8003909,8001546,55,56,65
2023-01-27,8003909,8003909,93,112,52
2023-01-27,8003909,8005971,39,56,43
2023-01-27,8003925,8000171,34,39,55
2023-01-27,8003925,8003925,57,78,52
2023-01-27,8003925,8005971,17,39,24
2023-01-27,8003936,8001526,33,56,28
2023-01-27,8003936,8001546,55,56,61
2023-01-27,8003936,8003936,111,112,50
2023-01-27,8003939,8002953,14,17,122
2023-01-27,8003939,8003287,15,21,171
2023-01-27,8003939,8003939,33,41,168
2023-01-27,8003950,8003297,17,18,238
2023-01-27,8003950,8003950,29,36,148
2023-01-27,8003950,8070483,14,18,50
2023-01-27,8003965,8003638,3,7,73
2023-01-27,8003965,8003965,3,14,43
2023-01-27,8003965,8003967,1,7,-9
2023-01-27,8003967,8001066,1,7,9
2023-01-27,8003967,8003965,3,7,86
2023-01-27,8003967,8003967,7,14,47
2023-01-27,8003993,8000927,32,38,323
2023-01-27,8003993,8002073,33,37,166
2023-01-27,8003993,8003993,64,75,230
2023-01-27,8003998,8000904,1,2,45
2023-01-27,8003998,8002992,4,4,375
2023-01-27,8003998,8003998,5,6,280
2023-01-27,8004228,8000605,35,38,217
2023-01-27,8004228,8004228,56,75,187
2023-01-27,8004228,8006389,27,37,180
2023-01-27,8004230,8000081,54,68,185
2023-01-27,8004230,8004230,124,134,240
2023-01-27,8004230,8004419,63,66,249
2023-01-27,8004269,8000358,64,66,245
2023-01-27,8004269,8004269,121,134,221
2023-01-27,8004269,8004288,59,68,206
2023-01-27,8004273,8003470,0,7,0
2023-01-27,8004288,8004269,64,66,237
2023-01-27,8004288,8004288,123,134,219
2023-01-27,8004288,8004419,56,68,195
2023-01-27,8004419,8004230,58,68,252
2023-01-27,8004419,8004288,58,66,220
2023-01-27,8004419,8004419,121,134,230
2023-01-27,8004440,8001943,35,39,116
2023-01-27,8004440,8002512,32,41,391
2023-01-27,8004440,8004440,59,80,247
2023-01-27,8004448,8003168,21,30,144
2023-01-27,8004448,8004448,46,60,255
2023-01-27,8004474,8000358,52,68,190
2023-01-27,8004474,8001039,57,66,195
2023-01-27,8004474,8004474,111,134,201
2023-01-27,8004564,8001980,8,9,120
2023-01-27,8004564,8003621,9,9,277
2023-01-27,8004564,8004564,17,18,193
2023-01-27,8004642,8000605,30,37,166
2023-01-27,8004642,8002073,30,38,234
2023-01-27,8004642,8004642,59,75,189
2023-01-27,8004676,8000054,23,26,196
2023-01-27,8004676,8000927,26,29,148
2023-01-27,8004676,8004676,43,55,153
2023-01-27,8004883,8000239,47,54,195
2023-01-27,8004883,8001530,43,55,201
2023-01-27,8004883,8004883,84,109,202
2023-01-27,8005227,8001357,16,20,68
2023-01-27,8005289,8000793,3,7,86
2023-01-27,8005289,8005289,3,14,43
2023-01-27,8005289,8006109,0,7,0
2023-01-27,8005319,8001851,7,9,193
2023-01-27,8005319,8003621,6,9,120
2023-01-27,8005319,8005319,13,18,157
2023-01-27,8005488,8000033,27,41,363
2023-01-27,8005488,8005488,51,80,230
2023-01-27,8005488,8006607,11,39,58
2023-01-27,8005525,8003783,19,19,202
2023-01-27,8005525,8005525,37,37,160
2023-01-27,8005525,8005526,18,18,118
2023-01-27,8005526,8001097,18,18,95
2023-01-27,8005526,8005525,19,19,221
2023-01-27,8005526,8005526,37,37,170
2023-01-27,8005555,8000966,7,9,210
2023-01-27,8005555,8005555,17,17,316
2023-01-27,8005555,8005569,7,8,405
2023-01-27,8005569,8005555,7,9,213
2023-01-27,8005569,8005569,14,17,302
2023-01-27,8005569,8006486,7,8,394
2023-01-27,8005971,8003909,56,56,47
2023-01-27,8005971,8003925,39,39,52
2023-01-27,8005971,8005971,36,78,24
2023-01-27,8006109,8000978,0,7,0
2023-01-27,8006109,8005289,3,7,86
2023-01-27,8006109,8006109,3,14,36
2023-01-27,8006226,8000171,16,16,429
2023-01-27,8006226,8000274,14,16,339
2023-01-27,8006226,8001515,11,15,366
2023-01-27,8006226,8001537,7,8,641
2023-01-27,8006226,8001584,7,7,549
2023-01-27,8006226,8001585,2,2,420
2023-01-27,8006226,8001911,14,17,159
2023-01-27,8006226,8003168,15,17,328
2023-01-27,8006226,8006226,157,183,294
2023-01-27,8006226,8006386,28,30,186
2023-01-27,8006226,8006713,15,16,279
2023-01-27,8006227,8001039,60,69,227
2023-01-27,8006227,8001905,70,70,201
2023-01-27,8006227,8006227,108,139,180
2023-01-27,8006320,8003287,16,20,171
2023-01-27,8006320,8003716,16,21,239
2023-01-27,8006320,8006320,46,59,220
2023-01-27,8006323,8001045,30,30,119
2023-01-27,8006323,8001093,24,35,52
2023-01-27,8006323,8006323,47,70,67
2023-01-27,8006342,8002745,29,34,81
2023-01-27,8006342,8006342,57,68,146
2023-01-27,8006342,8006383,28,34,223
2023-01-27,8006348,8000239,20,21,364
2023-01-27,8006348,8001323,20,21,383
2023-01-27,8006348,8006348,40,42,354
2023-01-27,8006379,8003896,17,17,302
2023-01-27,8006379,8005336,10,15,184
2023-01-27,8006379,8006379,27,32,259
2023-01-27,8006383,8006342,21,34,56
2023-01-27,8006383,8006383,45,68,123
2023-01-27,8006386,8000977,36,37,92
2023-01-27,8006386,8001795,17,18,363
2023-01-27,8006386,8002953,11,14,298
2023-01-27,8006386,8006226,28,31,142
2023-01-27,8006386,8006386,93,139,188
2023-01-27,8006386,8006510,14,21,77
2023-01-27,8006389,8000113,25,37,173
2023-01-27,8006389,8004228,27,38,196
2023-01-27,8006389,8006389,56,75,192
2023-01-27,8006486,8005569,7,9,207
2023-01-27,8006505,8001538,8,21,27
2023-01-27,8006505,8002769,7,20,26
2023-01-27,8006505,8006505,20,41,44
2023-01-27,8006510,8001536,18,39,60
2023-01-27,8006510,8006386,19,21,89
2023-01-27,8006510,8006510,50,78,85
2023-01-27,8006710,8001035,26,35,104
2023-01-27,8006710,8006710,64,70,225
2023-01-27,8006710,8006711,34,35,326
2023-01-27,8006711,8006710,34,35,115
2023-01-27,8006711,8006711,67,70,218
2023-01-27,8006712,8002512,34,39,105
2023-01-27,8006712,8006712,64,80,248
2023-01-28,8000033,8000033,124,193,205
2023-01-28,8000033,8001795,45,70,271
2023-01-28,8000033,8002268,12,26,112
2023-01-28,8000033,8005488,14,27,47
2023-01-28,8000033,8006719,54,70,237
2023-01-28,8000037,8000037,112,147,137
2023-01-28,8000037,8000113,9,20,38
2023-01-28,8000037,8000171,2,2,330
2023-01-28,8000037,8000392,25,33,301
2023-01-28,8000037,8001524,10,19,0
2023-01-28,8000037,8001795,32,33,208
2023-01-28,8000037,8001836,12,20,40
2023-01-28,8000054,8000054,41,68,66
2023-01-28,8000054,8001137,1,6,10
2023-01-28,8000054,8001182,13,19,107
2023-01-28,8000054,8002992,6,9,57
2023-01-28,8000054,8004676,14,27,42
2023-01-28,8000054,8006453,7,14,45
2023-01-28,8000081,8000081,133,170,189
2023-01-28,8000081,8001531,32,42,103
2023-01-28,8000081,8001542,19,36,42
2023-01-28,8000081,8004230,39,43,121
2023-01-28,8000113,8000037,13,18,63
2023-01-28,8000113,8000113,50,81,121
2023-01-28,8000113,8001066,1,8,-19
2023-01-28,8000113,8006389,23,41,90
2023-01-28,8000164,8000164,150,195,152
2023-01-28,8000164,8000887,11,15,100
2023-01-28,8000164,8001327,67,84,191
2023-01-28,8000164,8001900,21,24,106
2023-01-28,8000164,8001909,15,18,110
2023-01-28,8000164,8002223,14,15,104
2023-01-28,8000164,8002227,13,23,78
2023-01-28,8000164,8002779,12,17,79
2023-01-28,8000171,8000037,2,2,150
2023-01-28,8000171,8000171,101,163,200
2023-01-28,8000171,8000392,29,65,90
2023-01-28,8000171,8001061,26,33,313
2023-01-28,8000171,8003788,18,31,118
2023-01-28,8000171,8003925,9,37,15
2023-01-28,8000171,8006226,15,15,386
2023-01-28,8000171,8006449,5,5,606
2023-01-28,8000186,8003090,0,19,0
2023-01-28,8000186,8003657,0,32,0
2023-01-28,8000239,8000239,41,77,155
2023-01-28,8000239,8001097,6,18,5
2023-01-28,8000239,8004883,16,39,112
2023-01-28,8000239,8006348,15,21,389
2023-01-28,8000358,8000358,54,86,262
2023-01-28,8000358,8004269,35,43,439
2023-01-28,8000358,8004474,21,43,93
2023-01-28,8000392,8000037,26,33,155
2023-01-28,8000392,8000171,42,65,201
2023-01-28,8000392,8000392,81,130,144
2023-01-28,8000392,8001545,18,32,36
2023-01-28,8000605,8000605,64,81,134
2023-01-28,8000605,8004228,29,40,150
2023-01-28,8000605,8004642,29,41,108
2023-01-28,8000745,8000745,24,67,60
2023-01-28,8000745,8001093,11,33,54
2023-01-28,8000745,8001394,11,33,53
2023-01-28,8000793,8000793,1,16,8
2023-01-28,8000793,8002180,1,8,15
2023-01-28,8000793,8005289,0,8,0
2023-01-28,8000904,8000904,5,6,35
2023-01-28,8000904,8001137,2,2,45
2023-01-28,8000904,8003998,1,4,15
2023-01-28,8000927,8000927,65,75,140
2023-01-28,8000927,8000966,11,12,178
2023-01-28,8000927,8003993,36,42,158
2023-01-28,8000927,8004676,22,25,120
2023-01-28,8000966,8000927,10,13,134
2023-01-28,8000966,8000966,15,25,132
2023-01-28,8000966,8005555,11,12,180
2023-01-28,8000977,8000977,55,80,77
2023-01-28,8000977,8006386,20,40,35
2023-01-28,8000978,8000978,1,16,8
2023-01-28,8000978,8003638,0,8,0
2023-01-28,8000978,8006109,1,8,11
2023-01-28,8001035,8001035,25,44,46
2023-01-28,8001035,8006710,21,22,110
2023-01-28,8001038,8001038,29,44,55
2023-01-28,8001038,8002639,18,22,90
2023-01-28,8001038,8006194,3,22,11
2023-01-28,8001039,8001039,58,86,266
2023-01-28,8001039,8004474,33,43,431
2023-01-28,8001039,8006227,20,43,83
2023-01-28,8001045,8001045,45,73,81
2023-01-28,8001045,8002680,15,18,70
2023-01-28,8001045,8003986,28,34,131
2023-01-28,8001045,8006323,12,21,50
2023-01-28,8001061,8000171,20,33,160
2023-01-28,8001061,8001061,52,66,248
2023-01-28,8001061,8001558,14,17,388
2023-01-28,8001066,8000113,7,8,34
2023-01-28,8001066,8001066,8,16,6
2023-01-28,8001066,8003967,2,8,11
2023-01-28,8001093,8000745,13,34,54
2023-01-28,8001093,8001093,19,67,43
2023-01-28,8001093,8006323,10,33,54
2023-01-28,8001097,8000239,13,17,60
2023-01-28,8001097,8001097,26,35,36
2023-01-28,8001097,8005526,18,18,85
2023-01-28,8001137,8000054,5,6,50
2023-01-28,8001137,8000904,3,4,60
2023-01-28,8001137,8001137,26,32,75
2023-01-28,8001137,8002992,7,7,146
2023-01-28,8001137,8003896,10,15,58
2023-01-28,8001182,8000054,14,19,39
2023-01-28,8001213,8002535,12,16,39
2023-01-28,8001357,8001357,26,40,48
2023-01-28,8001357,8002514,19,20,63
2023-01-28,8001357,8005227,9,20,54
2023-01-28,8001358,8001358,3,4,135
2023-01-28,8001358,8002835,1,2,0
2023-01-28,8001358,8003424,2,2,285
2023-01-28,8001394,8000745,19,32,40
2023-01-28,8001394,8001394,33,65,48
2023-01-28,8001394,8001692,14,33,60
2023-01-28,8001505,8001505,64,84,112
2023-01-28,8001505,8001525,24,42,91
2023-01-28,8001505,8001531,30,42,108
2023-01-28,8001515,8001515,41,61,279
2023-01-28,8001515,8001537,24,30,436
2023-01-28,8001515,8001543,13,14,62
2023-01-28,8001515,8006226,14,17,212
2023-01-28,8001516,8001549,38,38,53
2023-01-28,8001519,8001519,45,84,99
2023-01-28,8001519,8001525,24,42,121
2023-01-28,8001519,8001543,21,42,80
2023-01-28,8001521,8001521,27,38,49
2023-01-28,8001521,8001522,13,19,52
2023-01-28,8001521,8001534,12,19,51
2023-01-28,8001522,8001521,19,19,88
2023-01-28,8001522,8001522,121,147,68
2023-01-28,8001522,8001523,8,22,27
2023-01-28,8001522,8001524,24,26,87
2023-01-28,8001522,8001545,9,10,177
2023-01-28,8001523,8001522,17,22,48
2023-01-28,8001523,8001523,22,44,31
2023-01-28,8001523,8001545,11,22,33
2023-01-28,8001524,8000037,23,26,107
2023-01-28,8001524,8001522,10,19,25
2023-01-28,8001524,8001524,33,45,60
2023-01-28,8001525,8001505,20,42,109
2023-01-28,8001525,8001519,20,42,81
2023-01-28,8001525,8001525,42,84,99
2023-01-28,8001526,8001526,53,74,41
2023-01-28,8001526,8001529,37,37,75
2023-01-28,8001526,8003936,16,37,24
2023-01-28,8001527,8001527,58,82,52
2023-01-28,8001527,8001536,17,41,24
2023-01-28,8001528,8001329,15,17,120
2023-01-28,8001528,8001528,26,34,113
2023-01-28,8001528,8001539,10,17,90
2023-01-28,8001529,8001526,3,37,10
2023-01-28,8001530,8001530,56,79,168
2023-01-28,8001530,8001533,16,39,113
2023-01-28,8001530,8004883,32,40,214
2023-01-28,8001531,8000081,25,42,107
2023-01-28,8001531,8001505,34,42,94
2023-01-28,8001531,8001531,48,84,91
2023-01-28,8001532,8001532,31,34,123
2023-01-28,8001532,8001544,17,17,150
2023-01-28,8001533,8001530,36,40,228
2023-01-28,8001533,8001533,52,79,163
2023-01-28,8001534,8001521,3,19,11
2023-01-28,8001534,8001534,14,38,28
2023-01-28,8001534,8001538,12,19,55
2023-01-28,8001536,8001527,27,41,36
2023-01-28,8001536,8001536,33,82,22
2023-01-28,8001536,8006510,28,41,33
2023-01-28,8001537,8001515,16,31,116
2023-01-28,8001537,8001537,52,76,271
2023-01-28,8001537,8003169,29,38,433
2023-01-28,8001537,8006226,7,7,103
2023-01-28,8001538,8001534,3,19,11
2023-01-28,8001538,8001538,19,38,39
2023-01-28,8001538,8006505,14,19,63
2023-01-28,8001539,8001528,15,17,127
2023-01-28,8001539,8001539,28,34,103
2023-01-28,8001539,8001541,13,17,97
2023-01-28,8001540,8001540,51,74,49
2023-01-28,8001540,8001542,17,38,22
2023-01-28,8001540,8001549,36,36,105
2023-01-28,8001541,8001539,14,17,90
2023-01-28,8001541,8001541,27,34,102
2023-01-28,8001541,8001544,12,17,106
2023-01-28,8001542,8000081,17,38,13
2023-01-28,8001542,8001540,23,36,48
2023-01-28,8001542,8001542,36,74,29
2023-01-28,8001543,8001327,76,84,131
2023-01-28,8001543,8001515,11,13,434
2023-01-28,8001543,8001519,23,42,115
2023-01-28,8001543,8001543,127,167,138
2023-01-28,8001544,8001532,10,17,90
2023-01-28,8001544,8001541,17,17,146
2023-01-28,8001544,8001544,29,34,120
2023-01-28,8001545,8000392,16,32,74
2023-01-28,8001545,8001522,9,10,48
2023-01-28,8001545,8001523,12,22,35
2023-01-28,8001545,8001545,32,64,53
2023-01-28,8001546,8001546,45,74,39
2023-01-28,8001546,8003909,17,37,26
2023-01-28,8001546,8003936,37,37,51
2023-01-28,8001549,8001516,34,36,69
2023-01-28,8001549,8001540,23,38,33
2023-01-28,8001549,8001549,74,74,75
2023-01-28,8001692,8001394,11,32,24
2023-01-28,8001692,8001692,29,65,46
2023-01-28,8001692,8002262,19,33,73
2023-01-28,8001700,8001700,19,35,125
2023-01-28,8001700,8003018,10,17,122
2023-01-28,8001700,8003716,3,18,100
2023-01-28,8001729,8001729,8,11,747
2023-01-28,8001729,8003018,2,2,60
2023-01-28,8001729,8004406,1,2,120
2023-01-28,8001729,8004407,1,2,405
2023-01-28,8001795,8000033,59,70,256
2023-01-28,8001795,8000037,22,32,305
2023-01-28,8001795,8001795,105,140,273
2023-01-28,8001795,8006386,9,17,157
2023-01-28,8001836,8000037,11,19,44
2023-01-28,8001836,8001836,23,39,43
2023-01-28,8001836,8002754,13,20,54
2023-01-28,8001851,8001851,3,4,218
2023-01-28,8001851,8003791,2,2,420
2023-01-28,8001851,8005319,5,9,167
2023-01-28,8001943,8001943,41,53,97
2023-01-28,8001943,8002267,17,27,70
2023-01-28,8001943,8004440,11,26,97
2023-01-28,8001976,8001976,3,4,142
2023-01-28,8001976,8003018,2,2,225
2023-01-28,8001976,8003424,1,2,0
2023-01-28,8001980,8001980,14,17,259
2023-01-28,8001980,8003486,6,9,187
2023-01-28,8001980,8004564,8,8,386
2023-01-28,8002073,8002073,70,81,144
2023-01-28,8002073,8003993,36,41,140
2023-01-28,8002073,8004642,31,40,137
2023-01-28,8002180,8000793,0,8,0
2023-01-28,8002180,8002180,1,16,8
2023-01-28,8002180,8003470,1,8,15
2023-01-28,8002262,8001692,15,32,32
2023-01-28,8002262,8002262,37,65,57
2023-01-28,8002262,8005276,14,33,64
2023-01-28,8002267,8001943,15,26,100
2023-01-28,8002267,8002267,29,53,82
2023-01-28,8002267,8002509,16,27,64
2023-01-28,8002268,8000033,15,27,53
2023-01-28,8002268,8002268,24,53,81
2023-01-28,8002268,8002509,13,26,110
2023-01-28,8002509,8002267,12,26,108
2023-01-28,8002509,8002268,15,27,59
2023-01-28,8002509,8002509,30,53,88
2023-01-28,8002512,8002512,43,53,105
2023-01-28,8002512,8004440,17,27,80
2023-01-28,8002512,8006712,15,26,114
2023-01-28,8002514,8001357,7,20,36
2023-01-28,8002514,8002514,26,40,49
2023-01-28,8002514,8002769,18,19,63
2023-01-28,8002535,8001213,9,16,41
2023-01-28,8002535,8002535,23,32,70
2023-01-28,8002535,8003297,11,16,62
2023-01-28,8002639,8001038,13,22,30
2023-01-28,8002639,8002639,28,44,90
2023-01-28,8002639,8002640,15,22,147
2023-01-28,8002640,8002639,5,22,7
2023-01-28,8002680,8000441,31,37,334
2023-01-28,8002680,8001045,13,14,92
2023-01-28,8002680,8002680,40,72,178
2023-01-28,8002680,8003168,6,19,36
2023-01-28,8002745,8002745,38,62,75
2023-01-28,8002745,8003788,20,31,58
2023-01-28,8002745,8006342,18,31,91
2023-01-28,8002754,8001836,5,19,16
2023-01-28,8002754,8002754,18,39,48
2023-01-28,8002754,8003166,11,20,75
2023-01-28,8002769,8002514,13,19,43
2023-01-28,8002769,8002769,29,38,40
2023-01-28,8002769,8006505,6,19,19
2023-01-28,8002779,8000164,16,17,159
2023-01-28,8002779,8001328,15,17,90
2023-01-28,8002779,8002779,31,34,131
2023-01-28,8002826,8002826,3,4,158
2023-01-28,8002826,8005731,2,2,255
2023-01-28,8002826,8006118,1,2,0
2023-01-28,8002835,8001358,2,2,225
2023-01-28,8002835,8002835,4,4,142
2023-01-28,8002835,8005731,2,2,60
2023-01-28,8002953,8002953,52,69,281
2023-01-28,8002953,8003657,14,15,536
2023-01-28,8002953,8003939,11,15,206
2023-01-28,8002953,8006386,9,12,265
2023-01-28,8002992,8000054,7,11,82
2023-01-28,8002992,8001137,5,7,47
2023-01-28,8002992,8002992,13,20,72
2023-01-28,8002992,8003998,2,2,60
2023-01-28,8003018,8001700,9,18,117
2023-01-28,8003018,8001729,2,2,315
2023-01-28,8003018,8001976,1,2,15
2023-01-28,8003018,8003018,15,39,106
2023-01-28,8003090,8000186,4,20,9
2023-01-28,8003090,8003090,20,39,19
2023-01-28,8003090,8003166,16,19,46
2023-01-28,8003166,8002754,7,19,22
2023-01-28,8003166,8003090,4,20,14
2023-01-28,8003166,8003166,19,39,25
2023-01-28,8003168,8002680,18,18,555
2023-01-28,8003168,8003168,82,114,278
2023-01-28,8003168,8003169,28,38,133
2023-01-28,8003168,8004448,18,30,329
2023-01-28,8003168,8006226,11,19,88
2023-01-28,8003168,8006449,1,1,210
2023-01-28,8003169,8001537,22,38,123
2023-01-28,8003169,8003168,27,38,413
2023-01-28,8003169,8003169,55,76,277
2023-01-28,8003287,8003287,14,35,125
2023-01-28,8003287,8003939,4,18,97
2023-01-28,8003287,8006320,9,17,146
2023-01-28,8003297,8002535,12,16,148
2023-01-28,8003297,8003297,23,32,94
2023-01-28,8003297,8003950,5,16,38
2023-01-28,8003424,8001358,2,2,45
2023-01-28,8003424,8001976,2,2,330
2023-01-28,8003424,8003424,4,4,180
2023-01-28,8003470,8002180,0,8,0
2023-01-28,8003470,8003470,1,16,8
2023-01-28,8003470,8004273,1,8,11
2023-01-28,8003486,8001980,7,8,330
2023-01-28,8003486,8003486,11,14,315
2023-01-28,8003486,8003493,8,14,129
2023-01-28,8003493,8000187,11,14,146
2023-01-28,8003493,8003486,13,14,199
2023-01-28,8003493,8003493,16,28,142
2023-01-28,8003621,8003621,12,17,244
2023-01-28,8003621,8004564,5,9,173
2023-01-28,8003621,8005319,8,8,330
2023-01-28,8003638,8000978,1,8,15
2023-01-28,8003638,8003638,1,16,6
2023-01-28,8003638,8003965,0,8,0
2023-01-28,8003657,8000186,18,31,220
2023-01-28,8003657,8002953,17,18,140
2023-01-28,8003657,8003657,31,63,135
2023-01-28,8003716,8001700,9,17,125
2023-01-28,8003716,8003716,10,35,111
2023-01-28,8003716,8006320,8,18,113
2023-01-28,8003788,8000171,13,31,32
2023-01-28,8003788,8002745,18,31,110
2023-01-28,8003788,8003788,41,62,85
2023-01-28,8003791,8001851,1,2,30
2023-01-28,8003791,8003791,3,4,188
2023-01-28,8003791,8006117,2,2,375
2023-01-28,8003896,8001137,16,17,104
2023-01-28,8003896,8003896,28,32,84
2023-01-28,8003896,8006379,9,15,40
2023-01-28,8003909,8001546,35,37,55
2023-01-28,8003909,8003909,55,74,46
2023-01-28,8003909,8005971,18,37,32
2023-01-28,8003925,8000171,23,37,35
2023-01-28,8003925,8003925,47,74,38
2023-01-28,8003925,8005971,11,37,10
2023-01-28,8003936,8001526,18,37,26
2023-01-28,8003936,8001546,34,37,58
2023-01-28,8003936,8003936,71,74,48
2023-01-28,8003939,8002953,10,16,124
2023-01-28,8003939,8003287,8,17,152
2023-01-28,8003939,8003939,12,35,126
2023-01-28,8003950,8003297,14,16,128
2023-01-28,8003950,8003950,19,32,92
2023-01-28,8003950,8070483,9,17,69
2023-01-28,8003965,8003638,1,8,11
2023-01-28,8003965,8003965,1,16,8
2023-01-28,8003965,8003967,0,8,0
2023-01-28,8003967,8001066,0,8,0
2023-01-28,8003967,8003965,1,8,15
2023-01-28,8003967,8003967,1,16,8
2023-01-28,8003993,8000927,31,42,139
2023-01-28,8003993,8002073,38,40,163
2023-01-28,8003993,8003993,66,81,154
2023-01-28,8003998,8000904,1,2,30
2023-01-28,8003998,8002992,0,4,0
2023-01-28,8003998,8003998,3,6,20
2023-01-28,8004228,8000605,33,41,111
2023-01-28,8004228,8004228,52,81,126
2023-01-28,8004228,8006389,30,40,166
2023-01-28,8004230,8000081,34,43,424
2023-01-28,8004230,8004230,77,86,276
2023-01-28,8004230,8004419,33,43,108
2023-01-28,8004269,8000358,32,43,114
2023-01-28,8004269,8004269,67,86,276
2023-01-28,8004269,8004288,37,43,445
2023-01-28,8004273,8003470,0,8,0
2023-01-28,8004288,8004269,34,43,110
2023-01-28,8004288,8004288,71,86,276
2023-01-28,8004288,8004419,37,43,435
2023-01-28,8004419,8004230,38,43,438
2023-01-28,8004419,8004288,20,43,91
2023-01-28,8004419,8004419,71,86,269
2023-01-28,8004440,8001943,26,27,117
2023-01-28,8004440,8002512,20,26,122
2023-01-28,8004440,8004440,42,53,105
2023-01-28,8004448,8003168,21,30,80
2023-01-28,8004448,8004448,43,60,203
2023-01-28,8004474,8000358,33,43,428
2023-01-28,8004474,8001039,24,43,87
2023-01-28,8004474,8004474,55,86,258
2023-01-28,8004564,8001980,9,9,207
2023-01-28,8004564,8003621,7,8,390
2023-01-28,8004564,8004564,16,17,293
2023-01-28,8004642,8000605,35,40,158
2023-01-28,8004642,8002073,35,41,132
2023-01-28,8004642,8004642,66,81,131
2023-01-28,8004676,8000054,18,25,130
2023-01-28,8004676,8000927,23,27,64
2023-01-28,8004676,8004676,38,52,84
2023-01-28,8004883,8000239,31,40,190
2023-01-28,8004883,8001530,25,39,115
2023-01-28,8004883,8004883,50,79,161
2023-01-28,8005227,8001357,15,20,45
2023-01-28,8005289,8000793,1,8,15
2023-01-28,8005289,8005289,1,16,8
2023-01-28,8005289,8006109,0,8,0
2023-01-28,8005319,8001851,7,8,330
2023-01-28,8005319,8003621,8,9,180
2023-01-28,8005319,8005319,15,17,256
2023-01-28,8005488,8000033,14,26,114
2023-01-28,8005488,8005488,31,53,91
2023-01-28,8005488,8006607,10,27,39
2023-01-28,8005525,8003783,18,18,82
2023-01-28,8005525,8005525,35,35,76
2023-01-28,8005525,8005526,17,17,74
2023-01-28,8005526,8001097,17,17,48
2023-01-28,8005526,8005525,18,18,103
2023-01-28,8005526,8005526,35,35,89
2023-01-28,8005555,8000966,11,13,99
2023-01-28,8005555,8005555,23,25,139
2023-01-28,8005555,8005569,11,12,185
2023-01-28,8005569,8005555,4,13,92
2023-01-28,8005569,8005569,15,25,137
2023-01-28,8005569,8006486,10,12,158
2023-01-28,8005731,8002826,1,2,0
2023-01-28,8005731,8002835,2,2,255
2023-01-28,8005731,8005731,3,4,120
2023-01-28,8005971,8003909,37,37,36
2023-01-28,8005971,8003925,34,37,41
2023-01-28,8005971,8005971,23,74,12
2023-01-28,8006109,8000978,0,8,0
2023-01-28,8006109,8005289,1,8,15
2023-01-28,8006109,8006109,1,16,6
2023-01-28,8006117,8003791,2,2,30
2023-01-28,8006117,8006117,4,4,210
2023-01-28,8006117,8006118,2,2,420
2023-01-28,8006118,8002826,2,2,375
2023-01-28,8006118,8006117,2,2,60
2023-01-28,8006118,8006118,4,4,240
2023-01-28,8006226,8000171,15,15,510
2023-01-28,8006226,8001515,15,16,489
2023-01-28,8006226,8001537,6,8,439
2023-01-28,8006226,8001584,8,8,210
2023-01-28,8006226,8001585,17,17,304
2023-01-28,8006226,8001911,16,16,90
2023-01-28,8006226,8003168,14,16,564
2023-01-28,8006226,8006226,142,175,321
2023-01-28,8006226,8006386,24,28,213
2023-01-28,8006226,8006713,16,16,322
2023-01-28,8006227,8001039,35,43,454
2023-01-28,8006227,8001905,43,43,133
2023-01-28,8006227,8006227,53,86,261
2023-01-28,8006320,8003287,2,18,93
2023-01-28,8006320,8003716,5,17,120
2023-01-28,8006320,8006320,21,52,102
2023-01-28,8006323,8001045,13,19,73
2023-01-28,8006323,8001093,17,34,41
2023-01-28,8006323,8006323,27,67,47
2023-01-28,8006342,8002745,20,31,55
2023-01-28,8006342,8006342,38,62,69
2023-01-28,8006342,8006383,18,31,86
2023-01-28,8006348,8000239,12,21,163
2023-01-28,8006348,8001323,19,21,463
2023-01-28,8006348,8006348,31,42,300
2023-01-28,8006379,8003896,17,17,155
2023-01-28,8006379,8005336,8,15,20
2023-01-28,8006379,8006379,27,32,111
2023-01-28,8006383,8006342,16,31,36
2023-01-28,8006383,8006383,30,62,47
2023-01-28,8006386,8000977,31,40,105
2023-01-28,8006386,8001795,15,17,191
2023-01-28,8006386,8002953,11,12,222
2023-01-28,8006386,8006226,23,28,189
2023-01-28,8006386,8006386,80,138,119
2023-01-28,8006386,8006510,11,24,21
2023-01-28,8006389,8000113,29,40,147
2023-01-28,8006389,8004228,25,41,94
2023-01-28,8006389,8006389,57,81,126
2023-01-28,8006486,8005569,4,13,92
2023-01-28,8006505,8001538,7,19,24
2023-01-28,8006505,8002769,10,19,21
2023-01-28,8006505,8006505,24,38,35
2023-01-28,8006510,8001536,12,41,18
2023-01-28,8006510,8006386,22,24,66
2023-01-28,8006510,8006510,43,82,36
2023-01-28,8006710,8001035,12,22,20
2023-01-28,8006710,8006710,40,44,74
2023-01-28,8006710,8006711,19,22,101
2023-01-28,8006711,8006710,22,22,61
2023-01-28,8006711,8006711,41,44,76
2023-01-28,8006712,8002512,25,27,99
2023-01-28,8006712,8006712,42,53,112
2023-01-29,8000033,8000033,105,175,593
2023-01-29,8000033,8001795,42,63,960
2023-01-29,8000033,8002268,10,23,65
2023-01-29,8000033,8005488,13,25,53
2023-01-29,8000033,8006719,38,64,621
2023-01-29,8000037,8000037,94,133,451
2023-01-29,8000037,8000113,11,18,112
2023-01-29,8000037,8000171,2,2,240
2023-01-29,8000037,8000392,23,31,1187
2023-01-29,8000037,8001524,11,17,18
2023-01-29,8000037,8001795,22,28,634
2023-01-29,8000037,8001836,7,18,30
2023-01-29,8000054,8000054,50,64,112
2023-01-29,8000054,8001137,4,6,100
2023-01-29,8000054,8001182,13,18,117
2023-01-29,8000054,8002992,7,7,90
2023-01-29,8000054,8004676,18,25,108
2023-01-29,8000054,8006453,8,13,76
2023-01-29,8000081,8000081,128,157,210
2023-01-29,8000081,8001531,32,41,124
2023-01-29,8000081,8001542,19,33,56
2023-01-29,8000081,8004230,35,39,126
2023-01-29,8000113,8000037,15,16,182
2023-01-29,8000113,8000113,64,75,162
2023-01-29,8000113,8001066,0,7,-26
2023-01-29,8000113,8006389,34,39,138
2023-01-29,8000164,8000164,145,185,177
2023-01-29,8000164,8000887,6,14,159
2023-01-29,8000164,8001327,62,81,205
2023-01-29,8000164,8001900,21,23,162
2023-01-29,8000164,8001909,18,18,217
2023-01-29,8000164,8002223,12,13,81
2023-01-29,8000164,8002227,11,22,50
2023-01-29,8000164,8002779,11,15,104
2023-01-29,8000171,8000037,1,2,15
2023-01-29,8000171,8000171,77,134,571
2023-01-29,8000171,8000392,23,50,376
2023-01-29,8000171,8001061,26,31,1209
2023-01-29,8000171,8003788,7,19,27
2023-01-29,8000171,8003925,5,34,7
2023-01-29,8000171,8006226,15,15,228
2023-01-29,8000171,8006449,5,5,1344
2023-01-29,8000186,8003090,0,17,0
2023-01-29,8000186,8003657,1,18,33
2023-01-29,8000239,8000239,35,66,76
2023-01-29,8000239,8001097,6,15,28
2023-01-29,8000239,8004883,12,35,87
2023-01-29,8000239,8006348,10,18,97
2023-01-29,8000358,8000358,52,76,273
2023-01-29,8000358,8004269,32,37,470
2023-01-29,8000358,8004474,20,39,88
2023-01-29,8000392,8000037,20,30,558
2023-01-29,8000392,8000171,29,51,762
2023-01-29,8000392,8000392,61,101,572
2023-01-29,8000392,8001545,11,20,94
2023-01-29,8000605,8000605,67,75,158
2023-01-29,8000605,8004228,29,36,167
2023-01-29,8000605,8004642,38,39,139
2023-01-29,8000745,8000745,27,63,62
2023-01-29,8000745,8001093,11,32,41
2023-01-29,8000745,8001394,21,30,118
2023-01-29,8000793,8000793,0,14,0
2023-01-29,8000793,8002180,0,7,0
2023-01-29,8000793,8005289,0,7,0
2023-01-29,8000904,8000904,2,2,270
2023-01-29,8000904,8003998,2,2,270
2023-01-29,8000927,8000927,60,68,161
2023-01-29,8000927,8000966,11,11,202
2023-01-29,8000927,8003993,30,38,171
2023-01-29,8000927,8004676,21,23,153
2023-01-29,8000966,8000927,8,11,98
2023-01-29,8000966,8000966,15,22,142
2023-01-29,8000966,8005555,11,11,185
2023-01-29,8000977,8000977,47,80,80
2023-01-29,8000977,8006226,0,1,0
2023-01-29,8000977,8006386,9,37,35
2023-01-29,8000977,8006510,0,2,0
2023-01-29,8000978,8000978,0,14,0
2023-01-29,8000978,8003638,0,7,0
2023-01-29,8000978,8006109,0,7,0
2023-01-29,8001035,8001035,24,42,139
2023-01-29,8001035,8006710,20,21,220
2023-01-29,8001038,8001038,33,42,128
2023-01-29,8001038,8002639,19,21,191
2023-01-29,8001038,8006194,10,21,49
2023-01-29,8001039,8001039,63,83,295
2023-01-29,8001039,8004474,33,37,477
2023-01-29,8001039,8006227,17,41,78
2023-01-29,8001045,8001045,47,66,102
2023-01-29,8001045,8002680,11,15,-34
2023-01-29,8001045,8003986,29,31,160
2023-01-29,8001045,8006323,9,18,48
2023-01-29,8001061,8000171,16,30,563
2023-01-29,8001061,8001061,46,61,917
2023-01-29,8001061,8001558,15,17,1549
2023-01-29,8001066,8000113,5,7,141
2023-01-29,8001066,8001066,5,14,58
2023-01-29,8001066,8003967,1,7,4
2023-01-29,8001093,8000745,16,31,75
2023-01-29,8001093,8001093,20,63,51
2023-01-29,8001093,8006323,12,32,69
2023-01-29,8001097,8000239,12,15,30
2023-01-29,8001097,8001097,22,30,36
2023-01-29,8001097,8005526,15,15,110
2023-01-29,8001137,8000054,5,6,225
2023-01-29,8001137,8000904,1,2,270
2023-01-29,8001137,8001137,25,28,150
2023-01-29,8001137,8002992,7,7,116
2023-01-29,8001137,8003896,10,13,106
2023-01-29,8001182,8000054,15,18,57
2023-01-29,8001213,8002535,12,15,40
2023-01-29,8001357,8001357,23,34,59
2023-01-29,8001357,8002514,15,17,86
2023-01-29,8001357,8005227,9,17,56
2023-01-29,8001394,8000745,18,31,45
2023-01-29,8001394,8001394,41,61,97
2023-01-29,8001394,8001692,23,30,157
2023-01-29,8001505,8001505,68,81,150
2023-01-29,8001505,8001525,22,41,107
2023-01-29,8001505,8001531,29,40,167
2023-01-29,8001515,8001515,35,57,392
2023-01-29,8001515,8001537,20,28,532
2023-01-29,8001515,8001543,13,13,104
2023-01-29,8001515,8006226,16,16,371
2023-01-29,8001516,8001549,35,35,51
2023-01-29,8001519,8001519,44,81,131
2023-01-29,8001519,8001525,24,40,173
2023-01-29,8001519,8001543,20,41,88
2023-01-29,8001521,8001521,27,33,80
2023-01-29,8001521,8001522,12,16,79
2023-01-29,8001521,8001534,15,17,106
2023-01-29,8001522,8001521,17,17,136
2023-01-29,8001522,8001522,90,114,87
2023-01-29,8001522,8001523,12,20,45
2023-01-29,8001522,8001524,21,24,89
2023-01-29,8001523,8001522,13,20,112
2023-01-29,8001523,8001523,21,40,88
2023-01-29,8001523,8001545,13,20,98
2023-01-29,8001524,8000037,23,24,102
2023-01-29,8001524,8001522,12,17,55
2023-01-29,8001524,8001524,33,41,75
2023-01-29,8001525,8001505,20,40,163
2023-01-29,8001525,8001519,17,41,90
2023-01-29,8001525,8001525,40,81,131
2023-01-29,8001526,8001526,54,68,35
2023-01-29,8001526,8001529,34,34,66
2023-01-29,8001526,8003936,20,34,23
2023-01-29,8001527,8001527,63,78,64
2023-01-29,8001527,8001536,16,39,32
2023-01-29,8001528,8001329,14,15,138
2023-01-29,8001528,8001528,26,30,131
2023-01-29,8001528,8001539,11,15,104
2023-01-29,8001529,8001526,2,34,2
2023-01-29,8001530,8001530,51,70,91
2023-01-29,8001530,8001533,13,35,60
2023-01-29,8001530,8004883,26,35,102
2023-01-29,8001531,8000081,17,40,156
2023-01-29,8001531,8001505,37,41,115
2023-01-29,8001531,8001531,42,81,129
2023-01-29,8001532,8001532,26,30,137
2023-01-29,8001532,8001544,15,15,162
2023-01-29,8001533,8001530,31,35,114
2023-01-29,8001533,8001533,41,70,76
2023-01-29,8001534,8001521,2,16,8
2023-01-29,8001534,8001534,16,33,56
2023-01-29,8001534,8001538,15,17,109
2023-01-29,8001536,8001527,27,39,46
2023-01-29,8001536,8001536,31,78,32
2023-01-29,8001536,8006510,33,39,48
2023-01-29,8001537,8001515,13,29,249
2023-01-29,8001537,8001537,44,71,518
2023-01-29,8001537,8003169,26,35,775
2023-01-29,8001537,8006226,7,7,369
2023-01-29,8001538,8001534,2,16,8
2023-01-29,8001538,8001538,17,33,62
2023-01-29,8001538,8006505,16,17,118
2023-01-29,8001539,8001528,14,15,126
2023-01-29,8001539,8001539,26,30,102
2023-01-29,8001539,8001541,11,15,112
2023-01-29,8001540,8001540,46,68,52
2023-01-29,8001540,8001542,13,35,18
2023-01-29,8001540,8001549,33,33,125
2023-01-29,8001541,8001539,13,15,92
2023-01-29,8001541,8001541,24,30,117
2023-01-29,8001541,8001544,10,15,112
2023-01-29,8001542,8000081,8,35,7
2023-01-29,8001542,8001540,21,33,63
2023-01-29,8001542,8001542,32,68,35
2023-01-29,8001543,8001327,68,81,168
2023-01-29,8001543,8001515,12,13,194
2023-01-29,8001543,8001519,20,40,169
2023-01-29,8001543,8001543,128,162,162
2023-01-29,8001544,8001532,9,15,112
2023-01-29,8001544,8001541,15,15,166
2023-01-29,8001544,8001544,25,30,137
2023-01-29,8001545,8000392,8,20,86
2023-01-29,8001545,8001523,11,20,98
2023-01-29,8001545,8001545,20,40,93
2023-01-29,8001546,8001546,43,68,33
2023-01-29,8001546,8003909,11,34,11
2023-01-29,8001546,8003936,34,34,51
2023-01-29,8001549,8001516,33,33,88
2023-01-29,8001549,8001540,19,35,27
2023-01-29,8001549,8001549,68,68,83
2023-01-29,8001692,8001394,11,31,29
2023-01-29,8001692,8001692,33,61,95
2023-01-29,8001692,8002262,22,30,167
2023-01-29,8001700,8001700,12,18,47
2023-01-29,8001700,8003018,6,9,43
2023-01-29,8001700,8003716,5,9,30
2023-01-29,8001729,8001729,5,5,528
2023-01-29,8001729,8004406,1,1,630
2023-01-29,8001795,8000033,42,64,586
2023-01-29,8001795,8000037,19,28,1319
2023-01-29,8001795,8001795,82,127,766
2023-01-29,8001795,8006386,8,16,1072
2023-01-29,8001836,8000037,12,17,49
2023-01-29,8001836,8001836,20,35,38
2023-01-29,8001836,8002754,8,18,38
2023-01-29,8001851,8005319,6,7,167
2023-01-29,8001943,8001943,30,48,75
2023-01-29,8001943,8002267,16,25,73
2023-01-29,8001943,8004440,7,23,43
2023-01-29,8001980,8001980,13,14,223
2023-01-29,8001980,8003486,6,7,176
2023-01-29,8001980,8004564,7,7,223
2023-01-29,8002073,8002073,70,75,161
2023-01-29,8002073,8003993,39,39,162
2023-01-29,8002073,8004642,30,36,148
2023-01-29,8002180,8000793,0,7,0
2023-01-29,8002180,8002180,0,14,0
2023-01-29,8002180,8003470,0,7,0
2023-01-29,8002262,8001692,15,31,39
2023-01-29,8002262,8002262,42,61,104
2023-01-29,8002262,8005276,21,30,150
2023-01-29,8002267,8001943,11,23,52
2023-01-29,8002267,8002267,26,48,64
2023-01-29,8002267,8002509,15,25,70
2023-01-29,8002268,8000033,12,25,62
2023-01-29,8002268,8002268,25,48,65
2023-01-29,8002268,8002509,11,23,64
2023-01-29,8002509,8002267,11,23,64
2023-01-29,8002509,8002268,16,25,76
2023-01-29,8002509,8002509,26,48,71
2023-01-29,8002512,8002512,32,48,74
2023-01-29,8002512,8004440,15,25,78
2023-01-29,8002512,8006712,12,23,56
2023-01-29,8002514,8001357,6,17,30
2023-01-29,8002514,8002514,20,34,56
2023-01-29,8002514,8002769,16,16,68
2023-01-29,8002535,8001213,12,15,232
2023-01-29,8002535,8002535,27,30,175
2023-01-29,8002535,8003297,14,15,88
2023-01-29,8002639,8001038,14,21,73
2023-01-29,8002639,8002639,34,42,138
2023-01-29,8002639,8002640,18,21,194
2023-01-29,8002640,8002639,11,21,83
2023-01-29,8002680,8000441,27,34,259
2023-01-29,8002680,8001045,12,12,165
2023-01-29,8002680,8002680,40,67,180
2023-01-29,8002680,8003168,8,18,97
2023-01-29,8002745,8002745,22,38,39
2023-01-29,8002745,8003788,14,19,57
2023-01-29,8002745,8006342,8,19,22
2023-01-29,8002754,8001836,4,17,16
2023-01-29,8002754,8002754,14,35,39
2023-01-29,8002754,8003166,8,18,53
2023-01-29,8002769,8002514,9,16,26
2023-01-29,8002769,8002769,26,33,32
2023-01-29,8002769,8006505,2,16,8
2023-01-29,8002779,8000164,15,15,162
2023-01-29,8002779,8001328,13,15,116
2023-01-29,8002779,8002779,29,30,152
2023-01-29,8002953,8002953,39,53,207
2023-01-29,8002953,8003657,13,14,594
2023-01-29,8002953,8003939,6,8,64
2023-01-29,8002953,8006386,7,11,33
2023-01-29,8002992,8000054,8,9,137
2023-01-29,8002992,8001137,7,7,94
2023-01-29,8002992,8002992,15,16,120
2023-01-29,8003018,8001700,6,9,33
2023-01-29,8003018,8003018,7,18,23
2023-01-29,8003090,8000186,2,18,5
2023-01-29,8003090,8003090,18,35,18
2023-01-29,8003090,8003166,16,17,49
2023-01-29,8003166,8002754,5,17,21
2023-01-29,8003166,8003090,2,18,7
2023-01-29,8003166,8003166,17,35,20
2023-01-29,8003168,8002680,16,18,565
2023-01-29,8003168,8003168,73,108,468
2023-01-29,8003168,8003169,23,36,286
2023-01-29,8003168,8004448,21,28,641
2023-01-29,8003168,8006226,11,18,135
2023-01-29,8003168,8006449,1,1,30
2023-01-29,8003169,8001537,18,36,277
2023-01-29,8003169,8003168,27,35,750
2023-01-29,8003169,8003169,48,71,520
2023-01-29,8003287,8003287,10,18,48
2023-01-29,8003287,8003939,5,9,53
2023-01-29,8003287,8006320,5,9,47
2023-01-29,8003297,8002535,14,15,338
2023-01-29,8003297,8003297,23,30,224
2023-01-29,8003297,8003950,11,15,112
2023-01-29,8003470,8002180,0,7,0
2023-01-29,8003470,8003470,0,14,0
2023-01-29,8003470,8004273,0,7,0
2023-01-29,8003486,8001980,7,7,257
2023-01-29,8003486,8003486,12,13,217
2023-01-29,8003486,8003493,7,7,184
2023-01-29,8003493,8000187,7,7,206
2023-01-29,8003493,8003486,7,8,165
2023-01-29,8003493,8003493,14,15,174
2023-01-29,8003621,8003621,13,14,195
2023-01-29,8003621,8004564,6,7,210
2023-01-29,8003621,8005319,7,7,167
2023-01-29,8003638,8000978,0,7,0
2023-01-29,8003638,8003638,0,14,0
2023-01-29,8003638,8003965,0,7,0
2023-01-29,8003657,8000186,15,17,547
2023-01-29,8003657,8002953,16,18,65
2023-01-29,8003657,8003657,31,35,297
2023-01-29,8003716,8001700,5,9,30
2023-01-29,8003716,8003716,10,18,28
2023-01-29,8003716,8006320,7,9,53
2023-01-29,8003788,8000171,4,19,16
2023-01-29,8003788,8002745,7,19,24
2023-01-29,8003788,8003788,22,38,35
2023-01-29,8003896,8001137,14,15,202
2023-01-29,8003896,8003896,25,28,150
2023-01-29,8003896,8006379,6,13,35
2023-01-29,8003909,8001546,30,34,52
2023-01-29,8003909,8003909,50,68,41
2023-01-29,8003909,8005971,16,34,28
2023-01-29,8003925,8000171,23,34,33
2023-01-29,8003925,8003925,40,68,32
2023-01-29,8003925,8005971,5,34,4
2023-01-29,8003936,8001526,12,34,16
2023-01-29,8003936,8001546,31,34,49
2023-01-29,8003936,8003936,65,68,42
2023-01-29,8003939,8002953,7,8,49
2023-01-29,8003939,8003287,4,9,43
2023-01-29,8003939,8003939,9,18,50
2023-01-29,8003950,8003297,15,15,398
2023-01-29,8003950,8003950,27,30,258
2023-01-29,8003950,8070483,13,15,158
2023-01-29,8003965,8003638,0,7,0
2023-01-29,8003965,8003965,0,14,0
2023-01-29,8003965,8003967,1,7,56
2023-01-29,8003967,8001066,1,7,120
2023-01-29,8003967,8003965,0,7,0
2023-01-29,8003967,8003967,2,14,60
2023-01-29,8003993,8000927,35,39,161
2023-01-29,8003993,8002073,32,36,171
2023-01-29,8003993,8003993,67,75,169
2023-01-29,8003998,8002992,1,2,240
2023-01-29,8003998,8003998,2,2,255
2023-01-29,8004228,8000605,39,39,145
2023-01-29,8004228,8004228,64,75,154
2023-01-29,8004228,8006389,30,36,192
2023-01-29,8004230,8000081,33,37,450
2023-01-29,8004230,8004230,68,76,287
2023-01-29,8004230,8004419,31,39,115
2023-01-29,8004269,8000358,30,39,106
2023-01-29,8004269,8004269,62,76,282
2023-01-29,8004269,8004288,33,37,478
2023-01-29,8004273,8003470,0,7,0
2023-01-29,8004288,8004269,33,39,103
2023-01-29,8004288,8004288,66,76,283
2023-01-29,8004288,8004419,33,37,469
2023-01-29,8004419,8004230,33,37,471
2023-01-29,8004419,8004288,16,39,82
2023-01-29,8004419,8004419,64,76,281
2023-01-29,8004440,8001943,22,25,133
2023-01-29,8004440,8002512,17,23,74
2023-01-29,8004440,8004440,37,48,86
2023-01-29,8004448,8003168,16,28,183
2023-01-29,8004448,8004448,46,56,415
2023-01-29,8004474,8000358,33,37,469
2023-01-29,8004474,8001039,22,39,84
2023-01-29,8004474,8004474,53,76,270
2023-01-29,8004564,8001980,6,7,236
2023-01-29,8004564,8003621,7,7,261
2023-01-29,8004564,8004564,13,14,246
2023-01-29,8004642,8000605,33,36,167
2023-01-29,8004642,8002073,38,39,162
2023-01-29,8004642,8004642,70,75,150
2023-01-29,8004676,8000054,19,23,166
2023-01-29,8004676,8000927,22,25,136
2023-01-29,8004676,8004676,41,48,133
2023-01-29,8004883,8000239,23,35,82
2023-01-29,8004883,8001530,23,35,86
2023-01-29,8004883,8004883,37,70,90
2023-01-29,8005227,8001357,14,17,65
2023-01-29,8005289,8000793,0,7,0
2023-01-29,8005289,8005289,0,14,0
2023-01-29,8005289,8006109,0,7,0
2023-01-29,8005319,8001851,7,7,193
2023-01-29,8005319,8003621,6,7,214
2023-01-29,8005319,8005319,13,14,191
2023-01-29,8005488,8000033,11,23,74
2023-01-29,8005488,8005488,28,48,76
2023-01-29,8005488,8006607,12,25,53
2023-01-29,8005525,8003783,15,15,104
2023-01-29,8005525,8005525,30,30,79
2023-01-29,8005525,8005526,15,15,64
2023-01-29,8005526,8001097,15,15,34
2023-01-29,8005526,8005525,15,15,130
2023-01-29,8005526,8005526,30,30,100
2023-01-29,8005555,8000966,10,11,104
2023-01-29,8005555,8005555,22,22,145
2023-01-29,8005555,8005569,11,11,196
2023-01-29,8005569,8005555,4,11,87
2023-01-29,8005569,8005569,15,22,142
2023-01-29,8005569,8006486,11,11,183
2023-01-29,8005971,8003909,34,34,43
2023-01-29,8005971,8003925,33,34,36
2023-01-29,8005971,8005971,23,68,12
2023-01-29,8006109,8000978,0,7,0
2023-01-29,8006109,8005289,0,7,0
2023-01-29,8006109,8006109,0,14,0
2023-01-29,8006226,8000171,15,15,1168
2023-01-29,8006226,8000977,1,1,30
2023-01-29,8006226,8001515,10,15,862
2023-01-29,8006226,8001537,7,7,1757
2023-01-29,8006226,8001584,7,7,227
2023-01-29,8006226,8001585,16,16,328
2023-01-29,8006226,8001911,13,16,77
2023-01-29,8006226,8003168,14,16,654
2023-01-29,8006226,8006226,134,171,507
2023-01-29,8006226,8006386,23,26,463
2023-01-29,8006226,8006713,15,16,660
2023-01-29,8006227,8001039,39,42,511
2023-01-29,8006227,8001905,41,41,130
2023-01-29,8006227,8006227,57,83,289
2023-01-29,8006320,8003287,3,9,17
2023-01-29,8006320,8003716,4,9,27
2023-01-29,8006320,8006320,21,36,51
2023-01-29,8006323,8001045,15,17,146
2023-01-29,8006323,8001093,17,31,50
2023-01-29,8006323,8006323,30,63,62
2023-01-29,8006342,8002745,15,19,65
2023-01-29,8006342,8006342,22,38,39
2023-01-29,8006342,8006383,8,19,22
2023-01-29,8006348,8000239,13,18,160
2023-01-29,8006348,8001323,13,18,123
2023-01-29,8006348,8006348,28,36,150
2023-01-29,8006379,8003896,15,15,244
2023-01-29,8006379,8005336,5,13,23
2023-01-29,8006379,8006379,20,28,153
2023-01-29,8006383,8006342,11,19,46
2023-01-29,8006383,8006383,17,38,25
2023-01-29,8006386,8000977,32,38,119
2023-01-29,8006386,8001795,9,16,958
2023-01-29,8006386,8002953,11,11,802
2023-01-29,8006386,8006226,14,26,44
2023-01-29,8006386,8006386,67,129,370
2023-01-29,8006386,8006510,10,22,37
2023-01-29,8006389,8000113,30,36,190
2023-01-29,8006389,8004228,35,39,133
2023-01-29,8006389,8006389,67,75,166
2023-01-29,8006486,8005569,4,11,87
2023-01-29,8006505,8001538,2,16,8
2023-01-29,8006505,8002769,11,17,44
2023-01-29,8006505,8006505,18,33,52
2023-01-29,8006510,8000977,1,1,60
2023-01-29,8006510,8001536,14,39,34
2023-01-29,8006510,8006386,21,23,74
2023-01-29,8006510,8006510,45,78,49
2023-01-29,8006710,8001035,13,21,90
2023-01-29,8006710,8006710,37,42,157
2023-01-29,8006710,8006711,15,21,191
2023-01-29,8006711,8006710,20,21,123
2023-01-29,8006711,8006711,37,42,153
2023-01-29,8006712,8002512,17,25,89
2023-01-29,8006712,8006712,35,48,76
2023-01-30,8000033,8000033,128,181,347
2023-01-30,8000033,8001795,38,51,713
2023-01-30,8000033,8002268,26,40,192
2023-01-30,8000033,8005488,26,39,85
2023-01-30,8000033,8006719,41,51,303
2023-01-30,8000037,8000037,137,171,276
2023-01-30,8000037,8000113,12,20,60
2023-01-30,8000037,8000171,2,2,915
2023-01-30,8000037,8000392,29,34,658
2023-01-30,8000037,8001524,15,34,27
2023-01-30,8000037,8001795,28,31,249
2023-01-30,8000037,8001836,23,31,147
2023-01-30,8000054,8000054,61,76,161
2023-01-30,8000054,8001137,4,6,125
2023-01-30,8000054,8001182,21,22,198
2023-01-30,8000054,8002992,6,9,290
2023-01-30,8000054,8004676,23,29,90
2023-01-30,8000054,8006453,4,14,43
2023-01-30,8000081,8000081,217,349,188
2023-01-30,8000081,8001531,43,58,147
2023-01-30,8000081,8001542,23,54,27
2023-01-30,8000081,8003946,8,56,9
2023-01-30,8000081,8004230,57,63,383
2023-01-30,8000113,8000037,18,19,221
2023-01-30,8000113,8000113,60,74,182
2023-01-30,8000113,8001066,1,8,-15
2023-01-30,8000113,8006389,30,37,180
2023-01-30,8000164,8000164,149,195,178
2023-01-30,8000164,8000887,11,15,152
2023-01-30,8000164,8001327,66,83,156
2023-01-30,8000164,8001900,19,20,106
2023-01-30,8000164,8001909,19,21,177
2023-01-30,8000164,8002223,13,16,351
2023-01-30,8000164,8002227,12,23,188
2023-01-30,8000164,8002779,15,18,97
2023-01-30,8000171,8000037,2,2,2250
2023-01-30,8000171,8000171,120,172,322
2023-01-30,8000171,8000392,40,67,123
2023-01-30,8000171,8001061,32,34,682
2023-01-30,8000171,8003788,20,34,111
2023-01-30,8000171,8003925,7,39,15
2023-01-30,8000171,8006226,16,16,336
2023-01-30,8000171,8006449,6,6,510
2023-01-30,8000186,8003090,0,31,0
2023-01-30,8000186,8003657,0,34,0
2023-01-30,8000239,8000239,52,76,118
2023-01-30,8000239,8001097,7,18,47
2023-01-30,8000239,8004883,33,54,112
2023-01-30,8000239,8006348,13,20,134
2023-01-30,8000358,8000358,97,126,387
2023-01-30,8000358,8004269,57,63,438
2023-01-30,8000358,8004474,44,63,344
2023-01-30,8000392,8000037,25,33,180
2023-01-30,8000392,8000171,51,68,387
2023-01-30,8000392,8000392,99,135,255
2023-01-30,8000392,8001545,20,34,62
2023-01-30,8000605,8000605,63,74,222
2023-01-30,8000605,8004228,29,37,174
2023-01-30,8000605,8004642,31,37,264
2023-01-30,8000745,8000745,40,69,97
2023-01-30,8000745,8001093,22,35,125
2023-01-30,8000745,8001394,16,34,94
2023-01-30,8000793,8000793,4,14,56
2023-01-30,8000793,8002180,4,7,111
2023-01-30,8000793,8005289,0,7,0
2023-01-30,8000904,8000904,6,6,160
2023-01-30,8000904,8001137,2,2,120
2023-01-30,8000904,8003998,4,4,188
2023-01-30,8000927,8000927,54,58,208
2023-01-30,8000927,8000966,8,8,356
2023-01-30,8000927,8003993,30,39,148
2023-01-30,8000927,8004676,24,26,242
2023-01-30,8000966,8000927,7,9,133
2023-01-30,8000966,8000966,15,17,233
2023-01-30,8000966,8005555,8,8,308
2023-01-30,8000977,8000977,45,83,69
2023-01-30,8000977,8006226,0,1,0
2023-01-30,8000977,8006386,17,39,44
2023-01-30,8000977,8006510,1,2,15
2023-01-30,8000978,8000978,4,14,56
2023-01-30,8000978,8003638,0,7,0
2023-01-30,8000978,8006109,4,7,99
2023-01-30,8001035,8001035,54,70,64
2023-01-30,8001035,8006710,35,35,124
2023-01-30,8001038,8001038,60,80,129
2023-01-30,8001038,8002639,36,40,180
2023-01-30,8001038,8006194,14,40,61
2023-01-30,8001039,8001039,109,138,335
2023-01-30,8001039,8004474,55,63,447
2023-01-30,8001039,8006227,37,69,226
2023-01-30,8001045,8001045,74,97,125
2023-01-30,8001045,8001061,0,1,0
2023-01-30,8001045,8002680,15,17,97
2023-01-30,8001045,8003986,42,49,143
2023-01-30,8001045,8006323,20,29,85
2023-01-30,8001061,8000171,26,33,197
2023-01-30,8001061,8001061,60,67,451
2023-01-30,8001061,8001558,17,18,995
2023-01-30,8001066,8000113,5,7,34
2023-01-30,8001066,8001066,5,15,4
2023-01-30,8001066,8003967,6,8,79
2023-01-30,8001093,8000745,18,34,72
2023-01-30,8001093,8001093,34,69,96
2023-01-30,8001093,8006323,21,35,147
2023-01-30,8001097,8000239,14,18,78
2023-01-30,8001097,8001097,27,36,52
2023-01-30,8001097,8005526,18,18,120
2023-01-30,8001137,8000054,5,6,90
2023-01-30,8001137,8000904,4,4,172
2023-01-30,8001137,8001137,26,32,169
2023-01-30,8001137,8002992,7,7,133
2023-01-30,8001137,8003896,10,15,206
2023-01-30,8001182,8000054,19,23,103
2023-01-30,8001213,8002535,11,18,27
2023-01-30,8001357,8001357,29,38,80
2023-01-30,8001357,8002514,19,19,126
2023-01-30,8001357,8005227,12,19,55
2023-01-30,8001394,8000745,28,35,127
2023-01-30,8001394,8001394,48,69,118
2023-01-30,8001394,8001692,21,34,125
2023-01-30,8001505,8001505,98,116,122
2023-01-30,8001505,8001525,24,58,116
2023-01-30,8001505,8001531,50,58,96
2023-01-30,8001515,8001515,36,57,381
2023-01-30,8001515,8001537,22,28,424
2023-01-30,8001515,8001543,15,16,66
2023-01-30,8001515,8006226,11,13,759
2023-01-30,8001516,8001549,51,54,55
2023-01-30,8001517,8001517,82,112,70
2023-01-30,8001517,8001529,38,56,66
2023-01-30,8001517,8001535,36,56,66
2023-01-30,8001518,8001518,64,112,45
2023-01-30,8001518,8001520,19,56,22
2023-01-30,8001518,8003946,44,56,69
2023-01-30,8001519,8001519,69,116,107
2023-01-30,8001519,8001525,37,58,104
2023-01-30,8001519,8001543,32,58,113
2023-01-30,8001520,8001518,22,56,51
2023-01-30,8001520,8001520,58,112,47
2023-01-30,8001520,8003916,43,56,44
2023-01-30,8001521,8001521,33,40,102
2023-01-30,8001521,8001522,17,20,135
2023-01-30,8001521,8001534,16,20,96
2023-01-30,8001522,8001521,20,20,126
2023-01-30,8001522,8001522,148,179,92
2023-01-30,8001522,8001523,11,20,46
2023-01-30,8001522,8001524,37,37,164
2023-01-30,8001522,8001545,11,14,150
2023-01-30,8001523,8001522,13,20,38
2023-01-30,8001523,8001523,19,40,40
2023-01-30,8001523,8001545,12,20,58
2023-01-30,8001524,8000037,35,37,246
2023-01-30,8001524,8001522,21,34,49
2023-01-30,8001524,8001524,51,71,135
2023-01-30,8001525,8001505,29,58,92
2023-01-30,8001525,8001519,27,58,110
2023-01-30,8001525,8001525,55,116,103
2023-01-30,8001526,8001526,64,112,38
2023-01-30,8001526,8001529,50,56,74
2023-01-30,8001526,8003936,10,56,24
2023-01-30,8001527,8001527,62,78,82
2023-01-30,8001527,8001536,16,39,52
2023-01-30,8001528,8001329,15,18,133
2023-01-30,8001528,8001528,29,36,129
2023-01-30,8001528,8001539,14,18,113
2023-01-30,8001529,8001517,43,56,80
2023-01-30,8001529,8001526,14,56,33
2023-01-30,8001529,8001529,89,112,63
2023-01-30,8001530,8001530,88,106,114
2023-01-30,8001530,8001533,27,54,94
2023-01-30,8001530,8004883,46,52,112
2023-01-30,8001531,8000081,35,58,85
2023-01-30,8001531,8001505,48,58,132
2023-01-30,8001531,8001531,65,116,102
2023-01-30,8001532,8001532,33,36,158
2023-01-30,8001532,8001544,17,18,172
2023-01-30,8001533,8001530,48,52,122
2023-01-30,8001533,8001533,76,106,97
2023-01-30,8001534,8001521,8,20,66
2023-01-30,8001534,8001534,23,40,78
2023-01-30,8001534,8001538,16,20,98
2023-01-30,8001535,8001517,28,56,47
2023-01-30,8001535,8001535,79,112,59
2023-01-30,8001535,8003916,47,56,73
2023-01-30,8001536,8001527,28,39,63
2023-01-30,8001536,8001536,36,78,53
2023-01-30,8001536,8006510,31,39,75
2023-01-30,8001537,8001515,17,29,347
2023-01-30,8001537,8001537,54,73,483
2023-01-30,8001537,8003169,28,36,623
2023-01-30,8001537,8006226,8,8,300
2023-01-30,8001538,8001534,10,20,69
2023-01-30,8001538,8001538,28,40,92
2023-01-30,8001538,8006505,18,20,111
2023-01-30,8001539,8001528,15,18,140
2023-01-30,8001539,8001539,28,36,120
2023-01-30,8001539,8001541,14,18,127
2023-01-30,8001540,8001540,76,108,40
2023-01-30,8001540,8001542,22,54,23
2023-01-30,8001540,8001549,54,54,87
2023-01-30,8001541,8001539,12,18,110
2023-01-30,8001541,8001541,28,36,126
2023-01-30,8001541,8001544,14,18,122
2023-01-30,8001542,8000081,1,54,1
2023-01-30,8001542,8001540,26,54,29
2023-01-30,8001542,8001542,45,108,20
2023-01-30,8001543,8001327,74,83,186
2023-01-30,8001543,8001515,7,13,99
2023-01-30,8001543,8001519,31,58,95
2023-01-30,8001543,8001543,127,164,149
2023-01-30,8001544,8001532,11,18,117
2023-01-30,8001544,8001541,16,18,162
2023-01-30,8001544,8001544,29,36,139
2023-01-30,8001545,8000392,21,34,92
2023-01-30,8001545,8001522,12,14,111
2023-01-30,8001545,8001523,10,20,28
2023-01-30,8001545,8001545,40,68,74
2023-01-30,8001546,8001546,64,112,42
2023-01-30,8001546,8003909,21,56,29
2023-01-30,8001546,8003936,53,56,63
2023-01-30,8001549,8001516,54,54,53
2023-01-30,8001549,8001540,28,54,31
2023-01-30,8001549,8001549,105,108,69
2023-01-30,8001692,8001394,25,35,102
2023-01-30,8001692,8001692,50,69,123
2023-01-30,8001692,8002262,25,34,149
2023-01-30,8001700,8001700,32,40,246
2023-01-30,8001700,8003018,18,20,298
2023-01-30,8001700,8003716,9,20,288
2023-01-30,8001729,8001729,2,5,252
2023-01-30,8001729,8004406,0,2,0
2023-01-30,8001795,8000033,44,51,326
2023-01-30,8001795,8000037,25,32,690
2023-01-30,8001795,8001795,82,102,519
2023-01-30,8001795,8006386,12,18,657
2023-01-30,8001836,8000037,20,31,80
2023-01-30,8001836,8001836,46,62,111
2023-01-30,8001836,8002754,24,31,148
2023-01-30,8001851,8005319,8,9,113
2023-01-30,8001943,8001943,64,79,146
2023-01-30,8001943,8002267,26,39,98
2023-01-30,8001943,8004440,21,40,161
2023-01-30,8001980,8001980,18,18,253
2023-01-30,8001980,8003486,9,9,157
2023-01-30,8001980,8004564,9,9,377
2023-01-30,8002073,8002073,62,74,200
2023-01-30,8002073,8003993,34,37,272
2023-01-30,8002073,8004642,26,37,114
2023-01-30,8002180,8000793,0,7,0
2023-01-30,8002180,8002180,4,14,56
2023-01-30,8002180,8003470,4,7,111
2023-01-30,8002262,8001692,29,35,117
2023-01-30,8002262,8002262,54,69,135
2023-01-30,8002262,8005276,21,34,140
2023-01-30,8002267,8001943,28,40,164
2023-01-30,8002267,8002267,51,79,135
2023-01-30,8002267,8002509,30,39,99
2023-01-30,8002268,8000033,24,39,89
2023-01-30,8002268,8002268,48,79,133
2023-01-30,8002268,8002509,25,40,179
2023-01-30,8002509,8002267,25,40,177
2023-01-30,8002509,8002268,24,39,89
2023-01-30,8002509,8002509,55,79,140
2023-01-30,8002512,8002512,61,79,140
2023-01-30,8002512,8004440,26,39,98
2023-01-30,8002512,8006712,22,40,165
2023-01-30,8002514,8001357,9,19,36
2023-01-30,8002514,8002514,27,38,85
2023-01-30,8002514,8002769,19,19,134
2023-01-30,8002535,8001213,9,18,112
2023-01-30,8002535,8002535,24,36,91
2023-01-30,8002535,8003297,14,18,42
2023-01-30,8002639,8001038,25,40,85
2023-01-30,8002639,8002639,57,80,117
2023-01-30,8002639,8002640,30,40,142
2023-01-30,8002640,8002639,16,40,63
2023-01-30,8002680,8000441,33,38,266
2023-01-30,8002680,8001045,15,17,146
2023-01-30,8002680,8002680,51,75,224
2023-01-30,8002680,8003168,8,19,240
2023-01-30,8002745,8002745,40,68,63
2023-01-30,8002745,8003788,23,34,43
2023-01-30,8002745,8006342,17,34,83
2023-01-30,8002754,8001836,15,31,72
2023-01-30,8002754,8002754,46,62,113
2023-01-30,8002754,8003166,26,31,134
2023-01-30,8002769,8002514,15,19,63
2023-01-30,8002769,8002769,34,40,81
2023-01-30,8002769,8006505,11,20,72
2023-01-30,8002779,8000164,15,18,380
2023-01-30,8002779,8001328,16,18,105
2023-01-30,8002779,8002779,32,36,253
2023-01-30,8002953,8002953,52,72,169
2023-01-30,8002953,8003657,14,15,188
2023-01-30,8002953,8003939,15,17,173
2023-01-30,8002953,8006386,12,14,75
2023-01-30,8002992,8000054,10,11,134
2023-01-30,8002992,8001137,4,7,313
2023-01-30,8002992,8002992,16,20,201
2023-01-30,8002992,8003998,1,2,150
2023-01-30,8003018,8001700,13,20,70
2023-01-30,8003018,8003018,26,40,160
2023-01-30,8003090,8000186,15,31,50
2023-01-30,8003090,8003090,38,62,38
2023-01-30,8003090,8003166,25,31,41
2023-01-30,8003166,8002754,20,31,78
2023-01-30,8003166,8003090,13,31,69
2023-01-30,8003166,8003166,42,62,70
2023-01-30,8003168,8002680,16,19,358
2023-01-30,8003168,8003168,82,112,416
2023-01-30,8003168,8003169,31,37,383
2023-01-30,8003168,8004448,22,28,616
2023-01-30,8003168,8006226,13,19,291
2023-01-30,8003168,8006449,1,1,180
2023-01-30,8003169,8001537,27,37,367
2023-01-30,8003169,8003168,28,36,621
2023-01-30,8003169,8003169,57,73,498
2023-01-30,8003287,8003287,23,40,230
2023-01-30,8003287,8003939,8,20,274
2023-01-30,8003287,8006320,15,20,172
2023-01-30,8003297,8002535,16,18,190
2023-01-30,8003297,8003297,24,36,122
2023-01-30,8003297,8003950,9,18,43
2023-01-30,8003470,8002180,0,7,0
2023-01-30,8003470,8003470,4,14,56
2023-01-30,8003470,8004273,4,7,99
2023-01-30,8003486,8001980,9,9,350
2023-01-30,8003486,8003486,16,16,268
2023-01-30,8003486,8003493,10,16,109
2023-01-30,8003493,8000187,11,16,111
2023-01-30,8003493,8003486,16,16,279
2023-01-30,8003493,8003493,25,32,183
2023-01-30,8003621,8003621,15,18,233
2023-01-30,8003621,8004564,8,9,113
2023-01-30,8003621,8005319,9,9,360
2023-01-30,8003638,8000978,4,7,111
2023-01-30,8003638,8003638,4,14,49
2023-01-30,8003638,8003965,0,7,0
2023-01-30,8003657,8000186,15,33,87
2023-01-30,8003657,8002953,18,20,81
2023-01-30,8003657,8003657,38,67,60
2023-01-30,8003716,8001700,16,20,262
2023-01-30,8003716,8003716,22,40,266
2023-01-30,8003716,8006320,11,20,297
2023-01-30,8003788,8000171,11,34,41
2023-01-30,8003788,8002745,21,34,101
2023-01-30,8003788,8003788,48,68,82
2023-01-30,8003896,8001137,15,17,139
2023-01-30,8003896,8003896,28,32,171
2023-01-30,8003896,8006379,11,15,188
2023-01-30,8003909,8001546,52,56,68
2023-01-30,8003909,8003909,75,112,56
2023-01-30,8003909,8005971,22,56,38
2023-01-30,8003916,8001520,41,56,84
2023-01-30,8003916,8001535,32,56,44
2023-01-30,8003916,8003916,81,112,58
2023-01-30,8003925,8000171,26,39,53
2023-01-30,8003925,8003925,58,78,51
2023-01-30,8003925,8005971,19,39,26
2023-01-30,8003936,8001526,26,56,28
2023-01-30,8003936,8001546,34,56,46
2023-01-30,8003936,8003936,87,112,50
2023-01-30,8003939,8002953,9,17,277
2023-01-30,8003939,8003287,11,20,166
2023-01-30,8003939,8003939,21,40,224
2023-01-30,8003946,8000081,31,56,61
2023-01-30,8003946,8001518,11,56,14
2023-01-30,8003946,8003946,41,112,36
2023-01-30,8003950,8003297,18,18,230
2023-01-30,8003950,8003950,28,36,131
2023-01-30,8003950,8070483,14,18,63
2023-01-30,8003965,8003638,4,7,99
2023-01-30,8003965,8003965,4,14,56
2023-01-30,8003965,8003967,0,7,0
2023-01-30,8003967,8001066,1,7,4
2023-01-30,8003967,8003965,4,7,111
2023-01-30,8003967,8003967,5,14,69
2023-01-30,8003993,8000927,32,37,277
2023-01-30,8003993,8002073,32,37,139
2023-01-30,8003993,8003993,65,74,206
2023-01-30,8003998,8000904,1,2,120
2023-01-30,8003998,8002992,3,4,135
2023-01-30,8003998,8003998,5,6,155
2023-01-30,8004228,8000605,36,37,267
2023-01-30,8004228,8004228,61,74,197
2023-01-30,8004228,8006389,30,37,177
2023-01-30,8004230,8000081,49,63,423
2023-01-30,8004230,8004230,111,126,405
2023-01-30,8004230,8004419,53,63,372
2023-01-30,8004269,8000358,52,63,366
2023-01-30,8004269,8004269,109,126,402
2023-01-30,8004269,8004288,57,63,444
2023-01-30,8004273,8003470,0,7,0
2023-01-30,8004288,8004269,54,63,360
2023-01-30,8004288,8004288,111,126,399
2023-01-30,8004288,8004419,51,63,430
2023-01-30,8004419,8004230,54,63,436
2023-01-30,8004419,8004288,45,63,342
2023-01-30,8004419,8004419,104,126,396
2023-01-30,8004440,8001943,37,39,162
2023-01-30,8004440,8002512,28,40,175
2023-01-30,8004440,8004440,63,79,152
2023-01-30,8004448,8003168,24,29,233
2023-01-30,8004448,8004448,49,57,423
2023-01-30,8004474,8000358,53,63,432
2023-01-30,8004474,8001039,44,63,294
2023-01-30,8004474,8004474,97,126,385
2023-01-30,8004564,8001980,9,9,167
2023-01-30,8004564,8003621,9,9,393
2023-01-30,8004564,8004564,18,18,265
2023-01-30,8004642,8000605,29,37,174
2023-01-30,8004642,8002073,31,37,275
2023-01-30,8004642,8004642,60,74,208
2023-01-30,8004676,8000054,24,26,252
2023-01-30,8004676,8000927,28,29,101
2023-01-30,8004676,8004676,47,55,162
2023-01-30,8004883,8000239,48,52,110
2023-01-30,8004883,8001530,41,54,113
2023-01-30,8004883,8004883,81,106,112
2023-01-30,8005227,8001357,18,19,104
2023-01-30,8005289,8000793,4,7,111
2023-01-30,8005289,8005289,4,14,56
2023-01-30,8005289,8006109,0,7,0
2023-01-30,8005319,8001851,9,9,323
2023-01-30,8005319,8003621,7,9,100
2023-01-30,8005319,8005319,16,18,223
2023-01-30,8005488,8000033,29,40,202
2023-01-30,8005488,8005488,59,79,162
2023-01-30,8005488,8006607,18,39,77
2023-01-30,8005525,8003783,18,18,118
2023-01-30,8005525,8005525,36,36,94
2023-01-30,8005525,8005526,18,18,77
2023-01-30,8005526,8001097,17,18,47
2023-01-30,8005526,8005525,18,18,142
2023-01-30,8005526,8005526,36,36,109
2023-01-30,8005555,8000966,8,9,163
2023-01-30,8005555,8005555,17,17,219
2023-01-30,8005555,8005569,8,8,270
2023-01-30,8005569,8005555,6,9,127
2023-01-30,8005569,8005569,14,17,194
2023-01-30,8005569,8006486,8,8,259
2023-01-30,8005971,8003909,56,56,56
2023-01-30,8005971,8003925,38,39,59
2023-01-30,8005971,8005971,27,78,26
2023-01-30,8006109,8000978,0,7,0
2023-01-30,8006109,8005289,4,7,111
2023-01-30,8006109,8006109,4,14,49
2023-01-30,8006226,8000171,16,16,474
2023-01-30,8006226,8000977,1,1,30
2023-01-30,8006226,8001515,12,13,660
2023-01-30,8006226,8001537,7,8,1226
2023-01-30,8006226,8001584,5,6,540
2023-01-30,8006226,8001585,18,18,462
2023-01-30,8006226,8001911,17,21,74
2023-01-30,8006226,8003168,12,17,212
2023-01-30,8006226,8006226,146,190,335
2023-01-30,8006226,8006386,24,33,115
2023-01-30,8006226,8006713,16,16,885
2023-01-30,8006227,8001039,64,69,443
2023-01-30,8006227,8001905,68,69,275
2023-01-30,8006227,8006227,99,138,324
2023-01-30,8006320,8003287,8,20,278
2023-01-30,8006320,8003716,12,20,236
2023-01-30,8006320,8006320,33,58,302
2023-01-30,8006323,8001045,28,30,153
2023-01-30,8006323,8001093,20,34,62
2023-01-30,8006323,8006323,41,69,107
2023-01-30,8006342,8002745,23,34,46
2023-01-30,8006342,8006342,38,68,58
2023-01-30,8006342,8006383,16,34,83
2023-01-30,8006348,8000239,17,20,195
2023-01-30,8006348,8001323,17,20,184
2023-01-30,8006348,8006348,34,40,188
2023-01-30,8006379,8003896,16,17,180
2023-01-30,8006379,8005336,8,15,168
2023-01-30,8006379,8006379,25,32,196
2023-01-30,8006383,8006342,12,34,19
2023-01-30,8006383,8006383,22,68,41
2023-01-30,8006386,8000977,27,39,92
2023-01-30,8006386,8001795,15,18,413
2023-01-30,8006386,8002953,14,14,191
2023-01-30,8006386,8006226,25,34,62
2023-01-30,8006386,8006386,91,142,194
2023-01-30,8006386,8006510,16,19,85
2023-01-30,8006389,8000113,26,37,175
2023-01-30,8006389,8004228,31,37,184
2023-01-30,8006389,8006389,61,74,180
2023-01-30,8006486,8005569,6,9,127
2023-01-30,8006505,8001538,12,20,81
2023-01-30,8006505,8002769,8,20,32
2023-01-30,8006505,8006505,30,40,76
2023-01-30,8006510,8000977,1,1,150
2023-01-30,8006510,8001536,18,39,52
2023-01-30,8006510,8006386,19,20,108
2023-01-30,8006510,8006510,52,78,73
2023-01-30,8006710,8001035,25,35,33
2023-01-30,8006710,8006710,68,70,79
2023-01-30,8006710,8006711,31,35,96
2023-01-30,8006711,8006710,33,35,59
2023-01-30,8006711,8006711,65,70,71
2023-01-30,8006712,8002512,35,39,115
2023-01-30,8006712,8006712,56,79,139
2023-01-31,8000033,8000033,135,181,298
2023-01-31,8000033,8001795,36,51,336
2023-01-31,8000033,8002268,26,40,542
2023-01-31,8000033,8005488,27,39,78
2023-01-31,8000033,8006719,41,51,240
2023-01-31,8000037,8000037,142,171,188
2023-01-31,8000037,8000113,11,20,72
2023-01-31,8000037,8000171,2,2,525
2023-01-31,8000037,8000392,26,34,296
2023-01-31,8000037,8001524,22,34,25
2023-01-31,8000037,8001795,27,31,217
2023-01-31,8000037,8001836,30,31,171
2023-01-31,8000054,8000054,66,76,247
2023-01-31,8000054,8001137,4,6,280
2023-01-31,8000054,8001182,21,22,301
2023-01-31,8000054,8002992,6,9,140
2023-01-31,8000054,8004676,25,29,211
2023-01-31,8000054,8006453,7,14,66
2023-01-31,8000081,8000081,208,349,117
2023-01-31,8000081,8001531,40,58,87
2023-01-31,8000081,8001542,22,54,26
2023-01-31,8000081,8003946,5,56,6
2023-01-31,8000081,8004230,58,63,294
2023-01-31,8000113,8000037,17,19,221
2023-01-31,8000113,8000113,57,74,290
2023-01-31,8000113,8001066,1,8,-4
2023-01-31,8000113,8006389,28,37,216
2023-01-31,8000164,8000164,144,195,111
2023-01-31,8000164,8000887,11,15,74
2023-01-31,8000164,8001327,63,83,127
2023-01-31,8000164,8001900,20,20,72
2023-01-31,8000164,8001909,17,21,126
2023-01-31,8000164,8002223,15,16,52
2023-01-31,8000164,8002227,12,23,95
2023-01-31,8000164,8002779,14,18,77
2023-01-31,8000171,8000037,2,2,195
2023-01-31,8000171,8000171,120,172,287
2023-01-31,8000171,8000392,39,67,194
2023-01-31,8000171,8001061,27,34,326
2023-01-31,8000171,8003788,23,34,214
2023-01-31,8000171,8003925,17,39,30
2023-01-31,8000171,8006226,16,16,619
2023-01-31,8000171,8006449,6,6,505
2023-01-31,8000186,8003090,0,31,0
2023-01-31,8000186,8003657,0,34,0
2023-01-31,8000239,8000239,49,76,186
2023-01-31,8000239,8001097,7,18,153
2023-01-31,8000239,8004883,27,54,146
2023-01-31,8000239,8006348,12,20,250
2023-01-31,8000358,8000358,101,126,249
2023-01-31,8000358,8004269,52,63,247
2023-01-31,8000358,8004474,51,63,257
2023-01-31,8000392,8000037,27,33,182
2023-01-31,8000392,8000171,51,68,192
2023-01-31,8000392,8000392,98,135,197
2023-01-31,8000392,8001545,26,34,228
2023-01-31,8000605,8000605,61,74,304
2023-01-31,8000605,8004228,30,37,381
2023-01-31,8000605,8004642,29,37,225
2023-01-31,8000745,8000745,40,69,112
2023-01-31,8000745,8001093,19,35,122
2023-01-31,8000745,8001394,19,34,120
2023-01-31,8000793,8000793,0,14,0
2023-01-31,8000793,8002180,0,7,0
2023-01-31,8000793,8005289,0,7,0
2023-01-31,8000904,8000904,5,6,510
2023-01-31,8000904,8001137,1,2,30
2023-01-31,8000904,8003998,4,4,742
2023-01-31,8000927,8000927,50,58,399
2023-01-31,8000927,8000966,8,8,551
2023-01-31,8000927,8003993,27,39,383
2023-01-31,8000927,8004676,22,26,197
2023-01-31,8000966,8000927,4,9,283
2023-01-31,8000966,8000966,10,17,268
2023-01-31,8000966,8005555,8,8,514
2023-01-31,8000977,8000977,46,83,102
2023-01-31,8000977,8006226,0,1,0
2023-01-31,8000977,8006386,15,39,39
2023-01-31,8000977,8006510,1,2,30
2023-01-31,8000978,8000978,0,14,0
2023-01-31,8000978,8003638,0,7,0
2023-01-31,8000978,8006109,0,7,0
2023-01-31,8001035,8001035,50,70,103
2023-01-31,8001035,8006710,31,35,186
2023-01-31,8001038,8001038,55,80,157
2023-01-31,8001038,8002639,28,40,201
2023-01-31,8001038,8006194,16,40,89
2023-01-31,8001039,8001039,111,138,247
2023-01-31,8001039,8004474,53,63,252
2023-01-31,8001039,8006227,46,69,180
2023-01-31,8001045,8001045,82,97,132
2023-01-31,8001045,8001061,0,1,0
2023-01-31,8001045,8002680,17,17,136
2023-01-31,8001045,8003986,46,49,190
2023-01-31,8001045,8006323,24,29,50
2023-01-31,8001061,8000171,20,33,186
2023-01-31,8001061,8001061,52,67,274
2023-01-31,8001061,8001558,16,18,415
2023-01-31,8001066,8000113,6,7,26
2023-01-31,8001066,8001066,7,15,10
2023-01-31,8001066,8003967,2,8,11
2023-01-31,8001093,8000745,20,34,77
2023-01-31,8001093,8001093,33,69,81
2023-01-31,8001093,8006323,21,35,120
2023-01-31,8001097,8000239,16,18,132
2023-01-31,8001097,8001097,33,36,127
2023-01-31,8001097,8005526,18,18,222
2023-01-31,8001137,8000054,5,6,135
2023-01-31,8001137,8000904,4,4,758
2023-01-31,8001137,8001137,27,32,265
2023-01-31,8001137,8002992,7,7,206
2023-01-31,8001137,8003896,10,15,216
2023-01-31,8001182,8000054,20,23,181
2023-01-31,8001213,8002535,15,18,45
2023-01-31,8001357,8001357,31,38,113
2023-01-31,8001357,8002514,17,19,131
2023-01-31,8001357,8005227,13,19,109
2023-01-31,8001394,8000745,29,35,125
2023-01-31,8001394,8001394,53,69,125
2023-01-31,8001394,8001692,24,34,157
2023-01-31,8001505,8001505,81,116,71
2023-01-31,8001505,8001525,27,58,67
2023-01-31,8001505,8001531,38,58,49
2023-01-31,8001515,8001515,35,57,123
2023-01-31,8001515,8001537,20,28,158
2023-01-31,8001515,8001543,16,16,58
2023-01-31,8001515,8006226,11,13,194
2023-01-31,8001516,8001549,51,54,51
2023-01-31,8001517,8001517,71,112,45
2023-01-31,8001517,8001529,31,56,33
2023-01-31,8001517,8001535,27,56,41
2023-01-31,8001518,8001518,68,112,32
2023-01-31,8001518,8001520,22,56,16
2023-01-31,8001518,8003946,45,56,49
2023-01-31,8001519,8001519,64,116,60
2023-01-31,8001519,8001525,31,58,59
2023-01-31,8001519,8001543,33,58,62
2023-01-31,8001520,8001518,21,56,28
2023-01-31,8001520,8001520,47,112,29
2023-01-31,8001520,8003916,49,56,35
2023-01-31,8001521,8001521,34,40,95
2023-01-31,8001521,8001522,15,20,105
2023-01-31,8001521,8001534,18,20,98
2023-01-31,8001522,8001521,20,20,126
2023-01-31,8001522,8001522,163,179,118
2023-01-31,8001522,8001523,16,20,42
2023-01-31,8001522,8001524,37,37,161
2023-01-31,8001522,8001545,13,14,105
2023-01-31,8001523,8001522,17,20,218
2023-01-31,8001523,8001523,26,40,127
2023-01-31,8001523,8001545,14,20,52
2023-01-31,8001524,8000037,37,37,283
2023-01-31,8001524,8001522,32,34,71
2023-01-31,8001524,8001524,62,71,156
2023-01-31,8001525,8001505,26,58,51
2023-01-31,8001525,8001519,27,58,58
2023-01-31,8001525,8001525,53,116,57
2023-01-31,8001526,8001526,61,112,30
2023-01-31,8001526,8001529,51,56,78
2023-01-31,8001526,8003936,8,56,6
2023-01-31,8001527,8001527,68,78,92
2023-01-31,8001527,8001536,27,39,64
2023-01-31,8001528,8001329,14,18,90
2023-01-31,8001528,8001528,29,36,97
2023-01-31,8001528,8001539,14,18,92
2023-01-31,8001529,8001517,41,56,68
2023-01-31,8001529,8001526,10,56,10
2023-01-31,8001529,8001529,81,112,47
2023-01-31,8001530,8001530,82,106,173
2023-01-31,8001530,8001533,22,54,144
2023-01-31,8001530,8004883,43,52,190
2023-01-31,8001531,8000081,25,58,44
2023-01-31,8001531,8001505,43,58,72
2023-01-31,8001531,8001531,52,116,51
2023-01-31,8001532,8001532,32,36,157
2023-01-31,8001532,8001544,17,18,147
2023-01-31,8001533,8001530,44,52,195
2023-01-31,8001533,8001533,65,106,158
2023-01-31,8001534,8001521,7,20,70
2023-01-31,8001534,8001534,24,40,81
2023-01-31,8001534,8001538,18,20,98
2023-01-31,8001535,8001517,29,56,23
2023-01-31,8001535,8001535,80,112,42
2023-01-31,8001535,8003916,40,56,52
2023-01-31,8001536,8001527,34,39,77
2023-01-31,8001536,8001536,51,78,62
2023-01-31,8001536,8006510,38,39,76
2023-01-31,8001537,8001515,15,29,83
2023-01-31,8001537,8001537,46,73,124
2023-01-31,8001537,8003169,22,36,152
2023-01-31,8001537,8006226,5,8,154
2023-01-31,8001538,8001534,10,20,76
2023-01-31,8001538,8001538,29,40,95
2023-01-31,8001538,8006505,19,20,111
2023-01-31,8001539,8001528,14,18,93
2023-01-31,8001539,8001539,28,36,88
2023-01-31,8001539,8001541,13,18,97
2023-01-31,8001540,8001540,72,108,42
2023-01-31,8001540,8001542,19,54,21
2023-01-31,8001540,8001549,54,54,99
2023-01-31,8001541,8001539,14,18,77
2023-01-31,8001541,8001541,28,36,108
2023-01-31,8001541,8001544,12,18,145
2023-01-31,8001542,8000081,0,54,-1
2023-01-31,8001542,8001540,27,54,31
2023-01-31,8001542,8001542,41,108,19
2023-01-31,8001543,8001327,73,83,120
2023-01-31,8001543,8001515,13,13,143
2023-01-31,8001543,8001519,26,58,51
2023-01-31,8001543,8001543,134,164,96
2023-01-31,8001544,8001532,11,18,140
2023-01-31,8001544,8001541,17,18,132
2023-01-31,8001544,8001544,29,36,139
2023-01-31,8001545,8000392,22,34,75
2023-01-31,8001545,8001522,13,14,270
2023-01-31,8001545,8001523,14,20,210
2023-01-31,8001545,8001545,47,68,150
2023-01-31,8001546,8001546,55,112,30
2023-01-31,8001546,8003909,11,56,8
2023-01-31,8001546,8003936,54,56,58
2023-01-31,8001549,8001516,54,54,65
2023-01-31,8001549,8001540,26,54,28
2023-01-31,8001549,8001549,105,108,73
2023-01-31,8001692,8001394,17,35,77
2023-01-31,8001692,8001692,44,69,123
2023-01-31,8001692,8002262,25,34,170
2023-01-31,8001700,8001700,34,40,256
2023-01-31,8001700,8003018,17,20,202
2023-01-31,8001700,8003716,12,20,296
2023-01-31,8001729,8001729,4,5,228
2023-01-31,8001729,8004406,1,2,15
2023-01-31,8001795,8000033,45,51,259
2023-01-31,8001795,8000037,24,32,321
2023-01-31,8001795,8001795,80,102,291
2023-01-31,8001795,8006386,14,18,273
2023-01-31,8001836,8000037,28,31,129
2023-01-31,8001836,8001836,57,62,135
2023-01-31,8001836,8002754,29,31,162
2023-01-31,8001851,8005319,6,9,230
2023-01-31,8001943,8001943,64,79,307
2023-01-31,8001943,8002267,25,39,78
2023-01-31,8001943,8004440,23,40,514
2023-01-31,8001980,8001980,16,18,373
2023-01-31,8001980,8003486,7,9,243
2023-01-31,8001980,8004564,9,9,493
2023-01-31,8002073,8002073,56,74,304
2023-01-31,8002073,8003993,30,37,227
2023-01-31,8002073,8004642,22,37,366
2023-01-31,8002180,8000793,0,7,0
2023-01-31,8002180,8002180,0,14,0
2023-01-31,8002180,8003470,0,7,0
2023-01-31,8002262,8001692,21,35,92
2023-01-31,8002262,8002262,50,69,130
2023-01-31,8002262,8005276,25,34,155
2023-01-31,8002267,8001943,32,40,518
2023-01-31,8002267,8002267,53,79,305
2023-01-31,8002267,8002509,27,39,78
2023-01-31,8002268,8000033,27,39,78
2023-01-31,8002268,8002268,51,79,303
2023-01-31,8002268,8002509,26,40,531
2023-01-31,8002509,8002267,28,40,532
2023-01-31,8002509,8002268,26,39,72
2023-01-31,8002509,8002509,54,79,309
2023-01-31,8002512,8002512,67,79,313
2023-01-31,8002512,8004440,25,39,81
2023-01-31,8002512,8006712,32,40,520
2023-01-31,8002514,8001357,9,19,82
2023-01-31,8002514,8002514,26,38,107
2023-01-31,8002514,8002769,19,19,136
2023-01-31,8002535,8001213,11,18,152
2023-01-31,8002535,8002535,26,36,128
2023-01-31,8002535,8003297,13,18,73
2023-01-31,8002639,8001038,27,40,116
2023-01-31,8002639,8002639,52,80,147
2023-01-31,8002639,8002640,25,40,177
2023-01-31,8002640,8002639,14,40,93
2023-01-31,8002680,8000441,34,38,436
2023-01-31,8002680,8001045,16,17,236
2023-01-31,8002680,8002680,54,75,356
2023-01-31,8002680,8003168,13,19,281
2023-01-31,8002745,8002745,49,68,209
2023-01-31,8002745,8003788,31,34,217
2023-01-31,8002745,8006342,22,34,216
2023-01-31,8002754,8001836,21,31,88
2023-01-31,8002754,8002754,49,62,132
2023-01-31,8002754,8003166,27,31,155
2023-01-31,8002769,8002514,14,19,103
2023-01-31,8002769,8002769,34,40,93
2023-01-31,8002769,8006505,11,20,81
2023-01-31,8002779,8000164,15,18,68
2023-01-31,8002779,8001328,14,18,85
2023-01-31,8002779,8002779,30,36,94
2023-01-31,8002953,8002953,46,72,135
2023-01-31,8002953,8003657,14,15,224
2023-01-31,8002953,8003939,13,17,62
2023-01-31,8002953,8006386,9,14,88
2023-01-31,8002992,8000054,10,11,385
2023-01-31,8002992,8001137,5,7,150
2023-01-31,8002992,8002992,18,20,282
2023-01-31,8002992,8003998,2,2,90
2023-01-31,8003018,8001700,16,20,236
2023-01-31,8003018,8003018,20,40,180
2023-01-31,8003090,8000186,20,31,51
2023-01-31,8003090,8003090,43,62,42
2023-01-31,8003090,8003166,26,31,54
2023-01-31,8003166,8002754,22,31,96
2023-01-31,8003166,8003090,17,31,62
2023-01-31,8003166,8003166,50,62,75
2023-01-31,8003168,8002680,18,19,485
2023-01-31,8003168,8003168,78,112,154
2023-01-31,8003168,8003169,27,37,100
2023-01-31,8003168,8004448,19,28,136
2023-01-31,8003168,8006226,16,19,235
2023-01-31,8003168,8006449,0,1,0
2023-01-31,8003169,8001537,22,37,96
2023-01-31,8003169,8003168,19,36,131
2023-01-31,8003169,8003169,49,73,119
2023-01-31,8003287,8003287,27,40,218
2023-01-31,8003287,8003939,14,20,274
2023-01-31,8003287,8006320,13,20,147
2023-01-31,8003297,8002535,14,18,237
2023-01-31,8003297,8003297,29,36,166
2023-01-31,8003297,8003950,10,18,113
2023-01-31,8003470,8002180,0,7,0
2023-01-31,8003470,8003470,0,14,0
2023-01-31,8003470,8004273,0,7,0
2023-01-31,8003486,8001980,9,9,517
2023-01-31,8003486,8003486,14,16,420
2023-01-31,8003486,8003493,10,16,197
2023-01-31,8003493,8000187,11,16,197
2023-01-31,8003493,8003486,13,16,411
2023-01-31,8003493,8003493,20,32,267
2023-01-31,8003621,8003621,14,18,347
2023-01-31,8003621,8004564,7,9,250
2023-01-31,8003621,8005319,7,9,447
2023-01-31,8003638,8000978,0,7,0
2023-01-31,8003638,8003638,0,14,0
2023-01-31,8003638,8003965,0,7,0
2023-01-31,8003657,8000186,22,33,169
2023-01-31,8003657,8002953,17,20,118
2023-01-31,8003657,8003657,41,67,105
2023-01-31,8003716,8001700,15,20,192
2023-01-31,8003716,8003716,25,40,241
2023-01-31,8003716,8006320,17,20,324
2023-01-31,8003788,8000171,15,34,202
2023-01-31,8003788,8002745,23,34,204
2023-01-31,8003788,8003788,55,68,218
2023-01-31,8003896,8001137,17,17,335
2023-01-31,8003896,8003896,30,32,262
2023-01-31,8003896,8006379,13,15,172
2023-01-31,8003909,8001546,53,56,63
2023-01-31,8003909,8003909,81,112,46
2023-01-31,8003909,8005971,27,56,27
2023-01-31,8003916,8001520,37,56,59
2023-01-31,8003916,8001535,40,56,36
2023-01-31,8003916,8003916,83,112,42
2023-01-31,8003925,8000171,31,39,45
2023-01-31,8003925,8003925,58,78,50
2023-01-31,8003925,8005971,16,39,22
2023-01-31,8003936,8001526,27,56,30
2023-01-31,8003936,8001546,39,56,30
2023-01-31,8003936,8003936,93,112,41
2023-01-31,8003939,8002953,10,17,178
2023-01-31,8003939,8003287,12,20,148
2023-01-31,8003939,8003939,23,40,213
2023-01-31,8003946,8000081,33,56,39
2023-01-31,8003946,8001518,8,56,6
2023-01-31,8003946,8003946,38,112,22
2023-01-31,8003950,8003297,17,18,248
2023-01-31,8003950,8003950,31,36,203
2023-01-31,8003950,8070483,16,18,193
2023-01-31,8003965,8003638,0,7,0
2023-01-31,8003965,8003965,0,14,0
2023-01-31,8003965,8003967,0,7,0
2023-01-31,8003967,8001066,0,7,0
2023-01-31,8003967,8003965,0,7,0
2023-01-31,8003967,8003967,1,14,2
2023-01-31,8003993,8000927,30,37,326
2023-01-31,8003993,8002073,28,37,388
2023-01-31,8003993,8003993,58,74,332
2023-01-31,8003998,8000904,1,2,45
2023-01-31,8003998,8002992,4,4,765
2023-01-31,8003998,8003998,6,6,525
2023-01-31,8004228,8000605,32,37,216
2023-01-31,8004228,8004228,57,74,299
2023-01-31,8004228,8006389,29,37,384
2023-01-31,8004230,8000081,47,63,228
2023-01-31,8004230,8004230,108,126,265
2023-01-31,8004230,8004419,54,63,284
2023-01-31,8004269,8000358,57,63,279
2023-01-31,8004269,8004269,109,126,263
2023-01-31,8004269,8004288,56,63,253
2023-01-31,8004273,8003470,0,7,0
2023-01-31,8004288,8004269,56,63,274
2023-01-31,8004288,8004288,112,126,262
2023-01-31,8004288,8004419,50,63,241
2023-01-31,8004419,8004230,50,63,244
2023-01-31,8004419,8004288,48,63,253
2023-01-31,8004419,8004419,104,126,256
2023-01-31,8004440,8001943,35,39,109
2023-01-31,8004440,8002512,36,40,540
2023-01-31,8004440,8004440,66,79,317
2023-01-31,8004448,8003168,18,29,62
2023-01-31,8004448,8004448,40,57,98
2023-01-31,8004474,8000358,52,63,242
2023-01-31,8004474,8001039,49,63,227
2023-01-31,8004474,8004474,101,126,246
2023-01-31,8004564,8001980,8,9,280
2023-01-31,8004564,8003621,9,9,507
2023-01-31,8004564,8004564,17,18,385
2023-01-31,8004642,8000605,30,37,387
2023-01-31,8004642,8002073,30,37,239
2023-01-31,8004642,8004642,58,74,306
2023-01-31,8004676,8000054,22,26,226
2023-01-31,8004676,8000927,26,29,362
2023-01-31,8004676,8004676,47,55,247
2023-01-31,8004883,8000239,42,52,200
2023-01-31,8004883,8001530,36,54,154
2023-01-31,8004883,8004883,71,106,174
2023-01-31,8005227,8001357,18,19,115
2023-01-31,8005289,8000793,0,7,0
2023-01-31,8005289,8005289,0,14,0
2023-01-31,8005289,8006109,0,7,0
2023-01-31,8005319,8001851,9,9,453
2023-01-31,8005319,8003621,8,9,267
2023-01-31,8005319,8005319,17,18,360
2023-01-31,8005488,8000033,29,40,546
2023-01-31,8005488,8005488,58,79,329
2023-01-31,8005488,8006607,22,39,69
2023-01-31,8005525,8003783,18,18,220
2023-01-31,8005525,8005525,36,36,151
2023-01-31,8005525,8005526,18,18,95
2023-01-31,8005526,8001097,18,18,67
2023-01-31,8005526,8005525,18,18,235
2023-01-31,8005526,8005526,36,36,165
2023-01-31,8005555,8000966,5,9,40
2023-01-31,8005555,8005555,16,17,251
2023-01-31,8005555,8005569,7,8,465
2023-01-31,8005569,8005555,2,9,33
2023-01-31,8005569,8005569,9,17,236
2023-01-31,8005569,8006486,7,8,506
2023-01-31,8005971,8003909,56,56,48
2023-01-31,8005971,8003925,38,39,45
2023-01-31,8005971,8005971,34,78,19
2023-01-31,8006109,8000978,0,7,0
2023-01-31,8006109,8005289,0,7,0
2023-01-31,8006109,8006109,0,14,0
2023-01-31,8006226,8000171,16,16,542
2023-01-31,8006226,8000977,1,1,1710
2023-01-31,8006226,8001515,10,13,129
2023-01-31,8006226,8001537,7,8,169
2023-01-31,8006226,8001584,5,6,65
2023-01-31,8006226,8001585,17,18,245
2023-01-31,8006226,8001911,10,21,26
2023-01-31,8006226,8003168,16,17,309
2023-01-31,8006226,8006226,139,190,270
2023-01-31,8006226,8006386,22,33,162
2023-01-31,8006226,8006713,15,16,270
2023-01-31,8006227,8001039,62,69,313
2023-01-31,8006227,8001905,68,69,222
2023-01-31,8006227,8006227,107,138,234
2023-01-31,8006320,8003287,12,20,280
2023-01-31,8006320,8003716,12,20,176
2023-01-31,8006320,8006320,44,58,219
2023-01-31,8006323,8001045,28,30,152
2023-01-31,8006323,8001093,21,34,56
2023-01-31,8006323,8006323,43,69,90
2023-01-31,8006342,8002745,29,34,222
2023-01-31,8006342,8006342,52,68,219
2023-01-31,8006342,8006383,25,34,236
2023-01-31,8006348,8000239,14,20,178
2023-01-31,8006348,8001323,18,20,322
2023-01-31,8006348,8006348,32,40,233
2023-01-31,8006379,8003896,17,17,318
2023-01-31,8006379,8005336,10,15,148
2023-01-31,8006379,8006379,31,32,253
2023-01-31,8006383,8006342,25,34,199
2023-01-31,8006383,8006383,43,68,209
2023-01-31,8006386,8000977,23,39,82
2023-01-31,8006386,8001795,17,18,292
2023-01-31,8006386,8002953,13,14,285
2023-01-31,8006386,8006226,15,34,50
2023-01-31,8006386,8006386,88,142,136
2023-01-31,8006386,8006510,14,19,81
2023-01-31,8006389,8000113,28,37,372
2023-01-31,8006389,8004228,29,37,213
2023-01-31,8006389,8006389,56,74,296
2023-01-31,8006486,8005569,2,9,33
2023-01-31,8006505,8001538,11,20,93
2023-01-31,8006505,8002769,9,20,30
2023-01-31,8006505,8006505,30,40,81
2023-01-31,8006510,8000977,1,1,60
2023-01-31,8006510,8001536,24,39,63
2023-01-31,8006510,8006386,20,20,105
2023-01-31,8006510,8006510,62,78,78
2023-01-31,8006710,8001035,23,35,43
2023-01-31,8006710,8006710,57,70,111
2023-01-31,8006710,8006711,27,35,157
2023-01-31,8006711,8006710,34,35,64
2023-01-31,8006711,8006711,62,70,108
2023-01-31,8006712,8002512,33,39,98
2023-01-31,8006712,8006712,66,79,313
