date,from_stop_id,to_stop_id,delay_count,entries_count,avg_delay
2023-08-01,8000033,8000033,88,146,299
2023-08-01,8000033,8001795,33,51,443
2023-08-01,8000033,8002268,9,22,14
2023-08-01,8000033,8005488,14,22,93
2023-08-01,8000033,8006719,44,51,406
2023-08-01,8000037,8000037,134,171,196
2023-08-01,8000037,8000113,12,20,69
2023-08-01,8000037,8000171,2,2,345
2023-08-01,8000037,8000392,31,34,443
2023-08-01,8000037,8001524,15,34,19
2023-08-01,8000037,8001795,31,31,383
2023-08-01,8000037,8001836,17,31,105
2023-08-01,8000054,8000054,12,18,37
2023-08-01,8000054,8001137,5,6,35
2023-08-01,8000054,8001182,7,9,57
2023-08-01,8000054,8002992,10,11,79
2023-08-01,8000054,8006453,4,12,40
2023-08-01,8000081,8000081,166,275,92
2023-08-01,8000081,8001531,35,42,92
2023-08-01,8000081,8001542,22,54,27
2023-08-01,8000081,8003946,15,56,21
2023-08-01,8000081,8004230,67,69,184
2023-08-01,8000113,8000037,18,19,131
2023-08-01,8000113,8000113,48,70,122
2023-08-01,8000113,8001066,30,37,62
2023-08-01,8000113,8006389,23,35,153
2023-08-01,8000164,8000164,154,202,115
2023-08-01,8000164,8000887,15,19,99
2023-08-01,8000164,8001327,69,83,126
2023-08-01,8000164,8002223,12,16,54
2023-08-01,8000164,8002227,12,23,50
2023-08-01,8000164,8002779,12,18,58
2023-08-01,8000171,8000037,2,2,105
2023-08-01,8000171,8000171,95,139,209
2023-08-01,8000171,8000392,41,67,156
2023-08-01,8000171,8001061,27,34,442
2023-08-01,8000171,8002745,21,34,65
2023-08-01,8000171,8003925,12,39,16
2023-08-01,8000186,8003090,1,31,14
2023-08-01,8000186,8003657,3,34,25
2023-08-01,8000239,8000239,42,76,47
2023-08-01,8000239,8001097,4,18,18
2023-08-01,8000239,8004883,32,54,61
2023-08-01,8000239,8006348,8,20,51
2023-08-01,8000358,8000358,98,138,129
2023-08-01,8000358,8004269,50,69,137
2023-08-01,8000358,8004474,52,69,122
2023-08-01,8000392,8000037,29,33,256
2023-08-01,8000392,8000171,55,68,261
2023-08-01,8000392,8000392,112,135,212
2023-08-01,8000392,8001545,25,34,75
2023-08-01,8000605,8000605,54,70,134
2023-08-01,8000605,8004228,25,35,112
2023-08-01,8000605,8004642,28,35,159
2023-08-01,8000745,8000745,49,69,232
2023-08-01,8000745,8001093,24,35,182
2023-08-01,8000745,8001394,24,34,289
2023-08-01,8000793,8000793,7,30,22
2023-08-01,8000793,8002180,7,15,44
2023-08-01,8000793,8005289,0,17,0
2023-08-01,8000904,8000904,5,6,125
2023-08-01,8000904,8001137,2,2,90
2023-08-01,8000904,8003998,3,4,98
2023-08-01,8000927,8000927,25,32,129
2023-08-01,8000927,8000966,13,17,182
2023-08-01,8000927,8003993,12,35,29
2023-08-01,8000966,8000927,13,17,46
2023-08-01,8000966,8000966,16,17,90
2023-08-01,8000966,8005555,7,8,142
2023-08-01,8000977,8000977,52,83,81
2023-08-01,8000977,8006386,23,42,66
2023-08-01,8000978,8000978,7,33,20
2023-08-01,8000978,8003638,0,17,0
2023-08-01,8000978,8006109,7,16,41
2023-08-01,8001035,8001035,45,68,59
2023-08-01,8001035,8006710,27,34,111
2023-08-01,8001038,8001038,38,44,129
2023-08-01,8001038,8002639,20,22,173
2023-08-01,8001038,8006194,10,22,78
2023-08-01,8001039,8001039,95,125,124
2023-08-01,8001039,8004474,40,56,149
2023-08-01,8001039,8006227,39,69,76
2023-08-01,8001045,8001045,89,96,561
2023-08-01,8001045,8001061,1,1,600
2023-08-01,8001045,8002680,15,16,412
2023-08-01,8001045,8003986,48,49,601
2023-08-01,8001045,8006323,26,29,298
2023-08-01,8001061,8000171,27,33,271
2023-08-01,8001061,8001061,55,67,369
2023-08-01,8001061,8001558,17,18,705
2023-08-01,8001066,8000113,24,36,42
2023-08-01,8001066,8001066,55,73,55
2023-08-01,8001066,8003967,30,37,58
2023-08-01,8001093,8000745,25,34,286
2023-08-01,8001093,8001093,44,69,223
2023-08-01,8001093,8006323,23,35,177
2023-08-01,8001097,8000239,17,18,62
2023-08-01,8001097,8001097,33,36,38
2023-08-01,8001097,8005526,17,18,92
2023-08-01,8001137,8000054,3,6,125
2023-08-01,8001137,8000904,3,4,158
2023-08-01,8001137,8001137,24,34,81
2023-08-01,8001137,8002992,5,7,86
2023-08-01,8001137,8003896,12,17,64
2023-08-01,8001182,8000054,8,9,67
2023-08-01,8001357,8001357,33,38,71
2023-08-01,8001357,8002514,18,19,95
2023-08-01,8001357,8005227,18,19,101
2023-08-01,8001394,8000745,31,35,184
2023-08-01,8001394,8001394,56,69,234
2023-08-01,8001394,8001692,26,34,313
2023-08-01,8001505,8001505,71,84,111
2023-08-01,8001505,8001525,40,42,124
2023-08-01,8001505,8001531,29,42,94
2023-08-01,8001515,8001515,42,57,362
2023-08-01,8001515,8001537,25,28,355
2023-08-01,8001515,8001543,16,16,144
2023-08-01,8001515,8006226,12,13,653
2023-08-01,8001516,8001549,51,54,32
2023-08-01,8001517,8001517,86,112,53
2023-08-01,8001517,8001529,42,56,50
2023-08-01,8001517,8001535,34,56,38
2023-08-01,8001518,8001518,67,112,35
2023-08-01,8001518,8001520,19,56,21
2023-08-01,8001518,8003946,41,56,48
2023-08-01,8001519,8001519,55,84,94
2023-08-01,8001519,8001525,18,42,91
2023-08-01,8001519,8001543,37,42,96
2023-08-01,8001520,8001518,26,56,28
2023-08-01,8001520,8001520,56,112,33
2023-08-01,8001520,8003916,48,56,38
2023-08-01,8001521,8001521,36,40,129
2023-08-01,8001521,8001522,14,20,70
2023-08-01,8001521,8001534,20,20,190
2023-08-01,8001522,8001521,20,20,218
2023-08-01,8001522,8001522,117,151,79
2023-08-01,8001522,8001523,12,20,56
2023-08-01,8001522,8001524,32,37,73
2023-08-01,8001522,8001545,12,14,66
2023-08-01,8001523,8001522,13,20,78
2023-08-01,8001523,8001523,26,40,64
2023-08-01,8001523,8001545,13,20,62
2023-08-01,8001524,8000037,31,37,109
2023-08-01,8001524,8001522,22,34,41
2023-08-01,8001524,8001524,47,71,62
2023-08-01,8001525,8001505,16,42,85
2023-08-01,8001525,8001519,38,42,100
2023-08-01,8001525,8001525,53,84,100
2023-08-01,8001526,8001526,60,112,34
2023-08-01,8001526,8001529,50,56,85
2023-08-01,8001526,8003936,10,56,-3
2023-08-01,8001527,8001527,65,78,73
2023-08-01,8001527,8001536,24,39,59
2023-08-01,8001528,8001329,12,18,87
2023-08-01,8001528,8001528,24,36,76
2023-08-01,8001528,8001539,8,18,48
2023-08-01,8001529,8001517,45,56,65
2023-08-01,8001529,8001526,9,56,12
2023-08-01,8001529,8001529,92,112,53
2023-08-01,8001530,8001530,84,106,73
2023-08-01,8001530,8001533,25,54,49
2023-08-01,8001530,8004883,39,52,73
2023-08-01,8001531,8000081,27,42,96
2023-08-01,8001531,8001505,40,42,110
2023-08-01,8001531,8001531,64,84,96
2023-08-01,8001532,8001532,32,36,88
2023-08-01,8001532,8001544,18,18,128
2023-08-01,8001533,8001530,45,52,84
2023-08-01,8001533,8001533,70,106,61
2023-08-01,8001534,8001521,11,20,51
2023-08-01,8001534,8001534,31,40,118
2023-08-01,8001534,8001538,20,20,194
2023-08-01,8001535,8001517,38,56,32
2023-08-01,8001535,8001535,91,112,41
2023-08-01,8001535,8003916,48,56,43
2023-08-01,8001536,8001527,25,39,43
2023-08-01,8001536,8001536,42,78,45
2023-08-01,8001536,8006510,35,39,71
2023-08-01,8001537,8001515,20,29,364
2023-08-01,8001537,8001537,58,73,417
2023-08-01,8001537,8003169,30,36,424
2023-08-01,8001537,8006226,6,8,656
2023-08-01,8001538,8001534,12,20,56
2023-08-01,8001538,8001538,34,40,134
2023-08-01,8001538,8006505,20,20,202
2023-08-01,8001539,8001528,9,18,87
2023-08-01,8001539,8001539,19,36,63
2023-08-01,8001539,8001541,9,18,48
2023-08-01,8001540,8001540,78,108,58
2023-08-01,8001540,8001542,25,54,52
2023-08-01,8001540,8001549,54,54,98
2023-08-01,8001541,8001539,9,18,72
2023-08-01,8001541,8001541,21,36,68
2023-08-01,8001541,8001544,12,18,50
2023-08-01,8001542,8000081,3,54,14
2023-08-01,8001542,8001540,28,54,31
2023-08-01,8001542,8001542,48,108,33
2023-08-01,8001543,8001327,79,83,130
2023-08-01,8001543,8001515,14,15,138
2023-08-01,8001543,8001519,16,42,83
2023-08-01,8001543,8001543,122,166,103
2023-08-01,8001544,8001532,8,18,35
2023-08-01,8001544,8001541,14,18,123
2023-08-01,8001544,8001544,26,36,82
2023-08-01,8001545,8000392,22,34,60
2023-08-01,8001545,8001522,12,14,96
2023-08-01,8001545,8001523,13,20,70
2023-08-01,8001545,8001545,43,68,64
2023-08-01,8001546,8001546,66,112,35
2023-08-01,8001546,8003909,17,56,19
2023-08-01,8001546,8003936,51,56,62
2023-08-01,8001549,8001516,49,54,54
2023-08-01,8001549,8001540,31,54,64
2023-08-01,8001549,8001549,105,108,72
2023-08-01,8001692,8001394,23,35,142
2023-08-01,8001692,8001692,51,69,232
2023-08-01,8001692,8002262,26,34,330
2023-08-01,8001700,8001700,20,40,59
2023-08-01,8001700,8003018,10,20,30
2023-08-01,8001700,8003716,7,20,70
2023-08-01,8001729,8001729,4,8,79
2023-08-01,8001729,8004406,2,3,40
2023-08-01,8001795,8000033,45,51,424
2023-08-01,8001795,8000037,29,32,443
2023-08-01,8001795,8001795,77,102,429
2023-08-01,8001795,8006386,11,18,380
2023-08-01,8001836,8000037,21,31,87
2023-08-01,8001836,8001836,37,62,82
2023-08-01,8001836,8002754,15,31,94
2023-08-01,8001851,8005319,5,8,698
2023-08-01,8001943,8001943,30,44,55
2023-08-01,8001943,8002267,10,22,67
2023-08-01,8001943,8004440,8,22,23
2023-08-01,8001980,8001980,15,16,591
2023-08-01,8001980,8003486,7,8,750
2023-08-01,8001980,8004564,8,8,480
2023-08-01,8002073,8002073,58,70,126
2023-08-01,8002073,8003993,32,35,183
2023-08-01,8002073,8004642,22,35,82
2023-08-01,8002180,8000793,0,15,0
2023-08-01,8002180,8002180,7,30,22
2023-08-01,8002180,8003470,7,15,44
2023-08-01,8002262,8001692,27,35,158
2023-08-01,8002262,8002262,57,69,245
2023-08-01,8002262,8005276,23,34,312
2023-08-01,8002267,8001943,12,22,23
2023-08-01,8002267,8002267,19,44,49
2023-08-01,8002267,8002509,13,22,105
2023-08-01,8002268,8000033,10,22,100
2023-08-01,8002268,8002268,22,44,63
2023-08-01,8002268,8002509,9,22,16
2023-08-01,8002509,8002267,9,22,15
2023-08-01,8002509,8002268,12,22,109
2023-08-01,8002509,8002509,22,44,60
2023-08-01,8002512,8002512,29,44,56
2023-08-01,8002512,8004440,16,22,71
2023-08-01,8002512,8006712,13,22,41
2023-08-01,8002514,8001357,9,19,39
2023-08-01,8002514,8002514,26,38,72
2023-08-01,8002514,8002769,19,19,90
2023-08-01,8002639,8001038,18,22,86
2023-08-01,8002639,8002639,34,44,119
2023-08-01,8002639,8002640,15,22,130
2023-08-01,8002640,8002639,9,22,80
2023-08-01,8002680,8000441,38,38,403
2023-08-01,8002680,8001045,17,17,787
2023-08-01,8002680,8002680,66,75,426
2023-08-01,8002680,8003168,14,19,213
2023-08-01,8002745,8000171,20,34,62
2023-08-01,8002745,8002745,39,68,65
2023-08-01,8002745,8006342,15,34,55
2023-08-01,8002754,8001836,11,31,58
2023-08-01,8002754,8002754,29,62,77
2023-08-01,8002754,8003166,16,31,91
2023-08-01,8002769,8002514,17,19,51
2023-08-01,8002769,8002769,39,40,86
2023-08-01,8002769,8006505,14,20,66
2023-08-01,8002779,8000164,16,18,88
2023-08-01,8002779,8001328,13,18,67
2023-08-01,8002779,8002779,30,36,84
2023-08-01,8002953,8002953,39,71,81
2023-08-01,8002953,8003657,13,15,206
2023-08-01,8002953,8003939,10,17,49
2023-08-01,8002953,8006386,9,14,58
2023-08-01,8002992,8000054,7,11,104
2023-08-01,8002992,8001137,4,9,27
2023-08-01,8002992,8002992,15,22,75
2023-08-01,8002992,8003998,2,2,165
2023-08-01,8003018,8001700,9,20,84
2023-08-01,8003018,8003018,14,40,49
2023-08-01,8003090,8000186,8,31,53
2023-08-01,8003090,8003090,36,62,54
2023-08-01,8003090,8003166,29,31,78
2023-08-01,8003166,8002754,12,31,58
2023-08-01,8003166,8003090,7,31,59
2023-08-01,8003166,8003166,34,62,64
2023-08-01,8003168,8002680,18,19,294
2023-08-01,8003168,8003168,118,145,343
2023-08-01,8003168,8003169,33,37,442
2023-08-01,8003168,8004448,23,28,423
2023-08-01,8003168,8006226,33,35,306
2023-08-01,8003168,8006449,6,7,223
2023-08-01,8003169,8001537,27,37,433
2023-08-01,8003169,8003168,31,36,429
2023-08-01,8003169,8003169,61,73,430
2023-08-01,8003287,8003287,20,40,46
2023-08-01,8003287,8003939,13,20,58
2023-08-01,8003287,8006320,9,20,28
2023-08-01,8003470,8002180,0,15,0
2023-08-01,8003470,8003470,7,30,22
2023-08-01,8003470,8004273,7,15,42
2023-08-01,8003486,8001980,8,8,450
2023-08-01,8003486,8003486,14,15,496
2023-08-01,8003486,8003493,8,12,252
2023-08-01,8003493,8000187,8,12,260
2023-08-01,8003493,8003486,11,12,195
2023-08-01,8003493,8003493,15,24,219
2023-08-01,8003621,8003621,13,16,585
2023-08-01,8003621,8004564,5,8,709
2023-08-01,8003621,8005319,8,8,491
2023-08-01,8003638,8000978,7,16,39
2023-08-01,8003638,8003638,7,33,18
2023-08-01,8003638,8003965,0,17,0
2023-08-01,8003657,8000186,17,33,137
2023-08-01,8003657,8002953,16,20,81
2023-08-01,8003657,8003657,36,67,89
2023-08-01,8003716,8001700,9,20,26
2023-08-01,8003716,8003716,11,40,44
2023-08-01,8003716,8006320,9,20,76
2023-08-01,8003896,8001137,13,17,122
2023-08-01,8003896,8003896,26,34,106
2023-08-01,8003896,8006379,9,17,94
2023-08-01,8003909,8001546,49,56,71
2023-08-01,8003909,8003909,74,112,50
2023-08-01,8003909,8005971,22,56,29
2023-08-01,8003916,8001520,41,56,58
2023-08-01,8003916,8001535,43,56,42
2023-08-01,8003916,8003916,86,112,41
2023-08-01,8003925,8000171,32,39,52
2023-08-01,8003925,8003925,58,78,50
2023-08-01,8003925,8005971,20,39,20
2023-08-01,8003936,8001526,34,56,38
2023-08-01,8003936,8001546,41,56,12
2023-08-01,8003936,8003936,93,112,34
2023-08-01,8003939,8002953,6,16,36
2023-08-01,8003939,8003287,7,20,21
2023-08-01,8003939,8003939,17,40,41
2023-08-01,8003946,8000081,37,56,50
2023-08-01,8003946,8001518,21,56,23
2023-08-01,8003946,8003946,53,112,34
2023-08-01,8003965,8003638,7,16,38
2023-08-01,8003965,8003965,7,33,18
2023-08-01,8003965,8003967,4,17,7
2023-08-01,8003967,8001066,8,36,16
2023-08-01,8003967,8003965,7,16,39
2023-08-01,8003967,8003967,13,33,31
2023-08-01,8003993,8000927,29,35,198
2023-08-01,8003993,8002073,26,35,55
2023-08-01,8003993,8003993,48,70,112
2023-08-01,8003998,8000904,1,2,105
2023-08-01,8003998,8002992,2,4,60
2023-08-01,8003998,8003998,4,6,90
2023-08-01,8004228,8000605,32,35,156
2023-08-01,8004228,8004228,50,70,129
2023-08-01,8004228,8006389,24,35,117
2023-08-01,8004230,8000081,28,56,124
2023-08-01,8004230,8004230,104,125,156
2023-08-01,8004230,8004419,61,69,163
2023-08-01,8004269,8000358,63,69,148
2023-08-01,8004269,8004269,113,138,142
2023-08-01,8004269,8004288,51,69,140
2023-08-01,8004273,8003470,0,15,0
2023-08-01,8004288,8004269,66,69,146
2023-08-01,8004288,8004288,117,138,143
2023-08-01,8004288,8004419,45,69,132
2023-08-01,8004419,8000081,11,13,148
2023-08-01,8004419,8004230,37,56,137
2023-08-01,8004419,8004288,53,69,128
2023-08-01,8004419,8004419,107,138,140
2023-08-01,8004440,8001943,18,22,97
2023-08-01,8004440,8002512,11,22,44
2023-08-01,8004440,8004440,25,44,61
2023-08-01,8004448,8003168,26,29,413
2023-08-01,8004448,8004448,51,57,422
2023-08-01,8004474,8000358,47,69,133
2023-08-01,8004474,8001039,50,69,101
2023-08-01,8004474,8004474,102,138,124
2023-08-01,8004564,8001980,7,8,765
2023-08-01,8004564,8003621,8,8,506
2023-08-01,8004564,8004564,15,16,630
2023-08-01,8004642,8000605,25,35,93
2023-08-01,8004642,8002073,30,35,168
2023-08-01,8004642,8004642,52,70,123
2023-08-01,8004883,8000239,41,52,71
2023-08-01,8004883,8001530,44,54,74
2023-08-01,8004883,8004883,73,106,71
2023-08-01,8005227,8001357,15,19,58
2023-08-01,8005289,8000793,8,16,45
2023-08-01,8005289,8005289,8,33,23
2023-08-01,8005289,8006109,0,17,0
2023-08-01,8005319,8001851,7,8,461
2023-08-01,8005319,8003621,6,8,698
2023-08-01,8005319,8005319,13,16,583
2023-08-01,8005488,8000033,6,22,8
2023-08-01,8005488,8005488,22,44,61
2023-08-01,8005488,8006607,9,22,86
2023-08-01,8005525,8003783,17,18,88
2023-08-01,8005525,8005525,18,36,52
2023-08-01,8005525,8005526,1,18,3
2023-08-01,8005526,8001097,1,18,3
2023-08-01,8005526,8005525,17,18,105
2023-08-01,8005526,8005526,18,36,57
2023-08-01,8005555,8000966,9,9,53
2023-08-01,8005555,8005555,16,17,86
2023-08-01,8005555,8005569,7,8,158
2023-08-01,8005569,8005555,1,9,3
2023-08-01,8005569,8005569,7,17,74
2023-08-01,8005569,8006486,8,8,101
2023-08-01,8005971,8003909,56,56,56
2023-08-01,8005971,8003925,37,39,53
2023-08-01,8005971,8005971,34,78,24
2023-08-01,8006109,8000978,0,17,0
2023-08-01,8006109,8005289,8,16,43
2023-08-01,8006109,8006109,7,33,20
2023-08-01,8006226,8000853,21,22,814
2023-08-01,8006226,8001515,12,13,549
2023-08-01,8006226,8001537,6,8,510
2023-08-01,8006226,8001585,18,18,365
2023-08-01,8006226,8001911,17,21,137
2023-08-01,8006226,8003168,25,33,124
2023-08-01,8006226,8006226,146,190,269
2023-08-01,8006226,8006386,27,34,107
2023-08-01,8006227,8001039,46,56,178
2023-08-01,8006227,8001905,69,69,119
2023-08-01,8006227,8004474,12,13,118
2023-08-01,8006227,8006227,92,138,110
2023-08-01,8006320,8003287,6,20,54
2023-08-01,8006320,8003716,5,20,20
2023-08-01,8006320,8006320,22,58,44
2023-08-01,8006323,8001045,29,30,331
2023-08-01,8006323,8001093,28,34,287
2023-08-01,8006323,8006323,51,69,231
2023-08-01,8006342,8002745,24,34,85
2023-08-01,8006342,8006342,39,68,67
2023-08-01,8006342,8006383,15,34,62
2023-08-01,8006348,8000239,14,20,68
2023-08-01,8006348,8001323,15,20,105
2023-08-01,8006348,8006348,30,40,85
2023-08-01,8006379,8003896,16,17,171
2023-08-01,8006379,8005336,6,17,67
2023-08-01,8006379,8006379,24,34,141
2023-08-01,8006383,8006342,16,34,55
2023-08-01,8006383,8006383,26,68,47
2023-08-01,8006386,8000977,29,41,89
2023-08-01,8006386,8001795,15,18,338
2023-08-01,8006386,8002953,11,14,210
2023-08-01,8006386,8006226,25,35,110
2023-08-01,8006386,8006386,93,147,155
2023-08-01,8006386,8006510,18,21,43
2023-08-01,8006389,8000113,22,35,113
2023-08-01,8006389,8004228,29,35,147
2023-08-01,8006389,8006389,54,70,136
2023-08-01,8006486,8005569,0,9,0
2023-08-01,8006505,8001538,14,20,76
2023-08-01,8006505,8002769,16,20,120
2023-08-01,8006505,8006505,33,40,118
2023-08-01,8006510,8001536,19,39,37
2023-08-01,8006510,8006386,21,21,93
2023-08-01,8006510,8006510,59,78,67
2023-08-01,8006710,8001035,22,34,34
2023-08-01,8006710,8006710,51,68,77
2023-08-01,8006710,8006711,24,34,102
2023-08-01,8006711,8006710,27,34,53
2023-08-01,8006711,8006711,51,68,73
2023-08-01,8006712,8002512,18,22,79
2023-08-01,8006712,8006712,34,44,63
2023-08-02,8000033,8000033,91,146,391
2023-08-02,8000033,8001795,32,51,544
2023-08-02,8000033,8002268,9,22,37
2023-08-02,8000033,8005488,14,22,188
2023-08-02,8000033,8006719,41,51,546
2023-08-02,8000037,8000037,134,171,255
2023-08-02,8000037,8000113,9,20,74
2023-08-02,8000037,8000171,2,2,105
2023-08-02,8000037,8000392,30,34,656
2023-08-02,8000037,8001524,21,34,42
2023-08-02,8000037,8001795,28,31,515
2023-08-02,8000037,8001836,22,31,71
2023-08-02,8000054,8000054,13,18,38
2023-08-02,8000054,8001137,6,6,55
2023-08-02,8000054,8001182,6,9,20
2023-08-02,8000054,8002992,10,11,68
2023-08-02,8000054,8006453,7,12,30
2023-08-02,8000081,8000081,164,275,265
2023-08-02,8000081,8001531,34,42,62
2023-08-02,8000081,8001542,23,54,19
2023-08-02,8000081,8003946,11,56,11
2023-08-02,8000081,8004230,62,69,533
2023-08-02,8000113,8000037,14,19,51
2023-08-02,8000113,8000113,45,70,88
2023-08-02,8000113,8001066,27,37,47
2023-08-02,8000113,8006389,23,35,101
2023-08-02,8000164,8000164,165,202,154
2023-08-02,8000164,8000887,15,19,99
2023-08-02,8000164,8001327,71,83,188
2023-08-02,8000164,8002223,12,16,139
2023-08-02,8000164,8002227,14,23,127
2023-08-02,8000164,8002779,16,18,90
2023-08-02,8000171,8000037,2,2,225
2023-08-02,8000171,8000171,84,139,276
2023-08-02,8000171,8000392,36,67,193
2023-08-02,8000171,8001061,25,34,649
2023-08-02,8000171,8002745,13,34,64
2023-08-02,8000171,8003925,13,39,17
2023-08-02,8000186,8003090,0,31,0
2023-08-02,8000186,8003657,1,34,4
2023-08-02,8000239,8000239,51,76,125
2023-08-02,8000239,8001097,6,18,70
2023-08-02,8000239,8004883,34,54,124
2023-08-02,8000239,8006348,13,20,132
2023-08-02,8000358,8000358,110,138,499
2023-08-02,8000358,8004269,60,69,520
2023-08-02,8000358,8004474,52,69,485
2023-08-02,8000392,8000037,27,33,380
2023-08-02,8000392,8000171,51,68,374
2023-08-02,8000392,8000392,94,135,288
2023-08-02,8000392,8001545,19,34,49
2023-08-02,8000605,8000605,50,70,81
2023-08-02,8000605,8004228,21,35,47
2023-08-02,8000605,8004642,27,35,101
2023-08-02,8000745,8000745,41,69,100
2023-08-02,8000745,8001093,15,35,64
2023-08-02,8000745,8001394,20,34,136
2023-08-02,8000793,8000793,7,30,17
2023-08-02,8000793,8002180,7,15,30
2023-08-02,8000793,8005289,0,17,0
2023-08-02,8000904,8000904,5,6,160
2023-08-02,8000904,8001137,1,2,45
2023-08-02,8000904,8003998,4,4,210
2023-08-02,8000927,8000927,29,32,123
2023-08-02,8000927,8000966,15,17,159
2023-08-02,8000927,8003993,19,35,38
2023-08-02,8000966,8000927,11,17,49
2023-08-02,8000966,8000966,15,17,120
2023-08-02,8000966,8005555,8,8,225
2023-08-02,8000977,8000977,52,83,126
2023-08-02,8000977,8006386,18,42,83
2023-08-02,8000978,8000978,7,33,16
2023-08-02,8000978,8003638,0,17,0
2023-08-02,8000978,8006109,7,16,26
2023-08-02,8001035,8001035,52,68,93
2023-08-02,8001035,8006710,30,34,157
2023-08-02,8001038,8001038,36,44,237
2023-08-02,8001038,8002639,20,22,255
2023-08-02,8001038,8006194,12,22,209
2023-08-02,8001039,8001039,106,125,508
2023-08-02,8001039,8004474,48,56,584
2023-08-02,8001039,8006227,46,69,391
2023-08-02,8001045,8001045,91,96,368
2023-08-02,8001045,8001061,1,1,390
2023-08-02,8001045,8002680,16,16,392
2023-08-02,8001045,8003986,43,49,441
2023-08-02,8001045,8006323,28,29,202
2023-08-02,8001061,8000171,25,33,363
2023-08-02,8001061,8001061,54,67,523
2023-08-02,8001061,8001558,17,18,1027
2023-08-02,8001066,8000113,25,36,33
2023-08-02,8001066,8001066,51,73,40
2023-08-02,8001066,8003967,30,37,41
2023-08-02,8001093,8000745,20,34,127
2023-08-02,8001093,8001093,34,69,86
2023-08-02,8001093,8006323,18,35,66
2023-08-02,8001097,8000239,18,18,92
2023-08-02,8001097,8001097,36,36,61
2023-08-02,8001097,8005526,18,18,143
2023-08-02,8001137,8000054,6,6,60
2023-08-02,8001137,8000904,4,4,225
2023-08-02,8001137,8001137,28,34,72
2023-08-02,8001137,8002992,4,7,51
2023-08-02,8001137,8003896,14,17,58
2023-08-02,8001182,8000054,7,9,70
2023-08-02,8001357,8001357,33,38,247
2023-08-02,8001357,8002514,18,19,308
2023-08-02,8001357,8005227,16,19,219
2023-08-02,8001394,8000745,29,35,81
2023-08-02,8001394,8001394,51,69,106
2023-08-02,8001394,8001692,22,34,148
2023-08-02,8001505,8001505,73,84,82
2023-08-02,8001505,8001525,37,42,100
2023-08-02,8001505,8001531,34,42,61
2023-08-02,8001515,8001515,49,57,623
2023-08-02,8001515,8001537,27,28,968
2023-08-02,8001515,8001543,15,16,197
2023-08-02,8001515,8006226,12,13,466
2023-08-02,8001516,8001549,54,54,46
2023-08-02,8001517,8001517,73,112,41
2023-08-02,8001517,8001529,33,56,36
2023-08-02,8001517,8001535,30,56,27
2023-08-02,8001518,8001518,62,112,26
2023-08-02,8001518,8001520,13,56,11
2023-08-02,8001518,8003946,45,56,41
2023-08-02,8001519,8001519,65,84,70
2023-08-02,8001519,8001525,28,42,64
2023-08-02,8001519,8001543,37,42,75
2023-08-02,8001520,8001518,18,56,15
2023-08-02,8001520,8001520,48,112,22
2023-08-02,8001520,8003916,40,56,26
2023-08-02,8001521,8001521,34,40,149
2023-08-02,8001521,8001522,14,20,62
2023-08-02,8001521,8001534,19,20,231
2023-08-02,8001522,8001521,19,20,261
2023-08-02,8001522,8001522,115,151,91
2023-08-02,8001522,8001523,11,20,27
2023-08-02,8001522,8001524,34,37,109
2023-08-02,8001522,8001545,12,14,120
2023-08-02,8001523,8001522,10,20,44
2023-08-02,8001523,8001523,18,40,34
2023-08-02,8001523,8001545,11,20,33
2023-08-02,8001524,8000037,33,37,135
2023-08-02,8001524,8001522,25,34,71
2023-08-02,8001524,8001524,55,71,90
2023-08-02,8001525,8001505,19,42,53
2023-08-02,8001525,8001519,37,42,77
2023-08-02,8001525,8001525,55,84,72
2023-08-02,8001526,8001526,62,112,28
2023-08-02,8001526,8001529,52,56,72
2023-08-02,8001526,8003936,9,56,8
2023-08-02,8001527,8001527,61,78,70
2023-08-02,8001527,8001536,21,39,55
2023-08-02,8001528,8001329,14,18,157
2023-08-02,8001528,8001528,28,36,123
2023-08-02,8001528,8001539,13,18,72
2023-08-02,8001529,8001517,43,56,54
2023-08-02,8001529,8001526,10,56,12
2023-08-02,8001529,8001529,84,112,43
2023-08-02,8001530,8001530,82,106,131
2023-08-02,8001530,8001533,29,54,108
2023-08-02,8001530,8004883,42,52,136
2023-08-02,8001531,8000081,29,42,64
2023-08-02,8001531,8001505,38,42,78
2023-08-02,8001531,8001531,60,84,62
2023-08-02,8001532,8001532,31,36,122
2023-08-02,8001532,8001544,18,18,152
2023-08-02,8001533,8001530,46,52,138
2023-08-02,8001533,8001533,77,106,114
2023-08-02,8001534,8001521,11,20,57
2023-08-02,8001534,8001534,30,40,142
2023-08-02,8001534,8001538,19,20,237
2023-08-02,8001535,8001517,29,56,21
2023-08-02,8001535,8001535,80,112,31
2023-08-02,8001535,8003916,42,56,34
2023-08-02,8001536,8001527,20,39,42
2023-08-02,8001536,8001536,32,78,42
2023-08-02,8001536,8006510,32,39,76
2023-08-02,8001537,8001515,23,29,283
2023-08-02,8001537,8001537,63,73,698
2023-08-02,8001537,8003169,34,36,1008
2023-08-02,8001537,8006226,7,8,1061
2023-08-02,8001538,8001534,16,20,68
2023-08-02,8001538,8001538,36,40,162
2023-08-02,8001538,8006505,19,20,244
2023-08-02,8001539,8001528,11,18,155
2023-08-02,8001539,8001539,26,36,100
2023-08-02,8001539,8001541,14,18,72
2023-08-02,8001540,8001540,69,108,35
2023-08-02,8001540,8001542,15,54,11
2023-08-02,8001540,8001549,54,54,98
2023-08-02,8001541,8001539,10,18,98
2023-08-02,8001541,8001541,22,36,87
2023-08-02,8001541,8001544,10,18,57
2023-08-02,8001542,8000081,4,54,3
2023-08-02,8001542,8001540,25,54,23
2023-08-02,8001542,8001542,42,108,16
2023-08-02,8001543,8001327,76,83,158
2023-08-02,8001543,8001515,13,15,498
2023-08-02,8001543,8001519,22,42,54
2023-08-02,8001543,8001543,136,166,149
2023-08-02,8001544,8001532,7,18,77
2023-08-02,8001544,8001541,13,18,143
2023-08-02,8001544,8001544,23,36,103
2023-08-02,8001545,8000392,21,34,75
2023-08-02,8001545,8001522,11,14,73
2023-08-02,8001545,8001523,9,20,39
2023-08-02,8001545,8001545,38,68,57
2023-08-02,8001546,8001546,61,112,31
2023-08-02,8001546,8003909,17,56,13
2023-08-02,8001546,8003936,47,56,48
2023-08-02,8001549,8001516,53,54,61
2023-08-02,8001549,8001540,19,54,19
2023-08-02,8001549,8001549,108,108,67
2023-08-02,8001692,8001394,24,35,49
2023-08-02,8001692,8001692,50,69,102
2023-08-02,8001692,8002262,25,34,165
2023-08-02,8001700,8001700,20,40,39
2023-08-02,8001700,8003018,11,20,44
2023-08-02,8001700,8003716,4,20,16
2023-08-02,8001729,8001729,7,8,409
2023-08-02,8001729,8004406,3,3,60
2023-08-02,8001795,8000033,40,51,531
2023-08-02,8001795,8000037,28,32,668
2023-08-02,8001795,8001795,71,102,533
2023-08-02,8001795,8006386,10,18,238
2023-08-02,8001836,8000037,22,31,78
2023-08-02,8001836,8001836,45,62,59
2023-08-02,8001836,8002754,20,31,60
2023-08-02,8001851,8005319,4,8,26
2023-08-02,8001943,8001943,36,44,207
2023-08-02,8001943,8002267,14,22,228
2023-08-02,8001943,8004440,8,22,139
2023-08-02,8001980,8001980,12,16,109
2023-08-02,8001980,8003486,2,8,15
2023-08-02,8001980,8004564,8,8,206
2023-08-02,8002073,8002073,56,70,83
2023-08-02,8002073,8003993,30,35,124
2023-08-02,8002073,8004642,20,35,35
2023-08-02,8002180,8000793,0,15,0
2023-08-02,8002180,8002180,6,30,12
2023-08-02,8002180,8003470,7,15,28
2023-08-02,8002262,8001692,26,35,61
2023-08-02,8002262,8002262,51,69,115
2023-08-02,8002262,8005276,20,34,160
2023-08-02,8002267,8001943,15,22,161
2023-08-02,8002267,8002267,23,44,185
2023-08-02,8002267,8002509,15,22,226
2023-08-02,8002268,8000033,16,22,209
2023-08-02,8002268,8002268,24,44,160
2023-08-02,8002268,8002509,10,22,164
2023-08-02,8002509,8002267,10,22,149
2023-08-02,8002509,8002268,14,22,222
2023-08-02,8002509,8002509,25,44,190
2023-08-02,8002512,8002512,33,44,208
2023-08-02,8002512,8004440,20,22,248
2023-08-02,8002512,8006712,13,22,158
2023-08-02,8002514,8001357,9,19,178
2023-08-02,8002514,8002514,27,38,246
2023-08-02,8002514,8002769,19,19,186
2023-08-02,8002639,8001038,16,22,207
2023-08-02,8002639,8002639,35,44,226
2023-08-02,8002639,8002640,20,22,224
2023-08-02,8002640,8002639,9,22,209
2023-08-02,8002680,8000441,34,38,792
2023-08-02,8002680,8001045,17,17,692
2023-08-02,8002680,8002680,61,75,609
2023-08-02,8002680,8003168,14,19,216
2023-08-02,8002745,8000171,19,34,34
2023-08-02,8002745,8002745,29,68,49
2023-08-02,8002745,8006342,12,34,56
2023-08-02,8002754,8001836,12,31,33
2023-08-02,8002754,8002754,33,62,50
2023-08-02,8002754,8003166,20,31,59
2023-08-02,8002769,8002514,14,19,188
2023-08-02,8002769,8002769,37,40,152
2023-08-02,8002769,8006505,17,20,84
2023-08-02,8002779,8000164,15,18,148
2023-08-02,8002779,8001328,16,18,98
2023-08-02,8002779,8002779,32,36,132
2023-08-02,8002953,8002953,35,71,78
2023-08-02,8002953,8003657,13,15,178
2023-08-02,8002953,8003939,11,17,49
2023-08-02,8002953,8006386,4,14,13
2023-08-02,8002992,8000054,11,11,150
2023-08-02,8002992,8001137,5,9,33
2023-08-02,8002992,8002992,19,22,95
2023-08-02,8002992,8003998,1,2,90
2023-08-02,8003018,8001700,9,20,26
2023-08-02,8003018,8003018,13,40,26
2023-08-02,8003090,8000186,6,31,19
2023-08-02,8003090,8003090,34,62,28
2023-08-02,8003090,8003166,30,31,62
2023-08-02,8003166,8002754,11,31,36
2023-08-02,8003166,8003090,4,31,19
2023-08-02,8003166,8003166,33,62,32
2023-08-02,8003168,8002680,18,19,995
2023-08-02,8003168,8003168,127,145,702
2023-08-02,8003168,8003169,33,37,431
2023-08-02,8003168,8004448,24,28,1079
2023-08-02,8003168,8006226,32,35,564
2023-08-02,8003168,8006449,7,7,1046
2023-08-02,8003169,8001537,30,37,409
2023-08-02,8003169,8003168,34,36,1016
2023-08-02,8003169,8003169,66,73,711
2023-08-02,8003287,8003287,17,40,27
2023-08-02,8003287,8003939,9,20,20
2023-08-02,8003287,8006320,9,20,39
2023-08-02,8003470,8002180,0,15,0
2023-08-02,8003470,8003470,6,30,16
2023-08-02,8003470,8004273,7,15,24
2023-08-02,8003486,8001980,8,8,206
2023-08-02,8003486,8003486,11,15,110
2023-08-02,8003486,8003493,4,12,20
2023-08-02,8003493,8000187,6,12,40
2023-08-02,8003493,8003486,11,12,178
2023-08-02,8003493,8003493,15,24,110
2023-08-02,8003621,8003621,13,16,99
2023-08-02,8003621,8004564,5,8,41
2023-08-02,8003621,8005319,7,8,146
2023-08-02,8003638,8000978,7,16,26
2023-08-02,8003638,8003638,5,33,8
2023-08-02,8003638,8003965,0,17,0
2023-08-02,8003657,8000186,12,33,67
2023-08-02,8003657,8002953,17,20,54
2023-08-02,8003657,8003657,33,67,52
2023-08-02,8003716,8001700,10,20,32
2023-08-02,8003716,8003716,11,40,22
2023-08-02,8003716,8006320,9,20,32
2023-08-02,8003896,8001137,16,17,109
2023-08-02,8003896,8003896,32,34,100
2023-08-02,8003896,8006379,14,17,90
2023-08-02,8003909,8001546,49,56,55
2023-08-02,8003909,8003909,84,112,44
2023-08-02,8003909,8005971,31,56,32
2023-08-02,8003916,8001520,42,56,51
2023-08-02,8003916,8001535,37,56,35
2023-08-02,8003916,8003916,79,112,34
2023-08-02,8003925,8000171,34,39,42
2023-08-02,8003925,8003925,56,78,45
2023-08-02,8003925,8005971,16,39,20
2023-08-02,8003936,8001526,30,56,28
2023-08-02,8003936,8001546,39,56,37
2023-08-02,8003936,8003936,86,112,39
2023-08-02,8003939,8002953,3,16,6
2023-08-02,8003939,8003287,6,20,33
2023-08-02,8003939,8003939,16,40,32
2023-08-02,8003946,8000081,38,56,33
2023-08-02,8003946,8001518,14,56,12
2023-08-02,8003946,8003946,49,112,22
2023-08-02,8003965,8003638,5,16,19
2023-08-02,8003965,8003965,5,33,10
2023-08-02,8003965,8003967,1,17,0
2023-08-02,8003967,8001066,3,36,5
2023-08-02,8003967,8003965,6,16,21
2023-08-02,8003967,8003967,11,33,18
2023-08-02,8003993,8000927,32,35,135
2023-08-02,8003993,8002073,27,35,52
2023-08-02,8003993,8003993,48,70,85
2023-08-02,8003998,8000904,1,2,45
2023-08-02,8003998,8002992,3,4,218
2023-08-02,8003998,8003998,4,6,165
2023-08-02,8004228,8000605,33,35,112
2023-08-02,8004228,8004228,47,70,72
2023-08-02,8004228,8006389,19,35,63
2023-08-02,8004230,8000081,46,56,523
2023-08-02,8004230,8004230,110,125,529
2023-08-02,8004230,8004419,56,69,519
2023-08-02,8004269,8000358,57,69,509
2023-08-02,8004269,8004269,118,138,516
2023-08-02,8004269,8004288,61,69,525
2023-08-02,8004273,8003470,0,15,0
2023-08-02,8004288,8004269,60,69,506
2023-08-02,8004288,8004288,121,138,514
2023-08-02,8004288,8004419,60,69,515
2023-08-02,8004419,8000081,12,13,478
2023-08-02,8004419,8004230,48,56,536
2023-08-02,8004419,8004288,53,69,493
2023-08-02,8004419,8004419,117,138,512
2023-08-02,8004440,8001943,21,22,273
2023-08-02,8004440,8002512,13,22,173
2023-08-02,8004440,8004440,32,44,208
2023-08-02,8004448,8003168,25,29,378
2023-08-02,8004448,8004448,50,57,726
2023-08-02,8004474,8000358,58,69,511
2023-08-02,8004474,8001039,57,69,443
2023-08-02,8004474,8004474,111,138,498
2023-08-02,8004564,8001980,8,8,56
2023-08-02,8004564,8003621,8,8,255
2023-08-02,8004564,8004564,16,16,148
2023-08-02,8004642,8000605,22,35,51
2023-08-02,8004642,8002073,27,35,120
2023-08-02,8004642,8004642,49,70,78
2023-08-02,8004883,8000239,44,52,132
2023-08-02,8004883,8001530,42,54,121
2023-08-02,8004883,8004883,79,106,126
2023-08-02,8005227,8001357,17,19,294
2023-08-02,8005289,8000793,6,16,30
2023-08-02,8005289,8005289,6,33,15
2023-08-02,8005289,8006109,0,17,0
2023-08-02,8005319,8001851,8,8,154
2023-08-02,8005319,8003621,5,8,34
2023-08-02,8005319,8005319,13,16,94
2023-08-02,8005488,8000033,5,22,34
2023-08-02,8005488,8005488,21,44,121
2023-08-02,8005488,8006607,8,22,175
2023-08-02,8005525,8003783,18,18,152
2023-08-02,8005525,8005525,19,36,85
2023-08-02,8005525,8005526,1,18,3
2023-08-02,8005526,8001097,1,18,3
2023-08-02,8005526,8005525,18,18,167
2023-08-02,8005526,8005526,19,36,85
2023-08-02,8005555,8000966,7,9,47
2023-08-02,8005555,8005555,15,17,116
2023-08-02,8005555,8005569,7,8,218
2023-08-02,8005569,8005555,0,9,0
2023-08-02,8005569,8005569,7,17,102
2023-08-02,8005569,8006486,7,8,161
2023-08-02,8005971,8003909,56,56,44
2023-08-02,8005971,8003925,37,39,43
2023-08-02,8005971,8005971,30,78,18
2023-08-02,8006109,8000978,0,17,0
2023-08-02,8006109,8005289,7,16,26
2023-08-02,8006109,8006109,6,33,10
2023-08-02,8006226,8000853,20,22,1346
2023-08-02,8006226,8001515,13,13,1258
2023-08-02,8006226,8001537,6,8,1042
2023-08-02,8006226,8001585,18,18,705
2023-08-02,8006226,8001911,18,21,137
2023-08-02,8006226,8003168,30,33,831
2023-08-02,8006226,8006226,150,190,559
2023-08-02,8006226,8006386,30,34,172
2023-08-02,8006227,8001039,50,56,646
2023-08-02,8006227,8001905,66,69,435
2023-08-02,8006227,8004474,12,13,420
2023-08-02,8006227,8006227,104,138,486
2023-08-02,8006320,8003287,3,20,9
2023-08-02,8006320,8003716,6,20,26
2023-08-02,8006320,8006320,27,58,51
2023-08-02,8006323,8001045,27,30,198
2023-08-02,8006323,8001093,24,34,120
2023-08-02,8006323,8006323,42,69,91
2023-08-02,8006342,8002745,21,34,46
2023-08-02,8006342,8006342,34,68,50
2023-08-02,8006342,8006383,14,34,59
2023-08-02,8006348,8000239,16,20,165
2023-08-02,8006348,8001323,19,20,188
2023-08-02,8006348,8006348,37,40,176
2023-08-02,8006379,8003896,17,17,168
2023-08-02,8006379,8005336,10,17,64
2023-08-02,8006379,8006379,29,34,137
2023-08-02,8006383,8006342,14,34,29
2023-08-02,8006383,8006383,23,68,35
2023-08-02,8006386,8000977,29,41,147
2023-08-02,8006386,8001795,13,18,372
2023-08-02,8006386,8002953,14,14,261
2023-08-02,8006386,8006226,23,35,98
2023-08-02,8006386,8006386,82,147,149
2023-08-02,8006386,8006510,12,21,43
2023-08-02,8006389,8000113,18,35,57
2023-08-02,8006389,8004228,27,35,88
2023-08-02,8006389,8006389,46,70,79
2023-08-02,8006486,8005569,1,9,33
2023-08-02,8006505,8001538,17,20,86
2023-08-02,8006505,8002769,15,20,264
2023-08-02,8006505,8006505,36,40,172
2023-08-02,8006510,8001536,13,39,35
2023-08-02,8006510,8006386,20,21,121
2023-08-02,8006510,8006510,48,78,72
2023-08-02,8006710,8001035,23,34,54
2023-08-02,8006710,8006710,57,68,111
2023-08-02,8006710,8006711,29,34,151
2023-08-02,8006711,8006710,29,34,74
2023-08-02,8006711,8006711,58,68,105
2023-08-02,8006712,8002512,20,22,262
2023-08-02,8006712,8006712,32,44,210
2023-08-03,8000033,8000033,91,146,376
2023-08-03,8000033,8001795,34,51,662
2023-08-03,8000033,8002268,10,22,125
2023-08-03,8000033,8005488,15,22,57
2023-08-03,8000033,8006719,39,51,353
2023-08-03,8000037,8000037,119,171,240
2023-08-03,8000037,8000113,6,20,50
2023-08-03,8000037,8000171,2,2,390
2023-08-03,8000037,8000392,26,34,817
2023-08-03,8000037,8001524,12,34,-203
2023-08-03,8000037,8001795,25,31,351
2023-08-03,8000037,8001836,17,31,64
2023-08-03,8000054,8000054,8,18,18
2023-08-03,8000054,8001137,5,6,55
2023-08-03,8000054,8001182,3,9,13
2023-08-03,8000054,8002992,10,11,63
2023-08-03,8000054,8006453,3,12,12
2023-08-03,8000081,8000081,187,275,197
2023-08-03,8000081,8001531,41,42,97
2023-08-03,8000081,8001542,23,54,38
2023-08-03,8000081,8003946,18,56,53
2023-08-03,8000081,8004230,63,69,330
2023-08-03,8000113,8000037,13,19,237
2023-08-03,8000113,8000113,44,70,130
2023-08-03,8000113,8001066,28,37,36
2023-08-03,8000113,8006389,22,35,81
2023-08-03,8000164,8000164,163,202,202
2023-08-03,8000164,8000887,15,19,180
2023-08-03,8000164,8001327,71,83,237
2023-08-03,8000164,8002223,12,16,66
2023-08-03,8000164,8002227,17,23,157
2023-08-03,8000164,8002779,13,18,90
2023-08-03,8000171,8000037,2,2,75
2023-08-03,8000171,8000171,87,139,314
2023-08-03,8000171,8000392,36,67,188
2023-08-03,8000171,8001061,24,34,777
2023-08-03,8000171,8002745,19,34,100
2023-08-03,8000171,8003925,13,39,48
2023-08-03,8000186,8003090,1,31,2
2023-08-03,8000186,8003657,2,34,6
2023-08-03,8000239,8000239,48,76,83
2023-08-03,8000239,8001097,5,18,42
2023-08-03,8000239,8004883,37,54,87
2023-08-03,8000239,8006348,10,20,105
2023-08-03,8000358,8000358,113,138,314
2023-08-03,8000358,8004269,60,69,349
2023-08-03,8000358,8004474,56,69,290
2023-08-03,8000392,8000037,26,33,315
2023-08-03,8000392,8000171,50,68,449
2023-08-03,8000392,8000392,93,135,322
2023-08-03,8000392,8001545,23,34,71
2023-08-03,8000605,8000605,49,70,126
2023-08-03,8000605,8004228,22,35,150
2023-08-03,8000605,8004642,26,35,98
2023-08-03,8000745,8000745,48,69,166
2023-08-03,8000745,8001093,25,35,130
2023-08-03,8000745,8001394,22,34,235
2023-08-03,8000793,8000793,10,30,20
2023-08-03,8000793,8002180,9,15,32
2023-08-03,8000793,8005289,0,17,0
2023-08-03,8000904,8000904,4,6,70
2023-08-03,8000904,8001137,1,2,30
2023-08-03,8000904,8003998,2,4,52
2023-08-03,8000927,8000927,25,32,130
2023-08-03,8000927,8000966,14,17,106
2023-08-03,8000927,8003993,17,35,125
2023-08-03,8000966,8000927,12,17,94
2023-08-03,8000966,8000966,17,17,120
2023-08-03,8000966,8005555,8,8,202
2023-08-03,8000977,8000977,48,83,74
2023-08-03,8000977,8006386,18,42,56
2023-08-03,8000978,8000978,8,33,16
2023-08-03,8000978,8003638,0,17,0
2023-08-03,8000978,8006109,8,16,19
2023-08-03,8001035,8001035,55,68,69
2023-08-03,8001035,8006710,32,34,132
2023-08-03,8001038,8001038,38,44,160
2023-08-03,8001038,8002639,21,22,226
2023-08-03,8001038,8006194,9,22,71
2023-08-03,8001039,8001039,102,125,326
2023-08-03,8001039,8004474,47,56,384
2023-08-03,8001039,8006227,46,69,247
2023-08-03,8001045,8001045,92,96,372
2023-08-03,8001045,8001061,1,1,390
2023-08-03,8001045,8002680,16,16,221
2023-08-03,8001045,8003986,47,49,452
2023-08-03,8001045,8006323,23,29,213
2023-08-03,8001061,8000171,20,33,301
2023-08-03,8001061,8001061,47,67,550
2023-08-03,8001061,8001558,14,18,1455
2023-08-03,8001066,8000113,27,36,32
2023-08-03,8001066,8001066,55,73,39
2023-08-03,8001066,8003967,29,37,36
2023-08-03,8001093,8000745,22,34,188
2023-08-03,8001093,8001093,43,69,143
2023-08-03,8001093,8006323,27,35,146
2023-08-03,8001097,8000239,18,18,95
2023-08-03,8001097,8001097,35,36,59
2023-08-03,8001097,8005526,18,18,118
2023-08-03,8001137,8000054,3,6,290
2023-08-03,8001137,8000904,4,4,120
2023-08-03,8001137,8001137,28,34,109
2023-08-03,8001137,8002992,7,7,73
2023-08-03,8001137,8003896,12,17,49
2023-08-03,8001182,8000054,8,9,57
2023-08-03,8001357,8001357,26,38,129
2023-08-03,8001357,8002514,13,19,142
2023-08-03,8001357,8005227,16,19,156
2023-08-03,8001394,8000745,33,35,147
2023-08-03,8001394,8001394,56,69,204
2023-08-03,8001394,8001692,24,34,286
2023-08-03,8001505,8001505,76,84,119
2023-08-03,8001505,8001525,42,42,131
2023-08-03,8001505,8001531,34,42,102
2023-08-03,8001515,8001515,44,57,714
2023-08-03,8001515,8001537,22,28,945
2023-08-03,8001515,8001543,16,16,204
2023-08-03,8001515,8006226,11,13,912
2023-08-03,8001516,8001549,48,54,57
2023-08-03,8001517,8001517,79,112,103
2023-08-03,8001517,8001529,34,56,118
2023-08-03,8001517,8001535,34,56,66
2023-08-03,8001518,8001518,68,112,80
2023-08-03,8001518,8001520,18,56,79
2023-08-03,8001518,8003946,42,56,77
2023-08-03,8001519,8001519,66,84,110
2023-08-03,8001519,8001525,27,42,110
2023-08-03,8001519,8001543,39,42,104
2023-08-03,8001520,8001518,28,56,58
2023-08-03,8001520,8001520,56,112,78
2023-08-03,8001520,8003916,41,56,106
2023-08-03,8001521,8001521,29,40,168
2023-08-03,8001521,8001522,12,20,110
2023-08-03,8001521,8001534,16,20,225
2023-08-03,8001522,8001521,16,20,243
2023-08-03,8001522,8001522,114,151,73
2023-08-03,8001522,8001523,10,20,28
2023-08-03,8001522,8001524,32,37,105
2023-08-03,8001522,8001545,14,14,120
2023-08-03,8001523,8001522,14,20,70
2023-08-03,8001523,8001523,23,40,45
2023-08-03,8001523,8001545,13,20,38
2023-08-03,8001524,8000037,31,37,109
2023-08-03,8001524,8001522,21,34,-123
2023-08-03,8001524,8001524,46,71,-35
2023-08-03,8001525,8001505,21,42,99
2023-08-03,8001525,8001519,38,42,112
2023-08-03,8001525,8001525,61,84,112
2023-08-03,8001526,8001526,66,112,85
2023-08-03,8001526,8001529,50,56,108
2023-08-03,8001526,8003936,15,56,87
2023-08-03,8001527,8001527,69,78,96
2023-08-03,8001527,8001536,31,39,85
2023-08-03,8001528,8001329,14,18,113
2023-08-03,8001528,8001528,28,36,102
2023-08-03,8001528,8001539,12,18,68
2023-08-03,8001529,8001517,45,56,95
2023-08-03,8001529,8001526,15,56,89
2023-08-03,8001529,8001529,83,112,102
2023-08-03,8001530,8001530,92,106,102
2023-08-03,8001530,8001533,32,54,73
2023-08-03,8001530,8004883,45,52,106
2023-08-03,8001531,8000081,26,42,101
2023-08-03,8001531,8001505,42,42,112
2023-08-03,8001531,8001531,61,84,101
2023-08-03,8001532,8001532,32,36,116
2023-08-03,8001532,8001544,18,18,152
2023-08-03,8001533,8001530,48,52,118
2023-08-03,8001533,8001533,75,106,86
2023-08-03,8001534,8001521,8,20,108
2023-08-03,8001534,8001534,24,40,164
2023-08-03,8001534,8001538,16,20,228
2023-08-03,8001535,8001517,31,56,104
2023-08-03,8001535,8001535,77,112,90
2023-08-03,8001535,8003916,42,56,73
2023-08-03,8001536,8001527,28,39,59
2023-08-03,8001536,8001536,44,78,63
2023-08-03,8001536,8006510,37,39,95
2023-08-03,8001537,8001515,22,29,484
2023-08-03,8001537,8001537,56,73,763
2023-08-03,8001537,8003169,27,36,1058
2023-08-03,8001537,8006226,5,8,469
2023-08-03,8001538,8001534,10,20,112
2023-08-03,8001538,8001538,29,40,180
2023-08-03,8001538,8006505,16,20,237
2023-08-03,8001539,8001528,11,18,113
2023-08-03,8001539,8001539,25,36,84
2023-08-03,8001539,8001541,14,18,73
2023-08-03,8001540,8001540,72,108,68
2023-08-03,8001540,8001542,20,54,56
2023-08-03,8001540,8001549,52,54,114
2023-08-03,8001541,8001539,10,18,92
2023-08-03,8001541,8001541,25,36,84
2023-08-03,8001541,8001544,13,18,68
2023-08-03,8001542,8000081,5,54,25
2023-08-03,8001542,8001540,30,54,45
2023-08-03,8001542,8001542,43,108,42
2023-08-03,8001543,8001327,80,83,214
2023-08-03,8001543,8001515,14,15,418
2023-08-03,8001543,8001519,24,42,104
2023-08-03,8001543,8001543,141,166,195
2023-08-03,8001544,8001532,10,18,65
2023-08-03,8001544,8001541,13,18,127
2023-08-03,8001544,8001544,26,36,100
2023-08-03,8001545,8000392,20,34,73
2023-08-03,8001545,8001522,13,14,111
2023-08-03,8001545,8001523,12,20,58
2023-08-03,8001545,8001545,42,68,70
2023-08-03,8001546,8001546,61,112,84
2023-08-03,8001546,8003909,16,56,87
2023-08-03,8001546,8003936,47,56,82
2023-08-03,8001549,8001516,51,54,82
2023-08-03,8001549,8001540,22,54,64
2023-08-03,8001549,8001549,100,108,90
2023-08-03,8001692,8001394,27,35,115
2023-08-03,8001692,8001692,54,69,210
2023-08-03,8001692,8002262,26,34,308
2023-08-03,8001700,8001700,17,40,81
2023-08-03,8001700,8003018,10,20,51
2023-08-03,8001700,8003716,6,20,98
2023-08-03,8001729,8001729,7,8,60
2023-08-03,8001729,8004406,3,3,30
2023-08-03,8001795,8000033,40,51,341
2023-08-03,8001795,8000037,26,32,847
2023-08-03,8001795,8001795,73,102,495
2023-08-03,8001795,8006386,13,18,237
2023-08-03,8001836,8000037,16,31,-170
2023-08-03,8001836,8001836,34,62,-1
2023-08-03,8001836,8002754,18,31,64
2023-08-03,8001851,8005319,4,8,26
2023-08-03,8001943,8001943,31,44,85
2023-08-03,8001943,8002267,7,22,23
2023-08-03,8001943,8004440,7,22,109
2023-08-03,8001980,8001980,16,16,142
2023-08-03,8001980,8003486,8,8,82
2023-08-03,8001980,8004564,8,8,206
2023-08-03,8002073,8002073,50,70,123
2023-08-03,8002073,8003993,27,35,107
2023-08-03,8002073,8004642,18,35,133
2023-08-03,8002180,8000793,0,15,0
2023-08-03,8002180,8002180,5,30,12
2023-08-03,8002180,8003470,8,15,28
2023-08-03,8002262,8001692,29,35,128
2023-08-03,8002262,8002262,57,69,223
2023-08-03,8002262,8005276,24,34,316
2023-08-03,8002267,8001943,15,22,123
2023-08-03,8002267,8002267,18,44,68
2023-08-03,8002267,8002509,9,22,22
2023-08-03,8002268,8000033,14,22,74
2023-08-03,8002268,8002268,24,44,91
2023-08-03,8002268,8002509,10,22,121
2023-08-03,8002509,8002267,10,22,121
2023-08-03,8002509,8002268,14,22,34
2023-08-03,8002509,8002509,20,44,72
2023-08-03,8002512,8002512,29,44,81
2023-08-03,8002512,8004440,12,22,27
2023-08-03,8002512,8006712,15,22,127
2023-08-03,8002514,8001357,14,19,114
2023-08-03,8002514,8002514,26,38,133
2023-08-03,8002514,8002769,17,19,131
2023-08-03,8002639,8001038,17,22,102
2023-08-03,8002639,8002639,37,44,155
2023-08-03,8002639,8002640,19,22,181
2023-08-03,8002640,8002639,12,22,108
2023-08-03,8002680,8000441,35,38,490
2023-08-03,8002680,8001045,17,17,750
2023-08-03,8002680,8002680,60,75,520
2023-08-03,8002680,8003168,14,19,426
2023-08-03,8002745,8000171,23,34,79
2023-08-03,8002745,8002745,36,68,102
2023-08-03,8002745,8006342,16,34,139
2023-08-03,8002754,8001836,7,31,34
2023-08-03,8002754,8002754,27,62,-6
2023-08-03,8002754,8003166,19,31,59
2023-08-03,8002769,8002514,14,19,123
2023-08-03,8002769,8002769,31,40,128
2023-08-03,8002769,8006505,11,20,117
2023-08-03,8002779,8000164,17,18,118
2023-08-03,8002779,8001328,15,18,98
2023-08-03,8002779,8002779,33,36,122
2023-08-03,8002953,8002953,38,71,101
2023-08-03,8002953,8003657,13,15,170
2023-08-03,8002953,8003939,14,17,99
2023-08-03,8002953,8006386,8,14,146
2023-08-03,8002992,8000054,9,11,85
2023-08-03,8002992,8001137,5,9,33
2023-08-03,8002992,8002992,16,22,53
2023-08-03,8002992,8003998,1,2,60
2023-08-03,8003018,8001700,7,20,70
2023-08-03,8003018,8003018,12,40,33
2023-08-03,8003090,8000186,8,31,30
2023-08-03,8003090,8003090,32,62,-52
2023-08-03,8003090,8003166,27,31,-285
2023-08-03,8003166,8002754,8,31,-191
2023-08-03,8003166,8003090,5,31,31
2023-08-03,8003166,8003166,25,62,-106
2023-08-03,8003168,8002680,18,19,699
2023-08-03,8003168,8003168,116,145,638
2023-08-03,8003168,8003169,30,37,474
2023-08-03,8003168,8004448,23,28,1066
2023-08-03,8003168,8006226,33,35,687
2023-08-03,8003168,8006449,5,7,231
2023-08-03,8003169,8001537,27,37,470
2023-08-03,8003169,8003168,28,36,1060
2023-08-03,8003169,8003169,55,73,756
2023-08-03,8003287,8003287,21,40,82
2023-08-03,8003287,8003939,8,20,92
2023-08-03,8003287,8006320,13,20,64
2023-08-03,8003470,8002180,0,15,0
2023-08-03,8003470,8003470,8,30,16
2023-08-03,8003470,8004273,8,15,20
2023-08-03,8003486,8001980,7,8,251
2023-08-03,8003486,8003486,12,15,128
2023-08-03,8003486,8003493,8,12,58
2023-08-03,8003493,8000187,9,12,85
2023-08-03,8003493,8003486,9,12,110
2023-08-03,8003493,8003493,16,24,90
2023-08-03,8003621,8003621,11,16,126
2023-08-03,8003621,8004564,4,8,38
2023-08-03,8003621,8005319,8,8,218
2023-08-03,8003638,8000978,9,16,28
2023-08-03,8003638,8003638,6,33,6
2023-08-03,8003638,8003965,0,17,0
2023-08-03,8003657,8000186,14,33,88
2023-08-03,8003657,8002953,19,20,88
2023-08-03,8003657,8003657,41,67,60
2023-08-03,8003716,8001700,8,20,45
2023-08-03,8003716,8003716,14,40,74
2023-08-03,8003716,8006320,10,20,120
2023-08-03,8003896,8001137,16,17,180
2023-08-03,8003896,8003896,29,34,124
2023-08-03,8003896,8006379,11,17,53
2023-08-03,8003909,8001546,46,56,87
2023-08-03,8003909,8003909,78,112,95
2023-08-03,8003909,8005971,25,56,99
2023-08-03,8003916,8001520,40,56,84
2023-08-03,8003916,8001535,35,56,109
2023-08-03,8003916,8003916,77,112,90
2023-08-03,8003925,8000171,29,39,82
2023-08-03,8003925,8003925,59,78,85
2023-08-03,8003925,8005971,20,39,64
2023-08-03,8003936,8001526,35,56,62
2023-08-03,8003936,8001546,43,56,115
2023-08-03,8003936,8003936,90,112,96
2023-08-03,8003939,8002953,6,16,60
2023-08-03,8003939,8003287,9,20,66
2023-08-03,8003939,8003939,20,40,82
2023-08-03,8003946,8000081,37,56,69
2023-08-03,8003946,8001518,23,56,83
2023-08-03,8003946,8003946,56,112,69
2023-08-03,8003965,8003638,6,16,13
2023-08-03,8003965,8003965,6,33,11
2023-08-03,8003965,8003967,3,17,7
2023-08-03,8003967,8001066,10,36,12
2023-08-03,8003967,8003965,6,16,22
2023-08-03,8003967,8003967,13,33,23
2023-08-03,8003993,8000927,32,35,126
2023-08-03,8003993,8002073,27,35,142
2023-08-03,8003993,8003993,49,70,123
2023-08-03,8003998,8000904,1,2,45
2023-08-03,8003998,8002992,1,4,30
2023-08-03,8003998,8003998,3,6,45
2023-08-03,8004228,8000605,32,35,102
2023-08-03,8004228,8004228,42,70,124
2023-08-03,8004228,8006389,23,35,173
2023-08-03,8004230,8000081,46,56,362
2023-08-03,8004230,8004230,111,125,347
2023-08-03,8004230,8004419,62,69,320
2023-08-03,8004269,8000358,58,69,309
2023-08-03,8004269,8004269,118,138,328
2023-08-03,8004269,8004288,61,69,355
2023-08-03,8004273,8003470,0,15,0
2023-08-03,8004288,8004269,58,69,301
2023-08-03,8004288,8004288,119,138,326
2023-08-03,8004288,8004419,58,69,343
2023-08-03,8004419,8000081,12,13,249
2023-08-03,8004419,8004230,48,56,375
2023-08-03,8004419,8004288,50,69,281
2023-08-03,8004419,8004419,120,138,323
2023-08-03,8004440,8001943,18,22,63
2023-08-03,8004440,8002512,16,22,136
2023-08-03,8004440,8004440,30,44,85
2023-08-03,8004448,8003168,23,29,389
2023-08-03,8004448,8004448,49,57,727
2023-08-03,8004474,8000358,58,69,334
2023-08-03,8004474,8001039,55,69,268
2023-08-03,8004474,8004474,113,138,309
2023-08-03,8004564,8001980,7,8,79
2023-08-03,8004564,8003621,8,8,278
2023-08-03,8004564,8004564,15,16,159
2023-08-03,8004642,8000605,19,35,141
2023-08-03,8004642,8002073,27,35,99
2023-08-03,8004642,8004642,47,70,116
2023-08-03,8004883,8000239,45,52,100
2023-08-03,8004883,8001530,44,54,92
2023-08-03,8004883,8004883,83,106,96
2023-08-03,8005227,8001357,11,19,120
2023-08-03,8005289,8000793,10,16,36
2023-08-03,8005289,8005289,9,33,16
2023-08-03,8005289,8006109,0,17,0
2023-08-03,8005319,8001851,8,8,195
2023-08-03,8005319,8003621,3,8,15
2023-08-03,8005319,8005319,12,16,116
2023-08-03,8005488,8000033,9,22,135
2023-08-03,8005488,8005488,28,44,103
2023-08-03,8005488,8006607,7,22,48
2023-08-03,8005525,8003783,18,18,112
2023-08-03,8005525,8005525,21,36,72
2023-08-03,8005525,8005526,3,18,23
2023-08-03,8005526,8001097,3,18,22
2023-08-03,8005526,8005525,18,18,132
2023-08-03,8005526,8005526,21,36,82
2023-08-03,8005555,8000966,9,9,63
2023-08-03,8005555,8005555,17,17,115
2023-08-03,8005555,8005569,7,8,195
2023-08-03,8005569,8005555,1,9,7
2023-08-03,8005569,8005569,9,17,97
2023-08-03,8005569,8006486,7,8,124
2023-08-03,8005971,8003909,54,56,77
2023-08-03,8005971,8003925,38,39,85
2023-08-03,8005971,8005971,32,78,57
2023-08-03,8006109,8000978,0,17,0
2023-08-03,8006109,8005289,9,16,28
2023-08-03,8006109,8006109,5,33,6
2023-08-03,8006226,8000853,17,22,749
2023-08-03,8006226,8001515,11,13,1311
2023-08-03,8006226,8001537,7,8,1279
2023-08-03,8006226,8001585,17,18,1083
2023-08-03,8006226,8001911,18,21,84
2023-08-03,8006226,8003168,26,33,486
2023-08-03,8006226,8006226,144,190,528
2023-08-03,8006226,8006386,27,34,117
2023-08-03,8006227,8001039,48,56,421
2023-08-03,8006227,8001905,67,69,299
2023-08-03,8006227,8004474,10,13,210
2023-08-03,8006227,8006227,101,138,304
2023-08-03,8006320,8003287,5,20,92
2023-08-03,8006320,8003716,7,20,40
2023-08-03,8006320,8006320,29,58,118
2023-08-03,8006323,8001045,29,30,251
2023-08-03,8006323,8001093,26,34,162
2023-08-03,8006323,8006323,53,69,157
2023-08-03,8006342,8002745,24,34,93
2023-08-03,8006342,8006342,40,68,115
2023-08-03,8006342,8006383,17,34,143
2023-08-03,8006348,8000239,18,20,92
2023-08-03,8006348,8001323,17,20,190
2023-08-03,8006348,8006348,35,40,134
2023-08-03,8006379,8003896,17,17,247
2023-08-03,8006379,8005336,10,17,41
2023-08-03,8006379,8006379,28,34,157
2023-08-03,8006383,8006342,18,34,76
2023-08-03,8006383,8006383,25,68,98
2023-08-03,8006386,8000977,27,41,77
2023-08-03,8006386,8001795,13,18,288
2023-08-03,8006386,8002953,14,14,204
2023-08-03,8006386,8006226,24,35,114
2023-08-03,8006386,8006386,88,147,132
2023-08-03,8006386,8006510,12,21,64
2023-08-03,8006389,8000113,22,35,169
2023-08-03,8006389,8004228,22,35,84
2023-08-03,8006389,8006389,46,70,128
2023-08-03,8006486,8005569,1,9,7
2023-08-03,8006505,8001538,13,20,134
2023-08-03,8006505,8002769,16,20,170
2023-08-03,8006505,8006505,27,40,170
2023-08-03,8006510,8001536,13,39,45
2023-08-03,8006510,8006386,21,21,106
2023-08-03,8006510,8006510,49,78,78
2023-08-03,8006710,8001035,23,34,34
2023-08-03,8006710,8006710,59,68,88
2023-08-03,8006710,8006711,30,34,119
2023-08-03,8006711,8006710,30,34,54
2023-08-03,8006711,8006711,58,68,77
2023-08-03,8006712,8002512,16,22,37
2023-08-03,8006712,8006712,33,44,84
2023-08-04,8000033,8000033,101,157,362
2023-08-04,8000033,8001795,41,56,686
2023-08-04,8000033,8002268,11,24,50
2023-08-04,8000033,8005488,16,22,42
2023-08-04,8000033,8006719,43,55,309
2023-08-04,8000037,8000037,135,181,240
2023-08-04,8000037,8000113,16,24,114
2023-08-04,8000037,8000171,2,2,690
2023-08-04,8000037,8000392,33,36,660
2023-08-04,8000037,8001524,15,36,18
2023-08-04,8000037,8001795,29,33,335
2023-08-04,8000037,8001836,20,33,75
2023-08-04,8000054,8000054,19,22,86
2023-08-04,8000054,8001137,5,6,45
2023-08-04,8000054,8001182,11,11,38
2023-08-04,8000054,8002992,10,11,71
2023-08-04,8000054,8006453,8,14,49
2023-08-04,8000081,8000081,157,274,104
2023-08-04,8000081,8001531,34,42,80
2023-08-04,8000081,8001542,17,54,19
2023-08-04,8000081,8003946,13,56,14
2023-08-04,8000081,8004230,64,69,186
2023-08-04,8000113,8000037,16,19,38
2023-08-04,8000113,8000113,57,76,153
2023-08-04,8000113,8001066,28,38,80
2023-08-04,8000113,8004228,3,3,730
2023-08-04,8000113,8006389,32,37,159
2023-08-04,8000164,8000164,155,207,150
2023-08-04,8000164,8000887,12,19,54
2023-08-04,8000164,8001327,69,85,182
2023-08-04,8000164,8001900,3,4,195
2023-08-04,8000164,8001909,5,5,96
2023-08-04,8000164,8002223,14,16,51
2023-08-04,8000164,8002227,10,17,182
2023-08-04,8000164,8002779,13,18,80
2023-08-04,8000171,8000037,2,2,435
2023-08-04,8000171,8000171,87,143,251
2023-08-04,8000171,8000392,34,68,160
2023-08-04,8000171,8001061,27,36,671
2023-08-04,8000171,8002745,18,35,-35
2023-08-04,8000171,8003925,12,39,25
2023-08-04,8000186,8003090,1,32,6
2023-08-04,8000186,8003657,0,34,0
2023-08-04,8000239,8000239,65,81,139
2023-08-04,8000239,8001097,13,19,128
2023-08-04,8000239,8004883,39,56,126
2023-08-04,8000239,8006348,15,22,128
2023-08-04,8000358,8000358,98,138,162
2023-08-04,8000358,8004269,55,69,193
2023-08-04,8000358,8004474,50,69,138
2023-08-04,8000392,8000037,24,33,314
2023-08-04,8000392,8000171,54,71,339
2023-08-04,8000392,8000392,104,139,257
2023-08-04,8000392,8001545,25,35,52
2023-08-04,8000605,8000605,60,76,151
2023-08-04,8000605,8003993,3,3,670
2023-08-04,8000605,8004228,25,36,85
2023-08-04,8000605,8004642,31,37,155
2023-08-04,8000745,8000745,34,71,96
2023-08-04,8000745,8001093,14,35,57
2023-08-04,8000745,8001394,15,35,129
2023-08-04,8000793,8000793,9,30,31
2023-08-04,8000793,8002180,6,15,40
2023-08-04,8000793,8005289,0,17,0
2023-08-04,8000904,8000904,5,6,60
2023-08-04,8000904,8001137,1,2,15
2023-08-04,8000904,8003998,3,4,82
2023-08-04,8000927,8000927,26,32,180
2023-08-04,8000927,8000966,16,17,222
2023-08-04,8000927,8003993,15,36,71
2023-08-04,8000966,8000927,14,17,97
2023-08-04,8000966,8000966,17,17,162
2023-08-04,8000966,8005555,8,8,236
2023-08-04,8000977,8000977,54,87,85
2023-08-04,8000977,8006386,23,44,78
2023-08-04,8000978,8000978,7,33,35
2023-08-04,8000978,8003638,0,17,0
2023-08-04,8000978,8006109,7,16,64
2023-08-04,8001035,8001035,39,70,47
2023-08-04,8001035,8006710,26,35,93
2023-08-04,8001038,8001038,38,45,131
2023-08-04,8001038,8002639,21,23,177
2023-08-04,8001038,8006194,9,22,65
2023-08-04,8001039,8001039,87,125,166
2023-08-04,8001039,8004474,41,56,232
2023-08-04,8001039,8006227,37,69,82
2023-08-04,8001045,8001045,90,98,268
2023-08-04,8001045,8001061,1,1,390
2023-08-04,8001045,8002680,16,17,182
2023-08-04,8001045,8003986,46,49,317
2023-08-04,8001045,8006323,28,31,181
2023-08-04,8001061,8000171,22,33,255
2023-08-04,8001061,8001061,53,69,483
2023-08-04,8001061,8001558,16,18,1217
2023-08-04,8001066,8000113,31,38,64
2023-08-04,8001066,8001066,63,76,77
2023-08-04,8001066,8003967,30,38,71
2023-08-04,8001093,8000745,20,36,142
2023-08-04,8001093,8001093,35,71,92
2023-08-04,8001093,8006323,17,35,58
2023-08-04,8001097,8000239,17,18,173
2023-08-04,8001097,8001097,37,37,130
2023-08-04,8001097,8005526,19,19,202
2023-08-04,8001137,8000054,2,6,25
2023-08-04,8001137,8000904,3,4,68
2023-08-04,8001137,8001137,24,34,64
2023-08-04,8001137,8002992,7,7,133
2023-08-04,8001137,8003896,10,17,46
2023-08-04,8001182,8000054,8,11,57
2023-08-04,8001357,8001357,35,42,180
2023-08-04,8001357,8002514,18,21,193
2023-08-04,8001357,8005227,17,21,206
2023-08-04,8001394,8000745,27,35,67
2023-08-04,8001394,8001394,46,70,100
2023-08-04,8001394,8001692,21,35,138
2023-08-04,8001505,8001505,71,83,91
2023-08-04,8001505,8001525,40,42,121
2023-08-04,8001505,8001531,29,41,56
2023-08-04,8001515,8001515,49,61,522
2023-08-04,8001515,8001537,24,30,707
2023-08-04,8001515,8001543,14,16,180
2023-08-04,8001515,8006226,14,15,538
2023-08-04,8001516,8001549,52,54,54
2023-08-04,8001517,8001517,77,112,42
2023-08-04,8001517,8001529,37,56,42
2023-08-04,8001517,8001535,26,56,24
2023-08-04,8001518,8001518,60,112,26
2023-08-04,8001518,8001520,14,56,11
2023-08-04,8001518,8003946,41,56,35
2023-08-04,8001519,8001519,58,83,77
2023-08-04,8001519,8001525,22,41,59
2023-08-04,8001519,8001543,36,42,91
2023-08-04,8001520,8001518,16,56,18
2023-08-04,8001520,8001520,51,112,24
2023-08-04,8001520,8003916,49,56,35
2023-08-04,8001521,8001521,32,41,214
2023-08-04,8001521,8001522,14,21,196
2023-08-04,8001521,8001534,18,20,238
2023-08-04,8001522,8001521,19,20,267
2023-08-04,8001522,8001522,135,160,114
2023-08-04,8001522,8001523,14,21,31
2023-08-04,8001522,8001524,36,41,91
2023-08-04,8001522,8001545,12,14,-133
2023-08-04,8001523,8001522,20,21,80
2023-08-04,8001523,8001523,33,42,49
2023-08-04,8001523,8001545,14,21,36
2023-08-04,8001524,8000037,30,41,99
2023-08-04,8001524,8001522,25,36,52
2023-08-04,8001524,8001524,48,77,65
2023-08-04,8001525,8001505,17,41,50
2023-08-04,8001525,8001519,36,42,96
2023-08-04,8001525,8001525,55,83,81
2023-08-04,8001526,8001526,63,112,29
2023-08-04,8001526,8001529,51,56,73
2023-08-04,8001526,8003936,9,56,8
2023-08-04,8001527,8001527,64,80,81
2023-08-04,8001527,8001536,19,40,65
2023-08-04,8001528,8001329,14,18,63
2023-08-04,8001528,8001528,27,36,76
2023-08-04,8001528,8001539,9,18,70
2023-08-04,8001529,8001517,41,56,52
2023-08-04,8001529,8001526,12,56,13
2023-08-04,8001529,8001529,89,112,45
2023-08-04,8001530,8001530,96,111,135
2023-08-04,8001530,8001533,32,56,117
2023-08-04,8001530,8004883,52,55,142
2023-08-04,8001531,8000081,19,41,56
2023-08-04,8001531,8001505,39,42,98
2023-08-04,8001531,8001531,53,83,69
2023-08-04,8001532,8001532,29,36,85
2023-08-04,8001532,8001544,17,18,98
2023-08-04,8001533,8001530,52,55,140
2023-08-04,8001533,8001533,86,111,118
2023-08-04,8001534,8001521,7,21,169
2023-08-04,8001534,8001534,23,41,199
2023-08-04,8001534,8001538,18,20,242
2023-08-04,8001535,8001517,33,56,26
2023-08-04,8001535,8001535,80,112,31
2023-08-04,8001535,8003916,39,56,32
2023-08-04,8001536,8001527,25,40,51
2023-08-04,8001536,8001536,39,80,54
2023-08-04,8001536,8006510,32,40,79
2023-08-04,8001537,8001515,22,31,324
2023-08-04,8001537,8001537,59,77,549
2023-08-04,8001537,8003169,32,38,803
2023-08-04,8001537,8006226,8,8,375
2023-08-04,8001538,8001534,8,21,173
2023-08-04,8001538,8001538,27,41,214
2023-08-04,8001538,8006505,18,20,252
2023-08-04,8001539,8001528,14,18,68
2023-08-04,8001539,8001539,22,36,62
2023-08-04,8001539,8001541,8,18,72
2023-08-04,8001540,8001540,74,108,40
2023-08-04,8001540,8001542,22,54,21
2023-08-04,8001540,8001549,52,54,94
2023-08-04,8001541,8001539,9,18,43
2023-08-04,8001541,8001541,22,36,62
2023-08-04,8001541,8001544,10,18,67
2023-08-04,8001542,8000081,2,54,1
2023-08-04,8001542,8001540,25,54,24
2023-08-04,8001542,8001542,39,108,17
2023-08-04,8001543,8001327,74,86,169
2023-08-04,8001543,8001515,13,15,286
2023-08-04,8001543,8001519,18,41,52
2023-08-04,8001543,8001543,136,171,148
2023-08-04,8001544,8001532,8,18,62
2023-08-04,8001544,8001541,13,18,77
2023-08-04,8001544,8001544,22,36,72
2023-08-04,8001545,8000392,21,35,-21
2023-08-04,8001545,8001522,13,14,66
2023-08-04,8001545,8001523,19,21,64
2023-08-04,8001545,8001545,47,70,8
2023-08-04,8001546,8001546,66,112,31
2023-08-04,8001546,8003909,17,56,12
2023-08-04,8001546,8003936,52,56,49
2023-08-04,8001549,8001516,49,54,56
2023-08-04,8001549,8001540,30,54,31
2023-08-04,8001549,8001549,104,108,69
2023-08-04,8001692,8001394,22,35,56
2023-08-04,8001692,8001692,47,70,104
2023-08-04,8001692,8002262,24,35,153
2023-08-04,8001700,8001700,18,41,38
2023-08-04,8001700,8003018,11,21,36
2023-08-04,8001700,8003716,4,20,16
2023-08-04,8001729,8001729,8,10,87
2023-08-04,8001729,8004406,4,4,38
2023-08-04,8001795,8000033,48,55,319
2023-08-04,8001795,8000037,29,34,644
2023-08-04,8001795,8001795,90,111,500
2023-08-04,8001795,8006386,15,18,460
2023-08-04,8001836,8000037,16,32,46
2023-08-04,8001836,8001836,36,65,49
2023-08-04,8001836,8002754,19,33,56
2023-08-04,8001851,8005319,6,8,172
2023-08-04,8001943,8001943,32,46,53
2023-08-04,8001943,8002267,11,22,33
2023-08-04,8001943,8004440,5,24,41
2023-08-04,8001980,8001980,15,16,343
2023-08-04,8001980,8003486,7,8,229
2023-08-04,8001980,8004564,8,8,510
2023-08-04,8002073,8002073,56,73,122
2023-08-04,8002073,8003993,30,37,165
2023-08-04,8002073,8004642,23,36,74
2023-08-04,8002180,8000793,0,15,0
2023-08-04,8002180,8002180,6,30,20
2023-08-04,8002180,8003470,6,15,40
2023-08-04,8002262,8001692,27,35,74
2023-08-04,8002262,8002262,51,70,115
2023-08-04,8002262,8005276,20,35,141
2023-08-04,8002267,8001943,15,24,54
2023-08-04,8002267,8002267,22,46,37
2023-08-04,8002267,8002509,14,22,30
2023-08-04,8002268,8000033,10,22,31
2023-08-04,8002268,8002268,23,46,42
2023-08-04,8002268,8002509,12,24,51
2023-08-04,8002509,8002267,12,24,52
2023-08-04,8002509,8002268,12,22,35
2023-08-04,8002509,8002509,26,46,44
2023-08-04,8002512,8002512,34,46,54
2023-08-04,8002512,8004440,13,22,38
2023-08-04,8002512,8006712,14,24,61
2023-08-04,8002514,8001357,9,21,146
2023-08-04,8002514,8002514,28,42,170
2023-08-04,8002514,8002769,18,20,174
2023-08-04,8002639,8001038,17,22,90
2023-08-04,8002639,8002639,36,45,122
2023-08-04,8002639,8002640,17,23,138
2023-08-04,8002640,8002639,9,22,78
2023-08-04,8002680,8000441,38,40,468
2023-08-04,8002680,8001045,17,17,604
2023-08-04,8002680,8002680,70,78,466
2023-08-04,8002680,8003168,15,19,314
2023-08-04,8002745,8000171,24,35,40
2023-08-04,8002745,8002745,36,70,-1
2023-08-04,8002745,8006342,20,35,-48
2023-08-04,8002754,8001836,10,32,29
2023-08-04,8002754,8002754,30,65,22
2023-08-04,8002754,8003166,18,33,55
2023-08-04,8002769,8002514,15,20,164
2023-08-04,8002769,8002769,36,41,189
2023-08-04,8002769,8006505,8,21,177
2023-08-04,8002779,8000164,15,18,75
2023-08-04,8002779,8001328,14,18,87
2023-08-04,8002779,8002779,30,36,93
2023-08-04,8002953,8002953,40,71,78
2023-08-04,8002953,8003657,12,14,182
2023-08-04,8002953,8003939,8,17,69
2023-08-04,8002953,8006386,7,14,58
2023-08-04,8002992,8000054,10,11,117
2023-08-04,8002992,8001137,6,9,43
2023-08-04,8002992,8002992,17,22,79
2023-08-04,8002992,8003998,1,2,45
2023-08-04,8003018,8001700,7,20,28
2023-08-04,8003018,8003018,13,41,26
2023-08-04,8003090,8000186,7,33,20
2023-08-04,8003090,8003090,38,65,30
2023-08-04,8003090,8003166,31,32,8
2023-08-04,8003166,8002754,12,32,-70
2023-08-04,8003166,8003090,7,33,19
2023-08-04,8003166,8003166,29,65,-24
2023-08-04,8003168,8002680,19,19,671
2023-08-04,8003168,8003168,122,149,492
2023-08-04,8003168,8003169,31,39,301
2023-08-04,8003168,8004448,24,30,712
2023-08-04,8003168,8006226,32,35,385
2023-08-04,8003168,8006449,7,7,531
2023-08-04,8003169,8001537,27,39,305
2023-08-04,8003169,8003168,32,38,820
2023-08-04,8003169,8003169,63,77,550
2023-08-04,8003287,8003287,10,41,26
2023-08-04,8003287,8003939,2,20,8
2023-08-04,8003287,8006320,8,21,43
2023-08-04,8003470,8002180,0,15,0
2023-08-04,8003470,8003470,7,30,21
2023-08-04,8003470,8004273,7,15,36
2023-08-04,8003486,8001980,8,8,442
2023-08-04,8003486,8003486,15,15,356
2023-08-04,8003486,8003493,10,12,232
2023-08-04,8003493,8000187,10,12,268
2023-08-04,8003493,8003486,10,12,285
2023-08-04,8003493,8003493,18,24,251
2023-08-04,8003621,8003621,14,16,324
2023-08-04,8003621,8004564,6,8,199
2023-08-04,8003621,8005319,8,8,472
2023-08-04,8003638,8000978,8,16,71
2023-08-04,8003638,8003638,8,33,30
2023-08-04,8003638,8003965,1,17,4
2023-08-04,8003657,8000186,11,33,74
2023-08-04,8003657,8002953,17,20,58
2023-08-04,8003657,8003657,30,67,22
2023-08-04,8003716,8001700,10,21,43
2023-08-04,8003716,8003716,13,41,28
2023-08-04,8003716,8006320,7,20,20
2023-08-04,8003896,8001137,12,17,94
2023-08-04,8003896,8003896,27,34,84
2023-08-04,8003896,8006379,9,17,58
2023-08-04,8003909,8001546,49,56,55
2023-08-04,8003909,8003909,79,112,48
2023-08-04,8003909,8005971,29,56,70
2023-08-04,8003916,8001520,37,56,46
2023-08-04,8003916,8001535,41,56,38
2023-08-04,8003916,8003916,82,112,35
2023-08-04,8003925,8000171,30,39,43
2023-08-04,8003925,8003925,54,78,45
2023-08-04,8003925,8005971,16,39,18
2023-08-04,8003936,8001526,34,56,28
2023-08-04,8003936,8001546,45,56,40
2023-08-04,8003936,8003936,97,112,41
2023-08-04,8003939,8002953,1,16,2
2023-08-04,8003939,8003287,6,21,43
2023-08-04,8003939,8003939,8,41,31
2023-08-04,8003946,8000081,34,56,33
2023-08-04,8003946,8001518,15,56,14
2023-08-04,8003946,8003946,48,112,23
2023-08-04,8003965,8003638,8,16,62
2023-08-04,8003965,8003965,9,33,37
2023-08-04,8003965,8003967,7,17,34
2023-08-04,8003967,8001066,14,38,43
2023-08-04,8003967,8003965,8,16,68
2023-08-04,8003967,8003967,18,33,61
2023-08-04,8003993,8000927,36,40,214
2023-08-04,8003993,8002073,28,36,89
2023-08-04,8003993,8003993,54,76,148
2023-08-04,8003998,8000904,1,2,30
2023-08-04,8003998,8002992,1,4,45
2023-08-04,8003998,8003998,3,6,50
2023-08-04,8004228,8000605,37,40,198
2023-08-04,8004228,8004228,57,76,139
2023-08-04,8004228,8006389,26,36,94
2023-08-04,8004230,8000081,34,56,201
2023-08-04,8004230,8004230,102,125,194
2023-08-04,8004230,8004419,62,69,174
2023-08-04,8004269,8000358,57,69,156
2023-08-04,8004269,8004269,112,138,175
2023-08-04,8004269,8004288,59,69,200
2023-08-04,8004273,8003470,0,15,0
2023-08-04,8004288,8004269,55,69,151
2023-08-04,8004288,8004288,113,138,175
2023-08-04,8004288,8004419,49,69,189
2023-08-04,8004419,8000081,10,13,108
2023-08-04,8004419,8004230,38,56,216
2023-08-04,8004419,8004288,47,69,134
2023-08-04,8004419,8004419,110,138,173
2023-08-04,8004440,8001943,18,22,68
2023-08-04,8004440,8002512,17,24,75
2023-08-04,8004440,8004440,33,46,57
2023-08-04,8004448,8003168,23,31,186
2023-08-04,8004448,8004448,49,61,478
2023-08-04,8004474,8000358,51,69,190
2023-08-04,8004474,8001039,46,69,110
2023-08-04,8004474,8004474,100,138,160
2023-08-04,8004564,8001980,8,8,232
2023-08-04,8004564,8003621,8,8,495
2023-08-04,8004564,8004564,16,16,366
2023-08-04,8004642,8000605,27,36,88
2023-08-04,8004642,8002073,30,37,165
2023-08-04,8004642,8004642,56,73,118
2023-08-04,8004883,8000239,51,55,145
2023-08-04,8004883,8001530,45,56,133
2023-08-04,8004883,8004883,92,111,138
2023-08-04,8005227,8001357,18,21,170
2023-08-04,8005289,8000793,9,16,79
2023-08-04,8005289,8005289,9,33,38
2023-08-04,8005289,8006109,0,17,0
2023-08-04,8005319,8001851,7,8,412
2023-08-04,8005319,8003621,6,8,202
2023-08-04,8005319,8005319,13,16,322
2023-08-04,8005488,8000033,10,24,56
2023-08-04,8005488,8005488,31,46,59
2023-08-04,8005488,8006607,10,22,31
2023-08-04,8005525,8003783,19,19,197
2023-08-04,8005525,8005525,23,37,147
2023-08-04,8005525,8005526,4,18,80
2023-08-04,8005526,8001097,4,18,78
2023-08-04,8005526,8005525,19,19,219
2023-08-04,8005526,8005526,23,37,154
2023-08-04,8005555,8000966,9,9,127
2023-08-04,8005555,8005555,17,17,178
2023-08-04,8005555,8005569,7,8,232
2023-08-04,8005569,8005555,3,9,107
2023-08-04,8005569,8005569,10,17,166
2023-08-04,8005569,8006486,7,8,199
2023-08-04,8005971,8003909,54,56,27
2023-08-04,8005971,8003925,37,39,39
2023-08-04,8005971,8005971,28,78,24
2023-08-04,8006109,8000978,0,17,0
2023-08-04,8006109,8005289,9,16,75
2023-08-04,8006109,8006109,7,33,31
2023-08-04,8006226,8000853,24,24,541
2023-08-04,8006226,8001515,14,15,1024
2023-08-04,8006226,8001537,7,8,1039
2023-08-04,8006226,8001585,18,18,555
2023-08-04,8006226,8001911,18,22,90
2023-08-04,8006226,8003168,30,33,415
2023-08-04,8006226,8006226,151,194,410
2023-08-04,8006226,8006386,27,35,113
2023-08-04,8006227,8001039,42,56,259
2023-08-04,8006227,8001905,69,69,125
2023-08-04,8006227,8004474,10,13,72
2023-08-04,8006227,8006227,88,138,144
2023-08-04,8006320,8003287,1,20,6
2023-08-04,8006320,8003716,8,21,37
2023-08-04,8006320,8006320,22,59,37
2023-08-04,8006323,8001045,27,30,155
2023-08-04,8006323,8001093,23,36,129
2023-08-04,8006323,8006323,40,71,93
2023-08-04,8006342,8002745,26,35,51
2023-08-04,8006342,8006342,46,70,0
2023-08-04,8006342,8006383,21,35,-40
2023-08-04,8006348,8000239,22,22,127
2023-08-04,8006348,8001323,21,22,198
2023-08-04,8006348,8006348,43,44,157
2023-08-04,8006379,8003896,17,17,159
2023-08-04,8006379,8005336,9,17,39
2023-08-04,8006379,8006379,25,34,116
2023-08-04,8006383,8006342,16,35,27
2023-08-04,8006383,8006383,33,70,-19
2023-08-04,8006386,8000977,29,43,82
2023-08-04,8006386,8001795,17,18,150
2023-08-04,8006386,8002953,13,14,193
2023-08-04,8006386,8006226,27,36,96
2023-08-04,8006386,8006386,99,151,134
2023-08-04,8006386,8006510,16,22,61
2023-08-04,8006389,8000113,23,36,83
2023-08-04,8006389,8004228,32,37,155
2023-08-04,8006389,8006389,57,73,125
2023-08-04,8006486,8005569,3,9,107
2023-08-04,8006505,8001538,9,21,184
2023-08-04,8006505,8002769,13,20,196
2023-08-04,8006505,8006505,26,41,204
2023-08-04,8006510,8001536,20,40,47
2023-08-04,8006510,8006386,21,22,102
2023-08-04,8006510,8006510,55,80,72
2023-08-04,8006710,8001035,17,35,33
2023-08-04,8006710,8006710,46,70,64
2023-08-04,8006710,8006711,21,35,83
2023-08-04,8006711,8006710,22,35,41
2023-08-04,8006711,8006711,43,70,56
2023-08-04,8006712,8002512,18,22,46
2023-08-04,8006712,8006712,33,46,55
2023-08-05,8000033,8000033,105,158,578
2023-08-05,8000033,8001795,39,54,1074
2023-08-05,8000033,8002268,15,25,130
2023-08-05,8000033,8005488,16,25,26
2023-08-05,8000033,8006719,42,54,558
2023-08-05,8000037,8000037,104,148,221
2023-08-05,8000037,8000113,10,21,40
2023-08-05,8000037,8000171,2,2,165
2023-08-05,8000037,8000392,22,33,600
2023-08-05,8000037,8001524,13,19,25
2023-08-05,8000037,8001795,27,33,247
2023-08-05,8000037,8001836,9,20,32
2023-08-05,8000054,8000054,16,20,69
2023-08-05,8000054,8001137,4,6,40
2023-08-05,8000054,8001182,9,10,51
2023-08-05,8000054,8002992,9,11,85
2023-08-05,8000054,8006453,5,11,25
2023-08-05,8000081,8000081,171,246,175
2023-08-05,8000081,8001531,36,43,435
2023-08-05,8000081,8001542,15,37,62
2023-08-05,8000081,8003946,11,37,19
2023-08-05,8000081,8004230,42,43,106
2023-08-05,8000113,8000037,12,18,40
2023-08-05,8000113,8000113,40,68,65
2023-08-05,8000113,8001066,21,36,32
2023-08-05,8000113,8006389,20,35,63
2023-08-05,8000164,8000164,145,214,225
2023-08-05,8000164,8000887,14,19,403
2023-08-05,8000164,8001327,61,90,183
2023-08-05,8000164,8001900,7,8,412
2023-08-05,8000164,8001909,6,8,154
2023-08-05,8000164,8002223,12,15,68
2023-08-05,8000164,8002227,11,15,604
2023-08-05,8000164,8002779,9,17,48
2023-08-05,8000171,8000037,2,2,900
2023-08-05,8000171,8000171,59,132,233
2023-08-05,8000171,8000392,31,65,129
2023-08-05,8000171,8001061,25,33,630
2023-08-05,8000171,8002745,4,31,18
2023-08-05,8000171,8003925,16,37,28
2023-08-05,8000186,8003090,0,19,0
2023-08-05,8000186,8003657,1,32,2
2023-08-05,8000239,8000239,56,77,357
2023-08-05,8000239,8001097,10,18,122
2023-08-05,8000239,8004883,28,39,327
2023-08-05,8000239,8006348,16,21,621
2023-08-05,8000358,8000358,55,86,126
2023-08-05,8000358,8004269,34,43,194
2023-08-05,8000358,8004474,26,43,58
2023-08-05,8000392,8000037,21,33,205
2023-08-05,8000392,8000171,36,65,323
2023-08-05,8000392,8000392,73,130,229
2023-08-05,8000392,8001545,19,32,80
2023-08-05,8000605,8000605,48,68,58
2023-08-05,8000605,8004228,22,33,45
2023-08-05,8000605,8004642,22,35,63
2023-08-05,8000745,8000745,37,67,134
2023-08-05,8000745,8001093,18,33,143
2023-08-05,8000745,8001394,16,33,135
2023-08-05,8000793,8000793,3,30,6
2023-08-05,8000793,8002180,3,15,10
2023-08-05,8000793,8005289,0,15,0
2023-08-05,8000904,8000904,4,6,105
2023-08-05,8000904,8001137,0,2,0
2023-08-05,8000904,8003998,4,4,120
2023-08-05,8000927,8000927,23,29,80
2023-08-05,8000927,8000966,13,16,94
2023-08-05,8000927,8003993,11,33,19
2023-08-05,8000966,8000927,13,14,64
2023-08-05,8000966,8000966,25,25,97
2023-08-05,8000966,8005555,12,12,160
2023-08-05,8000977,8000977,50,92,82
2023-08-05,8000977,8006386,23,46,86
2023-08-05,8000978,8000978,3,30,6
2023-08-05,8000978,8003638,0,15,0
2023-08-05,8000978,8006109,3,15,8
2023-08-05,8001035,8001035,23,48,29
2023-08-05,8001035,8006710,17,24,64
2023-08-05,8001038,8001038,42,44,117
2023-08-05,8001038,8002639,21,22,164
2023-08-05,8001038,8006194,14,22,48
2023-08-05,8001039,8001039,54,86,129
2023-08-05,8001039,8004474,30,43,196
2023-08-05,8001039,8006227,18,43,38
2023-08-05,8001045,8001045,60,72,205
2023-08-05,8001045,8002680,15,17,229
2023-08-05,8001045,8003986,28,34,185
2023-08-05,8001045,8006323,18,21,160
2023-08-05,8001061,8000171,18,33,202
2023-08-05,8001061,8001061,49,66,429
2023-08-05,8001061,8001558,14,17,646
2023-08-05,8001066,8000113,25,35,28
2023-08-05,8001066,8001066,46,71,33
2023-08-05,8001066,8003967,23,36,30
2023-08-05,8001093,8000745,20,34,120
2023-08-05,8001093,8001093,32,67,119
2023-08-05,8001093,8006323,20,33,150
2023-08-05,8001097,8000239,17,17,154
2023-08-05,8001097,8001097,35,35,111
2023-08-05,8001097,8005526,18,18,195
2023-08-05,8001137,8000054,6,6,110
2023-08-05,8001137,8000904,4,4,172
2023-08-05,8001137,8001137,25,34,82
2023-08-05,8001137,8002992,6,7,47
2023-08-05,8001137,8003896,10,17,67
2023-08-05,8001182,8000054,8,10,63
2023-08-05,8001357,8001357,34,40,110
2023-08-05,8001357,8002514,19,20,118
2023-08-05,8001357,8005227,17,20,134
2023-08-05,8001358,8001358,4,4,75
2023-08-05,8001358,8002835,1,2,15
2023-08-05,8001358,8003424,2,2,135
2023-08-05,8001394,8000745,20,32,129
2023-08-05,8001394,8001394,37,65,130
2023-08-05,8001394,8001692,18,33,147
2023-08-05,8001505,8001505,73,86,345
2023-08-05,8001505,8001525,34,43,459
2023-08-05,8001505,8001531,37,43,211
2023-08-05,8001515,8001515,38,61,629
2023-08-05,8001515,8001537,21,30,918
2023-08-05,8001515,8001543,9,14,163
2023-08-05,8001515,8006226,14,17,625
2023-08-05,8001516,8001549,38,38,51
2023-08-05,8001517,8001517,54,74,46
2023-08-05,8001517,8001529,28,37,50
2023-08-05,8001517,8001535,19,37,27
2023-08-05,8001518,8001518,47,74,68
2023-08-05,8001518,8001520,11,37,18
2023-08-05,8001518,8003946,31,37,122
2023-08-05,8001519,8001519,59,86,333
2023-08-05,8001519,8001525,25,43,214
2023-08-05,8001519,8001543,34,43,462
2023-08-05,8001520,8001518,16,37,84
2023-08-05,8001520,8001520,40,74,55
2023-08-05,8001520,8003916,31,37,41
2023-08-05,8001521,8001521,23,38,63
2023-08-05,8001521,8001522,10,19,62
2023-08-05,8001521,8001534,11,19,62
2023-08-05,8001522,8001521,17,19,87
2023-08-05,8001522,8001522,105,127,76
2023-08-05,8001522,8001523,12,22,33
2023-08-05,8001522,8001524,24,26,69
2023-08-05,8001522,8001545,0,10,0
2023-08-05,8001523,8001522,21,22,135
2023-08-05,8001523,8001523,34,44,82
2023-08-05,8001523,8001545,14,22,45
2023-08-05,8001524,8000037,23,26,89
2023-08-05,8001524,8001522,12,19,54
2023-08-05,8001524,8001524,37,45,63
2023-08-05,8001525,8001505,24,43,207
2023-08-05,8001525,8001519,34,43,460
2023-08-05,8001525,8001525,58,86,335
2023-08-05,8001526,8001526,40,74,26
2023-08-05,8001526,8001529,33,37,69
2023-08-05,8001526,8003936,7,37,7
2023-08-05,8001527,8001527,25,82,33
2023-08-05,8001527,8001536,8,41,21
2023-08-05,8001528,8001329,13,17,115
2023-08-05,8001528,8001528,29,34,94
2023-08-05,8001528,8001539,13,17,64
2023-08-05,8001529,8001517,28,37,56
2023-08-05,8001529,8001526,6,37,11
2023-08-05,8001529,8001529,61,74,47
2023-08-05,8001530,8001530,63,79,325
2023-08-05,8001530,8001533,29,39,331
2023-08-05,8001530,8004883,32,40,305
2023-08-05,8001531,8000081,32,43,243
2023-08-05,8001531,8001505,38,43,465
2023-08-05,8001531,8001531,68,86,331
2023-08-05,8001532,8001532,29,34,104
2023-08-05,8001532,8001544,17,17,166
2023-08-05,8001533,8001530,35,40,302
2023-08-05,8001533,8001533,62,79,302
2023-08-05,8001534,8001521,7,19,47
2023-08-05,8001534,8001534,16,38,50
2023-08-05,8001534,8001538,11,19,63
2023-08-05,8001535,8001517,25,37,29
2023-08-05,8001535,8001535,54,74,36
2023-08-05,8001535,8003916,27,37,36
2023-08-05,8001536,8001527,13,41,26
2023-08-05,8001536,8001536,17,82,21
2023-08-05,8001536,8006510,11,41,24
2023-08-05,8001537,8001515,19,31,318
2023-08-05,8001537,8001537,53,76,686
2023-08-05,8001537,8003169,26,38,963
2023-08-05,8001537,8006226,7,7,1011
2023-08-05,8001538,8001534,8,19,54
2023-08-05,8001538,8001538,20,38,68
2023-08-05,8001538,8006505,12,19,77
2023-08-05,8001539,8001528,12,17,118
2023-08-05,8001539,8001539,27,34,91
2023-08-05,8001539,8001541,15,17,78
2023-08-05,8001540,8001540,49,75,56
2023-08-05,8001540,8001542,13,38,16
2023-08-05,8001540,8001549,36,37,126
2023-08-05,8001541,8001539,11,17,99
2023-08-05,8001541,8001541,28,34,91
2023-08-05,8001541,8001544,14,17,64
2023-08-05,8001542,8000081,2,38,9
2023-08-05,8001542,8001540,19,37,71
2023-08-05,8001542,8001542,29,75,41
2023-08-05,8001543,8001327,70,90,326
2023-08-05,8001543,8001515,8,14,266
2023-08-05,8001543,8001519,23,43,193
2023-08-05,8001543,8001543,120,180,236
2023-08-05,8001544,8001532,9,17,37
2023-08-05,8001544,8001541,16,17,146
2023-08-05,8001544,8001544,30,34,101
2023-08-05,8001545,8000392,7,32,22
2023-08-05,8001545,8001522,0,10,0
2023-08-05,8001545,8001523,18,22,121
2023-08-05,8001545,8001545,26,64,52
2023-08-05,8001546,8001546,40,74,28
2023-08-05,8001546,8003909,10,37,11
2023-08-05,8001546,8003936,35,37,49
2023-08-05,8001549,8001516,34,37,92
2023-08-05,8001549,8001540,17,38,25
2023-08-05,8001549,8001549,74,75,85
2023-08-05,8001692,8001394,17,32,101
2023-08-05,8001692,8001692,36,65,129
2023-08-05,8001692,8002262,18,33,175
2023-08-05,8001700,8001700,15,35,29
2023-08-05,8001700,8003018,10,17,21
2023-08-05,8001700,8003716,5,18,25
2023-08-05,8001729,8001729,7,11,245
2023-08-05,8001729,8003018,2,2,45
2023-08-05,8001729,8004406,1,2,15
2023-08-05,8001729,8004407,2,2,90
2023-08-05,8001795,8000033,45,54,558
2023-08-05,8001795,8000037,23,32,611
2023-08-05,8001795,8001795,85,108,816
2023-08-05,8001795,8006386,14,17,1560
2023-08-05,8001836,8000037,17,19,79
2023-08-05,8001836,8001836,26,39,46
2023-08-05,8001836,8002754,9,20,36
2023-08-05,8001851,8001851,2,4,-30
2023-08-05,8001851,8003791,1,2,45
2023-08-05,8001851,8005319,4,9,30
2023-08-05,8001943,8001943,33,50,83
2023-08-05,8001943,8002267,13,25,30
2023-08-05,8001943,8004440,9,25,108
2023-08-05,8001976,8001976,3,4,60
2023-08-05,8001976,8003018,2,2,120
2023-08-05,8001976,8003424,0,2,0
2023-08-05,8001980,8001980,15,17,138
2023-08-05,8001980,8003486,7,9,87
2023-08-05,8001980,8004564,8,8,248
2023-08-05,8002073,8002073,42,68,55
2023-08-05,8002073,8003993,23,35,80
2023-08-05,8002073,8004642,15,33,23
2023-08-05,8002180,8000793,0,15,0
2023-08-05,8002180,8002180,2,30,4
2023-08-05,8002180,8003470,3,15,8
2023-08-05,8002262,8001692,20,32,100
2023-08-05,8002262,8002262,38,65,134
2023-08-05,8002262,8005276,15,33,168
2023-08-05,8002267,8001943,15,25,121
2023-08-05,8002267,8002267,26,50,71
2023-08-05,8002267,8002509,16,25,35
2023-08-05,8002268,8000033,9,25,26
2023-08-05,8002268,8002268,31,50,83
2023-08-05,8002268,8002509,16,25,131
2023-08-05,8002509,8002267,14,25,121
2023-08-05,8002509,8002268,15,25,40
2023-08-05,8002509,8002509,32,50,83
2023-08-05,8002512,8002512,37,50,88
2023-08-05,8002512,8004440,17,25,35
2023-08-05,8002512,8006712,15,25,128
2023-08-05,8002514,8001357,10,20,90
2023-08-05,8002514,8002514,29,40,107
2023-08-05,8002514,8002769,19,19,123
2023-08-05,8002639,8001038,21,22,79
2023-08-05,8002639,8002639,36,44,106
2023-08-05,8002639,8002640,16,22,119
2023-08-05,8002640,8002639,10,22,65
2023-08-05,8002680,8000441,29,37,346
2023-08-05,8002680,8001045,14,14,234
2023-08-05,8002680,8002680,49,72,240
2023-08-05,8002680,8003168,11,19,114
2023-08-05,8002745,8000171,16,31,59
2023-08-05,8002745,8002745,22,62,47
2023-08-05,8002745,8006342,6,31,22
2023-08-05,8002754,8001836,7,19,24
2023-08-05,8002754,8002754,20,39,35
2023-08-05,8002754,8003166,10,20,42
2023-08-05,8002769,8002514,16,19,104
2023-08-05,8002769,8002769,32,38,82
2023-08-05,8002769,8006505,9,19,58
2023-08-05,8002779,8000164,17,17,118
2023-08-05,8002779,8001328,13,17,60
2023-08-05,8002779,8002779,30,34,102
2023-08-05,8002826,8002826,2,4,60
2023-08-05,8002826,8005731,2,2,120
2023-08-05,8002826,8006118,1,2,75
2023-08-05,8002835,8001358,2,2,105
2023-08-05,8002835,8002835,3,4,60
2023-08-05,8002835,8005731,1,2,30
2023-08-05,8002953,8002953,34,69,82
2023-08-05,8002953,8003657,12,15,214
2023-08-05,8002953,8003939,8,15,28
2023-08-05,8002953,8006386,6,12,50
2023-08-05,8002992,8000054,9,11,76
2023-08-05,8002992,8001137,6,9,73
2023-08-05,8002992,8002992,16,22,67
2023-08-05,8002992,8003998,1,2,30
2023-08-05,8003018,8001700,5,18,33
2023-08-05,8003018,8001729,1,2,60
2023-08-05,8003018,8001976,2,2,45
2023-08-05,8003018,8003018,14,39,26
2023-08-05,8003090,8000186,7,20,18
2023-08-05,8003090,8003090,23,39,31
2023-08-05,8003090,8003166,19,19,74
2023-08-05,8003166,8002754,9,19,28
2023-08-05,8003166,8003090,4,20,21
2023-08-05,8003166,8003166,21,39,31
2023-08-05,8003168,8002680,16,18,423
2023-08-05,8003168,8003168,99,145,533
2023-08-05,8003168,8003169,28,38,414
2023-08-05,8003168,8004448,19,30,881
2023-08-05,8003168,8006226,29,34,409
2023-08-05,8003168,8006449,5,6,485
2023-08-05,8003169,8001537,24,38,415
2023-08-05,8003169,8003168,27,38,974
2023-08-05,8003169,8003169,51,76,693
2023-08-05,8003287,8003287,12,35,15
2023-08-05,8003287,8003939,7,18,18
2023-08-05,8003287,8006320,7,17,19
2023-08-05,8003424,8001358,1,2,60
2023-08-05,8003424,8001976,2,2,135
2023-08-05,8003424,8003424,3,4,105
2023-08-05,8003470,8002180,0,15,0
2023-08-05,8003470,8003470,4,30,6
2023-08-05,8003470,8004273,4,15,8
2023-08-05,8003486,8001980,7,8,240
2023-08-05,8003486,8003486,11,14,189
2023-08-05,8003486,8003493,7,10,66
2023-08-05,8003493,8000187,9,10,96
2023-08-05,8003493,8003486,8,10,141
2023-08-05,8003493,8003493,14,20,96
2023-08-05,8003621,8003621,13,17,116
2023-08-05,8003621,8004564,4,9,50
2023-08-05,8003621,8005319,8,8,191
2023-08-05,8003638,8000978,3,15,10
2023-08-05,8003638,8003638,2,30,3
2023-08-05,8003638,8003965,0,15,0
2023-08-05,8003657,8000186,9,31,91
2023-08-05,8003657,8002953,15,18,62
2023-08-05,8003657,8003657,32,63,47
2023-08-05,8003716,8001700,7,17,12
2023-08-05,8003716,8003716,9,35,14
2023-08-05,8003716,8006320,6,18,23
2023-08-05,8003791,8001851,1,2,0
2023-08-05,8003791,8003791,3,4,82
2023-08-05,8003791,8006117,2,2,120
2023-08-05,8003896,8001137,16,17,109
2023-08-05,8003896,8003896,28,34,94
2023-08-05,8003896,8006379,10,17,74
2023-08-05,8003909,8001546,34,37,50
2023-08-05,8003909,8003909,54,74,41
2023-08-05,8003909,8005971,17,37,25
2023-08-05,8003916,8001520,29,37,88
2023-08-05,8003916,8001535,27,37,47
2023-08-05,8003916,8003916,54,74,49
2023-08-05,8003925,8000171,27,37,38
2023-08-05,8003925,8003925,55,74,45
2023-08-05,8003925,8005971,16,37,18
2023-08-05,8003936,8001526,19,37,24
2023-08-05,8003936,8001546,32,37,39
2023-08-05,8003936,8003936,67,74,40
2023-08-05,8003939,8002953,5,16,13
2023-08-05,8003939,8003287,3,17,9
2023-08-05,8003939,8003939,11,35,15
2023-08-05,8003946,8000081,27,37,111
2023-08-05,8003946,8001518,13,37,20
2023-08-05,8003946,8003946,39,74,66
2023-08-05,8003965,8003638,2,15,6
2023-08-05,8003965,8003965,2,30,4
2023-08-05,8003965,8003967,1,15,4
2023-08-05,8003967,8001066,3,35,5
2023-08-05,8003967,8003965,2,15,8
2023-08-05,8003967,8003967,9,30,14
2023-08-05,8003993,8000927,25,35,89
2023-08-05,8003993,8002073,20,33,37
2023-08-05,8003993,8003993,41,68,56
2023-08-05,8003998,8000904,0,2,0
2023-08-05,8003998,8002992,3,4,75
2023-08-05,8003998,8003998,5,6,65
2023-08-05,8004228,8000605,29,35,69
2023-08-05,8004228,8004228,38,68,54
2023-08-05,8004228,8006389,20,33,59
2023-08-05,8004230,8000081,28,43,167
2023-08-05,8004230,8004230,75,86,139
2023-08-05,8004230,8004419,40,43,96
2023-08-05,8004269,8000358,37,43,78
2023-08-05,8004269,8004269,71,86,137
2023-08-05,8004269,8004288,35,43,200
2023-08-05,8004273,8003470,0,15,0
2023-08-05,8004288,8004269,38,43,75
2023-08-05,8004288,8004288,73,86,136
2023-08-05,8004288,8004419,33,43,190
2023-08-05,8004419,8004230,33,43,193
2023-08-05,8004419,8004288,23,43,54
2023-08-05,8004419,8004419,73,86,135
2023-08-05,8004440,8001943,22,25,64
2023-08-05,8004440,8002512,20,25,142
2023-08-05,8004440,8004440,39,50,89
2023-08-05,8004448,8003168,20,30,290
2023-08-05,8004448,8004448,42,60,586
2023-08-05,8004474,8000358,31,43,200
2023-08-05,8004474,8001039,23,43,46
2023-08-05,8004474,8004474,56,86,122
2023-08-05,8004564,8001980,7,9,77
2023-08-05,8004564,8003621,8,8,259
2023-08-05,8004564,8004564,15,17,152
2023-08-05,8004642,8000605,20,33,42
2023-08-05,8004642,8002073,22,35,71
2023-08-05,8004642,8004642,42,68,49
2023-08-05,8004883,8000239,33,40,344
2023-08-05,8004883,8001530,34,39,352
2023-08-05,8004883,8004883,62,79,335
2023-08-05,8005227,8001357,18,20,105
2023-08-05,8005289,8000793,4,15,14
2023-08-05,8005289,8005289,4,30,7
2023-08-05,8005289,8006109,0,15,0
2023-08-05,8005319,8001851,7,8,128
2023-08-05,8005319,8003621,6,9,53
2023-08-05,8005319,8005319,13,17,102
2023-08-05,8005488,8000033,16,25,176
2023-08-05,8005488,8005488,33,50,115
2023-08-05,8005488,8006607,8,25,16
2023-08-05,8005525,8003783,18,18,190
2023-08-05,8005525,8005525,23,35,119
2023-08-05,8005525,8005526,5,17,39
2023-08-05,8005526,8001097,5,17,39
2023-08-05,8005526,8005525,18,18,203
2023-08-05,8005526,8005526,23,35,127
2023-08-05,8005555,8000966,13,13,72
2023-08-05,8005555,8005555,25,25,108
2023-08-05,8005555,8005569,12,12,175
2023-08-05,8005569,8005555,2,13,23
2023-08-05,8005569,8005569,14,25,96
2023-08-05,8005569,8006486,12,12,115
2023-08-05,8005731,8002826,1,2,15
2023-08-05,8005731,8002835,2,2,105
2023-08-05,8005731,8005731,3,4,75
2023-08-05,8005971,8003909,37,37,37
2023-08-05,8005971,8003925,35,37,41
2023-08-05,8005971,8005971,26,74,13
2023-08-05,8006109,8000978,0,15,0
2023-08-05,8006109,8005289,3,15,10
2023-08-05,8006109,8006109,2,30,3
2023-08-05,8006117,8003791,1,2,45
2023-08-05,8006117,8006117,2,4,90
2023-08-05,8006117,8006118,1,2,165
2023-08-05,8006118,8002826,1,2,90
2023-08-05,8006118,8006117,1,2,45
2023-08-05,8006118,8006118,2,4,112
2023-08-05,8006226,8000853,24,24,1025
2023-08-05,8006226,8001515,15,16,1367
2023-08-05,8006226,8001537,7,8,994
2023-08-05,8006226,8001585,17,17,536
2023-08-05,8006226,8001911,19,22,135
2023-08-05,8006226,8003168,19,31,299
2023-08-05,8006226,8006226,137,187,438
2023-08-05,8006226,8006386,26,34,103
2023-08-05,8006227,8001039,33,43,227
2023-08-05,8006227,8001905,43,43,97
2023-08-05,8006227,8006227,51,86,125
2023-08-05,8006320,8003287,3,18,10
2023-08-05,8006320,8003716,4,17,7
2023-08-05,8006320,8006320,23,52,38
2023-08-05,8006323,8001045,17,19,196
2023-08-05,8006323,8001093,19,34,99
2023-08-05,8006323,8006323,39,67,121
2023-08-05,8006342,8002745,18,31,77
2023-08-05,8006342,8006342,24,62,47
2023-08-05,8006342,8006383,9,31,30
2023-08-05,8006348,8000239,15,21,527
2023-08-05,8006348,8001323,17,21,693
2023-08-05,8006348,8006348,33,42,595
2023-08-05,8006379,8003896,17,17,157
2023-08-05,8006379,8005336,8,17,58
2023-08-05,8006379,8006379,27,34,132
2023-08-05,8006383,8006342,15,31,58
2023-08-05,8006383,8006383,22,62,37
2023-08-05,8006386,8000977,27,46,59
2023-08-05,8006386,8001795,16,17,886
2023-08-05,8006386,8002953,11,12,235
2023-08-05,8006386,8006226,28,34,136
2023-08-05,8006386,8006386,96,150,354
2023-08-05,8006386,8006510,9,24,25
2023-08-05,8006389,8000113,21,33,56
2023-08-05,8006389,8004228,25,35,63
2023-08-05,8006389,8006389,47,68,63
2023-08-05,8006486,8005569,2,13,23
2023-08-05,8006505,8001538,9,19,66
2023-08-05,8006505,8002769,10,19,36
2023-08-05,8006505,8006505,24,38,63
2023-08-05,8006510,8001536,9,41,22
2023-08-05,8006510,8006386,15,24,60
2023-08-05,8006510,8006510,21,82,27
2023-08-05,8006710,8001035,13,24,28
2023-08-05,8006710,8006710,31,48,51
2023-08-05,8006710,8006711,14,24,60
2023-08-05,8006711,8006710,14,24,36
2023-08-05,8006711,8006711,29,48,44
2023-08-05,8006712,8002512,21,25,47
2023-08-05,8006712,8006712,36,50,88
2023-08-06,8000033,8000033,93,139,617
2023-08-06,8000033,8001795,42,46,957
2023-08-06,8000033,8002268,6,22,115
2023-08-06,8000033,8005488,15,24,58
2023-08-06,8000033,8006719,38,47,834
2023-08-06,8000037,8000037,99,133,489
2023-08-06,8000037,8000113,8,17,235
2023-08-06,8000037,8000171,2,2,555
2023-08-06,8000037,8000392,28,31,836
2023-08-06,8000037,8001524,7,17,-48
2023-08-06,8000037,8001795,22,28,914
2023-08-06,8000037,8001836,10,17,198
2023-08-06,8000054,8000054,12,18,43
2023-08-06,8000054,8001137,5,6,45
2023-08-06,8000054,8001182,4,9,23
2023-08-06,8000054,8002992,9,9,77
2023-08-06,8000054,8006453,4,9,10
2023-08-06,8000081,8000081,147,236,85
2023-08-06,8000081,8001531,31,42,104
2023-08-06,8000081,8001542,17,34,27
2023-08-06,8000081,8003946,8,34,16
2023-08-06,8000081,8004230,40,42,84
2023-08-06,8000113,8000037,14,18,40
2023-08-06,8000113,8000113,38,63,125
2023-08-06,8000113,8001066,15,21,100
2023-08-06,8000113,8006389,17,31,192
2023-08-06,8000164,8000164,128,200,130
2023-08-06,8000164,8000887,8,18,92
2023-08-06,8000164,8001327,54,85,113
2023-08-06,8000164,8001900,6,6,130
2023-08-06,8000164,8001909,5,7,317
2023-08-06,8000164,8002223,12,13,238
2023-08-06,8000164,8002227,6,14,34
2023-08-06,8000164,8002779,14,15,142
2023-08-06,8000171,8000037,2,2,195
2023-08-06,8000171,8000171,65,101,596
2023-08-06,8000171,8000392,27,49,601
2023-08-06,8000171,8001061,28,31,914
2023-08-06,8000171,8002745,10,18,167
2023-08-06,8000171,8003925,12,34,18
2023-08-06,8000186,8003090,0,17,0
2023-08-06,8000186,8003657,0,18,0
2023-08-06,8000239,8000239,36,64,165
2023-08-06,8000239,8001097,8,15,178
2023-08-06,8000239,8004883,19,34,139
2023-08-06,8000239,8006348,10,17,201
2023-08-06,8000358,8000358,50,84,127
2023-08-06,8000358,8004269,32,42,219
2023-08-06,8000358,8004474,21,42,39
2023-08-06,8000392,8000037,21,30,924
2023-08-06,8000392,8000171,39,50,586
2023-08-06,8000392,8000392,74,99,592
2023-08-06,8000392,8001545,15,19,111
2023-08-06,8000605,8000113,0,1,0
2023-08-06,8000605,8000605,45,63,128
2023-08-06,8000605,8004228,18,31,54
2023-08-06,8000605,8004642,20,31,191
2023-08-06,8000745,8000745,41,62,496
2023-08-06,8000745,8001093,21,32,188
2023-08-06,8000745,8001394,19,30,810
2023-08-06,8000793,8000793,5,14,26
2023-08-06,8000793,8002180,5,7,47
2023-08-06,8000793,8005289,0,7,0
2023-08-06,8000904,8000904,2,2,225
2023-08-06,8000904,8003998,2,2,195
2023-08-06,8000927,8000927,15,27,169
2023-08-06,8000927,8000966,9,14,255
2023-08-06,8000927,8003993,11,32,40
2023-08-06,8000966,8000927,9,13,69
2023-08-06,8000966,8000966,22,22,135
2023-08-06,8000966,8005555,11,11,205
2023-08-06,8000977,8000977,63,88,127
2023-08-06,8000977,8006386,24,44,107
2023-08-06,8000978,8000978,5,14,26
2023-08-06,8000978,8003638,0,7,0
2023-08-06,8000978,8006109,5,7,34
2023-08-06,8001035,8001035,22,44,82
2023-08-06,8001035,8006710,14,22,151
2023-08-06,8001038,8001038,31,41,141
2023-08-06,8001038,8002639,16,20,178
2023-08-06,8001038,8006194,10,21,89
2023-08-06,8001039,8001039,54,84,136
2023-08-06,8001039,8004474,34,42,226
2023-08-06,8001039,8006227,13,42,23
2023-08-06,8001045,8001045,51,64,782
2023-08-06,8001045,8002680,11,14,780
2023-08-06,8001045,8003986,25,31,486
2023-08-06,8001045,8006323,15,17,1223
2023-08-06,8001061,8000171,21,30,926
2023-08-06,8001061,8001061,51,61,932
2023-08-06,8001061,8001558,14,17,819
2023-08-06,8001066,8000113,11,20,22
2023-08-06,8001066,8001066,26,41,67
2023-08-06,8001066,8003967,16,21,96
2023-08-06,8001093,8000745,21,30,825
2023-08-06,8001093,8001093,39,62,483
2023-08-06,8001093,8006323,21,32,184
2023-08-06,8001097,8000239,15,15,140
2023-08-06,8001097,8001097,29,30,135
2023-08-06,8001097,8005526,15,15,250
2023-08-06,8001137,8000054,2,6,20
2023-08-06,8001137,8000904,2,2,285
2023-08-06,8001137,8001137,20,30,90
2023-08-06,8001137,8002992,7,7,120
2023-08-06,8001137,8003896,9,15,76
2023-08-06,8001182,8000054,8,9,50
2023-08-06,8001357,8001357,29,32,81
2023-08-06,8001357,8002514,16,16,98
2023-08-06,8001357,8005227,14,16,114
2023-08-06,8001394,8000745,24,31,147
2023-08-06,8001394,8001394,44,61,471
2023-08-06,8001394,8001692,21,30,813
2023-08-06,8001505,8001505,57,84,100
2023-08-06,8001505,8001525,25,42,95
2023-08-06,8001505,8001531,28,42,89
2023-08-06,8001515,8001515,39,56,505
2023-08-06,8001515,8001537,20,28,633
2023-08-06,8001515,8001543,11,13,272
2023-08-06,8001515,8006226,13,15,506
2023-08-06,8001516,8001549,32,35,44
2023-08-06,8001517,8001517,46,68,41
2023-08-06,8001517,8001529,24,34,47
2023-08-06,8001517,8001535,14,34,26
2023-08-06,8001518,8001518,36,68,28
2023-08-06,8001518,8001520,7,34,11
2023-08-06,8001518,8003946,25,34,42
2023-08-06,8001519,8001519,43,84,85
2023-08-06,8001519,8001525,20,42,90
2023-08-06,8001519,8001543,23,42,82
2023-08-06,8001520,8001518,13,34,21
2023-08-06,8001520,8001520,30,68,26
2023-08-06,8001520,8003916,30,34,40
2023-08-06,8001521,8001521,25,33,79
2023-08-06,8001521,8001522,8,16,41
2023-08-06,8001521,8001534,15,17,120
2023-08-06,8001522,8001521,17,17,152
2023-08-06,8001522,8001522,89,110,147
2023-08-06,8001522,8001523,13,19,125
2023-08-06,8001522,8001524,19,22,281
2023-08-06,8001523,8001522,16,19,141
2023-08-06,8001523,8001523,28,38,129
2023-08-06,8001523,8001545,14,19,142
2023-08-06,8001524,8000037,17,22,335
2023-08-06,8001524,8001522,9,17,56
2023-08-06,8001524,8001524,25,39,177
2023-08-06,8001525,8001505,20,42,85
2023-08-06,8001525,8001519,22,42,83
2023-08-06,8001525,8001525,42,84,87
2023-08-06,8001526,8001526,37,68,29
2023-08-06,8001526,8001529,26,34,66
2023-08-06,8001526,8003936,10,34,11
2023-08-06,8001527,8001527,66,76,104
2023-08-06,8001527,8001536,22,38,62
2023-08-06,8001528,8001329,5,15,26
2023-08-06,8001528,8001528,15,30,62
2023-08-06,8001528,8001539,9,15,94
2023-08-06,8001529,8001517,22,34,46
2023-08-06,8001529,8001526,10,34,19
2023-08-06,8001529,8001529,49,68,44
2023-08-06,8001530,8001530,47,68,149
2023-08-06,8001530,8001533,18,34,131
2023-08-06,8001530,8004883,25,34,157
2023-08-06,8001531,8000081,20,42,81
2023-08-06,8001531,8001505,32,42,101
2023-08-06,8001531,8001531,50,84,86
2023-08-06,8001532,8001532,21,30,72
2023-08-06,8001532,8001544,12,15,56
2023-08-06,8001533,8001530,26,34,154
2023-08-06,8001533,8001533,41,68,131
2023-08-06,8001534,8001521,3,16,15
2023-08-06,8001534,8001534,18,33,68
2023-08-06,8001534,8001538,15,17,127
2023-08-06,8001535,8001517,22,34,30
2023-08-06,8001535,8001535,47,68,35
2023-08-06,8001535,8003916,21,34,36
2023-08-06,8001536,8001527,32,38,99
2023-08-06,8001536,8001536,39,76,70
2023-08-06,8001536,8006510,37,38,83
2023-08-06,8001537,8001515,20,28,372
2023-08-06,8001537,8001537,53,70,521
2023-08-06,8001537,8003169,24,35,665
2023-08-06,8001537,8006226,7,7,429
2023-08-06,8001538,8001534,5,16,19
2023-08-06,8001538,8001538,20,33,78
2023-08-06,8001538,8006505,15,17,134
2023-08-06,8001539,8001528,3,15,20
2023-08-06,8001539,8001539,13,30,56
2023-08-06,8001539,8001541,10,15,96
2023-08-06,8001540,8001540,41,69,38
2023-08-06,8001540,8001542,9,35,12
2023-08-06,8001540,8001549,32,34,98
2023-08-06,8001541,8001539,3,15,18
2023-08-06,8001541,8001541,15,30,56
2023-08-06,8001541,8001544,9,15,86
2023-08-06,8001542,8000081,2,35,3
2023-08-06,8001542,8001540,20,34,29
2023-08-06,8001542,8001542,28,69,18
2023-08-06,8001543,8001327,69,85,168
2023-08-06,8001543,8001515,6,13,72
2023-08-06,8001543,8001519,18,42,82
2023-08-06,8001543,8001543,113,170,122
2023-08-06,8001544,8001532,7,15,80
2023-08-06,8001544,8001541,11,15,46
2023-08-06,8001544,8001544,20,30,65
2023-08-06,8001545,8000392,11,19,123
2023-08-06,8001545,8001523,13,19,118
2023-08-06,8001545,8001545,25,38,122
2023-08-06,8001546,8001546,36,68,30
2023-08-06,8001546,8003909,10,34,10
2023-08-06,8001546,8003936,29,34,49
2023-08-06,8001549,8001516,31,34,62
2023-08-06,8001549,8001540,14,35,21
2023-08-06,8001549,8001549,64,69,66
2023-08-06,8001692,8001394,22,31,127
2023-08-06,8001692,8001692,43,61,470
2023-08-06,8001692,8002262,21,30,831
2023-08-06,8001700,8001700,7,18,53
2023-08-06,8001700,8003018,2,9,77
2023-08-06,8001700,8003716,0,9,0
2023-08-06,8001729,8001729,3,4,90
2023-08-06,8001795,8000033,37,47,829
2023-08-06,8001795,8000037,25,28,896
2023-08-06,8001795,8001795,81,93,885
2023-08-06,8001795,8006386,16,16,885
2023-08-06,8001836,8000037,10,17,92
2023-08-06,8001836,8001836,15,34,131
2023-08-06,8001836,8002754,5,17,180
2023-08-06,8001851,8005319,1,6,15
2023-08-06,8001943,8001943,28,46,86
2023-08-06,8001943,8002267,9,24,34
2023-08-06,8001943,8004440,5,22,112
2023-08-06,8001980,8001980,12,12,95
2023-08-06,8001980,8003486,6,6,60
2023-08-06,8001980,8004564,6,6,125
2023-08-06,8002073,8002073,41,60,128
2023-08-06,8002073,8003993,24,31,212
2023-08-06,8002073,8004642,16,29,44
2023-08-06,8002180,8000793,0,7,0
2023-08-06,8002180,8002180,4,14,21
2023-08-06,8002180,8003470,5,7,47
2023-08-06,8002262,8001692,25,31,135
2023-08-06,8002262,8002262,46,61,478
2023-08-06,8002262,8005276,21,30,826
2023-08-06,8002267,8001943,11,22,124
2023-08-06,8002267,8002267,16,46,70
2023-08-06,8002267,8002509,15,24,41
2023-08-06,8002268,8000033,11,24,42
2023-08-06,8002268,8002268,17,46,78
2023-08-06,8002268,8002509,6,22,116
2023-08-06,8002509,8002267,8,22,120
2023-08-06,8002509,8002268,11,24,45
2023-08-06,8002509,8002509,21,46,82
2023-08-06,8002512,8002512,24,46,87
2023-08-06,8002512,8004440,13,24,45
2023-08-06,8002512,8006712,7,22,124
2023-08-06,8002514,8001357,9,16,56
2023-08-06,8002514,8002514,25,32,79
2023-08-06,8002514,8002769,15,16,86
2023-08-06,8002639,8001038,15,21,101
2023-08-06,8002639,8002639,25,41,130
2023-08-06,8002639,8002640,11,20,150
2023-08-06,8002640,8002639,9,21,104
2023-08-06,8002680,8000441,25,33,540
2023-08-06,8002680,8001045,10,12,268
2023-08-06,8002680,8002680,36,65,371
2023-08-06,8002680,8003168,10,16,386
2023-08-06,8002680,8006226,2,2,180
2023-08-06,8002745,8000171,12,18,90
2023-08-06,8002745,8002745,22,36,136
2023-08-06,8002745,8006342,10,18,163
2023-08-06,8002754,8001836,3,17,67
2023-08-06,8002754,8002754,10,34,124
2023-08-06,8002754,8003166,6,17,175
2023-08-06,8002769,8002514,12,16,56
2023-08-06,8002769,8002769,28,33,50
2023-08-06,8002769,8006505,5,16,19
2023-08-06,8002779,8000164,7,15,28
2023-08-06,8002779,8001328,12,15,120
2023-08-06,8002779,8002779,23,30,84
2023-08-06,8002953,8002953,36,53,78
2023-08-06,8002953,8003657,13,14,139
2023-08-06,8002953,8003939,2,8,71
2023-08-06,8002953,8006386,7,11,46
2023-08-06,8002992,8000054,9,9,137
2023-08-06,8002992,8001137,6,9,63
2023-08-06,8002992,8002992,14,18,92
2023-08-06,8003018,8001700,2,9,13
2023-08-06,8003018,8003018,4,18,42
2023-08-06,8003090,8000186,3,17,173
2023-08-06,8003090,8003090,20,34,112
2023-08-06,8003090,8003166,17,17,94
2023-08-06,8003166,8002754,4,17,69
2023-08-06,8003166,8003090,3,17,180
2023-08-06,8003166,8003166,20,34,124
2023-08-06,8003168,8002680,15,18,333
2023-08-06,8003168,8003168,98,136,422
2023-08-06,8003168,8003169,30,35,401
2023-08-06,8003168,8004448,19,28,609
2023-08-06,8003168,8006226,24,31,471
2023-08-06,8003168,8006449,5,6,170
2023-08-06,8003169,8001537,28,35,388
2023-08-06,8003169,8003168,26,35,669
2023-08-06,8003169,8003169,55,70,531
2023-08-06,8003287,8003287,4,18,60
2023-08-06,8003287,8003939,2,9,3
2023-08-06,8003287,8006320,3,9,110
2023-08-06,8003470,8002180,0,7,0
2023-08-06,8003470,8003470,5,14,26
2023-08-06,8003470,8004273,5,7,30
2023-08-06,8003486,8001980,3,6,145
2023-08-06,8003486,8003486,7,12,102
2023-08-06,8003486,8003493,4,7,73
2023-08-06,8003493,8000187,6,7,86
2023-08-06,8003493,8003486,6,8,68
2023-08-06,8003493,8003493,10,15,70
2023-08-06,8003621,8003621,10,12,102
2023-08-06,8003621,8004564,5,6,45
2023-08-06,8003621,8005319,5,6,155
2023-08-06,8003638,8000978,5,7,47
2023-08-06,8003638,8003638,4,14,15
2023-08-06,8003638,8003965,0,7,0
2023-08-06,8003657,8000186,11,18,85
2023-08-06,8003657,8002953,18,18,82
2023-08-06,8003657,8003657,28,36,66
2023-08-06,8003716,8001700,5,9,100
2023-08-06,8003716,8003716,4,18,48
2023-08-06,8003716,8006320,4,9,17
2023-08-06,8003896,8001137,12,15,118
2023-08-06,8003896,8003896,21,30,104
2023-08-06,8003896,8006379,9,15,70
2023-08-06,8003909,8001546,26,34,49
2023-08-06,8003909,8003909,44,68,38
2023-08-06,8003909,8005971,11,34,19
2023-08-06,8003916,8001520,20,34,44
2023-08-06,8003916,8001535,25,34,37
2023-08-06,8003916,8003916,46,68,36
2023-08-06,8003925,8000171,29,34,44
2023-08-06,8003925,8003925,51,68,45
2023-08-06,8003925,8005971,15,34,13
2023-08-06,8003936,8001526,18,34,25
2023-08-06,8003936,8001546,26,34,38
2023-08-06,8003936,8003936,55,68,38
2023-08-06,8003939,8002953,3,8,19
2023-08-06,8003939,8003287,2,9,117
2023-08-06,8003939,8003939,3,18,60
2023-08-06,8003946,8000081,24,34,43
2023-08-06,8003946,8001518,11,34,17
2023-08-06,8003946,8003946,32,68,28
2023-08-06,8003965,8003638,5,7,34
2023-08-06,8003965,8003965,5,14,24
2023-08-06,8003965,8003967,0,7,0
2023-08-06,8003967,8001066,1,20,9
2023-08-06,8003967,8003965,4,7,43
2023-08-06,8003967,8003967,5,14,24
2023-08-06,8003993,8000605,3,3,30
2023-08-06,8003993,8000927,25,31,213
2023-08-06,8003993,8002073,20,29,58
2023-08-06,8003993,8003993,44,63,132
2023-08-06,8003998,8002992,1,2,150
2023-08-06,8003998,8003998,2,2,180
2023-08-06,8004228,8000113,0,2,0
2023-08-06,8004228,8000605,31,31,204
2023-08-06,8004228,8004228,35,62,121
2023-08-06,8004228,8006389,19,29,67
2023-08-06,8004230,8000081,24,42,195
2023-08-06,8004230,8004230,71,84,142
2023-08-06,8004230,8004419,39,42,75
2023-08-06,8004269,8000358,36,42,61
2023-08-06,8004269,8004269,68,84,139
2023-08-06,8004269,8004288,35,42,223
2023-08-06,8004273,8003470,0,7,0
2023-08-06,8004288,8004269,35,42,55
2023-08-06,8004288,8004288,70,84,136
2023-08-06,8004288,8004419,28,42,206
2023-08-06,8004419,8004230,30,42,209
2023-08-06,8004419,8004288,16,42,36
2023-08-06,8004419,8004419,68,84,133
2023-08-06,8004440,8001943,17,24,66
2023-08-06,8004440,8002512,9,22,128
2023-08-06,8004440,8004440,21,46,88
2023-08-06,8004448,8003168,23,27,322
2023-08-06,8004448,8004448,43,55,470
2023-08-06,8004474,8000358,33,42,217
2023-08-06,8004474,8001039,15,42,28
2023-08-06,8004474,8004474,50,84,125
2023-08-06,8004564,8001980,6,6,65
2023-08-06,8004564,8003621,6,6,200
2023-08-06,8004564,8004564,12,12,105
2023-08-06,8004642,8000605,15,29,56
2023-08-06,8004642,8002073,20,31,195
2023-08-06,8004642,8004642,35,60,124
2023-08-06,8004883,8000239,25,34,190
2023-08-06,8004883,8001530,22,34,146
2023-08-06,8004883,8004883,45,68,161
2023-08-06,8005227,8001357,13,16,62
2023-08-06,8005289,8000793,5,7,51
2023-08-06,8005289,8005289,5,14,26
2023-08-06,8005289,8006109,0,7,0
2023-08-06,8005319,8001851,5,6,95
2023-08-06,8005319,8003621,4,6,30
2023-08-06,8005319,8005319,9,12,78
2023-08-06,8005488,8000033,6,22,119
2023-08-06,8005488,8005488,23,46,98
2023-08-06,8005488,8006607,11,24,51
2023-08-06,8005525,8003783,15,15,256
2023-08-06,8005525,8005525,18,30,149
2023-08-06,8005525,8005526,3,15,48
2023-08-06,8005526,8001097,3,15,42
2023-08-06,8005526,8005525,15,15,262
2023-08-06,8005526,8005526,18,30,158
2023-08-06,8005555,8000966,11,11,104
2023-08-06,8005555,8005555,22,22,155
2023-08-06,8005555,8005569,11,11,235
2023-08-06,8005569,8005555,3,11,60
2023-08-06,8005569,8005569,14,22,147
2023-08-06,8005569,8006486,11,11,145
2023-08-06,8005971,8003909,32,34,45
2023-08-06,8005971,8003925,33,34,50
2023-08-06,8005971,8005971,29,68,16
2023-08-06,8006109,8000978,0,7,0
2023-08-06,8006109,8005289,5,7,47
2023-08-06,8006109,8006109,4,14,15
2023-08-06,8006226,8000853,19,22,650
2023-08-06,8006226,8001515,14,15,1106
2023-08-06,8006226,8001537,7,7,810
2023-08-06,8006226,8001585,15,16,442
2023-08-06,8006226,8001911,17,21,163
2023-08-06,8006226,8003168,25,31,128
2023-08-06,8006226,8006226,134,180,365
2023-08-06,8006226,8006386,26,32,112
2023-08-06,8006227,8001039,40,42,254
2023-08-06,8006227,8001905,42,42,79
2023-08-06,8006227,8006227,50,84,130
2023-08-06,8006320,8003287,1,9,3
2023-08-06,8006320,8003716,3,9,97
2023-08-06,8006320,8006320,20,35,60
2023-08-06,8006323,8001045,15,17,360
2023-08-06,8006323,8001093,24,30,815
2023-08-06,8006323,8006323,45,62,489
2023-08-06,8006342,8002745,11,18,113
2023-08-06,8006342,8006342,21,36,139
2023-08-06,8006342,8006383,10,18,177
2023-08-06,8006348,8000239,8,17,124
2023-08-06,8006348,8001323,11,17,245
2023-08-06,8006348,8006348,20,34,179
2023-08-06,8006379,8003896,15,15,186
2023-08-06,8006379,8005336,7,15,52
2023-08-06,8006379,8006379,22,30,150
2023-08-06,8006383,8006342,8,18,93
2023-08-06,8006383,8006383,18,36,125
2023-08-06,8006386,8000977,31,44,131
2023-08-06,8006386,8001795,13,16,615
2023-08-06,8006386,8002953,10,11,139
2023-08-06,8006386,8006226,18,32,93
2023-08-06,8006386,8006386,95,142,249
2023-08-06,8006386,8006510,16,23,104
2023-08-06,8006389,8000113,17,29,59
2023-08-06,8006389,8004228,20,31,191
2023-08-06,8006389,8006389,41,60,134
2023-08-06,8006486,8005569,3,11,60
2023-08-06,8006505,8001538,5,16,22
2023-08-06,8006505,8002769,15,17,60
2023-08-06,8006505,8006505,22,33,66
2023-08-06,8006510,8001536,18,38,79
2023-08-06,8006510,8006386,22,23,145
2023-08-06,8006510,8006510,53,76,96
2023-08-06,8006710,8001035,11,22,27
2023-08-06,8006710,8006710,25,44,91
2023-08-06,8006710,8006711,10,22,142
2023-08-06,8006711,8006710,11,22,37
2023-08-06,8006711,8006711,21,44,85
2023-08-06,8006712,8002512,16,24,60
2023-08-06,8006712,8006712,24,46,90
2023-08-07,8000033,8000033,110,145,597
2023-08-07,8000033,8001795,49,54,978
2023-08-07,8000033,8002268,13,19,452
2023-08-07,8000033,8005488,13,19,36
2023-08-07,8000033,8006719,44,53,494
2023-08-07,8000037,8000037,132,171,352
2023-08-07,8000037,8000113,10,20,100
2023-08-07,8000037,8000171,2,2,150
2023-08-07,8000037,8000392,28,34,1013
2023-08-07,8000037,8001524,18,34,19
2023-08-07,8000037,8001795,27,31,558
2023-08-07,8000037,8001836,23,31,62
2023-08-07,8000054,8000054,6,18,12
2023-08-07,8000054,8001137,4,6,30
2023-08-07,8000054,8001182,3,9,13
2023-08-07,8000054,8002992,11,11,57
2023-08-07,8000054,8006453,5,12,5
2023-08-07,8000081,8000081,176,275,216
2023-08-07,8000081,8001531,35,42,73
2023-08-07,8000081,8001542,24,54,33
2023-08-07,8000081,8003946,15,56,17
2023-08-07,8000081,8004230,63,69,356
2023-08-07,8000113,8000037,15,19,46
2023-08-07,8000113,8000113,49,70,123
2023-08-07,8000113,8001066,24,37,52
2023-08-07,8000113,8006389,23,35,161
2023-08-07,8000164,8000164,159,202,159
2023-08-07,8000164,8000887,13,19,63
2023-08-07,8000164,8001327,71,83,214
2023-08-07,8000164,8001900,4,4,150
2023-08-07,8000164,8001909,5,5,168
2023-08-07,8000164,8002223,14,16,124
2023-08-07,8000164,8002227,10,15,28
2023-08-07,8000164,8002779,15,18,113
2023-08-07,8000171,8000037,2,2,180
2023-08-07,8000171,8000171,86,139,420
2023-08-07,8000171,8000392,34,67,291
2023-08-07,8000171,8001061,29,34,1031
2023-08-07,8000171,8002745,19,34,87
2023-08-07,8000171,8003925,12,39,18
2023-08-07,8000186,8003090,0,31,0
2023-08-07,8000186,8003657,1,34,7
2023-08-07,8000239,8000239,62,76,296
2023-08-07,8000239,8001097,9,18,117
2023-08-07,8000239,8004883,39,54,313
2023-08-07,8000239,8006348,18,20,314
2023-08-07,8000358,8000358,97,138,380
2023-08-07,8000358,8004269,57,69,464
2023-08-07,8000358,8004474,42,69,305
2023-08-07,8000392,8000037,27,33,547
2023-08-07,8000392,8000171,51,68,568
2023-08-07,8000392,8000392,93,135,428
2023-08-07,8000392,8001545,16,34,41
2023-08-07,8000605,8000605,49,70,121
2023-08-07,8000605,8004228,25,35,75
2023-08-07,8000605,8004642,27,35,163
2023-08-07,8000745,8000745,53,69,233
2023-08-07,8000745,8001093,28,35,98
2023-08-07,8000745,8001394,26,34,369
2023-08-07,8000793,8000793,5,30,11
2023-08-07,8000793,8002180,4,15,20
2023-08-07,8000793,8005289,0,17,0
2023-08-07,8000904,8000904,4,6,55
2023-08-07,8000904,8001137,1,2,15
2023-08-07,8000904,8003998,2,4,52
2023-08-07,8000927,8000927,26,32,178
2023-08-07,8000927,8000966,12,17,201
2023-08-07,8000927,8003993,10,35,48
2023-08-07,8000966,8000927,13,17,108
2023-08-07,8000966,8000966,16,17,166
2023-08-07,8000966,8005555,8,8,251
2023-08-07,8000977,8000977,60,83,122
2023-08-07,8000977,8006386,25,42,89
2023-08-07,8000978,8000978,4,33,9
2023-08-07,8000978,8003638,0,17,0
2023-08-07,8000978,8006109,4,16,13
2023-08-07,8001035,8001035,53,68,118
2023-08-07,8001035,8006710,33,34,220
2023-08-07,8001038,8001038,63,80,183
2023-08-07,8001038,8002639,34,40,228
2023-08-07,8001038,8006194,20,40,136
2023-08-07,8001039,8001039,87,125,321
2023-08-07,8001039,8004474,49,56,515
2023-08-07,8001039,8006227,30,69,133
2023-08-07,8001045,8001045,88,96,443
2023-08-07,8001045,8001061,1,1,210
2023-08-07,8001045,8002680,15,16,465
2023-08-07,8001045,8003986,46,49,615
2023-08-07,8001045,8006323,25,29,323
2023-08-07,8001061,8000171,27,33,565
2023-08-07,8001061,8001061,57,67,814
2023-08-07,8001061,8001558,15,18,1302
2023-08-07,8001066,8000113,30,36,42
2023-08-07,8001066,8001066,53,73,48
2023-08-07,8001066,8003967,25,37,42
2023-08-07,8001093,8000745,26,34,380
2023-08-07,8001093,8001093,53,69,227
2023-08-07,8001093,8006323,30,35,93
2023-08-07,8001097,8000239,18,18,587
2023-08-07,8001097,8001097,35,36,345
2023-08-07,8001097,8005526,17,18,175
2023-08-07,8001137,8000054,5,6,465
2023-08-07,8001137,8000904,3,4,82
2023-08-07,8001137,8001137,23,34,127
2023-08-07,8001137,8002992,7,7,94
2023-08-07,8001137,8003896,10,17,26
2023-08-07,8001182,8000054,6,9,27
2023-08-07,8001357,8001357,36,38,295
2023-08-07,8001357,8002514,18,19,289
2023-08-07,8001357,8005227,18,19,328
2023-08-07,8001394,8000745,32,35,113
2023-08-07,8001394,8001394,61,69,240
2023-08-07,8001394,8001692,29,34,381
2023-08-07,8001505,8001505,68,84,103
2023-08-07,8001505,8001525,38,42,104
2023-08-07,8001505,8001531,29,42,96
2023-08-07,8001515,8001515,44,57,671
2023-08-07,8001515,8001537,26,28,922
2023-08-07,8001515,8001543,15,16,154
2023-08-07,8001515,8006226,13,13,808
2023-08-07,8001516,8001549,52,54,51
2023-08-07,8001517,8001517,85,112,59
2023-08-07,8001517,8001529,43,56,56
2023-08-07,8001517,8001535,34,56,46
2023-08-07,8001518,8001518,67,112,40
2023-08-07,8001518,8001520,14,56,14
2023-08-07,8001518,8003946,47,56,65
2023-08-07,8001519,8001519,59,84,93
2023-08-07,8001519,8001525,23,42,101
2023-08-07,8001519,8001543,36,42,79
2023-08-07,8001520,8001518,30,56,42
2023-08-07,8001520,8001520,57,112,39
2023-08-07,8001520,8003916,51,56,41
2023-08-07,8001521,8001521,32,40,278
2023-08-07,8001521,8001522,12,20,238
2023-08-07,8001521,8001534,19,20,309
2023-08-07,8001522,8001521,19,20,334
2023-08-07,8001522,8001522,117,151,129
2023-08-07,8001522,8001523,9,20,45
2023-08-07,8001522,8001524,30,37,78
2023-08-07,8001522,8001545,13,14,124
2023-08-07,8001523,8001522,11,20,62
2023-08-07,8001523,8001523,17,40,44
2023-08-07,8001523,8001545,9,20,52
2023-08-07,8001524,8000037,28,37,92
2023-08-07,8001524,8001522,25,34,56
2023-08-07,8001524,8001524,48,71,59
2023-08-07,8001525,8001505,20,42,93
2023-08-07,8001525,8001519,36,42,86
2023-08-07,8001525,8001525,58,84,97
2023-08-07,8001526,8001526,70,112,40
2023-08-07,8001526,8001529,49,56,89
2023-08-07,8001526,8003936,19,56,18
2023-08-07,8001527,8001527,66,78,203
2023-08-07,8001527,8001536,29,39,165
2023-08-07,8001528,8001329,12,18,158
2023-08-07,8001528,8001528,27,36,140
2023-08-07,8001528,8001539,13,18,120
2023-08-07,8001529,8001517,43,56,72
2023-08-07,8001529,8001526,17,56,20
2023-08-07,8001529,8001529,92,112,60
2023-08-07,8001530,8001530,93,106,242
2023-08-07,8001530,8001533,40,54,297
2023-08-07,8001530,8004883,46,52,165
2023-08-07,8001531,8000081,26,42,101
2023-08-07,8001531,8001505,39,42,88
2023-08-07,8001531,8001531,62,84,86
2023-08-07,8001532,8001532,30,36,130
2023-08-07,8001532,8001544,18,18,152
2023-08-07,8001533,8001530,47,52,162
2023-08-07,8001533,8001533,86,106,218
2023-08-07,8001534,8001521,10,20,244
2023-08-07,8001534,8001534,29,40,274
2023-08-07,8001534,8001538,19,20,314
2023-08-07,8001535,8001517,39,56,38
2023-08-07,8001535,8001535,83,112,45
2023-08-07,8001535,8003916,40,56,53
2023-08-07,8001536,8001527,33,39,201
2023-08-07,8001536,8001536,50,78,176
2023-08-07,8001536,8006510,36,39,178
2023-08-07,8001537,8001515,19,29,418
2023-08-07,8001537,8001537,56,73,868
2023-08-07,8001537,8003169,34,36,1221
2023-08-07,8001537,8006226,7,8,1046
2023-08-07,8001538,8001534,11,20,250
2023-08-07,8001538,8001538,32,40,292
2023-08-07,8001538,8006505,19,20,327
2023-08-07,8001539,8001528,11,18,145
2023-08-07,8001539,8001539,27,36,127
2023-08-07,8001539,8001541,16,18,127
2023-08-07,8001540,8001540,77,108,47
2023-08-07,8001540,8001542,24,54,19
2023-08-07,8001540,8001549,53,54,107
2023-08-07,8001541,8001539,9,18,107
2023-08-07,8001541,8001541,24,36,121
2023-08-07,8001541,8001544,16,18,137
2023-08-07,8001542,8000081,1,54,1
2023-08-07,8001542,8001540,30,54,38
2023-08-07,8001542,8001542,48,108,24
2023-08-07,8001543,8001327,77,83,152
2023-08-07,8001543,8001515,13,15,306
2023-08-07,8001543,8001519,21,42,96
2023-08-07,8001543,8001543,129,166,158
2023-08-07,8001544,8001532,12,18,133
2023-08-07,8001544,8001541,14,18,160
2023-08-07,8001544,8001544,30,36,147
2023-08-07,8001545,8000392,20,34,86
2023-08-07,8001545,8001522,9,14,45
2023-08-07,8001545,8001523,7,20,36
2023-08-07,8001545,8001545,32,68,59
2023-08-07,8001546,8001546,78,112,41
2023-08-07,8001546,8003909,22,56,19
2023-08-07,8001546,8003936,50,56,61
2023-08-07,8001549,8001516,52,54,70
2023-08-07,8001549,8001540,28,54,31
2023-08-07,8001549,8001549,105,108,75
2023-08-07,8001692,8001394,28,35,93
2023-08-07,8001692,8001692,60,69,245
2023-08-07,8001692,8002262,31,34,409
2023-08-07,8001700,8001700,22,40,64
2023-08-07,8001700,8003018,10,20,50
2023-08-07,8001700,8003716,5,20,52
2023-08-07,8001729,8001729,6,8,165
2023-08-07,8001729,8004406,2,3,40
2023-08-07,8001795,8000033,44,53,444
2023-08-07,8001795,8000037,28,32,1082
2023-08-07,8001795,8001795,91,107,706
2023-08-07,8001795,8006386,17,18,782
2023-08-07,8001836,8000037,24,31,69
2023-08-07,8001836,8001836,45,62,52
2023-08-07,8001836,8002754,21,31,60
2023-08-07,8001851,8005319,4,8,34
2023-08-07,8001943,8001943,27,38,234
2023-08-07,8001943,8002267,8,19,27
2023-08-07,8001943,8004440,11,19,412
2023-08-07,8001980,8001980,13,16,71
2023-08-07,8001980,8003486,5,8,52
2023-08-07,8001980,8004564,8,8,94
2023-08-07,8002073,8002073,50,70,117
2023-08-07,8002073,8003993,28,35,172
2023-08-07,8002073,8004642,18,35,57
2023-08-07,8002180,8000793,0,15,0
2023-08-07,8002180,8002180,4,30,10
2023-08-07,8002180,8003470,4,15,20
2023-08-07,8002262,8001692,32,35,110
2023-08-07,8002262,8002262,63,69,255
2023-08-07,8002262,8005276,31,34,394
2023-08-07,8002267,8001943,14,19,425
2023-08-07,8002267,8002267,19,38,223
2023-08-07,8002267,8002509,7,19,22
2023-08-07,8002268,8000033,7,19,32
2023-08-07,8002268,8002268,24,38,236
2023-08-07,8002268,8002509,10,19,431
2023-08-07,8002509,8002267,11,19,425
2023-08-07,8002509,8002268,10,19,28
2023-08-07,8002509,8002509,18,38,225
2023-08-07,8002512,8002512,26,38,239
2023-08-07,8002512,8004440,13,19,46
2023-08-07,8002512,8006712,13,19,426
2023-08-07,8002514,8001357,13,19,289
2023-08-07,8002514,8002514,31,38,294
2023-08-07,8002514,8002769,19,19,231
2023-08-07,8002639,8001038,27,40,134
2023-08-07,8002639,8002639,60,80,182
2023-08-07,8002639,8002640,28,40,201
2023-08-07,8002640,8002639,18,40,159
2023-08-07,8002680,8000441,37,38,702
2023-08-07,8002680,8001045,16,17,422
2023-08-07,8002680,8002680,57,75,392
2023-08-07,8002680,8003168,10,17,196
2023-08-07,8002680,8006226,2,2,450
2023-08-07,8002745,8000171,14,34,27
2023-08-07,8002745,8002745,25,68,55
2023-08-07,8002745,8006342,12,34,70
2023-08-07,8002754,8001836,10,31,19
2023-08-07,8002754,8002754,34,62,41
2023-08-07,8002754,8003166,21,31,52
2023-08-07,8002769,8002514,18,19,292
2023-08-07,8002769,8002769,37,40,240
2023-08-07,8002769,8006505,12,20,258
2023-08-07,8002779,8000164,14,18,155
2023-08-07,8002779,8001328,14,18,110
2023-08-07,8002779,8002779,29,36,146
2023-08-07,8002953,8002953,37,71,102
2023-08-07,8002953,8003657,15,15,276
2023-08-07,8002953,8003939,12,17,74
2023-08-07,8002953,8006386,7,14,30
2023-08-07,8002992,8000054,10,11,104
2023-08-07,8002992,8001137,6,9,23
2023-08-07,8002992,8002992,19,22,64
2023-08-07,8002992,8003998,1,2,30
2023-08-07,8003018,8001700,10,20,72
2023-08-07,8003018,8003018,19,40,56
2023-08-07,8003090,8000186,8,31,12
2023-08-07,8003090,8003090,38,62,28
2023-08-07,8003090,8003166,30,31,70
2023-08-07,8003166,8002754,12,31,24
2023-08-07,8003166,8003090,8,31,17
2023-08-07,8003166,8003166,35,62,30
2023-08-07,8003168,8002680,18,19,339
2023-08-07,8003168,8003168,113,143,549
2023-08-07,8003168,8003169,31,37,548
2023-08-07,8003168,8004448,26,28,1098
2023-08-07,8003168,8006226,30,33,218
2023-08-07,8003168,8006449,6,7,261
2023-08-07,8003169,8001537,23,37,537
2023-08-07,8003169,8003168,34,36,1226
2023-08-07,8003169,8003169,64,73,876
2023-08-07,8003287,8003287,16,40,62
2023-08-07,8003287,8003939,7,20,46
2023-08-07,8003287,8006320,10,20,75
2023-08-07,8003470,8002180,0,15,0
2023-08-07,8003470,8003470,5,30,11
2023-08-07,8003470,8004273,5,15,16
2023-08-07,8003486,8001980,5,8,90
2023-08-07,8003486,8003486,10,15,70
2023-08-07,8003486,8003493,8,12,48
2023-08-07,8003493,8000187,8,12,60
2023-08-07,8003493,8003486,10,12,85
2023-08-07,8003493,8003493,14,24,68
2023-08-07,8003621,8003621,13,16,92
2023-08-07,8003621,8004564,6,8,49
2023-08-07,8003621,8005319,8,8,116
2023-08-07,8003638,8000978,4,16,19
2023-08-07,8003638,8003638,4,33,6
2023-08-07,8003638,8003965,0,17,0
2023-08-07,8003657,8000186,16,33,125
2023-08-07,8003657,8002953,19,20,62
2023-08-07,8003657,8003657,42,67,80
2023-08-07,8003716,8001700,11,20,54
2023-08-07,8003716,8003716,15,40,53
2023-08-07,8003716,8006320,12,20,69
2023-08-07,8003896,8001137,16,17,236
2023-08-07,8003896,8003896,26,34,146
2023-08-07,8003896,8006379,7,17,41
2023-08-07,8003909,8001546,49,56,68
2023-08-07,8003909,8003909,79,112,47
2023-08-07,8003909,8005971,26,56,29
2023-08-07,8003916,8001520,40,56,71
2023-08-07,8003916,8001535,42,56,40
2023-08-07,8003916,8003916,87,112,47
2023-08-07,8003925,8000171,31,39,52
2023-08-07,8003925,8003925,60,78,48
2023-08-07,8003925,8005971,20,39,18
2023-08-07,8003936,8001526,34,56,39
2023-08-07,8003936,8001546,44,56,44
2023-08-07,8003936,8003936,94,112,50
2023-08-07,8003939,8002953,3,16,32
2023-08-07,8003939,8003287,9,20,75
2023-08-07,8003939,8003939,16,40,63
2023-08-07,8003946,8000081,43,56,62
2023-08-07,8003946,8001518,16,56,16
2023-08-07,8003946,8003946,59,112,38
2023-08-07,8003965,8003638,4,16,13
2023-08-07,8003965,8003965,4,33,9
2023-08-07,8003965,8003967,1,17,4
2023-08-07,8003967,8001066,2,36,6
2023-08-07,8003967,8003965,4,16,19
2023-08-07,8003967,8003967,8,33,15
2023-08-07,8003993,8000927,32,35,186
2023-08-07,8003993,8002073,26,35,77
2023-08-07,8003993,8003993,51,70,122
2023-08-07,8003998,8000904,1,2,30
2023-08-07,8003998,8002992,1,4,30
2023-08-07,8003998,8003998,4,6,35
2023-08-07,8004228,8000605,31,35,166
2023-08-07,8004228,8004228,48,70,116
2023-08-07,8004228,8006389,24,35,87
2023-08-07,8004230,8000081,41,56,473
2023-08-07,8004230,8004230,111,125,414
2023-08-07,8004230,8004419,60,69,348
2023-08-07,8004269,8000358,58,69,325
2023-08-07,8004269,8004269,116,138,398
2023-08-07,8004269,8004288,59,69,470
2023-08-07,8004273,8003470,0,15,0
2023-08-07,8004288,8004269,58,69,325
2023-08-07,8004288,8004288,115,138,394
2023-08-07,8004288,8004419,55,69,454
2023-08-07,8004419,8000081,11,13,314
2023-08-07,8004419,8004230,48,56,499
2023-08-07,8004419,8004288,45,69,309
2023-08-07,8004419,8004419,117,138,393
2023-08-07,8004440,8001943,15,19,68
2023-08-07,8004440,8002512,13,19,437
2023-08-07,8004440,8004440,27,38,246
2023-08-07,8004448,8003168,25,29,427
2023-08-07,8004448,8004448,50,57,756
2023-08-07,8004474,8000358,55,69,455
2023-08-07,8004474,8001039,40,69,217
2023-08-07,8004474,8004474,97,138,376
2023-08-07,8004564,8001980,7,8,68
2023-08-07,8004564,8003621,8,8,206
2023-08-07,8004564,8004564,15,16,98
2023-08-07,8004642,8000605,21,35,69
2023-08-07,8004642,8002073,28,35,169
2023-08-07,8004642,8004642,50,70,117
2023-08-07,8004883,8000239,47,52,159
2023-08-07,8004883,8001530,47,54,318
2023-08-07,8004883,8004883,85,106,239
2023-08-07,8005227,8001357,18,19,273
2023-08-07,8005289,8000793,5,16,22
2023-08-07,8005289,8005289,5,33,11
2023-08-07,8005289,8006109,0,17,0
2023-08-07,8005319,8001851,4,8,38
2023-08-07,8005319,8003621,4,8,41
2023-08-07,8005319,8005319,11,16,69
2023-08-07,8005488,8000033,15,19,483
2023-08-07,8005488,8005488,30,38,279
2023-08-07,8005488,8006607,4,19,21
2023-08-07,8005525,8003783,17,18,168
2023-08-07,8005525,8005525,22,36,354
2023-08-07,8005525,8005526,5,18,537
2023-08-07,8005526,8001097,5,18,532
2023-08-07,8005526,8005525,17,18,183
2023-08-07,8005526,8005526,22,36,363
2023-08-07,8005555,8000966,8,9,100
2023-08-07,8005555,8005555,15,17,175
2023-08-07,8005555,8005569,7,8,255
2023-08-07,8005569,8005555,3,9,90
2023-08-07,8005569,8005569,11,17,169
2023-08-07,8005569,8006486,8,8,236
2023-08-07,8005971,8003909,54,56,44
2023-08-07,8005971,8003925,38,39,50
2023-08-07,8005971,8005971,30,78,19
2023-08-07,8006109,8000978,0,17,0
2023-08-07,8006109,8005289,5,16,21
2023-08-07,8006109,8006109,4,33,6
2023-08-07,8006226,8000853,22,22,1154
2023-08-07,8006226,8001515,13,13,1569
2023-08-07,8006226,8001537,8,8,2182
2023-08-07,8006226,8001585,18,18,263
2023-08-07,8006226,8001911,16,21,154
2023-08-07,8006226,8003168,31,33,215
2023-08-07,8006226,8006226,155,190,481
2023-08-07,8006226,8006386,28,34,180
2023-08-07,8006227,8001039,52,56,556
2023-08-07,8006227,8001905,64,69,176
2023-08-07,8006227,8004474,10,13,268
2023-08-07,8006227,8006227,92,138,308
2023-08-07,8006320,8003287,3,20,39
2023-08-07,8006320,8003716,8,20,50
2023-08-07,8006320,8006320,35,58,81
2023-08-07,8006323,8001045,30,30,337
2023-08-07,8006323,8001093,27,34,378
2023-08-07,8006323,8006323,57,69,230
2023-08-07,8006342,8002745,16,34,41
2023-08-07,8006342,8006342,27,68,52
2023-08-07,8006342,8006383,12,34,72
2023-08-07,8006348,8000239,18,20,244
2023-08-07,8006348,8001323,19,20,399
2023-08-07,8006348,8006348,36,40,313
2023-08-07,8006379,8003896,17,17,307
2023-08-07,8006379,8005336,7,17,42
2023-08-07,8006379,8006379,24,34,191
2023-08-07,8006383,8006342,7,34,26
2023-08-07,8006383,8006383,17,68,44
2023-08-07,8006386,8000977,31,41,121
2023-08-07,8006386,8001795,17,18,390
2023-08-07,8006386,8002953,13,14,326
2023-08-07,8006386,8006226,27,35,107
2023-08-07,8006386,8006386,112,147,237
2023-08-07,8006386,8006510,17,21,86
2023-08-07,8006389,8000113,23,35,80
2023-08-07,8006389,8004228,27,35,158
2023-08-07,8006389,8006389,52,70,124
2023-08-07,8006486,8005569,3,9,90
2023-08-07,8006505,8001538,13,20,268
2023-08-07,8006505,8002769,14,20,261
2023-08-07,8006505,8006505,32,40,283
2023-08-07,8006510,8001536,23,39,199
2023-08-07,8006510,8006386,21,21,149
2023-08-07,8006510,8006510,57,78,193
2023-08-07,8006710,8001035,27,34,63
2023-08-07,8006710,8006710,65,68,150
2023-08-07,8006710,8006711,30,34,201
2023-08-07,8006711,8006710,34,34,95
2023-08-07,8006711,8006711,62,68,136
2023-08-07,8006712,8002512,13,19,52
2023-08-07,8006712,8006712,26,38,241
2023-08-08,8000033,8000033,106,145,631
2023-08-08,8000033,8001795,50,54,972
2023-08-08,8000033,8002268,7,19,171
2023-08-08,8000033,8005488,11,18,43
2023-08-08,8000033,8006719,48,54,677
2023-08-08,8000037,8000037,147,171,404
2023-08-08,8000037,8000113,9,20,81
2023-08-08,8000037,8000171,2,2,1380
2023-08-08,8000037,8000392,30,34,882
2023-08-08,8000037,8001524,22,34,24
2023-08-08,8000037,8001795,29,31,818
2023-08-08,8000037,8001836,23,31,168
2023-08-08,8000054,8000054,10,18,32
2023-08-08,8000054,8001137,6,6,65
2023-08-08,8000054,8001182,5,9,17
2023-08-08,8000054,8002992,10,11,65
2023-08-08,8000054,8006453,4,12,2
2023-08-08,8000081,8000081,174,275,131
2023-08-08,8000081,8001531,35,42,130
2023-08-08,8000081,8001542,22,54,26
2023-08-08,8000081,8003946,14,56,29
2023-08-08,8000081,8004230,69,69,228
2023-08-08,8000113,8000037,16,19,57
2023-08-08,8000113,8000113,51,70,138
2023-08-08,8000113,8001066,28,37,60
2023-08-08,8000113,8006389,24,35,192
2023-08-08,8000164,8000164,158,202,175
2023-08-08,8000164,8000887,14,19,133
2023-08-08,8000164,8001327,67,83,278
2023-08-08,8000164,8001900,4,4,315
2023-08-08,8000164,8001909,4,5,132
2023-08-08,8000164,8002223,13,16,81
2023-08-08,8000164,8002227,11,15,74
2023-08-08,8000164,8002779,10,18,75
2023-08-08,8000171,8000037,2,2,795
2023-08-08,8000171,8000171,100,139,449
2023-08-08,8000171,8000392,45,67,330
2023-08-08,8000171,8001061,31,34,881
2023-08-08,8000171,8002745,23,34,168
2023-08-08,8000171,8003925,14,39,35
2023-08-08,8000186,8003090,1,31,8
2023-08-08,8000186,8003657,4,34,27
2023-08-08,8000239,8000239,60,76,189
2023-08-08,8000239,8001097,8,18,117
2023-08-08,8000239,8004883,34,54,122
2023-08-08,8000239,8006348,16,20,316
2023-08-08,8000358,8000358,108,138,178
2023-08-08,8000358,8004269,55,69,187
2023-08-08,8000358,8004474,55,69,173
2023-08-08,8000392,8000037,30,33,664
2023-08-08,8000392,8000171,55,68,527
2023-08-08,8000392,8000392,109,135,436
2023-08-08,8000392,8001545,25,34,75
2023-08-08,8000605,8000605,49,70,136
2023-08-08,8000605,8004228,22,35,78
2023-08-08,8000605,8004642,25,35,184
2023-08-08,8000745,8000745,45,69,219
2023-08-08,8000745,8001093,25,35,72
2023-08-08,8000745,8001394,24,34,369
2023-08-08,8000793,8000793,8,30,24
2023-08-08,8000793,8002180,6,15,44
2023-08-08,8000793,8005289,0,17,0
2023-08-08,8000904,8000904,4,6,75
2023-08-08,8000904,8001137,0,2,0
2023-08-08,8000904,8003998,4,4,98
2023-08-08,8000927,8000927,26,32,218
2023-08-08,8000927,8000966,16,17,268
2023-08-08,8000927,8003993,16,35,55
2023-08-08,8000966,8000927,11,17,111
2023-08-08,8000966,8000966,17,17,203
2023-08-08,8000966,8005555,8,8,292
2023-08-08,8000977,8000977,60,83,160
2023-08-08,8000977,8006386,23,42,98
2023-08-08,8000978,8000978,7,33,22
2023-08-08,8000978,8003638,0,17,0
2023-08-08,8000978,8006109,7,16,36
2023-08-08,8001035,8001035,60,68,121
2023-08-08,8001035,8006710,34,34,223
2023-08-08,8001038,8001038,56,80,76
2023-08-08,8001038,8002639,37,40,147
2023-08-08,8001038,8006194,8,40,-8
2023-08-08,8001039,8001039,103,125,180
2023-08-08,8001039,8004474,44,56,205
2023-08-08,8001039,8006227,43,69,131
2023-08-08,8001045,8001045,91,96,400
2023-08-08,8001045,8001061,1,1,150
2023-08-08,8001045,8002680,15,16,428
2023-08-08,8001045,8003986,47,49,422
2023-08-08,8001045,8006323,27,29,366
2023-08-08,8001061,8000171,28,33,632
2023-08-08,8001061,8001061,61,67,767
2023-08-08,8001061,8001558,15,18,965
2023-08-08,8001066,8000113,28,36,46
2023-08-08,8001066,8001066,54,73,53
2023-08-08,8001066,8003967,30,37,53
2023-08-08,8001093,8000745,25,34,380
2023-08-08,8001093,8001093,49,69,217
2023-08-08,8001093,8006323,23,35,69
2023-08-08,8001097,8000239,17,18,112
2023-08-08,8001097,8001097,35,36,98
2023-08-08,8001097,8005526,18,18,187
2023-08-08,8001137,8000054,5,6,85
2023-08-08,8001137,8000904,4,4,120
2023-08-08,8001137,8001137,28,34,71
2023-08-08,8001137,8002992,7,7,94
2023-08-08,8001137,8003896,11,17,46
2023-08-08,8001182,8000054,7,9,47
2023-08-08,8001357,8001357,37,38,140
2023-08-08,8001357,8002514,19,19,167
2023-08-08,8001357,8005227,18,19,159
2023-08-08,8001394,8000745,27,35,82
2023-08-08,8001394,8001394,53,69,221
2023-08-08,8001394,8001692,26,34,371
2023-08-08,8001505,8001505,66,84,236
2023-08-08,8001505,8001525,36,42,159
2023-08-08,8001505,8001531,28,42,304
2023-08-08,8001515,8001515,41,57,496
2023-08-08,8001515,8001537,24,28,849
2023-08-08,8001515,8001543,16,16,51
2023-08-08,8001515,8006226,12,13,436
2023-08-08,8001516,8001549,52,54,56
2023-08-08,8001517,8001517,76,112,65
2023-08-08,8001517,8001529,36,56,58
2023-08-08,8001517,8001535,29,56,56
2023-08-08,8001518,8001518,58,112,46
2023-08-08,8001518,8001520,9,56,26
2023-08-08,8001518,8003946,43,56,67
2023-08-08,8001519,8001519,58,84,227
2023-08-08,8001519,8001525,26,42,321
2023-08-08,8001519,8001543,32,42,133
2023-08-08,8001520,8001518,24,56,46
2023-08-08,8001520,8001520,54,112,48
2023-08-08,8001520,8003916,46,56,51
2023-08-08,8001521,8001521,33,40,112
2023-08-08,8001521,8001522,14,20,86
2023-08-08,8001521,8001534,18,20,147
2023-08-08,8001522,8001521,19,20,176
2023-08-08,8001522,8001522,125,151,102
2023-08-08,8001522,8001523,14,20,96
2023-08-08,8001522,8001524,34,37,154
2023-08-08,8001522,8001545,12,14,255
2023-08-08,8001523,8001522,15,20,87
2023-08-08,8001523,8001523,26,40,82
2023-08-08,8001523,8001545,12,20,99
2023-08-08,8001524,8000037,36,37,218
2023-08-08,8001524,8001522,25,34,54
2023-08-08,8001524,8001524,63,71,125
2023-08-08,8001525,8001505,21,42,311
2023-08-08,8001525,8001519,33,42,139
2023-08-08,8001525,8001525,57,84,234
2023-08-08,8001526,8001526,69,112,55
2023-08-08,8001526,8001529,51,56,107
2023-08-08,8001526,8003936,16,56,26
2023-08-08,8001527,8001527,71,78,99
2023-08-08,8001527,8001536,29,39,93
2023-08-08,8001528,8001329,12,18,90
2023-08-08,8001528,8001528,23,36,80
2023-08-08,8001528,8001539,8,18,58
2023-08-08,8001529,8001517,39,56,84
2023-08-08,8001529,8001526,16,56,32
2023-08-08,8001529,8001529,87,112,70
2023-08-08,8001530,8001530,97,106,167
2023-08-08,8001530,8001533,28,54,100
2023-08-08,8001530,8004883,51,52,214
2023-08-08,8001531,8000081,24,42,305
2023-08-08,8001531,8001505,37,42,141
2023-08-08,8001531,8001531,59,84,218
2023-08-08,8001532,8001532,26,36,68
2023-08-08,8001532,8001544,18,18,108
2023-08-08,8001533,8001530,51,52,211
2023-08-08,8001533,8001533,78,106,144
2023-08-08,8001534,8001521,8,20,57
2023-08-08,8001534,8001534,25,40,100
2023-08-08,8001534,8001538,18,20,152
2023-08-08,8001535,8001517,33,56,43
2023-08-08,8001535,8001535,74,112,55
2023-08-08,8001535,8003916,39,56,65
2023-08-08,8001536,8001527,25,39,58
2023-08-08,8001536,8001536,41,78,64
2023-08-08,8001536,8006510,35,39,98
2023-08-08,8001537,8001515,18,29,148
2023-08-08,8001537,8001537,56,73,470
2023-08-08,8001537,8003169,32,36,790
2023-08-08,8001537,8006226,6,8,251
2023-08-08,8001538,8001534,10,20,68
2023-08-08,8001538,8001538,31,40,122
2023-08-08,8001538,8006505,18,20,164
2023-08-08,8001539,8001528,9,18,78
2023-08-08,8001539,8001539,17,36,61
2023-08-08,8001539,8001541,8,18,52
2023-08-08,8001540,8001540,81,108,47
2023-08-08,8001540,8001542,27,54,24
2023-08-08,8001540,8001549,54,54,106
2023-08-08,8001541,8001539,8,18,58
2023-08-08,8001541,8001541,17,36,60
2023-08-08,8001541,8001544,8,18,42
2023-08-08,8001542,8000081,3,54,7
2023-08-08,8001542,8001540,25,54,30
2023-08-08,8001542,8001542,49,108,23
2023-08-08,8001543,8001327,74,83,129
2023-08-08,8001543,8001515,12,15,308
2023-08-08,8001543,8001519,25,42,313
2023-08-08,8001543,8001543,126,166,185
2023-08-08,8001544,8001532,6,18,28
2023-08-08,8001544,8001541,13,18,97
2023-08-08,8001544,8001544,21,36,62
2023-08-08,8001545,8000392,22,34,168
2023-08-08,8001545,8001522,11,14,96
2023-08-08,8001545,8001523,14,20,72
2023-08-08,8001545,8001545,45,68,118
2023-08-08,8001546,8001546,74,112,70
2023-08-08,8001546,8003909,24,56,52
2023-08-08,8001546,8003936,53,56,88
2023-08-08,8001549,8001516,54,54,71
2023-08-08,8001549,8001540,34,54,37
2023-08-08,8001549,8001549,106,108,78
2023-08-08,8001692,8001394,24,35,64
2023-08-08,8001692,8001692,51,69,223
2023-08-08,8001692,8002262,26,34,386
2023-08-08,8001700,8001700,26,40,187
2023-08-08,8001700,8003018,14,20,278
2023-08-08,8001700,8003716,10,20,66
2023-08-08,8001729,8001729,5,8,68
2023-08-08,8001729,8004406,2,3,90
2023-08-08,8001795,8000033,46,54,664
2023-08-08,8001795,8000037,30,32,996
2023-08-08,8001795,8001795,97,108,810
2023-08-08,8001795,8006386,17,18,810
2023-08-08,8001836,8000037,23,31,106
2023-08-08,8001836,8001836,47,62,137
2023-08-08,8001836,8002754,24,31,173
2023-08-08,8001851,8005319,7,8,45
2023-08-08,8001943,8001943,24,37,118
2023-08-08,8001943,8002267,8,18,50
2023-08-08,8001943,8004440,5,19,155
2023-08-08,8001980,8001980,14,16,163
2023-08-08,8001980,8003486,6,8,64
2023-08-08,8001980,8004564,8,8,259
2023-08-08,8002073,8002073,48,70,130
2023-08-08,8002073,8003993,29,35,199
2023-08-08,8002073,8004642,15,35,54
2023-08-08,8002180,8000793,0,15,0
2023-08-08,8002180,8002180,6,30,22
2023-08-08,8002180,8003470,7,15,46
2023-08-08,8002262,8001692,28,35,80
2023-08-08,8002262,8002262,56,69,231
2023-08-08,8002262,8005276,25,34,380
2023-08-08,8002267,8001943,9,19,161
2023-08-08,8002267,8002267,16,37,104
2023-08-08,8002267,8002509,11,18,58
2023-08-08,8002268,8000033,7,18,50
2023-08-08,8002268,8002268,17,37,115
2023-08-08,8002268,8002509,8,19,166
2023-08-08,8002509,8002267,8,19,163
2023-08-08,8002509,8002268,9,18,63
2023-08-08,8002509,8002509,19,37,117
2023-08-08,8002512,8002512,27,37,122
2023-08-08,8002512,8004440,12,18,67
2023-08-08,8002512,8006712,8,19,167
2023-08-08,8002514,8001357,15,19,107
2023-08-08,8002514,8002514,34,38,147
2023-08-08,8002514,8002769,19,19,158
2023-08-08,8002639,8001038,19,40,4
2023-08-08,8002639,8002639,58,80,76
2023-08-08,8002639,8002640,30,40,102
2023-08-08,8002640,8002639,18,40,49
2023-08-08,8002680,8000441,35,38,571
2023-08-08,8002680,8001045,16,17,305
2023-08-08,8002680,8002680,56,75,358
2023-08-08,8002680,8003168,11,17,171
2023-08-08,8002680,8006226,2,2,990
2023-08-08,8002745,8000171,24,34,59
2023-08-08,8002745,8002745,50,68,116
2023-08-08,8002745,8006342,24,34,154
2023-08-08,8002754,8001836,17,31,101
2023-08-08,8002754,8002754,45,62,138
2023-08-08,8002754,8003166,27,31,166
2023-08-08,8002769,8002514,16,19,104
2023-08-08,8002769,8002769,34,40,96
2023-08-08,8002769,8006505,12,20,76
2023-08-08,8002779,8000164,15,18,93
2023-08-08,8002779,8001328,11,18,67
2023-08-08,8002779,8002779,26,36,96
2023-08-08,8002953,8002953,39,71,125
2023-08-08,8002953,8003657,14,15,342
2023-08-08,8002953,8003939,13,17,221
2023-08-08,8002953,8006386,11,14,96
2023-08-08,8002992,8000054,10,11,123
2023-08-08,8002992,8001137,7,9,43
2023-08-08,8002992,8002992,19,22,71
2023-08-08,8002992,8003998,1,2,15
2023-08-08,8003018,8001700,11,20,78
2023-08-08,8003018,8003018,22,40,164
2023-08-08,8003090,8000186,15,31,86
2023-08-08,8003090,8003090,44,62,66
2023-08-08,8003090,8003166,30,31,75
2023-08-08,8003166,8002754,18,31,89
2023-08-08,8003166,8003090,15,31,91
2023-08-08,8003166,8003166,44,62,93
2023-08-08,8003168,8002680,17,19,464
2023-08-08,8003168,8003168,113,143,381
2023-08-08,8003168,8003169,30,37,186
2023-08-08,8003168,8004448,23,28,720
2023-08-08,8003168,8006226,28,33,193
2023-08-08,8003168,8006449,7,7,536
2023-08-08,8003169,8001537,25,37,174
2023-08-08,8003169,8003168,31,36,789
2023-08-08,8003169,8003169,59,73,479
2023-08-08,8003287,8003287,23,40,206
2023-08-08,8003287,8003939,10,20,76
2023-08-08,8003287,8006320,14,20,321
2023-08-08,8003470,8002180,0,15,0
2023-08-08,8003470,8003470,7,30,24
2023-08-08,8003470,8004273,7,15,34
2023-08-08,8003486,8001980,7,8,274
2023-08-08,8003486,8003486,12,15,168
2023-08-08,8003486,8003493,7,12,60
2023-08-08,8003493,8000187,7,12,82
2023-08-08,8003493,8003486,9,12,170
2023-08-08,8003493,8003493,15,24,109
2023-08-08,8003621,8003621,12,16,131
2023-08-08,8003621,8004564,4,8,49
2023-08-08,8003621,8005319,8,8,240
2023-08-08,8003638,8000978,7,16,45
2023-08-08,8003638,8003638,7,33,17
2023-08-08,8003638,8003965,0,17,0
2023-08-08,8003657,8000186,17,33,163
2023-08-08,8003657,8002953,19,20,69
2023-08-08,8003657,8003657,43,67,104
2023-08-08,8003716,8001700,15,20,278
2023-08-08,8003716,8003716,22,40,172
2023-08-08,8003716,8006320,12,20,87
2023-08-08,8003896,8001137,15,17,102
2023-08-08,8003896,8003896,28,34,87
2023-08-08,8003896,8006379,9,17,64
2023-08-08,8003909,8001546,52,56,94
2023-08-08,8003909,8003909,82,112,78
2023-08-08,8003909,8005971,32,56,63
2023-08-08,8003916,8001520,40,56,77
2023-08-08,8003916,8001535,35,56,49
2023-08-08,8003916,8003916,78,112,57
2023-08-08,8003925,8000171,30,39,52
2023-08-08,8003925,8003925,60,78,60
2023-08-08,8003925,8005971,18,39,38
2023-08-08,8003936,8001526,34,56,61
2023-08-08,8003936,8001546,43,56,75
2023-08-08,8003936,8003936,96,112,72
2023-08-08,8003939,8002953,6,16,51
2023-08-08,8003939,8003287,15,20,326
2023-08-08,8003939,8003939,22,40,208
2023-08-08,8003946,8000081,35,56,66
2023-08-08,8003946,8001518,14,56,26
2023-08-08,8003946,8003946,49,112,45
2023-08-08,8003965,8003638,7,16,36
2023-08-08,8003965,8003965,7,33,22
2023-08-08,8003965,8003967,3,17,7
2023-08-08,8003967,8001066,5,36,12
2023-08-08,8003967,8003965,7,16,45
2023-08-08,8003967,8003967,15,33,35
2023-08-08,8003993,8000927,30,35,211
2023-08-08,8003993,8002073,22,35,73
2023-08-08,8003993,8003993,49,70,134
2023-08-08,8003998,8000904,0,2,0
2023-08-08,8003998,8002992,2,4,30
2023-08-08,8003998,8003998,4,6,40
2023-08-08,8004228,8000605,30,35,194
2023-08-08,8004228,8004228,46,70,129
2023-08-08,8004228,8006389,21,35,75
2023-08-08,8004230,8000081,36,56,164
2023-08-08,8004230,8004230,110,125,204
2023-08-08,8004230,8004419,67,69,220
2023-08-08,8004269,8000358,64,69,196
2023-08-08,8004269,8004269,119,138,193
2023-08-08,8004269,8004288,60,69,193
2023-08-08,8004273,8003470,0,15,0
2023-08-08,8004288,8004269,64,69,196
2023-08-08,8004288,8004288,124,138,192
2023-08-08,8004288,8004419,50,69,175
2023-08-08,8004419,8000081,12,13,159
2023-08-08,8004419,8004230,41,56,187
2023-08-08,8004419,8004288,55,69,175
2023-08-08,8004419,8004419,117,138,187
2023-08-08,8004440,8001943,16,18,95
2023-08-08,8004440,8002512,13,19,175
2023-08-08,8004440,8004440,26,37,128
2023-08-08,8004448,8003168,22,29,144
2023-08-08,8004448,8004448,48,57,430
2023-08-08,8004474,8000358,53,69,184
2023-08-08,8004474,8001039,53,69,152
2023-08-08,8004474,8004474,106,138,174
2023-08-08,8004564,8001980,6,8,94
2023-08-08,8004564,8003621,8,8,296
2023-08-08,8004564,8004564,14,16,184
2023-08-08,8004642,8000605,22,35,73
2023-08-08,8004642,8002073,25,35,188
2023-08-08,8004642,8004642,45,70,123
2023-08-08,8004883,8000239,49,52,205
2023-08-08,8004883,8001530,46,54,124
2023-08-08,8004883,8004883,82,106,164
2023-08-08,8005227,8001357,19,19,126
2023-08-08,8005289,8000793,8,16,49
2023-08-08,8005289,8005289,8,33,24
2023-08-08,8005289,8006109,0,17,0
2023-08-08,8005319,8001851,8,8,206
2023-08-08,8005319,8003621,4,8,30
2023-08-08,8005319,8005319,12,16,139
2023-08-08,8005488,8000033,6,19,182
2023-08-08,8005488,8005488,21,37,129
2023-08-08,8005488,8006607,7,18,35
2023-08-08,8005525,8003783,18,18,182
2023-08-08,8005525,8005525,23,36,110
2023-08-08,8005525,8005526,5,18,35
2023-08-08,8005526,8001097,4,18,28
2023-08-08,8005526,8005525,18,18,195
2023-08-08,8005526,8005526,22,36,117
2023-08-08,8005555,8000966,9,9,167
2023-08-08,8005555,8005555,17,17,235
2023-08-08,8005555,8005569,7,8,300
2023-08-08,8005569,8005555,4,9,153
2023-08-08,8005569,8005569,12,17,224
2023-08-08,8005569,8006486,8,8,270
2023-08-08,8005971,8003909,55,56,74
2023-08-08,8005971,8003925,39,39,58
2023-08-08,8005971,8005971,34,78,35
2023-08-08,8006109,8000978,0,17,0
2023-08-08,8006109,8005289,8,16,47
2023-08-08,8006109,8006109,7,33,17
2023-08-08,8006226,8000853,21,22,631
2023-08-08,8006226,8001515,12,13,1262
2023-08-08,8006226,8001537,8,8,446
2023-08-08,8006226,8001585,18,18,330
2023-08-08,8006226,8001911,17,21,216
2023-08-08,8006226,8003168,29,33,297
2023-08-08,8006226,8006226,151,190,376
2023-08-08,8006226,8006386,27,34,229
2023-08-08,8006227,8001039,50,56,238
2023-08-08,8006227,8001905,69,69,184
2023-08-08,8006227,8004474,13,13,145
2023-08-08,8006227,8006227,102,138,166
2023-08-08,8006320,8003287,8,20,78
2023-08-08,8006320,8003716,12,20,286
2023-08-08,8006320,8006320,36,58,236
2023-08-08,8006323,8001045,30,30,226
2023-08-08,8006323,8001093,28,34,381
2023-08-08,8006323,8006323,51,69,223
2023-08-08,8006342,8002745,27,34,78
2023-08-08,8006342,8006342,51,68,115
2023-08-08,8006342,8006383,24,34,162
2023-08-08,8006348,8000239,17,20,208
2023-08-08,8006348,8001323,18,20,369
2023-08-08,8006348,8006348,34,40,287
2023-08-08,8006379,8003896,17,17,161
2023-08-08,8006379,8005336,8,17,44
2023-08-08,8006379,8006379,26,34,120
2023-08-08,8006383,8006342,23,34,64
2023-08-08,8006383,8006383,45,68,98
2023-08-08,8006386,8000977,34,41,209
2023-08-08,8006386,8001795,14,18,423
2023-08-08,8006386,8002953,13,14,345
2023-08-08,8006386,8006226,28,35,162
2023-08-08,8006386,8006386,106,147,271
2023-08-08,8006386,8006510,13,21,71
2023-08-08,8006389,8000113,21,35,71
2023-08-08,8006389,8004228,27,35,187
2023-08-08,8006389,8006389,47,70,131
2023-08-08,8006486,8005569,4,9,153
2023-08-08,8006505,8001538,13,20,90
2023-08-08,8006505,8002769,14,20,94
2023-08-08,8006505,8006505,30,40,108
2023-08-08,8006510,8001536,14,39,45
2023-08-08,8006510,8006386,21,21,161
2023-08-08,8006510,8006510,52,78,86
2023-08-08,8006710,8001035,24,34,44
2023-08-08,8006710,8006710,66,68,139
2023-08-08,8006710,8006711,29,34,196
2023-08-08,8006711,8006710,33,34,74
2023-08-08,8006711,8006711,62,68,122
2023-08-08,8006712,8002512,16,18,80
2023-08-08,8006712,8006712,26,37,130
2023-08-09,8000033,8000033,112,145,725
2023-08-09,8000033,8001795,51,54,1183
2023-08-09,8000033,8002268,12,19,156
2023-08-09,8000033,8005488,12,18,23
2023-08-09,8000033,8006719,50,54,718
2023-08-09,8000037,8000037,131,171,350
2023-08-09,8000037,8000113,14,20,116
2023-08-09,8000037,8000171,2,2,195
2023-08-09,8000037,8000392,33,34,1051
2023-08-09,8000037,8001524,15,34,14
2023-08-09,8000037,8001795,31,31,552
2023-08-09,8000037,8001836,17,31,67
2023-08-09,8000054,8000054,12,18,70
2023-08-09,8000054,8001137,5,6,60
2023-08-09,8000054,8001182,6,9,67
2023-08-09,8000054,8002992,11,11,65
2023-08-09,8000054,8006453,3,12,8
2023-08-09,8000081,8000081,160,275,370
2023-08-09,8000081,8001531,31,42,54
2023-08-09,8000081,8001542,25,54,285
2023-08-09,8000081,8003946,11,56,182
2023-08-09,8000081,8004230,57,69,504
2023-08-09,8000113,8000037,15,19,77
2023-08-09,8000113,8000113,49,70,135
2023-08-09,8000113,8001066,25,37,36
2023-08-09,8000113,8006389,24,35,123
2023-08-09,8000164,8000164,149,206,164
2023-08-09,8000164,8000853,1,1,30
2023-08-09,8000164,8000887,7,19,66
2023-08-09,8000164,8001327,70,83,223
2023-08-09,8000164,8001515,1,1,630
2023-08-09,8000164,8001900,4,4,180
2023-08-09,8000164,8001909,5,5,414
2023-08-09,8000164,8002223,12,16,51
2023-08-09,8000164,8002227,6,15,26
2023-08-09,8000164,8002779,14,18,78
2023-08-09,8000171,8000037,2,2,285
2023-08-09,8000171,8000171,106,139,456
2023-08-09,8000171,8000392,46,67,307
2023-08-09,8000171,8001061,33,34,1091
2023-08-09,8000171,8002745,25,34,158
2023-08-09,8000171,8003925,18,39,99
2023-08-09,8000186,8003090,1,31,10
2023-08-09,8000186,8003657,3,34,25
2023-08-09,8000239,8000239,67,76,405
2023-08-09,8000239,8001097,13,18,303
2023-08-09,8000239,8004883,44,54,330
2023-08-09,8000239,8006348,19,20,597
2023-08-09,8000358,8000358,97,138,527
2023-08-09,8000358,8004269,56,69,593
2023-08-09,8000358,8004474,45,69,466
2023-08-09,8000392,8000037,31,33,451
2023-08-09,8000392,8000171,63,68,604
2023-08-09,8000392,8000392,115,135,457
2023-08-09,8000392,8001545,28,34,191
2023-08-09,8000605,8000605,56,70,132
2023-08-09,8000605,8004228,27,35,131
2023-08-09,8000605,8004642,27,35,121
2023-08-09,8000745,8000745,42,69,111
2023-08-09,8000745,8001093,21,35,83
2023-08-09,8000745,8001394,23,34,143
2023-08-09,8000793,8000793,8,30,15
2023-08-09,8000793,8002180,5,15,18
2023-08-09,8000793,8005289,0,17,0
2023-08-09,8000904,8000904,4,6,150
2023-08-09,8000904,8001137,0,2,0
2023-08-09,8000904,8003998,3,4,218
2023-08-09,8000927,8000927,27,32,190
2023-08-09,8000927,8000966,14,17,305
2023-08-09,8000927,8003993,22,35,111
2023-08-09,8000966,8000927,13,17,127
2023-08-09,8000966,8000966,17,17,402
2023-08-09,8000966,8005555,8,8,712
2023-08-09,8000977,8000977,63,83,204
2023-08-09,8000977,8006386,23,42,128
2023-08-09,8000978,8000978,5,33,11
2023-08-09,8000978,8003638,0,17,0
2023-08-09,8000978,8006109,5,16,17
2023-08-09,8001035,8001035,55,68,120
2023-08-09,8001035,8006710,34,34,238
2023-08-09,8001038,8001038,51,80,112
2023-08-09,8001038,8002639,29,40,148
2023-08-09,8001038,8006194,16,40,62
2023-08-09,8001039,8001039,93,125,448
2023-08-09,8001039,8004474,43,56,681
2023-08-09,8001039,8006227,38,69,224
2023-08-09,8001045,8001045,76,96,184
2023-08-09,8001045,8001061,1,1,4680
2023-08-09,8001045,8002680,16,16,135
2023-08-09,8001045,8003986,47,49,181
2023-08-09,8001045,8006323,20,29,120
2023-08-09,8001061,8000171,26,33,431
2023-08-09,8001061,8001061,63,67,772
2023-08-09,8001061,8001558,18,18,1220
2023-08-09,8001066,8000113,29,36,43
2023-08-09,8001066,8001066,53,73,40
2023-08-09,8001066,8003967,30,37,34
2023-08-09,8001093,8000745,25,34,150
2023-08-09,8001093,8001093,43,69,112
2023-08-09,8001093,8006323,23,35,95
2023-08-09,8001097,8000239,18,18,170
2023-08-09,8001097,8001097,36,36,198
2023-08-09,8001097,8005526,18,18,358
2023-08-09,8001137,8000054,3,6,80
2023-08-09,8001137,8000904,3,4,232
2023-08-09,8001137,8001137,24,34,91
2023-08-09,8001137,8002992,7,7,107
2023-08-09,8001137,8003896,10,17,58
2023-08-09,8001182,8000054,6,9,37
2023-08-09,8001357,8001357,31,38,98
2023-08-09,8001357,8002514,17,19,114
2023-08-09,8001357,8005227,17,19,129
2023-08-09,8001394,8000745,27,35,89
2023-08-09,8001394,8001394,50,69,115
2023-08-09,8001394,8001692,23,34,147
2023-08-09,8001505,8001505,68,84,87
2023-08-09,8001505,8001525,39,42,88
2023-08-09,8001505,8001531,24,42,77
2023-08-09,8001515,8001515,44,57,604
2023-08-09,8001515,8001537,25,28,896
2023-08-09,8001515,8001543,16,16,154
2023-08-09,8001515,8006226,13,13,598
2023-08-09,8001516,8001549,50,54,204
2023-08-09,8001517,8001517,85,112,345
2023-08-09,8001517,8001529,45,56,328
2023-08-09,8001517,8001535,29,56,350
2023-08-09,8001518,8001518,71,112,291
2023-08-09,8001518,8001520,20,56,250
2023-08-09,8001518,8003946,49,56,362
2023-08-09,8001519,8001519,51,84,70
2023-08-09,8001519,8001525,19,42,79
2023-08-09,8001519,8001543,32,42,58
2023-08-09,8001520,8001518,25,56,343
2023-08-09,8001520,8001520,61,112,314
2023-08-09,8001520,8003916,52,56,311
2023-08-09,8001521,8001521,19,40,49
2023-08-09,8001521,8001522,8,20,22
2023-08-09,8001521,8001534,10,20,75
2023-08-09,8001522,8001521,17,20,102
2023-08-09,8001522,8001522,110,151,106
2023-08-09,8001522,8001523,12,20,100
2023-08-09,8001522,8001524,31,37,106
2023-08-09,8001522,8001545,14,14,116
2023-08-09,8001523,8001522,18,20,296
2023-08-09,8001523,8001523,32,40,200
2023-08-09,8001523,8001545,16,20,117
2023-08-09,8001524,8000037,27,37,117
2023-08-09,8001524,8001522,16,34,32
2023-08-09,8001524,8001524,45,71,69
2023-08-09,8001525,8001505,17,42,74
2023-08-09,8001525,8001519,34,42,66
2023-08-09,8001525,8001525,52,84,76
2023-08-09,8001526,8001526,76,112,401
2023-08-09,8001526,8001529,54,56,401
2023-08-09,8001526,8003936,22,56,444
2023-08-09,8001527,8001527,69,78,123
2023-08-09,8001527,8001536,28,39,115
2023-08-09,8001528,8001329,13,18,102
2023-08-09,8001528,8001528,28,36,92
2023-08-09,8001528,8001539,14,18,83
2023-08-09,8001529,8001517,43,56,380
2023-08-09,8001529,8001526,18,56,398
2023-08-09,8001529,8001529,101,112,377
2023-08-09,8001530,8001530,99,106,368
2023-08-09,8001530,8001533,43,54,336
2023-08-09,8001530,8004883,50,52,392
2023-08-09,8001531,8000081,19,42,76
2023-08-09,8001531,8001505,39,42,74
2023-08-09,8001531,8001531,52,84,68
2023-08-09,8001532,8001532,31,36,97
2023-08-09,8001532,8001544,18,18,113
2023-08-09,8001533,8001530,52,52,388
2023-08-09,8001533,8001533,96,106,353
2023-08-09,8001534,8001521,3,20,15
2023-08-09,8001534,8001534,12,40,44
2023-08-09,8001534,8001538,11,20,78
2023-08-09,8001535,8001517,36,56,301
2023-08-09,8001535,8001535,88,112,333
2023-08-09,8001535,8003916,44,56,361
2023-08-09,8001536,8001527,32,39,86
2023-08-09,8001536,8001536,48,78,92
2023-08-09,8001536,8006510,36,39,128
2023-08-09,8001537,8001515,20,29,312
2023-08-09,8001537,8001537,62,73,668
2023-08-09,8001537,8003169,32,36,976
2023-08-09,8001537,8006226,8,8,656
2023-08-09,8001538,8001534,4,20,16
2023-08-09,8001538,8001538,15,40,50
2023-08-09,8001538,8006505,13,20,88
2023-08-09,8001539,8001528,13,18,92
2023-08-09,8001539,8001539,27,36,84
2023-08-09,8001539,8001541,15,18,93
2023-08-09,8001540,8001540,78,108,246
2023-08-09,8001540,8001542,24,54,174
2023-08-09,8001540,8001549,54,54,350
2023-08-09,8001541,8001539,10,18,68
2023-08-09,8001541,8001541,26,36,84
2023-08-09,8001541,8001544,14,18,82
2023-08-09,8001542,8000081,3,54,154
2023-08-09,8001542,8001540,29,54,287
2023-08-09,8001542,8001542,49,108,226
2023-08-09,8001543,8001327,74,83,133
2023-08-09,8001543,8001515,13,15,570
2023-08-09,8001543,8001519,18,42,73
2023-08-09,8001543,8001543,127,166,148
2023-08-09,8001544,8001532,9,18,62
2023-08-09,8001544,8001541,13,18,113
2023-08-09,8001544,8001544,27,36,89
2023-08-09,8001545,8000392,26,34,121
2023-08-09,8001545,8001522,13,14,49
2023-08-09,8001545,8001523,17,20,292
2023-08-09,8001545,8001545,53,68,154
2023-08-09,8001546,8001546,79,112,456
2023-08-09,8001546,8003909,38,56,524
2023-08-09,8001546,8003936,53,56,389
2023-08-09,8001549,8001516,48,54,312
2023-08-09,8001549,8001540,33,54,185
2023-08-09,8001549,8001549,104,108,273
2023-08-09,8001692,8001394,22,35,74
2023-08-09,8001692,8001692,46,69,119
2023-08-09,8001692,8002262,24,34,174
2023-08-09,8001700,8001700,29,40,114
2023-08-09,8001700,8003018,13,20,104
2023-08-09,8001700,8003716,13,20,108
2023-08-09,8001729,8001729,5,8,401
2023-08-09,8001729,8004406,3,3,360
2023-08-09,8001795,8000033,50,54,718
2023-08-09,8001795,8000037,32,32,1143
2023-08-09,8001795,8001795,101,108,951
2023-08-09,8001795,8006386,17,18,1277
2023-08-09,8001836,8000037,17,31,58
2023-08-09,8001836,8001836,32,62,50
2023-08-09,8001836,8002754,15,31,55
2023-08-09,8001851,8005319,6,8,135
2023-08-09,8001943,8001943,24,37,98
2023-08-09,8001943,8002267,5,18,12
2023-08-09,8001943,8004440,8,19,147
2023-08-09,8001980,8001980,14,16,248
2023-08-09,8001980,8003486,6,8,165
2023-08-09,8001980,8004564,8,8,334
2023-08-09,8002073,8002073,55,70,133
2023-08-09,8002073,8003993,29,35,146
2023-08-09,8002073,8004642,24,35,121
2023-08-09,8002180,8000793,0,15,0
2023-08-09,8002180,8002180,2,30,6
2023-08-09,8002180,8003470,7,15,22
2023-08-09,8002262,8001692,27,35,91
2023-08-09,8002262,8002262,52,69,133
2023-08-09,8002262,8005276,22,34,164
2023-08-09,8002267,8001943,13,19,163
2023-08-09,8002267,8002267,13,37,84
2023-08-09,8002267,8002509,7,18,13
2023-08-09,8002268,8000033,8,18,18
2023-08-09,8002268,8002268,16,37,88
2023-08-09,8002268,8002509,11,19,163
2023-08-09,8002509,8002267,11,19,158
2023-08-09,8002509,8002268,4,18,12
2023-08-09,8002509,8002509,18,37,89
2023-08-09,8002512,8002512,24,37,105
2023-08-09,8002512,8004440,10,18,25
2023-08-09,8002512,8006712,11,19,166
2023-08-09,8002514,8001357,12,19,74
2023-08-09,8002514,8002514,30,38,103
2023-08-09,8002514,8002769,18,19,104
2023-08-09,8002639,8001038,23,40,75
2023-08-09,8002639,8002639,47,80,104
2023-08-09,8002639,8002640,23,40,118
2023-08-09,8002640,8002639,15,40,74
2023-08-09,8002680,8000164,1,1,840
2023-08-09,8002680,8000441,33,38,555
2023-08-09,8002680,8001045,17,17,198
2023-08-09,8002680,8002680,50,75,337
2023-08-09,8002680,8003168,9,17,206
2023-08-09,8002680,8006226,1,1,450
2023-08-09,8002745,8000171,27,34,148
2023-08-09,8002745,8002745,45,68,136
2023-08-09,8002745,8006342,22,34,144
2023-08-09,8002754,8001836,8,31,32
2023-08-09,8002754,8002754,27,62,55
2023-08-09,8002754,8003166,14,31,67
2023-08-09,8002769,8002514,15,19,68
2023-08-09,8002769,8002769,32,40,47
2023-08-09,8002769,8006505,4,20,16
2023-08-09,8002779,8000164,17,18,130
2023-08-09,8002779,8001328,15,18,80
2023-08-09,8002779,8002779,32,36,119
2023-08-09,8002953,8002953,43,71,130
2023-08-09,8002953,8003657,13,15,324
2023-08-09,8002953,8003939,11,17,79
2023-08-09,8002953,8006386,9,14,73
2023-08-09,8002992,8000054,11,11,147
2023-08-09,8002992,8001137,7,9,50
2023-08-09,8002992,8002992,20,22,93
2023-08-09,8002992,8003998,2,2,45
2023-08-09,8003018,8001700,14,20,90
2023-08-09,8003018,8003018,25,40,74
2023-08-09,8003090,8000186,7,31,22
2023-08-09,8003090,8003090,35,62,31
2023-08-09,8003090,8003166,31,31,55
2023-08-09,8003166,8002754,13,31,40
2023-08-09,8003166,8003090,5,31,24
2023-08-09,8003166,8003166,26,62,32
2023-08-09,8003168,8002680,16,19,804
2023-08-09,8003168,8003168,108,143,537
2023-08-09,8003168,8003169,31,37,395
2023-08-09,8003168,8004448,23,28,851
2023-08-09,8003168,8006226,29,33,334
2023-08-09,8003168,8006449,6,7,150
2023-08-09,8003169,8001537,29,37,386
2023-08-09,8003169,8003168,30,36,976
2023-08-09,8003169,8003169,60,73,678
2023-08-09,8003287,8003287,22,40,79
2023-08-09,8003287,8003939,12,20,88
2023-08-09,8003287,8006320,11,20,72
2023-08-09,8003470,8002180,0,15,0
2023-08-09,8003470,8003470,8,30,18
2023-08-09,8003470,8004273,8,15,26
2023-08-09,8003486,8001980,7,8,334
2023-08-09,8003486,8003486,13,15,268
2023-08-09,8003486,8003493,9,12,140
2023-08-09,8003493,8000187,7,12,148
2023-08-09,8003493,8003486,11,12,182
2023-08-09,8003493,8003493,16,24,154
2023-08-09,8003621,8003621,12,16,261
2023-08-09,8003621,8004564,5,8,139
2023-08-09,8003621,8005319,8,8,334
2023-08-09,8003638,8000978,5,16,17
2023-08-09,8003638,8003638,2,33,5
2023-08-09,8003638,8003965,0,17,0
2023-08-09,8003657,8000186,17,33,163
2023-08-09,8003657,8002953,20,20,80
2023-08-09,8003657,8003657,44,67,104
2023-08-09,8003716,8001700,13,20,93
2023-08-09,8003716,8003716,21,40,95
2023-08-09,8003716,8006320,15,20,117
2023-08-09,8003896,8001137,15,17,138
2023-08-09,8003896,8003896,30,34,117
2023-08-09,8003896,8006379,15,17,109
2023-08-09,8003909,8001546,50,56,393
2023-08-09,8003909,8003909,87,112,459
2023-08-09,8003909,8005971,34,56,526
2023-08-09,8003916,8001520,42,56,371
2023-08-09,8003916,8001535,44,56,312
2023-08-09,8003916,8003916,90,112,335
2023-08-09,8003925,8000171,29,39,132
2023-08-09,8003925,8003925,59,78,128
2023-08-09,8003925,8005971,21,39,79
2023-08-09,8003936,8001526,31,56,364
2023-08-09,8003936,8001546,51,56,544
2023-08-09,8003936,8003936,104,112,444
2023-08-09,8003939,8002953,8,16,49
2023-08-09,8003939,8003287,10,20,68
2023-08-09,8003939,8003939,22,40,82
2023-08-09,8003946,8000081,41,56,358
2023-08-09,8003946,8001518,11,56,185
2023-08-09,8003946,8003946,53,112,270
2023-08-09,8003965,8003638,2,16,9
2023-08-09,8003965,8003965,2,33,5
2023-08-09,8003965,8003967,2,17,4
2023-08-09,8003967,8001066,4,36,8
2023-08-09,8003967,8003965,2,16,11
2023-08-09,8003967,8003967,11,33,16
2023-08-09,8003993,8000927,31,35,167
2023-08-09,8003993,8002073,28,35,126
2023-08-09,8003993,8003993,54,70,135
2023-08-09,8003998,8000904,1,2,15
2023-08-09,8003998,8002992,3,4,172
2023-08-09,8003998,8003998,4,6,135
2023-08-09,8004228,8000605,32,35,130
2023-08-09,8004228,8004228,49,70,121
2023-08-09,8004228,8006389,24,35,134
2023-08-09,8004230,8000081,42,56,634
2023-08-09,8004230,8004230,104,125,564
2023-08-09,8004230,8004419,54,69,493
2023-08-09,8004269,8000358,51,69,483
2023-08-09,8004269,8004269,108,138,538
2023-08-09,8004269,8004288,60,69,600
2023-08-09,8004273,8003470,0,15,0
2023-08-09,8004288,8004269,53,69,481
2023-08-09,8004288,8004288,113,138,538
2023-08-09,8004288,8004419,54,69,588
2023-08-09,8004419,8000081,11,13,369
2023-08-09,8004419,8004230,47,56,649
2023-08-09,8004419,8004288,44,69,464
2023-08-09,8004419,8004419,108,138,536
2023-08-09,8004440,8001943,11,18,48
2023-08-09,8004440,8002512,16,19,188
2023-08-09,8004440,8004440,25,37,106
2023-08-09,8004448,8003168,22,29,300
2023-08-09,8004448,8004448,51,57,597
2023-08-09,8004474,8000358,53,69,587
2023-08-09,8004474,8001039,48,69,346
2023-08-09,8004474,8004474,98,138,524
2023-08-09,8004564,8001980,7,8,188
2023-08-09,8004564,8003621,8,8,439
2023-08-09,8004564,8004564,15,16,257
2023-08-09,8004642,8000605,27,35,135
2023-08-09,8004642,8002073,29,35,135
2023-08-09,8004642,8004642,57,70,126
2023-08-09,8004883,8000239,50,52,369
2023-08-09,8004883,8001530,48,54,346
2023-08-09,8004883,8004883,94,106,355
2023-08-09,8005227,8001357,13,19,82
2023-08-09,8005289,8000793,8,16,36
2023-08-09,8005289,8005289,8,33,17
2023-08-09,8005289,8006109,0,17,0
2023-08-09,8005319,8001851,7,8,334
2023-08-09,8005319,8003621,4,8,124
2023-08-09,8005319,8005319,12,16,229
2023-08-09,8005488,8000033,11,19,166
2023-08-09,8005488,8005488,24,37,109
2023-08-09,8005488,8006607,9,18,17
2023-08-09,8005525,8003783,18,18,370
2023-08-09,8005525,8005525,25,36,208
2023-08-09,8005525,8005526,7,18,52
2023-08-09,8005526,8001097,7,18,43
2023-08-09,8005526,8005525,18,18,375
2023-08-09,8005526,8005526,25,36,213
2023-08-09,8005555,8000966,9,9,167
2023-08-09,8005555,8005555,17,17,425
2023-08-09,8005555,8005569,7,8,712
2023-08-09,8005569,8005555,7,9,147
2023-08-09,8005569,8005569,15,17,415
2023-08-09,8005569,8006486,7,8,454
2023-08-09,8005971,8003909,56,56,369
2023-08-09,8005971,8003925,36,39,135
2023-08-09,8005971,8005971,36,78,163
2023-08-09,8006109,8000978,0,17,0
2023-08-09,8006109,8005289,8,16,22
2023-08-09,8006109,8006109,2,33,5
2023-08-09,8006226,8000853,20,21,969
2023-08-09,8006226,8001515,12,12,1198
2023-08-09,8006226,8001537,8,8,1095
2023-08-09,8006226,8001585,17,18,430
2023-08-09,8006226,8001911,15,21,211
2023-08-09,8006226,8003168,27,33,454
2023-08-09,8006226,8006226,150,186,454
2023-08-09,8006226,8006386,33,34,264
2023-08-09,8006227,8001039,48,56,713
2023-08-09,8006227,8001905,60,69,264
2023-08-09,8006227,8004474,11,13,425
2023-08-09,8006227,8006227,97,138,437
2023-08-09,8006320,8003287,9,20,84
2023-08-09,8006320,8003716,9,20,88
2023-08-09,8006320,8006320,42,58,143
2023-08-09,8006323,8001045,29,30,146
2023-08-09,8006323,8001093,26,34,149
2023-08-09,8006323,8006323,49,69,124
2023-08-09,8006342,8002745,25,34,127
2023-08-09,8006342,8006342,46,68,131
2023-08-09,8006342,8006383,23,34,148
2023-08-09,8006348,8000239,19,20,530
2023-08-09,8006348,8001323,20,20,662
2023-08-09,8006348,8006348,39,40,596
2023-08-09,8006379,8003896,15,17,185
2023-08-09,8006379,8005336,12,17,85
2023-08-09,8006379,8006379,30,34,160
2023-08-09,8006383,8006342,19,34,101
2023-08-09,8006383,8006383,36,68,112
2023-08-09,8006386,8000977,33,41,271
2023-08-09,8006386,8001795,17,18,1135
2023-08-09,8006386,8002953,14,14,309
2023-08-09,8006386,8006226,25,35,164
2023-08-09,8006386,8006386,106,147,444
2023-08-09,8006386,8006510,13,21,96
2023-08-09,8006389,8000113,23,35,140
2023-08-09,8006389,8004228,25,35,113
2023-08-09,8006389,8006389,51,70,131
2023-08-09,8006486,8005569,7,9,143
2023-08-09,8006505,8001538,4,20,18
2023-08-09,8006505,8002769,8,20,44
2023-08-09,8006505,8006505,17,40,46
2023-08-09,8006510,8001536,21,39,72
2023-08-09,8006510,8006386,21,21,211
2023-08-09,8006510,8006510,56,78,111
2023-08-09,8006710,8001035,24,34,40
2023-08-09,8006710,8006710,63,68,144
2023-08-09,8006710,8006711,33,34,210
2023-08-09,8006711,8006710,34,34,67
2023-08-09,8006711,8006711,67,68,128
2023-08-09,8006712,8002512,11,18,37
2023-08-09,8006712,8006712,25,37,105
2023-08-10,8000033,8000033,102,145,586
2023-08-10,8000033,8001795,45,54,1097
2023-08-10,8000033,8002268,8,19,36
2023-08-10,8000033,8005488,12,18,20
2023-08-10,8000033,8006719,45,54,457
2023-08-10,8000037,8000037,126,171,290
2023-08-10,8000037,8000113,9,20,68
2023-08-10,8000037,8000171,2,2,135
2023-08-10,8000037,8000392,26,34,885
2023-08-10,8000037,8001524,18,34,12
2023-08-10,8000037,8001795,30,31,499
2023-08-10,8000037,8001836,15,31,46
2023-08-10,8000054,8000054,14,18,47
2023-08-10,8000054,8001137,6,6,90
2023-08-10,8000054,8001182,6,9,23
2023-08-10,8000054,8002992,10,11,79
2023-08-10,8000054,8006453,4,12,5
2023-08-10,8000081,8000081,178,275,105
2023-08-10,8000081,8001531,39,42,84
2023-08-10,8000081,8001542,18,54,21
2023-08-10,8000081,8003946,18,56,20
2023-08-10,8000081,8004230,67,69,202
2023-08-10,8000113,8000037,13,19,51
2023-08-10,8000113,8000113,45,70,97
2023-08-10,8000113,8001066,31,37,71
2023-08-10,8000113,8006389,24,35,111
2023-08-10,8000164,8000164,180,225,246
2023-08-10,8000164,8000853,1,1,1410
2023-08-10,8000164,8000887,14,19,118
2023-08-10,8000164,8001327,72,83,204
2023-08-10,8000164,8001515,3,4,1388
2023-08-10,8000164,8001900,15,15,792
2023-08-10,8000164,8001909,4,5,156
2023-08-10,8000164,8002223,14,16,103
2023-08-10,8000164,8002227,11,15,66
2023-08-10,8000164,8002680,2,2,765
2023-08-10,8000164,8002779,12,18,80
2023-08-10,8000164,8003168,1,1,180
2023-08-10,8000171,8000037,2,2,225
2023-08-10,8000171,8000171,88,139,384
2023-08-10,8000171,8000392,36,67,237
2023-08-10,8000171,8001061,30,34,924
2023-08-10,8000171,8002745,21,34,156
2023-08-10,8000171,8003925,19,39,35
2023-08-10,8000186,8003090,0,31,0
2023-08-10,8000186,8003657,1,34,18
2023-08-10,8000239,8000239,65,76,243
2023-08-10,8000239,8001097,12,18,192
2023-08-10,8000239,8004883,38,54,178
2023-08-10,8000239,8006348,18,20,298
2023-08-10,8000358,8000358,106,138,160
2023-08-10,8000358,8004269,54,69,176
2023-08-10,8000358,8004474,55,69,147
2023-08-10,8000392,8000037,29,33,413
2023-08-10,8000392,8000171,50,68,530
2023-08-10,8000392,8000392,97,135,384
2023-08-10,8000392,8001545,23,34,80
2023-08-10,8000605,8000605,52,70,102
2023-08-10,8000605,8004228,27,35,87
2023-08-10,8000605,8004642,28,35,114
2023-08-10,8000745,8000745,36,69,105
2023-08-10,8000745,8001093,19,35,63
2023-08-10,8000745,8001394,16,34,152
2023-08-10,8000793,8000793,8,30,50
2023-08-10,8000793,8002180,7,15,34
2023-08-10,8000793,8005289,1,17,53
2023-08-10,8000904,8000904,5,6,110
2023-08-10,8000904,8001137,0,2,0
2023-08-10,8000904,8003998,3,4,128
2023-08-10,8000927,8000927,28,32,158
2023-08-10,8000927,8000966,16,17,192
2023-08-10,8000927,8003993,23,35,69
2023-08-10,8000966,8000927,15,17,118
2023-08-10,8000966,8000966,16,17,150
2023-08-10,8000966,8005555,7,8,206
2023-08-10,8000977,8000977,65,83,137
2023-08-10,8000977,8006386,23,42,81
2023-08-10,8000978,8000978,8,33,43
2023-08-10,8000978,8003638,1,17,42
2023-08-10,8000978,8006109,7,16,30
2023-08-10,8001035,8001035,56,68,153
2023-08-10,8001035,8006710,34,34,271
2023-08-10,8001038,8001038,67,80,106
2023-08-10,8001038,8002639,38,40,142
2023-08-10,8001038,8006194,19,40,72
2023-08-10,8001039,8001039,93,125,159
2023-08-10,8001039,8004474,43,56,215
2023-08-10,8001039,8006227,38,69,82
2023-08-10,8001045,8001045,70,96,168
2023-08-10,8001045,8001061,0,1,0
2023-08-10,8001045,8002680,16,16,172
2023-08-10,8001045,8003986,44,49,208
2023-08-10,8001045,8006323,17,29,153
2023-08-10,8001061,8000171,25,33,415
2023-08-10,8001061,8001061,57,67,684
2023-08-10,8001061,8001558,18,18,1410
2023-08-10,8001066,8000113,25,36,48
2023-08-10,8001066,8001066,57,73,63
2023-08-10,8001066,8003967,33,37,61
2023-08-10,8001093,8000745,23,34,163
2023-08-10,8001093,8001093,37,69,110
2023-08-10,8001093,8006323,18,35,71
2023-08-10,8001097,8000239,18,18,92
2023-08-10,8001097,8001097,36,36,123
2023-08-10,8001097,8005526,18,18,253
2023-08-10,8001137,8000054,3,6,35
2023-08-10,8001137,8000904,4,4,180
2023-08-10,8001137,8001137,27,34,88
2023-08-10,8001137,8002992,7,7,103
2023-08-10,8001137,8003896,12,17,79
2023-08-10,8001182,8000054,8,9,63
2023-08-10,8001357,8001357,26,38,174
2023-08-10,8001357,8002514,14,19,172
2023-08-10,8001357,8005227,12,19,199
2023-08-10,8001394,8000745,28,35,67
2023-08-10,8001394,8001394,46,69,107
2023-08-10,8001394,8001692,18,34,162
2023-08-10,8001505,8001505,75,84,113
2023-08-10,8001505,8001525,40,42,121
2023-08-10,8001505,8001531,33,42,98
2023-08-10,8001515,8000164,3,3,750
2023-08-10,8001515,8001515,40,57,517
2023-08-10,8001515,8001537,23,28,661
2023-08-10,8001515,8001543,15,16,82
2023-08-10,8001515,8006226,10,10,912
2023-08-10,8001516,8001549,53,54,52
2023-08-10,8001517,8001517,79,112,48
2023-08-10,8001517,8001529,35,56,41
2023-08-10,8001517,8001535,31,56,39
2023-08-10,8001518,8001518,64,112,32
2023-08-10,8001518,8001520,16,56,14
2023-08-10,8001518,8003946,46,56,47
2023-08-10,8001519,8001519,57,84,97
2023-08-10,8001519,8001525,19,42,104
2023-08-10,8001519,8001543,38,42,89
2023-08-10,8001520,8001518,26,56,26
2023-08-10,8001520,8001520,51,112,29
2023-08-10,8001520,8003916,50,56,36
2023-08-10,8001521,8001521,29,40,140
2023-08-10,8001521,8001522,11,20,117
2023-08-10,8001521,8001534,16,20,154
2023-08-10,8001522,8001521,20,20,183
2023-08-10,8001522,8001522,123,151,81
2023-08-10,8001522,8001523,12,20,39
2023-08-10,8001522,8001524,34,37,75
2023-08-10,8001522,8001545,14,14,221
2023-08-10,8001523,8001522,12,20,39
2023-08-10,8001523,8001523,20,40,39
2023-08-10,8001523,8001545,13,20,54
2023-08-10,8001524,8000037,32,37,85
2023-08-10,8001524,8001522,26,34,49
2023-08-10,8001524,8001524,54,71,55
2023-08-10,8001525,8001505,19,42,97
2023-08-10,8001525,8001519,37,42,92
2023-08-10,8001525,8001525,58,84,104
2023-08-10,8001526,8001526,62,112,36
2023-08-10,8001526,8001529,51,56,90
2023-08-10,8001526,8003936,10,56,7
2023-08-10,8001527,8001527,72,78,113
2023-08-10,8001527,8001536,29,39,99
2023-08-10,8001528,8001329,17,18,195
2023-08-10,8001528,8001528,32,36,158
2023-08-10,8001528,8001539,14,18,113
2023-08-10,8001529,8001517,41,56,63
2023-08-10,8001529,8001526,11,56,12
2023-08-10,8001529,8001529,85,112,51
2023-08-10,8001530,8001530,95,106,214
2023-08-10,8001530,8001533,34,54,157
2023-08-10,8001530,8004883,49,52,256
2023-08-10,8001531,8000081,27,42,95
2023-08-10,8001531,8001505,40,42,96
2023-08-10,8001531,8001531,64,84,90
2023-08-10,8001532,8001532,31,36,197
2023-08-10,8001532,8001544,18,18,218
2023-08-10,8001533,8001530,48,52,253
2023-08-10,8001533,8001533,84,106,195
2023-08-10,8001534,8001521,9,20,124
2023-08-10,8001534,8001534,25,40,136
2023-08-10,8001534,8001538,17,20,160
2023-08-10,8001535,8001517,34,56,27
2023-08-10,8001535,8001535,85,112,40
2023-08-10,8001535,8003916,41,56,47
2023-08-10,8001536,8001527,30,39,78
2023-08-10,8001536,8001536,53,78,82
2023-08-10,8001536,8006510,33,39,111
2023-08-10,8001537,8000164,1,1,840
2023-08-10,8001537,8001515,17,29,374
2023-08-10,8001537,8001537,55,73,528
2023-08-10,8001537,8003169,26,36,722
2023-08-10,8001537,8006226,7,7,210
2023-08-10,8001538,8001534,11,20,132
2023-08-10,8001538,8001538,29,40,157
2023-08-10,8001538,8006505,17,20,172
2023-08-10,8001539,8001528,13,18,183
2023-08-10,8001539,8001539,29,36,143
2023-08-10,8001539,8001541,15,18,113
2023-08-10,8001540,8001540,73,108,38
2023-08-10,8001540,8001542,19,54,18
2023-08-10,8001540,8001549,54,54,96
2023-08-10,8001541,8001539,12,18,162
2023-08-10,8001541,8001541,23,36,142
2023-08-10,8001541,8001544,14,18,163
2023-08-10,8001542,8000081,2,54,2
2023-08-10,8001542,8001540,19,54,21
2023-08-10,8001542,8001542,38,108,16
2023-08-10,8001543,8001327,79,83,197
2023-08-10,8001543,8001515,13,15,194
2023-08-10,8001543,8001519,18,42,99
2023-08-10,8001543,8001543,136,166,174
2023-08-10,8001544,8001532,11,18,203
2023-08-10,8001544,8001541,13,18,207
2023-08-10,8001544,8001544,27,36,208
2023-08-10,8001545,8000392,21,34,146
2023-08-10,8001545,8001522,14,14,156
2023-08-10,8001545,8001523,7,20,28
2023-08-10,8001545,8001545,41,68,107
2023-08-10,8001546,8001546,60,112,35
2023-08-10,8001546,8003909,14,56,10
2023-08-10,8001546,8003936,52,56,64
2023-08-10,8001549,8001516,54,54,62
2023-08-10,8001549,8001540,28,54,28
2023-08-10,8001549,8001549,107,108,71
2023-08-10,8001692,8001394,17,35,39
2023-08-10,8001692,8001692,39,69,105
2023-08-10,8001692,8002262,21,34,173
2023-08-10,8001700,8001700,26,40,80
2023-08-10,8001700,8003018,14,20,82
2023-08-10,8001700,8003716,6,20,60
2023-08-10,8001729,8001729,6,8,90
2023-08-10,8001729,8004406,3,3,170
2023-08-10,8001795,8000033,44,54,473
2023-08-10,8001795,8000037,28,32,976
2023-08-10,8001795,8001795,89,108,781
2023-08-10,8001795,8006386,15,18,1295
2023-08-10,8001836,8000037,19,31,42
2023-08-10,8001836,8001836,28,62,30
2023-08-10,8001836,8002754,9,31,34
2023-08-10,8001851,8005319,6,8,289
2023-08-10,8001943,8001943,27,37,39
2023-08-10,8001943,8002267,7,18,13
2023-08-10,8001943,8004440,6,19,24
2023-08-10,8001980,8001980,16,16,377
2023-08-10,8001980,8003486,7,8,311
2023-08-10,8001980,8004564,8,8,458
2023-08-10,8002073,8002073,59,70,106
2023-08-10,8002073,8003993,31,35,141
2023-08-10,8002073,8004642,22,35,61
2023-08-10,8002180,8000793,1,15,58
2023-08-10,8002180,8002180,6,30,42
2023-08-10,8002180,8003470,7,15,34
2023-08-10,8002262,8001692,23,35,53
2023-08-10,8002262,8002262,48,69,117
2023-08-10,8002262,8005276,19,34,164
2023-08-10,8002267,8001943,12,19,36
2023-08-10,8002267,8002267,12,37,19
2023-08-10,8002267,8002509,10,18,20
2023-08-10,8002268,8000033,9,18,17
2023-08-10,8002268,8002268,17,37,26
2023-08-10,8002268,8002509,9,19,35
2023-08-10,8002509,8002267,8,19,28
2023-08-10,8002509,8002268,9,18,12
2023-08-10,8002509,8002509,19,37,23
2023-08-10,8002512,8002512,25,37,36
2023-08-10,8002512,8004440,10,18,28
2023-08-10,8002512,8006712,10,19,35
2023-08-10,8002514,8001357,12,19,167
2023-08-10,8002514,8002514,27,38,174
2023-08-10,8002514,8002769,18,19,142
2023-08-10,8002639,8001038,26,40,58
2023-08-10,8002639,8002639,56,80,86
2023-08-10,8002639,8002640,30,40,106
2023-08-10,8002640,8002639,13,40,48
2023-08-10,8002680,8000441,37,38,493
2023-08-10,8002680,8001045,15,17,187
2023-08-10,8002680,8002680,54,75,276
2023-08-10,8002680,8003168,8,19,76
2023-08-10,8002745,8000171,22,34,67
2023-08-10,8002745,8002745,41,68,107
2023-08-10,8002745,8006342,21,34,141
2023-08-10,8002754,8001836,6,31,12
2023-08-10,8002754,8002754,18,62,27
2023-08-10,8002754,8003166,7,31,31
2023-08-10,8002769,8002514,17,19,167
2023-08-10,8002769,8002769,38,40,143
2023-08-10,8002769,8006505,12,20,138
2023-08-10,8002779,8000164,17,18,188
2023-08-10,8002779,8001328,12,18,83
2023-08-10,8002779,8002779,30,36,148
2023-08-10,8002953,8002953,37,71,79
2023-08-10,8002953,8003657,12,15,194
2023-08-10,8002953,8003939,14,17,72
2023-08-10,8002953,8006386,7,14,54
2023-08-10,8002992,8000054,9,11,115
2023-08-10,8002992,8001137,7,9,63
2023-08-10,8002992,8002992,19,22,82
2023-08-10,8002992,8003998,1,2,30
2023-08-10,8003018,8001700,11,20,75
2023-08-10,8003018,8003018,22,40,71
2023-08-10,8003090,8000186,6,31,8
2023-08-10,8003090,8003090,36,62,21
2023-08-10,8003090,8003166,31,31,58
2023-08-10,8003166,8002754,10,31,16
2023-08-10,8003166,8003090,6,31,11
2023-08-10,8003166,8003166,33,62,21
2023-08-10,8003168,8000164,5,5,696
2023-08-10,8003168,8002680,16,17,596
2023-08-10,8003168,8003168,100,143,419
2023-08-10,8003168,8003169,27,37,371
2023-08-10,8003168,8004448,22,28,621
2023-08-10,8003168,8006226,23,30,128
2023-08-10,8003168,8006449,4,7,30
2023-08-10,8003169,8001537,23,37,354
2023-08-10,8003169,8003168,30,36,728
2023-08-10,8003169,8003169,52,73,540
2023-08-10,8003287,8003287,24,40,70
2023-08-10,8003287,8003939,8,20,56
2023-08-10,8003287,8006320,15,20,84
2023-08-10,8003470,8002180,1,15,58
2023-08-10,8003470,8003470,8,30,50
2023-08-10,8003470,8004273,7,15,26
2023-08-10,8003486,8001980,8,8,469
2023-08-10,8003486,8003486,14,15,410
2023-08-10,8003486,8003493,10,12,238
2023-08-10,8003493,8000187,8,12,240
2023-08-10,8003493,8003486,10,12,392
2023-08-10,8003493,8003493,17,24,308
2023-08-10,8003621,8003621,15,16,352
2023-08-10,8003621,8004564,7,8,304
2023-08-10,8003621,8005319,8,8,424
2023-08-10,8003638,8000978,7,16,32
2023-08-10,8003638,8003638,6,33,34
2023-08-10,8003638,8003965,1,17,44
2023-08-10,8003657,8000186,12,33,85
2023-08-10,8003657,8002953,15,20,51
2023-08-10,8003657,8003657,26,67,58
2023-08-10,8003716,8001700,14,20,66
2023-08-10,8003716,8003716,19,40,63
2023-08-10,8003716,8006320,12,20,80
2023-08-10,8003896,8001137,14,17,106
2023-08-10,8003896,8003896,29,34,94
2023-08-10,8003896,8006379,10,17,62
2023-08-10,8003909,8001546,52,56,67
2023-08-10,8003909,8003909,77,112,49
2023-08-10,8003909,8005971,25,56,26
2023-08-10,8003916,8001520,40,56,56
2023-08-10,8003916,8001535,44,56,38
2023-08-10,8003916,8003916,85,112,40
2023-08-10,8003925,8000171,30,39,52
2023-08-10,8003925,8003925,60,78,56
2023-08-10,8003925,8005971,20,39,32
2023-08-10,8003936,8001526,36,56,41
2023-08-10,8003936,8001546,43,56,36
2023-08-10,8003936,8003936,95,112,47
2023-08-10,8003939,8002953,6,16,43
2023-08-10,8003939,8003287,11,20,74
2023-08-10,8003939,8003939,19,40,70
2023-08-10,8003946,8000081,38,56,41
2023-08-10,8003946,8001518,17,56,16
2023-08-10,8003946,8003946,57,112,29
2023-08-10,8003965,8003638,6,16,28
2023-08-10,8003965,8003965,7,33,38
2023-08-10,8003965,8003967,3,17,48
2023-08-10,8003967,8001066,6,36,28
2023-08-10,8003967,8003965,5,16,26
2023-08-10,8003967,8003967,11,33,42
2023-08-10,8003993,8000927,30,35,160
2023-08-10,8003993,8002073,30,35,85
2023-08-10,8003993,8003993,51,70,111
2023-08-10,8003998,8000904,1,2,15
2023-08-10,8003998,8002992,2,4,75
2023-08-10,8003998,8003998,4,6,70
2023-08-10,8004228,8000605,30,35,121
2023-08-10,8004228,8004228,47,70,98
2023-08-10,8004228,8006389,26,35,93
2023-08-10,8004230,8000081,36,56,168
2023-08-10,8004230,8004230,113,125,192
2023-08-10,8004230,8004419,65,69,191
2023-08-10,8004269,8000358,61,69,167
2023-08-10,8004269,8004269,115,138,172
2023-08-10,8004269,8004288,57,69,183
2023-08-10,8004273,8003470,1,15,60
2023-08-10,8004288,8004269,65,69,167
2023-08-10,8004288,8004288,120,138,171
2023-08-10,8004288,8004419,53,69,169
2023-08-10,8004419,8000081,10,13,97
2023-08-10,8004419,8004230,46,56,196
2023-08-10,8004419,8004288,50,69,147
2023-08-10,8004419,8004419,118,138,170
2023-08-10,8004440,8001943,15,18,57
2023-08-10,8004440,8002512,14,19,46
2023-08-10,8004440,8004440,24,37,39
2023-08-10,8004448,8003168,20,29,302
2023-08-10,8004448,8004448,49,57,467
2023-08-10,8004474,8000358,53,69,177
2023-08-10,8004474,8001039,49,69,114
2023-08-10,8004474,8004474,108,138,158
2023-08-10,8004564,8001980,7,8,319
2023-08-10,8004564,8003621,8,8,450
2023-08-10,8004564,8004564,15,16,384
2023-08-10,8004642,8000605,27,35,83
2023-08-10,8004642,8002073,29,35,129
2023-08-10,8004642,8004642,55,70,98
2023-08-10,8004883,8000239,50,52,258
2023-08-10,8004883,8001530,48,54,182
2023-08-10,8004883,8004883,89,106,217
2023-08-10,8005227,8001357,14,19,158
2023-08-10,8005289,8000793,7,16,38
2023-08-10,8005289,8005289,8,33,45
2023-08-10,8005289,8006109,1,17,53
2023-08-10,8005319,8001851,8,8,416
2023-08-10,8005319,8003621,8,8,304
2023-08-10,8005319,8005319,16,16,366
2023-08-10,8005488,8000033,9,19,47
2023-08-10,8005488,8005488,22,37,44
2023-08-10,8005488,8006607,5,18,8
2023-08-10,8005525,8003783,18,18,253
2023-08-10,8005525,8005525,18,36,133
2023-08-10,8005525,8005526,0,18,0
2023-08-10,8005526,8001097,0,18,0
2023-08-10,8005526,8005525,18,18,267
2023-08-10,8005526,8005526,18,36,133
2023-08-10,8005555,8000966,9,9,127
2023-08-10,8005555,8005555,16,17,168
2023-08-10,8005555,8005569,7,8,218
2023-08-10,8005569,8005555,5,9,100
2023-08-10,8005569,8005569,12,17,155
2023-08-10,8005569,8006486,7,8,172
2023-08-10,8005971,8003909,56,56,60
2023-08-10,8005971,8003925,37,39,57
2023-08-10,8005971,8005971,43,78,28
2023-08-10,8006109,8000978,1,17,53
2023-08-10,8006109,8005289,7,16,32
2023-08-10,8006109,8006109,6,33,39
2023-08-10,8006226,8000853,17,17,784
2023-08-10,8006226,8001515,9,9,987
2023-08-10,8006226,8001537,7,8,892
2023-08-10,8006226,8001585,16,16,214
2023-08-10,8006226,8001911,17,21,129
2023-08-10,8006226,8003168,24,30,266
2023-08-10,8006226,8006226,124,167,311
2023-08-10,8006226,8006386,33,34,181
2023-08-10,8006227,8001039,47,56,246
2023-08-10,8006227,8001905,68,69,124
2023-08-10,8006227,8004474,10,13,83
2023-08-10,8006227,8006227,92,138,139
2023-08-10,8006320,8003287,5,20,52
2023-08-10,8006320,8003716,11,20,62
2023-08-10,8006320,8006320,30,58,68
2023-08-10,8006323,8001045,28,30,121
2023-08-10,8006323,8001093,24,34,159
2023-08-10,8006323,8006323,42,69,114
2023-08-10,8006342,8002745,21,34,71
2023-08-10,8006342,8006342,41,68,102
2023-08-10,8006342,8006383,22,34,147
2023-08-10,8006348,8000239,19,20,316
2023-08-10,8006348,8001323,20,20,404
2023-08-10,8006348,8006348,39,40,339
2023-08-10,8006379,8003896,16,17,154
2023-08-10,8006379,8005336,8,17,44
2023-08-10,8006379,8006379,26,34,122
2023-08-10,8006383,8006342,11,34,42
2023-08-10,8006383,8006383,31,68,82
2023-08-10,8006386,8000977,35,41,173
2023-08-10,8006386,8001795,11,18,440
2023-08-10,8006386,8002953,13,14,246
2023-08-10,8006386,8006226,23,35,98
2023-08-10,8006386,8006386,102,147,314
2023-08-10,8006386,8006510,17,21,69
2023-08-10,8006389,8000113,24,35,75
2023-08-10,8006389,8004228,25,35,108
2023-08-10,8006389,8006389,52,70,99
2023-08-10,8006486,8005569,5,9,93
2023-08-10,8006505,8001538,12,20,152
2023-08-10,8006505,8002769,14,20,140
2023-08-10,8006505,8006505,29,40,153
2023-08-10,8006510,8001536,24,39,73
2023-08-10,8006510,8006386,20,21,166
2023-08-10,8006510,8006510,56,78,103
2023-08-10,8006710,8001035,18,34,62
2023-08-10,8006710,8006710,63,68,177
2023-08-10,8006710,8006711,30,34,262
2023-08-10,8006711,8006710,32,34,98
2023-08-10,8006711,8006711,62,68,171
2023-08-10,8006712,8002512,14,18,38
2023-08-10,8006712,8006712,25,37,39
2023-08-11,8000033,8000033,139,192,351
2023-08-11,8000033,8001795,48,61,524
2023-08-11,8000033,8002268,23,36,164
2023-08-11,8000033,8005488,29,36,122
2023-08-11,8000033,8006719,47,59,437
2023-08-11,8000037,8000037,137,181,191
2023-08-11,8000037,8000113,15,24,69
2023-08-11,8000037,8000171,2,2,195
2023-08-11,8000037,8000392,31,36,487
2023-08-11,8000037,8001524,22,36,19
2023-08-11,8000037,8001795,30,33,337
2023-08-11,8000037,8001836,19,33,51
2023-08-11,8000054,8000054,6,18,48
2023-08-11,8000054,8001137,6,6,150
2023-08-11,8000054,8001182,6,9,30
2023-08-11,8000054,8002992,10,11,79
2023-08-11,8000054,8006453,2,12,10
2023-08-11,8000081,8000081,179,274,194
2023-08-11,8000081,8001531,38,42,116
2023-08-11,8000081,8001542,19,54,47
2023-08-11,8000081,8003946,19,56,27
2023-08-11,8000081,8004230,67,69,334
2023-08-11,8000113,8000037,17,19,95
2023-08-11,8000113,8000113,51,75,114
2023-08-11,8000113,8001066,25,38,47
2023-08-11,8000113,8004228,3,3,400
2023-08-11,8000113,8006389,26,37,103
2023-08-11,8000164,8000164,178,235,283
2023-08-11,8000164,8000887,11,19,107
2023-08-11,8000164,8001327,70,86,259
2023-08-11,8000164,8001515,5,6,2035
2023-08-11,8000164,8001900,20,20,808
2023-08-11,8000164,8001909,6,6,320
2023-08-11,8000164,8002223,10,16,45
2023-08-11,8000164,8002227,13,15,64
2023-08-11,8000164,8002680,2,2,630
2023-08-11,8000164,8002779,11,18,68
2023-08-11,8000164,8003168,1,1,1110
2023-08-11,8000171,8000037,2,2,75
2023-08-11,8000171,8000171,83,143,230
2023-08-11,8000171,8000392,33,68,175
2023-08-11,8000171,8001061,32,36,523
2023-08-11,8000171,8002745,17,35,51
2023-08-11,8000171,8003925,13,39,55
2023-08-11,8000186,8003090,0,32,0
2023-08-11,8000186,8003657,5,34,35
2023-08-11,8000239,8000239,70,81,259
2023-08-11,8000239,8001097,14,19,125
2023-08-11,8000239,8004883,43,56,226
2023-08-11,8000239,8006348,17,22,348
2023-08-11,8000358,8000358,113,137,297
2023-08-11,8000358,8004269,57,68,316
2023-08-11,8000358,8004474,56,69,279
2023-08-11,8000392,8000037,25,33,288
2023-08-11,8000392,8000171,52,71,282
2023-08-11,8000392,8000392,101,139,233
2023-08-11,8000392,8001545,27,35,82
2023-08-11,8000605,8000605,58,75,123
2023-08-11,8000605,8003993,3,3,330
2023-08-11,8000605,8004228,19,35,89
2023-08-11,8000605,8004642,31,37,120
2023-08-11,8000745,8000745,39,71,101
2023-08-11,8000745,8001093,20,35,111
2023-08-11,8000745,8001394,15,35,99
2023-08-11,8000793,8000793,8,30,19
2023-08-11,8000793,8002180,7,15,30
2023-08-11,8000793,8005289,1,17,4
2023-08-11,8000904,8000904,6,6,180
2023-08-11,8000904,8001137,2,2,60
2023-08-11,8000904,8003998,3,4,210
2023-08-11,8000927,8000927,27,32,158
2023-08-11,8000927,8000966,14,17,136
2023-08-11,8000927,8003993,18,35,-21
2023-08-11,8000966,8000927,10,17,78
2023-08-11,8000966,8000966,12,17,138
2023-08-11,8000966,8005555,6,8,161
2023-08-11,8000977,8000977,64,87,223
2023-08-11,8000977,8006226,5,5,714
2023-08-11,8000977,8006386,22,34,88
2023-08-11,8000977,8006510,5,5,558
2023-08-11,8000978,8000978,8,33,15
2023-08-11,8000978,8003638,0,17,0
2023-08-11,8000978,8006109,7,16,21
2023-08-11,8001035,8001035,37,70,44
2023-08-11,8001035,8006710,27,35,95
2023-08-11,8001038,8001038,51,81,109
2023-08-11,8001038,8002639,27,41,141
2023-08-11,8001038,8006194,11,40,53
2023-08-11,8001039,8001039,99,124,280
2023-08-11,8001039,8004474,45,55,394
2023-08-11,8001039,8006227,39,69,144
2023-08-11,8001045,8001045,78,98,182
2023-08-11,8001045,8001061,1,1,210
2023-08-11,8001045,8002680,13,17,155
2023-08-11,8001045,8003986,44,49,245
2023-08-11,8001045,8006323,18,31,73
2023-08-11,8001061,8000171,20,33,294
2023-08-11,8001061,8001061,59,69,423
2023-08-11,8001061,8001558,18,18,833
2023-08-11,8001066,8000113,26,38,-2
2023-08-11,8001066,8001066,52,76,19
2023-08-11,8001066,8003967,31,38,42
2023-08-11,8001093,8000745,18,36,81
2023-08-11,8001093,8001093,34,71,85
2023-08-11,8001093,8006323,18,35,112
2023-08-11,8001097,8000239,18,18,125
2023-08-11,8001097,8001097,37,37,113
2023-08-11,8001097,8005526,19,19,186
2023-08-11,8001137,8000054,6,6,500
2023-08-11,8001137,8000904,4,4,255
2023-08-11,8001137,8001137,30,34,186
2023-08-11,8001137,8002992,7,7,141
2023-08-11,8001137,8003896,14,17,86
2023-08-11,8001182,8000054,4,9,60
2023-08-11,8001357,8001357,40,42,136
2023-08-11,8001357,8002514,20,21,157
2023-08-11,8001357,8005227,20,21,161
2023-08-11,8001394,8000745,26,35,115
2023-08-11,8001394,8001394,46,70,108
2023-08-11,8001394,8001692,21,35,123
2023-08-11,8001505,8001505,75,84,174
2023-08-11,8001505,8001525,39,42,153
2023-08-11,8001505,8001531,34,42,189
2023-08-11,8001515,8000164,6,6,1055
2023-08-11,8001515,8001515,46,61,706
2023-08-11,8001515,8001537,26,30,942
2023-08-11,8001515,8001543,15,16,272
2023-08-11,8001515,8006226,9,9,583
2023-08-11,8001516,8001549,45,54,63
2023-08-11,8001517,8001517,75,112,69
2023-08-11,8001517,8001529,36,56,59
2023-08-11,8001517,8001535,33,56,68
2023-08-11,8001518,8001518,65,112,51
2023-08-11,8001518,8001520,19,56,20
2023-08-11,8001518,8003946,42,56,76
2023-08-11,8001519,8001519,60,84,159
2023-08-11,8001519,8001525,25,42,196
2023-08-11,8001519,8001543,35,42,123
2023-08-11,8001520,8001518,21,56,55
2023-08-11,8001520,8001520,51,112,45
2023-08-11,8001520,8003916,41,56,35
2023-08-11,8001521,8001521,31,41,88
2023-08-11,8001521,8001522,17,21,89
2023-08-11,8001521,8001534,14,20,99
2023-08-11,8001522,8001521,19,20,129
2023-08-11,8001522,8001522,133,160,72
2023-08-11,8001522,8001523,11,21,20
2023-08-11,8001522,8001524,39,41,83
2023-08-11,8001522,8001545,12,14,107
2023-08-11,8001523,8001522,18,21,77
2023-08-11,8001523,8001523,27,42,48
2023-08-11,8001523,8001545,14,21,40
2023-08-11,8001524,8000037,39,41,108
2023-08-11,8001524,8001522,23,36,40
2023-08-11,8001524,8001524,63,77,66
2023-08-11,8001525,8001505,22,42,184
2023-08-11,8001525,8001519,35,42,127
2023-08-11,8001525,8001525,59,84,164
2023-08-11,8001526,8001526,61,112,48
2023-08-11,8001526,8001529,46,56,92
2023-08-11,8001526,8003936,14,56,28
2023-08-11,8001527,8001527,71,80,159
2023-08-11,8001527,8001536,29,40,141
2023-08-11,8001528,8001329,12,18,52
2023-08-11,8001528,8001528,21,36,53
2023-08-11,8001528,8001539,8,18,48
2023-08-11,8001529,8001517,39,56,86
2023-08-11,8001529,8001526,11,56,31
2023-08-11,8001529,8001529,83,112,67
2023-08-11,8001530,8001530,104,111,242
2023-08-11,8001530,8001533,40,56,210
2023-08-11,8001530,8004883,53,55,257
2023-08-11,8001531,8000081,32,42,192
2023-08-11,8001531,8001505,38,42,134
2023-08-11,8001531,8001531,66,84,154
2023-08-11,8001532,8001532,29,36,67
2023-08-11,8001532,8001544,18,18,83
2023-08-11,8001533,8001530,51,55,251
2023-08-11,8001533,8001533,90,111,219
2023-08-11,8001534,8001521,8,21,57
2023-08-11,8001534,8001534,22,41,78
2023-08-11,8001534,8001538,14,20,106
2023-08-11,8001535,8001517,34,56,35
2023-08-11,8001535,8001535,72,112,52
2023-08-11,8001535,8003916,38,56,70
2023-08-11,8001536,8001527,30,40,135
2023-08-11,8001536,8001536,50,80,132
2023-08-11,8001536,8006510,39,40,152
2023-08-11,8001537,8000164,1,1,330
2023-08-11,8001537,8001515,19,31,468
2023-08-11,8001537,8001537,59,77,729
2023-08-11,8001537,8003169,34,38,1003
2023-08-11,8001537,8006226,7,7,566
2023-08-11,8001538,8001534,11,21,63
2023-08-11,8001538,8001538,30,41,93
2023-08-11,8001538,8006505,15,20,112
2023-08-11,8001539,8001528,12,18,50
2023-08-11,8001539,8001539,21,36,42
2023-08-11,8001539,8001541,9,18,47
2023-08-11,8001540,8001540,62,108,61
2023-08-11,8001540,8001542,17,54,33
2023-08-11,8001540,8001549,46,54,112
2023-08-11,8001541,8001539,10,18,32
2023-08-11,8001541,8001541,22,36,47
2023-08-11,8001541,8001544,9,18,43
2023-08-11,8001542,8000081,4,54,13
2023-08-11,8001542,8001540,25,54,66
2023-08-11,8001542,8001542,37,108,41
2023-08-11,8001543,8001327,76,86,212
2023-08-11,8001543,8001515,13,15,374
2023-08-11,8001543,8001519,24,42,188
2023-08-11,8001543,8001543,130,172,209
2023-08-11,8001544,8001532,7,18,32
2023-08-11,8001544,8001541,14,18,67
2023-08-11,8001544,8001544,23,36,51
2023-08-11,8001545,8000392,21,35,65
2023-08-11,8001545,8001522,13,14,111
2023-08-11,8001545,8001523,16,21,64
2023-08-11,8001545,8001545,44,70,70
2023-08-11,8001546,8001546,58,112,51
2023-08-11,8001546,8003909,21,56,36
2023-08-11,8001546,8003936,46,56,68
2023-08-11,8001549,8001516,44,54,82
2023-08-11,8001549,8001540,25,54,41
2023-08-11,8001549,8001549,91,108,84
2023-08-11,8001692,8001394,19,35,82
2023-08-11,8001692,8001692,43,70,108
2023-08-11,8001692,8002262,20,35,135
2023-08-11,8001700,8001700,21,41,55
2023-08-11,8001700,8003018,10,21,50
2023-08-11,8001700,8003716,5,20,40
2023-08-11,8001729,8001729,5,10,165
2023-08-11,8001729,8004406,4,4,398
2023-08-11,8001795,8000033,50,59,441
2023-08-11,8001795,8000037,30,34,525
2023-08-11,8001795,8001795,97,120,476
2023-08-11,8001795,8006386,10,15,360
2023-08-11,8001836,8000037,20,32,41
2023-08-11,8001836,8001836,32,65,32
2023-08-11,8001836,8002754,13,33,36
2023-08-11,8001851,8005319,5,8,131
2023-08-11,8001943,8001943,49,72,135
2023-08-11,8001943,8002267,25,36,120
2023-08-11,8001943,8004440,15,36,134
2023-08-11,8001980,8001980,13,16,266
2023-08-11,8001980,8003486,5,8,202
2023-08-11,8001980,8004564,7,8,334
2023-08-11,8002073,8002073,60,72,113
2023-08-11,8002073,8003993,35,37,141
2023-08-11,8002073,8004642,19,35,76
2023-08-11,8002180,8000793,1,15,4
2023-08-11,8002180,8002180,7,30,16
2023-08-11,8002180,8003470,7,15,30
2023-08-11,8002262,8001692,26,35,106
2023-08-11,8002262,8002262,49,70,121
2023-08-11,8002262,8005276,21,35,149
2023-08-11,8002267,8001943,17,36,135
2023-08-11,8002267,8002267,45,72,132
2023-08-11,8002267,8002509,27,36,125
2023-08-11,8002268,8000033,25,36,121
2023-08-11,8002268,8002268,45,72,132
2023-08-11,8002268,8002509,20,36,155
2023-08-11,8002509,8002267,20,36,153
2023-08-11,8002509,8002268,25,36,116
2023-08-11,8002509,8002509,47,72,142
2023-08-11,8002512,8002512,50,72,142
2023-08-11,8002512,8004440,26,36,130
2023-08-11,8002512,8006712,20,36,150
2023-08-11,8002514,8001357,16,21,103
2023-08-11,8002514,8002514,37,42,136
2023-08-11,8002514,8002769,20,20,136
2023-08-11,8002639,8001038,24,40,81
2023-08-11,8002639,8002639,47,81,99
2023-08-11,8002639,8002640,23,41,110
2023-08-11,8002640,8002639,13,40,62
2023-08-11,8002680,8000441,34,40,303
2023-08-11,8002680,8001045,15,17,235
2023-08-11,8002680,8002680,49,78,190
2023-08-11,8002680,8003168,9,19,69
2023-08-11,8002745,8000171,24,35,66
2023-08-11,8002745,8002745,41,70,62
2023-08-11,8002745,8006342,16,35,45
2023-08-11,8002754,8001836,5,32,15
2023-08-11,8002754,8002754,21,65,32
2023-08-11,8002754,8003166,12,33,40
2023-08-11,8002769,8002514,19,20,118
2023-08-11,8002769,8002769,39,41,105
2023-08-11,8002769,8006505,16,21,74
2023-08-11,8002779,8000164,13,18,58
2023-08-11,8002779,8001328,11,18,62
2023-08-11,8002779,8002779,25,36,72
2023-08-11,8002953,8002953,42,71,118
2023-08-11,8002953,8003657,13,14,386
2023-08-11,8002953,8003939,14,17,74
2023-08-11,8002953,8006386,9,14,129
2023-08-11,8002992,8000054,11,11,199
2023-08-11,8002992,8001137,4,9,43
2023-08-11,8002992,8002992,19,22,121
2023-08-11,8002992,8003998,2,2,105
2023-08-11,8003018,8001700,10,20,51
2023-08-11,8003018,8003018,16,41,38
2023-08-11,8003090,8000186,8,33,15
2023-08-11,8003090,8003090,37,65,25
2023-08-11,8003090,8003166,32,32,58
2023-08-11,8003166,8002754,9,32,20
2023-08-11,8003166,8003090,6,33,17
2023-08-11,8003166,8003166,35,65,24
2023-08-11,8003168,8000164,5,5,408
2023-08-11,8003168,8002680,16,17,432
2023-08-11,8003168,8003168,110,147,557
2023-08-11,8003168,8003169,31,39,477
2023-08-11,8003168,8004448,23,30,919
2023-08-11,8003168,8006226,25,30,314
2023-08-11,8003168,8006449,7,7,437
2023-08-11,8003169,8001537,27,39,469
2023-08-11,8003169,8003168,33,38,1011
2023-08-11,8003169,8003169,65,77,734
2023-08-11,8003287,8003287,20,41,56
2023-08-11,8003287,8003939,7,20,44
2023-08-11,8003287,8006320,13,21,74
2023-08-11,8003470,8002180,1,15,4
2023-08-11,8003470,8003470,8,30,19
2023-08-11,8003470,8004273,7,15,22
2023-08-11,8003486,8001980,7,8,349
2023-08-11,8003486,8003486,12,15,262
2023-08-11,8003486,8003493,9,12,185
2023-08-11,8003493,8000187,8,12,192
2023-08-11,8003493,8003486,8,12,170
2023-08-11,8003493,8003493,15,24,169
2023-08-11,8003621,8003621,12,16,212
2023-08-11,8003621,8004564,5,8,146
2023-08-11,8003621,8005319,7,8,300
2023-08-11,8003638,8000978,7,16,28
2023-08-11,8003638,8003638,6,33,9
2023-08-11,8003638,8003965,0,17,0
2023-08-11,8003657,8000186,15,33,177
2023-08-11,8003657,8002953,17,20,62
2023-08-11,8003657,8003657,40,67,118
2023-08-11,8003716,8001700,7,21,47
2023-08-11,8003716,8003716,10,41,43
2023-08-11,8003716,8006320,9,20,50
2023-08-11,8003896,8001137,16,17,296
2023-08-11,8003896,8003896,30,34,202
2023-08-11,8003896,8006379,11,17,108
2023-08-11,8003909,8001546,45,56,73
2023-08-11,8003909,8003909,70,112,61
2023-08-11,8003909,8005971,26,56,45
2023-08-11,8003916,8001520,38,56,85
2023-08-11,8003916,8001535,34,56,34
2023-08-11,8003916,8003916,75,112,53
2023-08-11,8003925,8000171,29,39,58
2023-08-11,8003925,8003925,55,78,69
2023-08-11,8003925,8005971,16,39,51
2023-08-11,8003936,8001526,31,56,48
2023-08-11,8003936,8001546,45,56,61
2023-08-11,8003936,8003936,90,112,62
2023-08-11,8003939,8002953,9,16,43
2023-08-11,8003939,8003287,11,21,64
2023-08-11,8003939,8003939,20,41,63
2023-08-11,8003946,8000081,36,56,72
2023-08-11,8003946,8001518,22,56,26
2023-08-11,8003946,8003946,55,112,49
2023-08-11,8003965,8003638,6,16,19
2023-08-11,8003965,8003965,6,33,13
2023-08-11,8003965,8003967,0,17,0
2023-08-11,8003967,8001066,2,38,2
2023-08-11,8003967,8003965,7,16,28
2023-08-11,8003967,8003967,9,33,16
2023-08-11,8003993,8000927,37,40,182
2023-08-11,8003993,8002073,28,35,48
2023-08-11,8003993,8003993,61,75,81
2023-08-11,8003998,8000904,2,2,75
2023-08-11,8003998,8002992,2,4,195
2023-08-11,8003998,8003998,5,6,165
2023-08-11,8004228,8000605,39,40,143
2023-08-11,8004228,8004228,50,75,112
2023-08-11,8004228,8006389,22,35,105
2023-08-11,8004230,8000081,40,55,333
2023-08-11,8004230,8004230,114,124,336
2023-08-11,8004230,8004419,65,69,323
2023-08-11,8004269,8000358,62,69,301
2023-08-11,8004269,8004269,119,137,309
2023-08-11,8004269,8004288,62,68,324
2023-08-11,8004273,8003470,1,15,4
2023-08-11,8004288,8004269,61,69,303
2023-08-11,8004288,8004288,123,137,311
2023-08-11,8004288,8004419,58,68,309
2023-08-11,8004419,8000081,12,13,180
2023-08-11,8004419,8004230,47,55,351
2023-08-11,8004419,8004288,51,69,282
2023-08-11,8004419,8004419,123,137,307
2023-08-11,8004440,8001943,33,36,159
2023-08-11,8004440,8002512,19,36,147
2023-08-11,8004440,8004440,48,72,146
2023-08-11,8004448,8003168,20,31,440
2023-08-11,8004448,8004448,50,61,695
2023-08-11,8004474,8000358,56,68,316
2023-08-11,8004474,8001039,55,69,211
2023-08-11,8004474,8004474,111,137,295
2023-08-11,8004564,8001980,7,8,199
2023-08-11,8004564,8003621,7,8,334
2023-08-11,8004564,8004564,14,16,262
2023-08-11,8004642,8000605,24,35,93
2023-08-11,8004642,8002073,31,37,128
2023-08-11,8004642,8004642,56,72,102
2023-08-11,8004883,8000239,53,55,253
2023-08-11,8004883,8001530,51,56,229
2023-08-11,8004883,8004883,98,111,239
2023-08-11,8005227,8001357,19,21,129
2023-08-11,8005289,8000793,7,16,34
2023-08-11,8005289,8005289,8,33,18
2023-08-11,8005289,8006109,1,17,4
2023-08-11,8005319,8001851,7,8,289
2023-08-11,8005319,8003621,5,8,139
2023-08-11,8005319,8005319,12,16,218
2023-08-11,8005488,8000033,21,36,168
2023-08-11,8005488,8005488,56,72,157
2023-08-11,8005488,8006607,22,36,112
2023-08-11,8005525,8003783,19,19,186
2023-08-11,8005525,8005525,25,37,132
2023-08-11,8005525,8005526,6,18,63
2023-08-11,8005526,8001097,6,18,58
2023-08-11,8005526,8005525,19,19,204
2023-08-11,8005526,8005526,25,37,136
2023-08-11,8005555,8000966,7,9,127
2023-08-11,8005555,8005555,13,17,145
2023-08-11,8005555,8005569,5,8,158
2023-08-11,8005569,8005555,5,9,113
2023-08-11,8005569,8005569,11,17,134
2023-08-11,8005569,8006486,6,8,154
2023-08-11,8005971,8003909,48,56,65
2023-08-11,8005971,8003925,35,39,60
2023-08-11,8005971,8005971,31,78,42
2023-08-11,8006109,8000978,1,17,4
2023-08-11,8006109,8005289,7,16,30
2023-08-11,8006109,8006109,7,33,11
2023-08-11,8006226,8000853,15,16,767
2023-08-11,8006226,8000977,5,5,630
2023-08-11,8006226,8001515,9,9,930
2023-08-11,8006226,8001537,8,8,1222
2023-08-11,8006226,8001585,15,16,193
2023-08-11,8006226,8001911,18,22,241
2023-08-11,8006226,8003168,25,30,340
2023-08-11,8006226,8006226,137,167,406
2023-08-11,8006226,8006386,26,30,216
2023-08-11,8006227,8001039,50,55,448
2023-08-11,8006227,8001905,68,69,182
2023-08-11,8006227,8004474,11,13,132
2023-08-11,8006227,8006227,100,137,248
2023-08-11,8006320,8003287,4,20,34
2023-08-11,8006320,8003716,6,21,49
2023-08-11,8006320,8006320,30,59,60
2023-08-11,8006323,8001045,28,30,172
2023-08-11,8006323,8001093,25,36,74
2023-08-11,8006323,8006323,42,71,91
2023-08-11,8006342,8002745,28,35,88
2023-08-11,8006342,8006342,41,70,62
2023-08-11,8006342,8006383,16,35,54
2023-08-11,8006348,8000239,19,22,385
2023-08-11,8006348,8001323,19,22,425
2023-08-11,8006348,8006348,38,44,384
2023-08-11,8006379,8003896,17,17,360
2023-08-11,8006379,8005336,11,17,129
2023-08-11,8006379,8006379,29,34,254
2023-08-11,8006383,8006342,15,35,52
2023-08-11,8006383,8006383,26,70,43
2023-08-11,8006386,8000977,24,33,126
2023-08-11,8006386,8001795,11,15,484
2023-08-11,8006386,8002953,14,14,407
2023-08-11,8006386,8006226,25,31,179
2023-08-11,8006386,8006386,94,125,222
2023-08-11,8006386,8006510,14,17,71
2023-08-11,8006389,8000113,20,35,94
2023-08-11,8006389,8004228,29,37,98
2023-08-11,8006389,8006389,52,72,102
2023-08-11,8006486,8005569,4,9,107
2023-08-11,8006505,8001538,16,21,90
2023-08-11,8006505,8002769,14,20,98
2023-08-11,8006505,8006505,33,41,95
2023-08-11,8006510,8000977,5,5,708
2023-08-11,8006510,8001536,23,40,134
2023-08-11,8006510,8006386,17,17,125
2023-08-11,8006510,8006510,59,80,153
2023-08-11,8006710,8001035,9,35,14
2023-08-11,8006710,8006710,42,70,56
2023-08-11,8006710,8006711,24,35,86
2023-08-11,8006711,8006710,25,35,34
2023-08-11,8006711,8006711,50,70,55
2023-08-11,8006712,8002512,30,36,143
2023-08-11,8006712,8006712,52,72,146
2023-08-12,8000033,8000033,137,193,415
2023-08-12,8000033,8001795,40,55,523
2023-08-12,8000033,8002268,26,41,179
2023-08-12,8000033,8005488,28,40,68
2023-08-12,8000033,8006719,50,57,734
2023-08-12,8000037,8000037,112,148,359
2023-08-12,8000037,8000113,12,21,79
2023-08-12,8000037,8000171,2,2,1455
2023-08-12,8000037,8000392,26,33,753
2023-08-12,8000037,8001524,12,19,22
2023-08-12,8000037,8001795,33,33,736
2023-08-12,8000037,8001836,12,20,100
2023-08-12,8000054,8000054,5,18,18
2023-08-12,8000054,8001137,5,6,85
2023-08-12,8000054,8001182,2,9,10
2023-08-12,8000054,8002992,9,11,35
2023-08-12,8000054,8006453,1,10,9
2023-08-12,8000081,8000081,167,246,120
2023-08-12,8000081,8001531,36,43,211
2023-08-12,8000081,8001542,22,37,47
2023-08-12,8000081,8003946,7,37,15
2023-08-12,8000081,8004230,39,43,146
2023-08-12,8000113,8000037,13,18,45
2023-08-12,8000113,8000113,43,67,91
2023-08-12,8000113,8001066,21,36,44
2023-08-12,8000113,8006389,24,35,114
2023-08-12,8000164,8000164,193,241,446
2023-08-12,8000164,8000887,14,19,264
2023-08-12,8000164,8001327,75,90,335
2023-08-12,8000164,8001515,7,7,2606
2023-08-12,8000164,8001900,21,22,1170
2023-08-12,8000164,8001909,6,8,300
2023-08-12,8000164,8002223,14,15,106
2023-08-12,8000164,8002227,11,15,80
2023-08-12,8000164,8002680,2,2,4050
2023-08-12,8000164,8002779,12,17,88
2023-08-12,8000164,8003168,1,1,1710
2023-08-12,8000171,8000037,2,2,180
2023-08-12,8000171,8000171,81,132,399
2023-08-12,8000171,8000392,34,65,258
2023-08-12,8000171,8001061,30,33,805
2023-08-12,8000171,8002745,23,31,218
2023-08-12,8000171,8003925,17,37,34
2023-08-12,8000186,8003090,0,19,0
2023-08-12,8000186,8003657,0,32,0
2023-08-12,8000239,8000239,64,77,189
2023-08-12,8000239,8001097,4,18,23
2023-08-12,8000239,8004883,28,39,165
2023-08-12,8000239,8006348,21,21,396
2023-08-12,8000358,8000358,63,86,102
2023-08-12,8000358,8004269,32,43,105
2023-08-12,8000358,8004474,35,43,115
2023-08-12,8000392,8000037,28,33,520
2023-08-12,8000392,8000171,49,65,514
2023-08-12,8000392,8000392,93,130,376
2023-08-12,8000392,8001545,21,32,91
2023-08-12,8000605,8000605,46,67,91
2023-08-12,8000605,8004228,21,32,51
2023-08-12,8000605,8004642,27,35,118
2023-08-12,8000745,8000745,40,67,122
2023-08-12,8000745,8001093,20,33,171
2023-08-12,8000745,8001394,17,33,73
2023-08-12,8000793,8000793,7,30,15
2023-08-12,8000793,8002180,6,15,26
2023-08-12,8000793,8005289,0,15,0
2023-08-12,8000904,8000904,5,6,80
2023-08-12,8000904,8001137,1,2,60
2023-08-12,8000904,8003998,4,4,90
2023-08-12,8000927,8000927,21,29,115
2023-08-12,8000927,8000966,14,16,188
2023-08-12,8000927,8003993,9,32,24
2023-08-12,8000966,8000927,13,14,90
2023-08-12,8000966,8000966,25,25,193
2023-08-12,8000966,8005555,12,12,320
2023-08-12,8000977,8000977,66,92,125
2023-08-12,8000977,8006226,8,9,67
2023-08-12,8000977,8006386,12,26,67
2023-08-12,8000977,8006510,9,11,74
2023-08-12,8000978,8000978,6,30,14
2023-08-12,8000978,8003638,0,15,0
2023-08-12,8000978,8006109,6,15,18
2023-08-12,8001035,8001035,34,48,63
2023-08-12,8001035,8006710,23,24,111
2023-08-12,8001038,8001038,62,80,68
2023-08-12,8001038,8002639,33,40,88
2023-08-12,8001038,8006194,18,40,34
2023-08-12,8001039,8001039,70,86,113
2023-08-12,8001039,8004474,32,43,94
2023-08-12,8001039,8006227,31,43,114
2023-08-12,8001045,8001045,50,72,172
2023-08-12,8001045,8002680,14,17,122
2023-08-12,8001045,8003986,30,34,282
2023-08-12,8001045,8006323,9,21,47
2023-08-12,8001061,8000171,23,33,478
2023-08-12,8001061,8001061,56,66,657
2023-08-12,8001061,8001558,17,17,1151
2023-08-12,8001066,8000113,20,35,27
2023-08-12,8001066,8001066,47,71,40
2023-08-12,8001066,8003967,30,36,43
2023-08-12,8001093,8000745,19,34,74
2023-08-12,8001093,8001093,33,67,113
2023-08-12,8001093,8006323,19,33,164
2023-08-12,8001097,8000239,17,17,62
2023-08-12,8001097,8001097,35,35,45
2023-08-12,8001097,8005526,18,18,102
2023-08-12,8001137,8000054,4,6,60
2023-08-12,8001137,8000904,3,4,90
2023-08-12,8001137,8001137,26,34,79
2023-08-12,8001137,8002992,7,7,146
2023-08-12,8001137,8003896,14,17,60
2023-08-12,8001182,8000054,5,9,17
2023-08-12,8001357,8001357,36,40,192
2023-08-12,8001357,8002514,19,20,195
2023-08-12,8001357,8005227,19,20,238
2023-08-12,8001358,8001358,4,4,135
2023-08-12,8001358,8002835,2,2,90
2023-08-12,8001358,8003424,2,2,195
2023-08-12,8001394,8000745,24,32,192
2023-08-12,8001394,8001394,42,65,136
2023-08-12,8001394,8001692,18,33,95
2023-08-12,8001505,8001505,78,86,218
2023-08-12,8001505,8001525,36,43,214
2023-08-12,8001505,8001531,40,43,203
2023-08-12,8001515,8000164,6,7,1277
2023-08-12,8001515,8001515,49,61,885
2023-08-12,8001515,8001537,25,30,1154
2023-08-12,8001515,8001543,12,14,197
2023-08-12,8001515,8006226,10,10,978
2023-08-12,8001516,8001549,38,38,51
2023-08-12,8001517,8001517,57,74,73
2023-08-12,8001517,8001529,28,37,92
2023-08-12,8001517,8001535,21,37,58
2023-08-12,8001518,8001518,46,74,46
2023-08-12,8001518,8001520,12,37,19
2023-08-12,8001518,8003946,31,37,73
2023-08-12,8001519,8001519,63,86,201
2023-08-12,8001519,8001525,31,43,207
2023-08-12,8001519,8001543,32,43,193
2023-08-12,8001520,8001518,17,37,49
2023-08-12,8001520,8001520,34,74,43
2023-08-12,8001520,8003916,31,37,36
2023-08-12,8001521,8001521,30,38,137
2023-08-12,8001521,8001522,16,19,112
2023-08-12,8001521,8001534,13,19,164
2023-08-12,8001522,8001521,19,19,193
2023-08-12,8001522,8001522,105,127,94
2023-08-12,8001522,8001523,16,22,154
2023-08-12,8001522,8001524,24,26,-28
2023-08-12,8001522,8001545,8,10,120
2023-08-12,8001523,8001522,14,22,110
2023-08-12,8001523,8001523,25,44,133
2023-08-12,8001523,8001545,15,22,175
2023-08-12,8001524,8000037,24,26,133
2023-08-12,8001524,8001522,14,19,52
2023-08-12,8001524,8001524,37,45,49
2023-08-12,8001525,8001505,31,43,195
2023-08-12,8001525,8001519,31,43,195
2023-08-12,8001525,8001525,64,86,200
2023-08-12,8001526,8001526,47,74,56
2023-08-12,8001526,8001529,34,37,78
2023-08-12,8001526,8003936,12,37,54
2023-08-12,8001527,8001527,70,82,97
2023-08-12,8001527,8001536,29,41,89
2023-08-12,8001528,8001329,17,17,139
2023-08-12,8001528,8001528,28,34,111
2023-08-12,8001528,8001539,10,17,76
2023-08-12,8001529,8001517,29,37,79
2023-08-12,8001529,8001526,11,37,60
2023-08-12,8001529,8001529,62,74,77
2023-08-12,8001530,8001530,72,79,206
2023-08-12,8001530,8001533,31,39,159
2023-08-12,8001530,8004883,39,40,245
2023-08-12,8001531,8000081,33,43,209
2023-08-12,8001531,8001505,40,43,220
2023-08-12,8001531,8001531,71,86,203
2023-08-12,8001532,8001532,30,34,122
2023-08-12,8001532,8001544,17,17,157
2023-08-12,8001533,8001530,40,40,242
2023-08-12,8001533,8001533,69,79,182
2023-08-12,8001534,8001521,9,19,95
2023-08-12,8001534,8001534,22,38,127
2023-08-12,8001534,8001538,13,19,166
2023-08-12,8001535,8001517,22,37,36
2023-08-12,8001535,8001535,54,74,52
2023-08-12,8001535,8003916,28,37,70
2023-08-12,8001536,8001527,27,41,67
2023-08-12,8001536,8001536,44,82,71
2023-08-12,8001536,8006510,39,41,95
2023-08-12,8001537,8000164,1,1,1440
2023-08-12,8001537,8001515,24,31,634
2023-08-12,8001537,8001537,62,76,901
2023-08-12,8001537,8003169,32,38,1138
2023-08-12,8001537,8006226,6,6,800
2023-08-12,8001538,8001534,12,19,103
2023-08-12,8001538,8001538,26,38,144
2023-08-12,8001538,8006505,13,19,174
2023-08-12,8001539,8001528,16,17,124
2023-08-12,8001539,8001539,27,34,90
2023-08-12,8001539,8001541,10,17,83
2023-08-12,8001540,8001540,56,75,48
2023-08-12,8001540,8001542,19,38,21
2023-08-12,8001540,8001549,37,37,99
2023-08-12,8001541,8001539,15,17,88
2023-08-12,8001541,8001541,26,34,98
2023-08-12,8001541,8001544,9,17,76
2023-08-12,8001542,8000081,1,38,1
2023-08-12,8001542,8001540,26,37,52
2023-08-12,8001542,8001542,41,75,32
2023-08-12,8001543,8001327,77,90,286
2023-08-12,8001543,8001515,11,14,184
2023-08-12,8001543,8001519,31,43,200
2023-08-12,8001543,8001543,139,180,286
2023-08-12,8001544,8001532,9,17,67
2023-08-12,8001544,8001541,17,17,148
2023-08-12,8001544,8001544,26,34,108
2023-08-12,8001545,8000392,22,32,156
2023-08-12,8001545,8001522,8,10,84
2023-08-12,8001545,8001523,11,22,100
2023-08-12,8001545,8001545,38,64,121
2023-08-12,8001546,8001546,47,74,58
2023-08-12,8001546,8003909,17,37,60
2023-08-12,8001546,8003936,35,37,57
2023-08-12,8001549,8001516,37,37,64
2023-08-12,8001549,8001540,21,38,33
2023-08-12,8001549,8001549,75,75,72
2023-08-12,8001692,8001394,22,32,158
2023-08-12,8001692,8001692,44,65,122
2023-08-12,8001692,8002262,21,33,115
2023-08-12,8001700,8001700,8,35,18
2023-08-12,8001700,8003018,3,17,14
2023-08-12,8001700,8003716,2,18,7
2023-08-12,8001729,8001729,8,11,115
2023-08-12,8001729,8003018,2,2,105
2023-08-12,8001729,8004406,1,2,30
2023-08-12,8001729,8004407,2,2,210
2023-08-12,8001795,8000033,51,57,706
2023-08-12,8001795,8000037,28,32,701
2023-08-12,8001795,8001795,91,112,587
2023-08-12,8001795,8006386,7,11,292
2023-08-12,8001836,8000037,14,19,92
2023-08-12,8001836,8001836,25,39,80
2023-08-12,8001836,8002754,11,20,76
2023-08-12,8001851,8001851,3,4,120
2023-08-12,8001851,8003791,1,2,210
2023-08-12,8001851,8005319,4,9,43
2023-08-12,8001943,8001943,57,81,116
2023-08-12,8001943,8002267,26,40,70
2023-08-12,8001943,8004440,20,41,142
2023-08-12,8001976,8001976,4,4,195
2023-08-12,8001976,8003018,2,2,270
2023-08-12,8001976,8003424,2,2,75
2023-08-12,8001980,8001980,13,17,145
2023-08-12,8001980,8003486,7,9,63
2023-08-12,8001980,8004564,8,8,251
2023-08-12,8002073,8002073,48,67,90
2023-08-12,8002073,8003993,28,35,137
2023-08-12,8002073,8004642,14,32,31
2023-08-12,8002180,8000793,0,15,0
2023-08-12,8002180,8002180,5,30,12
2023-08-12,8002180,8003470,7,15,26
2023-08-12,8002262,8001692,27,32,133
2023-08-12,8002262,8002262,46,65,122
2023-08-12,8002262,8005276,17,33,96
2023-08-12,8002267,8001943,25,41,143
2023-08-12,8002267,8002267,58,81,115
2023-08-12,8002267,8002509,29,40,74
2023-08-12,8002268,8000033,23,40,71
2023-08-12,8002268,8002268,49,81,118
2023-08-12,8002268,8002509,25,41,165
2023-08-12,8002509,8002267,33,41,168
2023-08-12,8002509,8002268,27,40,69
2023-08-12,8002509,8002509,54,81,121
2023-08-12,8002512,8002512,56,81,117
2023-08-12,8002512,8004440,30,40,84
2023-08-12,8002512,8006712,23,41,138
2023-08-12,8002514,8001357,14,20,166
2023-08-12,8002514,8002514,33,40,182
2023-08-12,8002514,8002769,19,19,186
2023-08-12,8002639,8001038,29,40,56
2023-08-12,8002639,8002639,55,80,53
2023-08-12,8002639,8002640,23,40,51
2023-08-12,8002640,8002639,8,40,16
2023-08-12,8002680,8000441,31,37,658
2023-08-12,8002680,8001045,14,14,300
2023-08-12,8002680,8002680,57,72,468
2023-08-12,8002680,8003168,15,19,406
2023-08-12,8002745,8000171,15,31,57
2023-08-12,8002745,8002745,37,62,136
2023-08-12,8002745,8006342,23,31,210
2023-08-12,8002754,8001836,7,19,71
2023-08-12,8002754,8002754,24,39,89
2023-08-12,8002754,8003166,14,20,102
2023-08-12,8002769,8002514,18,19,166
2023-08-12,8002769,8002769,37,38,145
2023-08-12,8002769,8006505,12,19,109
2023-08-12,8002779,8000164,17,17,143
2023-08-12,8002779,8001328,13,17,94
2023-08-12,8002779,8002779,31,34,135
2023-08-12,8002826,8002826,4,4,112
2023-08-12,8002826,8005731,2,2,180
2023-08-12,8002826,8006118,2,2,30
2023-08-12,8002835,8001358,2,2,150
2023-08-12,8002835,8002835,4,4,158
2023-08-12,8002835,8005731,2,2,180
2023-08-12,8002953,8002953,36,69,61
2023-08-12,8002953,8003657,13,15,114
2023-08-12,8002953,8003939,7,15,54
2023-08-12,8002953,8006226,5,5,300
2023-08-12,8002953,8006386,4,7,56
2023-08-12,8002992,8000054,11,11,153
2023-08-12,8002992,8001137,3,9,17
2023-08-12,8002992,8002992,17,22,80
2023-08-12,8002992,8003998,1,2,60
2023-08-12,8003018,8001700,3,18,7
2023-08-12,8003018,8001729,2,2,165
2023-08-12,8003018,8001976,2,2,90
2023-08-12,8003018,8003018,7,39,19
2023-08-12,8003090,8000186,5,20,44
2023-08-12,8003090,8003090,21,39,39
2023-08-12,8003090,8003166,18,19,62
2023-08-12,8003166,8002754,10,19,77
2023-08-12,8003166,8003090,4,20,48
2023-08-12,8003166,8003166,22,39,59
2023-08-12,8003168,8000164,5,5,762
2023-08-12,8003168,8002680,13,16,709
2023-08-12,8003168,8003168,123,143,761
2023-08-12,8003168,8003169,31,38,679
2023-08-12,8003168,8004448,25,30,1116
2023-08-12,8003168,8006226,26,29,776
2023-08-12,8003168,8006449,6,6,305
2023-08-12,8003169,8001537,31,38,678
2023-08-12,8003169,8003168,34,38,1143
2023-08-12,8003169,8003169,63,76,906
2023-08-12,8003287,8003287,8,35,23
2023-08-12,8003287,8003939,2,18,8
2023-08-12,8003287,8006320,6,17,37
2023-08-12,8003424,8001358,2,2,90
2023-08-12,8003424,8001976,2,2,315
2023-08-12,8003424,8003424,4,4,158
2023-08-12,8003470,8002180,0,15,0
2023-08-12,8003470,8003470,7,30,15
2023-08-12,8003470,8004273,7,15,20
2023-08-12,8003486,8001980,6,8,229
2023-08-12,8003486,8003486,13,14,180
2023-08-12,8003486,8003493,7,10,78
2023-08-12,8003493,8000187,8,10,81
2023-08-12,8003493,8003486,7,10,126
2023-08-12,8003493,8003493,12,20,98
2023-08-12,8003621,8003621,11,17,111
2023-08-12,8003621,8004564,4,9,43
2023-08-12,8003621,8005319,8,8,184
2023-08-12,8003638,8000978,6,15,26
2023-08-12,8003638,8003638,5,30,8
2023-08-12,8003638,8003965,1,15,4
2023-08-12,8003657,8000186,13,31,52
2023-08-12,8003657,8002953,18,18,70
2023-08-12,8003657,8003657,33,63,41
2023-08-12,8003716,8001700,5,17,23
2023-08-12,8003716,8003716,6,35,15
2023-08-12,8003716,8006320,4,18,13
2023-08-12,8003791,8001851,1,2,30
2023-08-12,8003791,8003791,3,4,135
2023-08-12,8003791,8006117,2,2,300
2023-08-12,8003896,8001137,15,17,118
2023-08-12,8003896,8003896,32,34,104
2023-08-12,8003896,8006379,13,17,78
2023-08-12,8003909,8001546,34,37,59
2023-08-12,8003909,8003909,55,74,69
2023-08-12,8003909,8005971,18,37,67
2023-08-12,8003916,8001520,27,37,83
2023-08-12,8003916,8001535,26,37,36
2023-08-12,8003916,8003916,54,74,51
2023-08-12,8003925,8000171,30,37,78
2023-08-12,8003925,8003925,64,74,72
2023-08-12,8003925,8005971,25,37,34
2023-08-12,8003936,8001526,21,37,35
2023-08-12,8003936,8001546,32,37,88
2023-08-12,8003936,8003936,66,74,67
2023-08-12,8003939,8002953,3,16,8
2023-08-12,8003939,8003287,6,17,39
2023-08-12,8003939,8003939,9,35,26
2023-08-12,8003946,8000081,26,37,67
2023-08-12,8003946,8001518,11,37,18
2023-08-12,8003946,8003946,35,74,41
2023-08-12,8003965,8003638,5,15,16
2023-08-12,8003965,8003965,6,30,16
2023-08-12,8003965,8003967,1,15,6
2023-08-12,8003967,8001066,2,35,3
2023-08-12,8003967,8003965,5,15,24
2023-08-12,8003967,8003967,12,30,22
2023-08-12,8003993,8000927,31,35,158
2023-08-12,8003993,8002073,24,32,52
2023-08-12,8003993,8003993,46,67,94
2023-08-12,8003998,8000904,1,2,60
2023-08-12,8003998,8002992,4,4,60
2023-08-12,8003998,8003998,5,6,70
2023-08-12,8004228,8000605,32,35,127
2023-08-12,8004228,8004228,40,67,83
2023-08-12,8004228,8006389,20,32,68
2023-08-12,8004230,8000081,29,43,88
2023-08-12,8004230,8004230,71,86,120
2023-08-12,8004230,8004419,38,43,136
2023-08-12,8004269,8000358,39,43,133
2023-08-12,8004269,8004269,71,86,120
2023-08-12,8004269,8004288,34,43,109
2023-08-12,8004273,8003470,0,15,0
2023-08-12,8004288,8004269,38,43,128
2023-08-12,8004288,8004288,72,86,114
2023-08-12,8004288,8004419,32,43,97
2023-08-12,8004419,8004230,32,43,101
2023-08-12,8004419,8004288,32,43,106
2023-08-12,8004419,8004419,70,86,111
2023-08-12,8004440,8001943,33,40,108
2023-08-12,8004440,8002512,27,41,151
2023-08-12,8004440,8004440,55,81,124
2023-08-12,8004448,8003168,25,30,679
2023-08-12,8004448,8004448,49,60,898
2023-08-12,8004474,8000358,30,43,89
2023-08-12,8004474,8001039,34,43,117
2023-08-12,8004474,8004474,65,86,100
2023-08-12,8004564,8001980,7,9,70
2023-08-12,8004564,8003621,7,8,259
2023-08-12,8004564,8004564,14,17,161
2023-08-12,8004642,8000605,20,32,50
2023-08-12,8004642,8002073,26,35,135
2023-08-12,8004642,8004642,47,67,87
2023-08-12,8004883,8000239,39,40,226
2023-08-12,8004883,8001530,34,39,166
2023-08-12,8004883,8004883,68,79,204
2023-08-12,8005227,8001357,17,20,170
2023-08-12,8005289,8000793,8,15,34
2023-08-12,8005289,8005289,8,30,17
2023-08-12,8005289,8006109,0,15,0
2023-08-12,8005319,8001851,7,8,184
2023-08-12,8005319,8003621,5,9,50
2023-08-12,8005319,8005319,12,17,104
2023-08-12,8005488,8000033,24,41,181
2023-08-12,8005488,8005488,54,81,136
2023-08-12,8005488,8006607,17,40,58
2023-08-12,8005525,8003783,18,18,97
2023-08-12,8005525,8005525,20,35,62
2023-08-12,8005525,8005526,2,17,14
2023-08-12,8005526,8001097,2,17,11
2023-08-12,8005526,8005525,18,18,115
2023-08-12,8005526,8005526,20,35,69
2023-08-12,8005555,8000966,13,13,118
2023-08-12,8005555,8005555,25,25,214
2023-08-12,8005555,8005569,12,12,335
2023-08-12,8005569,8005555,4,13,88
2023-08-12,8005569,8005569,16,25,206
2023-08-12,8005569,8006486,12,12,242
2023-08-12,8005731,8002826,2,2,120
2023-08-12,8005731,8002835,2,2,165
2023-08-12,8005731,8005731,4,4,165
2023-08-12,8005971,8003909,37,37,52
2023-08-12,8005971,8003925,37,37,88
2023-08-12,8005971,8005971,39,74,43
2023-08-12,8006109,8000978,0,15,0
2023-08-12,8006109,8005289,7,15,28
2023-08-12,8006109,8006109,5,30,8
2023-08-12,8006117,8003791,0,2,0
2023-08-12,8006117,8006117,2,4,142
2023-08-12,8006117,8006118,2,2,255
2023-08-12,8006118,8002826,2,2,225
2023-08-12,8006118,8006117,1,2,15
2023-08-12,8006118,8006118,3,4,142
2023-08-12,8006226,8000853,16,16,1159
2023-08-12,8006226,8000977,9,9,197
2023-08-12,8006226,8001515,9,9,1233
2023-08-12,8006226,8001537,7,8,964
2023-08-12,8006226,8001585,15,15,844
2023-08-12,8006226,8001911,18,22,85
2023-08-12,8006226,8002953,4,5,192
2023-08-12,8006226,8003168,25,28,393
2023-08-12,8006226,8006226,137,160,509
2023-08-12,8006226,8006386,18,20,210
2023-08-12,8006227,8001039,34,43,110
2023-08-12,8006227,8001905,43,43,155
2023-08-12,8006227,8006227,65,86,98
2023-08-12,8006320,8003287,2,18,7
2023-08-12,8006320,8003716,4,17,28
2023-08-12,8006320,8006320,16,52,27
2023-08-12,8006323,8001045,18,19,242
2023-08-12,8006323,8001093,23,34,79
2023-08-12,8006323,8006323,43,67,120
2023-08-12,8006342,8002745,16,31,66
2023-08-12,8006342,8006342,38,62,138
2023-08-12,8006342,8006383,21,31,209
2023-08-12,8006348,8000239,21,21,254
2023-08-12,8006348,8001323,21,21,480
2023-08-12,8006348,8006348,42,42,348
2023-08-12,8006379,8003896,17,17,178
2023-08-12,8006379,8005336,11,17,55
2023-08-12,8006379,8006379,29,34,135
2023-08-12,8006383,8006342,12,31,53
2023-08-12,8006383,8006383,24,62,121
2023-08-12,8006386,8000977,19,26,173
2023-08-12,8006386,8001795,7,11,485
2023-08-12,8006386,8002953,7,7,154
2023-08-12,8006386,8006226,14,20,78
2023-08-12,8006386,8006386,51,88,193
2023-08-12,8006386,8006510,7,13,85
2023-08-12,8006389,8000113,18,32,56
2023-08-12,8006389,8004228,22,35,104
2023-08-12,8006389,8006389,45,67,93
2023-08-12,8006486,8005569,4,13,83
2023-08-12,8006505,8001538,13,19,120
2023-08-12,8006505,8002769,14,19,139
2023-08-12,8006505,8006505,27,38,138
2023-08-12,8006510,8000977,11,11,101
2023-08-12,8006510,8001536,18,41,59
2023-08-12,8006510,8006386,12,13,180
2023-08-12,8006510,8006510,58,82,90
2023-08-12,8006710,8001035,14,24,44
2023-08-12,8006710,8006710,43,48,85
2023-08-12,8006710,8006711,19,24,98
2023-08-12,8006711,8006710,24,24,78
2023-08-12,8006711,8006711,44,48,80
2023-08-12,8006712,8002512,33,40,97
2023-08-12,8006712,8006712,59,81,117
2023-08-13,8000033,8000033,108,172,182
2023-08-13,8000033,8001795,35,50,321
2023-08-13,8000033,8002268,15,35,41
2023-08-13,8000033,8005488,23,40,44
2023-08-13,8000033,8006719,40,47,287
2023-08-13,8000037,8000037,91,133,171
2023-08-13,8000037,8000113,6,17,259
2023-08-13,8000037,8000171,2,2,180
2023-08-13,8000037,8000392,22,31,258
2023-08-13,8000037,8001524,5,17,-12
2023-08-13,8000037,8001795,28,28,142
2023-08-13,8000037,8001836,8,17,286
2023-08-13,8000054,8000054,10,18,43
2023-08-13,8000054,8001137,6,6,50
2023-08-13,8000054,8001182,6,9,23
2023-08-13,8000054,8002992,8,9,47
2023-08-13,8000054,8006453,3,9,17
2023-08-13,8000081,8000081,118,236,61
2023-08-13,8000081,8001531,24,42,90
2023-08-13,8000081,8001542,15,34,56
2023-08-13,8000081,8003946,3,34,4
2023-08-13,8000081,8004230,37,42,91
2023-08-13,8000113,8000037,13,18,35
2023-08-13,8000113,8000113,33,63,114
2023-08-13,8000113,8001066,14,21,46
2023-08-13,8000113,8006389,17,31,184
2023-08-13,8000164,8000164,169,225,295
2023-08-13,8000164,8000887,10,18,53
2023-08-13,8000164,8001327,64,85,245
2023-08-13,8000164,8001515,5,5,2646
2023-08-13,8000164,8001900,19,19,928
2023-08-13,8000164,8001909,6,7,351
2023-08-13,8000164,8002223,8,13,76
2023-08-13,8000164,8002227,8,14,214
2023-08-13,8000164,8002680,1,2,555
2023-08-13,8000164,8002779,10,15,62
2023-08-13,8000164,8003168,1,1,210
2023-08-13,8000171,8000037,2,2,240
2023-08-13,8000171,8000171,56,101,165
2023-08-13,8000171,8000392,24,49,78
2023-08-13,8000171,8001061,29,31,313
2023-08-13,8000171,8002745,8,18,153
2023-08-13,8000171,8003925,10,34,21
2023-08-13,8000186,8003090,1,17,35
2023-08-13,8000186,8003657,0,18,0
2023-08-13,8000239,8000239,44,64,118
2023-08-13,8000239,8001097,7,15,44
2023-08-13,8000239,8004883,18,34,92
2023-08-13,8000239,8006348,16,17,221
2023-08-13,8000358,8000358,44,84,56
2023-08-13,8000358,8004269,28,42,78
2023-08-13,8000358,8004474,23,42,50
2023-08-13,8000392,8000037,25,30,93
2023-08-13,8000392,8000171,34,50,233
2023-08-13,8000392,8000392,65,99,145
2023-08-13,8000392,8001545,14,19,60
2023-08-13,8000605,8000113,0,1,0
2023-08-13,8000605,8000605,42,63,114
2023-08-13,8000605,8004228,16,31,39
2023-08-13,8000605,8004642,24,31,186
2023-08-13,8000745,8000745,31,62,93
2023-08-13,8000745,8001093,19,32,109
2023-08-13,8000745,8001394,12,30,86
2023-08-13,8000793,8000793,2,14,13
2023-08-13,8000793,8002180,2,7,17
2023-08-13,8000793,8005289,0,7,0
2023-08-13,8000904,8000904,2,2,120
2023-08-13,8000904,8003998,2,2,120
2023-08-13,8000927,8000927,21,27,76
2023-08-13,8000927,8000966,13,14,105
2023-08-13,8000927,8003993,7,32,12
2023-08-13,8000966,8000927,11,13,55
2023-08-13,8000966,8000966,22,22,100
2023-08-13,8000966,8005555,11,11,150
2023-08-13,8000977,8000977,44,88,79
2023-08-13,8000977,8006226,0,1,0
2023-08-13,8000977,8006386,11,41,67
2023-08-13,8000977,8006510,0,2,0
2023-08-13,8000978,8000978,2,14,13
2023-08-13,8000978,8003638,0,7,0
2023-08-13,8000978,8006109,2,7,17
2023-08-13,8001035,8001035,28,44,28
2023-08-13,8001035,8006710,21,22,68
2023-08-13,8001038,8001038,57,73,84
2023-08-13,8001038,8002639,29,36,93
2023-08-13,8001038,8006194,20,37,64
2023-08-13,8001039,8001039,44,84,56
2023-08-13,8001039,8004474,19,42,61
2023-08-13,8001039,8006227,18,42,38
2023-08-13,8001045,8001045,47,64,149
2023-08-13,8001045,8002680,12,14,90
2023-08-13,8001045,8003986,29,31,241
2023-08-13,8001045,8006323,10,17,67
2023-08-13,8001061,8000171,17,30,100
2023-08-13,8001061,8001061,53,61,217
2023-08-13,8001061,8001558,17,17,487
2023-08-13,8001066,8000113,12,20,18
2023-08-13,8001066,8001066,27,41,34
2023-08-13,8001066,8003967,16,21,41
2023-08-13,8001093,8000745,15,30,101
2023-08-13,8001093,8001093,34,62,106
2023-08-13,8001093,8006323,20,32,128
2023-08-13,8001097,8000239,15,15,52
2023-08-13,8001097,8001097,30,30,54
2023-08-13,8001097,8005526,15,15,120
2023-08-13,8001137,8000054,3,6,50
2023-08-13,8001137,8000904,2,2,135
2023-08-13,8001137,8001137,17,30,43
2023-08-13,8001137,8002992,3,7,26
2023-08-13,8001137,8003896,7,15,28
2023-08-13,8001182,8000054,7,9,57
2023-08-13,8001357,8001357,30,32,352
2023-08-13,8001357,8002514,16,16,381
2023-08-13,8001357,8005227,14,16,373
2023-08-13,8001394,8000745,22,31,97
2023-08-13,8001394,8001394,34,61,89
2023-08-13,8001394,8001692,12,30,86
2023-08-13,8001505,8001505,51,84,78
2023-08-13,8001505,8001525,22,42,81
2023-08-13,8001505,8001531,24,42,61
2023-08-13,8001515,8000164,5,5,390
2023-08-13,8001515,8001515,38,56,584
2023-08-13,8001515,8001537,21,28,879
2023-08-13,8001515,8001543,13,13,104
2023-08-13,8001515,8006226,9,10,555
2023-08-13,8001516,8001549,35,35,51
2023-08-13,8001517,8001517,45,68,79
2023-08-13,8001517,8001529,24,34,72
2023-08-13,8001517,8001535,17,34,94
2023-08-13,8001518,8001518,33,68,52
2023-08-13,8001518,8001520,7,34,7
2023-08-13,8001518,8003946,23,34,95
2023-08-13,8001519,8001519,33,84,64
2023-08-13,8001519,8001525,15,42,61
2023-08-13,8001519,8001543,18,42,82
2023-08-13,8001520,8001518,11,34,79
2023-08-13,8001520,8001520,25,68,50
2023-08-13,8001520,8003916,27,34,26
2023-08-13,8001521,8001521,26,33,350
2023-08-13,8001521,8001522,11,16,306
2023-08-13,8001521,8001534,14,17,356
2023-08-13,8001522,8001521,17,17,390
2023-08-13,8001522,8001522,84,110,290
2023-08-13,8001522,8001523,8,19,107
2023-08-13,8001522,8001524,17,22,445
2023-08-13,8001523,8001522,13,19,120
2023-08-13,8001523,8001523,20,38,73
2023-08-13,8001523,8001545,11,19,106
2023-08-13,8001524,8000037,18,22,451
2023-08-13,8001524,8001522,9,17,145
2023-08-13,8001524,8001524,23,39,263
2023-08-13,8001525,8001505,13,42,54
2023-08-13,8001525,8001519,16,42,68
2023-08-13,8001525,8001525,32,84,64
2023-08-13,8001526,8001526,37,68,51
2023-08-13,8001526,8001529,29,34,79
2023-08-13,8001526,8003936,8,34,49
2023-08-13,8001527,8001527,59,76,63
2023-08-13,8001527,8001536,12,38,54
2023-08-13,8001528,8001329,12,15,134
2023-08-13,8001528,8001528,22,30,101
2023-08-13,8001528,8001539,7,15,46
2023-08-13,8001529,8001517,26,34,84
2023-08-13,8001529,8001526,7,34,55
2023-08-13,8001529,8001529,55,68,74
2023-08-13,8001530,8001530,54,68,141
2023-08-13,8001530,8001533,20,34,89
2023-08-13,8001530,8004883,30,34,184
2023-08-13,8001531,8000081,14,42,55
2023-08-13,8001531,8001505,27,42,91
2023-08-13,8001531,8001531,36,84,68
2023-08-13,8001532,8001532,23,30,125
2023-08-13,8001532,8001544,15,15,138
2023-08-13,8001533,8001530,32,34,178
2023-08-13,8001533,8001533,52,68,119
2023-08-13,8001534,8001521,9,16,360
2023-08-13,8001534,8001534,23,33,355
2023-08-13,8001534,8001538,14,17,364
2023-08-13,8001535,8001517,16,34,49
2023-08-13,8001535,8001535,52,68,72
2023-08-13,8001535,8003916,26,34,103
2023-08-13,8001536,8001527,18,38,24
2023-08-13,8001536,8001536,23,76,34
2023-08-13,8001536,8006510,26,38,65
2023-08-13,8001537,8000164,1,1,90
2023-08-13,8001537,8001515,17,28,284
2023-08-13,8001537,8001537,48,70,543
2023-08-13,8001537,8003169,30,35,863
2023-08-13,8001537,8006226,3,6,95
2023-08-13,8001538,8001534,9,16,362
2023-08-13,8001538,8001538,25,33,371
2023-08-13,8001538,8006505,16,17,376
2023-08-13,8001539,8001528,13,15,146
2023-08-13,8001539,8001539,23,30,100
2023-08-13,8001539,8001541,10,15,92
2023-08-13,8001540,8001540,46,69,48
2023-08-13,8001540,8001542,12,35,14
2023-08-13,8001540,8001549,34,34,112
2023-08-13,8001541,8001539,8,15,116
2023-08-13,8001541,8001541,20,30,121
2023-08-13,8001541,8001544,7,15,118
2023-08-13,8001542,8000081,0,35,-1
2023-08-13,8001542,8001540,17,34,61
2023-08-13,8001542,8001542,26,69,33
2023-08-13,8001543,8001327,65,85,185
2023-08-13,8001543,8001515,7,13,175
2023-08-13,8001543,8001519,14,42,54
2023-08-13,8001543,8001543,109,170,191
2023-08-13,8001544,8001532,6,15,108
2023-08-13,8001544,8001541,13,15,172
2023-08-13,8001544,8001544,20,30,130
2023-08-13,8001545,8000392,9,19,88
2023-08-13,8001545,8001523,11,19,52
2023-08-13,8001545,8001545,20,38,76
2023-08-13,8001546,8001546,41,68,52
2023-08-13,8001546,8003909,15,34,49
2023-08-13,8001546,8003936,32,34,55
2023-08-13,8001549,8001516,34,34,77
2023-08-13,8001549,8001540,20,35,27
2023-08-13,8001549,8001549,69,69,77
2023-08-13,8001692,8001394,16,31,75
2023-08-13,8001692,8001692,30,61,84
2023-08-13,8001692,8002262,14,30,99
2023-08-13,8001700,8001700,6,18,65
2023-08-13,8001700,8003018,2,9,100
2023-08-13,8001700,8003716,1,9,3
2023-08-13,8001729,8001729,2,4,105
2023-08-13,8001795,8000033,44,49,255
2023-08-13,8001795,8000037,22,28,313
2023-08-13,8001795,8001795,77,99,278
2023-08-13,8001795,8006386,10,15,158
2023-08-13,8001836,8000037,11,17,72
2023-08-13,8001836,8001836,19,34,164
2023-08-13,8001836,8002754,8,17,268
2023-08-13,8001851,8005319,5,6,55
2023-08-13,8001943,8001943,46,73,68
2023-08-13,8001943,8002267,27,38,61
2023-08-13,8001943,8004440,10,35,53
2023-08-13,8001980,8001980,12,12,140
2023-08-13,8001980,8003486,6,6,75
2023-08-13,8001980,8004564,6,6,200
2023-08-13,8002073,8002073,43,60,114
2023-08-13,8002073,8003993,27,31,203
2023-08-13,8002073,8004642,14,29,23
2023-08-13,8002180,8000793,0,7,0
2023-08-13,8002180,8002180,1,14,4
2023-08-13,8002180,8003470,2,7,17
2023-08-13,8002262,8001692,18,31,86
2023-08-13,8002262,8002262,34,61,96
2023-08-13,8002262,8005276,11,30,87
2023-08-13,8002267,8001943,14,35,53
2023-08-13,8002267,8002267,35,73,54
2023-08-13,8002267,8002509,25,38,53
2023-08-13,8002268,8000033,14,38,43
2023-08-13,8002268,8002268,34,73,49
2023-08-13,8002268,8002509,15,35,66
2023-08-13,8002509,8002267,13,35,62
2023-08-13,8002509,8002268,21,38,51
2023-08-13,8002509,8002509,41,73,60
2023-08-13,8002512,8002512,48,73,84
2023-08-13,8002512,8004440,28,38,68
2023-08-13,8002512,8006712,16,35,111
2023-08-13,8002514,8001357,10,16,311
2023-08-13,8002514,8002514,26,32,347
2023-08-13,8002514,8002769,16,16,347
2023-08-13,8002639,8001038,29,37,77
2023-08-13,8002639,8002639,53,73,65
2023-08-13,8002639,8002640,22,36,67
2023-08-13,8002640,8002639,8,37,26
2023-08-13,8002680,8000441,29,33,253
2023-08-13,8002680,8001045,11,12,262
2023-08-13,8002680,8002680,44,65,312
2023-08-13,8002680,8003168,10,18,495
2023-08-13,8002745,8000171,9,18,55
2023-08-13,8002745,8002745,14,36,103
2023-08-13,8002745,8006342,6,18,140
2023-08-13,8002754,8001836,2,17,41
2023-08-13,8002754,8002754,17,34,154
2023-08-13,8002754,8003166,11,17,240
2023-08-13,8002769,8002514,15,16,317
2023-08-13,8002769,8002769,31,33,315
2023-08-13,8002769,8006505,11,16,264
2023-08-13,8002779,8000164,15,15,134
2023-08-13,8002779,8001328,10,15,64
2023-08-13,8002779,8002779,26,30,115
2023-08-13,8002953,8002953,25,53,45
2023-08-13,8002953,8003657,11,14,90
2023-08-13,8002953,8003939,2,8,79
2023-08-13,8002953,8006386,5,11,30
2023-08-13,8002992,8000054,8,9,73
2023-08-13,8002992,8001137,6,9,27
2023-08-13,8002992,8002992,14,18,43
2023-08-13,8003018,8001700,3,9,17
2023-08-13,8003018,8003018,4,18,50
2023-08-13,8003090,8000186,3,17,221
2023-08-13,8003090,8003090,20,34,151
2023-08-13,8003090,8003166,17,17,109
2023-08-13,8003166,8002754,6,17,49
2023-08-13,8003166,8003090,3,17,217
2023-08-13,8003166,8003166,16,34,141
2023-08-13,8003168,8000164,5,5,1842
2023-08-13,8003168,8002680,14,16,255
2023-08-13,8003168,8003168,96,136,434
2023-08-13,8003168,8003169,23,35,239
2023-08-13,8003168,8004448,23,28,897
2023-08-13,8003168,8006226,26,28,179
2023-08-13,8003168,8006449,5,6,175
2023-08-13,8003169,8001537,21,35,237
2023-08-13,8003169,8003168,29,35,872
2023-08-13,8003169,8003169,53,70,550
2023-08-13,8003287,8003287,5,18,78
2023-08-13,8003287,8003939,3,9,10
2023-08-13,8003287,8006320,2,9,140
2023-08-13,8003470,8002180,0,7,0
2023-08-13,8003470,8003470,2,14,13
2023-08-13,8003470,8004273,2,7,17
2023-08-13,8003486,8001980,5,6,185
2023-08-13,8003486,8003486,11,12,128
2023-08-13,8003486,8003493,6,7,77
2023-08-13,8003493,8000187,6,7,99
2023-08-13,8003493,8003486,8,8,142
2023-08-13,8003493,8003493,13,15,108
2023-08-13,8003621,8003621,8,12,135
2023-08-13,8003621,8004564,3,6,60
2023-08-13,8003621,8005319,5,6,210
2023-08-13,8003638,8000978,2,7,17
2023-08-13,8003638,8003638,1,14,4
2023-08-13,8003638,8003965,0,7,0
2023-08-13,8003657,8000186,10,18,45
2023-08-13,8003657,8002953,18,18,48
2023-08-13,8003657,8003657,29,36,45
2023-08-13,8003716,8001700,3,9,117
2023-08-13,8003716,8003716,3,18,62
2023-08-13,8003716,8006320,4,9,20
2023-08-13,8003896,8001137,10,15,64
2023-08-13,8003896,8003896,20,30,57
2023-08-13,8003896,8006379,6,15,42
2023-08-13,8003909,8001546,31,34,61
2023-08-13,8003909,8003909,55,68,64
2023-08-13,8003909,8005971,21,34,64
2023-08-13,8003916,8001520,21,34,106
2023-08-13,8003916,8001535,24,34,31
2023-08-13,8003916,8003916,44,68,63
2023-08-13,8003925,8000171,26,34,54
2023-08-13,8003925,8003925,50,68,54
2023-08-13,8003925,8005971,14,34,22
2023-08-13,8003936,8001526,15,34,26
2023-08-13,8003936,8001546,28,34,78
2023-08-13,8003936,8003936,60,68,61
2023-08-13,8003939,8002953,1,8,4
2023-08-13,8003939,8003287,2,9,147
2023-08-13,8003939,8003939,3,18,78
2023-08-13,8003946,8000081,18,34,88
2023-08-13,8003946,8001518,7,34,7
2023-08-13,8003946,8003946,22,68,46
2023-08-13,8003965,8003638,1,7,9
2023-08-13,8003965,8003965,1,14,4
2023-08-13,8003965,8003967,0,7,0
2023-08-13,8003967,8001066,0,20,0
2023-08-13,8003967,8003965,1,7,9
2023-08-13,8003967,8003967,3,14,11
2023-08-13,8003993,8000605,2,3,40
2023-08-13,8003993,8000927,26,31,223
2023-08-13,8003993,8002073,19,29,36
2023-08-13,8003993,8003993,39,63,114
2023-08-13,8003998,8002992,2,2,90
2023-08-13,8003998,8003998,2,2,105
2023-08-13,8004228,8000113,1,2,15
2023-08-13,8004228,8000605,29,31,191
2023-08-13,8004228,8004228,38,62,111
2023-08-13,8004228,8006389,16,29,51
2023-08-13,8004230,8000081,22,42,64
2023-08-13,8004230,8004230,65,84,79
2023-08-13,8004230,8004419,36,42,81
2023-08-13,8004269,8000358,29,42,63
2023-08-13,8004269,8004269,58,84,71
2023-08-13,8004269,8004288,30,42,81
2023-08-13,8004273,8003470,0,7,0
2023-08-13,8004288,8004269,30,42,64
2023-08-13,8004288,8004288,60,84,70
2023-08-13,8004288,8004419,26,42,71
2023-08-13,8004419,8004230,28,42,76
2023-08-13,8004419,8004288,21,42,45
2023-08-13,8004419,8004419,62,84,69
2023-08-13,8004440,8001943,33,38,99
2023-08-13,8004440,8002512,21,35,70
2023-08-13,8004440,8004440,51,73,76
2023-08-13,8004448,8003168,15,27,254
2023-08-13,8004448,8004448,45,55,586
2023-08-13,8004474,8000358,20,42,60
2023-08-13,8004474,8001039,23,42,45
2023-08-13,8004474,8004474,41,84,52
2023-08-13,8004564,8001980,6,6,95
2023-08-13,8004564,8003621,6,6,260
2023-08-13,8004564,8004564,12,12,160
2023-08-13,8004642,8000605,15,29,34
2023-08-13,8004642,8002073,25,31,185
2023-08-13,8004642,8004642,40,60,110
2023-08-13,8004883,8000239,33,34,165
2023-08-13,8004883,8001530,26,34,105
2023-08-13,8004883,8004883,54,68,138
2023-08-13,8005227,8001357,16,16,343
2023-08-13,8005289,8000793,3,7,30
2023-08-13,8005289,8005289,3,14,15
2023-08-13,8005289,8006109,0,7,0
2023-08-13,8005319,8001851,6,6,195
2023-08-13,8005319,8003621,5,6,50
2023-08-13,8005319,8005319,11,12,138
2023-08-13,8005488,8000033,15,39,35
2023-08-13,8005488,8005488,42,79,45
2023-08-13,8005488,8006607,11,40,30
2023-08-13,8005525,8003783,15,15,118
2023-08-13,8005525,8005525,15,30,66
2023-08-13,8005525,8005526,0,15,0
2023-08-13,8005526,8001097,0,15,0
2023-08-13,8005526,8005525,15,15,134
2023-08-13,8005526,8005526,15,30,68
2023-08-13,8005555,8000966,11,11,85
2023-08-13,8005555,8005555,22,22,112
2023-08-13,8005555,8005569,11,11,175
2023-08-13,8005569,8005555,2,11,30
2023-08-13,8005569,8005569,13,22,104
2023-08-13,8005569,8006486,11,11,112
2023-08-13,8005971,8003909,34,34,55
2023-08-13,8005971,8003925,34,34,64
2023-08-13,8005971,8005971,36,68,34
2023-08-13,8006109,8000978,0,7,0
2023-08-13,8006109,8005289,2,7,17
2023-08-13,8006109,8006109,1,14,4
2023-08-13,8006226,8000853,15,16,600
2023-08-13,8006226,8000977,0,1,0
2023-08-13,8006226,8001515,9,10,768
2023-08-13,8006226,8001537,7,7,621
2023-08-13,8006226,8001585,13,14,167
2023-08-13,8006226,8001911,10,21,103
2023-08-13,8006226,8003168,20,28,154
2023-08-13,8006226,8006226,100,155,221
2023-08-13,8006226,8006386,23,31,133
2023-08-13,8006227,8001039,21,42,64
2023-08-13,8006227,8001905,41,42,88
2023-08-13,8006227,8006227,39,84,43
2023-08-13,8006320,8003287,2,9,7
2023-08-13,8006320,8003716,2,9,127
2023-08-13,8006320,8006320,11,35,50
2023-08-13,8006323,8001045,17,17,206
2023-08-13,8006323,8001093,20,30,96
2023-08-13,8006323,8006323,41,62,112
2023-08-13,8006342,8002745,9,18,75
2023-08-13,8006342,8006342,16,36,106
2023-08-13,8006342,8006383,7,18,140
2023-08-13,8006348,8000239,14,17,157
2023-08-13,8006348,8001323,16,17,282
2023-08-13,8006348,8006348,30,34,211
2023-08-13,8006379,8003896,15,15,138
2023-08-13,8006379,8005336,6,15,38
2023-08-13,8006379,8006379,21,30,112
2023-08-13,8006383,8006342,7,18,60
2023-08-13,8006383,8006383,12,36,93
2023-08-13,8006386,8000977,29,42,91
2023-08-13,8006386,8001795,14,16,270
2023-08-13,8006386,8002953,10,11,104
2023-08-13,8006386,8006226,15,31,88
2023-08-13,8006386,8006386,71,136,111
2023-08-13,8006386,8006510,9,21,26
2023-08-13,8006389,8000113,12,29,40
2023-08-13,8006389,8004228,23,31,181
2023-08-13,8006389,8006389,38,60,118
2023-08-13,8006486,8005569,2,11,30
2023-08-13,8006505,8001538,11,16,377
2023-08-13,8006505,8002769,9,17,332
2023-08-13,8006505,8006505,26,33,341
2023-08-13,8006510,8000977,0,1,0
2023-08-13,8006510,8001536,11,38,17
2023-08-13,8006510,8006386,14,22,67
2023-08-13,8006510,8006510,39,76,49
2023-08-13,8006710,8001035,10,22,18
2023-08-13,8006710,8006710,34,44,46
2023-08-13,8006710,8006711,14,22,48
2023-08-13,8006711,8006710,19,22,48
2023-08-13,8006711,8006711,36,44,44
2023-08-13,8006712,8002512,32,38,87
2023-08-13,8006712,8006712,49,73,98
2023-08-14,8000033,8000033,94,145,295
2023-08-14,8000033,8001795,37,51,522
2023-08-14,8000033,8002268,10,22,33
2023-08-14,8000033,8005488,14,21,49
2023-08-14,8000033,8006719,36,51,282
2023-08-14,8000037,8000037,117,171,182
2023-08-14,8000037,8000113,13,20,96
2023-08-14,8000037,8000171,2,2,390
2023-08-14,8000037,8000392,27,34,564
2023-08-14,8000037,8001524,18,34,8
2023-08-14,8000037,8001795,26,31,236
2023-08-14,8000037,8001836,19,31,67
2023-08-14,8000054,8000054,6,18,8
2023-08-14,8000054,8001137,6,6,65
2023-08-14,8000054,8001182,2,9,7
2023-08-14,8000054,8002992,9,11,104
2023-08-14,8000054,8006453,2,12,-2
2023-08-14,8000081,8000081,169,276,137
2023-08-14,8000081,8001531,40,42,79
2023-08-14,8000081,8001542,21,54,21
2023-08-14,8000081,8003946,16,56,20
2023-08-14,8000081,8004230,68,69,254
2023-08-14,8000113,8000037,17,19,90
2023-08-14,8000113,8000113,50,70,109
2023-08-14,8000113,8001066,27,37,43
2023-08-14,8000113,8006389,23,35,142
2023-08-14,8000164,8000164,168,206,140
2023-08-14,8000164,8000887,15,19,77
2023-08-14,8000164,8001327,69,83,164
2023-08-14,8000164,8001900,20,22,151
2023-08-14,8000164,8001909,19,21,193
2023-08-14,8000164,8002223,14,16,88
2023-08-14,8000164,8002227,12,15,74
2023-08-14,8000164,8002779,13,18,78
2023-08-14,8000171,8000037,2,2,135
2023-08-14,8000171,8000171,87,139,225
2023-08-14,8000171,8000392,29,67,92
2023-08-14,8000171,8001061,30,34,621
2023-08-14,8000171,8002745,22,34,108
2023-08-14,8000171,8003925,15,39,25
2023-08-14,8000186,8003090,1,31,8
2023-08-14,8000186,8003657,1,34,7
2023-08-14,8000239,8000239,65,76,313
2023-08-14,8000239,8001097,12,18,223
2023-08-14,8000239,8004883,38,54,202
2023-08-14,8000239,8006348,18,20,567
2023-08-14,8000358,8000358,107,139,223
2023-08-14,8000358,8004269,56,70,259
2023-08-14,8000358,8004474,56,69,189
2023-08-14,8000392,8000037,24,33,121
2023-08-14,8000392,8000171,50,68,346
2023-08-14,8000392,8000392,96,135,220
2023-08-14,8000392,8001545,22,34,82
2023-08-14,8000605,8000605,53,70,118
2023-08-14,8000605,8004228,25,35,78
2023-08-14,8000605,8004642,27,35,155
2023-08-14,8000745,8000745,41,69,117
2023-08-14,8000745,8001093,21,35,122
2023-08-14,8000745,8001394,18,34,113
2023-08-14,8000793,8000793,7,30,12
2023-08-14,8000793,8002180,5,15,16
2023-08-14,8000793,8005289,0,17,0
2023-08-14,8000904,8000904,5,6,275
2023-08-14,8000904,8001137,1,2,165
2023-08-14,8000904,8003998,4,4,292
2023-08-14,8000927,8000927,27,32,145
2023-08-14,8000927,8000966,15,17,178
2023-08-14,8000927,8003993,14,35,47
2023-08-14,8000966,8000927,13,17,99
2023-08-14,8000966,8000966,17,17,141
2023-08-14,8000966,8005555,8,8,236
2023-08-14,8000977,8000977,53,83,107
2023-08-14,8000977,8006386,20,42,91
2023-08-14,8000978,8000978,6,33,13
2023-08-14,8000978,8003638,0,17,0
2023-08-14,8000978,8006109,6,16,19
2023-08-14,8001035,8001035,35,68,42
2023-08-14,8001035,8006710,28,34,99
2023-08-14,8001038,8001038,64,80,242
2023-08-14,8001038,8002639,37,40,304
2023-08-14,8001038,8006194,16,40,129
2023-08-14,8001039,8001039,98,126,229
2023-08-14,8001039,8004474,45,57,313
2023-08-14,8001039,8006227,40,69,129
2023-08-14,8001045,8001045,78,96,116
2023-08-14,8001045,8001061,1,1,60
2023-08-14,8001045,8002680,13,16,81
2023-08-14,8001045,8003986,46,49,168
2023-08-14,8001045,8006323,15,29,73
2023-08-14,8001061,8000171,22,33,123
2023-08-14,8001061,8001061,55,67,382
2023-08-14,8001061,8001558,16,18,830
2023-08-14,8001066,8000113,24,36,52
2023-08-14,8001066,8001066,53,73,48
2023-08-14,8001066,8003967,29,37,54
2023-08-14,8001093,8000745,21,34,115
2023-08-14,8001093,8001093,39,69,109
2023-08-14,8001093,8006323,21,35,123
2023-08-14,8001097,8000239,18,18,127
2023-08-14,8001097,8001097,36,36,189
2023-08-14,8001097,8005526,18,18,337
2023-08-14,8001137,8000054,4,6,40
2023-08-14,8001137,8000904,4,4,345
2023-08-14,8001137,8001137,28,34,117
2023-08-14,8001137,8002992,7,7,154
2023-08-14,8001137,8003896,11,17,69
2023-08-14,8001182,8000054,6,9,30
2023-08-14,8001357,8001357,32,38,137
2023-08-14,8001357,8002514,12,19,137
2023-08-14,8001357,8005227,18,19,172
2023-08-14,8001394,8000745,24,35,129
2023-08-14,8001394,8001394,43,69,121
2023-08-14,8001394,8001692,21,34,122
2023-08-14,8001505,8001505,75,84,118
2023-08-14,8001505,8001525,40,42,119
2023-08-14,8001505,8001531,34,42,119
2023-08-14,8001515,8000164,1,1,60
2023-08-14,8001515,8001515,40,57,321
2023-08-14,8001515,8001537,21,28,368
2023-08-14,8001515,8001543,15,16,156
2023-08-14,8001515,8006226,11,12,458
2023-08-14,8001516,8001549,53,54,46
2023-08-14,8001517,8001517,82,112,40
2023-08-14,8001517,8001529,43,56,49
2023-08-14,8001517,8001535,22,56,16
2023-08-14,8001518,8001518,60,112,27
2023-08-14,8001518,8001520,17,56,20
2023-08-14,8001518,8003946,36,56,28
2023-08-14,8001519,8001519,65,84,109
2023-08-14,8001519,8001525,26,42,118
2023-08-14,8001519,8001543,39,42,98
2023-08-14,8001520,8001518,17,56,14
2023-08-14,8001520,8001520,48,112,24
2023-08-14,8001520,8003916,52,56,41
2023-08-14,8001521,8001521,24,40,77
2023-08-14,8001521,8001522,10,20,44
2023-08-14,8001521,8001534,14,20,99
2023-08-14,8001522,8001521,18,20,124
2023-08-14,8001522,8001522,123,151,88
2023-08-14,8001522,8001523,14,20,44
2023-08-14,8001522,8001524,32,37,111
2023-08-14,8001522,8001545,13,14,135
2023-08-14,8001523,8001522,17,20,123
2023-08-14,8001523,8001523,21,40,73
2023-08-14,8001523,8001545,10,20,50
2023-08-14,8001524,8000037,30,37,123
2023-08-14,8001524,8001522,23,34,45
2023-08-14,8001524,8001524,50,71,76
2023-08-14,8001525,8001505,25,42,108
2023-08-14,8001525,8001519,38,42,104
2023-08-14,8001525,8001525,62,84,112
2023-08-14,8001526,8001526,70,112,25
2023-08-14,8001526,8001529,54,56,65
2023-08-14,8001526,8003936,14,56,11
2023-08-14,8001527,8001527,56,78,58
2023-08-14,8001527,8001536,21,39,52
2023-08-14,8001528,8001329,12,18,88
2023-08-14,8001528,8001528,27,36,89
2023-08-14,8001528,8001539,14,18,82
2023-08-14,8001529,8001517,38,56,41
2023-08-14,8001529,8001526,12,56,14
2023-08-14,8001529,8001529,94,112,42
2023-08-14,8001530,8001530,102,106,274
2023-08-14,8001530,8001533,40,54,218
2023-08-14,8001530,8004883,50,52,322
2023-08-14,8001531,8000081,31,42,127
2023-08-14,8001531,8001505,40,42,92
2023-08-14,8001531,8001531,67,84,100
2023-08-14,8001532,8001532,31,36,92
2023-08-14,8001532,8001544,18,18,117
2023-08-14,8001533,8001530,51,52,321
2023-08-14,8001533,8001533,94,106,256
2023-08-14,8001534,8001521,6,20,51
2023-08-14,8001534,8001534,19,40,72
2023-08-14,8001534,8001538,16,20,106
2023-08-14,8001535,8001517,36,56,32
2023-08-14,8001535,8001535,82,112,31
2023-08-14,8001535,8003916,38,56,25
2023-08-14,8001536,8001527,21,39,28
2023-08-14,8001536,8001536,34,78,34
2023-08-14,8001536,8006510,29,39,63
2023-08-14,8001537,8001515,21,29,268
2023-08-14,8001537,8001537,51,73,352
2023-08-14,8001537,8003169,26,36,437
2023-08-14,8001537,8006226,4,8,259
2023-08-14,8001538,8001534,7,20,56
2023-08-14,8001538,8001538,24,40,91
2023-08-14,8001538,8006505,16,20,120
2023-08-14,8001539,8001528,11,18,87
2023-08-14,8001539,8001539,27,36,80
2023-08-14,8001539,8001541,15,18,87
2023-08-14,8001540,8001540,69,108,34
2023-08-14,8001540,8001542,15,54,12
2023-08-14,8001540,8001549,54,54,89
2023-08-14,8001541,8001539,11,18,63
2023-08-14,8001541,8001541,26,36,80
2023-08-14,8001541,8001544,14,18,87
2023-08-14,8001542,8000081,1,54,1
2023-08-14,8001542,8001540,28,54,26
2023-08-14,8001542,8001542,36,108,15
2023-08-14,8001543,8001327,82,83,162
2023-08-14,8001543,8001515,9,15,82
2023-08-14,8001543,8001519,23,42,106
2023-08-14,8001543,8001543,135,166,135
2023-08-14,8001544,8001532,12,18,70
2023-08-14,8001544,8001541,14,18,108
2023-08-14,8001544,8001544,28,36,92
2023-08-14,8001545,8000392,21,34,86
2023-08-14,8001545,8001522,11,14,64
2023-08-14,8001545,8001523,11,20,98
2023-08-14,8001545,8001545,39,68,80
2023-08-14,8001546,8001546,64,112,29
2023-08-14,8001546,8003909,23,56,18
2023-08-14,8001546,8003936,51,56,41
2023-08-14,8001549,8001516,52,54,54
2023-08-14,8001549,8001540,24,54,23
2023-08-14,8001549,8001549,107,108,65
2023-08-14,8001692,8001394,20,35,111
2023-08-14,8001692,8001692,45,69,123
2023-08-14,8001692,8002262,22,34,132
2023-08-14,8001700,8001700,19,40,50
2023-08-14,8001700,8003018,11,20,69
2023-08-14,8001700,8003716,5,20,33
2023-08-14,8001729,8001729,4,8,232
2023-08-14,8001729,8004406,2,3,40
2023-08-14,8001795,8000033,35,52,289
2023-08-14,8001795,8000037,26,32,612
2023-08-14,8001795,8001795,75,103,403
2023-08-14,8001795,8006386,13,18,263
2023-08-14,8001836,8000037,20,31,39
2023-08-14,8001836,8001836,44,62,48
2023-08-14,8001836,8002754,24,31,71
2023-08-14,8001851,8005319,4,8,26
2023-08-14,8001943,8001943,31,42,50
2023-08-14,8001943,8002267,10,20,34
2023-08-14,8001943,8004440,7,22,27
2023-08-14,8001980,8001980,15,16,178
2023-08-14,8001980,8003486,7,8,90
2023-08-14,8001980,8004564,8,8,262
2023-08-14,8002073,8002073,52,70,116
2023-08-14,8002073,8003993,27,35,177
2023-08-14,8002073,8004642,18,35,54
2023-08-14,8002180,8000793,0,15,0
2023-08-14,8002180,8002180,3,30,6
2023-08-14,8002180,8003470,5,15,14
2023-08-14,8002262,8001692,25,35,130
2023-08-14,8002262,8002262,50,69,137
2023-08-14,8002262,8005276,21,34,155
2023-08-14,8002267,8001943,16,22,45
2023-08-14,8002267,8002267,21,42,31
2023-08-14,8002267,8002509,13,20,38
2023-08-14,8002268,8000033,11,20,39
2023-08-14,8002268,8002268,24,42,37
2023-08-14,8002268,8002509,11,22,33
2023-08-14,8002509,8002267,14,22,37
2023-08-14,8002509,8002268,15,20,54
2023-08-14,8002509,8002509,25,42,42
2023-08-14,8002512,8002512,32,42,50
2023-08-14,8002512,8004440,14,20,50
2023-08-14,8002512,8006712,14,22,49
2023-08-14,8002514,8001357,15,19,123
2023-08-14,8002514,8002514,27,38,132
2023-08-14,8002514,8002769,18,19,129
2023-08-14,8002639,8001038,27,40,194
2023-08-14,8002639,8002639,63,80,246
2023-08-14,8002639,8002640,33,40,269
2023-08-14,8002640,8002639,25,40,214
2023-08-14,8002680,8000441,34,38,254
2023-08-14,8002680,8001045,17,17,206
2023-08-14,8002680,8002680,53,75,219
2023-08-14,8002680,8003168,11,19,210
2023-08-14,8002745,8000171,21,34,61
2023-08-14,8002745,8002745,40,68,87
2023-08-14,8002745,8006342,20,34,109
2023-08-14,8002754,8001836,8,31,16
2023-08-14,8002754,8002754,32,62,47
2023-08-14,8002754,8003166,23,31,74
2023-08-14,8002769,8002514,18,19,107
2023-08-14,8002769,8002769,32,40,83
2023-08-14,8002769,8006505,8,20,62
2023-08-14,8002779,8000164,16,18,125
2023-08-14,8002779,8001328,14,18,92
2023-08-14,8002779,8002779,30,36,113
2023-08-14,8002953,8002953,35,71,85
2023-08-14,8002953,8003657,13,15,206
2023-08-14,8002953,8003939,13,17,60
2023-08-14,8002953,8006386,9,14,81
2023-08-14,8002992,8000054,11,11,221
2023-08-14,8002992,8001137,7,9,57
2023-08-14,8002992,8002992,20,22,147
2023-08-14,8002992,8003998,2,2,225
2023-08-14,8003018,8001700,9,20,48
2023-08-14,8003018,8003018,21,40,62
2023-08-14,8003090,8000186,8,31,21
2023-08-14,8003090,8003090,33,62,28
2023-08-14,8003090,8003166,28,31,56
2023-08-14,8003166,8002754,9,31,18
2023-08-14,8003166,8003090,6,31,20
2023-08-14,8003166,8003166,36,62,31
2023-08-14,8003168,8002680,17,19,335
2023-08-14,8003168,8003168,92,145,272
2023-08-14,8003168,8003169,30,37,281
2023-08-14,8003168,8004448,16,28,377
2023-08-14,8003168,8006226,26,35,235
2023-08-14,8003168,8006449,4,7,231
2023-08-14,8003169,8001537,24,37,272
2023-08-14,8003169,8003168,25,36,436
2023-08-14,8003169,8003169,56,73,357
2023-08-14,8003287,8003287,13,40,29
2023-08-14,8003287,8003939,5,20,18
2023-08-14,8003287,8006320,9,20,42
2023-08-14,8003470,8002180,0,15,0
2023-08-14,8003470,8003470,6,30,10
2023-08-14,8003470,8004273,6,15,14
2023-08-14,8003486,8001980,8,8,232
2023-08-14,8003486,8003486,13,15,138
2023-08-14,8003486,8003493,8,13,60
2023-08-14,8003493,8000187,8,13,74
2023-08-14,8003493,8003486,11,13,122
2023-08-14,8003493,8003493,16,26,84
2023-08-14,8003621,8003621,13,16,172
2023-08-14,8003621,8004564,6,8,71
2023-08-14,8003621,8005319,8,8,285
2023-08-14,8003638,8000978,6,16,22
2023-08-14,8003638,8003638,4,33,6
2023-08-14,8003638,8003965,0,17,0
2023-08-14,8003657,8000186,12,33,86
2023-08-14,8003657,8002953,16,20,63
2023-08-14,8003657,8003657,36,67,56
2023-08-14,8003716,8001700,7,20,33
2023-08-14,8003716,8003716,12,40,31
2023-08-14,8003716,8006320,11,20,44
2023-08-14,8003896,8001137,15,17,169
2023-08-14,8003896,8003896,29,34,132
2023-08-14,8003896,8006379,11,17,94
2023-08-14,8003909,8001546,49,56,46
2023-08-14,8003909,8003909,77,112,39
2023-08-14,8003909,8005971,25,56,28
2023-08-14,8003916,8001520,34,56,38
2023-08-14,8003916,8001535,44,56,43
2023-08-14,8003916,8003916,81,112,34
2023-08-14,8003925,8000171,28,39,36
2023-08-14,8003925,8003925,57,78,42
2023-08-14,8003925,8005971,12,39,15
2023-08-14,8003936,8001526,25,56,16
2023-08-14,8003936,8001546,46,56,44
2023-08-14,8003936,8003936,97,112,38
2023-08-14,8003939,8002953,4,16,11
2023-08-14,8003939,8003287,6,20,36
2023-08-14,8003939,8003939,14,40,31
2023-08-14,8003946,8000081,29,56,22
2023-08-14,8003946,8001518,22,56,22
2023-08-14,8003946,8003946,48,112,21
2023-08-14,8003965,8003638,6,16,17
2023-08-14,8003965,8003965,6,33,11
2023-08-14,8003965,8003967,5,17,16
2023-08-14,8003967,8001066,9,36,19
2023-08-14,8003967,8003965,4,16,19
2023-08-14,8003967,8003967,13,33,29
2023-08-14,8003993,8000927,32,35,223
2023-08-14,8003993,8002073,27,35,75
2023-08-14,8003993,8003993,53,70,129
2023-08-14,8003998,8000904,1,2,195
2023-08-14,8003998,8002992,4,4,255
2023-08-14,8003998,8003998,5,6,250
2023-08-14,8004228,8000605,32,35,152
2023-08-14,8004228,8004228,48,70,110
2023-08-14,8004228,8006389,25,35,87
2023-08-14,8004230,8000081,37,57,267
2023-08-14,8004230,8004230,111,126,262
2023-08-14,8004230,8004419,67,69,243
2023-08-14,8004269,8000358,63,69,213
2023-08-14,8004269,8004269,120,139,238
2023-08-14,8004269,8004288,63,70,268
2023-08-14,8004273,8003470,0,15,0
2023-08-14,8004288,8004269,65,69,214
2023-08-14,8004288,8004288,127,139,237
2023-08-14,8004288,8004419,53,70,248
2023-08-14,8004419,8000081,7,13,85
2023-08-14,8004419,8004230,43,57,288
2023-08-14,8004419,8004288,55,69,194
2023-08-14,8004419,8004419,115,139,234
2023-08-14,8004440,8001943,16,20,70
2023-08-14,8004440,8002512,17,22,57
2023-08-14,8004440,8004440,28,42,52
2023-08-14,8004448,8003168,21,29,179
2023-08-14,8004448,8004448,41,57,281
2023-08-14,8004474,8000358,54,70,258
2023-08-14,8004474,8001039,47,69,156
2023-08-14,8004474,8004474,110,139,219
2023-08-14,8004564,8001980,7,8,116
2023-08-14,8004564,8003621,8,8,300
2023-08-14,8004564,8004564,15,16,184
2023-08-14,8004642,8000605,26,35,76
2023-08-14,8004642,8002073,26,35,165
2023-08-14,8004642,8004642,52,70,114
2023-08-14,8004883,8000239,49,52,324
2023-08-14,8004883,8001530,52,54,217
2023-08-14,8004883,8004883,88,106,261
2023-08-14,8005227,8001357,13,19,117
2023-08-14,8005289,8000793,8,16,30
2023-08-14,8005289,8005289,8,33,15
2023-08-14,8005289,8006109,0,17,0
2023-08-14,8005319,8001851,8,8,259
2023-08-14,8005319,8003621,4,8,60
2023-08-14,8005319,8005319,12,16,165
2023-08-14,8005488,8000033,10,22,52
2023-08-14,8005488,8005488,25,43,66
2023-08-14,8005488,8006607,5,21,34
2023-08-14,8005525,8003783,18,18,333
2023-08-14,8005525,8005525,22,36,203
2023-08-14,8005525,8005526,4,18,63
2023-08-14,8005526,8001097,4,18,60
2023-08-14,8005526,8005525,18,18,353
2023-08-14,8005526,8005526,22,36,210
2023-08-14,8005555,8000966,9,9,110
2023-08-14,8005555,8005555,17,17,173
2023-08-14,8005555,8005569,7,8,240
2023-08-14,8005569,8005555,2,9,87
2023-08-14,8005569,8005569,9,17,159
2023-08-14,8005569,8006486,7,8,191
2023-08-14,8005971,8003909,54,56,33
2023-08-14,8005971,8003925,39,39,38
2023-08-14,8005971,8005971,26,78,13
2023-08-14,8006109,8000978,0,17,0
2023-08-14,8006109,8005289,8,16,24
2023-08-14,8006109,8006109,4,33,7
2023-08-14,8006226,8000853,15,20,546
2023-08-14,8006226,8001515,10,13,558
2023-08-14,8006226,8001537,8,8,645
2023-08-14,8006226,8001585,18,18,385
2023-08-14,8006226,8001911,14,21,161
2023-08-14,8006226,8003168,23,33,177
2023-08-14,8006226,8006226,128,186,279
2023-08-14,8006226,8006386,31,34,120
2023-08-14,8006227,8001039,54,57,348
2023-08-14,8006227,8001905,69,69,171
2023-08-14,8006227,8004474,12,13,85
2023-08-14,8006227,8006227,101,139,203
2023-08-14,8006320,8003287,4,20,16
2023-08-14,8006320,8003716,5,20,30
2023-08-14,8006320,8006320,28,58,43
2023-08-14,8006323,8001045,28,30,126
2023-08-14,8006323,8001093,23,34,104
2023-08-14,8006323,8006323,44,69,111
2023-08-14,8006342,8002745,22,34,78
2023-08-14,8006342,8006342,43,68,96
2023-08-14,8006342,8006383,22,34,129
2023-08-14,8006348,8000239,18,20,350
2023-08-14,8006348,8001323,20,20,674
2023-08-14,8006348,8006348,38,40,496
2023-08-14,8006379,8003896,17,17,203
2023-08-14,8006379,8005336,9,17,72
2023-08-14,8006379,8006379,28,34,143
2023-08-14,8006383,8006342,15,34,56
2023-08-14,8006383,8006383,35,68,75
2023-08-14,8006386,8000977,33,41,97
2023-08-14,8006386,8001795,12,18,202
2023-08-14,8006386,8002953,13,14,204
2023-08-14,8006386,8006226,23,35,132
2023-08-14,8006386,8006386,93,147,126
2023-08-14,8006386,8006510,12,21,34
2023-08-14,8006389,8000113,23,35,78
2023-08-14,8006389,8004228,28,35,145
2023-08-14,8006389,8006389,55,70,116
2023-08-14,8006486,8005569,2,9,87
2023-08-14,8006505,8001538,8,20,69
2023-08-14,8006505,8002769,12,20,62
2023-08-14,8006505,8006505,24,40,81
2023-08-14,8006510,8001536,15,39,25
2023-08-14,8006510,8006386,21,21,104
2023-08-14,8006510,8006510,44,78,54
2023-08-14,8006710,8001035,10,34,15
2023-08-14,8006710,8006710,48,68,65
2023-08-14,8006710,8006711,26,34,88
2023-08-14,8006711,8006710,26,34,46
2023-08-14,8006711,8006711,52,68,60
2023-08-14,8006712,8002512,17,20,56
2023-08-14,8006712,8006712,34,42,55
2023-08-15,8000033,8000033,100,145,372
2023-08-15,8000033,8001795,42,51,678
2023-08-15,8000033,8002268,9,22,71
2023-08-15,8000033,8005488,11,21,36
2023-08-15,8000033,8006719,42,51,339
2023-08-15,8000037,8000037,131,171,146
2023-08-15,8000037,8000113,9,20,50
2023-08-15,8000037,8000171,2,2,60
2023-08-15,8000037,8000392,28,34,452
2023-08-15,8000037,8001524,16,34,16
2023-08-15,8000037,8001795,28,31,229
2023-08-15,8000037,8001836,15,31,45
2023-08-15,8000054,8000054,9,18,22
2023-08-15,8000054,8001137,6,6,45
2023-08-15,8000054,8001182,3,9,23
2023-08-15,8000054,8002992,11,11,177
2023-08-15,8000054,8006453,3,12,0
2023-08-15,8000081,8000081,180,275,197
2023-08-15,8000081,8001531,39,42,89
2023-08-15,8000081,8001542,31,54,35
2023-08-15,8000081,8003946,10,56,19
2023-08-15,8000081,8004230,65,69,393
2023-08-15,8000113,8000037,14,19,-122
2023-08-15,8000113,8000113,48,70,48
2023-08-15,8000113,8001066,27,37,15
2023-08-15,8000113,8006389,21,35,87
2023-08-15,8000164,8000164,158,202,241
2023-08-15,8000164,8000887,15,19,96
2023-08-15,8000164,8001327,69,83,286
2023-08-15,8000164,8001900,19,20,189
2023-08-15,8000164,8001909,19,21,493
2023-08-15,8000164,8002223,11,16,225
2023-08-15,8000164,8002227,11,15,64
2023-08-15,8000164,8002779,13,18,188
2023-08-15,8000171,8000037,2,2,360
2023-08-15,8000171,8000171,83,139,175
2023-08-15,8000171,8000392,34,67,79
2023-08-15,8000171,8001061,27,34,480
2023-08-15,8000171,8002745,23,34,75
2023-08-15,8000171,8003925,12,39,13
2023-08-15,8000186,8003090,0,31,0
2023-08-15,8000186,8003657,3,34,26
2023-08-15,8000239,8000239,64,76,294
2023-08-15,8000239,8001097,11,18,247
2023-08-15,8000239,8004883,35,54,242
2023-08-15,8000239,8006348,16,20,308
2023-08-15,8000358,8000358,111,138,343
2023-08-15,8000358,8004269,60,69,352
2023-08-15,8000358,8004474,54,69,338
2023-08-15,8000392,8000037,28,33,126
2023-08-15,8000392,8000171,48,68,270
2023-08-15,8000392,8000392,95,135,177
2023-08-15,8000392,8001545,25,34,56
2023-08-15,8000605,8000605,51,70,49
2023-08-15,8000605,8004228,24,35,-5
2023-08-15,8000605,8004642,23,35,99
2023-08-15,8000745,8000745,46,69,258
2023-08-15,8000745,8001093,27,35,249
2023-08-15,8000745,8001394,25,34,310
2023-08-15,8000793,8000793,8,30,20
2023-08-15,8000793,8002180,8,15,34
2023-08-15,8000793,8005289,0,17,0
2023-08-15,8000904,8000904,6,6,120
2023-08-15,8000904,8001137,1,2,75
2023-08-15,8000904,8003998,3,4,112
2023-08-15,8000927,8000927,24,32,183
2023-08-15,8000927,8000966,14,17,371
2023-08-15,8000927,8003993,19,35,-38
2023-08-15,8000966,8000927,13,17,124
2023-08-15,8000966,8000966,17,17,150
2023-08-15,8000966,8005555,8,8,274
2023-08-15,8000977,8000977,54,83,149
2023-08-15,8000977,8006386,20,42,77
2023-08-15,8000978,8000978,8,33,18
2023-08-15,8000978,8003638,0,17,0
2023-08-15,8000978,8006109,8,16,26
2023-08-15,8001035,8001035,53,68,89
2023-08-15,8001035,8006710,32,34,185
2023-08-15,8001038,8001038,67,80,151
2023-08-15,8001038,8002639,35,40,205
2023-08-15,8001038,8006194,20,40,79
2023-08-15,8001039,8001039,99,125,331
2023-08-15,8001039,8004474,48,56,396
2023-08-15,8001039,8006227,44,69,248
2023-08-15,8001045,8001045,81,96,212
2023-08-15,8001045,8001061,0,1,0
2023-08-15,8001045,8002680,10,16,88
2023-08-15,8001045,8003986,48,49,336
2023-08-15,8001045,8006323,24,29,177
2023-08-15,8001061,8000171,23,33,126
2023-08-15,8001061,8001061,54,67,319
2023-08-15,8001061,8001558,15,18,645
2023-08-15,8001066,8000113,22,36,38
2023-08-15,8001066,8001066,47,73,34
2023-08-15,8001066,8003967,27,37,36
2023-08-15,8001093,8000745,26,34,313
2023-08-15,8001093,8001093,51,69,295
2023-08-15,8001093,8006323,30,35,304
2023-08-15,8001097,8000239,18,18,277
2023-08-15,8001097,8001097,35,36,247
2023-08-15,8001097,8005526,18,18,310
2023-08-15,8001137,8000054,5,6,195
2023-08-15,8001137,8000904,4,4,150
2023-08-15,8001137,8001137,31,34,180
2023-08-15,8001137,8002992,7,7,339
2023-08-15,8001137,8003896,14,17,118
2023-08-15,8001182,8000054,7,9,27
2023-08-15,8001357,8001357,33,38,100
2023-08-15,8001357,8002514,16,19,99
2023-08-15,8001357,8005227,16,19,123
2023-08-15,8001394,8000745,30,35,229
2023-08-15,8001394,8001394,56,69,270
2023-08-15,8001394,8001692,26,34,321
2023-08-15,8001505,8001505,73,84,119
2023-08-15,8001505,8001525,41,42,124
2023-08-15,8001505,8001531,31,42,107
2023-08-15,8001515,8001515,37,57,524
2023-08-15,8001515,8001537,23,28,705
2023-08-15,8001515,8001543,15,16,141
2023-08-15,8001515,8006226,11,13,842
2023-08-15,8001516,8001549,52,54,58
2023-08-15,8001517,8001517,78,112,45
2023-08-15,8001517,8001529,41,56,48
2023-08-15,8001517,8001535,29,56,27
2023-08-15,8001518,8001518,63,112,31
2023-08-15,8001518,8001520,15,56,17
2023-08-15,8001518,8003946,47,56,42
2023-08-15,8001519,8001519,63,84,109
2023-08-15,8001519,8001525,25,42,119
2023-08-15,8001519,8001543,38,42,92
2023-08-15,8001520,8001518,21,56,21
2023-08-15,8001520,8001520,51,112,28
2023-08-15,8001520,8003916,49,56,38
2023-08-15,8001521,8001521,32,40,107
2023-08-15,8001521,8001522,15,20,99
2023-08-15,8001521,8001534,16,20,117
2023-08-15,8001522,8001521,20,20,148
2023-08-15,8001522,8001522,126,151,86
2023-08-15,8001522,8001523,11,20,56
2023-08-15,8001522,8001524,34,37,86
2023-08-15,8001522,8001545,10,14,39
2023-08-15,8001523,8001522,17,20,82
2023-08-15,8001523,8001523,30,40,65
2023-08-15,8001523,8001545,17,20,70
2023-08-15,8001524,8000037,33,37,109
2023-08-15,8001524,8001522,23,34,44
2023-08-15,8001524,8001524,53,71,64
2023-08-15,8001525,8001505,21,42,106
2023-08-15,8001525,8001519,38,42,98
2023-08-15,8001525,8001525,60,84,111
2023-08-15,8001526,8001526,63,112,27
2023-08-15,8001526,8001529,52,56,70
2023-08-15,8001526,8003936,10,56,10
2023-08-15,8001527,8001527,69,78,79
2023-08-15,8001527,8001536,30,39,68
2023-08-15,8001528,8001329,10,18,212
2023-08-15,8001528,8001528,20,36,138
2023-08-15,8001528,8001539,10,18,133
2023-08-15,8001529,8001517,38,56,51
2023-08-15,8001529,8001526,9,56,12
2023-08-15,8001529,8001529,92,112,46
2023-08-15,8001530,8001530,93,106,273
2023-08-15,8001530,8001533,37,54,232
2023-08-15,8001530,8004883,49,52,300
2023-08-15,8001531,8000081,28,42,109
2023-08-15,8001531,8001505,41,42,105
2023-08-15,8001531,8001531,66,84,99
2023-08-15,8001532,8001532,28,36,102
2023-08-15,8001532,8001544,17,18,88
2023-08-15,8001533,8001530,50,52,287
2023-08-15,8001533,8001533,88,106,246
2023-08-15,8001534,8001521,8,20,78
2023-08-15,8001534,8001534,24,40,94
2023-08-15,8001534,8001538,17,20,120
2023-08-15,8001535,8001517,33,56,28
2023-08-15,8001535,8001535,81,112,32
2023-08-15,8001535,8003916,41,56,34
2023-08-15,8001536,8001527,29,39,45
2023-08-15,8001536,8001536,47,78,48
2023-08-15,8001536,8006510,38,39,85
2023-08-15,8001537,8001515,17,29,338
2023-08-15,8001537,8001537,55,73,613
2023-08-15,8001537,8003169,31,36,853
2023-08-15,8001537,8006226,8,8,634
2023-08-15,8001538,8001534,11,20,86
2023-08-15,8001538,8001538,28,40,112
2023-08-15,8001538,8006505,18,20,136
2023-08-15,8001539,8001528,7,18,50
2023-08-15,8001539,8001539,18,36,87
2023-08-15,8001539,8001541,10,18,130
2023-08-15,8001540,8001540,78,108,51
2023-08-15,8001540,8001542,24,54,27
2023-08-15,8001540,8001549,54,54,106
2023-08-15,8001541,8001539,6,18,37
2023-08-15,8001541,8001541,18,36,85
2023-08-15,8001541,8001544,10,18,118
2023-08-15,8001542,8000081,6,54,7
2023-08-15,8001542,8001540,36,54,40
2023-08-15,8001542,8001542,56,108,28
2023-08-15,8001543,8001327,78,83,236
2023-08-15,8001543,8001515,12,15,340
2023-08-15,8001543,8001519,24,42,116
2023-08-15,8001543,8001543,137,166,232
2023-08-15,8001544,8001532,7,18,105
2023-08-15,8001544,8001541,10,18,70
2023-08-15,8001544,8001544,20,36,92
2023-08-15,8001545,8000392,17,34,55
2023-08-15,8001545,8001522,10,14,47
2023-08-15,8001545,8001523,14,20,60
2023-08-15,8001545,8001545,42,68,53
2023-08-15,8001546,8001546,57,112,27
2023-08-15,8001546,8003909,16,56,13
2023-08-15,8001546,8003936,51,56,44
2023-08-15,8001549,8001516,53,54,69
2023-08-15,8001549,8001540,33,54,36
2023-08-15,8001549,8001549,106,108,78
2023-08-15,8001692,8001394,23,35,204
2023-08-15,8001692,8001692,51,69,266
2023-08-15,8001692,8002262,28,34,335
2023-08-15,8001700,8001700,25,40,54
2023-08-15,8001700,8003018,12,20,46
2023-08-15,8001700,8003716,7,20,38
2023-08-15,8001729,8001729,5,8,38
2023-08-15,8001729,8004406,3,3,70
2023-08-15,8001795,8000033,41,51,346
2023-08-15,8001795,8000037,25,32,521
2023-08-15,8001795,8001795,84,102,506
2023-08-15,8001795,8006386,16,18,772
2023-08-15,8001836,8000037,19,31,55
2023-08-15,8001836,8001836,38,62,49
2023-08-15,8001836,8002754,19,31,53
2023-08-15,8001851,8005319,8,8,79
2023-08-15,8001943,8001943,27,43,61
2023-08-15,8001943,8002267,10,21,30
2023-08-15,8001943,8004440,7,22,61
2023-08-15,8001980,8001980,15,16,144
2023-08-15,8001980,8003486,8,8,101
2023-08-15,8001980,8004564,7,8,214
2023-08-15,8002073,8002073,58,70,50
2023-08-15,8002073,8003993,28,35,129
2023-08-15,8002073,8004642,21,35,-27
2023-08-15,8002180,8000793,0,15,0
2023-08-15,8002180,8002180,5,30,14
2023-08-15,8002180,8003470,8,15,34
2023-08-15,8002262,8001692,28,35,209
2023-08-15,8002262,8002262,57,69,258
2023-08-15,8002262,8005276,25,34,318
2023-08-15,8002267,8001943,12,22,74
2023-08-15,8002267,8002267,21,43,49
2023-08-15,8002267,8002509,15,21,36
2023-08-15,8002268,8000033,10,21,41
2023-08-15,8002268,8002268,21,43,58
2023-08-15,8002268,8002509,12,22,74
2023-08-15,8002509,8002267,12,22,71
2023-08-15,8002509,8002268,11,21,47
2023-08-15,8002509,8002509,27,43,59
2023-08-15,8002512,8002512,30,43,61
2023-08-15,8002512,8004440,15,21,43
2023-08-15,8002512,8006712,13,22,78
2023-08-15,8002514,8001357,13,19,88
2023-08-15,8002514,8002514,32,38,105
2023-08-15,8002514,8002769,19,19,103
2023-08-15,8002639,8001038,32,40,105
2023-08-15,8002639,8002639,65,80,153
2023-08-15,8002639,8002640,31,40,178
2023-08-15,8002640,8002639,24,40,124
2023-08-15,8002680,8000441,33,38,368
2023-08-15,8002680,8001045,17,17,226
2023-08-15,8002680,8002680,51,75,284
2023-08-15,8002680,8003168,12,19,306
2023-08-15,8002745,8000171,21,34,36
2023-08-15,8002745,8002745,45,68,60
2023-08-15,8002745,8006342,22,34,71
2023-08-15,8002754,8001836,9,31,31
2023-08-15,8002754,8002754,35,62,46
2023-08-15,8002754,8003166,23,31,52
2023-08-15,8002769,8002514,13,19,88
2023-08-15,8002769,8002769,30,40,91
2023-08-15,8002769,8006505,11,20,88
2023-08-15,8002779,8000164,13,18,193
2023-08-15,8002779,8001328,12,18,158
2023-08-15,8002779,8002779,27,36,183
2023-08-15,8002953,8002953,45,71,155
2023-08-15,8002953,8003657,14,15,466
2023-08-15,8002953,8003939,13,17,78
2023-08-15,8002953,8006386,10,14,49
2023-08-15,8002992,8000054,11,11,267
2023-08-15,8002992,8001137,8,9,157
2023-08-15,8002992,8002992,21,22,206
2023-08-15,8002992,8003998,2,2,105
2023-08-15,8003018,8001700,13,20,56
2023-08-15,8003018,8003018,15,40,39
2023-08-15,8003090,8000186,11,31,29
2023-08-15,8003090,8003090,40,62,33
2023-08-15,8003090,8003166,30,31,60
2023-08-15,8003166,8002754,12,31,30
2023-08-15,8003166,8003090,10,31,37
2023-08-15,8003166,8003166,35,62,32
2023-08-15,8003168,8002680,17,19,651
2023-08-15,8003168,8003168,116,145,560
2023-08-15,8003168,8003169,29,37,385
2023-08-15,8003168,8004448,25,28,768
2023-08-15,8003168,8006226,32,35,416
2023-08-15,8003168,8006449,6,7,660
2023-08-15,8003169,8001537,22,37,387
2023-08-15,8003169,8003168,32,36,873
2023-08-15,8003169,8003169,58,73,615
2023-08-15,8003287,8003287,23,40,51
2023-08-15,8003287,8003939,10,20,44
2023-08-15,8003287,8006320,13,20,57
2023-08-15,8003470,8002180,0,15,0
2023-08-15,8003470,8003470,8,30,20
2023-08-15,8003470,8004273,8,15,28
2023-08-15,8003486,8001980,7,8,225
2023-08-15,8003486,8003486,14,15,176
2023-08-15,8003486,8003493,9,13,69
2023-08-15,8003493,8000187,7,13,62
2023-08-15,8003493,8003486,13,13,113
2023-08-15,8003493,8003493,19,26,84
2023-08-15,8003621,8003621,13,16,135
2023-08-15,8003621,8004564,6,8,86
2023-08-15,8003621,8005319,8,8,176
2023-08-15,8003638,8000978,9,16,34
2023-08-15,8003638,8003638,6,33,11
2023-08-15,8003638,8003965,0,17,0
2023-08-15,8003657,8000186,17,33,217
2023-08-15,8003657,8002953,18,20,69
2023-08-15,8003657,8003657,41,67,146
2023-08-15,8003716,8001700,8,20,40
2023-08-15,8003716,8003716,15,40,38
2023-08-15,8003716,8006320,12,20,52
2023-08-15,8003896,8001137,17,17,261
2023-08-15,8003896,8003896,31,34,184
2023-08-15,8003896,8006379,11,17,102
2023-08-15,8003909,8001546,50,56,51
2023-08-15,8003909,8003909,87,112,42
2023-08-15,8003909,8005971,35,56,36
2023-08-15,8003916,8001520,39,56,51
2023-08-15,8003916,8001535,40,56,38
2023-08-15,8003916,8003916,83,112,37
2023-08-15,8003925,8000171,32,39,38
2023-08-15,8003925,8003925,60,78,41
2023-08-15,8003925,8005971,16,39,13
2023-08-15,8003936,8001526,29,56,23
2023-08-15,8003936,8001546,42,56,35
2023-08-15,8003936,8003936,93,112,39
2023-08-15,8003939,8002953,6,16,39
2023-08-15,8003939,8003287,8,20,51
2023-08-15,8003939,8003939,17,40,49
2023-08-15,8003946,8000081,39,56,39
2023-08-15,8003946,8001518,12,56,19
2023-08-15,8003946,8003946,49,112,28
2023-08-15,8003965,8003638,5,16,21
2023-08-15,8003965,8003965,5,33,13
2023-08-15,8003965,8003967,3,17,5
2023-08-15,8003967,8001066,7,36,13
2023-08-15,8003967,8003965,5,16,26
2023-08-15,8003967,8003967,13,33,24
2023-08-15,8003993,8000927,30,35,165
2023-08-15,8003993,8002073,29,35,-5
2023-08-15,8003993,8003993,56,70,63
2023-08-15,8003998,8000904,2,2,90
2023-08-15,8003998,8002992,3,4,90
2023-08-15,8003998,8003998,5,6,100
2023-08-15,8004228,8000605,30,35,103
2023-08-15,8004228,8004228,46,70,45
2023-08-15,8004228,8006389,27,35,11
2023-08-15,8004230,8000081,45,56,364
2023-08-15,8004230,8004230,115,125,384
2023-08-15,8004230,8004419,65,69,385
2023-08-15,8004269,8000358,61,69,360
2023-08-15,8004269,8004269,121,138,358
2023-08-15,8004269,8004288,61,69,358
2023-08-15,8004273,8003470,0,15,0
2023-08-15,8004288,8004269,60,69,359
2023-08-15,8004288,8004288,120,138,356
2023-08-15,8004288,8004419,60,69,346
2023-08-15,8004419,8000081,11,13,233
2023-08-15,8004419,8004230,50,56,381
2023-08-15,8004419,8004288,52,69,342
2023-08-15,8004419,8004419,124,138,355
2023-08-15,8004440,8001943,16,21,66
2023-08-15,8004440,8002512,13,22,79
2023-08-15,8004440,8004440,24,43,63
2023-08-15,8004448,8003168,19,29,244
2023-08-15,8004448,8004448,51,57,507
2023-08-15,8004474,8000358,57,69,350
2023-08-15,8004474,8001039,48,69,290
2023-08-15,8004474,8004474,112,138,339
2023-08-15,8004564,8001980,6,8,94
2023-08-15,8004564,8003621,8,8,229
2023-08-15,8004564,8004564,14,16,163
2023-08-15,8004642,8000605,28,35,-3
2023-08-15,8004642,8002073,30,35,109
2023-08-15,8004642,8004642,54,70,48
2023-08-15,8004883,8000239,49,52,310
2023-08-15,8004883,8001530,43,54,236
2023-08-15,8004883,8004883,85,106,266
2023-08-15,8005227,8001357,18,19,99
2023-08-15,8005289,8000793,10,16,43
2023-08-15,8005289,8005289,10,33,23
2023-08-15,8005289,8006109,0,17,0
2023-08-15,8005319,8001851,6,8,165
2023-08-15,8005319,8003621,7,8,94
2023-08-15,8005319,8005319,13,16,126
2023-08-15,8005488,8000033,10,22,98
2023-08-15,8005488,8005488,25,43,82
2023-08-15,8005488,8006607,5,21,26
2023-08-15,8005525,8003783,18,18,312
2023-08-15,8005525,8005525,24,36,262
2023-08-15,8005525,8005526,6,18,203
2023-08-15,8005526,8001097,6,18,200
2023-08-15,8005526,8005525,18,18,327
2023-08-15,8005526,8005526,24,36,265
2023-08-15,8005555,8000966,9,9,60
2023-08-15,8005555,8005555,17,17,154
2023-08-15,8005555,8005569,8,8,270
2023-08-15,8005569,8005555,1,9,20
2023-08-15,8005569,8005569,9,17,139
2023-08-15,8005569,8006486,8,8,221
2023-08-15,8005971,8003909,55,56,34
2023-08-15,8005971,8003925,39,39,41
2023-08-15,8005971,8005971,29,78,15
2023-08-15,8006109,8000978,0,17,0
2023-08-15,8006109,8005289,10,16,36
2023-08-15,8006109,8006109,5,33,10
2023-08-15,8006226,8000853,20,22,1042
2023-08-15,8006226,8001515,13,13,879
2023-08-15,8006226,8001537,8,8,1028
2023-08-15,8006226,8001585,18,18,565
2023-08-15,8006226,8001911,16,21,180
2023-08-15,8006226,8003168,30,33,489
2023-08-15,8006226,8006226,145,190,442
2023-08-15,8006226,8006386,29,34,248
2023-08-15,8006227,8001039,52,56,428
2023-08-15,8006227,8001905,66,69,292
2023-08-15,8006227,8004474,11,13,203
2023-08-15,8006227,8006227,103,138,305
2023-08-15,8006320,8003287,5,20,28
2023-08-15,8006320,8003716,6,20,34
2023-08-15,8006320,8006320,30,58,100
2023-08-15,8006323,8001045,30,30,317
2023-08-15,8006323,8001093,29,34,317
2023-08-15,8006323,8006323,59,69,302
2023-08-15,8006342,8002745,25,34,56
2023-08-15,8006342,8006342,46,68,64
2023-08-15,8006342,8006383,22,34,76
2023-08-15,8006348,8000239,16,20,322
2023-08-15,8006348,8001323,18,20,402
2023-08-15,8006348,8006348,34,40,344
2023-08-15,8006379,8003896,17,17,274
2023-08-15,8006379,8005336,10,17,88
2023-08-15,8006379,8006379,27,34,200
2023-08-15,8006383,8006342,20,34,41
2023-08-15,8006383,8006383,35,68,47
2023-08-15,8006386,8000977,34,41,208
2023-08-15,8006386,8001795,15,18,520
2023-08-15,8006386,8002953,14,14,486
2023-08-15,8006386,8006226,27,35,141
2023-08-15,8006386,8006386,106,147,293
2023-08-15,8006386,8006510,12,21,43
2023-08-15,8006389,8000113,25,35,5
2023-08-15,8006389,8004228,21,35,86
2023-08-15,8006389,8006389,52,70,50
2023-08-15,8006486,8005569,1,9,20
2023-08-15,8006505,8001538,11,20,96
2023-08-15,8006505,8002769,11,20,60
2023-08-15,8006505,8006505,30,40,98
2023-08-15,8006510,8001536,16,39,30
2023-08-15,8006510,8006386,21,21,159
2023-08-15,8006510,8006510,52,78,72
2023-08-15,8006710,8001035,25,34,37
2023-08-15,8006710,8006710,59,68,121
2023-08-15,8006710,8006711,28,34,183
2023-08-15,8006711,8006710,31,34,59
2023-08-15,8006711,8006711,59,68,112
2023-08-15,8006712,8002512,17,21,49
2023-08-15,8006712,8006712,32,43,68
2023-08-16,8000033,8000033,101,145,331
2023-08-16,8000033,8001795,41,51,562
2023-08-16,8000033,8002268,8,22,117
2023-08-16,8000033,8005488,11,21,23
2023-08-16,8000033,8006719,40,51,323
2023-08-16,8000037,8000037,136,171,234
2023-08-16,8000037,8000113,13,20,148
2023-08-16,8000037,8000171,2,2,525
2023-08-16,8000037,8000392,27,34,592
2023-08-16,8000037,8001524,23,34,34
2023-08-16,8000037,8001795,29,31,329
2023-08-16,8000037,8001836,18,31,75
2023-08-16,8000054,8000054,14,18,40
2023-08-16,8000054,8001137,6,6,65
2023-08-16,8000054,8001182,8,9,40
2023-08-16,8000054,8002992,10,11,123
2023-08-16,8000054,8006453,4,12,2
2023-08-16,8000081,8000081,160,275,101
2023-08-16,8000081,8001531,38,42,74
2023-08-16,8000081,8001542,24,54,19
2023-08-16,8000081,8003946,12,56,13
2023-08-16,8000081,8004230,66,69,190
2023-08-16,8000113,8000037,13,19,47
2023-08-16,8000113,8000113,53,70,173
2023-08-16,8000113,8001066,21,37,39
2023-08-16,8000113,8006389,29,35,265
2023-08-16,8000164,8000164,152,206,214
2023-08-16,8000164,8000887,17,19,96
2023-08-16,8000164,8001327,64,83,174
2023-08-16,8000164,8001515,2,2,1830
2023-08-16,8000164,8001900,19,21,551
2023-08-16,8000164,8001909,21,21,201
2023-08-16,8000164,8002223,10,16,88
2023-08-16,8000164,8002227,12,15,86
2023-08-16,8000164,8002779,12,18,108
2023-08-16,8000171,8000037,2,2,750
2023-08-16,8000171,8000171,94,139,269
2023-08-16,8000171,8000392,37,67,156
2023-08-16,8000171,8001061,29,34,607
2023-08-16,8000171,8002745,25,34,105
2023-08-16,8000171,8003925,17,39,34
2023-08-16,8000186,8003090,0,31,0
2023-08-16,8000186,8003657,3,34,21
2023-08-16,8000239,8000239,53,76,177
2023-08-16,8000239,8001097,9,18,73
2023-08-16,8000239,8004883,34,54,143
2023-08-16,8000239,8006348,14,20,366
2023-08-16,8000358,8000358,106,138,176
2023-08-16,8000358,8004269,58,69,213
2023-08-16,8000358,8004474,56,69,148
2023-08-16,8000392,8000037,29,33,238
2023-08-16,8000392,8000171,54,68,355
2023-08-16,8000392,8000392,98,135,255
2023-08-16,8000392,8001545,19,34,102
2023-08-16,8000605,8000605,52,70,182
2023-08-16,8000605,8004228,22,35,76
2023-08-16,8000605,8004642,31,35,280
2023-08-16,8000745,8000745,53,69,241
2023-08-16,8000745,8001093,26,35,105
2023-08-16,8000745,8001394,34,34,477
2023-08-16,8000793,8000793,6,30,19
2023-08-16,8000793,8002180,6,15,32
2023-08-16,8000793,8005289,0,17,0
2023-08-16,8000904,8000904,6,6,95
2023-08-16,8000904,8001137,2,2,60
2023-08-16,8000904,8003998,4,4,75
2023-08-16,8000927,8000927,26,32,182
2023-08-16,8000927,8000966,13,17,198
2023-08-16,8000927,8003993,13,35,51
2023-08-16,8000966,8000927,14,17,127
2023-08-16,8000966,8000966,17,17,187
2023-08-16,8000966,8005555,8,8,270
2023-08-16,8000977,8000977,56,83,138
2023-08-16,8000977,8006226,4,4,195
2023-08-16,8000977,8006386,14,34,71
2023-08-16,8000977,8006510,4,4,82
2023-08-16,8000978,8000978,6,33,16
2023-08-16,8000978,8003638,0,17,0
2023-08-16,8000978,8006109,6,16,28
2023-08-16,8001035,8001035,51,68,118
2023-08-16,8001035,8006710,32,34,206
2023-08-16,8001038,8001038,54,80,94
2023-08-16,8001038,8002639,31,40,133
2023-08-16,8001038,8006194,12,40,38
2023-08-16,8001039,8001039,93,125,175
2023-08-16,8001039,8004474,41,56,243
2023-08-16,8001039,8006227,33,69,88
2023-08-16,8001045,8001045,77,96,153
2023-08-16,8001045,8001061,0,1,0
2023-08-16,8001045,8002680,12,16,176
2023-08-16,8001045,8003986,44,49,205
2023-08-16,8001045,8006323,29,29,219
2023-08-16,8001061,8000171,26,33,233
2023-08-16,8001061,8001061,57,67,426
2023-08-16,8001061,8001558,16,18,655
2023-08-16,8001066,8000113,23,36,41
2023-08-16,8001066,8001066,50,73,44
2023-08-16,8001066,8003967,27,37,42
2023-08-16,8001093,8000745,34,34,483
2023-08-16,8001093,8001093,60,69,298
2023-08-16,8001093,8006323,27,35,140
2023-08-16,8001097,8000239,18,18,92
2023-08-16,8001097,8001097,35,36,74
2023-08-16,8001097,8005526,18,18,140
2023-08-16,8001137,8000054,3,6,145
2023-08-16,8001137,8000904,4,4,142
2023-08-16,8001137,8001137,26,34,146
2023-08-16,8001137,8002992,6,7,270
2023-08-16,8001137,8003896,10,17,86
2023-08-16,8001182,8000054,7,9,37
2023-08-16,8001357,8001357,36,38,179
2023-08-16,8001357,8002514,16,19,163
2023-08-16,8001357,8005227,18,19,212
2023-08-16,8001394,8000745,26,35,-27
2023-08-16,8001394,8001394,60,69,230
2023-08-16,8001394,8001692,34,34,510
2023-08-16,8001505,8001505,67,84,97
2023-08-16,8001505,8001525,37,42,105
2023-08-16,8001505,8001531,27,42,84
2023-08-16,8001515,8001515,46,57,928
2023-08-16,8001515,8001537,26,28,1016
2023-08-16,8001515,8001543,15,16,611
2023-08-16,8001515,8006226,12,13,1265
2023-08-16,8001516,8001549,53,54,62
2023-08-16,8001517,8001517,85,112,49
2023-08-16,8001517,8001529,41,56,49
2023-08-16,8001517,8001535,31,56,33
2023-08-16,8001518,8001518,69,112,31
2023-08-16,8001518,8001520,21,56,19
2023-08-16,8001518,8003946,45,56,46
2023-08-16,8001519,8001519,61,84,89
2023-08-16,8001519,8001525,26,42,93
2023-08-16,8001519,8001543,35,42,87
2023-08-16,8001520,8001518,20,56,20
2023-08-16,8001520,8001520,53,112,28
2023-08-16,8001520,8003916,49,56,38
2023-08-16,8001521,8001521,26,40,106
2023-08-16,8001521,8001522,11,20,84
2023-08-16,8001521,8001534,15,20,129
2023-08-16,8001522,8001521,18,20,154
2023-08-16,8001522,8001522,123,151,92
2023-08-16,8001522,8001523,10,20,51
2023-08-16,8001522,8001524,32,37,84
2023-08-16,8001522,8001545,14,14,126
2023-08-16,8001523,8001522,17,20,114
2023-08-16,8001523,8001523,27,40,84
2023-08-16,8001523,8001545,14,20,66
2023-08-16,8001524,8000037,29,37,101
2023-08-16,8001524,8001522,27,34,67
2023-08-16,8001524,8001524,53,71,71
2023-08-16,8001525,8001505,22,42,84
2023-08-16,8001525,8001519,33,42,86
2023-08-16,8001525,8001525,57,84,91
2023-08-16,8001526,8001526,66,112,36
2023-08-16,8001526,8001529,51,56,85
2023-08-16,8001526,8003936,13,56,11
2023-08-16,8001527,8001527,64,78,105
2023-08-16,8001527,8001536,20,39,89
2023-08-16,8001528,8001329,11,18,113
2023-08-16,8001528,8001528,25,36,122
2023-08-16,8001528,8001539,13,18,125
2023-08-16,8001529,8001517,46,56,63
2023-08-16,8001529,8001526,11,56,14
2023-08-16,8001529,8001529,93,112,53
2023-08-16,8001530,8001530,93,106,171
2023-08-16,8001530,8001533,30,54,133
2023-08-16,8001530,8004883,48,52,206
2023-08-16,8001531,8000081,20,42,82
2023-08-16,8001531,8001505,39,42,86
2023-08-16,8001531,8001531,56,84,79
2023-08-16,8001532,8001532,29,36,124
2023-08-16,8001532,8001544,18,18,153
2023-08-16,8001533,8001530,47,52,184
2023-08-16,8001533,8001533,74,106,148
2023-08-16,8001534,8001521,6,20,72
2023-08-16,8001534,8001534,20,40,99
2023-08-16,8001534,8001538,15,20,132
2023-08-16,8001535,8001517,34,56,28
2023-08-16,8001535,8001535,83,112,37
2023-08-16,8001535,8003916,47,56,42
2023-08-16,8001536,8001527,23,39,78
2023-08-16,8001536,8001536,38,78,79
2023-08-16,8001536,8006510,32,39,115
2023-08-16,8001537,8001515,20,29,843
2023-08-16,8001537,8001537,61,73,1082
2023-08-16,8001537,8003169,33,36,1276
2023-08-16,8001537,8006226,8,8,1560
2023-08-16,8001538,8001534,8,20,76
2023-08-16,8001538,8001538,25,40,112
2023-08-16,8001538,8006505,17,20,140
2023-08-16,8001539,8001528,9,18,112
2023-08-16,8001539,8001539,21,36,112
2023-08-16,8001539,8001541,13,18,117
2023-08-16,8001540,8001540,82,108,46
2023-08-16,8001540,8001542,29,54,31
2023-08-16,8001540,8001549,53,54,92
2023-08-16,8001541,8001539,6,18,98
2023-08-16,8001541,8001541,21,36,107
2023-08-16,8001541,8001544,12,18,102
2023-08-16,8001542,8000081,2,54,2
2023-08-16,8001542,8001540,32,54,26
2023-08-16,8001542,8001542,53,108,21
2023-08-16,8001543,8001327,79,83,269
2023-08-16,8001543,8001515,13,15,466
2023-08-16,8001543,8001519,24,42,86
2023-08-16,8001543,8001543,133,166,206
2023-08-16,8001544,8001532,8,18,88
2023-08-16,8001544,8001541,11,18,128
2023-08-16,8001544,8001544,23,36,114
2023-08-16,8001545,8000392,24,34,96
2023-08-16,8001545,8001522,12,14,118
2023-08-16,8001545,8001523,13,20,105
2023-08-16,8001545,8001545,44,68,95
2023-08-16,8001546,8001546,70,112,40
2023-08-16,8001546,8003909,22,56,19
2023-08-16,8001546,8003936,52,56,58
2023-08-16,8001549,8001516,52,54,58
2023-08-16,8001549,8001540,34,54,42
2023-08-16,8001549,8001549,106,108,74
2023-08-16,8001692,8001394,20,35,-52
2023-08-16,8001692,8001692,57,69,230
2023-08-16,8001692,8002262,34,34,524
2023-08-16,8001700,8001700,21,38,107
2023-08-16,8001700,8003018,13,18,157
2023-08-16,8001700,8003716,4,20,38
2023-08-16,8001729,8001729,7,8,64
2023-08-16,8001729,8004406,3,3,110
2023-08-16,8001795,8000033,44,51,331
2023-08-16,8001795,8000037,26,32,626
2023-08-16,8001795,8001795,85,102,441
2023-08-16,8001795,8006386,13,15,344
2023-08-16,8001836,8000037,21,31,74
2023-08-16,8001836,8001836,39,62,71
2023-08-16,8001836,8002754,18,31,77
2023-08-16,8001851,8005319,6,8,176
2023-08-16,8001943,8001943,26,43,87
2023-08-16,8001943,8002267,8,21,29
2023-08-16,8001943,8004440,9,22,116
2023-08-16,8001980,8001980,15,16,278
2023-08-16,8001980,8003486,8,8,255
2023-08-16,8001980,8004564,7,8,311
2023-08-16,8002073,8002073,52,70,178
2023-08-16,8002073,8003993,32,35,298
2023-08-16,8002073,8004642,15,35,53
2023-08-16,8002180,8000793,0,15,0
2023-08-16,8002180,8002180,4,30,14
2023-08-16,8002180,8003470,6,15,34
2023-08-16,8002262,8001692,27,35,-30
2023-08-16,8002262,8002262,63,69,245
2023-08-16,8002262,8005276,34,34,502
2023-08-16,8002267,8001943,12,22,131
2023-08-16,8002267,8002267,18,43,75
2023-08-16,8002267,8002509,12,21,29
2023-08-16,8002268,8000033,9,21,26
2023-08-16,8002268,8002268,19,43,71
2023-08-16,8002268,8002509,10,22,115
2023-08-16,8002509,8002267,11,22,121
2023-08-16,8002509,8002268,11,21,31
2023-08-16,8002509,8002509,24,43,75
2023-08-16,8002512,8002512,25,43,84
2023-08-16,8002512,8004440,12,21,30
2023-08-16,8002512,8006712,12,22,127
2023-08-16,8002514,8001357,13,19,164
2023-08-16,8002514,8002514,32,38,178
2023-08-16,8002514,8002769,19,19,185
2023-08-16,8002639,8001038,23,40,55
2023-08-16,8002639,8002639,49,80,84
2023-08-16,8002639,8002640,21,40,98
2023-08-16,8002640,8002639,13,40,53
2023-08-16,8002680,8000441,34,38,833
2023-08-16,8002680,8001045,16,17,406
2023-08-16,8002680,8002680,55,75,632
2023-08-16,8002680,8003168,10,19,445
2023-08-16,8002745,8000171,26,34,117
2023-08-16,8002745,8002745,50,68,116
2023-08-16,8002745,8006342,23,34,87
2023-08-16,8002754,8001836,14,31,48
2023-08-16,8002754,8002754,35,62,68
2023-08-16,8002754,8003166,19,31,80
2023-08-16,8002769,8002514,13,19,145
2023-08-16,8002769,8002769,36,40,116
2023-08-16,8002769,8006505,10,20,86
2023-08-16,8002779,8000164,12,18,115
2023-08-16,8002779,8001328,14,18,133
2023-08-16,8002779,8002779,26,36,128
2023-08-16,8002953,8002953,42,71,168
2023-08-16,8002953,8003657,15,15,320
2023-08-16,8002953,8003939,13,17,83
2023-08-16,8002953,8006386,6,14,47
2023-08-16,8002992,8000054,9,11,218
2023-08-16,8002992,8001137,6,9,117
2023-08-16,8002992,8002992,18,22,154
2023-08-16,8002992,8003998,1,2,45
2023-08-16,8003018,8001700,8,20,42
2023-08-16,8003018,8003018,19,40,78
2023-08-16,8003090,8000186,14,31,36
2023-08-16,8003090,8003090,43,62,41
2023-08-16,8003090,8003166,31,31,81
2023-08-16,8003166,8002754,17,31,52
2023-08-16,8003166,8003090,13,31,38
2023-08-16,8003166,8003166,43,62,52
2023-08-16,8003168,8000164,1,1,390
2023-08-16,8003168,8002680,16,19,1195
2023-08-16,8003168,8003168,117,145,940
2023-08-16,8003168,8003169,29,37,896
2023-08-16,8003168,8004448,26,28,1197
2023-08-16,8003168,8006226,30,34,764
2023-08-16,8003168,8006449,7,7,861
2023-08-16,8003169,8001537,26,37,881
2023-08-16,8003169,8003168,34,36,1287
2023-08-16,8003169,8003169,60,73,1080
2023-08-16,8003287,8003287,19,40,158
2023-08-16,8003287,8003939,7,20,231
2023-08-16,8003287,8006320,11,20,114
2023-08-16,8003470,8002180,0,15,0
2023-08-16,8003470,8003470,6,30,20
2023-08-16,8003470,8004273,6,15,30
2023-08-16,8003486,8001980,8,8,386
2023-08-16,8003486,8003486,15,15,340
2023-08-16,8003486,8003493,10,13,180
2023-08-16,8003493,8000187,10,13,178
2023-08-16,8003493,8003486,11,13,360
2023-08-16,8003493,8003493,19,26,254
2023-08-16,8003621,8003621,15,16,276
2023-08-16,8003621,8004564,7,8,221
2023-08-16,8003621,8005319,8,8,364
2023-08-16,8003638,8000978,6,16,30
2023-08-16,8003638,8003638,4,33,12
2023-08-16,8003638,8003965,0,17,0
2023-08-16,8003657,8000186,19,33,164
2023-08-16,8003657,8002953,17,20,58
2023-08-16,8003657,8003657,46,67,105
2023-08-16,8003716,8001700,9,18,160
2023-08-16,8003716,8003716,10,38,99
2023-08-16,8003716,8006320,6,20,84
2023-08-16,8003896,8001137,15,17,215
2023-08-16,8003896,8003896,27,34,171
2023-08-16,8003896,8006379,10,17,173
2023-08-16,8003909,8001546,51,56,64
2023-08-16,8003909,8003909,89,112,58
2023-08-16,8003909,8005971,38,56,65
2023-08-16,8003916,8001520,38,56,50
2023-08-16,8003916,8001535,36,56,35
2023-08-16,8003916,8003916,84,112,37
2023-08-16,8003925,8000171,29,39,72
2023-08-16,8003925,8003925,61,78,66
2023-08-16,8003925,8005971,19,39,32
2023-08-16,8003936,8001526,33,56,36
2023-08-16,8003936,8001546,49,56,48
2023-08-16,8003936,8003936,101,112,47
2023-08-16,8003939,8002953,6,16,259
2023-08-16,8003939,8003287,9,20,84
2023-08-16,8003939,8003939,21,40,169
2023-08-16,8003946,8000081,37,56,40
2023-08-16,8003946,8001518,16,56,17
2023-08-16,8003946,8003946,51,112,28
2023-08-16,8003965,8003638,4,16,24
2023-08-16,8003965,8003965,4,33,13
2023-08-16,8003965,8003967,5,17,11
2023-08-16,8003967,8001066,12,36,22
2023-08-16,8003967,8003965,4,16,26
2023-08-16,8003967,8003967,16,33,31
2023-08-16,8003993,8000927,34,35,306
2023-08-16,8003993,8002073,24,35,68
2023-08-16,8003993,8003993,48,70,180
2023-08-16,8003998,8000904,2,2,45
2023-08-16,8003998,8002992,3,4,60
2023-08-16,8003998,8003998,5,6,60
2023-08-16,8004228,8000605,34,35,283
2023-08-16,8004228,8004228,50,70,172
2023-08-16,8004228,8006389,20,35,82
2023-08-16,8004230,8000081,36,56,217
2023-08-16,8004230,8004230,105,125,203
2023-08-16,8004230,8004419,65,69,181
2023-08-16,8004269,8000358,60,69,167
2023-08-16,8004269,8004269,118,138,188
2023-08-16,8004269,8004288,61,69,217
2023-08-16,8004273,8003470,0,15,0
2023-08-16,8004288,8004269,61,69,159
2023-08-16,8004288,8004288,122,138,186
2023-08-16,8004288,8004419,50,69,205
2023-08-16,8004419,8000081,12,13,138
2023-08-16,8004419,8004230,39,56,226
2023-08-16,8004419,8004288,52,69,139
2023-08-16,8004419,8004419,115,138,183
2023-08-16,8004440,8001943,15,21,57
2023-08-16,8004440,8002512,13,22,138
2023-08-16,8004440,8004440,25,43,88
2023-08-16,8004448,8003168,20,29,828
2023-08-16,8004448,8004448,52,57,1015
2023-08-16,8004474,8000358,52,69,207
2023-08-16,8004474,8001039,49,69,118
2023-08-16,8004474,8004474,108,138,173
2023-08-16,8004564,8001980,8,8,244
2023-08-16,8004564,8003621,8,8,368
2023-08-16,8004564,8004564,16,16,289
2023-08-16,8004642,8000605,21,35,69
2023-08-16,8004642,8002073,30,35,289
2023-08-16,8004642,8004642,50,70,171
2023-08-16,8004883,8000239,50,52,208
2023-08-16,8004883,8001530,45,54,153
2023-08-16,8004883,8004883,83,106,179
2023-08-16,8005227,8001357,19,19,171
2023-08-16,8005289,8000793,6,16,38
2023-08-16,8005289,8005289,6,33,18
2023-08-16,8005289,8006109,0,17,0
2023-08-16,8005319,8001851,8,8,334
2023-08-16,8005319,8003621,7,8,206
2023-08-16,8005319,8005319,15,16,276
2023-08-16,8005488,8000033,9,22,121
2023-08-16,8005488,8005488,21,43,84
2023-08-16,8005488,8006607,7,21,17
2023-08-16,8005525,8003783,18,18,138
2023-08-16,8005525,8005525,20,36,88
2023-08-16,8005525,8005526,2,18,22
2023-08-16,8005526,8001097,1,18,20
2023-08-16,8005526,8005525,18,18,155
2023-08-16,8005526,8005526,19,36,88
2023-08-16,8005555,8000966,9,9,150
2023-08-16,8005555,8005555,17,17,210
2023-08-16,8005555,8005569,7,8,270
2023-08-16,8005569,8005555,3,9,133
2023-08-16,8005569,8005569,10,17,198
2023-08-16,8005569,8006486,7,8,262
2023-08-16,8005971,8003909,55,56,53
2023-08-16,8005971,8003925,38,39,78
2023-08-16,8005971,8005971,40,78,44
2023-08-16,8006109,8000978,0,17,0
2023-08-16,8006109,8005289,6,16,32
2023-08-16,8006109,8006109,4,33,12
2023-08-16,8006226,8000853,22,22,1692
2023-08-16,8006226,8000977,4,4,82
2023-08-16,8006226,8001515,11,11,1047
2023-08-16,8006226,8001537,8,8,1395
2023-08-16,8006226,8001585,17,18,688
2023-08-16,8006226,8001911,19,21,164
2023-08-16,8006226,8003168,28,33,677
2023-08-16,8006226,8006226,160,186,530
2023-08-16,8006226,8006386,28,30,211
2023-08-16,8006227,8001039,47,56,275
2023-08-16,8006227,8001905,69,69,128
2023-08-16,8006227,8004474,12,13,115
2023-08-16,8006227,8006227,91,138,158
2023-08-16,8006320,8003287,6,20,146
2023-08-16,8006320,8003716,7,18,155
2023-08-16,8006320,8006320,25,56,158
2023-08-16,8006323,8001045,29,30,152
2023-08-16,8006323,8001093,33,34,481
2023-08-16,8006323,8006323,60,69,288
2023-08-16,8006342,8002745,27,34,141
2023-08-16,8006342,8006342,50,68,106
2023-08-16,8006342,8006383,23,34,92
2023-08-16,8006348,8000239,15,20,182
2023-08-16,8006348,8001323,19,20,453
2023-08-16,8006348,8006348,36,40,299
2023-08-16,8006379,8003896,17,17,224
2023-08-16,8006379,8005336,10,17,161
2023-08-16,8006379,8006379,27,34,204
2023-08-16,8006383,8006342,15,34,97
2023-08-16,8006383,8006383,37,68,82
2023-08-16,8006386,8000977,27,33,190
2023-08-16,8006386,8001795,13,15,296
2023-08-16,8006386,8002953,14,14,360
2023-08-16,8006386,8006226,21,31,111
2023-08-16,8006386,8006386,89,125,191
2023-08-16,8006386,8006510,12,17,51
2023-08-16,8006389,8000113,17,35,71
2023-08-16,8006389,8004228,30,35,267
2023-08-16,8006389,8006389,53,70,174
2023-08-16,8006486,8005569,3,9,133
2023-08-16,8006505,8001538,10,20,93
2023-08-16,8006505,8002769,15,20,108
2023-08-16,8006505,8006505,27,40,110
2023-08-16,8006510,8000977,4,4,232
2023-08-16,8006510,8001536,19,39,74
2023-08-16,8006510,8006386,17,17,171
2023-08-16,8006510,8006510,53,78,107
2023-08-16,8006710,8001035,21,34,38
2023-08-16,8006710,8006710,58,68,124
2023-08-16,8006710,8006711,30,34,191
2023-08-16,8006711,8006710,31,34,60
2023-08-16,8006711,8006711,60,68,116
2023-08-16,8006712,8002512,14,21,39
2023-08-16,8006712,8006712,31,43,87
2023-08-17,8000033,8000033,95,145,452
2023-08-17,8000033,8001795,42,51,722
2023-08-17,8000033,8002268,13,22,376
2023-08-17,8000033,8005488,8,21,16
2023-08-17,8000033,8006719,41,51,394
2023-08-17,8000037,8000037,119,171,214
2023-08-17,8000037,8000113,8,20,69
2023-08-17,8000037,8000171,2,2,135
2023-08-17,8000037,8000392,24,34,472
2023-08-17,8000037,8001524,20,34,24
2023-08-17,8000037,8001795,29,31,362
2023-08-17,8000037,8001836,19,31,57
2023-08-17,8000054,8000054,11,18,57
2023-08-17,8000054,8001137,6,6,90
2023-08-17,8000054,8001182,6,9,40
2023-08-17,8000054,8002992,11,11,76
2023-08-17,8000054,8006453,3,12,0
2023-08-17,8000081,8000081,161,275,128
2023-08-17,8000081,8001531,37,42,93
2023-08-17,8000081,8001542,23,54,31
2023-08-17,8000081,8003946,20,56,36
2023-08-17,8000081,8004230,64,69,218
2023-08-17,8000113,8000037,15,19,153
2023-08-17,8000113,8000113,45,70,132
2023-08-17,8000113,8001066,29,37,62
2023-08-17,8000113,8006389,22,35,114
2023-08-17,8000164,8000164,165,203,167
2023-08-17,8000164,8000887,18,19,147
2023-08-17,8000164,8001327,71,83,215
2023-08-17,8000164,8001900,18,20,186
2023-08-17,8000164,8001909,20,21,186
2023-08-17,8000164,8002223,14,16,75
2023-08-17,8000164,8002227,11,15,66
2023-08-17,8000164,8002779,16,18,127
2023-08-17,8000171,8000037,2,2,975
2023-08-17,8000171,8000171,93,139,353
2023-08-17,8000171,8000392,41,67,249
2023-08-17,8000171,8001061,27,34,573
2023-08-17,8000171,8002745,27,34,374
2023-08-17,8000171,8003925,18,39,25
2023-08-17,8000186,8003090,0,31,0
2023-08-17,8000186,8003657,2,34,20
2023-08-17,8000239,8000239,63,76,284
2023-08-17,8000239,8001097,10,18,110
2023-08-17,8000239,8004883,35,54,244
2023-08-17,8000239,8006348,18,20,412
2023-08-17,8000358,8000358,106,138,202
2023-08-17,8000358,8004269,54,69,240
2023-08-17,8000358,8004474,54,69,166
2023-08-17,8000392,8000037,28,33,280
2023-08-17,8000392,8000171,52,68,435
2023-08-17,8000392,8000392,98,135,335
2023-08-17,8000392,8001545,24,34,264
2023-08-17,8000605,8000605,52,70,136
2023-08-17,8000605,8004228,23,35,159
2023-08-17,8000605,8004642,27,35,114
2023-08-17,8000745,8000745,55,69,283
2023-08-17,8000745,8001093,22,35,171
2023-08-17,8000745,8001394,33,34,396
2023-08-17,8000793,8000793,4,30,8
2023-08-17,8000793,8002180,4,15,16
2023-08-17,8000793,8005289,0,17,0
2023-08-17,8000904,8000904,6,6,150
2023-08-17,8000904,8001137,1,2,75
2023-08-17,8000904,8003998,3,4,165
2023-08-17,8000927,8000927,27,32,164
2023-08-17,8000927,8000966,12,17,164
2023-08-17,8000927,8003993,16,35,111
2023-08-17,8000966,8000927,13,17,116
2023-08-17,8000966,8000966,17,17,201
2023-08-17,8000966,8005555,8,8,278
2023-08-17,8000977,8000977,51,83,82
2023-08-17,8000977,8006386,18,42,60
2023-08-17,8000978,8000978,4,33,7
2023-08-17,8000978,8003638,0,17,0
2023-08-17,8000978,8006109,4,16,8
2023-08-17,8001035,8001035,55,68,106
2023-08-17,8001035,8006710,34,34,199
2023-08-17,8001038,8001038,64,80,121
2023-08-17,8001038,8002639,34,40,158
2023-08-17,8001038,8006194,10,40,62
2023-08-17,8001039,8001039,97,125,220
2023-08-17,8001039,8004474,45,56,295
2023-08-17,8001039,8006227,41,69,128
2023-08-17,8001045,8001045,83,96,230
2023-08-17,8001045,8001061,1,1,4440
2023-08-17,8001045,8002680,14,16,167
2023-08-17,8001045,8003986,44,49,208
2023-08-17,8001045,8006323,26,29,217
2023-08-17,8001061,8000171,25,33,249
2023-08-17,8001061,8001061,53,67,425
2023-08-17,8001061,8001558,15,18,692
2023-08-17,8001066,8000113,21,36,43
2023-08-17,8001066,8001066,49,73,52
2023-08-17,8001066,8003967,28,37,48
2023-08-17,8001093,8000745,33,34,410
2023-08-17,8001093,8001093,55,69,283
2023-08-17,8001093,8006323,22,35,177
2023-08-17,8001097,8000239,18,18,103
2023-08-17,8001097,8001097,35,36,93
2023-08-17,8001097,8005526,18,18,175
2023-08-17,8001137,8000054,4,6,95
2023-08-17,8001137,8000904,4,4,188
2023-08-17,8001137,8001137,28,34,98
2023-08-17,8001137,8002992,5,7,86
2023-08-17,8001137,8003896,14,17,88
2023-08-17,8001182,8000054,7,9,63
2023-08-17,8001357,8001357,28,38,160
2023-08-17,8001357,8002514,13,19,144
2023-08-17,8001357,8005227,13,19,186
2023-08-17,8001394,8000745,31,35,177
2023-08-17,8001394,8001394,62,69,283
2023-08-17,8001394,8001692,32,34,408
2023-08-17,8001505,8001505,74,84,124
2023-08-17,8001505,8001525,39,42,129
2023-08-17,8001505,8001531,33,42,107
2023-08-17,8001515,8001515,40,57,378
2023-08-17,8001515,8001537,22,28,497
2023-08-17,8001515,8001543,15,16,159
2023-08-17,8001515,8006226,12,13,432
2023-08-17,8001516,8001549,54,54,59
2023-08-17,8001517,8001517,88,112,76
2023-08-17,8001517,8001529,46,56,85
2023-08-17,8001517,8001535,36,56,51
2023-08-17,8001518,8001518,70,112,51
2023-08-17,8001518,8001520,19,56,41
2023-08-17,8001518,8003946,46,56,63
2023-08-17,8001519,8001519,61,84,112
2023-08-17,8001519,8001525,24,42,120
2023-08-17,8001519,8001543,37,42,104
2023-08-17,8001520,8001518,24,56,43
2023-08-17,8001520,8001520,59,112,53
2023-08-17,8001520,8003916,46,56,61
2023-08-17,8001521,8001521,32,40,101
2023-08-17,8001521,8001522,17,20,118
2023-08-17,8001521,8001534,15,20,84
2023-08-17,8001522,8001521,18,20,112
2023-08-17,8001522,8001522,124,151,149
2023-08-17,8001522,8001523,14,20,306
2023-08-17,8001522,8001524,34,37,72
2023-08-17,8001522,8001545,13,14,210
2023-08-17,8001523,8001522,12,20,334
2023-08-17,8001523,8001523,24,40,316
2023-08-17,8001523,8001545,14,20,321
2023-08-17,8001524,8000037,30,37,107
2023-08-17,8001524,8001522,26,34,56
2023-08-17,8001524,8001524,51,71,63
2023-08-17,8001525,8001505,23,42,113
2023-08-17,8001525,8001519,37,42,109
2023-08-17,8001525,8001525,57,84,118
2023-08-17,8001526,8001526,75,112,59
2023-08-17,8001526,8001529,51,56,100
2023-08-17,8001526,8003936,24,56,50
2023-08-17,8001527,8001527,67,78,90
2023-08-17,8001527,8001536,25,39,72
2023-08-17,8001528,8001329,13,18,53
2023-08-17,8001528,8001528,30,36,88
2023-08-17,8001528,8001539,15,18,107
2023-08-17,8001529,8001517,42,56,79
2023-08-17,8001529,8001526,15,56,48
2023-08-17,8001529,8001529,97,112,78
2023-08-17,8001530,8001530,95,106,249
2023-08-17,8001530,8001533,40,54,245
2023-08-17,8001530,8004883,47,52,245
2023-08-17,8001531,8000081,25,42,103
2023-08-17,8001531,8001505,40,42,111
2023-08-17,8001531,8001531,59,84,99
2023-08-17,8001532,8001532,29,36,78
2023-08-17,8001532,8001544,18,18,82
2023-08-17,8001533,8001530,49,52,242
2023-08-17,8001533,8001533,88,106,233
2023-08-17,8001534,8001521,9,20,96
2023-08-17,8001534,8001534,21,40,86
2023-08-17,8001534,8001538,15,20,87
2023-08-17,8001535,8001517,41,56,58
2023-08-17,8001535,8001535,85,112,59
2023-08-17,8001535,8003916,44,56,61
2023-08-17,8001536,8001527,29,39,58
2023-08-17,8001536,8001536,44,78,56
2023-08-17,8001536,8006510,36,39,88
2023-08-17,8001537,8001515,16,29,250
2023-08-17,8001537,8001537,50,73,381
2023-08-17,8001537,8003169,28,36,553
2023-08-17,8001537,8006226,5,8,135
2023-08-17,8001538,8001534,9,20,98
2023-08-17,8001538,8001538,26,40,101
2023-08-17,8001538,8006505,15,20,96
2023-08-17,8001539,8001528,8,18,43
2023-08-17,8001539,8001539,24,36,69
2023-08-17,8001539,8001541,16,18,107
2023-08-17,8001540,8001540,81,108,50
2023-08-17,8001540,8001542,27,54,27
2023-08-17,8001540,8001549,54,54,112
2023-08-17,8001541,8001539,8,18,28
2023-08-17,8001541,8001541,23,36,68
2023-08-17,8001541,8001544,14,18,90
2023-08-17,8001542,8000081,2,54,3
2023-08-17,8001542,8001540,27,54,35
2023-08-17,8001542,8001542,50,108,25
2023-08-17,8001543,8001327,79,83,175
2023-08-17,8001543,8001515,11,15,198
2023-08-17,8001543,8001519,22,42,111
2023-08-17,8001543,8001543,138,166,164
2023-08-17,8001544,8001532,8,18,72
2023-08-17,8001544,8001541,11,18,68
2023-08-17,8001544,8001544,24,36,74
2023-08-17,8001545,8000392,27,34,277
2023-08-17,8001545,8001522,13,14,180
2023-08-17,8001545,8001523,12,20,321
2023-08-17,8001545,8001545,49,68,266
2023-08-17,8001546,8001546,72,112,64
2023-08-17,8001546,8003909,31,56,58
2023-08-17,8001546,8003936,51,56,70
2023-08-17,8001549,8001516,54,54,76
2023-08-17,8001549,8001540,32,54,36
2023-08-17,8001549,8001549,108,108,81
2023-08-17,8001692,8001394,25,35,148
2023-08-17,8001692,8001692,58,69,285
2023-08-17,8001692,8002262,33,34,426
2023-08-17,8001700,8001700,24,38,59
2023-08-17,8001700,8003018,8,18,43
2023-08-17,8001700,8003716,12,20,54
2023-08-17,8001729,8001729,5,8,52
2023-08-17,8001729,8004406,2,3,50
2023-08-17,8001795,8000033,46,51,412
2023-08-17,8001795,8000037,24,32,592
2023-08-17,8001795,8001795,85,102,563
2023-08-17,8001795,8006386,16,18,740
2023-08-17,8001836,8000037,19,31,51
2023-08-17,8001836,8001836,33,62,38
2023-08-17,8001836,8002754,15,31,40
2023-08-17,8001851,8005319,7,8,296
2023-08-17,8001943,8001943,28,43,202
2023-08-17,8001943,8002267,5,21,14
2023-08-17,8001943,8004440,12,22,356
2023-08-17,8001980,8001980,16,16,458
2023-08-17,8001980,8003486,7,8,345
2023-08-17,8001980,8004564,8,8,592
2023-08-17,8002073,8002073,52,70,130
2023-08-17,8002073,8003993,28,35,130
2023-08-17,8002073,8004642,22,35,123
2023-08-17,8002180,8000793,0,15,0
2023-08-17,8002180,8002180,4,30,8
2023-08-17,8002180,8003470,4,15,16
2023-08-17,8002262,8001692,26,35,168
2023-08-17,8002262,8002262,59,69,290
2023-08-17,8002262,8005276,32,34,411
2023-08-17,8002267,8001943,15,22,364
2023-08-17,8002267,8002267,14,43,189
2023-08-17,8002267,8002509,6,21,11
2023-08-17,8002268,8000033,3,21,13
2023-08-17,8002268,8002268,17,43,196
2023-08-17,8002268,8002509,12,22,371
2023-08-17,8002509,8002267,11,22,365
2023-08-17,8002509,8002268,4,21,13
2023-08-17,8002509,8002509,18,43,197
2023-08-17,8002512,8002512,31,43,207
2023-08-17,8002512,8004440,11,21,29
2023-08-17,8002512,8006712,16,22,372
2023-08-17,8002514,8001357,13,19,164
2023-08-17,8002514,8002514,28,38,153
2023-08-17,8002514,8002769,18,19,183
2023-08-17,8002639,8001038,31,40,88
2023-08-17,8002639,8002639,56,80,112
2023-08-17,8002639,8002640,26,40,122
2023-08-17,8002640,8002639,17,40,82
2023-08-17,8002680,8000441,33,38,477
2023-08-17,8002680,8001045,16,17,171
2023-08-17,8002680,8002680,49,75,338
2023-08-17,8002680,8003168,8,19,327
2023-08-17,8002745,8000171,26,34,220
2023-08-17,8002745,8002745,54,68,289
2023-08-17,8002745,8006342,27,34,375
2023-08-17,8002754,8001836,8,31,22
2023-08-17,8002754,8002754,31,62,41
2023-08-17,8002754,8003166,18,31,53
2023-08-17,8002769,8002514,17,19,115
2023-08-17,8002769,8002769,37,40,113
2023-08-17,8002769,8006505,11,20,104
2023-08-17,8002779,8000164,16,18,82
2023-08-17,8002779,8001328,16,18,125
2023-08-17,8002779,8002779,32,36,118
2023-08-17,8002953,8002953,38,71,92
2023-08-17,8002953,8003657,13,15,242
2023-08-17,8002953,8003939,8,17,69
2023-08-17,8002953,8006386,6,14,34
2023-08-17,8002992,8000054,11,11,194
2023-08-17,8002992,8001137,7,9,47
2023-08-17,8002992,8002992,20,22,108
2023-08-17,8002992,8003998,2,2,120
2023-08-17,8003018,8001700,16,20,75
2023-08-17,8003018,8003018,23,40,48
2023-08-17,8003090,8000186,8,31,17
2023-08-17,8003090,8003090,37,62,28
2023-08-17,8003090,8003166,31,31,65
2023-08-17,8003166,8002754,12,31,27
2023-08-17,8003166,8003090,6,31,19
2023-08-17,8003166,8003166,36,62,30
2023-08-17,8003168,8002680,17,19,707
2023-08-17,8003168,8003168,103,145,504
2023-08-17,8003168,8003169,27,37,204
2023-08-17,8003168,8004448,22,28,464
2023-08-17,8003168,8006226,27,35,603
2023-08-17,8003168,8006449,6,7,514
2023-08-17,8003169,8001537,20,37,197
2023-08-17,8003169,8003168,29,36,561
2023-08-17,8003169,8003169,53,73,373
2023-08-17,8003287,8003287,17,40,49
2023-08-17,8003287,8003939,9,20,32
2023-08-17,8003287,8006320,8,20,56
2023-08-17,8003470,8002180,0,15,0
2023-08-17,8003470,8003470,4,30,8
2023-08-17,8003470,8004273,4,15,8
2023-08-17,8003486,8001980,8,8,548
2023-08-17,8003486,8003486,14,15,458
2023-08-17,8003486,8003493,10,13,242
2023-08-17,8003493,8000187,11,13,268
2023-08-17,8003493,8003486,12,13,328
2023-08-17,8003493,8003493,22,26,285
2023-08-17,8003621,8003621,15,16,422
2023-08-17,8003621,8004564,7,8,330
2023-08-17,8003621,8005319,8,8,536
2023-08-17,8003638,8000978,4,16,15
2023-08-17,8003638,8003638,4,33,4
2023-08-17,8003638,8003965,0,17,0
2023-08-17,8003657,8000186,14,33,123
2023-08-17,8003657,8002953,17,20,63
2023-08-17,8003657,8003657,35,67,81
2023-08-17,8003716,8001700,8,18,32
2023-08-17,8003716,8003716,19,38,42
2023-08-17,8003716,8006320,14,20,63
2023-08-17,8003896,8001137,17,17,129
2023-08-17,8003896,8003896,32,34,117
2023-08-17,8003896,8006379,10,17,88
2023-08-17,8003909,8001546,50,56,73
2023-08-17,8003909,8003909,89,112,75
2023-08-17,8003909,8005971,35,56,71
2023-08-17,8003916,8001520,43,56,74
2023-08-17,8003916,8001535,41,56,64
2023-08-17,8003916,8003916,84,112,61
2023-08-17,8003925,8000171,32,39,71
2023-08-17,8003925,8003925,68,78,67
2023-08-17,8003925,8005971,25,39,37
2023-08-17,8003936,8001526,35,56,47
2023-08-17,8003936,8001546,51,56,86
2023-08-17,8003936,8003936,102,112,73
2023-08-17,8003939,8002953,6,16,19
2023-08-17,8003939,8003287,7,20,58
2023-08-17,8003939,8003939,15,40,44
2023-08-17,8003946,8000081,39,56,58
2023-08-17,8003946,8001518,17,56,34
2023-08-17,8003946,8003946,59,112,47
2023-08-17,8003965,8003638,4,16,8
2023-08-17,8003965,8003965,4,33,7
2023-08-17,8003965,8003967,3,17,11
2023-08-17,8003967,8001066,5,36,15
2023-08-17,8003967,8003965,4,16,15
2023-08-17,8003967,8003967,10,33,24
2023-08-17,8003993,8000927,32,35,168
2023-08-17,8003993,8002073,27,35,148
2023-08-17,8003993,8003993,55,70,139
2023-08-17,8003998,8000904,2,2,105
2023-08-17,8003998,8002992,3,4,165
2023-08-17,8003998,8003998,5,6,145
2023-08-17,8004228,8000605,31,35,118
2023-08-17,8004228,8004228,44,70,132
2023-08-17,8004228,8006389,22,35,155
2023-08-17,8004230,8000081,40,56,256
2023-08-17,8004230,8004230,109,125,238
2023-08-17,8004230,8004419,61,69,207
2023-08-17,8004269,8000358,59,69,187
2023-08-17,8004269,8004269,115,138,214
2023-08-17,8004269,8004288,57,69,247
2023-08-17,8004273,8003470,0,15,0
2023-08-17,8004288,8004269,58,69,187
2023-08-17,8004288,8004288,115,138,215
2023-08-17,8004288,8004419,54,69,235
2023-08-17,8004419,8000081,10,13,81
2023-08-17,8004419,8004230,45,56,277
2023-08-17,8004419,8004288,53,69,167
2023-08-17,8004419,8004419,115,138,212
2023-08-17,8004440,8001943,14,21,50
2023-08-17,8004440,8002512,17,22,376
2023-08-17,8004440,8004440,28,43,209
2023-08-17,8004448,8003168,20,29,111
2023-08-17,8004448,8004448,48,57,288
2023-08-17,8004474,8000358,51,69,239
2023-08-17,8004474,8001039,50,69,149
2023-08-17,8004474,8004474,104,138,198
2023-08-17,8004564,8001980,8,8,375
2023-08-17,8004564,8003621,8,8,578
2023-08-17,8004564,8004564,16,16,480
2023-08-17,8004642,8000605,26,35,136
2023-08-17,8004642,8002073,28,35,123
2023-08-17,8004642,8004642,54,70,124
2023-08-17,8004883,8000239,47,52,242
2023-08-17,8004883,8001530,48,54,244
2023-08-17,8004883,8004883,84,106,240
2023-08-17,8005227,8001357,16,19,152
2023-08-17,8005289,8000793,4,16,15
2023-08-17,8005289,8005289,4,33,7
2023-08-17,8005289,8006109,0,17,0
2023-08-17,8005319,8001851,8,8,521
2023-08-17,8005319,8003621,8,8,311
2023-08-17,8005319,8005319,16,16,414
2023-08-17,8005488,8000033,12,22,410
2023-08-17,8005488,8005488,22,43,234
2023-08-17,8005488,8006607,2,21,7
2023-08-17,8005525,8003783,18,18,172
2023-08-17,8005525,8005525,22,36,108
2023-08-17,8005525,8005526,4,18,32
2023-08-17,8005526,8001097,4,18,27
2023-08-17,8005526,8005525,18,18,190
2023-08-17,8005526,8005526,22,36,112
2023-08-17,8005555,8000966,9,9,167
2023-08-17,8005555,8005555,17,17,222
2023-08-17,8005555,8005569,7,8,285
2023-08-17,8005569,8005555,3,9,147
2023-08-17,8005569,8005569,10,17,212
2023-08-17,8005569,8006486,7,8,240
2023-08-17,8005971,8003909,56,56,69
2023-08-17,8005971,8003925,39,39,78
2023-08-17,8005971,8005971,46,78,41
2023-08-17,8006109,8000978,0,17,0
2023-08-17,8006109,8005289,4,16,15
2023-08-17,8006109,8006109,4,33,4
2023-08-17,8006226,8000853,20,22,431
2023-08-17,8006226,8001515,12,13,842
2023-08-17,8006226,8001537,8,8,698
2023-08-17,8006226,8001585,18,18,367
2023-08-17,8006226,8001911,13,21,79
2023-08-17,8006226,8003168,27,33,572
2023-08-17,8006226,8006226,129,189,373
2023-08-17,8006226,8006386,28,34,120
2023-08-17,8006227,8001039,48,56,327
2023-08-17,8006227,8001905,69,69,168
2023-08-17,8006227,8004474,8,13,97
2023-08-17,8006227,8006227,92,138,200
2023-08-17,8006320,8003287,7,20,28
2023-08-17,8006320,8003716,7,18,27
2023-08-17,8006320,8006320,32,56,55
2023-08-17,8006323,8001045,26,30,184
2023-08-17,8006323,8001093,34,34,409
2023-08-17,8006323,8006323,56,69,267
2023-08-17,8006342,8002745,26,34,196
2023-08-17,8006342,8006342,53,68,274
2023-08-17,8006342,8006383,27,34,380
2023-08-17,8006348,8000239,19,20,482
2023-08-17,8006348,8001323,19,20,466
2023-08-17,8006348,8006348,37,40,472
2023-08-17,8006379,8003896,17,17,157
2023-08-17,8006379,8005336,8,17,74
2023-08-17,8006379,8006379,26,34,123
2023-08-17,8006383,8006342,18,34,138
2023-08-17,8006383,8006383,44,68,245
2023-08-17,8006386,8000977,28,41,83
2023-08-17,8006386,8001795,16,18,503
2023-08-17,8006386,8002953,14,14,266
2023-08-17,8006386,8006226,18,35,70
2023-08-17,8006386,8006386,96,147,221
2023-08-17,8006386,8006510,15,21,61
2023-08-17,8006389,8000113,23,35,148
2023-08-17,8006389,8004228,24,35,105
2023-08-17,8006389,8006389,46,70,133
2023-08-17,8006486,8005569,3,9,147
2023-08-17,8006505,8001538,11,20,111
2023-08-17,8006505,8002769,16,20,63
2023-08-17,8006505,8006505,27,40,97
2023-08-17,8006510,8001536,18,39,44
2023-08-17,8006510,8006386,21,21,109
2023-08-17,8006510,8006510,56,78,78
2023-08-17,8006710,8001035,19,34,40
2023-08-17,8006710,8006710,65,68,129
2023-08-17,8006710,8006711,33,34,194
2023-08-17,8006711,8006710,34,34,72
2023-08-17,8006711,8006711,67,68,120
2023-08-17,8006712,8002512,15,21,43
2023-08-17,8006712,8006712,31,43,209
2023-08-18,8000033,8000033,106,157,464
2023-08-18,8000033,8001795,43,56,755
2023-08-18,8000033,8002268,11,24,149
2023-08-18,8000033,8005488,14,22,46
2023-08-18,8000033,8006719,43,55,483
2023-08-18,8000037,8000037,145,181,278
2023-08-18,8000037,8000113,18,24,130
2023-08-18,8000037,8000171,2,2,420
2023-08-18,8000037,8000392,32,36,670
2023-08-18,8000037,8001524,26,36,36
2023-08-18,8000037,8001795,31,33,499
2023-08-18,8000037,8001836,22,33,130
2023-08-18,8000054,8000054,13,18,53
2023-08-18,8000054,8001137,5,6,90
2023-08-18,8000054,8001182,6,9,33
2023-08-18,8000054,8002992,10,11,57
2023-08-18,8000054,8006453,5,12,22
2023-08-18,8000081,8000081,167,276,195
2023-08-18,8000081,8001531,39,42,97
2023-08-18,8000081,8001542,21,54,29
2023-08-18,8000081,8003946,11,56,13
2023-08-18,8000081,8004230,63,69,258
2023-08-18,8000113,8000037,14,19,114
2023-08-18,8000113,8000113,59,75,206
2023-08-18,8000113,8001066,23,38,55
2023-08-18,8000113,8004228,3,3,510
2023-08-18,8000113,8006389,33,37,222
2023-08-18,8000164,8000164,162,202,160
2023-08-18,8000164,8000887,14,15,174
2023-08-18,8000164,8001327,67,87,172
2023-08-18,8000164,8001900,20,22,181
2023-08-18,8000164,8001909,20,22,240
2023-08-18,8000164,8002223,11,16,43
2023-08-18,8000164,8002227,17,21,100
2023-08-18,8000164,8002779,13,18,57
2023-08-18,8000171,8000037,2,2,345
2023-08-18,8000171,8000171,86,143,304
2023-08-18,8000171,8000392,30,68,173
2023-08-18,8000171,8001061,32,36,899
2023-08-18,8000171,8002745,17,35,58
2023-08-18,8000171,8003925,15,39,18
2023-08-18,8000186,8003090,2,32,9
2023-08-18,8000186,8003657,3,34,14
2023-08-18,8000239,8000239,62,81,327
2023-08-18,8000239,8001097,15,19,384
2023-08-18,8000239,8004883,36,56,232
2023-08-18,8000239,8006348,16,22,344
2023-08-18,8000358,8000358,103,138,330
2023-08-18,8000358,8004269,57,69,457
2023-08-18,8000358,8004474,46,69,203
2023-08-18,8000392,8000037,27,33,350
2023-08-18,8000392,8000171,54,71,376
2023-08-18,8000392,8000392,96,139,283
2023-08-18,8000392,8001545,23,35,55
2023-08-18,8000605,8000605,62,75,254
2023-08-18,8000605,8003993,3,3,630
2023-08-18,8000605,8004228,27,35,184
2023-08-18,8000605,8004642,32,37,275
2023-08-18,8000745,8000745,58,71,219
2023-08-18,8000745,8001093,26,35,123
2023-08-18,8000745,8001394,33,35,268
2023-08-18,8000793,8000793,7,30,24
2023-08-18,8000793,8002180,6,15,48
2023-08-18,8000793,8005289,0,17,0
2023-08-18,8000904,8000904,5,6,95
2023-08-18,8000904,8001137,0,2,0
2023-08-18,8000904,8003998,3,4,120
2023-08-18,8000927,8000927,26,32,373
2023-08-18,8000927,8000966,15,17,531
2023-08-18,8000927,8003993,17,35,152
2023-08-18,8000966,8000927,12,17,196
2023-08-18,8000966,8000966,17,17,411
2023-08-18,8000966,8005555,8,8,532
2023-08-18,8000977,8000977,49,87,112
2023-08-18,8000977,8006386,17,44,115
2023-08-18,8000978,8000978,8,33,25
2023-08-18,8000978,8003638,0,17,0
2023-08-18,8000978,8006109,8,16,43
2023-08-18,8001035,8001035,53,70,150
2023-08-18,8001035,8006710,35,35,265
2023-08-18,8001038,8001038,52,81,117
2023-08-18,8001038,8002639,29,41,164
2023-08-18,8001038,8006194,16,40,42
2023-08-18,8001039,8001039,84,125,349
2023-08-18,8001039,8004474,46,56,527
2023-08-18,8001039,8006227,36,69,163
2023-08-18,8001045,8001045,85,98,136
2023-08-18,8001045,8001061,0,1,0
2023-08-18,8001045,8002680,16,17,171
2023-08-18,8001045,8003986,44,49,173
2023-08-18,8001045,8006323,24,31,141
2023-08-18,8001061,8000171,19,33,324
2023-08-18,8001061,8001061,56,69,635
2023-08-18,8001061,8001558,17,18,1173
2023-08-18,8001066,8000113,29,38,67
2023-08-18,8001066,8001066,55,76,62
2023-08-18,8001066,8003967,28,38,55
2023-08-18,8001093,8000745,35,36,319
2023-08-18,8001093,8001093,61,71,213
2023-08-18,8001093,8006323,26,35,125
2023-08-18,8001097,8000239,18,18,237
2023-08-18,8001097,8001097,36,37,305
2023-08-18,8001097,8005526,19,19,447
2023-08-18,8001137,8000054,4,6,55
2023-08-18,8001137,8000904,4,4,150
2023-08-18,8001137,8001137,28,34,86
2023-08-18,8001137,8002992,7,7,116
2023-08-18,8001137,8003896,13,17,64
2023-08-18,8001182,8000054,9,9,67
2023-08-18,8001357,8001357,33,42,162
2023-08-18,8001357,8002514,12,21,186
2023-08-18,8001357,8005227,17,21,167
2023-08-18,8001394,8000745,26,35,127
2023-08-18,8001394,8001394,58,70,195
2023-08-18,8001394,8001692,33,35,271
2023-08-18,8001505,8001505,77,85,115
2023-08-18,8001505,8001525,40,42,140
2023-08-18,8001505,8001531,37,43,91
2023-08-18,8001515,8001515,47,61,880
2023-08-18,8001515,8001537,28,30,1171
2023-08-18,8001515,8001543,16,16,122
2023-08-18,8001515,8006226,14,15,1052
2023-08-18,8001516,8001549,52,54,59
2023-08-18,8001517,8001517,73,112,47
2023-08-18,8001517,8001529,37,56,41
2023-08-18,8001517,8001535,27,56,39
2023-08-18,8001518,8001518,62,112,36
2023-08-18,8001518,8001520,14,56,10
2023-08-18,8001518,8003946,44,56,61
2023-08-18,8001519,8001519,65,85,106
2023-08-18,8001519,8001525,25,43,87
2023-08-18,8001519,8001543,40,42,119
2023-08-18,8001520,8001518,22,56,36
2023-08-18,8001520,8001520,51,112,32
2023-08-18,8001520,8003916,45,56,31
2023-08-18,8001521,8001521,30,41,161
2023-08-18,8001521,8001522,16,21,174
2023-08-18,8001521,8001534,13,20,166
2023-08-18,8001522,8001521,19,20,194
2023-08-18,8001522,8001522,137,160,104
2023-08-18,8001522,8001523,13,21,27
2023-08-18,8001522,8001524,38,41,113
2023-08-18,8001522,8001545,12,14,88
2023-08-18,8001523,8001522,18,21,69
2023-08-18,8001523,8001523,28,42,41
2023-08-18,8001523,8001545,14,21,30
2023-08-18,8001524,8000037,40,41,142
2023-08-18,8001524,8001522,27,36,50
2023-08-18,8001524,8001524,67,77,88
2023-08-18,8001525,8001505,23,43,80
2023-08-18,8001525,8001519,40,42,124
2023-08-18,8001525,8001525,61,85,105
2023-08-18,8001526,8001526,62,112,29
2023-08-18,8001526,8001529,52,56,78
2023-08-18,8001526,8003936,10,56,9
2023-08-18,8001527,8001527,72,80,99
2023-08-18,8001527,8001536,27,40,75
2023-08-18,8001528,8001329,17,18,77
2023-08-18,8001528,8001528,28,36,65
2023-08-18,8001528,8001539,9,18,43
2023-08-18,8001529,8001517,38,56,64
2023-08-18,8001529,8001526,7,56,9
2023-08-18,8001529,8001529,87,112,47
2023-08-18,8001530,8001530,91,111,251
2023-08-18,8001530,8001533,34,56,227
2023-08-18,8001530,8004883,47,55,266
2023-08-18,8001531,8000081,34,43,100
2023-08-18,8001531,8001505,39,42,111
2023-08-18,8001531,8001531,71,85,96
2023-08-18,8001532,8001532,30,36,73
2023-08-18,8001532,8001544,18,18,95
2023-08-18,8001533,8001530,49,55,260
2023-08-18,8001533,8001533,85,111,235
2023-08-18,8001534,8001521,6,21,129
2023-08-18,8001534,8001534,19,41,146
2023-08-18,8001534,8001538,13,20,170
2023-08-18,8001535,8001517,32,56,24
2023-08-18,8001535,8001535,80,112,39
2023-08-18,8001535,8003916,42,56,49
2023-08-18,8001536,8001527,30,40,71
2023-08-18,8001536,8001536,45,80,63
2023-08-18,8001536,8006510,38,40,84
2023-08-18,8001537,8001515,20,31,582
2023-08-18,8001537,8001537,62,77,813
2023-08-18,8001537,8003169,35,38,1101
2023-08-18,8001537,8006226,5,8,405
2023-08-18,8001538,8001534,6,21,131
2023-08-18,8001538,8001538,20,41,154
2023-08-18,8001538,8006505,15,20,177
2023-08-18,8001539,8001528,14,18,67
2023-08-18,8001539,8001539,23,36,46
2023-08-18,8001539,8001541,9,18,45
2023-08-18,8001540,8001540,77,108,48
2023-08-18,8001540,8001542,23,54,26
2023-08-18,8001540,8001549,54,54,102
2023-08-18,8001541,8001539,10,18,37
2023-08-18,8001541,8001541,21,36,48
2023-08-18,8001541,8001544,10,18,42
2023-08-18,8001542,8000081,1,54,6
2023-08-18,8001542,8001540,31,54,36
2023-08-18,8001542,8001542,44,108,25
2023-08-18,8001543,8001327,82,86,195
2023-08-18,8001543,8001515,14,15,210
2023-08-18,8001543,8001519,24,43,79
2023-08-18,8001543,8001543,139,173,161
2023-08-18,8001544,8001532,6,18,57
2023-08-18,8001544,8001541,15,18,77
2023-08-18,8001544,8001544,26,36,63
2023-08-18,8001545,8000392,14,35,48
2023-08-18,8001545,8001522,10,14,54
2023-08-18,8001545,8001523,15,21,59
2023-08-18,8001545,8001545,35,70,48
2023-08-18,8001546,8001546,60,112,33
2023-08-18,8001546,8003909,14,56,12
2023-08-18,8001546,8003936,51,56,53
2023-08-18,8001549,8001516,54,54,67
2023-08-18,8001549,8001540,28,54,38
2023-08-18,8001549,8001549,106,108,77
2023-08-18,8001692,8001394,22,35,99
2023-08-18,8001692,8001692,55,70,188
2023-08-18,8001692,8002262,33,35,297
2023-08-18,8001700,8001700,24,41,80
2023-08-18,8001700,8003018,13,21,116
2023-08-18,8001700,8003716,7,20,32
2023-08-18,8001729,8001729,5,8,262
2023-08-18,8001729,8004406,2,3,50
2023-08-18,8001795,8000033,44,55,491
2023-08-18,8001795,8000037,28,34,695
2023-08-18,8001795,8001795,86,111,621
2023-08-18,8001795,8006386,13,18,850
2023-08-18,8001836,8000037,21,32,98
2023-08-18,8001836,8001836,43,65,105
2023-08-18,8001836,8002754,22,33,122
2023-08-18,8001851,8005319,4,8,188
2023-08-18,8001943,8001943,34,46,123
2023-08-18,8001943,8002267,10,22,44
2023-08-18,8001943,8004440,13,24,161
2023-08-18,8001980,8001980,15,16,240
2023-08-18,8001980,8003486,8,8,244
2023-08-18,8001980,8004564,7,8,251
2023-08-18,8002073,8002073,56,72,234
2023-08-18,8002073,8003993,34,37,302
2023-08-18,8002073,8004642,23,35,165
2023-08-18,8002180,8000793,0,15,0
2023-08-18,8002180,8002180,6,30,24
2023-08-18,8002180,8003470,6,15,46
2023-08-18,8002262,8001692,24,35,100
2023-08-18,8002262,8002262,62,70,197
2023-08-18,8002262,8005276,31,35,282
2023-08-18,8002267,8001943,17,24,171
2023-08-18,8002267,8002267,20,46,103
2023-08-18,8002267,8002509,9,22,45
2023-08-18,8002268,8000033,11,22,55
2023-08-18,8002268,8002268,21,46,105
2023-08-18,8002268,8002509,12,24,168
2023-08-18,8002509,8002267,13,24,168
2023-08-18,8002509,8002268,9,22,52
2023-08-18,8002509,8002509,22,46,113
2023-08-18,8002512,8002512,34,46,125
2023-08-18,8002512,8004440,13,22,56
2023-08-18,8002512,8006712,18,24,178
2023-08-18,8002514,8001357,13,21,143
2023-08-18,8002514,8002514,28,42,174
2023-08-18,8002514,8002769,20,20,201
2023-08-18,8002639,8001038,23,40,76
2023-08-18,8002639,8002639,47,81,113
2023-08-18,8002639,8002640,24,41,132
2023-08-18,8002640,8002639,13,40,80
2023-08-18,8002680,8000441,36,40,551
2023-08-18,8002680,8001045,16,17,222
2023-08-18,8002680,8002680,58,78,402
2023-08-18,8002680,8003168,13,19,281
2023-08-18,8002745,8000171,21,35,49
2023-08-18,8002745,8002745,33,70,57
2023-08-18,8002745,8006342,16,35,54
2023-08-18,8002754,8001836,12,32,72
2023-08-18,8002754,8002754,38,65,110
2023-08-18,8002754,8003166,24,33,133
2023-08-18,8002769,8002514,14,20,128
2023-08-18,8002769,8002769,34,41,138
2023-08-18,8002769,8006505,7,21,134
2023-08-18,8002779,8000164,15,18,78
2023-08-18,8002779,8001328,15,18,57
2023-08-18,8002779,8002779,30,36,82
2023-08-18,8002953,8002953,43,71,114
2023-08-18,8002953,8003657,12,14,341
2023-08-18,8002953,8003939,13,17,102
2023-08-18,8002953,8006386,8,14,64
2023-08-18,8002992,8000054,10,11,142
2023-08-18,8002992,8001137,6,9,57
2023-08-18,8002992,8002992,16,22,80
2023-08-18,8002992,8003998,0,2,0
2023-08-18,8003018,8001700,11,20,45
2023-08-18,8003018,8003018,23,41,78
2023-08-18,8003090,8000186,13,33,85
2023-08-18,8003090,8003090,40,65,69
2023-08-18,8003090,8003166,28,32,85
2023-08-18,8003166,8002754,14,32,79
2023-08-18,8003166,8003090,12,33,88
2023-08-18,8003166,8003166,47,65,81
2023-08-18,8003168,8002680,19,19,895
2023-08-18,8003168,8003168,119,149,646
2023-08-18,8003168,8003169,29,39,538
2023-08-18,8003168,8004448,27,30,1031
2023-08-18,8003168,8006226,29,35,390
2023-08-18,8003168,8006449,7,7,240
2023-08-18,8003169,8001537,26,39,542
2023-08-18,8003169,8003168,35,38,1091
2023-08-18,8003169,8003169,63,77,816
2023-08-18,8003287,8003287,21,41,84
2023-08-18,8003287,8003939,8,20,33
2023-08-18,8003287,8006320,13,21,134
2023-08-18,8003470,8002180,0,15,0
2023-08-18,8003470,8003470,6,30,23
2023-08-18,8003470,8004273,6,15,38
2023-08-18,8003486,8001980,7,8,274
2023-08-18,8003486,8003486,13,15,274
2023-08-18,8003486,8003493,10,13,182
2023-08-18,8003493,8000187,11,13,180
2023-08-18,8003493,8003486,12,13,150
2023-08-18,8003493,8003493,19,26,152
2023-08-18,8003621,8003621,14,16,223
2023-08-18,8003621,8004564,7,8,210
2023-08-18,8003621,8005319,8,8,244
2023-08-18,8003638,8000978,8,16,52
2023-08-18,8003638,8003638,8,33,20
2023-08-18,8003638,8003965,0,17,0
2023-08-18,8003657,8000186,13,33,147
2023-08-18,8003657,8002953,19,20,66
2023-08-18,8003657,8003657,41,67,94
2023-08-18,8003716,8001700,12,21,100
2023-08-18,8003716,8003716,20,41,68
2023-08-18,8003716,8006320,10,20,45
2023-08-18,8003896,8001137,17,17,118
2023-08-18,8003896,8003896,33,34,102
2023-08-18,8003896,8006379,15,17,78
2023-08-18,8003909,8001546,51,56,62
2023-08-18,8003909,8003909,88,112,48
2023-08-18,8003909,8005971,35,56,40
2023-08-18,8003916,8001520,40,56,65
2023-08-18,8003916,8001535,38,56,35
2023-08-18,8003916,8003916,81,112,42
2023-08-18,8003925,8000171,33,39,65
2023-08-18,8003925,8003925,60,78,56
2023-08-18,8003925,8005971,16,39,14
2023-08-18,8003936,8001526,27,56,29
2023-08-18,8003936,8001546,45,56,40
2023-08-18,8003936,8003936,96,112,42
2023-08-18,8003939,8002953,4,16,22
2023-08-18,8003939,8003287,12,21,134
2023-08-18,8003939,8003939,20,41,87
2023-08-18,8003946,8000081,36,56,56
2023-08-18,8003946,8001518,11,56,11
2023-08-18,8003946,8003946,47,112,33
2023-08-18,8003965,8003638,8,16,41
2023-08-18,8003965,8003965,8,33,25
2023-08-18,8003965,8003967,7,17,28
2023-08-18,8003967,8001066,10,38,30
2023-08-18,8003967,8003965,8,16,52
2023-08-18,8003967,8003967,16,33,54
2023-08-18,8003993,8000927,38,40,360
2023-08-18,8003993,8002073,25,35,177
2023-08-18,8003993,8003993,59,75,260
2023-08-18,8003998,8000904,1,2,15
2023-08-18,8003998,8002992,3,4,82
2023-08-18,8003998,8003998,3,6,65
2023-08-18,8004228,8000605,39,40,313
2023-08-18,8004228,8004228,61,75,244
2023-08-18,8004228,8006389,27,35,198
2023-08-18,8004230,8000081,38,56,523
2023-08-18,8004230,8004230,107,125,379
2023-08-18,8004230,8004419,60,69,247
2023-08-18,8004269,8000358,57,69,223
2023-08-18,8004269,8004269,115,138,361
2023-08-18,8004269,8004288,59,69,537
2023-08-18,8004273,8003470,0,15,0
2023-08-18,8004288,8004269,58,69,227
2023-08-18,8004288,8004288,117,138,361
2023-08-18,8004288,8004419,53,69,450
2023-08-18,8004419,8000081,12,13,208
2023-08-18,8004419,8004230,44,56,537
2023-08-18,8004419,8004288,47,69,210
2023-08-18,8004419,8004419,113,138,344
2023-08-18,8004440,8001943,17,22,79
2023-08-18,8004440,8002512,18,24,182
2023-08-18,8004440,8004440,30,46,121
2023-08-18,8004448,8003168,23,31,378
2023-08-18,8004448,8004448,53,61,701
2023-08-18,8004474,8000358,57,69,457
2023-08-18,8004474,8001039,40,69,182
2023-08-18,8004474,8004474,101,138,320
2023-08-18,8004564,8001980,8,8,259
2023-08-18,8004564,8003621,8,8,289
2023-08-18,8004564,8004564,16,16,249
2023-08-18,8004642,8000605,26,35,185
2023-08-18,8004642,8002073,32,37,295
2023-08-18,8004642,8004642,59,72,231
2023-08-18,8004883,8000239,49,55,310
2023-08-18,8004883,8001530,45,56,239
2023-08-18,8004883,8004883,83,111,263
2023-08-18,8005227,8001357,20,21,149
2023-08-18,8005289,8000793,9,16,51
2023-08-18,8005289,8005289,9,33,26
2023-08-18,8005289,8006109,0,17,0
2023-08-18,8005319,8001851,8,8,251
2023-08-18,8005319,8003621,6,8,184
2023-08-18,8005319,8005319,13,16,218
2023-08-18,8005488,8000033,11,24,162
2023-08-18,8005488,8005488,27,46,116
2023-08-18,8005488,8006607,8,22,38
2023-08-18,8005525,8003783,19,19,444
2023-08-18,8005525,8005525,25,37,320
2023-08-18,8005525,8005526,6,18,183
2023-08-18,8005526,8001097,6,18,175
2023-08-18,8005526,8005525,19,19,461
2023-08-18,8005526,8005526,25,37,328
2023-08-18,8005555,8000966,9,9,340
2023-08-18,8005555,8005555,17,17,439
2023-08-18,8005555,8005569,7,8,525
2023-08-18,8005569,8005555,4,9,340
2023-08-18,8005569,8005569,11,17,427
2023-08-18,8005569,8006486,8,8,525
2023-08-18,8005971,8003909,55,56,47
2023-08-18,8005971,8003925,39,39,65
2023-08-18,8005971,8005971,38,78,25
2023-08-18,8006109,8000978,0,17,0
2023-08-18,8006109,8005289,9,16,52
2023-08-18,8006109,8006109,8,33,21
2023-08-18,8006226,8000853,22,24,941
2023-08-18,8006226,8001515,15,15,2134
2023-08-18,8006226,8001537,8,8,799
2023-08-18,8006226,8001585,18,18,333
2023-08-18,8006226,8001911,19,22,162
2023-08-18,8006226,8003168,26,33,621
2023-08-18,8006226,8006226,146,194,561
2023-08-18,8006226,8006386,25,35,138
2023-08-18,8006227,8001039,45,56,572
2023-08-18,8006227,8001905,68,69,197
2023-08-18,8006227,8004474,11,13,180
2023-08-18,8006227,8006227,87,138,320
2023-08-18,8006320,8003287,4,20,21
2023-08-18,8006320,8003716,13,21,111
2023-08-18,8006320,8006320,33,59,88
2023-08-18,8006323,8001045,29,30,139
2023-08-18,8006323,8001093,35,36,311
2023-08-18,8006323,8006323,61,71,195
2023-08-18,8006342,8002745,23,35,62
2023-08-18,8006342,8006342,40,70,57
2023-08-18,8006342,8006383,16,35,64
2023-08-18,8006348,8000239,15,22,308
2023-08-18,8006348,8001323,19,22,417
2023-08-18,8006348,8006348,35,44,341
2023-08-18,8006379,8003896,17,17,159
2023-08-18,8006379,8005336,11,17,49
2023-08-18,8006379,8006379,26,34,116
2023-08-18,8006383,8006342,16,35,38
2023-08-18,8006383,8006383,27,70,39
2023-08-18,8006386,8000977,31,43,105
2023-08-18,8006386,8001795,12,18,487
2023-08-18,8006386,8002953,13,14,339
2023-08-18,8006386,8006226,25,36,142
2023-08-18,8006386,8006386,96,151,269
2023-08-18,8006386,8006510,10,22,85
2023-08-18,8006389,8000113,22,35,191
2023-08-18,8006389,8004228,33,37,246
2023-08-18,8006389,8006389,61,72,219
2023-08-18,8006486,8005569,4,9,340
2023-08-18,8006505,8001538,7,21,140
2023-08-18,8006505,8002769,15,20,129
2023-08-18,8006505,8006505,24,41,149
2023-08-18,8006510,8001536,18,40,62
2023-08-18,8006510,8006386,21,22,121
2023-08-18,8006510,8006510,53,80,84
2023-08-18,8006710,8001035,26,35,72
2023-08-18,8006710,8006710,65,70,174
2023-08-18,8006710,8006711,29,35,253
2023-08-18,8006711,8006710,32,35,93
2023-08-18,8006711,8006711,61,70,164
2023-08-18,8006712,8002512,16,22,68
2023-08-18,8006712,8006712,39,46,127
2023-08-19,8000033,8000033,103,157,376
2023-08-19,8000033,8001795,40,54,624
2023-08-19,8000033,8002268,9,24,60
2023-08-19,8000033,8005488,8,25,32
2023-08-19,8000033,8006719,44,54,425
2023-08-19,8000037,8000037,119,148,356
2023-08-19,8000037,8000113,12,21,94
2023-08-19,8000037,8000171,2,2,1500
2023-08-19,8000037,8000392,28,33,730
2023-08-19,8000037,8001524,12,19,60
2023-08-19,8000037,8001795,32,33,532
2023-08-19,8000037,8001836,13,20,10
2023-08-19,8000054,8000054,12,20,26
2023-08-19,8000054,8001137,6,6,65
2023-08-19,8000054,8001182,9,10,24
2023-08-19,8000054,8002992,10,11,115
2023-08-19,8000054,8006453,2,11,5
2023-08-19,8000081,8000081,188,246,247
2023-08-19,8000081,8001531,35,43,132
2023-08-19,8000081,8001542,26,37,199
2023-08-19,8000081,8003946,15,37,100
2023-08-19,8000081,8004230,38,43,212
2023-08-19,8000113,8000037,12,18,65
2023-08-19,8000113,8000113,47,68,198
2023-08-19,8000113,8001066,24,36,50
2023-08-19,8000113,8001522,3,3,600
2023-08-19,8000113,8006389,25,35,273
2023-08-19,8000164,8000164,125,176,192
2023-08-19,8000164,8001327,58,90,183
2023-08-19,8000164,8001900,20,24,269
2023-08-19,8000164,8001909,20,24,244
2023-08-19,8000164,8002223,10,15,74
2023-08-19,8000164,8002227,17,23,146
2023-08-19,8000164,8002779,16,17,152
2023-08-19,8000171,8000037,2,2,480
2023-08-19,8000171,8000171,85,135,398
2023-08-19,8000171,8000392,34,66,282
2023-08-19,8000171,8001061,32,34,747
2023-08-19,8000171,8002745,20,32,226
2023-08-19,8000171,8003925,17,37,246
2023-08-19,8000186,8003090,0,19,0
2023-08-19,8000186,8003657,3,32,22
2023-08-19,8000239,8000239,58,77,269
2023-08-19,8000239,8001097,12,18,93
2023-08-19,8000239,8004883,20,39,232
2023-08-19,8000239,8006348,15,21,504
2023-08-19,8000358,8000358,68,86,452
2023-08-19,8000358,8004269,41,43,736
2023-08-19,8000358,8004474,29,43,172
2023-08-19,8000392,8000037,28,33,470
2023-08-19,8000392,8000171,49,67,482
2023-08-19,8000392,8000392,97,133,388
2023-08-19,8000392,8001545,24,33,137
2023-08-19,8000605,8000605,50,68,198
2023-08-19,8000605,8004228,16,33,104
2023-08-19,8000605,8004642,28,35,267
2023-08-19,8000745,8000745,46,68,262
2023-08-19,8000745,8001093,19,33,162
2023-08-19,8000745,8001394,25,34,379
2023-08-19,8000793,8000793,4,30,27
2023-08-19,8000793,8002180,4,15,52
2023-08-19,8000793,8005289,0,15,0
2023-08-19,8000904,8000904,4,6,160
2023-08-19,8000904,8001137,0,2,0
2023-08-19,8000904,8003998,4,4,240
2023-08-19,8000927,8000927,29,29,367
2023-08-19,8000927,8000966,14,16,416
2023-08-19,8000927,8003993,15,33,93
2023-08-19,8000966,8000927,14,14,272
2023-08-19,8000966,8000966,24,25,341
2023-08-19,8000966,8005555,11,12,432
2023-08-19,8000977,8000977,44,92,66
2023-08-19,8000977,8006386,13,46,29
2023-08-19,8000978,8000978,4,30,26
2023-08-19,8000978,8003638,0,15,0
2023-08-19,8000978,8006109,4,15,50
2023-08-19,8001035,8001035,34,48,65
2023-08-19,8001035,8006710,24,24,140
2023-08-19,8001038,8001038,43,80,253
2023-08-19,8001038,8002639,22,40,315
2023-08-19,8001038,8006194,20,40,166
2023-08-19,8001039,8001039,66,86,445
2023-08-19,8001039,8004474,41,43,744
2023-08-19,8001039,8006227,19,43,123
2023-08-19,8001045,8001045,59,72,495
2023-08-19,8001045,8002680,15,17,454
2023-08-19,8001045,8003986,29,34,590
2023-08-19,8001045,8006323,17,21,374
2023-08-19,8001061,8000171,24,34,441
2023-08-19,8001061,8001061,61,68,610
2023-08-19,8001061,8001558,16,17,1101
2023-08-19,8001066,8000113,23,35,47
2023-08-19,8001066,8001066,46,71,50
2023-08-19,8001066,8003967,23,36,57
2023-08-19,8001093,8000745,27,34,359
2023-08-19,8001093,8001093,46,67,272
2023-08-19,8001093,8006323,19,33,222
2023-08-19,8001097,8000239,17,17,92
2023-08-19,8001097,8001097,34,35,78
2023-08-19,8001097,8005526,18,18,170
2023-08-19,8001137,8000054,6,6,165
2023-08-19,8001137,8000904,4,4,255
2023-08-19,8001137,8001137,28,34,154
2023-08-19,8001137,8002992,6,7,270
2023-08-19,8001137,8003896,12,17,81
2023-08-19,8001182,8000054,6,10,24
2023-08-19,8001357,8001357,31,40,144
2023-08-19,8001357,8002514,8,20,114
2023-08-19,8001357,8005227,16,20,171
2023-08-19,8001358,8001358,4,4,195
2023-08-19,8001358,8002835,2,2,210
2023-08-19,8001358,8003424,2,2,210
2023-08-19,8001394,8000745,22,32,90
2023-08-19,8001394,8001394,47,66,243
2023-08-19,8001394,8001692,25,34,392
2023-08-19,8001505,8001505,77,86,137
2023-08-19,8001505,8001525,38,43,133
2023-08-19,8001505,8001531,37,43,130
2023-08-19,8001515,8001515,52,61,826
2023-08-19,8001515,8001537,27,30,968
2023-08-19,8001515,8001543,13,14,326
2023-08-19,8001515,8006226,16,17,1006
2023-08-19,8001516,8001549,32,38,43
2023-08-19,8001517,8001517,59,74,223
2023-08-19,8001517,8001529,24,37,186
2023-08-19,8001517,8001535,26,37,236
2023-08-19,8001518,8001518,51,74,199
2023-08-19,8001518,8001520,19,37,160
2023-08-19,8001518,8003946,31,37,269
2023-08-19,8001519,8001519,68,86,131
2023-08-19,8001519,8001525,29,43,135
2023-08-19,8001519,8001543,39,43,127
2023-08-19,8001520,8001518,24,37,241
2023-08-19,8001520,8001520,45,74,207
2023-08-19,8001520,8003916,29,37,178
2023-08-19,8001521,8001521,31,38,197
2023-08-19,8001521,8001522,15,19,182
2023-08-19,8001521,8001534,16,19,257
2023-08-19,8001522,8000113,3,3,770
2023-08-19,8001522,8001521,19,19,284
2023-08-19,8001522,8001522,117,133,215
2023-08-19,8001522,8001523,21,24,194
2023-08-19,8001522,8001524,23,26,197
2023-08-19,8001522,8001533,1,1,60
2023-08-19,8001522,8001545,7,10,234
2023-08-19,8001523,8001522,19,23,200
2023-08-19,8001523,8001523,33,47,198
2023-08-19,8001523,8001545,20,24,236
2023-08-19,8001524,8000037,22,26,218
2023-08-19,8001524,8001522,18,19,144
2023-08-19,8001524,8001524,38,45,155
2023-08-19,8001525,8001505,28,43,127
2023-08-19,8001525,8001519,36,43,121
2023-08-19,8001525,8001525,67,86,129
2023-08-19,8001526,8001526,48,74,206
2023-08-19,8001526,8001529,35,37,286
2023-08-19,8001526,8003936,13,37,160
2023-08-19,8001527,8001527,76,82,83
2023-08-19,8001527,8001536,33,41,79
2023-08-19,8001528,8001329,14,17,182
2023-08-19,8001528,8001528,31,34,182
2023-08-19,8001528,8001539,15,17,166
2023-08-19,8001529,8001517,34,37,271
2023-08-19,8001529,8001526,14,37,161
2023-08-19,8001529,8001529,59,74,226
2023-08-19,8001530,8001530,66,80,274
2023-08-19,8001530,8001533,25,39,250
2023-08-19,8001530,8004883,36,41,303
2023-08-19,8001531,8000081,30,43,126
2023-08-19,8001531,8001505,39,43,135
2023-08-19,8001531,8001531,67,86,125
2023-08-19,8001532,8001532,29,34,208
2023-08-19,8001532,8001544,15,17,187
2023-08-19,8001533,8001530,38,41,294
2023-08-19,8001533,8001533,62,80,268
2023-08-19,8001534,8001521,9,19,82
2023-08-19,8001534,8001534,25,38,167
2023-08-19,8001534,8001538,16,19,259
2023-08-19,8001535,8001517,24,37,174
2023-08-19,8001535,8001535,57,74,210
2023-08-19,8001535,8003916,31,37,245
2023-08-19,8001536,8001527,31,41,41
2023-08-19,8001536,8001536,54,82,51
2023-08-19,8001536,8006510,38,41,81
2023-08-19,8001537,8001515,25,31,698
2023-08-19,8001537,8001537,66,76,1088
2023-08-19,8001537,8003169,34,38,1306
2023-08-19,8001537,8006226,7,7,1873
2023-08-19,8001538,8001534,11,19,87
2023-08-19,8001538,8001538,29,38,182
2023-08-19,8001538,8006505,17,19,272
2023-08-19,8001539,8001528,15,17,184
2023-08-19,8001539,8001539,29,34,164
2023-08-19,8001539,8001541,15,17,168
2023-08-19,8001540,8001540,44,75,122
2023-08-19,8001540,8001542,8,38,14
2023-08-19,8001540,8001549,36,37,258
2023-08-19,8001541,8001539,14,17,150
2023-08-19,8001541,8001541,30,34,176
2023-08-19,8001541,8001544,15,17,215
2023-08-19,8001542,8000081,4,38,20
2023-08-19,8001542,8001540,29,37,201
2023-08-19,8001542,8001542,36,75,107
2023-08-19,8001543,8001327,81,90,229
2023-08-19,8001543,8001515,11,14,214
2023-08-19,8001543,8001519,28,43,135
2023-08-19,8001543,8001543,139,180,186
2023-08-19,8001544,8001532,14,17,221
2023-08-19,8001544,8001541,15,17,198
2023-08-19,8001544,8001544,30,34,201
2023-08-19,8001545,8000392,22,34,225
2023-08-19,8001545,8001522,6,10,111
2023-08-19,8001545,8001523,15,23,172
2023-08-19,8001545,8001545,43,67,183
2023-08-19,8001546,8001546,53,74,224
2023-08-19,8001546,8003909,17,37,163
2023-08-19,8001546,8003936,36,37,280
2023-08-19,8001549,8001516,34,37,220
2023-08-19,8001549,8001540,11,38,20
2023-08-19,8001549,8001549,68,75,144
2023-08-19,8001692,8001394,20,32,75
2023-08-19,8001692,8001692,45,66,245
2023-08-19,8001692,8002262,25,34,399
2023-08-19,8001700,8001700,19,35,71
2023-08-19,8001700,8003018,10,17,99
2023-08-19,8001700,8003716,6,18,18
2023-08-19,8001729,8001729,7,11,95
2023-08-19,8001729,8003018,2,2,165
2023-08-19,8001729,8004406,0,2,0
2023-08-19,8001729,8004407,2,2,315
2023-08-19,8001795,8000033,46,54,440
2023-08-19,8001795,8000037,26,32,780
2023-08-19,8001795,8001795,87,108,524
2023-08-19,8001795,8006386,12,17,279
2023-08-19,8001836,8000037,16,19,166
2023-08-19,8001836,8001836,28,39,117
2023-08-19,8001836,8002754,12,20,165
2023-08-19,8001851,8001851,4,4,82
2023-08-19,8001851,8003791,2,2,165
2023-08-19,8001851,8005319,4,9,40
2023-08-19,8001943,8001943,24,49,43
2023-08-19,8001943,8002267,8,25,23
2023-08-19,8001943,8004440,5,24,42
2023-08-19,8001976,8001976,4,4,225
2023-08-19,8001976,8003018,2,2,240
2023-08-19,8001976,8003424,2,2,165
2023-08-19,8001980,8001980,12,17,116
2023-08-19,8001980,8003486,5,9,60
2023-08-19,8001980,8004564,7,8,165
2023-08-19,8002073,8002073,56,68,200
2023-08-19,8002073,8003993,29,35,289
2023-08-19,8002073,8004642,18,33,90
2023-08-19,8002180,8000793,0,15,0
2023-08-19,8002180,8002180,4,30,26
2023-08-19,8002180,8003470,4,15,52
2023-08-19,8002262,8001692,21,32,90
2023-08-19,8002262,8002262,47,66,244
2023-08-19,8002262,8005276,25,34,388
2023-08-19,8002267,8001943,10,24,51
2023-08-19,8002267,8002267,13,49,32
2023-08-19,8002267,8002509,11,25,26
2023-08-19,8002268,8000033,11,25,35
2023-08-19,8002268,8002268,25,49,48
2023-08-19,8002268,8002509,12,24,60
2023-08-19,8002509,8002267,7,24,50
2023-08-19,8002509,8002268,16,25,50
2023-08-19,8002509,8002509,26,49,51
2023-08-19,8002512,8002512,26,49,53
2023-08-19,8002512,8004440,10,25,31
2023-08-19,8002512,8006712,11,24,65
2023-08-19,8002514,8001357,15,20,148
2023-08-19,8002514,8002514,29,40,142
2023-08-19,8002514,8002769,18,19,134
2023-08-19,8002639,8001038,21,40,198
2023-08-19,8002639,8002639,43,80,260
2023-08-19,8002639,8002640,22,40,293
2023-08-19,8002640,8002639,20,40,230
2023-08-19,8002680,8000441,31,37,634
2023-08-19,8002680,8001045,14,14,564
2023-08-19,8002680,8002680,51,72,545
2023-08-19,8002680,8003168,9,19,532
2023-08-19,8002745,8000171,25,31,112
2023-08-19,8002745,8002745,41,63,176
2023-08-19,8002745,8006342,23,32,229
2023-08-19,8002754,8001836,10,19,134
2023-08-19,8002754,8002754,25,39,175
2023-08-19,8002754,8003166,15,20,214
2023-08-19,8002769,8002514,16,19,147
2023-08-19,8002769,8002769,36,38,139
2023-08-19,8002769,8006505,13,19,95
2023-08-19,8002779,8000164,15,17,214
2023-08-19,8002779,8001328,16,17,146
2023-08-19,8002779,8002779,31,34,195
2023-08-19,8002826,8002826,4,4,135
2023-08-19,8002826,8005731,2,2,210
2023-08-19,8002826,8006118,2,2,120
2023-08-19,8002835,8001358,2,2,210
2023-08-19,8002835,8002835,4,4,225
2023-08-19,8002835,8005731,2,2,240
2023-08-19,8002953,8002953,39,69,95
2023-08-19,8002953,8003657,11,15,192
2023-08-19,8002953,8003939,13,15,82
2023-08-19,8002953,8006386,8,12,52
2023-08-19,8002992,8000054,9,11,243
2023-08-19,8002992,8001137,7,9,110
2023-08-19,8002992,8002992,16,22,169
2023-08-19,8002992,8003998,1,2,30
2023-08-19,8003018,8001700,9,18,40
2023-08-19,8003018,8001729,2,2,240
2023-08-19,8003018,8001976,2,2,195
2023-08-19,8003018,8003018,20,39,75
2023-08-19,8003090,8000186,12,20,140
2023-08-19,8003090,8003090,31,39,97
2023-08-19,8003090,8003166,19,19,82
2023-08-19,8003166,8002754,10,19,139
2023-08-19,8003166,8003090,12,20,138
2023-08-19,8003166,8003166,28,39,121
2023-08-19,8003168,8002680,16,18,678
2023-08-19,8003168,8003168,120,145,1024
2023-08-19,8003168,8003169,33,38,891
2023-08-19,8003168,8004448,28,30,1378
2023-08-19,8003168,8006226,29,34,985
2023-08-19,8003168,8006449,6,6,1880
2023-08-19,8003169,8001537,31,38,894
2023-08-19,8003169,8003168,34,38,1322
2023-08-19,8003169,8003169,66,76,1101
2023-08-19,8003287,8003287,22,35,79
2023-08-19,8003287,8003939,9,18,18
2023-08-19,8003287,8006320,13,17,127
2023-08-19,8003424,8001358,2,2,195
2023-08-19,8003424,8001976,2,2,315
2023-08-19,8003424,8003424,4,4,232
2023-08-19,8003470,8002180,0,15,0
2023-08-19,8003470,8003470,4,30,26
2023-08-19,8003470,8004273,4,15,48
2023-08-19,8003486,8001980,7,8,199
2023-08-19,8003486,8003486,12,14,120
2023-08-19,8003486,8003493,7,10,57
2023-08-19,8003493,8000187,8,10,78
2023-08-19,8003493,8003486,9,10,78
2023-08-19,8003493,8003493,13,20,60
2023-08-19,8003621,8003621,13,17,102
2023-08-19,8003621,8004564,6,9,57
2023-08-19,8003621,8005319,7,8,142
2023-08-19,8003638,8000978,4,15,54
2023-08-19,8003638,8003638,4,30,26
2023-08-19,8003638,8003965,0,15,0
2023-08-19,8003657,8000186,12,31,106
2023-08-19,8003657,8002953,16,18,67
2023-08-19,8003657,8003657,33,63,72
2023-08-19,8003716,8001700,10,17,104
2023-08-19,8003716,8003716,16,35,63
2023-08-19,8003716,8006320,8,18,35
2023-08-19,8003791,8001851,2,2,60
2023-08-19,8003791,8003791,4,4,120
2023-08-19,8003791,8006117,2,2,180
2023-08-19,8003896,8001137,17,17,240
2023-08-19,8003896,8003896,30,34,169
2023-08-19,8003896,8006379,9,17,101
2023-08-19,8003909,8001546,36,37,288
2023-08-19,8003909,8003909,55,74,243
2023-08-19,8003909,8005971,19,37,216
2023-08-19,8003916,8001520,30,37,260
2023-08-19,8003916,8001535,26,37,178
2023-08-19,8003916,8003916,57,74,210
2023-08-19,8003925,8000171,33,37,301
2023-08-19,8003925,8003925,54,74,296
2023-08-19,8003925,8005971,17,37,239
2023-08-19,8003936,8001526,32,37,245
2023-08-19,8003936,8001546,29,37,192
2023-08-19,8003936,8003936,65,74,233
2023-08-19,8003939,8002953,6,16,15
2023-08-19,8003939,8003287,12,17,127
2023-08-19,8003939,8003939,16,35,70
2023-08-19,8003946,8000081,28,37,264
2023-08-19,8003946,8001518,17,37,99
2023-08-19,8003946,8003946,43,74,182
2023-08-19,8003965,8003638,4,15,52
2023-08-19,8003965,8003965,4,30,28
2023-08-19,8003965,8003967,4,15,16
2023-08-19,8003967,8001066,9,35,22
2023-08-19,8003967,8003965,4,15,56
2023-08-19,8003967,8003967,10,30,46
2023-08-19,8003993,8000927,30,35,303
2023-08-19,8003993,8002073,29,33,120
2023-08-19,8003993,8003993,52,68,201
2023-08-19,8003998,8000904,0,2,-15
2023-08-19,8003998,8002992,3,4,225
2023-08-19,8003998,8003998,5,6,160
2023-08-19,8004228,8000605,34,35,279
2023-08-19,8004228,8004228,43,68,190
2023-08-19,8004228,8006389,18,33,117
2023-08-19,8004230,8000081,41,43,714
2023-08-19,8004230,8004230,79,86,465
2023-08-19,8004230,8004419,38,43,206
2023-08-19,8004269,8000358,35,43,190
2023-08-19,8004269,8004269,76,86,462
2023-08-19,8004269,8004288,41,43,742
2023-08-19,8004273,8003470,0,15,0
2023-08-19,8004288,8004269,34,43,183
2023-08-19,8004288,8004288,75,86,460
2023-08-19,8004288,8004419,41,43,726
2023-08-19,8004419,8004230,41,43,729
2023-08-19,8004419,8004288,23,43,165
2023-08-19,8004419,8004419,79,86,457
2023-08-19,8004440,8001943,14,25,46
2023-08-19,8004440,8002512,16,24,81
2023-08-19,8004440,8004440,25,49,50
2023-08-19,8004448,8003168,25,30,725
2023-08-19,8004448,8004448,56,60,1075
2023-08-19,8004474,8000358,41,43,735
2023-08-19,8004474,8001039,26,43,150
2023-08-19,8004474,8004474,70,86,450
2023-08-19,8004564,8001980,8,9,83
2023-08-19,8004564,8003621,7,8,165
2023-08-19,8004564,8004564,15,17,111
2023-08-19,8004642,8000605,22,33,112
2023-08-19,8004642,8002073,25,35,287
2023-08-19,8004642,8004642,50,68,190
2023-08-19,8004883,8000239,36,41,299
2023-08-19,8004883,8001530,29,39,245
2023-08-19,8004883,8004883,60,80,273
2023-08-19,8005227,8001357,17,20,144
2023-08-19,8005289,8000793,4,15,56
2023-08-19,8005289,8005289,4,30,28
2023-08-19,8005289,8006109,0,15,0
2023-08-19,8005319,8001851,5,8,101
2023-08-19,8005319,8003621,7,9,60
2023-08-19,8005319,8005319,12,17,90
2023-08-19,8005488,8000033,9,24,75
2023-08-19,8005488,8005488,18,49,62
2023-08-19,8005488,8006607,5,25,28
2023-08-19,8005525,8003783,18,18,167
2023-08-19,8005525,8005525,19,35,93
2023-08-19,8005525,8005526,1,17,4
2023-08-19,8005526,8001097,1,17,2
2023-08-19,8005526,8005525,18,18,183
2023-08-19,8005526,8005526,19,35,98
2023-08-19,8005555,8000966,12,13,337
2023-08-19,8005555,8005555,25,25,410
2023-08-19,8005555,8005569,12,12,445
2023-08-19,8005569,8005555,9,13,369
2023-08-19,8005569,8005569,21,25,406
2023-08-19,8005569,8006486,11,12,440
2023-08-19,8005731,8002826,2,2,180
2023-08-19,8005731,8002835,2,2,210
2023-08-19,8005731,8005731,4,4,210
2023-08-19,8005971,8003909,36,37,277
2023-08-19,8005971,8003925,35,37,342
2023-08-19,8005971,8005971,44,74,253
2023-08-19,8006109,8000978,0,15,0
2023-08-19,8006109,8005289,4,15,54
2023-08-19,8006109,8006109,4,30,25
2023-08-19,8006117,8003791,2,2,90
2023-08-19,8006117,8006117,4,4,150
2023-08-19,8006117,8006118,2,2,180
2023-08-19,8006118,8002826,2,2,105
2023-08-19,8006118,8006117,2,2,165
2023-08-19,8006118,8006118,4,4,165
2023-08-19,8006226,8000853,22,24,1519
2023-08-19,8006226,8001515,16,16,1421
2023-08-19,8006226,8001537,8,8,2246
2023-08-19,8006226,8001585,16,17,780
2023-08-19,8006226,8001911,11,22,46
2023-08-19,8006226,8003168,27,31,796
2023-08-19,8006226,8006226,140,187,704
2023-08-19,8006226,8006386,19,34,108
2023-08-19,8006227,8001039,41,43,764
2023-08-19,8006227,8001905,39,43,166
2023-08-19,8006227,8006227,60,86,435
2023-08-19,8006320,8003287,5,18,17
2023-08-19,8006320,8003716,9,17,102
2023-08-19,8006320,8006320,29,52,116
2023-08-19,8006323,8001045,18,19,387
2023-08-19,8006323,8001093,27,34,354
2023-08-19,8006323,8006323,46,67,285
2023-08-19,8006342,8002745,22,31,125
2023-08-19,8006342,8006342,44,63,175
2023-08-19,8006342,8006383,22,32,228
2023-08-19,8006348,8000239,13,21,333
2023-08-19,8006348,8001323,17,21,473
2023-08-19,8006348,8006348,33,42,446
2023-08-19,8006379,8003896,17,17,274
2023-08-19,8006379,8005336,8,17,85
2023-08-19,8006379,8006379,24,34,204
2023-08-19,8006383,8000745,1,1,1200
2023-08-19,8006383,8006342,16,31,105
2023-08-19,8006383,8006383,34,63,156
2023-08-19,8006386,8000977,26,46,89
2023-08-19,8006386,8001795,14,17,289
2023-08-19,8006386,8002953,9,12,300
2023-08-19,8006386,8006226,17,34,56
2023-08-19,8006386,8006386,83,150,119
2023-08-19,8006386,8006510,13,24,34
2023-08-19,8006389,8000113,19,33,114
2023-08-19,8006389,8004228,32,35,273
2023-08-19,8006389,8006389,52,68,197
2023-08-19,8006486,8005569,9,13,367
2023-08-19,8006505,8001538,13,19,106
2023-08-19,8006505,8002769,14,19,201
2023-08-19,8006505,8006505,30,38,172
2023-08-19,8006510,8001536,23,41,31
2023-08-19,8006510,8006386,24,24,130
2023-08-19,8006510,8006510,55,82,64
2023-08-19,8006710,8001035,12,24,26
2023-08-19,8006710,8006710,43,48,88
2023-08-19,8006710,8006711,22,24,124
2023-08-19,8006711,8006710,22,24,52
2023-08-19,8006711,8006711,44,48,80
2023-08-19,8006712,8002512,13,25,35
2023-08-19,8006712,8006712,27,49,48
2023-08-20,8000033,8000033,94,139,1094
2023-08-20,8000033,8001795,40,46,1426
2023-08-20,8000033,8002268,7,22,559
2023-08-20,8000033,8005488,11,24,21
2023-08-20,8000033,8006719,38,47,1453
2023-08-20,8000037,8000037,105,133,573
2023-08-20,8000037,8000113,10,17,104
2023-08-20,8000037,8000171,2,2,150
2023-08-20,8000037,8000392,27,31,1374
2023-08-20,8000037,8001524,5,17,-48
2023-08-20,8000037,8001795,28,28,1468
2023-08-20,8000037,8001836,6,17,81
2023-08-20,8000054,8000054,9,20,18
2023-08-20,8000054,8001137,6,6,95
2023-08-20,8000054,8001182,3,10,9
2023-08-20,8000054,8002992,7,9,87
2023-08-20,8000054,8006453,1,10,0
2023-08-20,8000081,8000081,164,236,271
2023-08-20,8000081,8001531,27,42,212
2023-08-20,8000081,8001542,19,34,171
2023-08-20,8000081,8003946,8,34,15
2023-08-20,8000081,8004230,41,42,267
2023-08-20,8000113,8000037,12,18,23
2023-08-20,8000113,8000113,38,63,85
2023-08-20,8000113,8001066,10,21,39
2023-08-20,8000113,8006389,26,31,141
2023-08-20,8000164,8000164,104,164,168
2023-08-20,8000164,8001327,57,85,132
2023-08-20,8000164,8001900,16,22,270
2023-08-20,8000164,8001909,20,23,137
2023-08-20,8000164,8002223,3,13,23
2023-08-20,8000164,8002227,12,22,203
2023-08-20,8000164,8002779,14,15,124
2023-08-20,8000171,8000037,1,2,330
2023-08-20,8000171,8000171,64,101,728
2023-08-20,8000171,8000392,30,49,537
2023-08-20,8000171,8001061,30,31,1558
2023-08-20,8000171,8002745,9,18,122
2023-08-20,8000171,8003925,15,34,171
2023-08-20,8000186,8003090,0,17,0
2023-08-20,8000186,8003657,0,18,0
2023-08-20,8000239,8000239,49,64,206
2023-08-20,8000239,8001097,9,15,168
2023-08-20,8000239,8004883,24,34,182
2023-08-20,8000239,8006348,13,17,293
2023-08-20,8000358,8000358,75,84,519
2023-08-20,8000358,8004269,42,42,827
2023-08-20,8000358,8004474,34,42,212
2023-08-20,8000392,8000037,29,30,894
2023-08-20,8000392,8000171,41,50,895
2023-08-20,8000392,8000392,78,99,718
2023-08-20,8000392,8001545,14,19,66
2023-08-20,8000605,8000113,0,1,0
2023-08-20,8000605,8000605,43,63,83
2023-08-20,8000605,8004228,19,31,26
2023-08-20,8000605,8004642,24,31,139
2023-08-20,8000745,8000745,37,62,137
2023-08-20,8000745,8001093,15,32,97
2023-08-20,8000745,8001394,21,30,199
2023-08-20,8000793,8000793,3,14,32
2023-08-20,8000793,8002180,2,7,56
2023-08-20,8000793,8005289,0,7,0
2023-08-20,8000904,8000904,1,2,105
2023-08-20,8000904,8003998,2,2,120
2023-08-20,8000927,8000927,22,27,140
2023-08-20,8000927,8000966,13,14,330
2023-08-20,8000927,8003993,14,32,27
2023-08-20,8000966,8000927,11,13,95
2023-08-20,8000966,8000966,21,22,344
2023-08-20,8000966,8005555,11,11,575
2023-08-20,8000977,8000977,52,88,96
2023-08-20,8000977,8006386,17,44,36
2023-08-20,8000978,8000978,2,14,30
2023-08-20,8000978,8003638,0,7,0
2023-08-20,8000978,8006109,2,7,56
2023-08-20,8001035,8001035,26,44,50
2023-08-20,8001035,8006710,19,22,119
2023-08-20,8001038,8001038,41,73,200
2023-08-20,8001038,8002639,20,36,258
2023-08-20,8001038,8006194,17,37,123
2023-08-20,8001039,8001039,71,84,526
2023-08-20,8001039,8004474,42,42,839
2023-08-20,8001039,8006227,23,42,184
2023-08-20,8001045,8001045,50,64,272
2023-08-20,8001045,8002680,10,14,199
2023-08-20,8001045,8003986,27,31,378
2023-08-20,8001045,8006323,11,17,176
2023-08-20,8001061,8000171,24,30,818
2023-08-20,8001061,8001061,56,61,1208
2023-08-20,8001061,8001558,17,17,2155
2023-08-20,8001066,8000113,14,20,30
2023-08-20,8001066,8001066,26,41,42
2023-08-20,8001066,8003967,13,21,49
2023-08-20,8001093,8000745,24,30,190
2023-08-20,8001093,8001093,39,62,133
2023-08-20,8001093,8006323,14,32,96
2023-08-20,8001097,8000239,15,15,108
2023-08-20,8001097,8001097,30,30,110
2023-08-20,8001097,8005526,15,15,220
2023-08-20,8001137,8000054,4,6,110
2023-08-20,8001137,8000904,2,2,135
2023-08-20,8001137,8001137,24,30,128
2023-08-20,8001137,8002992,5,7,240
2023-08-20,8001137,8003896,9,15,78
2023-08-20,8001182,8000054,8,10,36
2023-08-20,8001357,8001357,25,32,169
2023-08-20,8001357,8002514,13,16,193
2023-08-20,8001357,8005227,12,16,189
2023-08-20,8001394,8000745,20,31,99
2023-08-20,8001394,8001394,39,61,160
2023-08-20,8001394,8001692,19,30,230
2023-08-20,8001505,8001505,59,84,170
2023-08-20,8001505,8001525,29,42,205
2023-08-20,8001505,8001531,28,42,124
2023-08-20,8001515,8001515,45,56,1301
2023-08-20,8001515,8001537,21,28,1291
2023-08-20,8001515,8001543,11,13,519
2023-08-20,8001515,8006226,14,15,2084
2023-08-20,8001516,8001549,31,35,48
2023-08-20,8001517,8001517,56,68,134
2023-08-20,8001517,8001529,28,34,61
2023-08-20,8001517,8001535,24,34,191
2023-08-20,8001518,8001518,40,68,108
2023-08-20,8001518,8001520,11,34,12
2023-08-20,8001518,8003946,27,34,201
2023-08-20,8001519,8001519,57,84,161
2023-08-20,8001519,8001525,24,42,128
2023-08-20,8001519,8001543,33,42,178
2023-08-20,8001520,8001518,19,34,181
2023-08-20,8001520,8001520,35,68,107
2023-08-20,8001520,8003916,29,34,35
2023-08-20,8001521,8001521,26,33,143
2023-08-20,8001521,8001522,12,16,112
2023-08-20,8001521,8001534,14,17,182
2023-08-20,8001522,8001521,17,17,212
2023-08-20,8001522,8001522,91,110,101
2023-08-20,8001522,8001523,13,19,81
2023-08-20,8001522,8001524,18,22,87
2023-08-20,8001523,8001522,14,19,76
2023-08-20,8001523,8001523,26,38,82
2023-08-20,8001523,8001545,13,19,99
2023-08-20,8001524,8000037,17,22,105
2023-08-20,8001524,8001522,9,17,34
2023-08-20,8001524,8001524,25,39,68
2023-08-20,8001525,8001505,22,42,122
2023-08-20,8001525,8001519,27,42,192
2023-08-20,8001525,8001525,51,84,162
2023-08-20,8001526,8001526,41,68,117
2023-08-20,8001526,8001529,30,34,241
2023-08-20,8001526,8003936,9,34,18
2023-08-20,8001527,8001527,65,76,82
2023-08-20,8001527,8001536,27,38,68
2023-08-20,8001528,8001329,11,15,88
2023-08-20,8001528,8001528,24,30,103
2023-08-20,8001528,8001539,12,15,100
2023-08-20,8001529,8001517,27,34,221
2023-08-20,8001529,8001526,12,34,26
2023-08-20,8001529,8001529,57,68,137
2023-08-20,8001530,8001530,58,68,245
2023-08-20,8001530,8001533,25,34,222
2023-08-20,8001530,8004883,32,34,277
2023-08-20,8001531,8000081,27,42,126
2023-08-20,8001531,8001505,30,42,211
2023-08-20,8001531,8001531,52,84,163
2023-08-20,8001532,8001532,25,30,113
2023-08-20,8001532,8001544,15,15,118
2023-08-20,8001533,8001530,32,34,269
2023-08-20,8001533,8001533,57,68,232
2023-08-20,8001534,8001521,6,16,75
2023-08-20,8001534,8001534,20,33,128
2023-08-20,8001534,8001538,14,17,187
2023-08-20,8001535,8001517,25,34,38
2023-08-20,8001535,8001535,53,68,118
2023-08-20,8001535,8003916,28,34,199
2023-08-20,8001536,8001527,29,38,47
2023-08-20,8001536,8001536,44,76,47
2023-08-20,8001536,8006510,34,38,84
2023-08-20,8001537,8001515,23,28,1315
2023-08-20,8001537,8001537,54,70,1719
2023-08-20,8001537,8003169,27,35,1934
2023-08-20,8001537,8006226,6,7,3056
2023-08-20,8001538,8001534,6,16,79
2023-08-20,8001538,8001538,22,33,141
2023-08-20,8001538,8006505,14,17,199
2023-08-20,8001539,8001528,12,15,100
2023-08-20,8001539,8001539,24,30,90
2023-08-20,8001539,8001541,11,15,86
2023-08-20,8001540,8001540,46,69,110
2023-08-20,8001540,8001542,15,35,22
2023-08-20,8001540,8001549,32,34,229
2023-08-20,8001541,8001539,7,15,64
2023-08-20,8001541,8001541,19,30,73
2023-08-20,8001541,8001544,9,15,76
2023-08-20,8001542,8000081,2,35,2
2023-08-20,8001542,8001540,21,34,175
2023-08-20,8001542,8001542,35,69,93
2023-08-20,8001543,8001327,70,85,219
2023-08-20,8001543,8001515,9,13,309
2023-08-20,8001543,8001519,23,42,125
2023-08-20,8001543,8001543,116,170,155
2023-08-20,8001544,8001532,9,15,114
2023-08-20,8001544,8001541,10,15,98
2023-08-20,8001544,8001544,19,30,98
2023-08-20,8001545,8000392,10,19,77
2023-08-20,8001545,8001523,13,19,71
2023-08-20,8001545,8001545,24,38,78
2023-08-20,8001546,8001546,46,68,119
2023-08-20,8001546,8003909,15,34,25
2023-08-20,8001546,8003936,31,34,218
2023-08-20,8001549,8001516,31,34,192
2023-08-20,8001549,8001540,17,35,31
2023-08-20,8001549,8001549,63,69,133
2023-08-20,8001692,8001394,16,31,82
2023-08-20,8001692,8001692,36,61,160
2023-08-20,8001692,8002262,20,30,247
2023-08-20,8001700,8001700,9,18,40
2023-08-20,8001700,8003018,2,9,27
2023-08-20,8001700,8003716,4,9,30
2023-08-20,8001729,8001729,1,4,195
2023-08-20,8001795,8000033,40,47,1579
2023-08-20,8001795,8000037,24,28,1492
2023-08-20,8001795,8001795,78,93,1498
2023-08-20,8001795,8006386,11,16,1178
2023-08-20,8001836,8000037,12,17,65
2023-08-20,8001836,8001836,22,34,60
2023-08-20,8001836,8002754,10,17,69
2023-08-20,8001851,8005319,5,6,205
2023-08-20,8001943,8001943,25,46,284
2023-08-20,8001943,8002267,8,24,20
2023-08-20,8001943,8004440,5,22,547
2023-08-20,8001980,8001980,11,12,372
2023-08-20,8001980,8003486,5,6,310
2023-08-20,8001980,8004564,6,6,450
2023-08-20,8002073,8002073,48,60,94
2023-08-20,8002073,8003993,25,31,149
2023-08-20,8002073,8004642,16,29,23
2023-08-20,8002180,8000793,0,7,0
2023-08-20,8002180,8002180,2,14,26
2023-08-20,8002180,8003470,3,7,60
2023-08-20,8002262,8001692,19,31,96
2023-08-20,8002262,8002262,38,61,172
2023-08-20,8002262,8005276,18,30,234
2023-08-20,8002267,8001943,11,22,556
2023-08-20,8002267,8002267,17,46,272
2023-08-20,8002267,8002509,9,24,20
2023-08-20,8002268,8000033,10,24,21
2023-08-20,8002268,8002268,17,46,277
2023-08-20,8002268,8002509,8,22,552
2023-08-20,8002509,8002267,9,22,552
2023-08-20,8002509,8002268,10,24,25
2023-08-20,8002509,8002509,17,46,277
2023-08-20,8002512,8002512,27,46,287
2023-08-20,8002512,8004440,13,24,30
2023-08-20,8002512,8006712,9,22,558
2023-08-20,8002514,8001357,9,16,146
2023-08-20,8002514,8002514,22,32,172
2023-08-20,8002514,8002769,15,16,163
2023-08-20,8002639,8001038,21,37,141
2023-08-20,8002639,8002639,40,73,202
2023-08-20,8002639,8002640,20,36,232
2023-08-20,8002640,8002639,20,37,170
2023-08-20,8002680,8000441,27,33,1519
2023-08-20,8002680,8001045,12,12,322
2023-08-20,8002680,8002680,45,65,979
2023-08-20,8002680,8003168,12,18,743
2023-08-20,8002745,8000171,17,18,68
2023-08-20,8002745,8002745,25,36,105
2023-08-20,8002745,8006342,12,18,123
2023-08-20,8002754,8001836,6,17,34
2023-08-20,8002754,8002754,19,34,65
2023-08-20,8002754,8003166,11,17,88
2023-08-20,8002769,8002514,11,16,135
2023-08-20,8002769,8002769,25,33,116
2023-08-20,8002769,8006505,8,16,82
2023-08-20,8002779,8000164,10,15,72
2023-08-20,8002779,8001328,14,15,126
2023-08-20,8002779,8002779,24,30,109
2023-08-20,8002953,8002953,35,53,118
2023-08-20,8002953,8003657,11,14,242
2023-08-20,8002953,8003939,4,8,56
2023-08-20,8002953,8006386,8,11,164
2023-08-20,8002992,8000054,7,9,237
2023-08-20,8002992,8001137,5,9,50
2023-08-20,8002992,8002992,13,18,143
2023-08-20,8003018,8001700,6,9,43
2023-08-20,8003018,8003018,7,18,27
2023-08-20,8003090,8000186,4,17,19
2023-08-20,8003090,8003090,20,34,33
2023-08-20,8003090,8003166,17,17,83
2023-08-20,8003166,8002754,7,17,39
2023-08-20,8003166,8003090,3,17,21
2023-08-20,8003166,8003166,22,34,42
2023-08-20,8003168,8002680,16,18,2305
2023-08-20,8003168,8003168,108,138,1605
2023-08-20,8003168,8003169,29,35,1546
2023-08-20,8003168,8004448,21,28,1736
2023-08-20,8003168,8006226,30,33,1239
2023-08-20,8003168,8006449,5,6,1265
2023-08-20,8003169,8001537,27,35,1631
2023-08-20,8003169,8003168,27,35,1976
2023-08-20,8003169,8003169,55,70,1797
2023-08-20,8003287,8003287,10,18,37
2023-08-20,8003287,8003939,6,9,40
2023-08-20,8003287,8006320,5,9,40
2023-08-20,8003470,8002180,0,7,0
2023-08-20,8003470,8003470,3,14,34
2023-08-20,8003470,8004273,3,7,56
2023-08-20,8003486,8001980,6,6,480
2023-08-20,8003486,8003486,11,12,388
2023-08-20,8003486,8003493,5,7,261
2023-08-20,8003493,8000187,6,7,283
2023-08-20,8003493,8003486,8,8,304
2023-08-20,8003493,8003493,12,15,274
2023-08-20,8003621,8003621,10,12,340
2023-08-20,8003621,8004564,5,6,305
2023-08-20,8003621,8005319,6,6,400
2023-08-20,8003638,8000978,2,7,56
2023-08-20,8003638,8003638,2,14,26
2023-08-20,8003638,8003965,0,7,0
2023-08-20,8003657,8000186,11,18,180
2023-08-20,8003657,8002953,16,18,93
2023-08-20,8003657,8003657,27,36,120
2023-08-20,8003716,8001700,2,9,30
2023-08-20,8003716,8003716,5,18,30
2023-08-20,8003716,8006320,6,9,53
2023-08-20,8003896,8001137,13,15,200
2023-08-20,8003896,8003896,25,30,158
2023-08-20,8003896,8006379,10,15,150
2023-08-20,8003909,8001546,31,34,221
2023-08-20,8003909,8003909,54,68,133
2023-08-20,8003909,8005971,22,34,40
2023-08-20,8003916,8001520,26,34,212
2023-08-20,8003916,8001535,25,34,39
2023-08-20,8003916,8003916,53,68,117
2023-08-20,8003925,8000171,30,34,65
2023-08-20,8003925,8003925,57,68,136
2023-08-20,8003925,8005971,24,34,175
2023-08-20,8003936,8001526,25,34,192
2023-08-20,8003936,8001546,30,34,53
2023-08-20,8003936,8003936,61,68,131
2023-08-20,8003939,8002953,4,8,34
2023-08-20,8003939,8003287,3,9,30
2023-08-20,8003939,8003939,8,18,42
2023-08-20,8003946,8000081,26,34,197
2023-08-20,8003946,8001518,8,34,11
2023-08-20,8003946,8003946,34,68,104
2023-08-20,8003965,8003638,2,7,51
2023-08-20,8003965,8003965,2,14,26
2023-08-20,8003965,8003967,1,7,9
2023-08-20,8003967,8001066,7,20,20
2023-08-20,8003967,8003965,2,7,51
2023-08-20,8003967,8003967,5,14,39
2023-08-20,8003993,8000605,1,3,30
2023-08-20,8003993,8000927,29,31,168
2023-08-20,8003993,8002073,25,29,51
2023-08-20,8003993,8003993,48,63,96
2023-08-20,8003998,8002992,2,2,90
2023-08-20,8003998,8003998,2,2,120
2023-08-20,8004228,8000113,0,2,0
2023-08-20,8004228,8000605,28,31,132
2023-08-20,8004228,8004228,41,62,75
2023-08-20,8004228,8006389,13,29,31
2023-08-20,8004230,8000081,40,42,796
2023-08-20,8004230,8004230,83,84,537
2023-08-20,8004230,8004419,41,42,259
2023-08-20,8004269,8000358,38,42,236
2023-08-20,8004269,8004269,80,84,532
2023-08-20,8004269,8004288,42,42,835
2023-08-20,8004273,8003470,0,7,0
2023-08-20,8004288,8004269,39,42,232
2023-08-20,8004288,8004288,81,84,528
2023-08-20,8004288,8004419,41,42,814
2023-08-20,8004419,8004230,42,42,820
2023-08-20,8004419,8004288,33,42,213
2023-08-20,8004419,8004419,82,84,527
2023-08-20,8004440,8001943,20,24,58
2023-08-20,8004440,8002512,14,22,569
2023-08-20,8004440,8004440,30,46,293
2023-08-20,8004448,8003168,17,27,1086
2023-08-20,8004448,8004448,41,55,1413
2023-08-20,8004474,8000358,42,42,830
2023-08-20,8004474,8001039,29,42,194
2023-08-20,8004474,8004474,76,84,515
2023-08-20,8004564,8001980,6,6,320
2023-08-20,8004564,8003621,6,6,465
2023-08-20,8004564,8004564,12,12,405
2023-08-20,8004642,8000605,24,29,39
2023-08-20,8004642,8002073,24,31,157
2023-08-20,8004642,8004642,50,60,96
2023-08-20,8004883,8000239,31,34,274
2023-08-20,8004883,8001530,26,34,198
2023-08-20,8004883,8004883,56,68,236
2023-08-20,8005227,8001357,12,16,159
2023-08-20,8005289,8000793,3,7,69
2023-08-20,8005289,8005289,3,14,34
2023-08-20,8005289,8006109,0,7,0
2023-08-20,8005319,8001851,6,6,395
2023-08-20,8005319,8003621,5,6,290
2023-08-20,8005319,8005319,10,12,340
2023-08-20,8005488,8000033,8,22,573
2023-08-20,8005488,8005488,21,46,294
2023-08-20,8005488,8006607,7,24,19
2023-08-20,8005525,8003783,15,15,220
2023-08-20,8005525,8005525,16,30,120
2023-08-20,8005525,8005526,1,15,4
2023-08-20,8005526,8001097,1,15,4
2023-08-20,8005526,8005525,15,15,236
2023-08-20,8005526,8005526,16,30,120
2023-08-20,8005555,8000966,11,11,136
2023-08-20,8005555,8005555,22,22,365
2023-08-20,8005555,8005569,11,11,595
2023-08-20,8005569,8005555,9,11,120
2023-08-20,8005569,8005569,20,22,357
2023-08-20,8005569,8006486,11,11,379
2023-08-20,8005971,8003909,32,34,210
2023-08-20,8005971,8003925,32,34,67
2023-08-20,8005971,8005971,35,68,104
2023-08-20,8006109,8000978,0,7,0
2023-08-20,8006109,8005289,3,7,60
2023-08-20,8006109,8006109,2,14,26
2023-08-20,8006226,8000853,20,22,2554
2023-08-20,8006226,8001515,13,15,1726
2023-08-20,8006226,8001537,6,7,2443
2023-08-20,8006226,8001585,15,16,1658
2023-08-20,8006226,8001911,14,21,64
2023-08-20,8006226,8003168,27,31,1540
2023-08-20,8006226,8006226,144,180,1012
2023-08-20,8006226,8006386,26,32,237
2023-08-20,8006227,8001039,42,42,872
2023-08-20,8006227,8001905,41,42,224
2023-08-20,8006227,8006227,65,84,517
2023-08-20,8006320,8003287,3,9,23
2023-08-20,8006320,8003716,1,9,23
2023-08-20,8006320,8006320,20,35,102
2023-08-20,8006323,8001045,15,17,221
2023-08-20,8006323,8001093,24,30,181
2023-08-20,8006323,8006323,38,62,123
2023-08-20,8006342,8002745,16,18,87
2023-08-20,8006342,8006342,27,36,106
2023-08-20,8006342,8006383,12,18,130
2023-08-20,8006348,8000239,12,17,154
2023-08-20,8006348,8001323,14,17,356
2023-08-20,8006348,8006348,28,34,246
2023-08-20,8006379,8003896,15,15,208
2023-08-20,8006379,8005336,10,15,130
2023-08-20,8006379,8006379,24,30,176
2023-08-20,8006383,8006342,13,18,78
2023-08-20,8006383,8006383,24,36,87
2023-08-20,8006386,8000977,32,44,138
2023-08-20,8006386,8001795,13,16,804
2023-08-20,8006386,8002953,9,11,352
2023-08-20,8006386,8006226,19,32,93
2023-08-20,8006386,8006386,84,142,311
2023-08-20,8006386,8006510,15,23,31
2023-08-20,8006389,8000113,10,29,21
2023-08-20,8006389,8004228,27,31,129
2023-08-20,8006389,8006389,40,60,85
2023-08-20,8006486,8005569,9,11,120
2023-08-20,8006505,8001538,8,16,90
2023-08-20,8006505,8002769,11,17,120
2023-08-20,8006505,8006505,22,33,129
2023-08-20,8006510,8001536,18,38,30
2023-08-20,8006510,8006386,22,23,115
2023-08-20,8006510,8006510,50,76,70
2023-08-20,8006710,8001035,9,22,20
2023-08-20,8006710,8006710,31,44,72
2023-08-20,8006710,8006711,17,22,105
2023-08-20,8006711,8006710,20,22,44
2023-08-20,8006711,8006711,37,44,67
2023-08-20,8006712,8002512,15,24,35
2023-08-20,8006712,8006712,26,46,287
2023-08-21,8000033,8000033,113,145,397
2023-08-21,8000033,8001795,45,51,681
2023-08-21,8000033,8002268,10,22,173
2023-08-21,8000033,8005488,15,21,54
2023-08-21,8000033,8006719,38,51,354
2023-08-21,8000037,8000037,131,171,216
2023-08-21,8000037,8000113,9,20,58
2023-08-21,8000037,8000171,2,2,300
2023-08-21,8000037,8000392,29,34,550
2023-08-21,8000037,8001524,23,34,28
2023-08-21,8000037,8001795,29,31,366
2023-08-21,8000037,8001836,14,31,44
2023-08-21,8000054,8000054,11,18,27
2023-08-21,8000054,8001137,3,6,20
2023-08-21,8000054,8001182,5,9,17
2023-08-21,8000054,8002992,8,11,49
2023-08-21,8000054,8006453,5,12,5
2023-08-21,8000081,8000081,150,275,248
2023-08-21,8000081,8001531,20,42,62
2023-08-21,8000081,8001542,16,54,29
2023-08-21,8000081,8003946,15,56,14
2023-08-21,8000081,8004230,49,69,331
2023-08-21,8000113,8000037,15,19,109
2023-08-21,8000113,8000113,45,70,264
2023-08-21,8000113,8001066,26,37,41
2023-08-21,8000113,8006389,22,35,295
2023-08-21,8000164,8000164,124,168,177
2023-08-21,8000164,8001327,63,83,177
2023-08-21,8000164,8001900,19,20,196
2023-08-21,8000164,8001909,12,21,127
2023-08-21,8000164,8002223,7,16,94
2023-08-21,8000164,8002227,17,23,134
2023-08-21,8000164,8002779,18,18,158
2023-08-21,8000171,8000037,2,2,570
2023-08-21,8000171,8000171,83,139,232
2023-08-21,8000171,8000392,33,67,135
2023-08-21,8000171,8001061,31,34,574
2023-08-21,8000171,8002745,18,34,64
2023-08-21,8000171,8003925,13,39,18
2023-08-21,8000186,8003090,0,31,0
2023-08-21,8000186,8003657,4,34,28
2023-08-21,8000239,8000239,70,76,479
2023-08-21,8000239,8001097,16,18,180
2023-08-21,8000239,8004883,44,54,381
2023-08-21,8000239,8006348,18,20,800
2023-08-21,8000358,8000358,89,138,425
2023-08-21,8000358,8004269,53,69,563
2023-08-21,8000358,8004474,37,69,289
2023-08-21,8000392,8000037,29,33,273
2023-08-21,8000392,8000171,52,68,315
2023-08-21,8000392,8000392,90,135,227
2023-08-21,8000392,8001545,14,34,30
2023-08-21,8000605,8000605,51,70,315
2023-08-21,8000605,8004228,24,35,273
2023-08-21,8000605,8004642,29,35,354
2023-08-21,8000745,8000745,52,69,439
2023-08-21,8000745,8001093,20,35,399
2023-08-21,8000745,8001394,27,34,438
2023-08-21,8000793,8000793,5,30,13
2023-08-21,8000793,8002180,4,15,22
2023-08-21,8000793,8005289,0,17,0
2023-08-21,8000904,8000904,6,6,250
2023-08-21,8000904,8001137,1,2,90
2023-08-21,8000904,8003998,4,4,308
2023-08-21,8000927,8000927,29,32,485
2023-08-21,8000927,8000966,17,17,565
2023-08-21,8000927,8003993,22,35,246
2023-08-21,8000966,8000927,11,17,201
2023-08-21,8000966,8000966,17,17,404
2023-08-21,8000966,8005555,8,8,548
2023-08-21,8000977,8000977,48,83,83
2023-08-21,8000977,8006386,15,42,66
2023-08-21,8000978,8000978,5,33,13
2023-08-21,8000978,8003638,0,17,0
2023-08-21,8000978,8006109,5,16,22
2023-08-21,8001035,8001035,49,68,51
2023-08-21,8001035,8006710,34,34,118
2023-08-21,8001038,8001038,68,80,480
2023-08-21,8001038,8002639,36,40,597
2023-08-21,8001038,8006194,31,40,316
2023-08-21,8001039,8001039,80,125,440
2023-08-21,8001039,8004474,47,56,668
2023-08-21,8001039,8006227,28,69,227
2023-08-21,8001045,8001045,86,96,283
2023-08-21,8001045,8001061,0,1,0
2023-08-21,8001045,8002680,15,16,116
2023-08-21,8001045,8003986,47,49,384
2023-08-21,8001045,8006323,22,29,150
2023-08-21,8001061,8000171,27,33,261
2023-08-21,8001061,8001061,58,67,433
2023-08-21,8001061,8001558,17,18,662
2023-08-21,8001066,8000113,27,36,38
2023-08-21,8001066,8001066,57,73,43
2023-08-21,8001066,8003967,30,37,36
2023-08-21,8001093,8000745,32,34,315
2023-08-21,8001093,8001093,51,69,263
2023-08-21,8001093,8006323,18,35,353
2023-08-21,8001097,8000239,18,18,157
2023-08-21,8001097,8001097,36,36,166
2023-08-21,8001097,8005526,18,18,237
2023-08-21,8001137,8000054,5,6,85
2023-08-21,8001137,8000904,4,4,330
2023-08-21,8001137,8001137,23,34,95
2023-08-21,8001137,8002992,5,7,99
2023-08-21,8001137,8003896,8,17,42
2023-08-21,8001182,8000054,8,9,73
2023-08-21,8001357,8001357,34,38,103
2023-08-21,8001357,8002514,18,19,104
2023-08-21,8001357,8005227,16,19,128
2023-08-21,8001394,8000745,25,35,326
2023-08-21,8001394,8001394,50,69,323
2023-08-21,8001394,8001692,26,34,465
2023-08-21,8001505,8001505,60,84,149
2023-08-21,8001505,8001525,27,42,96
2023-08-21,8001505,8001531,32,42,201
2023-08-21,8001515,8001515,42,57,264
2023-08-21,8001515,8001537,24,28,406
2023-08-21,8001515,8001543,16,16,103
2023-08-21,8001515,8006226,9,13,245
2023-08-21,8001516,8001549,53,54,51
2023-08-21,8001517,8001517,73,112,76
2023-08-21,8001517,8001529,37,56,92
2023-08-21,8001517,8001535,28,56,56
2023-08-21,8001518,8001518,59,112,38
2023-08-21,8001518,8001520,15,56,11
2023-08-21,8001518,8003946,40,56,61
2023-08-21,8001519,8001519,58,84,146
2023-08-21,8001519,8001525,31,42,210
2023-08-21,8001519,8001543,27,42,81
2023-08-21,8001520,8001518,21,56,43
2023-08-21,8001520,8001520,48,112,39
2023-08-21,8001520,8003916,43,56,46
2023-08-21,8001521,8001521,32,40,86
2023-08-21,8001521,8001522,17,20,92
2023-08-21,8001521,8001534,15,20,92
2023-08-21,8001522,8001521,19,20,124
2023-08-21,8001522,8001522,129,151,74
2023-08-21,8001522,8001523,13,20,39
2023-08-21,8001522,8001524,33,37,71
2023-08-21,8001522,8001545,11,14,101
2023-08-21,8001523,8001522,14,20,51
2023-08-21,8001523,8001523,19,40,39
2023-08-21,8001523,8001545,13,20,50
2023-08-21,8001524,8000037,29,37,90
2023-08-21,8001524,8001522,24,34,56
2023-08-21,8001524,8001524,53,71,63
2023-08-21,8001525,8001505,29,42,204
2023-08-21,8001525,8001519,26,42,84
2023-08-21,8001525,8001525,56,84,148
2023-08-21,8001526,8001526,66,112,54
2023-08-21,8001526,8001529,52,56,81
2023-08-21,8001526,8003936,13,56,50
2023-08-21,8001527,8001527,67,78,71
2023-08-21,8001527,8001536,21,39,54
2023-08-21,8001528,8001329,12,18,168
2023-08-21,8001528,8001528,30,36,152
2023-08-21,8001528,8001539,17,18,137
2023-08-21,8001529,8001517,36,56,73
2023-08-21,8001529,8001526,13,56,58
2023-08-21,8001529,8001529,87,112,76
2023-08-21,8001530,8001530,98,106,395
2023-08-21,8001530,8001533,40,54,375
2023-08-21,8001530,8004883,51,52,404
2023-08-21,8001531,8000081,31,42,203
2023-08-21,8001531,8001505,25,42,71
2023-08-21,8001531,8001531,53,84,131
2023-08-21,8001532,8001532,32,36,124
2023-08-21,8001532,8001544,17,18,157
2023-08-21,8001533,8001530,49,52,392
2023-08-21,8001533,8001533,88,106,373
2023-08-21,8001534,8001521,6,20,48
2023-08-21,8001534,8001534,21,40,68
2023-08-21,8001534,8001538,16,20,99
2023-08-21,8001535,8001517,31,56,58
2023-08-21,8001535,8001535,69,112,55
2023-08-21,8001535,8003916,35,56,61
2023-08-21,8001536,8001527,26,39,45
2023-08-21,8001536,8001536,40,78,43
2023-08-21,8001536,8006510,34,39,68
2023-08-21,8001537,8001515,18,29,129
2023-08-21,8001537,8001537,58,73,381
2023-08-21,8001537,8003169,31,36,613
2023-08-21,8001537,8006226,7,8,300
2023-08-21,8001538,8001534,8,20,54
2023-08-21,8001538,8001538,27,40,86
2023-08-21,8001538,8006505,16,20,105
2023-08-21,8001539,8001528,9,18,138
2023-08-21,8001539,8001539,25,36,132
2023-08-21,8001539,8001541,17,18,132
2023-08-21,8001540,8001540,76,108,43
2023-08-21,8001540,8001542,22,54,21
2023-08-21,8001540,8001549,54,54,94
2023-08-21,8001541,8001539,6,18,123
2023-08-21,8001541,8001541,27,36,125
2023-08-21,8001541,8001544,16,18,110
2023-08-21,8001542,8000081,3,54,2
2023-08-21,8001542,8001540,23,54,34
2023-08-21,8001542,8001542,39,108,22
2023-08-21,8001543,8001327,67,83,144
2023-08-21,8001543,8001515,11,15,242
2023-08-21,8001543,8001519,31,42,205
2023-08-21,8001543,8001543,117,166,141
2023-08-21,8001544,8001532,14,18,92
2023-08-21,8001544,8001541,11,18,162
2023-08-21,8001544,8001544,28,36,127
2023-08-21,8001545,8000392,21,34,67
2023-08-21,8001545,8001522,11,14,39
2023-08-21,8001545,8001523,11,20,38
2023-08-21,8001545,8001545,34,68,48
2023-08-21,8001546,8001546,64,112,55
2023-08-21,8001546,8003909,18,56,48
2023-08-21,8001546,8003936,55,56,61
2023-08-21,8001549,8001516,53,54,59
2023-08-21,8001549,8001540,29,54,30
2023-08-21,8001549,8001549,107,108,70
2023-08-21,8001692,8001394,19,35,177
2023-08-21,8001692,8001692,46,69,328
2023-08-21,8001692,8002262,27,34,495
2023-08-21,8001700,8001700,26,40,84
2023-08-21,8001700,8003018,16,20,123
2023-08-21,8001700,8003716,4,20,38
2023-08-21,8001729,8001729,0,8,0
2023-08-21,8001729,8004406,0,3,0
2023-08-21,8001795,8000033,44,51,366
2023-08-21,8001795,8000037,28,32,604
2023-08-21,8001795,8001795,88,102,518
2023-08-21,8001795,8006386,14,18,512
2023-08-21,8001836,8000037,21,31,58
2023-08-21,8001836,8001836,37,62,40
2023-08-21,8001836,8002754,16,31,39
2023-08-21,8001851,8005319,5,8,105
2023-08-21,8001943,8001943,31,43,185
2023-08-21,8001943,8002267,11,21,64
2023-08-21,8001943,8004440,12,22,274
2023-08-21,8001980,8001980,16,16,202
2023-08-21,8001980,8003486,7,8,146
2023-08-21,8001980,8004564,8,8,281
2023-08-21,8002073,8002073,54,70,321
2023-08-21,8002073,8003993,31,35,396
2023-08-21,8002073,8004642,22,35,255
2023-08-21,8002180,8000793,0,15,0
2023-08-21,8002180,8002180,3,30,10
2023-08-21,8002180,8003470,3,15,22
2023-08-21,8002262,8001692,24,35,191
2023-08-21,8002262,8002262,54,69,350
2023-08-21,8002262,8005276,26,34,524
2023-08-21,8002267,8001943,14,22,260
2023-08-21,8002267,8002267,21,43,147
2023-08-21,8002267,8002509,10,21,57
2023-08-21,8002268,8000033,12,21,60
2023-08-21,8002268,8002268,24,43,129
2023-08-21,8002268,8002509,14,22,229
2023-08-21,8002509,8002267,12,22,228
2023-08-21,8002509,8002268,13,21,69
2023-08-21,8002509,8002509,24,43,150
2023-08-21,8002512,8002512,35,43,212
2023-08-21,8002512,8004440,16,21,80
2023-08-21,8002512,8006712,17,22,357
2023-08-21,8002514,8001357,13,19,95
2023-08-21,8002514,8002514,30,38,101
2023-08-21,8002514,8002769,18,19,101
2023-08-21,8002639,8001038,32,40,365
2023-08-21,8002639,8002639,68,80,500
2023-08-21,8002639,8002640,35,40,567
2023-08-21,8002640,8002639,32,40,446
2023-08-21,8002680,8000441,33,38,226
2023-08-21,8002680,8001045,17,17,254
2023-08-21,8002680,8002680,52,75,233
2023-08-21,8002680,8003168,10,19,324
2023-08-21,8002745,8000171,17,34,33
2023-08-21,8002745,8002745,31,68,51
2023-08-21,8002745,8006342,14,34,55
2023-08-21,8002754,8001836,7,31,18
2023-08-21,8002754,8002754,30,62,37
2023-08-21,8002754,8003166,19,31,54
2023-08-21,8002769,8002514,14,19,93
2023-08-21,8002769,8002769,33,40,79
2023-08-21,8002769,8006505,10,20,58
2023-08-21,8002779,8000164,17,18,195
2023-08-21,8002779,8001328,18,18,170
2023-08-21,8002779,8002779,35,36,198
2023-08-21,8002953,8002953,44,71,120
2023-08-21,8002953,8003657,14,15,240
2023-08-21,8002953,8003939,14,17,162
2023-08-21,8002953,8006386,5,14,90
2023-08-21,8002992,8000054,9,11,194
2023-08-21,8002992,8001137,5,9,17
2023-08-21,8002992,8002992,16,22,105
2023-08-21,8002992,8003998,1,2,90
2023-08-21,8003018,8001700,9,20,40
2023-08-21,8003018,8003018,20,40,68
2023-08-21,8003090,8000186,7,31,14
2023-08-21,8003090,8003090,35,62,26
2023-08-21,8003090,8003166,30,31,66
2023-08-21,8003166,8002754,12,31,23
2023-08-21,8003166,8003090,5,31,14
2023-08-21,8003166,8003166,32,62,28
2023-08-21,8003168,8000164,1,1,330
2023-08-21,8003168,8002680,15,19,346
2023-08-21,8003168,8003168,122,145,370
2023-08-21,8003168,8003169,32,37,181
2023-08-21,8003168,8004448,24,28,628
2023-08-21,8003168,8006226,29,34,346
2023-08-21,8003168,8006449,6,7,360
2023-08-21,8003169,8001537,27,37,163
2023-08-21,8003169,8003168,32,36,609
2023-08-21,8003169,8003169,61,73,387
2023-08-21,8003287,8003287,19,40,84
2023-08-21,8003287,8003939,7,20,42
2023-08-21,8003287,8006320,12,20,123
2023-08-21,8003470,8002180,0,15,0
2023-08-21,8003470,8003470,3,30,12
2023-08-21,8003470,8004273,3,15,20
2023-08-21,8003486,8001980,6,8,274
2023-08-21,8003486,8003486,12,15,218
2023-08-21,8003486,8003493,9,13,141
2023-08-21,8003493,8000187,10,13,155
2023-08-21,8003493,8003486,13,13,168
2023-08-21,8003493,8003493,21,26,152
2023-08-21,8003621,8003621,15,16,216
2023-08-21,8003621,8004564,7,8,150
2023-08-21,8003621,8005319,8,8,311
2023-08-21,8003638,8000978,5,16,24
2023-08-21,8003638,8003638,4,33,10
2023-08-21,8003638,8003965,0,17,0
2023-08-21,8003657,8000186,16,33,126
2023-08-21,8003657,8002953,18,20,70
2023-08-21,8003657,8003657,41,67,89
2023-08-21,8003716,8001700,15,20,98
2023-08-21,8003716,8003716,12,40,62
2023-08-21,8003716,8006320,7,20,45
2023-08-21,8003896,8001137,15,17,162
2023-08-21,8003896,8003896,28,34,108
2023-08-21,8003896,8006379,14,17,101
2023-08-21,8003909,8001546,50,56,64
2023-08-21,8003909,8003909,83,112,66
2023-08-21,8003909,8005971,31,56,64
2023-08-21,8003916,8001520,33,56,70
2023-08-21,8003916,8001535,34,56,44
2023-08-21,8003916,8003916,74,112,53
2023-08-21,8003925,8000171,32,39,62
2023-08-21,8003925,8003925,61,78,57
2023-08-21,8003925,8005971,19,39,22
2023-08-21,8003936,8001526,29,56,34
2023-08-21,8003936,8001546,42,56,80
2023-08-21,8003936,8003936,97,112,65
2023-08-21,8003939,8002953,4,16,26
2023-08-21,8003939,8003287,10,20,114
2023-08-21,8003939,8003939,19,40,85
2023-08-21,8003946,8000081,32,56,57
2023-08-21,8003946,8001518,14,56,12
2023-08-21,8003946,8003946,47,112,33
2023-08-21,8003965,8003638,4,16,21
2023-08-21,8003965,8003965,4,33,11
2023-08-21,8003965,8003967,3,17,5
2023-08-21,8003967,8001066,6,36,8
2023-08-21,8003967,8003965,4,16,22
2023-08-21,8003967,8003967,9,33,16
2023-08-21,8003993,8000927,32,35,445
2023-08-21,8003993,8002073,29,35,267
2023-08-21,8003993,8003993,56,70,336
2023-08-21,8003998,8000904,2,2,105
2023-08-21,8003998,8002992,3,4,270
2023-08-21,8003998,8003998,5,6,220
2023-08-21,8004228,8000605,31,35,342
2023-08-21,8004228,8004228,48,70,300
2023-08-21,8004228,8006389,27,35,279
2023-08-21,8004230,8000081,47,56,628
2023-08-21,8004230,8004230,99,125,469
2023-08-21,8004230,8004419,47,69,324
2023-08-21,8004269,8000358,45,69,306
2023-08-21,8004269,8004269,99,138,437
2023-08-21,8004269,8004288,54,69,567
2023-08-21,8004273,8003470,0,15,0
2023-08-21,8004288,8004269,45,69,306
2023-08-21,8004288,8004288,97,138,434
2023-08-21,8004288,8004419,54,69,558
2023-08-21,8004419,8000081,7,13,189
2023-08-21,8004419,8004230,50,56,652
2023-08-21,8004419,8004288,36,69,294
2023-08-21,8004419,8004419,102,138,436
2023-08-21,8004440,8001943,17,21,107
2023-08-21,8004440,8002512,15,22,312
2023-08-21,8004440,8004440,32,43,197
2023-08-21,8004448,8003168,25,29,146
2023-08-21,8004448,8004448,51,57,385
2023-08-21,8004474,8000358,52,69,562
2023-08-21,8004474,8001039,35,69,257
2023-08-21,8004474,8004474,89,138,421
2023-08-21,8004564,8001980,8,8,165
2023-08-21,8004564,8003621,8,8,334
2023-08-21,8004564,8004564,16,16,249
2023-08-21,8004642,8000605,28,35,276
2023-08-21,8004642,8002073,27,35,367
2023-08-21,8004642,8004642,56,70,314
2023-08-21,8004883,8000239,51,52,404
2023-08-21,8004883,8001530,48,54,393
2023-08-21,8004883,8004883,95,106,396
2023-08-21,8005227,8001357,18,19,84
2023-08-21,8005289,8000793,7,16,34
2023-08-21,8005289,8005289,7,33,17
2023-08-21,8005289,8006109,0,17,0
2023-08-21,8005319,8001851,8,8,311
2023-08-21,8005319,8003621,6,8,135
2023-08-21,8005319,8005319,13,16,216
2023-08-21,8005488,8000033,16,22,225
2023-08-21,8005488,8005488,32,43,158
2023-08-21,8005488,8006607,8,21,43
2023-08-21,8005525,8003783,18,18,235
2023-08-21,8005525,8005525,24,36,178
2023-08-21,8005525,8005526,6,18,110
2023-08-21,8005526,8001097,5,18,107
2023-08-21,8005526,8005525,18,18,252
2023-08-21,8005526,8005526,23,36,180
2023-08-21,8005555,8000966,9,9,317
2023-08-21,8005555,8005555,17,17,431
2023-08-21,8005555,8005569,8,8,532
2023-08-21,8005569,8005555,6,9,320
2023-08-21,8005569,8005569,14,17,420
2023-08-21,8005569,8006486,8,8,574
2023-08-21,8005971,8003909,56,56,57
2023-08-21,8005971,8003925,39,39,66
2023-08-21,8005971,8005971,31,78,31
2023-08-21,8006109,8000978,0,17,0
2023-08-21,8006109,8005289,5,16,26
2023-08-21,8006109,8006109,4,33,10
2023-08-21,8006226,8000853,19,22,360
2023-08-21,8006226,8001515,12,13,466
2023-08-21,8006226,8001537,8,8,1320
2023-08-21,8006226,8001585,16,18,485
2023-08-21,8006226,8001911,14,21,97
2023-08-21,8006226,8003168,30,33,293
2023-08-21,8006226,8006226,143,187,318
2023-08-21,8006226,8006386,31,34,184
2023-08-21,8006227,8001039,49,56,708
2023-08-21,8006227,8001905,51,69,257
2023-08-21,8006227,8004474,6,13,159
2023-08-21,8006227,8006227,83,138,406
2023-08-21,8006320,8003287,4,20,36
2023-08-21,8006320,8003716,8,20,93
2023-08-21,8006320,8006320,25,58,93
2023-08-21,8006323,8001045,28,30,427
2023-08-21,8006323,8001093,32,34,183
2023-08-21,8006323,8006323,51,69,249
2023-08-21,8006342,8002745,20,34,49
2023-08-21,8006342,8006342,36,68,50
2023-08-21,8006342,8006383,17,34,64
2023-08-21,8006348,8000239,19,20,736
2023-08-21,8006348,8001323,19,20,968
2023-08-21,8006348,8006348,38,40,795
2023-08-21,8006379,8003896,16,17,134
2023-08-21,8006379,8005336,10,17,78
2023-08-21,8006379,8006379,29,34,123
2023-08-21,8006383,8006342,13,34,28
2023-08-21,8006383,8006383,26,68,36
2023-08-21,8006386,8000977,32,41,97
2023-08-21,8006386,8001795,15,18,320
2023-08-21,8006386,8002953,14,14,276
2023-08-21,8006386,8006226,20,35,122
2023-08-21,8006386,8006386,94,147,179
2023-08-21,8006386,8006510,10,21,37
2023-08-21,8006389,8000113,23,35,267
2023-08-21,8006389,8004228,27,35,327
2023-08-21,8006389,8006389,51,70,301
2023-08-21,8006486,8005569,6,9,320
2023-08-21,8006505,8001538,11,20,70
2023-08-21,8006505,8002769,12,20,64
2023-08-21,8006505,8006505,28,40,76
2023-08-21,8006510,8001536,19,39,38
2023-08-21,8006510,8006386,20,21,107
2023-08-21,8006510,8006510,51,78,63
2023-08-21,8006710,8001035,20,34,31
2023-08-21,8006710,8006710,64,68,81
2023-08-21,8006710,8006711,32,34,101
2023-08-21,8006711,8006710,34,34,57
2023-08-21,8006711,8006711,64,68,68
2023-08-21,8006712,8002512,19,21,99
2023-08-21,8006712,8006712,37,43,240
2023-08-22,8000033,8000033,105,145,420
2023-08-22,8000033,8001795,46,51,638
2023-08-22,8000033,8002268,9,22,145
2023-08-22,8000033,8005488,12,21,43
2023-08-22,8000033,8006719,42,51,539
2023-08-22,8000037,8000037,127,171,221
2023-08-22,8000037,8000113,11,20,74
2023-08-22,8000037,8000171,2,2,255
2023-08-22,8000037,8000392,27,34,479
2023-08-22,8000037,8001524,17,34,29
2023-08-22,8000037,8001795,30,31,568
2023-08-22,8000037,8001836,21,31,75
2023-08-22,8000054,8000054,11,18,37
2023-08-22,8000054,8001137,5,6,60
2023-08-22,8000054,8001182,7,9,27
2023-08-22,8000054,8002992,10,11,63
2023-08-22,8000054,8006453,5,12,30
2023-08-22,8000081,8000081,158,275,195
2023-08-22,8000081,8001531,24,42,72
2023-08-22,8000081,8001542,22,54,22
2023-08-22,8000081,8003946,11,56,13
2023-08-22,8000081,8004230,60,69,334
2023-08-22,8000113,8000037,17,19,88
2023-08-22,8000113,8000113,48,70,88
2023-08-22,8000113,8001066,28,37,55
2023-08-22,8000113,8006389,20,35,82
2023-08-22,8000164,8000164,117,166,197
2023-08-22,8000164,8001327,62,83,249
2023-08-22,8000164,8001900,20,20,255
2023-08-22,8000164,8001909,15,21,224
2023-08-22,8000164,8002223,7,16,34
2023-08-22,8000164,8002227,15,23,67
2023-08-22,8000164,8002779,16,18,158
2023-08-22,8000171,8000037,2,2,210
2023-08-22,8000171,8000171,84,139,236
2023-08-22,8000171,8000392,35,67,185
2023-08-22,8000171,8001061,27,34,528
2023-08-22,8000171,8002745,18,34,62
2023-08-22,8000171,8003925,16,39,23
2023-08-22,8000186,8003090,0,31,0
2023-08-22,8000186,8003657,2,34,22
2023-08-22,8000239,8000239,61,76,149
2023-08-22,8000239,8001097,7,18,80
2023-08-22,8000239,8004883,35,54,133
2023-08-22,8000239,8006348,18,20,228
2023-08-22,8000358,8000358,106,138,345
2023-08-22,8000358,8004269,59,69,411
2023-08-22,8000358,8004474,50,69,283
2023-08-22,8000392,8000037,27,33,350
2023-08-22,8000392,8000171,50,68,283
2023-08-22,8000392,8000392,99,135,242
2023-08-22,8000392,8001545,25,34,95
2023-08-22,8000605,8000605,49,70,105
2023-08-22,8000605,8004228,23,35,84
2023-08-22,8000605,8004642,27,35,117
2023-08-22,8000745,8000745,47,69,105
2023-08-22,8000745,8001093,17,35,53
2023-08-22,8000745,8001394,27,34,157
2023-08-22,8000793,8000793,7,30,23
2023-08-22,8000793,8002180,7,15,42
2023-08-22,8000793,8005289,0,17,0
2023-08-22,8000904,8000904,4,6,85
2023-08-22,8000904,8001137,0,2,0
2023-08-22,8000904,8003998,3,4,98
2023-08-22,8000927,8000927,26,32,113
2023-08-22,8000927,8000966,15,17,109
2023-08-22,8000927,8003993,16,35,68
2023-08-22,8000966,8000927,13,17,95
2023-08-22,8000966,8000966,16,17,122
2023-08-22,8000966,8005555,7,8,128
2023-08-22,8000977,8000977,50,83,102
2023-08-22,8000977,8006386,18,42,64
2023-08-22,8000978,8000978,7,33,22
2023-08-22,8000978,8003638,0,17,0
2023-08-22,8000978,8006109,7,16,38
2023-08-22,8001035,8001035,41,68,51
2023-08-22,8001035,8006710,32,34,133
2023-08-22,8001038,8001038,65,80,272
2023-08-22,8001038,8002639,39,40,354
2023-08-22,8001038,8006194,18,40,166
2023-08-22,8001039,8001039,95,125,336
2023-08-22,8001039,8004474,49,56,468
2023-08-22,8001039,8006227,44,69,197
2023-08-22,8001045,8001045,81,96,231
2023-08-22,8001045,8001061,0,1,0
2023-08-22,8001045,8002680,16,16,169
2023-08-22,8001045,8003986,46,49,266
2023-08-22,8001045,8006323,18,29,121
2023-08-22,8001061,8000171,23,33,298
2023-08-22,8001061,8001061,56,67,425
2023-08-22,8001061,8001558,17,18,643
2023-08-22,8001066,8000113,29,36,52
2023-08-22,8001066,8001066,57,73,51
2023-08-22,8001066,8003967,28,37,47
2023-08-22,8001093,8000745,31,34,165
2023-08-22,8001093,8001093,47,69,100
2023-08-22,8001093,8006323,17,35,51
2023-08-22,8001097,8000239,18,18,80
2023-08-22,8001097,8001097,36,36,70
2023-08-22,8001097,8005526,18,18,148
2023-08-22,8001137,8000054,4,6,55
2023-08-22,8001137,8000904,4,4,165
2023-08-22,8001137,8001137,24,34,79
2023-08-22,8001137,8002992,7,7,120
2023-08-22,8001137,8003896,10,17,53
2023-08-22,8001182,8000054,8,9,37
2023-08-22,8001357,8001357,30,38,63
2023-08-22,8001357,8002514,15,19,74
2023-08-22,8001357,8005227,14,19,71
2023-08-22,8001394,8000745,25,35,63
2023-08-22,8001394,8001394,53,69,114
2023-08-22,8001394,8001692,29,34,174
2023-08-22,8001505,8001505,54,84,144
2023-08-22,8001505,8001525,23,42,83
2023-08-22,8001505,8001531,28,42,190
2023-08-22,8001515,8001515,46,57,522
2023-08-22,8001515,8001537,23,28,694
2023-08-22,8001515,8001543,16,16,234
2023-08-22,8001515,8006226,11,12,552
2023-08-22,8001515,8006227,1,1,870
2023-08-22,8001516,8001549,53,54,60
2023-08-22,8001517,8001517,83,112,48
2023-08-22,8001517,8001529,38,56,50
2023-08-22,8001517,8001535,28,56,26
2023-08-22,8001518,8001518,63,112,25
2023-08-22,8001518,8001520,14,56,11
2023-08-22,8001518,8003946,45,56,34
2023-08-22,8001519,8001519,52,84,142
2023-08-22,8001519,8001525,28,42,211
2023-08-22,8001519,8001543,24,42,73
2023-08-22,8001520,8001518,20,56,18
2023-08-22,8001520,8001520,55,112,27
2023-08-22,8001520,8003916,50,56,38
2023-08-22,8001521,8001521,28,40,80
2023-08-22,8001521,8001522,12,20,63
2023-08-22,8001521,8001534,15,20,111
2023-08-22,8001522,8001521,20,20,138
2023-08-22,8001522,8001522,126,151,81
2023-08-22,8001522,8001523,13,20,40
2023-08-22,8001522,8001524,33,37,81
2023-08-22,8001522,8001545,11,14,94
2023-08-22,8001523,8001522,19,20,98
2023-08-22,8001523,8001523,28,40,62
2023-08-22,8001523,8001545,15,20,50
2023-08-22,8001524,8000037,33,37,103
2023-08-22,8001524,8001522,24,34,54
2023-08-22,8001524,8001524,51,71,65
2023-08-22,8001525,8001505,27,42,203
2023-08-22,8001525,8001519,23,42,72
2023-08-22,8001525,8001525,51,84,142
2023-08-22,8001526,8001526,66,112,30
2023-08-22,8001526,8001529,53,56,74
2023-08-22,8001526,8003936,12,56,14
2023-08-22,8001527,8001527,65,78,86
2023-08-22,8001527,8001536,23,39,98
2023-08-22,8001528,8001329,13,18,57
2023-08-22,8001528,8001528,28,36,104
2023-08-22,8001528,8001539,14,18,137
2023-08-22,8001529,8001517,44,56,59
2023-08-22,8001529,8001526,12,56,16
2023-08-22,8001529,8001529,90,112,50
2023-08-22,8001530,8001530,99,106,162
2023-08-22,8001530,8001533,35,54,124
2023-08-22,8001530,8004883,50,52,185
2023-08-22,8001531,8000081,28,42,190
2023-08-22,8001531,8001505,25,42,74
2023-08-22,8001531,8001531,49,84,128
2023-08-22,8001532,8001532,30,36,102
2023-08-22,8001532,8001544,18,18,93
2023-08-22,8001533,8001530,52,52,171
2023-08-22,8001533,8001533,88,106,137
2023-08-22,8001534,8001521,2,20,15
2023-08-22,8001534,8001534,16,40,58
2023-08-22,8001534,8001538,15,20,114
2023-08-22,8001535,8001517,37,56,31
2023-08-22,8001535,8001535,87,112,37
2023-08-22,8001535,8003916,44,56,39
2023-08-22,8001536,8001527,25,39,43
2023-08-22,8001536,8001536,39,78,60
2023-08-22,8001536,8006510,31,39,98
2023-08-22,8001537,8001515,21,29,371
2023-08-22,8001537,8001537,57,73,501
2023-08-22,8001537,8003169,32,36,666
2023-08-22,8001537,8006226,7,8,454
2023-08-22,8001538,8001534,2,20,15
2023-08-22,8001538,8001538,18,40,70
2023-08-22,8001538,8006505,17,20,128
2023-08-22,8001539,8001528,12,18,48
2023-08-22,8001539,8001539,26,36,84
2023-08-22,8001539,8001541,14,18,137
2023-08-22,8001540,8001540,83,108,48
2023-08-22,8001540,8001542,29,54,33
2023-08-22,8001540,8001549,54,54,103
2023-08-22,8001541,8001539,8,18,22
2023-08-22,8001541,8001541,27,36,82
2023-08-22,8001541,8001544,14,18,130
2023-08-22,8001542,8000081,1,54,3
2023-08-22,8001542,8001540,28,54,27
2023-08-22,8001542,8001542,51,108,22
2023-08-22,8001543,8001327,61,83,170
2023-08-22,8001543,8001515,13,15,396
2023-08-22,8001543,8001519,28,42,213
2023-08-22,8001543,8001543,119,166,196
2023-08-22,8001544,8001532,10,18,115
2023-08-22,8001544,8001541,15,18,67
2023-08-22,8001544,8001544,29,36,98
2023-08-22,8001545,8000392,19,34,76
2023-08-22,8001545,8001522,11,14,114
2023-08-22,8001545,8001523,12,20,76
2023-08-22,8001545,8001545,39,68,76
2023-08-22,8001546,8001546,63,112,32
2023-08-22,8001546,8003909,20,56,20
2023-08-22,8001546,8003936,54,56,49
2023-08-22,8001549,8001516,54,54,66
2023-08-22,8001549,8001540,36,54,42
2023-08-22,8001549,8001549,107,108,79
2023-08-22,8001692,8001394,17,35,42
2023-08-22,8001692,8001692,47,69,112
2023-08-22,8001692,8002262,29,34,188
2023-08-22,8001700,8001700,26,40,49
2023-08-22,8001700,8003018,12,20,48
2023-08-22,8001700,8003716,10,20,39
2023-08-22,8001729,8001729,0,8,0
2023-08-22,8001729,8004406,0,3,0
2023-08-22,8001795,8000033,44,51,549
2023-08-22,8001795,8000037,28,32,556
2023-08-22,8001795,8001795,89,102,583
2023-08-22,8001795,8006386,16,18,522
2023-08-22,8001836,8000037,13,31,40
2023-08-22,8001836,8001836,31,62,46
2023-08-22,8001836,8002754,18,31,58
2023-08-22,8001851,8005319,7,8,195
2023-08-22,8001943,8001943,27,43,99
2023-08-22,8001943,8002267,9,21,21
2023-08-22,8001943,8004440,6,22,145
2023-08-22,8001980,8001980,16,16,251
2023-08-22,8001980,8003486,8,8,248
2023-08-22,8001980,8004564,8,8,262
2023-08-22,8002073,8002073,49,70,105
2023-08-22,8002073,8003993,30,35,135
2023-08-22,8002073,8004642,18,35,69
2023-08-22,8002180,8000793,0,15,0
2023-08-22,8002180,8002180,7,30,18
2023-08-22,8002180,8003470,7,15,40
2023-08-22,8002262,8001692,23,35,57
2023-08-22,8002262,8002262,55,69,123
2023-08-22,8002262,8005276,26,34,165
2023-08-22,8002267,8001943,10,22,153
2023-08-22,8002267,8002267,13,43,81
2023-08-22,8002267,8002509,8,21,20
2023-08-22,8002268,8000033,10,21,40
2023-08-22,8002268,8002268,19,43,89
2023-08-22,8002268,8002509,8,22,147
2023-08-22,8002509,8002267,8,22,146
2023-08-22,8002509,8002268,9,21,21
2023-08-22,8002509,8002509,16,43,86
2023-08-22,8002512,8002512,29,43,101
2023-08-22,8002512,8004440,13,21,29
2023-08-22,8002512,8006712,11,22,162
2023-08-22,8002514,8001357,11,19,46
2023-08-22,8002514,8002514,27,38,66
2023-08-22,8002514,8002769,18,19,73
2023-08-22,8002639,8001038,27,40,193
2023-08-22,8002639,8002639,66,80,277
2023-08-22,8002639,8002640,35,40,314
2023-08-22,8002640,8002639,28,40,230
2023-08-22,8002680,8000441,35,38,321
2023-08-22,8002680,8001045,17,17,228
2023-08-22,8002680,8002680,52,75,190
2023-08-22,8002680,8003168,10,19,46
2023-08-22,8002745,8000171,25,34,73
2023-08-22,8002745,8002745,38,68,67
2023-08-22,8002745,8006342,16,34,51
2023-08-22,8002754,8001836,8,31,30
2023-08-22,8002754,8002754,27,62,52
2023-08-22,8002754,8003166,18,31,67
2023-08-22,8002769,8002514,12,19,41
2023-08-22,8002769,8002769,31,40,40
2023-08-22,8002769,8006505,4,20,18
2023-08-22,8002779,8000164,17,18,108
2023-08-22,8002779,8001328,16,18,163
2023-08-22,8002779,8002779,33,36,150
2023-08-22,8002953,8002953,39,71,104
2023-08-22,8002953,8003657,13,15,298
2023-08-22,8002953,8003939,12,17,46
2023-08-22,8002953,8006386,9,14,66
2023-08-22,8002992,8000054,10,11,106
2023-08-22,8002992,8001137,6,9,60
2023-08-22,8002992,8002992,20,22,82
2023-08-22,8002992,8003998,1,2,15
2023-08-22,8003018,8001700,13,20,54
2023-08-22,8003018,8003018,23,40,44
2023-08-22,8003090,8000186,6,31,19
2023-08-22,8003090,8003090,34,62,27
2023-08-22,8003090,8003166,30,31,59
2023-08-22,8003166,8002754,9,31,31
2023-08-22,8003166,8003090,4,31,17
2023-08-22,8003166,8003166,31,62,30
2023-08-22,8003168,8002680,18,19,482
2023-08-22,8003168,8003168,120,145,426
2023-08-22,8003168,8003169,30,37,360
2023-08-22,8003168,8004448,24,28,675
2023-08-22,8003168,8006226,31,34,226
2023-08-22,8003168,8006227,1,1,90
2023-08-22,8003168,8006449,7,7,557
2023-08-22,8003169,8001537,25,37,360
2023-08-22,8003169,8003168,32,36,660
2023-08-22,8003169,8003169,60,73,509
2023-08-22,8003287,8003287,21,40,44
2023-08-22,8003287,8003939,12,20,56
2023-08-22,8003287,8006320,11,20,34
2023-08-22,8003470,8002180,0,15,0
2023-08-22,8003470,8003470,6,30,22
2023-08-22,8003470,8004273,7,15,34
2023-08-22,8003486,8001980,8,8,255
2023-08-22,8003486,8003486,15,15,232
2023-08-22,8003486,8003493,9,13,157
2023-08-22,8003493,8000187,9,13,157
2023-08-22,8003493,8003486,11,13,187
2023-08-22,8003493,8003493,19,26,158
2023-08-22,8003621,8003621,16,16,223
2023-08-22,8003621,8004564,8,8,221
2023-08-22,8003621,8005319,8,8,278
2023-08-22,8003638,8000978,7,16,38
2023-08-22,8003638,8003638,6,33,14
2023-08-22,8003638,8003965,0,17,0
2023-08-22,8003657,8000186,17,33,159
2023-08-22,8003657,8002953,18,20,64
2023-08-22,8003657,8003657,40,67,102
2023-08-22,8003716,8001700,10,20,26
2023-08-22,8003716,8003716,19,40,32
2023-08-22,8003716,8006320,14,20,58
2023-08-22,8003896,8001137,12,17,118
2023-08-22,8003896,8003896,29,34,96
2023-08-22,8003896,8006379,9,17,67
2023-08-22,8003909,8001546,51,56,54
2023-08-22,8003909,8003909,81,112,45
2023-08-22,8003909,8005971,28,56,32
2023-08-22,8003916,8001520,46,56,55
2023-08-22,8003916,8001535,43,56,41
2023-08-22,8003916,8003916,86,112,39
2023-08-22,8003925,8000171,36,39,44
2023-08-22,8003925,8003925,61,78,47
2023-08-22,8003925,8005971,19,39,17
2023-08-22,8003936,8001526,30,56,25
2023-08-22,8003936,8001546,47,56,46
2023-08-22,8003936,8003936,101,112,45
2023-08-22,8003939,8002953,9,16,24
2023-08-22,8003939,8003287,8,20,26
2023-08-22,8003939,8003939,25,40,44
2023-08-22,8003946,8000081,37,56,29
2023-08-22,8003946,8001518,13,56,13
2023-08-22,8003946,8003946,48,112,21
2023-08-22,8003965,8003638,6,16,28
2023-08-22,8003965,8003965,6,33,15
2023-08-22,8003965,8003967,2,17,5
2023-08-22,8003967,8001066,4,36,8
2023-08-22,8003967,8003965,6,16,30
2023-08-22,8003967,8003967,12,33,29
2023-08-22,8003993,8000927,31,35,153
2023-08-22,8003993,8002073,21,35,82
2023-08-22,8003993,8003993,47,70,109
2023-08-22,8003998,8000904,0,2,0
2023-08-22,8003998,8002992,2,4,52
2023-08-22,8003998,8003998,3,6,50
2023-08-22,8004228,8000605,31,35,125
2023-08-22,8004228,8004228,45,70,97
2023-08-22,8004228,8006389,22,35,93
2023-08-22,8004230,8000081,44,56,423
2023-08-22,8004230,8004230,109,125,378
2023-08-22,8004230,8004419,59,69,323
2023-08-22,8004269,8000358,59,69,303
2023-08-22,8004269,8004269,119,138,359
2023-08-22,8004269,8004288,61,69,417
2023-08-22,8004273,8003470,0,15,0
2023-08-22,8004288,8004269,59,69,303
2023-08-22,8004288,8004288,119,138,358
2023-08-22,8004288,8004419,56,69,402
2023-08-22,8004419,8000081,10,13,254
2023-08-22,8004419,8004230,49,56,447
2023-08-22,8004419,8004288,49,69,284
2023-08-22,8004419,8004419,115,138,354
2023-08-22,8004440,8001943,17,21,56
2023-08-22,8004440,8002512,13,22,164
2023-08-22,8004440,8004440,24,43,100
2023-08-22,8004448,8003168,21,29,355
2023-08-22,8004448,8004448,48,57,513
2023-08-22,8004474,8000358,58,69,412
2023-08-22,8004474,8001039,45,69,237
2023-08-22,8004474,8004474,107,138,343
2023-08-22,8004564,8001980,8,8,255
2023-08-22,8004564,8003621,8,8,259
2023-08-22,8004564,8004564,16,16,255
2023-08-22,8004642,8000605,26,35,87
2023-08-22,8004642,8002073,27,35,126
2023-08-22,8004642,8004642,54,70,100
2023-08-22,8004883,8000239,50,52,186
2023-08-22,8004883,8001530,48,54,144
2023-08-22,8004883,8004883,90,106,162
2023-08-22,8005227,8001357,16,19,58
2023-08-22,8005289,8000793,6,16,41
2023-08-22,8005289,8005289,6,33,20
2023-08-22,8005289,8006109,0,17,0
2023-08-22,8005319,8001851,8,8,266
2023-08-22,8005319,8003621,8,8,221
2023-08-22,8005319,8005319,16,16,246
2023-08-22,8005488,8000033,10,22,49
2023-08-22,8005488,8005488,25,43,63
2023-08-22,8005488,8006607,7,21,36
2023-08-22,8005525,8003783,18,18,145
2023-08-22,8005525,8005525,20,36,83
2023-08-22,8005525,8005526,2,18,7
2023-08-22,8005526,8001097,2,18,7
2023-08-22,8005526,8005525,18,18,163
2023-08-22,8005526,8005526,20,36,87
2023-08-22,8005555,8000966,9,9,140
2023-08-22,8005555,8005555,16,17,127
2023-08-22,8005555,8005569,6,8,135
2023-08-22,8005569,8005555,3,9,93
2023-08-22,8005569,8005569,10,17,115
2023-08-22,8005569,8006486,8,8,135
2023-08-22,8005971,8003909,56,56,40
2023-08-22,8005971,8003925,38,39,45
2023-08-22,8005971,8005971,29,78,15
2023-08-22,8006109,8000978,0,17,0
2023-08-22,8006109,8005289,7,16,38
2023-08-22,8006109,8006109,7,33,15
2023-08-22,8006226,8000853,18,21,617
2023-08-22,8006226,8001515,13,13,734
2023-08-22,8006226,8001537,7,8,338
2023-08-22,8006226,8001585,18,18,215
2023-08-22,8006226,8001911,18,21,91
2023-08-22,8006226,8003168,33,33,345
2023-08-22,8006226,8006226,147,186,296
2023-08-22,8006226,8006386,28,34,215
2023-08-22,8006227,8000853,1,1,420
2023-08-22,8006227,8001039,50,56,505
2023-08-22,8006227,8001905,61,69,230
2023-08-22,8006227,8004474,10,13,226
2023-08-22,8006227,8006227,103,141,316
2023-08-22,8006320,8003287,9,20,40
2023-08-22,8006320,8003716,7,20,26
2023-08-22,8006320,8006320,32,58,67
2023-08-22,8006323,8001045,26,30,139
2023-08-22,8006323,8001093,32,34,166
2023-08-22,8006323,8006323,49,69,86
2023-08-22,8006342,8002745,23,34,83
2023-08-22,8006342,8006342,41,68,70
2023-08-22,8006342,8006383,18,34,71
2023-08-22,8006348,8000239,19,20,200
2023-08-22,8006348,8001323,20,20,315
2023-08-22,8006348,8006348,40,40,256
2023-08-22,8006379,8003896,17,17,157
2023-08-22,8006379,8005336,7,17,53
2023-08-22,8006379,8006379,25,34,119
2023-08-22,8006383,8006342,13,34,65
2023-08-22,8006383,8006383,28,68,59
2023-08-22,8006386,8000977,30,41,130
2023-08-22,8006386,8001795,13,18,288
2023-08-22,8006386,8002953,13,14,341
2023-08-22,8006386,8006226,25,35,101
2023-08-22,8006386,8006386,95,147,174
2023-08-22,8006386,8006510,14,21,40
2023-08-22,8006389,8000113,23,35,88
2023-08-22,8006389,8004228,22,35,84
2023-08-22,8006389,8006389,45,70,87
2023-08-22,8006486,8005569,3,9,90
2023-08-22,8006505,8001538,3,20,18
2023-08-22,8006505,8002769,14,20,60
2023-08-22,8006505,8006505,22,40,62
2023-08-22,8006510,8001536,17,39,38
2023-08-22,8006510,8006386,21,21,127
2023-08-22,8006510,8006510,53,78,78
2023-08-22,8006710,8001035,12,34,25
2023-08-22,8006710,8006710,54,68,82
2023-08-22,8006710,8006711,26,34,113
2023-08-22,8006711,8006710,30,34,51
2023-08-22,8006711,8006711,56,68,77
2023-08-22,8006712,8002512,16,21,43
2023-08-22,8006712,8006712,30,43,108
2023-08-23,8000033,8000033,108,145,430
2023-08-23,8000033,8001795,44,51,455
2023-08-23,8000033,8002268,14,22,135
2023-08-23,8000033,8005488,15,21,170
2023-08-23,8000033,8006719,40,51,527
2023-08-23,8000037,8000037,139,171,241
2023-08-23,8000037,8000113,5,20,21
2023-08-23,8000037,8000171,2,2,510
2023-08-23,8000037,8000392,27,34,409
2023-08-23,8000037,8001524,22,34,32
2023-08-23,8000037,8001795,31,31,612
2023-08-23,8000037,8001836,26,31,105
2023-08-23,8000054,8000054,14,18,37
2023-08-23,8000054,8001137,6,6,335
2023-08-23,8000054,8001182,8,9,30
2023-08-23,8000054,8002992,10,11,147
2023-08-23,8000054,8006453,5,12,8
2023-08-23,8000081,8000081,179,275,183
2023-08-23,8000081,8001531,24,42,65
2023-08-23,8000081,8001542,26,54,43
2023-08-23,8000081,8003946,19,56,32
2023-08-23,8000081,8004230,67,69,340
2023-08-23,8000113,8000037,16,19,43
2023-08-23,8000113,8000113,45,70,70
2023-08-23,8000113,8001066,29,37,77
2023-08-23,8000113,8006389,21,35,85
2023-08-23,8000164,8000164,140,165,214
2023-08-23,8000164,8001327,67,83,233
2023-08-23,8000164,8001900,18,20,296
2023-08-23,8000164,8001909,19,21,266
2023-08-23,8000164,8002223,13,16,81
2023-08-23,8000164,8002227,18,23,194
2023-08-23,8000164,8002779,17,18,173
2023-08-23,8000171,8000037,2,2,345
2023-08-23,8000171,8000171,100,139,294
2023-08-23,8000171,8000392,43,67,311
2023-08-23,8000171,8001061,32,34,426
2023-08-23,8000171,8002745,25,34,107
2023-08-23,8000171,8003925,21,39,35
2023-08-23,8000186,8003090,1,31,8
2023-08-23,8000186,8003657,1,34,7
2023-08-23,8000239,8000239,67,76,327
2023-08-23,8000239,8001097,11,18,247
2023-08-23,8000239,8004883,46,54,292
2023-08-23,8000239,8006348,19,20,388
2023-08-23,8000358,8000358,114,138,298
2023-08-23,8000358,8004269,57,69,310
2023-08-23,8000358,8004474,56,69,287
2023-08-23,8000392,8000037,33,33,505
2023-08-23,8000392,8000171,56,68,296
2023-08-23,8000392,8000392,112,135,310
2023-08-23,8000392,8001545,29,34,198
2023-08-23,8000605,8000605,51,70,77
2023-08-23,8000605,8004228,22,35,51
2023-08-23,8000605,8004642,27,35,94
2023-08-23,8000745,8000745,56,69,230
2023-08-23,8000745,8001093,21,35,164
2023-08-23,8000745,8001394,31,32,344
2023-08-23,8000745,8001692,2,2,60
2023-08-23,8000793,8000793,7,30,34
2023-08-23,8000793,8002180,5,15,58
2023-08-23,8000793,8005289,0,17,0
2023-08-23,8000904,8000904,4,6,200
2023-08-23,8000904,8001137,0,2,0
2023-08-23,8000904,8003998,4,4,278
2023-08-23,8000927,8000927,26,32,158
2023-08-23,8000927,8000966,16,17,210
2023-08-23,8000927,8003993,15,35,35
2023-08-23,8000966,8000927,13,17,102
2023-08-23,8000966,8000966,17,17,171
2023-08-23,8000966,8005555,8,8,214
2023-08-23,8000977,8000977,46,83,84
2023-08-23,8000977,8006386,15,42,49
2023-08-23,8000978,8000978,5,33,33
2023-08-23,8000978,8003638,0,17,0
2023-08-23,8000978,8006109,5,16,62
2023-08-23,8001035,8001035,43,68,87
2023-08-23,8001035,8006710,32,34,174
2023-08-23,8001038,8001038,58,80,116
2023-08-23,8001038,8002639,33,40,158
2023-08-23,8001038,8006194,19,40,53
2023-08-23,8001039,8001039,102,125,287
2023-08-23,8001039,8004474,50,56,365
2023-08-23,8001039,8006227,38,69,184
2023-08-23,8001045,8001045,76,96,244
2023-08-23,8001045,8001061,1,1,180
2023-08-23,8001045,8002680,13,16,99
2023-08-23,8001045,8003986,41,49,279
2023-08-23,8001045,8006323,21,29,204
2023-08-23,8001061,8000171,25,33,453
2023-08-23,8001061,8001061,59,67,454
2023-08-23,8001061,8001558,18,18,442
2023-08-23,8001066,8000113,28,36,45
2023-08-23,8001066,8001066,57,73,65
2023-08-23,8001066,8003967,33,37,75
2023-08-23,8001093,8000745,33,34,306
2023-08-23,8001093,8001093,52,69,225
2023-08-23,8001093,8006323,21,35,187
2023-08-23,8001097,8000239,18,18,272
2023-08-23,8001097,8001097,36,36,216
2023-08-23,8001097,8005526,18,18,305
2023-08-23,8001137,8000054,4,6,390
2023-08-23,8001137,8000904,3,4,315
2023-08-23,8001137,8001137,24,34,241
2023-08-23,8001137,8002992,7,7,150
2023-08-23,8001137,8003896,11,17,198
2023-08-23,8001182,8000054,7,9,60
2023-08-23,8001357,8001357,28,36,115
2023-08-23,8001357,8002514,13,18,113
2023-08-23,8001357,8005227,15,18,137
2023-08-23,8001394,8000745,28,33,155
2023-08-23,8001394,8001394,57,65,254
2023-08-23,8001394,8001692,31,32,368
2023-08-23,8001505,8001505,58,84,163
2023-08-23,8001505,8001525,26,42,86
2023-08-23,8001505,8001531,31,42,232
2023-08-23,8001515,8001515,43,57,531
2023-08-23,8001515,8001537,24,28,696
2023-08-23,8001515,8001543,15,16,242
2023-08-23,8001515,8006226,12,13,554
2023-08-23,8001516,8001549,54,54,59
2023-08-23,8001517,8001517,90,112,112
2023-08-23,8001517,8001529,44,56,120
2023-08-23,8001517,8001535,41,56,104
2023-08-23,8001518,8001518,71,112,70
2023-08-23,8001518,8001520,17,56,25
2023-08-23,8001518,8003946,47,56,109
2023-08-23,8001519,8001519,54,84,158
2023-08-23,8001519,8001525,27,42,236
2023-08-23,8001519,8001543,27,42,72
2023-08-23,8001520,8001518,30,56,88
2023-08-23,8001520,8001520,59,112,68
2023-08-23,8001520,8003916,52,56,50
2023-08-23,8001521,8001521,31,40,76
2023-08-23,8001521,8001522,12,20,48
2023-08-23,8001521,8001534,16,20,99
2023-08-23,8001522,8001521,19,20,126
2023-08-23,8001522,8001522,130,151,117
2023-08-23,8001522,8001523,11,20,150
2023-08-23,8001522,8001524,37,37,108
2023-08-23,8001522,8001545,13,14,114
2023-08-23,8001523,8001522,17,20,225
2023-08-23,8001523,8001523,26,40,183
2023-08-23,8001523,8001545,13,20,160
2023-08-23,8001524,8000037,35,37,137
2023-08-23,8001524,8001522,28,34,64
2023-08-23,8001524,8001524,59,71,87
2023-08-23,8001525,8001505,25,42,230
2023-08-23,8001525,8001519,26,42,80
2023-08-23,8001525,8001525,51,84,157
2023-08-23,8001526,8001526,79,112,81
2023-08-23,8001526,8001529,53,56,108
2023-08-23,8001526,8003936,26,56,76
2023-08-23,8001527,8001527,63,78,69
2023-08-23,8001527,8001536,22,39,47
2023-08-23,8001528,8001329,14,18,122
2023-08-23,8001528,8001528,28,36,134
2023-08-23,8001528,8001539,14,18,140
2023-08-23,8001529,8001517,46,56,128
2023-08-23,8001529,8001526,22,56,85
2023-08-23,8001529,8001529,97,112,110
2023-08-23,8001530,8001530,99,106,306
2023-08-23,8001530,8001533,45,54,293
2023-08-23,8001530,8004883,48,52,305
2023-08-23,8001531,8000081,28,42,231
2023-08-23,8001531,8001505,27,42,76
2023-08-23,8001531,8001531,51,84,147
2023-08-23,8001532,8001532,30,36,139
2023-08-23,8001532,8001544,18,18,130
2023-08-23,8001533,8001530,49,52,302
2023-08-23,8001533,8001533,94,106,287
2023-08-23,8001534,8001521,8,20,48
2023-08-23,8001534,8001534,23,40,72
2023-08-23,8001534,8001538,17,20,104
2023-08-23,8001535,8001517,38,56,74
2023-08-23,8001535,8001535,94,112,88
2023-08-23,8001535,8003916,48,56,112
2023-08-23,8001536,8001527,25,39,43
2023-08-23,8001536,8001536,36,78,37
2023-08-23,8001536,8006510,29,39,54
2023-08-23,8001537,8001515,20,29,372
2023-08-23,8001537,8001537,58,73,543
2023-08-23,8001537,8003169,31,36,748
2023-08-23,8001537,8006226,8,8,416
2023-08-23,8001538,8001534,9,20,52
2023-08-23,8001538,8001538,28,40,86
2023-08-23,8001538,8006505,17,20,108
2023-08-23,8001539,8001528,13,18,110
2023-08-23,8001539,8001539,25,36,118
2023-08-23,8001539,8001541,13,18,133
2023-08-23,8001540,8001540,75,108,53
2023-08-23,8001540,8001542,23,54,27
2023-08-23,8001540,8001549,53,54,109
2023-08-23,8001541,8001539,10,18,90
2023-08-23,8001541,8001541,27,36,112
2023-08-23,8001541,8001544,13,18,138
2023-08-23,8001542,8000081,4,54,3
2023-08-23,8001542,8001540,35,54,49
2023-08-23,8001542,8001542,48,108,31
2023-08-23,8001543,8001327,70,83,188
2023-08-23,8001543,8001515,10,15,140
2023-08-23,8001543,8001519,25,42,232
2023-08-23,8001543,8001543,126,166,183
2023-08-23,8001544,8001532,10,18,145
2023-08-23,8001544,8001541,12,18,127
2023-08-23,8001544,8001544,25,36,137
2023-08-23,8001545,8000392,28,34,160
2023-08-23,8001545,8001522,11,14,171
2023-08-23,8001545,8001523,14,20,213
2023-08-23,8001545,8001545,48,68,170
2023-08-23,8001546,8001546,80,112,82
2023-08-23,8001546,8003909,30,56,77
2023-08-23,8001546,8003936,53,56,81
2023-08-23,8001549,8001516,52,54,73
2023-08-23,8001549,8001540,29,54,36
2023-08-23,8001549,8001549,107,108,81
2023-08-23,8001692,8000745,0,2,0
2023-08-23,8001692,8001394,20,33,130
2023-08-23,8001692,8001692,54,69,239
2023-08-23,8001692,8002262,32,34,371
2023-08-23,8001700,8001700,26,40,88
2023-08-23,8001700,8003018,14,20,78
2023-08-23,8001700,8003716,9,20,70
2023-08-23,8001729,8001729,1,8,15
2023-08-23,8001729,8004406,0,3,0
2023-08-23,8001795,8000033,44,51,549
2023-08-23,8001795,8000037,26,32,444
2023-08-23,8001795,8001795,86,102,444
2023-08-23,8001795,8006386,17,18,305
2023-08-23,8001836,8000037,21,31,79
2023-08-23,8001836,8001836,46,62,83
2023-08-23,8001836,8002754,24,31,99
2023-08-23,8001851,8005319,5,8,68
2023-08-23,8001943,8001943,31,43,178
2023-08-23,8001943,8002267,12,21,173
2023-08-23,8001943,8004440,7,22,119
2023-08-23,8001980,8001980,14,16,139
2023-08-23,8001980,8003486,5,8,101
2023-08-23,8001980,8004564,8,8,165
2023-08-23,8002073,8002073,52,70,75
2023-08-23,8002073,8003993,31,35,109
2023-08-23,8002073,8004642,19,35,33
2023-08-23,8002180,8000793,0,15,0
2023-08-23,8002180,8002180,5,30,28
2023-08-23,8002180,8003470,7,15,60
2023-08-23,8002262,8001692,27,35,130
2023-08-23,8002262,8002262,62,69,243
2023-08-23,8002262,8005276,31,34,361
2023-08-23,8002267,8001943,13,22,124
2023-08-23,8002267,8002267,20,43,141
2023-08-23,8002267,8002509,16,21,179
2023-08-23,8002268,8000033,13,21,194
2023-08-23,8002268,8002268,26,43,163
2023-08-23,8002268,8002509,10,22,124
2023-08-23,8002509,8002267,11,22,124
2023-08-23,8002509,8002268,13,21,197
2023-08-23,8002509,8002509,26,43,158
2023-08-23,8002512,8002512,33,43,165
2023-08-23,8002512,8004440,13,21,177
2023-08-23,8002512,8006712,12,22,136
2023-08-23,8002514,8001357,15,18,118
2023-08-23,8002514,8002514,30,38,129
2023-08-23,8002514,8002769,19,19,129
2023-08-23,8002514,8005227,1,1,120
2023-08-23,8002639,8001038,25,40,76
2023-08-23,8002639,8002639,54,80,120
2023-08-23,8002639,8002640,28,40,148
2023-08-23,8002640,8002639,18,40,95
2023-08-23,8002680,8000441,31,38,193
2023-08-23,8002680,8001045,17,17,282
2023-08-23,8002680,8002680,53,75,458
2023-08-23,8002680,8003168,14,19,1217
2023-08-23,8002745,8000171,26,34,183
2023-08-23,8002745,8002745,50,68,146
2023-08-23,8002745,8006342,26,34,99
2023-08-23,8002754,8001836,13,31,48
2023-08-23,8002754,8002754,37,62,80
2023-08-23,8002754,8003166,23,31,105
2023-08-23,8002769,8002514,17,19,109
2023-08-23,8002769,8002769,33,40,84
2023-08-23,8002769,8006505,11,20,57
2023-08-23,8002779,8000164,17,18,152
2023-08-23,8002779,8001328,16,18,170
2023-08-23,8002779,8002779,34,36,179
2023-08-23,8002953,8002953,34,71,97
2023-08-23,8002953,8003657,14,15,258
2023-08-23,8002953,8003939,13,17,104
2023-08-23,8002953,8006386,8,14,26
2023-08-23,8002992,8000054,10,11,229
2023-08-23,8002992,8001137,6,9,130
2023-08-23,8002992,8002992,18,22,168
2023-08-23,8002992,8003998,0,2,0
2023-08-23,8003018,8001700,9,20,76
2023-08-23,8003018,8003018,19,40,62
2023-08-23,8003090,8000186,15,31,40
2023-08-23,8003090,8003090,43,62,41
2023-08-23,8003090,8003166,31,31,67
2023-08-23,8003166,8002754,14,31,52
2023-08-23,8003166,8003090,12,31,45
2023-08-23,8003166,8003166,41,62,55
2023-08-23,8003168,8002680,17,19,355
2023-08-23,8003168,8003168,116,145,538
2023-08-23,8003168,8003169,31,37,366
2023-08-23,8003168,8004448,22,28,735
2023-08-23,8003168,8006226,30,35,807
2023-08-23,8003168,8006449,6,7,189
2023-08-23,8003169,8001537,26,37,373
2023-08-23,8003169,8003168,30,36,754
2023-08-23,8003169,8003169,61,73,556
2023-08-23,8003287,8003287,25,40,94
2023-08-23,8003287,8003939,11,20,63
2023-08-23,8003287,8006320,13,20,112
2023-08-23,8003470,8002180,0,15,0
2023-08-23,8003470,8003470,7,30,32
2023-08-23,8003470,8004273,7,15,56
2023-08-23,8003486,8001980,8,8,142
2023-08-23,8003486,8003486,13,15,116
2023-08-23,8003486,8003493,10,13,85
2023-08-23,8003493,8000187,9,13,88
2023-08-23,8003493,8003486,11,13,88
2023-08-23,8003493,8003493,18,26,87
2023-08-23,8003621,8003621,13,16,120
2023-08-23,8003621,8004564,6,8,90
2023-08-23,8003621,8005319,8,8,169
2023-08-23,8003638,8000978,5,16,64
2023-08-23,8003638,8003638,5,33,27
2023-08-23,8003638,8003965,0,17,0
2023-08-23,8003657,8000186,14,33,119
2023-08-23,8003657,8002953,17,20,51
2023-08-23,8003657,8003657,32,67,75
2023-08-23,8003716,8001700,14,20,81
2023-08-23,8003716,8003716,19,40,75
2023-08-23,8003716,8006320,13,20,86
2023-08-23,8003896,8001137,14,17,286
2023-08-23,8003896,8003896,29,34,257
2023-08-23,8003896,8006379,11,17,229
2023-08-23,8003909,8001546,52,56,88
2023-08-23,8003909,8003909,90,112,91
2023-08-23,8003909,8005971,37,56,95
2023-08-23,8003916,8001520,46,56,126
2023-08-23,8003916,8001535,45,56,54
2023-08-23,8003916,8003916,95,112,81
2023-08-23,8003925,8000171,32,39,89
2023-08-23,8003925,8003925,68,78,76
2023-08-23,8003925,8005971,24,39,28
2023-08-23,8003936,8001526,40,56,59
2023-08-23,8003936,8001546,50,56,108
2023-08-23,8003936,8003936,103,112,89
2023-08-23,8003939,8002953,7,16,34
2023-08-23,8003939,8003287,15,20,130
2023-08-23,8003939,8003939,21,40,104
2023-08-23,8003946,8000081,44,56,101
2023-08-23,8003946,8001518,21,56,29
2023-08-23,8003946,8003946,65,112,65
2023-08-23,8003965,8003638,5,16,58
2023-08-23,8003965,8003965,5,33,30
2023-08-23,8003965,8003967,1,17,5
2023-08-23,8003967,8001066,5,36,20
2023-08-23,8003967,8003965,5,16,60
2023-08-23,8003967,8003967,15,33,53
2023-08-23,8003993,8000927,32,35,142
2023-08-23,8003993,8002073,25,35,54
2023-08-23,8003993,8003993,52,70,80
2023-08-23,8003998,8000904,1,2,15
2023-08-23,8003998,8002992,3,4,270
2023-08-23,8003998,8003998,4,6,185
2023-08-23,8004228,8000605,34,35,99
2023-08-23,8004228,8004228,44,70,68
2023-08-23,8004228,8006389,23,35,58
2023-08-23,8004230,8000081,39,56,338
2023-08-23,8004230,8004230,111,125,340
2023-08-23,8004230,8004419,64,69,328
2023-08-23,8004269,8000358,60,69,307
2023-08-23,8004269,8004269,119,138,310
2023-08-23,8004269,8004288,63,69,316
2023-08-23,8004273,8003470,0,15,0
2023-08-23,8004288,8004269,64,69,309
2023-08-23,8004288,8004288,125,138,310
2023-08-23,8004288,8004419,52,69,300
2023-08-23,8004419,8000081,10,13,212
2023-08-23,8004419,8004230,44,56,341
2023-08-23,8004419,8004288,54,69,290
2023-08-23,8004419,8004419,116,138,307
2023-08-23,8004440,8001943,20,21,243
2023-08-23,8004440,8002512,16,22,147
2023-08-23,8004440,8004440,27,43,162
2023-08-23,8004448,8003168,22,29,192
2023-08-23,8004448,8004448,48,57,461
2023-08-23,8004474,8000358,60,69,316
2023-08-23,8004474,8001039,54,69,233
2023-08-23,8004474,8004474,115,138,295
2023-08-23,8004564,8001980,6,8,109
2023-08-23,8004564,8003621,8,8,184
2023-08-23,8004564,8004564,14,16,133
2023-08-23,8004642,8000605,26,35,57
2023-08-23,8004642,8002073,27,35,100
2023-08-23,8004642,8004642,54,70,72
2023-08-23,8004883,8000239,48,52,283
2023-08-23,8004883,8001530,51,54,297
2023-08-23,8004883,8004883,91,106,286
2023-08-23,8005227,8001357,13,18,95
2023-08-23,8005227,8002514,1,1,480
2023-08-23,8005289,8000793,7,16,71
2023-08-23,8005289,8005289,7,33,35
2023-08-23,8005289,8006109,0,17,0
2023-08-23,8005319,8001851,8,8,169
2023-08-23,8005319,8003621,7,8,101
2023-08-23,8005319,8005319,15,16,137
2023-08-23,8005488,8000033,13,22,160
2023-08-23,8005488,8005488,30,43,183
2023-08-23,8005488,8006607,11,21,163
2023-08-23,8005525,8003783,18,18,305
2023-08-23,8005525,8005525,26,36,232
2023-08-23,8005525,8005526,8,18,153
2023-08-23,8005526,8001097,8,18,145
2023-08-23,8005526,8005525,18,18,320
2023-08-23,8005526,8005526,26,36,237
2023-08-23,8005555,8000966,9,9,143
2023-08-23,8005555,8005555,17,17,171
2023-08-23,8005555,8005569,7,8,218
2023-08-23,8005569,8005555,6,9,103
2023-08-23,8005569,8005569,14,17,157
2023-08-23,8005569,8006486,8,8,146
2023-08-23,8005971,8003909,56,56,79
2023-08-23,8005971,8003925,38,39,97
2023-08-23,8005971,8005971,45,78,53
2023-08-23,8006109,8000978,0,17,0
2023-08-23,8006109,8005289,7,16,68
2023-08-23,8006109,8006109,5,33,29
2023-08-23,8006226,8000853,21,21,573
2023-08-23,8006226,8001515,13,13,1248
2023-08-23,8006226,8001537,8,8,638
2023-08-23,8006226,8001585,18,18,1318
2023-08-23,8006226,8001911,16,21,70
2023-08-23,8006226,8003168,27,33,220
2023-08-23,8006226,8006226,149,189,413
2023-08-23,8006226,8006386,28,34,169
2023-08-23,8006227,8000853,1,1,570
2023-08-23,8006227,8001039,53,56,413
2023-08-23,8006227,8001905,69,69,221
2023-08-23,8006227,8004474,11,13,194
2023-08-23,8006227,8006227,101,139,268
2023-08-23,8006320,8003287,9,20,57
2023-08-23,8006320,8003716,10,20,82
2023-08-23,8006320,8006320,33,58,91
2023-08-23,8006323,8001045,27,30,181
2023-08-23,8006323,8001093,33,34,281
2023-08-23,8006323,8006323,53,69,212
2023-08-23,8006342,8002745,25,34,197
2023-08-23,8006342,8006342,53,68,159
2023-08-23,8006342,8006383,28,34,154
2023-08-23,8006348,8000239,20,20,346
2023-08-23,8006348,8001323,20,20,462
2023-08-23,8006348,8006348,40,40,398
2023-08-23,8006379,8003896,15,17,334
2023-08-23,8006379,8005336,7,17,206
2023-08-23,8006379,8006379,28,34,291
2023-08-23,8006383,8006342,17,34,166
2023-08-23,8006383,8006383,35,68,142
2023-08-23,8006386,8000977,32,41,115
2023-08-23,8006386,8001795,13,18,192
2023-08-23,8006386,8002953,13,14,313
2023-08-23,8006386,8006226,19,35,66
2023-08-23,8006386,8006386,89,147,134
2023-08-23,8006386,8006510,16,21,50
2023-08-23,8006389,8000113,20,35,49
2023-08-23,8006389,8004228,27,35,87
2023-08-23,8006389,8006389,48,70,71
2023-08-23,8006486,8005569,6,9,100
2023-08-23,8006505,8001538,11,20,68
2023-08-23,8006505,8002769,16,20,75
2023-08-23,8006505,8006505,30,40,80
2023-08-23,8006510,8001536,15,39,34
2023-08-23,8006510,8006386,21,21,117
2023-08-23,8006510,8006510,49,78,55
2023-08-23,8006710,8001035,11,34,24
2023-08-23,8006710,8006710,51,68,100
2023-08-23,8006710,8006711,26,34,149
2023-08-23,8006711,8006710,31,34,53
2023-08-23,8006711,8006711,58,68,96
2023-08-23,8006712,8002512,18,21,191
2023-08-23,8006712,8006712,30,43,163
2023-08-24,8000033,8000033,105,145,465
2023-08-24,8000033,8001795,42,51,747
2023-08-24,8000033,8002268,11,22,98
2023-08-24,8000033,8005488,14,21,27
2023-08-24,8000033,8006719,43,51,521
2023-08-24,8000037,8000037,153,171,357
2023-08-24,8000037,8000113,10,20,94
2023-08-24,8000037,8000171,1,2,90
2023-08-24,8000037,8000392,33,34,851
2023-08-24,8000037,8001524,18,34,26
2023-08-24,8000037,8001795,31,31,705
2023-08-24,8000037,8001836,23,31,105
2023-08-24,8000054,8000054,14,18,58
2023-08-24,8000054,8001137,5,6,35
2023-08-24,8000054,8001182,7,9,30
2023-08-24,8000054,8002992,8,11,49
2023-08-24,8000054,8006453,6,12,25
2023-08-24,8000081,8000081,169,274,112
2023-08-24,8000081,8001531,22,42,76
2023-08-24,8000081,8001542,22,54,39
2023-08-24,8000081,8003946,11,56,10
2023-08-24,8000081,8004230,64,69,183
2023-08-24,8000113,8000037,15,19,58
2023-08-24,8000113,8000113,48,70,99
2023-08-24,8000113,8001066,31,37,51
2023-08-24,8000113,8006389,23,35,112
2023-08-24,8000164,8000164,121,164,134
2023-08-24,8000164,8001327,60,82,142
2023-08-24,8000164,8001900,17,20,176
2023-08-24,8000164,8001909,13,15,180
2023-08-24,8000164,8002223,6,16,30
2023-08-24,8000164,8002227,15,16,154
2023-08-24,8000164,8002779,18,18,145
2023-08-24,8000171,8000037,2,2,1470
2023-08-24,8000171,8000171,97,139,429
2023-08-24,8000171,8000392,43,67,313
2023-08-24,8000171,8001061,31,34,881
2023-08-24,8000171,8002745,26,34,176
2023-08-24,8000171,8003925,14,39,20
2023-08-24,8000186,8003090,0,31,0
2023-08-24,8000186,8003657,0,34,0
2023-08-24,8000239,8000239,67,76,270
2023-08-24,8000239,8001097,12,18,152
2023-08-24,8000239,8004883,42,54,227
2023-08-24,8000239,8006348,18,20,376
2023-08-24,8000358,8000358,94,138,166
2023-08-24,8000358,8004269,57,69,209
2023-08-24,8000358,8004474,46,69,130
2023-08-24,8000392,8000037,33,33,587
2023-08-24,8000392,8000171,59,68,519
2023-08-24,8000392,8000392,118,135,422
2023-08-24,8000392,8001545,26,34,94
2023-08-24,8000605,8000605,48,70,91
2023-08-24,8000605,8004228,21,35,64
2023-08-24,8000605,8004642,28,35,116
2023-08-24,8000745,8000745,53,69,178
2023-08-24,8000745,8001093,18,35,66
2023-08-24,8000745,8001394,31,34,289
2023-08-24,8000793,8000793,9,30,22
2023-08-24,8000793,8002180,9,15,38
2023-08-24,8000793,8005289,0,17,0
2023-08-24,8000904,8000904,5,6,95
2023-08-24,8000904,8001137,0,2,0
2023-08-24,8000904,8003998,4,4,120
2023-08-24,8000927,8000927,26,32,127
2023-08-24,8000927,8000966,14,17,150
2023-08-24,8000927,8003993,12,35,40
2023-08-24,8000966,8000927,12,17,97
2023-08-24,8000966,8000966,16,17,139
2023-08-24,8000966,8005555,8,8,202
2023-08-24,8000977,8000977,51,83,104
2023-08-24,8000977,8006386,19,42,76
2023-08-24,8000978,8000978,9,33,20
2023-08-24,8000978,8003638,0,17,0
2023-08-24,8000978,8006109,9,16,26
2023-08-24,8001035,8001035,47,68,94
2023-08-24,8001035,8006710,34,34,203
2023-08-24,8001038,8001038,54,80,94
2023-08-24,8001038,8002639,31,40,130
2023-08-24,8001038,8006194,14,40,41
2023-08-24,8001039,8001039,87,125,168
2023-08-24,8001039,8004474,41,56,244
2023-08-24,8001039,8006227,31,69,81
2023-08-24,8001045,8001045,86,96,245
2023-08-24,8001045,8001061,0,1,0
2023-08-24,8001045,8002680,15,16,88
2023-08-24,8001045,8003986,46,49,247
2023-08-24,8001045,8006323,25,29,247
2023-08-24,8001061,8000171,29,33,589
2023-08-24,8001061,8001061,61,67,754
2023-08-24,8001061,8001558,18,18,1182
2023-08-24,8001066,8000113,29,36,50
2023-08-24,8001066,8001066,57,73,49
2023-08-24,8001066,8003967,32,37,48
2023-08-24,8001093,8000745,33,34,299
2023-08-24,8001093,8001093,50,69,173
2023-08-24,8001093,8006323,16,35,62
2023-08-24,8001097,8000239,18,18,165
2023-08-24,8001097,8001097,35,36,138
2023-08-24,8001097,8005526,17,18,213
2023-08-24,8001137,8000054,4,6,610
2023-08-24,8001137,8000904,3,4,150
2023-08-24,8001137,8001137,22,34,157
2023-08-24,8001137,8002992,6,7,69
2023-08-24,8001137,8003896,9,17,35
2023-08-24,8001182,8000054,6,9,73
2023-08-24,8001357,8001357,28,38,68
2023-08-24,8001357,8002514,15,19,76
2023-08-24,8001357,8005227,14,19,77
2023-08-24,8001394,8000745,27,35,89
2023-08-24,8001394,8001394,59,69,190
2023-08-24,8001394,8001692,32,34,293
2023-08-24,8001505,8001505,60,83,101
2023-08-24,8001505,8001525,22,42,96
2023-08-24,8001505,8001531,35,41,108
2023-08-24,8001515,8001515,44,57,510
2023-08-24,8001515,8001537,23,28,651
2023-08-24,8001515,8001543,14,16,126
2023-08-24,8001515,8006226,11,13,764
2023-08-24,8001516,8001549,46,54,48
2023-08-24,8001517,8001517,94,112,159
2023-08-24,8001517,8001529,46,56,172
2023-08-24,8001517,8001535,45,56,176
2023-08-24,8001518,8001518,63,112,93
2023-08-24,8001518,8001520,12,56,9
2023-08-24,8001518,8003946,48,56,178
2023-08-24,8001519,8001519,50,83,95
2023-08-24,8001519,8001525,28,41,106
2023-08-24,8001519,8001543,22,42,83
2023-08-24,8001520,8001518,44,56,160
2023-08-24,8001520,8001520,53,112,96
2023-08-24,8001520,8003916,44,56,28
2023-08-24,8001521,8001521,23,36,62
2023-08-24,8001521,8001522,8,17,32
2023-08-24,8001521,8001534,15,19,95
2023-08-24,8001522,8001521,18,19,123
2023-08-24,8001522,8001522,115,147,128
2023-08-24,8001522,8001523,15,20,202
2023-08-24,8001522,8001524,33,37,92
2023-08-24,8001522,8001545,13,14,111
2023-08-24,8001523,8001522,17,20,237
2023-08-24,8001523,8001523,28,40,168
2023-08-24,8001523,8001545,17,20,222
2023-08-24,8001524,8000037,35,37,145
2023-08-24,8001524,8001522,22,34,49
2023-08-24,8001524,8001524,53,71,82
2023-08-24,8001525,8001505,24,41,100
2023-08-24,8001525,8001519,21,42,84
2023-08-24,8001525,8001525,46,83,97
2023-08-24,8001526,8001526,86,112,97
2023-08-24,8001526,8001529,45,56,82
2023-08-24,8001526,8003936,43,56,127
2023-08-24,8001527,8001527,66,78,80
2023-08-24,8001527,8001536,25,39,67
2023-08-24,8001528,8001329,13,18,57
2023-08-24,8001528,8001528,30,36,95
2023-08-24,8001528,8001539,16,18,120
2023-08-24,8001529,8001517,49,56,164
2023-08-24,8001529,8001526,40,56,138
2023-08-24,8001529,8001529,96,112,139
2023-08-24,8001530,8001530,99,106,259
2023-08-24,8001530,8001533,42,54,250
2023-08-24,8001530,8004883,50,52,268
2023-08-24,8001531,8000081,27,41,106
2023-08-24,8001531,8001505,23,42,81
2023-08-24,8001531,8001531,46,83,90
2023-08-24,8001532,8001532,32,36,92
2023-08-24,8001532,8001544,18,18,93
2023-08-24,8001533,8001530,48,52,257
2023-08-24,8001533,8001533,92,106,244
2023-08-24,8001534,8001521,1,17,4
2023-08-24,8001534,8001534,14,36,50
2023-08-24,8001534,8001538,15,19,98
2023-08-24,8001535,8001517,44,56,98
2023-08-24,8001535,8001535,95,112,124
2023-08-24,8001535,8003916,50,56,180
2023-08-24,8001536,8001527,28,39,48
2023-08-24,8001536,8001536,43,78,50
2023-08-24,8001536,8006510,37,39,89
2023-08-24,8001537,8001515,20,29,377
2023-08-24,8001537,8001537,57,73,554
2023-08-24,8001537,8003169,30,36,716
2023-08-24,8001537,8006226,7,8,495
2023-08-24,8001538,8001534,2,17,7
2023-08-24,8001538,8001538,21,36,62
2023-08-24,8001538,8006505,16,19,107
2023-08-24,8001539,8001528,11,18,58
2023-08-24,8001539,8001539,24,36,80
2023-08-24,8001539,8001541,16,18,112
2023-08-24,8001540,8001540,71,108,55
2023-08-24,8001540,8001542,23,54,23
2023-08-24,8001540,8001549,48,54,94
2023-08-24,8001541,8001539,7,18,35
2023-08-24,8001541,8001541,30,36,76
2023-08-24,8001541,8001544,17,18,105
2023-08-24,8001542,8000081,4,54,3
2023-08-24,8001542,8001540,23,54,86
2023-08-24,8001542,8001542,47,108,39
2023-08-24,8001543,8001327,65,83,148
2023-08-24,8001543,8001515,10,15,194
2023-08-24,8001543,8001519,28,41,104
2023-08-24,8001543,8001543,116,165,125
2023-08-24,8001544,8001532,14,18,85
2023-08-24,8001544,8001541,14,18,80
2023-08-24,8001544,8001544,31,36,88
2023-08-24,8001545,8000392,28,34,172
2023-08-24,8001545,8001522,12,14,51
2023-08-24,8001545,8001523,14,20,120
2023-08-24,8001545,8001545,47,68,130
2023-08-24,8001546,8001546,87,112,100
2023-08-24,8001546,8003909,43,56,118
2023-08-24,8001546,8003936,49,56,69
2023-08-24,8001549,8001516,47,54,64
2023-08-24,8001549,8001540,25,54,30
2023-08-24,8001549,8001549,94,108,69
2023-08-24,8001692,8001394,20,35,68
2023-08-24,8001692,8001692,51,69,184
2023-08-24,8001692,8002262,30,34,308
2023-08-24,8001700,8001700,30,40,202
2023-08-24,8001700,8003018,17,20,306
2023-08-24,8001700,8003716,8,20,64
2023-08-24,8001729,8001729,2,8,214
2023-08-24,8001729,8004406,0,3,0
2023-08-24,8001795,8000033,43,51,534
2023-08-24,8001795,8000037,30,32,904
2023-08-24,8001795,8001795,86,102,632
2023-08-24,8001795,8006386,12,18,292
2023-08-24,8001836,8000037,21,31,87
2023-08-24,8001836,8001836,41,62,89
2023-08-24,8001836,8002754,20,31,102
2023-08-24,8001851,8005319,5,8,41
2023-08-24,8001943,8001943,30,43,75
2023-08-24,8001943,8002267,9,21,37
2023-08-24,8001943,8004440,7,22,74
2023-08-24,8001980,8001980,14,16,122
2023-08-24,8001980,8003486,7,8,94
2023-08-24,8001980,8004564,7,8,169
2023-08-24,8002073,8002073,56,70,92
2023-08-24,8002073,8003993,31,35,137
2023-08-24,8002073,8004642,18,35,49
2023-08-24,8002180,8000793,0,15,0
2023-08-24,8002180,8002180,7,30,16
2023-08-24,8002180,8003470,9,15,38
2023-08-24,8002262,8001692,26,35,86
2023-08-24,8002262,8002262,58,69,197
2023-08-24,8002262,8005276,28,34,283
2023-08-24,8002267,8001943,13,22,86
2023-08-24,8002267,8002267,18,43,55
2023-08-24,8002267,8002509,12,21,40
2023-08-24,8002268,8000033,8,21,29
2023-08-24,8002268,8002268,23,43,66
2023-08-24,8002268,8002509,12,22,94
2023-08-24,8002509,8002267,11,22,86
2023-08-24,8002509,8002268,11,21,37
2023-08-24,8002509,8002509,24,43,66
2023-08-24,8002512,8002512,29,43,75
2023-08-24,8002512,8004440,13,21,50
2023-08-24,8002512,8006712,14,22,94
2023-08-24,8002514,8001357,10,19,57
2023-08-24,8002514,8002514,24,38,66
2023-08-24,8002514,8002769,18,19,76
2023-08-24,8002639,8001038,24,40,63
2023-08-24,8002639,8002639,51,80,88
2023-08-24,8002639,8002640,28,40,104
2023-08-24,8002640,8002639,11,40,53
2023-08-24,8002680,8000441,30,38,184
2023-08-24,8002680,8001045,16,17,258
2023-08-24,8002680,8002680,46,75,155
2023-08-24,8002680,8003168,9,19,51
2023-08-24,8002745,8000171,30,34,54
2023-08-24,8002745,8002745,54,68,116
2023-08-24,8002745,8006342,30,34,180
2023-08-24,8002754,8001836,18,31,67
2023-08-24,8002754,8002754,42,62,89
2023-08-24,8002754,8003166,21,31,100
2023-08-24,8002769,8002514,16,19,46
2023-08-24,8002769,8002769,29,36,48
2023-08-24,8002769,8006505,5,17,16
2023-08-24,8002779,8000164,15,18,62
2023-08-24,8002779,8001328,18,18,142
2023-08-24,8002779,8002779,33,36,117
2023-08-24,8002953,8002953,33,71,79
2023-08-24,8002953,8003657,11,15,146
2023-08-24,8002953,8003939,17,17,296
2023-08-24,8002953,8006386,3,14,11
2023-08-24,8002992,8000054,10,11,104
2023-08-24,8002992,8001137,5,9,30
2023-08-24,8002992,8002992,16,22,59
2023-08-24,8002992,8003998,1,2,30
2023-08-24,8003018,8001700,10,20,87
2023-08-24,8003018,8003018,25,40,177
2023-08-24,8003090,8000186,13,31,48
2023-08-24,8003090,8003090,42,62,45
2023-08-24,8003090,8003166,31,31,68
2023-08-24,8003166,8002754,21,31,70
2023-08-24,8003166,8003090,11,31,50
2023-08-24,8003166,8003166,40,62,59
2023-08-24,8003168,8002680,15,19,324
2023-08-24,8003168,8003168,99,145,371
2023-08-24,8003168,8003169,30,37,388
2023-08-24,8003168,8004448,21,28,716
2023-08-24,8003168,8006226,23,35,261
2023-08-24,8003168,8006449,7,7,266
2023-08-24,8003169,8001537,26,37,402
2023-08-24,8003169,8003168,30,36,722
2023-08-24,8003169,8003169,60,73,557
2023-08-24,8003287,8003287,30,40,214
2023-08-24,8003287,8003939,11,20,62
2023-08-24,8003287,8006320,19,20,348
2023-08-24,8003470,8002180,0,15,0
2023-08-24,8003470,8003470,9,30,22
2023-08-24,8003470,8004273,9,15,28
2023-08-24,8003486,8001980,8,8,188
2023-08-24,8003486,8003486,13,15,124
2023-08-24,8003486,8003493,9,13,69
2023-08-24,8003493,8000187,9,13,85
2023-08-24,8003493,8003486,12,13,95
2023-08-24,8003493,8003493,18,26,81
2023-08-24,8003621,8003621,12,16,84
2023-08-24,8003621,8004564,7,8,71
2023-08-24,8003621,8005319,8,8,135
2023-08-24,8003638,8000978,9,16,36
2023-08-24,8003638,8003638,7,33,10
2023-08-24,8003638,8003965,0,17,0
2023-08-24,8003657,8000186,10,33,54
2023-08-24,8003657,8002953,18,20,44
2023-08-24,8003657,8003657,31,67,38
2023-08-24,8003716,8001700,19,20,303
2023-08-24,8003716,8003716,26,40,182
2023-08-24,8003716,8006320,13,20,74
2023-08-24,8003896,8001137,17,17,296
2023-08-24,8003896,8003896,25,34,180
2023-08-24,8003896,8006379,9,17,53
2023-08-24,8003909,8001546,48,56,74
2023-08-24,8003909,8003909,92,112,98
2023-08-24,8003909,8005971,42,56,113
2023-08-24,8003916,8001520,47,56,196
2023-08-24,8003916,8001535,38,56,31
2023-08-24,8003916,8003916,88,112,104
2023-08-24,8003925,8000171,31,39,71
2023-08-24,8003925,8003925,55,78,56
2023-08-24,8003925,8005971,17,39,19
2023-08-24,8003936,8001526,31,56,42
2023-08-24,8003936,8001546,48,56,156
2023-08-24,8003936,8003936,97,112,105
2023-08-24,8003939,8002953,5,16,13
2023-08-24,8003939,8003287,20,20,374
2023-08-24,8003939,8003939,27,40,224
2023-08-24,8003946,8000081,47,56,162
2023-08-24,8003946,8001518,11,56,11
2023-08-24,8003946,8003946,61,112,90
2023-08-24,8003965,8003638,8,16,22
2023-08-24,8003965,8003965,8,33,15
2023-08-24,8003965,8003967,2,17,4
2023-08-24,8003967,8001066,3,36,5
2023-08-24,8003967,8003965,7,16,30
2023-08-24,8003967,8003967,15,33,26
2023-08-24,8003993,8000927,33,35,153
2023-08-24,8003993,8002073,26,35,64
2023-08-24,8003993,8003993,49,70,98
2023-08-24,8003998,8000904,1,2,15
2023-08-24,8003998,8002992,2,4,45
2023-08-24,8003998,8003998,5,6,60
2023-08-24,8004228,8000605,33,35,123
2023-08-24,8004228,8004228,49,70,91
2023-08-24,8004228,8006389,23,35,78
2023-08-24,8004230,8000081,34,56,220
2023-08-24,8004230,8004230,105,125,203
2023-08-24,8004230,8004419,61,69,173
2023-08-24,8004269,8000358,55,69,148
2023-08-24,8004269,8004269,112,138,179
2023-08-24,8004269,8004288,58,69,212
2023-08-24,8004273,8003470,0,15,0
2023-08-24,8004288,8004269,57,69,150
2023-08-24,8004288,8004288,112,138,178
2023-08-24,8004288,8004419,49,69,200
2023-08-24,8004419,8000081,9,13,65
2023-08-24,8004419,8004230,41,56,238
2023-08-24,8004419,8004288,43,69,132
2023-08-24,8004419,8004419,110,138,178
2023-08-24,8004440,8001943,17,21,76
2023-08-24,8004440,8002512,16,22,104
2023-08-24,8004440,8004440,26,43,77
2023-08-24,8004448,8003168,24,29,298
2023-08-24,8004448,8004448,46,57,506
2023-08-24,8004474,8000358,50,69,202
2023-08-24,8004474,8001039,42,69,104
2023-08-24,8004474,8004474,97,138,162
2023-08-24,8004564,8001980,8,8,90
2023-08-24,8004564,8003621,7,8,146
2023-08-24,8004564,8004564,15,16,128
2023-08-24,8004642,8000605,24,35,56
2023-08-24,8004642,8002073,27,35,119
2023-08-24,8004642,8004642,50,70,85
2023-08-24,8004883,8000239,50,52,264
2023-08-24,8004883,8001530,49,54,240
2023-08-24,8004883,8004883,93,106,250
2023-08-24,8005227,8001357,15,19,57
2023-08-24,8005289,8000793,9,16,41
2023-08-24,8005289,8005289,9,33,20
2023-08-24,8005289,8006109,0,17,0
2023-08-24,8005319,8001851,8,8,169
2023-08-24,8005319,8003621,6,8,68
2023-08-24,8005319,8005319,14,16,107
2023-08-24,8005488,8000033,11,22,116
2023-08-24,8005488,8005488,28,43,91
2023-08-24,8005488,8006607,10,21,24
2023-08-24,8005525,8003783,17,18,212
2023-08-24,8005525,8005525,23,36,151
2023-08-24,8005525,8005526,6,18,87
2023-08-24,8005526,8001097,6,18,80
2023-08-24,8005526,8005525,17,18,225
2023-08-24,8005526,8005526,23,36,157
2023-08-24,8005555,8000966,8,9,97
2023-08-24,8005555,8005555,17,17,150
2023-08-24,8005555,8005569,8,8,210
2023-08-24,8005569,8005555,3,9,73
2023-08-24,8005569,8005569,11,17,138
2023-08-24,8005569,8006486,8,8,169
2023-08-24,8005971,8003909,50,56,67
2023-08-24,8005971,8003925,35,39,75
2023-08-24,8005971,8005971,49,78,53
2023-08-24,8006109,8000978,0,17,0
2023-08-24,8006109,8005289,9,16,36
2023-08-24,8006109,8006109,7,33,10
2023-08-24,8006226,8000853,21,22,552
2023-08-24,8006226,8001515,13,13,1059
2023-08-24,8006226,8001537,8,8,915
2023-08-24,8006226,8001585,16,18,423
2023-08-24,8006226,8001911,18,21,201
2023-08-24,8006226,8003168,23,33,193
2023-08-24,8006226,8006226,134,190,358
2023-08-24,8006226,8006386,31,34,143
2023-08-24,8006227,8001039,46,56,273
2023-08-24,8006227,8001905,65,69,123
2023-08-24,8006227,8004474,11,13,62
2023-08-24,8006227,8006227,86,138,149
2023-08-24,8006320,8003287,9,20,54
2023-08-24,8006320,8003716,18,20,308
2023-08-24,8006320,8006320,45,58,167
2023-08-24,8006323,8001045,30,30,138
2023-08-24,8006323,8001093,33,34,301
2023-08-24,8006323,8006323,49,69,157
2023-08-24,8006342,8002745,29,34,64
2023-08-24,8006342,8006342,59,68,127
2023-08-24,8006342,8006383,30,34,196
2023-08-24,8006348,8000239,19,20,320
2023-08-24,8006348,8001323,19,20,530
2023-08-24,8006348,8006348,38,40,388
2023-08-24,8006379,8003896,17,17,371
2023-08-24,8006379,8005336,7,17,35
2023-08-24,8006379,8006379,26,34,228
2023-08-24,8006383,8006342,24,34,44
2023-08-24,8006383,8006383,45,68,105
2023-08-24,8006386,8000977,32,41,127
2023-08-24,8006386,8001795,12,18,195
2023-08-24,8006386,8002953,13,14,135
2023-08-24,8006386,8006226,24,35,112
2023-08-24,8006386,8006386,86,147,123
2023-08-24,8006386,8006510,11,21,21
2023-08-24,8006389,8000113,21,35,71
2023-08-24,8006389,8004228,28,35,108
2023-08-24,8006389,8006389,49,70,94
2023-08-24,8006486,8005569,3,9,73
2023-08-24,8006505,8001538,6,17,19
2023-08-24,8006505,8002769,10,19,60
2023-08-24,8006505,8006505,20,36,56
2023-08-24,8006510,8001536,18,39,29
2023-08-24,8006510,8006386,21,21,97
2023-08-24,8006510,8006510,57,78,72
2023-08-24,8006710,8001035,17,34,27
2023-08-24,8006710,8006710,64,68,124
2023-08-24,8006710,8006711,34,34,186
2023-08-24,8006711,8006710,34,34,64
2023-08-24,8006711,8006711,68,68,116
2023-08-24,8006712,8002512,14,21,47
2023-08-24,8006712,8006712,28,43,72
2023-08-25,8000033,8000033,107,157,605
2023-08-25,8000033,8001795,46,56,1044
2023-08-25,8000033,8002268,11,24,251
2023-08-25,8000033,8005488,11,22,27
2023-08-25,8000033,8006719,41,55,551
2023-08-25,8000037,8000037,129,181,354
2023-08-25,8000037,8000113,11,24,84
2023-08-25,8000037,8000171,2,2,1020
2023-08-25,8000037,8000392,30,36,1083
2023-08-25,8000037,8001524,27,36,32
2023-08-25,8000037,8001795,29,33,586
2023-08-25,8000037,8001836,16,33,51
2023-08-25,8000054,8000054,13,18,53
2023-08-25,8000054,8001137,6,6,40
2023-08-25,8000054,8001182,6,9,37
2023-08-25,8000054,8002992,9,11,33
2023-08-25,8000054,8006453,4,12,12
2023-08-25,8000081,8000081,179,275,133
2023-08-25,8000081,8001531,26,42,114
2023-08-25,8000081,8001542,27,54,43
2023-08-25,8000081,8003946,12,56,10
2023-08-25,8000081,8004230,66,69,216
2023-08-25,8000113,8000037,16,19,88
2023-08-25,8000113,8000113,49,75,105
2023-08-25,8000113,8001066,22,38,48
2023-08-25,8000113,8004228,1,3,220
2023-08-25,8000113,8006389,24,37,109
2023-08-25,8000164,8000164,137,170,183
2023-08-25,8000164,8001327,68,85,189
2023-08-25,8000164,8001900,21,22,192
2023-08-25,8000164,8001909,20,21,290
2023-08-25,8000164,8002223,10,16,58
2023-08-25,8000164,8002227,10,15,130
2023-08-25,8000164,8002779,17,18,148
2023-08-25,8000171,8000037,2,2,45
2023-08-25,8000171,8000171,101,143,466
2023-08-25,8000171,8000392,41,68,281
2023-08-25,8000171,8001061,32,36,1138
2023-08-25,8000171,8002745,22,35,126
2023-08-25,8000171,8003925,17,39,47
2023-08-25,8000186,8003090,0,32,0
2023-08-25,8000186,8003657,1,34,7
2023-08-25,8000239,8000239,64,81,316
2023-08-25,8000239,8001097,12,19,161
2023-08-25,8000239,8004883,44,56,290
2023-08-25,8000239,8006348,18,22,404
2023-08-25,8000358,8000358,104,138,182
2023-08-25,8000358,8004269,54,69,209
2023-08-25,8000358,8004474,52,69,165
2023-08-25,8000392,8000037,29,33,497
2023-08-25,8000392,8000171,58,71,624
2023-08-25,8000392,8000392,104,139,453
2023-08-25,8000392,8001545,23,35,93
2023-08-25,8000605,8000605,52,75,150
2023-08-25,8000605,8003993,1,3,190
2023-08-25,8000605,8004228,22,35,78
2023-08-25,8000605,8004642,27,37,208
2023-08-25,8000745,8000745,56,71,338
2023-08-25,8000745,8001093,22,35,366
2023-08-25,8000745,8001394,28,35,321
2023-08-25,8000793,8000793,7,30,22
2023-08-25,8000793,8002180,7,15,42
2023-08-25,8000793,8005289,0,17,0
2023-08-25,8000904,8000904,4,6,60
2023-08-25,8000904,8001137,0,2,0
2023-08-25,8000904,8003998,3,4,52
2023-08-25,8000927,8000927,26,32,113
2023-08-25,8000927,8000966,15,17,141
2023-08-25,8000927,8003993,11,35,46
2023-08-25,8000966,8000927,13,17,101
2023-08-25,8000966,8000966,16,17,143
2023-08-25,8000966,8005555,8,8,191
2023-08-25,8000977,8000977,55,87,106
2023-08-25,8000977,8006386,16,44,72
2023-08-25,8000978,8000978,7,33,20
2023-08-25,8000978,8003638,0,17,0
2023-08-25,8000978,8006109,7,16,32
2023-08-25,8001035,8001035,52,70,114
2023-08-25,8001035,8006710,33,35,209
2023-08-25,8001038,8001038,65,81,133
2023-08-25,8001038,8002639,35,41,168
2023-08-25,8001038,8006194,18,40,80
2023-08-25,8001039,8001039,91,125,186
2023-08-25,8001039,8004474,40,56,232
2023-08-25,8001039,8006227,37,69,120
2023-08-25,8001045,8001045,86,98,414
2023-08-25,8001045,8001061,1,1,210
2023-08-25,8001045,8002680,16,17,334
2023-08-25,8001045,8003986,45,49,530
2023-08-25,8001045,8006323,22,31,283
2023-08-25,8001061,8000171,22,33,497
2023-08-25,8001061,8001061,56,69,843
2023-08-25,8001061,8001558,15,18,1220
2023-08-25,8001066,8000113,33,38,58
2023-08-25,8001066,8001066,59,76,56
2023-08-25,8001066,8003967,30,38,55
2023-08-25,8001093,8000745,33,36,333
2023-08-25,8001093,8001093,54,71,350
2023-08-25,8001093,8006323,19,35,387
2023-08-25,8001097,8000239,18,18,335
2023-08-25,8001097,8001097,37,37,218
2023-08-25,8001097,8005526,19,19,229
2023-08-25,8001137,8000054,4,6,60
2023-08-25,8001137,8000904,3,4,105
2023-08-25,8001137,8001137,18,34,43
2023-08-25,8001137,8002992,6,7,64
2023-08-25,8001137,8003896,4,17,11
2023-08-25,8001182,8000054,6,9,30
2023-08-25,8001357,8001357,39,42,191
2023-08-25,8001357,8002514,21,21,201
2023-08-25,8001357,8005227,17,21,204
2023-08-25,8001394,8000745,29,35,361
2023-08-25,8001394,8001394,58,70,337
2023-08-25,8001394,8001692,29,35,325
2023-08-25,8001505,8001505,60,84,148
2023-08-25,8001505,8001525,23,42,126
2023-08-25,8001505,8001531,33,42,161
2023-08-25,8001515,8001515,49,61,404
2023-08-25,8001515,8001537,25,30,650
2023-08-25,8001515,8001543,16,16,90
2023-08-25,8001515,8006226,13,15,294
2023-08-25,8001516,8001549,43,54,47
2023-08-25,8001517,8001517,88,112,129
2023-08-25,8001517,8001529,44,56,130
2023-08-25,8001517,8001535,44,56,141
2023-08-25,8001518,8001518,65,112,73
2023-08-25,8001518,8001520,18,56,13
2023-08-25,8001518,8003946,43,56,132
2023-08-25,8001519,8001519,52,84,144
2023-08-25,8001519,8001525,27,42,166
2023-08-25,8001519,8001543,25,42,127
2023-08-25,8001520,8001518,42,56,114
2023-08-25,8001520,8001520,55,112,75
2023-08-25,8001520,8003916,40,56,31
2023-08-25,8001522,8001522,85,98,66
2023-08-25,8001522,8001523,14,17,64
2023-08-25,8001522,8001524,28,33,77
2023-08-25,8001522,8001545,12,14,165
2023-08-25,8001523,8001522,15,16,107
2023-08-25,8001523,8001523,25,42,74
2023-08-25,8001523,8001545,13,21,66
2023-08-25,8001524,8000037,28,35,99
2023-08-25,8001524,8001522,27,32,41
2023-08-25,8001524,8001524,55,71,65
2023-08-25,8001525,8001505,24,42,160
2023-08-25,8001525,8001519,22,42,119
2023-08-25,8001525,8001525,47,84,141
2023-08-25,8001526,8001526,79,112,78
2023-08-25,8001526,8001529,41,56,87
2023-08-25,8001526,8003936,37,56,80
2023-08-25,8001527,8001527,73,80,111
2023-08-25,8001527,8001536,29,40,106
2023-08-25,8001528,8001329,16,18,132
2023-08-25,8001528,8001528,32,34,140
2023-08-25,8001528,8001539,16,17,143
2023-08-25,8001529,8001517,44,56,142
2023-08-25,8001529,8001526,37,56,95
2023-08-25,8001529,8001529,88,112,113
2023-08-25,8001530,8001530,95,111,271
2023-08-25,8001530,8001533,42,56,302
2023-08-25,8001530,8004883,48,55,237
2023-08-25,8001531,8000081,31,42,166
2023-08-25,8001531,8001505,26,42,116
2023-08-25,8001531,8001531,55,84,135
2023-08-25,8001532,8001532,32,34,124
2023-08-25,8001532,8001544,17,17,108
2023-08-25,8001533,8001530,50,55,232
2023-08-25,8001533,8001533,93,111,255
2023-08-25,8001535,8001517,41,56,78
2023-08-25,8001535,8001535,85,112,101
2023-08-25,8001535,8003916,44,56,150
2023-08-25,8001536,8001527,29,40,67
2023-08-25,8001536,8001536,48,80,78
2023-08-25,8001536,8006510,37,40,123
2023-08-25,8001537,8001515,24,31,167
2023-08-25,8001537,8001537,65,77,429
2023-08-25,8001537,8003169,32,38,682
2023-08-25,8001537,8006226,8,8,300
2023-08-25,8001539,8001528,15,17,111
2023-08-25,8001539,8001539,30,34,116
2023-08-25,8001539,8001541,16,17,150
2023-08-25,8001540,8001540,60,108,42
2023-08-25,8001540,8001542,17,54,21
2023-08-25,8001540,8001549,43,54,88
2023-08-25,8001541,8001539,11,17,69
2023-08-25,8001541,8001541,30,34,112
2023-08-25,8001541,8001544,16,17,138
2023-08-25,8001542,8000081,1,54,3
2023-08-25,8001542,8001540,28,54,44
2023-08-25,8001542,8001542,44,108,28
2023-08-25,8001543,8001327,71,86,178
2023-08-25,8001543,8001515,13,15,326
2023-08-25,8001543,8001519,25,42,161
2023-08-25,8001543,8001543,114,153,176
2023-08-25,8001544,8001532,13,17,116
2023-08-25,8001544,8001541,14,17,113
2023-08-25,8001544,8001544,30,34,116
2023-08-25,8001545,8000392,22,35,112
2023-08-25,8001545,8001522,10,14,105
2023-08-25,8001545,8001523,12,21,81
2023-08-25,8001545,8001545,44,70,99
2023-08-25,8001546,8001546,76,112,78
2023-08-25,8001546,8003909,36,56,82
2023-08-25,8001546,8003936,43,56,66
2023-08-25,8001549,8001516,42,54,58
2023-08-25,8001549,8001540,25,54,27
2023-08-25,8001549,8001549,86,108,64
2023-08-25,8001692,8001394,24,35,333
2023-08-25,8001692,8001692,53,70,335
2023-08-25,8001692,8002262,29,35,344
2023-08-25,8001700,8001700,28,41,111
2023-08-25,8001700,8003018,18,21,171
2023-08-25,8001700,8003716,7,20,26
2023-08-25,8001729,8001729,0,10,0
2023-08-25,8001729,8004406,0,4,0
2023-08-25,8001795,8000033,44,55,574
2023-08-25,8001795,8000037,28,34,1112
2023-08-25,8001795,8001795,90,111,807
2023-08-25,8001795,8006386,16,18,910
2023-08-25,8001836,8000037,25,32,56
2023-08-25,8001836,8001836,44,65,50
2023-08-25,8001836,8002754,19,33,55
2023-08-25,8001851,8005319,4,8,19
2023-08-25,8001943,8001943,24,46,144
2023-08-25,8001943,8002267,7,22,18
2023-08-25,8001943,8004440,8,24,236
2023-08-25,8001980,8001980,13,16,92
2023-08-25,8001980,8003486,5,8,26
2023-08-25,8001980,8004564,8,8,165
2023-08-25,8002073,8002073,55,72,147
2023-08-25,8002073,8003993,34,37,233
2023-08-25,8002073,8004642,22,35,56
2023-08-25,8002180,8000793,0,15,0
2023-08-25,8002180,8002180,6,30,20
2023-08-25,8002180,8003470,7,15,40
2023-08-25,8002262,8001692,28,35,349
2023-08-25,8002262,8002262,59,70,348
2023-08-25,8002262,8005276,28,35,330
2023-08-25,8002267,8001943,10,24,242
2023-08-25,8002267,8002267,17,46,132
2023-08-25,8002267,8002509,8,22,14
2023-08-25,8002268,8000033,9,22,27
2023-08-25,8002268,8002268,20,46,142
2023-08-25,8002268,8002509,12,24,252
2023-08-25,8002509,8002267,12,24,244
2023-08-25,8002509,8002268,8,22,25
2023-08-25,8002509,8002509,21,46,140
2023-08-25,8002512,8002512,27,46,150
2023-08-25,8002512,8004440,12,22,38
2023-08-25,8002512,8006712,14,24,250
2023-08-25,8002514,8001357,17,21,181
2023-08-25,8002514,8002514,37,42,196
2023-08-25,8002514,8002769,20,20,212
2023-08-25,8002639,8001038,31,40,107
2023-08-25,8002639,8002639,60,81,132
2023-08-25,8002639,8002640,29,41,134
2023-08-25,8002640,8002639,18,40,116
2023-08-25,8002680,8000441,32,40,459
2023-08-25,8002680,8001045,17,17,364
2023-08-25,8002680,8002680,52,78,348
2023-08-25,8002680,8003168,12,19,355
2023-08-25,8002745,8000171,25,35,85
2023-08-25,8002745,8002745,44,70,101
2023-08-25,8002745,8006342,20,35,111
2023-08-25,8002754,8001836,9,32,28
2023-08-25,8002754,8002754,34,65,46
2023-08-25,8002754,8003166,22,33,53
2023-08-25,8002769,8002514,19,20,189
2023-08-25,8002779,8000164,17,18,153
2023-08-25,8002779,8001328,17,18,157
2023-08-25,8002779,8002779,34,36,170
2023-08-25,8002953,8002953,41,72,86
2023-08-25,8002953,8003657,13,14,221
2023-08-25,8002953,8003939,17,17,171
2023-08-25,8002953,8006386,7,14,129
2023-08-25,8002992,8000054,8,11,82
2023-08-25,8002992,8001137,3,9,10
2023-08-25,8002992,8002992,13,22,41
2023-08-25,8002992,8003998,2,2,30
2023-08-25,8003018,8001700,10,20,36
2023-08-25,8003018,8003018,24,41,89
2023-08-25,8003090,8000186,9,33,18
2023-08-25,8003090,8003090,38,65,26
2023-08-25,8003090,8003166,31,32,58
2023-08-25,8003166,8002754,12,32,32
2023-08-25,8003166,8003090,7,33,19
2023-08-25,8003166,8003166,37,65,29
2023-08-25,8003168,8002680,14,19,508
2023-08-25,8003168,8003168,105,149,412
2023-08-25,8003168,8003169,33,39,214
2023-08-25,8003168,8004448,22,30,610
2023-08-25,8003168,8006226,30,35,483
2023-08-25,8003168,8006449,5,7,231
2023-08-25,8003169,8001537,32,39,205
2023-08-25,8003169,8003168,27,38,679
2023-08-25,8003169,8003169,64,77,445
2023-08-25,8003287,8003287,28,41,134
2023-08-25,8003287,8003939,7,20,18
2023-08-25,8003287,8006320,21,21,227
2023-08-25,8003470,8002180,0,15,0
2023-08-25,8003470,8003470,7,30,22
2023-08-25,8003470,8004273,7,15,36
2023-08-25,8003486,8001980,7,8,206
2023-08-25,8003486,8003486,12,15,104
2023-08-25,8003486,8003493,7,13,21
2023-08-25,8003493,8000187,9,13,39
2023-08-25,8003493,8003486,12,13,125
2023-08-25,8003493,8003493,16,26,73
2023-08-25,8003621,8003621,12,16,86
2023-08-25,8003621,8004564,4,8,30
2023-08-25,8003621,8005319,8,8,176
2023-08-25,8003638,8000978,7,16,39
2023-08-25,8003638,8003638,6,33,14
2023-08-25,8003638,8003965,0,17,0
2023-08-25,8003657,8000186,15,33,99
2023-08-25,8003657,8002953,19,20,98
2023-08-25,8003657,8003657,41,67,73
2023-08-25,8003716,8001700,16,21,170
2023-08-25,8003716,8003716,25,41,101
2023-08-25,8003716,8006320,10,20,38
2023-08-25,8003896,8001137,14,17,81
2023-08-25,8003896,8003896,28,34,67
2023-08-25,8003896,8006379,12,17,58
2023-08-25,8003909,8001546,42,56,70
2023-08-25,8003909,8003909,77,112,81
2023-08-25,8003909,8005971,35,56,81
2023-08-25,8003916,8001520,44,56,152
2023-08-25,8003916,8001535,33,56,33
2023-08-25,8003916,8003916,84,112,88
2023-08-25,8003925,8000171,27,39,89
2023-08-25,8003925,8003925,55,78,82
2023-08-25,8003925,8005971,23,39,46
2023-08-25,8003936,8001526,30,56,48
2023-08-25,8003936,8001546,43,56,111
2023-08-25,8003936,8003936,86,112,81
2023-08-25,8003939,8002953,5,17,12
2023-08-25,8003939,8003287,21,21,244
2023-08-25,8003939,8003939,27,41,148
2023-08-25,8003946,8000081,41,56,121
2023-08-25,8003946,8001518,15,56,11
2023-08-25,8003946,8003946,53,112,68
2023-08-25,8003965,8003638,6,16,28
2023-08-25,8003965,8003965,6,33,18
2023-08-25,8003965,8003967,3,17,16
2023-08-25,8003967,8001066,6,38,24
2023-08-25,8003967,8003965,6,16,38
2023-08-25,8003967,8003967,16,33,49
2023-08-25,8003993,8000927,37,40,197
2023-08-25,8003993,8002073,24,35,69
2023-08-25,8003993,8003993,55,75,154
2023-08-25,8003998,8000904,1,2,15
2023-08-25,8003998,8002992,2,4,30
2023-08-25,8003998,8003998,3,6,25
2023-08-25,8004228,8000605,34,40,218
2023-08-25,8004228,8004228,46,75,150
2023-08-25,8004228,8006389,25,35,96
2023-08-25,8004230,8000081,35,56,205
2023-08-25,8004230,8004230,108,125,214
2023-08-25,8004230,8004419,62,69,201
2023-08-25,8004269,8000358,59,69,176
2023-08-25,8004269,8004269,113,138,194
2023-08-25,8004269,8004288,55,69,213
2023-08-25,8004273,8003470,0,15,0
2023-08-25,8004288,8004269,61,69,179
2023-08-25,8004288,8004288,116,138,193
2023-08-25,8004288,8004419,52,69,198
2023-08-25,8004419,8000081,11,13,118
2023-08-25,8004419,8004230,42,56,226
2023-08-25,8004419,8004288,51,69,162
2023-08-25,8004419,8004419,113,138,192
2023-08-25,8004440,8001943,14,22,53
2023-08-25,8004440,8002512,16,24,258
2023-08-25,8004440,8004440,28,46,153
2023-08-25,8004448,8003168,26,31,151
2023-08-25,8004448,8004448,52,61,383
2023-08-25,8004474,8000358,51,69,203
2023-08-25,8004474,8001039,46,69,142
2023-08-25,8004474,8004474,102,138,178
2023-08-25,8004564,8001980,7,8,49
2023-08-25,8004564,8003621,7,8,188
2023-08-25,8004564,8004564,15,16,120
2023-08-25,8004642,8000605,23,35,70
2023-08-25,8004642,8002073,30,37,221
2023-08-25,8004642,8004642,53,72,141
2023-08-25,8004883,8000239,49,55,313
2023-08-25,8004883,8001530,47,56,298
2023-08-25,8004883,8004883,93,111,283
2023-08-25,8005227,8001357,21,21,181
2023-08-25,8005289,8000793,7,16,43
2023-08-25,8005289,8005289,7,33,21
2023-08-25,8005289,8006109,0,17,0
2023-08-25,8005319,8001851,6,8,124
2023-08-25,8005319,8003621,5,8,22
2023-08-25,8005319,8005319,10,16,82
2023-08-25,8005488,8000033,15,24,280
2023-08-25,8005488,8005488,29,46,177
2023-08-25,8005488,8006607,6,22,18
2023-08-25,8005525,8003783,19,19,224
2023-08-25,8005525,8005525,31,37,232
2023-08-25,8005525,8005526,12,18,237
2023-08-25,8005526,8001097,12,18,233
2023-08-25,8005526,8005525,19,19,242
2023-08-25,8005526,8005526,31,37,242
2023-08-25,8005555,8000966,9,9,130
2023-08-25,8005555,8005555,17,17,161
2023-08-25,8005555,8005569,7,8,202
2023-08-25,8005569,8005555,6,9,107
2023-08-25,8005569,8005569,13,17,152
2023-08-25,8005569,8006486,7,8,158
2023-08-25,8005971,8003909,44,56,65
2023-08-25,8005971,8003925,32,39,91
2023-08-25,8005971,8005971,42,78,58
2023-08-25,8006109,8000978,0,17,0
2023-08-25,8006109,8005289,7,16,39
2023-08-25,8006109,8006109,6,33,15
2023-08-25,8006226,8000853,24,24,538
2023-08-25,8006226,8001515,14,15,932
2023-08-25,8006226,8001537,7,8,698
2023-08-25,8006226,8001585,16,18,538
2023-08-25,8006226,8001911,16,22,79
2023-08-25,8006226,8003168,23,33,243
2023-08-25,8006226,8006226,141,194,315
2023-08-25,8006226,8006386,32,35,147
2023-08-25,8006227,8001039,45,56,254
2023-08-25,8006227,8001905,69,69,161
2023-08-25,8006227,8004474,11,13,111
2023-08-25,8006227,8006227,87,138,165
2023-08-25,8006320,8003287,3,20,12
2023-08-25,8006320,8003716,16,21,177
2023-08-25,8006320,8006320,39,59,119
2023-08-25,8006323,8001045,27,30,487
2023-08-25,8006323,8001093,34,36,331
2023-08-25,8006323,8006323,53,71,335
2023-08-25,8006342,8002745,26,35,87
2023-08-25,8006342,8006342,47,70,93
2023-08-25,8006342,8006383,22,35,116
2023-08-25,8006348,8000239,16,22,315
2023-08-25,8006348,8001323,18,22,475
2023-08-25,8006348,8006348,35,44,382
2023-08-25,8006379,8003896,16,17,141
2023-08-25,8006379,8005336,8,17,41
2023-08-25,8006379,8006379,25,34,109
2023-08-25,8006383,8006342,17,35,47
2023-08-25,8006383,8006383,33,70,65
2023-08-25,8006386,8000977,33,43,133
2023-08-25,8006386,8001795,16,18,515
2023-08-25,8006386,8002953,14,14,227
2023-08-25,8006386,8006226,23,36,138
2023-08-25,8006386,8006386,104,151,262
2023-08-25,8006386,8006510,17,22,75
2023-08-25,8006389,8000113,20,35,84
2023-08-25,8006389,8004228,22,37,152
2023-08-25,8006389,8006389,47,72,100
2023-08-25,8006486,8005569,6,9,107
2023-08-25,8006510,8001536,19,40,55
2023-08-25,8006510,8006386,21,22,185
2023-08-25,8006510,8006510,55,80,104
2023-08-25,8006710,8001035,21,35,41
2023-08-25,8006710,8006710,60,70,125
2023-08-25,8006710,8006711,31,35,188
2023-08-25,8006711,8006710,30,35,59
2023-08-25,8006711,8006711,61,70,117
2023-08-25,8006712,8002512,14,22,48
2023-08-25,8006712,8006712,30,46,156
2023-08-26,8000033,8000033,90,157,402
2023-08-26,8000033,8001795,38,54,745
2023-08-26,8000033,8002268,7,24,52
2023-08-26,8000033,8005488,13,25,17
2023-08-26,8000033,8006719,37,54,394
2023-08-26,8000037,8000037,120,176,261
2023-08-26,8000037,8000113,16,35,51
2023-08-26,8000037,8000171,2,2,195
2023-08-26,8000037,8000392,26,33,697
2023-08-26,8000037,8001524,10,19,46
2023-08-26,8000037,8001795,28,33,408
2023-08-26,8000037,8001836,8,20,57
2023-08-26,8000054,8000054,8,16,43
2023-08-26,8000054,8001137,5,6,40
2023-08-26,8000054,8001182,4,8,19
2023-08-26,8000054,8002992,7,11,41
2023-08-26,8000054,8006453,3,9,10
2023-08-26,8000081,8000081,146,246,89
2023-08-26,8000081,8001531,25,43,82
2023-08-26,8000081,8001542,18,37,36
2023-08-26,8000081,8003946,9,37,22
2023-08-26,8000081,8004230,42,43,142
2023-08-26,8000113,8000037,23,32,142
2023-08-26,8000113,8000113,40,67,84
2023-08-26,8000113,8001066,11,36,24
2023-08-26,8000113,8006389,21,35,60
2023-08-26,8000164,8000164,129,177,214
2023-08-26,8000164,8001327,64,91,233
2023-08-26,8000164,8001900,23,24,388
2023-08-26,8000164,8001909,24,24,515
2023-08-26,8000164,8002223,7,15,48
2023-08-26,8000164,8002779,13,17,173
2023-08-26,8000171,8000037,2,2,375
2023-08-26,8000171,8000171,76,132,288
2023-08-26,8000171,8000392,31,65,182
2023-08-26,8000171,8001061,27,33,722
2023-08-26,8000171,8002745,18,31,47
2023-08-26,8000171,8003925,9,37,16
2023-08-26,8000186,8003090,0,19,0
2023-08-26,8000186,8003657,0,32,0
2023-08-26,8000239,8000239,62,77,209
2023-08-26,8000239,8001097,7,18,100
2023-08-26,8000239,8004883,27,39,202
2023-08-26,8000239,8006348,17,21,283
2023-08-26,8000358,8000358,54,86,167
2023-08-26,8000358,8004269,30,43,234
2023-08-26,8000358,8004474,29,43,108
2023-08-26,8000392,8000037,24,33,334
2023-08-26,8000392,8000171,48,65,384
2023-08-26,8000392,8000392,83,130,283
2023-08-26,8000392,8001545,17,32,46
2023-08-26,8000605,8000605,42,67,82
2023-08-26,8000605,8004228,19,32,93
2023-08-26,8000605,8004642,18,35,71
2023-08-26,8000745,8000745,38,67,99
2023-08-26,8000745,8001093,7,33,55
2023-08-26,8000745,8001394,23,33,135
2023-08-26,8000793,8000793,6,30,9
2023-08-26,8000793,8002180,3,15,12
2023-08-26,8000793,8005289,0,15,0
2023-08-26,8000904,8000904,5,6,70
2023-08-26,8000904,8001137,2,2,30
2023-08-26,8000904,8003998,3,4,68
2023-08-26,8000927,8000927,27,29,214
2023-08-26,8000927,8000966,14,16,229
2023-08-26,8000927,8003993,15,32,66
2023-08-26,8000966,8000927,14,14,201
2023-08-26,8000966,8000966,25,25,228
2023-08-26,8000966,8005555,12,12,285
2023-08-26,8000977,8000977,64,92,82
2023-08-26,8000977,8006386,26,46,44
2023-08-26,8000978,8000978,3,30,6
2023-08-26,8000978,8003638,0,15,0
2023-08-26,8000978,8006109,3,15,8
2023-08-26,8001035,8001035,33,48,113
2023-08-26,8001035,8006710,24,24,241
2023-08-26,8001038,8001038,50,80,81
2023-08-26,8001038,8002639,28,40,110
2023-08-26,8001038,8006194,11,40,35
2023-08-26,8001039,8001039,58,86,174
2023-08-26,8001039,8004474,26,43,231
2023-08-26,8001039,8006227,21,43,105
2023-08-26,8001045,8001045,54,74,171
2023-08-26,8001045,8002680,17,17,113
2023-08-26,8001045,8003986,29,35,222
2023-08-26,8001045,8006323,15,21,97
2023-08-26,8001061,8000171,21,33,326
2023-08-26,8001061,8001061,52,66,535
2023-08-26,8001061,8001558,14,17,667
2023-08-26,8001066,8000113,22,35,33
2023-08-26,8001066,8001066,37,71,31
2023-08-26,8001066,8003967,20,36,32
2023-08-26,8001093,8000745,29,34,123
2023-08-26,8001093,8001093,36,67,73
2023-08-26,8001093,8006323,9,33,51
2023-08-26,8001097,8000239,17,17,120
2023-08-26,8001097,8001097,35,35,93
2023-08-26,8001097,8005526,18,18,172
2023-08-26,8001137,8000054,6,6,105
2023-08-26,8001137,8000904,4,4,112
2023-08-26,8001137,8001137,31,34,75
2023-08-26,8001137,8002992,6,7,81
2023-08-26,8001137,8003896,14,17,60
2023-08-26,8001182,8000054,5,8,49
2023-08-26,8001357,8001357,31,40,62
2023-08-26,8001357,8002514,17,20,64
2023-08-26,8001357,8005227,15,20,87
2023-08-26,8001358,8001358,4,4,360
2023-08-26,8001358,8002835,1,2,165
2023-08-26,8001358,8003424,2,2,585
2023-08-26,8001394,8000745,19,32,67
2023-08-26,8001394,8001394,40,65,102
2023-08-26,8001394,8001692,21,33,141
2023-08-26,8001505,8001505,52,86,72
2023-08-26,8001505,8001525,24,43,77
2023-08-26,8001505,8001531,26,43,55
2023-08-26,8001515,8001515,49,61,596
2023-08-26,8001515,8001537,27,30,873
2023-08-26,8001515,8001543,14,14,189
2023-08-26,8001515,8006226,16,17,480
2023-08-26,8001516,8001549,37,38,62
2023-08-26,8001517,8001517,58,74,50
2023-08-26,8001517,8001529,30,37,58
2023-08-26,8001517,8001535,18,37,27
2023-08-26,8001518,8001518,39,74,30
2023-08-26,8001518,8001520,12,37,19
2023-08-26,8001518,8003946,27,37,36
2023-08-26,8001519,8001519,54,86,66
2023-08-26,8001519,8001525,26,43,60
2023-08-26,8001519,8001543,28,43,77
2023-08-26,8001520,8001518,8,37,15
2023-08-26,8001520,8001520,35,74,25
2023-08-26,8001520,8003916,35,37,45
2023-08-26,8001523,8001523,25,44,41
2023-08-26,8001523,8001545,17,22,46
2023-08-26,8001524,8000037,15,21,47
2023-08-26,8001524,8001524,25,40,49
2023-08-26,8001525,8001505,23,43,53
2023-08-26,8001525,8001519,26,43,68
2023-08-26,8001525,8001525,48,86,64
2023-08-26,8001526,8001526,48,74,31
2023-08-26,8001526,8001529,36,37,75
2023-08-26,8001526,8003936,11,37,18
2023-08-26,8001527,8001527,77,82,105
2023-08-26,8001527,8001536,36,41,94
2023-08-26,8001528,8001329,14,17,113
2023-08-26,8001528,8001528,27,34,148
2023-08-26,8001528,8001539,14,17,171
2023-08-26,8001529,8001517,30,37,58
2023-08-26,8001529,8001526,10,37,19
2023-08-26,8001529,8001529,66,74,54
2023-08-26,8001530,8001530,70,79,226
2023-08-26,8001530,8001533,31,39,202
2023-08-26,8001530,8004883,38,40,246
2023-08-26,8001531,8000081,23,43,55
2023-08-26,8001531,8001505,27,43,86
2023-08-26,8001531,8001531,46,86,64
2023-08-26,8001532,8001532,27,34,154
2023-08-26,8001532,8001544,14,17,124
2023-08-26,8001533,8001530,40,40,242
2023-08-26,8001533,8001533,67,79,205
2023-08-26,8001535,8001517,25,37,36
2023-08-26,8001535,8001535,59,74,38
2023-08-26,8001535,8003916,29,37,36
2023-08-26,8001536,8001527,32,41,75
2023-08-26,8001536,8001536,60,82,77
2023-08-26,8001536,8006510,40,41,105
2023-08-26,8001537,8001515,23,31,327
2023-08-26,8001537,8001537,62,76,658
2023-08-26,8001537,8003169,33,38,966
2023-08-26,8001537,8006226,6,7,549
2023-08-26,8001539,8001528,14,17,109
2023-08-26,8001539,8001539,28,34,129
2023-08-26,8001539,8001541,14,17,168
2023-08-26,8001540,8001540,57,75,45
2023-08-26,8001540,8001542,20,38,24
2023-08-26,8001540,8001549,37,37,101
2023-08-26,8001541,8001539,12,17,74
2023-08-26,8001541,8001541,27,34,127
2023-08-26,8001541,8001544,14,17,175
2023-08-26,8001542,8000081,3,38,3
2023-08-26,8001542,8001540,20,37,38
2023-08-26,8001542,8001542,38,75,28
2023-08-26,8001543,8001327,78,90,175
2023-08-26,8001543,8001515,13,14,579
2023-08-26,8001543,8001519,25,43,55
2023-08-26,8001543,8001543,119,173,190
2023-08-26,8001544,8001532,11,17,164
2023-08-26,8001544,8001541,14,17,113
2023-08-26,8001544,8001544,28,34,143
2023-08-26,8001545,8000392,20,32,38
2023-08-26,8001545,8001523,11,22,44
2023-08-26,8001545,8001545,34,64,39
2023-08-26,8001546,8001546,56,74,41
2023-08-26,8001546,8003909,25,37,28
2023-08-26,8001546,8003936,36,37,49
2023-08-26,8001549,8001516,37,37,68
2023-08-26,8001549,8001540,28,38,42
2023-08-26,8001549,8001549,74,75,79
2023-08-26,8001692,8001394,12,32,52
2023-08-26,8001692,8001692,34,65,102
2023-08-26,8001692,8002262,21,33,148
2023-08-26,8001700,8001700,22,35,79
2023-08-26,8001700,8003018,10,17,88
2023-08-26,8001700,8003716,7,18,33
2023-08-26,8001729,8001729,6,11,136
2023-08-26,8001729,8003018,2,2,150
2023-08-26,8001729,8004406,1,2,15
2023-08-26,8001729,8004407,2,2,585
2023-08-26,8001795,8000033,38,54,413
2023-08-26,8001795,8000037,25,32,758
2023-08-26,8001795,8001795,76,108,572
2023-08-26,8001795,8006386,11,17,538
2023-08-26,8001836,8000037,12,19,114
2023-08-26,8001836,8001836,26,39,76
2023-08-26,8001836,8002754,14,20,70
2023-08-26,8001851,8001851,2,4,188
2023-08-26,8001851,8003791,2,2,525
2023-08-26,8001851,8005319,6,9,157
2023-08-26,8001943,8001943,26,49,35
2023-08-26,8001943,8002267,8,25,14
2023-08-26,8001943,8004440,4,24,30
2023-08-26,8001976,8001976,3,4,345
2023-08-26,8001976,8003018,2,2,540
2023-08-26,8001976,8003424,1,2,150
2023-08-26,8001980,8001980,15,17,228
2023-08-26,8001980,8003486,7,9,190
2023-08-26,8001980,8004564,8,8,292
2023-08-26,8002073,8002073,36,67,86
2023-08-26,8002073,8003993,22,35,117
2023-08-26,8002073,8004642,12,32,69
2023-08-26,8002180,8000793,0,15,0
2023-08-26,8002180,8002180,3,30,6
2023-08-26,8002180,8003470,5,15,14
2023-08-26,8002262,8001692,22,32,71
2023-08-26,8002262,8002262,41,65,111
2023-08-26,8002262,8005276,16,33,137
2023-08-26,8002267,8001943,10,24,40
2023-08-26,8002267,8002267,13,49,23
2023-08-26,8002267,8002509,11,25,18
2023-08-26,8002268,8000033,10,25,13
2023-08-26,8002268,8002268,17,49,31
2023-08-26,8002268,8002509,5,24,44
2023-08-26,8002509,8002267,7,24,44
2023-08-26,8002509,8002268,10,25,14
2023-08-26,8002509,8002509,15,49,29
2023-08-26,8002512,8002512,26,49,33
2023-08-26,8002512,8004440,9,25,16
2023-08-26,8002512,8006712,12,24,46
2023-08-26,8002514,8001357,13,20,50
2023-08-26,8002514,8002514,29,40,58
2023-08-26,8002514,8002769,18,19,69
2023-08-26,8002639,8001038,24,40,56
2023-08-26,8002639,8002639,44,80,70
2023-08-26,8002639,8002640,19,40,82
2023-08-26,8002640,8002639,11,40,38
2023-08-26,8002680,8000441,29,37,276
2023-08-26,8002680,8001045,13,14,193
2023-08-26,8002680,8002680,44,72,173
2023-08-26,8002680,8003168,10,19,30
2023-08-26,8002745,8000171,21,31,44
2023-08-26,8002745,8002745,32,62,48
2023-08-26,8002745,8006342,12,31,40
2023-08-26,8002754,8001836,8,19,51
2023-08-26,8002754,8002754,23,39,66
2023-08-26,8002754,8003166,14,20,81
2023-08-26,8002769,8002514,17,19,58
2023-08-26,8002779,8000164,14,17,139
2023-08-26,8002779,8001328,12,17,173
2023-08-26,8002779,8002779,27,34,167
2023-08-26,8002826,8002826,3,4,330
2023-08-26,8002826,8005731,2,2,555
2023-08-26,8002826,8006118,1,2,90
2023-08-26,8002835,8001358,2,2,525
2023-08-26,8002835,8002835,3,4,345
2023-08-26,8002835,8005731,2,2,165
2023-08-26,8002953,8002953,32,59,72
2023-08-26,8002953,8003657,13,15,156
2023-08-26,8002953,8003939,12,15,100
2023-08-26,8002953,8006386,8,12,40
2023-08-26,8002992,8000054,10,11,215
2023-08-26,8002992,8001137,6,9,47
2023-08-26,8002992,8002992,19,22,102
2023-08-26,8002992,8003998,2,2,60
2023-08-26,8003018,8001700,12,18,48
2023-08-26,8003018,8001729,2,2,465
2023-08-26,8003018,8001976,2,2,135
2023-08-26,8003018,8003018,18,39,76
2023-08-26,8003090,8000186,7,20,45
2023-08-26,8003090,8003090,25,39,45
2023-08-26,8003090,8003166,18,19,73
2023-08-26,8003166,8002754,9,19,55
2023-08-26,8003166,8003090,7,20,52
2023-08-26,8003166,8003166,22,39,55
2023-08-26,8003168,8002680,16,18,427
2023-08-26,8003168,8003168,106,145,439
2023-08-26,8003168,8003169,34,38,367
2023-08-26,8003168,8004448,23,30,852
2023-08-26,8003168,8006226,27,34,155
2023-08-26,8003168,8006449,6,6,165
2023-08-26,8003169,8001537,30,38,361
2023-08-26,8003169,8003168,32,38,932
2023-08-26,8003169,8003169,67,76,663
2023-08-26,8003287,8003287,19,35,76
2023-08-26,8003287,8003939,8,18,27
2023-08-26,8003287,8006320,11,17,127
2023-08-26,8003424,8001358,2,2,195
2023-08-26,8003424,8001976,2,2,600
2023-08-26,8003424,8003424,4,4,405
2023-08-26,8003470,8002180,0,15,0
2023-08-26,8003470,8003470,6,30,10
2023-08-26,8003470,8004273,6,15,12
2023-08-26,8003486,8001980,8,8,345
2023-08-26,8003486,8003486,13,14,306
2023-08-26,8003486,8003493,8,10,174
2023-08-26,8003493,8000187,9,10,195
2023-08-26,8003493,8003486,9,10,561
2023-08-26,8003493,8003493,15,20,363
2023-08-26,8003621,8003621,13,17,215
2023-08-26,8003621,8004564,5,9,173
2023-08-26,8003621,8005319,8,8,281
2023-08-26,8003638,8000978,3,15,12
2023-08-26,8003638,8003638,3,30,4
2023-08-26,8003638,8003965,0,15,0
2023-08-26,8003657,8000186,16,31,81
2023-08-26,8003657,8002953,15,18,82
2023-08-26,8003657,8003657,36,63,71
2023-08-26,8003716,8001700,8,17,95
2023-08-26,8003716,8003716,16,35,62
2023-08-26,8003716,8006320,9,18,42
2023-08-26,8003791,8001851,1,2,90
2023-08-26,8003791,8003791,3,4,360
2023-08-26,8003791,8006117,2,2,720
2023-08-26,8003896,8001137,16,17,111
2023-08-26,8003896,8003896,29,34,84
2023-08-26,8003896,8006379,8,17,71
2023-08-26,8003909,8001546,35,37,56
2023-08-26,8003909,8003909,57,74,45
2023-08-26,8003909,8005971,20,37,33
2023-08-26,8003916,8001520,23,37,46
2023-08-26,8003916,8001535,30,37,47
2023-08-26,8003916,8003916,55,74,41
2023-08-26,8003925,8000171,29,37,44
2023-08-26,8003925,8003925,55,74,44
2023-08-26,8003925,8005971,18,37,21
2023-08-26,8003936,8001526,22,37,24
2023-08-26,8003936,8001546,33,37,53
2023-08-26,8003936,8003936,70,74,47
2023-08-26,8003939,8002953,4,16,9
2023-08-26,8003939,8003287,10,17,124
2023-08-26,8003939,8003939,14,35,75
2023-08-26,8003946,8000081,21,37,27
2023-08-26,8003946,8001518,10,37,20
2023-08-26,8003946,8003946,30,74,24
2023-08-26,8003965,8003638,3,15,8
2023-08-26,8003965,8003965,3,30,6
2023-08-26,8003965,8003967,3,15,8
2023-08-26,8003967,8001066,8,35,11
2023-08-26,8003967,8003965,3,15,12
2023-08-26,8003967,8003967,13,30,21
2023-08-26,8003993,8000927,21,35,123
2023-08-26,8003993,8002073,16,32,81
2023-08-26,8003993,8003993,35,67,97
2023-08-26,8003998,8000904,1,2,15
2023-08-26,8003998,8002992,3,4,135
2023-08-26,8003998,8003998,5,6,75
2023-08-26,8004228,8000605,26,35,72
2023-08-26,8004228,8004228,35,67,79
2023-08-26,8004228,8006389,17,32,106
2023-08-26,8004230,8000081,28,43,223
2023-08-26,8004230,8004230,75,86,187
2023-08-26,8004230,8004419,39,43,134
2023-08-26,8004269,8000358,38,43,130
2023-08-26,8004269,8004269,68,86,178
2023-08-26,8004269,8004288,32,43,239
2023-08-26,8004273,8003470,0,15,0
2023-08-26,8004288,8004269,37,43,114
2023-08-26,8004288,8004288,69,86,176
2023-08-26,8004288,8004419,31,43,236
2023-08-26,8004419,8004230,33,43,238
2023-08-26,8004419,8004288,25,43,93
2023-08-26,8004419,8004419,70,86,176
2023-08-26,8004440,8001943,18,25,43
2023-08-26,8004440,8002512,11,24,44
2023-08-26,8004440,8004440,25,49,34
2023-08-26,8004448,8003168,25,30,312
2023-08-26,8004448,8004448,50,60,580
2023-08-26,8004474,8000358,26,43,225
2023-08-26,8004474,8001039,25,43,100
2023-08-26,8004474,8004474,55,86,164
2023-08-26,8004564,8001980,7,9,213
2023-08-26,8004564,8003621,7,8,322
2023-08-26,8004564,8004564,14,17,261
2023-08-26,8004642,8000605,15,32,85
2023-08-26,8004642,8002073,19,35,69
2023-08-26,8004642,8004642,30,67,71
2023-08-26,8004883,8000239,39,40,232
2023-08-26,8004883,8001530,34,39,207
2023-08-26,8004883,8004883,67,79,224
2023-08-26,8005227,8001357,16,20,51
2023-08-26,8005289,8000793,6,15,24
2023-08-26,8005289,8005289,6,30,12
2023-08-26,8005289,8006109,0,15,0
2023-08-26,8005319,8001851,8,8,251
2023-08-26,8005319,8003621,6,9,170
2023-08-26,8005319,8005319,14,17,224
2023-08-26,8005488,8000033,8,24,68
2023-08-26,8005488,8005488,22,49,54
2023-08-26,8005488,8006607,3,25,5
2023-08-26,8005525,8003783,18,18,165
2023-08-26,8005525,8005525,22,35,105
2023-08-26,8005525,8005526,4,17,34
2023-08-26,8005526,8001097,4,17,30
2023-08-26,8005526,8005525,18,18,180
2023-08-26,8005526,8005526,22,35,111
2023-08-26,8005555,8000966,13,13,212
2023-08-26,8005555,8005555,25,25,253
2023-08-26,8005555,8005569,12,12,305
2023-08-26,8005569,8005555,11,13,198
2023-08-26,8005569,8005569,23,25,250
2023-08-26,8005569,8006486,12,12,298
2023-08-26,8005731,8002826,2,2,150
2023-08-26,8005731,8002835,2,2,525
2023-08-26,8005731,8005731,4,4,352
2023-08-26,8005971,8003909,37,37,39
2023-08-26,8005971,8003925,36,37,47
2023-08-26,8005971,8005971,30,74,19
2023-08-26,8006109,8000978,0,15,0
2023-08-26,8006109,8005289,6,15,18
2023-08-26,8006109,8006109,3,30,4
2023-08-26,8006117,8003791,1,2,120
2023-08-26,8006117,8006117,3,4,405
2023-08-26,8006117,8006118,2,2,705
2023-08-26,8006118,8002826,2,2,645
2023-08-26,8006118,8006117,2,2,135
2023-08-26,8006118,8006118,4,4,420
2023-08-26,8006226,8000853,24,24,896
2023-08-26,8006226,8001515,15,16,1104
2023-08-26,8006226,8001537,8,8,1342
2023-08-26,8006226,8001585,16,17,210
2023-08-26,8006226,8001911,18,22,63
2023-08-26,8006226,8003168,26,31,254
2023-08-26,8006226,8006226,149,187,337
2023-08-26,8006226,8006386,31,34,134
2023-08-26,8006227,8001039,33,43,255
2023-08-26,8006227,8001905,43,43,157
2023-08-26,8006227,8006227,51,86,163
2023-08-26,8006320,8003287,7,18,22
2023-08-26,8006320,8003716,9,17,99
2023-08-26,8006320,8006320,28,52,91
2023-08-26,8006323,8001045,15,19,137
2023-08-26,8006323,8001093,31,34,110
2023-08-26,8006323,8006323,41,67,66
2023-08-26,8006342,8002745,18,31,52
2023-08-26,8006342,8006342,30,62,43
2023-08-26,8006342,8006383,11,31,40
2023-08-26,8006348,8000239,19,21,283
2023-08-26,8006348,8001323,20,21,331
2023-08-26,8006348,8006348,40,42,306
2023-08-26,8006379,8003896,17,17,125
2023-08-26,8006379,8005336,6,17,64
2023-08-26,8006379,8006379,25,34,110
2023-08-26,8006383,8006342,14,31,35
2023-08-26,8006383,8006383,24,62,30
2023-08-26,8006386,8000977,40,46,114
2023-08-26,8006386,8001795,10,17,392
2023-08-26,8006386,8002953,12,12,215
2023-08-26,8006386,8006226,25,34,56
2023-08-26,8006386,8006386,99,150,172
2023-08-26,8006386,8006510,16,24,52
2023-08-26,8006389,8000113,15,32,98
2023-08-26,8006389,8004228,21,35,59
2023-08-26,8006389,8006389,38,67,80
2023-08-26,8006486,8005569,11,13,189
2023-08-26,8006510,8001536,25,41,68
2023-08-26,8006510,8006386,24,24,141
2023-08-26,8006510,8006510,63,82,99
2023-08-26,8006710,8001035,14,24,26
2023-08-26,8006710,8006710,42,48,139
2023-08-26,8006710,8006711,23,24,224
2023-08-26,8006711,8006710,23,24,50
2023-08-26,8006711,8006711,44,48,129
2023-08-26,8006712,8002512,15,25,28
2023-08-26,8006712,8006712,35,49,41
2023-08-27,8000033,8000033,80,139,366
2023-08-27,8000033,8001795,35,46,676
2023-08-27,8000033,8002268,2,22,3
2023-08-27,8000033,8005488,10,24,18
2023-08-27,8000033,8006719,36,47,421
2023-08-27,8000037,8000037,105,161,283
2023-08-27,8000037,8000113,12,31,49
2023-08-27,8000037,8000171,2,2,855
2023-08-27,8000037,8000392,24,31,780
2023-08-27,8000037,8001524,7,17,14
2023-08-27,8000037,8001795,27,28,506
2023-08-27,8000037,8001836,5,17,11
2023-08-27,8000054,8000054,10,20,22
2023-08-27,8000054,8001137,5,6,50
2023-08-27,8000054,8001182,5,10,18
2023-08-27,8000054,8002992,8,9,43
2023-08-27,8000054,8006453,3,10,12
2023-08-27,8000081,8000081,142,236,69
2023-08-27,8000081,8001531,27,42,104
2023-08-27,8000081,8001542,15,34,36
2023-08-27,8000081,8003946,7,34,11
2023-08-27,8000081,8004230,39,42,96
2023-08-27,8000113,8000037,24,32,79
2023-08-27,8000113,8000113,32,63,59
2023-08-27,8000113,8001066,12,21,53
2023-08-27,8000113,8006389,14,31,72
2023-08-27,8000164,8000164,123,163,178
2023-08-27,8000164,8001327,66,84,196
2023-08-27,8000164,8001900,21,22,308
2023-08-27,8000164,8001909,23,23,303
2023-08-27,8000164,8002223,9,13,58
2023-08-27,8000164,8002779,12,15,208
2023-08-27,8000171,8000037,2,2,255
2023-08-27,8000171,8000171,67,101,433
2023-08-27,8000171,8000392,31,49,324
2023-08-27,8000171,8001061,29,31,846
2023-08-27,8000171,8002745,6,18,30
2023-08-27,8000171,8003925,11,34,17
2023-08-27,8000186,8003090,0,17,0
2023-08-27,8000186,8003657,0,18,0
2023-08-27,8000239,8000239,50,64,163
2023-08-27,8000239,8001097,7,15,110
2023-08-27,8000239,8004883,25,34,99
2023-08-27,8000239,8006348,16,17,344
2023-08-27,8000358,8000358,47,84,78
2023-08-27,8000358,8004269,27,42,109
2023-08-27,8000358,8004474,21,42,50
2023-08-27,8000392,8000037,25,30,468
2023-08-27,8000392,8000171,34,50,507
2023-08-27,8000392,8000392,67,99,414
2023-08-27,8000392,8001545,12,19,134
2023-08-27,8000605,8000113,1,1,60
2023-08-27,8000605,8000605,37,63,61
2023-08-27,8000605,8004228,14,31,42
2023-08-27,8000605,8004642,17,31,69
2023-08-27,8000745,8000745,41,62,204
2023-08-27,8000745,8001093,17,32,69
2023-08-27,8000745,8001394,26,30,330
2023-08-27,8000793,8000793,4,14,39
2023-08-27,8000793,8002180,3,7,69
2023-08-27,8000793,8005289,0,7,0
2023-08-27,8000904,8000904,2,2,210
2023-08-27,8000904,8003998,2,2,210
2023-08-27,8000927,8000927,19,27,98
2023-08-27,8000927,8000966,11,14,116
2023-08-27,8000927,8003993,11,32,37
2023-08-27,8000966,8000927,10,13,106
2023-08-27,8000966,8000966,19,22,128
2023-08-27,8000966,8005555,9,11,161
2023-08-27,8000977,8000977,56,88,89
2023-08-27,8000977,8006386,19,44,52
2023-08-27,8000978,8000978,3,14,34
2023-08-27,8000978,8003638,0,7,0
2023-08-27,8000978,8006109,3,7,60
2023-08-27,8001035,8001035,27,44,87
2023-08-27,8001035,8006710,20,22,151
2023-08-27,8001038,8001038,30,73,49
2023-08-27,8001038,8002639,19,36,69
2023-08-27,8001038,8006194,5,37,16
2023-08-27,8001039,8001039,44,84,78
2023-08-27,8001039,8004474,27,42,111
2023-08-27,8001039,8006227,10,42,28
2023-08-27,8001045,8001045,49,65,309
2023-08-27,8001045,8002680,12,14,435
2023-08-27,8001045,8003986,26,32,258
2023-08-27,8001045,8006323,10,17,390
2023-08-27,8001061,8000171,25,30,446
2023-08-27,8001061,8001061,55,61,657
2023-08-27,8001061,8001558,17,17,1149
2023-08-27,8001066,8000113,13,20,20
2023-08-27,8001066,8001066,28,41,44
2023-08-27,8001066,8003967,13,21,53
2023-08-27,8001093,8000745,27,30,337
2023-08-27,8001093,8001093,44,62,180
2023-08-27,8001093,8006323,17,32,60
2023-08-27,8001097,8000239,14,15,-128
2023-08-27,8001097,8001097,30,30,94
2023-08-27,8001097,8005526,15,15,174
2023-08-27,8001137,8000054,4,6,25
2023-08-27,8001137,8000904,1,2,225
2023-08-27,8001137,8001137,20,30,85
2023-08-27,8001137,8002992,7,7,184
2023-08-27,8001137,8003896,10,15,60
2023-08-27,8001182,8000054,6,10,24
2023-08-27,8001357,8001357,16,32,53
2023-08-27,8001357,8002514,9,16,51
2023-08-27,8001357,8005227,8,16,73
2023-08-27,8001394,8000745,21,31,82
2023-08-27,8001394,8001394,47,61,203
2023-08-27,8001394,8001692,26,30,332
2023-08-27,8001505,8001505,61,84,100
2023-08-27,8001505,8001525,27,42,105
2023-08-27,8001505,8001531,34,42,82
2023-08-27,8001515,8001515,43,56,530
2023-08-27,8001515,8001537,20,28,680
2023-08-27,8001515,8001543,13,13,203
2023-08-27,8001515,8006226,12,15,598
2023-08-27,8001516,8001549,35,35,57
2023-08-27,8001517,8001517,53,68,62
2023-08-27,8001517,8001529,25,34,69
2023-08-27,8001517,8001535,17,34,38
2023-08-27,8001518,8001518,34,68,30
2023-08-27,8001518,8001520,6,34,8
2023-08-27,8001518,8003946,25,34,49
2023-08-27,8001519,8001519,59,84,94
2023-08-27,8001519,8001525,28,42,89
2023-08-27,8001519,8001543,31,42,101
2023-08-27,8001520,8001518,15,34,34
2023-08-27,8001520,8001520,33,68,33
2023-08-27,8001520,8003916,31,34,38
2023-08-27,8001523,8001523,26,38,87
2023-08-27,8001523,8001545,17,19,55
2023-08-27,8001524,8000037,5,19,9
2023-08-27,8001524,8001524,12,36,15
2023-08-27,8001525,8001505,26,42,84
2023-08-27,8001525,8001519,27,42,94
2023-08-27,8001525,8001525,52,84,91
2023-08-27,8001526,8001526,43,68,42
2023-08-27,8001526,8001529,32,34,81
2023-08-27,8001526,8003936,9,34,27
2023-08-27,8001527,8001527,63,76,84
2023-08-27,8001527,8001536,20,38,62
2023-08-27,8001528,8001329,12,15,154
2023-08-27,8001528,8001528,24,30,185
2023-08-27,8001528,8001539,11,15,206
2023-08-27,8001529,8001517,27,34,68
2023-08-27,8001529,8001526,10,34,34
2023-08-27,8001529,8001529,58,68,62
2023-08-27,8001530,8001530,62,68,128
2023-08-27,8001530,8001533,25,34,108
2023-08-27,8001530,8004883,32,34,256
2023-08-27,8001531,8000081,28,42,81
2023-08-27,8001531,8001505,27,42,106
2023-08-27,8001531,8001531,55,84,89
2023-08-27,8001532,8001532,23,30,229
2023-08-27,8001532,8001544,13,15,168
2023-08-27,8001533,8001530,33,34,250
2023-08-27,8001533,8001533,58,68,218
2023-08-27,8001535,8001517,25,34,45
2023-08-27,8001535,8001535,55,68,48
2023-08-27,8001535,8003916,29,34,48
2023-08-27,8001536,8001527,28,38,54
2023-08-27,8001536,8001536,33,76,48
2023-08-27,8001536,8006510,32,38,77
2023-08-27,8001537,8001515,22,28,388
2023-08-27,8001537,8001537,56,70,625
2023-08-27,8001537,8003169,28,35,828
2023-08-27,8001537,8006226,6,7,549
2023-08-27,8001539,8001528,12,15,154
2023-08-27,8001539,8001539,23,30,173
2023-08-27,8001539,8001541,11,15,208
2023-08-27,8001540,8001540,49,69,46
2023-08-27,8001540,8001542,17,35,23
2023-08-27,8001540,8001549,34,34,109
2023-08-27,8001541,8001539,12,15,132
2023-08-27,8001541,8001541,22,30,175
2023-08-27,8001541,8001544,11,15,264
2023-08-27,8001542,8000081,0,35,-2
2023-08-27,8001542,8001540,17,34,39
2023-08-27,8001542,8001542,31,69,25
2023-08-27,8001543,8001327,77,85,176
2023-08-27,8001543,8001515,10,13,448
2023-08-27,8001543,8001519,27,42,86
2023-08-27,8001543,8001543,134,169,164
2023-08-27,8001544,8001532,9,15,312
2023-08-27,8001544,8001541,12,15,170
2023-08-27,8001544,8001544,23,30,242
2023-08-27,8001545,8000392,8,19,25
2023-08-27,8001545,8001523,10,19,123
2023-08-27,8001545,8001545,22,38,82
2023-08-27,8001546,8001546,42,68,44
2023-08-27,8001546,8003909,13,34,28
2023-08-27,8001546,8003936,34,34,62
2023-08-27,8001549,8001516,33,34,71
2023-08-27,8001549,8001540,23,35,35
2023-08-27,8001549,8001549,69,69,79
2023-08-27,8001692,8001394,16,31,70
2023-08-27,8001692,8001692,42,61,205
2023-08-27,8001692,8002262,24,30,345
2023-08-27,8001700,8001700,7,18,45
2023-08-27,8001700,8003018,4,9,60
2023-08-27,8001700,8003716,1,9,3
2023-08-27,8001729,8001729,0,4,0
2023-08-27,8001795,8000033,38,47,437
2023-08-27,8001795,8000037,26,28,886
2023-08-27,8001795,8001795,73,93,549
2023-08-27,8001795,8006386,9,16,212
2023-08-27,8001836,8000037,11,17,41
2023-08-27,8001836,8001836,19,34,25
2023-08-27,8001836,8002754,8,17,23
2023-08-27,8001851,8005319,6,6,170
2023-08-27,8001943,8001943,27,46,34
2023-08-27,8001943,8002267,10,24,30
2023-08-27,8001943,8004440,3,22,8
2023-08-27,8001980,8001980,11,12,232
2023-08-27,8001980,8003486,4,6,155
2023-08-27,8001980,8004564,6,6,280
2023-08-27,8002073,8002073,43,60,64
2023-08-27,8002073,8003993,22,31,83
2023-08-27,8002073,8004642,12,29,36
2023-08-27,8002180,8000793,0,7,0
2023-08-27,8002180,8002180,3,14,34
2023-08-27,8002180,8003470,3,7,73
2023-08-27,8002262,8001692,21,31,90
2023-08-27,8002262,8002262,47,61,217
2023-08-27,8002262,8005276,22,30,325
2023-08-27,8002267,8001943,8,22,12
2023-08-27,8002267,8002267,14,46,14
2023-08-27,8002267,8002509,14,24,28
2023-08-27,8002268,8000033,6,24,15
2023-08-27,8002268,8002268,12,46,15
2023-08-27,8002268,8002509,4,22,5
2023-08-27,8002509,8002267,5,22,7
2023-08-27,8002509,8002268,10,24,26
2023-08-27,8002509,8002509,18,46,18
2023-08-27,8002512,8002512,28,46,38
2023-08-27,8002512,8004440,12,24,40
2023-08-27,8002512,8006712,8,22,29
2023-08-27,8002514,8001357,6,16,60
2023-08-27,8002514,8002514,14,32,58
2023-08-27,8002514,8002769,11,16,68
2023-08-27,8002639,8001038,12,37,28
2023-08-27,8002639,8002639,26,73,41
2023-08-27,8002639,8002640,13,36,48
2023-08-27,8002640,8002639,6,37,24
2023-08-27,8002680,8000441,32,33,486
2023-08-27,8002680,8001045,12,12,128
2023-08-27,8002680,8002680,44,65,269
2023-08-27,8002680,8003168,13,18,142
2023-08-27,8002745,8000171,12,18,130
2023-08-27,8002745,8002745,18,36,86
2023-08-27,8002745,8006342,7,18,35
2023-08-27,8002754,8001836,4,17,11
2023-08-27,8002754,8002754,10,34,16
2023-08-27,8002754,8003166,6,17,18
2023-08-27,8002769,8002514,7,16,56
2023-08-27,8002779,8000164,13,15,152
2023-08-27,8002779,8001328,12,15,220
2023-08-27,8002779,8002779,25,30,201
2023-08-27,8002953,8002953,30,53,73
2023-08-27,8002953,8003657,12,14,161
2023-08-27,8002953,8003939,6,8,79
2023-08-27,8002953,8006386,5,11,35
2023-08-27,8002992,8000054,9,9,217
2023-08-27,8002992,8001137,4,9,47
2023-08-27,8002992,8002992,12,18,113
2023-08-27,8003018,8001700,1,9,10
2023-08-27,8003018,8003018,5,18,28
2023-08-27,8003090,8000186,2,17,4
2023-08-27,8003090,8003090,19,34,21
2023-08-27,8003090,8003166,17,17,58
2023-08-27,8003166,8002754,4,17,11
2023-08-27,8003166,8003090,2,17,5
2023-08-27,8003166,8003166,13,34,14
2023-08-27,8003168,8002680,18,18,382
2023-08-27,8003168,8003168,117,138,457
2023-08-27,8003168,8003169,29,35,444
2023-08-27,8003168,8004448,23,28,827
2023-08-27,8003168,8006226,29,33,294
2023-08-27,8003168,8006449,5,6,250
2023-08-27,8003169,8001537,28,35,435
2023-08-27,8003169,8003168,29,35,808
2023-08-27,8003169,8003169,57,70,631
2023-08-27,8003287,8003287,8,18,68
2023-08-27,8003287,8003939,2,9,7
2023-08-27,8003287,8006320,6,9,113
2023-08-27,8003470,8002180,0,7,0
2023-08-27,8003470,8003470,4,14,41
2023-08-27,8003470,8004273,4,7,69
2023-08-27,8003486,8001980,6,6,335
2023-08-27,8003486,8003486,11,12,250
2023-08-27,8003486,8003493,5,7,129
2023-08-27,8003493,8000187,6,7,133
2023-08-27,8003493,8003486,5,8,169
2023-08-27,8003493,8003493,10,15,136
2023-08-27,8003621,8003621,9,12,232
2023-08-27,8003621,8004564,6,6,190
2023-08-27,8003621,8005319,4,6,235
2023-08-27,8003638,8000978,3,7,69
2023-08-27,8003638,8003638,3,14,30
2023-08-27,8003638,8003965,0,7,0
2023-08-27,8003657,8000186,12,18,115
2023-08-27,8003657,8002953,17,18,55
2023-08-27,8003657,8003657,30,36,78
2023-08-27,8003716,8001700,5,9,73
2023-08-27,8003716,8003716,5,18,40
2023-08-27,8003716,8006320,2,9,10
2023-08-27,8003896,8001137,12,15,118
2023-08-27,8003896,8003896,25,30,95
2023-08-27,8003896,8006379,8,15,68
2023-08-27,8003909,8001546,33,34,64
2023-08-27,8003909,8003909,47,68,54
2023-08-27,8003909,8005971,12,34,30
2023-08-27,8003916,8001520,23,34,63
2023-08-27,8003916,8001535,26,34,55
2023-08-27,8003916,8003916,51,68,46
2023-08-27,8003925,8000171,27,34,54
2023-08-27,8003925,8003925,52,68,50
2023-08-27,8003925,8005971,16,34,17
2023-08-27,8003936,8001526,18,34,33
2023-08-27,8003936,8001546,30,34,61
2023-08-27,8003936,8003936,64,68,56
2023-08-27,8003939,8002953,2,8,8
2023-08-27,8003939,8003287,6,9,127
2023-08-27,8003939,8003939,8,18,75
2023-08-27,8003946,8000081,19,34,40
2023-08-27,8003946,8001518,8,34,9
2023-08-27,8003946,8003946,26,68,25
2023-08-27,8003965,8003638,3,7,60
2023-08-27,8003965,8003965,3,14,34
2023-08-27,8003965,8003967,0,7,-4
2023-08-27,8003967,8001066,6,20,10
2023-08-27,8003967,8003965,3,7,69
2023-08-27,8003967,8003967,4,14,41
2023-08-27,8003993,8000605,2,3,20
2023-08-27,8003993,8000927,20,31,83
2023-08-27,8003993,8002073,22,29,58
2023-08-27,8003993,8003993,36,63,63
2023-08-27,8003998,8002992,1,2,150
2023-08-27,8003998,8003998,2,2,180
2023-08-27,8004228,8000113,0,2,0
2023-08-27,8004228,8000605,23,31,76
2023-08-27,8004228,8004228,25,62,54
2023-08-27,8004228,8006389,15,29,55
2023-08-27,8004230,8000081,24,42,94
2023-08-27,8004230,8004230,66,84,98
2023-08-27,8004230,8004419,34,42,85
2023-08-27,8004269,8000358,30,42,68
2023-08-27,8004269,8004269,57,84,90
2023-08-27,8004269,8004288,29,42,117
2023-08-27,8004273,8003470,0,7,0
2023-08-27,8004288,8004269,26,42,65
2023-08-27,8004288,8004288,55,84,88
2023-08-27,8004288,8004419,27,42,106
2023-08-27,8004419,8004230,27,42,110
2023-08-27,8004419,8004288,18,42,51
2023-08-27,8004419,8004419,61,84,90
2023-08-27,8004440,8001943,20,24,72
2023-08-27,8004440,8002512,11,22,30
2023-08-27,8004440,8004440,28,46,39
2023-08-27,8004448,8003168,21,27,339
2023-08-27,8004448,8004448,46,55,602
2023-08-27,8004474,8000358,27,42,104
2023-08-27,8004474,8001039,15,42,38
2023-08-27,8004474,8004474,48,84,74
2023-08-27,8004564,8001980,5,6,210
2023-08-27,8004564,8003621,6,6,355
2023-08-27,8004564,8004564,12,12,262
2023-08-27,8004642,8000605,16,29,51
2023-08-27,8004642,8002073,21,31,74
2023-08-27,8004642,8004642,36,60,58
2023-08-27,8004883,8000239,32,34,241
2023-08-27,8004883,8001530,30,34,-1
2023-08-27,8004883,8004883,60,68,124
2023-08-27,8005227,8001357,8,16,39
2023-08-27,8005289,8000793,4,7,86
2023-08-27,8005289,8005289,4,14,43
2023-08-27,8005289,8006109,0,7,0
2023-08-27,8005319,8001851,5,6,245
2023-08-27,8005319,8003621,6,6,195
2023-08-27,8005319,8005319,11,12,212
2023-08-27,8005488,8000033,1,22,-4
2023-08-27,8005488,8005488,15,46,13
2023-08-27,8005488,8006607,4,24,10
2023-08-27,8005525,8003783,15,15,170
2023-08-27,8005525,8005525,16,30,105
2023-08-27,8005525,8005526,1,15,28
2023-08-27,8005526,8001097,1,15,28
2023-08-27,8005526,8005525,15,15,188
2023-08-27,8005526,8005526,16,30,110
2023-08-27,8005555,8000966,10,11,101
2023-08-27,8005555,8005555,19,22,125
2023-08-27,8005555,8005569,9,11,175
2023-08-27,8005569,8005555,5,11,60
2023-08-27,8005569,8005569,14,22,117
2023-08-27,8005569,8006486,10,11,128
2023-08-27,8005971,8003909,34,34,56
2023-08-27,8005971,8003925,34,34,60
2023-08-27,8005971,8005971,29,68,24
2023-08-27,8006109,8000978,0,7,0
2023-08-27,8006109,8005289,4,7,77
2023-08-27,8006109,8006109,3,14,30
2023-08-27,8006226,8000853,19,22,815
2023-08-27,8006226,8001515,14,15,828
2023-08-27,8006226,8001537,6,7,1427
2023-08-27,8006226,8001585,16,16,259
2023-08-27,8006226,8001911,17,21,100
2023-08-27,8006226,8003168,25,31,169
2023-08-27,8006226,8006226,133,180,322
2023-08-27,8006226,8006386,30,32,115
2023-08-27,8006227,8001039,29,42,131
2023-08-27,8006227,8001905,42,42,77
2023-08-27,8006227,8006227,38,84,75
2023-08-27,8006320,8003287,0,9,0
2023-08-27,8006320,8003716,4,9,83
2023-08-27,8006320,8006320,19,35,93
2023-08-27,8006323,8001045,14,17,208
2023-08-27,8006323,8001093,28,30,320
2023-08-27,8006323,8006323,45,62,170
2023-08-27,8006342,8002745,10,18,137
2023-08-27,8006342,8006342,17,36,88
2023-08-27,8006342,8006383,8,18,50
2023-08-27,8006348,8000239,14,17,277
2023-08-27,8006348,8001323,16,17,409
2023-08-27,8006348,8006348,31,34,330
2023-08-27,8006379,8003896,15,15,156
2023-08-27,8006379,8005336,8,15,50
2023-08-27,8006379,8006379,23,30,125
2023-08-27,8006383,8006342,8,18,125
2023-08-27,8006383,8006383,15,36,79
2023-08-27,8006386,8000977,38,44,116
2023-08-27,8006386,8001795,9,16,266
2023-08-27,8006386,8002953,11,11,155
2023-08-27,8006386,8006226,22,32,68
2023-08-27,8006386,8006386,84,142,116
2023-08-27,8006386,8006510,10,23,44
2023-08-27,8006389,8000113,13,29,48
2023-08-27,8006389,8004228,17,31,69
2023-08-27,8006389,8006389,33,60,64
2023-08-27,8006486,8005569,5,11,60
2023-08-27,8006510,8001536,13,38,42
2023-08-27,8006510,8006386,21,23,110
2023-08-27,8006510,8006510,49,76,73
2023-08-27,8006710,8001035,14,22,74
2023-08-27,8006710,8006710,35,44,104
2023-08-27,8006710,8006711,18,22,138
2023-08-27,8006711,8006710,22,22,50
2023-08-27,8006711,8006711,40,44,85
2023-08-27,8006712,8002512,18,24,41
2023-08-27,8006712,8006712,27,46,35
2023-08-28,8000033,8000033,99,145,344
2023-08-28,8000033,8001795,43,51,572
2023-08-28,8000033,8002268,5,22,38
2023-08-28,8000033,8005488,13,21,27
2023-08-28,8000033,8006719,42,51,381
2023-08-28,8000037,8000037,136,202,164
2023-08-28,8000037,8000113,17,35,65
2023-08-28,8000037,8000171,2,2,285
2023-08-28,8000037,8000392,28,34,401
2023-08-28,8000037,8001524,19,34,16
2023-08-28,8000037,8001795,29,31,380
2023-08-28,8000037,8001836,10,31,30
2023-08-28,8000054,8000054,8,18,28
2023-08-28,8000054,8001137,6,6,50
2023-08-28,8000054,8001182,3,9,10
2023-08-28,8000054,8002992,10,11,63
2023-08-28,8000054,8006453,4,12,10
2023-08-28,8000081,8000081,164,275,122
2023-08-28,8000081,8001531,18,42,53
2023-08-28,8000081,8001542,20,54,22
2023-08-28,8000081,8003946,13,56,22
2023-08-28,8000081,8004230,69,69,264
2023-08-28,8000113,8000037,34,35,111
2023-08-28,8000113,8000113,49,70,84
2023-08-28,8000113,8001066,29,37,80
2023-08-28,8000113,8006389,25,35,93
2023-08-28,8000164,8000164,137,165,256
2023-08-28,8000164,8001327,67,83,293
2023-08-28,8000164,8001900,18,20,268
2023-08-28,8000164,8001909,21,21,474
2023-08-28,8000164,8002223,12,16,64
2023-08-28,8000164,8002779,17,18,200
2023-08-28,8000171,8000037,2,2,825
2023-08-28,8000171,8000171,90,139,218
2023-08-28,8000171,8000392,34,67,177
2023-08-28,8000171,8001061,30,34,426
2023-08-28,8000171,8002745,22,34,63
2023-08-28,8000171,8003925,14,39,29
2023-08-28,8000186,8003090,0,31,0
2023-08-28,8000186,8003657,2,34,44
2023-08-28,8000239,8000239,55,76,312
2023-08-28,8000239,8001097,9,18,88
2023-08-28,8000239,8004883,32,54,179
2023-08-28,8000239,8006348,17,20,670
2023-08-28,8000358,8000358,107,138,197
2023-08-28,8000358,8004269,55,69,194
2023-08-28,8000358,8004474,55,69,201
2023-08-28,8000392,8000037,29,33,328
2023-08-28,8000392,8000171,49,68,228
2023-08-28,8000392,8000392,95,135,203
2023-08-28,8000392,8001545,22,34,55
2023-08-28,8000605,8000605,49,70,129
2023-08-28,8000605,8004228,19,35,53
2023-08-28,8000605,8004642,28,35,194
2023-08-28,8000745,8000745,53,69,640
2023-08-28,8000745,8001093,20,35,590
2023-08-28,8000745,8001394,30,34,947
2023-08-28,8000793,8000793,11,30,91
2023-08-28,8000793,8002180,8,15,96
2023-08-28,8000793,8005289,1,17,69
2023-08-28,8000904,8000904,6,6,150
2023-08-28,8000904,8001137,1,2,60
2023-08-28,8000904,8003998,4,4,158
2023-08-28,8000927,8000927,28,32,193
2023-08-28,8000927,8000966,16,17,279
2023-08-28,8000927,8003993,15,35,45
2023-08-28,8000966,8000927,14,17,85
2023-08-28,8000966,8000966,17,17,131
2023-08-28,8000966,8005555,8,8,195
2023-08-28,8000977,8000977,49,83,69
2023-08-28,8000977,8006386,14,42,41
2023-08-28,8000978,8000978,10,33,82
2023-08-28,8000978,8003638,1,17,64
2023-08-28,8000978,8006109,9,16,86
2023-08-28,8001035,8001035,47,68,90
2023-08-28,8001035,8006710,34,34,171
2023-08-28,8001038,8001038,66,80,175
2023-08-28,8001038,8002639,33,40,160
2023-08-28,8001038,8006194,28,40,264
2023-08-28,8001039,8001039,101,125,189
2023-08-28,8001039,8004474,44,56,227
2023-08-28,8001039,8006227,41,69,125
2023-08-28,8001045,8001045,85,96,454
2023-08-28,8001045,8001061,0,1,0
2023-08-28,8001045,8002680,14,16,531
2023-08-28,8001045,8003986,47,49,457
2023-08-28,8001045,8006323,28,29,612
2023-08-28,8001061,8000171,24,33,328
2023-08-28,8001061,8001061,55,67,381
2023-08-28,8001061,8001558,18,18,658
2023-08-28,8001066,8000113,24,36,89
2023-08-28,8001066,8001066,52,73,88
2023-08-28,8001066,8003967,31,37,79
2023-08-28,8001093,8000745,34,34,964
2023-08-28,8001093,8001093,53,69,885
2023-08-28,8001093,8006323,20,35,855
2023-08-28,8001097,8000239,17,18,132
2023-08-28,8001097,8001097,28,36,105
2023-08-28,8001097,8005526,11,18,167
2023-08-28,8001137,8000054,6,6,55
2023-08-28,8001137,8000904,4,4,202
2023-08-28,8001137,8001137,28,34,78
2023-08-28,8001137,8002992,7,7,77
2023-08-28,8001137,8003896,12,17,65
2023-08-28,8001182,8000054,6,9,50
2023-08-28,8001357,8001357,24,38,115
2023-08-28,8001357,8002514,13,19,115
2023-08-28,8001357,8005227,12,19,131
2023-08-28,8001394,8000745,26,35,258
2023-08-28,8001394,8001394,56,69,563
2023-08-28,8001394,8001692,31,34,953
2023-08-28,8001505,8001505,50,84,118
2023-08-28,8001505,8001525,20,42,71
2023-08-28,8001505,8001531,27,42,155
2023-08-28,8001515,8001515,42,57,376
2023-08-28,8001515,8001537,22,28,494
2023-08-28,8001515,8001543,14,16,139
2023-08-28,8001515,8006226,11,13,452
2023-08-28,8001516,8001549,43,54,56
2023-08-28,8001517,8001517,68,112,52
2023-08-28,8001517,8001529,34,56,51
2023-08-28,8001517,8001535,30,56,37
2023-08-28,8001518,8001518,58,112,31
2023-08-28,8001518,8001520,18,56,20
2023-08-28,8001518,8003946,35,56,41
2023-08-28,8001519,8001519,46,84,116
2023-08-28,8001519,8001525,26,42,169
2023-08-28,8001519,8001543,20,42,64
2023-08-28,8001520,8001518,25,56,27
2023-08-28,8001520,8001520,53,112,34
2023-08-28,8001520,8003916,40,56,46
2023-08-28,8001523,8001523,18,40,37
2023-08-28,8001523,8001545,7,20,16
2023-08-28,8001524,8000037,11,34,24
2023-08-28,8001524,8001524,32,68,27
2023-08-28,8001525,8001505,23,42,159
2023-08-28,8001525,8001519,19,42,62
2023-08-28,8001525,8001525,43,84,114
2023-08-28,8001526,8001526,58,112,33
2023-08-28,8001526,8001529,39,56,63
2023-08-28,8001526,8003936,16,56,17
2023-08-28,8001527,8001527,54,78,68
2023-08-28,8001527,8001536,21,39,54
2023-08-28,8001528,8001329,15,18,100
2023-08-28,8001528,8001528,31,36,150
2023-08-28,8001528,8001539,15,18,190
2023-08-28,8001529,8001517,34,56,59
2023-08-28,8001529,8001526,19,56,27
2023-08-28,8001529,8001529,73,112,50
2023-08-28,8001530,8001530,87,106,260
2023-08-28,8001530,8001533,40,54,208
2023-08-28,8001530,8004883,44,52,310
2023-08-28,8001531,8000081,23,42,151
2023-08-28,8001531,8001505,22,42,62
2023-08-28,8001531,8001531,43,84,102
2023-08-28,8001532,8001532,36,36,178
2023-08-28,8001532,8001544,18,18,132
2023-08-28,8001533,8001530,48,52,309
2023-08-28,8001533,8001533,83,106,250
2023-08-28,8001535,8001517,33,56,41
2023-08-28,8001535,8001535,71,112,42
2023-08-28,8001535,8003916,34,56,40
2023-08-28,8001536,8001527,26,39,44
2023-08-28,8001536,8001536,40,78,43
2023-08-28,8001536,8006510,27,39,62
2023-08-28,8001537,8001515,21,29,279
2023-08-28,8001537,8001537,56,73,480
2023-08-28,8001537,8003169,28,36,674
2023-08-28,8001537,8006226,7,8,278
2023-08-28,8001539,8001528,14,18,98
2023-08-28,8001539,8001539,30,36,138
2023-08-28,8001539,8001541,16,18,200
2023-08-28,8001540,8001540,64,108,41
2023-08-28,8001540,8001542,20,54,31
2023-08-28,8001540,8001549,46,54,79
2023-08-28,8001541,8001539,13,18,70
2023-08-28,8001541,8001541,30,36,142
2023-08-28,8001541,8001544,16,18,202
2023-08-28,8001542,8000081,2,54,9
2023-08-28,8001542,8001540,24,54,24
2023-08-28,8001542,8001542,40,108,22
2023-08-28,8001543,8001327,63,83,199
2023-08-28,8001543,8001515,12,15,362
2023-08-28,8001543,8001519,25,42,167
2023-08-28,8001543,8001543,124,166,221
2023-08-28,8001544,8001532,16,18,213
2023-08-28,8001544,8001541,15,18,117
2023-08-28,8001544,8001544,32,36,164
2023-08-28,8001545,8000392,15,34,23
2023-08-28,8001545,8001523,12,20,63
2023-08-28,8001545,8001545,30,68,36
2023-08-28,8001546,8001546,49,112,31
2023-08-28,8001546,8003909,18,56,18
2023-08-28,8001546,8003936,39,56,45
2023-08-28,8001549,8001516,41,54,48
2023-08-28,8001549,8001540,24,54,39
2023-08-28,8001549,8001549,89,108,64
2023-08-28,8001692,8001394,22,35,174
2023-08-28,8001692,8001692,54,69,563
2023-08-28,8001692,8002262,32,34,967
2023-08-28,8001700,8001700,24,40,111
2023-08-28,8001700,8003018,15,20,154
2023-08-28,8001700,8003716,7,20,57
2023-08-28,8001729,8001729,0,8,0
2023-08-28,8001729,8004406,0,3,0
2023-08-28,8001795,8000033,44,51,390
2023-08-28,8001795,8000037,26,32,457
2023-08-28,8001795,8001795,86,102,479
2023-08-28,8001795,8006386,12,18,563
2023-08-28,8001836,8000037,20,31,62
2023-08-28,8001836,8001836,34,62,41
2023-08-28,8001836,8002754,14,31,39
2023-08-28,8001851,8005319,5,8,90
2023-08-28,8001943,8001943,27,43,49
2023-08-28,8001943,8002267,10,21,34
2023-08-28,8001943,8004440,6,22,38
2023-08-28,8001980,8001980,12,16,156
2023-08-28,8001980,8003486,5,8,98
2023-08-28,8001980,8004564,8,8,210
2023-08-28,8002073,8002073,53,70,125
2023-08-28,8002073,8003993,30,35,196
2023-08-28,8002073,8004642,16,35,45
2023-08-28,8002180,8000793,1,15,78
2023-08-28,8002180,8002180,8,30,84
2023-08-28,8002180,8003470,10,15,100
2023-08-28,8002262,8001692,25,35,188
2023-08-28,8002262,8002262,59,69,573
2023-08-28,8002262,8005276,27,34,949
2023-08-28,8002267,8001943,11,22,45
2023-08-28,8002267,8002267,16,43,32
2023-08-28,8002267,8002509,12,21,36
2023-08-28,8002268,8000033,10,21,36
2023-08-28,8002268,8002268,14,43,40
2023-08-28,8002268,8002509,5,22,45
2023-08-28,8002509,8002267,8,22,42
2023-08-28,8002509,8002268,9,21,37
2023-08-28,8002509,8002509,17,43,43
2023-08-28,8002512,8002512,34,43,52
2023-08-28,8002512,8004440,11,21,34
2023-08-28,8002512,8006712,11,22,52
2023-08-28,8002514,8001357,12,19,117
2023-08-28,8002514,8002514,24,38,118
2023-08-28,8002514,8002769,19,19,106
2023-08-28,8002639,8001038,25,40,101
2023-08-28,8002639,8002639,53,80,124
2023-08-28,8002639,8002640,26,40,126
2023-08-28,8002640,8002639,15,40,113
2023-08-28,8002680,8000441,32,38,527
2023-08-28,8002680,8001045,17,17,364
2023-08-28,8002680,8002680,53,75,486
2023-08-28,8002680,8003168,15,19,663
2023-08-28,8002745,8000171,25,34,48
2023-08-28,8002745,8002745,46,68,59
2023-08-28,8002745,8006342,22,34,51
2023-08-28,8002754,8001836,7,31,19
2023-08-28,8002754,8002754,29,62,35
2023-08-28,8002754,8003166,17,31,44
2023-08-28,8002769,8002514,15,19,106
2023-08-28,8002779,8000164,18,18,173
2023-08-28,8002779,8001328,17,18,203
2023-08-28,8002779,8002779,35,36,198
2023-08-28,8002953,8002953,40,72,96
2023-08-28,8002953,8003657,12,15,204
2023-08-28,8002953,8003939,13,17,116
2023-08-28,8002953,8006386,8,14,54
2023-08-28,8002992,8000054,10,11,120
2023-08-28,8002992,8001137,6,9,53
2023-08-28,8002992,8002992,17,22,76
2023-08-28,8002992,8003998,2,2,75
2023-08-28,8003018,8001700,8,20,62
2023-08-28,8003018,8003018,19,40,98
2023-08-28,8003090,8000186,8,31,16
2023-08-28,8003090,8003090,37,62,27
2023-08-28,8003090,8003166,30,31,66
2023-08-28,8003166,8002754,12,31,26
2023-08-28,8003166,8003090,7,31,17
2023-08-28,8003166,8003166,36,62,30
2023-08-28,8003168,8002680,16,19,488
2023-08-28,8003168,8003168,111,145,497
2023-08-28,8003168,8003169,31,37,319
2023-08-28,8003168,8004448,21,28,692
2023-08-28,8003168,8006226,32,35,726
2023-08-28,8003168,8006449,6,7,99
2023-08-28,8003169,8001537,29,37,306
2023-08-28,8003169,8003168,28,36,648
2023-08-28,8003169,8003169,59,73,489
2023-08-28,8003287,8003287,20,40,107
2023-08-28,8003287,8003939,7,20,56
2023-08-28,8003287,8006320,14,20,165
2023-08-28,8003470,8002180,1,15,78
2023-08-28,8003470,8003470,12,30,96
2023-08-28,8003470,8004273,11,15,98
2023-08-28,8003486,8001980,7,8,281
2023-08-28,8003486,8003486,11,15,174
2023-08-28,8003486,8003493,8,13,81
2023-08-28,8003493,8000187,7,13,90
2023-08-28,8003493,8003486,11,13,157
2023-08-28,8003493,8003493,16,26,111
2023-08-28,8003621,8003621,15,16,172
2023-08-28,8003621,8004564,7,8,112
2023-08-28,8003621,8005319,8,8,184
2023-08-28,8003638,8000978,9,16,94
2023-08-28,8003638,8003638,9,33,71
2023-08-28,8003638,8003965,1,17,62
2023-08-28,8003657,8000186,15,33,116
2023-08-28,8003657,8002953,17,20,88
2023-08-28,8003657,8003657,32,67,85
2023-08-28,8003716,8001700,14,20,140
2023-08-28,8003716,8003716,20,40,99
2023-08-28,8003716,8006320,8,20,66
2023-08-28,8003896,8001137,16,17,99
2023-08-28,8003896,8003896,30,34,90
2023-08-28,8003896,8006379,11,17,67
2023-08-28,8003909,8001546,37,56,47
2023-08-28,8003909,8003909,70,112,42
2023-08-28,8003909,8005971,26,56,31
2023-08-28,8003916,8001520,32,56,48
2023-08-28,8003916,8001535,37,56,48
2023-08-28,8003916,8003916,71,112,43
2023-08-28,8003925,8000171,26,39,45
2023-08-28,8003925,8003925,50,78,49
2023-08-28,8003925,8005971,13,39,23
2023-08-28,8003936,8001526,25,56,26
2023-08-28,8003936,8001546,37,56,40
2023-08-28,8003936,8003936,76,112,38
2023-08-28,8003939,8002953,7,17,48
2023-08-28,8003939,8003287,11,20,138
2023-08-28,8003939,8003939,20,40,98
2023-08-28,8003946,8000081,29,56,34
2023-08-28,8003946,8001518,17,56,20
2023-08-28,8003946,8003946,43,112,28
2023-08-28,8003965,8003638,8,16,81
2023-08-28,8003965,8003965,9,33,76
2023-08-28,8003965,8003967,6,17,97
2023-08-28,8003967,8001066,13,36,70
2023-08-28,8003967,8003965,8,16,90
2023-08-28,8003967,8003967,18,33,117
2023-08-28,8003993,8000927,27,35,209
2023-08-28,8003993,8002073,25,35,66
2023-08-28,8003993,8003993,49,70,129
2023-08-28,8003998,8000904,2,2,75
2023-08-28,8003998,8002992,4,4,105
2023-08-28,8003998,8003998,5,6,105
2023-08-28,8004228,8000605,32,35,196
2023-08-28,8004228,8004228,51,70,128
2023-08-28,8004228,8006389,26,35,97
2023-08-28,8004230,8000081,41,56,192
2023-08-28,8004230,8004230,114,125,233
2023-08-28,8004230,8004419,67,69,250
2023-08-28,8004269,8000358,67,69,227
2023-08-28,8004269,8004269,123,138,211
2023-08-28,8004269,8004288,60,69,200
2023-08-28,8004273,8003470,1,15,80
2023-08-28,8004288,8004269,68,69,227
2023-08-28,8004288,8004288,126,138,211
2023-08-28,8004288,8004419,53,69,187
2023-08-28,8004419,8000081,10,13,115
2023-08-28,8004419,8004230,45,56,211
2023-08-28,8004419,8004288,54,69,208
2023-08-28,8004419,8004419,121,138,209
2023-08-28,8004440,8001943,17,21,64
2023-08-28,8004440,8002512,19,22,70
2023-08-28,8004440,8004440,29,43,54
2023-08-28,8004448,8003168,23,29,231
2023-08-28,8004448,8004448,44,57,455
2023-08-28,8004474,8000358,52,69,187
2023-08-28,8004474,8001039,53,69,164
2023-08-28,8004474,8004474,107,138,189
2023-08-28,8004564,8001980,7,8,128
2023-08-28,8004564,8003621,8,8,285
2023-08-28,8004564,8004564,15,16,188
2023-08-28,8004642,8000605,23,35,58
2023-08-28,8004642,8002073,28,35,192
2023-08-28,8004642,8004642,50,70,122
2023-08-28,8004883,8000239,47,52,331
2023-08-28,8004883,8001530,44,54,198
2023-08-28,8004883,8004883,81,106,250
2023-08-28,8005227,8001357,12,19,104
2023-08-28,8005289,8000793,12,16,103
2023-08-28,8005289,8005289,13,33,86
2023-08-28,8005289,8006109,1,17,69
2023-08-28,8005319,8001851,6,8,150
2023-08-28,8005319,8003621,5,8,105
2023-08-28,8005319,8005319,11,16,120
2023-08-28,8005488,8000033,8,22,53
2023-08-28,8005488,8005488,23,43,57
2023-08-28,8005488,8006607,7,21,19
2023-08-28,8005525,8003783,11,18,167
2023-08-28,8005525,8005525,16,36,114
2023-08-28,8005525,8005526,5,18,65
2023-08-28,8005526,8001097,5,18,58
2023-08-28,8005526,8005525,11,18,170
2023-08-28,8005526,8005526,16,36,117
2023-08-28,8005555,8000966,9,9,100
2023-08-28,8005555,8005555,17,17,136
2023-08-28,8005555,8005569,8,8,195
2023-08-28,8005569,8005555,3,9,60
2023-08-28,8005569,8005569,11,17,124
2023-08-28,8005569,8006486,8,8,169
2023-08-28,8005971,8003909,47,56,46
2023-08-28,8005971,8003925,34,39,52
2023-08-28,8005971,8005971,35,78,25
2023-08-28,8006109,8000978,1,17,71
2023-08-28,8006109,8005289,12,16,98
2023-08-28,8006109,8006109,9,33,76
2023-08-28,8006226,8000853,22,22,560
2023-08-28,8006226,8001515,13,13,678
2023-08-28,8006226,8001537,8,8,1301
2023-08-28,8006226,8001585,18,18,755
2023-08-28,8006226,8001911,13,21,81
2023-08-28,8006226,8003168,24,33,348
2023-08-28,8006226,8006226,134,190,389
2023-08-28,8006226,8006386,26,34,127
2023-08-28,8006227,8001039,49,56,261
2023-08-28,8006227,8001905,69,69,176
2023-08-28,8006227,8004474,10,13,83
2023-08-28,8006227,8006227,93,138,163
2023-08-28,8006320,8003287,7,20,51
2023-08-28,8006320,8003716,13,20,144
2023-08-28,8006320,8006320,33,58,232
2023-08-28,8006323,8001045,27,30,457
2023-08-28,8006323,8001093,34,34,939
2023-08-28,8006323,8006323,54,69,841
2023-08-28,8006342,8002745,26,34,63
2023-08-28,8006342,8006342,48,68,55
2023-08-28,8006342,8006383,24,34,62
2023-08-28,8006348,8000239,13,20,316
2023-08-28,8006348,8001323,19,20,672
2023-08-28,8006348,8006348,33,40,488
2023-08-28,8006379,8003896,17,17,150
2023-08-28,8006379,8005336,8,17,44
2023-08-28,8006379,8006379,27,34,112
2023-08-28,8006383,8006342,17,34,40
2023-08-28,8006383,8006383,30,68,39
2023-08-28,8006386,8000977,26,41,86
2023-08-28,8006386,8001795,17,18,347
2023-08-28,8006386,8002953,13,14,223
2023-08-28,8006386,8006226,20,35,65
2023-08-28,8006386,8006386,95,147,171
2023-08-28,8006386,8006510,12,21,31
2023-08-28,8006389,8000113,19,35,78
2023-08-28,8006389,8004228,27,35,155
2023-08-28,8006389,8006389,56,70,101
2023-08-28,8006486,8005569,3,9,60
2023-08-28,8006510,8001536,18,39,36
2023-08-28,8006510,8006386,18,21,103
2023-08-28,8006510,8006510,45,78,57
2023-08-28,8006710,8001035,19,34,45
2023-08-28,8006710,8006710,61,68,111
2023-08-28,8006710,8006711,29,34,147
2023-08-28,8006711,8006710,32,34,69
2023-08-28,8006711,8006711,61,68,100
2023-08-28,8006712,8002512,18,21,54
2023-08-28,8006712,8006712,32,43,56
2023-08-29,8000033,8000033,102,145,287
2023-08-29,8000033,8001795,40,51,491
2023-08-29,8000033,8002268,9,22,80
2023-08-29,8000033,8005488,12,21,21
2023-08-29,8000033,8006719,42,51,275
2023-08-29,8000037,8000037,127,202,169
2023-08-29,8000037,8000113,22,35,56
2023-08-29,8000037,8000171,2,2,735
2023-08-29,8000037,8000392,31,34,481
2023-08-29,8000037,8001524,17,34,26
2023-08-29,8000037,8001795,30,31,306
2023-08-29,8000037,8001836,9,31,15
2023-08-29,8000054,8000054,11,18,38
2023-08-29,8000054,8001137,6,6,55
2023-08-29,8000054,8001182,6,9,27
2023-08-29,8000054,8002992,9,11,109
2023-08-29,8000054,8006453,3,12,5
2023-08-29,8000081,8000081,165,275,166
2023-08-29,8000081,8001531,30,42,136
2023-08-29,8000081,8001542,18,54,21
2023-08-29,8000081,8003946,12,56,39
2023-08-29,8000081,8004230,64,69,351
2023-08-29,8000113,8000037,32,35,155
2023-08-29,8000113,8000113,50,70,95
2023-08-29,8000113,8001066,27,37,54
2023-08-29,8000113,8006389,23,35,69
2023-08-29,8000164,8000164,142,165,252
2023-08-29,8000164,8001327,73,83,260
2023-08-29,8000164,8001900,18,19,493
2023-08-29,8000164,8001909,18,18,450
2023-08-29,8000164,8001910,1,1,390
2023-08-29,8000164,8002223,12,16,69
2023-08-29,8000164,8002779,18,18,187
2023-08-29,8000171,8000037,2,2,105
2023-08-29,8000171,8000171,100,139,228
2023-08-29,8000171,8000392,43,67,147
2023-08-29,8000171,8001061,33,34,531
2023-08-29,8000171,8002745,21,34,92
2023-08-29,8000171,8003925,14,39,20
2023-08-29,8000186,8003090,0,31,0
2023-08-29,8000186,8003657,1,34,9
2023-08-29,8000239,8000239,40,76,218
2023-08-29,8000239,8001097,8,18,200
2023-08-29,8000239,8004883,24,54,183
2023-08-29,8000239,8006348,12,20,334
2023-08-29,8000358,8000358,103,138,304
2023-08-29,8000358,8004269,56,69,260
2023-08-29,8000358,8004474,48,69,387
2023-08-29,8000392,8000037,28,33,248
2023-08-29,8000392,8000171,59,68,287
2023-08-29,8000392,8000392,110,135,220
2023-08-29,8000392,8001545,26,34,74
2023-08-29,8000605,8000605,55,70,101
2023-08-29,8000605,8004228,25,35,117
2023-08-29,8000605,8004642,27,35,78
2023-08-29,8000745,8000745,48,69,135
2023-08-29,8000745,8001093,18,35,66
2023-08-29,8000745,8001394,29,34,187
2023-08-29,8000793,8000793,5,30,33
2023-08-29,8000793,8002180,4,15,24
2023-08-29,8000793,8005289,1,17,35
2023-08-29,8000904,8000904,6,6,135
2023-08-29,8000904,8001137,2,2,30
2023-08-29,8000904,8003998,4,4,128
2023-08-29,8000927,8000927,27,32,143
2023-08-29,8000927,8000966,15,17,141
2023-08-29,8000927,8003993,21,35,91
2023-08-29,8000966,8000927,14,17,88
2023-08-29,8000966,8000966,17,17,109
2023-08-29,8000966,8005555,8,8,169
2023-08-29,8000977,8000977,59,83,175
2023-08-29,8000977,8006386,19,42,106
2023-08-29,8000978,8000978,6,33,30
2023-08-29,8000978,8003638,1,17,25
2023-08-29,8000978,8006109,5,16,22
2023-08-29,8001035,8001035,45,68,96
2023-08-29,8001035,8006710,32,34,189
2023-08-29,8001038,8001038,53,80,119
2023-08-29,8001038,8002639,29,40,128
2023-08-29,8001038,8006194,20,40,136
2023-08-29,8001039,8001039,93,125,356
2023-08-29,8001039,8004474,46,56,309
2023-08-29,8001039,8006227,40,69,365
2023-08-29,8001045,8001045,89,96,228
2023-08-29,8001045,8001061,1,1,180
2023-08-29,8001045,8002680,16,16,371
2023-08-29,8001045,8003986,47,49,186
2023-08-29,8001045,8006323,25,29,187
2023-08-29,8001061,8000171,26,33,240
2023-08-29,8001061,8001061,63,67,399
2023-08-29,8001061,8001558,18,18,547
2023-08-29,8001066,8000113,25,36,46
2023-08-29,8001066,8001066,53,73,57
2023-08-29,8001066,8003967,29,37,45
2023-08-29,8001093,8000745,32,34,201
2023-08-29,8001093,8001093,49,69,119
2023-08-29,8001093,8006323,19,35,67
2023-08-29,8001097,8000239,13,18,207
2023-08-29,8001097,8001097,26,36,258
2023-08-29,8001097,8005526,12,18,313
2023-08-29,8001137,8000054,5,6,50
2023-08-29,8001137,8000904,4,4,218
2023-08-29,8001137,8001137,26,34,86
2023-08-29,8001137,8002992,7,7,90
2023-08-29,8001137,8003896,12,17,74
2023-08-29,8001182,8000054,7,9,67
2023-08-29,8001357,8001357,27,38,114
2023-08-29,8001357,8002514,13,19,99
2023-08-29,8001357,8005227,15,19,147
2023-08-29,8001394,8000745,27,35,83
2023-08-29,8001394,8001394,56,69,134
2023-08-29,8001394,8001692,29,34,192
2023-08-29,8001505,8001505,71,84,149
2023-08-29,8001505,8001525,30,42,147
2023-08-29,8001505,8001531,39,42,142
2023-08-29,8001515,8001515,47,57,447
2023-08-29,8001515,8001537,25,28,583
2023-08-29,8001515,8001543,16,16,326
2023-08-29,8001515,8006226,12,13,293
2023-08-29,8001516,8001549,39,54,34
2023-08-29,8001517,8001517,64,112,55
2023-08-29,8001517,8001529,34,56,60
2023-08-29,8001517,8001535,23,56,40
2023-08-29,8001518,8001518,47,112,39
2023-08-29,8001518,8001520,13,56,31
2023-08-29,8001518,8003946,30,56,42
2023-08-29,8001519,8001519,65,84,143
2023-08-29,8001519,8001525,35,42,151
2023-08-29,8001519,8001543,30,42,131
2023-08-29,8001520,8001518,20,56,30
2023-08-29,8001520,8001520,45,112,39
2023-08-29,8001520,8003916,35,56,50
2023-08-29,8001523,8001523,27,40,77
2023-08-29,8001523,8001545,10,20,87
2023-08-29,8001524,8000037,12,34,20
2023-08-29,8001524,8001524,30,68,26
2023-08-29,8001525,8001505,33,42,138
2023-08-29,8001525,8001519,29,42,133
2023-08-29,8001525,8001525,61,84,140
2023-08-29,8001526,8001526,54,112,41
2023-08-29,8001526,8001529,38,56,70
2023-08-29,8001526,8003936,13,56,27
2023-08-29,8001527,8001527,70,78,108
2023-08-29,8001527,8001536,27,39,92
2023-08-29,8001528,8001329,17,18,145
2023-08-29,8001528,8001528,35,36,158
2023-08-29,8001528,8001539,18,18,153
2023-08-29,8001529,8001517,32,56,59
2023-08-29,8001529,8001526,14,56,33
2023-08-29,8001529,8001529,71,112,55
2023-08-29,8001530,8001530,58,106,210
2023-08-29,8001530,8001533,23,54,166
2023-08-29,8001530,8004883,33,52,259
2023-08-29,8001531,8000081,37,42,141
2023-08-29,8001531,8001505,32,42,139
2023-08-29,8001531,8001531,65,84,136
2023-08-29,8001532,8001532,35,36,170
2023-08-29,8001532,8001544,18,18,195
2023-08-29,8001533,8001530,34,52,242
2023-08-29,8001533,8001533,54,106,191
2023-08-29,8001535,8001517,29,56,43
2023-08-29,8001535,8001535,63,112,45
2023-08-29,8001535,8003916,31,56,43
2023-08-29,8001536,8001527,28,39,83
2023-08-29,8001536,8001536,46,78,83
2023-08-29,8001536,8006510,37,39,113
2023-08-29,8001537,8001515,22,29,319
2023-08-29,8001537,8001537,60,73,440
2023-08-29,8001537,8003169,32,36,580
2023-08-29,8001537,8006226,6,8,296
2023-08-29,8001539,8001528,17,18,143
2023-08-29,8001539,8001539,35,36,142
2023-08-29,8001539,8001541,18,18,160
2023-08-29,8001540,8001540,55,108,31
2023-08-29,8001540,8001542,13,54,10
2023-08-29,8001540,8001549,42,54,79
2023-08-29,8001541,8001539,16,18,115
2023-08-29,8001541,8001541,35,36,145
2023-08-29,8001541,8001544,18,18,162
2023-08-29,8001542,8000081,1,54,0
2023-08-29,8001542,8001540,25,54,24
2023-08-29,8001542,8001542,31,108,14
2023-08-29,8001543,8001327,73,83,268
2023-08-29,8001543,8001515,15,15,384
2023-08-29,8001543,8001519,34,42,145
2023-08-29,8001543,8001543,138,166,236
2023-08-29,8001544,8001532,15,18,150
2023-08-29,8001544,8001541,17,18,177
2023-08-29,8001544,8001544,35,36,171
2023-08-29,8001545,8000392,22,34,82
2023-08-29,8001545,8001523,17,20,92
2023-08-29,8001545,8001545,42,68,76
2023-08-29,8001546,8001546,52,112,38
2023-08-29,8001546,8003909,17,56,28
2023-08-29,8001546,8003936,38,56,49
2023-08-29,8001549,8001516,42,54,53
2023-08-29,8001549,8001540,18,54,18
2023-08-29,8001549,8001549,81,108,55
2023-08-29,8001692,8001394,21,35,65
2023-08-29,8001692,8001692,53,69,134
2023-08-29,8001692,8002262,30,34,214
2023-08-29,8001700,8001700,26,40,116
2023-08-29,8001700,8003018,13,20,138
2023-08-29,8001700,8003716,7,20,84
2023-08-29,8001729,8001729,2,8,30
2023-08-29,8001729,8004406,0,3,0
2023-08-29,8001795,8000033,43,51,299
2023-08-29,8001795,8000037,28,32,541
2023-08-29,8001795,8001795,82,102,394
2023-08-29,8001795,8006386,10,18,260
2023-08-29,8001836,8000037,15,31,34
2023-08-29,8001836,8001836,25,62,21
2023-08-29,8001836,8002754,12,31,23
2023-08-29,8001851,8005319,5,8,98
2023-08-29,8001943,8001943,33,43,76
2023-08-29,8001943,8002267,11,21,40
2023-08-29,8001943,8004440,6,22,75
2023-08-29,8001980,8001980,15,16,172
2023-08-29,8001980,8003486,6,8,158
2023-08-29,8001980,8004564,8,8,266
2023-08-29,8002073,8002073,57,70,99
2023-08-29,8002073,8003993,31,35,105
2023-08-29,8002073,8004642,22,35,88
2023-08-29,8002180,8000793,1,15,38
2023-08-29,8002180,8002180,5,30,29
2023-08-29,8002180,8003470,4,15,24
2023-08-29,8002262,8001692,27,35,80
2023-08-29,8002262,8002262,59,69,143
2023-08-29,8002262,8005276,28,34,182
2023-08-29,8002267,8001943,13,22,86
2023-08-29,8002267,8002267,19,43,56
2023-08-29,8002267,8002509,11,21,39
2023-08-29,8002268,8000033,11,21,29
2023-08-29,8002268,8002268,19,43,54
2023-08-29,8002268,8002509,9,22,78
2023-08-29,8002509,8002267,10,22,79
2023-08-29,8002509,8002268,11,21,36
2023-08-29,8002509,8002509,21,43,60
2023-08-29,8002512,8002512,34,43,76
2023-08-29,8002512,8004440,16,21,51
2023-08-29,8002512,8006712,13,22,98
2023-08-29,8002514,8001357,14,19,134
2023-08-29,8002514,8002514,27,38,120
2023-08-29,8002514,8002769,15,19,101
2023-08-29,8002639,8001038,21,40,55
2023-08-29,8002639,8002639,47,80,81
2023-08-29,8002639,8002640,21,40,101
2023-08-29,8002640,8002639,16,40,52
2023-08-29,8002680,8000441,33,38,330
2023-08-29,8002680,8001045,16,17,155
2023-08-29,8002680,8002680,51,75,247
2023-08-29,8002680,8003168,12,19,238
2023-08-29,8002745,8000171,30,34,69
2023-08-29,8002745,8002745,48,68,85
2023-08-29,8002745,8006342,19,34,83
2023-08-29,8002754,8001836,4,31,9
2023-08-29,8002754,8002754,15,62,16
2023-08-29,8002754,8003166,10,31,21
2023-08-29,8002769,8002514,17,19,122
2023-08-29,8002779,8000164,17,18,160
2023-08-29,8002779,8001328,18,18,187
2023-08-29,8002779,8002779,35,36,190
2023-08-29,8002953,8002953,44,72,136
2023-08-29,8002953,8003657,13,15,344
2023-08-29,8002953,8003939,10,17,62
2023-08-29,8002953,8006386,9,14,34
2023-08-29,8002992,8000054,10,11,120
2023-08-29,8002992,8001137,7,9,93
2023-08-29,8002992,8002992,19,22,101
2023-08-29,8002992,8003998,1,2,60
2023-08-29,8003018,8001700,11,20,75
2023-08-29,8003018,8003018,18,40,93
2023-08-29,8003090,8000186,2,31,3
2023-08-29,8003090,8003090,31,62,21
2023-08-29,8003090,8003166,30,31,61
2023-08-29,8003166,8002754,5,31,11
2023-08-29,8003166,8003090,2,31,4
2023-08-29,8003166,8003166,26,62,17
2023-08-29,8003168,8002680,14,19,261
2023-08-29,8003168,8003168,103,145,293
2023-08-29,8003168,8003169,32,37,267
2023-08-29,8003168,8004448,24,28,565
2023-08-29,8003168,8006226,25,35,229
2023-08-29,8003168,8006449,5,7,257
2023-08-29,8003169,8001537,28,37,307
2023-08-29,8003169,8003168,30,36,561
2023-08-29,8003169,8003169,62,73,434
2023-08-29,8003287,8003287,28,40,141
2023-08-29,8003287,8003939,12,20,118
2023-08-29,8003287,8006320,16,20,170
2023-08-29,8003470,8002180,1,15,38
2023-08-29,8003470,8003470,5,30,32
2023-08-29,8003470,8004273,4,15,20
2023-08-29,8003486,8001980,7,8,191
2023-08-29,8003486,8003486,12,15,188
2023-08-29,8003486,8003493,8,13,138
2023-08-29,8003493,8000187,9,13,150
2023-08-29,8003493,8003486,13,13,208
2023-08-29,8003493,8003493,20,26,177
2023-08-29,8003621,8003621,13,16,116
2023-08-29,8003621,8004564,6,8,94
2023-08-29,8003621,8005319,8,8,206
2023-08-29,8003638,8000978,5,16,26
2023-08-29,8003638,8003638,6,33,22
2023-08-29,8003638,8003965,1,17,26
2023-08-29,8003657,8000186,16,33,190
2023-08-29,8003657,8002953,19,20,98
2023-08-29,8003657,8003657,38,67,122
2023-08-29,8003716,8001700,15,20,123
2023-08-29,8003716,8003716,21,40,106
2023-08-29,8003716,8006320,14,20,120
2023-08-29,8003896,8001137,17,17,118
2023-08-29,8003896,8003896,32,34,107
2023-08-29,8003896,8006379,13,17,79
2023-08-29,8003909,8001546,38,56,52
2023-08-29,8003909,8003909,65,112,47
2023-08-29,8003909,8005971,23,56,39
2023-08-29,8003916,8001520,27,56,49
2023-08-29,8003916,8001535,32,56,54
2023-08-29,8003916,8003916,60,112,47
2023-08-29,8003925,8000171,25,39,53
2023-08-29,8003925,8003925,53,78,49
2023-08-29,8003925,8005971,18,39,20
2023-08-29,8003936,8001526,26,56,37
2023-08-29,8003936,8001546,35,56,48
2023-08-29,8003936,8003936,73,112,48
2023-08-29,8003939,8002953,8,17,95
2023-08-29,8003939,8003287,13,20,96
2023-08-29,8003939,8003939,17,40,82
2023-08-29,8003946,8000081,26,56,36
2023-08-29,8003946,8001518,16,56,37
2023-08-29,8003946,8003946,40,112,37
2023-08-29,8003965,8003638,5,16,19
2023-08-29,8003965,8003965,6,33,25
2023-08-29,8003965,8003967,8,17,35
2023-08-29,8003967,8001066,14,36,29
2023-08-29,8003967,8003965,5,16,22
2023-08-29,8003967,8003967,13,33,35
2023-08-29,8003993,8000927,29,35,124
2023-08-29,8003993,8002073,29,35,111
2023-08-29,8003993,8003993,56,70,106
2023-08-29,8003998,8000904,2,2,45
2023-08-29,8003998,8002992,2,4,75
2023-08-29,8003998,8003998,6,6,85
2023-08-29,8004228,8000605,33,35,81
2023-08-29,8004228,8004228,48,70,92
2023-08-29,8004228,8006389,23,35,120
2023-08-29,8004230,8000081,44,56,274
2023-08-29,8004230,8004230,112,125,321
2023-08-29,8004230,8004419,58,69,342
2023-08-29,8004269,8000358,57,69,330
2023-08-29,8004269,8004269,113,138,294
2023-08-29,8004269,8004288,58,69,267
2023-08-29,8004273,8003470,1,15,40
2023-08-29,8004288,8004269,61,69,322
2023-08-29,8004288,8004288,118,138,291
2023-08-29,8004288,8004419,54,69,254
2023-08-29,8004419,8000081,8,13,106
2023-08-29,8004419,8004230,48,56,297
2023-08-29,8004419,8004288,43,69,302
2023-08-29,8004419,8004419,112,138,289
2023-08-29,8004440,8001943,20,21,86
2023-08-29,8004440,8002512,12,22,93
2023-08-29,8004440,8004440,27,43,77
2023-08-29,8004448,8003168,23,29,222
2023-08-29,8004448,8004448,47,57,389
2023-08-29,8004474,8000358,54,69,259
2023-08-29,8004474,8001039,45,69,374
2023-08-29,8004474,8004474,102,138,316
2023-08-29,8004564,8001980,8,8,128
2023-08-29,8004564,8003621,8,8,232
2023-08-29,8004564,8004564,16,16,197
2023-08-29,8004642,8000605,25,35,111
2023-08-29,8004642,8002073,28,35,86
2023-08-29,8004642,8004642,52,70,89
2023-08-29,8004883,8000239,27,52,221
2023-08-29,8004883,8001530,25,54,169
2023-08-29,8004883,8004883,56,106,211
2023-08-29,8005227,8001357,12,19,87
2023-08-29,8005289,8000793,5,16,28
2023-08-29,8005289,8005289,6,33,32
2023-08-29,8005289,8006109,1,17,35
2023-08-29,8005319,8001851,8,8,229
2023-08-29,8005319,8003621,7,8,94
2023-08-29,8005319,8005319,15,16,182
2023-08-29,8005488,8000033,12,22,109
2023-08-29,8005488,8005488,25,43,83
2023-08-29,8005488,8006607,5,21,14
2023-08-29,8005525,8003783,12,18,312
2023-08-29,8005525,8005525,19,36,302
2023-08-29,8005525,8005526,7,18,298
2023-08-29,8005526,8001097,7,18,293
2023-08-29,8005526,8005525,12,18,315
2023-08-29,8005526,8005526,19,36,307
2023-08-29,8005555,8000966,9,9,87
2023-08-29,8005555,8005555,17,17,115
2023-08-29,8005555,8005569,7,8,165
2023-08-29,8005569,8005555,4,9,53
2023-08-29,8005569,8005569,11,17,113
2023-08-29,8005569,8006486,7,8,101
2023-08-29,8005971,8003909,42,56,45
2023-08-29,8005971,8003925,32,39,60
2023-08-29,8005971,8005971,37,78,32
2023-08-29,8006109,8000978,1,17,35
2023-08-29,8006109,8005289,5,16,24
2023-08-29,8006109,8006109,6,33,27
2023-08-29,8006226,8000853,21,22,600
2023-08-29,8006226,8001515,10,13,720
2023-08-29,8006226,8001537,8,8,544
2023-08-29,8006226,8001585,16,18,340
2023-08-29,8006226,8001911,14,21,153
2023-08-29,8006226,8003168,18,33,162
2023-08-29,8006226,8006226,130,190,278
2023-08-29,8006226,8006386,28,34,339
2023-08-29,8006227,8001039,49,56,340
2023-08-29,8006227,8001905,67,69,407
2023-08-29,8006227,8004474,10,13,111
2023-08-29,8006227,8006227,96,138,321
2023-08-29,8006320,8003287,10,20,117
2023-08-29,8006320,8003716,14,20,134
2023-08-29,8006320,8006320,49,58,161
2023-08-29,8006323,8001045,28,30,130
2023-08-29,8006323,8001093,34,34,191
2023-08-29,8006323,8006323,53,69,113
2023-08-29,8006342,8002745,30,34,86
2023-08-29,8006342,8006342,49,68,83
2023-08-29,8006342,8006383,20,34,93
2023-08-29,8006348,8000239,10,20,180
2023-08-29,8006348,8001323,11,20,357
2023-08-29,8006348,8006348,24,40,273
2023-08-29,8006379,8003896,17,17,171
2023-08-29,8006379,8005336,9,17,53
2023-08-29,8006379,8006379,28,34,132
2023-08-29,8006383,8006342,21,34,59
2023-08-29,8006383,8006383,36,68,66
2023-08-29,8006386,8000977,34,41,223
2023-08-29,8006386,8001795,13,18,230
2023-08-29,8006386,8002953,14,14,431
2023-08-29,8006386,8006226,21,35,123
2023-08-29,8006386,8006386,94,147,195
2023-08-29,8006386,8006510,14,21,71
2023-08-29,8006389,8000113,22,35,110
2023-08-29,8006389,8004228,29,35,67
2023-08-29,8006389,8006389,53,70,93
2023-08-29,8006486,8005569,4,9,53
2023-08-29,8006510,8001536,19,39,73
2023-08-29,8006510,8006386,20,21,127
2023-08-29,8006510,8006510,58,78,104
2023-08-29,8006710,8001035,13,34,30
2023-08-29,8006710,8006710,57,68,117
2023-08-29,8006710,8006711,27,34,170
2023-08-29,8006711,8006710,32,34,66
2023-08-29,8006711,8006711,61,68,111
2023-08-29,8006712,8002512,19,21,66
2023-08-29,8006712,8006712,33,43,85
2023-08-30,8000033,8000033,112,145,635
2023-08-30,8000033,8001795,46,51,956
2023-08-30,8000033,8002268,10,22,368
2023-08-30,8000033,8005488,14,21,26
2023-08-30,8000033,8006719,44,51,680
2023-08-30,8000037,8000037,142,202,320
2023-08-30,8000037,8000113,22,35,95
2023-08-30,8000037,8000171,2,2,360
2023-08-30,8000037,8000392,28,34,1057
2023-08-30,8000037,8001524,19,34,0
2023-08-30,8000037,8001795,30,31,673
2023-08-30,8000037,8001836,13,31,82
2023-08-30,8000054,8000054,12,18,47
2023-08-30,8000054,8001137,5,6,65
2023-08-30,8000054,8001182,7,9,37
2023-08-30,8000054,8002992,7,11,79
2023-08-30,8000054,8006453,4,12,5
2023-08-30,8000081,8000081,183,275,196
2023-08-30,8000081,8001531,22,42,66
2023-08-30,8000081,8001542,23,54,43
2023-08-30,8000081,8003946,17,56,24
2023-08-30,8000081,8004230,67,69,387
2023-08-30,8000113,8000037,30,35,104
2023-08-30,8000113,8000113,48,70,90
2023-08-30,8000113,8001066,22,37,62
2023-08-30,8000113,8006389,24,35,110
2023-08-30,8000164,8000164,136,165,326
2023-08-30,8000164,8001327,75,83,408
2023-08-30,8000164,8001900,19,19,459
2023-08-30,8000164,8001909,21,21,507
2023-08-30,8000164,8001910,1,1,30
2023-08-30,8000164,8002225,12,16,56
2023-08-30,8000164,8002779,16,18,150
2023-08-30,8000171,8000037,2,2,180
2023-08-30,8000171,8000171,93,139,425
2023-08-30,8000171,8000392,41,67,308
2023-08-30,8000171,8001061,31,34,1046
2023-08-30,8000171,8002745,17,34,39
2023-08-30,8000171,8003925,19,39,22
2023-08-30,8000186,8003090,0,31,0
2023-08-30,8000186,8003657,1,34,9
2023-08-30,8000239,8000239,67,76,525
2023-08-30,8000239,8001097,14,18,202
2023-08-30,8000239,8004883,43,54,399
2023-08-30,8000239,8006348,20,20,812
2023-08-30,8000358,8000358,109,138,341
2023-08-30,8000358,8004269,60,69,356
2023-08-30,8000358,8004474,53,69,331
2023-08-30,8000392,8000037,29,33,545
2023-08-30,8000392,8000171,51,68,553
2023-08-30,8000392,8000392,105,135,432
2023-08-30,8000392,8001545,26,34,92
2023-08-30,8000605,8000605,53,70,102
2023-08-30,8000605,8004228,23,35,63
2023-08-30,8000605,8004642,27,35,135
2023-08-30,8000745,8000745,57,69,174
2023-08-30,8000745,8001093,22,35,99
2023-08-30,8000745,8001394,30,34,252
2023-08-30,8000793,8000793,8,30,90
2023-08-30,8000793,8002180,4,15,70
2023-08-30,8000793,8005289,2,17,92
2023-08-30,8000904,8000904,5,6,50
2023-08-30,8000904,8001137,0,2,0
2023-08-30,8000904,8003998,3,4,45
2023-08-30,8000927,8000927,24,32,138
2023-08-30,8000927,8000966,12,17,148
2023-08-30,8000927,8003993,16,35,39
2023-08-30,8000966,8000927,15,17,106
2023-08-30,8000966,8000966,17,17,141
2023-08-30,8000966,8005555,8,8,206
2023-08-30,8000977,8000977,59,83,128
2023-08-30,8000977,8006386,21,42,109
2023-08-30,8000978,8000978,6,33,75
2023-08-30,8000978,8003638,2,17,71
2023-08-30,8000978,8006109,4,16,64
2023-08-30,8001035,8001035,55,68,127
2023-08-30,8001035,8006710,33,34,242
2023-08-30,8001038,8001038,61,80,127
2023-08-30,8001038,8002639,35,40,164
2023-08-30,8001038,8006194,13,40,75
2023-08-30,8001039,8001039,99,125,305
2023-08-30,8001039,8004474,46,56,398
2023-08-30,8001039,8006227,45,69,197
2023-08-30,8001045,8001045,79,96,194
2023-08-30,8001045,8001061,0,1,0
2023-08-30,8001045,8002680,14,16,212
2023-08-30,8001045,8003986,48,49,176
2023-08-30,8001045,8006323,22,29,212
2023-08-30,8001061,8000171,25,33,545
2023-08-30,8001061,8001061,58,67,801
2023-08-30,8001061,8001558,16,18,992
2023-08-30,8001066,8000113,25,36,128
2023-08-30,8001066,8001066,50,73,97
2023-08-30,8001066,8003967,27,37,58
2023-08-30,8001093,8000745,33,34,260
2023-08-30,8001093,8001093,55,69,169
2023-08-30,8001093,8006323,22,35,107
2023-08-30,8001097,8000239,18,18,133
2023-08-30,8001097,8001097,36,36,132
2023-08-30,8001097,8005526,18,18,232
2023-08-30,8001137,8000054,3,6,50
2023-08-30,8001137,8000904,4,4,98
2023-08-30,8001137,8001137,26,34,75
2023-08-30,8001137,8002992,7,7,94
2023-08-30,8001137,8003896,12,17,72
2023-08-30,8001182,8000054,8,9,90
2023-08-30,8001357,8001357,2,38,0
2023-08-30,8001357,8002514,2,19,13
2023-08-30,8001357,8005227,1,19,14
2023-08-30,8001394,8000745,28,35,98
2023-08-30,8001394,8001394,57,69,171
2023-08-30,8001394,8001692,29,34,267
2023-08-30,8001505,8001505,64,84,160
2023-08-30,8001505,8001525,27,42,96
2023-08-30,8001505,8001531,35,42,216
2023-08-30,8001515,8001515,44,57,611
2023-08-30,8001515,8001537,24,28,980
2023-08-30,8001515,8001543,16,16,289
2023-08-30,8001515,8006226,11,13,351
2023-08-30,8001516,8001549,37,54,49
2023-08-30,8001517,8001517,68,112,55
2023-08-30,8001517,8001529,32,56,43
2023-08-30,8001517,8001535,22,56,52
2023-08-30,8001518,8001518,58,112,42
2023-08-30,8001518,8001520,12,56,10
2023-08-30,8001518,8003946,37,56,71
2023-08-30,8001519,8001519,56,84,150
2023-08-30,8001519,8001525,29,42,217
2023-08-30,8001519,8001543,27,42,86
2023-08-30,8001520,8001518,22,56,54
2023-08-30,8001520,8001520,51,112,42
2023-08-30,8001520,8003916,38,56,35
2023-08-30,8001523,8001523,15,40,52
2023-08-30,8001523,8001545,4,20,12
2023-08-30,8001524,8000037,13,34,60
2023-08-30,8001524,8001524,33,68,44
2023-08-30,8001525,8001505,30,42,214
2023-08-30,8001525,8001519,26,42,84
2023-08-30,8001525,8001525,54,84,151
2023-08-30,8001526,8001526,54,112,39
2023-08-30,8001526,8001529,39,56,80
2023-08-30,8001526,8003936,16,56,14
2023-08-30,8001527,8001527,71,78,133
2023-08-30,8001527,8001536,27,39,105
2023-08-30,8001528,8001329,17,18,82
2023-08-30,8001528,8001528,34,36,117
2023-08-30,8001528,8001539,17,18,130
2023-08-30,8001529,8001517,34,56,73
2023-08-30,8001529,8001526,13,56,18
2023-08-30,8001529,8001529,70,112,53
2023-08-30,8001530,8001530,99,106,438
2023-08-30,8001530,8001533,42,54,414
2023-08-30,8001530,8004883,50,52,449
2023-08-30,8001531,8000081,32,42,219
2023-08-30,8001531,8001505,27,42,81
2023-08-30,8001531,8001531,54,84,141
2023-08-30,8001532,8001532,35,36,111
2023-08-30,8001532,8001544,18,18,118
2023-08-30,8001533,8001530,50,52,444
2023-08-30,8001533,8001533,93,106,419
2023-08-30,8001535,8001517,34,56,31
2023-08-30,8001535,8001535,68,112,45
2023-08-30,8001535,8003916,33,56,57
2023-08-30,8001536,8001527,31,39,108
2023-08-30,8001536,8001536,48,78,99
2023-08-30,8001536,8006510,35,39,117
2023-08-30,8001537,8001515,19,29,257
2023-08-30,8001537,8001537,59,73,785
2023-08-30,8001537,8003169,33,36,1205
2023-08-30,8001537,8006226,7,8,915
2023-08-30,8001539,8001528,15,18,85
2023-08-30,8001539,8001539,32,36,99
2023-08-30,8001539,8001541,16,18,130
2023-08-30,8001540,8001540,58,108,52
2023-08-30,8001540,8001542,20,54,34
2023-08-30,8001540,8001549,38,54,89
2023-08-30,8001541,8001539,14,18,57
2023-08-30,8001541,8001541,34,36,99
2023-08-30,8001541,8001544,16,18,112
2023-08-30,8001542,8000081,6,54,20
2023-08-30,8001542,8001540,28,54,44
2023-08-30,8001542,8001542,44,108,36
2023-08-30,8001543,8001327,71,83,263
2023-08-30,8001543,8001515,13,15,836
2023-08-30,8001543,8001519,28,42,212
2023-08-30,8001543,8001543,136,166,321
2023-08-30,8001544,8001532,15,18,90
2023-08-30,8001544,8001541,18,18,113
2023-08-30,8001544,8001544,34,36,105
2023-08-30,8001545,8000392,16,34,22
2023-08-30,8001545,8001523,11,20,99
2023-08-30,8001545,8001545,32,68,51
2023-08-30,8001546,8001546,56,112,43
2023-08-30,8001546,8003909,19,56,16
2023-08-30,8001546,8003936,39,56,66
2023-08-30,8001549,8001516,38,54,64
2023-08-30,8001549,8001540,22,54,41
2023-08-30,8001549,8001549,75,108,67
2023-08-30,8001692,8001394,23,35,64
2023-08-30,8001692,8001692,55,69,172
2023-08-30,8001692,8002262,31,34,288
2023-08-30,8001700,8001700,27,40,105
2023-08-30,8001700,8003018,17,20,134
2023-08-30,8001700,8003716,9,20,63
2023-08-30,8001729,8001729,0,2,0
2023-08-30,8001729,8004406,0,1,0
2023-08-30,8001795,8000033,45,51,702
2023-08-30,8001795,8000037,28,32,1073
2023-08-30,8001795,8001795,91,102,824
2023-08-30,8001795,8006386,16,18,665
2023-08-30,8001836,8000037,21,31,54
2023-08-30,8001836,8001836,37,62,60
2023-08-30,8001836,8002754,15,31,82
2023-08-30,8001851,8005319,6,8,79
2023-08-30,8001943,8001943,27,43,198
2023-08-30,8001943,8002267,9,21,21
2023-08-30,8001943,8004440,8,22,344
2023-08-30,8001980,8001980,15,16,246
2023-08-30,8001980,8003486,7,8,120
2023-08-30,8001980,8004564,8,8,338
2023-08-30,8002073,8002073,59,70,102
2023-08-30,8002073,8003993,31,35,152
2023-08-30,8002073,8004642,22,35,48
2023-08-30,8002180,8000793,2,15,100
2023-08-30,8002180,8002180,5,30,82
2023-08-30,8002180,8003470,5,15,72
2023-08-30,8002262,8001692,27,35,78
2023-08-30,8002262,8002262,60,69,182
2023-08-30,8002262,8005276,29,34,266
2023-08-30,8002267,8001943,15,22,356
2023-08-30,8002267,8002267,18,43,186
2023-08-30,8002267,8002509,8,21,19
2023-08-30,8002268,8000033,9,21,24
2023-08-30,8002268,8002268,20,43,199
2023-08-30,8002268,8002509,12,22,363
2023-08-30,8002509,8002267,12,22,356
2023-08-30,8002509,8002268,10,21,31
2023-08-30,8002509,8002509,21,43,198
2023-08-30,8002512,8002512,27,43,203
2023-08-30,8002512,8004440,8,21,20
2023-08-30,8002512,8006712,15,22,374
2023-08-30,8002514,8001357,1,19,11
2023-08-30,8002514,8002514,3,38,9
2023-08-30,8002514,8002769,5,19,16
2023-08-30,8002639,8001038,26,40,88
2023-08-30,8002639,8002639,52,80,114
2023-08-30,8002639,8002640,26,40,128
2023-08-30,8002640,8002639,13,40,79
2023-08-30,8002680,8000441,36,38,571
2023-08-30,8002680,8001045,16,17,178
2023-08-30,8002680,8002680,55,75,345
2023-08-30,8002680,8003168,9,19,133
2023-08-30,8002745,8000171,28,34,74
2023-08-30,8002745,8002745,40,68,53
2023-08-30,8002745,8006342,15,34,38
2023-08-30,8002754,8001836,8,31,19
2023-08-30,8002754,8002754,31,62,55
2023-08-30,8002754,8003166,16,31,77
2023-08-30,8002769,8002514,2,19,3
2023-08-30,8002779,8000164,17,18,100
2023-08-30,8002779,8001328,16,18,153
2023-08-30,8002779,8002779,33,36,142
2023-08-30,8002953,8002953,44,72,114
2023-08-30,8002953,8003657,12,15,292
2023-08-30,8002953,8003939,12,17,69
2023-08-30,8002953,8006386,10,14,116
2023-08-30,8002992,8000054,10,11,117
2023-08-30,8002992,8001137,4,9,73
2023-08-30,8002992,8002992,17,22,83
2023-08-30,8002992,8003998,2,2,60
2023-08-30,8003018,8001700,8,20,50
2023-08-30,8003018,8003018,23,40,63
2023-08-30,8003090,8000186,8,31,62
2023-08-30,8003090,8003090,36,62,52
2023-08-30,8003090,8003166,31,31,70
2023-08-30,8003166,8002754,14,31,25
2023-08-30,8003166,8003090,6,31,62
2023-08-30,8003166,8003166,31,62,48
2023-08-30,8003168,8002680,17,19,832
2023-08-30,8003168,8003168,114,145,613
2023-08-30,8003168,8003169,29,37,382
2023-08-30,8003168,8004448,25,28,1292
2023-08-30,8003168,8006226,31,35,312
2023-08-30,8003168,8006449,5,7,343
2023-08-30,8003169,8001537,27,37,388
2023-08-30,8003169,8003168,33,36,1183
2023-08-30,8003169,8003169,61,73,787
2023-08-30,8003287,8003287,29,40,107
2023-08-30,8003287,8003939,12,20,84
2023-08-30,8003287,8006320,17,20,147
2023-08-30,8003470,8002180,2,15,100
2023-08-30,8003470,8003470,8,30,91
2023-08-30,8003470,8004273,6,15,68
2023-08-30,8003486,8001980,7,8,420
2023-08-30,8003486,8003486,14,15,228
2023-08-30,8003486,8003493,9,13,88
2023-08-30,8003493,8000187,8,13,90
2023-08-30,8003493,8003486,11,13,212
2023-08-30,8003493,8003493,18,26,135
2023-08-30,8003621,8003621,13,16,176
2023-08-30,8003621,8004564,6,8,86
2023-08-30,8003621,8005319,7,8,278
2023-08-30,8003638,8000978,4,16,66
2023-08-30,8003638,8003638,5,33,66
2023-08-30,8003638,8003965,2,17,74
2023-08-30,8003657,8000186,16,33,133
2023-08-30,8003657,8002953,17,20,50
2023-08-30,8003657,8003657,34,67,75
2023-08-30,8003716,8001700,18,20,117
2023-08-30,8003716,8003716,21,40,91
2023-08-30,8003716,8006320,16,20,96
2023-08-30,8003896,8001137,16,17,92
2023-08-30,8003896,8003896,29,34,82
2023-08-30,8003896,8006379,10,17,56
2023-08-30,8003909,8001546,39,56,70
2023-08-30,8003909,8003909,57,112,47
2023-08-30,8003909,8005971,18,56,19
2023-08-30,8003916,8001520,35,56,72
2023-08-30,8003916,8001535,35,56,40
2023-08-30,8003916,8003916,65,112,48
2023-08-30,8003925,8000171,27,39,45
2023-08-30,8003925,8003925,58,78,46
2023-08-30,8003925,8005971,19,39,19
2023-08-30,8003936,8001526,30,56,48
2023-08-30,8003936,8001546,33,56,36
2023-08-30,8003936,8003936,73,112,47
2023-08-30,8003939,8002953,10,17,94
2023-08-30,8003939,8003287,16,20,111
2023-08-30,8003939,8003939,24,40,95
2023-08-30,8003946,8000081,34,56,69
2023-08-30,8003946,8001518,21,56,16
2023-08-30,8003946,8003946,51,112,44
2023-08-30,8003965,8003638,4,16,64
2023-08-30,8003965,8003965,6,33,72
2023-08-30,8003965,8003967,5,17,129
2023-08-30,8003967,8001066,10,36,100
2023-08-30,8003967,8003965,4,16,68
2023-08-30,8003967,8003967,13,33,130
2023-08-30,8003993,8000927,28,35,177
2023-08-30,8003993,8002073,27,35,62
2023-08-30,8003993,8003993,47,70,106
2023-08-30,8003998,8000904,1,2,15
2023-08-30,8003998,8002992,2,4,38
2023-08-30,8003998,8003998,4,6,35
2023-08-30,8004228,8000605,31,35,131
2023-08-30,8004228,8004228,47,70,93
2023-08-30,8004228,8006389,25,35,73
2023-08-30,8004230,8000081,40,56,360
2023-08-30,8004230,8004230,114,125,378
2023-08-30,8004230,8004419,64,69,374
2023-08-30,8004269,8000358,58,69,350
2023-08-30,8004269,8004269,119,138,355
2023-08-30,8004269,8004288,61,69,361
2023-08-30,8004273,8003470,2,15,104
2023-08-30,8004288,8004269,61,69,352
2023-08-30,8004288,8004288,119,138,353
2023-08-30,8004288,8004419,53,69,346
2023-08-30,8004419,8000081,11,13,258
2023-08-30,8004419,8004230,47,56,380
2023-08-30,8004419,8004288,52,69,334
2023-08-30,8004419,8004419,117,138,353
2023-08-30,8004440,8001943,16,21,47
2023-08-30,8004440,8002512,13,22,371
2023-08-30,8004440,8004440,28,43,202
2023-08-30,8004448,8003168,22,29,387
2023-08-30,8004448,8004448,49,57,826
2023-08-30,8004474,8000358,56,69,355
2023-08-30,8004474,8001039,51,69,264
2023-08-30,8004474,8004474,107,138,338
2023-08-30,8004564,8001980,8,8,105
2023-08-30,8004564,8003621,8,8,289
2023-08-30,8004564,8004564,16,16,201
2023-08-30,8004642,8000605,28,35,67
2023-08-30,8004642,8002073,29,35,140
2023-08-30,8004642,8004642,54,70,98
2023-08-30,8004883,8000239,49,52,442
2023-08-30,8004883,8001530,50,54,430
2023-08-30,8004883,8004883,93,106,431
2023-08-30,8005227,8001357,1,19,-11
2023-08-30,8005289,8000793,7,16,77
2023-08-30,8005289,8005289,9,33,85
2023-08-30,8005289,8006109,2,17,92
2023-08-30,8005319,8001851,8,8,292
2023-08-30,8005319,8003621,6,8,98
2023-08-30,8005319,8005319,14,16,188
2023-08-30,8005488,8000033,13,22,390
2023-08-30,8005488,8005488,30,43,227
2023-08-30,8005488,8006607,12,21,21
2023-08-30,8005525,8003783,18,18,228
2023-08-30,8005525,8005525,23,36,141
2023-08-30,8005525,8005526,5,18,50
2023-08-30,8005526,8001097,5,18,45
2023-08-30,8005526,8005525,18,18,243
2023-08-30,8005526,8005526,23,36,148
2023-08-30,8005555,8000966,9,9,87
2023-08-30,8005555,8005555,17,17,139
2023-08-30,8005555,8005569,7,8,210
2023-08-30,8005569,8005555,4,9,53
2023-08-30,8005569,8005569,12,17,127
2023-08-30,8005569,8006486,8,8,169
2023-08-30,8005971,8003909,39,56,63
2023-08-30,8005971,8003925,33,39,48
2023-08-30,8005971,8005971,33,78,22
2023-08-30,8006109,8000978,2,17,92
2023-08-30,8006109,8005289,6,16,69
2023-08-30,8006109,8006109,5,33,77
2023-08-30,8006226,8000853,21,22,997
2023-08-30,8006226,8001515,13,13,1117
2023-08-30,8006226,8001537,8,8,1912
2023-08-30,8006226,8001585,17,18,458
2023-08-30,8006226,8001911,17,21,110
2023-08-30,8006226,8003168,28,33,644
2023-08-30,8006226,8006226,154,190,498
2023-08-30,8006226,8006386,31,34,182
2023-08-30,8006227,8001039,50,56,433
2023-08-30,8006227,8001905,67,69,233
2023-08-30,8006227,8004474,11,13,231
2023-08-30,8006227,8006227,105,138,286
2023-08-30,8006320,8003287,9,20,64
2023-08-30,8006320,8003716,11,20,111
2023-08-30,8006320,8006320,42,58,115
2023-08-30,8006323,8001045,30,30,135
2023-08-30,8006323,8001093,34,34,249
2023-08-30,8006323,8006323,56,69,156
2023-08-30,8006342,8002745,25,34,71
2023-08-30,8006342,8006342,41,68,54
2023-08-30,8006342,8006383,18,34,45
2023-08-30,8006348,8000239,19,20,834
2023-08-30,8006348,8001323,20,20,915
2023-08-30,8006348,8006348,39,40,844
2023-08-30,8006379,8003896,17,17,122
2023-08-30,8006379,8005336,7,17,39
2023-08-30,8006379,8006379,27,34,100
2023-08-30,8006383,8006342,17,34,51
2023-08-30,8006383,8006383,28,68,37
2023-08-30,8006386,8000977,35,41,134
2023-08-30,8006386,8001795,14,18,677
2023-08-30,8006386,8002953,12,14,272
2023-08-30,8006386,8006226,23,35,148
2023-08-30,8006386,8006386,106,147,275
2023-08-30,8006386,8006510,14,21,107
2023-08-30,8006389,8000113,20,35,59
2023-08-30,8006389,8004228,27,35,116
2023-08-30,8006389,8006389,52,70,90
2023-08-30,8006486,8005569,4,9,50
2023-08-30,8006510,8001536,22,39,99
2023-08-30,8006510,8006386,20,21,144
2023-08-30,8006510,8006510,56,78,120
2023-08-30,8006710,8001035,23,34,49
2023-08-30,8006710,8006710,62,68,151
2023-08-30,8006710,8006711,31,34,225
2023-08-30,8006711,8006710,32,34,73
2023-08-30,8006711,8006711,65,68,142
2023-08-30,8006712,8002512,15,21,37
2023-08-30,8006712,8006712,29,43,211
2023-08-31,8000033,8000033,107,145,541
2023-08-31,8000033,8001795,44,51,1033
2023-08-31,8000033,8002268,8,22,254
2023-08-31,8000033,8005488,9,21,56
2023-08-31,8000033,8006719,46,51,416
2023-08-31,8000037,8000037,139,202,293
2023-08-31,8000037,8000113,18,35,57
2023-08-31,8000037,8000171,2,2,765
2023-08-31,8000037,8000392,31,34,1152
2023-08-31,8000037,8001524,17,34,23
2023-08-31,8000037,8001795,31,31,368
2023-08-31,8000037,8001836,14,31,32
2023-08-31,8000054,8000054,13,18,53
2023-08-31,8000054,8001137,6,6,55
2023-08-31,8000054,8001182,6,9,30
2023-08-31,8000054,8002992,11,11,63
2023-08-31,8000054,8006453,5,12,45
2023-08-31,8000081,8000081,145,275,96
2023-08-31,8000081,8001531,25,42,60
2023-08-31,8000081,8001542,18,54,18
2023-08-31,8000081,8003946,7,56,6
2023-08-31,8000081,8004230,67,69,197
2023-08-31,8000113,8000037,32,35,133
2023-08-31,8000113,8000113,49,70,76
2023-08-31,8000113,8001066,24,37,51
2023-08-31,8000113,8006389,25,35,69
2023-08-31,8000164,8000164,138,165,189
2023-08-31,8000164,8001327,68,83,194
2023-08-31,8000164,8001900,18,20,243
2023-08-31,8000164,8001909,21,21,239
2023-08-31,8000164,8002225,15,16,208
2023-08-31,8000164,8002779,18,18,263
2023-08-31,8000171,8000037,2,2,300
2023-08-31,8000171,8000171,101,139,420
2023-08-31,8000171,8000392,47,67,196
2023-08-31,8000171,8001061,31,34,1226
2023-08-31,8000171,8002745,19,34,81
2023-08-31,8000171,8003925,11,39,24
2023-08-31,8000186,8003090,0,31,0
2023-08-31,8000186,8003657,2,34,16
2023-08-31,8000239,8000239,67,76,322
2023-08-31,8000239,8001097,12,18,165
2023-08-31,8000239,8004883,47,54,270
2023-08-31,8000239,8006348,19,20,495
2023-08-31,8000358,8000358,92,138,161
2023-08-31,8000358,8004269,50,69,184
2023-08-31,8000358,8004474,50,69,146
2023-08-31,8000392,8000037,26,33,301
2023-08-31,8000392,8000171,56,68,620
2023-08-31,8000392,8000392,113,135,409
2023-08-31,8000392,8001545,28,34,115
2023-08-31,8000605,8000605,50,70,74
2023-08-31,8000605,8004228,20,35,54
2023-08-31,8000605,8004642,29,35,87
2023-08-31,8000745,8000745,49,69,113
2023-08-31,8000745,8001093,19,35,90
2023-08-31,8000745,8001394,28,34,129
2023-08-31,8000793,8000793,8,30,25
2023-08-31,8000793,8002180,6,15,22
2023-08-31,8000793,8005289,1,17,18
2023-08-31,8000904,8000904,5,6,110
2023-08-31,8000904,8001137,0,2,0
2023-08-31,8000904,8003998,4,4,142
2023-08-31,8000927,8000927,24,32,108
2023-08-31,8000927,8000966,15,17,118
2023-08-31,8000927,8003993,14,35,28
2023-08-31,8000966,8000927,15,17,71
2023-08-31,8000966,8000966,17,17,83
2023-08-31,8000966,8005555,8,8,146
2023-08-31,8000977,8000977,60,83,121
2023-08-31,8000977,8006386,27,42,84
2023-08-31,8000978,8000978,8,33,21
2023-08-31,8000978,8003638,1,17,7
2023-08-31,8000978,8006109,7,16,22
2023-08-31,8001035,8001035,62,68,144
2023-08-31,8001035,8006710,34,34,247
2023-08-31,8001038,8001038,63,80,111
2023-08-31,8001038,8002639,34,40,143
2023-08-31,8001038,8006194,18,40,55
2023-08-31,8001039,8001039,84,125,168
2023-08-31,8001039,8004474,33,56,205
2023-08-31,8001039,8006227,32,69,108
2023-08-31,8001045,8001045,84,96,250
2023-08-31,8001045,8001061,1,1,30
2023-08-31,8001045,8002680,14,16,189
2023-08-31,8001045,8003986,46,49,268
2023-08-31,8001045,8006323,21,29,138
2023-08-31,8001061,8000171,27,33,302
2023-08-31,8001061,8001061,60,67,779
2023-08-31,8001061,8001558,18,18,1540
2023-08-31,8001066,8000113,25,36,50
2023-08-31,8001066,8001066,50,73,53
2023-08-31,8001066,8003967,28,37,49
2023-08-31,8001093,8000745,32,34,151
2023-08-31,8001093,8001093,51,69,113
2023-08-31,8001093,8006323,18,35,102
2023-08-31,8001097,8000239,18,18,205
2023-08-31,8001097,8001097,36,36,171
2023-08-31,8001097,8005526,18,18,230
2023-08-31,8001137,8000054,5,6,55
2023-08-31,8001137,8000904,4,4,180
2023-08-31,8001137,8001137,27,34,71
2023-08-31,8001137,8002992,4,7,43
2023-08-31,8001137,8003896,12,17,56
2023-08-31,8001182,8000054,8,9,70
2023-08-31,8001357,8001357,30,38,115
2023-08-31,8001357,8002514,15,19,112
2023-08-31,8001357,8005227,15,19,137
2023-08-31,8001394,8000745,26,35,93
2023-08-31,8001394,8001394,53,69,107
2023-08-31,8001394,8001692,28,34,135
2023-08-31,8001505,8001505,66,84,94
2023-08-31,8001505,8001525,26,42,88
2023-08-31,8001505,8001531,37,42,92
2023-08-31,8001515,8001515,46,57,393
2023-08-31,8001515,8001537,23,28,502
2023-08-31,8001515,8001543,15,16,120
2023-08-31,8001515,8006226,13,13,549
2023-08-31,8001516,8001549,38,54,26
2023-08-31,8001517,8001517,59,112,36
2023-08-31,8001517,8001529,31,56,36
2023-08-31,8001517,8001535,24,56,26
2023-08-31,8001518,8001518,43,112,20
2023-08-31,8001518,8001520,12,56,9
2023-08-31,8001518,8003946,31,56,34
2023-08-31,8001519,8001519,64,84,89
2023-08-31,8001519,8001525,27,42,94
2023-08-31,8001519,8001543,37,42,88
2023-08-31,8001520,8001518,15,56,18
2023-08-31,8001520,8001520,34,112,20
2023-08-31,8001520,8003916,35,56,25
2023-08-31,8001523,8001523,24,40,56
2023-08-31,8001523,8001545,10,20,24
2023-08-31,8001524,8000037,18,34,70
2023-08-31,8001524,8001524,37,68,49
2023-08-31,8001525,8001505,23,42,89
2023-08-31,8001525,8001519,25,42,75
2023-08-31,8001525,8001525,49,84,86
2023-08-31,8001526,8001526,48,112,25
2023-08-31,8001526,8001529,37,56,57
2023-08-31,8001526,8003936,9,56,9
2023-08-31,8001527,8001527,71,78,91
2023-08-31,8001527,8001536,28,39,70
2023-08-31,8001528,8001329,17,18,202
2023-08-31,8001528,8001528,35,36,245
2023-08-31,8001528,8001539,16,18,272
2023-08-31,8001529,8001517,30,56,43
2023-08-31,8001529,8001526,9,56,12
2023-08-31,8001529,8001529,67,112,37
2023-08-31,8001530,8001530,103,106,304
2023-08-31,8001530,8001533,45,54,277
2023-08-31,8001530,8004883,51,52,320
2023-08-31,8001531,8000081,30,42,91
2023-08-31,8001531,8001505,29,42,74
2023-08-31,8001531,8001531,52,84,74
2023-08-31,8001532,8001532,35,36,278
2023-08-31,8001532,8001544,18,18,203
2023-08-31,8001533,8001530,52,52,295
2023-08-31,8001533,8001533,96,106,274
2023-08-31,8001535,8001517,26,56,20
2023-08-31,8001535,8001535,61,112,27
2023-08-31,8001535,8003916,31,56,28
2023-08-31,8001536,8001527,31,39,73
2023-08-31,8001536,8001536,52,78,63
2023-08-31,8001536,8006510,35,39,75
2023-08-31,8001537,8001515,24,29,294
2023-08-31,8001537,8001537,56,73,382
2023-08-31,8001537,8003169,30,36,526
2023-08-31,8001537,8006226,6,8,79
2023-08-31,8001539,8001528,17,18,202
2023-08-31,8001539,8001539,34,36,229
2023-08-31,8001539,8001541,17,18,278
2023-08-31,8001540,8001540,54,108,33
2023-08-31,8001540,8001542,15,54,19
2023-08-31,8001540,8001549,39,54,74
2023-08-31,8001541,8001539,17,18,172
2023-08-31,8001541,8001541,34,36,229
2023-08-31,8001541,8001544,16,18,328
2023-08-31,8001542,8000081,1,54,3
2023-08-31,8001542,8001540,23,54,22
2023-08-31,8001542,8001542,33,108,16
2023-08-31,8001543,8001327,81,83,168
2023-08-31,8001543,8001515,11,15,256
2023-08-31,8001543,8001519,23,42,91
2023-08-31,8001543,8001543,137,166,152
2023-08-31,8001544,8001532,16,18,363
2023-08-31,8001544,8001541,18,18,213
2023-08-31,8001544,8001544,34,36,289
2023-08-31,8001545,8000392,22,34,41
2023-08-31,8001545,8001523,14,20,90
2023-08-31,8001545,8001545,42,68,71
2023-08-31,8001546,8001546,48,112,32
2023-08-31,8001546,8003909,12,56,12
2023-08-31,8001546,8003936,39,56,54
2023-08-31,8001549,8001516,39,54,47
2023-08-31,8001549,8001540,18,54,24
2023-08-31,8001549,8001549,77,108,51
2023-08-31,8001692,8001394,21,35,69
2023-08-31,8001692,8001692,52,69,106
2023-08-31,8001692,8002262,29,34,149
2023-08-31,8001700,8001700,26,40,73
2023-08-31,8001700,8003018,15,20,110
2023-08-31,8001700,8003716,8,20,20
2023-08-31,8001729,8001729,1,2,15
2023-08-31,8001729,8004406,1,1,30
2023-08-31,8001795,8000033,47,51,384
2023-08-31,8001795,8000037,27,32,1199
2023-08-31,8001795,8001795,90,102,702
2023-08-31,8001795,8006386,13,18,463
2023-08-31,8001836,8000037,14,31,38
2023-08-31,8001836,8001836,23,62,26
2023-08-31,8001836,8002754,9,31,24
2023-08-31,8001851,8005319,3,8,41
2023-08-31,8001943,8001943,26,43,165
2023-08-31,8001943,8002267,12,21,71
2023-08-31,8001943,8004440,5,22,228
2023-08-31,8001980,8001980,15,16,144
2023-08-31,8001980,8003486,7,8,98
2023-08-31,8001980,8004564,8,8,176
2023-08-31,8002073,8002073,59,70,73
2023-08-31,8002073,8003993,32,35,100
2023-08-31,8002073,8004642,19,35,44
2023-08-31,8002180,8000793,1,15,18
2023-08-31,8002180,8002180,4,30,16
2023-08-31,8002180,8003470,6,15,20
2023-08-31,8002262,8001692,28,35,83
2023-08-31,8002262,8002262,60,69,116
2023-08-31,8002262,8005276,27,34,128
2023-08-31,8002267,8001943,11,22,241
2023-08-31,8002267,8002267,19,43,155
2023-08-31,8002267,8002509,10,21,66
2023-08-31,8002268,8000033,8,21,54
2023-08-31,8002268,8002268,17,43,157
2023-08-31,8002268,8002509,9,22,250
2023-08-31,8002509,8002267,9,22,245
2023-08-31,8002509,8002268,9,21,66
2023-08-31,8002509,8002509,20,43,160
2023-08-31,8002512,8002512,28,43,170
2023-08-31,8002512,8004440,14,21,90
2023-08-31,8002512,8006712,11,22,244
2023-08-31,8002514,8001357,13,19,117
2023-08-31,8002514,8002514,29,38,119
2023-08-31,8002514,8002769,18,19,96
2023-08-31,8002639,8001038,29,40,76
2023-08-31,8002639,8002639,55,80,95
2023-08-31,8002639,8002640,27,40,136
2023-08-31,8002640,8002639,13,40,55
2023-08-31,8002680,8000441,35,38,300
2023-08-31,8002680,8001045,15,17,235
2023-08-31,8002680,8002680,58,75,221
2023-08-31,8002680,8003168,13,19,163
2023-08-31,8002745,8000171,31,34,93
2023-08-31,8002745,8002745,51,68,90
2023-08-31,8002745,8006342,23,34,90
2023-08-31,8002754,8001836,5,31,12
2023-08-31,8002754,8002754,19,62,20
2023-08-31,8002754,8003166,10,31,19
2023-08-31,8002769,8002514,15,19,95
2023-08-31,8002779,8000164,18,18,258
2023-08-31,8002779,8001328,18,18,273
2023-08-31,8002779,8002779,36,36,279
2023-08-31,8002953,8002953,47,72,139
2023-08-31,8002953,8003657,15,15,304
2023-08-31,8002953,8003939,16,17,168
2023-08-31,8002953,8006386,7,14,32
2023-08-31,8002992,8000054,9,11,109
2023-08-31,8002992,8001137,6,9,50
2023-08-31,8002992,8002992,18,22,65
2023-08-31,8002992,8003998,2,2,45
2023-08-31,8003018,8001700,8,20,22
2023-08-31,8003018,8003018,19,40,52
2023-08-31,8003090,8000186,5,31,6
2023-08-31,8003090,8003090,32,62,20
2023-08-31,8003090,8003166,30,31,58
2023-08-31,8003166,8002754,9,31,16
2023-08-31,8003166,8003090,2,31,4
2023-08-31,8003166,8003166,29,62,16
2023-08-31,8003168,8002680,17,19,395
2023-08-31,8003168,8003168,103,145,296
2023-08-31,8003168,8003169,31,37,255
2023-08-31,8003168,8004448,24,28,466
2023-08-31,8003168,8006226,27,35,200
2023-08-31,8003168,8006449,5,7,129
2023-08-31,8003169,8001537,27,37,246
2023-08-31,8003169,8003168,29,36,496
2023-08-31,8003169,8003169,61,73,379
2023-08-31,8003287,8003287,22,40,71
2023-08-31,8003287,8003939,8,20,15
2023-08-31,8003287,8006320,15,20,129
2023-08-31,8003470,8002180,1,15,18
2023-08-31,8003470,8003470,7,30,24
2023-08-31,8003470,8004273,6,15,24
2023-08-31,8003486,8001980,8,8,210
2023-08-31,8003486,8003486,14,15,152
2023-08-31,8003486,8003493,11,13,92
2023-08-31,8003493,8000187,8,13,88
2023-08-31,8003493,8003486,13,13,342
2023-08-31,8003493,8003493,20,26,195
2023-08-31,8003621,8003621,12,16,103
2023-08-31,8003621,8004564,4,8,71
2023-08-31,8003621,8005319,8,8,150
2023-08-31,8003638,8000978,7,16,24
2023-08-31,8003638,8003638,5,33,11
2023-08-31,8003638,8003965,1,17,9
2023-08-31,8003657,8000186,18,33,136
2023-08-31,8003657,8002953,16,20,52
2023-08-31,8003657,8003657,35,67,79
2023-08-31,8003716,8001700,15,20,92
2023-08-31,8003716,8003716,20,40,53
2023-08-31,8003716,8006320,11,20,33
2023-08-31,8003896,8001137,15,17,97
2023-08-31,8003896,8003896,31,34,83
2023-08-31,8003896,8006379,10,17,56
2023-08-31,8003909,8001546,37,56,49
2023-08-31,8003909,8003909,51,112,35
2023-08-31,8003909,8005971,12,56,17
2023-08-31,8003916,8001520,29,56,41
2023-08-31,8003916,8001535,30,56,25
2023-08-31,8003916,8003916,60,112,26
2023-08-31,8003925,8000171,33,39,47
2023-08-31,8003925,8003925,60,78,52
2023-08-31,8003925,8005971,19,39,26
2023-08-31,8003936,8001526,26,56,28
2023-08-31,8003936,8001546,33,56,34
2023-08-31,8003936,8003936,72,112,38
2023-08-31,8003939,8002953,6,17,12
2023-08-31,8003939,8003287,13,20,116
2023-08-31,8003939,8003939,21,40,70
2023-08-31,8003946,8000081,25,56,30
2023-08-31,8003946,8001518,3,56,3
2023-08-31,8003946,8003946,32,112,18
2023-08-31,8003965,8003638,3,16,13
2023-08-31,8003965,8003965,4,33,12
2023-08-31,8003965,8003967,3,17,14
2023-08-31,8003967,8001066,10,36,22
2023-08-31,8003967,8003965,3,16,15
2023-08-31,8003967,8003967,12,33,24
2023-08-31,8003993,8000927,28,35,125
2023-08-31,8003993,8002073,28,35,58
2023-08-31,8003993,8003993,52,70,77
2023-08-31,8003998,8000904,1,2,15
2023-08-31,8003998,8002992,3,4,90
2023-08-31,8003998,8003998,5,6,80
2023-08-31,8004228,8000605,31,35,84
2023-08-31,8004228,8004228,41,70,61
2023-08-31,8004228,8006389,24,35,62
2023-08-31,8004230,8000081,30,56,178
2023-08-31,8004230,8004230,103,125,191
2023-08-31,8004230,8004419,64,69,184
2023-08-31,8004269,8000358,58,69,164
2023-08-31,8004269,8004269,109,138,175
2023-08-31,8004269,8004288,52,69,189
2023-08-31,8004273,8003470,1,15,20
2023-08-31,8004288,8004269,58,69,160
2023-08-31,8004288,8004288,111,138,172
2023-08-31,8004288,8004419,45,69,177
2023-08-31,8004419,8000081,10,13,120
2023-08-31,8004419,8004230,36,56,196
2023-08-31,8004419,8004288,47,69,140
2023-08-31,8004419,8004419,107,138,170
2023-08-31,8004440,8001943,17,21,109
2023-08-31,8004440,8002512,12,22,247
2023-08-31,8004440,8004440,24,43,172
2023-08-31,8004448,8003168,22,29,238
2023-08-31,8004448,8004448,48,57,352
2023-08-31,8004474,8000358,43,69,179
2023-08-31,8004474,8001039,45,69,127
2023-08-31,8004474,8004474,92,138,157
2023-08-31,8004564,8001980,7,8,101
2023-08-31,8004564,8003621,8,8,210
2023-08-31,8004564,8004564,15,16,144
2023-08-31,8004642,8000605,24,35,55
2023-08-31,8004642,8002073,31,35,91
2023-08-31,8004642,8004642,55,70,71
2023-08-31,8004883,8000239,51,52,322
2023-08-31,8004883,8001530,52,54,282
2023-08-31,8004883,8004883,99,106,298
2023-08-31,8005227,8001357,15,19,99
2023-08-31,8005289,8000793,7,16,34
2023-08-31,8005289,8005289,8,33,25
2023-08-31,8005289,8006109,1,17,18
2023-08-31,8005319,8001851,7,8,146
2023-08-31,8005319,8003621,4,8,49
2023-08-31,8005319,8005319,12,16,109
2023-08-31,8005488,8000033,14,22,289
2023-08-31,8005488,8005488,24,43,192
2023-08-31,8005488,8006607,8,21,53
2023-08-31,8005525,8003783,18,18,230
2023-08-31,8005525,8005525,29,36,190
2023-08-31,8005525,8005526,11,18,145
2023-08-31,8005526,8001097,11,18,133
2023-08-31,8005526,8005525,18,18,243
2023-08-31,8005526,8005526,29,36,192
2023-08-31,8005555,8000966,7,9,40
2023-08-31,8005555,8005555,15,17,86
2023-08-31,8005555,8005569,8,8,165
2023-08-31,8005569,8005555,0,9,0
2023-08-31,8005569,8005569,8,17,78
2023-08-31,8005569,8006486,8,8,112
2023-08-31,8005971,8003909,39,56,39
2023-08-31,8005971,8003925,39,39,54
2023-08-31,8005971,8005971,34,78,23
2023-08-31,8006109,8000978,1,17,18
2023-08-31,8006109,8005289,7,16,22
2023-08-31,8006109,8006109,4,33,16
2023-08-31,8006226,8000853,21,22,649
2023-08-31,8006226,8001515,12,13,822
2023-08-31,8006226,8001537,8,8,641
2023-08-31,8006226,8001585,18,18,335
2023-08-31,8006226,8001911,18,21,154
2023-08-31,8006226,8003168,24,33,223
2023-08-31,8006226,8006226,138,190,278
2023-08-31,8006226,8006386,29,34,116
2023-08-31,8006227,8001039,41,56,238
2023-08-31,8006227,8001905,69,69,153
2023-08-31,8006227,8004474,8,13,102
2023-08-31,8006227,8006227,78,138,152
2023-08-31,8006320,8003287,3,20,8
2023-08-31,8006320,8003716,12,20,88
2023-08-31,8006320,8006320,35,58,63
2023-08-31,8006323,8001045,29,30,181
2023-08-31,8006323,8001093,34,34,152
2023-08-31,8006323,8006323,52,69,117
2023-08-31,8006342,8002745,29,34,92
2023-08-31,8006342,8006342,51,68,84
2023-08-31,8006342,8006383,22,34,95
2023-08-31,8006348,8000239,20,20,386
2023-08-31,8006348,8001323,19,20,588
2023-08-31,8006348,8006348,39,40,466
2023-08-31,8006379,8003896,17,17,139
2023-08-31,8006379,8005336,10,17,48
2023-08-31,8006379,8006379,27,34,106
2023-08-31,8006383,8006342,22,34,49
2023-08-31,8006383,8006383,41,68,58
2023-08-31,8006386,8000977,36,41,147
2023-08-31,8006386,8001795,15,18,327
2023-08-31,8006386,8002953,14,14,264
2023-08-31,8006386,8006226,29,35,94
2023-08-31,8006386,8006386,106,147,176
2023-08-31,8006386,8006510,18,21,44
2023-08-31,8006389,8000113,22,35,57
2023-08-31,8006389,8004228,22,35,69
2023-08-31,8006389,8006389,47,70,64
2023-08-31,8006486,8005569,0,9,0
2023-08-31,8006510,8001536,25,39,64
2023-08-31,8006510,8006386,21,21,143
2023-08-31,8006510,8006510,64,78,84
2023-08-31,8006710,8001035,26,34,67
2023-08-31,8006710,8006710,62,68,157
2023-08-31,8006710,8006711,31,34,226
2023-08-31,8006711,8006710,34,34,83
2023-08-31,8006711,8006711,66,68,146
2023-08-31,8006712,8002512,16,21,101
2023-08-31,8006712,8006712,29,43,183
