date,from_stop_id,to_stop_id,delay_count,entries_count,avg_delay
2023-01-24,8000007,8000007,27,69,97
2023-01-24,8000007,8000468,13,39,81
2023-01-24,8000007,8000558,7,20,63
2023-01-24,8000007,8000602,6,18,12
2023-01-24,8000007,8001813,1,2,30
2023-01-24,8000007,8007474,8,16,122
2023-01-24,8000121,8000021,10,24,209
2023-01-24,8000121,8000121,24,87,90
2023-01-24,8000121,8000976,6,18,97
2023-01-24,8000121,8003075,1,6,55
2023-01-24,8000121,8004614,2,22,11
2023-01-24,8000121,8006312,5,17,28
2023-01-24,8000137,8000137,11,33,148
2023-01-24,8000137,8002444,5,19,172
2023-01-24,8000137,8003285,6,24,82
2023-01-24,8000137,8070096,3,19,27
2023-01-24,8000216,8000216,31,107,48
2023-01-24,8000216,8001663,0,1,0
2023-01-24,8000216,8002875,1,1,90
2023-01-24,8000216,8003080,4,22,23
2023-01-24,8000216,8003349,12,38,66
2023-01-24,8000216,8003507,4,20,42
2023-01-24,8000216,8005713,0,1,0
2023-01-24,8000216,8006468,9,31,41
2023-01-24,8000254,8000254,72,248,34
2023-01-24,8000254,8003125,4,11,19
2023-01-24,8000254,8003172,8,18,80
2023-01-24,8000254,8003186,0,6,0
2023-01-24,8000254,8006531,6,21,17
2023-01-24,8000254,8006536,7,24,38
2023-01-24,8000254,8079045,0,7,0
2023-01-24,8000254,8079143,9,56,14
2023-01-24,8000254,8084067,21,85,33
2023-01-24,8000257,8000257,36,88,55
2023-01-24,8000257,8000332,4,6,75
2023-01-24,8000257,8000503,2,2,195
2023-01-24,8000257,8001032,10,40,28
2023-01-24,8000257,8002872,4,10,48
2023-01-24,8000257,8002934,11,40,14
2023-01-24,8000257,8004714,8,41,26
2023-01-24,8000257,8004788,6,31,20
2023-01-24,8000326,8000326,55,175,49
2023-01-24,8000326,8000332,2,4,128
2023-01-24,8000326,8001057,15,42,61
2023-01-24,8000326,8002056,0,1,0
2023-01-24,8000326,8003687,23,79,33
2023-01-24,8000326,8003759,0,1,-30
2023-01-24,8000326,8005345,14,41,78
2023-01-24,8000326,8005628,3,9,40
2023-01-24,8000327,8000327,9,33,69
2023-01-24,8000327,8000340,7,16,111
2023-01-24,8000327,8007474,3,17,30
2023-01-24,8000332,8000257,3,8,98
2023-01-24,8000332,8000326,2,2,120
2023-01-24,8000332,8000332,20,55,81
2023-01-24,8000332,8001032,9,19,126
2023-01-24,8000332,8002014,0,1,0
2023-01-24,8000332,8002025,8,34,80
2023-01-24,8000332,8003759,2,3,90
2023-01-24,8000332,8003766,0,1,0
2023-01-24,8000340,8000327,3,17,32
2023-01-24,8000340,8000340,10,33,71
2023-01-24,8000340,8000652,7,16,109
2023-01-24,8000359,8000359,20,78,35
2023-01-24,8000359,8003816,1,1,60
2023-01-24,8000359,8003819,10,40,26
2023-01-24,8000359,8004193,10,38,36
2023-01-24,8000372,8000372,12,44,68
2023-01-24,8000372,8002875,2,7,193
2023-01-24,8000372,8006483,1,1,60
2023-01-24,8000372,8087062,5,21,23
2023-01-24,8000374,8000374,13,36,181
2023-01-24,8000374,8001860,5,33,61
2023-01-24,8000374,8002798,8,24,214
2023-01-24,8000374,8006292,6,14,161
2023-01-24,8000375,8000121,1,1,750
2023-01-24,8000375,8000375,29,86,114
2023-01-24,8000375,8000975,10,20,186
2023-01-24,8000375,8003075,10,44,42
2023-01-24,8000375,8004614,8,20,188
2023-01-24,8000375,8005896,1,1,1200
2023-01-24,8000376,8000376,11,30,40
2023-01-24,8000376,8002239,8,56,34
2023-01-24,8000376,8003702,7,40,12
2023-01-24,8000376,8004813,4,7,86
2023-01-24,8000376,8005067,0,1,0
2023-01-24,8000376,8005628,2,10,12
2023-01-24,8000466,8000466,23,39,134
2023-01-24,8000466,8000582,12,20,154
2023-01-24,8000466,8005551,10,19,126
2023-01-24,8000468,8000007,12,40,64
2023-01-24,8000468,8000468,23,79,68
2023-01-24,8000468,8000602,14,39,81
2023-01-24,8000491,8000491,5,37,19
2023-01-24,8000491,8004929,5,20,22
2023-01-24,8000491,8005857,2,17,18
2023-01-24,8000505,8000505,12,44,72
2023-01-24,8000505,8000726,1,1,180
2023-01-24,8000505,8002879,7,21,81
2023-01-24,8000505,8005111,7,22,86
2023-01-24,8000506,8000506,20,74,41
2023-01-24,8000506,8002474,11,38,36
2023-01-24,8000506,8004003,9,36,38
2023-01-24,8000547,8003739,2,16,11
2023-01-24,8000558,8000007,9,22,100
2023-01-24,8000558,8000558,16,42,79
2023-01-24,8000558,8001813,7,20,78
2023-01-24,8000582,8000466,10,19,141
2023-01-24,8000582,8000582,20,34,116
2023-01-24,8000582,8003508,2,2,255
2023-01-24,8000582,8005257,10,17,108
2023-01-24,8000602,8000007,7,12,105
2023-01-24,8000602,8000468,11,40,62
2023-01-24,8000602,8000602,35,109,70
2023-01-24,8000602,8006183,6,18,92
2023-01-24,8000602,8006534,14,39,64
2023-01-24,8000615,8000241,15,40,73
2023-01-24,8000615,8000615,71,167,146
2023-01-24,8000615,8002872,17,43,80
2023-01-24,8000615,8006404,40,84,219
2023-01-24,8000625,8000625,11,39,97
2023-01-24,8000625,8002444,6,20,18
2023-01-24,8000625,8003988,6,19,191
2023-01-24,8000652,8000340,3,17,28
2023-01-24,8000663,8000663,17,42,76
2023-01-24,8000663,8002958,2,19,11
2023-01-24,8000663,8004345,8,20,76
2023-01-24,8000663,8004788,12,33,67
2023-01-24,8000683,8000375,0,2,0
2023-01-24,8000683,8000683,23,68,321
2023-01-24,8000683,8003075,5,7,1046
2023-01-24,8000683,8004379,7,24,45
2023-01-24,8000683,8004601,14,35,383
2023-01-24,8000691,8003175,0,18,0
2023-01-24,8000698,8000698,15,66,75
2023-01-24,8000698,8000708,6,33,48
2023-01-24,8000698,8006125,7,34,84
2023-01-24,8000708,8000698,10,33,116
2023-01-24,8000708,8000708,20,66,86
2023-01-24,8000708,8001860,10,33,64
2023-01-24,8000802,8000802,1,35,18
2023-01-24,8000802,8003175,1,17,35
2023-01-24,8000802,8006468,1,18,2
2023-01-24,8000876,8000876,32,98,20
2023-01-24,8000876,8004822,7,49,12
2023-01-24,8000876,8005113,6,17,23
2023-01-24,8000876,8005843,4,17,7
2023-01-24,8000876,8006156,1,17,4
2023-01-24,8000894,8000894,29,81,52
2023-01-24,8000894,8002704,16,41,81
2023-01-24,8000894,8005628,14,40,32
2023-01-24,8000975,8000375,7,20,50
2023-01-24,8000975,8000975,14,40,112
2023-01-24,8000975,8000976,10,20,184
2023-01-24,8000976,8000121,5,18,32
2023-01-24,8000976,8000975,3,20,39
2023-01-24,8000976,8000976,16,48,151
2023-01-24,8000976,8003075,1,2,750
2023-01-24,8000976,8005896,8,18,217
2023-01-24,8001032,8000257,12,39,74
2023-01-24,8001032,8000332,3,20,21
2023-01-24,8001032,8001032,14,39,73
2023-01-24,8001043,8001043,8,38,28
2023-01-24,8001043,8002958,3,19,33
2023-01-24,8001043,8070096,5,19,27
2023-01-24,8001057,8000326,14,40,26
2023-01-24,8001057,8001057,26,86,43
2023-01-24,8001057,8002056,0,2,0
2023-01-24,8001057,8002632,15,44,70
2023-01-24,8001200,8001200,25,68,74
2023-01-24,8001200,8002655,11,34,40
2023-01-24,8001200,8003684,7,17,60
2023-01-24,8001200,8005649,1,2,45
2023-01-24,8001237,8001237,18,46,95
2023-01-24,8001237,8002692,2,2,180
2023-01-24,8001237,8003821,5,20,54
2023-01-24,8001237,8005950,8,21,113
2023-01-24,8001237,8006404,0,1,0
2023-01-24,8001341,8001341,13,36,48
2023-01-24,8001341,8005673,7,19,68
2023-01-24,8001341,8006680,6,17,32
2023-01-24,8001399,8001399,21,68,102
2023-01-24,8001399,8004189,12,34,125
2023-01-24,8001399,8006125,7,34,63
2023-01-24,8001406,8001406,13,36,38
2023-01-24,8001406,8001407,6,19,24
2023-01-24,8001406,8005673,6,17,35
2023-01-24,8001407,8001406,5,17,21
2023-01-24,8001407,8001407,10,36,18
2023-01-24,8001407,8005094,7,19,27
2023-01-24,8001448,8001448,21,76,43
2023-01-24,8001448,8002474,10,37,58
2023-01-24,8001448,8004680,11,39,35
2023-01-24,8001638,8001638,12,39,108
2023-01-24,8001638,8001728,5,19,182
2023-01-24,8001638,8003988,6,20,27
2023-01-24,8001663,8000216,0,1,0
2023-01-24,8001663,8001663,23,78,43
2023-01-24,8001663,8001665,11,38,28
2023-01-24,8001663,8003809,13,39,63
2023-01-24,8001665,8001663,12,38,62
2023-01-24,8001665,8001665,23,76,47
2023-01-24,8001665,8003349,11,38,29
2023-01-24,8001720,8001720,18,60,68
2023-01-24,8001720,8003257,9,27,101
2023-01-24,8001720,8004938,0,5,0
2023-01-24,8001720,8006100,9,25,59
2023-01-24,8001727,8001727,5,37,22
2023-01-24,8001727,8004993,2,17,21
2023-01-24,8001727,8005857,3,20,22
2023-01-24,8001728,8001638,5,20,21
2023-01-24,8001728,8001728,8,37,100
2023-01-24,8001728,8004935,5,18,183
2023-01-24,8001813,8000558,6,22,59
2023-01-24,8001813,8001813,14,40,80
2023-01-24,8001813,8002473,8,20,100
2023-01-24,8001860,8000374,10,33,62
2023-01-24,8001860,8000708,9,33,101
2023-01-24,8001860,8001860,19,66,78
2023-01-24,8002014,8000332,0,1,0
2023-01-24,8002014,8002014,12,27,271
2023-01-24,8002014,8002025,6,13,346
2023-01-24,8002014,8003498,6,13,261
2023-01-24,8002025,8000332,17,32,249
2023-01-24,8002025,8002014,6,12,255
2023-01-24,8002025,8002025,27,66,172
2023-01-24,8002025,8003759,0,1,0
2023-01-24,8002025,8003766,3,20,38
2023-01-24,8002036,8002036,29,74,71
2023-01-24,8002036,8002875,14,37,103
2023-01-24,8002036,8006261,14,37,38
2023-01-24,8002056,8000308,2,20,6
2023-01-24,8002056,8001057,2,2,195
2023-01-24,8002056,8002056,10,41,22
2023-01-24,8002056,8003687,3,3,50
2023-01-24,8002056,8003765,1,2,120
2023-01-24,8002175,8002175,4,34,8
2023-01-24,8002175,8002943,1,17,4
2023-01-24,8002191,8002191,9,35,64
2023-01-24,8002191,8005637,6,18,90
2023-01-24,8002191,8006183,3,17,32
2023-01-24,8002286,8002286,6,37,21
2023-01-24,8002286,8004396,2,17,16
2023-01-24,8002286,8004993,4,20,27
2023-01-24,8002300,8002300,22,39,115
2023-01-24,8002300,8003508,9,19,114
2023-01-24,8002300,8005551,12,20,135
2023-01-24,8002444,8000137,5,20,24
2023-01-24,8002444,8000625,5,19,171
2023-01-24,8002444,8002444,9,39,92
2023-01-24,8002473,8001813,7,20,63
2023-01-24,8002473,8002473,15,40,75
2023-01-24,8002473,8004345,7,20,88
2023-01-24,8002474,8000506,8,36,42
2023-01-24,8002474,8001448,9,39,31
2023-01-24,8002474,8002474,20,80,44
2023-01-24,8002474,8004680,0,2,0
2023-01-24,8002474,8004714,3,3,200
2023-01-24,8002632,8000326,0,1,-30
2023-01-24,8002632,8001057,13,42,24
2023-01-24,8002632,8002632,30,87,49
2023-01-24,8002632,8004489,17,44,73
2023-01-24,8002648,8002648,16,34,79
2023-01-24,8002648,8002649,9,17,99
2023-01-24,8002648,8006441,6,17,42
2023-01-24,8002649,8002648,6,17,46
2023-01-24,8002649,8002649,15,34,71
2023-01-24,8002649,8002847,9,17,115
2023-01-24,8002655,8001200,8,34,103
2023-01-24,8002655,8002655,23,68,71
2023-01-24,8002655,8003257,13,34,45
2023-01-24,8002692,8001237,0,2,0
2023-01-24,8002692,8002692,33,83,106
2023-01-24,8002692,8003075,18,41,142
2023-01-24,8002692,8003816,1,3,70
2023-01-24,8002692,8005950,6,21,64
2023-01-24,8002704,8000894,11,40,17
2023-01-24,8002704,8002704,25,81,48
2023-01-24,8002704,8003702,12,41,75
2023-01-24,8002724,8002724,12,32,83
2023-01-24,8002724,8003739,8,16,148
2023-01-24,8002724,8004975,5,16,41
2023-01-24,8002798,8000374,9,23,142
2023-01-24,8002798,8002798,17,47,175
2023-01-24,8002798,8003285,9,24,219
2023-01-24,8002847,8002649,9,17,51
2023-01-24,8002847,8002847,18,34,81
2023-01-24,8002847,8004166,9,17,111
2023-01-24,8002858,8002858,9,32,86
2023-01-24,8002858,8003215,6,16,169
2023-01-24,8002858,8006019,4,16,26
2023-01-24,8002875,8000372,2,4,75
2023-01-24,8002875,8001720,1,1,660
2023-01-24,8002875,8002036,15,37,49
2023-01-24,8002875,8002875,37,92,88
2023-01-24,8002875,8003232,6,15,110
2023-01-24,8002875,8003497,1,1,180
2023-01-24,8002875,8004938,0,1,0
2023-01-24,8002875,8005649,0,1,0
2023-01-24,8002875,8006261,0,1,0
2023-01-24,8002895,8002895,8,36,18
2023-01-24,8002895,8005094,0,17,0
2023-01-24,8002895,8005843,7,19,28
2023-01-24,8002943,8002175,1,17,4
2023-01-24,8002943,8002943,4,34,6
2023-01-24,8002943,8005423,1,17,4
2023-01-24,8002958,8000663,5,19,38
2023-01-24,8002958,8001043,5,19,24
2023-01-24,8002958,8002958,10,38,29
2023-01-24,8003070,8003070,10,42,42
2023-01-24,8003070,8005111,7,21,60
2023-01-24,8003070,8006483,3,21,27
2023-01-24,8003075,8000021,7,19,163
2023-01-24,8003075,8000121,1,1,750
2023-01-24,8003075,8000375,18,41,170
2023-01-24,8003075,8000683,3,8,934
2023-01-24,8003075,8002692,15,42,59
2023-01-24,8003075,8003075,58,143,246
2023-01-24,8003075,8003816,8,18,527
2023-01-24,8003075,8005220,2,5,288
2023-01-24,8003075,8005896,1,1,1710
2023-01-24,8003080,8000216,10,24,41
2023-01-24,8003080,8003080,14,46,33
2023-01-24,8003080,8005146,5,21,29
2023-01-24,8003080,8006468,0,1,0
2023-01-24,8003150,8003150,4,21,123
2023-01-24,8003150,8003151,2,11,22
2023-01-24,8003151,8003150,3,10,243
2023-01-24,8003151,8003151,8,32,122
2023-01-24,8003151,8003504,3,16,19
2023-01-24,8003172,8000254,7,19,73
2023-01-24,8003172,8003172,29,81,64
2023-01-24,8003172,8006468,17,42,85
2023-01-24,8003172,8006536,6,20,63
2023-01-24,8003175,8000691,3,17,42
2023-01-24,8003175,8000802,0,18,0
2023-01-24,8003175,8003175,1,35,18
2023-01-24,8003215,8002858,7,16,32
2023-01-24,8003215,8003215,13,32,109
2023-01-24,8003215,8003504,6,16,180
2023-01-24,8003232,8002875,6,16,34
2023-01-24,8003232,8003232,15,42,65
2023-01-24,8003232,8006100,5,20,88
2023-01-24,8003257,8001720,9,26,54
2023-01-24,8003257,8002655,11,34,92
2023-01-24,8003257,8003257,25,77,58
2023-01-24,8003257,8004938,1,4,8
2023-01-24,8003285,8000137,9,24,216
2023-01-24,8003285,8000374,0,1,0
2023-01-24,8003285,8002798,9,23,115
2023-01-24,8003285,8003285,17,48,155
2023-01-24,8003316,8003316,16,44,82
2023-01-24,8003316,8003817,0,1,0
2023-01-24,8003316,8003820,8,21,70
2023-01-24,8003316,8004349,9,22,97
2023-01-24,8003349,8000216,10,38,25
2023-01-24,8003349,8001665,14,38,69
2023-01-24,8003349,8003349,28,76,49
2023-01-24,8003429,8003429,11,32,114
2023-01-24,8003429,8004677,5,16,154
2023-01-24,8003429,8005172,7,16,94
2023-01-24,8003481,8004929,0,17,0
2023-01-24,8003497,8001663,0,1,0
2023-01-24,8003497,8002875,1,2,345
2023-01-24,8003497,8003497,32,80,63
2023-01-24,8003497,8004489,16,37,40
2023-01-24,8003497,8006261,2,2,45
2023-01-24,8003497,8079146,14,37,90
2023-01-24,8003498,8002014,6,14,304
2023-01-24,8003498,8003498,12,27,307
2023-01-24,8003498,8006292,6,13,325
2023-01-24,8003504,8003151,6,16,225
2023-01-24,8003504,8003215,6,16,32
2023-01-24,8003504,8003504,12,32,116
2023-01-24,8003507,8000216,9,18,130
2023-01-24,8003507,8003507,13,38,92
2023-01-24,8003507,8003508,4,20,42
2023-01-24,8003508,8000216,2,3,160
2023-01-24,8003508,8002300,10,20,63
2023-01-24,8003508,8003507,9,18,150
2023-01-24,8003508,8003508,18,41,91
2023-01-24,8003687,8000326,32,82,74
2023-01-24,8003687,8003687,55,161,54
2023-01-24,8003687,8003759,5,24,39
2023-01-24,8003687,8003767,20,55,44
2023-01-24,8003702,8000376,18,41,87
2023-01-24,8003702,8002704,13,40,19
2023-01-24,8003702,8003702,28,81,52
2023-01-24,8003739,8000547,8,16,144
2023-01-24,8003739,8002724,4,16,17
2023-01-24,8003739,8003739,10,32,82
2023-01-24,8003759,8000326,0,1,0
2023-01-24,8003759,8000332,2,3,160
2023-01-24,8003759,8002681,0,1,0
2023-01-24,8003759,8003489,1,1,480
2023-01-24,8003759,8003497,1,2,30
2023-01-24,8003759,8003687,9,24,94
2023-01-24,8003759,8003759,107,270,71
2023-01-24,8003759,8003765,22,52,88
2023-01-24,8003759,8003766,14,38,92
2023-01-24,8003759,8003841,36,76,87
2023-01-24,8003759,8003842,3,11,22
2023-01-24,8003759,8003844,0,1,0
2023-01-24,8003759,8005494,1,1,240
2023-01-24,8003759,8005649,3,8,52
2023-01-24,8003765,8000326,0,1,0
2023-01-24,8003765,8002056,0,4,0
2023-01-24,8003765,8003759,24,50,64
2023-01-24,8003765,8003765,42,111,69
2023-01-24,8003765,8003767,21,55,75
2023-01-24,8003766,8000332,0,1,0
2023-01-24,8003766,8002025,11,19,167
2023-01-24,8003766,8002056,0,1,0
2023-01-24,8003766,8003759,10,40,54
2023-01-24,8003766,8003766,14,41,111
2023-01-24,8003767,8003687,22,55,77
2023-01-24,8003767,8003765,21,55,51
2023-01-24,8003767,8003767,42,110,62
2023-01-24,8003809,8001663,10,38,24
2023-01-24,8003809,8003497,1,1,90
2023-01-24,8003809,8003809,20,77,43
2023-01-24,8003809,8004306,12,33,81
2023-01-24,8003809,8004489,0,1,0
2023-01-24,8003816,8000241,9,21,599
2023-01-24,8003816,8000250,0,1,0
2023-01-24,8003816,8000359,1,1,30
2023-01-24,8003816,8000375,1,1,420
2023-01-24,8003816,8001237,0,1,0
2023-01-24,8003816,8002692,0,2,0
2023-01-24,8003816,8002872,0,2,0
2023-01-24,8003816,8003075,8,15,656
2023-01-24,8003816,8003815,21,45,211
2023-01-24,8003816,8003816,78,213,177
2023-01-24,8003816,8003818,19,46,85
2023-01-24,8003816,8003819,8,38,36
2023-01-24,8003816,8004432,1,1,120
2023-01-24,8003816,8005220,0,2,0
2023-01-24,8003817,8003816,0,1,0
2023-01-24,8003817,8003817,17,40,100
2023-01-24,8003817,8003820,9,18,167
2023-01-24,8003817,8006136,6,20,39
2023-01-24,8003819,8000359,9,38,39
2023-01-24,8003819,8003816,15,40,44
2023-01-24,8003819,8003819,20,78,35
2023-01-24,8003820,8003316,7,19,112
2023-01-24,8003820,8003817,8,21,37
2023-01-24,8003820,8003820,13,41,83
2023-01-24,8003820,8006136,0,1,0
2023-01-24,8003821,8001237,9,20,166
2023-01-24,8003821,8003821,12,40,99
2023-01-24,8003988,8000625,6,20,24
2023-01-24,8003988,8001638,6,19,202
2023-01-24,8003988,8003988,12,39,115
2023-01-24,8004003,8000506,13,37,43
2023-01-24,8004003,8004003,21,73,39
2023-01-24,8004003,8004714,8,36,36
2023-01-24,8004166,8002847,6,17,35
2023-01-24,8004166,8004166,15,34,49
2023-01-24,8004166,8005113,6,17,35
2023-01-24,8004172,8003568,3,24,6
2023-01-24,8004172,8004172,9,49,15
2023-01-24,8004189,8001399,9,34,81
2023-01-24,8004189,8004189,21,68,101
2023-01-24,8004189,8004489,12,34,127
2023-01-24,8004193,8000359,11,40,37
2023-01-24,8004193,8004193,20,78,35
2023-01-24,8004193,8004432,9,38,41
2023-01-24,8004306,8003809,7,36,19
2023-01-24,8004306,8004306,20,69,53
2023-01-24,8004345,8000663,8,20,93
2023-01-24,8004345,8002473,7,20,54
2023-01-24,8004345,8004345,16,40,80
2023-01-24,8004349,8003316,7,22,60
2023-01-24,8004349,8003820,0,1,0
2023-01-24,8004349,8004349,28,74,99
2023-01-24,8004349,8004352,15,35,121
2023-01-24,8004352,8004349,13,39,65
2023-01-24,8004352,8004352,26,74,80
2023-01-24,8004352,8006534,15,35,116
2023-01-24,8004379,8000683,10,27,187
2023-01-24,8004379,8004379,15,51,108
2023-01-24,8004379,8005896,8,24,51
2023-01-24,8004396,8002286,6,20,32
2023-01-24,8004396,8004396,9,37,26
2023-01-24,8004396,8004557,2,17,18
2023-01-24,8004432,8003816,0,2,0
2023-01-24,8004432,8004193,11,40,28
2023-01-24,8004432,8004432,22,81,37
2023-01-24,8004432,8004680,12,39,49
2023-01-24,8004489,8002632,15,42,27
2023-01-24,8004489,8003497,14,38,65
2023-01-24,8004489,8004189,6,34,76
2023-01-24,8004489,8004306,0,1,0
2023-01-24,8004489,8004489,49,154,74
2023-01-24,8004557,8004396,6,20,36
2023-01-24,8004557,8004557,9,37,27
2023-01-24,8004557,8005715,2,17,16
2023-01-24,8004614,8000121,8,20,196
2023-01-24,8004614,8000375,6,22,18
2023-01-24,8004614,8004614,11,42,106
2023-01-24,8004677,8003429,6,16,77
2023-01-24,8004677,8004677,11,32,102
2023-01-24,8004677,8006019,5,16,142
2023-01-24,8004680,8001448,10,37,54
2023-01-24,8004680,8002474,2,2,105
2023-01-24,8004680,8004432,8,42,22
2023-01-24,8004680,8004680,23,80,40
2023-01-24,8004714,8000257,16,40,56
2023-01-24,8004714,8000506,0,1,0
2023-01-24,8004714,8002474,0,3,0
2023-01-24,8004714,8004003,13,37,48
2023-01-24,8004714,8004714,27,81,48
2023-01-24,8004788,8000257,10,33,86
2023-01-24,8004788,8000663,12,31,49
2023-01-24,8004788,8004788,20,64,60
2023-01-24,8004822,8000876,15,49,21
2023-01-24,8004929,8000491,2,17,14
2023-01-24,8004929,8003481,3,20,16
2023-01-24,8004929,8004929,6,37,15
2023-01-24,8004935,8001728,3,19,16
2023-01-24,8004938,8001720,0,2,0
2023-01-24,8004938,8003257,0,4,0
2023-01-24,8004938,8004938,9,37,27
2023-01-24,8004938,8007482,7,20,36
2023-01-24,8004975,8002724,8,16,146
2023-01-24,8004975,8004975,13,32,104
2023-01-24,8004975,8006555,5,16,69
2023-01-24,8004993,8001727,3,20,22
2023-01-24,8004993,8002286,2,17,16
2023-01-24,8004993,8004993,6,37,22
2023-01-24,8005094,8001407,0,17,0
2023-01-24,8005094,8002895,6,19,25
2023-01-24,8005094,8005094,6,36,11
2023-01-24,8005103,8005103,16,34,91
2023-01-24,8005103,8005257,7,17,65
2023-01-24,8005103,8006441,9,17,127
2023-01-24,8005111,8000505,8,22,74
2023-01-24,8005111,8000726,2,6,30
2023-01-24,8005111,8003070,5,21,33
2023-01-24,8005111,8005111,18,56,70
2023-01-24,8005111,8006483,3,7,193
2023-01-24,8005113,8000876,6,17,35
2023-01-24,8005113,8004166,2,17,7
2023-01-24,8005113,8005113,11,34,26
2023-01-24,8005146,8003080,10,23,55
2023-01-24,8005146,8005146,14,44,38
2023-01-24,8005146,8005713,4,21,27
2023-01-24,8005172,8003429,5,16,152
2023-01-24,8005172,8005172,12,32,130
2023-01-24,8005172,8006555,8,16,109
2023-01-24,8005257,8000582,3,17,30
2023-01-24,8005257,8005103,9,17,99
2023-01-24,8005257,8005257,15,34,67
2023-01-24,8005345,8000326,15,40,41
2023-01-24,8005345,8005345,31,81,57
2023-01-24,8005345,8005626,16,41,78
2023-01-24,8005423,8002943,3,17,9
2023-01-24,8005423,8005423,5,34,7
2023-01-24,8005423,8005689,5,17,23
2023-01-24,8005551,8000466,12,20,123
2023-01-24,8005551,8002300,10,19,144
2023-01-24,8005551,8005551,22,39,135
2023-01-24,8005628,8000326,3,9,47
2023-01-24,8005628,8000376,3,9,47
2023-01-24,8005628,8000894,15,41,80
2023-01-24,8005628,8003759,0,1,0
2023-01-24,8005628,8005345,0,1,0
2023-01-24,8005628,8005626,10,39,25
2023-01-24,8005628,8005628,34,100,51
2023-01-24,8005637,8002191,5,17,37
2023-01-24,8005637,8005637,11,35,63
2023-01-24,8005637,8006312,6,18,78
2023-01-24,8005673,8001341,6,17,34
2023-01-24,8005673,8001406,7,19,54
2023-01-24,8005673,8005673,13,36,49
2023-01-24,8005689,8005423,2,17,7
2023-01-24,8005689,8005689,7,34,18
2023-01-24,8005689,8006156,5,17,28
2023-01-24,8005713,8005146,9,23,47
2023-01-24,8005713,8005713,13,45,37
2023-01-24,8005713,8006468,5,22,30
2023-01-24,8005715,8004557,6,20,34
2023-01-24,8005715,8005715,9,37,27
2023-01-24,8005715,8007482,2,17,16
2023-01-24,8005843,8000876,7,19,28
2023-01-24,8005843,8002895,1,17,2
2023-01-24,8005843,8005843,6,36,9
2023-01-24,8005857,8000491,4,20,24
2023-01-24,8005857,8001727,2,17,16
2023-01-24,8005857,8005857,5,37,20
2023-01-24,8005896,8000976,7,17,49
2023-01-24,8005896,8004379,10,27,207
2023-01-24,8005896,8005896,16,51,146
2023-01-24,8005950,8001237,9,21,71
2023-01-24,8005950,8002692,9,21,173
2023-01-24,8005950,8005950,16,42,111
2023-01-24,8006019,8002858,5,16,146
2023-01-24,8006019,8004677,7,16,43
2023-01-24,8006019,8006019,12,32,90
2023-01-24,8006100,8000372,0,1,0
2023-01-24,8006100,8001720,6,27,67
2023-01-24,8006100,8002875,0,1,0
2023-01-24,8006100,8003232,7,22,38
2023-01-24,8006100,8003257,1,1,30
2023-01-24,8006100,8006100,15,53,61
2023-01-24,8006125,8000698,9,34,65
2023-01-24,8006125,8001399,12,34,116
2023-01-24,8006125,8006125,18,68,80
2023-01-24,8006136,8003316,0,2,0
2023-01-24,8006136,8003816,0,2,0
2023-01-24,8006136,8003817,7,17,180
2023-01-24,8006136,8003820,0,1,0
2023-01-24,8006136,8006136,17,41,105
2023-01-24,8006156,8000876,2,17,4
2023-01-24,8006156,8005689,3,17,11
2023-01-24,8006156,8006156,8,34,14
2023-01-24,8006183,8000602,4,17,30
2023-01-24,8006183,8002191,6,18,93
2023-01-24,8006183,8006183,10,35,63
2023-01-24,8006261,8002036,14,37,102
2023-01-24,8006261,8002875,2,2,75
2023-01-24,8006261,8003497,0,1,0
2023-01-24,8006261,8006261,31,77,72
2023-01-24,8006261,8079146,16,37,52
2023-01-24,8006292,8000374,5,13,316
2023-01-24,8006292,8003498,6,14,311
2023-01-24,8006292,8006292,12,27,278
2023-01-24,8006312,8000121,6,18,80
2023-01-24,8006312,8005637,4,17,32
2023-01-24,8006312,8006312,10,35,54
2023-01-24,8006441,8002648,9,17,127
2023-01-24,8006441,8005103,6,17,55
2023-01-24,8006441,8006441,15,34,89
2023-01-24,8006468,8000216,13,33,88
2023-01-24,8006468,8000691,0,1,0
2023-01-24,8006468,8000802,1,17,39
2023-01-24,8006468,8003080,0,1,0
2023-01-24,8006468,8003172,11,39,45
2023-01-24,8006468,8005713,8,23,46
2023-01-24,8006468,8006468,36,113,58
2023-01-24,8006468,8007857,4,15,68
2023-01-24,8006468,8700382,0,1,0
2023-01-24,8006483,8000372,1,1,1260
2023-01-24,8006483,8003070,6,21,51
2023-01-24,8006483,8005111,3,7,56
2023-01-24,8006483,8006483,17,56,61
2023-01-24,8006483,8087062,7,21,40
2023-01-24,8006534,8000602,13,35,100
2023-01-24,8006534,8004352,13,39,57
2023-01-24,8006534,8006534,27,74,86
2023-01-24,8006536,8000254,6,20,76
2023-01-24,8006536,8003172,7,24,38
2023-01-24,8006536,8006536,13,44,46
2023-01-24,8006555,8004975,8,16,139
2023-01-24,8006555,8005172,5,16,150
2023-01-24,8006555,8006555,13,32,118
2023-01-24,8006680,8000371,6,17,30
2023-01-24,8006680,8001341,7,19,58
2023-01-24,8006680,8006680,13,35,51
2023-01-24,8007474,8000007,7,17,101
2023-01-24,8007474,8000327,7,16,118
2023-01-24,8007474,8007474,10,33,82
2023-01-24,8007482,8004938,2,17,18
2023-01-24,8007482,8005715,6,20,32
2023-01-24,8007482,8007482,9,37,28
2023-01-24,8007857,8006468,4,16,58
2023-01-24,8007857,8007857,7,31,58
2023-01-24,8007857,8007858,5,15,70
2023-01-24,8007858,8007857,2,16,45
2023-01-24,8007858,8007858,7,31,58
2023-01-24,8007858,8007859,5,15,74
2023-01-24,8007859,8007858,2,16,49
2023-01-24,8007859,8007859,7,31,65
2023-01-24,8007859,8007860,5,15,80
2023-01-24,8007860,8007859,2,16,41
2023-01-24,8007860,8007860,6,31,53
2023-01-24,8007860,8700382,5,15,62
2023-01-24,8070096,8000137,6,19,25
2023-01-24,8070096,8001043,3,19,30
2023-01-24,8070096,8070096,9,38,26
2023-01-24,8079146,8003497,15,37,45
2023-01-24,8079146,8006261,13,37,96
2023-01-24,8079146,8079146,28,74,70
2023-01-24,8084067,8000254,25,96,25
2023-01-24,8084067,8003186,7,16,88
2023-01-24,8084067,8003923,13,69,26
2023-01-24,8084067,8084067,44,181,26
2023-01-24,8087062,8000372,8,21,51
2023-01-24,8087062,8006483,6,21,34
2023-01-24,8087062,8087062,12,42,34
2023-01-25,8000007,8000007,65,69,353
2023-01-25,8000007,8000468,35,39,305
2023-01-25,8000007,8000558,20,20,430
2023-01-25,8000007,8000602,16,18,195
2023-01-25,8000007,8001813,2,2,45
2023-01-25,8000007,8007474,15,16,377
2023-01-25,8000121,8000021,25,25,242
2023-01-25,8000121,8000121,71,89,263
2023-01-25,8000121,8000976,17,18,560
2023-01-25,8000121,8003075,6,6,290
2023-01-25,8000121,8004614,11,23,39
2023-01-25,8000121,8006312,15,17,330
2023-01-25,8000137,8000137,28,33,131
2023-01-25,8000137,8002444,17,19,128
2023-01-25,8000137,8003285,18,24,145
2023-01-25,8000137,8070096,14,19,76
2023-01-25,8000216,8000216,67,107,105
2023-01-25,8000216,8001663,0,1,0
2023-01-25,8000216,8002875,1,1,270
2023-01-25,8000216,8003080,11,21,41
2023-01-25,8000216,8003349,25,38,118
2023-01-25,8000216,8003507,14,20,186
2023-01-25,8000216,8005146,0,1,0
2023-01-25,8000216,8005713,1,1,480
2023-01-25,8000216,8006468,18,31,77
2023-01-25,8000254,723870,0,1,0
2023-01-25,8000254,8000254,171,249,102
2023-01-25,8000254,8003125,6,10,39
2023-01-25,8000254,8003172,7,18,85
2023-01-25,8000254,8003186,5,6,145
2023-01-25,8000254,8005072,1,1,90
2023-01-25,8000254,8006531,7,21,50
2023-01-25,8000254,8006536,17,24,124
2023-01-25,8000254,8079045,2,6,15
2023-01-25,8000254,8079143,25,56,55
2023-01-25,8000254,8084067,53,86,97
2023-01-25,8000257,8000257,66,88,147
2023-01-25,8000257,8000332,4,6,55
2023-01-25,8000257,8000503,2,2,210
2023-01-25,8000257,8001032,26,40,89
2023-01-25,8000257,8002872,9,10,123
2023-01-25,8000257,8002934,30,40,75
2023-01-25,8000257,8004714,24,41,113
2023-01-25,8000257,8004788,22,31,118
2023-01-25,8000326,8000326,153,175,597
2023-01-25,8000326,8000332,4,4,360
2023-01-25,8000326,8001057,38,42,866
2023-01-25,8000326,8002056,1,1,300
2023-01-25,8000326,8003687,67,79,389
2023-01-25,8000326,8003759,0,1,0
2023-01-25,8000326,8005345,33,41,910
2023-01-25,8000326,8005628,6,9,347
2023-01-25,8000327,8000327,23,33,226
2023-01-25,8000327,8000340,14,16,364
2023-01-25,8000327,8007474,7,17,78
2023-01-25,8000332,8000257,6,8,326
2023-01-25,8000332,8000326,2,2,60
2023-01-25,8000332,8000332,37,55,197
2023-01-25,8000332,8001032,16,19,238
2023-01-25,8000332,8002014,1,1,660
2023-01-25,8000332,8002025,24,34,152
2023-01-25,8000332,8003759,1,3,120
2023-01-25,8000332,8003766,1,1,450
2023-01-25,8000340,8000327,10,17,85
2023-01-25,8000340,8000340,24,33,215
2023-01-25,8000340,8000652,13,16,339
2023-01-25,8000359,8000359,52,78,102
2023-01-25,8000359,8003816,1,1,90
2023-01-25,8000359,8003819,22,40,100
2023-01-25,8000359,8004193,21,38,82
2023-01-25,8000372,8000372,36,44,202
2023-01-25,8000372,8002875,6,7,163
2023-01-25,8000372,8006483,1,1,1110
2023-01-25,8000372,8087062,17,21,100
2023-01-25,8000374,8000374,27,36,178
2023-01-25,8000374,8001860,19,33,57
2023-01-25,8000374,8002798,13,24,119
2023-01-25,8000374,8006292,12,14,180
2023-01-25,8000375,8000121,1,1,810
2023-01-25,8000375,8000375,65,88,173
2023-01-25,8000375,8000975,15,20,134
2023-01-25,8000375,8003075,29,45,146
2023-01-25,8000375,8004614,19,21,203
2023-01-25,8000375,8005896,1,1,1440
2023-01-25,8000376,8000376,26,30,359
2023-01-25,8000376,8002239,22,56,292
2023-01-25,8000376,8003702,29,40,156
2023-01-25,8000376,8004813,6,7,536
2023-01-25,8000376,8005067,1,1,300
2023-01-25,8000376,8005628,10,10,225
2023-01-25,8000466,8000466,36,39,375
2023-01-25,8000466,8000582,18,20,428
2023-01-25,8000466,8005551,18,19,351
2023-01-25,8000468,8000007,31,40,280
2023-01-25,8000468,8000468,67,79,290
2023-01-25,8000468,8000602,35,39,308
2023-01-25,8000491,8000491,25,37,81
2023-01-25,8000491,8004929,18,20,100
2023-01-25,8000491,8005857,10,17,76
2023-01-25,8000505,8000505,38,44,176
2023-01-25,8000505,8000726,1,1,1080
2023-01-25,8000505,8002879,20,21,150
2023-01-25,8000505,8005111,18,22,187
2023-01-25,8000506,8000506,44,74,118
2023-01-25,8000506,8002474,25,38,107
2023-01-25,8000506,8004003,19,36,125
2023-01-25,8000547,8003739,11,16,176
2023-01-25,8000558,8000007,21,22,398
2023-01-25,8000558,8000558,41,42,405
2023-01-25,8000558,8001813,20,20,500
2023-01-25,8000582,8000466,18,19,371
2023-01-25,8000582,8000582,34,34,358
2023-01-25,8000582,8003508,0,2,0
2023-01-25,8000582,8005257,17,17,434
2023-01-25,8000602,8000007,7,12,115
2023-01-25,8000602,8000468,32,40,275
2023-01-25,8000602,8000602,90,109,265
2023-01-25,8000602,8006183,18,18,512
2023-01-25,8000602,8006534,34,39,212
2023-01-25,8000615,8000241,37,41,146
2023-01-25,8000615,8000615,156,169,191
2023-01-25,8000615,8002872,43,44,149
2023-01-25,8000615,8006404,76,84,244
2023-01-25,8000625,8000625,29,39,92
2023-01-25,8000625,8002444,12,20,63
2023-01-25,8000625,8003988,17,19,115
2023-01-25,8000652,8000340,11,17,90
2023-01-25,8000663,8000663,41,42,340
2023-01-25,8000663,8002958,7,19,95
2023-01-25,8000663,8004345,20,20,314
2023-01-25,8000663,8004788,27,33,344
2023-01-25,8000683,8000375,2,2,90
2023-01-25,8000683,8000683,53,68,347
2023-01-25,8000683,8003075,7,7,429
2023-01-25,8000683,8004379,17,24,462
2023-01-25,8000683,8004601,30,35,347
2023-01-25,8000691,8003175,1,18,3
2023-01-25,8000698,8000698,50,66,71
2023-01-25,8000698,8000708,24,33,70
2023-01-25,8000698,8006125,15,34,47
2023-01-25,8000708,8000698,32,33,119
2023-01-25,8000708,8000708,63,66,96
2023-01-25,8000708,8001860,31,33,98
2023-01-25,8000802,8000802,11,35,24
2023-01-25,8000802,8003175,10,17,152
2023-01-25,8000802,8006468,3,18,8
2023-01-25,8000876,8000876,62,98,65
2023-01-25,8000876,8004822,19,49,38
2023-01-25,8000876,8005113,8,17,51
2023-01-25,8000876,8005843,8,17,41
2023-01-25,8000876,8006156,7,17,41
2023-01-25,8000894,8000894,71,81,562
2023-01-25,8000894,8002704,34,41,930
2023-01-25,8000894,8005628,38,40,224
2023-01-25,8000975,8000375,15,20,261
2023-01-25,8000975,8000975,23,40,188
2023-01-25,8000975,8000976,11,20,129
2023-01-25,8000976,8000121,13,18,262
2023-01-25,8000976,8000975,9,20,246
2023-01-25,8000976,8000976,31,48,224
2023-01-25,8000976,8003075,0,2,0
2023-01-25,8000976,8005896,16,18,213
2023-01-25,8001032,8000257,25,39,136
2023-01-25,8001032,8000332,9,20,112
2023-01-25,8001032,8001032,27,39,160
2023-01-25,8001043,8001043,34,38,116
2023-01-25,8001043,8002958,15,19,76
2023-01-25,8001043,8070096,18,19,158
2023-01-25,8001057,8000326,32,40,328
2023-01-25,8001057,8001057,66,86,575
2023-01-25,8001057,8002056,1,2,135
2023-01-25,8001057,8002632,39,44,829
2023-01-25,8001200,8001200,46,68,296
2023-01-25,8001200,8002655,18,34,177
2023-01-25,8001200,8003684,13,17,157
2023-01-25,8001200,8005649,2,2,120
2023-01-25,8001237,8001237,38,48,187
2023-01-25,8001237,8002692,3,3,210
2023-01-25,8001237,8003821,11,20,243
2023-01-25,8001237,8005950,20,21,131
2023-01-25,8001237,8006404,0,1,0
2023-01-25,8001341,8001341,33,36,168
2023-01-25,8001341,8005673,17,19,226
2023-01-25,8001341,8006680,16,17,120
2023-01-25,8001399,8001399,59,68,110
2023-01-25,8001399,8004189,34,34,132
2023-01-25,8001399,8006125,26,34,86
2023-01-25,8001406,8001406,36,36,145
2023-01-25,8001406,8001407,16,19,131
2023-01-25,8001406,8005673,14,17,116
2023-01-25,8001407,8001406,16,17,102
2023-01-25,8001407,8001407,33,36,101
2023-01-25,8001407,8005094,17,19,133
2023-01-25,8001448,8001448,50,76,107
2023-01-25,8001448,8002474,22,37,111
2023-01-25,8001448,8004680,28,39,110
2023-01-25,8001638,8001638,31,39,93
2023-01-25,8001638,8001728,15,19,128
2023-01-25,8001638,8003988,14,20,64
2023-01-25,8001663,8000216,1,1,90
2023-01-25,8001663,8001663,54,78,95
2023-01-25,8001663,8001665,33,38,91
2023-01-25,8001663,8003809,24,39,101
2023-01-25,8001665,8001663,22,38,111
2023-01-25,8001665,8001665,59,76,103
2023-01-25,8001665,8003349,31,38,86
2023-01-25,8001720,8001720,54,60,328
2023-01-25,8001720,8003257,26,27,482
2023-01-25,8001720,8004938,4,5,96
2023-01-25,8001720,8006100,21,25,116
2023-01-25,8001727,8001727,28,37,95
2023-01-25,8001727,8004993,10,17,85
2023-01-25,8001727,8005857,18,20,105
2023-01-25,8001728,8001638,8,20,38
2023-01-25,8001728,8001728,19,37,60
2023-01-25,8001728,8004935,8,18,52
2023-01-25,8001813,8000558,19,22,295
2023-01-25,8001813,8001813,38,40,393
2023-01-25,8001813,8002473,19,20,495
2023-01-25,8001860,8000374,33,33,107
2023-01-25,8001860,8000708,25,33,92
2023-01-25,8001860,8001860,58,66,97
2023-01-25,8002014,8000332,1,1,600
2023-01-25,8002014,8002014,24,27,264
2023-01-25,8002014,8002025,11,13,265
2023-01-25,8002014,8003498,13,13,293
2023-01-25,8002025,8000332,31,32,292
2023-01-25,8002025,8002014,12,12,205
2023-01-25,8002025,8002025,58,66,225
2023-01-25,8002025,8003759,1,1,60
2023-01-25,8002025,8003766,10,20,146
2023-01-25,8002036,8002036,63,74,470
2023-01-25,8002036,8002875,31,37,792
2023-01-25,8002036,8006261,26,37,151
2023-01-25,8002056,8000308,18,20,288
2023-01-25,8002056,8001057,2,2,165
2023-01-25,8002056,8002056,32,41,182
2023-01-25,8002056,8003687,3,3,460
2023-01-25,8002056,8003765,2,2,105
2023-01-25,8002175,8002175,22,32,76
2023-01-25,8002175,8002943,6,16,41
2023-01-25,8002191,8002191,34,35,417
2023-01-25,8002191,8005637,18,18,527
2023-01-25,8002191,8006183,16,17,311
2023-01-25,8002286,8002286,27,37,88
2023-01-25,8002286,8004396,9,17,69
2023-01-25,8002286,8004993,18,20,117
2023-01-25,8002300,8002300,36,39,332
2023-01-25,8002300,8003508,18,19,333
2023-01-25,8002300,8005551,18,20,408
2023-01-25,8002444,8000137,16,20,129
2023-01-25,8002444,8000625,16,19,123
2023-01-25,8002444,8002444,34,39,109
2023-01-25,8002473,8001813,18,20,312
2023-01-25,8002473,8002473,38,40,400
2023-01-25,8002473,8004345,19,20,489
2023-01-25,8002474,8000506,21,36,128
2023-01-25,8002474,8001448,25,39,105
2023-01-25,8002474,8002474,51,80,123
2023-01-25,8002474,8004680,2,2,480
2023-01-25,8002474,8004714,3,3,140
2023-01-25,8002632,8000326,1,1,30
2023-01-25,8002632,8001057,33,42,324
2023-01-25,8002632,8002632,78,87,564
2023-01-25,8002632,8004489,43,44,835
2023-01-25,8002648,8002648,30,34,277
2023-01-25,8002648,8002649,15,17,360
2023-01-25,8002648,8006441,13,17,155
2023-01-25,8002649,8002648,13,17,176
2023-01-25,8002649,8002649,28,34,269
2023-01-25,8002649,8002847,15,17,399
2023-01-25,8002655,8001200,25,34,422
2023-01-25,8002655,8002655,47,68,306
2023-01-25,8002655,8003257,31,34,196
2023-01-25,8002692,8001237,3,3,210
2023-01-25,8002692,8002692,75,85,158
2023-01-25,8002692,8003075,35,42,127
2023-01-25,8002692,8003816,3,3,70
2023-01-25,8002692,8005950,18,21,271
2023-01-25,8002704,8000894,34,40,185
2023-01-25,8002704,8002704,68,81,565
2023-01-25,8002704,8003702,33,41,936
2023-01-25,8002724,8002724,31,32,324
2023-01-25,8002724,8003739,16,16,471
2023-01-25,8002724,8004975,15,16,195
2023-01-25,8002798,8000374,20,23,167
2023-01-25,8002798,8002798,40,47,153
2023-01-25,8002798,8003285,19,24,141
2023-01-25,8002847,8002649,15,17,168
2023-01-25,8002847,8002847,31,34,279
2023-01-25,8002847,8004166,15,17,388
2023-01-25,8002858,8002858,29,32,284
2023-01-25,8002858,8003215,15,15,310
2023-01-25,8002858,8003504,1,1,1800
2023-01-25,8002858,8006019,12,16,178
2023-01-25,8002875,8000372,2,4,75
2023-01-25,8002875,8001720,1,1,60
2023-01-25,8002875,8002036,35,37,170
2023-01-25,8002875,8002875,80,92,444
2023-01-25,8002875,8003232,14,15,832
2023-01-25,8002875,8003497,1,1,30
2023-01-25,8002875,8004938,1,1,90
2023-01-25,8002875,8005649,1,1,30
2023-01-25,8002875,8006261,1,1,30
2023-01-25,8002895,8002895,24,34,101
2023-01-25,8002895,8005094,6,16,34
2023-01-25,8002895,8005843,18,18,150
2023-01-25,8002943,8002175,7,16,94
2023-01-25,8002943,8002943,19,34,74
2023-01-25,8002943,8005423,8,17,42
2023-01-25,8002958,8000663,16,19,92
2023-01-25,8002958,8001043,18,19,158
2023-01-25,8002958,8002958,34,38,115
2023-01-25,8003070,8003070,35,42,149
2023-01-25,8003070,8005111,21,21,143
2023-01-25,8003070,8006483,13,21,137
2023-01-25,8003075,8000021,15,19,297
2023-01-25,8003075,8000121,1,1,540
2023-01-25,8003075,8000375,36,42,184
2023-01-25,8003075,8000683,8,8,112
2023-01-25,8003075,8002692,31,43,178
2023-01-25,8003075,8003075,120,145,202
2023-01-25,8003075,8003816,18,18,205
2023-01-25,8003075,8005220,5,5,270
2023-01-25,8003075,8005896,1,1,30
2023-01-25,8003080,8000216,17,22,145
2023-01-25,8003080,8003080,31,43,86
2023-01-25,8003080,8005146,11,20,50
2023-01-25,8003080,8006468,0,1,0
2023-01-25,8003150,8003150,16,21,356
2023-01-25,8003150,8003151,7,11,180
2023-01-25,8003151,8003150,10,10,555
2023-01-25,8003151,8003151,26,32,326
2023-01-25,8003151,8003504,9,16,146
2023-01-25,8003172,8000254,16,19,141
2023-01-25,8003172,8003172,64,81,141
2023-01-25,8003172,8006468,32,42,144
2023-01-25,8003172,8006536,19,20,202
2023-01-25,8003175,8000691,12,17,155
2023-01-25,8003175,8000802,9,18,18
2023-01-25,8003175,8003175,19,35,134
2023-01-25,8003215,8002858,14,14,167
2023-01-25,8003215,8003215,29,29,246
2023-01-25,8003215,8003504,15,15,326
2023-01-25,8003232,8002875,16,16,94
2023-01-25,8003232,8003232,38,42,340
2023-01-25,8003232,8006100,18,20,622
2023-01-25,8003257,8001720,24,26,233
2023-01-25,8003257,8002655,30,34,419
2023-01-25,8003257,8003257,67,77,282
2023-01-25,8003257,8004938,2,4,22
2023-01-25,8003285,8000137,18,24,148
2023-01-25,8003285,8000374,1,1,360
2023-01-25,8003285,8002798,23,23,175
2023-01-25,8003285,8003285,41,48,156
2023-01-25,8003316,8003316,32,44,134
2023-01-25,8003316,8003817,1,1,240
2023-01-25,8003316,8003820,15,21,129
2023-01-25,8003316,8004349,16,22,136
2023-01-25,8003349,8000216,20,38,41
2023-01-25,8003349,8001665,25,38,119
2023-01-25,8003349,8003349,59,76,92
2023-01-25,8003429,8003429,31,32,332
2023-01-25,8003429,8004677,16,16,364
2023-01-25,8003429,8005172,15,16,319
2023-01-25,8003481,8004929,2,17,11
2023-01-25,8003497,8001663,1,1,60
2023-01-25,8003497,8002875,1,2,30
2023-01-25,8003497,8003497,66,80,496
2023-01-25,8003497,8004489,32,37,224
2023-01-25,8003497,8006261,2,2,1935
2023-01-25,8003497,8079146,30,37,787
2023-01-25,8003498,8002014,12,14,261
2023-01-25,8003498,8003498,25,27,291
2023-01-25,8003498,8006292,13,13,337
2023-01-25,8003504,8002858,1,2,345
2023-01-25,8003504,8003151,16,16,497
2023-01-25,8003504,8003215,13,14,156
2023-01-25,8003504,8003504,29,32,315
2023-01-25,8003507,8000216,17,18,332
2023-01-25,8003507,8003507,31,38,265
2023-01-25,8003507,8003508,12,20,153
2023-01-25,8003508,8000216,1,3,200
2023-01-25,8003508,8002300,16,20,202
2023-01-25,8003508,8003507,17,18,385
2023-01-25,8003508,8003508,31,41,250
2023-01-25,8003687,8000326,64,82,847
2023-01-25,8003687,8003687,135,161,632
2023-01-25,8003687,8003759,21,24,638
2023-01-25,8003687,8003767,46,55,393
2023-01-25,8003702,8000376,38,41,989
2023-01-25,8003702,8002704,36,40,188
2023-01-25,8003702,8003702,75,81,585
2023-01-25,8003739,8000547,16,16,467
2023-01-25,8003739,8002724,15,16,206
2023-01-25,8003739,8003739,30,32,338
2023-01-25,8003759,8000326,1,1,270
2023-01-25,8003759,8000332,3,3,180
2023-01-25,8003759,8002681,1,1,30
2023-01-25,8003759,8003489,1,1,240
2023-01-25,8003759,8003497,2,2,30
2023-01-25,8003759,8003687,23,24,1020
2023-01-25,8003759,8003759,241,271,596
2023-01-25,8003759,8003765,52,52,797
2023-01-25,8003759,8003766,35,38,330
2023-01-25,8003759,8003841,75,77,664
2023-01-25,8003759,8003842,11,11,1102
2023-01-25,8003759,8003844,1,1,90
2023-01-25,8003759,8005494,1,1,300
2023-01-25,8003759,8005649,8,8,941
2023-01-25,8003765,8000326,1,1,150
2023-01-25,8003765,8002056,3,4,255
2023-01-25,8003765,8003759,43,50,522
2023-01-25,8003765,8003765,95,111,622
2023-01-25,8003765,8003767,46,55,767
2023-01-25,8003766,8000332,1,1,90
2023-01-25,8003766,8002025,18,19,278
2023-01-25,8003766,8002056,1,1,600
2023-01-25,8003766,8003759,28,40,244
2023-01-25,8003766,8003766,32,41,210
2023-01-25,8003767,8003687,48,55,779
2023-01-25,8003767,8003765,46,55,434
2023-01-25,8003767,8003767,92,110,595
2023-01-25,8003809,8001663,30,38,72
2023-01-25,8003809,8003497,1,1,90
2023-01-25,8003809,8003809,48,77,78
2023-01-25,8003809,8004306,21,33,96
2023-01-25,8003809,8004489,1,1,120
2023-01-25,8003816,8000241,17,21,204
2023-01-25,8003816,8000250,1,1,510
2023-01-25,8003816,8000359,1,1,90
2023-01-25,8003816,8000375,1,1,450
2023-01-25,8003816,8001237,0,1,0
2023-01-25,8003816,8002692,1,2,30
2023-01-25,8003816,8002872,2,2,420
2023-01-25,8003816,8003075,15,15,240
2023-01-25,8003816,8003815,45,45,305
2023-01-25,8003816,8003816,171,212,176
2023-01-25,8003816,8003818,38,45,95
2023-01-25,8003816,8003819,17,38,60
2023-01-25,8003816,8004432,0,1,0
2023-01-25,8003816,8005220,2,2,180
2023-01-25,8003817,8003816,1,1,240
2023-01-25,8003817,8003817,34,40,118
2023-01-25,8003817,8003820,15,18,143
2023-01-25,8003817,8006136,13,20,78
2023-01-25,8003819,8000359,21,38,81
2023-01-25,8003819,8003816,40,40,146
2023-01-25,8003819,8003819,52,78,90
2023-01-25,8003820,8003316,9,19,118
2023-01-25,8003820,8003817,16,21,91
2023-01-25,8003820,8003820,26,41,118
2023-01-25,8003820,8006136,1,1,450
2023-01-25,8003821,8001237,15,20,126
2023-01-25,8003821,8003821,28,40,189
2023-01-25,8003988,8000625,13,20,75
2023-01-25,8003988,8001638,16,19,123
2023-01-25,8003988,8003988,30,39,97
2023-01-25,8004003,8000506,30,37,122
2023-01-25,8004003,8004003,48,73,125
2023-01-25,8004003,8004714,17,36,122
2023-01-25,8004166,8002847,13,17,154
2023-01-25,8004166,8004166,27,34,216
2023-01-25,8004166,8005113,12,17,263
2023-01-25,8004172,8003568,14,24,51
2023-01-25,8004172,8004172,32,49,55
2023-01-25,8004189,8001399,29,34,109
2023-01-25,8004189,8004189,64,68,122
2023-01-25,8004189,8004489,34,34,133
2023-01-25,8004193,8000359,31,40,119
2023-01-25,8004193,8004193,48,78,93
2023-01-25,8004193,8004432,21,38,88
2023-01-25,8004306,8003809,14,36,35
2023-01-25,8004306,8004306,45,69,71
2023-01-25,8004345,8000663,20,20,478
2023-01-25,8004345,8002473,18,20,294
2023-01-25,8004345,8004345,38,40,392
2023-01-25,8004349,8003316,11,22,113
2023-01-25,8004349,8003820,1,1,540
2023-01-25,8004349,8004349,66,74,170
2023-01-25,8004349,8004352,33,35,201
2023-01-25,8004352,8004349,35,39,198
2023-01-25,8004352,8004352,66,74,195
2023-01-25,8004352,8006534,30,35,201
2023-01-25,8004379,8000683,21,27,234
2023-01-25,8004379,8004379,40,51,349
2023-01-25,8004379,8005896,19,24,485
2023-01-25,8004396,8002286,17,20,106
2023-01-25,8004396,8004396,26,37,88
2023-01-25,8004396,8004557,10,17,76
2023-01-25,8004432,8003816,2,2,480
2023-01-25,8004432,8004193,28,40,104
2023-01-25,8004432,8004432,54,81,108
2023-01-25,8004432,8004680,24,39,98
2023-01-25,8004489,8002632,37,42,262
2023-01-25,8004489,8003497,36,38,868
2023-01-25,8004489,8004189,23,34,95
2023-01-25,8004489,8004306,1,1,60
2023-01-25,8004489,8004489,133,154,362
2023-01-25,8004557,8004396,17,20,106
2023-01-25,8004557,8004557,27,37,86
2023-01-25,8004557,8005715,9,17,71
2023-01-25,8004614,8000121,20,21,227
2023-01-25,8004614,8000375,12,23,44
2023-01-25,8004614,8004614,31,44,120
2023-01-25,8004677,8003429,15,16,324
2023-01-25,8004677,8004677,31,32,318
2023-01-25,8004677,8006019,16,16,375
2023-01-25,8004680,8001448,24,37,107
2023-01-25,8004680,8002474,2,2,135
2023-01-25,8004680,8004432,22,42,109
2023-01-25,8004680,8004680,49,80,110
2023-01-25,8004714,8000257,26,40,136
2023-01-25,8004714,8000506,1,1,30
2023-01-25,8004714,8002474,2,3,340
2023-01-25,8004714,8004003,30,37,128
2023-01-25,8004714,8004714,57,81,130
2023-01-25,8004788,8000257,30,33,367
2023-01-25,8004788,8000663,30,31,148
2023-01-25,8004788,8004788,57,64,244
2023-01-25,8004822,8000876,26,49,39
2023-01-25,8004929,8000491,10,17,42
2023-01-25,8004929,8003481,14,20,62
2023-01-25,8004929,8004929,22,37,60
2023-01-25,8004935,8001728,12,19,39
2023-01-25,8004938,8001720,1,2,30
2023-01-25,8004938,8003257,4,4,158
2023-01-25,8004938,8004938,29,37,92
2023-01-25,8004938,8007482,18,20,106
2023-01-25,8004975,8002724,16,16,454
2023-01-25,8004975,8004975,31,32,320
2023-01-25,8004975,8006555,15,16,232
2023-01-25,8004993,8001727,16,20,110
2023-01-25,8004993,8002286,9,17,55
2023-01-25,8004993,8004993,28,37,96
2023-01-25,8005094,8001407,6,17,30
2023-01-25,8005094,8002895,16,18,148
2023-01-25,8005094,8005094,23,36,84
2023-01-25,8005094,8005843,1,1,30
2023-01-25,8005103,8005103,30,34,291
2023-01-25,8005103,8005257,13,17,176
2023-01-25,8005103,8006441,17,17,415
2023-01-25,8005111,8000505,18,22,162
2023-01-25,8005111,8000726,5,6,165
2023-01-25,8005111,8003070,12,21,136
2023-01-25,8005111,8005111,42,56,207
2023-01-25,8005111,8006483,6,7,553
2023-01-25,8005113,8000876,11,17,263
2023-01-25,8005113,8004166,5,17,53
2023-01-25,8005113,8005113,19,34,160
2023-01-25,8005146,8000216,2,2,30
2023-01-25,8005146,8003080,18,21,136
2023-01-25,8005146,8005146,31,44,86
2023-01-25,8005146,8005713,14,21,57
2023-01-25,8005172,8003429,16,16,324
2023-01-25,8005172,8005172,31,32,327
2023-01-25,8005172,8006555,15,16,336
2023-01-25,8005257,8000582,9,17,97
2023-01-25,8005257,8005103,15,17,402
2023-01-25,8005257,8005257,28,34,270
2023-01-25,8005345,8000326,40,40,310
2023-01-25,8005345,8005345,76,81,600
2023-01-25,8005345,8005626,34,41,908
2023-01-25,8005423,8002943,11,17,111
2023-01-25,8005423,8005423,25,34,65
2023-01-25,8005423,8005689,17,17,90
2023-01-25,8005551,8000466,18,20,378
2023-01-25,8005551,8002300,18,19,376
2023-01-25,8005551,8005551,36,39,383
2023-01-25,8005628,8000326,9,9,257
2023-01-25,8005628,8000376,7,9,397
2023-01-25,8005628,8000894,34,41,920
2023-01-25,8005628,8003759,1,1,990
2023-01-25,8005628,8005345,1,1,60
2023-01-25,8005628,8005626,30,39,235
2023-01-25,8005628,8005628,87,100,530
2023-01-25,8005637,8002191,17,17,311
2023-01-25,8005637,8005637,35,35,413
2023-01-25,8005637,8006312,17,18,490
2023-01-25,8005673,8001341,16,17,127
2023-01-25,8005673,8001406,18,19,197
2023-01-25,8005673,8005673,34,36,171
2023-01-25,8005689,8005423,7,17,53
2023-01-25,8005689,8005689,24,34,76
2023-01-25,8005689,8006156,12,17,85
2023-01-25,8005713,8005146,21,23,124
2023-01-25,8005713,8005713,35,45,97
2023-01-25,8005713,8006468,11,22,60
2023-01-25,8005715,8004557,17,20,96
2023-01-25,8005715,8005715,27,37,92
2023-01-25,8005715,8007482,9,17,71
2023-01-25,8005843,8000876,18,19,155
2023-01-25,8005843,8002895,6,16,38
2023-01-25,8005843,8005094,0,1,0
2023-01-25,8005843,8005843,22,36,86
2023-01-25,8005857,8000491,18,20,110
2023-01-25,8005857,8001727,8,17,60
2023-01-25,8005857,8005857,28,37,90
2023-01-25,8005896,8000976,14,17,371
2023-01-25,8005896,8004379,23,27,242
2023-01-25,8005896,8005896,40,51,355
2023-01-25,8005950,8001237,15,21,254
2023-01-25,8005950,8002692,19,21,116
2023-01-25,8005950,8005950,34,42,187
2023-01-25,8006019,8002858,16,16,386
2023-01-25,8006019,8004677,16,16,234
2023-01-25,8006019,8006019,32,32,294
2023-01-25,8006100,8000372,1,1,150
2023-01-25,8006100,8001720,23,27,478
2023-01-25,8006100,8002875,0,1,-30
2023-01-25,8006100,8003232,19,22,80
2023-01-25,8006100,8003257,1,1,330
2023-01-25,8006100,8006100,45,53,304
2023-01-25,8006125,8000698,23,34,85
2023-01-25,8006125,8001399,33,34,115
2023-01-25,8006125,8006125,56,68,91
2023-01-25,8006136,8003316,2,2,180
2023-01-25,8006136,8003816,2,2,165
2023-01-25,8006136,8003817,9,17,125
2023-01-25,8006136,8003820,0,1,0
2023-01-25,8006136,8006136,31,41,116
2023-01-25,8006156,8000876,3,17,14
2023-01-25,8006156,8005689,10,17,56
2023-01-25,8006156,8006156,23,34,53
2023-01-25,8006183,8000602,14,17,326
2023-01-25,8006183,8002191,18,18,515
2023-01-25,8006183,8006183,34,35,418
2023-01-25,8006261,8002036,32,37,784
2023-01-25,8006261,8002875,2,2,2010
2023-01-25,8006261,8003497,1,1,30
2023-01-25,8006261,8006261,66,77,511
2023-01-25,8006261,8079146,30,37,167
2023-01-25,8006292,8000374,11,13,302
2023-01-25,8006292,8003498,13,14,264
2023-01-25,8006292,8006292,25,27,271
2023-01-25,8006312,8000121,18,18,512
2023-01-25,8006312,8005637,17,17,307
2023-01-25,8006312,8006312,35,35,411
2023-01-25,8006441,8002648,16,17,401
2023-01-25,8006441,8005103,13,17,166
2023-01-25,8006441,8006441,30,34,285
2023-01-25,8006468,8000216,25,33,116
2023-01-25,8006468,8000691,1,1,150
2023-01-25,8006468,8000802,8,17,39
2023-01-25,8006468,8003080,0,1,-30
2023-01-25,8006468,8003172,31,39,119
2023-01-25,8006468,8005713,20,23,120
2023-01-25,8006468,8006468,86,113,111
2023-01-25,8006468,8007857,10,15,94
2023-01-25,8006468,8700382,1,1,60
2023-01-25,8006483,8000372,1,1,630
2023-01-25,8006483,8003070,19,21,150
2023-01-25,8006483,8005111,6,7,326
2023-01-25,8006483,8006483,49,56,216
2023-01-25,8006483,8087062,19,21,163
2023-01-25,8006534,8000602,26,35,173
2023-01-25,8006534,8004352,35,39,192
2023-01-25,8006534,8006534,68,74,199
2023-01-25,8006536,8000254,20,20,260
2023-01-25,8006536,8003172,19,24,129
2023-01-25,8006536,8006536,36,44,168
2023-01-25,8006555,8004975,16,16,386
2023-01-25,8006555,8005172,15,16,319
2023-01-25,8006555,8006555,31,32,321
2023-01-25,8006680,8000371,17,17,145
2023-01-25,8006680,8001341,18,19,212
2023-01-25,8006680,8006680,35,35,195
2023-01-25,8007474,8000007,17,17,236
2023-01-25,8007474,8000327,14,16,379
2023-01-25,8007474,8007474,24,33,239
2023-01-25,8007482,8004938,11,17,86
2023-01-25,8007482,8005715,17,20,108
2023-01-25,8007482,8007482,28,37,94
2023-01-25,8007857,8006468,8,16,51
2023-01-25,8007857,8007857,14,31,54
2023-01-25,8007857,8007858,13,15,98
2023-01-25,8007858,8007857,1,16,6
2023-01-25,8007858,8007858,11,31,47
2023-01-25,8007858,8007859,10,14,105
2023-01-25,8007858,8007860,1,1,30
2023-01-25,8007859,8007858,1,15,8
2023-01-25,8007859,8007859,13,29,58
2023-01-25,8007859,8007860,14,14,120
2023-01-25,8007860,8007858,0,1,0
2023-01-25,8007860,8007859,1,15,8
2023-01-25,8007860,8007860,14,31,51
2023-01-25,8007860,8700382,12,15,90
2023-01-25,8070096,8000137,17,19,150
2023-01-25,8070096,8001043,9,19,68
2023-01-25,8070096,8070096,35,38,115
2023-01-25,8079146,8003497,31,37,166
2023-01-25,8079146,8006261,30,37,789
2023-01-25,8079146,8079146,59,74,471
2023-01-25,8084067,8000254,58,96,81
2023-01-25,8084067,8003186,15,16,193
2023-01-25,8084067,8003923,44,70,89
2023-01-25,8084067,8084067,120,182,81
2023-01-25,8087062,8000372,21,21,204
2023-01-25,8087062,8006483,17,21,113
2023-01-25,8087062,8087062,36,42,135
2023-01-26,8000007,8000007,64,69,334
2023-01-26,8000007,8000468,35,39,351
2023-01-26,8000007,8000558,18,20,316
2023-01-26,8000007,8000602,14,18,145
2023-01-26,8000007,8001813,2,2,60
2023-01-26,8000007,8007474,15,16,285
2023-01-26,8000121,8000021,22,24,426
2023-01-26,8000121,8000121,78,87,279
2023-01-26,8000121,8000976,17,18,407
2023-01-26,8000121,8003075,6,6,105
2023-01-26,8000121,8004614,15,22,74
2023-01-26,8000121,8006312,17,17,298
2023-01-26,8000137,8000137,26,33,215
2023-01-26,8000137,8002444,18,19,224
2023-01-26,8000137,8003285,17,24,165
2023-01-26,8000137,8070096,15,19,87
2023-01-26,8000216,8000216,81,107,147
2023-01-26,8000216,8001663,1,1,390
2023-01-26,8000216,8002875,0,1,0
2023-01-26,8000216,8003080,12,22,35
2023-01-26,8000216,8003349,29,38,238
2023-01-26,8000216,8003507,13,20,166
2023-01-26,8000216,8005713,1,1,210
2023-01-26,8000216,8006468,24,31,107
2023-01-26,8000254,8000254,185,249,125
2023-01-26,8000254,8003125,8,11,55
2023-01-26,8000254,8003172,10,18,55
2023-01-26,8000254,8003186,6,6,380
2023-01-26,8000254,8006531,13,21,100
2023-01-26,8000254,8006536,20,24,272
2023-01-26,8000254,8079045,2,7,17
2023-01-26,8000254,8079143,26,56,70
2023-01-26,8000254,8084067,54,86,133
2023-01-26,8000257,8000257,66,88,90
2023-01-26,8000257,8000332,4,6,90
2023-01-26,8000257,8000503,2,2,255
2023-01-26,8000257,8001032,24,40,61
2023-01-26,8000257,8002872,7,10,78
2023-01-26,8000257,8002934,25,40,53
2023-01-26,8000257,8004714,24,41,53
2023-01-26,8000257,8004788,21,31,156
2023-01-26,8000326,8000326,138,175,140
2023-01-26,8000326,8000332,4,4,45
2023-01-26,8000326,8001057,37,42,200
2023-01-26,8000326,8002056,1,1,180
2023-01-26,8000326,8003687,51,79,89
2023-01-26,8000326,8003759,0,1,-60
2023-01-26,8000326,8005345,26,41,210
2023-01-26,8000326,8005628,7,9,97
2023-01-26,8000327,8000327,24,33,267
2023-01-26,8000327,8000340,13,16,304
2023-01-26,8000327,8007474,9,17,221
2023-01-26,8000332,8000257,3,8,86
2023-01-26,8000332,8000326,2,2,165
2023-01-26,8000332,8000332,33,55,103
2023-01-26,8000332,8001032,15,19,142
2023-01-26,8000332,8002014,1,1,180
2023-01-26,8000332,8002025,21,34,137
2023-01-26,8000332,8003759,2,3,80
2023-01-26,8000332,8003766,1,1,150
2023-01-26,8000340,8000327,12,17,236
2023-01-26,8000340,8000340,25,33,275
2023-01-26,8000340,8000652,12,16,324
2023-01-26,8000359,8000359,51,78,77
2023-01-26,8000359,8003816,1,1,240
2023-01-26,8000359,8003819,20,40,77
2023-01-26,8000359,8004193,21,38,62
2023-01-26,8000372,8000372,41,44,149
2023-01-26,8000372,8002875,6,7,300
2023-01-26,8000372,8006483,1,1,30
2023-01-26,8000372,8087062,20,21,109
2023-01-26,8000374,8000374,32,36,224
2023-01-26,8000374,8001860,23,33,51
2023-01-26,8000374,8002798,14,24,214
2023-01-26,8000374,8006292,13,14,223
2023-01-26,8000375,8000121,1,1,1800
2023-01-26,8000375,8000375,69,86,366
2023-01-26,8000375,8000975,17,20,411
2023-01-26,8000375,8003075,30,44,323
2023-01-26,8000375,8004614,19,20,374
2023-01-26,8000375,8005896,1,1,1800
2023-01-26,8000376,8000376,23,30,115
2023-01-26,8000376,8002239,18,56,72
2023-01-26,8000376,8003702,18,40,40
2023-01-26,8000376,8004813,7,7,189
2023-01-26,8000376,8005067,1,1,90
2023-01-26,8000376,8005628,10,10,78
2023-01-26,8000466,8000466,39,39,368
2023-01-26,8000466,8000582,20,20,380
2023-01-26,8000466,8005551,19,19,418
2023-01-26,8000468,8000007,28,40,281
2023-01-26,8000468,8000468,65,79,316
2023-01-26,8000468,8000602,33,39,342
2023-01-26,8000491,8000491,29,37,151
2023-01-26,8000491,8004929,17,20,225
2023-01-26,8000491,8005857,12,17,95
2023-01-26,8000505,8000505,36,44,139
2023-01-26,8000505,8000726,0,1,0
2023-01-26,8000505,8002879,20,21,153
2023-01-26,8000505,8005111,19,22,161
2023-01-26,8000506,8000506,44,74,74
2023-01-26,8000506,8002474,24,38,83
2023-01-26,8000506,8004003,20,36,61
2023-01-26,8000547,8003739,10,16,84
2023-01-26,8000558,8000007,21,22,391
2023-01-26,8000558,8000558,39,42,344
2023-01-26,8000558,8001813,18,20,354
2023-01-26,8000582,8000466,19,19,433
2023-01-26,8000582,8000582,34,34,381
2023-01-26,8000582,8003508,2,2,195
2023-01-26,8000582,8005257,17,17,411
2023-01-26,8000602,8000007,5,12,82
2023-01-26,8000602,8000468,34,40,298
2023-01-26,8000602,8000602,91,109,275
2023-01-26,8000602,8006183,15,18,382
2023-01-26,8000602,8006534,31,39,267
2023-01-26,8000615,8000241,37,40,206
2023-01-26,8000615,8000615,161,169,287
2023-01-26,8000615,8002872,42,44,163
2023-01-26,8000615,8005221,1,1,30
2023-01-26,8000615,8006404,79,84,404
2023-01-26,8000625,8000625,27,39,143
2023-01-26,8000625,8002444,11,20,72
2023-01-26,8000625,8003988,17,19,224
2023-01-26,8000652,8000340,13,17,244
2023-01-26,8000663,8000663,37,42,275
2023-01-26,8000663,8002958,8,19,47
2023-01-26,8000663,8004345,17,20,279
2023-01-26,8000663,8004788,27,33,295
2023-01-26,8000683,8000375,2,2,195
2023-01-26,8000683,8000683,60,68,940
2023-01-26,8000683,8003075,7,7,1277
2023-01-26,8000683,8004379,20,24,1261
2023-01-26,8000683,8004601,29,35,777
2023-01-26,8000691,8003175,0,18,0
2023-01-26,8000698,8000698,48,66,65
2023-01-26,8000698,8000708,28,33,81
2023-01-26,8000698,8006125,9,34,49
2023-01-26,8000708,8000698,33,33,120
2023-01-26,8000708,8000708,64,66,100
2023-01-26,8000708,8001860,31,33,106
2023-01-26,8000802,8000802,6,35,12
2023-01-26,8000802,8003175,3,17,19
2023-01-26,8000802,8006468,2,18,12
2023-01-26,8000876,8000876,74,98,98
2023-01-26,8000876,8004822,20,49,63
2023-01-26,8000876,8005113,9,17,217
2023-01-26,8000876,8005843,8,17,60
2023-01-26,8000876,8006156,10,17,55
2023-01-26,8000894,8000894,63,81,169
2023-01-26,8000894,8002704,31,41,267
2023-01-26,8000894,8005628,34,40,96
2023-01-26,8000975,8000375,12,20,434
2023-01-26,8000975,8000975,23,40,428
2023-01-26,8000975,8000976,12,20,402
2023-01-26,8000976,8000121,15,18,252
2023-01-26,8000976,8000975,13,20,495
2023-01-26,8000976,8000976,34,48,429
2023-01-26,8000976,8003075,2,2,45
2023-01-26,8000976,8005896,17,18,602
2023-01-26,8001032,8000257,23,39,81
2023-01-26,8001032,8000332,11,20,69
2023-01-26,8001032,8001032,23,39,89
2023-01-26,8001043,8001043,34,38,107
2023-01-26,8001043,8002958,17,19,95
2023-01-26,8001043,8070096,17,19,122
2023-01-26,8001057,8000326,26,40,64
2023-01-26,8001057,8001057,53,86,129
2023-01-26,8001057,8002056,2,2,60
2023-01-26,8001057,8002632,34,44,196
2023-01-26,8001200,8001200,38,68,62
2023-01-26,8001200,8002655,21,34,72
2023-01-26,8001200,8003684,11,17,53
2023-01-26,8001200,8005649,2,2,90
2023-01-26,8001237,8001237,37,46,462
2023-01-26,8001237,8002692,2,2,375
2023-01-26,8001237,8003821,13,20,730
2023-01-26,8001237,8005950,19,21,307
2023-01-26,8001237,8006404,0,1,0
2023-01-26,8001341,8001341,31,36,128
2023-01-26,8001341,8005673,16,19,152
2023-01-26,8001341,8006680,15,17,108
2023-01-26,8001399,8001399,59,68,108
2023-01-26,8001399,8004189,34,34,139
2023-01-26,8001399,8006125,26,34,68
2023-01-26,8001406,8001406,33,36,118
2023-01-26,8001406,8001407,14,19,99
2023-01-26,8001406,8005673,13,17,109
2023-01-26,8001407,8001406,17,17,118
2023-01-26,8001407,8001407,30,36,91
2023-01-26,8001407,8005094,14,19,104
2023-01-26,8001448,8001448,52,76,83
2023-01-26,8001448,8002474,23,37,75
2023-01-26,8001448,8004680,29,39,88
2023-01-26,8001638,8001638,31,39,158
2023-01-26,8001638,8001728,15,19,216
2023-01-26,8001638,8003988,13,20,94
2023-01-26,8001663,8000216,1,1,60
2023-01-26,8001663,8001663,63,78,172
2023-01-26,8001663,8001665,35,38,115
2023-01-26,8001663,8003809,28,39,225
2023-01-26,8001665,8001663,29,38,229
2023-01-26,8001665,8001665,64,76,172
2023-01-26,8001665,8003349,35,38,107
2023-01-26,8001720,8001720,48,60,74
2023-01-26,8001720,8003257,19,27,60
2023-01-26,8001720,8004938,4,5,150
2023-01-26,8001720,8006100,19,25,56
2023-01-26,8001727,8001727,28,37,169
2023-01-26,8001727,8004993,12,17,106
2023-01-26,8001727,8005857,17,20,230
2023-01-26,8001728,8001638,8,20,58
2023-01-26,8001728,8001728,16,37,116
2023-01-26,8001728,8004935,8,18,178
2023-01-26,8001813,8000558,17,22,303
2023-01-26,8001813,8001813,38,40,341
2023-01-26,8001813,8002473,18,20,382
2023-01-26,8001860,8000374,32,33,110
2023-01-26,8001860,8000708,30,33,100
2023-01-26,8001860,8001860,62,66,104
2023-01-26,8002014,8000332,1,1,300
2023-01-26,8002014,8002014,24,27,328
2023-01-26,8002014,8002025,11,13,392
2023-01-26,8002014,8003498,12,13,302
2023-01-26,8002025,8000332,29,32,265
2023-01-26,8002025,8002014,11,12,288
2023-01-26,8002025,8002025,54,66,211
2023-01-26,8002025,8003759,1,1,90
2023-01-26,8002025,8003766,10,20,94
2023-01-26,8002036,8002036,56,74,113
2023-01-26,8002036,8002875,27,37,176
2023-01-26,8002036,8006261,18,37,46
2023-01-26,8002056,8000308,19,20,90
2023-01-26,8002056,8001057,2,2,180
2023-01-26,8002056,8002056,31,41,58
2023-01-26,8002056,8003687,3,3,100
2023-01-26,8002056,8003765,2,2,135
2023-01-26,8002175,8002175,21,34,53
2023-01-26,8002175,8002943,3,17,16
2023-01-26,8002191,8002191,34,35,338
2023-01-26,8002191,8005637,18,18,383
2023-01-26,8002191,8006183,16,17,302
2023-01-26,8002286,8002286,28,37,164
2023-01-26,8002286,8004396,11,17,94
2023-01-26,8002286,8004993,17,20,246
2023-01-26,8002300,8002300,38,39,353
2023-01-26,8002300,8003508,19,19,414
2023-01-26,8002300,8005551,20,20,356
2023-01-26,8002444,8000137,14,20,96
2023-01-26,8002444,8000625,14,19,212
2023-01-26,8002444,8002444,28,39,148
2023-01-26,8002473,8001813,18,20,279
2023-01-26,8002473,8002473,38,40,333
2023-01-26,8002473,8004345,19,20,386
2023-01-26,8002474,8000506,23,36,69
2023-01-26,8002474,8001448,22,39,83
2023-01-26,8002474,8002474,49,80,77
2023-01-26,8002474,8004680,2,2,105
2023-01-26,8002474,8004714,2,3,110
2023-01-26,8002632,8000326,0,1,0
2023-01-26,8002632,8001057,25,42,64
2023-01-26,8002632,8002632,64,87,136
2023-01-26,8002632,8004489,38,44,207
2023-01-26,8002648,8002648,28,34,336
2023-01-26,8002648,8002649,15,17,392
2023-01-26,8002648,8006441,11,17,251
2023-01-26,8002649,8002648,11,17,259
2023-01-26,8002649,8002649,27,34,329
2023-01-26,8002649,8002847,16,17,427
2023-01-26,8002655,8001200,19,34,60
2023-01-26,8002655,8002655,47,68,74
2023-01-26,8002655,8003257,29,34,89
2023-01-26,8002692,8001237,2,2,120
2023-01-26,8002692,8002692,75,83,348
2023-01-26,8002692,8003075,37,41,323
2023-01-26,8002692,8003816,3,3,950
2023-01-26,8002692,8005950,16,21,613
2023-01-26,8002704,8000894,27,40,68
2023-01-26,8002704,8002704,59,81,167
2023-01-26,8002704,8003702,27,41,256
2023-01-26,8002724,8002724,29,32,171
2023-01-26,8002724,8003739,15,16,229
2023-01-26,8002724,8004975,14,16,112
2023-01-26,8002798,8000374,21,23,192
2023-01-26,8002798,8002798,43,47,211
2023-01-26,8002798,8003285,21,24,231
2023-01-26,8002847,8002649,13,17,259
2023-01-26,8002847,8002847,29,34,334
2023-01-26,8002847,8004166,16,17,402
2023-01-26,8002858,8002858,26,32,137
2023-01-26,8002858,8003215,14,16,188
2023-01-26,8002858,8006019,10,16,101
2023-01-26,8002875,8000372,3,4,150
2023-01-26,8002875,8001720,1,1,150
2023-01-26,8002875,8002036,33,37,66
2023-01-26,8002875,8002875,78,92,139
2023-01-26,8002875,8003232,13,15,106
2023-01-26,8002875,8003497,1,1,180
2023-01-26,8002875,8004938,1,1,30
2023-01-26,8002875,8005649,1,1,30
2023-01-26,8002875,8006261,1,1,30
2023-01-26,8002895,8002895,22,36,88
2023-01-26,8002895,8005094,5,17,48
2023-01-26,8002895,8005843,16,19,115
2023-01-26,8002943,8002175,5,17,55
2023-01-26,8002943,8002943,15,34,41
2023-01-26,8002943,8005423,6,17,23
2023-01-26,8002958,8000663,16,19,111
2023-01-26,8002958,8001043,18,19,122
2023-01-26,8002958,8002958,33,38,100
2023-01-26,8003070,8003070,34,42,102
2023-01-26,8003070,8005111,21,21,120
2023-01-26,8003070,8006483,12,21,71
2023-01-26,8003075,8000021,15,19,442
2023-01-26,8003075,8000121,1,1,60
2023-01-26,8003075,8000375,35,41,400
2023-01-26,8003075,8000683,8,8,656
2023-01-26,8003075,8002692,35,42,384
2023-01-26,8003075,8003075,125,143,412
2023-01-26,8003075,8003816,17,18,635
2023-01-26,8003075,8005220,5,5,324
2023-01-26,8003075,8005896,1,1,1950
2023-01-26,8003080,8000216,22,24,289
2023-01-26,8003080,8003080,33,46,158
2023-01-26,8003080,8005146,13,21,50
2023-01-26,8003080,8006468,0,1,0
2023-01-26,8003150,8003150,17,21,170
2023-01-26,8003150,8003151,7,11,68
2023-01-26,8003151,8003150,10,10,267
2023-01-26,8003151,8003151,24,32,150
2023-01-26,8003151,8003504,8,16,69
2023-01-26,8003172,8000254,17,19,144
2023-01-26,8003172,8003172,67,81,184
2023-01-26,8003172,8006468,32,42,206
2023-01-26,8003172,8006536,19,20,261
2023-01-26,8003175,8000691,5,17,30
2023-01-26,8003175,8000802,4,18,3
2023-01-26,8003175,8003175,8,35,14
2023-01-26,8003215,8002858,13,16,107
2023-01-26,8003215,8003215,27,32,145
2023-01-26,8003215,8003504,14,16,184
2023-01-26,8003232,8002875,15,16,68
2023-01-26,8003232,8003232,36,42,63
2023-01-26,8003232,8006100,13,20,64
2023-01-26,8003257,8001720,23,26,70
2023-01-26,8003257,8002655,25,34,72
2023-01-26,8003257,8003257,59,77,76
2023-01-26,8003257,8004938,2,4,22
2023-01-26,8003285,8000137,20,24,239
2023-01-26,8003285,8000374,1,1,90
2023-01-26,8003285,8002798,22,23,210
2023-01-26,8003285,8003285,43,48,219
2023-01-26,8003316,8003316,34,44,284
2023-01-26,8003316,8003817,1,1,360
2023-01-26,8003316,8003820,18,21,291
2023-01-26,8003316,8004349,15,22,288
2023-01-26,8003349,8000216,27,38,71
2023-01-26,8003349,8001665,31,38,243
2023-01-26,8003349,8003349,65,76,167
2023-01-26,8003429,8003429,29,32,186
2023-01-26,8003429,8004677,14,16,186
2023-01-26,8003429,8005172,15,16,197
2023-01-26,8003481,8004929,2,17,7
2023-01-26,8003497,8001663,1,1,60
2023-01-26,8003497,8002875,1,2,30
2023-01-26,8003497,8003497,66,80,128
2023-01-26,8003497,8004489,30,37,64
2023-01-26,8003497,8006261,2,2,540
2023-01-26,8003497,8079146,32,37,186
2023-01-26,8003498,8002014,13,14,328
2023-01-26,8003498,8003498,26,27,314
2023-01-26,8003498,8006292,13,13,309
2023-01-26,8003504,8003151,15,16,225
2023-01-26,8003504,8003215,11,16,103
2023-01-26,8003504,8003504,27,32,151
2023-01-26,8003507,8000216,18,18,432
2023-01-26,8003507,8003507,31,38,306
2023-01-26,8003507,8003508,13,20,147
2023-01-26,8003508,8000216,3,3,310
2023-01-26,8003508,8002300,17,20,206
2023-01-26,8003508,8003507,18,18,472
2023-01-26,8003508,8003508,38,41,296
2023-01-26,8003687,8000326,65,82,201
2023-01-26,8003687,8003687,121,161,149
2023-01-26,8003687,8003759,20,24,78
2023-01-26,8003687,8003767,34,55,118
2023-01-26,8003702,8000376,33,41,288
2023-01-26,8003702,8002704,31,40,73
2023-01-26,8003702,8003702,62,81,176
2023-01-26,8003739,8000547,14,16,202
2023-01-26,8003739,8002724,14,16,118
2023-01-26,8003739,8003739,28,32,160
2023-01-26,8003759,8000326,0,1,-30
2023-01-26,8003759,8000332,2,3,60
2023-01-26,8003759,8002681,1,1,30
2023-01-26,8003759,8003489,1,1,360
2023-01-26,8003759,8003497,2,2,45
2023-01-26,8003759,8003687,23,24,198
2023-01-26,8003759,8003759,244,271,218
2023-01-26,8003759,8003765,48,52,257
2023-01-26,8003759,8003766,35,38,263
2023-01-26,8003759,8003841,73,77,259
2023-01-26,8003759,8003842,11,11,218
2023-01-26,8003759,8003844,1,1,120
2023-01-26,8003759,8005494,1,1,390
2023-01-26,8003759,8005649,7,8,98
2023-01-26,8003765,8000326,1,1,210
2023-01-26,8003765,8002056,3,4,52
2023-01-26,8003765,8003759,45,50,226
2023-01-26,8003765,8003765,87,111,211
2023-01-26,8003765,8003767,42,55,220
2023-01-26,8003766,8000332,1,1,30
2023-01-26,8003766,8002025,15,19,175
2023-01-26,8003766,8002056,1,1,270
2023-01-26,8003766,8003759,35,40,196
2023-01-26,8003766,8003766,32,41,139
2023-01-26,8003767,8003687,46,55,226
2023-01-26,8003767,8003765,35,55,182
2023-01-26,8003767,8003767,81,110,188
2023-01-26,8003809,8001663,32,38,96
2023-01-26,8003809,8003497,1,1,90
2023-01-26,8003809,8003809,55,77,148
2023-01-26,8003809,8004306,25,33,203
2023-01-26,8003809,8004489,1,1,360
2023-01-26,8003816,8000241,20,21,1104
2023-01-26,8003816,8000250,1,1,180
2023-01-26,8003816,8000359,0,1,0
2023-01-26,8003816,8000375,1,1,1080
2023-01-26,8003816,8001237,1,1,240
2023-01-26,8003816,8002692,2,2,210
2023-01-26,8003816,8002872,2,2,150
2023-01-26,8003816,8003075,15,15,734
2023-01-26,8003816,8003815,44,45,583
2023-01-26,8003816,8003816,174,212,362
2023-01-26,8003816,8003818,41,45,180
2023-01-26,8003816,8003819,18,38,43
2023-01-26,8003816,8004432,0,1,0
2023-01-26,8003816,8005220,2,2,345
2023-01-26,8003817,8003816,1,1,630
2023-01-26,8003817,8003817,33,40,305
2023-01-26,8003817,8003820,16,18,328
2023-01-26,8003817,8006136,13,20,278
2023-01-26,8003819,8000359,20,38,54
2023-01-26,8003819,8003816,36,40,110
2023-01-26,8003819,8003819,40,78,64
2023-01-26,8003820,8003316,11,19,295
2023-01-26,8003820,8003817,15,21,264
2023-01-26,8003820,8003820,29,41,290
2023-01-26,8003820,8006136,1,1,630
2023-01-26,8003821,8001237,15,20,264
2023-01-26,8003821,8003821,30,40,500
2023-01-26,8003988,8000625,14,20,94
2023-01-26,8003988,8001638,17,19,224
2023-01-26,8003988,8003988,33,39,167
2023-01-26,8004003,8000506,30,37,93
2023-01-26,8004003,8004003,44,73,77
2023-01-26,8004003,8004714,14,36,56
2023-01-26,8004166,8002847,9,17,240
2023-01-26,8004166,8004166,26,34,289
2023-01-26,8004166,8005113,11,17,304
2023-01-26,8004172,8003568,18,24,101
2023-01-26,8004172,8004172,32,49,69
2023-01-26,8004189,8001399,29,34,100
2023-01-26,8004189,8004189,62,68,111
2023-01-26,8004189,8004489,32,34,120
2023-01-26,8004193,8000359,28,40,94
2023-01-26,8004193,8004193,45,78,70
2023-01-26,8004193,8004432,21,38,64
2023-01-26,8004306,8003809,21,36,65
2023-01-26,8004306,8004306,50,69,140
2023-01-26,8004345,8000663,20,20,357
2023-01-26,8004345,8002473,17,20,274
2023-01-26,8004345,8004345,37,40,322
2023-01-26,8004349,8003316,12,22,259
2023-01-26,8004349,8003820,1,1,720
2023-01-26,8004349,8004349,61,74,235
2023-01-26,8004349,8004352,32,35,274
2023-01-26,8004352,8004349,33,39,239
2023-01-26,8004352,8004352,65,74,257
2023-01-26,8004352,8006534,33,35,277
2023-01-26,8004379,8000683,23,27,688
2023-01-26,8004379,8004379,40,51,956
2023-01-26,8004379,8005896,20,24,1269
2023-01-26,8004396,8002286,18,20,225
2023-01-26,8004396,8004396,29,37,162
2023-01-26,8004396,8004557,10,17,95
2023-01-26,8004432,8003816,2,2,150
2023-01-26,8004432,8004193,24,40,74
2023-01-26,8004432,8004432,51,81,73
2023-01-26,8004432,8004680,26,39,73
2023-01-26,8004489,8002632,37,42,79
2023-01-26,8004489,8003497,33,38,199
2023-01-26,8004489,8004189,16,34,66
2023-01-26,8004489,8004306,1,1,150
2023-01-26,8004489,8004489,121,154,121
2023-01-26,8004557,8004396,18,20,224
2023-01-26,8004557,8004557,28,37,160
2023-01-26,8004557,8005715,10,17,95
2023-01-26,8004614,8000121,19,20,382
2023-01-26,8004614,8000375,13,22,78
2023-01-26,8004614,8004614,33,42,214
2023-01-26,8004677,8003429,15,16,202
2023-01-26,8004677,8004677,30,32,166
2023-01-26,8004677,8006019,15,16,159
2023-01-26,8004680,8001448,25,37,80
2023-01-26,8004680,8002474,1,2,60
2023-01-26,8004680,8004432,20,42,66
2023-01-26,8004680,8004680,48,80,74
2023-01-26,8004714,8000257,29,40,84
2023-01-26,8004714,8000506,1,1,90
2023-01-26,8004714,8002474,3,3,80
2023-01-26,8004714,8004003,24,37,92
2023-01-26,8004714,8004714,52,81,76
2023-01-26,8004788,8000257,32,33,363
2023-01-26,8004788,8000663,27,31,181
2023-01-26,8004788,8004788,59,64,250
2023-01-26,8004822,8000876,34,49,57
2023-01-26,8004929,8000491,14,17,42
2023-01-26,8004929,8003481,15,20,190
2023-01-26,8004929,8004929,27,37,131
2023-01-26,8004935,8001728,11,19,68
2023-01-26,8004938,8001720,2,2,30
2023-01-26,8004938,8003257,3,4,38
2023-01-26,8004938,8004938,30,37,181
2023-01-26,8004938,8007482,19,20,226
2023-01-26,8004975,8002724,15,16,231
2023-01-26,8004975,8004975,29,32,179
2023-01-26,8004975,8006555,13,16,131
2023-01-26,8004993,8001727,15,20,222
2023-01-26,8004993,8002286,13,17,72
2023-01-26,8004993,8004993,28,37,170
2023-01-26,8005094,8001407,6,17,48
2023-01-26,8005094,8002895,14,19,109
2023-01-26,8005094,8005094,20,36,78
2023-01-26,8005103,8005103,29,34,334
2023-01-26,8005103,8005257,13,17,281
2023-01-26,8005103,8006441,16,17,404
2023-01-26,8005111,8000505,20,22,119
2023-01-26,8005111,8000726,6,6,910
2023-01-26,8005111,8003070,11,21,69
2023-01-26,8005111,8005111,46,56,333
2023-01-26,8005111,8006483,7,7,1256
2023-01-26,8005113,8000876,13,17,316
2023-01-26,8005113,8004166,8,17,208
2023-01-26,8005113,8005113,22,34,266
2023-01-26,8005146,8003080,17,23,260
2023-01-26,8005146,8005146,30,44,151
2023-01-26,8005146,8005713,15,21,54
2023-01-26,8005172,8003429,14,16,163
2023-01-26,8005172,8005172,29,32,183
2023-01-26,8005172,8006555,15,16,199
2023-01-26,8005257,8000582,7,17,215
2023-01-26,8005257,8005103,16,17,381
2023-01-26,8005257,8005257,28,34,312
2023-01-26,8005345,8000326,39,40,116
2023-01-26,8005345,8005345,72,81,156
2023-01-26,8005345,8005626,32,41,207
2023-01-26,8005423,8002943,9,17,65
2023-01-26,8005423,8005423,20,34,44
2023-01-26,8005423,8005689,17,17,74
2023-01-26,8005551,8000466,18,20,254
2023-01-26,8005551,8002300,19,19,439
2023-01-26,8005551,8005551,39,39,366
2023-01-26,8005628,8000326,9,9,113
2023-01-26,8005628,8000376,7,9,97
2023-01-26,8005628,8000894,33,41,266
2023-01-26,8005628,8003759,1,1,210
2023-01-26,8005628,8005345,1,1,120
2023-01-26,8005628,8005626,27,39,77
2023-01-26,8005628,8005628,82,100,153
2023-01-26,8005637,8002191,16,17,279
2023-01-26,8005637,8005637,34,35,334
2023-01-26,8005637,8006312,18,18,363
2023-01-26,8005673,8001341,15,17,115
2023-01-26,8005673,8001406,14,19,126
2023-01-26,8005673,8005673,32,36,129
2023-01-26,8005689,8005423,7,17,30
2023-01-26,8005689,8005689,24,34,57
2023-01-26,8005689,8006156,14,17,79
2023-01-26,8005713,8005146,17,23,248
2023-01-26,8005713,8005713,34,45,154
2023-01-26,8005713,8006468,15,22,56
2023-01-26,8005715,8004557,18,20,213
2023-01-26,8005715,8005715,29,37,163
2023-01-26,8005715,8007482,11,17,92
2023-01-26,8005843,8000876,17,19,129
2023-01-26,8005843,8002895,6,17,51
2023-01-26,8005843,8005843,22,36,82
2023-01-26,8005857,8000491,17,20,237
2023-01-26,8005857,8001727,12,17,81
2023-01-26,8005857,8005857,29,37,167
2023-01-26,8005896,8000976,14,17,935
2023-01-26,8005896,8004379,21,27,716
2023-01-26,8005896,8005896,44,51,979
2023-01-26,8005950,8001237,15,21,647
2023-01-26,8005950,8002692,17,21,340
2023-01-26,8005950,8005950,32,42,466
2023-01-26,8006019,8002858,15,16,172
2023-01-26,8006019,8004677,13,16,135
2023-01-26,8006019,8006019,28,32,145
2023-01-26,8006100,8000372,1,1,60
2023-01-26,8006100,8001720,20,27,86
2023-01-26,8006100,8002875,0,1,-30
2023-01-26,8006100,8003232,13,22,45
2023-01-26,8006100,8003257,1,1,60
2023-01-26,8006100,8006100,41,53,71
2023-01-26,8006125,8000698,26,34,58
2023-01-26,8006125,8001399,31,34,118
2023-01-26,8006125,8006125,56,68,82
2023-01-26,8006136,8003316,2,2,285
2023-01-26,8006136,8003816,2,2,2355
2023-01-26,8006136,8003817,12,17,328
2023-01-26,8006136,8003820,1,1,60
2023-01-26,8006136,8006136,35,41,316
2023-01-26,8006156,8000876,3,17,12
2023-01-26,8006156,8005689,9,17,41
2023-01-26,8006156,8006156,26,34,51
2023-01-26,8006183,8000602,17,17,277
2023-01-26,8006183,8002191,16,18,373
2023-01-26,8006183,8006183,32,35,334
2023-01-26,8006261,8002036,29,37,177
2023-01-26,8006261,8002875,2,2,555
2023-01-26,8006261,8003497,1,1,30
2023-01-26,8006261,8006261,65,77,131
2023-01-26,8006261,8079146,28,37,68
2023-01-26,8006292,8000374,11,13,323
2023-01-26,8006292,8003498,12,14,321
2023-01-26,8006292,8006292,25,27,296
2023-01-26,8006312,8000121,18,18,378
2023-01-26,8006312,8005637,17,17,279
2023-01-26,8006312,8006312,35,35,327
2023-01-26,8006441,8002648,16,17,436
2023-01-26,8006441,8005103,12,17,265
2023-01-26,8006441,8006441,28,34,342
2023-01-26,8006468,8000216,20,33,121
2023-01-26,8006468,8000691,1,1,150
2023-01-26,8006468,8000802,7,17,34
2023-01-26,8006468,8003080,1,1,270
2023-01-26,8006468,8003172,30,39,125
2023-01-26,8006468,8005713,17,23,240
2023-01-26,8006468,8006468,86,113,142
2023-01-26,8006468,8007857,11,15,118
2023-01-26,8006468,8700382,1,1,60
2023-01-26,8006483,8000372,1,1,1710
2023-01-26,8006483,8003070,20,21,113
2023-01-26,8006483,8005111,6,7,853
2023-01-26,8006483,8006483,49,56,330
2023-01-26,8006483,8087062,19,21,83
2023-01-26,8006534,8000602,27,35,237
2023-01-26,8006534,8004352,33,39,248
2023-01-26,8006534,8006534,64,74,258
2023-01-26,8006536,8000254,19,20,346
2023-01-26,8006536,8003172,20,24,276
2023-01-26,8006536,8006536,38,44,275
2023-01-26,8006555,8004975,15,16,223
2023-01-26,8006555,8005172,14,16,161
2023-01-26,8006555,8006555,29,32,177
2023-01-26,8006680,8000371,15,17,134
2023-01-26,8006680,8001341,17,19,142
2023-01-26,8006680,8006680,33,35,147
2023-01-26,8007474,8000007,16,17,429
2023-01-26,8007474,8000327,13,16,313
2023-01-26,8007474,8007474,26,33,288
2023-01-26,8007482,8004938,12,17,138
2023-01-26,8007482,8005715,18,20,218
2023-01-26,8007482,8007482,29,37,166
2023-01-26,8007857,8006468,7,16,118
2023-01-26,8007857,8007857,14,31,117
2023-01-26,8007857,8007858,10,15,118
2023-01-26,8007858,8007857,4,16,114
2023-01-26,8007858,8007858,14,31,115
2023-01-26,8007858,8007859,10,15,118
2023-01-26,8007859,8007858,4,16,109
2023-01-26,8007859,8007859,16,31,122
2023-01-26,8007859,8007860,12,15,136
2023-01-26,8007860,8007859,4,16,120
2023-01-26,8007860,8007860,13,31,114
2023-01-26,8007860,8700382,8,15,104
2023-01-26,8070096,8000137,17,19,99
2023-01-26,8070096,8001043,7,19,68
2023-01-26,8070096,8070096,31,38,96
2023-01-26,8079146,8003497,29,37,61
2023-01-26,8079146,8006261,27,37,181
2023-01-26,8079146,8079146,54,74,116
2023-01-26,8084067,8000254,72,96,114
2023-01-26,8084067,8003186,16,16,225
2023-01-26,8084067,8003923,49,70,120
2023-01-26,8084067,8084067,142,182,114
2023-01-26,8087062,8000372,19,21,101
2023-01-26,8087062,8006483,19,21,94
2023-01-26,8087062,8087062,39,42,96
2023-01-27,8000007,8000007,67,69,238
2023-01-27,8000007,8000468,36,40,248
2023-01-27,8000007,8000558,20,20,224
2023-01-27,8000007,8000602,13,18,167
2023-01-27,8000007,8001813,2,2,75
2023-01-27,8000007,8007474,15,16,246
2023-01-27,8000121,8000021,22,25,245
2023-01-27,8000121,8000121,71,88,184
2023-01-27,8000121,8000976,16,18,283
2023-01-27,8000121,8003075,6,6,100
2023-01-27,8000121,8004614,13,22,78
2023-01-27,8000121,8006312,15,17,168
2023-01-27,8000137,8000137,33,34,104
2023-01-27,8000137,8002444,17,20,105
2023-01-27,8000137,8003285,24,25,126
2023-01-27,8000137,8070096,19,19,90
2023-01-27,8000216,8000216,58,107,71
2023-01-27,8000216,8001663,1,1,60
2023-01-27,8000216,8002875,1,1,360
2023-01-27,8000216,8003080,10,22,22
2023-01-27,8000216,8003349,19,38,54
2023-01-27,8000216,8003507,13,20,116
2023-01-27,8000216,8005713,1,1,60
2023-01-27,8000216,8006468,21,31,69
2023-01-27,8000254,8000254,171,250,98
2023-01-27,8000254,8003125,10,11,109
2023-01-27,8000254,8003172,11,18,155
2023-01-27,8000254,8003186,5,6,105
2023-01-27,8000254,8006531,12,21,139
2023-01-27,8000254,8006536,16,24,70
2023-01-27,8000254,8079045,4,7,171
2023-01-27,8000254,8079143,29,56,81
2023-01-27,8000254,8084067,48,87,69
2023-01-27,8000257,8000257,61,88,100
2023-01-27,8000257,8000332,5,6,225
2023-01-27,8000257,8000503,2,2,390
2023-01-27,8000257,8001032,25,40,85
2023-01-27,8000257,8002872,8,10,63
2023-01-27,8000257,8002934,18,40,58
2023-01-27,8000257,8004714,25,41,70
2023-01-27,8000257,8004788,23,32,114
2023-01-27,8000326,8000326,152,177,136
2023-01-27,8000326,8000332,4,4,112
2023-01-27,8000326,8001057,34,43,199
2023-01-27,8000326,8002056,1,1,180
2023-01-27,8000326,8003687,62,80,101
2023-01-27,8000326,8003759,1,1,30
2023-01-27,8000326,8005345,30,41,143
2023-01-27,8000326,8005628,6,9,113
2023-01-27,8000327,8000327,22,33,149
2023-01-27,8000327,8000340,9,16,214
2023-01-27,8000327,8007474,11,17,81
2023-01-27,8000332,8000257,7,8,82
2023-01-27,8000332,8000326,1,2,90
2023-01-27,8000332,8000332,33,53,122
2023-01-27,8000332,8001032,13,17,122
2023-01-27,8000332,8002014,1,1,450
2023-01-27,8000332,8002025,20,35,89
2023-01-27,8000332,8003759,3,3,450
2023-01-27,8000332,8003766,1,1,420
2023-01-27,8000340,8000327,13,17,97
2023-01-27,8000340,8000340,23,33,158
2023-01-27,8000340,8000652,9,16,216
2023-01-27,8000359,8000359,49,78,82
2023-01-27,8000359,8003816,1,1,120
2023-01-27,8000359,8003819,24,40,104
2023-01-27,8000359,8004193,16,38,42
2023-01-27,8000372,8000372,37,46,96
2023-01-27,8000372,8002175,1,1,30
2023-01-27,8000372,8002875,5,7,137
2023-01-27,8000372,8006483,1,1,90
2023-01-27,8000372,8087062,18,22,80
2023-01-27,8000374,8000374,36,40,108
2023-01-27,8000374,8001860,21,34,50
2023-01-27,8000374,8002798,17,27,77
2023-01-27,8000374,8006292,13,14,88
2023-01-27,8000375,8000121,1,1,300
2023-01-27,8000375,8000375,73,88,183
2023-01-27,8000375,8000975,17,20,105
2023-01-27,8000375,8003075,35,45,203
2023-01-27,8000375,8004614,19,21,241
2023-01-27,8000375,8005896,1,1,330
2023-01-27,8000376,8000376,19,30,101
2023-01-27,8000376,8002239,21,57,69
2023-01-27,8000376,8003702,19,40,41
2023-01-27,8000376,8004813,5,7,103
2023-01-27,8000376,8005067,1,1,330
2023-01-27,8000376,8005628,10,10,117
2023-01-27,8000466,8000466,35,39,168
2023-01-27,8000466,8000582,18,20,174
2023-01-27,8000466,8005551,18,19,186
2023-01-27,8000468,8000007,31,40,154
2023-01-27,8000468,8000468,68,80,205
2023-01-27,8000468,8000602,34,40,241
2023-01-27,8000491,8000491,31,39,150
2023-01-27,8000491,8004929,19,21,193
2023-01-27,8000491,8005857,12,18,137
2023-01-27,8000505,8000505,32,46,85
2023-01-27,8000505,8000726,1,1,210
2023-01-27,8000505,8002879,17,22,95
2023-01-27,8000505,8005111,18,23,86
2023-01-27,8000506,8000506,37,74,81
2023-01-27,8000506,8002474,26,38,103
2023-01-27,8000506,8004003,11,36,49
2023-01-27,8000547,8003739,12,16,472
2023-01-27,8000558,8000007,23,23,277
2023-01-27,8000558,8000558,43,43,232
2023-01-27,8000558,8001813,20,20,252
2023-01-27,8000582,8000466,18,19,189
2023-01-27,8000582,8000582,34,34,161
2023-01-27,8000582,8003508,2,2,330
2023-01-27,8000582,8005257,14,17,176
2023-01-27,8000602,8000007,5,12,85
2023-01-27,8000602,8000468,34,40,176
2023-01-27,8000602,8000602,90,110,194
2023-01-27,8000602,8006183,17,18,290
2023-01-27,8000602,8006534,30,40,200
2023-01-27,8000615,8000241,35,41,154
2023-01-27,8000615,8000615,160,170,299
2023-01-27,8000615,8002872,44,44,261
2023-01-27,8000615,8006404,76,85,400
2023-01-27,8000625,8000625,30,41,92
2023-01-27,8000625,8002444,19,21,79
2023-01-27,8000625,8003988,13,20,108
2023-01-27,8000652,8000340,14,17,141
2023-01-27,8000663,8000663,42,43,195
2023-01-27,8000663,8002958,9,19,63
2023-01-27,8000663,8004345,21,21,219
2023-01-27,8000663,8004788,30,33,204
2023-01-27,8000683,8000375,2,2,195
2023-01-27,8000683,8000683,54,70,208
2023-01-27,8000683,8003075,5,7,146
2023-01-27,8000683,8004379,22,25,344
2023-01-27,8000683,8004601,29,36,154
2023-01-27,8000691,8003175,2,18,7
2023-01-27,8000698,8000698,41,69,57
2023-01-27,8000698,8000708,24,35,62
2023-01-27,8000698,8006125,12,35,29
2023-01-27,8000708,8000698,34,34,106
2023-01-27,8000708,8000708,67,69,84
2023-01-27,8000708,8001860,33,35,91
2023-01-27,8000802,8000802,6,35,34
2023-01-27,8000802,8003175,3,17,56
2023-01-27,8000802,8006468,3,18,8
2023-01-27,8000876,8000876,54,99,67
2023-01-27,8000876,8004822,19,50,59
2023-01-27,8000876,8005113,9,17,67
2023-01-27,8000876,8005843,5,17,28
2023-01-27,8000876,8006156,5,17,76
2023-01-27,8000894,8000894,66,81,107
2023-01-27,8000894,8002704,33,41,149
2023-01-27,8000894,8005628,34,40,90
2023-01-27,8000975,8000375,15,21,257
2023-01-27,8000975,8000975,26,41,170
2023-01-27,8000975,8000976,12,20,93
2023-01-27,8000976,8000121,15,18,140
2023-01-27,8000976,8000975,12,21,241
2023-01-27,8000976,8000976,35,47,175
2023-01-27,8000976,8003075,0,2,0
2023-01-27,8000976,8005896,18,19,126
2023-01-27,8001032,8000257,21,37,94
2023-01-27,8001032,8000332,11,20,87
2023-01-27,8001032,8001032,24,37,103
2023-01-27,8001043,8001043,37,38,113
2023-01-27,8001043,8002958,19,19,95
2023-01-27,8001043,8070096,18,19,137
2023-01-27,8001057,8000326,34,41,95
2023-01-27,8001057,8001057,66,88,136
2023-01-27,8001057,8002056,2,2,105
2023-01-27,8001057,8002632,32,45,188
2023-01-27,8001200,8001200,52,68,156
2023-01-27,8001200,8002655,30,34,144
2023-01-27,8001200,8003684,13,17,111
2023-01-27,8001200,8005649,2,2,225
2023-01-27,8001237,8001237,39,47,232
2023-01-27,8001237,8002692,3,3,530
2023-01-27,8001237,8003821,17,20,291
2023-01-27,8001237,8005950,17,21,131
2023-01-27,8001237,8006404,1,1,90
2023-01-27,8001341,8001341,33,36,202
2023-01-27,8001341,8005673,17,19,253
2023-01-27,8001341,8006680,16,17,154
2023-01-27,8001399,8001399,58,71,105
2023-01-27,8001399,8004189,33,35,134
2023-01-27,8001399,8006125,24,36,78
2023-01-27,8001406,8001406,36,36,180
2023-01-27,8001406,8001407,16,19,167
2023-01-27,8001406,8005673,14,17,157
2023-01-27,8001407,8001406,16,17,125
2023-01-27,8001407,8001407,31,36,130
2023-01-27,8001407,8005094,16,19,167
2023-01-27,8001448,8001448,42,76,80
2023-01-27,8001448,8002474,13,37,52
2023-01-27,8001448,8004680,29,39,109
2023-01-27,8001638,8001638,35,41,92
2023-01-27,8001638,8001728,16,20,84
2023-01-27,8001638,8003988,19,21,93
2023-01-27,8001663,8000216,1,1,60
2023-01-27,8001663,8001663,51,78,57
2023-01-27,8001663,8001665,31,38,73
2023-01-27,8001663,8003809,22,39,43
2023-01-27,8001665,8001663,18,38,45
2023-01-27,8001665,8001665,49,76,60
2023-01-27,8001665,8003349,29,38,66
2023-01-27,8001720,8001720,49,60,174
2023-01-27,8001720,8003257,25,27,197
2023-01-27,8001720,8004938,4,5,180
2023-01-27,8001720,8006100,19,25,157
2023-01-27,8001727,8001727,31,39,184
2023-01-27,8001727,8004993,12,18,140
2023-01-27,8001727,8005857,20,21,221
2023-01-27,8001728,8001638,12,21,49
2023-01-27,8001728,8001728,13,39,30
2023-01-27,8001728,8004935,4,19,28
2023-01-27,8001813,8000558,20,23,177
2023-01-27,8001813,8001813,41,41,230
2023-01-27,8001813,8002473,20,20,272
2023-01-27,8001860,8000374,35,35,105
2023-01-27,8001860,8000708,28,34,79
2023-01-27,8001860,8001860,63,69,92
2023-01-27,8002014,8000332,1,1,480
2023-01-27,8002014,8002014,25,28,179
2023-01-27,8002014,8002025,11,13,194
2023-01-27,8002014,8003498,13,14,182
2023-01-27,8002025,8000332,27,30,180
2023-01-27,8002025,8002014,13,13,127
2023-01-27,8002025,8002025,52,65,141
2023-01-27,8002025,8003759,0,1,0
2023-01-27,8002025,8003766,9,20,104
2023-01-27,8002036,8002036,64,77,166
2023-01-27,8002036,8002875,30,39,209
2023-01-27,8002036,8006261,29,38,122
2023-01-27,8002056,8000308,17,20,122
2023-01-27,8002056,8001057,2,2,60
2023-01-27,8002056,8002056,25,41,72
2023-01-27,8002056,8003687,3,3,30
2023-01-27,8002056,8003765,1,2,60
2023-01-27,8002175,8002175,13,35,79
2023-01-27,8002175,8002943,4,18,23
2023-01-27,8002191,8002191,32,35,243
2023-01-27,8002191,8005637,16,18,297
2023-01-27,8002191,8006183,15,17,191
2023-01-27,8002286,8002286,33,39,177
2023-01-27,8002286,8004396,14,18,135
2023-01-27,8002286,8004993,20,21,231
2023-01-27,8002300,8002300,35,39,171
2023-01-27,8002300,8003508,18,19,174
2023-01-27,8002300,8005551,17,20,162
2023-01-27,8002444,8000137,18,21,96
2023-01-27,8002444,8000625,13,20,96
2023-01-27,8002444,8002444,32,41,91
2023-01-27,8002473,8001813,21,21,210
2023-01-27,8002473,8002473,41,41,242
2023-01-27,8002473,8004345,19,20,264
2023-01-27,8002474,8000506,11,36,52
2023-01-27,8002474,8001448,26,39,95
2023-01-27,8002474,8002474,41,80,75
2023-01-27,8002474,8004680,2,2,240
2023-01-27,8002474,8004714,2,3,30
2023-01-27,8002632,8000326,1,1,180
2023-01-27,8002632,8001057,36,43,95
2023-01-27,8002632,8002632,72,89,150
2023-01-27,8002632,8004489,37,45,204
2023-01-27,8002648,8002648,25,34,103
2023-01-27,8002648,8002649,10,17,118
2023-01-27,8002648,8006441,10,17,58
2023-01-27,8002649,8002648,11,17,71
2023-01-27,8002649,8002649,23,34,94
2023-01-27,8002649,8002847,13,17,139
2023-01-27,8002655,8001200,23,34,176
2023-01-27,8002655,8002655,52,68,162
2023-01-27,8002655,8003257,31,34,157
2023-01-27,8002692,8001237,2,2,240
2023-01-27,8002692,8002692,76,85,210
2023-01-27,8002692,8003075,35,42,165
2023-01-27,8002692,8003816,4,4,270
2023-01-27,8002692,8005950,20,21,313
2023-01-27,8002704,8000894,30,40,63
2023-01-27,8002704,8002704,61,81,103
2023-01-27,8002704,8003702,26,41,127
2023-01-27,8002724,8002724,32,33,666
2023-01-27,8002724,8003739,17,17,826
2023-01-27,8002724,8004975,15,16,497
2023-01-27,8002798,8000374,21,24,129
2023-01-27,8002798,8002798,46,51,111
2023-01-27,8002798,8003285,24,27,97
2023-01-27,8002847,8002649,16,17,76
2023-01-27,8002847,8002847,29,34,105
2023-01-27,8002847,8004166,12,17,118
2023-01-27,8002858,8002858,29,33,507
2023-01-27,8002858,8003215,15,16,643
2023-01-27,8002858,8006019,14,17,392
2023-01-27,8002875,8000372,2,4,60
2023-01-27,8002875,8001720,1,1,150
2023-01-27,8002875,8002036,36,38,145
2023-01-27,8002875,8002875,82,95,168
2023-01-27,8002875,8003232,14,15,276
2023-01-27,8002875,8003497,1,1,330
2023-01-27,8002875,8004938,1,1,180
2023-01-27,8002875,8005649,1,1,30
2023-01-27,8002875,8006261,1,1,90
2023-01-27,8002895,8002895,23,36,128
2023-01-27,8002895,8005094,5,17,55
2023-01-27,8002895,8005843,17,19,182
2023-01-27,8002943,8002175,5,17,83
2023-01-27,8002943,8002943,9,35,55
2023-01-27,8002943,8005423,4,18,48
2023-01-27,8002958,8000663,18,19,112
2023-01-27,8002958,8001043,19,19,136
2023-01-27,8002958,8002958,37,38,113
2023-01-27,8003070,8003070,33,44,79
2023-01-27,8003070,8005111,19,22,82
2023-01-27,8003070,8006483,10,22,61
2023-01-27,8003075,8000021,15,18,190
2023-01-27,8003075,8000121,1,1,1020
2023-01-27,8003075,8000375,34,42,174
2023-01-27,8003075,8000683,8,8,150
2023-01-27,8003075,8002692,38,43,235
2023-01-27,8003075,8003075,121,144,183
2023-01-27,8003075,8003816,14,18,112
2023-01-27,8003075,8005220,5,5,234
2023-01-27,8003075,8005896,1,1,240
2023-01-27,8003080,8000216,13,24,55
2023-01-27,8003080,8003080,22,46,36
2023-01-27,8003080,8005146,10,21,27
2023-01-27,8003080,8006468,1,1,30
2023-01-27,8003150,8003150,17,22,460
2023-01-27,8003150,8003151,8,12,310
2023-01-27,8003151,8003150,9,10,639
2023-01-27,8003151,8003151,28,33,524
2023-01-27,8003151,8003504,11,17,304
2023-01-27,8003172,8000254,15,19,144
2023-01-27,8003172,8003172,65,81,125
2023-01-27,8003172,8006468,35,42,152
2023-01-27,8003172,8006536,20,20,132
2023-01-27,8003175,8000691,3,17,65
2023-01-27,8003175,8000802,6,18,15
2023-01-27,8003175,8003175,9,35,37
2023-01-27,8003215,8002858,15,17,399
2023-01-27,8003215,8003215,30,33,526
2023-01-27,8003215,8003504,15,16,684
2023-01-27,8003232,8002875,16,16,219
2023-01-27,8003232,8003232,36,42,200
2023-01-27,8003232,8006100,15,20,225
2023-01-27,8003257,8001720,21,26,159
2023-01-27,8003257,8002655,28,34,173
2023-01-27,8003257,8003257,66,77,155
2023-01-27,8003257,8004938,2,4,22
2023-01-27,8003285,8000137,24,27,104
2023-01-27,8003285,8000374,1,1,180
2023-01-27,8003285,8002798,24,24,144
2023-01-27,8003285,8003285,48,52,119
2023-01-27,8003316,8003316,35,45,155
2023-01-27,8003316,8003817,1,1,210
2023-01-27,8003316,8003820,16,22,151
2023-01-27,8003316,8004349,18,22,173
2023-01-27,8003349,8000216,21,38,34
2023-01-27,8003349,8001665,24,38,56
2023-01-27,8003349,8003349,56,76,56
2023-01-27,8003429,8003429,32,33,615
2023-01-27,8003429,8004677,15,16,615
2023-01-27,8003429,8005172,17,17,639
2023-01-27,8003481,8004929,1,18,2
2023-01-27,8003497,8001663,1,1,90
2023-01-27,8003497,8002875,2,2,75
2023-01-27,8003497,8003497,68,83,171
2023-01-27,8003497,8004489,35,38,114
2023-01-27,8003497,8006261,2,2,270
2023-01-27,8003497,8079146,33,39,213
2023-01-27,8003498,8002014,12,14,165
2023-01-27,8003498,8003498,26,28,175
2023-01-27,8003498,8006292,14,14,204
2023-01-27,8003504,8003151,15,16,750
2023-01-27,8003504,8003215,14,17,392
2023-01-27,8003504,8003504,29,33,533
2023-01-27,8003507,8000216,16,18,197
2023-01-27,8003507,8003507,30,38,167
2023-01-27,8003507,8003508,13,20,111
2023-01-27,8003508,8000216,2,3,290
2023-01-27,8003508,8002300,15,20,128
2023-01-27,8003508,8003507,17,18,232
2023-01-27,8003508,8003508,32,41,165
2023-01-27,8003687,8000326,69,83,157
2023-01-27,8003687,8003687,124,163,126
2023-01-27,8003687,8003759,22,24,130
2023-01-27,8003687,8003767,36,56,94
2023-01-27,8003702,8000376,32,41,157
2023-01-27,8003702,8002704,34,40,70
2023-01-27,8003702,8003702,65,81,109
2023-01-27,8003739,8000547,17,17,817
2023-01-27,8003739,8002724,15,16,508
2023-01-27,8003739,8003739,32,33,664
2023-01-27,8003759,8000326,1,1,180
2023-01-27,8003759,8000332,3,3,130
2023-01-27,8003759,8002681,0,1,0
2023-01-27,8003759,8003489,1,1,120
2023-01-27,8003759,8003497,1,2,90
2023-01-27,8003759,8003687,24,24,305
2023-01-27,8003759,8003759,240,270,179
2023-01-27,8003759,8003765,50,53,136
2023-01-27,8003759,8003766,31,36,171
2023-01-27,8003759,8003841,76,78,187
2023-01-27,8003759,8003842,11,11,207
2023-01-27,8003759,8003844,0,1,0
2023-01-27,8003759,8005494,1,1,300
2023-01-27,8003759,8005649,7,8,139
2023-01-27,8003765,8000326,1,1,330
2023-01-27,8003765,8002056,4,4,172
2023-01-27,8003765,8003759,42,51,128
2023-01-27,8003765,8003765,82,113,111
2023-01-27,8003765,8003767,40,56,106
2023-01-27,8003766,8000332,1,1,180
2023-01-27,8003766,8002025,14,17,161
2023-01-27,8003766,8002056,1,1,330
2023-01-27,8003766,8003759,30,40,132
2023-01-27,8003766,8003766,29,39,144
2023-01-27,8003767,8003687,36,56,110
2023-01-27,8003767,8003765,39,56,104
2023-01-27,8003767,8003767,73,112,105
2023-01-27,8003809,8001663,30,38,59
2023-01-27,8003809,8003497,1,1,150
2023-01-27,8003809,8003809,45,77,42
2023-01-27,8003809,8004306,19,33,43
2023-01-27,8003809,8004489,1,1,30
2023-01-27,8003816,8000241,19,22,205
2023-01-27,8003816,8000250,1,1,1380
2023-01-27,8003816,8000359,1,1,30
2023-01-27,8003816,8000375,1,1,210
2023-01-27,8003816,8001237,1,1,180
2023-01-27,8003816,8002692,2,2,60
2023-01-27,8003816,8002872,2,2,255
2023-01-27,8003816,8003075,12,14,139
2023-01-27,8003816,8003815,45,45,265
2023-01-27,8003816,8003816,168,213,159
2023-01-27,8003816,8003818,43,46,108
2023-01-27,8003816,8003819,11,38,37
2023-01-27,8003816,8004432,0,1,0
2023-01-27,8003816,8005220,2,2,240
2023-01-27,8003817,8003816,1,1,420
2023-01-27,8003817,8003817,35,41,195
2023-01-27,8003817,8003820,17,18,238
2023-01-27,8003817,8006136,15,21,150
2023-01-27,8003819,8000359,15,38,43
2023-01-27,8003819,8003816,36,40,142
2023-01-27,8003819,8003819,40,78,75
2023-01-27,8003820,8003316,13,19,182
2023-01-27,8003820,8003817,15,22,140
2023-01-27,8003820,8003820,35,42,175
2023-01-27,8003820,8006136,1,1,450
2023-01-27,8003821,8001237,13,20,110
2023-01-27,8003821,8003821,32,40,201
2023-01-27,8003988,8000625,17,21,94
2023-01-27,8003988,8001638,16,20,100
2023-01-27,8003988,8003988,34,41,105
2023-01-27,8004003,8000506,30,37,114
2023-01-27,8004003,8004003,38,73,85
2023-01-27,8004003,8004714,8,36,49
2023-01-27,8004166,8002847,10,17,71
2023-01-27,8004166,8004166,22,34,72
2023-01-27,8004166,8005113,7,17,42
2023-01-27,8004172,8000976,1,1,210
2023-01-27,8004172,8003568,13,24,56
2023-01-27,8004172,8004172,29,50,44
2023-01-27,8004189,8001399,30,36,118
2023-01-27,8004189,8004189,60,71,110
2023-01-27,8004189,8004489,29,35,106
2023-01-27,8004193,8000359,33,40,120
2023-01-27,8004193,8004193,41,78,72
2023-01-27,8004193,8004432,13,38,43
2023-01-27,8004306,8003809,16,36,32
2023-01-27,8004306,8004306,45,69,47
2023-01-27,8004345,8000663,19,20,248
2023-01-27,8004345,8002473,20,21,207
2023-01-27,8004345,8004345,40,41,233
2023-01-27,8004349,8003316,14,23,116
2023-01-27,8004349,8003820,1,1,570
2023-01-27,8004349,8004349,62,75,159
2023-01-27,8004349,8004352,29,35,195
2023-01-27,8004352,8004349,30,40,168
2023-01-27,8004352,8004352,59,75,179
2023-01-27,8004352,8006534,29,35,195
2023-01-27,8004379,8000683,19,28,124
2023-01-27,8004379,8004379,40,53,229
2023-01-27,8004379,8005896,22,25,347
2023-01-27,8004396,8002286,19,21,213
2023-01-27,8004396,8004396,33,39,169
2023-01-27,8004396,8004557,13,18,137
2023-01-27,8004432,8003816,2,2,330
2023-01-27,8004432,8004193,29,40,100
2023-01-27,8004432,8004432,48,81,81
2023-01-27,8004432,8004680,18,39,51
2023-01-27,8004489,8002632,38,43,105
2023-01-27,8004489,8003497,34,40,217
2023-01-27,8004489,8004189,18,36,81
2023-01-27,8004489,8004306,0,1,0
2023-01-27,8004489,8004489,124,159,130
2023-01-27,8004557,8004396,19,21,193
2023-01-27,8004557,8004557,33,39,165
2023-01-27,8004557,8005715,14,18,142
2023-01-27,8004614,8000121,18,21,263
2023-01-27,8004614,8000375,12,22,83
2023-01-27,8004614,8004614,32,43,161
2023-01-27,8004677,8003429,17,17,648
2023-01-27,8004677,8004677,31,33,572
2023-01-27,8004677,8006019,15,16,609
2023-01-27,8004680,8001448,16,37,56
2023-01-27,8004680,8002474,2,2,60
2023-01-27,8004680,8004432,21,42,96
2023-01-27,8004680,8004680,43,80,78
2023-01-27,8004714,8000257,16,40,57
2023-01-27,8004714,8000506,1,1,30
2023-01-27,8004714,8002474,3,3,110
2023-01-27,8004714,8004003,30,37,124
2023-01-27,8004714,8004714,48,81,81
2023-01-27,8004788,8000257,32,33,236
2023-01-27,8004788,8000663,28,32,138
2023-01-27,8004788,8004788,61,65,175
2023-01-27,8004822,8000876,28,49,52
2023-01-27,8004929,8000491,9,18,25
2023-01-27,8004929,8003481,15,21,157
2023-01-27,8004929,8004929,23,39,101
2023-01-27,8004935,8001728,14,20,39
2023-01-27,8004938,8001720,1,2,15
2023-01-27,8004938,8003257,3,4,38
2023-01-27,8004938,8004938,31,39,158
2023-01-27,8004938,8007482,19,21,194
2023-01-27,8004975,8002724,17,17,828
2023-01-27,8004975,8004975,32,33,674
2023-01-27,8004975,8006555,15,16,527
2023-01-27,8004993,8001727,17,21,221
2023-01-27,8004993,8002286,12,18,122
2023-01-27,8004993,8004993,31,39,185
2023-01-27,8005094,8001407,6,17,56
2023-01-27,8005094,8002895,16,19,174
2023-01-27,8005094,8005094,21,36,114
2023-01-27,8005103,8005103,30,34,131
2023-01-27,8005103,8005257,17,17,108
2023-01-27,8005103,8006441,13,17,168
2023-01-27,8005111,8000505,16,23,80
2023-01-27,8005111,8000726,4,6,35
2023-01-27,8005111,8003070,13,22,64
2023-01-27,8005111,8005111,38,58,72
2023-01-27,8005111,8006483,6,7,77
2023-01-27,8005113,8000876,7,17,46
2023-01-27,8005113,8004166,10,17,51
2023-01-27,8005113,8005113,18,34,53
2023-01-27,8005146,8003080,15,23,64
2023-01-27,8005146,8005146,25,44,42
2023-01-27,8005146,8005713,11,21,30
2023-01-27,8005172,8003429,15,16,574
2023-01-27,8005172,8005172,32,33,614
2023-01-27,8005172,8006555,16,17,651
2023-01-27,8005257,8000582,4,17,37
2023-01-27,8005257,8005103,11,17,150
2023-01-27,8005257,8005257,24,34,109
2023-01-27,8005345,8000326,40,40,116
2023-01-27,8005345,8005345,70,81,119
2023-01-27,8005345,8005626,30,41,135
2023-01-27,8005423,8002943,8,17,102
2023-01-27,8005423,8005423,16,35,91
2023-01-27,8005423,8005689,10,18,110
2023-01-27,8005551,8000466,14,20,135
2023-01-27,8005551,8002300,18,19,212
2023-01-27,8005551,8005551,35,39,177
2023-01-27,8005628,8000326,9,9,130
2023-01-27,8005628,8000376,7,9,97
2023-01-27,8005628,8000894,30,41,150
2023-01-27,8005628,8003759,1,1,900
2023-01-27,8005628,8005345,1,1,90
2023-01-27,8005628,8005626,32,39,75
2023-01-27,8005628,8005628,79,100,120
2023-01-27,8005637,8002191,16,17,191
2023-01-27,8005637,8005637,32,35,236
2023-01-27,8005637,8006312,16,18,258
2023-01-27,8005673,8001341,16,17,164
2023-01-27,8005673,8001406,19,19,237
2023-01-27,8005673,8005673,35,36,205
2023-01-27,8005689,8005423,5,17,78
2023-01-27,8005689,8005689,13,35,95
2023-01-27,8005689,8006156,7,18,110
2023-01-27,8005713,8005146,15,23,55
2023-01-27,8005713,8005713,28,45,41
2023-01-27,8005713,8006468,10,22,30
2023-01-27,8005715,8004557,18,21,186
2023-01-27,8005715,8005715,32,39,168
2023-01-27,8005715,8007482,12,18,130
2023-01-27,8005843,8000876,17,19,194
2023-01-27,8005843,8002895,5,17,62
2023-01-27,8005843,8005843,21,36,118
2023-01-27,8005857,8000491,18,21,220
2023-01-27,8005857,8001727,10,18,117
2023-01-27,8005857,8005857,30,39,174
2023-01-27,8005896,8000976,15,17,288
2023-01-27,8005896,8004379,20,28,131
2023-01-27,8005896,8005896,46,53,235
2023-01-27,8005950,8001237,19,21,303
2023-01-27,8005950,8002692,17,21,124
2023-01-27,8005950,8005950,36,42,215
2023-01-27,8006019,8002858,15,16,628
2023-01-27,8006019,8004677,16,17,443
2023-01-27,8006019,8006019,31,33,517
2023-01-27,8006100,8000372,0,1,0
2023-01-27,8006100,8001720,22,27,210
2023-01-27,8006100,8002875,0,1,0
2023-01-27,8006100,8003232,15,22,157
2023-01-27,8006100,8003257,1,1,60
2023-01-27,8006100,8006100,41,53,182
2023-01-27,8006125,8000698,23,36,72
2023-01-27,8006125,8001399,34,35,99
2023-01-27,8006125,8006125,59,71,84
2023-01-27,8006136,8003316,2,2,150
2023-01-27,8006136,8003816,2,2,255
2023-01-27,8006136,8003817,15,17,245
2023-01-27,8006136,8003820,1,1,210
2023-01-27,8006136,8006136,38,42,211
2023-01-27,8006156,8000876,2,18,78
2023-01-27,8006156,8005689,6,17,83
2023-01-27,8006156,8006156,12,35,93
2023-01-27,8006183,8000602,16,17,180
2023-01-27,8006183,8002191,16,18,293
2023-01-27,8006183,8006183,32,35,247
2023-01-27,8006261,8002036,33,39,205
2023-01-27,8006261,8002875,2,2,285
2023-01-27,8006261,8003497,1,1,90
2023-01-27,8006261,8006261,70,80,176
2023-01-27,8006261,8079146,32,38,138
2023-01-27,8006292,8000374,14,14,182
2023-01-27,8006292,8003498,13,14,156
2023-01-27,8006292,8006292,28,28,162
2023-01-27,8006312,8000121,16,18,285
2023-01-27,8006312,8005637,16,17,180
2023-01-27,8006312,8006312,32,35,223
2023-01-27,8006441,8002648,14,17,150
2023-01-27,8006441,8005103,11,17,88
2023-01-27,8006441,8006441,25,34,117
2023-01-27,8006468,8000216,18,33,119
2023-01-27,8006468,8000691,0,1,0
2023-01-27,8006468,8000802,3,17,62
2023-01-27,8006468,8003080,0,1,-30
2023-01-27,8006468,8003172,24,39,85
2023-01-27,8006468,8005713,11,23,43
2023-01-27,8006468,8006468,69,113,83
2023-01-27,8006468,8007857,8,15,56
2023-01-27,8006468,8700382,1,1,180
2023-01-27,8006483,8000372,1,1,210
2023-01-27,8006483,8003070,19,22,82
2023-01-27,8006483,8005111,6,7,56
2023-01-27,8006483,8006483,45,58,65
2023-01-27,8006483,8087062,19,22,74
2023-01-27,8006534,8000602,27,35,159
2023-01-27,8006534,8004352,31,40,171
2023-01-27,8006534,8006534,62,75,183
2023-01-27,8006536,8000254,19,20,186
2023-01-27,8006536,8003172,17,24,74
2023-01-27,8006536,8006536,33,44,98
2023-01-27,8006555,8004975,17,17,814
2023-01-27,8006555,8005172,15,16,570
2023-01-27,8006555,8006555,32,33,646
2023-01-27,8006680,8000371,16,17,182
2023-01-27,8006680,8001341,17,19,232
2023-01-27,8006680,8006680,34,35,213
2023-01-27,8007474,8000007,17,17,236
2023-01-27,8007474,8000327,9,16,219
2023-01-27,8007474,8007474,23,33,175
2023-01-27,8007482,8004938,14,18,147
2023-01-27,8007482,8005715,19,21,193
2023-01-27,8007482,8007482,32,39,169
2023-01-27,8007857,8006468,3,16,21
2023-01-27,8007857,8007857,11,31,41
2023-01-27,8007857,8007858,9,15,62
2023-01-27,8007858,8007857,2,16,17
2023-01-27,8007858,8007858,11,31,36
2023-01-27,8007858,8007859,9,15,62
2023-01-27,8007859,8007858,2,16,15
2023-01-27,8007859,8007859,12,31,43
2023-01-27,8007859,8007860,11,15,76
2023-01-27,8007860,8007859,2,16,19
2023-01-27,8007860,8007860,13,31,38
2023-01-27,8007860,8700382,7,15,48
2023-01-27,8070096,8000137,19,19,155
2023-01-27,8070096,8001043,13,19,71
2023-01-27,8070096,8070096,38,38,113
2023-01-27,8079146,8003497,32,38,129
2023-01-27,8079146,8006261,29,39,211
2023-01-27,8079146,8079146,65,77,169
2023-01-27,8084067,8000254,56,96,109
2023-01-27,8084067,8003186,16,16,139
2023-01-27,8084067,8003923,46,71,65
2023-01-27,8084067,8084067,119,183,78
2023-01-27,8087062,8000372,20,22,91
2023-01-27,8087062,8006483,18,22,72
2023-01-27,8087062,8087062,37,44,80
2023-01-28,8000007,8000007,59,62,227
2023-01-28,8000007,8000468,30,36,183
2023-01-28,8000007,8000558,16,16,253
2023-01-28,8000007,8000602,16,16,146
2023-01-28,8000007,8001813,1,1,90
2023-01-28,8000007,8007474,16,16,298
2023-01-28,8000121,8000021,17,19,279
2023-01-28,8000121,8000121,58,71,212
2023-01-28,8000121,8000976,15,15,328
2023-01-28,8000121,8003075,3,3,330
2023-01-28,8000121,8004614,9,19,55
2023-01-28,8000121,8006312,15,15,224
2023-01-28,8000137,8000137,24,33,161
2023-01-28,8000137,8002444,9,16,68
2023-01-28,8000137,8003285,14,21,170
2023-01-28,8000137,8070096,12,15,198
2023-01-28,8000216,8000216,54,92,47
2023-01-28,8000216,8001663,1,1,120
2023-01-28,8000216,8002875,1,1,60
2023-01-28,8000216,8003080,9,18,13
2023-01-28,8000216,8003349,21,33,58
2023-01-28,8000216,8003507,8,15,22
2023-01-28,8000216,8006468,14,29,48
2023-01-28,8000254,8000254,121,193,53
2023-01-28,8000254,8003125,2,3,70
2023-01-28,8000254,8003172,8,17,32
2023-01-28,8000254,8003186,0,2,0
2023-01-28,8000254,8006531,10,20,48
2023-01-28,8000254,8006536,7,16,47
2023-01-28,8000254,8079143,16,40,31
2023-01-28,8000254,8084067,38,75,65
2023-01-28,8000257,8000257,61,82,271
2023-01-28,8000257,8000332,13,14,364
2023-01-28,8000257,8000503,1,1,60
2023-01-28,8000257,8001032,17,25,322
2023-01-28,8000257,8002872,10,12,185
2023-01-28,8000257,8002934,26,33,186
2023-01-28,8000257,8004714,16,29,64
2023-01-28,8000257,8004788,14,20,36
2023-01-28,8000257,8100002,1,1,450
2023-01-28,8000326,8000326,95,151,93
2023-01-28,8000326,8000332,5,7,47
2023-01-28,8000326,8001057,31,38,94
2023-01-28,8000326,8003687,33,70,57
2023-01-28,8000326,8003759,0,1,-30
2023-01-28,8000326,8005345,14,35,53
2023-01-28,8000326,8005628,5,7,669
2023-01-28,8000327,8000327,27,32,184
2023-01-28,8000327,8000340,15,16,300
2023-01-28,8000327,8007474,9,16,54
2023-01-28,8000332,8000257,9,14,45
2023-01-28,8000332,8000326,5,7,681
2023-01-28,8000332,8000332,61,85,242
2023-01-28,8000332,8001032,23,28,196
2023-01-28,8000332,8002025,26,45,202
2023-01-28,8000332,8003759,6,7,107
2023-01-28,8000332,8003766,1,2,90
2023-01-28,8000340,8000327,11,16,66
2023-01-28,8000340,8000340,27,32,187
2023-01-28,8000340,8000652,15,16,319
2023-01-28,8000359,8000359,38,57,179
2023-01-28,8000359,8003819,17,29,76
2023-01-28,8000359,8004193,16,28,266
2023-01-28,8000372,8000372,30,36,164
2023-01-28,8000372,8002175,0,1,0
2023-01-28,8000372,8002875,2,2,210
2023-01-28,8000372,8087062,15,18,148
2023-01-28,8000374,8000374,32,46,153
2023-01-28,8000374,8001860,20,32,41
2023-01-28,8000374,8002798,16,24,228
2023-01-28,8000374,8006292,14,19,148
2023-01-28,8000375,8000375,63,80,166
2023-01-28,8000375,8000975,16,21,136
2023-01-28,8000375,8003075,29,40,131
2023-01-28,8000375,8004614,19,19,270
2023-01-28,8000376,8000376,11,22,233
2023-01-28,8000376,8002239,8,43,15
2023-01-28,8000376,8003702,10,35,12
2023-01-28,8000376,8004813,5,7,673
2023-01-28,8000376,8005628,7,7,47
2023-01-28,8000466,8000466,27,31,72
2023-01-28,8000466,8000582,14,15,88
2023-01-28,8000466,8005551,13,16,88
2023-01-28,8000468,8000007,24,37,113
2023-01-28,8000468,8000468,55,73,150
2023-01-28,8000468,8000602,28,36,179
2023-01-28,8000491,8000491,12,31,54
2023-01-28,8000491,8004929,12,16,99
2023-01-28,8000491,8005857,4,15,20
2023-01-28,8000505,8000505,31,36,134
2023-01-28,8000505,8002879,17,18,220
2023-01-28,8000505,8005111,16,18,100
2023-01-28,8000506,8000506,35,56,218
2023-01-28,8000506,8002474,22,29,103
2023-01-28,8000506,8004003,13,27,332
2023-01-28,8000547,8003739,5,14,39
2023-01-28,8000558,8000007,18,18,247
2023-01-28,8000558,8000558,34,34,251
2023-01-28,8000558,8001813,16,16,317
2023-01-28,8000582,8000466,14,16,107
2023-01-28,8000582,8000582,28,30,68
2023-01-28,8000582,8005257,9,15,34
2023-01-28,8000602,8000007,12,13,143
2023-01-28,8000602,8000468,27,37,131
2023-01-28,8000602,8000602,88,102,165
2023-01-28,8000602,8006183,15,15,332
2023-01-28,8000602,8006534,33,37,154
2023-01-28,8000615,8000241,34,40,149
2023-01-28,8000615,8000615,150,171,205
2023-01-28,8000615,8002872,38,45,91
2023-01-28,8000615,8006404,72,86,270
2023-01-28,8000625,8000625,21,33,73
2023-01-28,8000625,8002444,11,17,64
2023-01-28,8000625,8003988,10,16,73
2023-01-28,8000652,8000340,12,16,69
2023-01-28,8000663,8000663,34,36,188
2023-01-28,8000663,8002958,5,16,39
2023-01-28,8000663,8004345,18,18,172
2023-01-28,8000663,8004788,16,18,248
2023-01-28,8000683,8000375,1,1,390
2023-01-28,8000683,8000683,37,54,183
2023-01-28,8000683,8003075,3,8,60
2023-01-28,8000683,8004379,14,19,246
2023-01-28,8000683,8004601,19,26,173
2023-01-28,8000691,8003175,0,17,0
2023-01-28,8000698,8000698,54,65,52
2023-01-28,8000698,8000708,33,33,69
2023-01-28,8000698,8006125,14,32,35
2023-01-28,8000708,8000698,32,32,106
2023-01-28,8000708,8000708,63,65,93
2023-01-28,8000708,8001860,31,33,99
2023-01-28,8000802,8000802,2,34,2
2023-01-28,8000802,8003175,0,17,0
2023-01-28,8000802,8006468,1,17,2
2023-01-28,8000876,8000876,54,91,41
2023-01-28,8000876,8004822,17,47,36
2023-01-28,8000876,8005113,3,15,34
2023-01-28,8000876,8005843,3,15,12
2023-01-28,8000876,8006156,6,15,20
2023-01-28,8000894,8000894,48,70,49
2023-01-28,8000894,8002704,22,35,58
2023-01-28,8000894,8005628,27,35,63
2023-01-28,8000975,8000375,14,20,164
2023-01-28,8000975,8000975,25,41,138
2023-01-28,8000975,8000976,13,21,127
2023-01-28,8000976,8000121,14,15,186
2023-01-28,8000976,8000975,9,20,147
2023-01-28,8000976,8000976,28,43,155
2023-01-28,8000976,8004172,1,1,150
2023-01-28,8000976,8005896,16,18,135
2023-01-28,8001032,8000257,19,28,206
2023-01-28,8001032,8000332,17,25,301
2023-01-28,8001032,8001032,35,53,245
2023-01-28,8001043,8001043,27,31,151
2023-01-28,8001043,8002958,11,15,194
2023-01-28,8001043,8070096,16,16,99
2023-01-28,8001057,8000326,20,36,45
2023-01-28,8001057,8001057,46,75,66
2023-01-28,8001057,8002056,1,1,30
2023-01-28,8001057,8002632,27,38,96
2023-01-28,8001200,8001200,41,67,108
2023-01-28,8001200,8002655,21,32,65
2023-01-28,8001200,8003684,15,18,128
2023-01-28,8001200,8005649,1,1,90
2023-01-28,8001237,8001237,40,48,200
2023-01-28,8001237,8002692,4,4,338
2023-01-28,8001237,8003821,16,19,177
2023-01-28,8001237,8005950,17,22,168
2023-01-28,8001341,8001341,27,31,152
2023-01-28,8001341,8005673,14,16,210
2023-01-28,8001341,8006680,13,15,108
2023-01-28,8001399,8001399,52,65,84
2023-01-28,8001399,8004189,29,32,129
2023-01-28,8001399,8006125,23,33,34
2023-01-28,8001406,8001406,28,31,125
2023-01-28,8001406,8001407,12,16,107
2023-01-28,8001406,8005673,12,15,100
2023-01-28,8001407,8001406,14,15,80
2023-01-28,8001407,8001407,26,31,78
2023-01-28,8001407,8005094,12,16,111
2023-01-28,8001448,8001448,37,56,216
2023-01-28,8001448,8002474,16,27,343
2023-01-28,8001448,8004680,21,29,100
2023-01-28,8001638,8001638,19,33,67
2023-01-28,8001638,8001728,8,16,69
2023-01-28,8001638,8003988,11,17,65
2023-01-28,8001663,8001663,49,69,63
2023-01-28,8001663,8001665,33,35,81
2023-01-28,8001663,8003809,19,33,49
2023-01-28,8001665,8001663,19,33,52
2023-01-28,8001665,8001665,57,68,68
2023-01-28,8001665,8003349,25,35,73
2023-01-28,8001720,8001720,39,46,155
2023-01-28,8001720,8003257,22,24,249
2023-01-28,8001720,8006100,14,20,54
2023-01-28,8001727,8001727,14,31,60
2023-01-28,8001727,8004993,4,15,20
2023-01-28,8001727,8005857,10,16,90
2023-01-28,8001728,8001638,7,17,35
2023-01-28,8001728,8001728,9,33,42
2023-01-28,8001728,8004935,6,16,54
2023-01-28,8001732,8004935,1,10,9
2023-01-28,8001813,8000558,15,18,162
2023-01-28,8001813,8001813,33,35,240
2023-01-28,8001813,8002473,17,17,332
2023-01-28,8001860,8000374,32,33,100
2023-01-28,8001860,8000708,29,32,98
2023-01-28,8001860,8001860,62,65,92
2023-01-28,8002014,8002014,32,38,131
2023-01-28,8002014,8002025,16,19,202
2023-01-28,8002014,8003498,15,19,81
2023-01-28,8002025,8000332,44,47,237
2023-01-28,8002025,8002014,17,19,79
2023-01-28,8002025,8002025,77,92,231
2023-01-28,8002025,8003766,17,26,318
2023-01-28,8002036,8002036,42,70,56
2023-01-28,8002036,8002875,22,35,79
2023-01-28,8002036,8006261,16,35,35
2023-01-28,8002056,8000308,3,3,70
2023-01-28,8002056,8002056,2,6,30
2023-01-28,8002056,8003765,0,1,0
2023-01-28,8002175,8002175,23,32,82
2023-01-28,8002175,8002943,4,17,69
2023-01-28,8002191,8002191,29,30,253
2023-01-28,8002191,8005637,15,15,330
2023-01-28,8002191,8006183,14,15,194
2023-01-28,8002286,8002286,13,31,61
2023-01-28,8002286,8004396,3,15,10
2023-01-28,8002286,8004993,10,16,105
2023-01-28,8002300,8002300,26,31,57
2023-01-28,8002300,8003508,9,16,45
2023-01-28,8002300,8005551,13,15,46
2023-01-28,8002444,8000137,12,17,58
2023-01-28,8002444,8000625,8,16,62
2023-01-28,8002444,8002444,19,33,62
2023-01-28,8002473,8001813,16,18,168
2023-01-28,8002473,8002473,33,35,239
2023-01-28,8002473,8004345,17,17,302
2023-01-28,8002474,8000506,15,27,342
2023-01-28,8002474,8001448,20,29,98
2023-01-28,8002474,8002474,36,57,220
2023-01-28,8002474,8004714,1,1,330
2023-01-28,8002632,8001057,27,37,49
2023-01-28,8002632,8002632,57,75,77
2023-01-28,8002632,8004489,32,38,101
2023-01-28,8002648,8002648,9,30,26
2023-01-28,8002648,8002649,3,15,16
2023-01-28,8002648,8006441,4,15,24
2023-01-28,8002649,8002648,3,15,22
2023-01-28,8002649,8002649,5,30,20
2023-01-28,8002649,8002847,6,15,40
2023-01-28,8002655,8001200,21,35,153
2023-01-28,8002655,8002655,50,67,115
2023-01-28,8002655,8003257,23,32,66
2023-01-28,8002692,8001237,2,2,300
2023-01-28,8002692,8002692,71,80,193
2023-01-28,8002692,8003075,33,41,198
2023-01-28,8002692,8003816,1,1,60
2023-01-28,8002692,8005950,20,20,210
2023-01-28,8002704,8000894,20,35,35
2023-01-28,8002704,8002704,39,70,43
2023-01-28,8002704,8003702,11,35,44
2023-01-28,8002724,8002724,20,28,117
2023-01-28,8002724,8003739,10,14,169
2023-01-28,8002724,8004975,10,14,66
2023-01-28,8002798,8000374,15,21,181
2023-01-28,8002798,8002798,31,45,207
2023-01-28,8002798,8003285,16,24,240
2023-01-28,8002847,8002649,13,15,38
2023-01-28,8002847,8002847,20,30,42
2023-01-28,8002847,8004166,4,15,34
2023-01-28,8002858,8002858,18,28,87
2023-01-28,8002858,8003215,10,14,124
2023-01-28,8002858,8006019,8,14,64
2023-01-28,8002875,8000372,1,1,180
2023-01-28,8002875,8001720,1,2,30
2023-01-28,8002875,8002036,32,35,57
2023-01-28,8002875,8002875,59,80,73
2023-01-28,8002875,8003232,12,15,110
2023-01-28,8002875,8003497,0,1,0
2023-01-28,8002875,8006261,1,1,30
2023-01-28,8002895,8002895,16,31,68
2023-01-28,8002895,8005094,2,15,8
2023-01-28,8002895,8005843,14,16,118
2023-01-28,8002943,8002175,3,15,42
2023-01-28,8002943,8002943,11,32,63
2023-01-28,8002943,8005423,7,17,74
2023-01-28,8002958,8000663,11,15,188
2023-01-28,8002958,8001043,15,16,103
2023-01-28,8002958,8002958,27,31,139
2023-01-28,8003070,8003070,31,36,158
2023-01-28,8003070,8005111,17,18,147
2023-01-28,8003070,8006483,11,18,135
2023-01-28,8003075,8000021,14,18,230
2023-01-28,8003075,8000375,34,40,204
2023-01-28,8003075,8000683,6,7,236
2023-01-28,8003075,8002692,33,39,168
2023-01-28,8003075,8003075,111,132,186
2023-01-28,8003075,8003816,12,16,98
2023-01-28,8003075,8005220,2,2,330
2023-01-28,8003075,8005896,1,1,90
2023-01-28,8003080,8000216,14,16,60
2023-01-28,8003080,8003080,19,34,30
2023-01-28,8003080,8005146,9,18,20
2023-01-28,8003150,8003150,10,18,100
2023-01-28,8003150,8003151,4,10,30
2023-01-28,8003151,8003150,7,8,191
2023-01-28,8003151,8003151,16,28,104
2023-01-28,8003151,8003504,5,14,51
2023-01-28,8003172,8000254,11,18,47
2023-01-28,8003172,8003172,46,67,70
2023-01-28,8003172,8006468,24,33,88
2023-01-28,8003172,8006536,14,16,114
2023-01-28,8003175,8000691,6,17,12
2023-01-28,8003175,8000802,0,17,0
2023-01-28,8003175,8003175,1,34,1
2023-01-28,8003215,8002858,9,14,69
2023-01-28,8003215,8003215,20,28,96
2023-01-28,8003215,8003504,10,14,120
2023-01-28,8003232,8002875,12,14,54
2023-01-28,8003232,8003232,34,40,150
2023-01-28,8003232,8006100,16,20,243
2023-01-28,8003257,8001720,18,22,55
2023-01-28,8003257,8002655,29,35,159
2023-01-28,8003257,8003257,55,70,128
2023-01-28,8003257,8004938,1,1,1260
2023-01-28,8003285,8000137,18,24,246
2023-01-28,8003285,8002798,15,21,181
2023-01-28,8003285,8003285,31,45,212
2023-01-28,8003316,8003316,31,43,63
2023-01-28,8003316,8003820,18,20,81
2023-01-28,8003316,8004349,12,22,52
2023-01-28,8003349,8000216,14,35,34
2023-01-28,8003349,8001665,26,33,67
2023-01-28,8003349,8003349,57,68,62
2023-01-28,8003429,8003429,20,28,117
2023-01-28,8003429,8004677,10,14,114
2023-01-28,8003429,8005172,10,14,137
2023-01-28,8003481,8004929,0,15,-4
2023-01-28,8003497,8000216,1,1,30
2023-01-28,8003497,8002875,1,1,30
2023-01-28,8003497,8003497,53,75,63
2023-01-28,8003497,8004489,26,36,42
2023-01-28,8003497,8006261,2,2,195
2023-01-28,8003497,8079146,23,35,73
2023-01-28,8003498,8002014,15,19,169
2023-01-28,8003498,8003498,34,38,130
2023-01-28,8003498,8006292,19,19,87
2023-01-28,8003504,8003151,11,14,150
2023-01-28,8003504,8003215,9,14,69
2023-01-28,8003504,8003504,20,28,102
2023-01-28,8003507,8000216,9,16,60
2023-01-28,8003507,8003507,22,31,53
2023-01-28,8003507,8003508,8,15,18
2023-01-28,8003508,8002300,12,15,36
2023-01-28,8003508,8003507,15,16,94
2023-01-28,8003508,8003508,23,31,45
2023-01-28,8003687,8000326,45,73,70
2023-01-28,8003687,8003687,76,143,66
2023-01-28,8003687,8003759,14,23,61
2023-01-28,8003687,8003767,21,47,61
2023-01-28,8003702,8000376,22,35,68
2023-01-28,8003702,8002704,27,35,39
2023-01-28,8003702,8003702,47,70,50
2023-01-28,8003739,8000547,10,14,135
2023-01-28,8003739,8002724,10,14,75
2023-01-28,8003739,8003739,18,28,107
2023-01-28,8003759,8000332,7,7,107
2023-01-28,8003759,8002875,1,1,30
2023-01-28,8003759,8003497,0,1,0
2023-01-28,8003759,8003687,23,23,125
2023-01-28,8003759,8003759,206,238,142
2023-01-28,8003759,8003765,45,49,101
2023-01-28,8003759,8003766,25,28,239
2023-01-28,8003759,8003841,59,60,109
2023-01-28,8003759,8003842,9,11,125
2023-01-28,8003759,8005649,8,8,105
2023-01-28,8003765,8003759,33,46,70
2023-01-28,8003765,8003765,67,97,71
2023-01-28,8003765,8003767,34,50,68
2023-01-28,8003766,8002025,26,28,256
2023-01-28,8003766,8003759,17,25,349
2023-01-28,8003766,8003766,46,56,281
2023-01-28,8003767,8003687,26,50,70
2023-01-28,8003767,8003765,30,47,67
2023-01-28,8003767,8003767,55,97,68
2023-01-28,8003809,8001663,30,35,63
2023-01-28,8003809,8003809,36,68,46
2023-01-28,8003809,8004306,21,30,58
2023-01-28,8003816,8000241,15,17,108
2023-01-28,8003816,8000359,1,1,180
2023-01-28,8003816,8003075,14,15,296
2023-01-28,8003816,8003815,46,46,322
2023-01-28,8003816,8003816,143,183,195
2023-01-28,8003816,8003818,41,48,85
2023-01-28,8003816,8003819,10,27,243
2023-01-28,8003817,8003817,27,39,72
2023-01-28,8003817,8003820,14,19,73
2023-01-28,8003817,8006136,11,19,49
2023-01-28,8003819,8000359,13,27,249
2023-01-28,8003819,8003816,28,29,130
2023-01-28,8003819,8003819,31,56,159
2023-01-28,8003820,8003316,7,20,38
2023-01-28,8003820,8003817,11,20,70
2023-01-28,8003820,8003820,23,41,59
2023-01-28,8003820,8006136,1,1,150
2023-01-28,8003821,8001237,14,19,141
2023-01-28,8003821,8003821,29,38,161
2023-01-28,8003988,8000625,10,17,71
2023-01-28,8003988,8001638,11,16,77
2023-01-28,8003988,8003988,22,33,74
2023-01-28,8004003,8000506,26,29,115
2023-01-28,8004003,8004003,38,56,220
2023-01-28,8004003,8004714,13,27,324
2023-01-28,8004166,8002847,3,15,24
2023-01-28,8004166,8004166,10,30,28
2023-01-28,8004166,8005113,3,15,12
2023-01-28,8004172,8000976,0,1,0
2023-01-28,8004172,8003568,14,18,38
2023-01-28,8004172,8004172,21,35,60
2023-01-28,8004189,8001399,31,33,73
2023-01-28,8004189,8004189,64,65,94
2023-01-28,8004189,8004489,31,32,120
2023-01-28,8004193,8000359,22,29,103
2023-01-28,8004193,8004193,33,57,173
2023-01-28,8004193,8004432,12,28,264
2023-01-28,8004306,8003809,8,34,33
2023-01-28,8004306,8004306,43,64,57
2023-01-28,8004345,8000663,17,17,291
2023-01-28,8004345,8002473,16,18,160
2023-01-28,8004345,8004345,33,35,231
2023-01-28,8004349,8003316,8,21,56
2023-01-28,8004349,8003820,1,1,210
2023-01-28,8004349,8004349,57,72,94
2023-01-28,8004349,8004352,28,35,150
2023-01-28,8004352,8004349,29,37,109
2023-01-28,8004352,8004352,55,72,128
2023-01-28,8004352,8006534,24,35,145
2023-01-28,8004379,8000683,11,19,122
2023-01-28,8004379,8004379,24,38,178
2023-01-28,8004379,8005896,14,19,254
2023-01-28,8004396,8002286,10,16,105
2023-01-28,8004396,8004396,13,31,58
2023-01-28,8004396,8004557,2,15,10
2023-01-28,8004432,8004193,19,29,83
2023-01-28,8004432,8004432,39,57,179
2023-01-28,8004432,8004680,21,28,288
2023-01-28,8004489,8002632,25,37,43
2023-01-28,8004489,8003497,32,37,94
2023-01-28,8004489,8004189,16,33,39
2023-01-28,8004489,8004489,101,140,73
2023-01-28,8004557,8004396,10,16,107
2023-01-28,8004557,8004557,13,31,55
2023-01-28,8004557,8005715,3,15,16
2023-01-28,8004614,8000121,17,19,295
2023-01-28,8004614,8000375,10,19,90
2023-01-28,8004614,8004614,26,38,177
2023-01-28,8004677,8003429,10,14,139
2023-01-28,8004677,8004677,19,28,106
2023-01-28,8004677,8006019,9,14,99
2023-01-28,8004680,8001448,19,27,352
2023-01-28,8004680,8002474,1,1,390
2023-01-28,8004680,8004432,15,29,73
2023-01-28,8004680,8004680,39,57,201
2023-01-28,8004714,8000257,22,28,350
2023-01-28,8004714,8004003,23,29,121
2023-01-28,8004714,8004714,43,57,222
2023-01-28,8004788,8000257,18,18,327
2023-01-28,8004788,8000663,16,20,62
2023-01-28,8004788,8004788,34,38,163
2023-01-28,8004822,8000876,31,44,35
2023-01-28,8004929,8000491,7,15,14
2023-01-28,8004929,8003481,7,16,69
2023-01-28,8004929,8004929,17,31,52
2023-01-28,8004935,8001728,7,17,41
2023-01-28,8004935,8001732,3,10,30
2023-01-28,8004935,8004935,6,20,33
2023-01-28,8004938,8003257,1,2,15
2023-01-28,8004938,8004938,20,31,63
2023-01-28,8004938,8006100,1,1,60
2023-01-28,8004938,8007482,10,16,105
2023-01-28,8004975,8002724,10,14,169
2023-01-28,8004975,8004975,21,28,119
2023-01-28,8004975,8006555,9,14,71
2023-01-28,8004993,8001727,10,16,105
2023-01-28,8004993,8002286,3,15,14
2023-01-28,8004993,8004993,14,31,62
2023-01-28,8005094,8001407,2,15,8
2023-01-28,8005094,8002895,12,16,116
2023-01-28,8005094,8005094,14,31,61
2023-01-28,8005103,8005103,14,30,27
2023-01-28,8005103,8005257,6,15,34
2023-01-28,8005103,8006441,6,15,28
2023-01-28,8005111,8000505,14,18,155
2023-01-28,8005111,8000726,3,6,15
2023-01-28,8005111,8003070,13,18,145
2023-01-28,8005111,8005111,35,48,104
2023-01-28,8005111,8006483,3,6,25
2023-01-28,8005113,8000876,2,15,26
2023-01-28,8005113,8004166,3,15,26
2023-01-28,8005113,8005113,6,30,22
2023-01-28,8005146,8003080,10,16,64
2023-01-28,8005146,8005146,19,34,38
2023-01-28,8005146,8005713,11,18,30
2023-01-28,8005172,8003429,11,14,92
2023-01-28,8005172,8005172,21,28,115
2023-01-28,8005172,8006555,10,14,129
2023-01-28,8005257,8000582,1,15,-6
2023-01-28,8005257,8005103,6,15,20
2023-01-28,8005257,8005257,9,30,13
2023-01-28,8005345,8000326,32,35,84
2023-01-28,8005345,8005345,56,70,61
2023-01-28,8005345,8005626,22,35,53
2023-01-28,8005423,8002943,4,15,50
2023-01-28,8005423,8005423,18,32,63
2023-01-28,8005423,8005689,17,17,109
2023-01-28,8005551,8000466,5,15,24
2023-01-28,8005551,8002300,14,16,94
2023-01-28,8005551,8005551,27,31,68
2023-01-28,8005628,8000326,7,7,81
2023-01-28,8005628,8000376,5,7,651
2023-01-28,8005628,8000894,23,35,62
2023-01-28,8005628,8005626,22,35,44
2023-01-28,8005628,8005628,62,84,109
2023-01-28,8005637,8002191,15,15,192
2023-01-28,8005637,8005637,30,30,260
2023-01-28,8005637,8006312,15,15,306
2023-01-28,8005673,8001341,13,15,114
2023-01-28,8005673,8001406,14,16,188
2023-01-28,8005673,8005673,27,31,158
2023-01-28,8005689,8005423,3,15,34
2023-01-28,8005689,8005689,18,32,70
2023-01-28,8005689,8006156,11,17,74
2023-01-28,8005713,8005146,10,16,58
2023-01-28,8005713,8005713,22,34,42
2023-01-28,8005713,8006468,11,18,33
2023-01-28,8005715,8004557,10,16,92
2023-01-28,8005715,8005715,13,31,60
2023-01-28,8005715,8007482,2,15,8
2023-01-28,8005843,8000876,13,16,133
2023-01-28,8005843,8002895,1,15,8
2023-01-28,8005843,8005843,15,31,62
2023-01-28,8005857,8000491,10,16,101
2023-01-28,8005857,8001727,2,15,8
2023-01-28,8005857,8005857,14,31,55
2023-01-28,8005896,8000976,15,17,208
2023-01-28,8005896,8004379,12,19,96
2023-01-28,8005896,8005896,28,38,182
2023-01-28,8005950,8001237,19,20,214
2023-01-28,8005950,8002692,16,22,149
2023-01-28,8005950,8005950,35,42,182
2023-01-28,8006019,8002858,10,14,109
2023-01-28,8006019,8004677,9,14,92
2023-01-28,8006019,8006019,19,28,93
2023-01-28,8006100,8001720,18,20,252
2023-01-28,8006100,8003232,11,20,39
2023-01-28,8006100,8003257,1,1,90
2023-01-28,8006100,8006100,33,42,146
2023-01-28,8006125,8000698,26,33,38
2023-01-28,8006125,8001399,30,32,111
2023-01-28,8006125,8006125,57,65,66
2023-01-28,8006136,8003316,1,1,210
2023-01-28,8006136,8003817,10,19,47
2023-01-28,8006136,8003820,0,1,-60
2023-01-28,8006136,8006136,31,41,64
2023-01-28,8006156,8000876,3,17,25
2023-01-28,8006156,8005689,3,15,38
2023-01-28,8006156,8006156,17,32,40
2023-01-28,8006183,8000602,14,15,184
2023-01-28,8006183,8002191,15,15,310
2023-01-28,8006183,8006183,29,30,261
2023-01-28,8006261,8002036,20,35,75
2023-01-28,8006261,8002875,2,2,255
2023-01-28,8006261,8003497,1,1,30
2023-01-28,8006261,8006261,53,73,67
2023-01-28,8006261,8079146,25,35,55
2023-01-28,8006292,8000374,18,19,68
2023-01-28,8006292,8003498,16,19,172
2023-01-28,8006292,8006292,34,38,121
2023-01-28,8006312,8000121,15,15,318
2023-01-28,8006312,8005637,15,15,190
2023-01-28,8006312,8006312,30,30,255
2023-01-28,8006441,8002648,7,15,38
2023-01-28,8006441,8005103,4,15,20
2023-01-28,8006441,8006441,12,30,28
2023-01-28,8006468,8000216,22,30,47
2023-01-28,8006468,8000802,1,17,2
2023-01-28,8006468,8003172,22,34,44
2023-01-28,8006468,8005713,9,16,54
2023-01-28,8006468,8006468,64,93,58
2023-01-28,8006468,8007857,7,13,65
2023-01-28,8006483,8003070,15,18,148
2023-01-28,8006483,8005111,6,6,70
2023-01-28,8006483,8006483,37,48,116
2023-01-28,8006483,8087062,17,18,150
2023-01-28,8006534,8000602,24,35,119
2023-01-28,8006534,8004352,29,37,114
2023-01-28,8006534,8006534,62,72,134
2023-01-28,8006536,8000254,16,16,172
2023-01-28,8006536,8003172,14,16,66
2023-01-28,8006536,8006536,22,32,84
2023-01-28,8006555,8004975,10,14,159
2023-01-28,8006555,8005172,10,14,90
2023-01-28,8006555,8006555,20,28,118
2023-01-28,8006680,8000371,14,15,134
2023-01-28,8006680,8001341,14,16,195
2023-01-28,8006680,8006680,30,31,179
2023-01-28,8007474,8000007,16,16,214
2023-01-28,8007474,8000327,15,16,315
2023-01-28,8007474,8007474,26,32,214
2023-01-28,8007482,8004938,3,15,12
2023-01-28,8007482,8005715,10,16,105
2023-01-28,8007482,8007482,13,31,60
2023-01-28,8007857,8006468,8,13,48
2023-01-28,8007857,8007857,15,26,54
2023-01-28,8007857,8007858,11,13,74
2023-01-28,8007858,8007857,4,13,28
2023-01-28,8007858,8007858,11,26,45
2023-01-28,8007858,8007859,7,13,65
2023-01-28,8007859,8007858,4,13,32
2023-01-28,8007859,8007859,15,26,57
2023-01-28,8007859,8007860,12,13,90
2023-01-28,8007860,8007859,4,13,32
2023-01-28,8007860,8007860,12,26,50
2023-01-28,8007860,8700382,8,13,58
2023-01-28,8070096,8000137,15,16,68
2023-01-28,8070096,8001043,7,15,190
2023-01-28,8070096,8070096,28,31,134
2023-01-28,8079146,8003497,26,35,51
2023-01-28,8079146,8006261,21,35,78
2023-01-28,8079146,8079146,48,70,60
2023-01-28,8084067,8000254,36,75,49
2023-01-28,8084067,8003186,14,15,124
2023-01-28,8084067,8003923,36,60,60
2023-01-28,8084067,8084067,89,150,51
2023-01-28,8087062,8000372,18,18,163
2023-01-28,8087062,8006483,14,18,137
2023-01-28,8087062,8087062,33,36,152
2023-01-29,8000007,8000007,49,52,280
2023-01-29,8000007,8000468,26,30,254
2023-01-29,8000007,8000558,14,14,334
2023-01-29,8000007,8000602,13,14,101
2023-01-29,8000007,8001813,1,1,120
2023-01-29,8000007,8007474,13,14,306
2023-01-29,8000121,8000021,14,17,131
2023-01-29,8000121,8000121,50,62,179
2023-01-29,8000121,8000976,13,13,367
2023-01-29,8000121,8003075,2,3,30
2023-01-29,8000121,8004614,8,16,26
2023-01-29,8000121,8006312,13,13,268
2023-01-29,8000137,8000137,19,29,83
2023-01-29,8000137,8002444,10,14,96
2023-01-29,8000137,8003285,10,17,95
2023-01-29,8000137,8070096,13,14,45
2023-01-29,8000216,8000216,39,87,37
2023-01-29,8000216,8001663,1,1,120
2023-01-29,8000216,8002875,1,1,90
2023-01-29,8000216,8003080,6,16,68
2023-01-29,8000216,8003349,13,31,28
2023-01-29,8000216,8003507,3,15,12
2023-01-29,8000216,8006468,11,28,54
2023-01-29,8000254,8000254,92,186,48
2023-01-29,8000254,8003125,3,3,120
2023-01-29,8000254,8003172,9,17,46
2023-01-29,8000254,8003186,0,1,0
2023-01-29,8000254,8006531,8,19,25
2023-01-29,8000254,8006536,5,15,22
2023-01-29,8000254,8079143,11,40,26
2023-01-29,8000254,8084067,33,72,60
2023-01-29,8000257,8000257,60,80,80
2023-01-29,8000257,8000332,12,14,107
2023-01-29,8000257,8000503,1,1,30
2023-01-29,8000257,8001032,14,24,85
2023-01-29,8000257,8002872,10,12,60
2023-01-29,8000257,8002934,24,29,113
2023-01-29,8000257,8004714,11,25,29
2023-01-29,8000257,8004788,16,17,56
2023-01-29,8000257,8100002,1,1,90
2023-01-29,8000326,8000326,113,146,153
2023-01-29,8000326,8000332,6,7,90
2023-01-29,8000326,8001057,26,36,216
2023-01-29,8000326,8003687,44,68,88
2023-01-29,8000326,8003759,0,1,-30
2023-01-29,8000326,8005345,27,34,244
2023-01-29,8000326,8005628,4,7,154
2023-01-29,8000327,8000327,26,28,229
2023-01-29,8000327,8000340,13,14,358
2023-01-29,8000327,8007474,9,14,101
2023-01-29,8000332,8000257,12,14,75
2023-01-29,8000332,8000326,7,7,223
2023-01-29,8000332,8000332,59,79,118
2023-01-29,8000332,8001032,14,24,114
2023-01-29,8000332,8002025,28,42,102
2023-01-29,8000332,8003759,5,7,90
2023-01-29,8000332,8003766,1,1,510
2023-01-29,8000340,8000327,13,14,124
2023-01-29,8000340,8000340,26,28,253
2023-01-29,8000340,8000652,13,14,386
2023-01-29,8000359,8000359,27,52,46
2023-01-29,8000359,8003819,10,25,28
2023-01-29,8000359,8004193,11,27,53
2023-01-29,8000372,8000372,27,30,65
2023-01-29,8000372,8087062,15,15,54
2023-01-29,8000374,8000374,26,36,103
2023-01-29,8000374,8001860,19,28,26
2023-01-29,8000374,8002798,9,19,74
2023-01-29,8000374,8006292,13,16,128
2023-01-29,8000375,8000375,48,74,101
2023-01-29,8000375,8000975,12,21,117
2023-01-29,8000375,8003075,24,36,81
2023-01-29,8000375,8004614,15,17,136
2023-01-29,8000376,8000376,17,22,138
2023-01-29,8000376,8002239,10,40,75
2023-01-29,8000376,8003702,15,34,47
2023-01-29,8000376,8004813,6,7,120
2023-01-29,8000376,8005628,6,7,51
2023-01-29,8000466,8000466,28,30,88
2023-01-29,8000466,8000582,15,15,130
2023-01-29,8000466,8005551,10,15,100
2023-01-29,8000468,8000007,20,33,154
2023-01-29,8000468,8000468,47,63,207
2023-01-29,8000468,8000602,26,30,248
2023-01-29,8000491,8000491,4,25,11
2023-01-29,8000491,8004929,10,13,30
2023-01-29,8000491,8005857,2,12,12
2023-01-29,8000505,8000505,23,30,36
2023-01-29,8000505,8002879,12,15,52
2023-01-29,8000505,8005111,13,15,48
2023-01-29,8000506,8000506,25,51,49
2023-01-29,8000506,8002474,14,25,47
2023-01-29,8000506,8004003,10,26,45
2023-01-29,8000547,8003739,2,12,20
2023-01-29,8000558,8000007,15,15,330
2023-01-29,8000558,8000558,29,29,318
2023-01-29,8000558,8001813,14,14,371
2023-01-29,8000582,8000466,14,15,120
2023-01-29,8000582,8000582,28,28,93
2023-01-29,8000582,8005257,9,14,77
2023-01-29,8000602,8000007,7,13,58
2023-01-29,8000602,8000468,24,33,184
2023-01-29,8000602,8000602,70,90,180
2023-01-29,8000602,8006183,13,13,395
2023-01-29,8000602,8006534,28,31,159
2023-01-29,8000615,8000241,33,40,120
2023-01-29,8000615,8000615,149,166,258
2023-01-29,8000615,8002872,40,42,211
2023-01-29,8000615,8006404,69,84,338
2023-01-29,8000625,8000625,19,28,63
2023-01-29,8000625,8002444,9,14,34
2023-01-29,8000625,8003988,10,14,88
2023-01-29,8000652,8000340,13,14,120
2023-01-29,8000663,8000663,31,31,240
2023-01-29,8000663,8002958,5,15,34
2023-01-29,8000663,8004345,14,15,258
2023-01-29,8000663,8004788,16,16,309
2023-01-29,8000683,8000375,1,1,480
2023-01-29,8000683,8000683,38,51,144
2023-01-29,8000683,8003075,5,8,79
2023-01-29,8000683,8004379,14,17,256
2023-01-29,8000683,8004601,17,25,85
2023-01-29,8000691,8003175,0,15,0
2023-01-29,8000698,8000698,38,56,44
2023-01-29,8000698,8000708,22,28,61
2023-01-29,8000698,8006125,9,28,21
2023-01-29,8000708,8000698,28,28,94
2023-01-29,8000708,8000708,52,56,81
2023-01-29,8000708,8001860,25,28,84
2023-01-29,8000802,8000802,4,30,27
2023-01-29,8000802,8003175,2,15,54
2023-01-29,8000802,8006468,1,15,2
2023-01-29,8000876,8000876,42,86,32
2023-01-29,8000876,8004822,10,44,20
2023-01-29,8000876,8005113,3,14,21
2023-01-29,8000876,8005843,5,13,30
2023-01-29,8000876,8006156,2,15,10
2023-01-29,8000894,8000894,52,68,167
2023-01-29,8000894,8002704,30,34,258
2023-01-29,8000894,8005628,25,34,94
2023-01-29,8000975,8000375,12,19,118
2023-01-29,8000975,8000975,21,40,108
2023-01-29,8000975,8000976,9,21,110
2023-01-29,8000976,8000121,12,13,247
2023-01-29,8000976,8000975,9,19,104
2023-01-29,8000976,8000976,28,42,118
2023-01-29,8000976,8004172,0,1,0
2023-01-29,8000976,8005896,14,17,81
2023-01-29,8001032,8000257,15,24,124
2023-01-29,8001032,8000332,15,24,89
2023-01-29,8001032,8001032,26,48,97
2023-01-29,8001043,8001043,26,29,72
2023-01-29,8001043,8002958,12,14,51
2023-01-29,8001043,8070096,14,15,94
2023-01-29,8001057,8000326,21,35,67
2023-01-29,8001057,8001057,40,72,145
2023-01-29,8001057,8002056,1,1,150
2023-01-29,8001057,8002632,21,36,222
2023-01-29,8001200,8001200,32,63,57
2023-01-29,8001200,8002655,17,31,59
2023-01-29,8001200,8003684,8,17,25
2023-01-29,8001200,8005649,1,1,30
2023-01-29,8001237,8001237,33,44,141
2023-01-29,8001237,8002692,1,2,15
2023-01-29,8001237,8003821,15,19,172
2023-01-29,8001237,8005950,16,22,124
2023-01-29,8001341,8001341,19,28,80
2023-01-29,8001341,8005673,12,15,130
2023-01-29,8001341,8006680,8,13,42
2023-01-29,8001399,8001399,49,56,93
2023-01-29,8001399,8004189,25,28,119
2023-01-29,8001399,8006125,24,28,65
2023-01-29,8001406,8001406,22,28,69
2023-01-29,8001406,8001407,6,15,64
2023-01-29,8001406,8005673,6,13,32
2023-01-29,8001407,8001406,10,13,65
2023-01-29,8001407,8001407,16,28,54
2023-01-29,8001407,8005094,6,15,62
2023-01-29,8001448,8001448,28,51,50
2023-01-29,8001448,8002474,12,26,58
2023-01-29,8001448,8004680,16,25,46
2023-01-29,8001638,8001638,15,28,56
2023-01-29,8001638,8001728,10,14,64
2023-01-29,8001638,8003988,5,14,21
2023-01-29,8001663,8001663,39,64,45
2023-01-29,8001663,8001665,26,32,65
2023-01-29,8001663,8003809,14,31,25
2023-01-29,8001665,8001663,14,31,27
2023-01-29,8001665,8001665,42,63,49
2023-01-29,8001665,8003349,17,32,53
2023-01-29,8001720,8001720,30,41,63
2023-01-29,8001720,8003257,14,21,74
2023-01-29,8001720,8003759,1,1,30
2023-01-29,8001720,8006100,10,17,34
2023-01-29,8001727,8001727,6,25,19
2023-01-29,8001727,8004993,2,12,15
2023-01-29,8001727,8005857,4,13,25
2023-01-29,8001728,8001638,3,14,11
2023-01-29,8001728,8001728,8,28,27
2023-01-29,8001728,8004935,5,14,39
2023-01-29,8001732,8004935,2,10,6
2023-01-29,8001813,8000558,14,15,224
2023-01-29,8001813,8001813,29,30,310
2023-01-29,8001813,8002473,15,15,402
2023-01-29,8001860,8000374,27,28,92
2023-01-29,8001860,8000708,25,28,76
2023-01-29,8001860,8001860,51,56,76
2023-01-29,8002014,8002014,27,33,150
2023-01-29,8002014,8002025,13,16,176
2023-01-29,8002014,8003498,14,17,138
2023-01-29,8002025,8000332,35,40,164
2023-01-29,8002025,8002014,17,17,146
2023-01-29,8002025,8002025,68,82,143
2023-01-29,8002025,8003766,14,25,92
2023-01-29,8002036,8002036,38,65,70
2023-01-29,8002036,8002875,19,32,107
2023-01-29,8002036,8006261,12,33,31
2023-01-29,8002056,8000308,3,3,100
2023-01-29,8002056,8002056,2,6,45
2023-01-29,8002056,8003765,1,1,30
2023-01-29,8002175,8002175,7,30,16
2023-01-29,8002175,8002943,3,15,8
2023-01-29,8002191,8002191,26,26,323
2023-01-29,8002191,8005637,13,13,383
2023-01-29,8002191,8006183,13,13,279
2023-01-29,8002286,8002286,5,25,18
2023-01-29,8002286,8004396,1,12,2
2023-01-29,8002286,8004993,4,13,30
2023-01-29,8002300,8002300,28,30,71
2023-01-29,8002300,8003508,9,15,74
2023-01-29,8002300,8005551,13,15,44
2023-01-29,8002444,8000137,9,14,41
2023-01-29,8002444,8000625,10,14,88
2023-01-29,8002444,8002444,20,28,61
2023-01-29,8002473,8001813,13,15,246
2023-01-29,8002473,8002473,28,30,310
2023-01-29,8002473,8004345,14,15,364
2023-01-29,8002474,8000506,10,26,51
2023-01-29,8002474,8001448,13,25,38
2023-01-29,8002474,8002474,24,52,47
2023-01-29,8002474,8004714,1,1,30
2023-01-29,8002632,8001057,22,36,70
2023-01-29,8002632,8002632,48,72,150
2023-01-29,8002632,8004489,29,36,232
2023-01-29,8002648,8002648,9,28,48
2023-01-29,8002648,8002649,3,14,51
2023-01-29,8002648,8006441,5,14,34
2023-01-29,8002649,8002648,4,14,39
2023-01-29,8002649,8002649,9,28,45
2023-01-29,8002649,8002847,5,14,66
2023-01-29,8002655,8001200,17,32,55
2023-01-29,8002655,8002655,34,63,59
2023-01-29,8002655,8003257,23,31,64
2023-01-29,8002692,8002692,62,74,120
2023-01-29,8002692,8003075,29,39,111
2023-01-29,8002692,8005950,20,20,188
2023-01-29,8002704,8000894,23,34,72
2023-01-29,8002704,8002704,53,68,159
2023-01-29,8002704,8003702,23,34,242
2023-01-29,8002724,8002724,18,25,88
2023-01-29,8002724,8003739,10,13,134
2023-01-29,8002724,8004975,7,12,35
2023-01-29,8002798,8000374,12,17,129
2023-01-29,8002798,8002798,24,36,99
2023-01-29,8002798,8003285,13,19,88
2023-01-29,8002847,8002649,11,14,49
2023-01-29,8002847,8002847,16,28,59
2023-01-29,8002847,8004166,5,14,64
2023-01-29,8002858,8002858,14,25,52
2023-01-29,8002858,8003215,9,12,82
2023-01-29,8002858,8006019,5,13,35
2023-01-29,8002875,8000372,1,1,60
2023-01-29,8002875,8001720,1,1,60
2023-01-29,8002875,8002036,26,33,56
2023-01-29,8002875,8002875,50,71,113
2023-01-29,8002875,8003232,11,13,78
2023-01-29,8002875,8003497,0,1,0
2023-01-29,8002895,8002895,13,28,51
2023-01-29,8002895,8005094,3,13,18
2023-01-29,8002895,8005843,9,15,68
2023-01-29,8002943,8002175,1,15,24
2023-01-29,8002943,8002943,5,30,18
2023-01-29,8002943,8005423,3,15,6
2023-01-29,8002958,8000663,8,14,43
2023-01-29,8002958,8001043,15,15,100
2023-01-29,8002958,8002958,23,29,64
2023-01-29,8003070,8003070,21,30,44
2023-01-29,8003070,8005111,13,15,44
2023-01-29,8003070,8006483,6,15,22
2023-01-29,8003075,8000021,11,17,71
2023-01-29,8003075,8000375,25,38,115
2023-01-29,8003075,8000683,7,7,86
2023-01-29,8003075,8002692,28,35,125
2023-01-29,8003075,8003075,92,125,97
2023-01-29,8003075,8003816,10,16,56
2023-01-29,8003075,8005896,0,1,0
2023-01-29,8003080,8000216,5,15,20
2023-01-29,8003080,8003080,11,31,46
2023-01-29,8003080,8005146,5,16,84
2023-01-29,8003150,8003150,7,15,50
2023-01-29,8003150,8003151,2,9,30
2023-01-29,8003151,8003150,5,6,85
2023-01-29,8003151,8003151,11,25,55
2023-01-29,8003151,8003504,3,13,25
2023-01-29,8003172,8000254,9,17,44
2023-01-29,8003172,8003172,42,63,77
2023-01-29,8003172,8006468,21,32,80
2023-01-29,8003172,8006536,14,14,159
2023-01-29,8003175,8000691,3,15,62
2023-01-29,8003175,8000802,5,15,8
2023-01-29,8003175,8003175,8,30,33
2023-01-29,8003215,8002858,7,13,37
2023-01-29,8003215,8003215,16,25,59
2023-01-29,8003215,8003504,8,12,78
2023-01-29,8003232,8002875,7,12,25
2023-01-29,8003232,8003232,21,33,54
2023-01-29,8003232,8006100,9,17,64
2023-01-29,8003257,8001720,15,20,52
2023-01-29,8003257,8002655,19,32,57
2023-01-29,8003257,8003257,46,65,65
2023-01-29,8003257,8004938,1,1,30
2023-01-29,8003285,8000137,13,19,107
2023-01-29,8003285,8002798,12,17,124
2023-01-29,8003285,8003285,25,36,110
2023-01-29,8003316,8003316,25,37,60
2023-01-29,8003316,8003820,13,16,103
2023-01-29,8003316,8004349,11,20,28
2023-01-29,8003349,8000216,13,32,38
2023-01-29,8003349,8001665,18,31,37
2023-01-29,8003349,8003349,43,63,42
2023-01-29,8003429,8003429,18,25,90
2023-01-29,8003429,8004677,8,12,75
2023-01-29,8003429,8005172,10,13,108
2023-01-29,8003481,8004929,0,12,0
2023-01-29,8003497,8002875,1,1,60
2023-01-29,8003497,8003497,46,69,107
2023-01-29,8003497,8004489,25,34,54
2023-01-29,8003497,8006261,1,2,1320
2023-01-29,8003497,8079146,23,32,104
2023-01-29,8003498,8002014,13,16,142
2023-01-29,8003498,8003498,28,33,145
2023-01-29,8003498,8006292,15,17,143
2023-01-29,8003504,8003151,9,12,98
2023-01-29,8003504,8003215,7,13,39
2023-01-29,8003504,8003504,16,25,64
2023-01-29,8003507,8000216,9,15,68
2023-01-29,8003507,8003507,18,30,59
2023-01-29,8003507,8003508,3,15,10
2023-01-29,8003508,8002300,13,15,40
2023-01-29,8003508,8003507,15,15,126
2023-01-29,8003508,8003508,16,30,52
2023-01-29,8003687,8000326,53,70,226
2023-01-29,8003687,8003687,95,138,158
2023-01-29,8003687,8003759,11,23,82
2023-01-29,8003687,8003767,29,45,86
2023-01-29,8003702,8000376,30,34,280
2023-01-29,8003702,8002704,29,34,75
2023-01-29,8003702,8003702,58,68,173
2023-01-29,8003739,8000547,8,13,106
2023-01-29,8003739,8002724,8,12,50
2023-01-29,8003739,8003739,15,25,80
2023-01-29,8003759,8000332,6,7,86
2023-01-29,8003759,8003497,1,1,30
2023-01-29,8003759,8003687,23,23,322
2023-01-29,8003759,8003759,190,229,165
2023-01-29,8003759,8003765,40,46,218
2023-01-29,8003759,8003766,21,24,126
2023-01-29,8003759,8003841,52,58,158
2023-01-29,8003759,8003842,10,11,199
2023-01-29,8003759,8005649,7,8,79
2023-01-29,8003765,8003759,33,44,115
2023-01-29,8003765,8003765,65,92,151
2023-01-29,8003765,8003767,34,47,197
2023-01-29,8003766,8002025,22,24,149
2023-01-29,8003766,8003759,16,24,125
2023-01-29,8003766,8003766,38,50,133
2023-01-29,8003767,8003687,34,47,199
2023-01-29,8003767,8003765,29,45,90
2023-01-29,8003767,8003767,64,92,146
2023-01-29,8003809,8001663,23,32,53
2023-01-29,8003809,8003809,26,63,30
2023-01-29,8003809,8004306,12,28,22
2023-01-29,8003816,8000241,12,16,52
2023-01-29,8003816,8000359,0,1,0
2023-01-29,8003816,8003075,13,15,142
2023-01-29,8003816,8003815,44,49,274
2023-01-29,8003816,8003816,136,180,153
2023-01-29,8003816,8003818,42,48,131
2023-01-29,8003816,8003819,10,26,37
2023-01-29,8003817,8003817,26,35,53
2023-01-29,8003817,8003820,14,19,44
2023-01-29,8003817,8006136,8,15,18
2023-01-29,8003819,8000359,8,26,37
2023-01-29,8003819,8003816,22,25,65
2023-01-29,8003819,8003819,20,51,33
2023-01-29,8003820,8003316,7,19,24
2023-01-29,8003820,8003817,11,16,68
2023-01-29,8003820,8003820,19,35,48
2023-01-29,8003821,8001237,11,19,115
2023-01-29,8003821,8003821,29,38,139
2023-01-29,8003988,8000625,9,14,41
2023-01-29,8003988,8001638,10,14,90
2023-01-29,8003988,8003988,19,28,63
2023-01-29,8004003,8000506,18,25,59
2023-01-29,8004003,8004003,27,51,55
2023-01-29,8004003,8004714,10,26,47
2023-01-29,8004166,8002847,2,14,30
2023-01-29,8004166,8004166,7,28,31
2023-01-29,8004166,8005113,2,14,13
2023-01-29,8004172,8003568,15,17,46
2023-01-29,8004172,8004172,23,32,41
2023-01-29,8004189,8001399,25,28,88
2023-01-29,8004189,8004189,52,56,100
2023-01-29,8004189,8004489,26,28,111
2023-01-29,8004193,8000359,16,25,50
2023-01-29,8004193,8004193,22,52,43
2023-01-29,8004193,8004432,10,27,51
2023-01-29,8004306,8003809,8,31,28
2023-01-29,8004306,8004306,26,59,33
2023-01-29,8004345,8000663,15,15,352
2023-01-29,8004345,8002473,13,15,226
2023-01-29,8004345,8004345,29,30,306
2023-01-29,8004349,8003316,6,17,76
2023-01-29,8004349,8004349,39,64,70
2023-01-29,8004349,8004352,22,33,99
2023-01-29,8004352,8004349,18,31,108
2023-01-29,8004352,8004352,37,64,101
2023-01-29,8004352,8006534,20,33,97
2023-01-29,8004379,8000683,11,18,48
2023-01-29,8004379,8004379,24,35,151
2023-01-29,8004379,8005896,12,17,256
2023-01-29,8004396,8002286,4,13,30
2023-01-29,8004396,8004396,5,25,16
2023-01-29,8004396,8004557,1,12,2
2023-01-29,8004432,8004193,13,25,35
2023-01-29,8004432,8004432,25,52,47
2023-01-29,8004432,8004680,12,27,59
2023-01-29,8004489,8002632,28,36,75
2023-01-29,8004489,8003497,31,34,206
2023-01-29,8004489,8004189,16,28,59
2023-01-29,8004489,8004489,105,128,125
2023-01-29,8004557,8004396,4,13,30
2023-01-29,8004557,8004557,5,25,16
2023-01-29,8004557,8005715,1,12,5
2023-01-29,8004614,8000121,14,17,155
2023-01-29,8004614,8000375,6,16,30
2023-01-29,8004614,8004614,22,33,85
2023-01-29,8004677,8003429,10,13,108
2023-01-29,8004677,8004677,18,25,70
2023-01-29,8004677,8006019,6,12,60
2023-01-29,8004680,8001448,10,26,55
2023-01-29,8004680,8002474,1,1,30
2023-01-29,8004680,8004432,8,25,20
2023-01-29,8004680,8004680,22,52,42
2023-01-29,8004714,8000257,19,27,64
2023-01-29,8004714,8004003,18,25,68
2023-01-29,8004714,8004714,32,52,57
2023-01-29,8004788,8000257,16,16,347
2023-01-29,8004788,8000663,17,17,79
2023-01-29,8004788,8004788,33,33,195
2023-01-29,8004822,8000876,27,42,39
2023-01-29,8004929,8000491,6,12,15
2023-01-29,8004929,8003481,2,13,9
2023-01-29,8004929,8004929,15,25,22
2023-01-29,8004935,8001728,8,14,47
2023-01-29,8004935,8001732,3,10,27
2023-01-29,8004935,8004935,11,20,45
2023-01-29,8004938,8003257,1,1,90
2023-01-29,8004938,8004938,8,25,23
2023-01-29,8004938,8007482,4,13,30
2023-01-29,8004975,8002724,10,13,136
2023-01-29,8004975,8004975,17,25,97
2023-01-29,8004975,8006555,7,12,48
2023-01-29,8004993,8001727,3,13,28
2023-01-29,8004993,8002286,2,12,5
2023-01-29,8004993,8004993,6,25,19
2023-01-29,8005094,8001407,4,13,23
2023-01-29,8005094,8002895,6,15,68
2023-01-29,8005094,8005094,10,28,44
2023-01-29,8005103,8005103,14,28,56
2023-01-29,8005103,8005257,7,14,45
2023-01-29,8005103,8006441,7,14,71
2023-01-29,8005111,8000505,8,15,20
2023-01-29,8005111,8000726,3,6,15
2023-01-29,8005111,8003070,6,15,24
2023-01-29,8005111,8005111,21,42,31
2023-01-29,8005111,8006483,4,6,45
2023-01-29,8005113,8000876,4,14,41
2023-01-29,8005113,8004166,2,14,9
2023-01-29,8005113,8005113,7,28,20
2023-01-29,8005146,8003080,8,15,28
2023-01-29,8005146,8005146,13,31,55
2023-01-29,8005146,8005713,6,16,86
2023-01-29,8005172,8003429,8,12,68
2023-01-29,8005172,8005172,18,25,89
2023-01-29,8005172,8006555,9,13,102
2023-01-29,8005257,8000582,2,14,11
2023-01-29,8005257,8005103,3,14,54
2023-01-29,8005257,8005257,9,28,41
2023-01-29,8005345,8000326,32,34,125
2023-01-29,8005345,8005345,60,68,183
2023-01-29,8005345,8005626,27,34,257
2023-01-29,8005423,8002943,2,15,30
2023-01-29,8005423,8005423,13,30,20
2023-01-29,8005423,8005689,15,15,62
2023-01-29,8005551,8000466,4,15,18
2023-01-29,8005551,8002300,15,15,120
2023-01-29,8005551,8005551,28,30,78
2023-01-29,8005628,8000326,7,7,81
2023-01-29,8005628,8000376,5,7,150
2023-01-29,8005628,8000894,29,34,263
2023-01-29,8005628,8005626,20,34,80
2023-01-29,8005628,8005628,65,82,166
2023-01-29,8005637,8002191,12,13,238
2023-01-29,8005637,8005637,25,26,313
2023-01-29,8005637,8006312,13,13,365
2023-01-29,8005673,8001341,9,13,39
2023-01-29,8005673,8001406,10,15,98
2023-01-29,8005673,8005673,21,28,81
2023-01-29,8005689,8005423,0,15,0
2023-01-29,8005689,8005689,15,30,27
2023-01-29,8005689,8006156,8,15,26
2023-01-29,8005713,8005146,8,15,26
2023-01-29,8005713,8005713,14,31,53
2023-01-29,8005713,8006468,8,16,86
2023-01-29,8005715,8004557,4,13,25
2023-01-29,8005715,8005715,5,25,17
2023-01-29,8005715,8007482,0,12,0
2023-01-29,8005843,8000876,6,15,60
2023-01-29,8005843,8002895,4,13,30
2023-01-29,8005843,8005843,11,28,41
2023-01-29,8005857,8000491,4,13,23
2023-01-29,8005857,8001727,1,12,5
2023-01-29,8005857,8005857,6,25,19
2023-01-29,8005896,8000976,14,16,204
2023-01-29,8005896,8004379,14,18,57
2023-01-29,8005896,8005896,27,35,165
2023-01-29,8005950,8001237,18,20,189
2023-01-29,8005950,8002692,15,22,108
2023-01-29,8005950,8005950,33,42,149
2023-01-29,8006019,8002858,9,12,70
2023-01-29,8006019,8004677,6,13,51
2023-01-29,8006019,8006019,16,25,54
2023-01-29,8006100,8001720,13,17,79
2023-01-29,8006100,8003232,4,16,22
2023-01-29,8006100,8003257,1,1,30
2023-01-29,8006100,8006100,22,35,49
2023-01-29,8006125,8000698,19,28,50
2023-01-29,8006125,8001399,27,28,104
2023-01-29,8006125,8006125,47,56,71
2023-01-29,8006136,8003817,7,19,28
2023-01-29,8006136,8006136,27,34,40
2023-01-29,8006156,8000876,1,15,4
2023-01-29,8006156,8005689,1,15,2
2023-01-29,8006156,8006156,7,30,9
2023-01-29,8006183,8000602,12,13,268
2023-01-29,8006183,8002191,13,13,390
2023-01-29,8006183,8006183,25,26,335
2023-01-29,8006261,8002036,19,32,106
2023-01-29,8006261,8002875,2,2,1365
2023-01-29,8006261,8006261,47,67,115
2023-01-29,8006261,8079146,22,33,54
2023-01-29,8006292,8000374,16,17,131
2023-01-29,8006292,8003498,13,16,156
2023-01-29,8006292,8006292,30,33,140
2023-01-29,8006312,8000121,13,13,374
2023-01-29,8006312,8005637,13,13,249
2023-01-29,8006312,8006312,26,26,309
2023-01-29,8006441,8002648,8,14,75
2023-01-29,8006441,8005103,4,14,34
2023-01-29,8006441,8006441,13,28,54
2023-01-29,8006468,8000216,16,30,44
2023-01-29,8006468,8000802,2,15,50
2023-01-29,8006468,8003172,18,31,68
2023-01-29,8006468,8005713,6,15,14
2023-01-29,8006468,8006468,52,89,58
2023-01-29,8006468,8007857,6,13,76
2023-01-29,8006483,8003070,12,15,46
2023-01-29,8006483,8005111,4,6,35
2023-01-29,8006483,8006483,32,42,34
2023-01-29,8006483,8087062,15,15,40
2023-01-29,8006534,8000602,20,33,81
2023-01-29,8006534,8004352,22,31,105
2023-01-29,8006534,8006534,50,64,111
2023-01-29,8006536,8000254,14,14,210
2023-01-29,8006536,8003172,8,15,26
2023-01-29,8006536,8006536,18,29,88
2023-01-29,8006555,8004975,10,13,132
2023-01-29,8006555,8005172,8,12,68
2023-01-29,8006555,8006555,18,25,86
2023-01-29,8006680,8000371,10,14,43
2023-01-29,8006680,8001341,13,15,120
2023-01-29,8006680,8006680,24,28,98
2023-01-29,8007474,8000007,14,14,296
2023-01-29,8007474,8000327,13,14,351
2023-01-29,8007474,8007474,27,28,271
2023-01-29,8007482,8004938,1,12,5
2023-01-29,8007482,8005715,3,13,25
2023-01-29,8007482,8007482,5,25,16
2023-01-29,8007857,8006468,3,13,28
2023-01-29,8007857,8007857,12,26,59
2023-01-29,8007857,8007858,10,13,90
2023-01-29,8007858,8007857,2,13,23
2023-01-29,8007858,8007858,8,26,52
2023-01-29,8007858,8007859,6,13,81
2023-01-29,8007859,8007858,2,13,28
2023-01-29,8007859,8007859,13,26,62
2023-01-29,8007859,8007860,12,13,111
2023-01-29,8007860,8007859,2,13,28
2023-01-29,8007860,8007860,13,26,58
2023-01-29,8007860,8700382,8,13,76
2023-01-29,8070096,8000137,14,15,74
2023-01-29,8070096,8001043,4,14,30
2023-01-29,8070096,8070096,27,29,68
2023-01-29,8079146,8003497,22,33,42
2023-01-29,8079146,8006261,19,32,110
2023-01-29,8079146,8079146,43,65,72
2023-01-29,8084067,8000254,32,74,35
2023-01-29,8084067,8003186,14,14,163
2023-01-29,8084067,8003923,27,58,39
2023-01-29,8084067,8084067,72,146,44
2023-01-29,8087062,8000372,14,15,62
2023-01-29,8087062,8006483,12,15,40
2023-01-29,8087062,8087062,29,30,52
2023-01-30,8000007,8000007,65,68,413
2023-01-30,8000007,8000468,32,39,358
2023-01-30,8000007,8000558,20,20,178
2023-01-30,8000007,8000602,17,18,407
2023-01-30,8000007,8001813,2,2,75
2023-01-30,8000007,8007474,15,15,782
2023-01-30,8000121,8000021,24,24,342
2023-01-30,8000121,8000121,72,87,183
2023-01-30,8000121,8000976,17,18,228
2023-01-30,8000121,8003075,6,6,150
2023-01-30,8000121,8004614,11,22,33
2023-01-30,8000121,8006312,16,17,134
2023-01-30,8000137,8000137,31,33,214
2023-01-30,8000137,8002444,14,19,235
2023-01-30,8000137,8003285,19,24,164
2023-01-30,8000137,8070096,17,19,41
2023-01-30,8000216,8000216,67,107,137
2023-01-30,8000216,8001663,0,1,0
2023-01-30,8000216,8002875,1,1,150
2023-01-30,8000216,8003080,15,22,297
2023-01-30,8000216,8003349,19,38,109
2023-01-30,8000216,8003507,12,20,64
2023-01-30,8000216,8005713,1,1,750
2023-01-30,8000216,8006468,16,31,85
2023-01-30,8000254,8000254,165,249,114
2023-01-30,8000254,8003125,7,11,35
2023-01-30,8000254,8003172,10,18,137
2023-01-30,8000254,8003186,4,6,895
2023-01-30,8000254,8006531,12,21,90
2023-01-30,8000254,8006536,13,24,111
2023-01-30,8000254,8079045,3,7,47
2023-01-30,8000254,8079143,23,56,52
2023-01-30,8000254,8084067,51,86,88
2023-01-30,8000257,8000257,73,94,199
2023-01-30,8000257,8000332,16,17,192
2023-01-30,8000257,8001032,23,32,142
2023-01-30,8000257,8002872,9,10,411
2023-01-30,8000257,8002934,28,40,68
2023-01-30,8000257,8004714,26,37,109
2023-01-30,8000257,8004788,23,31,74
2023-01-30,8000257,8100002,1,1,180
2023-01-30,8000326,8000326,151,175,168
2023-01-30,8000326,8000332,9,9,223
2023-01-30,8000326,8001057,37,42,199
2023-01-30,8000326,8002056,1,1,90
2023-01-30,8000326,8003687,51,79,91
2023-01-30,8000326,8003759,1,1,60
2023-01-30,8000326,8005345,33,41,211
2023-01-30,8000326,8005628,9,9,373
2023-01-30,8000327,8000327,28,32,574
2023-01-30,8000327,8000340,15,15,772
2023-01-30,8000327,8007474,13,17,383
2023-01-30,8000332,8000257,15,17,265
2023-01-30,8000332,8000326,8,8,240
2023-01-30,8000332,8000332,91,103,257
2023-01-30,8000332,8001032,26,34,329
2023-01-30,8000332,8002014,0,1,0
2023-01-30,8000332,8002025,43,53,200
2023-01-30,8000332,8003759,6,8,221
2023-01-30,8000332,8003766,2,2,180
2023-01-30,8000340,8000327,13,17,394
2023-01-30,8000340,8000340,28,32,569
2023-01-30,8000340,8000652,15,15,766
2023-01-30,8000359,8000359,44,66,170
2023-01-30,8000359,8003816,1,1,360
2023-01-30,8000359,8003819,26,36,188
2023-01-30,8000359,8004193,15,30,126
2023-01-30,8000372,8000372,38,44,119
2023-01-30,8000372,8002875,6,7,133
2023-01-30,8000372,8006483,1,1,30
2023-01-30,8000372,8087062,19,21,101
2023-01-30,8000374,8000374,43,51,191
2023-01-30,8000374,8001860,19,33,42
2023-01-30,8000374,8002798,20,24,226
2023-01-30,8000374,8006292,18,22,173
2023-01-30,8000375,8000121,1,1,480
2023-01-30,8000375,8000375,73,87,224
2023-01-30,8000375,8000683,1,1,30
2023-01-30,8000375,8000975,17,20,250
2023-01-30,8000375,8003075,32,44,166
2023-01-30,8000375,8004614,20,20,350
2023-01-30,8000375,8005896,1,1,450
2023-01-30,8000376,8000376,23,30,246
2023-01-30,8000376,8002239,18,56,91
2023-01-30,8000376,8003702,21,40,68
2023-01-30,8000376,8004813,6,7,441
2023-01-30,8000376,8005067,1,1,930
2023-01-30,8000376,8005628,10,10,222
2023-01-30,8000466,8000466,36,39,111
2023-01-30,8000466,8000582,17,20,129
2023-01-30,8000466,8005551,17,19,114
2023-01-30,8000468,8000007,31,40,151
2023-01-30,8000468,8000468,66,79,253
2023-01-30,8000468,8000602,31,39,348
2023-01-30,8000491,8000491,23,37,106
2023-01-30,8000491,8004929,19,20,138
2023-01-30,8000491,8005857,10,17,79
2023-01-30,8000505,8000505,37,44,99
2023-01-30,8000505,8000726,0,1,0
2023-01-30,8000505,8002879,19,21,106
2023-01-30,8000505,8005111,19,22,140
2023-01-30,8000506,8000506,41,62,173
2023-01-30,8000506,8002474,26,34,170
2023-01-30,8000506,8004003,15,28,175
2023-01-30,8000547,8003739,10,16,114
2023-01-30,8000558,8000007,22,22,255
2023-01-30,8000558,8000558,42,42,213
2023-01-30,8000558,8001813,20,20,240
2023-01-30,8000582,8000466,18,19,125
2023-01-30,8000582,8000582,32,34,107
2023-01-30,8000582,8003508,1,2,30
2023-01-30,8000582,8005257,15,17,113
2023-01-30,8000602,8000007,11,12,462
2023-01-30,8000602,8000468,36,40,174
2023-01-30,8000602,8000602,101,109,320
2023-01-30,8000602,8006183,16,18,248
2023-01-30,8000602,8006534,34,39,455
2023-01-30,8000615,8000241,34,40,139
2023-01-30,8000615,8000615,158,168,172
2023-01-30,8000615,8002872,44,44,133
2023-01-30,8000615,8006404,74,84,216
2023-01-30,8000625,8000625,27,39,139
2023-01-30,8000625,8002444,13,20,54
2023-01-30,8000625,8003988,15,19,237
2023-01-30,8000652,8000340,13,17,399
2023-01-30,8000663,8000663,37,42,186
2023-01-30,8000663,8002958,5,19,2
2023-01-30,8000663,8004345,16,20,194
2023-01-30,8000663,8004788,27,33,170
2023-01-30,8000683,8000375,2,2,180
2023-01-30,8000683,8000683,52,69,215
2023-01-30,8000683,8003075,6,7,146
2023-01-30,8000683,8004379,16,24,241
2023-01-30,8000683,8004601,32,36,209
2023-01-30,8000691,8003175,0,18,0
2023-01-30,8000698,8000698,48,67,59
2023-01-30,8000698,8000708,25,34,64
2023-01-30,8000698,8006125,13,34,59
2023-01-30,8000708,8000698,30,33,104
2023-01-30,8000708,8000708,57,67,86
2023-01-30,8000708,8001860,27,34,87
2023-01-30,8000802,8000802,5,35,21
2023-01-30,8000802,8003175,5,17,46
2023-01-30,8000802,8006468,4,18,7
2023-01-30,8000876,8000876,54,98,33
2023-01-30,8000876,8004822,12,49,13
2023-01-30,8000876,8005113,6,17,44
2023-01-30,8000876,8005843,4,17,19
2023-01-30,8000876,8006156,4,17,16
2023-01-30,8000894,8000894,69,81,162
2023-01-30,8000894,8002704,35,41,228
2023-01-30,8000894,8005628,36,40,124
2023-01-30,8000975,8000375,17,20,224
2023-01-30,8000975,8000975,31,40,224
2023-01-30,8000975,8000976,15,20,244
2023-01-30,8000976,8000121,11,18,83
2023-01-30,8000976,8000975,15,20,210
2023-01-30,8000976,8000976,38,48,211
2023-01-30,8000976,8003075,2,2,120
2023-01-30,8000976,8005896,18,18,262
2023-01-30,8001032,8000257,28,34,337
2023-01-30,8001032,8000332,28,32,197
2023-01-30,8001032,8001032,53,66,258
2023-01-30,8001043,8001043,27,38,38
2023-01-30,8001043,8002958,14,19,43
2023-01-30,8001043,8070096,13,19,46
2023-01-30,8001057,8000326,26,40,54
2023-01-30,8001057,8001057,53,86,125
2023-01-30,8001057,8002056,2,2,240
2023-01-30,8001057,8002632,35,44,198
2023-01-30,8001200,8001200,49,68,66
2023-01-30,8001200,8002655,19,34,68
2023-01-30,8001200,8003684,14,17,69
2023-01-30,8001200,8005649,2,2,180
2023-01-30,8001237,8001237,40,46,210
2023-01-30,8001237,8002692,2,2,195
2023-01-30,8001237,8003821,17,20,350
2023-01-30,8001237,8005950,18,21,76
2023-01-30,8001237,8006404,1,1,30
2023-01-30,8001341,8001341,32,36,152
2023-01-30,8001341,8005673,16,19,201
2023-01-30,8001341,8006680,16,17,111
2023-01-30,8001399,8001399,53,69,92
2023-01-30,8001399,8004189,30,34,122
2023-01-30,8001399,8006125,21,35,45
2023-01-30,8001406,8001406,35,36,125
2023-01-30,8001406,8001407,14,19,99
2023-01-30,8001406,8005673,14,17,111
2023-01-30,8001407,8001406,17,17,95
2023-01-30,8001407,8001407,31,36,78
2023-01-30,8001407,8005094,14,19,101
2023-01-30,8001448,8001448,45,64,173
2023-01-30,8001448,8002474,16,29,180
2023-01-30,8001448,8004680,29,35,183
2023-01-30,8001638,8001638,26,39,130
2023-01-30,8001638,8001728,12,19,189
2023-01-30,8001638,8003988,12,20,54
2023-01-30,8001663,8000216,1,1,150
2023-01-30,8001663,8001663,56,78,99
2023-01-30,8001663,8001665,35,38,110
2023-01-30,8001663,8003809,21,39,91
2023-01-30,8001665,8001663,19,38,96
2023-01-30,8001665,8001665,59,76,105
2023-01-30,8001665,8003349,28,38,99
2023-01-30,8001720,8001720,51,60,103
2023-01-30,8001720,8003257,26,27,109
2023-01-30,8001720,8004938,4,5,144
2023-01-30,8001720,8006100,17,25,84
2023-01-30,8001727,8001727,26,37,123
2023-01-30,8001727,8004993,10,17,92
2023-01-30,8001727,8005857,16,20,158
2023-01-30,8001728,8001638,5,20,21
2023-01-30,8001728,8001728,10,37,78
2023-01-30,8001728,8004935,8,18,162
2023-01-30,8001813,8000558,17,22,143
2023-01-30,8001813,8001813,38,40,214
2023-01-30,8001813,8002473,19,20,276
2023-01-30,8001860,8000374,31,34,116
2023-01-30,8001860,8000708,27,33,88
2023-01-30,8001860,8001860,58,67,91
2023-01-30,8002014,8000332,1,2,75
2023-01-30,8002014,8002014,38,42,219
2023-01-30,8002014,8002025,18,20,234
2023-01-30,8002014,8003498,19,20,244
2023-01-30,8002025,8000332,51,54,317
2023-01-30,8002025,8002014,18,19,229
2023-01-30,8002025,8002025,101,107,267
2023-01-30,8002025,8003759,1,1,210
2023-01-30,8002025,8003766,30,32,220
2023-01-30,8002036,8002036,48,74,131
2023-01-30,8002036,8002875,23,37,183
2023-01-30,8002036,8006261,21,37,72
2023-01-30,8002056,8000308,18,20,208
2023-01-30,8002056,8001057,2,2,255
2023-01-30,8002056,8002025,1,1,180
2023-01-30,8002056,8002056,24,41,132
2023-01-30,8002056,8003687,1,3,10
2023-01-30,8002056,8003765,2,2,195
2023-01-30,8002175,8002175,16,34,28
2023-01-30,8002175,8002943,3,17,11
2023-01-30,8002191,8002191,33,35,188
2023-01-30,8002191,8005637,18,18,245
2023-01-30,8002191,8006183,15,17,146
2023-01-30,8002286,8002286,25,37,133
2023-01-30,8002286,8004396,9,17,134
2023-01-30,8002286,8004993,16,20,164
2023-01-30,8002300,8002300,33,39,97
2023-01-30,8002300,8003508,13,19,81
2023-01-30,8002300,8005551,16,20,100
2023-01-30,8002444,8000137,15,20,74
2023-01-30,8002444,8000625,13,19,229
2023-01-30,8002444,8002444,29,39,145
2023-01-30,8002473,8001813,17,20,178
2023-01-30,8002473,8002473,37,40,226
2023-01-30,8002473,8004345,19,20,260
2023-01-30,8002474,8000506,15,28,180
2023-01-30,8002474,8001448,26,35,169
2023-01-30,8002474,8002474,46,68,177
2023-01-30,8002474,8004680,2,2,240
2023-01-30,8002474,8004714,3,3,160
2023-01-30,8002632,8000326,1,1,30
2023-01-30,8002632,8001057,26,42,61
2023-01-30,8002632,8002632,65,87,135
2023-01-30,8002632,8004489,39,44,203
2023-01-30,8002648,8002648,24,34,64
2023-01-30,8002648,8002649,9,17,67
2023-01-30,8002648,8006441,10,17,51
2023-01-30,8002649,8002648,6,17,42
2023-01-30,8002649,8002649,21,34,64
2023-01-30,8002649,8002847,15,17,109
2023-01-30,8002655,8001200,27,34,68
2023-01-30,8002655,8002655,52,68,78
2023-01-30,8002655,8003257,26,34,81
2023-01-30,8002692,8001237,2,2,150
2023-01-30,8002692,8002692,75,83,210
2023-01-30,8002692,8003075,36,41,191
2023-01-30,8002692,8003816,3,3,240
2023-01-30,8002692,8005950,19,21,360
2023-01-30,8002704,8000894,33,40,93
2023-01-30,8002704,8002704,66,81,159
2023-01-30,8002704,8003702,32,41,221
2023-01-30,8002724,8002724,31,32,189
2023-01-30,8002724,8003739,16,16,242
2023-01-30,8002724,8004975,15,16,135
2023-01-30,8002798,8000374,21,23,181
2023-01-30,8002798,8002798,43,47,211
2023-01-30,8002798,8003285,21,24,241
2023-01-30,8002847,8002649,15,17,65
2023-01-30,8002847,8002847,29,34,86
2023-01-30,8002847,8004166,13,17,101
2023-01-30,8002858,8002858,29,32,153
2023-01-30,8002858,8003215,16,16,223
2023-01-30,8002858,8006019,13,16,86
2023-01-30,8002875,8000372,2,4,150
2023-01-30,8002875,8001720,1,1,150
2023-01-30,8002875,8002036,30,37,99
2023-01-30,8002875,8002875,71,92,135
2023-01-30,8002875,8003232,15,15,132
2023-01-30,8002875,8003497,1,1,30
2023-01-30,8002875,8004938,1,1,30
2023-01-30,8002875,8005649,1,1,360
2023-01-30,8002875,8006261,1,1,60
2023-01-30,8002895,8002895,19,36,69
2023-01-30,8002895,8005094,3,17,14
2023-01-30,8002895,8005843,16,19,112
2023-01-30,8002943,8002175,2,17,11
2023-01-30,8002943,8002943,10,34,15
2023-01-30,8002943,8005423,5,17,16
2023-01-30,8002958,8000663,15,19,60
2023-01-30,8002958,8001043,13,19,41
2023-01-30,8002958,8002958,25,38,45
2023-01-30,8003070,8003070,38,42,102
2023-01-30,8003070,8005111,19,21,106
2023-01-30,8003070,8006483,17,21,84
2023-01-30,8003075,8000021,11,19,207
2023-01-30,8003075,8000121,1,1,180
2023-01-30,8003075,8000375,40,42,290
2023-01-30,8003075,8000683,8,8,251
2023-01-30,8003075,8002692,37,42,216
2023-01-30,8003075,8003075,124,145,204
2023-01-30,8003075,8003816,15,18,118
2023-01-30,8003075,8005220,5,5,192
2023-01-30,8003075,8005896,1,1,240
2023-01-30,8003080,8000216,13,24,110
2023-01-30,8003080,8003080,31,46,199
2023-01-30,8003080,8005146,13,21,316
2023-01-30,8003080,8006468,1,1,30
2023-01-30,8003150,8003150,20,21,190
2023-01-30,8003150,8003151,10,11,109
2023-01-30,8003151,8003150,10,10,273
2023-01-30,8003151,8003151,31,32,181
2023-01-30,8003151,8003504,12,16,88
2023-01-30,8003172,8000254,13,19,183
2023-01-30,8003172,8003172,55,81,226
2023-01-30,8003172,8006468,31,42,185
2023-01-30,8003172,8006536,18,20,422
2023-01-30,8003175,8000691,6,17,48
2023-01-30,8003175,8000802,0,18,0
2023-01-30,8003175,8003175,5,35,21
2023-01-30,8003215,8002858,13,16,98
2023-01-30,8003215,8003215,29,32,160
2023-01-30,8003215,8003504,15,16,234
2023-01-30,8003232,8002875,14,16,88
2023-01-30,8003232,8003232,34,42,84
2023-01-30,8003232,8006100,19,20,105
2023-01-30,8003257,8001720,21,26,84
2023-01-30,8003257,8002655,31,34,87
2023-01-30,8003257,8003257,65,77,89
2023-01-30,8003257,8004938,4,4,195
2023-01-30,8003285,8000137,22,24,251
2023-01-30,8003285,8000374,1,1,150
2023-01-30,8003285,8002798,22,23,198
2023-01-30,8003285,8003285,44,48,217
2023-01-30,8003316,8003316,40,44,315
2023-01-30,8003316,8003817,1,1,120
2023-01-30,8003316,8003820,21,21,493
2023-01-30,8003316,8004349,18,22,150
2023-01-30,8003349,8000216,20,38,66
2023-01-30,8003349,8001665,25,38,109
2023-01-30,8003349,8003349,58,76,98
2023-01-30,8003429,8003429,32,32,215
2023-01-30,8003429,8004677,16,16,225
2023-01-30,8003429,8005172,16,16,212
2023-01-30,8003481,8004929,1,17,21
2023-01-30,8003497,8001663,1,1,90
2023-01-30,8003497,8002875,2,2,195
2023-01-30,8003497,8003497,57,80,136
2023-01-30,8003497,8004489,31,37,71
2023-01-30,8003497,8006261,0,2,0
2023-01-30,8003497,8079146,27,37,191
2023-01-30,8003498,8002014,18,22,195
2023-01-30,8003498,8003498,37,42,221
2023-01-30,8003498,8006292,19,20,255
2023-01-30,8003504,8003151,15,16,257
2023-01-30,8003504,8003215,13,16,88
2023-01-30,8003504,8003504,28,32,171
2023-01-30,8003507,8000216,15,18,98
2023-01-30,8003507,8003507,30,38,93
2023-01-30,8003507,8003508,11,20,56
2023-01-30,8003508,8000216,3,3,80
2023-01-30,8003508,8002300,16,20,87
2023-01-30,8003508,8003507,18,18,133
2023-01-30,8003508,8003508,30,41,81
2023-01-30,8003687,8000326,65,82,195
2023-01-30,8003687,8003687,108,161,144
2023-01-30,8003687,8003759,22,24,181
2023-01-30,8003687,8003767,36,55,94
2023-01-30,8003702,8000376,38,41,265
2023-01-30,8003702,8002704,36,40,100
2023-01-30,8003702,8003702,73,81,177
2023-01-30,8003739,8000547,16,16,229
2023-01-30,8003739,8002724,16,16,144
2023-01-30,8003739,8003739,30,32,188
2023-01-30,8003759,8000326,1,1,870
2023-01-30,8003759,8000332,7,7,291
2023-01-30,8003759,8002681,1,1,30
2023-01-30,8003759,8003489,1,1,30
2023-01-30,8003759,8003497,2,2,285
2023-01-30,8003759,8003687,24,24,291
2023-01-30,8003759,8003759,246,266,230
2023-01-30,8003759,8003765,47,52,211
2023-01-30,8003759,8003766,30,32,316
2023-01-30,8003759,8003841,61,63,214
2023-01-30,8003759,8003842,11,11,385
2023-01-30,8003759,8003844,1,1,150
2023-01-30,8003759,8005494,1,1,180
2023-01-30,8003759,8005649,8,8,131
2023-01-30,8003765,8000326,1,1,180
2023-01-30,8003765,8002056,3,4,232
2023-01-30,8003765,8003759,43,50,131
2023-01-30,8003765,8003765,89,111,145
2023-01-30,8003765,8003767,44,55,176
2023-01-30,8003766,8000332,1,1,90
2023-01-30,8003766,8002025,32,33,353
2023-01-30,8003766,8002056,1,1,60
2023-01-30,8003766,8003759,32,32,272
2023-01-30,8003766,8003766,66,68,282
2023-01-30,8003767,8003687,42,55,177
2023-01-30,8003767,8003765,40,55,94
2023-01-30,8003767,8003767,84,110,137
2023-01-30,8003809,8001663,33,38,96
2023-01-30,8003809,8003497,1,1,60
2023-01-30,8003809,8003809,42,77,80
2023-01-30,8003809,8004306,15,33,90
2023-01-30,8003809,8004489,0,1,0
2023-01-30,8003816,8000241,18,21,160
2023-01-30,8003816,8000250,1,1,210
2023-01-30,8003816,8000359,1,1,60
2023-01-30,8003816,8000375,1,1,480
2023-01-30,8003816,8001237,0,1,0
2023-01-30,8003816,8002692,2,2,90
2023-01-30,8003816,8002872,2,2,165
2023-01-30,8003816,8003075,17,17,219
2023-01-30,8003816,8003815,37,45,171
2023-01-30,8003816,8003816,158,206,169
2023-01-30,8003816,8003818,38,46,104
2023-01-30,8003816,8003819,10,30,125
2023-01-30,8003816,8004432,1,1,120
2023-01-30,8003816,8005220,2,2,165
2023-01-30,8003816,8006136,3,3,290
2023-01-30,8003817,8003816,1,1,180
2023-01-30,8003817,8003817,35,40,315
2023-01-30,8003817,8003820,16,18,243
2023-01-30,8003817,8006136,16,20,346
2023-01-30,8003819,8000359,11,30,130
2023-01-30,8003819,8003816,33,36,232
2023-01-30,8003819,8003819,37,66,164
2023-01-30,8003820,8003316,15,19,177
2023-01-30,8003820,8003817,18,21,379
2023-01-30,8003820,8003820,36,41,319
2023-01-30,8003820,8006136,1,1,450
2023-01-30,8003821,8001237,17,20,58
2023-01-30,8003821,8003821,35,40,199
2023-01-30,8003988,8000625,18,20,72
2023-01-30,8003988,8001638,13,19,229
2023-01-30,8003988,8003988,32,39,158
2023-01-30,8004003,8000506,29,33,185
2023-01-30,8004003,8004003,42,61,185
2023-01-30,8004003,8004714,14,28,172
2023-01-30,8004166,8002847,8,17,49
2023-01-30,8004166,8004166,22,34,56
2023-01-30,8004166,8005113,6,17,28
2023-01-30,8004172,8003568,15,24,52
2023-01-30,8004172,8004172,32,49,67
2023-01-30,8004189,8001399,28,35,90
2023-01-30,8004189,8004189,60,69,107
2023-01-30,8004189,8004489,28,34,121
2023-01-30,8004193,8000359,28,36,208
2023-01-30,8004193,8004193,39,66,161
2023-01-30,8004193,8004432,12,30,126
2023-01-30,8004306,8003809,17,36,61
2023-01-30,8004306,8004306,47,69,89
2023-01-30,8004345,8000663,20,20,249
2023-01-30,8004345,8002473,18,20,184
2023-01-30,8004345,8004345,38,40,221
2023-01-30,8004349,8003316,18,22,450
2023-01-30,8004349,8003820,1,1,570
2023-01-30,8004349,8004349,69,74,400
2023-01-30,8004349,8004352,33,35,374
2023-01-30,8004352,8004349,38,39,492
2023-01-30,8004352,8004352,69,74,436
2023-01-30,8004352,8006534,31,35,371
2023-01-30,8004379,8000683,22,27,199
2023-01-30,8004379,8004379,40,51,218
2023-01-30,8004379,8005896,18,24,234
2023-01-30,8004396,8002286,17,20,165
2023-01-30,8004396,8004396,26,37,147
2023-01-30,8004396,8004557,12,17,138
2023-01-30,8004432,8003816,2,2,240
2023-01-30,8004432,8004193,27,36,194
2023-01-30,8004432,8004432,47,69,170
2023-01-30,8004432,8004680,18,31,142
2023-01-30,8004489,8002632,31,42,69
2023-01-30,8004489,8003497,32,38,197
2023-01-30,8004489,8004189,23,35,77
2023-01-30,8004489,8004306,1,1,30
2023-01-30,8004489,8004489,122,155,124
2023-01-30,8004557,8004396,17,20,158
2023-01-30,8004557,8004557,29,37,148
2023-01-30,8004557,8005715,9,17,132
2023-01-30,8004614,8000121,20,20,348
2023-01-30,8004614,8000375,11,22,48
2023-01-30,8004614,8004614,32,42,183
2023-01-30,8004677,8003429,16,16,227
2023-01-30,8004677,8004677,32,32,189
2023-01-30,8004677,8006019,15,16,197
2023-01-30,8004680,8001448,18,29,178
2023-01-30,8004680,8002474,2,2,165
2023-01-30,8004680,8004432,24,38,180
2023-01-30,8004680,8004680,44,68,172
2023-01-30,8004714,8000257,27,32,190
2023-01-30,8004714,8000506,1,1,90
2023-01-30,8004714,8002474,3,3,170
2023-01-30,8004714,8004003,29,33,195
2023-01-30,8004714,8004714,55,69,176
2023-01-30,8004788,8000257,32,33,214
2023-01-30,8004788,8000663,29,31,108
2023-01-30,8004788,8004788,60,64,142
2023-01-30,8004822,8000876,27,49,24
2023-01-30,8004929,8000491,9,17,39
2023-01-30,8004929,8003481,12,20,92
2023-01-30,8004929,8004929,24,37,75
2023-01-30,8004935,8001728,10,19,21
2023-01-30,8004938,8001720,1,2,225
2023-01-30,8004938,8003257,3,4,68
2023-01-30,8004938,8004938,31,37,135
2023-01-30,8004938,8007482,17,20,160
2023-01-30,8004975,8002724,16,16,253
2023-01-30,8004975,8004975,32,32,204
2023-01-30,8004975,8006555,15,16,172
2023-01-30,8004993,8001727,16,20,153
2023-01-30,8004993,8002286,8,17,64
2023-01-30,8004993,8004993,26,37,121
2023-01-30,8005094,8001407,3,17,14
2023-01-30,8005094,8002895,14,19,107
2023-01-30,8005094,8005094,17,36,61
2023-01-30,8005103,8005103,27,34,86
2023-01-30,8005103,8005257,12,17,74
2023-01-30,8005103,8006441,14,17,113
2023-01-30,8005111,8000505,16,22,80
2023-01-30,8005111,8000726,3,6,25
2023-01-30,8005111,8003070,13,21,86
2023-01-30,8005111,8005111,43,56,101
2023-01-30,8005111,8006483,7,7,159
2023-01-30,8005113,8000876,7,17,35
2023-01-30,8005113,8004166,6,17,32
2023-01-30,8005113,8005113,14,34,36
2023-01-30,8005146,8003080,15,23,123
2023-01-30,8005146,8005146,28,44,210
2023-01-30,8005146,8005713,15,21,319
2023-01-30,8005172,8003429,16,16,208
2023-01-30,8005172,8005172,32,32,217
2023-01-30,8005172,8006555,15,16,223
2023-01-30,8005257,8000582,2,17,11
2023-01-30,8005257,8005103,13,17,85
2023-01-30,8005257,8005257,23,34,64
2023-01-30,8005345,8000326,39,40,140
2023-01-30,8005345,8005345,73,81,166
2023-01-30,8005345,8005626,34,41,204
2023-01-30,8005423,8002943,5,17,16
2023-01-30,8005423,8005423,17,34,23
2023-01-30,8005423,8005689,17,17,69
2023-01-30,8005551,8000466,13,20,78
2023-01-30,8005551,8002300,19,19,122
2023-01-30,8005551,8005551,35,39,108
2023-01-30,8005628,8000326,9,9,257
2023-01-30,8005628,8000376,8,9,410
2023-01-30,8005628,8000894,37,41,227
2023-01-30,8005628,8003759,1,1,180
2023-01-30,8005628,8005345,1,1,30
2023-01-30,8005628,8005626,30,39,101
2023-01-30,8005628,8005628,92,100,198
2023-01-30,8005637,8002191,15,17,131
2023-01-30,8005637,8005637,33,35,183
2023-01-30,8005637,8006312,17,18,208
2023-01-30,8005673,8001341,16,17,116
2023-01-30,8005673,8001406,18,19,169
2023-01-30,8005673,8005673,34,36,152
2023-01-30,8005689,8005423,3,17,11
2023-01-30,8005689,8005689,20,34,40
2023-01-30,8005689,8006156,13,17,55
2023-01-30,8005713,8005146,16,23,115
2023-01-30,8005713,8005713,32,45,223
2023-01-30,8005713,8006468,14,22,325
2023-01-30,8005715,8004557,17,20,154
2023-01-30,8005715,8005715,26,37,144
2023-01-30,8005715,8007482,9,17,120
2023-01-30,8005843,8000876,17,19,120
2023-01-30,8005843,8002895,3,17,18
2023-01-30,8005843,8005843,18,36,61
2023-01-30,8005857,8000491,16,20,159
2023-01-30,8005857,8001727,7,17,64
2023-01-30,8005857,8005857,26,37,119
2023-01-30,8005896,8000976,14,17,252
2023-01-30,8005896,8004379,24,27,207
2023-01-30,8005896,8005896,41,51,226
2023-01-30,8005950,8001237,19,21,361
2023-01-30,8005950,8002692,18,21,63
2023-01-30,8005950,8005950,37,42,216
2023-01-30,8006019,8002858,16,16,212
2023-01-30,8006019,8004677,15,16,133
2023-01-30,8006019,8006019,31,32,159
2023-01-30,8006100,8000372,1,1,150
2023-01-30,8006100,8001720,26,27,111
2023-01-30,8006100,8002875,1,1,480
2023-01-30,8006100,8003232,11,22,53
2023-01-30,8006100,8003257,1,1,60
2023-01-30,8006100,8006100,44,53,97
2023-01-30,8006125,8000698,24,35,54
2023-01-30,8006125,8001399,29,34,122
2023-01-30,8006125,8006125,54,69,80
2023-01-30,8006136,8003316,2,2,165
2023-01-30,8006136,8003816,2,2,315
2023-01-30,8006136,8003817,15,17,224
2023-01-30,8006136,8003820,0,1,0
2023-01-30,8006136,8006136,38,41,299
2023-01-30,8006156,8000876,2,17,2
2023-01-30,8006156,8005689,6,17,18
2023-01-30,8006156,8006156,18,34,25
2023-01-30,8006183,8000602,16,17,116
2023-01-30,8006183,8002191,17,18,242
2023-01-30,8006183,8006183,31,35,193
2023-01-30,8006261,8002036,28,37,184
2023-01-30,8006261,8002875,0,2,0
2023-01-30,8006261,8003497,1,1,60
2023-01-30,8006261,8006261,55,77,134
2023-01-30,8006261,8079146,26,37,95
2023-01-30,8006292,8000374,18,20,254
2023-01-30,8006292,8003498,20,22,196
2023-01-30,8006292,8006292,41,42,219
2023-01-30,8006312,8000121,18,18,233
2023-01-30,8006312,8005637,17,17,124
2023-01-30,8006312,8006312,35,35,173
2023-01-30,8006441,8002648,13,17,95
2023-01-30,8006441,8005103,11,17,65
2023-01-30,8006441,8006441,25,34,82
2023-01-30,8006468,8000216,16,33,135
2023-01-30,8006468,8000691,1,1,60
2023-01-30,8006468,8000802,4,17,42
2023-01-30,8006468,8003080,1,1,90
2023-01-30,8006468,8003172,31,39,281
2023-01-30,8006468,8005713,16,23,117
2023-01-30,8006468,8006468,78,113,165
2023-01-30,8006468,8007857,9,15,44
2023-01-30,8006468,8700382,0,1,0
2023-01-30,8006483,8000372,1,1,240
2023-01-30,8006483,8003070,19,21,109
2023-01-30,8006483,8005111,6,7,56
2023-01-30,8006483,8006483,46,56,93
2023-01-30,8006483,8087062,19,21,100
2023-01-30,8006534,8000602,28,35,325
2023-01-30,8006534,8004352,37,39,495
2023-01-30,8006534,8006534,71,74,419
2023-01-30,8006536,8000254,18,20,464
2023-01-30,8006536,8003172,15,24,116
2023-01-30,8006536,8006536,28,44,249
2023-01-30,8006555,8004975,16,16,236
2023-01-30,8006555,8005172,16,16,202
2023-01-30,8006555,8006555,31,32,209
2023-01-30,8006680,8000371,16,17,154
2023-01-30,8006680,8001341,16,19,182
2023-01-30,8006680,8006680,33,35,174
2023-01-30,8007474,8000007,16,17,649
2023-01-30,8007474,8000327,15,15,794
2023-01-30,8007474,8007474,28,32,612
2023-01-30,8007482,8004938,12,17,132
2023-01-30,8007482,8005715,16,20,156
2023-01-30,8007482,8007482,29,37,148
2023-01-30,8007857,8006468,6,16,24
2023-01-30,8007857,8007857,14,31,30
2023-01-30,8007857,8007858,11,15,52
2023-01-30,8007858,8007857,3,16,6
2023-01-30,8007858,8007858,12,31,26
2023-01-30,8007858,8007859,10,15,50
2023-01-30,8007859,8007858,2,16,8
2023-01-30,8007859,8007859,14,31,32
2023-01-30,8007859,8007860,11,15,62
2023-01-30,8007860,8007859,3,16,11
2023-01-30,8007860,8007860,14,31,27
2023-01-30,8007860,8700382,9,15,44
2023-01-30,8070096,8000137,13,19,58
2023-01-30,8070096,8001043,9,19,27
2023-01-30,8070096,8070096,30,38,45
2023-01-30,8079146,8003497,26,37,85
2023-01-30,8079146,8006261,25,37,195
2023-01-30,8079146,8079146,51,74,136
2023-01-30,8084067,8000254,59,96,98
2023-01-30,8084067,8003186,16,16,212
2023-01-30,8084067,8003923,41,70,68
2023-01-30,8084067,8084067,117,182,82
2023-01-30,8087062,8000372,20,21,123
2023-01-30,8087062,8006483,17,21,94
2023-01-30,8087062,8087062,38,42,105
2023-01-31,8000007,8000007,65,69,307
2023-01-31,8000007,8000468,34,39,270
2023-01-31,8000007,8000558,19,20,284
2023-01-31,8000007,8000602,17,18,252
2023-01-31,8000007,8001813,2,2,45
2023-01-31,8000007,8007474,14,16,339
2023-01-31,8000121,8000021,22,24,236
2023-01-31,8000121,8000121,71,87,192
2023-01-31,8000121,8000976,16,18,362
2023-01-31,8000121,8003075,3,6,55
2023-01-31,8000121,8004614,11,22,50
2023-01-31,8000121,8006312,16,17,242
2023-01-31,8000137,8000137,28,33,163
2023-01-31,8000137,8002444,13,19,182
2023-01-31,8000137,8003285,17,24,111
2023-01-31,8000137,8070096,17,19,46
2023-01-31,8000216,8000216,79,107,226
2023-01-31,8000216,8001663,1,1,180
2023-01-31,8000216,8002875,1,1,420
2023-01-31,8000216,8003080,12,22,160
2023-01-31,8000216,8003349,28,38,470
2023-01-31,8000216,8003507,13,20,104
2023-01-31,8000216,8005713,1,1,1050
2023-01-31,8000216,8006468,14,31,122
2023-01-31,8000254,8000254,182,249,167
2023-01-31,8000254,8003125,10,11,95
2023-01-31,8000254,8003172,15,18,155
2023-01-31,8000254,8003186,1,6,20
2023-01-31,8000254,8006531,11,21,136
2023-01-31,8000254,8006536,21,24,262
2023-01-31,8000254,8079045,4,7,73
2023-01-31,8000254,8079143,27,56,65
2023-01-31,8000254,8084067,56,86,144
2023-01-31,8000257,8000257,75,94,190
2023-01-31,8000257,8000332,16,17,224
2023-01-31,8000257,8001032,20,32,104
2023-01-31,8000257,8002872,8,10,66
2023-01-31,8000257,8002934,32,40,94
2023-01-31,8000257,8004714,25,37,93
2023-01-31,8000257,8004788,19,31,139
2023-01-31,8000257,8100002,1,1,750
2023-01-31,8000326,8000326,154,175,174
2023-01-31,8000326,8000332,7,9,87
2023-01-31,8000326,8001057,40,42,216
2023-01-31,8000326,8002056,1,1,120
2023-01-31,8000326,8003687,61,79,104
2023-01-31,8000326,8003759,1,1,30
2023-01-31,8000326,8005345,35,41,241
2023-01-31,8000326,8005628,9,9,323
2023-01-31,8000327,8000327,22,33,236
2023-01-31,8000327,8000340,12,16,343
2023-01-31,8000327,8007474,8,17,129
2023-01-31,8000332,8000257,12,17,154
2023-01-31,8000332,8000326,8,8,334
2023-01-31,8000332,8000332,83,103,209
2023-01-31,8000332,8001032,25,34,279
2023-01-31,8000332,8002014,1,1,60
2023-01-31,8000332,8002025,34,53,131
2023-01-31,8000332,8003759,8,8,262
2023-01-31,8000332,8003766,2,2,60
2023-01-31,8000340,8000327,10,17,138
2023-01-31,8000340,8000340,22,33,237
2023-01-31,8000340,8000652,12,16,341
2023-01-31,8000359,8000359,45,66,134
2023-01-31,8000359,8003816,1,1,180
2023-01-31,8000359,8003819,23,36,148
2023-01-31,8000359,8004193,19,30,88
2023-01-31,8000372,8000372,36,44,140
2023-01-31,8000372,8002875,5,7,154
2023-01-31,8000372,8006483,1,1,150
2023-01-31,8000372,8087062,18,21,111
2023-01-31,8000374,8000374,42,51,124
2023-01-31,8000374,8001860,20,33,39
2023-01-31,8000374,8002798,15,24,150
2023-01-31,8000374,8006292,20,22,120
2023-01-31,8000375,8000121,1,1,540
2023-01-31,8000375,8000375,69,87,219
2023-01-31,8000375,8000683,1,1,390
2023-01-31,8000375,8000975,17,20,224
2023-01-31,8000375,8003075,31,44,171
2023-01-31,8000375,8004614,18,20,298
2023-01-31,8000375,8005896,1,1,510
2023-01-31,8000376,8000376,23,30,166
2023-01-31,8000376,8002239,18,56,77
2023-01-31,8000376,8003702,20,40,64
2023-01-31,8000376,8004813,6,7,219
2023-01-31,8000376,8005067,1,1,330
2023-01-31,8000376,8005628,9,10,93
2023-01-31,8000466,8000466,35,39,140
2023-01-31,8000466,8000582,18,20,153
2023-01-31,8000466,8005551,15,19,152
2023-01-31,8000468,8000007,28,40,206
2023-01-31,8000468,8000468,60,79,240
2023-01-31,8000468,8000602,29,39,265
2023-01-31,8000491,8000491,29,37,105
2023-01-31,8000491,8004929,19,20,150
2023-01-31,8000491,8005857,14,17,88
2023-01-31,8000505,8000505,36,44,117
2023-01-31,8000505,8000726,1,1,30
2023-01-31,8000505,8002879,19,21,124
2023-01-31,8000505,8005111,17,22,145
2023-01-31,8000506,8000506,40,62,140
2023-01-31,8000506,8002474,25,34,147
2023-01-31,8000506,8004003,15,28,144
2023-01-31,8000547,8003739,6,16,38
2023-01-31,8000558,8000007,22,22,275
2023-01-31,8000558,8000558,42,42,276
2023-01-31,8000558,8001813,20,20,366
2023-01-31,8000582,8000466,15,19,159
2023-01-31,8000582,8000582,31,34,174
2023-01-31,8000582,8003508,2,2,405
2023-01-31,8000582,8005257,14,17,238
2023-01-31,8000602,8000007,9,12,208
2023-01-31,8000602,8000468,31,40,225
2023-01-31,8000602,8000602,90,109,252
2023-01-31,8000602,8006183,15,18,298
2023-01-31,8000602,8006534,34,39,271
2023-01-31,8000615,8000241,36,39,135
2023-01-31,8000615,8000615,160,167,208
2023-01-31,8000615,8002872,42,44,146
2023-01-31,8000615,8006404,81,84,265
2023-01-31,8000625,8000625,25,39,100
2023-01-31,8000625,8002444,11,20,21
2023-01-31,8000625,8003988,14,19,186
2023-01-31,8000652,8000340,10,17,141
2023-01-31,8000663,8000663,42,42,237
2023-01-31,8000663,8002958,6,19,11
2023-01-31,8000663,8004345,20,20,212
2023-01-31,8000663,8004788,30,33,276
2023-01-31,8000683,8000375,2,2,420
2023-01-31,8000683,8000683,51,69,252
2023-01-31,8000683,8003075,7,7,304
2023-01-31,8000683,8004379,20,24,331
2023-01-31,8000683,8004601,25,36,194
2023-01-31,8000691,8003175,0,18,0
2023-01-31,8000698,8000698,45,67,51
2023-01-31,8000698,8000708,23,34,52
2023-01-31,8000698,8006125,13,34,38
2023-01-31,8000708,8000698,32,33,99
2023-01-31,8000708,8000708,64,67,77
2023-01-31,8000708,8001860,32,34,75
2023-01-31,8000802,8000802,7,35,32
2023-01-31,8000802,8003175,5,17,64
2023-01-31,8000802,8006468,5,18,17
2023-01-31,8000876,8000876,71,98,139
2023-01-31,8000876,8004822,22,49,174
2023-01-31,8000876,8005113,6,17,85
2023-01-31,8000876,8005843,5,17,9
2023-01-31,8000876,8006156,7,17,55
2023-01-31,8000894,8000894,70,81,171
2023-01-31,8000894,8002704,35,41,247
2023-01-31,8000894,8005628,36,40,119
2023-01-31,8000975,8000375,17,20,250
2023-01-31,8000975,8000975,31,40,230
2023-01-31,8000975,8000976,14,20,219
2023-01-31,8000976,8000121,12,18,195
2023-01-31,8000976,8000975,14,20,237
2023-01-31,8000976,8000976,38,48,238
2023-01-31,8000976,8003075,2,2,60
2023-01-31,8000976,8005896,18,18,213
2023-01-31,8001032,8000257,26,34,312
2023-01-31,8001032,8000332,23,32,128
2023-01-31,8001032,8001032,46,66,207
2023-01-31,8001043,8001043,32,38,62
2023-01-31,8001043,8002958,15,19,49
2023-01-31,8001043,8070096,17,19,71
2023-01-31,8001057,8000326,27,40,65
2023-01-31,8001057,8001057,60,86,132
2023-01-31,8001057,8002056,2,2,165
2023-01-31,8001057,8002632,38,44,208
2023-01-31,8001200,8001200,44,68,97
2023-01-31,8001200,8002655,21,34,74
2023-01-31,8001200,8003684,15,17,141
2023-01-31,8001200,8005649,2,2,195
2023-01-31,8001237,8001237,41,46,264
2023-01-31,8001237,8002692,1,2,225
2023-01-31,8001237,8003821,19,20,333
2023-01-31,8001237,8005950,20,21,207
2023-01-31,8001237,8006404,1,1,90
2023-01-31,8001341,8001341,33,36,216
2023-01-31,8001341,8005673,17,19,308
2023-01-31,8001341,8006680,17,17,125
2023-01-31,8001399,8001399,57,69,93
2023-01-31,8001399,8004189,29,34,121
2023-01-31,8001399,8006125,26,35,57
2023-01-31,8001406,8001406,36,36,188
2023-01-31,8001406,8001407,15,19,208
2023-01-31,8001406,8005673,15,17,124
2023-01-31,8001407,8001406,16,17,101
2023-01-31,8001407,8001407,31,36,144
2023-01-31,8001407,8005094,15,19,215
2023-01-31,8001448,8001448,43,64,135
2023-01-31,8001448,8002474,16,29,128
2023-01-31,8001448,8004680,27,35,151
2023-01-31,8001638,8001638,28,39,105
2023-01-31,8001638,8001728,13,19,164
2023-01-31,8001638,8003988,15,20,42
2023-01-31,8001663,8000216,1,1,30
2023-01-31,8001663,8001663,55,78,309
2023-01-31,8001663,8001665,29,38,183
2023-01-31,8001663,8003809,28,39,437
2023-01-31,8001665,8001663,24,38,448
2023-01-31,8001665,8001665,57,76,319
2023-01-31,8001665,8003349,28,38,182
2023-01-31,8001720,8001720,49,60,117
2023-01-31,8001720,8003257,21,27,134
2023-01-31,8001720,8004938,4,5,108
2023-01-31,8001720,8006100,18,25,98
2023-01-31,8001727,8001727,32,37,121
2023-01-31,8001727,8004993,14,17,102
2023-01-31,8001727,8005857,18,20,146
2023-01-31,8001728,8001638,6,20,4
2023-01-31,8001728,8001728,11,37,59
2023-01-31,8001728,8004935,7,18,113
2023-01-31,8001813,8000558,16,22,177
2023-01-31,8001813,8001813,35,40,284
2023-01-31,8001813,8002473,19,20,368
2023-01-31,8001860,8000374,33,34,99
2023-01-31,8001860,8000708,24,33,66
2023-01-31,8001860,8001860,56,67,77
2023-01-31,8002014,8000332,1,2,75
2023-01-31,8002014,8002014,35,42,161
2023-01-31,8002014,8002025,17,20,160
2023-01-31,8002014,8003498,17,20,177
2023-01-31,8002025,8000332,47,54,286
2023-01-31,8002025,8002014,16,19,193
2023-01-31,8002025,8002025,91,107,212
2023-01-31,8002025,8003759,1,1,60
2023-01-31,8002025,8003766,21,32,117
2023-01-31,8002036,8002036,57,74,173
2023-01-31,8002036,8002875,28,37,273
2023-01-31,8002036,8006261,23,37,69
2023-01-31,8002056,8000308,15,20,74
2023-01-31,8002056,8001057,2,2,60
2023-01-31,8002056,8002025,1,1,330
2023-01-31,8002056,8002056,17,41,46
2023-01-31,8002056,8003687,3,3,330
2023-01-31,8002056,8003765,2,2,90
2023-01-31,8002175,8002175,23,34,253
2023-01-31,8002175,8002943,6,17,159
2023-01-31,8002191,8002191,33,35,275
2023-01-31,8002191,8005637,16,18,318
2023-01-31,8002191,8006183,16,17,245
2023-01-31,8002286,8002286,30,37,113
2023-01-31,8002286,8004396,13,17,85
2023-01-31,8002286,8004993,18,20,154
2023-01-31,8002300,8002300,35,39,139
2023-01-31,8002300,8003508,16,19,131
2023-01-31,8002300,8005551,17,20,124
2023-01-31,8002444,8000137,14,20,64
2023-01-31,8002444,8000625,13,19,178
2023-01-31,8002444,8002444,28,39,111
2023-01-31,8002473,8001813,17,20,196
2023-01-31,8002473,8002473,36,40,272
2023-01-31,8002473,8004345,19,20,340
2023-01-31,8002474,8000506,15,28,112
2023-01-31,8002474,8001448,24,35,147
2023-01-31,8002474,8002474,44,68,136
2023-01-31,8002474,8004680,2,2,195
2023-01-31,8002474,8004714,3,3,180
2023-01-31,8002632,8000326,1,1,270
2023-01-31,8002632,8001057,32,42,66
2023-01-31,8002632,8002632,75,87,147
2023-01-31,8002632,8004489,38,44,211
2023-01-31,8002648,8002648,24,34,176
2023-01-31,8002648,8002649,11,17,191
2023-01-31,8002648,8006441,10,17,136
2023-01-31,8002649,8002648,11,17,152
2023-01-31,8002649,8002649,24,34,168
2023-01-31,8002649,8002847,14,17,205
2023-01-31,8002655,8001200,21,34,120
2023-01-31,8002655,8002655,45,68,102
2023-01-31,8002655,8003257,32,34,89
2023-01-31,8002692,8001237,2,2,300
2023-01-31,8002692,8002692,76,83,227
2023-01-31,8002692,8003075,37,41,220
2023-01-31,8002692,8003816,3,3,200
2023-01-31,8002692,8005950,19,21,346
2023-01-31,8002704,8000894,32,40,86
2023-01-31,8002704,8002704,68,81,165
2023-01-31,8002704,8003702,32,41,238
2023-01-31,8002724,8002724,31,32,638
2023-01-31,8002724,8003739,16,16,759
2023-01-31,8002724,8004975,14,16,518
2023-01-31,8002798,8000374,19,23,121
2023-01-31,8002798,8002798,38,47,147
2023-01-31,8002798,8003285,19,24,171
2023-01-31,8002847,8002649,14,17,146
2023-01-31,8002847,8002847,27,34,170
2023-01-31,8002847,8004166,14,17,178
2023-01-31,8002858,8002858,24,32,208
2023-01-31,8002858,8003215,15,16,356
2023-01-31,8002858,8006019,7,16,66
2023-01-31,8002875,8000372,2,4,82
2023-01-31,8002875,8001720,1,1,120
2023-01-31,8002875,8002036,33,37,92
2023-01-31,8002875,8002875,75,92,173
2023-01-31,8002875,8003232,12,15,132
2023-01-31,8002875,8003497,1,1,180
2023-01-31,8002875,8004938,1,1,30
2023-01-31,8002875,8005649,1,1,90
2023-01-31,8002875,8006261,0,1,0
2023-01-31,8002895,8002895,21,36,138
2023-01-31,8002895,8005094,3,17,35
2023-01-31,8002895,8005843,17,19,224
2023-01-31,8002943,8002175,7,17,279
2023-01-31,8002943,8002943,18,34,228
2023-01-31,8002943,8005423,8,17,210
2023-01-31,8002958,8000663,15,19,51
2023-01-31,8002958,8001043,16,19,60
2023-01-31,8002958,8002958,31,38,47
2023-01-31,8003070,8003070,34,42,124
2023-01-31,8003070,8005111,19,21,109
2023-01-31,8003070,8006483,13,21,117
2023-01-31,8003075,8000021,18,19,257
2023-01-31,8003075,8000121,1,1,30
2023-01-31,8003075,8000375,37,42,262
2023-01-31,8003075,8000683,8,8,240
2023-01-31,8003075,8002692,35,42,226
2023-01-31,8003075,8003075,128,145,231
2023-01-31,8003075,8003816,15,18,237
2023-01-31,8003075,8005220,5,5,324
2023-01-31,8003075,8005896,1,1,30
2023-01-31,8003080,8000216,16,24,291
2023-01-31,8003080,8003080,27,46,208
2023-01-31,8003080,8005146,14,21,173
2023-01-31,8003080,8006468,1,1,60
2023-01-31,8003150,8003150,13,21,293
2023-01-31,8003150,8003151,3,11,60
2023-01-31,8003151,8003150,10,10,534
2023-01-31,8003151,8003151,23,32,216
2023-01-31,8003151,8003504,5,16,49
2023-01-31,8003172,8000254,17,19,374
2023-01-31,8003172,8003172,69,81,308
2023-01-31,8003172,8006468,37,42,253
2023-01-31,8003172,8006536,16,20,440
2023-01-31,8003175,8000691,8,17,76
2023-01-31,8003175,8000802,8,18,12
2023-01-31,8003175,8003175,14,35,39
2023-01-31,8003215,8002858,12,16,77
2023-01-31,8003215,8003215,28,32,217
2023-01-31,8003215,8003504,16,16,360
2023-01-31,8003232,8002875,14,16,109
2023-01-31,8003232,8003232,33,42,104
2023-01-31,8003232,8006100,15,20,118
2023-01-31,8003257,8001720,23,26,102
2023-01-31,8003257,8002655,26,34,124
2023-01-31,8003257,8003257,65,77,108
2023-01-31,8003257,8004938,2,4,68
2023-01-31,8003285,8000137,18,24,176
2023-01-31,8003285,8000374,1,1,150
2023-01-31,8003285,8002798,22,23,137
2023-01-31,8003285,8003285,40,48,152
2023-01-31,8003316,8003316,32,44,160
2023-01-31,8003316,8003817,0,1,0
2023-01-31,8003316,8003820,17,21,216
2023-01-31,8003316,8004349,16,22,117
2023-01-31,8003349,8000216,22,38,157
2023-01-31,8003349,8001665,29,38,469
2023-01-31,8003349,8003349,62,76,321
2023-01-31,8003429,8003429,32,32,268
2023-01-31,8003429,8004677,16,16,366
2023-01-31,8003429,8005172,16,16,184
2023-01-31,8003481,8004929,4,17,18
2023-01-31,8003497,8001663,0,1,0
2023-01-31,8003497,8002875,1,2,45
2023-01-31,8003497,8003497,61,80,170
2023-01-31,8003497,8004489,33,37,64
2023-01-31,8003497,8006261,1,2,405
2023-01-31,8003497,8079146,28,37,260
2023-01-31,8003498,8002014,17,22,140
2023-01-31,8003498,8003498,34,42,159
2023-01-31,8003498,8006292,17,20,186
2023-01-31,8003504,8003151,16,16,390
2023-01-31,8003504,8003215,9,16,71
2023-01-31,8003504,8003504,25,32,223
2023-01-31,8003507,8000216,16,18,157
2023-01-31,8003507,8003507,31,38,141
2023-01-31,8003507,8003508,13,20,98
2023-01-31,8003508,8000216,3,3,300
2023-01-31,8003508,8002300,17,20,123
2023-01-31,8003508,8003507,18,18,193
2023-01-31,8003508,8003508,36,41,146
2023-01-31,8003687,8000326,72,82,220
2023-01-31,8003687,8003687,124,161,166
2023-01-31,8003687,8003759,17,24,84
2023-01-31,8003687,8003767,44,55,133
2023-01-31,8003702,8000376,35,41,220
2023-01-31,8003702,8002704,36,40,92
2023-01-31,8003702,8003702,71,81,174
2023-01-31,8003739,8000547,16,16,724
2023-01-31,8003739,8002724,15,16,529
2023-01-31,8003739,8003739,28,32,513
2023-01-31,8003759,8000326,1,1,360
2023-01-31,8003759,8000332,7,7,296
2023-01-31,8003759,8002681,1,1,30
2023-01-31,8003759,8003489,1,1,600
2023-01-31,8003759,8003497,1,2,60
2023-01-31,8003759,8003687,22,24,204
2023-01-31,8003759,8003759,238,266,220
2023-01-31,8003759,8003765,51,52,280
2023-01-31,8003759,8003766,28,32,255
2023-01-31,8003759,8003841,63,63,215
2023-01-31,8003759,8003842,11,11,210
2023-01-31,8003759,8003844,1,1,570
2023-01-31,8003759,8005494,1,1,1410
2023-01-31,8003759,8005649,7,8,75
2023-01-31,8003765,8000326,1,1,150
2023-01-31,8003765,8002056,4,4,105
2023-01-31,8003765,8003759,45,50,176
2023-01-31,8003765,8003765,95,111,191
2023-01-31,8003765,8003767,43,55,225
2023-01-31,8003766,8000332,1,1,30
2023-01-31,8003766,8002025,28,33,303
2023-01-31,8003766,8002056,1,1,30
2023-01-31,8003766,8003759,25,32,171
2023-01-31,8003766,8003766,53,68,202
2023-01-31,8003767,8003687,43,55,232
2023-01-31,8003767,8003765,42,55,136
2023-01-31,8003767,8003767,87,110,184
2023-01-31,8003809,8001663,27,38,167
2023-01-31,8003809,8003497,1,1,3150
2023-01-31,8003809,8003809,43,77,337
2023-01-31,8003809,8004306,21,33,470
2023-01-31,8003809,8004489,1,1,1680
2023-01-31,8003816,8000241,21,21,263
2023-01-31,8003816,8000250,1,1,210
2023-01-31,8003816,8000359,0,1,0
2023-01-31,8003816,8000375,1,1,330
2023-01-31,8003816,8001237,1,1,270
2023-01-31,8003816,8002692,2,2,75
2023-01-31,8003816,8002872,2,2,120
2023-01-31,8003816,8003075,17,17,215
2023-01-31,8003816,8003815,40,45,128
2023-01-31,8003816,8003816,173,205,156
2023-01-31,8003816,8003818,40,45,83
2023-01-31,8003816,8003819,16,30,92
2023-01-31,8003816,8004432,1,1,30
2023-01-31,8003816,8005220,1,2,180
2023-01-31,8003816,8006136,3,3,260
2023-01-31,8003817,8003816,1,1,30
2023-01-31,8003817,8003817,34,40,133
2023-01-31,8003817,8003820,15,18,115
2023-01-31,8003817,8006136,15,20,134
2023-01-31,8003819,8000359,16,30,94
2023-01-31,8003819,8003816,36,36,192
2023-01-31,8003819,8003819,39,66,125
2023-01-31,8003820,8003316,11,19,107
2023-01-31,8003820,8003817,18,21,163
2023-01-31,8003820,8003820,29,41,146
2023-01-31,8003820,8006136,1,1,270
2023-01-31,8003821,8001237,17,20,183
2023-01-31,8003821,8003821,33,40,260
2023-01-31,8003988,8000625,13,20,33
2023-01-31,8003988,8001638,14,19,177
2023-01-31,8003988,8003988,29,39,112
2023-01-31,8004003,8000506,28,33,152
2023-01-31,8004003,8004003,43,61,151
2023-01-31,8004003,8004714,13,28,140
2023-01-31,8004166,8002847,9,17,138
2023-01-31,8004166,8004166,23,34,140
2023-01-31,8004166,8005113,8,17,138
2023-01-31,8004172,8003568,16,24,38
2023-01-31,8004172,8004172,26,49,37
2023-01-31,8004189,8001399,28,35,88
2023-01-31,8004189,8004189,65,69,104
2023-01-31,8004189,8004489,32,34,115
2023-01-31,8004193,8000359,26,36,171
2023-01-31,8004193,8004193,40,66,120
2023-01-31,8004193,8004432,16,30,86
2023-01-31,8004306,8003809,9,36,78
2023-01-31,8004306,8004306,41,69,273
2023-01-31,8004345,8000663,20,20,327
2023-01-31,8004345,8002473,16,20,190
2023-01-31,8004345,8004345,37,40,266
2023-01-31,8004349,8003316,15,22,183
2023-01-31,8004349,8003820,1,1,360
2023-01-31,8004349,8004349,61,74,230
2023-01-31,8004349,8004352,29,35,273
2023-01-31,8004352,8004349,34,39,278
2023-01-31,8004352,8004352,63,74,276
2023-01-31,8004352,8006534,28,35,281
2023-01-31,8004379,8000683,15,27,122
2023-01-31,8004379,8004379,36,51,223
2023-01-31,8004379,8005896,22,24,339
2023-01-31,8004396,8002286,18,20,147
2023-01-31,8004396,8004396,31,37,117
2023-01-31,8004396,8004557,13,17,92
2023-01-31,8004432,8003816,2,2,270
2023-01-31,8004432,8004193,27,36,152
2023-01-31,8004432,8004432,46,69,131
2023-01-31,8004432,8004680,17,31,107
2023-01-31,8004489,8002632,34,42,76
2023-01-31,8004489,8003497,34,38,210
2023-01-31,8004489,8004189,21,35,77
2023-01-31,8004489,8004306,1,1,660
2023-01-31,8004489,8004489,124,155,123
2023-01-31,8004557,8004396,19,20,146
2023-01-31,8004557,8004557,31,37,116
2023-01-31,8004557,8005715,11,17,86
2023-01-31,8004614,8000121,17,20,310
2023-01-31,8004614,8000375,13,22,61
2023-01-31,8004614,8004614,30,42,169
2023-01-31,8004677,8003429,16,16,186
2023-01-31,8004677,8004677,31,32,243
2023-01-31,8004677,8006019,16,16,336
2023-01-31,8004680,8001448,21,29,133
2023-01-31,8004680,8002474,2,2,75
2023-01-31,8004680,8004432,20,38,138
2023-01-31,8004680,8004680,48,68,134
2023-01-31,8004714,8000257,22,32,171
2023-01-31,8004714,8000506,1,1,270
2023-01-31,8004714,8002474,3,3,110
2023-01-31,8004714,8004003,27,33,152
2023-01-31,8004714,8004714,51,69,142
2023-01-31,8004788,8000257,32,33,306
2023-01-31,8004788,8000663,26,31,169
2023-01-31,8004788,8004788,58,64,226
2023-01-31,8004822,8000876,34,49,80
2023-01-31,8004929,8000491,13,17,49
2023-01-31,8004929,8003481,17,20,114
2023-01-31,8004929,8004929,29,37,94
2023-01-31,8004935,8001728,5,19,-3
2023-01-31,8004938,8001720,1,2,90
2023-01-31,8004938,8003257,4,4,45
2023-01-31,8004938,8004938,30,37,113
2023-01-31,8004938,8007482,19,20,141
2023-01-31,8004975,8002724,16,16,758
2023-01-31,8004975,8004975,31,32,642
2023-01-31,8004975,8006555,15,16,527
2023-01-31,8004993,8001727,16,20,147
2023-01-31,8004993,8002286,11,17,60
2023-01-31,8004993,8004993,32,37,122
2023-01-31,8005094,8001407,4,17,37
2023-01-31,8005094,8002895,15,19,223
2023-01-31,8005094,8005094,19,36,131
2023-01-31,8005103,8005103,26,34,190
2023-01-31,8005103,8005257,13,17,169
2023-01-31,8005103,8006441,13,17,226
2023-01-31,8005111,8000505,15,22,87
2023-01-31,8005111,8000726,5,6,90
2023-01-31,8005111,8003070,13,21,120
2023-01-31,8005111,8005111,38,56,114
2023-01-31,8005111,8006483,5,7,146
2023-01-31,8005113,8000876,9,17,127
2023-01-31,8005113,8004166,7,17,97
2023-01-31,8005113,8005113,17,34,117
2023-01-31,8005146,8003080,16,23,245
2023-01-31,8005146,8005146,30,44,209
2023-01-31,8005146,8005713,14,21,174
2023-01-31,8005172,8003429,16,16,345
2023-01-31,8005172,8005172,32,32,290
2023-01-31,8005172,8006555,15,16,287
2023-01-31,8005257,8000582,8,17,92
2023-01-31,8005257,8005103,12,17,217
2023-01-31,8005257,8005257,25,34,173
2023-01-31,8005345,8000326,39,40,150
2023-01-31,8005345,8005345,73,81,183
2023-01-31,8005345,8005626,31,41,232
2023-01-31,8005423,8002943,10,17,300
2023-01-31,8005423,8005423,25,34,225
2023-01-31,8005423,8005689,17,17,286
2023-01-31,8005551,8000466,14,20,108
2023-01-31,8005551,8002300,18,19,171
2023-01-31,8005551,8005551,35,39,141
2023-01-31,8005628,8000326,8,9,113
2023-01-31,8005628,8000376,9,9,377
2023-01-31,8005628,8000894,33,41,246
2023-01-31,8005628,8003759,1,1,480
2023-01-31,8005628,8005345,1,1,120
2023-01-31,8005628,8005626,30,39,98
2023-01-31,8005628,8005628,88,100,186
2023-01-31,8005637,8002191,16,17,249
2023-01-31,8005637,8005637,33,35,284
2023-01-31,8005637,8006312,16,18,305
2023-01-31,8005673,8001341,16,17,131
2023-01-31,8005673,8001406,19,19,283
2023-01-31,8005673,8005673,35,36,220
2023-01-31,8005689,8005423,8,17,81
2023-01-31,8005689,8005689,25,34,230
2023-01-31,8005689,8006156,14,17,455
2023-01-31,8005713,8005146,18,23,248
2023-01-31,8005713,8005713,34,45,252
2023-01-31,8005713,8006468,14,22,259
2023-01-31,8005715,8004557,17,20,136
2023-01-31,8005715,8005715,31,37,119
2023-01-31,8005715,8007482,11,17,81
2023-01-31,8005843,8000876,18,19,237
2023-01-31,8005843,8002895,4,17,39
2023-01-31,8005843,8005843,21,36,132
2023-01-31,8005857,8000491,18,20,154
2023-01-31,8005857,8001727,10,17,65
2023-01-31,8005857,8005857,33,37,117
2023-01-31,8005896,8000976,16,17,319
2023-01-31,8005896,8004379,15,27,126
2023-01-31,8005896,8005896,42,51,225
2023-01-31,8005950,8001237,19,21,337
2023-01-31,8005950,8002692,19,21,194
2023-01-31,8005950,8005950,38,42,269
2023-01-31,8006019,8002858,15,16,345
2023-01-31,8006019,8004677,14,16,105
2023-01-31,8006019,8006019,30,32,214
2023-01-31,8006100,8000372,1,1,30
2023-01-31,8006100,8001720,21,27,118
2023-01-31,8006100,8002875,0,1,-30
2023-01-31,8006100,8003232,12,22,70
2023-01-31,8006100,8003257,1,1,150
2023-01-31,8006100,8006100,40,53,106
2023-01-31,8006125,8000698,24,35,57
2023-01-31,8006125,8001399,33,34,111
2023-01-31,8006125,8006125,57,69,73
2023-01-31,8006136,8003316,2,2,240
2023-01-31,8006136,8003816,2,2,375
2023-01-31,8006136,8003817,11,17,101
2023-01-31,8006136,8003820,0,1,0
2023-01-31,8006136,8006136,37,41,148
2023-01-31,8006156,8000876,4,17,346
2023-01-31,8006156,8005689,10,17,88
2023-01-31,8006156,8006156,23,34,238
2023-01-31,8006183,8000602,16,17,229
2023-01-31,8006183,8002191,16,18,302
2023-01-31,8006183,8006183,31,35,274
2023-01-31,8006261,8002036,29,37,276
2023-01-31,8006261,8002875,1,2,405
2023-01-31,8006261,8003497,0,1,0
2023-01-31,8006261,8006261,62,77,181
2023-01-31,8006261,8079146,29,37,87
2023-01-31,8006292,8000374,15,20,148
2023-01-31,8006292,8003498,17,22,140
2023-01-31,8006292,8006292,36,42,146
2023-01-31,8006312,8000121,16,18,312
2023-01-31,8006312,8005637,16,17,240
2023-01-31,8006312,8006312,32,35,273
2023-01-31,8006441,8002648,13,17,222
2023-01-31,8006441,8005103,12,17,150
2023-01-31,8006441,8006441,25,34,185
2023-01-31,8006468,8000216,18,33,123
2023-01-31,8006468,8000691,1,1,180
2023-01-31,8006468,8000802,7,17,69
2023-01-31,8006468,8003080,0,1,0
2023-01-31,8006468,8003172,32,39,342
2023-01-31,8006468,8005713,18,23,247
2023-01-31,8006468,8006468,69,113,194
2023-01-31,8006468,8007857,0,15,0
2023-01-31,8006468,8700382,0,1,0
2023-01-31,8006483,8000372,1,1,480
2023-01-31,8006483,8003070,17,21,116
2023-01-31,8006483,8005111,6,7,124
2023-01-31,8006483,8006483,42,56,116
2023-01-31,8006483,8087062,18,21,133
2023-01-31,8006534,8000602,28,35,235
2023-01-31,8006534,8004352,33,39,275
2023-01-31,8006534,8006534,63,74,266
2023-01-31,8006536,8000254,17,20,508
2023-01-31,8006536,8003172,23,24,266
2023-01-31,8006536,8006536,37,44,347
2023-01-31,8006555,8004975,16,16,752
2023-01-31,8006555,8005172,15,16,336
2023-01-31,8006555,8006555,31,32,480
2023-01-31,8006680,8000371,17,17,159
2023-01-31,8006680,8001341,17,19,294
2023-01-31,8006680,8006680,34,35,234
2023-01-31,8007474,8000007,17,17,323
2023-01-31,8007474,8000327,13,16,356
2023-01-31,8007474,8007474,23,33,262
2023-01-31,8007482,8004938,15,17,99
2023-01-31,8007482,8005715,17,20,144
2023-01-31,8007482,8007482,32,37,122
2023-01-31,8007857,8006468,0,16,0
2023-01-31,8007857,8007857,0,31,0
2023-01-31,8007857,8007858,0,15,0
2023-01-31,8007858,8007857,0,16,0
2023-01-31,8007858,8007858,0,31,0
2023-01-31,8007858,8007859,0,15,0
2023-01-31,8007859,8007858,0,16,0
2023-01-31,8007859,8007859,0,31,0
2023-01-31,8007859,8007860,0,15,0
2023-01-31,8007860,8007859,0,16,0
2023-01-31,8007860,8007860,0,31,0
2023-01-31,8007860,8700382,0,15,0
2023-01-31,8070096,8000137,17,19,51
2023-01-31,8070096,8001043,8,19,36
2023-01-31,8070096,8070096,33,38,51
2023-01-31,8079146,8003497,28,37,81
2023-01-31,8079146,8006261,28,37,268
2023-01-31,8079146,8079146,56,74,172
2023-01-31,8084067,8000254,64,96,149
2023-01-31,8084067,8003186,15,16,450
2023-01-31,8084067,8003923,48,70,96
2023-01-31,8084067,8084067,127,182,134
2023-01-31,8087062,8000372,17,21,140
2023-01-31,8087062,8006483,18,21,104
2023-01-31,8087062,8087062,38,42,124
