date,from_stop_id,to_stop_id,delay_count,entries_count,avg_delay
2023-08-01,8010016,8010016,31,36,68
2023-08-01,8010016,8011031,13,24,61
2023-08-01,8010016,8012729,5,18,22
2023-08-01,8010051,8010051,18,42,33
2023-08-01,8010051,8010153,9,10,45
2023-08-01,8010051,8010322,9,10,63
2023-08-01,8010051,8012264,1,2,15
2023-08-01,8010051,8013186,12,19,47
2023-08-01,8010141,8010141,19,38,62
2023-08-01,8010141,8011702,7,11,49
2023-08-01,8010141,8012651,4,9,83
2023-08-01,8010141,8012902,4,8,45
2023-08-01,8010153,8010051,8,11,44
2023-08-01,8010153,8010153,16,20,40
2023-08-01,8010153,8010284,13,33,41
2023-08-01,8010153,8010322,10,10,123
2023-08-01,8010153,8012269,3,18,8
2023-08-01,8010156,8010156,52,57,135
2023-08-01,8010156,8011230,0,1,0
2023-08-01,8010156,8011798,9,13,95
2023-08-01,8010156,8012009,3,4,172
2023-08-01,8010156,8012474,4,4,232
2023-08-01,8010156,8012677,11,14,163
2023-08-01,8010156,8012951,12,12,172
2023-08-01,8010156,8013069,4,10,27
2023-08-01,8010173,8010173,46,52,191
2023-08-01,8010173,8012951,23,26,224
2023-08-01,8010173,8013073,18,21,166
2023-08-01,8010173,8013370,5,5,246
2023-08-01,8010176,8010176,9,36,23
2023-08-01,8010176,8010381,5,18,35
2023-08-01,8010176,8011995,3,18,18
2023-08-01,8010179,8010179,37,42,276
2023-08-01,8010179,8011536,10,10,669
2023-08-01,8010179,8012418,8,8,154
2023-08-01,8010179,8012839,10,11,166
2023-08-01,8010179,8013131,8,11,177
2023-08-01,8010199,8010199,20,36,44
2023-08-01,8010199,8010284,14,18,48
2023-08-01,8010199,8012436,11,18,52
2023-08-01,8010201,8010201,17,20,372
2023-08-01,8010201,8010273,11,14,99
2023-08-01,8010201,8012093,9,10,417
2023-08-01,8010210,8010210,23,38,196
2023-08-01,8010210,8012683,11,17,265
2023-08-01,8010210,8012832,12,19,261
2023-08-01,8010210,8013104,8,19,152
2023-08-01,8010213,8010213,12,17,256
2023-08-01,8010213,8011689,6,8,322
2023-08-01,8010213,8013393,6,9,197
2023-08-01,8010227,8010227,26,36,117
2023-08-01,8010227,8010348,18,18,222
2023-08-01,8010227,8012758,18,19,68
2023-08-01,8010241,8010241,61,65,311
2023-08-01,8010241,8011025,14,17,438
2023-08-01,8010241,8011293,18,19,448
2023-08-01,8010241,8012376,11,18,123
2023-08-01,8010241,8013017,13,17,214
2023-08-01,8010267,8013018,3,17,23
2023-08-01,8010273,8010201,12,14,508
2023-08-01,8010273,8010273,51,57,244
2023-08-01,8010273,8010284,13,15,300
2023-08-01,8010273,8013072,14,18,142
2023-08-01,8010284,8010153,31,33,182
2023-08-01,8010284,8010199,10,18,42
2023-08-01,8010284,8010273,9,14,88
2023-08-01,8010284,8010284,46,66,114
2023-08-01,8010300,8010300,52,56,261
2023-08-01,8010300,8011611,11,14,216
2023-08-01,8010300,8012377,3,4,165
2023-08-01,8010300,8012582,15,17,261
2023-08-01,8010300,8012818,11,11,215
2023-08-01,8010322,8010051,5,10,30
2023-08-01,8010322,8010153,7,10,48
2023-08-01,8010322,8012362,2,18,3
2023-08-01,8010325,8010325,30,59,54
2023-08-01,8010325,8012940,11,30,71
2023-08-01,8010325,8012951,8,11,60
2023-08-01,8010325,8013354,10,18,32
2023-08-01,8010339,8010339,26,34,170
2023-08-01,8010339,8011213,16,17,236
2023-08-01,8010339,8012555,10,17,176
2023-08-01,8010348,8010227,6,18,20
2023-08-01,8010348,8010348,36,36,100
2023-08-01,8010348,8012436,12,18,42
2023-08-01,8010381,8010176,3,18,18
2023-08-01,8010381,8012321,6,21,57
2023-08-01,8010392,8010392,9,57,45
2023-08-01,8010392,8013132,0,28,0
2023-08-01,8010392,8013133,0,18,0
2023-08-01,8010392,8013385,9,29,87
2023-08-01,8011015,8087006,0,5,0
2023-08-01,8011017,8011017,25,38,236
2023-08-01,8011017,8012711,18,19,347
2023-08-01,8011017,8013062,7,19,136
2023-08-01,8011025,8010241,14,17,376
2023-08-01,8011025,8011025,28,34,415
2023-08-01,8011025,8011646,15,17,468
2023-08-01,8011027,8011027,15,21,234
2023-08-01,8011027,8011281,8,11,289
2023-08-01,8011027,8012762,7,10,159
2023-08-01,8011031,8010016,18,25,114
2023-08-01,8011031,8011031,29,49,79
2023-08-01,8011031,8012609,13,24,54
2023-08-01,8011044,8010282,0,1,0
2023-08-01,8011044,8011044,18,21,343
2023-08-01,8011044,8011438,8,10,153
2023-08-01,8011044,8012021,10,10,549
2023-08-01,8011108,8011108,10,54,85
2023-08-01,8011108,8013132,10,28,164
2023-08-01,8011108,8013341,0,26,0
2023-08-01,8011109,8011109,6,43,29
2023-08-01,8011109,8012892,0,21,0
2023-08-01,8011109,8087026,6,22,49
2023-08-01,8011114,8012005,0,17,0
2023-08-01,8011140,8011140,27,32,229
2023-08-01,8011140,8012377,14,17,245
2023-08-01,8011140,8012806,13,15,222
2023-08-01,8011205,8010399,9,9,587
2023-08-01,8011205,8011205,21,22,569
2023-08-01,8011205,8011307,11,11,614
2023-08-01,8011213,8010339,13,17,124
2023-08-01,8011213,8011213,32,34,204
2023-08-01,8011213,8012610,6,8,308
2023-08-01,8011213,8012839,2,2,45
2023-08-01,8011230,8004177,1,1,60
2023-08-01,8011230,8011230,28,31,197
2023-08-01,8011230,8011248,14,16,154
2023-08-01,8011230,8012933,14,14,315
2023-08-01,8011248,8011230,11,14,210
2023-08-01,8011248,8011248,26,30,174
2023-08-01,8011248,8012677,13,16,172
2023-08-01,8011270,8011270,21,35,71
2023-08-01,8011270,8011729,16,17,131
2023-08-01,8011270,8012785,4,18,35
2023-08-01,8011281,8011027,4,10,141
2023-08-01,8011281,8011281,13,21,217
2023-08-01,8011281,8012316,9,11,254
2023-08-01,8011286,8011286,14,38,157
2023-08-01,8011286,8011889,12,19,303
2023-08-01,8011286,8011991,0,19,0
2023-08-01,8011293,8010241,18,19,505
2023-08-01,8011293,8011293,35,38,502
2023-08-01,8011293,8011307,10,11,491
2023-08-01,8011307,8011205,10,11,477
2023-08-01,8011307,8011293,11,11,608
2023-08-01,8011307,8011307,21,22,548
2023-08-01,8011356,8011356,31,34,529
2023-08-01,8011356,8012710,15,17,508
2023-08-01,8011356,8013177,15,17,558
2023-08-01,8011438,8011044,10,10,597
2023-08-01,8011438,8011438,17,20,390
2023-08-01,8011438,8011536,7,10,156
2023-08-01,8011442,8011442,8,18,63
2023-08-01,8011442,8012474,7,9,73
2023-08-01,8011442,8013018,3,9,57
2023-08-01,8011456,8011456,13,22,117
2023-08-01,8011456,8013131,8,11,93
2023-08-01,8011456,8013162,9,11,199
2023-08-01,8011481,8011481,29,34,410
2023-08-01,8011481,8013322,17,17,371
2023-08-01,8011481,8013373,12,17,466
2023-08-01,8011536,8010179,6,10,126
2023-08-01,8011536,8011438,10,10,657
2023-08-01,8011536,8011536,17,20,405
2023-08-01,8011592,8011592,3,28,8
2023-08-01,8011592,8011908,0,14,0
2023-08-01,8011592,8012274,4,15,20
2023-08-01,8011611,8010300,9,12,245
2023-08-01,8011611,8011611,21,26,243
2023-08-01,8011611,8012762,12,13,270
2023-08-01,8011646,8011025,16,17,438
2023-08-01,8011646,8011646,32,34,460
2023-08-01,8011646,8013051,16,17,424
2023-08-01,8011681,8011681,16,20,237
2023-08-01,8011681,8011994,9,10,171
2023-08-01,8011681,8012262,8,10,318
2023-08-01,8011689,5100145,6,8,308
2023-08-01,8011689,8010213,5,9,180
2023-08-01,8011689,8011689,12,17,224
2023-08-01,8011694,8011694,30,38,270
2023-08-01,8011694,8011723,15,19,249
2023-08-01,8011694,8011953,7,9,167
2023-08-01,8011694,8012358,10,10,603
2023-08-01,8011702,8010141,5,9,93
2023-08-01,8011702,8011702,9,20,62
2023-08-01,8011702,8012902,5,11,14
2023-08-01,8011707,8011707,31,34,551
2023-08-01,8011707,8012710,17,17,692
2023-08-01,8011707,8013322,14,17,517
2023-08-01,8011718,8011718,3,30,4
2023-08-01,8011718,8012274,1,15,2
2023-08-01,8011718,8012954,3,15,6
2023-08-01,8011723,8011694,10,19,265
2023-08-01,8011723,8011723,28,38,259
2023-08-01,8011723,8012021,8,10,174
2023-08-01,8011726,8011726,7,18,63
2023-08-01,8011726,8011951,5,8,60
2023-08-01,8011726,8012474,3,9,67
2023-08-01,8011729,8011270,5,18,30
2023-08-01,8011729,8011729,20,35,69
2023-08-01,8011729,8012841,7,17,92
2023-08-01,8011731,8011731,3,12,55
2023-08-01,8011731,8013293,3,6,95
2023-08-01,8011735,8011735,44,49,104
2023-08-01,8011735,8012609,14,25,101
2023-08-01,8011735,8079629,18,24,62
2023-08-01,8011778,8011778,23,26,254
2023-08-01,8011778,8012316,8,10,213
2023-08-01,8011778,8012762,3,3,500
2023-08-01,8011778,8013062,10,10,213
2023-08-01,8011778,8013352,2,2,300
2023-08-01,8011797,8011797,33,36,60
2023-08-01,8011797,8013040,7,18,35
2023-08-01,8011797,8013105,5,18,18
2023-08-01,8011798,8010156,11,13,39
2023-08-01,8011864,8003774,11,19,39
2023-08-01,8011864,8011864,19,38,51
2023-08-01,8011864,8012268,7,19,51
2023-08-01,8011889,8011286,0,19,0
2023-08-01,8011889,8011889,14,38,157
2023-08-01,8011889,8013339,14,19,325
2023-08-01,8011908,8011592,2,14,13
2023-08-01,8011908,8011908,2,28,8
2023-08-01,8011908,8012737,0,14,0
2023-08-01,8011939,8011939,0,14,0
2023-08-01,8011939,8012517,0,7,0
2023-08-01,8011939,8012949,0,7,0
2023-08-01,8011951,8011726,8,9,83
2023-08-01,8011951,8011951,13,19,79
2023-08-01,8011951,8012474,0,1,0
2023-08-01,8011951,8013069,4,9,73
2023-08-01,8011953,8011694,8,9,327
2023-08-01,8011953,8011953,17,20,272
2023-08-01,8011953,8012358,9,10,318
2023-08-01,8011991,8011286,14,19,308
2023-08-01,8011991,8011991,12,38,150
2023-08-01,8011992,8011992,0,36,0
2023-08-01,8011992,8012617,0,18,0
2023-08-01,8011992,8013133,0,18,0
2023-08-01,8011995,8010176,5,18,22
2023-08-01,8011995,8011995,8,36,20
2023-08-01,8011995,8013040,6,18,27
2023-08-01,8012005,8011114,15,17,102
2023-08-01,8012005,8012005,12,34,40
2023-08-01,8012005,8012827,0,17,0
2023-08-01,8012009,8010156,5,5,258
2023-08-01,8012009,8012009,8,9,207
2023-08-01,8012009,8013370,3,4,165
2023-08-01,8012021,8011044,10,10,168
2023-08-01,8012021,8011723,10,10,561
2023-08-01,8012021,8012021,20,20,380
2023-08-01,8012065,8012065,8,55,38
2023-08-01,8012065,8012086,0,27,0
2023-08-01,8012065,8087027,8,28,75
2023-08-01,8012086,8012065,8,28,79
2023-08-01,8012086,8012086,8,55,42
2023-08-01,8012086,8013385,0,28,0
2023-08-01,8012093,8010201,8,10,138
2023-08-01,8012093,8010399,8,9,340
2023-08-01,8012093,8012093,15,20,208
2023-08-01,8012108,8012108,13,36,18
2023-08-01,8012108,8012729,3,18,12
2023-08-01,8012108,8012840,2,18,10
2023-08-01,8012109,8012109,34,36,213
2023-08-01,8012109,8012143,18,18,290
2023-08-01,8012109,8012856,15,18,115
2023-08-01,8012143,8012109,16,18,155
2023-08-01,8012143,8012143,35,36,226
2023-08-01,8012143,8013072,17,18,340
2023-08-01,8012146,8012146,22,38,234
2023-08-01,8012146,8012832,9,19,205
2023-08-01,8012146,8012843,13,19,267
2023-08-01,8012262,8011681,7,10,141
2023-08-01,8012262,8012262,34,43,197
2023-08-01,8012262,8012716,19,22,241
2023-08-01,8012264,8010051,0,2,0
2023-08-01,8012264,8012264,34,58,88
2023-08-01,8012264,8012321,7,10,78
2023-08-01,8012264,8012384,9,12,148
2023-08-01,8012264,8012940,14,20,114
2023-08-01,8012268,8011864,10,19,51
2023-08-01,8012268,8012268,18,38,53
2023-08-01,8012268,8012902,5,19,49
2023-08-01,8012269,8010153,7,18,13
2023-08-01,8012269,8012269,10,36,11
2023-08-01,8012269,8012362,7,18,13
2023-08-01,8012274,8011592,0,15,0
2023-08-01,8012274,8011718,4,15,12
2023-08-01,8012274,8012274,4,30,11
2023-08-01,8012296,8012296,0,10,0
2023-08-01,8012296,8012517,0,7,0
2023-08-01,8012296,8087006,0,5,0
2023-08-01,8012316,8011281,8,10,192
2023-08-01,8012316,8011778,7,11,202
2023-08-01,8012316,8012316,17,21,219
2023-08-01,8012321,8010381,7,22,79
2023-08-01,8012321,8012264,4,8,161
2023-08-01,8012321,8012321,22,43,88
2023-08-01,8012321,8012384,11,13,55
2023-08-01,8012358,8011694,10,10,231
2023-08-01,8012358,8011953,8,10,312
2023-08-01,8012358,8012358,42,47,338
2023-08-01,8012358,8013352,8,11,297
2023-08-01,8012361,8013409,5,6,25
2023-08-01,8012362,8010322,6,18,15
2023-08-01,8012362,8012269,2,18,5
2023-08-01,8012362,8012362,6,36,6
2023-08-01,8012376,8010241,17,19,115
2023-08-01,8012376,8012376,30,37,115
2023-08-01,8012376,8012758,18,18,160
2023-08-01,8012377,8010300,4,5,246
2023-08-01,8012377,8011140,13,15,218
2023-08-01,8012377,8012377,26,32,217
2023-08-01,8012377,8012818,10,12,245
2023-08-01,8012384,8012264,10,13,69
2023-08-01,8012384,8012321,6,12,135
2023-08-01,8012384,8012384,16,25,107
2023-08-01,8012421,8012421,27,34,215
2023-08-01,8012421,8012555,14,17,208
2023-08-01,8012421,8013017,14,17,229
2023-08-01,8012436,8010199,13,18,55
2023-08-01,8012436,8010348,18,18,115
2023-08-01,8012436,8012436,31,36,61
2023-08-01,8012438,8012438,12,36,19
2023-08-01,8012438,8012840,3,18,15
2023-08-01,8012438,8013105,10,18,25
2023-08-01,8012474,8010156,4,4,128
2023-08-01,8012474,8011442,4,9,63
2023-08-01,8012474,8011726,4,9,60
2023-08-01,8012474,8011951,1,1,180
2023-08-01,8012474,8012474,18,33,72
2023-08-01,8012474,8013018,4,7,81
2023-08-01,8012517,8011939,0,7,0
2023-08-01,8012517,8012296,0,7,0
2023-08-01,8012517,8012517,0,14,0
2023-08-01,8012555,8010339,14,17,180
2023-08-01,8012555,8012421,13,17,222
2023-08-01,8012555,8012555,27,34,198
2023-08-01,8012582,8010300,16,16,120
2023-08-01,8012582,8012582,29,33,172
2023-08-01,8012582,8012584,15,17,268
2023-08-01,8012583,8012584,4,16,64
2023-08-01,8012584,8012582,4,16,54
2023-08-01,8012584,8012583,12,17,244
2023-08-01,8012584,8012584,19,33,162
2023-08-01,8012609,8011031,13,25,95
2023-08-01,8012609,8011735,19,24,78
2023-08-01,8012609,8012609,31,49,81
2023-08-01,8012610,8011213,9,9,230
2023-08-01,8012610,8012610,15,17,265
2023-08-01,8012610,8013393,8,8,379
2023-08-01,8012617,8011992,0,18,0
2023-08-01,8012643,8013354,5,18,27
2023-08-01,8012677,8010156,15,16,178
2023-08-01,8012677,8011248,12,14,163
2023-08-01,8012677,8012677,23,30,163
2023-08-01,8012683,8010210,5,17,102
2023-08-01,8012683,8012683,16,34,182
2023-08-01,8012683,8012684,10,17,256
2023-08-01,8012684,8012683,6,17,116
2023-08-01,8012684,8012684,16,34,189
2023-08-01,8012710,8011356,16,17,593
2023-08-01,8012710,8011707,16,17,522
2023-08-01,8012710,8012710,30,34,581
2023-08-01,8012711,8011017,8,19,128
2023-08-01,8012711,8012711,26,38,242
2023-08-01,8012711,8012835,18,19,325
2023-08-01,8012716,8012262,16,21,164
2023-08-01,8012716,8012716,33,43,200
2023-08-01,8012716,8013073,18,22,254
2023-08-01,8012729,8010016,16,18,80
2023-08-01,8012729,8012108,13,18,45
2023-08-01,8012729,8012729,29,36,39
2023-08-01,8012737,8011908,2,14,13
2023-08-01,8012758,8010227,18,18,172
2023-08-01,8012758,8012376,17,19,84
2023-08-01,8012758,8012758,36,37,131
2023-08-01,8012762,8010300,1,1,270
2023-08-01,8012762,8011027,9,11,314
2023-08-01,8012762,8011611,10,11,259
2023-08-01,8012762,8011778,2,2,150
2023-08-01,8012762,8012762,22,26,247
2023-08-01,8012785,8011270,15,17,111
2023-08-01,8012785,8012785,24,35,95
2023-08-01,8012785,8079629,7,14,54
2023-08-01,8012806,8011140,14,16,221
2023-08-01,8012806,8012806,26,31,194
2023-08-01,8012806,8079629,3,5,192
2023-08-01,8012818,8010300,12,12,338
2023-08-01,8012818,8012377,8,11,172
2023-08-01,8012818,8012818,23,23,252
2023-08-01,8012827,8012005,12,16,79
2023-08-01,8012827,8012827,11,33,41
2023-08-01,8012832,8010210,9,19,186
2023-08-01,8012832,8012146,13,19,243
2023-08-01,8012832,8012832,20,38,218
2023-08-01,8012835,8012711,8,19,141
2023-08-01,8012835,8012835,25,38,235
2023-08-01,8012835,8013104,18,19,319
2023-08-01,8012839,8010179,9,11,150
2023-08-01,8012839,8011213,3,3,120
2023-08-01,8012839,8012839,19,22,158
2023-08-01,8012840,8012108,3,18,12
2023-08-01,8012840,8012438,9,18,23
2023-08-01,8012840,8012840,5,36,13
2023-08-01,8012841,8011729,4,18,30
2023-08-01,8012841,8012841,12,35,50
2023-08-01,8012841,8079604,6,17,67
2023-08-01,8012843,8012146,8,19,201
2023-08-01,8012856,8012002,16,18,165
2023-08-01,8012856,8012109,18,18,295
2023-08-01,8012856,8012856,34,36,212
2023-08-01,8012892,8011109,6,22,56
2023-08-01,8012892,8012892,6,43,29
2023-08-01,8012892,8017349,0,21,0
2023-08-01,8012902,8010141,3,10,51
2023-08-01,8012902,8011702,6,9,107
2023-08-01,8012902,8012268,11,19,62
2023-08-01,8012902,8012902,16,38,51
2023-08-01,8012933,8004177,12,14,276
2023-08-01,8012933,8011230,13,16,156
2023-08-01,8012933,8012933,26,30,234
2023-08-01,8012940,8010325,16,29,42
2023-08-01,8012940,8012264,16,19,180
2023-08-01,8012940,8012940,72,110,105
2023-08-01,8012940,8012951,18,25,115
2023-08-01,8012940,8012953,7,10,57
2023-08-01,8012940,8013186,8,10,93
2023-08-01,8012949,8011939,0,7,0
2023-08-01,8012949,8012949,0,14,0
2023-08-01,8012949,8013232,0,7,0
2023-08-01,8012951,8010156,8,10,87
2023-08-01,8012951,8010173,20,26,142
2023-08-01,8012951,8010325,10,12,160
2023-08-01,8012951,8012940,21,26,205
2023-08-01,8012951,8012951,57,74,157
2023-08-01,8012953,8012940,3,9,13
2023-08-01,8012953,8012953,12,30,22
2023-08-01,8012953,8012960,5,15,22
2023-08-01,8012954,8011718,5,15,16
2023-08-01,8012954,8012954,7,30,16
2023-08-01,8012954,8012960,3,15,10
2023-08-01,8012960,8012953,3,15,8
2023-08-01,8012960,8012954,5,15,24
2023-08-01,8012960,8012960,8,30,18
2023-08-01,8012962,8012962,2,44,8
2023-08-01,8012962,8079084,2,22,15
2023-08-01,8012962,8087025,0,22,0
2023-08-01,8012963,8012963,5,40,18
2023-08-01,8012963,8087025,2,22,12
2023-08-01,8012963,8087026,0,21,0
2023-08-01,8013017,8010241,15,17,226
2023-08-01,8013017,8012421,14,17,215
2023-08-01,8013017,8013017,31,34,228
2023-08-01,8013018,8010267,7,16,56
2023-08-01,8013018,8011442,5,9,70
2023-08-01,8013018,8012474,3,8,15
2023-08-01,8013018,8013018,15,33,52
2023-08-01,8013040,8011797,15,18,72
2023-08-01,8013040,8011995,4,18,20
2023-08-01,8013040,8013040,21,36,38
2023-08-01,8013051,8011646,16,17,455
2023-08-01,8013051,8013051,32,34,476
2023-08-01,8013051,8013177,16,17,482
2023-08-01,8013062,8011017,18,19,332
2023-08-01,8013062,8011778,9,11,183
2023-08-01,8013062,8013062,27,38,223
2023-08-01,8013069,8010156,6,9,80
2023-08-01,8013069,8011951,6,10,54
2023-08-01,8013069,8013069,10,19,60
2023-08-01,8013072,8010273,18,18,278
2023-08-01,8013072,8012143,15,18,117
2023-08-01,8013072,8013072,32,36,220
2023-08-01,8013073,8010173,19,22,221
2023-08-01,8013073,8012716,16,21,159
2023-08-01,8013073,8013073,35,43,200
2023-08-01,8013104,8010210,16,19,284
2023-08-01,8013104,8012835,5,19,137
2023-08-01,8013104,8013104,20,38,208
2023-08-01,8013105,8011797,18,18,125
2023-08-01,8013105,8012438,3,18,17
2023-08-01,8013105,8013105,21,36,54
2023-08-01,8013106,8079604,0,18,0
2023-08-01,8013131,8010179,11,11,142
2023-08-01,8013131,8011456,7,11,175
2023-08-01,8013131,8013131,17,22,161
2023-08-01,8013132,8010392,10,30,143
2023-08-01,8013132,8011108,0,26,0
2023-08-01,8013132,8013132,10,54,81
2023-08-01,8013133,8010392,0,18,0
2023-08-01,8013133,8011992,0,18,0
2023-08-01,8013133,8013133,0,36,0
2023-08-01,8013156,8013162,6,11,101
2023-08-01,8013161,8013161,6,43,27
2023-08-01,8013161,8017349,6,22,49
2023-08-01,8013161,8087027,0,27,0
2023-08-01,8013162,8011456,4,11,55
2023-08-01,8013162,8013156,10,11,191
2023-08-01,8013162,8013162,13,22,130
2023-08-01,8013177,8011356,16,17,526
2023-08-01,8013177,8013051,15,17,554
2023-08-01,8013177,8013177,30,34,529
2023-08-01,8013186,8010051,3,19,22
2023-08-01,8013186,8011215,6,8,49
2023-08-01,8013186,8012264,0,1,0
2023-08-01,8013186,8012940,6,9,43
2023-08-01,8013186,8013186,12,38,36
2023-08-01,8013232,8012949,0,7,0
2023-08-01,8013232,8013232,0,14,0
2023-08-01,8013293,8011731,0,6,0
2023-08-01,8013293,8013293,2,12,35
2023-08-01,8013293,8070946,2,6,60
2023-08-01,8013322,8011481,14,17,496
2023-08-01,8013322,8011707,17,17,418
2023-08-01,8013322,8013322,31,34,454
2023-08-01,8013339,8011889,0,19,0
2023-08-01,8013339,8013339,15,37,146
2023-08-01,8013339,8013340,11,28,172
2023-08-01,8013340,8013339,1,26,6
2023-08-01,8013340,8013340,11,54,89
2023-08-01,8013340,8013341,10,28,162
2023-08-01,8013341,8011108,10,28,164
2023-08-01,8013341,8013340,0,26,0
2023-08-01,8013341,8013341,10,54,85
2023-08-01,8013352,8011778,2,2,555
2023-08-01,8013352,8012358,10,10,204
2023-08-01,8013352,8013352,17,21,216
2023-08-01,8013354,8010325,3,18,25
2023-08-01,8013354,8012643,9,18,23
2023-08-01,8013354,8013354,16,36,32
2023-08-01,8013370,8010173,3,4,165
2023-08-01,8013370,8012009,5,5,234
2023-08-01,8013370,8013370,8,9,200
2023-08-01,8013373,8011481,17,17,332
2023-08-01,8013373,8013373,29,34,391
2023-08-01,8013385,8010392,0,28,0
2023-08-01,8013385,8012086,8,29,83
2023-08-01,8013385,8013385,9,57,44
2023-08-01,8013393,8010213,6,8,308
2023-08-01,8013393,8012610,5,9,183
2023-08-01,8013393,8013393,14,17,256
2023-08-01,8013409,8012361,2,6,40
2023-08-01,8013409,8013409,7,12,40
2023-08-01,8013409,8070946,0,6,0
2023-08-01,8017349,8012892,6,22,60
2023-08-01,8017349,8013161,0,21,0
2023-08-01,8017349,8017349,6,43,27
2023-08-01,8070946,8013293,0,6,0
2023-08-01,8070946,8013409,2,6,55
2023-08-01,8070946,8070946,2,12,28
2023-08-01,8079604,8012841,9,18,20
2023-08-01,8079604,8013106,5,17,58
2023-08-01,8079604,8079604,14,35,38
2023-08-01,8079629,8011735,25,25,151
2023-08-01,8079629,8012785,15,15,108
2023-08-01,8079629,8012806,6,6,170
2023-08-01,8079629,8079629,40,49,94
2023-08-01,8087006,8011015,0,5,0
2023-08-01,8087006,8012296,0,5,0
2023-08-01,8087006,8087006,0,10,0
2023-08-01,8087025,8012962,2,22,14
2023-08-01,8087025,8012963,0,22,0
2023-08-01,8087025,8087025,2,44,6
2023-08-01,8087026,8011109,0,21,0
2023-08-01,8087026,8012963,6,22,60
2023-08-01,8087026,8087026,6,43,29
2023-08-01,8087027,8012065,0,27,0
2023-08-01,8087027,8013161,8,28,73
2023-08-01,8087027,8087027,8,55,38
2023-08-02,8010016,8010016,34,36,113
2023-08-02,8010016,8011031,15,24,78
2023-08-02,8010016,8012729,12,18,93
2023-08-02,8010051,8010051,17,42,64
2023-08-02,8010051,8010153,7,10,69
2023-08-02,8010051,8010322,10,10,213
2023-08-02,8010051,8012264,2,2,60
2023-08-02,8010051,8013186,8,19,32
2023-08-02,8010141,8010141,27,38,115
2023-08-02,8010141,8011702,8,11,90
2023-08-02,8010141,8012651,7,9,167
2023-08-02,8010141,8012902,7,8,146
2023-08-02,8010153,8010051,8,11,95
2023-08-02,8010153,8010153,19,20,117
2023-08-02,8010153,8010284,12,33,53
2023-08-02,8010153,8010322,10,10,87
2023-08-02,8010153,8012269,2,18,5
2023-08-02,8010156,8010156,46,57,163
2023-08-02,8010156,8011230,1,1,360
2023-08-02,8010156,8011798,5,13,65
2023-08-02,8010156,8012009,3,4,188
2023-08-02,8010156,8012474,4,4,210
2023-08-02,8010156,8012677,13,14,163
2023-08-02,8010156,8012951,10,12,315
2023-08-02,8010156,8013069,6,10,111
2023-08-02,8010173,8010173,41,52,190
2023-08-02,8010173,8012951,17,26,283
2023-08-02,8010173,8013073,18,21,97
2023-08-02,8010173,8013370,5,5,198
2023-08-02,8010176,8010176,18,36,57
2023-08-02,8010176,8010381,14,18,110
2023-08-02,8010176,8011995,3,18,15
2023-08-02,8010179,8010179,40,42,622
2023-08-02,8010179,8011536,10,10,873
2023-08-02,8010179,8012418,9,9,743
2023-08-02,8010179,8012839,11,11,428
2023-08-02,8010179,8013131,9,11,385
2023-08-02,8010199,8010199,19,36,51
2023-08-02,8010199,8010284,11,18,58
2023-08-02,8010199,8012436,11,18,47
2023-08-02,8010201,8010201,14,20,194
2023-08-02,8010201,8010273,10,14,122
2023-08-02,8010201,8012093,8,10,165
2023-08-02,8010210,8010210,21,38,102
2023-08-02,8010210,8012683,11,17,152
2023-08-02,8010210,8012832,14,19,152
2023-08-02,8010210,8013104,7,19,44
2023-08-02,8010213,8010213,16,17,355
2023-08-02,8010213,8011689,6,8,390
2023-08-02,8010213,8013393,9,9,310
2023-08-02,8010227,8010227,24,36,92
2023-08-02,8010227,8010348,17,18,157
2023-08-02,8010227,8012758,18,19,69
2023-08-02,8010241,8010241,58,65,265
2023-08-02,8010241,8011025,14,17,323
2023-08-02,8010241,8011293,19,19,366
2023-08-02,8010241,8012376,14,18,112
2023-08-02,8010241,8013017,16,17,291
2023-08-02,8010267,8013018,5,17,34
2023-08-02,8010273,8010201,12,14,249
2023-08-02,8010273,8010273,49,57,225
2023-08-02,8010273,8010284,13,15,336
2023-08-02,8010273,8013072,16,18,200
2023-08-02,8010284,8010153,29,33,215
2023-08-02,8010284,8010199,9,18,43
2023-08-02,8010284,8010273,9,14,146
2023-08-02,8010284,8010284,38,66,134
2023-08-02,8010300,8010300,49,56,190
2023-08-02,8010300,8011611,11,14,227
2023-08-02,8010300,8012377,2,4,105
2023-08-02,8010300,8012582,13,17,157
2023-08-02,8010300,8012818,8,11,87
2023-08-02,8010322,8010051,2,10,9
2023-08-02,8010322,8010153,6,10,39
2023-08-02,8010322,8012362,2,18,3
2023-08-02,8010325,8010325,27,59,73
2023-08-02,8010325,8012940,13,30,102
2023-08-02,8010325,8012951,9,11,101
2023-08-02,8010325,8013354,8,18,32
2023-08-02,8010339,8010339,30,34,262
2023-08-02,8010339,8011213,17,17,330
2023-08-02,8010339,8012555,13,17,244
2023-08-02,8010348,8010227,4,18,22
2023-08-02,8010348,8010348,32,36,86
2023-08-02,8010348,8012436,9,18,52
2023-08-02,8010381,8010176,4,18,18
2023-08-02,8010381,8012321,5,21,29
2023-08-02,8010392,8010392,9,57,48
2023-08-02,8010392,8013132,0,28,0
2023-08-02,8010392,8013133,0,18,0
2023-08-02,8010392,8013385,9,29,95
2023-08-02,8011015,8087006,0,5,0
2023-08-02,8011017,8011017,23,38,126
2023-08-02,8011017,8012711,17,19,226
2023-08-02,8011017,8013062,13,19,46
2023-08-02,8011025,8010241,14,17,309
2023-08-02,8011025,8011025,27,34,308
2023-08-02,8011025,8011646,13,17,295
2023-08-02,8011027,8011027,14,21,214
2023-08-02,8011027,8011281,9,11,284
2023-08-02,8011027,8012762,4,10,126
2023-08-02,8011031,8010016,19,25,89
2023-08-02,8011031,8011031,30,49,73
2023-08-02,8011031,8012609,12,24,70
2023-08-02,8011044,8011044,19,20,801
2023-08-02,8011044,8011438,10,10,849
2023-08-02,8011044,8012021,9,10,774
2023-08-02,8011108,8011108,10,54,108
2023-08-02,8011108,8013132,10,28,208
2023-08-02,8011108,8013341,0,26,0
2023-08-02,8011109,8011109,6,43,31
2023-08-02,8011109,8012892,0,21,0
2023-08-02,8011109,8087026,6,22,55
2023-08-02,8011114,8012005,0,17,0
2023-08-02,8011140,8011140,28,32,139
2023-08-02,8011140,8012377,15,17,187
2023-08-02,8011140,8012806,13,15,108
2023-08-02,8011205,8010399,9,9,497
2023-08-02,8011205,8011205,22,22,461
2023-08-02,8011205,8011307,11,11,450
2023-08-02,8011213,8010339,15,17,224
2023-08-02,8011213,8011213,34,34,311
2023-08-02,8011213,8012610,7,8,409
2023-08-02,8011213,8012839,2,2,105
2023-08-02,8011230,8004177,1,1,270
2023-08-02,8011230,8011230,26,31,192
2023-08-02,8011230,8011248,15,16,234
2023-08-02,8011230,8012933,11,14,186
2023-08-02,8011248,8011230,9,14,141
2023-08-02,8011248,8011248,24,30,202
2023-08-02,8011248,8012677,13,16,249
2023-08-02,8011270,8011270,14,35,46
2023-08-02,8011270,8011729,12,17,90
2023-08-02,8011270,8012785,2,18,13
2023-08-02,8011281,8011027,4,10,90
2023-08-02,8011281,8011281,14,21,187
2023-08-02,8011281,8012316,10,11,226
2023-08-02,8011286,8011286,18,38,212
2023-08-02,8011286,8011889,17,19,412
2023-08-02,8011286,8011991,0,19,0
2023-08-02,8011293,8010241,16,19,439
2023-08-02,8011293,8011293,35,38,447
2023-08-02,8011293,8011307,11,11,447
2023-08-02,8011307,8011205,11,11,431
2023-08-02,8011307,8011293,11,11,445
2023-08-02,8011307,8011307,22,22,440
2023-08-02,8011356,8011356,29,34,440
2023-08-02,8011356,8012710,15,17,432
2023-08-02,8011356,8013177,14,17,439
2023-08-02,8011438,8011044,9,10,777
2023-08-02,8011438,8011438,20,20,834
2023-08-02,8011438,8011536,10,10,855
2023-08-02,8011442,8011442,11,18,75
2023-08-02,8011442,8012474,7,9,80
2023-08-02,8011442,8013018,4,9,60
2023-08-02,8011456,8011456,13,22,232
2023-08-02,8011456,8013131,10,11,196
2023-08-02,8011456,8013162,11,11,401
2023-08-02,8011481,8011481,30,34,321
2023-08-02,8011481,8013322,17,17,277
2023-08-02,8011481,8013373,13,17,358
2023-08-02,8011536,8010179,10,10,867
2023-08-02,8011536,8011438,10,10,852
2023-08-02,8011536,8011536,20,20,856
2023-08-02,8011592,8011592,3,28,6
2023-08-02,8011592,8011908,3,14,13
2023-08-02,8011592,8012274,0,15,0
2023-08-02,8011611,8010300,11,12,198
2023-08-02,8011611,8011611,21,26,230
2023-08-02,8011611,8012762,11,13,282
2023-08-02,8011646,8011025,16,17,349
2023-08-02,8011646,8011646,30,34,337
2023-08-02,8011646,8013051,13,17,259
2023-08-02,8011681,8011681,14,20,290
2023-08-02,8011681,8011994,7,10,144
2023-08-02,8011681,8012262,9,10,453
2023-08-02,8011689,5100145,5,8,360
2023-08-02,8011689,8010213,7,9,287
2023-08-02,8011689,8011689,13,17,316
2023-08-02,8011694,8011694,34,38,519
2023-08-02,8011694,8011723,17,19,652
2023-08-02,8011694,8011953,9,9,307
2023-08-02,8011694,8012358,10,10,846
2023-08-02,8011702,8010141,7,9,157
2023-08-02,8011702,8011702,14,20,112
2023-08-02,8011702,8012902,7,11,85
2023-08-02,8011707,8011707,32,34,451
2023-08-02,8011707,8012710,16,17,579
2023-08-02,8011707,8013322,16,17,422
2023-08-02,8011718,8011718,6,30,26
2023-08-02,8011718,8012274,4,15,20
2023-08-02,8011718,8012954,3,15,32
2023-08-02,8011723,8011694,15,19,441
2023-08-02,8011723,8011723,32,38,534
2023-08-02,8011723,8012021,10,10,849
2023-08-02,8011726,8011726,12,18,77
2023-08-02,8011726,8011951,6,8,60
2023-08-02,8011726,8012474,6,9,77
2023-08-02,8011729,8011270,2,18,10
2023-08-02,8011729,8011729,12,35,38
2023-08-02,8011729,8012841,6,17,55
2023-08-02,8011731,8011731,8,12,50
2023-08-02,8011731,8013293,3,6,40
2023-08-02,8011735,8011735,42,49,96
2023-08-02,8011735,8012609,15,25,76
2023-08-02,8011735,8079629,19,24,69
2023-08-02,8011778,8011778,20,26,204
2023-08-02,8011778,8012316,7,10,186
2023-08-02,8011778,8012762,2,3,200
2023-08-02,8011778,8013062,8,10,210
2023-08-02,8011778,8013352,2,2,225
2023-08-02,8011797,8011797,33,36,108
2023-08-02,8011797,8013040,12,18,107
2023-08-02,8011797,8013105,9,18,75
2023-08-02,8011798,8010156,13,13,39
2023-08-02,8011864,8003774,15,19,106
2023-08-02,8011864,8011864,25,38,92
2023-08-02,8011864,8012268,10,19,68
2023-08-02,8011889,8011286,0,19,0
2023-08-02,8011889,8011889,18,38,211
2023-08-02,8011889,8013339,18,19,433
2023-08-02,8011908,8011592,0,14,0
2023-08-02,8011908,8011908,2,28,5
2023-08-02,8011908,8012737,2,14,11
2023-08-02,8011939,8011939,0,14,0
2023-08-02,8011939,8012517,0,7,0
2023-08-02,8011939,8012949,0,7,0
2023-08-02,8011951,8011726,8,9,113
2023-08-02,8011951,8011951,13,19,81
2023-08-02,8011951,8012474,0,1,0
2023-08-02,8011951,8013069,1,9,3
2023-08-02,8011953,8011694,8,9,420
2023-08-02,8011953,8011953,18,20,426
2023-08-02,8011953,8012358,10,10,465
2023-08-02,8011991,8011286,18,19,415
2023-08-02,8011991,8011991,18,38,205
2023-08-02,8011992,8011992,0,36,0
2023-08-02,8011992,8012617,0,18,0
2023-08-02,8011992,8013133,0,18,0
2023-08-02,8011995,8010176,11,18,87
2023-08-02,8011995,8011995,14,36,52
2023-08-02,8011995,8013040,5,18,20
2023-08-02,8012005,8011114,13,17,79
2023-08-02,8012005,8012005,6,34,29
2023-08-02,8012005,8012827,0,17,0
2023-08-02,8012009,8010156,5,5,222
2023-08-02,8012009,8012009,8,9,200
2023-08-02,8012009,8013370,3,4,202
2023-08-02,8012021,8011044,10,10,828
2023-08-02,8012021,8011723,10,10,783
2023-08-02,8012021,8012021,20,20,820
2023-08-02,8012065,8012065,9,55,41
2023-08-02,8012065,8012086,0,27,0
2023-08-02,8012065,8087027,9,28,80
2023-08-02,8012086,8012065,9,28,86
2023-08-02,8012086,8012086,9,55,46
2023-08-02,8012086,8013385,0,28,0
2023-08-02,8012093,8010201,7,10,114
2023-08-02,8012093,8010399,8,9,177
2023-08-02,8012093,8012093,13,20,112
2023-08-02,8012108,8012108,21,36,78
2023-08-02,8012108,8012729,9,18,65
2023-08-02,8012108,8012840,10,18,78
2023-08-02,8012109,8012109,32,36,239
2023-08-02,8012109,8012143,18,18,272
2023-08-02,8012109,8012856,14,18,193
2023-08-02,8012143,8012109,16,18,225
2023-08-02,8012143,8012143,34,36,262
2023-08-02,8012143,8013072,17,18,350
2023-08-02,8012146,8012146,20,38,99
2023-08-02,8012146,8012832,7,19,55
2023-08-02,8012146,8012843,13,19,147
2023-08-02,8012262,8011681,5,10,72
2023-08-02,8012262,8012262,33,43,190
2023-08-02,8012262,8012716,14,22,293
2023-08-02,8012264,8010051,1,2,30
2023-08-02,8012264,8012264,38,58,100
2023-08-02,8012264,8012321,8,10,276
2023-08-02,8012264,8012384,9,12,65
2023-08-02,8012264,8012940,17,20,74
2023-08-02,8012268,8011864,14,19,101
2023-08-02,8012268,8012268,22,38,92
2023-08-02,8012268,8012902,10,19,55
2023-08-02,8012269,8010153,7,18,13
2023-08-02,8012269,8012269,4,36,8
2023-08-02,8012269,8012362,2,18,8
2023-08-02,8012274,8011592,4,15,20
2023-08-02,8012274,8011718,0,15,0
2023-08-02,8012274,8012274,4,30,11
2023-08-02,8012296,8012296,0,10,0
2023-08-02,8012296,8012517,0,7,0
2023-08-02,8012296,8087006,0,5,0
2023-08-02,8012316,8011281,7,10,159
2023-08-02,8012316,8011778,8,11,207
2023-08-02,8012316,8012316,17,21,194
2023-08-02,8012321,8010381,6,22,112
2023-08-02,8012321,8012264,3,8,26
2023-08-02,8012321,8012321,16,43,96
2023-08-02,8012321,8012384,6,13,99
2023-08-02,8012358,8011694,10,10,633
2023-08-02,8012358,8011953,9,10,441
2023-08-02,8012358,8012358,43,47,506
2023-08-02,8012358,8013352,11,11,406
2023-08-02,8012361,8013409,2,6,15
2023-08-02,8012362,8010322,6,18,15
2023-08-02,8012362,8012269,2,18,5
2023-08-02,8012362,8012362,3,36,6
2023-08-02,8012376,8010241,12,19,62
2023-08-02,8012376,8012376,23,37,89
2023-08-02,8012376,8012758,16,18,150
2023-08-02,8012377,8010300,4,5,210
2023-08-02,8012377,8011140,12,15,110
2023-08-02,8012377,8012377,27,32,132
2023-08-02,8012377,8012818,9,12,140
2023-08-02,8012384,8012264,7,13,113
2023-08-02,8012384,8012321,3,12,42
2023-08-02,8012384,8012384,11,25,85
2023-08-02,8012421,8012421,29,34,270
2023-08-02,8012421,8012555,15,17,304
2023-08-02,8012421,8013017,15,17,265
2023-08-02,8012436,8010199,11,18,63
2023-08-02,8012436,8010348,15,18,103
2023-08-02,8012436,8012436,26,36,61
2023-08-02,8012438,8012438,21,36,84
2023-08-02,8012438,8012840,9,18,78
2023-08-02,8012438,8013105,12,18,92
2023-08-02,8012474,8010156,3,4,112
2023-08-02,8012474,8011442,5,9,60
2023-08-02,8012474,8011726,6,9,73
2023-08-02,8012474,8011951,1,1,30
2023-08-02,8012474,8012474,16,33,75
2023-08-02,8012474,8013018,3,7,103
2023-08-02,8012517,8011939,0,7,0
2023-08-02,8012517,8012296,0,7,0
2023-08-02,8012517,8012517,0,14,0
2023-08-02,8012555,8010339,13,17,289
2023-08-02,8012555,8012421,14,17,256
2023-08-02,8012555,8012555,29,34,273
2023-08-02,8012582,8010300,15,16,47
2023-08-02,8012582,8012582,27,33,88
2023-08-02,8012582,8012584,13,17,155
2023-08-02,8012583,8012584,1,16,15
2023-08-02,8012584,8012582,1,16,13
2023-08-02,8012584,8012583,11,17,134
2023-08-02,8012584,8012584,14,33,84
2023-08-02,8012609,8011031,16,25,72
2023-08-02,8012609,8011735,18,24,96
2023-08-02,8012609,8012609,32,49,77
2023-08-02,8012610,8011213,9,9,330
2023-08-02,8012610,8012610,16,17,355
2023-08-02,8012610,8013393,8,8,439
2023-08-02,8012617,8011992,0,18,0
2023-08-02,8012643,8013354,7,18,95
2023-08-02,8012677,8010156,13,16,262
2023-08-02,8012677,8011248,11,14,146
2023-08-02,8012677,8012677,26,30,202
2023-08-02,8012683,8010210,6,17,19
2023-08-02,8012683,8012683,17,34,85
2023-08-02,8012683,8012684,11,17,145
2023-08-02,8012684,8012683,5,17,26
2023-08-02,8012684,8012684,16,34,86
2023-08-02,8012710,8011356,17,17,521
2023-08-02,8012710,8011707,16,17,434
2023-08-02,8012710,8012710,31,34,495
2023-08-02,8012711,8011017,4,19,19
2023-08-02,8012711,8012711,20,38,123
2023-08-02,8012711,8012835,16,19,205
2023-08-02,8012716,8012262,16,21,91
2023-08-02,8012716,8012716,28,43,183
2023-08-02,8012716,8013073,14,22,289
2023-08-02,8012729,8010016,17,18,130
2023-08-02,8012729,8012108,13,18,107
2023-08-02,8012729,8012729,26,36,95
2023-08-02,8012737,8011908,0,14,0
2023-08-02,8012758,8010227,13,18,148
2023-08-02,8012758,8012376,16,19,63
2023-08-02,8012758,8012758,34,37,126
2023-08-02,8012762,8010300,1,1,540
2023-08-02,8012762,8011027,10,11,314
2023-08-02,8012762,8011611,9,11,155
2023-08-02,8012762,8011778,2,2,60
2023-08-02,8012762,8012762,21,26,196
2023-08-02,8012785,8011270,9,17,74
2023-08-02,8012785,8012785,18,35,58
2023-08-02,8012785,8079629,7,14,51
2023-08-02,8012806,8011140,12,16,139
2023-08-02,8012806,8012806,25,31,105
2023-08-02,8012806,8079629,4,5,84
2023-08-02,8012818,8010300,12,12,242
2023-08-02,8012818,8012377,6,11,55
2023-08-02,8012818,8012818,21,23,136
2023-08-02,8012827,8012005,5,16,64
2023-08-02,8012827,8012827,5,33,32
2023-08-02,8012832,8010210,5,19,43
2023-08-02,8012832,8012146,13,19,129
2023-08-02,8012832,8012832,18,38,90
2023-08-02,8012835,8012711,4,19,25
2023-08-02,8012835,8012835,21,38,118
2023-08-02,8012835,8013104,17,19,204
2023-08-02,8012839,8010179,10,11,286
2023-08-02,8012839,8011213,3,3,230
2023-08-02,8012839,8012839,21,22,360
2023-08-02,8012840,8012108,9,18,68
2023-08-02,8012840,8012438,12,18,90
2023-08-02,8012840,8012840,19,36,81
2023-08-02,8012841,8011729,2,18,10
2023-08-02,8012841,8012841,8,35,27
2023-08-02,8012841,8079604,6,17,39
2023-08-02,8012843,8012146,6,19,49
2023-08-02,8012856,8012002,17,18,242
2023-08-02,8012856,8012109,18,18,260
2023-08-02,8012856,8012856,34,36,237
2023-08-02,8012892,8011109,6,22,60
2023-08-02,8012892,8012892,6,43,31
2023-08-02,8012892,8017349,0,21,0
2023-08-02,8012902,8010141,6,10,48
2023-08-02,8012902,8011702,7,9,113
2023-08-02,8012902,8012268,12,19,131
2023-08-02,8012902,8012902,20,38,84
2023-08-02,8012933,8004177,12,14,204
2023-08-02,8012933,8011230,16,16,227
2023-08-02,8012933,8012933,27,30,214
2023-08-02,8012940,8010325,11,29,48
2023-08-02,8012940,8012264,14,19,257
2023-08-02,8012940,8012940,66,110,147
2023-08-02,8012940,8012951,17,25,58
2023-08-02,8012940,8012953,9,10,147
2023-08-02,8012940,8013186,9,10,267
2023-08-02,8012949,8011939,0,7,0
2023-08-02,8012949,8012949,0,14,0
2023-08-02,8012949,8013232,0,7,0
2023-08-02,8012951,8010156,9,10,90
2023-08-02,8012951,8010173,21,26,84
2023-08-02,8012951,8010325,6,12,98
2023-08-02,8012951,8012940,20,26,368
2023-08-02,8012951,8012951,56,74,187
2023-08-02,8012953,8012940,1,9,7
2023-08-02,8012953,8012953,11,30,50
2023-08-02,8012953,8012960,6,15,70
2023-08-02,8012954,8011718,6,15,56
2023-08-02,8012954,8012954,7,30,44
2023-08-02,8012954,8012960,2,15,20
2023-08-02,8012960,8012953,2,15,20
2023-08-02,8012960,8012954,6,15,70
2023-08-02,8012960,8012960,8,30,47
2023-08-02,8012962,8012962,3,44,9
2023-08-02,8012962,8079084,2,22,16
2023-08-02,8012962,8087025,1,22,1
2023-08-02,8012963,8012963,6,40,21
2023-08-02,8012963,8087025,2,22,14
2023-08-02,8012963,8087026,0,21,0
2023-08-02,8013017,8010241,14,17,281
2023-08-02,8013017,8012421,14,17,289
2023-08-02,8013017,8013017,31,34,289
2023-08-02,8013018,8010267,8,16,77
2023-08-02,8013018,8011442,7,9,87
2023-08-02,8013018,8012474,5,8,22
2023-08-02,8013018,8013018,19,33,68
2023-08-02,8013040,8011797,15,18,62
2023-08-02,8013040,8011995,11,18,83
2023-08-02,8013040,8013040,27,36,65
2023-08-02,8013051,8011646,17,17,364
2023-08-02,8013051,8013051,33,34,359
2023-08-02,8013051,8013177,16,17,362
2023-08-02,8013062,8011017,17,19,219
2023-08-02,8013062,8011778,9,11,147
2023-08-02,8013062,8013062,30,38,130
2023-08-02,8013069,8010156,2,9,23
2023-08-02,8013069,8011951,7,10,126
2023-08-02,8013069,8013069,7,19,66
2023-08-02,8013072,8010273,17,18,308
2023-08-02,8013072,8012143,13,18,197
2023-08-02,8013072,8013072,30,36,262
2023-08-02,8013073,8010173,11,22,278
2023-08-02,8013073,8012716,17,21,89
2023-08-02,8013073,8013073,31,43,190
2023-08-02,8013104,8010210,13,19,177
2023-08-02,8013104,8012835,4,19,32
2023-08-02,8013104,8013104,17,38,106
2023-08-02,8013105,8011797,18,18,195
2023-08-02,8013105,8012438,9,18,80
2023-08-02,8013105,8013105,27,36,116
2023-08-02,8013106,8079604,0,18,0
2023-08-02,8013131,8010179,11,11,371
2023-08-02,8013131,8011456,9,11,385
2023-08-02,8013131,8013131,19,22,370
2023-08-02,8013132,8010392,10,30,185
2023-08-02,8013132,8011108,0,26,0
2023-08-02,8013132,8013132,10,54,103
2023-08-02,8013133,8010392,0,18,0
2023-08-02,8013133,8011992,0,18,0
2023-08-02,8013133,8013133,0,36,0
2023-08-02,8013156,8013162,8,11,262
2023-08-02,8013161,8013161,6,43,29
2023-08-02,8013161,8017349,6,22,49
2023-08-02,8013161,8087027,0,27,0
2023-08-02,8013162,8011456,4,11,172
2023-08-02,8013162,8013156,11,11,415
2023-08-02,8013162,8013162,18,22,326
2023-08-02,8013177,8011356,16,17,420
2023-08-02,8013177,8013051,15,17,473
2023-08-02,8013177,8013177,31,34,417
2023-08-02,8013186,8010051,7,19,90
2023-08-02,8013186,8011215,5,8,45
2023-08-02,8013186,8012264,1,1,30
2023-08-02,8013186,8012940,7,9,50
2023-08-02,8013186,8013186,13,38,65
2023-08-02,8013232,8012949,0,7,0
2023-08-02,8013232,8013232,0,14,0
2023-08-02,8013293,8011731,4,6,25
2023-08-02,8013293,8013293,2,12,12
2023-08-02,8013293,8070946,1,6,20
2023-08-02,8013322,8011481,16,17,394
2023-08-02,8013322,8011707,17,17,332
2023-08-02,8013322,8013322,33,34,365
2023-08-02,8013339,8011889,0,19,0
2023-08-02,8013339,8013339,18,37,190
2023-08-02,8013339,8013340,11,28,216
2023-08-02,8013340,8013339,0,26,0
2023-08-02,8013340,8013340,11,54,112
2023-08-02,8013340,8013341,10,28,205
2023-08-02,8013341,8011108,10,28,208
2023-08-02,8013341,8013340,0,26,0
2023-08-02,8013341,8013341,10,54,108
2023-08-02,8013352,8011778,2,2,180
2023-08-02,8013352,8012358,9,10,222
2023-08-02,8013352,8013352,20,21,270
2023-08-02,8013354,8010325,6,18,108
2023-08-02,8013354,8012643,4,18,22
2023-08-02,8013354,8013354,15,36,67
2023-08-02,8013370,8010173,3,4,232
2023-08-02,8013370,8012009,5,5,198
2023-08-02,8013370,8013370,8,9,203
2023-08-02,8013373,8011481,17,17,279
2023-08-02,8013373,8013373,28,34,310
2023-08-02,8013385,8010392,0,28,0
2023-08-02,8013385,8012086,9,29,91
2023-08-02,8013385,8013385,9,57,48
2023-08-02,8013393,8010213,7,8,398
2023-08-02,8013393,8012610,8,9,287
2023-08-02,8013393,8013393,15,17,346
2023-08-02,8013409,8012361,1,6,10
2023-08-02,8013409,8013409,2,12,8
2023-08-02,8013409,8070946,1,6,5
2023-08-02,8017349,8012892,6,22,65
2023-08-02,8017349,8013161,0,21,0
2023-08-02,8017349,8017349,6,43,29
2023-08-02,8070946,8013293,1,6,5
2023-08-02,8070946,8013409,1,6,15
2023-08-02,8070946,8070946,2,12,15
2023-08-02,8079604,8012841,6,18,10
2023-08-02,8079604,8013106,6,17,42
2023-08-02,8079604,8079604,12,35,24
2023-08-02,8079629,8011735,25,25,119
2023-08-02,8079629,8012785,12,15,96
2023-08-02,8079629,8012806,5,6,105
2023-08-02,8079629,8079629,39,49,82
2023-08-02,8087006,8011015,0,5,0
2023-08-02,8087006,8012296,0,5,0
2023-08-02,8087006,8087006,0,10,0
2023-08-02,8087025,8012962,2,22,16
2023-08-02,8087025,8012963,0,22,0
2023-08-02,8087025,8087025,3,44,8
2023-08-02,8087026,8011109,0,21,0
2023-08-02,8087026,8012963,6,22,63
2023-08-02,8087026,8087026,6,43,31
2023-08-02,8087027,8012065,0,27,0
2023-08-02,8087027,8013161,9,28,79
2023-08-02,8087027,8087027,9,55,41
2023-08-03,8010016,8010016,31,36,103
2023-08-03,8010016,8011031,15,24,108
2023-08-03,8010016,8012729,10,18,77
2023-08-03,8010051,8010051,19,42,79
2023-08-03,8010051,8010153,7,10,39
2023-08-03,8010051,8010322,9,10,156
2023-08-03,8010051,8012264,1,2,45
2023-08-03,8010051,8013186,11,19,90
2023-08-03,8010141,8010141,28,38,137
2023-08-03,8010141,8011702,9,11,150
2023-08-03,8010141,8012651,6,9,163
2023-08-03,8010141,8012902,7,8,128
2023-08-03,8010153,8010051,8,11,131
2023-08-03,8010153,8010153,17,20,68
2023-08-03,8010153,8010284,11,33,42
2023-08-03,8010153,8010322,10,10,138
2023-08-03,8010153,8012269,5,18,13
2023-08-03,8010156,8010156,53,57,207
2023-08-03,8010156,8011230,1,1,1020
2023-08-03,8010156,8011798,10,13,138
2023-08-03,8010156,8012009,4,4,240
2023-08-03,8010156,8012474,3,4,442
2023-08-03,8010156,8012677,14,14,266
2023-08-03,8010156,8012951,10,12,198
2023-08-03,8010156,8013069,5,10,69
2023-08-03,8010173,8010173,36,52,114
2023-08-03,8010173,8012951,16,26,151
2023-08-03,8010173,8013073,15,21,101
2023-08-03,8010173,8013370,4,5,66
2023-08-03,8010176,8010176,11,36,34
2023-08-03,8010176,8010381,6,18,57
2023-08-03,8010176,8011995,2,18,5
2023-08-03,8010179,8010179,40,42,511
2023-08-03,8010179,8011536,10,10,933
2023-08-03,8010179,8012418,9,9,913
2023-08-03,8010179,8012839,11,11,270
2023-08-03,8010179,8013131,9,11,338
2023-08-03,8010199,8010199,20,36,30
2023-08-03,8010199,8010284,9,18,35
2023-08-03,8010199,8012436,14,18,38
2023-08-03,8010201,8010201,16,20,252
2023-08-03,8010201,8010273,13,14,246
2023-08-03,8010201,8012093,7,10,180
2023-08-03,8010210,8010210,23,38,92
2023-08-03,8010210,8012683,11,16,124
2023-08-03,8010210,8012832,12,18,118
2023-08-03,8010210,8013104,10,19,62
2023-08-03,8010213,8010213,16,17,344
2023-08-03,8010213,8011689,7,8,360
2023-08-03,8010213,8013393,9,9,330
2023-08-03,8010227,8010227,21,36,87
2023-08-03,8010227,8010348,17,18,180
2023-08-03,8010227,8012758,16,19,36
2023-08-03,8010241,8010241,55,65,459
2023-08-03,8010241,8011025,11,17,406
2023-08-03,8010241,8011293,15,19,905
2023-08-03,8010241,8012376,12,18,117
2023-08-03,8010241,8013017,15,17,291
2023-08-03,8010267,8013018,5,17,99
2023-08-03,8010273,8010201,14,14,396
2023-08-03,8010273,8010273,48,57,312
2023-08-03,8010273,8010284,13,15,394
2023-08-03,8010273,8013072,13,18,250
2023-08-03,8010284,8010153,27,33,239
2023-08-03,8010284,8010199,11,18,30
2023-08-03,8010284,8010273,5,14,118
2023-08-03,8010284,8010284,40,66,136
2023-08-03,8010300,8010300,52,56,313
2023-08-03,8010300,8011611,13,14,212
2023-08-03,8010300,8012377,4,4,165
2023-08-03,8010300,8012582,15,17,376
2023-08-03,8010300,8012818,9,11,406
2023-08-03,8010322,8010051,6,10,36
2023-08-03,8010322,8010153,5,10,63
2023-08-03,8010322,8012362,5,18,13
2023-08-03,8010325,8010325,21,59,27
2023-08-03,8010325,8012940,10,30,27
2023-08-03,8010325,8012951,7,11,30
2023-08-03,8010325,8013354,5,18,38
2023-08-03,8010339,8010339,28,34,357
2023-08-03,8010339,8011213,16,17,385
2023-08-03,8010339,8012555,13,17,424
2023-08-03,8010348,8010227,1,18,2
2023-08-03,8010348,8010348,33,36,69
2023-08-03,8010348,8012436,3,18,13
2023-08-03,8010381,8010176,1,18,3
2023-08-03,8010381,8012321,5,21,20
2023-08-03,8010392,8010392,13,57,55
2023-08-03,8010392,8013132,1,28,4
2023-08-03,8010392,8013133,0,18,0
2023-08-03,8010392,8013385,12,29,102
2023-08-03,8011015,8087006,0,5,0
2023-08-03,8011017,8011017,19,38,106
2023-08-03,8011017,8012711,15,19,147
2023-08-03,8011017,8013062,9,19,109
2023-08-03,8011025,8010241,16,17,888
2023-08-03,8011025,8011025,26,34,634
2023-08-03,8011025,8011646,12,17,406
2023-08-03,8011027,8011027,15,21,187
2023-08-03,8011027,8011281,9,11,202
2023-08-03,8011027,8012762,6,10,156
2023-08-03,8011031,8010016,18,25,131
2023-08-03,8011031,8011031,32,49,109
2023-08-03,8011031,8012609,14,24,98
2023-08-03,8011044,8011044,20,20,628
2023-08-03,8011044,8011438,10,10,462
2023-08-03,8011044,8012021,10,10,834
2023-08-03,8011108,8011108,14,54,81
2023-08-03,8011108,8013132,13,28,152
2023-08-03,8011108,8013341,1,26,5
2023-08-03,8011109,8011109,9,43,42
2023-08-03,8011109,8012892,1,21,11
2023-08-03,8011109,8087026,7,22,63
2023-08-03,8011114,8012005,0,17,0
2023-08-03,8011140,8011140,28,32,337
2023-08-03,8011140,8012377,16,17,356
2023-08-03,8011140,8012806,10,15,370
2023-08-03,8011205,8010399,9,9,1090
2023-08-03,8011205,8011205,20,22,766
2023-08-03,8011205,8011307,9,11,581
2023-08-03,8011213,8010339,14,17,339
2023-08-03,8011213,8011213,32,34,388
2023-08-03,8011213,8012610,8,8,368
2023-08-03,8011213,8012839,2,2,255
2023-08-03,8011230,8004177,1,1,1110
2023-08-03,8011230,8011230,27,31,263
2023-08-03,8011230,8011248,15,16,204
2023-08-03,8011230,8012933,14,14,300
2023-08-03,8011248,8011230,14,14,264
2023-08-03,8011248,8011248,28,30,229
2023-08-03,8011248,8012677,14,16,201
2023-08-03,8011270,8011270,22,35,177
2023-08-03,8011270,8011729,13,17,282
2023-08-03,8011270,8012785,8,18,90
2023-08-03,8011281,8011027,4,10,132
2023-08-03,8011281,8011281,13,21,159
2023-08-03,8011281,8012316,9,11,153
2023-08-03,8011286,8011286,20,38,201
2023-08-03,8011286,8011889,17,19,354
2023-08-03,8011286,8011991,1,19,32
2023-08-03,8011293,8010241,13,19,452
2023-08-03,8011293,8011293,33,38,694
2023-08-03,8011293,8011307,11,11,938
2023-08-03,8011307,8011205,11,11,938
2023-08-03,8011307,8011293,10,11,584
2023-08-03,8011307,8011307,20,22,758
2023-08-03,8011356,8011356,33,34,874
2023-08-03,8011356,8012710,16,17,665
2023-08-03,8011356,8013177,17,17,1115
2023-08-03,8011438,8011044,10,10,858
2023-08-03,8011438,8011438,19,20,692
2023-08-03,8011438,8011536,9,10,489
2023-08-03,8011442,8011442,13,18,193
2023-08-03,8011442,8012474,7,9,220
2023-08-03,8011442,8013018,6,9,157
2023-08-03,8011456,8011456,18,22,262
2023-08-03,8011456,8013131,10,11,205
2023-08-03,8011456,8013162,10,11,357
2023-08-03,8011481,8011481,33,34,611
2023-08-03,8011481,8013322,17,17,658
2023-08-03,8011481,8013373,15,17,628
2023-08-03,8011536,8010179,9,10,468
2023-08-03,8011536,8011438,10,10,921
2023-08-03,8011536,8011536,19,20,708
2023-08-03,8011592,8011592,6,28,18
2023-08-03,8011592,8011908,1,14,2
2023-08-03,8011592,8012274,5,15,26
2023-08-03,8011611,8010300,10,12,230
2023-08-03,8011611,8011611,24,26,240
2023-08-03,8011611,8012762,13,13,261
2023-08-03,8011646,8011025,15,17,893
2023-08-03,8011646,8011646,29,34,664
2023-08-03,8011646,8013051,12,17,390
2023-08-03,8011681,8011681,15,20,147
2023-08-03,8011681,8011994,8,10,126
2023-08-03,8011681,8012262,8,10,219
2023-08-03,8011689,5100145,6,8,322
2023-08-03,8011689,8010213,7,9,293
2023-08-03,8011689,8011689,14,17,307
2023-08-03,8011694,8011694,37,38,518
2023-08-03,8011694,8011723,19,19,471
2023-08-03,8011694,8011953,9,9,370
2023-08-03,8011694,8012358,10,10,1086
2023-08-03,8011702,8010141,6,9,113
2023-08-03,8011702,8011702,12,20,106
2023-08-03,8011702,8012902,8,11,104
2023-08-03,8011707,8011707,32,34,816
2023-08-03,8011707,8012710,16,17,1166
2023-08-03,8011707,8013322,16,17,686
2023-08-03,8011718,8011718,9,30,14
2023-08-03,8011718,8012274,2,15,4
2023-08-03,8011718,8012954,6,15,20
2023-08-03,8011723,8011694,15,19,486
2023-08-03,8011723,8011723,34,38,482
2023-08-03,8011723,8012021,9,10,447
2023-08-03,8011726,8011726,15,18,208
2023-08-03,8011726,8011951,8,8,259
2023-08-03,8011726,8012474,7,9,203
2023-08-03,8011729,8011270,8,18,83
2023-08-03,8011729,8011729,22,35,156
2023-08-03,8011729,8012841,13,17,191
2023-08-03,8011731,8011731,8,12,150
2023-08-03,8011731,8013293,5,6,245
2023-08-03,8011735,8011735,41,49,127
2023-08-03,8011735,8012609,17,25,114
2023-08-03,8011735,8079629,16,24,130
2023-08-03,8011778,8011778,21,26,182
2023-08-03,8011778,8012316,7,10,162
2023-08-03,8011778,8012762,3,3,330
2023-08-03,8011778,8013062,9,10,153
2023-08-03,8011778,8013352,2,2,120
2023-08-03,8011797,8011797,31,36,89
2023-08-03,8011797,8013040,11,18,88
2023-08-03,8011797,8013105,7,18,60
2023-08-03,8011798,8010156,13,13,157
2023-08-03,8011864,8003774,15,19,85
2023-08-03,8011864,8011864,26,38,88
2023-08-03,8011864,8012268,11,19,82
2023-08-03,8011889,8011286,1,19,32
2023-08-03,8011889,8011889,20,38,200
2023-08-03,8011889,8013339,19,19,385
2023-08-03,8011908,8011592,7,14,184
2023-08-03,8011908,8011908,7,28,168
2023-08-03,8011908,8012737,0,14,0
2023-08-03,8011939,8011939,0,14,0
2023-08-03,8011939,8012517,0,7,0
2023-08-03,8011939,8012949,0,7,0
2023-08-03,8011951,8011726,8,9,153
2023-08-03,8011951,8011951,15,19,148
2023-08-03,8011951,8012474,0,1,0
2023-08-03,8011951,8013069,5,9,193
2023-08-03,8011953,8011694,9,9,483
2023-08-03,8011953,8011953,19,20,436
2023-08-03,8011953,8012358,9,10,516
2023-08-03,8011991,8011286,19,19,365
2023-08-03,8011991,8011991,19,38,194
2023-08-03,8011992,8011992,0,36,0
2023-08-03,8011992,8012617,0,18,0
2023-08-03,8011992,8013133,0,18,0
2023-08-03,8011995,8010176,8,18,72
2023-08-03,8011995,8011995,10,36,39
2023-08-03,8011995,8013040,4,18,10
2023-08-03,8012005,8011114,14,17,58
2023-08-03,8012005,8012005,5,34,18
2023-08-03,8012005,8012827,0,17,0
2023-08-03,8012009,8010156,5,5,78
2023-08-03,8012009,8012009,8,9,140
2023-08-03,8012009,8013370,4,4,240
2023-08-03,8012021,8011044,9,10,420
2023-08-03,8012021,8011723,10,10,858
2023-08-03,8012021,8012021,19,20,650
2023-08-03,8012065,8012065,12,55,47
2023-08-03,8012065,8012086,1,27,11
2023-08-03,8012065,8087027,11,28,84
2023-08-03,8012086,8012065,11,28,90
2023-08-03,8012086,8012086,12,55,52
2023-08-03,8012086,8013385,1,28,5
2023-08-03,8012093,8010201,8,10,255
2023-08-03,8012093,8010399,8,9,223
2023-08-03,8012093,8012093,11,20,196
2023-08-03,8012108,8012108,16,36,67
2023-08-03,8012108,8012729,6,18,55
2023-08-03,8012108,8012840,9,18,72
2023-08-03,8012109,8012109,35,36,376
2023-08-03,8012109,8012143,18,18,482
2023-08-03,8012109,8012856,17,18,268
2023-08-03,8012143,8012109,17,18,302
2023-08-03,8012143,8012143,35,36,395
2023-08-03,8012143,8013072,16,18,530
2023-08-03,8012146,8012146,14,36,83
2023-08-03,8012146,8012832,5,18,63
2023-08-03,8012146,8012843,9,18,107
2023-08-03,8012262,8011681,7,10,96
2023-08-03,8012262,8012262,33,43,111
2023-08-03,8012262,8012716,12,22,130
2023-08-03,8012264,8010051,2,2,30
2023-08-03,8012264,8012264,38,58,69
2023-08-03,8012264,8012321,4,10,39
2023-08-03,8012264,8012384,6,12,15
2023-08-03,8012264,8012940,16,20,68
2023-08-03,8012268,8011864,13,19,90
2023-08-03,8012268,8012268,24,38,89
2023-08-03,8012268,8012902,10,19,73
2023-08-03,8012269,8010153,10,18,23
2023-08-03,8012269,8012269,9,36,13
2023-08-03,8012269,8012362,7,18,22
2023-08-03,8012274,8011592,1,15,62
2023-08-03,8012274,8011718,6,15,22
2023-08-03,8012274,8012274,7,30,29
2023-08-03,8012296,8012296,0,10,0
2023-08-03,8012296,8012517,0,7,0
2023-08-03,8012296,8087006,0,5,0
2023-08-03,8012316,8011281,8,10,153
2023-08-03,8012316,8011778,7,11,115
2023-08-03,8012316,8012316,15,21,141
2023-08-03,8012321,8010381,4,22,7
2023-08-03,8012321,8012264,3,8,26
2023-08-03,8012321,8012321,10,43,27
2023-08-03,8012321,8012384,6,13,44
2023-08-03,8012358,8011694,10,10,510
2023-08-03,8012358,8011953,8,10,381
2023-08-03,8012358,8012358,43,47,537
2023-08-03,8012358,8013352,10,11,483
2023-08-03,8012361,8013409,2,6,140
2023-08-03,8012362,8010322,13,18,57
2023-08-03,8012362,8012269,2,18,3
2023-08-03,8012362,8012362,12,36,18
2023-08-03,8012376,8010241,16,19,128
2023-08-03,8012376,8012376,27,37,118
2023-08-03,8012376,8012758,15,18,133
2023-08-03,8012377,8010300,4,5,210
2023-08-03,8012377,8011140,11,15,354
2023-08-03,8012377,8012377,27,32,343
2023-08-03,8012377,8012818,10,12,408
2023-08-03,8012384,8012264,7,13,55
2023-08-03,8012384,8012321,0,12,0
2023-08-03,8012384,8012384,6,25,26
2023-08-03,8012421,8012421,29,34,384
2023-08-03,8012421,8012555,14,17,349
2023-08-03,8012421,8013017,15,17,441
2023-08-03,8012436,8010199,9,18,30
2023-08-03,8012436,8010348,17,18,87
2023-08-03,8012436,8012436,25,36,38
2023-08-03,8012438,8012438,19,36,72
2023-08-03,8012438,8012840,9,18,65
2023-08-03,8012438,8013105,10,18,78
2023-08-03,8012474,8010156,3,4,180
2023-08-03,8012474,8011442,6,9,173
2023-08-03,8012474,8011726,8,9,203
2023-08-03,8012474,8011951,0,1,0
2023-08-03,8012474,8012474,19,33,189
2023-08-03,8012474,8013018,3,7,223
2023-08-03,8012517,8011939,0,7,0
2023-08-03,8012517,8012296,0,7,0
2023-08-03,8012517,8012517,0,14,0
2023-08-03,8012555,8010339,13,17,319
2023-08-03,8012555,8012421,13,17,429
2023-08-03,8012555,8012555,27,34,380
2023-08-03,8012582,8010300,13,16,255
2023-08-03,8012582,8012582,27,33,298
2023-08-03,8012582,8012584,14,17,372
2023-08-03,8012583,8012584,4,16,202
2023-08-03,8012584,8012582,4,16,193
2023-08-03,8012584,8012583,13,17,356
2023-08-03,8012584,8012584,18,33,286
2023-08-03,8012609,8011031,16,25,109
2023-08-03,8012609,8011735,18,24,118
2023-08-03,8012609,8012609,33,49,107
2023-08-03,8012610,8011213,9,9,507
2023-08-03,8012610,8012610,17,17,364
2023-08-03,8012610,8013393,8,8,409
2023-08-03,8012617,8011992,0,18,0
2023-08-03,8012643,8013354,6,18,27
2023-08-03,8012677,8010156,15,16,204
2023-08-03,8012677,8011248,14,14,257
2023-08-03,8012677,8012677,28,30,228
2023-08-03,8012683,8010210,4,16,49
2023-08-03,8012683,8012683,13,32,83
2023-08-03,8012683,8012684,9,16,122
2023-08-03,8012684,8012683,1,16,41
2023-08-03,8012684,8012684,9,32,81
2023-08-03,8012710,8011356,16,17,1076
2023-08-03,8012710,8011707,16,17,665
2023-08-03,8012710,8012710,31,34,891
2023-08-03,8012711,8011017,4,19,36
2023-08-03,8012711,8012711,16,38,88
2023-08-03,8012711,8012835,12,19,126
2023-08-03,8012716,8012262,17,21,99
2023-08-03,8012716,8012716,25,43,107
2023-08-03,8012716,8013073,13,22,135
2023-08-03,8012729,8010016,14,18,110
2023-08-03,8012729,8012108,11,18,88
2023-08-03,8012729,8012729,25,36,82
2023-08-03,8012737,8011908,7,14,186
2023-08-03,8012758,8010227,14,18,145
2023-08-03,8012758,8012376,15,19,74
2023-08-03,8012758,8012758,31,37,96
2023-08-03,8012762,8010300,1,1,270
2023-08-03,8012762,8011027,11,11,237
2023-08-03,8012762,8011611,9,11,248
2023-08-03,8012762,8011778,2,2,165
2023-08-03,8012762,8012762,23,26,219
2023-08-03,8012785,8011270,14,17,270
2023-08-03,8012785,8012785,26,35,196
2023-08-03,8012785,8079629,9,14,84
2023-08-03,8012806,8011140,12,16,266
2023-08-03,8012806,8012806,20,31,301
2023-08-03,8012806,8079629,2,5,168
2023-08-03,8012818,8010300,12,12,515
2023-08-03,8012818,8012377,8,11,393
2023-08-03,8012818,8012818,21,23,437
2023-08-03,8012827,8012005,6,16,43
2023-08-03,8012827,8012827,5,33,22
2023-08-03,8012832,8010210,4,18,57
2023-08-03,8012832,8012146,10,18,100
2023-08-03,8012832,8012832,14,36,83
2023-08-03,8012835,8012711,4,19,41
2023-08-03,8012835,8012835,18,38,91
2023-08-03,8012835,8013104,14,19,145
2023-08-03,8012839,8010179,10,11,314
2023-08-03,8012839,8011213,3,3,160
2023-08-03,8012839,8012839,21,22,297
2023-08-03,8012840,8012108,9,18,63
2023-08-03,8012840,8012438,10,18,78
2023-08-03,8012840,8012840,18,36,73
2023-08-03,8012841,8011729,8,18,83
2023-08-03,8012841,8012841,19,35,107
2023-08-03,8012841,8079604,11,17,162
2023-08-03,8012843,8012146,5,18,60
2023-08-03,8012856,8012002,17,18,337
2023-08-03,8012856,8012109,18,18,455
2023-08-03,8012856,8012856,34,36,369
2023-08-03,8012892,8011109,8,22,70
2023-08-03,8012892,8012892,9,43,42
2023-08-03,8012892,8017349,1,21,14
2023-08-03,8012902,8010141,7,10,78
2023-08-03,8012902,8011702,5,9,80
2023-08-03,8012902,8012268,13,19,104
2023-08-03,8012902,8012902,22,38,83
2023-08-03,8012933,8004177,14,14,255
2023-08-03,8012933,8011230,15,16,178
2023-08-03,8012933,8012933,29,30,223
2023-08-03,8012940,8010325,11,29,35
2023-08-03,8012940,8012264,10,19,90
2023-08-03,8012940,8012940,65,110,101
2023-08-03,8012940,8012951,22,25,114
2023-08-03,8012940,8012953,7,10,51
2023-08-03,8012940,8013186,6,10,162
2023-08-03,8012949,8011939,0,7,0
2023-08-03,8012949,8012949,0,14,0
2023-08-03,8012949,8013232,0,7,0
2023-08-03,8012951,8010156,9,10,222
2023-08-03,8012951,8010173,18,26,69
2023-08-03,8012951,8010325,5,12,18
2023-08-03,8012951,8012940,20,26,241
2023-08-03,8012951,8012951,50,74,131
2023-08-03,8012953,8012940,2,9,10
2023-08-03,8012953,8012953,8,30,23
2023-08-03,8012953,8012960,4,15,28
2023-08-03,8012954,8011718,4,15,24
2023-08-03,8012954,8012954,6,30,19
2023-08-03,8012954,8012960,2,15,12
2023-08-03,8012960,8012953,2,15,10
2023-08-03,8012960,8012954,4,15,26
2023-08-03,8012960,8012960,6,30,19
2023-08-03,8012962,8012962,3,44,96
2023-08-03,8012962,8079084,3,22,192
2023-08-03,8012962,8087025,0,22,0
2023-08-03,8012963,8012963,7,40,24
2023-08-03,8012963,8087025,3,22,104
2023-08-03,8012963,8087026,1,21,13
2023-08-03,8013017,8010241,13,17,424
2023-08-03,8013017,8012421,13,17,337
2023-08-03,8013017,8013017,29,34,378
2023-08-03,8013018,8010267,9,16,178
2023-08-03,8013018,8011442,6,9,213
2023-08-03,8013018,8012474,5,8,38
2023-08-03,8013018,8013018,20,33,148
2023-08-03,8013040,8011797,12,18,43
2023-08-03,8013040,8011995,8,18,65
2023-08-03,8013040,8013040,22,36,49
2023-08-03,8013051,8011646,16,17,900
2023-08-03,8013051,8013051,31,34,723
2023-08-03,8013051,8013177,15,17,499
2023-08-03,8013062,8011017,15,19,144
2023-08-03,8013062,8011778,9,11,194
2023-08-03,8013062,8013062,24,38,121
2023-08-03,8013069,8010156,7,9,213
2023-08-03,8013069,8011951,9,10,96
2023-08-03,8013069,8013069,15,19,145
2023-08-03,8013072,8010273,17,18,475
2023-08-03,8013072,8012143,17,18,275
2023-08-03,8013072,8013072,34,36,392
2023-08-03,8013073,8010173,10,22,113
2023-08-03,8013073,8012716,17,21,93
2023-08-03,8013073,8013073,29,43,112
2023-08-03,8013104,8010210,11,19,126
2023-08-03,8013104,8012835,5,19,43
2023-08-03,8013104,8013104,15,38,85
2023-08-03,8013105,8011797,18,18,175
2023-08-03,8013105,8012438,9,18,68
2023-08-03,8013105,8013105,24,36,99
2023-08-03,8013106,8079604,0,18,0
2023-08-03,8013131,8010179,10,11,240
2023-08-03,8013131,8011456,9,11,341
2023-08-03,8013131,8013131,19,22,285
2023-08-03,8013132,8010392,13,30,134
2023-08-03,8013132,8011108,1,26,5
2023-08-03,8013132,8013132,14,54,77
2023-08-03,8013133,8010392,0,18,0
2023-08-03,8013133,8011992,0,18,0
2023-08-03,8013133,8013133,0,36,0
2023-08-03,8013156,8013162,8,11,240
2023-08-03,8013161,8013161,8,43,40
2023-08-03,8013161,8017349,7,22,63
2023-08-03,8013161,8087027,1,27,10
2023-08-03,8013162,8011456,7,11,136
2023-08-03,8013162,8013156,11,11,363
2023-08-03,8013162,8013162,17,22,263
2023-08-03,8013177,8011356,17,17,598
2023-08-03,8013177,8013051,17,17,1119
2023-08-03,8013177,8013177,34,34,813
2023-08-03,8013186,8010051,6,19,73
2023-08-03,8013186,8011215,7,8,172
2023-08-03,8013186,8012264,0,1,0
2023-08-03,8013186,8012940,8,9,97
2023-08-03,8013186,8013186,16,38,91
2023-08-03,8013232,8012949,0,7,0
2023-08-03,8013232,8013232,0,14,0
2023-08-03,8013293,8011731,3,6,35
2023-08-03,8013293,8013293,5,12,125
2023-08-03,8013293,8070946,4,6,230
2023-08-03,8013322,8011481,16,17,672
2023-08-03,8013322,8011707,17,17,732
2023-08-03,8013322,8013322,32,34,694
2023-08-03,8013339,8011889,1,19,32
2023-08-03,8013339,8013339,20,37,166
2023-08-03,8013339,8013340,13,28,160
2023-08-03,8013340,8013339,1,26,5
2023-08-03,8013340,8013340,14,54,85
2023-08-03,8013340,8013341,13,28,149
2023-08-03,8013341,8011108,13,28,152
2023-08-03,8013341,8013340,1,26,5
2023-08-03,8013341,8013341,14,54,81
2023-08-03,8013352,8011778,2,2,750
2023-08-03,8013352,8012358,8,10,120
2023-08-03,8013352,8013352,17,21,260
2023-08-03,8013354,8010325,6,18,30
2023-08-03,8013354,8012643,5,18,35
2023-08-03,8013354,8013354,11,36,35
2023-08-03,8013370,8010173,3,4,240
2023-08-03,8013370,8012009,4,5,60
2023-08-03,8013370,8013370,7,9,137
2023-08-03,8013373,8011481,16,17,505
2023-08-03,8013373,8013373,31,34,562
2023-08-03,8013385,8010392,1,28,4
2023-08-03,8013385,8012086,11,29,97
2023-08-03,8013385,8013385,13,57,55
2023-08-03,8013393,8010213,7,8,356
2023-08-03,8013393,8012610,8,9,297
2023-08-03,8013393,8013393,16,17,335
2023-08-03,8013409,8012361,4,6,225
2023-08-03,8013409,8013409,6,12,170
2023-08-03,8013409,8070946,1,6,70
2023-08-03,8017349,8012892,8,22,72
2023-08-03,8017349,8013161,1,21,13
2023-08-03,8017349,8017349,8,43,40
2023-08-03,8070946,8013293,3,6,50
2023-08-03,8070946,8013409,4,6,230
2023-08-03,8070946,8070946,7,12,148
2023-08-03,8079604,8012841,8,18,15
2023-08-03,8079604,8013106,11,17,146
2023-08-03,8079604,8079604,19,35,83
2023-08-03,8079629,8011735,24,25,132
2023-08-03,8079629,8012785,13,15,240
2023-08-03,8079629,8012806,6,6,325
2023-08-03,8079629,8079629,40,49,118
2023-08-03,8087006,8011015,0,5,0
2023-08-03,8087006,8012296,0,5,0
2023-08-03,8087006,8087006,0,10,0
2023-08-03,8087025,8012962,3,22,187
2023-08-03,8087025,8012963,0,22,0
2023-08-03,8087025,8087025,3,44,93
2023-08-03,8087026,8011109,1,21,14
2023-08-03,8087026,8012963,8,22,71
2023-08-03,8087026,8087026,9,43,42
2023-08-03,8087027,8012065,1,27,9
2023-08-03,8087027,8013161,10,28,80
2023-08-03,8087027,8087027,12,55,47
2023-08-04,8010016,8010016,31,38,82
2023-08-04,8010016,8011031,14,25,59
2023-08-04,8010016,8012729,12,19,60
2023-08-04,8010051,8010051,31,41,181
2023-08-04,8010051,8010153,8,10,96
2023-08-04,8010051,8010322,10,10,333
2023-08-04,8010051,8012264,0,1,0
2023-08-04,8010051,8013186,12,19,216
2023-08-04,8010141,8010141,30,38,219
2023-08-04,8010141,8011702,10,11,202
2023-08-04,8010141,8012651,7,9,360
2023-08-04,8010141,8012902,6,8,225
2023-08-04,8010153,8010051,11,11,109
2023-08-04,8010153,8010153,20,24,228
2023-08-04,8010153,8010201,1,1,2280
2023-08-04,8010153,8010284,12,33,63
2023-08-04,8010153,8010322,9,9,223
2023-08-04,8010153,8012269,2,18,32
2023-08-04,8010156,8010156,52,57,183
2023-08-04,8010156,8011230,1,1,240
2023-08-04,8010156,8011798,9,13,85
2023-08-04,8010156,8012009,4,4,165
2023-08-04,8010156,8012474,3,4,135
2023-08-04,8010156,8012677,13,14,180
2023-08-04,8010156,8012951,10,12,380
2023-08-04,8010156,8013069,7,10,129
2023-08-04,8010173,8010173,38,52,88
2023-08-04,8010173,8012951,19,26,121
2023-08-04,8010173,8013073,16,21,76
2023-08-04,8010173,8013370,3,5,60
2023-08-04,8010176,8010176,14,38,28
2023-08-04,8010176,8010381,11,19,60
2023-08-04,8010176,8011995,2,19,5
2023-08-04,8010179,8010179,35,42,429
2023-08-04,8010179,8011536,10,10,804
2023-08-04,8010179,8012418,9,9,363
2023-08-04,8010179,8012839,10,11,360
2023-08-04,8010179,8013131,9,11,412
2023-08-04,8010188,8010188,2,4,98
2023-08-04,8010188,8011015,1,1,300
2023-08-04,8010188,8011593,0,1,0
2023-08-04,8010188,8012644,2,2,210
2023-08-04,8010199,8010199,21,36,90
2023-08-04,8010199,8010284,13,18,95
2023-08-04,8010199,8012436,12,18,97
2023-08-04,8010201,8010153,1,2,735
2023-08-04,8010201,8010201,14,20,357
2023-08-04,8010201,8010273,9,12,258
2023-08-04,8010201,8012093,6,10,270
2023-08-04,8010210,8010210,21,38,177
2023-08-04,8010210,8012683,11,16,264
2023-08-04,8010210,8012832,13,18,247
2023-08-04,8010210,8013104,8,19,131
2023-08-04,8010213,8010213,14,18,308
2023-08-04,8010213,8011689,8,9,427
2023-08-04,8010213,8013393,5,9,157
2023-08-04,8010227,8010227,25,36,158
2023-08-04,8010227,8010348,18,18,275
2023-08-04,8010227,8012758,17,19,84
2023-08-04,8010241,8010241,64,66,327
2023-08-04,8010241,8011025,16,17,394
2023-08-04,8010241,8011293,19,19,409
2023-08-04,8010241,8012376,12,18,135
2023-08-04,8010241,8013017,16,18,340
2023-08-04,8010267,8012265,1,1,90
2023-08-04,8010267,8013018,3,17,30
2023-08-04,8010273,8010201,7,13,92
2023-08-04,8010273,8010273,35,54,129
2023-08-04,8010273,8010284,11,15,90
2023-08-04,8010273,8013072,13,18,83
2023-08-04,8010284,8010153,26,33,115
2023-08-04,8010284,8010199,11,18,87
2023-08-04,8010284,8010273,3,14,49
2023-08-04,8010284,8010284,41,66,89
2023-08-04,8010300,8010300,47,57,154
2023-08-04,8010300,8011611,10,14,163
2023-08-04,8010300,8012377,3,4,248
2023-08-04,8010300,8012582,14,17,146
2023-08-04,8010300,8012818,7,11,71
2023-08-04,8010322,8010051,6,9,207
2023-08-04,8010322,8010153,9,10,180
2023-08-04,8010322,8010322,2,2,300
2023-08-04,8010322,8012362,2,18,63
2023-08-04,8010325,8010325,23,59,22
2023-08-04,8010325,8012940,12,30,32
2023-08-04,8010325,8012951,7,11,22
2023-08-04,8010325,8013354,7,18,32
2023-08-04,8010339,8010339,29,35,289
2023-08-04,8010339,8011213,17,18,382
2023-08-04,8010339,8012555,14,17,328
2023-08-04,8010348,8010227,5,18,50
2023-08-04,8010348,8010348,34,36,142
2023-08-04,8010348,8012436,10,18,90
2023-08-04,8010381,8010176,1,19,2
2023-08-04,8010381,8012321,2,21,11
2023-08-04,8010392,8010392,10,57,67
2023-08-04,8010392,8013132,0,28,0
2023-08-04,8010392,8013133,0,18,0
2023-08-04,8010392,8013385,10,29,131
2023-08-04,8011015,8010188,0,1,0
2023-08-04,8011015,8011015,1,2,150
2023-08-04,8011015,8087006,1,5,60
2023-08-04,8011017,8011017,29,38,197
2023-08-04,8011017,8012711,19,19,292
2023-08-04,8011017,8013062,14,19,125
2023-08-04,8011025,8010241,15,17,304
2023-08-04,8011025,8011025,29,34,338
2023-08-04,8011025,8011646,16,17,390
2023-08-04,8011027,8011027,13,21,156
2023-08-04,8011027,8011281,5,11,147
2023-08-04,8011027,8012762,6,10,147
2023-08-04,8011031,8010016,21,26,104
2023-08-04,8011031,8011031,32,51,69
2023-08-04,8011031,8012609,12,25,48
2023-08-04,8011044,8011044,16,20,470
2023-08-04,8011044,8011438,7,10,249
2023-08-04,8011044,8012021,9,10,684
2023-08-04,8011108,8011108,12,54,84
2023-08-04,8011108,8013132,12,28,162
2023-08-04,8011108,8013341,0,26,0
2023-08-04,8011109,8011109,7,43,63
2023-08-04,8011109,8012892,0,21,0
2023-08-04,8011109,8087026,7,22,120
2023-08-04,8011114,8012005,0,17,0
2023-08-04,8011140,8011140,25,32,127
2023-08-04,8011140,8012377,13,17,145
2023-08-04,8011140,8012806,12,15,140
2023-08-04,8011205,8010399,10,10,444
2023-08-04,8011205,8011205,23,23,501
2023-08-04,8011205,8011307,12,12,562
2023-08-04,8011213,8010339,11,17,138
2023-08-04,8011213,8011213,34,35,286
2023-08-04,8011213,8012610,8,9,380
2023-08-04,8011213,8012839,2,2,435
2023-08-04,8011230,8004177,1,1,180
2023-08-04,8011230,8011230,28,31,231
2023-08-04,8011230,8011248,14,16,285
2023-08-04,8011230,8012933,14,14,197
2023-08-04,8011248,8011230,13,14,163
2023-08-04,8011248,8011248,27,30,235
2023-08-04,8011248,8012677,13,16,306
2023-08-04,8011270,8011270,18,37,79
2023-08-04,8011270,8011729,14,18,135
2023-08-04,8011270,8012785,6,19,41
2023-08-04,8011281,8011027,3,10,129
2023-08-04,8011281,8011281,10,21,139
2023-08-04,8011281,8012316,6,11,120
2023-08-04,8011286,8011286,18,38,186
2023-08-04,8011286,8011889,17,19,357
2023-08-04,8011286,8011991,0,19,0
2023-08-04,8011293,8010241,19,20,506
2023-08-04,8011293,8011293,38,39,474
2023-08-04,8011293,8011307,11,11,420
2023-08-04,8011307,8011205,11,11,434
2023-08-04,8011307,8011293,12,12,550
2023-08-04,8011307,8011307,23,23,497
2023-08-04,8011356,8011356,31,34,394
2023-08-04,8011356,8012710,15,17,371
2023-08-04,8011356,8013177,17,17,413
2023-08-04,8011438,8011044,10,10,732
2023-08-04,8011438,8011438,17,20,506
2023-08-04,8011438,8011536,7,10,240
2023-08-04,8011442,8011442,9,18,92
2023-08-04,8011442,8012474,5,9,113
2023-08-04,8011442,8013018,4,9,67
2023-08-04,8011456,8011456,14,22,300
2023-08-04,8011456,8013131,10,11,213
2023-08-04,8011456,8013162,9,11,434
2023-08-04,8011481,8011481,29,34,282
2023-08-04,8011481,8013322,16,17,228
2023-08-04,8011481,8013373,13,17,326
2023-08-04,8011536,8010179,6,10,219
2023-08-04,8011536,8011438,10,10,792
2023-08-04,8011536,8011536,17,20,519
2023-08-04,8011592,8011592,1,28,5
2023-08-04,8011592,8011908,0,14,0
2023-08-04,8011592,8012274,1,15,8
2023-08-04,8011593,8010188,0,1,0
2023-08-04,8011593,8011593,0,2,0
2023-08-04,8011593,8012612,0,1,0
2023-08-04,8011611,8010300,8,13,141
2023-08-04,8011611,8011611,20,27,158
2023-08-04,8011611,8012762,10,13,201
2023-08-04,8011646,8011025,16,17,371
2023-08-04,8011646,8011646,31,34,399
2023-08-04,8011646,8013051,14,17,344
2023-08-04,8011681,8011681,13,20,162
2023-08-04,8011681,8011994,6,10,87
2023-08-04,8011681,8012262,10,10,249
2023-08-04,8011689,5100145,7,9,380
2023-08-04,8011689,8010213,5,9,160
2023-08-04,8011689,8011689,12,18,288
2023-08-04,8011694,8011694,29,36,342
2023-08-04,8011694,8011723,13,18,250
2023-08-04,8011694,8011953,7,8,169
2023-08-04,8011694,8012358,9,10,759
2023-08-04,8011702,8010141,7,9,343
2023-08-04,8011702,8011702,15,20,250
2023-08-04,8011702,8012902,9,11,177
2023-08-04,8011707,8011707,29,34,391
2023-08-04,8011707,8012710,16,17,538
2023-08-04,8011707,8013322,14,17,353
2023-08-04,8011718,8011718,8,30,9
2023-08-04,8011718,8012274,2,15,4
2023-08-04,8011718,8012954,5,15,26
2023-08-04,8011723,8011694,11,18,370
2023-08-04,8011723,8011723,24,36,310
2023-08-04,8011723,8012021,7,10,243
2023-08-04,8011726,8011726,11,18,87
2023-08-04,8011726,8011951,7,8,94
2023-08-04,8011726,8012474,6,9,83
2023-08-04,8011729,8011270,4,19,32
2023-08-04,8011729,8011729,16,37,67
2023-08-04,8011729,8012841,10,18,85
2023-08-04,8011731,8011731,3,12,35
2023-08-04,8011731,8013293,3,6,70
2023-08-04,8011735,8011735,41,51,101
2023-08-04,8011735,8012609,21,26,87
2023-08-04,8011735,8079629,16,25,85
2023-08-04,8011778,8011778,17,27,173
2023-08-04,8011778,8012316,6,10,213
2023-08-04,8011778,8012762,3,4,142
2023-08-04,8011778,8013062,8,10,183
2023-08-04,8011778,8013352,2,2,225
2023-08-04,8011797,8011797,33,38,67
2023-08-04,8011797,8013040,11,19,55
2023-08-04,8011797,8013105,7,19,36
2023-08-04,8011798,8010156,13,13,46
2023-08-04,8011864,8003774,16,19,191
2023-08-04,8011864,8011864,30,38,193
2023-08-04,8011864,8012268,13,19,177
2023-08-04,8011889,8011286,0,19,0
2023-08-04,8011889,8011889,18,38,185
2023-08-04,8011889,8013339,18,19,382
2023-08-04,8011908,8011592,2,14,13
2023-08-04,8011908,8011908,2,28,11
2023-08-04,8011908,8012737,0,14,0
2023-08-04,8011939,8011939,1,14,21
2023-08-04,8011939,8012517,0,7,0
2023-08-04,8011939,8012949,1,7,43
2023-08-04,8011951,8011726,6,9,117
2023-08-04,8011951,8011951,12,19,107
2023-08-04,8011951,8012474,0,1,0
2023-08-04,8011951,8013069,4,9,50
2023-08-04,8011953,8011694,5,8,262
2023-08-04,8011953,8011953,13,17,231
2023-08-04,8011953,8012358,8,9,223
2023-08-04,8011991,8011286,18,19,369
2023-08-04,8011991,8011991,17,38,182
2023-08-04,8011992,8011992,0,36,0
2023-08-04,8011992,8012617,0,18,0
2023-08-04,8011992,8013133,0,18,0
2023-08-04,8011995,8010176,8,19,46
2023-08-04,8011995,8011995,10,38,26
2023-08-04,8011995,8013040,11,19,21
2023-08-04,8012005,8011114,14,17,53
2023-08-04,8012005,8012005,5,34,16
2023-08-04,8012005,8012827,0,17,0
2023-08-04,8012009,8010156,3,5,72
2023-08-04,8012009,8012009,6,9,100
2023-08-04,8012009,8013370,3,4,158
2023-08-04,8012021,8011044,7,10,234
2023-08-04,8012021,8011723,9,10,723
2023-08-04,8012021,8012021,16,20,480
2023-08-04,8012065,8012065,10,55,58
2023-08-04,8012065,8012086,0,27,0
2023-08-04,8012065,8087027,10,28,114
2023-08-04,8012086,8012065,10,28,118
2023-08-04,8012086,8012086,10,55,63
2023-08-04,8012086,8013385,0,28,0
2023-08-04,8012093,8010201,7,10,420
2023-08-04,8012093,8010399,8,9,107
2023-08-04,8012093,8012093,14,20,342
2023-08-04,8012108,8012108,19,38,45
2023-08-04,8012108,8012729,7,19,32
2023-08-04,8012108,8012840,11,19,49
2023-08-04,8012109,8012109,34,36,157
2023-08-04,8012109,8012143,18,18,195
2023-08-04,8012109,8012856,16,18,97
2023-08-04,8012143,8012109,15,18,125
2023-08-04,8012143,8012143,32,36,149
2023-08-04,8012143,8013072,16,18,175
2023-08-04,8012146,8012146,21,36,208
2023-08-04,8012146,8012832,9,18,187
2023-08-04,8012146,8012843,12,18,233
2023-08-04,8012262,8011681,3,10,57
2023-08-04,8012262,8012262,30,43,107
2023-08-04,8012262,8012716,16,22,138
2023-08-04,8012264,8010051,2,2,45
2023-08-04,8012264,8012264,35,59,42
2023-08-04,8012264,8012321,3,10,12
2023-08-04,8012264,8012384,6,12,25
2023-08-04,8012264,8012940,18,20,44
2023-08-04,8012265,8010267,1,1,30
2023-08-04,8012265,8012265,1,2,45
2023-08-04,8012265,8012612,1,1,30
2023-08-04,8012268,8011864,15,19,201
2023-08-04,8012268,8012268,27,38,190
2023-08-04,8012268,8012902,13,19,161
2023-08-04,8012269,8010153,9,18,78
2023-08-04,8012269,8012269,8,36,55
2023-08-04,8012269,8012362,3,18,43
2023-08-04,8012274,8011592,1,15,2
2023-08-04,8012274,8011718,2,15,4
2023-08-04,8012274,8012274,3,30,4
2023-08-04,8012296,8012296,1,10,30
2023-08-04,8012296,8012517,1,7,43
2023-08-04,8012296,8087006,0,5,0
2023-08-04,8012316,8011281,7,10,183
2023-08-04,8012316,8011778,4,11,101
2023-08-04,8012316,8012316,12,21,156
2023-08-04,8012321,8010381,2,22,1
2023-08-04,8012321,8012264,2,8,15
2023-08-04,8012321,8012321,10,43,14
2023-08-04,8012321,8012384,5,13,21
2023-08-04,8012358,8011694,10,10,282
2023-08-04,8012358,8011953,5,8,289
2023-08-04,8012358,8012358,38,43,342
2023-08-04,8012358,8013352,6,10,156
2023-08-04,8012361,8013409,0,6,0
2023-08-04,8012362,8010322,15,18,128
2023-08-04,8012362,8012269,4,18,65
2023-08-04,8012362,8012362,11,36,68
2023-08-04,8012376,8010241,17,19,145
2023-08-04,8012376,8012376,33,37,150
2023-08-04,8012376,8012758,18,18,220
2023-08-04,8012377,8010300,4,5,252
2023-08-04,8012377,8011140,11,15,126
2023-08-04,8012377,8012377,23,32,131
2023-08-04,8012377,8012818,8,12,100
2023-08-04,8012384,8012264,9,13,25
2023-08-04,8012384,8012321,3,12,10
2023-08-04,8012384,8012384,12,25,19
2023-08-04,8012421,8012421,29,35,353
2023-08-04,8012421,8012555,14,18,360
2023-08-04,8012421,8013017,15,17,362
2023-08-04,8012436,8010199,13,18,105
2023-08-04,8012436,8010348,17,18,153
2023-08-04,8012436,8012436,31,36,108
2023-08-04,8012438,8012438,20,38,48
2023-08-04,8012438,8012840,8,19,39
2023-08-04,8012438,8013105,12,19,60
2023-08-04,8012474,8010156,3,4,128
2023-08-04,8012474,8011442,4,9,77
2023-08-04,8012474,8011726,6,9,93
2023-08-04,8012474,8011951,0,1,0
2023-08-04,8012474,8012474,16,33,71
2023-08-04,8012474,8013018,3,7,60
2023-08-04,8012517,8011939,1,7,43
2023-08-04,8012517,8012296,0,7,0
2023-08-04,8012517,8012517,1,14,21
2023-08-04,8012555,8010339,13,18,340
2023-08-04,8012555,8012421,15,17,348
2023-08-04,8012555,8012555,29,35,344
2023-08-04,8012582,8010300,11,16,90
2023-08-04,8012582,8012582,25,33,104
2023-08-04,8012582,8012584,13,17,146
2023-08-04,8012583,8012584,1,16,34
2023-08-04,8012584,8012582,1,16,32
2023-08-04,8012584,8012583,12,17,125
2023-08-04,8012584,8012584,14,33,86
2023-08-04,8012609,8011031,17,26,77
2023-08-04,8012609,8011735,15,25,67
2023-08-04,8012609,8012609,32,51,67
2023-08-04,8012610,8011213,9,9,190
2023-08-04,8012610,8012610,16,18,317
2023-08-04,8012610,8013393,9,9,497
2023-08-04,8012612,8011593,0,1,0
2023-08-04,8012612,8012265,0,1,0
2023-08-04,8012612,8012612,0,2,0
2023-08-04,8012617,8011992,0,18,0
2023-08-04,8012643,8013354,5,18,17
2023-08-04,8012644,8010188,1,2,150
2023-08-04,8012677,8010156,15,16,324
2023-08-04,8012677,8011248,13,14,163
2023-08-04,8012677,8012677,26,30,245
2023-08-04,8012683,8010210,8,16,94
2023-08-04,8012683,8012683,16,32,175
2023-08-04,8012683,8012684,10,16,246
2023-08-04,8012684,8012683,5,16,101
2023-08-04,8012684,8012684,15,32,172
2023-08-04,8012710,8011356,16,17,464
2023-08-04,8012710,8011707,15,17,374
2023-08-04,8012710,8012710,31,34,444
2023-08-04,8012711,8011017,8,19,88
2023-08-04,8012711,8012711,23,38,188
2023-08-04,8012711,8012835,15,19,267
2023-08-04,8012716,8012262,16,21,79
2023-08-04,8012716,8012716,31,43,103
2023-08-04,8012716,8013073,16,22,135
2023-08-04,8012729,8010016,15,19,99
2023-08-04,8012729,8012108,12,19,71
2023-08-04,8012729,8012729,26,38,64
2023-08-04,8012737,8011908,2,14,15
2023-08-04,8012758,8010227,18,18,240
2023-08-04,8012758,8012376,18,19,107
2023-08-04,8012758,8012758,35,37,174
2023-08-04,8012762,8010300,1,1,210
2023-08-04,8012762,8011027,8,11,177
2023-08-04,8012762,8011611,11,12,120
2023-08-04,8012762,8011778,2,2,195
2023-08-04,8012762,8012762,21,27,154
2023-08-04,8012785,8011270,12,18,117
2023-08-04,8012785,8012785,21,37,89
2023-08-04,8012785,8079629,7,15,54
2023-08-04,8012806,8011140,11,16,84
2023-08-04,8012806,8012806,24,31,101
2023-08-04,8012806,8079629,5,5,252
2023-08-04,8012818,8010300,12,12,168
2023-08-04,8012818,8012377,9,11,71
2023-08-04,8012818,8012818,21,23,107
2023-08-04,8012827,8012005,6,16,36
2023-08-04,8012827,8012827,5,33,15
2023-08-04,8012832,8010210,9,18,165
2023-08-04,8012832,8012146,13,18,225
2023-08-04,8012832,8012832,22,36,208
2023-08-04,8012835,8012711,8,19,99
2023-08-04,8012835,8012835,22,38,189
2023-08-04,8012835,8013104,14,19,262
2023-08-04,8012839,8010179,8,11,327
2023-08-04,8012839,8011213,3,3,350
2023-08-04,8012839,8012839,17,22,344
2023-08-04,8012840,8012108,8,19,35
2023-08-04,8012840,8012438,12,19,55
2023-08-04,8012840,8012840,19,38,47
2023-08-04,8012841,8011729,4,19,32
2023-08-04,8012841,8012841,16,37,51
2023-08-04,8012841,8079604,9,18,73
2023-08-04,8012843,8012146,9,18,182
2023-08-04,8012856,8012002,16,18,125
2023-08-04,8012856,8012109,18,18,220
2023-08-04,8012856,8012856,34,36,158
2023-08-04,8012892,8011109,7,22,124
2023-08-04,8012892,8012892,7,43,64
2023-08-04,8012892,8017349,0,21,0
2023-08-04,8012902,8010141,7,10,111
2023-08-04,8012902,8011702,8,9,317
2023-08-04,8012902,8012268,15,19,218
2023-08-04,8012902,8012902,27,38,191
2023-08-04,8012933,8004177,13,14,163
2023-08-04,8012933,8011230,14,16,268
2023-08-04,8012933,8012933,28,30,225
2023-08-04,8012940,8010325,12,29,27
2023-08-04,8012940,8012264,14,20,62
2023-08-04,8012940,8012940,65,110,99
2023-08-04,8012940,8012951,18,25,80
2023-08-04,8012940,8012953,5,10,39
2023-08-04,8012940,8013186,9,10,342
2023-08-04,8012949,8011939,0,7,0
2023-08-04,8012949,8012949,1,14,21
2023-08-04,8012949,8013232,1,7,43
2023-08-04,8012951,8010156,10,10,183
2023-08-04,8012951,8010173,16,26,37
2023-08-04,8012951,8010325,6,12,25
2023-08-04,8012951,8012940,22,26,268
2023-08-04,8012951,8012951,57,74,135
2023-08-04,8012953,8012940,2,9,17
2023-08-04,8012953,8012953,10,30,21
2023-08-04,8012953,8012960,3,15,10
2023-08-04,8012954,8011718,4,15,10
2023-08-04,8012954,8012954,6,30,20
2023-08-04,8012954,8012960,3,15,26
2023-08-04,8012960,8012953,3,15,16
2023-08-04,8012960,8012954,2,15,8
2023-08-04,8012960,8012960,5,30,15
2023-08-04,8012962,8012962,7,44,121
2023-08-04,8012962,8079084,6,22,235
2023-08-04,8012962,8087025,1,22,7
2023-08-04,8012963,8012963,8,40,53
2023-08-04,8012963,8087025,4,22,59
2023-08-04,8012963,8087026,0,21,0
2023-08-04,8013017,8010241,14,17,362
2023-08-04,8013017,8012421,15,18,357
2023-08-04,8013017,8013017,32,35,364
2023-08-04,8013018,8010267,7,16,64
2023-08-04,8013018,8011442,5,9,97
2023-08-04,8013018,8012474,3,8,15
2023-08-04,8013018,8013018,14,33,57
2023-08-04,8013040,8011797,14,19,54
2023-08-04,8013040,8011995,8,19,46
2023-08-04,8013040,8013040,25,38,46
2023-08-04,8013051,8011646,16,17,374
2023-08-04,8013051,8013051,31,34,370
2023-08-04,8013051,8013177,16,17,395
2023-08-04,8013062,8011017,19,19,292
2023-08-04,8013062,8011778,9,11,205
2023-08-04,8013062,8013062,32,38,203
2023-08-04,8013069,8010156,4,9,53
2023-08-04,8013069,8011951,7,10,165
2023-08-04,8013069,8013069,11,19,111
2023-08-04,8013072,8010273,17,18,168
2023-08-04,8013072,8012143,13,18,103
2023-08-04,8013072,8013072,31,36,135
2023-08-04,8013073,8010173,11,22,102
2023-08-04,8013073,8012716,16,21,70
2023-08-04,8013073,8013073,26,43,93
2023-08-04,8013104,8010210,11,19,237
2023-08-04,8013104,8012835,8,19,115
2023-08-04,8013104,8013104,19,38,177
2023-08-04,8013105,8011797,19,19,139
2023-08-04,8013105,8012438,8,19,43
2023-08-04,8013105,8013105,26,38,76
2023-08-04,8013106,8079604,0,19,0
2023-08-04,8013131,8010179,10,11,295
2023-08-04,8013131,8011456,9,11,409
2023-08-04,8013131,8013131,19,22,355
2023-08-04,8013132,8010392,11,30,144
2023-08-04,8013132,8011108,0,26,0
2023-08-04,8013132,8013132,11,54,79
2023-08-04,8013133,8010392,0,18,0
2023-08-04,8013133,8011992,0,18,0
2023-08-04,8013133,8013133,0,36,0
2023-08-04,8013156,8013162,7,11,338
2023-08-04,8013161,8013161,7,43,63
2023-08-04,8013161,8017349,7,22,120
2023-08-04,8013161,8087027,0,27,0
2023-08-04,8013162,8011456,6,11,267
2023-08-04,8013162,8013156,10,11,420
2023-08-04,8013162,8013162,15,22,368
2023-08-04,8013177,8011356,16,17,404
2023-08-04,8013177,8013051,16,17,402
2023-08-04,8013177,8013177,33,34,402
2023-08-04,8013186,8010051,13,19,163
2023-08-04,8013186,8011215,7,8,221
2023-08-04,8013186,8012264,1,1,60
2023-08-04,8013186,8012940,9,9,193
2023-08-04,8013186,8013186,25,38,195
2023-08-04,8013232,8012949,0,7,0
2023-08-04,8013232,8013232,1,14,21
2023-08-04,8013293,8011731,0,6,0
2023-08-04,8013293,8013293,3,12,35
2023-08-04,8013293,8070946,3,6,70
2023-08-04,8013322,8011481,14,17,355
2023-08-04,8013322,8011707,16,17,295
2023-08-04,8013322,8013322,30,34,320
2023-08-04,8013339,8011889,0,19,0
2023-08-04,8013339,8013339,18,37,161
2023-08-04,8013339,8013340,12,28,172
2023-08-04,8013340,8013339,0,26,0
2023-08-04,8013340,8013340,12,54,89
2023-08-04,8013340,8013341,11,28,160
2023-08-04,8013341,8011108,12,28,162
2023-08-04,8013341,8013340,0,26,0
2023-08-04,8013341,8013341,12,54,84
2023-08-04,8013352,8011778,2,2,180
2023-08-04,8013352,8012358,5,8,124
2023-08-04,8013352,8013352,11,18,95
2023-08-04,8013354,8010325,7,18,23
2023-08-04,8013354,8012643,7,18,27
2023-08-04,8013354,8013354,14,36,31
2023-08-04,8013370,8010173,3,4,150
2023-08-04,8013370,8012009,3,5,54
2023-08-04,8013370,8013370,6,9,97
2023-08-04,8013373,8011481,16,17,235
2023-08-04,8013373,8013373,30,34,273
2023-08-04,8013385,8010392,0,28,0
2023-08-04,8013385,8012086,10,29,124
2023-08-04,8013385,8013385,10,57,67
2023-08-04,8013393,8010213,8,9,450
2023-08-04,8013393,8012610,6,9,140
2023-08-04,8013393,8013393,14,18,302
2023-08-04,8013409,8012361,3,6,50
2023-08-04,8013409,8013409,3,12,25
2023-08-04,8013409,8070946,0,6,0
2023-08-04,8017349,8012892,7,22,130
2023-08-04,8017349,8013161,0,21,0
2023-08-04,8017349,8017349,7,43,63
2023-08-04,8070946,8013293,0,6,0
2023-08-04,8070946,8013409,3,6,60
2023-08-04,8070946,8070946,3,12,35
2023-08-04,8079604,8012841,13,19,27
2023-08-04,8079604,8013106,6,18,67
2023-08-04,8079604,8079604,21,37,45
2023-08-04,8079629,8011735,26,26,142
2023-08-04,8079629,8012785,13,16,122
2023-08-04,8079629,8012806,5,6,115
2023-08-04,8079629,8079629,40,51,97
2023-08-04,8087006,8011015,0,5,0
2023-08-04,8087006,8012296,1,5,60
2023-08-04,8087006,8087006,1,10,30
2023-08-04,8087025,8012962,5,22,232
2023-08-04,8087025,8012963,1,22,5
2023-08-04,8087025,8087025,6,44,75
2023-08-04,8087026,8011109,0,21,0
2023-08-04,8087026,8012963,7,22,127
2023-08-04,8087026,8087026,7,43,63
2023-08-04,8087027,8012065,0,27,0
2023-08-04,8087027,8013161,10,28,111
2023-08-04,8087027,8087027,10,55,58
2023-08-05,8010016,8010016,27,36,59
2023-08-05,8010016,8011031,8,18,47
2023-08-05,8010016,8012729,5,18,35
2023-08-05,8010051,8010051,25,35,603
2023-08-05,8010051,8010153,9,9,1577
2023-08-05,8010051,8010322,8,10,72
2023-08-05,8010051,8012264,1,1,120
2023-08-05,8010051,8013186,14,17,381
2023-08-05,8010141,8010141,26,34,609
2023-08-05,8010141,8011702,9,9,343
2023-08-05,8010141,8012651,5,8,1774
2023-08-05,8010141,8012902,5,8,116
2023-08-05,8010153,8010051,6,9,393
2023-08-05,8010153,8010153,53,55,744
2023-08-05,8010153,8010201,12,13,632
2023-08-05,8010153,8010284,20,26,578
2023-08-05,8010153,8012269,3,9,70
2023-08-05,8010156,8010156,36,44,155
2023-08-05,8010156,8011798,4,8,38
2023-08-05,8010156,8012677,10,14,272
2023-08-05,8010156,8012951,10,14,159
2023-08-05,8010156,8013069,4,8,52
2023-08-05,8010173,8010173,28,39,130
2023-08-05,8010173,8012951,13,19,221
2023-08-05,8010173,8013073,14,19,63
2023-08-05,8010173,8013370,1,1,60
2023-08-05,8010176,8010176,12,36,23
2023-08-05,8010176,8010381,8,18,38
2023-08-05,8010176,8011995,4,18,13
2023-08-05,8010179,8010179,31,36,347
2023-08-05,8010179,8011536,10,10,753
2023-08-05,8010179,8012418,8,8,379
2023-08-05,8010179,8012839,8,8,180
2023-08-05,8010179,8013131,6,8,172
2023-08-05,8010188,8010188,7,24,51
2023-08-05,8010188,8011015,3,6,110
2023-08-05,8010188,8011593,0,6,0
2023-08-05,8010188,8012644,4,12,72
2023-08-05,8010199,8010199,26,36,533
2023-08-05,8010199,8010284,15,18,280
2023-08-05,8010199,8012436,15,18,890
2023-08-05,8010201,8010153,12,13,995
2023-08-05,8010201,8010201,22,26,809
2023-08-05,8010201,8012093,11,13,616
2023-08-05,8010210,8010210,25,31,289
2023-08-05,8010210,8012683,11,14,381
2023-08-05,8010210,8012832,11,14,354
2023-08-05,8010210,8013104,14,16,259
2023-08-05,8010213,8010213,15,15,642
2023-08-05,8010213,8011689,7,7,690
2023-08-05,8010213,8013393,8,8,596
2023-08-05,8010227,8010227,31,36,494
2023-08-05,8010227,8010348,17,18,243
2023-08-05,8010227,8012758,17,18,783
2023-08-05,8010241,8010241,49,54,513
2023-08-05,8010241,8011025,10,12,385
2023-08-05,8010241,8011293,17,19,333
2023-08-05,8010241,8012376,11,18,142
2023-08-05,8010241,8013017,13,16,808
2023-08-05,8010267,8012265,2,6,45
2023-08-05,8010267,8013018,1,9,3
2023-08-05,8010273,8010273,16,17,164
2023-08-05,8010273,8010284,7,9,133
2023-08-05,8010273,8013072,7,8,180
2023-08-05,8010284,8010153,25,27,316
2023-08-05,8010284,8010199,16,18,845
2023-08-05,8010284,8010273,7,8,109
2023-08-05,8010284,8010284,45,53,448
2023-08-05,8010300,8010300,47,53,266
2023-08-05,8010300,8011611,8,11,237
2023-08-05,8010300,8012377,5,5,378
2023-08-05,8010300,8012582,14,16,249
2023-08-05,8010300,8012818,10,10,336
2023-08-05,8010322,8010051,11,11,368
2023-08-05,8010322,8010322,35,38,271
2023-08-05,8010322,8011924,9,9,180
2023-08-05,8010322,8012362,8,8,476
2023-08-05,8010325,8010325,18,48,52
2023-08-05,8010325,8012940,6,24,32
2023-08-05,8010325,8012951,6,9,40
2023-08-05,8010325,8013354,7,15,94
2023-08-05,8010339,8010339,26,32,596
2023-08-05,8010339,8011213,14,16,889
2023-08-05,8010339,8012555,12,16,362
2023-08-05,8010348,8010227,12,18,748
2023-08-05,8010348,8010348,35,36,528
2023-08-05,8010348,8012436,11,18,183
2023-08-05,8010381,8010176,4,18,10
2023-08-05,8010381,8012321,1,17,4
2023-08-05,8010392,8010392,6,58,75
2023-08-05,8010392,8013132,1,29,19
2023-08-05,8010392,8013133,0,16,0
2023-08-05,8010392,8013385,5,29,129
2023-08-05,8011015,8010188,0,6,0
2023-08-05,8011015,8011015,3,12,55
2023-08-05,8011015,8087006,3,6,110
2023-08-05,8011017,8011017,25,31,323
2023-08-05,8011017,8012711,15,15,402
2023-08-05,8011017,8013062,10,16,274
2023-08-05,8011025,8010241,8,12,272
2023-08-05,8011025,8011025,18,24,338
2023-08-05,8011025,8011646,10,12,450
2023-08-05,8011027,8011027,13,19,251
2023-08-05,8011027,8011281,6,10,255
2023-08-05,8011027,8012762,6,9,230
2023-08-05,8011031,8010016,13,19,39
2023-08-05,8011031,8011031,18,37,38
2023-08-05,8011031,8012609,8,18,47
2023-08-05,8011044,8011044,15,20,444
2023-08-05,8011044,8011438,7,10,201
2023-08-05,8011044,8012021,8,10,744
2023-08-05,8011108,8011108,6,55,117
2023-08-05,8011108,8013132,6,28,211
2023-08-05,8011108,8013341,1,27,20
2023-08-05,8011109,8011109,4,44,77
2023-08-05,8011109,8012892,0,22,0
2023-08-05,8011109,8087026,5,22,154
2023-08-05,8011114,8012005,0,16,0
2023-08-05,8011140,8011140,29,32,308
2023-08-05,8011140,8012377,14,17,261
2023-08-05,8011140,8012806,15,15,432
2023-08-05,8011205,8010399,9,10,522
2023-08-05,8011205,8011205,20,22,585
2023-08-05,8011205,8011307,9,11,679
2023-08-05,8011213,8010339,14,16,338
2023-08-05,8011213,8011213,32,32,660
2023-08-05,8011213,8012610,6,7,677
2023-08-05,8011230,8011230,24,28,245
2023-08-05,8011230,8011248,11,14,163
2023-08-05,8011230,8012933,13,14,446
2023-08-05,8011248,8011230,10,14,257
2023-08-05,8011248,8011248,21,28,212
2023-08-05,8011248,8012677,11,14,169
2023-08-05,8011270,8011270,13,33,34
2023-08-05,8011270,8011729,12,17,67
2023-08-05,8011270,8012785,1,16,9
2023-08-05,8011281,8011027,5,9,217
2023-08-05,8011281,8011281,12,19,234
2023-08-05,8011281,8012316,7,10,252
2023-08-05,8011286,8011286,16,38,225
2023-08-05,8011286,8011889,13,19,387
2023-08-05,8011286,8011991,2,19,52
2023-08-05,8011293,8010241,14,19,483
2023-08-05,8011293,8011293,32,38,422
2023-08-05,8011293,8011307,11,11,469
2023-08-05,8011307,8011205,10,11,472
2023-08-05,8011307,8011293,10,11,668
2023-08-05,8011307,8011307,20,22,577
2023-08-05,8011356,8011356,20,24,456
2023-08-05,8011356,8012710,9,12,478
2023-08-05,8011356,8013177,11,12,440
2023-08-05,8011438,8011044,9,10,678
2023-08-05,8011438,8011438,16,20,452
2023-08-05,8011438,8011536,9,10,204
2023-08-05,8011442,8011442,4,17,25
2023-08-05,8011442,8012474,4,9,20
2023-08-05,8011442,8013018,2,8,30
2023-08-05,8011456,8011456,13,16,156
2023-08-05,8011456,8013131,8,8,131
2023-08-05,8011456,8013162,8,8,191
2023-08-05,8011481,8011481,18,24,465
2023-08-05,8011481,8013322,11,12,522
2023-08-05,8011481,8013373,7,12,418
2023-08-05,8011536,8010179,8,10,216
2023-08-05,8011536,8011438,9,10,735
2023-08-05,8011536,8011536,19,20,483
2023-08-05,8011592,8011592,2,16,13
2023-08-05,8011592,8011908,1,8,22
2023-08-05,8011592,8012274,1,8,4
2023-08-05,8011593,8010188,2,6,40
2023-08-05,8011593,8011593,2,12,20
2023-08-05,8011593,8012612,0,6,0
2023-08-05,8011611,8010300,6,10,222
2023-08-05,8011611,8011611,15,21,251
2023-08-05,8011611,8012762,10,11,295
2023-08-05,8011646,8011025,10,12,322
2023-08-05,8011646,8011646,21,24,404
2023-08-05,8011646,8013051,9,12,412
2023-08-05,8011681,8011681,10,20,189
2023-08-05,8011681,8011994,3,10,45
2023-08-05,8011681,8012262,7,10,360
2023-08-05,8011689,5100145,6,7,643
2023-08-05,8011689,8010213,7,8,570
2023-08-05,8011689,8011689,13,15,616
2023-08-05,8011694,8011694,16,26,309
2023-08-05,8011694,8011723,6,13,62
2023-08-05,8011694,8011953,1,3,10
2023-08-05,8011694,8012358,3,4,150
2023-08-05,8011702,8010141,5,8,1110
2023-08-05,8011702,8011702,12,17,558
2023-08-05,8011702,8012902,8,9,257
2023-08-05,8011707,8011707,20,24,499
2023-08-05,8011707,8012710,12,12,545
2023-08-05,8011707,8013322,8,12,440
2023-08-05,8011718,8011718,1,16,8
2023-08-05,8011718,8012274,2,8,22
2023-08-05,8011718,8012954,0,8,0
2023-08-05,8011723,8011694,8,13,552
2023-08-05,8011723,8011723,15,26,312
2023-08-05,8011723,8012021,7,10,108
2023-08-05,8011726,8011726,10,17,35
2023-08-05,8011726,8011951,5,8,34
2023-08-05,8011726,8012474,6,8,49
2023-08-05,8011729,8011270,1,16,8
2023-08-05,8011729,8011729,9,33,28
2023-08-05,8011729,8012841,5,17,39
2023-08-05,8011731,8011731,2,12,70
2023-08-05,8011731,8013293,2,6,135
2023-08-05,8011735,8011735,24,37,54
2023-08-05,8011735,8012609,12,19,32
2023-08-05,8011735,8079629,8,18,43
2023-08-05,8011778,8011778,17,22,260
2023-08-05,8011778,8012316,7,9,280
2023-08-05,8011778,8012762,1,2,300
2023-08-05,8011778,8013062,6,9,247
2023-08-05,8011797,8011797,33,36,63
2023-08-05,8011797,8013040,9,18,47
2023-08-05,8011797,8013105,3,18,23
2023-08-05,8011798,8010156,8,8,34
2023-08-05,8011864,8003774,12,17,157
2023-08-05,8011864,8011864,23,35,241
2023-08-05,8011864,8012268,10,18,313
2023-08-05,8011889,8011286,2,19,54
2023-08-05,8011889,8011889,16,38,225
2023-08-05,8011889,8013339,14,19,411
2023-08-05,8011908,8011592,1,8,4
2023-08-05,8011908,8011908,2,16,13
2023-08-05,8011908,8012737,1,8,22
2023-08-05,8011939,8011939,3,13,51
2023-08-05,8011939,8012517,0,6,0
2023-08-05,8011939,8012949,3,7,94
2023-08-05,8011951,8011726,7,8,75
2023-08-05,8011951,8011951,7,16,64
2023-08-05,8011951,8013069,2,8,22
2023-08-05,8011953,8011694,3,3,140
2023-08-05,8011953,8011953,4,7,64
2023-08-05,8011953,8012358,1,3,60
2023-08-05,8011991,8011286,14,19,393
2023-08-05,8011991,8011991,15,38,218
2023-08-05,8011992,8011992,0,32,0
2023-08-05,8011992,8012617,0,16,0
2023-08-05,8011992,8013133,0,16,0
2023-08-05,8011995,8010176,6,18,35
2023-08-05,8011995,8011995,10,36,26
2023-08-05,8011995,8013040,7,18,18
2023-08-05,8012005,8011114,12,16,161
2023-08-05,8012005,8012005,7,32,66
2023-08-05,8012005,8012827,0,16,0
2023-08-05,8012009,8010156,1,1,120
2023-08-05,8012009,8012009,1,1,120
2023-08-05,8012021,8011044,7,10,180
2023-08-05,8012021,8011723,9,10,765
2023-08-05,8012021,8012021,16,20,474
2023-08-05,8012065,8012065,5,56,63
2023-08-05,8012065,8012086,0,28,0
2023-08-05,8012065,8087027,5,28,125
2023-08-05,8012086,8012065,5,28,129
2023-08-05,8012086,8012086,5,56,65
2023-08-05,8012086,8013385,0,29,0
2023-08-05,8012093,8010201,10,13,995
2023-08-05,8012093,8010399,8,8,772
2023-08-05,8012093,8012093,24,26,804
2023-08-05,8012108,8012108,9,36,31
2023-08-05,8012108,8012729,3,18,22
2023-08-05,8012108,8012840,4,18,33
2023-08-05,8012109,8012109,16,17,169
2023-08-05,8012109,8012143,9,9,193
2023-08-05,8012109,8012856,7,8,128
2023-08-05,8012143,8012109,8,8,172
2023-08-05,8012143,8012143,17,17,196
2023-08-05,8012143,8013072,9,9,273
2023-08-05,8012146,8012146,21,29,306
2023-08-05,8012146,8012832,11,15,290
2023-08-05,8012146,8012843,10,14,341
2023-08-05,8012262,8011681,4,10,36
2023-08-05,8012262,8012262,26,38,148
2023-08-05,8012262,8012716,11,19,224
2023-08-05,8012264,8012264,28,49,60
2023-08-05,8012264,8012321,2,8,195
2023-08-05,8012264,8012384,7,9,53
2023-08-05,8012264,8012940,13,17,53
2023-08-05,8012265,8010267,4,6,60
2023-08-05,8012265,8012265,5,12,48
2023-08-05,8012265,8012612,3,6,80
2023-08-05,8012268,8011864,12,17,139
2023-08-05,8012268,8012268,20,35,278
2023-08-05,8012268,8012902,9,18,490
2023-08-05,8012269,8010153,8,8,480
2023-08-05,8012269,8012269,11,17,275
2023-08-05,8012269,8012362,3,9,97
2023-08-05,8012274,8011592,3,8,41
2023-08-05,8012274,8011718,1,8,4
2023-08-05,8012274,8012274,4,16,24
2023-08-05,8012296,8012296,3,12,55
2023-08-05,8012296,8012517,3,7,94
2023-08-05,8012296,8087006,0,6,0
2023-08-05,8012316,8011281,7,9,253
2023-08-05,8012316,8011778,4,10,219
2023-08-05,8012316,8012316,13,19,261
2023-08-05,8012321,8010381,4,17,64
2023-08-05,8012321,8012264,1,7,4
2023-08-05,8012321,8012321,9,34,49
2023-08-05,8012321,8012384,5,10,30
2023-08-05,8012358,8011694,4,4,90
2023-08-05,8012358,8011953,2,4,75
2023-08-05,8012358,8012358,12,16,105
2023-08-05,8012358,8013352,1,3,30
2023-08-05,8012361,8013409,1,6,5
2023-08-05,8012362,8010322,3,9,93
2023-08-05,8012362,8012269,8,8,476
2023-08-05,8012362,8012362,11,17,282
2023-08-05,8012376,8010241,15,18,835
2023-08-05,8012376,8012376,25,36,448
2023-08-05,8012376,8012758,15,18,165
2023-08-05,8012377,8010300,4,5,372
2023-08-05,8012377,8011140,15,15,370
2023-08-05,8012377,8012377,30,32,297
2023-08-05,8012377,8012818,9,12,200
2023-08-05,8012384,8012264,8,10,54
2023-08-05,8012384,8012321,4,9,23
2023-08-05,8012384,8012384,12,19,49
2023-08-05,8012421,8012421,27,32,635
2023-08-05,8012421,8012555,14,16,864
2023-08-05,8012421,8013017,14,16,426
2023-08-05,8012436,8010199,14,18,202
2023-08-05,8012436,8010348,18,18,940
2023-08-05,8012436,8012436,32,36,549
2023-08-05,8012438,8012438,11,36,34
2023-08-05,8012438,8012840,4,18,27
2023-08-05,8012438,8013105,6,18,40
2023-08-05,8012474,8011442,3,8,38
2023-08-05,8012474,8011726,3,9,17
2023-08-05,8012474,8012474,6,17,28
2023-08-05,8012517,8011939,3,7,94
2023-08-05,8012517,8012296,0,6,0
2023-08-05,8012517,8012517,3,13,51
2023-08-05,8012555,8010339,13,16,831
2023-08-05,8012555,8012421,14,16,412
2023-08-05,8012555,8012555,28,32,616
2023-08-05,8012582,8010300,15,15,162
2023-08-05,8012582,8012582,24,31,148
2023-08-05,8012582,8012584,14,16,259
2023-08-05,8012583,8012584,1,15,4
2023-08-05,8012584,8012582,2,15,4
2023-08-05,8012584,8012583,10,16,236
2023-08-05,8012584,8012584,16,31,132
2023-08-05,8012609,8011031,10,19,32
2023-08-05,8012609,8011735,10,18,68
2023-08-05,8012609,8012609,20,37,40
2023-08-05,8012610,8011213,8,8,611
2023-08-05,8012610,8012610,14,15,638
2023-08-05,8012610,8013393,7,7,733
2023-08-05,8012612,8011593,3,6,65
2023-08-05,8012612,8012265,1,6,5
2023-08-05,8012612,8012612,3,12,45
2023-08-05,8012617,8011992,0,16,0
2023-08-05,8012643,8013354,4,15,22
2023-08-05,8012644,8010188,3,12,55
2023-08-05,8012677,8010156,11,14,176
2023-08-05,8012677,8011248,11,14,264
2023-08-05,8012677,8012677,21,28,221
2023-08-05,8012683,8010210,8,14,186
2023-08-05,8012683,8012683,20,28,279
2023-08-05,8012683,8012684,12,14,381
2023-08-05,8012684,8012683,8,14,189
2023-08-05,8012684,8012684,20,28,289
2023-08-05,8012710,8011356,12,12,502
2023-08-05,8012710,8011707,11,12,470
2023-08-05,8012710,8012710,22,24,512
2023-08-05,8012711,8011017,9,16,232
2023-08-05,8012711,8012711,24,31,323
2023-08-05,8012711,8012835,15,15,380
2023-08-05,8012716,8012262,15,19,74
2023-08-05,8012716,8012716,28,38,141
2023-08-05,8012716,8013073,15,19,231
2023-08-05,8012729,8010016,14,18,85
2023-08-05,8012729,8012108,7,18,52
2023-08-05,8012729,8012729,19,36,48
2023-08-05,8012737,8011908,1,8,4
2023-08-05,8012758,8010227,15,18,202
2023-08-05,8012758,8012376,17,18,765
2023-08-05,8012758,8012758,34,36,494
2023-08-05,8012762,8010300,1,1,300
2023-08-05,8012762,8011027,8,10,291
2023-08-05,8012762,8011611,6,10,225
2023-08-05,8012762,8011778,1,1,30
2023-08-05,8012762,8012762,16,22,251
2023-08-05,8012785,8011270,7,17,48
2023-08-05,8012785,8012785,14,33,44
2023-08-05,8012785,8079629,3,14,15
2023-08-05,8012806,8011140,12,16,182
2023-08-05,8012806,8012806,23,31,272
2023-08-05,8012818,8010300,12,12,275
2023-08-05,8012818,8012377,7,10,297
2023-08-05,8012818,8012818,22,22,282
2023-08-05,8012827,8012005,8,15,150
2023-08-05,8012827,8012827,8,31,77
2023-08-05,8012832,8010210,8,15,274
2023-08-05,8012832,8012146,11,14,328
2023-08-05,8012832,8012832,19,29,305
2023-08-05,8012835,8012711,9,16,251
2023-08-05,8012835,8012835,25,31,316
2023-08-05,8012835,8013104,15,15,378
2023-08-05,8012839,8010179,6,8,150
2023-08-05,8012839,8012839,14,16,165
2023-08-05,8012840,8012108,5,18,28
2023-08-05,8012840,8012438,6,18,38
2023-08-05,8012840,8012840,9,36,33
2023-08-05,8012841,8011729,1,16,9
2023-08-05,8012841,8012841,8,33,22
2023-08-05,8012841,8079604,6,17,34
2023-08-05,8012843,8012146,9,15,282
2023-08-05,8012856,8012002,8,8,176
2023-08-05,8012856,8012109,9,9,180
2023-08-05,8012856,8012856,17,17,154
2023-08-05,8012892,8011109,5,22,155
2023-08-05,8012892,8012892,5,44,80
2023-08-05,8012892,8017349,0,22,0
2023-08-05,8012902,8010141,3,10,333
2023-08-05,8012902,8011702,6,8,818
2023-08-05,8012902,8012268,11,17,152
2023-08-05,8012902,8012902,22,35,335
2023-08-05,8012933,8004177,9,14,454
2023-08-05,8012933,8011230,11,14,146
2023-08-05,8012933,8012933,21,28,301
2023-08-05,8012940,8010325,12,24,78
2023-08-05,8012940,8012264,9,15,192
2023-08-05,8012940,8012940,51,96,129
2023-08-05,8012940,8012951,15,24,162
2023-08-05,8012940,8012953,0,5,0
2023-08-05,8012940,8013186,7,8,142
2023-08-05,8012949,8011939,0,6,0
2023-08-05,8012949,8012949,3,13,51
2023-08-05,8012949,8013232,3,7,94
2023-08-05,8012951,8010156,11,13,265
2023-08-05,8012951,8010173,10,20,27
2023-08-05,8012951,8010325,6,9,50
2023-08-05,8012951,8012940,16,24,241
2023-08-05,8012951,8012951,42,66,158
2023-08-05,8012953,8012940,0,4,0
2023-08-05,8012953,8012953,1,16,11
2023-08-05,8012953,8012960,1,8,22
2023-08-05,8012954,8011718,1,8,19
2023-08-05,8012954,8012954,1,16,11
2023-08-05,8012954,8012960,1,8,4
2023-08-05,8012960,8012953,0,8,0
2023-08-05,8012960,8012954,1,8,22
2023-08-05,8012960,8012960,2,16,13
2023-08-05,8012962,8012962,3,44,58
2023-08-05,8012962,8079084,3,22,116
2023-08-05,8012962,8087025,0,22,0
2023-08-05,8012963,8012963,5,40,75
2023-08-05,8012963,8087025,3,22,115
2023-08-05,8012963,8087026,0,22,0
2023-08-05,8013017,8010241,13,16,412
2023-08-05,8013017,8012421,13,16,846
2023-08-05,8013017,8013017,26,32,631
2023-08-05,8013018,8010267,2,8,26
2023-08-05,8013018,8011442,3,9,23
2023-08-05,8013018,8013018,5,17,23
2023-08-05,8013040,8011797,16,18,65
2023-08-05,8013040,8011995,5,18,32
2023-08-05,8013040,8013040,22,36,38
2023-08-05,8013051,8011646,11,12,342
2023-08-05,8013051,8013051,21,24,404
2023-08-05,8013051,8013177,10,12,488
2023-08-05,8013062,8011017,14,15,382
2023-08-05,8013062,8011778,10,10,285
2023-08-05,8013062,8013062,27,31,308
2023-08-05,8013069,8010156,3,8,38
2023-08-05,8013069,8011951,4,8,82
2023-08-05,8013069,8013069,7,16,52
2023-08-05,8013072,8010273,9,9,210
2023-08-05,8013072,8012143,6,8,154
2023-08-05,8013072,8013072,16,17,208
2023-08-05,8013073,8010173,11,19,213
2023-08-05,8013073,8012716,15,19,51
2023-08-05,8013073,8013073,27,38,141
2023-08-05,8013104,8010210,13,15,340
2023-08-05,8013104,8012835,12,16,253
2023-08-05,8013104,8013104,24,31,297
2023-08-05,8013105,8011797,17,18,133
2023-08-05,8013105,8012438,5,18,30
2023-08-05,8013105,8013105,20,36,62
2023-08-05,8013106,8079604,0,16,0
2023-08-05,8013131,8010179,7,8,154
2023-08-05,8013131,8011456,5,8,180
2023-08-05,8013131,8013131,13,16,165
2023-08-05,8013132,8010392,6,30,192
2023-08-05,8013132,8011108,1,27,20
2023-08-05,8013132,8013132,7,55,116
2023-08-05,8013133,8010392,0,16,0
2023-08-05,8013133,8011992,0,16,0
2023-08-05,8013133,8013133,0,32,0
2023-08-05,8013156,8013162,4,8,131
2023-08-05,8013161,8013161,4,44,77
2023-08-05,8013161,8017349,5,22,154
2023-08-05,8013161,8087027,0,28,0
2023-08-05,8013162,8011456,5,8,60
2023-08-05,8013162,8013156,8,8,195
2023-08-05,8013162,8013162,9,16,126
2023-08-05,8013177,8011356,10,12,495
2023-08-05,8013177,8013051,11,12,418
2023-08-05,8013177,8013177,21,24,456
2023-08-05,8013186,8010051,11,18,822
2023-08-05,8013186,8011215,7,8,368
2023-08-05,8013186,8012940,9,9,297
2023-08-05,8013186,8013186,25,35,601
2023-08-05,8013232,8012949,0,6,0
2023-08-05,8013232,8013232,3,13,51
2023-08-05,8013293,8011731,0,6,0
2023-08-05,8013293,8013293,2,12,62
2023-08-05,8013293,8070946,2,6,120
2023-08-05,8013322,8011481,8,12,412
2023-08-05,8013322,8011707,12,12,518
2023-08-05,8013322,8013322,20,24,486
2023-08-05,8013339,8011889,2,19,51
2023-08-05,8013339,8013339,17,39,199
2023-08-05,8013339,8013340,7,28,215
2023-08-05,8013340,8013339,1,27,20
2023-08-05,8013340,8013340,8,55,119
2023-08-05,8013340,8013341,6,28,212
2023-08-05,8013341,8011108,6,28,211
2023-08-05,8013341,8013340,1,27,20
2023-08-05,8013341,8013341,7,55,118
2023-08-05,8013352,8012358,4,4,90
2023-08-05,8013352,8013352,4,7,34
2023-08-05,8013354,8010325,3,15,28
2023-08-05,8013354,8012643,6,15,74
2023-08-05,8013354,8013354,11,30,56
2023-08-05,8013370,8012009,1,1,90
2023-08-05,8013370,8013370,1,1,60
2023-08-05,8013373,8011481,12,12,542
2023-08-05,8013373,8013373,19,24,479
2023-08-05,8013385,8010392,1,29,21
2023-08-05,8013385,8012086,5,29,126
2023-08-05,8013385,8013385,6,58,70
2023-08-05,8013393,8010213,7,7,686
2023-08-05,8013393,8012610,7,8,570
2023-08-05,8013393,8013393,15,15,638
2023-08-05,8013409,8012361,2,6,110
2023-08-05,8013409,8013409,3,12,58
2023-08-05,8013409,8070946,0,6,0
2023-08-05,8017349,8012892,5,22,161
2023-08-05,8017349,8013161,0,22,0
2023-08-05,8017349,8017349,5,44,78
2023-08-05,8070946,8013293,0,6,0
2023-08-05,8070946,8013409,2,6,115
2023-08-05,8070946,8070946,2,12,60
2023-08-05,8079604,8012841,5,16,11
2023-08-05,8079604,8013106,4,17,30
2023-08-05,8079604,8079604,11,33,22
2023-08-05,8079629,8011735,19,19,60
2023-08-05,8079629,8012785,13,15,64
2023-08-05,8079629,8079629,26,37,34
2023-08-05,8087006,8011015,0,6,0
2023-08-05,8087006,8012296,3,6,110
2023-08-05,8087006,8087006,3,12,55
2023-08-05,8087025,8012962,3,22,115
2023-08-05,8087025,8012963,0,22,0
2023-08-05,8087025,8087025,3,44,57
2023-08-05,8087026,8011109,0,22,0
2023-08-05,8087026,8012963,5,22,157
2023-08-05,8087026,8087026,5,44,78
2023-08-05,8087027,8012065,0,28,0
2023-08-05,8087027,8013161,5,28,122
2023-08-05,8087027,8087027,5,56,63
2023-08-06,8010016,8010016,25,32,145
2023-08-06,8010016,8011031,6,16,167
2023-08-06,8010016,8012729,4,16,109
2023-08-06,8010051,8010051,21,36,370
2023-08-06,8010051,8010153,6,9,57
2023-08-06,8010051,8010322,8,10,849
2023-08-06,8010051,8013186,14,18,262
2023-08-06,8010141,8010141,23,33,126
2023-08-06,8010141,8011702,8,9,103
2023-08-06,8010141,8012651,6,8,158
2023-08-06,8010141,8012902,6,8,101
2023-08-06,8010153,8010051,6,9,53
2023-08-06,8010153,8010153,50,55,232
2023-08-06,8010153,8010201,13,13,339
2023-08-06,8010153,8010284,22,26,183
2023-08-06,8010153,8012269,4,9,30
2023-08-06,8010156,8010156,35,44,311
2023-08-06,8010156,8011798,3,8,60
2023-08-06,8010156,8012677,10,14,208
2023-08-06,8010156,8012951,12,14,666
2023-08-06,8010156,8013069,5,8,112
2023-08-06,8010173,8010173,27,37,78
2023-08-06,8010173,8012951,11,18,110
2023-08-06,8010173,8013073,15,18,80
2023-08-06,8010173,8013370,1,1,60
2023-08-06,8010176,8010176,10,32,52
2023-08-06,8010176,8010381,6,16,99
2023-08-06,8010176,8011995,4,16,8
2023-08-06,8010179,8010179,31,32,342
2023-08-06,8010179,8011536,9,9,460
2023-08-06,8010179,8012418,7,7,381
2023-08-06,8010179,8012839,7,7,377
2023-08-06,8010179,8013131,7,7,321
2023-08-06,8010188,8010188,4,24,20
2023-08-06,8010188,8011015,2,6,40
2023-08-06,8010188,8011593,0,6,0
2023-08-06,8010188,8012644,2,12,25
2023-08-06,8010199,8010199,28,36,184
2023-08-06,8010199,8010284,15,18,163
2023-08-06,8010199,8012436,16,18,217
2023-08-06,8010201,8010153,11,13,196
2023-08-06,8010201,8010201,21,26,216
2023-08-06,8010201,8012093,13,13,261
2023-08-06,8010210,8010210,27,31,293
2023-08-06,8010210,8012683,13,14,431
2023-08-06,8010210,8012832,12,15,386
2023-08-06,8010210,8013104,13,15,230
2023-08-06,8010213,8010213,11,16,122
2023-08-06,8010213,8011689,5,8,139
2023-08-06,8010213,8013393,6,8,101
2023-08-06,8010227,8010227,31,36,82
2023-08-06,8010227,8010348,18,18,115
2023-08-06,8010227,8012758,17,18,92
2023-08-06,8010241,8010241,36,52,72
2023-08-06,8010241,8011025,5,12,70
2023-08-06,8010241,8011293,15,19,126
2023-08-06,8010241,8012376,7,18,17
2023-08-06,8010241,8013017,9,15,90
2023-08-06,8010267,8012265,2,6,20
2023-08-06,8010267,8013018,2,9,7
2023-08-06,8010273,8010273,10,17,122
2023-08-06,8010273,8010284,3,9,43
2023-08-06,8010273,8013072,8,8,229
2023-08-06,8010284,8010153,19,27,136
2023-08-06,8010284,8010199,16,18,208
2023-08-06,8010284,8010273,6,8,146
2023-08-06,8010284,8010284,40,53,158
2023-08-06,8010300,8010300,50,52,331
2023-08-06,8010300,8011611,10,11,532
2023-08-06,8010300,8012377,4,4,322
2023-08-06,8010300,8012582,12,16,141
2023-08-06,8010300,8012818,11,11,256
2023-08-06,8010322,8010051,10,10,498
2023-08-06,8010322,8010322,36,37,479
2023-08-06,8010322,8011924,9,9,110
2023-08-06,8010322,8012362,8,8,454
2023-08-06,8010325,8010325,18,48,19
2023-08-06,8010325,8012940,8,24,22
2023-08-06,8010325,8012951,6,9,30
2023-08-06,8010325,8013354,5,15,18
2023-08-06,8010339,8010339,19,30,93
2023-08-06,8010339,8011213,14,15,124
2023-08-06,8010339,8012555,7,15,78
2023-08-06,8010348,8010227,9,18,55
2023-08-06,8010348,8010348,35,36,147
2023-08-06,8010348,8012436,14,18,140
2023-08-06,8010381,8010176,1,16,2
2023-08-06,8010381,8012321,2,16,24
2023-08-06,8010392,8010392,5,58,27
2023-08-06,8010392,8013132,0,29,0
2023-08-06,8010392,8013133,0,16,0
2023-08-06,8010392,8013385,5,29,54
2023-08-06,8011015,8010188,0,6,0
2023-08-06,8011015,8011015,2,12,20
2023-08-06,8011015,8087006,2,6,40
2023-08-06,8011017,8011017,27,31,332
2023-08-06,8011017,8012711,16,16,431
2023-08-06,8011017,8013062,11,15,246
2023-08-06,8011025,8010241,4,12,25
2023-08-06,8011025,8011025,8,24,39
2023-08-06,8011025,8011646,6,12,78
2023-08-06,8011027,8011027,14,19,537
2023-08-06,8011027,8011281,8,10,570
2023-08-06,8011027,8012762,6,9,477
2023-08-06,8011031,8010016,12,17,159
2023-08-06,8011031,8011031,15,33,155
2023-08-06,8011031,8012609,5,16,163
2023-08-06,8011044,8010282,2,2,75
2023-08-06,8011044,8011044,18,22,303
2023-08-06,8011044,8011438,8,9,177
2023-08-06,8011044,8011694,2,2,795
2023-08-06,8011044,8012021,8,9,360
2023-08-06,8011108,8011108,6,55,70
2023-08-06,8011108,8013132,5,28,109
2023-08-06,8011108,8013341,1,27,29
2023-08-06,8011109,8011109,4,44,29
2023-08-06,8011109,8012892,0,22,0
2023-08-06,8011109,8087026,4,22,57
2023-08-06,8011114,8012005,0,15,0
2023-08-06,8011140,8011140,27,32,197
2023-08-06,8011140,8012377,12,17,141
2023-08-06,8011140,8012806,15,15,284
2023-08-06,8011205,8010399,8,9,160
2023-08-06,8011205,8011205,18,21,146
2023-08-06,8011205,8011307,10,10,159
2023-08-06,8011213,8010339,11,15,142
2023-08-06,8011213,8011213,28,30,156
2023-08-06,8011213,8012610,7,7,180
2023-08-06,8011230,8011230,24,28,444
2023-08-06,8011230,8011248,11,14,630
2023-08-06,8011230,8012933,13,14,304
2023-08-06,8011248,8011230,9,14,229
2023-08-06,8011248,8011248,21,28,432
2023-08-06,8011248,8012677,12,14,664
2023-08-06,8011270,8011270,11,31,32
2023-08-06,8011270,8011729,11,16,68
2023-08-06,8011270,8012785,0,15,0
2023-08-06,8011281,8011027,6,9,473
2023-08-06,8011281,8011281,14,19,523
2023-08-06,8011281,8012316,9,10,540
2023-08-06,8011286,8011286,16,38,138
2023-08-06,8011286,8011889,13,19,235
2023-08-06,8011286,8011991,1,19,30
2023-08-06,8011293,8010241,16,18,118
2023-08-06,8011293,8011293,30,37,129
2023-08-06,8011293,8011307,9,11,109
2023-08-06,8011307,8011205,9,11,109
2023-08-06,8011307,8011293,9,10,156
2023-08-06,8011307,8011307,19,21,133
2023-08-06,8011356,8011356,13,24,72
2023-08-06,8011356,8012710,3,12,42
2023-08-06,8011356,8013177,10,12,82
2023-08-06,8011438,8011044,8,9,390
2023-08-06,8011438,8011438,16,18,298
2023-08-06,8011438,8011536,8,9,180
2023-08-06,8011442,8011442,7,17,30
2023-08-06,8011442,8012474,4,9,17
2023-08-06,8011442,8013018,4,8,38
2023-08-06,8011456,8011456,13,14,345
2023-08-06,8011456,8013131,7,7,351
2023-08-06,8011456,8013162,7,7,343
2023-08-06,8011481,8011481,15,24,111
2023-08-06,8011481,8013322,10,12,175
2023-08-06,8011481,8013373,5,12,42
2023-08-06,8011536,8010179,7,9,213
2023-08-06,8011536,8011438,8,9,440
2023-08-06,8011536,8011536,17,18,322
2023-08-06,8011592,8011592,1,16,4
2023-08-06,8011592,8011908,1,8,4
2023-08-06,8011592,8012274,0,8,0
2023-08-06,8011593,8010188,2,6,40
2023-08-06,8011593,8011593,2,12,20
2023-08-06,8011593,8012612,0,6,0
2023-08-06,8011611,8010300,7,9,493
2023-08-06,8011611,8011611,19,20,530
2023-08-06,8011611,8012762,10,11,573
2023-08-06,8011646,8011025,4,12,42
2023-08-06,8011646,8011646,15,24,75
2023-08-06,8011646,8013051,6,12,62
2023-08-06,8011681,8011681,10,18,127
2023-08-06,8011681,8011994,5,9,150
2023-08-06,8011681,8012262,4,9,127
2023-08-06,8011689,5100145,4,8,112
2023-08-06,8011689,8010213,3,8,75
2023-08-06,8011689,8011689,8,16,109
2023-08-06,8011694,8011694,20,33,192
2023-08-06,8011694,8011723,9,16,103
2023-08-06,8011694,8011953,2,6,25
2023-08-06,8011694,8012358,8,9,327
2023-08-06,8011702,8010141,6,8,176
2023-08-06,8011702,8011702,11,17,131
2023-08-06,8011702,8012902,8,9,117
2023-08-06,8011707,8011707,16,24,146
2023-08-06,8011707,8012710,11,12,292
2023-08-06,8011707,8013322,6,12,60
2023-08-06,8011718,8011718,3,16,26
2023-08-06,8011718,8012274,1,8,4
2023-08-06,8011718,8012954,1,8,86
2023-08-06,8011723,8011694,8,15,194
2023-08-06,8011723,8011723,18,31,147
2023-08-06,8011723,8012021,8,9,160
2023-08-06,8011726,8011726,6,17,34
2023-08-06,8011726,8011951,6,8,60
2023-08-06,8011726,8012474,5,8,41
2023-08-06,8011729,8011270,0,15,0
2023-08-06,8011729,8011729,9,31,23
2023-08-06,8011729,8012841,5,16,30
2023-08-06,8011731,8011731,5,12,42
2023-08-06,8011731,8013293,2,6,65
2023-08-06,8011735,8011735,26,33,177
2023-08-06,8011735,8012609,13,17,152
2023-08-06,8011735,8079629,9,16,159
2023-08-06,8011778,8011778,16,21,484
2023-08-06,8011778,8012316,7,9,450
2023-08-06,8011778,8012762,1,1,300
2023-08-06,8011778,8013062,7,9,573
2023-08-06,8011797,8011797,30,32,106
2023-08-06,8011797,8013040,5,16,109
2023-08-06,8011797,8013105,5,16,92
2023-08-06,8011798,8010156,8,8,41
2023-08-06,8011864,8003774,10,17,56
2023-08-06,8011864,8011864,15,35,45
2023-08-06,8011864,8012268,5,18,23
2023-08-06,8011889,8011286,1,19,32
2023-08-06,8011889,8011889,15,38,137
2023-08-06,8011889,8013339,14,19,253
2023-08-06,8011908,8011592,2,8,22
2023-08-06,8011908,8011908,2,16,15
2023-08-06,8011908,8012737,0,8,0
2023-08-06,8011939,8011939,2,13,18
2023-08-06,8011939,8012517,0,6,0
2023-08-06,8011939,8012949,2,7,34
2023-08-06,8011951,8011726,6,8,79
2023-08-06,8011951,8011951,8,16,94
2023-08-06,8011951,8013069,4,8,60
2023-08-06,8011953,8011694,6,7,39
2023-08-06,8011953,8011953,10,15,44
2023-08-06,8011953,8012358,5,7,94
2023-08-06,8011991,8011286,15,19,238
2023-08-06,8011991,8011991,16,38,133
2023-08-06,8011992,8011992,0,32,0
2023-08-06,8011992,8012617,0,16,0
2023-08-06,8011992,8013133,0,16,0
2023-08-06,8011995,8010176,5,16,99
2023-08-06,8011995,8011995,7,32,53
2023-08-06,8011995,8013040,6,16,15
2023-08-06,8012005,8011114,11,15,126
2023-08-06,8012005,8012005,4,30,54
2023-08-06,8012005,8012827,0,15,0
2023-08-06,8012009,8010156,1,1,60
2023-08-06,8012009,8012009,1,1,60
2023-08-06,8012021,8011044,7,9,173
2023-08-06,8012021,8011723,9,9,377
2023-08-06,8012021,8012021,15,18,285
2023-08-06,8012065,8012065,4,56,24
2023-08-06,8012065,8012086,0,28,0
2023-08-06,8012065,8087027,4,28,47
2023-08-06,8012086,8012065,4,28,49
2023-08-06,8012086,8012086,4,56,25
2023-08-06,8012086,8013385,0,29,0
2023-08-06,8012093,8010201,11,13,127
2023-08-06,8012093,8010399,7,8,229
2023-08-06,8012093,8012093,23,26,170
2023-08-06,8012108,8012108,10,32,99
2023-08-06,8012108,8012729,5,16,90
2023-08-06,8012108,8012840,4,16,105
2023-08-06,8012109,8012109,16,17,152
2023-08-06,8012109,8012143,8,9,93
2023-08-06,8012109,8012856,7,8,154
2023-08-06,8012143,8012109,8,8,206
2023-08-06,8012143,8012143,16,17,150
2023-08-06,8012143,8013072,9,9,160
2023-08-06,8012146,8012146,22,29,309
2023-08-06,8012146,8012832,10,14,251
2023-08-06,8012146,8012843,12,15,374
2023-08-06,8012262,8011681,4,9,83
2023-08-06,8012262,8012262,25,36,102
2023-08-06,8012262,8012716,13,18,95
2023-08-06,8012264,8012264,25,50,58
2023-08-06,8012264,8012321,3,8,86
2023-08-06,8012264,8012384,8,9,110
2023-08-06,8012264,8012940,12,16,54
2023-08-06,8012265,8010267,4,6,55
2023-08-06,8012265,8012265,6,12,32
2023-08-06,8012265,8012612,2,6,40
2023-08-06,8012268,8011864,12,17,72
2023-08-06,8012268,8012268,16,35,47
2023-08-06,8012268,8012902,3,18,13
2023-08-06,8012269,8010153,8,8,458
2023-08-06,8012269,8012269,14,17,242
2023-08-06,8012269,8012362,6,9,43
2023-08-06,8012274,8011592,1,8,8
2023-08-06,8012274,8011718,0,8,0
2023-08-06,8012274,8012274,1,16,4
2023-08-06,8012296,8012296,2,12,20
2023-08-06,8012296,8012517,2,7,34
2023-08-06,8012296,8087006,0,6,0
2023-08-06,8012316,8011281,7,9,513
2023-08-06,8012316,8011778,6,10,489
2023-08-06,8012316,8012316,14,19,504
2023-08-06,8012321,8010381,7,17,37
2023-08-06,8012321,8012264,1,6,5
2023-08-06,8012321,8012321,16,33,55
2023-08-06,8012321,8012384,9,10,93
2023-08-06,8012358,8011694,9,9,177
2023-08-06,8012358,8011953,3,8,41
2023-08-06,8012358,8012358,30,36,159
2023-08-06,8012358,8013352,4,8,64
2023-08-06,8012361,8013409,4,6,20
2023-08-06,8012362,8010322,4,9,30
2023-08-06,8012362,8012269,8,8,469
2023-08-06,8012362,8012362,12,17,244
2023-08-06,8012376,8010241,10,18,27
2023-08-06,8012376,8012376,15,36,24
2023-08-06,8012376,8012758,16,18,67
2023-08-06,8012377,8010300,4,4,188
2023-08-06,8012377,8011140,15,15,280
2023-08-06,8012377,8012377,28,32,195
2023-08-06,8012377,8012818,8,13,111
2023-08-06,8012384,8012264,10,10,108
2023-08-06,8012384,8012321,4,9,77
2023-08-06,8012384,8012384,14,19,101
2023-08-06,8012421,8012421,21,30,81
2023-08-06,8012421,8012555,11,15,98
2023-08-06,8012421,8013017,13,15,108
2023-08-06,8012436,8010199,15,18,170
2023-08-06,8012436,8010348,17,18,265
2023-08-06,8012436,8012436,32,36,190
2023-08-06,8012438,8012438,9,32,102
2023-08-06,8012438,8012840,5,16,94
2023-08-06,8012438,8013105,5,16,112
2023-08-06,8012474,8011442,4,8,30
2023-08-06,8012474,8011726,3,9,17
2023-08-06,8012474,8012474,6,17,19
2023-08-06,8012517,8011939,2,7,34
2023-08-06,8012517,8012296,0,6,0
2023-08-06,8012517,8012517,2,13,18
2023-08-06,8012555,8010339,10,15,72
2023-08-06,8012555,8012421,9,15,92
2023-08-06,8012555,8012555,20,30,84
2023-08-06,8012582,8010300,12,15,128
2023-08-06,8012582,8012582,22,31,104
2023-08-06,8012582,8012584,12,16,154
2023-08-06,8012583,8012584,1,15,20
2023-08-06,8012584,8012582,2,15,20
2023-08-06,8012584,8012583,10,16,139
2023-08-06,8012584,8012584,14,31,87
2023-08-06,8012609,8011031,11,17,150
2023-08-06,8012609,8011735,11,16,188
2023-08-06,8012609,8012609,22,33,162
2023-08-06,8012610,8011213,7,8,184
2023-08-06,8012610,8012610,14,16,133
2023-08-06,8012610,8013393,8,8,202
2023-08-06,8012612,8011593,2,6,40
2023-08-06,8012612,8012265,1,6,5
2023-08-06,8012612,8012612,2,12,20
2023-08-06,8012617,8011992,0,16,0
2023-08-06,8012643,8013354,3,15,20
2023-08-06,8012644,8010188,2,12,20
2023-08-06,8012677,8010156,13,14,686
2023-08-06,8012677,8011248,8,14,210
2023-08-06,8012677,8012677,23,28,440
2023-08-06,8012683,8010210,6,14,206
2023-08-06,8012683,8012683,20,28,317
2023-08-06,8012683,8012684,14,14,424
2023-08-06,8012684,8012683,6,14,216
2023-08-06,8012684,8012684,19,28,319
2023-08-06,8012710,8011356,11,12,202
2023-08-06,8012710,8011707,7,12,52
2023-08-06,8012710,8012710,17,24,166
2023-08-06,8012711,8011017,11,15,192
2023-08-06,8012711,8012711,26,31,325
2023-08-06,8012711,8012835,16,16,403
2023-08-06,8012716,8012262,14,18,105
2023-08-06,8012716,8012716,24,36,91
2023-08-06,8012716,8013073,14,18,97
2023-08-06,8012729,8010016,13,16,129
2023-08-06,8012729,8012108,5,16,120
2023-08-06,8012729,8012729,17,32,112
2023-08-06,8012737,8011908,3,8,11
2023-08-06,8012758,8010227,15,18,83
2023-08-06,8012758,8012376,18,18,70
2023-08-06,8012758,8012758,34,36,104
2023-08-06,8012762,8010300,1,1,420
2023-08-06,8012762,8011027,8,10,591
2023-08-06,8012762,8011611,9,9,507
2023-08-06,8012762,8011778,1,1,360
2023-08-06,8012762,8012762,19,21,503
2023-08-06,8012785,8011270,10,16,58
2023-08-06,8012785,8012785,12,31,38
2023-08-06,8012785,8079629,4,13,32
2023-08-06,8012806,8011140,12,16,96
2023-08-06,8012806,8012806,23,31,163
2023-08-06,8012818,8010300,13,13,205
2023-08-06,8012818,8012377,10,11,229
2023-08-06,8012818,8012818,24,24,204
2023-08-06,8012827,8012005,5,14,114
2023-08-06,8012827,8012827,5,29,56
2023-08-06,8012832,8010210,10,14,234
2023-08-06,8012832,8012146,12,15,368
2023-08-06,8012832,8012832,21,29,310
2023-08-06,8012835,8012711,10,15,210
2023-08-06,8012835,8012835,25,31,309
2023-08-06,8012835,8013104,16,16,416
2023-08-06,8012839,8010179,7,7,283
2023-08-06,8012839,8012839,14,14,330
2023-08-06,8012840,8012108,5,16,90
2023-08-06,8012840,8012438,4,16,111
2023-08-06,8012840,8012840,9,32,101
2023-08-06,8012841,8011729,0,15,0
2023-08-06,8012841,8012841,3,31,13
2023-08-06,8012841,8079604,4,16,26
2023-08-06,8012843,8012146,9,14,236
2023-08-06,8012856,8012002,8,8,202
2023-08-06,8012856,8012109,8,9,127
2023-08-06,8012856,8012856,16,17,131
2023-08-06,8012892,8011109,4,22,59
2023-08-06,8012892,8012892,4,44,30
2023-08-06,8012892,8017349,0,22,0
2023-08-06,8012902,8010141,4,10,15
2023-08-06,8012902,8011702,6,8,98
2023-08-06,8012902,8012268,12,17,81
2023-08-06,8012902,8012902,15,35,45
2023-08-06,8012933,8004177,12,14,321
2023-08-06,8012933,8011230,12,14,602
2023-08-06,8012933,8012933,25,28,446
2023-08-06,8012940,8010325,12,24,29
2023-08-06,8012940,8012264,9,16,107
2023-08-06,8012940,8012940,53,94,165
2023-08-06,8012940,8012951,16,23,124
2023-08-06,8012940,8012953,3,5,30
2023-08-06,8012940,8013186,7,9,993
2023-08-06,8012949,8011939,0,6,0
2023-08-06,8012949,8012949,2,13,18
2023-08-06,8012949,8013232,2,7,34
2023-08-06,8012951,8010156,8,13,205
2023-08-06,8012951,8010173,13,19,32
2023-08-06,8012951,8010325,4,9,23
2023-08-06,8012951,8012940,12,23,475
2023-08-06,8012951,8012951,41,64,222
2023-08-06,8012953,8012940,2,4,82
2023-08-06,8012953,8012953,4,16,52
2023-08-06,8012953,8012960,2,8,22
2023-08-06,8012954,8011718,2,8,19
2023-08-06,8012954,8012954,3,16,51
2023-08-06,8012954,8012960,1,8,75
2023-08-06,8012960,8012953,1,8,75
2023-08-06,8012960,8012954,2,8,22
2023-08-06,8012960,8012960,3,16,49
2023-08-06,8012962,8012962,2,44,19
2023-08-06,8012962,8079084,1,22,31
2023-08-06,8012962,8087025,1,22,7
2023-08-06,8012963,8012963,5,40,26
2023-08-06,8012963,8087025,1,22,30
2023-08-06,8012963,8087026,0,22,0
2023-08-06,8013017,8010241,8,15,82
2023-08-06,8013017,8012421,6,15,46
2023-08-06,8013017,8013017,16,30,83
2023-08-06,8013018,8010267,4,8,30
2023-08-06,8013018,8011442,3,9,23
2023-08-06,8013018,8013018,7,17,30
2023-08-06,8013040,8011797,13,16,49
2023-08-06,8013040,8011995,5,16,98
2023-08-06,8013040,8013040,19,32,68
2023-08-06,8013051,8011646,9,12,62
2023-08-06,8013051,8013051,14,24,55
2023-08-06,8013051,8013177,5,12,45
2023-08-06,8013062,8011017,16,16,429
2023-08-06,8013062,8011778,10,10,420
2023-08-06,8013062,8013062,28,31,328
2023-08-06,8013069,8010156,4,8,68
2023-08-06,8013069,8011951,5,8,128
2023-08-06,8013069,8013069,9,16,94
2023-08-06,8013072,8010273,9,9,97
2023-08-06,8013072,8012143,8,8,165
2023-08-06,8013072,8013072,17,17,169
2023-08-06,8013073,8010173,6,18,77
2023-08-06,8013073,8012716,13,18,88
2023-08-06,8013073,8013073,22,36,82
2023-08-06,8013104,8010210,13,16,386
2023-08-06,8013104,8012835,8,15,206
2023-08-06,8013104,8013104,20,31,306
2023-08-06,8013105,8011797,16,16,195
2023-08-06,8013105,8012438,5,16,94
2023-08-06,8013105,8013105,21,32,129
2023-08-06,8013106,8079604,0,15,0
2023-08-06,8013131,8010179,7,7,351
2023-08-06,8013131,8011456,7,7,326
2023-08-06,8013131,8013131,14,14,341
2023-08-06,8013132,8010392,6,30,103
2023-08-06,8013132,8011108,1,27,29
2023-08-06,8013132,8013132,6,55,62
2023-08-06,8013133,8010392,0,16,0
2023-08-06,8013133,8011992,0,16,0
2023-08-06,8013133,8013133,0,32,0
2023-08-06,8013156,8013162,7,7,227
2023-08-06,8013161,8013161,4,44,29
2023-08-06,8013161,8017349,4,22,57
2023-08-06,8013161,8087027,0,28,0
2023-08-06,8013162,8011456,6,7,201
2023-08-06,8013162,8013156,7,7,343
2023-08-06,8013162,8013162,14,14,240
2023-08-06,8013177,8011356,8,12,68
2023-08-06,8013177,8013051,9,12,90
2023-08-06,8013177,8013177,18,24,76
2023-08-06,8013186,8010051,7,18,468
2023-08-06,8013186,8011215,4,8,38
2023-08-06,8013186,8012264,1,1,30
2023-08-06,8013186,8012940,8,8,412
2023-08-06,8013186,8013186,19,36,361
2023-08-06,8013232,8012949,0,6,0
2023-08-06,8013232,8013232,2,13,18
2023-08-06,8013293,8011731,2,6,15
2023-08-06,8013293,8013293,2,12,32
2023-08-06,8013293,8070946,2,6,65
2023-08-06,8013322,8011481,7,12,60
2023-08-06,8013322,8011707,10,12,185
2023-08-06,8013322,8013322,17,24,124
2023-08-06,8013339,8011889,1,19,28
2023-08-06,8013339,8013339,15,37,126
2023-08-06,8013339,8013340,7,28,117
2023-08-06,8013340,8013339,1,27,29
2023-08-06,8013340,8013340,8,55,74
2023-08-06,8013340,8013341,5,28,109
2023-08-06,8013341,8011108,5,28,109
2023-08-06,8013341,8013340,1,27,29
2023-08-06,8013341,8013341,6,55,70
2023-08-06,8013352,8012358,7,8,68
2023-08-06,8013352,8013352,10,16,41
2023-08-06,8013354,8010325,3,15,14
2023-08-06,8013354,8012643,3,15,8
2023-08-06,8013354,8013354,8,30,17
2023-08-06,8013370,8012009,1,1,60
2023-08-06,8013370,8013370,1,1,60
2023-08-06,8013373,8011481,11,12,175
2023-08-06,8013373,8013373,16,24,110
2023-08-06,8013385,8010392,0,29,0
2023-08-06,8013385,8012086,4,29,50
2023-08-06,8013385,8013385,5,58,27
2023-08-06,8013393,8010213,5,8,142
2023-08-06,8013393,8012610,3,8,71
2023-08-06,8013393,8013393,11,16,122
2023-08-06,8013409,8012361,1,6,50
2023-08-06,8013409,8013409,6,12,38
2023-08-06,8013409,8070946,0,6,0
2023-08-06,8017349,8012892,4,22,60
2023-08-06,8017349,8013161,0,22,0
2023-08-06,8017349,8017349,4,44,29
2023-08-06,8070946,8013293,1,6,5
2023-08-06,8070946,8013409,2,6,60
2023-08-06,8070946,8070946,3,12,35
2023-08-06,8079604,8012841,4,15,8
2023-08-06,8079604,8013106,1,16,19
2023-08-06,8079604,8079604,8,31,16
2023-08-06,8079629,8011735,17,17,194
2023-08-06,8079629,8012785,10,14,109
2023-08-06,8079629,8079629,25,33,161
2023-08-06,8087006,8011015,0,6,0
2023-08-06,8087006,8012296,2,6,40
2023-08-06,8087006,8087006,2,12,20
2023-08-06,8087025,8012962,1,22,30
2023-08-06,8087025,8012963,1,22,5
2023-08-06,8087025,8087025,2,44,18
2023-08-06,8087026,8011109,0,22,0
2023-08-06,8087026,8012963,4,22,59
2023-08-06,8087026,8087026,4,44,29
2023-08-06,8087027,8012065,0,28,0
2023-08-06,8087027,8013161,4,28,45
2023-08-06,8087027,8087027,4,56,24
2023-08-07,8010016,8010016,30,36,82
2023-08-07,8010016,8011031,12,24,61
2023-08-07,8010016,8012729,4,18,53
2023-08-07,8010051,8010051,20,40,118
2023-08-07,8010051,8010153,5,8,22
2023-08-07,8010051,8010322,10,12,218
2023-08-07,8010051,8012264,1,2,15
2023-08-07,8010051,8013186,12,18,117
2023-08-07,8010141,8010141,27,38,109
2023-08-07,8010141,8011702,9,11,90
2023-08-07,8010141,8012651,7,9,140
2023-08-07,8010141,8012902,7,8,135
2023-08-07,8010153,8010051,6,8,45
2023-08-07,8010153,8010153,47,54,73
2023-08-07,8010153,8010201,9,10,90
2023-08-07,8010153,8010284,9,36,15
2023-08-07,8010153,8011215,1,1,30
2023-08-07,8010153,8012269,2,18,5
2023-08-07,8010156,8010156,48,57,167
2023-08-07,8010156,8011230,1,1,210
2023-08-07,8010156,8011798,5,13,55
2023-08-07,8010156,8012009,3,4,120
2023-08-07,8010156,8012474,3,4,120
2023-08-07,8010156,8012677,14,14,199
2023-08-07,8010156,8012951,10,12,338
2023-08-07,8010156,8013069,5,10,60
2023-08-07,8010173,8010173,44,52,112
2023-08-07,8010173,8012951,21,26,160
2023-08-07,8010173,8013073,18,21,80
2023-08-07,8010173,8013370,5,5,120
2023-08-07,8010176,8010176,16,36,66
2023-08-07,8010176,8010381,8,18,98
2023-08-07,8010176,8011995,7,18,43
2023-08-07,8010179,8010179,35,42,521
2023-08-07,8010179,8011536,10,10,1107
2023-08-07,8010179,8012418,8,8,690
2023-08-07,8010179,8012839,7,11,213
2023-08-07,8010179,8013131,5,11,232
2023-08-07,8010199,8010199,18,36,31
2023-08-07,8010199,8010284,11,18,23
2023-08-07,8010199,8012436,11,18,45
2023-08-07,8010201,8010153,8,10,111
2023-08-07,8010201,8010201,14,20,92
2023-08-07,8010201,8012093,9,10,75
2023-08-07,8010210,8010210,30,38,219
2023-08-07,8010210,8012683,13,17,242
2023-08-07,8010210,8012832,12,19,216
2023-08-07,8010210,8013104,15,19,226
2023-08-07,8010213,8010213,14,17,154
2023-08-07,8010213,8011689,6,8,131
2023-08-07,8010213,8013393,8,9,180
2023-08-07,8010227,8010227,24,37,63
2023-08-07,8010227,8010348,19,19,128
2023-08-07,8010227,8012758,17,19,44
2023-08-07,8010241,8010241,60,66,263
2023-08-07,8010241,8011025,14,17,438
2023-08-07,8010241,8011293,19,19,426
2023-08-07,8010241,8012376,16,18,77
2023-08-07,8010241,8012758,0,1,0
2023-08-07,8010241,8013017,11,17,92
2023-08-07,8010267,8013018,5,17,30
2023-08-07,8010273,8010273,23,36,49
2023-08-07,8010273,8010284,8,18,37
2023-08-07,8010273,8013072,12,18,53
2023-08-07,8010284,8010153,23,36,42
2023-08-07,8010284,8010199,10,18,38
2023-08-07,8010284,8010273,2,18,5
2023-08-07,8010284,8010284,31,72,25
2023-08-07,8010300,8010300,47,58,173
2023-08-07,8010300,8011611,9,15,244
2023-08-07,8010300,8012377,2,4,90
2023-08-07,8010300,8012582,15,17,148
2023-08-07,8010300,8012818,10,12,145
2023-08-07,8010322,8010051,9,12,172
2023-08-07,8010322,8010322,45,60,102
2023-08-07,8010322,8011924,14,18,50
2023-08-07,8010322,8012362,12,18,43
2023-08-07,8010325,8010325,23,59,39
2023-08-07,8010325,8012940,14,30,59
2023-08-07,8010325,8012951,7,11,22
2023-08-07,8010325,8013354,6,18,25
2023-08-07,8010339,8010241,0,1,0
2023-08-07,8010339,8010339,25,35,132
2023-08-07,8010339,8011213,17,17,152
2023-08-07,8010339,8012555,9,17,155
2023-08-07,8010348,8010153,1,1,60
2023-08-07,8010348,8010227,2,18,10
2023-08-07,8010348,8010348,35,37,62
2023-08-07,8010348,8012436,9,18,17
2023-08-07,8010381,8010176,5,18,30
2023-08-07,8010381,8012321,3,21,24
2023-08-07,8010392,8010392,12,57,122
2023-08-07,8010392,8013132,0,28,0
2023-08-07,8010392,8013133,0,18,0
2023-08-07,8010392,8013385,12,29,236
2023-08-07,8011015,8087006,0,5,0
2023-08-07,8011017,8011017,28,38,223
2023-08-07,8011017,8012711,17,19,261
2023-08-07,8011017,8013062,15,19,204
2023-08-07,8011025,8010241,13,17,332
2023-08-07,8011025,8011025,24,34,379
2023-08-07,8011025,8011646,13,17,406
2023-08-07,8011027,8011027,17,21,269
2023-08-07,8011027,8011281,7,11,357
2023-08-07,8011027,8012762,8,10,174
2023-08-07,8011031,8010016,17,25,35
2023-08-07,8011031,8011031,23,49,39
2023-08-07,8011031,8012609,10,24,54
2023-08-07,8011044,8011044,18,20,771
2023-08-07,8011044,8011438,10,10,459
2023-08-07,8011044,8012021,9,11,1012
2023-08-07,8011108,8011108,14,54,137
2023-08-07,8011108,8013132,14,28,265
2023-08-07,8011108,8013341,0,26,0
2023-08-07,8011109,8011109,9,43,133
2023-08-07,8011109,8012892,0,21,0
2023-08-07,8011109,8087026,9,22,254
2023-08-07,8011114,8012005,1,17,62
2023-08-07,8011140,8011140,26,34,131
2023-08-07,8011140,8012377,12,18,142
2023-08-07,8011140,8012806,12,16,131
2023-08-07,8011205,8010399,9,9,450
2023-08-07,8011205,8011205,22,22,454
2023-08-07,8011205,8011307,11,11,466
2023-08-07,8011213,8010339,14,17,194
2023-08-07,8011213,8011213,34,34,204
2023-08-07,8011213,8012610,7,8,172
2023-08-07,8011213,8012839,2,2,90
2023-08-07,8011230,8004177,1,1,270
2023-08-07,8011230,8011230,25,31,306
2023-08-07,8011230,8011248,14,16,232
2023-08-07,8011230,8012933,14,14,467
2023-08-07,8011248,8011230,13,14,390
2023-08-07,8011248,8011248,26,30,295
2023-08-07,8011248,8012677,11,16,202
2023-08-07,8011270,8011270,13,35,29
2023-08-07,8011270,8011729,11,17,53
2023-08-07,8011270,8012785,4,18,17
2023-08-07,8011281,8011027,7,10,168
2023-08-07,8011281,8011281,14,21,277
2023-08-07,8011281,8012316,7,11,346
2023-08-07,8011286,8011286,18,38,245
2023-08-07,8011286,8011889,16,19,477
2023-08-07,8011286,8011991,0,19,0
2023-08-07,8011293,8010241,18,19,486
2023-08-07,8011293,8011293,37,38,470
2023-08-07,8011293,8011307,11,11,415
2023-08-07,8011307,8011205,11,11,412
2023-08-07,8011307,8011293,11,11,466
2023-08-07,8011307,8011307,22,22,439
2023-08-07,8011356,8011356,27,34,408
2023-08-07,8011356,8012710,13,17,395
2023-08-07,8011356,8013177,14,17,399
2023-08-07,8011438,8011044,8,10,1086
2023-08-07,8011438,8011438,20,20,771
2023-08-07,8011438,8011536,10,10,465
2023-08-07,8011442,8011442,12,18,93
2023-08-07,8011442,8012474,7,9,87
2023-08-07,8011442,8013018,6,9,107
2023-08-07,8011456,8011456,9,22,143
2023-08-07,8011456,8013131,4,11,90
2023-08-07,8011456,8013162,7,11,245
2023-08-07,8011481,8011481,28,34,320
2023-08-07,8011481,8013322,16,17,330
2023-08-07,8011481,8013373,12,17,344
2023-08-07,8011536,8010179,10,10,588
2023-08-07,8011536,8011438,10,10,1104
2023-08-07,8011536,8011536,20,20,807
2023-08-07,8011592,8011592,11,28,114
2023-08-07,8011592,8011908,5,14,124
2023-08-07,8011592,8012274,6,15,64
2023-08-07,8011611,8010300,9,13,182
2023-08-07,8011611,8011611,20,28,232
2023-08-07,8011611,8012762,10,13,272
2023-08-07,8011646,8011025,13,17,392
2023-08-07,8011646,8011646,26,34,416
2023-08-07,8011646,8013051,13,17,385
2023-08-07,8011681,8011681,15,20,472
2023-08-07,8011681,8011994,9,10,648
2023-08-07,8011681,8012262,9,10,300
2023-08-07,8011689,5100145,5,8,90
2023-08-07,8011689,8010213,7,9,140
2023-08-07,8011689,8011689,13,17,113
2023-08-07,8011694,8011694,29,39,499
2023-08-07,8011694,8011723,16,19,352
2023-08-07,8011694,8011953,4,9,130
2023-08-07,8011694,8012358,10,11,1154
2023-08-07,8011702,8010141,8,9,150
2023-08-07,8011702,8011702,16,20,117
2023-08-07,8011702,8012902,9,11,95
2023-08-07,8011707,8011707,29,34,448
2023-08-07,8011707,8012710,15,17,598
2023-08-07,8011707,8013322,14,17,401
2023-08-07,8011718,8011718,10,30,79
2023-08-07,8011718,8012274,5,15,86
2023-08-07,8011718,8012954,6,15,100
2023-08-07,8011723,8011694,13,20,628
2023-08-07,8011723,8011723,29,39,498
2023-08-07,8011723,8012021,9,10,387
2023-08-07,8011726,8011726,12,18,107
2023-08-07,8011726,8011951,8,8,101
2023-08-07,8011726,8012474,8,9,143
2023-08-07,8011729,8011270,2,18,10
2023-08-07,8011729,8011729,9,35,23
2023-08-07,8011729,8012841,5,17,26
2023-08-07,8011731,8011731,6,12,200
2023-08-07,8011731,8013293,5,6,385
2023-08-07,8011735,8011735,43,49,61
2023-08-07,8011735,8012609,12,25,19
2023-08-07,8011735,8079629,16,24,51
2023-08-07,8011778,8011778,16,26,277
2023-08-07,8011778,8012316,8,10,300
2023-08-07,8011778,8012762,1,3,10
2023-08-07,8011778,8013062,7,10,342
2023-08-07,8011778,8013352,1,2,45
2023-08-07,8011797,8011797,34,36,113
2023-08-07,8011797,8013040,10,18,112
2023-08-07,8011797,8013105,5,18,87
2023-08-07,8011798,8010156,12,13,60
2023-08-07,8011864,8003774,16,19,73
2023-08-07,8011864,8011864,26,38,75
2023-08-07,8011864,8012268,10,19,52
2023-08-07,8011889,8011286,0,19,0
2023-08-07,8011889,8011889,18,38,243
2023-08-07,8011889,8013339,18,19,496
2023-08-07,8011908,8011592,6,14,86
2023-08-07,8011908,8011908,10,28,96
2023-08-07,8011908,8012737,4,14,94
2023-08-07,8011939,8011939,0,14,0
2023-08-07,8011939,8012517,0,7,0
2023-08-07,8011939,8012949,0,7,0
2023-08-07,8011951,8011726,8,9,123
2023-08-07,8011951,8011951,12,19,95
2023-08-07,8011951,8012474,0,1,0
2023-08-07,8011951,8013069,5,9,80
2023-08-07,8011953,8011694,7,9,337
2023-08-07,8011953,8011953,17,20,224
2023-08-07,8011953,8012358,9,10,237
2023-08-07,8011991,8011286,18,19,482
2023-08-07,8011991,8011991,16,38,237
2023-08-07,8011992,8011992,0,36,0
2023-08-07,8011992,8012617,0,18,0
2023-08-07,8011992,8013133,0,18,0
2023-08-07,8011995,8010176,6,18,95
2023-08-07,8011995,8011995,13,36,70
2023-08-07,8011995,8013040,9,18,50
2023-08-07,8012005,8011114,15,17,129
2023-08-07,8012005,8012005,7,34,85
2023-08-07,8012005,8012827,1,17,62
2023-08-07,8012009,8010156,5,5,132
2023-08-07,8012009,8012009,8,9,127
2023-08-07,8012009,8013370,3,4,142
2023-08-07,8012021,8011044,10,10,423
2023-08-07,8012021,8011723,11,11,1107
2023-08-07,8012021,8012021,21,21,760
2023-08-07,8012065,8012065,11,55,112
2023-08-07,8012065,8012086,0,27,0
2023-08-07,8012065,8087027,11,28,220
2023-08-07,8012086,8012065,11,28,223
2023-08-07,8012086,8012086,11,55,117
2023-08-07,8012086,8013385,0,28,0
2023-08-07,8012093,8010201,6,10,99
2023-08-07,8012093,8010399,9,9,127
2023-08-07,8012093,8012093,10,20,70
2023-08-07,8012108,8012108,12,36,71
2023-08-07,8012108,8012729,5,18,85
2023-08-07,8012108,8012840,4,18,52
2023-08-07,8012109,8012109,27,36,76
2023-08-07,8012109,8012143,17,18,83
2023-08-07,8012109,8012856,10,18,35
2023-08-07,8012143,8012109,13,18,50
2023-08-07,8012143,8012143,29,36,72
2023-08-07,8012143,8013072,17,18,133
2023-08-07,8012146,8012146,24,38,191
2023-08-07,8012146,8012832,12,19,180
2023-08-07,8012146,8012843,12,19,216
2023-08-07,8012262,8011681,6,10,327
2023-08-07,8012262,8012262,32,43,114
2023-08-07,8012262,8012716,16,22,146
2023-08-07,8012264,8010051,2,2,75
2023-08-07,8012264,8012264,41,58,68
2023-08-07,8012264,8012321,6,10,102
2023-08-07,8012264,8012384,10,12,52
2023-08-07,8012264,8012940,19,20,66
2023-08-07,8012268,8011864,15,19,87
2023-08-07,8012268,8012268,23,38,72
2023-08-07,8012268,8012902,10,19,41
2023-08-07,8012269,8010153,14,18,75
2023-08-07,8012269,8012269,19,36,41
2023-08-07,8012269,8012362,5,18,13
2023-08-07,8012274,8011592,4,15,140
2023-08-07,8012274,8011718,8,15,78
2023-08-07,8012274,8012274,11,30,85
2023-08-07,8012296,8012296,0,10,0
2023-08-07,8012296,8012517,0,7,0
2023-08-07,8012296,8087006,0,5,0
2023-08-07,8012316,8011281,8,10,258
2023-08-07,8012316,8011778,5,11,333
2023-08-07,8012316,8012316,15,21,313
2023-08-07,8012321,8010381,5,22,-49
2023-08-07,8012321,8012264,2,8,22
2023-08-07,8012321,8012321,17,43,51
2023-08-07,8012321,8012384,9,13,95
2023-08-07,8012358,8011694,10,10,378
2023-08-07,8012358,8011953,7,10,261
2023-08-07,8012358,8012358,44,49,457
2023-08-07,8012358,8013352,6,11,221
2023-08-07,8012361,8013409,1,6,5
2023-08-07,8012362,8010322,7,18,20
2023-08-07,8012362,8012269,13,18,50
2023-08-07,8012362,8012362,17,36,32
2023-08-07,8012376,8010241,14,19,84
2023-08-07,8012376,8012376,23,37,71
2023-08-07,8012376,8012758,16,18,90
2023-08-07,8012377,8010300,4,5,246
2023-08-07,8012377,8011140,12,16,137
2023-08-07,8012377,8012377,25,34,127
2023-08-07,8012377,8012818,8,13,78
2023-08-07,8012384,8012264,11,13,104
2023-08-07,8012384,8012321,6,12,20
2023-08-07,8012384,8012384,17,25,71
2023-08-07,8012421,8012421,20,34,122
2023-08-07,8012421,8012555,8,17,85
2023-08-07,8012421,8013017,13,17,178
2023-08-07,8012436,8010199,11,18,30
2023-08-07,8012436,8010348,16,18,85
2023-08-07,8012436,8012436,27,36,40
2023-08-07,8012438,8012438,12,36,74
2023-08-07,8012438,8012840,6,18,90
2023-08-07,8012438,8013105,7,18,58
2023-08-07,8012474,8010156,2,4,82
2023-08-07,8012474,8011442,6,9,120
2023-08-07,8012474,8011726,6,9,90
2023-08-07,8012474,8011951,0,1,0
2023-08-07,8012474,8012474,22,33,84
2023-08-07,8012474,8013018,3,7,43
2023-08-07,8012517,8011939,0,7,0
2023-08-07,8012517,8012296,0,7,0
2023-08-07,8012517,8012517,0,14,0
2023-08-07,8012555,8010339,7,17,83
2023-08-07,8012555,8012421,11,17,171
2023-08-07,8012555,8012555,19,34,123
2023-08-07,8012582,8010300,11,16,58
2023-08-07,8012582,8012582,23,33,86
2023-08-07,8012582,8012584,14,17,141
2023-08-07,8012583,8012584,1,16,19
2023-08-07,8012584,8012582,1,16,15
2023-08-07,8012584,8012583,10,17,116
2023-08-07,8012584,8012584,15,33,77
2023-08-07,8012609,8011031,9,25,18
2023-08-07,8012609,8011735,19,24,76
2023-08-07,8012609,8012609,24,49,39
2023-08-07,8012610,8011213,9,9,290
2023-08-07,8012610,8012610,17,17,173
2023-08-07,8012610,8013393,8,8,199
2023-08-07,8012617,8011992,0,18,0
2023-08-07,8012643,8013354,6,18,52
2023-08-07,8012677,8010156,12,16,236
2023-08-07,8012677,8011248,12,14,356
2023-08-07,8012677,8012677,24,30,235
2023-08-07,8012683,8010210,6,17,166
2023-08-07,8012683,8012683,18,34,199
2023-08-07,8012683,8012684,13,17,233
2023-08-07,8012684,8012683,6,17,166
2023-08-07,8012684,8012684,19,34,202
2023-08-07,8012710,8011356,15,17,489
2023-08-07,8012710,8011707,16,17,402
2023-08-07,8012710,8012710,31,34,490
2023-08-07,8012711,8011017,11,19,180
2023-08-07,8012711,8012711,28,38,223
2023-08-07,8012711,8012835,17,19,235
2023-08-07,8012716,8012262,16,21,86
2023-08-07,8012716,8012716,32,43,106
2023-08-07,8012716,8013073,18,22,153
2023-08-07,8012729,8010016,16,18,137
2023-08-07,8012729,8012108,9,18,72
2023-08-07,8012729,8012729,25,36,88
2023-08-07,8012737,8011908,6,14,86
2023-08-07,8012758,8010227,16,19,88
2023-08-07,8012758,8012376,14,19,54
2023-08-07,8012758,8012758,34,38,77
2023-08-07,8012762,8010300,1,1,90
2023-08-07,8012762,8011027,8,11,341
2023-08-07,8012762,8011611,8,11,199
2023-08-07,8012762,8011778,1,2,15
2023-08-07,8012762,8012762,17,26,207
2023-08-07,8012785,8011270,8,17,42
2023-08-07,8012785,8012785,16,35,35
2023-08-07,8012785,8079629,4,14,11
2023-08-07,8012806,8011140,13,17,118
2023-08-07,8012806,8012806,24,33,105
2023-08-07,8012806,8079629,4,5,108
2023-08-07,8012818,8010300,13,13,136
2023-08-07,8012818,8012377,7,12,112
2023-08-07,8012818,8012818,23,25,124
2023-08-07,8012827,8012005,8,16,101
2023-08-07,8012827,8012827,9,33,82
2023-08-07,8012832,8010210,13,19,178
2023-08-07,8012832,8012146,12,19,204
2023-08-07,8012832,8012832,22,38,188
2023-08-07,8012835,8012711,11,19,189
2023-08-07,8012835,8012835,28,38,213
2023-08-07,8012835,8013104,15,19,221
2023-08-07,8012839,8010179,9,11,164
2023-08-07,8012839,8011213,2,3,90
2023-08-07,8012839,8012839,16,22,192
2023-08-07,8012840,8012108,7,18,90
2023-08-07,8012840,8012438,5,18,55
2023-08-07,8012840,8012840,11,36,74
2023-08-07,8012841,8011729,3,18,12
2023-08-07,8012841,8012841,8,35,23
2023-08-07,8012841,8079604,5,17,30
2023-08-07,8012843,8012146,9,19,144
2023-08-07,8012856,8012002,14,18,65
2023-08-07,8012856,8012109,18,18,128
2023-08-07,8012856,8012856,32,36,71
2023-08-07,8012892,8011109,9,22,259
2023-08-07,8012892,8012892,9,43,133
2023-08-07,8012892,8017349,0,21,0
2023-08-07,8012902,8010141,5,10,39
2023-08-07,8012902,8011702,8,9,110
2023-08-07,8012902,8012268,13,19,98
2023-08-07,8012902,8012902,25,38,68
2023-08-07,8012933,8004177,13,14,454
2023-08-07,8012933,8011230,14,16,214
2023-08-07,8012933,8012933,28,30,342
2023-08-07,8012940,8010325,9,29,22
2023-08-07,8012940,8012264,14,19,126
2023-08-07,8012940,8012940,62,110,106
2023-08-07,8012940,8012951,16,25,78
2023-08-07,8012940,8012953,10,10,84
2023-08-07,8012940,8013186,7,10,315
2023-08-07,8012949,8011939,0,7,0
2023-08-07,8012949,8012949,0,14,0
2023-08-07,8012949,8013232,0,7,0
2023-08-07,8012951,8010156,9,10,201
2023-08-07,8012951,8010173,17,26,45
2023-08-07,8012951,8010325,9,12,62
2023-08-07,8012951,8012940,19,26,270
2023-08-07,8012951,8012951,54,74,145
2023-08-07,8012953,8012940,1,9,67
2023-08-07,8012953,8012953,11,30,66
2023-08-07,8012953,8012960,5,15,36
2023-08-07,8012954,8011718,6,15,28
2023-08-07,8012954,8012954,8,30,62
2023-08-07,8012954,8012960,2,15,92
2023-08-07,8012960,8012953,2,15,86
2023-08-07,8012960,8012954,6,15,36
2023-08-07,8012960,8012960,8,30,65
2023-08-07,8012962,8012962,6,44,158
2023-08-07,8012962,8079084,6,22,322
2023-08-07,8012962,8087025,0,22,-7
2023-08-07,8012963,8012963,8,40,151
2023-08-07,8012963,8087025,6,22,315
2023-08-07,8012963,8087026,0,21,0
2023-08-07,8013017,8010241,14,17,161
2023-08-07,8013017,8012421,8,17,78
2023-08-07,8013017,8013017,23,34,135
2023-08-07,8013018,8010267,10,16,79
2023-08-07,8013018,8011442,6,9,73
2023-08-07,8013018,8012474,3,8,15
2023-08-07,8013018,8013018,17,33,60
2023-08-07,8013040,8011797,16,18,70
2023-08-07,8013040,8011995,6,18,92
2023-08-07,8013040,8013040,23,36,78
2023-08-07,8013051,8011646,14,17,420
2023-08-07,8013051,8013051,28,34,401
2023-08-07,8013051,8013177,13,17,415
2023-08-07,8013062,8011017,18,19,257
2023-08-07,8013062,8011778,9,11,311
2023-08-07,8013062,8013062,30,38,222
2023-08-07,8013069,8010156,6,9,100
2023-08-07,8013069,8011951,7,10,102
2023-08-07,8013069,8013069,13,19,90
2023-08-07,8013072,8010273,17,18,87
2023-08-07,8013072,8012143,8,18,25
2023-08-07,8013072,8013072,25,36,78
2023-08-07,8013073,8010173,18,22,131
2023-08-07,8013073,8012716,16,21,66
2023-08-07,8013073,8013073,32,43,105
2023-08-07,8013104,8010210,14,19,213
2023-08-07,8013104,8012835,14,19,202
2023-08-07,8013104,8013104,24,38,199
2023-08-07,8013105,8011797,18,18,200
2023-08-07,8013105,8012438,7,18,93
2023-08-07,8013105,8013105,23,36,115
2023-08-07,8013106,8079604,0,18,0
2023-08-07,8013131,8010179,8,11,185
2023-08-07,8013131,8011456,6,11,229
2023-08-07,8013131,8013131,10,22,206
2023-08-07,8013132,8010392,12,30,235
2023-08-07,8013132,8011108,0,26,0
2023-08-07,8013132,8013132,12,54,130
2023-08-07,8013133,8010392,0,18,0
2023-08-07,8013133,8011992,0,18,0
2023-08-07,8013133,8013133,0,36,0
2023-08-07,8013156,8013162,4,11,177
2023-08-07,8013161,8013161,9,43,132
2023-08-07,8013161,8017349,9,22,251
2023-08-07,8013161,8087027,0,27,0
2023-08-07,8013162,8011456,4,11,120
2023-08-07,8013162,8013156,10,11,254
2023-08-07,8013162,8013162,10,22,199
2023-08-07,8013177,8011356,15,17,424
2023-08-07,8013177,8013051,16,17,401
2023-08-07,8013177,8013177,30,34,405
2023-08-07,8013186,8010051,6,18,127
2023-08-07,8013186,8011215,6,8,52
2023-08-07,8013186,8012940,8,9,170
2023-08-07,8013186,8013186,16,36,123
2023-08-07,8013232,8012949,0,7,0
2023-08-07,8013232,8013232,0,14,0
2023-08-07,8013293,8011731,1,6,5
2023-08-07,8013293,8013293,5,12,190
2023-08-07,8013293,8070946,5,6,390
2023-08-07,8013322,8011481,15,17,374
2023-08-07,8013322,8011707,17,17,392
2023-08-07,8013322,8013322,32,34,389
2023-08-07,8013339,8011889,0,19,0
2023-08-07,8013339,8013339,18,37,218
2023-08-07,8013339,8013340,14,28,270
2023-08-07,8013340,8013339,0,26,0
2023-08-07,8013340,8013340,14,54,140
2023-08-07,8013340,8013341,12,28,258
2023-08-07,8013341,8011108,14,28,265
2023-08-07,8013341,8013340,0,26,0
2023-08-07,8013341,8013341,14,54,137
2023-08-07,8013352,8011778,1,2,120
2023-08-07,8013352,8012358,7,10,111
2023-08-07,8013352,8013352,13,21,133
2023-08-07,8013354,8010325,7,18,63
2023-08-07,8013354,8012643,4,18,18
2023-08-07,8013354,8013354,13,36,42
2023-08-07,8013370,8010173,2,4,142
2023-08-07,8013370,8012009,5,5,108
2023-08-07,8013370,8013370,7,9,117
2023-08-07,8013373,8011481,16,17,291
2023-08-07,8013373,8013373,27,34,312
2023-08-07,8013385,8010392,0,28,0
2023-08-07,8013385,8012086,11,29,230
2023-08-07,8013385,8013385,12,57,120
2023-08-07,8013393,8010213,6,8,135
2023-08-07,8013393,8012610,9,9,153
2023-08-07,8013393,8013393,17,17,164
2023-08-07,8013409,8012361,5,6,375
2023-08-07,8013409,8013409,5,12,195
2023-08-07,8013409,8070946,0,6,0
2023-08-07,8017349,8012892,9,22,265
2023-08-07,8017349,8013161,0,21,0
2023-08-07,8017349,8017349,9,43,132
2023-08-07,8070946,8013293,3,6,15
2023-08-07,8070946,8013409,5,6,390
2023-08-07,8070946,8070946,8,12,202
2023-08-07,8079604,8012841,6,18,33
2023-08-07,8079604,8013106,3,17,28
2023-08-07,8079604,8079604,11,35,25
2023-08-07,8079629,8011735,25,25,82
2023-08-07,8079629,8012785,11,15,48
2023-08-07,8079629,8012806,6,6,70
2023-08-07,8079629,8079629,38,49,49
2023-08-07,8087006,8011015,0,5,0
2023-08-07,8087006,8012296,0,5,0
2023-08-07,8087006,8087006,0,10,0
2023-08-07,8087025,8012962,6,22,320
2023-08-07,8087025,8012963,0,22,0
2023-08-07,8087025,8087025,6,44,160
2023-08-07,8087026,8011109,0,21,0
2023-08-07,8087026,8012963,9,22,262
2023-08-07,8087026,8087026,9,43,133
2023-08-07,8087027,8012065,0,27,0
2023-08-07,8087027,8013161,11,28,220
2023-08-07,8087027,8087027,11,55,112
2023-08-08,8010016,8010016,34,36,56
2023-08-08,8010016,8011031,9,24,21
2023-08-08,8010016,8012729,5,18,20
2023-08-08,8010051,8010051,19,40,80
2023-08-08,8010051,8010153,7,8,52
2023-08-08,8010051,8010322,10,12,78
2023-08-08,8010051,8012264,2,2,90
2023-08-08,8010051,8013186,11,18,117
2023-08-08,8010141,8010141,22,38,87
2023-08-08,8010141,8011702,8,11,71
2023-08-08,8010141,8012651,5,9,103
2023-08-08,8010141,8012902,7,8,90
2023-08-08,8010153,8010051,6,8,45
2023-08-08,8010153,8010153,50,52,163
2023-08-08,8010153,8010201,9,10,153
2023-08-08,8010153,8010284,6,36,36
2023-08-08,8010153,8012269,3,18,18
2023-08-08,8010156,8010156,50,57,132
2023-08-08,8010156,8011230,1,1,30
2023-08-08,8010156,8011798,4,13,39
2023-08-08,8010156,8012009,3,4,38
2023-08-08,8010156,8012474,4,4,98
2023-08-08,8010156,8012677,11,14,223
2023-08-08,8010156,8012951,12,12,202
2023-08-08,8010156,8013069,5,10,63
2023-08-08,8010173,8010173,47,52,140
2023-08-08,8010173,8012951,25,26,168
2023-08-08,8010173,8013073,17,21,154
2023-08-08,8010173,8013370,4,5,66
2023-08-08,8010176,8010176,14,36,-22
2023-08-08,8010176,8010381,10,18,32
2023-08-08,8010176,8011995,3,18,23
2023-08-08,8010179,8010179,39,42,497
2023-08-08,8010179,8011536,10,10,789
2023-08-08,8010179,8012418,7,7,681
2023-08-08,8010179,8012839,11,11,357
2023-08-08,8010179,8013131,7,11,352
2023-08-08,8010199,8010199,19,36,76
2023-08-08,8010199,8010284,11,18,93
2023-08-08,8010199,8012436,9,18,75
2023-08-08,8010201,8010153,10,10,411
2023-08-08,8010201,8010201,16,20,273
2023-08-08,8010201,8012093,9,10,150
2023-08-08,8010210,8010210,19,38,127
2023-08-08,8010210,8012683,10,17,161
2023-08-08,8010210,8012832,12,19,183
2023-08-08,8010210,8013104,8,19,73
2023-08-08,8010213,8010213,13,17,146
2023-08-08,8010213,8011689,6,8,142
2023-08-08,8010213,8013393,7,9,143
2023-08-08,8010227,8010227,23,36,75
2023-08-08,8010227,8010348,18,18,140
2023-08-08,8010227,8012758,15,19,63
2023-08-08,8010241,8010241,57,65,185
2023-08-08,8010241,8011025,12,17,176
2023-08-08,8010241,8011293,18,19,365
2023-08-08,8010241,8012376,13,18,33
2023-08-08,8010241,8013017,12,17,166
2023-08-08,8010267,8013018,4,17,11
2023-08-08,8010273,8010273,24,36,40
2023-08-08,8010273,8010284,10,18,27
2023-08-08,8010273,8013072,13,18,55
2023-08-08,8010284,8010153,29,36,93
2023-08-08,8010284,8010199,6,18,72
2023-08-08,8010284,8010273,1,18,10
2023-08-08,8010284,8010284,31,72,62
2023-08-08,8010300,8010300,44,58,147
2023-08-08,8010300,8011611,10,15,202
2023-08-08,8010300,8012377,2,4,112
2023-08-08,8010300,8012582,12,17,115
2023-08-08,8010300,8012818,9,12,105
2023-08-08,8010322,8010051,8,12,142
2023-08-08,8010322,8010322,43,60,78
2023-08-08,8010322,8011924,15,18,88
2023-08-08,8010322,8012362,7,18,27
2023-08-08,8010325,8010325,26,59,36
2023-08-08,8010325,8012940,11,30,37
2023-08-08,8010325,8012951,8,11,87
2023-08-08,8010325,8013354,7,18,22
2023-08-08,8010339,8010339,26,34,107
2023-08-08,8010339,8011213,15,17,159
2023-08-08,8010339,8012555,11,17,86
2023-08-08,8010348,8010227,3,18,40
2023-08-08,8010348,8010348,33,36,94
2023-08-08,8010348,8012436,9,18,62
2023-08-08,8010381,8010176,3,18,-177
2023-08-08,8010381,8012321,4,21,33
2023-08-08,8010392,8010392,5,57,27
2023-08-08,8010392,8013132,0,28,0
2023-08-08,8010392,8013133,0,18,0
2023-08-08,8010392,8013385,5,29,53
2023-08-08,8011015,8087006,0,5,0
2023-08-08,8011017,8011017,24,38,147
2023-08-08,8011017,8012711,17,19,243
2023-08-08,8011017,8013062,9,19,51
2023-08-08,8011025,8010241,13,17,328
2023-08-08,8011025,8011025,24,34,251
2023-08-08,8011025,8011646,11,17,166
2023-08-08,8011027,8011027,13,21,193
2023-08-08,8011027,8011281,8,11,259
2023-08-08,8011027,8012762,5,10,120
2023-08-08,8011031,8010016,19,25,60
2023-08-08,8011031,8011031,23,49,36
2023-08-08,8011031,8012609,7,24,21
2023-08-08,8011044,8011044,16,20,552
2023-08-08,8011044,8011438,8,10,414
2023-08-08,8011044,8012021,9,10,684
2023-08-08,8011108,8011108,7,54,34
2023-08-08,8011108,8013132,7,28,65
2023-08-08,8011108,8013341,0,26,0
2023-08-08,8011109,8011109,4,43,16
2023-08-08,8011109,8012892,0,21,0
2023-08-08,8011109,8087026,3,22,27
2023-08-08,8011114,8012005,0,17,0
2023-08-08,8011140,8011140,23,34,109
2023-08-08,8011140,8012377,13,18,125
2023-08-08,8011140,8012806,10,16,112
2023-08-08,8011205,8010399,9,9,333
2023-08-08,8011205,8011205,19,22,335
2023-08-08,8011205,8011307,8,11,229
2023-08-08,8011213,8010339,10,17,74
2023-08-08,8011213,8011213,32,34,140
2023-08-08,8011213,8012610,7,8,180
2023-08-08,8011213,8012839,2,2,75
2023-08-08,8011230,8004177,1,1,60
2023-08-08,8011230,8011230,26,31,225
2023-08-08,8011230,8011248,15,16,146
2023-08-08,8011230,8012933,13,14,396
2023-08-08,8011248,8011230,11,14,309
2023-08-08,8011248,8011248,25,30,211
2023-08-08,8011248,8012677,10,16,135
2023-08-08,8011270,8011270,9,35,8
2023-08-08,8011270,8011729,9,17,21
2023-08-08,8011270,8012785,1,18,3
2023-08-08,8011281,8011027,3,10,93
2023-08-08,8011281,8011281,13,21,180
2023-08-08,8011281,8012316,8,11,218
2023-08-08,8011286,8011286,17,38,95
2023-08-08,8011286,8011889,12,19,177
2023-08-08,8011286,8011991,0,19,0
2023-08-08,8011293,8010241,15,19,238
2023-08-08,8011293,8011293,33,38,315
2023-08-08,8011293,8011307,11,11,412
2023-08-08,8011307,8011205,10,11,428
2023-08-08,8011307,8011293,8,11,232
2023-08-08,8011307,8011307,18,22,329
2023-08-08,8011356,8011356,29,34,407
2023-08-08,8011356,8012710,14,17,298
2023-08-08,8011356,8013177,15,17,521
2023-08-08,8011438,8011044,9,10,720
2023-08-08,8011438,8011438,16,20,585
2023-08-08,8011438,8011536,7,10,411
2023-08-08,8011442,8011442,8,18,32
2023-08-08,8011442,8012474,5,9,53
2023-08-08,8011442,8013018,3,9,17
2023-08-08,8011456,8011456,11,22,282
2023-08-08,8011456,8013131,9,11,275
2023-08-08,8011456,8013162,7,11,368
2023-08-08,8011481,8011481,31,34,287
2023-08-08,8011481,8013322,17,17,261
2023-08-08,8011481,8013373,14,17,328
2023-08-08,8011536,8010179,10,10,447
2023-08-08,8011536,8011438,10,10,795
2023-08-08,8011536,8011536,18,20,604
2023-08-08,8011592,8011592,8,28,21
2023-08-08,8011592,8011908,4,14,19
2023-08-08,8011592,8012274,4,15,24
2023-08-08,8011611,8010300,10,13,127
2023-08-08,8011611,8011611,23,28,186
2023-08-08,8011611,8012762,11,13,277
2023-08-08,8011646,8011025,17,17,381
2023-08-08,8011646,8011646,27,34,281
2023-08-08,8011646,8013051,12,17,152
2023-08-08,8011681,8011681,16,20,254
2023-08-08,8011681,8011994,10,10,180
2023-08-08,8011681,8012262,10,10,330
2023-08-08,8011689,5100145,5,8,105
2023-08-08,8011689,8010213,6,9,133
2023-08-08,8011689,8011689,12,17,116
2023-08-08,8011694,8011694,28,38,414
2023-08-08,8011694,8011723,13,19,363
2023-08-08,8011694,8011953,7,9,287
2023-08-08,8011694,8012358,9,10,741
2023-08-08,8011702,8010141,5,9,110
2023-08-08,8011702,8011702,12,20,81
2023-08-08,8011702,8012902,8,11,55
2023-08-08,8011707,8011707,32,34,494
2023-08-08,8011707,8012710,17,17,727
2023-08-08,8011707,8013322,15,17,376
2023-08-08,8011718,8011718,6,30,20
2023-08-08,8011718,8012274,2,15,14
2023-08-08,8011718,8012954,4,15,30
2023-08-08,8011723,8011694,12,19,453
2023-08-08,8011723,8011723,26,38,406
2023-08-08,8011723,8012021,7,10,411
2023-08-08,8011726,8011726,7,18,37
2023-08-08,8011726,8011951,5,8,45
2023-08-08,8011726,8012474,6,9,43
2023-08-08,8011729,8011270,1,18,2
2023-08-08,8011729,8011729,5,35,3
2023-08-08,8011729,8012841,0,17,0
2023-08-08,8011731,8011731,7,12,150
2023-08-08,8011731,8013293,4,6,230
2023-08-08,8011735,8011735,38,49,59
2023-08-08,8011735,8012609,15,25,44
2023-08-08,8011735,8079629,11,24,29
2023-08-08,8011778,8011778,18,26,202
2023-08-08,8011778,8012316,7,10,168
2023-08-08,8011778,8012762,2,3,340
2023-08-08,8011778,8013062,7,10,270
2023-08-08,8011778,8013352,1,2,75
2023-08-08,8011797,8011797,34,36,62
2023-08-08,8011797,8013040,10,18,38
2023-08-08,8011797,8013105,4,18,20
2023-08-08,8011798,8010156,13,13,37
2023-08-08,8011864,8003774,13,19,63
2023-08-08,8011864,8011864,24,38,81
2023-08-08,8011864,8012268,10,19,84
2023-08-08,8011889,8011286,0,19,0
2023-08-08,8011889,8011889,16,38,93
2023-08-08,8011889,8013339,16,19,196
2023-08-08,8011908,8011592,4,14,32
2023-08-08,8011908,8011908,7,28,28
2023-08-08,8011908,8012737,3,14,21
2023-08-08,8011939,8011939,0,14,0
2023-08-08,8011939,8012517,0,7,0
2023-08-08,8011939,8012949,0,7,0
2023-08-08,8011951,8011726,6,9,60
2023-08-08,8011951,8011951,10,19,55
2023-08-08,8011951,8012474,0,1,0
2023-08-08,8011951,8013069,2,9,20
2023-08-08,8011953,8011694,6,9,307
2023-08-08,8011953,8011953,17,20,282
2023-08-08,8011953,8012358,10,10,321
2023-08-08,8011991,8011286,17,19,182
2023-08-08,8011991,8011991,15,38,88
2023-08-08,8011992,8011992,0,36,0
2023-08-08,8011992,8012617,0,18,0
2023-08-08,8011992,8013133,0,18,0
2023-08-08,8011995,8010176,5,18,27
2023-08-08,8011995,8011995,8,36,25
2023-08-08,8011995,8013040,5,18,27
2023-08-08,8012005,8011114,11,17,55
2023-08-08,8012005,8012005,5,34,19
2023-08-08,8012005,8012827,0,17,0
2023-08-08,8012009,8010156,5,5,120
2023-08-08,8012009,8012009,7,9,67
2023-08-08,8012009,8013370,2,4,45
2023-08-08,8012021,8011044,9,10,420
2023-08-08,8012021,8011723,9,10,675
2023-08-08,8012021,8012021,18,20,562
2023-08-08,8012065,8012065,5,55,24
2023-08-08,8012065,8012086,0,27,0
2023-08-08,8012065,8087027,5,28,47
2023-08-08,8012086,8012065,5,28,51
2023-08-08,8012086,8012086,5,55,27
2023-08-08,8012086,8013385,0,28,0
2023-08-08,8012093,8010201,7,10,390
2023-08-08,8012093,8010399,8,9,210
2023-08-08,8012093,8012093,12,20,256
2023-08-08,8012108,8012108,14,36,23
2023-08-08,8012108,8012729,4,18,15
2023-08-08,8012108,8012840,4,18,17
2023-08-08,8012109,8012109,29,36,72
2023-08-08,8012109,8012143,18,18,62
2023-08-08,8012109,8012856,12,18,60
2023-08-08,8012143,8012109,14,18,75
2023-08-08,8012143,8012143,30,36,72
2023-08-08,8012143,8013072,18,18,140
2023-08-08,8012146,8012146,17,38,126
2023-08-08,8012146,8012832,7,19,87
2023-08-08,8012146,8012843,10,19,164
2023-08-08,8012262,8011681,6,10,156
2023-08-08,8012262,8012262,35,43,150
2023-08-08,8012262,8012716,21,22,176
2023-08-08,8012264,8010051,1,2,45
2023-08-08,8012264,8012264,41,58,80
2023-08-08,8012264,8012321,7,10,126
2023-08-08,8012264,8012384,11,12,68
2023-08-08,8012264,8012940,16,20,90
2023-08-08,8012268,8011864,13,19,76
2023-08-08,8012268,8012268,21,38,75
2023-08-08,8012268,8012902,8,19,69
2023-08-08,8012269,8010153,13,18,60
2023-08-08,8012269,8012269,22,36,42
2023-08-08,8012269,8012362,8,18,30
2023-08-08,8012274,8011592,4,15,10
2023-08-08,8012274,8011718,5,15,30
2023-08-08,8012274,8012274,6,30,16
2023-08-08,8012296,8012296,0,10,0
2023-08-08,8012296,8012517,0,7,0
2023-08-08,8012296,8087006,0,5,0
2023-08-08,8012316,8011281,7,10,141
2023-08-08,8012316,8011778,6,11,166
2023-08-08,8012316,8012316,15,21,171
2023-08-08,8012321,8010381,8,22,46
2023-08-08,8012321,8012264,2,8,41
2023-08-08,8012321,8012321,16,43,58
2023-08-08,8012321,8012384,6,13,76
2023-08-08,8012358,8011694,9,10,444
2023-08-08,8012358,8011953,7,10,276
2023-08-08,8012358,8012358,43,48,393
2023-08-08,8012358,8013352,7,11,254
2023-08-08,8012361,8013409,1,6,5
2023-08-08,8012362,8010322,13,18,62
2023-08-08,8012362,8012269,15,18,50
2023-08-08,8012362,8012362,25,36,45
2023-08-08,8012376,8010241,10,19,32
2023-08-08,8012376,8012376,15,37,27
2023-08-08,8012376,8012758,14,18,57
2023-08-08,8012377,8010300,5,5,120
2023-08-08,8012377,8011140,10,16,111
2023-08-08,8012377,8012377,23,34,115
2023-08-08,8012377,8012818,9,13,122
2023-08-08,8012384,8012264,9,13,83
2023-08-08,8012384,8012321,6,12,35
2023-08-08,8012384,8012384,13,25,66
2023-08-08,8012421,8012421,27,34,131
2023-08-08,8012421,8012555,12,17,155
2023-08-08,8012421,8013017,15,17,118
2023-08-08,8012436,8010199,12,18,75
2023-08-08,8012436,8010348,15,18,127
2023-08-08,8012436,8012436,26,36,79
2023-08-08,8012438,8012438,13,36,26
2023-08-08,8012438,8012840,5,18,23
2023-08-08,8012438,8013105,10,18,32
2023-08-08,8012474,8010156,4,4,68
2023-08-08,8012474,8011442,4,9,27
2023-08-08,8012474,8011726,4,9,43
2023-08-08,8012474,8011951,1,1,30
2023-08-08,8012474,8012474,20,33,43
2023-08-08,8012474,8013018,3,7,26
2023-08-08,8012517,8011939,0,7,0
2023-08-08,8012517,8012296,0,7,0
2023-08-08,8012517,8012517,0,14,0
2023-08-08,8012555,8010339,12,17,141
2023-08-08,8012555,8012421,11,17,94
2023-08-08,8012555,8012555,23,34,120
2023-08-08,8012582,8010300,11,16,66
2023-08-08,8012582,8012582,21,33,69
2023-08-08,8012582,8012584,10,17,106
2023-08-08,8012583,8012584,1,16,4
2023-08-08,8012584,8012582,1,16,2
2023-08-08,8012584,8012583,9,17,94
2023-08-08,8012584,8012584,11,33,55
2023-08-08,8012609,8011031,15,25,48
2023-08-08,8012609,8011735,14,24,38
2023-08-08,8012609,8012609,26,49,35
2023-08-08,8012610,8011213,9,9,163
2023-08-08,8012610,8012610,14,17,162
2023-08-08,8012610,8013393,8,8,229
2023-08-08,8012617,8011992,0,18,0
2023-08-08,8012643,8013354,9,18,32
2023-08-08,8012677,8010156,13,16,142
2023-08-08,8012677,8011248,11,14,270
2023-08-08,8012677,8012677,21,30,184
2023-08-08,8012683,8010210,7,17,74
2023-08-08,8012683,8012683,16,34,109
2023-08-08,8012683,8012684,10,17,143
2023-08-08,8012684,8012683,5,17,69
2023-08-08,8012684,8012684,14,34,109
2023-08-08,8012710,8011356,17,17,596
2023-08-08,8012710,8011707,16,17,328
2023-08-08,8012710,8012710,32,34,495
2023-08-08,8012711,8011017,5,19,43
2023-08-08,8012711,8012711,22,38,144
2023-08-08,8012711,8012835,17,19,221
2023-08-08,8012716,8012262,18,21,149
2023-08-08,8012716,8012716,39,43,159
2023-08-08,8012716,8013073,21,22,187
2023-08-08,8012729,8010016,18,18,78
2023-08-08,8012729,8012108,10,18,48
2023-08-08,8012729,8012729,26,36,38
2023-08-08,8012737,8011908,3,14,15
2023-08-08,8012758,8010227,13,18,72
2023-08-08,8012758,8012376,12,19,41
2023-08-08,8012758,8012758,30,37,75
2023-08-08,8012762,8010300,1,1,330
2023-08-08,8012762,8011027,8,11,265
2023-08-08,8012762,8011611,8,11,131
2023-08-08,8012762,8011778,1,2,90
2023-08-08,8012762,8012762,18,26,211
2023-08-08,8012785,8011270,3,17,5
2023-08-08,8012785,8012785,9,35,15
2023-08-08,8012785,8079629,2,14,24
2023-08-08,8012806,8011140,11,17,92
2023-08-08,8012806,8012806,22,33,98
2023-08-08,8012806,8079629,5,5,180
2023-08-08,8012818,8010300,13,13,164
2023-08-08,8012818,8012377,7,12,98
2023-08-08,8012818,8012818,21,25,126
2023-08-08,8012827,8012005,6,16,45
2023-08-08,8012827,8012827,5,33,22
2023-08-08,8012832,8010210,6,19,76
2023-08-08,8012832,8012146,10,19,164
2023-08-08,8012832,8012832,15,38,125
2023-08-08,8012835,8012711,5,19,51
2023-08-08,8012835,8012835,21,38,138
2023-08-08,8012835,8013104,16,19,218
2023-08-08,8012839,8010179,9,11,401
2023-08-08,8012839,8011213,3,3,80
2023-08-08,8012839,8012839,20,22,382
2023-08-08,8012840,8012108,6,18,20
2023-08-08,8012840,8012438,7,18,27
2023-08-08,8012840,8012840,10,36,22
2023-08-08,8012841,8011729,1,18,0
2023-08-08,8012841,8012841,4,35,3
2023-08-08,8012841,8079604,1,17,4
2023-08-08,8012843,8012146,6,19,84
2023-08-08,8012856,8012002,16,18,103
2023-08-08,8012856,8012109,17,18,80
2023-08-08,8012856,8012856,32,36,70
2023-08-08,8012892,8011109,4,22,31
2023-08-08,8012892,8012892,4,43,17
2023-08-08,8012892,8017349,0,21,0
2023-08-08,8012902,8010141,4,10,72
2023-08-08,8012902,8011702,6,9,87
2023-08-08,8012902,8012268,11,19,68
2023-08-08,8012902,8012902,19,38,65
2023-08-08,8012933,8004177,12,14,324
2023-08-08,8012933,8011230,15,16,112
2023-08-08,8012933,8012933,28,30,237
2023-08-08,8012940,8010325,13,29,38
2023-08-08,8012940,8012264,17,19,141
2023-08-08,8012940,8012940,68,110,107
2023-08-08,8012940,8012951,18,25,152
2023-08-08,8012940,8012953,7,10,36
2023-08-08,8012940,8013186,9,10,141
2023-08-08,8012949,8011939,0,7,0
2023-08-08,8012949,8012949,0,14,0
2023-08-08,8012949,8013232,0,7,0
2023-08-08,8012951,8010156,9,10,270
2023-08-08,8012951,8010173,19,26,108
2023-08-08,8012951,8010325,9,12,75
2023-08-08,8012951,8012940,25,26,222
2023-08-08,8012951,8012951,62,74,162
2023-08-08,8012953,8012940,1,9,3
2023-08-08,8012953,8012953,8,30,26
2023-08-08,8012953,8012960,3,15,16
2023-08-08,8012954,8011718,3,15,14
2023-08-08,8012954,8012954,7,30,27
2023-08-08,8012954,8012960,4,15,34
2023-08-08,8012960,8012953,3,15,30
2023-08-08,8012960,8012954,3,15,16
2023-08-08,8012960,8012960,6,30,24
2023-08-08,8012962,8012962,3,44,94
2023-08-08,8012962,8079084,2,22,187
2023-08-08,8012962,8087025,1,22,1
2023-08-08,8012963,8012963,4,40,10
2023-08-08,8012963,8087025,2,22,97
2023-08-08,8012963,8087026,0,21,0
2023-08-08,8013017,8010241,12,17,95
2023-08-08,8013017,8012421,14,17,173
2023-08-08,8013017,8013017,27,34,141
2023-08-08,8013018,8010267,5,16,17
2023-08-08,8013018,8011442,5,9,47
2023-08-08,8013018,8012474,3,8,22
2023-08-08,8013018,8013018,13,33,24
2023-08-08,8013040,8011797,16,18,68
2023-08-08,8013040,8011995,5,18,22
2023-08-08,8013040,8013040,21,36,35
2023-08-08,8013051,8011646,17,17,394
2023-08-08,8013051,8013051,31,34,356
2023-08-08,8013051,8013177,14,17,298
2023-08-08,8013062,8011017,18,19,234
2023-08-08,8013062,8011778,11,11,139
2023-08-08,8013062,8013062,23,38,129
2023-08-08,8013069,8010156,4,9,37
2023-08-08,8013069,8011951,6,10,84
2023-08-08,8013069,8013069,9,19,54
2023-08-08,8013072,8010273,17,18,70
2023-08-08,8013072,8012143,9,18,32
2023-08-08,8013072,8013072,27,36,80
2023-08-08,8013073,8010173,15,22,154
2023-08-08,8013073,8012716,18,21,141
2023-08-08,8013073,8013073,37,43,160
2023-08-08,8013104,8010210,14,19,193
2023-08-08,8013104,8012835,5,19,58
2023-08-08,8013104,8013104,19,38,128
2023-08-08,8013105,8011797,18,18,125
2023-08-08,8013105,8012438,6,18,25
2023-08-08,8013105,8013105,22,36,58
2023-08-08,8013106,8079604,0,18,0
2023-08-08,8013131,8010179,10,11,333
2023-08-08,8013131,8011456,7,11,349
2023-08-08,8013131,8013131,16,22,341
2023-08-08,8013132,8010392,5,30,53
2023-08-08,8013132,8011108,0,26,0
2023-08-08,8013132,8013132,5,54,30
2023-08-08,8013133,8010392,0,18,0
2023-08-08,8013133,8011992,0,18,0
2023-08-08,8013133,8013133,0,36,0
2023-08-08,8013156,8013162,6,11,284
2023-08-08,8013161,8013161,4,43,15
2023-08-08,8013161,8017349,3,22,27
2023-08-08,8013161,8087027,0,27,0
2023-08-08,8013162,8011456,6,11,218
2023-08-08,8013162,8013156,11,11,1249
2023-08-08,8013162,8013162,14,22,530
2023-08-08,8013177,8011356,14,17,312
2023-08-08,8013177,8013051,17,17,540
2023-08-08,8013177,8013177,31,34,417
2023-08-08,8013186,8010051,3,18,45
2023-08-08,8013186,8011215,4,8,34
2023-08-08,8013186,8012940,7,9,220
2023-08-08,8013186,8013186,12,36,83
2023-08-08,8013232,8012949,0,7,0
2023-08-08,8013232,8013232,0,14,0
2023-08-08,8013293,8011731,3,6,40
2023-08-08,8013293,8013293,7,12,110
2023-08-08,8013293,8070946,4,6,195
2023-08-08,8013322,8011481,15,17,353
2023-08-08,8013322,8011707,17,17,413
2023-08-08,8013322,8013322,32,34,333
2023-08-08,8013339,8011889,0,19,0
2023-08-08,8013339,8013339,16,37,75
2023-08-08,8013339,8013340,7,28,68
2023-08-08,8013340,8013339,0,26,0
2023-08-08,8013340,8013340,7,54,35
2023-08-08,8013340,8013341,6,28,62
2023-08-08,8013341,8011108,7,28,65
2023-08-08,8013341,8013340,0,26,0
2023-08-08,8013341,8013341,7,54,34
2023-08-08,8013352,8011778,1,2,720
2023-08-08,8013352,8012358,10,10,225
2023-08-08,8013352,8013352,16,21,166
2023-08-08,8013354,8010325,5,18,17
2023-08-08,8013354,8012643,4,18,17
2023-08-08,8013354,8013354,14,36,26
2023-08-08,8013370,8010173,4,4,68
2023-08-08,8013370,8012009,5,5,78
2023-08-08,8013370,8013370,7,9,60
2023-08-08,8013373,8011481,17,17,229
2023-08-08,8013373,8013373,30,34,274
2023-08-08,8013385,8010392,0,28,0
2023-08-08,8013385,8012086,5,29,52
2023-08-08,8013385,8013385,5,57,27
2023-08-08,8013393,8010213,6,8,142
2023-08-08,8013393,8012610,5,9,110
2023-08-08,8013393,8013393,13,17,148
2023-08-08,8013409,8012361,4,6,245
2023-08-08,8013409,8013409,5,12,130
2023-08-08,8013409,8070946,1,6,5
2023-08-08,8017349,8012892,4,22,34
2023-08-08,8017349,8013161,0,21,0
2023-08-08,8017349,8017349,4,43,15
2023-08-08,8070946,8013293,3,6,25
2023-08-08,8070946,8013409,4,6,220
2023-08-08,8070946,8070946,7,12,112
2023-08-08,8079604,8012841,8,18,15
2023-08-08,8079604,8013106,0,17,0
2023-08-08,8079604,8079604,8,35,7
2023-08-08,8079629,8011735,25,25,107
2023-08-08,8079629,8012785,9,15,32
2023-08-08,8079629,8012806,5,6,95
2023-08-08,8079629,8079629,31,49,53
2023-08-08,8087006,8011015,0,5,0
2023-08-08,8087006,8012296,0,5,0
2023-08-08,8087006,8087006,0,10,0
2023-08-08,8087025,8012962,2,22,185
2023-08-08,8087025,8012963,0,22,0
2023-08-08,8087025,8087025,3,44,93
2023-08-08,8087026,8011109,0,21,0
2023-08-08,8087026,8012963,4,22,33
2023-08-08,8087026,8087026,4,43,16
2023-08-08,8087027,8012065,0,27,0
2023-08-08,8087027,8013161,5,28,44
2023-08-08,8087027,8087027,5,55,24
2023-08-09,8010016,8010016,30,36,63
2023-08-09,8010016,8011031,8,24,49
2023-08-09,8010016,8012729,5,18,27
2023-08-09,8010051,8010051,19,40,40
2023-08-09,8010051,8010153,8,8,71
2023-08-09,8010051,8010322,10,12,55
2023-08-09,8010051,8012264,1,2,60
2023-08-09,8010051,8013186,13,18,55
2023-08-09,8010141,8010141,20,38,59
2023-08-09,8010141,8011702,6,11,63
2023-08-09,8010141,8012651,3,9,40
2023-08-09,8010141,8012902,6,8,45
2023-08-09,8010153,8010051,4,8,26
2023-08-09,8010153,8010153,47,52,91
2023-08-09,8010153,8010201,10,10,156
2023-08-09,8010153,8010284,16,36,35
2023-08-09,8010153,8012269,0,18,0
2023-08-09,8010156,8010156,48,57,78
2023-08-09,8010156,8011230,0,1,0
2023-08-09,8010156,8011798,5,13,25
2023-08-09,8010156,8012009,4,4,90
2023-08-09,8010156,8012474,3,4,90
2023-08-09,8010156,8012677,10,14,71
2023-08-09,8010156,8012951,11,12,120
2023-08-09,8010156,8013069,4,10,21
2023-08-09,8010173,8010173,42,52,138
2023-08-09,8010173,8012951,20,26,219
2023-08-09,8010173,8013073,18,21,74
2023-08-09,8010173,8013370,5,5,66
2023-08-09,8010176,8010176,13,36,30
2023-08-09,8010176,8010381,8,18,43
2023-08-09,8010176,8011995,4,18,27
2023-08-09,8010179,8010179,38,42,342
2023-08-09,8010179,8011536,10,10,714
2023-08-09,8010179,8012418,7,7,313
2023-08-09,8010179,8012839,10,11,251
2023-08-09,8010179,8013131,8,11,243
2023-08-09,8010199,8010199,25,36,71
2023-08-09,8010199,8010284,12,18,60
2023-08-09,8010199,8012436,15,18,88
2023-08-09,8010201,8010153,8,10,60
2023-08-09,8010201,8010201,15,20,104
2023-08-09,8010201,8012093,10,10,141
2023-08-09,8010210,8010210,27,38,186
2023-08-09,8010210,8012683,13,17,254
2023-08-09,8010210,8012832,16,19,256
2023-08-09,8010210,8013104,12,19,144
2023-08-09,8010213,8010213,16,17,199
2023-08-09,8010213,8011689,7,8,214
2023-08-09,8010213,8013393,9,9,177
2023-08-09,8010227,8010227,21,36,89
2023-08-09,8010227,8010348,18,18,162
2023-08-09,8010227,8012758,14,19,52
2023-08-09,8010241,8010241,55,65,263
2023-08-09,8010241,8011025,13,17,420
2023-08-09,8010241,8011293,17,19,330
2023-08-09,8010241,8012376,11,18,72
2023-08-09,8010241,8013017,13,17,217
2023-08-09,8010267,8013018,3,17,9
2023-08-09,8010273,8010273,32,36,121
2023-08-09,8010273,8010284,15,18,137
2023-08-09,8010273,8013072,15,18,83
2023-08-09,8010284,8010153,31,36,122
2023-08-09,8010284,8010199,13,18,82
2023-08-09,8010284,8010273,5,18,22
2023-08-09,8010284,8010284,46,72,80
2023-08-09,8010300,8010300,52,58,174
2023-08-09,8010300,8011611,12,15,246
2023-08-09,8010300,8012377,3,4,135
2023-08-09,8010300,8012582,13,17,116
2023-08-09,8010300,8012818,10,12,152
2023-08-09,8010322,8010051,10,12,85
2023-08-09,8010322,8010322,43,60,53
2023-08-09,8010322,8011924,11,18,47
2023-08-09,8010322,8012362,11,18,67
2023-08-09,8010325,8010325,24,59,51
2023-08-09,8010325,8012940,13,30,62
2023-08-09,8010325,8012951,6,11,41
2023-08-09,8010325,8013354,5,18,45
2023-08-09,8010339,8010339,28,34,181
2023-08-09,8010339,8011213,17,17,282
2023-08-09,8010339,8012555,12,17,129
2023-08-09,8010348,8010227,3,18,25
2023-08-09,8010348,8010348,33,36,92
2023-08-09,8010348,8012436,11,18,50
2023-08-09,8010381,8010176,4,18,27
2023-08-09,8010381,8012321,4,21,7
2023-08-09,8010392,8010392,8,57,32
2023-08-09,8010392,8013132,0,28,0
2023-08-09,8010392,8013133,0,18,0
2023-08-09,8010392,8013385,8,29,60
2023-08-09,8011015,8087006,0,5,0
2023-08-09,8011017,8011017,26,38,192
2023-08-09,8011017,8012711,17,19,264
2023-08-09,8011017,8013062,17,19,152
2023-08-09,8011025,8010241,12,17,312
2023-08-09,8011025,8011025,23,34,372
2023-08-09,8011025,8011646,12,17,445
2023-08-09,8011027,8011027,16,21,223
2023-08-09,8011027,8011281,8,11,248
2023-08-09,8011027,8012762,7,10,183
2023-08-09,8011031,8010016,17,25,90
2023-08-09,8011031,8011031,22,49,62
2023-08-09,8011031,8012609,6,24,41
2023-08-09,8011044,8011044,15,20,388
2023-08-09,8011044,8011438,7,10,174
2023-08-09,8011044,8012021,8,10,609
2023-08-09,8011108,8011108,9,54,58
2023-08-09,8011108,8013132,8,28,79
2023-08-09,8011108,8013341,1,26,35
2023-08-09,8011109,8011109,3,43,26
2023-08-09,8011109,8012892,0,21,0
2023-08-09,8011109,8087026,3,22,49
2023-08-09,8011114,8012005,0,17,0
2023-08-09,8011140,8011140,28,34,129
2023-08-09,8011140,8012377,15,18,132
2023-08-09,8011140,8012806,11,16,154
2023-08-09,8011205,8010399,8,9,383
2023-08-09,8011205,8011205,21,22,468
2023-08-09,8011205,8011307,11,11,581
2023-08-09,8011213,8010339,13,17,129
2023-08-09,8011213,8011213,33,34,226
2023-08-09,8011213,8012610,8,8,229
2023-08-09,8011213,8012839,2,2,90
2023-08-09,8011230,8004177,1,1,90
2023-08-09,8011230,8011230,22,31,122
2023-08-09,8011230,8011248,13,16,73
2023-08-09,8011230,8012933,12,14,221
2023-08-09,8011248,8011230,10,14,135
2023-08-09,8011248,8011248,22,30,84
2023-08-09,8011248,8012677,12,16,68
2023-08-09,8011270,8011270,15,35,26
2023-08-09,8011270,8011729,12,17,51
2023-08-09,8011270,8012785,2,18,7
2023-08-09,8011281,8011027,6,10,144
2023-08-09,8011281,8011281,16,21,203
2023-08-09,8011281,8012316,8,11,213
2023-08-09,8011286,8011286,17,38,130
2023-08-09,8011286,8011889,13,19,212
2023-08-09,8011286,8011991,1,19,36
2023-08-09,8011293,8010241,19,19,471
2023-08-09,8011293,8011293,38,38,422
2023-08-09,8011293,8011307,10,11,387
2023-08-09,8011307,8011205,10,11,401
2023-08-09,8011307,8011293,11,11,584
2023-08-09,8011307,8011307,21,22,490
2023-08-09,8011356,8011356,27,34,482
2023-08-09,8011356,8012710,13,17,575
2023-08-09,8011356,8013177,14,17,441
2023-08-09,8011438,8011044,9,10,636
2023-08-09,8011438,8011438,16,20,423
2023-08-09,8011438,8011536,7,10,186
2023-08-09,8011442,8011442,8,18,60
2023-08-09,8011442,8012474,8,9,50
2023-08-09,8011442,8013018,3,9,77
2023-08-09,8011456,8011456,12,22,157
2023-08-09,8011456,8013131,10,11,142
2023-08-09,8011456,8013162,8,11,254
2023-08-09,8011481,8011481,27,34,366
2023-08-09,8011481,8013322,16,17,196
2023-08-09,8011481,8013373,11,17,538
2023-08-09,8011536,8010179,7,10,192
2023-08-09,8011536,8011438,9,10,684
2023-08-09,8011536,8011536,17,20,450
2023-08-09,8011592,8011592,3,28,30
2023-08-09,8011592,8011908,2,14,45
2023-08-09,8011592,8012274,1,15,12
2023-08-09,8011611,8010300,13,13,168
2023-08-09,8011611,8011611,24,28,222
2023-08-09,8011611,8012762,11,13,284
2023-08-09,8011646,8011025,11,17,356
2023-08-09,8011646,8011646,22,34,409
2023-08-09,8011646,8013051,12,17,418
2023-08-09,8011681,8011681,16,20,278
2023-08-09,8011681,8011994,10,10,147
2023-08-09,8011681,8012262,8,10,417
2023-08-09,8011689,5100145,6,8,184
2023-08-09,8011689,8010213,7,9,147
2023-08-09,8011689,8011689,14,17,150
2023-08-09,8011694,8011694,28,38,272
2023-08-09,8011694,8011723,15,19,193
2023-08-09,8011694,8011953,5,9,73
2023-08-09,8011694,8012358,10,10,609
2023-08-09,8011702,8010141,4,9,43
2023-08-09,8011702,8011702,10,20,51
2023-08-09,8011702,8012902,9,11,57
2023-08-09,8011707,8011707,25,34,481
2023-08-09,8011707,8012710,15,17,556
2023-08-09,8011707,8013322,10,17,559
2023-08-09,8011718,8011718,9,30,47
2023-08-09,8011718,8012274,3,15,52
2023-08-09,8011718,8012954,6,15,58
2023-08-09,8011723,8011694,12,19,336
2023-08-09,8011723,8011723,27,38,259
2023-08-09,8011723,8012021,7,10,168
2023-08-09,8011726,8011726,11,18,63
2023-08-09,8011726,8011951,8,8,49
2023-08-09,8011726,8012474,5,9,90
2023-08-09,8011729,8011270,3,18,7
2023-08-09,8011729,8011729,10,35,20
2023-08-09,8011729,8012841,5,17,23
2023-08-09,8011731,8011731,5,12,28
2023-08-09,8011731,8013293,4,6,40
2023-08-09,8011735,8011735,36,49,83
2023-08-09,8011735,8012609,15,25,76
2023-08-09,8011735,8079629,9,24,66
2023-08-09,8011778,8011778,15,26,182
2023-08-09,8011778,8012316,7,10,237
2023-08-09,8011778,8012762,0,3,0
2023-08-09,8011778,8013062,9,10,255
2023-08-09,8011778,8013352,2,2,105
2023-08-09,8011797,8011797,34,36,62
2023-08-09,8011797,8013040,10,18,42
2023-08-09,8011797,8013105,5,18,20
2023-08-09,8011798,8010156,12,13,46
2023-08-09,8011864,8003774,14,19,52
2023-08-09,8011864,8011864,27,38,75
2023-08-09,8011864,8012268,13,19,84
2023-08-09,8011889,8011286,1,19,38
2023-08-09,8011889,8011889,15,38,129
2023-08-09,8011889,8013339,14,19,231
2023-08-09,8011908,8011592,1,14,15
2023-08-09,8011908,8011908,3,28,30
2023-08-09,8011908,8012737,2,14,43
2023-08-09,8011939,8011939,1,14,13
2023-08-09,8011939,8012517,1,7,21
2023-08-09,8011939,8012949,0,7,0
2023-08-09,8011951,8011726,7,9,73
2023-08-09,8011951,8011951,13,19,41
2023-08-09,8011951,8012474,0,1,0
2023-08-09,8011951,8013069,2,9,13
2023-08-09,8011953,8011694,6,9,207
2023-08-09,8011953,8011953,14,20,138
2023-08-09,8011953,8012358,7,10,105
2023-08-09,8011991,8011286,16,19,216
2023-08-09,8011991,8011991,16,38,123
2023-08-09,8011992,8011992,0,36,0
2023-08-09,8011992,8012617,0,18,0
2023-08-09,8011992,8013133,0,18,0
2023-08-09,8011995,8010176,6,18,30
2023-08-09,8011995,8011995,10,36,29
2023-08-09,8011995,8013040,4,18,27
2023-08-09,8012005,8011114,11,17,64
2023-08-09,8012005,8012005,3,34,22
2023-08-09,8012005,8012827,0,17,0
2023-08-09,8012009,8010156,4,5,54
2023-08-09,8012009,8012009,6,9,57
2023-08-09,8012009,8013370,3,4,68
2023-08-09,8012021,8011044,7,10,174
2023-08-09,8012021,8011723,10,10,639
2023-08-09,8012021,8012021,17,20,416
2023-08-09,8012065,8012065,4,55,25
2023-08-09,8012065,8012086,0,27,0
2023-08-09,8012065,8087027,4,28,48
2023-08-09,8012086,8012065,4,28,49
2023-08-09,8012086,8012086,4,55,27
2023-08-09,8012086,8013385,0,28,0
2023-08-09,8012093,8010201,9,10,42
2023-08-09,8012093,8010399,8,9,203
2023-08-09,8012093,8012093,16,20,68
2023-08-09,8012108,8012108,10,36,22
2023-08-09,8012108,8012729,5,18,18
2023-08-09,8012108,8012840,5,18,22
2023-08-09,8012109,8012109,32,36,156
2023-08-09,8012109,8012143,17,18,177
2023-08-09,8012109,8012856,15,18,118
2023-08-09,8012143,8012109,15,18,130
2023-08-09,8012143,8012143,32,36,162
2023-08-09,8012143,8013072,18,18,253
2023-08-09,8012146,8012146,21,38,190
2023-08-09,8012146,8012832,9,19,147
2023-08-09,8012146,8012843,12,19,232
2023-08-09,8012262,8011681,7,10,66
2023-08-09,8012262,8012262,32,43,175
2023-08-09,8012262,8012716,18,22,277
2023-08-09,8012264,8010051,1,2,15
2023-08-09,8012264,8012264,44,58,87
2023-08-09,8012264,8012321,7,10,171
2023-08-09,8012264,8012384,9,12,70
2023-08-09,8012264,8012940,18,20,62
2023-08-09,8012268,8011864,15,19,58
2023-08-09,8012268,8012268,24,38,65
2023-08-09,8012268,8012902,9,19,65
2023-08-09,8012269,8010153,16,18,92
2023-08-09,8012269,8012269,20,36,48
2023-08-09,8012269,8012362,4,18,8
2023-08-09,8012274,8011592,2,15,44
2023-08-09,8012274,8011718,2,15,42
2023-08-09,8012274,8012274,4,30,38
2023-08-09,8012296,8012296,1,10,6
2023-08-09,8012296,8012517,0,7,0
2023-08-09,8012296,8087006,1,5,12
2023-08-09,8012316,8011281,9,10,222
2023-08-09,8012316,8011778,3,11,153
2023-08-09,8012316,8012316,15,21,209
2023-08-09,8012321,8010381,7,22,35
2023-08-09,8012321,8012264,4,8,26
2023-08-09,8012321,8012321,21,43,59
2023-08-09,8012321,8012384,8,13,90
2023-08-09,8012358,8011694,10,10,231
2023-08-09,8012358,8011953,7,10,210
2023-08-09,8012358,8012358,41,48,261
2023-08-09,8012358,8013352,4,11,76
2023-08-09,8012361,8013409,1,6,5
2023-08-09,8012362,8010322,6,18,15
2023-08-09,8012362,8012269,13,18,63
2023-08-09,8012362,8012362,18,36,40
2023-08-09,8012376,8010241,12,19,106
2023-08-09,8012376,8012376,21,37,92
2023-08-09,8012376,8012758,14,18,92
2023-08-09,8012377,8010300,4,5,138
2023-08-09,8012377,8011140,12,16,144
2023-08-09,8012377,8012377,27,34,130
2023-08-09,8012377,8012818,8,13,111
2023-08-09,8012384,8012264,10,13,83
2023-08-09,8012384,8012321,3,12,38
2023-08-09,8012384,8012384,11,25,67
2023-08-09,8012421,8012421,32,34,185
2023-08-09,8012421,8012555,16,17,233
2023-08-09,8012421,8013017,16,17,154
2023-08-09,8012436,8010199,14,18,75
2023-08-09,8012436,8010348,17,18,128
2023-08-09,8012436,8012436,31,36,80
2023-08-09,8012438,8012438,11,36,26
2023-08-09,8012438,8012840,6,18,23
2023-08-09,8012438,8013105,5,18,27
2023-08-09,8012474,8010156,3,4,75
2023-08-09,8012474,8011442,5,9,80
2023-08-09,8012474,8011726,6,9,43
2023-08-09,8012474,8011951,1,1,30
2023-08-09,8012474,8012474,20,33,55
2023-08-09,8012474,8013018,2,7,17
2023-08-09,8012517,8011939,0,7,0
2023-08-09,8012517,8012296,1,7,13
2023-08-09,8012517,8012517,1,14,9
2023-08-09,8012555,8010339,15,17,222
2023-08-09,8012555,8012421,14,17,143
2023-08-09,8012555,8012555,30,34,181
2023-08-09,8012582,8010300,10,16,94
2023-08-09,8012582,8012582,20,33,77
2023-08-09,8012582,8012584,13,17,124
2023-08-09,8012583,8012584,0,16,0
2023-08-09,8012584,8012582,0,16,-4
2023-08-09,8012584,8012583,8,17,97
2023-08-09,8012584,8012584,13,33,58
2023-08-09,8012609,8011031,14,25,80
2023-08-09,8012609,8011735,14,24,59
2023-08-09,8012609,8012609,26,49,62
2023-08-09,8012610,8011213,9,9,223
2023-08-09,8012610,8012610,14,17,196
2023-08-09,8012610,8013393,8,8,255
2023-08-09,8012617,8011992,0,18,0
2023-08-09,8012643,8013354,5,18,40
2023-08-09,8012677,8010156,15,16,92
2023-08-09,8012677,8011248,9,14,75
2023-08-09,8012677,8012677,22,30,68
2023-08-09,8012683,8010210,5,17,122
2023-08-09,8012683,8012683,16,34,182
2023-08-09,8012683,8012684,11,17,238
2023-08-09,8012684,8012683,4,17,122
2023-08-09,8012684,8012684,14,34,182
2023-08-09,8012710,8011356,16,17,475
2023-08-09,8012710,8011707,14,17,577
2023-08-09,8012710,8012710,30,34,563
2023-08-09,8012711,8011017,13,19,133
2023-08-09,8012711,8012711,30,38,207
2023-08-09,8012711,8012835,17,19,243
2023-08-09,8012716,8012262,17,21,59
2023-08-09,8012716,8012716,33,43,167
2023-08-09,8012716,8013073,19,22,278
2023-08-09,8012729,8010016,14,18,70
2023-08-09,8012729,8012108,5,18,28
2023-08-09,8012729,8012729,17,36,33
2023-08-09,8012737,8011908,1,14,13
2023-08-09,8012758,8010227,15,18,110
2023-08-09,8012758,8012376,16,19,85
2023-08-09,8012758,8012758,30,37,80
2023-08-09,8012762,8010300,1,1,60
2023-08-09,8012762,8011027,9,11,284
2023-08-09,8012762,8011611,9,11,191
2023-08-09,8012762,8011778,2,2,120
2023-08-09,8012762,8012762,18,26,198
2023-08-09,8012785,8011270,7,17,34
2023-08-09,8012785,8012785,13,35,28
2023-08-09,8012785,8079629,0,14,0
2023-08-09,8012806,8011140,14,17,94
2023-08-09,8012806,8012806,23,33,117
2023-08-09,8012806,8079629,4,5,168
2023-08-09,8012818,8010300,12,13,157
2023-08-09,8012818,8012377,8,12,132
2023-08-09,8012818,8012818,22,25,146
2023-08-09,8012827,8012005,4,16,52
2023-08-09,8012827,8012827,4,33,26
2023-08-09,8012832,8010210,8,19,129
2023-08-09,8012832,8012146,14,19,227
2023-08-09,8012832,8012832,22,38,186
2023-08-09,8012835,8012711,13,19,145
2023-08-09,8012835,8012835,25,38,184
2023-08-09,8012835,8013104,17,19,237
2023-08-09,8012839,8010179,10,11,226
2023-08-09,8012839,8011213,3,3,80
2023-08-09,8012839,8012839,21,22,245
2023-08-09,8012840,8012108,6,18,23
2023-08-09,8012840,8012438,5,18,27
2023-08-09,8012840,8012840,11,36,27
2023-08-09,8012841,8011729,3,18,8
2023-08-09,8012841,8012841,9,35,13
2023-08-09,8012841,8079604,5,17,16
2023-08-09,8012843,8012146,8,19,144
2023-08-09,8012856,8012002,16,18,160
2023-08-09,8012856,8012109,18,18,188
2023-08-09,8012856,8012856,34,36,146
2023-08-09,8012892,8011109,3,22,50
2023-08-09,8012892,8012892,3,43,27
2023-08-09,8012892,8017349,0,21,0
2023-08-09,8012902,8010141,4,10,78
2023-08-09,8012902,8011702,6,9,50
2023-08-09,8012902,8012268,10,19,46
2023-08-09,8012902,8012902,20,38,54
2023-08-09,8012933,8004177,12,14,152
2023-08-09,8012933,8011230,13,16,71
2023-08-09,8012933,8012933,24,30,137
2023-08-09,8012940,8010325,12,29,49
2023-08-09,8012940,8012264,16,19,188
2023-08-09,8012940,8012940,67,110,85
2023-08-09,8012940,8012951,18,25,37
2023-08-09,8012940,8012953,7,10,54
2023-08-09,8012940,8013186,8,10,66
2023-08-09,8012949,8011939,1,7,26
2023-08-09,8012949,8012949,1,14,13
2023-08-09,8012949,8013232,0,7,0
2023-08-09,8012951,8010156,10,10,105
2023-08-09,8012951,8010173,18,26,32
2023-08-09,8012951,8010325,10,12,115
2023-08-09,8012951,8012940,19,26,200
2023-08-09,8012951,8012951,57,74,113
2023-08-09,8012953,8012940,3,9,10
2023-08-09,8012953,8012953,10,30,43
2023-08-09,8012953,8012960,6,15,30
2023-08-09,8012954,8011718,8,15,36
2023-08-09,8012954,8012954,11,30,44
2023-08-09,8012954,8012960,3,15,52
2023-08-09,8012960,8012953,3,15,48
2023-08-09,8012960,8012954,8,15,36
2023-08-09,8012960,8012960,11,30,43
2023-08-09,8012962,8012962,3,44,11
2023-08-09,8012962,8079084,2,22,20
2023-08-09,8012962,8087025,1,22,1
2023-08-09,8012963,8012963,3,40,20
2023-08-09,8012963,8087025,2,22,20
2023-08-09,8012963,8087026,0,21,0
2023-08-09,8013017,8010241,14,17,139
2023-08-09,8013017,8012421,15,17,224
2023-08-09,8013017,8013017,31,34,187
2023-08-09,8013018,8010267,9,16,58
2023-08-09,8013018,8011442,5,9,47
2023-08-09,8013018,8012474,6,8,34
2023-08-09,8013018,8013018,15,33,38
2023-08-09,8013040,8011797,16,18,67
2023-08-09,8013040,8011995,6,18,27
2023-08-09,8013040,8013040,22,36,38
2023-08-09,8013051,8011646,12,17,376
2023-08-09,8013051,8013051,26,34,446
2023-08-09,8013051,8013177,13,17,512
2023-08-09,8013062,8011017,18,19,235
2023-08-09,8013062,8011778,9,11,229
2023-08-09,8013062,8013062,32,38,182
2023-08-09,8013069,8010156,4,9,23
2023-08-09,8013069,8011951,6,10,45
2023-08-09,8013069,8013069,10,19,28
2023-08-09,8013072,8010273,18,18,213
2023-08-09,8013072,8012143,13,18,82
2023-08-09,8013072,8013072,30,36,159
2023-08-09,8013073,8010173,18,22,247
2023-08-09,8013073,8012716,18,21,61
2023-08-09,8013073,8013073,37,43,167
2023-08-09,8013104,8010210,14,19,215
2023-08-09,8013104,8012835,9,19,123
2023-08-09,8013104,8013104,21,38,173
2023-08-09,8013105,8011797,18,18,133
2023-08-09,8013105,8012438,6,18,28
2023-08-09,8013105,8013105,23,36,56
2023-08-09,8013106,8079604,0,18,0
2023-08-09,8013131,8010179,11,11,215
2023-08-09,8013131,8011456,8,11,237
2023-08-09,8013131,8013131,18,22,224
2023-08-09,8013132,8010392,9,30,70
2023-08-09,8013132,8011108,1,26,35
2023-08-09,8013132,8013132,9,54,46
2023-08-09,8013133,8010392,0,18,0
2023-08-09,8013133,8011992,0,18,0
2023-08-09,8013133,8013133,0,36,0
2023-08-09,8013156,8013162,5,11,175
2023-08-09,8013161,8013161,3,43,26
2023-08-09,8013161,8017349,3,22,49
2023-08-09,8013161,8087027,0,27,0
2023-08-09,8013162,8011456,5,11,82
2023-08-09,8013162,8013156,11,11,262
2023-08-09,8013162,8013162,14,22,191
2023-08-09,8013177,8011356,13,17,522
2023-08-09,8013177,8013051,14,17,462
2023-08-09,8013177,8013177,27,34,480
2023-08-09,8013186,8010051,5,18,17
2023-08-09,8013186,8011215,7,8,30
2023-08-09,8013186,8012940,8,9,60
2023-08-09,8013186,8013186,16,36,34
2023-08-09,8013232,8012949,1,7,30
2023-08-09,8013232,8013232,1,14,17
2023-08-09,8013293,8011731,1,6,10
2023-08-09,8013293,8013293,4,12,15
2023-08-09,8013293,8070946,2,6,20
2023-08-09,8013322,8011481,11,17,551
2023-08-09,8013322,8011707,16,17,226
2023-08-09,8013322,8013322,26,34,386
2023-08-09,8013339,8011889,1,19,35
2023-08-09,8013339,8013339,15,37,110
2023-08-09,8013339,8013340,8,28,82
2023-08-09,8013340,8013339,1,26,35
2023-08-09,8013340,8013340,9,54,59
2023-08-09,8013340,8013341,8,28,76
2023-08-09,8013341,8011108,8,28,79
2023-08-09,8013341,8013340,1,26,35
2023-08-09,8013341,8013341,9,54,58
2023-08-09,8013352,8011778,0,2,0
2023-08-09,8013352,8012358,10,10,192
2023-08-09,8013352,8013352,12,21,73
2023-08-09,8013354,8010325,6,18,33
2023-08-09,8013354,8012643,5,18,38
2023-08-09,8013354,8013354,13,36,45
2023-08-09,8013370,8010173,2,4,68
2023-08-09,8013370,8012009,3,5,42
2023-08-09,8013370,8013370,6,9,53
2023-08-09,8013373,8011481,16,17,194
2023-08-09,8013373,8013373,27,34,367
2023-08-09,8013385,8010392,0,28,0
2023-08-09,8013385,8012086,4,29,54
2023-08-09,8013385,8013385,8,57,31
2023-08-09,8013393,8010213,7,8,214
2023-08-09,8013393,8012610,6,9,143
2023-08-09,8013393,8013393,13,17,184
2023-08-09,8013409,8012361,2,6,20
2023-08-09,8013409,8013409,3,12,12
2023-08-09,8013409,8070946,0,6,0
2023-08-09,8017349,8012892,3,22,53
2023-08-09,8017349,8013161,0,21,0
2023-08-09,8017349,8017349,3,43,26
2023-08-09,8070946,8013293,0,6,0
2023-08-09,8070946,8013409,2,6,20
2023-08-09,8070946,8070946,2,12,10
2023-08-09,8079604,8012841,11,18,23
2023-08-09,8079604,8013106,3,17,12
2023-08-09,8079604,8079604,15,35,17
2023-08-09,8079629,8011735,24,25,119
2023-08-09,8079629,8012785,11,15,64
2023-08-09,8079629,8012806,5,6,100
2023-08-09,8079629,8079629,34,49,80
2023-08-09,8087006,8011015,1,5,12
2023-08-09,8087006,8012296,0,5,0
2023-08-09,8087006,8087006,1,10,6
2023-08-09,8087025,8012962,2,22,20
2023-08-09,8087025,8012963,0,22,0
2023-08-09,8087025,8087025,3,44,11
2023-08-09,8087026,8011109,0,21,0
2023-08-09,8087026,8012963,3,22,52
2023-08-09,8087026,8087026,3,43,26
2023-08-09,8087027,8012065,0,27,0
2023-08-09,8087027,8013161,4,28,47
2023-08-09,8087027,8087027,4,55,25
2023-08-10,8010016,8010016,30,36,57
2023-08-10,8010016,8011031,13,24,29
2023-08-10,8010016,8012729,5,18,17
2023-08-10,8010051,8010051,20,40,100
2023-08-10,8010051,8010153,8,8,184
2023-08-10,8010051,8010322,11,12,135
2023-08-10,8010051,8012264,1,2,45
2023-08-10,8010051,8013186,13,18,93
2023-08-10,8010141,8010141,21,38,81
2023-08-10,8010141,8011702,9,11,90
2023-08-10,8010141,8012651,6,9,167
2023-08-10,8010141,8012902,6,8,26
2023-08-10,8010153,8010051,6,8,45
2023-08-10,8010153,8010153,46,52,221
2023-08-10,8010153,8010201,8,10,279
2023-08-10,8010153,8010284,16,36,103
2023-08-10,8010153,8012269,3,18,67
2023-08-10,8010156,8010156,50,57,137
2023-08-10,8010156,8011230,1,1,90
2023-08-10,8010156,8011798,8,13,99
2023-08-10,8010156,8012009,3,4,112
2023-08-10,8010156,8012474,3,4,105
2023-08-10,8010156,8012677,13,14,152
2023-08-10,8010156,8012951,12,12,258
2023-08-10,8010156,8013069,3,10,54
2023-08-10,8010173,8010173,43,52,102
2023-08-10,8010173,8012951,21,26,153
2023-08-10,8010173,8013073,18,21,79
2023-08-10,8010173,8013370,5,5,60
2023-08-10,8010176,8010176,13,36,14
2023-08-10,8010176,8010381,9,18,23
2023-08-10,8010176,8011995,3,18,7
2023-08-10,8010179,8010179,38,42,416
2023-08-10,8010179,8011536,10,10,693
2023-08-10,8010179,8012418,7,7,300
2023-08-10,8010179,8012839,11,11,406
2023-08-10,8010179,8013131,9,11,371
2023-08-10,8010199,8010199,23,36,150
2023-08-10,8010199,8010284,13,18,137
2023-08-10,8010199,8012436,13,18,162
2023-08-10,8010201,8010153,6,10,318
2023-08-10,8010201,8010201,12,20,256
2023-08-10,8010201,8012093,8,10,273
2023-08-10,8010210,8010210,29,38,371
2023-08-10,8010210,8012683,11,16,336
2023-08-10,8010210,8012832,16,18,447
2023-08-10,8010210,8013104,13,19,213
2023-08-10,8010213,8010213,16,17,461
2023-08-10,8010213,8011689,7,8,499
2023-08-10,8010213,8013393,9,9,423
2023-08-10,8010227,8010227,25,36,127
2023-08-10,8010227,8010348,17,18,187
2023-08-10,8010227,8012758,18,19,112
2023-08-10,8010241,8010241,62,65,369
2023-08-10,8010241,8011025,15,17,429
2023-08-10,8010241,8011293,18,19,529
2023-08-10,8010241,8012376,11,18,98
2023-08-10,8010241,8013017,16,17,302
2023-08-10,8010267,8013018,3,17,11
2023-08-10,8010273,8010273,26,36,81
2023-08-10,8010273,8010284,9,18,47
2023-08-10,8010273,8013072,15,18,108
2023-08-10,8010284,8010153,29,36,118
2023-08-10,8010284,8010199,13,18,172
2023-08-10,8010284,8010273,6,18,40
2023-08-10,8010284,8010284,45,72,108
2023-08-10,8010300,8010300,50,58,345
2023-08-10,8010300,8011611,13,15,462
2023-08-10,8010300,8012377,3,4,202
2023-08-10,8010300,8012582,16,17,258
2023-08-10,8010300,8012818,10,12,188
2023-08-10,8010322,8010051,11,12,148
2023-08-10,8010322,8010322,48,60,129
2023-08-10,8010322,8011924,12,18,130
2023-08-10,8010322,8012362,14,18,132
2023-08-10,8010325,8010325,28,59,32
2023-08-10,8010325,8012940,13,30,41
2023-08-10,8010325,8012951,9,11,41
2023-08-10,8010325,8013354,11,18,28
2023-08-10,8010339,8010339,30,34,291
2023-08-10,8010339,8011213,16,17,346
2023-08-10,8010339,8012555,14,17,311
2023-08-10,8010348,8010227,6,18,83
2023-08-10,8010348,8010348,35,36,157
2023-08-10,8010348,8012436,10,18,137
2023-08-10,8010381,8010176,0,18,0
2023-08-10,8010381,8012321,5,21,23
2023-08-10,8010392,8010392,7,57,22
2023-08-10,8010392,8013132,0,28,0
2023-08-10,8010392,8013133,0,18,0
2023-08-10,8010392,8013385,7,29,42
2023-08-10,8011015,8087006,0,5,0
2023-08-10,8011017,8011017,32,38,392
2023-08-10,8011017,8012711,19,19,589
2023-08-10,8011017,8013062,16,19,237
2023-08-10,8011025,8010241,14,17,566
2023-08-10,8011025,8011025,29,34,456
2023-08-10,8011025,8011646,15,17,420
2023-08-10,8011027,8011027,16,21,524
2023-08-10,8011027,8011281,9,11,638
2023-08-10,8011027,8012762,7,10,399
2023-08-10,8011031,8010016,18,25,94
2023-08-10,8011031,8011031,30,49,56
2023-08-10,8011031,8012609,12,24,28
2023-08-10,8011044,8011044,15,20,364
2023-08-10,8011044,8011438,6,10,192
2023-08-10,8011044,8012021,9,10,543
2023-08-10,8011108,8011108,7,54,54
2023-08-10,8011108,8013132,7,28,104
2023-08-10,8011108,8013341,0,26,0
2023-08-10,8011109,8011109,4,43,10
2023-08-10,8011109,8012892,0,21,0
2023-08-10,8011109,8087026,3,22,16
2023-08-10,8011114,8012005,0,17,0
2023-08-10,8011140,8011140,30,34,233
2023-08-10,8011140,8012377,17,18,270
2023-08-10,8011140,8012806,11,16,236
2023-08-10,8011205,8010399,9,9,770
2023-08-10,8011205,8011205,22,22,584
2023-08-10,8011205,8011307,11,11,494
2023-08-10,8011213,8010339,12,17,240
2023-08-10,8011213,8011213,32,34,325
2023-08-10,8011213,8012610,8,8,525
2023-08-10,8011213,8012839,2,2,225
2023-08-10,8011230,8004177,1,1,570
2023-08-10,8011230,8011230,27,31,167
2023-08-10,8011230,8011248,15,16,208
2023-08-10,8011230,8012933,13,14,150
2023-08-10,8011248,8011230,11,14,126
2023-08-10,8011248,8011248,27,30,178
2023-08-10,8011248,8012677,13,16,208
2023-08-10,8011270,8011270,13,35,27
2023-08-10,8011270,8011729,13,17,60
2023-08-10,8011270,8012785,1,18,2
2023-08-10,8011281,8011027,6,10,393
2023-08-10,8011281,8011281,16,21,514
2023-08-10,8011281,8012316,8,11,619
2023-08-10,8011286,8011286,16,38,137
2023-08-10,8011286,8011889,14,19,259
2023-08-10,8011286,8011991,0,19,0
2023-08-10,8011293,8010241,17,19,524
2023-08-10,8011293,8011293,35,38,542
2023-08-10,8011293,8011307,11,11,575
2023-08-10,8011307,8011205,11,11,655
2023-08-10,8011307,8011293,11,11,556
2023-08-10,8011307,8011307,22,22,575
2023-08-10,8011356,8011356,32,34,566
2023-08-10,8011356,8012710,16,17,579
2023-08-10,8011356,8013177,16,17,637
2023-08-10,8011438,8011044,10,10,591
2023-08-10,8011438,8011438,15,20,410
2023-08-10,8011438,8011536,5,10,189
2023-08-10,8011442,8011442,11,18,35
2023-08-10,8011442,8012474,6,9,33
2023-08-10,8011442,8013018,6,9,40
2023-08-10,8011456,8011456,15,22,277
2023-08-10,8011456,8013131,10,11,281
2023-08-10,8011456,8013162,11,11,395
2023-08-10,8011481,8011481,33,34,412
2023-08-10,8011481,8013322,16,17,386
2023-08-10,8011481,8013373,16,17,466
2023-08-10,8011536,8010179,6,10,186
2023-08-10,8011536,8011438,10,10,660
2023-08-10,8011536,8011536,15,20,432
2023-08-10,8011592,8011592,2,28,3
2023-08-10,8011592,8011908,0,14,0
2023-08-10,8011592,8012274,2,15,6
2023-08-10,8011611,8010300,11,13,388
2023-08-10,8011611,8011611,25,28,439
2023-08-10,8011611,8012762,12,13,547
2023-08-10,8011646,8011025,16,17,496
2023-08-10,8011646,8011646,32,34,480
2023-08-10,8011646,8013051,16,17,379
2023-08-10,8011681,8011681,13,20,208
2023-08-10,8011681,8011994,4,10,54
2023-08-10,8011681,8012262,10,10,351
2023-08-10,8011689,5100145,7,8,465
2023-08-10,8011689,8010213,9,9,407
2023-08-10,8011689,8011689,16,17,432
2023-08-10,8011694,8011694,29,38,236
2023-08-10,8011694,8011723,16,19,204
2023-08-10,8011694,8011953,4,9,47
2023-08-10,8011694,8012358,10,10,522
2023-08-10,8011702,8010141,5,9,173
2023-08-10,8011702,8011702,12,20,120
2023-08-10,8011702,8012902,9,11,120
2023-08-10,8011707,8011707,33,34,548
2023-08-10,8011707,8012710,17,17,706
2023-08-10,8011707,8013322,16,17,505
2023-08-10,8011718,8011718,5,30,12
2023-08-10,8011718,8012274,0,15,0
2023-08-10,8011718,8012954,4,15,12
2023-08-10,8011723,8011694,11,19,259
2023-08-10,8011723,8011723,27,38,227
2023-08-10,8011723,8012021,8,10,192
2023-08-10,8011726,8011726,8,18,35
2023-08-10,8011726,8011951,4,8,30
2023-08-10,8011726,8012474,6,9,47
2023-08-10,8011729,8011270,0,18,0
2023-08-10,8011729,8011729,7,35,17
2023-08-10,8011729,8012841,5,17,26
2023-08-10,8011731,8011731,9,12,48
2023-08-10,8011731,8013293,5,6,50
2023-08-10,8011735,8011735,42,49,87
2023-08-10,8011735,8012609,17,25,76
2023-08-10,8011735,8079629,17,24,65
2023-08-10,8011778,8011778,22,26,422
2023-08-10,8011778,8012316,7,10,345
2023-08-10,8011778,8012762,2,3,40
2023-08-10,8011778,8013062,9,10,705
2023-08-10,8011778,8013352,1,2,120
2023-08-10,8011797,8011797,32,36,55
2023-08-10,8011797,8013040,10,18,38
2023-08-10,8011797,8013105,6,18,17
2023-08-10,8011798,8010156,11,13,35
2023-08-10,8011864,8003774,14,19,114
2023-08-10,8011864,8011864,24,38,103
2023-08-10,8011864,8012268,10,19,81
2023-08-10,8011889,8011286,0,19,0
2023-08-10,8011889,8011889,15,38,135
2023-08-10,8011889,8013339,15,19,281
2023-08-10,8011908,8011592,2,14,9
2023-08-10,8011908,8011908,2,28,6
2023-08-10,8011908,8012737,0,14,0
2023-08-10,8011939,8011939,0,14,0
2023-08-10,8011939,8012517,0,7,0
2023-08-10,8011939,8012949,0,7,0
2023-08-10,8011951,8011726,6,9,50
2023-08-10,8011951,8011951,10,19,39
2023-08-10,8011951,8012474,0,1,0
2023-08-10,8011951,8013069,2,9,13
2023-08-10,8011953,8011694,7,9,187
2023-08-10,8011953,8011953,15,20,116
2023-08-10,8011953,8012358,8,10,141
2023-08-10,8011991,8011286,16,19,267
2023-08-10,8011991,8011991,16,38,129
2023-08-10,8011992,8011992,0,36,0
2023-08-10,8011992,8012617,0,18,0
2023-08-10,8011992,8013133,0,18,0
2023-08-10,8011995,8010176,8,18,23
2023-08-10,8011995,8011995,10,36,14
2023-08-10,8011995,8013040,9,18,18
2023-08-10,8012005,8011114,15,17,108
2023-08-10,8012005,8012005,7,34,44
2023-08-10,8012005,8012827,0,17,0
2023-08-10,8012009,8010156,5,5,84
2023-08-10,8012009,8012009,7,9,83
2023-08-10,8012009,8013370,3,4,112
2023-08-10,8012021,8011044,7,10,171
2023-08-10,8012021,8011723,9,10,534
2023-08-10,8012021,8012021,17,20,375
2023-08-10,8012065,8012065,6,55,16
2023-08-10,8012065,8012086,0,27,0
2023-08-10,8012065,8087027,6,28,32
2023-08-10,8012086,8012065,6,28,36
2023-08-10,8012086,8012086,6,55,19
2023-08-10,8012086,8013385,0,28,0
2023-08-10,8012093,8010201,8,10,306
2023-08-10,8012093,8010399,8,9,317
2023-08-10,8012093,8012093,14,20,318
2023-08-10,8012108,8012108,14,36,16
2023-08-10,8012108,8012729,5,18,12
2023-08-10,8012108,8012840,3,18,10
2023-08-10,8012109,8012109,30,36,106
2023-08-10,8012109,8012143,18,18,108
2023-08-10,8012109,8012856,12,18,77
2023-08-10,8012143,8012109,15,18,100
2023-08-10,8012143,8012143,31,36,104
2023-08-10,8012143,8013072,17,18,138
2023-08-10,8012146,8012146,26,36,381
2023-08-10,8012146,8012832,13,18,330
2023-08-10,8012146,8012843,13,18,425
2023-08-10,8012262,8011681,3,10,36
2023-08-10,8012262,8012262,32,43,126
2023-08-10,8012262,8012716,15,22,172
2023-08-10,8012264,8010051,2,2,120
2023-08-10,8012264,8012264,34,58,44
2023-08-10,8012264,8012321,5,10,45
2023-08-10,8012264,8012384,8,12,75
2023-08-10,8012264,8012940,13,20,42
2023-08-10,8012268,8011864,16,19,123
2023-08-10,8012268,8012268,26,38,100
2023-08-10,8012268,8012902,8,19,66
2023-08-10,8012269,8010153,16,18,157
2023-08-10,8012269,8012269,23,36,115
2023-08-10,8012269,8012362,6,18,88
2023-08-10,8012274,8011592,0,15,0
2023-08-10,8012274,8011718,3,15,12
2023-08-10,8012274,8012274,2,30,5
2023-08-10,8012296,8012296,0,10,0
2023-08-10,8012296,8012517,0,7,0
2023-08-10,8012296,8087006,0,5,0
2023-08-10,8012316,8011281,8,10,402
2023-08-10,8012316,8011778,7,11,600
2023-08-10,8012316,8012316,15,21,497
2023-08-10,8012321,8010381,3,22,42
2023-08-10,8012321,8012264,2,8,49
2023-08-10,8012321,8012321,17,43,47
2023-08-10,8012321,8012384,8,13,37
2023-08-10,8012358,8011694,10,10,276
2023-08-10,8012358,8011953,8,10,171
2023-08-10,8012358,8012358,44,48,285
2023-08-10,8012358,8013352,8,11,175
2023-08-10,8012361,8013409,3,6,40
2023-08-10,8012362,8010322,10,18,110
2023-08-10,8012362,8012269,15,18,145
2023-08-10,8012362,8012362,23,36,125
2023-08-10,8012376,8010241,14,19,117
2023-08-10,8012376,8012376,28,37,118
2023-08-10,8012376,8012758,16,18,140
2023-08-10,8012377,8010300,4,5,222
2023-08-10,8012377,8011140,13,16,206
2023-08-10,8012377,8012377,29,34,223
2023-08-10,8012377,8012818,10,13,265
2023-08-10,8012384,8012264,10,13,35
2023-08-10,8012384,8012321,4,12,58
2023-08-10,8012384,8012384,12,25,47
2023-08-10,8012421,8012421,32,34,326
2023-08-10,8012421,8012555,15,17,326
2023-08-10,8012421,8013017,17,17,342
2023-08-10,8012436,8010199,12,18,143
2023-08-10,8012436,8010348,17,18,208
2023-08-10,8012436,8012436,27,36,157
2023-08-10,8012438,8012438,15,36,19
2023-08-10,8012438,8012840,7,18,18
2023-08-10,8012438,8013105,9,18,22
2023-08-10,8012474,8010156,4,4,112
2023-08-10,8012474,8011442,6,9,43
2023-08-10,8012474,8011726,4,9,30
2023-08-10,8012474,8011951,0,1,0
2023-08-10,8012474,8012474,17,33,54
2023-08-10,8012474,8013018,2,7,21
2023-08-10,8012517,8011939,0,7,0
2023-08-10,8012517,8012296,0,7,0
2023-08-10,8012517,8012517,0,14,0
2023-08-10,8012555,8010339,14,17,293
2023-08-10,8012555,8012421,14,17,328
2023-08-10,8012555,8012555,29,34,311
2023-08-10,8012582,8010300,10,16,109
2023-08-10,8012582,8012582,24,33,209
2023-08-10,8012582,8012584,15,17,418
2023-08-10,8012583,8012584,2,16,79
2023-08-10,8012584,8012582,3,16,77
2023-08-10,8012584,8012583,13,17,401
2023-08-10,8012584,8012584,18,33,250
2023-08-10,8012609,8011031,16,25,76
2023-08-10,8012609,8011735,19,24,52
2023-08-10,8012609,8012609,32,49,58
2023-08-10,8012610,8011213,9,9,450
2023-08-10,8012610,8012610,17,17,459
2023-08-10,8012610,8013393,8,8,540
2023-08-10,8012617,8011992,0,18,0
2023-08-10,8012643,8013354,6,18,27
2023-08-10,8012677,8010156,14,16,223
2023-08-10,8012677,8011248,12,14,144
2023-08-10,8012677,8012677,25,30,185
2023-08-10,8012683,8010210,5,16,103
2023-08-10,8012683,8012683,12,32,205
2023-08-10,8012683,8012684,9,16,313
2023-08-10,8012684,8012683,2,16,99
2023-08-10,8012684,8012684,11,32,206
2023-08-10,8012710,8011356,17,17,635
2023-08-10,8012710,8011707,16,17,554
2023-08-10,8012710,8012710,33,34,631
2023-08-10,8012711,8011017,14,19,177
2023-08-10,8012711,8012711,32,38,393
2023-08-10,8012711,8012835,19,19,565
2023-08-10,8012716,8012262,19,21,80
2023-08-10,8012716,8012716,37,43,121
2023-08-10,8012716,8013073,19,22,172
2023-08-10,8012729,8010016,16,18,83
2023-08-10,8012729,8012108,10,18,37
2023-08-10,8012729,8012729,26,36,36
2023-08-10,8012737,8011908,3,14,17
2023-08-10,8012758,8010227,15,18,147
2023-08-10,8012758,8012376,13,19,109
2023-08-10,8012758,8012758,34,37,138
2023-08-10,8012762,8010300,1,1,540
2023-08-10,8012762,8011027,10,11,622
2023-08-10,8012762,8011611,8,11,398
2023-08-10,8012762,8011778,1,2,75
2023-08-10,8012762,8012762,20,26,427
2023-08-10,8012785,8011270,10,17,48
2023-08-10,8012785,8012785,15,35,34
2023-08-10,8012785,8079629,3,14,15
2023-08-10,8012806,8011140,17,17,208
2023-08-10,8012806,8012806,27,33,192
2023-08-10,8012806,8079629,4,5,216
2023-08-10,8012818,8010300,13,13,332
2023-08-10,8012818,8012377,7,12,178
2023-08-10,8012818,8012818,23,25,251
2023-08-10,8012827,8012005,6,16,92
2023-08-10,8012827,8012827,5,33,45
2023-08-10,8012832,8010210,8,18,307
2023-08-10,8012832,8012146,13,18,427
2023-08-10,8012832,8012832,21,36,373
2023-08-10,8012835,8012711,13,19,193
2023-08-10,8012835,8012835,31,38,373
2023-08-10,8012835,8013104,18,19,546
2023-08-10,8012839,8010179,11,11,349
2023-08-10,8012839,8011213,3,3,200
2023-08-10,8012839,8012839,22,22,375
2023-08-10,8012840,8012108,8,18,15
2023-08-10,8012840,8012438,7,18,18
2023-08-10,8012840,8012840,11,36,18
2023-08-10,8012841,8011729,0,18,0
2023-08-10,8012841,8012841,9,35,15
2023-08-10,8012841,8079604,5,17,16
2023-08-10,8012843,8012146,9,18,322
2023-08-10,8012856,8012002,17,18,110
2023-08-10,8012856,8012109,16,18,137
2023-08-10,8012856,8012856,33,36,102
2023-08-10,8012892,8011109,4,22,20
2023-08-10,8012892,8012892,4,43,10
2023-08-10,8012892,8017349,0,21,0
2023-08-10,8012902,8010141,5,10,42
2023-08-10,8012902,8011702,6,9,170
2023-08-10,8012902,8012268,14,19,125
2023-08-10,8012902,8012902,26,38,99
2023-08-10,8012933,8004177,10,14,105
2023-08-10,8012933,8011230,13,16,195
2023-08-10,8012933,8012933,25,30,163
2023-08-10,8012940,8010325,14,29,31
2023-08-10,8012940,8012264,13,19,109
2023-08-10,8012940,8012940,71,110,89
2023-08-10,8012940,8012951,16,25,59
2023-08-10,8012940,8012953,6,10,48
2023-08-10,8012940,8013186,9,10,144
2023-08-10,8012949,8011939,0,7,0
2023-08-10,8012949,8012949,0,14,0
2023-08-10,8012949,8013232,0,7,0
2023-08-10,8012951,8010156,8,10,111
2023-08-10,8012951,8010173,17,26,42
2023-08-10,8012951,8010325,6,12,38
2023-08-10,8012951,8012940,23,26,237
2023-08-10,8012951,8012951,53,74,116
2023-08-10,8012953,8012940,1,9,3
2023-08-10,8012953,8012953,6,30,17
2023-08-10,8012953,8012960,2,15,24
2023-08-10,8012954,8011718,2,15,24
2023-08-10,8012954,8012954,5,30,17
2023-08-10,8012954,8012960,3,15,10
2023-08-10,8012960,8012953,2,15,4
2023-08-10,8012960,8012954,2,15,24
2023-08-10,8012960,8012960,4,30,16
2023-08-10,8012962,8012962,2,44,88
2023-08-10,8012962,8079084,1,22,175
2023-08-10,8012962,8087025,1,22,1
2023-08-10,8012963,8012963,5,40,54
2023-08-10,8012963,8087025,1,22,173
2023-08-10,8012963,8087026,0,21,0
2023-08-10,8013017,8010241,15,17,314
2023-08-10,8013017,8012421,15,17,323
2023-08-10,8013017,8013017,30,34,329
2023-08-10,8013018,8010267,9,16,30
2023-08-10,8013018,8011442,5,9,33
2023-08-10,8013018,8012474,3,8,22
2023-08-10,8013018,8013018,16,33,26
2023-08-10,8013040,8011797,14,18,50
2023-08-10,8013040,8011995,6,18,18
2023-08-10,8013040,8013040,23,36,32
2023-08-10,8013051,8011646,16,17,536
2023-08-10,8013051,8013051,33,34,492
2023-08-10,8013051,8013177,16,17,434
2023-08-10,8013062,8011017,19,19,576
2023-08-10,8013062,8011778,10,11,338
2023-08-10,8013062,8013062,33,38,373
2023-08-10,8013069,8010156,1,9,7
2023-08-10,8013069,8011951,5,10,60
2023-08-10,8013069,8013069,6,19,35
2023-08-10,8013072,8010273,16,18,113
2023-08-10,8013072,8012143,13,18,78
2023-08-10,8013072,8013072,30,36,118
2023-08-10,8013073,8010173,15,22,138
2023-08-10,8013073,8012716,18,21,67
2023-08-10,8013073,8013073,34,43,117
2023-08-10,8013104,8010210,16,19,531
2023-08-10,8013104,8012835,11,19,194
2023-08-10,8013104,8013104,26,38,358
2023-08-10,8013105,8011797,18,18,125
2023-08-10,8013105,8012438,8,18,22
2023-08-10,8013105,8013105,23,36,52
2023-08-10,8013106,8079604,0,18,0
2023-08-10,8013131,8010179,10,11,385
2023-08-10,8013131,8011456,9,11,382
2023-08-10,8013131,8013131,19,22,380
2023-08-10,8013132,8010392,8,30,90
2023-08-10,8013132,8011108,0,26,0
2023-08-10,8013132,8013132,7,54,50
2023-08-10,8013133,8010392,0,18,0
2023-08-10,8013133,8011992,0,18,0
2023-08-10,8013133,8013133,0,36,0
2023-08-10,8013156,8013162,8,11,308
2023-08-10,8013161,8013161,4,43,10
2023-08-10,8013161,8017349,3,22,16
2023-08-10,8013161,8087027,0,27,0
2023-08-10,8013162,8011456,6,11,177
2023-08-10,8013162,8013156,11,11,393
2023-08-10,8013162,8013162,18,22,326
2023-08-10,8013177,8011356,17,17,471
2023-08-10,8013177,8013051,16,17,641
2023-08-10,8013177,8013177,33,34,538
2023-08-10,8013186,8010051,5,18,102
2023-08-10,8013186,8011215,5,8,30
2023-08-10,8013186,8012940,5,9,100
2023-08-10,8013186,8013186,13,36,94
2023-08-10,8013232,8012949,0,7,0
2023-08-10,8013232,8013232,0,14,0
2023-08-10,8013293,8011731,4,6,40
2023-08-10,8013293,8013293,7,12,35
2023-08-10,8013293,8070946,5,6,50
2023-08-10,8013322,8011481,16,17,489
2023-08-10,8013322,8011707,17,17,418
2023-08-10,8013322,8013322,33,34,459
2023-08-10,8013339,8011889,0,19,0
2023-08-10,8013339,8013339,15,37,113
2023-08-10,8013339,8013340,7,28,108
2023-08-10,8013340,8013339,0,26,0
2023-08-10,8013340,8013340,7,54,56
2023-08-10,8013340,8013341,7,28,103
2023-08-10,8013341,8011108,7,28,104
2023-08-10,8013341,8013340,0,26,0
2023-08-10,8013341,8013341,7,54,54
2023-08-10,8013352,8011778,1,2,45
2023-08-10,8013352,8012358,7,10,126
2023-08-10,8013352,8013352,13,21,117
2023-08-10,8013354,8010325,8,18,37
2023-08-10,8013354,8012643,6,18,15
2023-08-10,8013354,8013354,21,36,32
2023-08-10,8013370,8010173,2,4,90
2023-08-10,8013370,8012009,4,5,66
2023-08-10,8013370,8013370,7,9,73
2023-08-10,8013373,8011481,17,17,335
2023-08-10,8013373,8013373,33,34,398
2023-08-10,8013385,8010392,0,28,0
2023-08-10,8013385,8012086,6,29,37
2023-08-10,8013385,8013385,7,57,22
2023-08-10,8013393,8010213,7,8,488
2023-08-10,8013393,8012610,9,9,387
2023-08-10,8013393,8013393,16,17,452
2023-08-10,8013409,8012361,5,6,45
2023-08-10,8013409,8013409,8,12,45
2023-08-10,8013409,8070946,1,6,25
2023-08-10,8017349,8012892,4,22,25
2023-08-10,8017349,8013161,0,21,0
2023-08-10,8017349,8017349,4,43,10
2023-08-10,8070946,8013293,1,6,20
2023-08-10,8070946,8013409,5,6,50
2023-08-10,8070946,8070946,6,12,35
2023-08-10,8079604,8012841,7,18,15
2023-08-10,8079604,8013106,4,17,16
2023-08-10,8079604,8079604,11,35,12
2023-08-10,8079629,8011735,25,25,142
2023-08-10,8079629,8012785,13,15,78
2023-08-10,8079629,8012806,6,6,145
2023-08-10,8079629,8079629,40,49,88
2023-08-10,8087006,8011015,0,5,0
2023-08-10,8087006,8012296,0,5,0
2023-08-10,8087006,8087006,0,10,0
2023-08-10,8087025,8012962,1,22,175
2023-08-10,8087025,8012963,0,22,0
2023-08-10,8087025,8087025,2,44,88
2023-08-10,8087026,8011109,0,21,0
2023-08-10,8087026,8012963,4,22,25
2023-08-10,8087026,8087026,4,43,10
2023-08-10,8087027,8012065,0,27,0
2023-08-10,8087027,8013161,6,28,31
2023-08-10,8087027,8087027,6,55,16
2023-08-11,8010016,8010016,33,38,97
2023-08-11,8010016,8011031,14,25,94
2023-08-11,8010016,8012729,11,19,76
2023-08-11,8010051,8010051,26,41,219
2023-08-11,8010051,8010153,8,9,490
2023-08-11,8010051,8010322,11,12,325
2023-08-11,8010051,8012264,1,1,60
2023-08-11,8010051,8013186,8,19,36
2023-08-11,8010141,8010141,28,38,344
2023-08-11,8010141,8011702,8,11,134
2023-08-11,8010141,8012651,7,9,847
2023-08-11,8010141,8012902,6,8,135
2023-08-11,8010153,8010051,8,9,50
2023-08-11,8010153,8010153,51,55,253
2023-08-11,8010153,8010201,9,10,126
2023-08-11,8010153,8010284,14,36,102
2023-08-11,8010153,8012269,6,20,27
2023-08-11,8010156,8010156,54,57,182
2023-08-11,8010156,8011230,1,1,30
2023-08-11,8010156,8011798,12,13,115
2023-08-11,8010156,8012009,4,4,195
2023-08-11,8010156,8012474,4,4,262
2023-08-11,8010156,8012677,12,14,135
2023-08-11,8010156,8012951,11,12,380
2023-08-11,8010156,8013069,2,10,15
2023-08-11,8010173,8010173,47,52,129
2023-08-11,8010173,8012951,23,26,185
2023-08-11,8010173,8013073,21,21,114
2023-08-11,8010173,8013370,4,5,42
2023-08-11,8010176,8010176,18,38,68
2023-08-11,8010176,8010381,10,19,81
2023-08-11,8010176,8011995,7,19,55
2023-08-11,8010179,8010179,38,42,420
2023-08-11,8010179,8011536,10,10,843
2023-08-11,8010179,8012418,8,8,495
2023-08-11,8010179,8012839,10,11,237
2023-08-11,8010179,8013131,6,11,240
2023-08-11,8010188,8010188,0,4,0
2023-08-11,8010188,8011015,1,1,300
2023-08-11,8010188,8011593,0,1,0
2023-08-11,8010188,8012644,0,2,0
2023-08-11,8010199,8010199,24,36,152
2023-08-11,8010199,8010284,13,18,70
2023-08-11,8010199,8012436,13,18,245
2023-08-11,8010201,8010153,9,10,648
2023-08-11,8010201,8010201,16,20,410
2023-08-11,8010201,8012093,9,10,138
2023-08-11,8010210,8010210,26,38,137
2023-08-11,8010210,8012683,12,16,184
2023-08-11,8010210,8012832,15,18,202
2023-08-11,8010210,8013104,11,19,77
2023-08-11,8010213,8010213,16,18,410
2023-08-11,8010213,8011689,8,9,483
2023-08-11,8010213,8013393,8,9,333
2023-08-11,8010227,8010227,22,36,132
2023-08-11,8010227,8010348,17,18,128
2023-08-11,8010227,8012758,16,19,185
2023-08-11,8010241,8010241,61,66,279
2023-08-11,8010241,8011025,15,17,415
2023-08-11,8010241,8011293,19,19,442
2023-08-11,8010241,8012376,11,18,33
2023-08-11,8010241,8013017,15,18,283
2023-08-11,8010267,8012265,1,1,30
2023-08-11,8010267,8013018,13,17,162
2023-08-11,8010273,8010273,26,36,54
2023-08-11,8010273,8010284,11,18,50
2023-08-11,8010273,8013072,15,18,50
2023-08-11,8010284,8010153,31,36,108
2023-08-11,8010284,8010199,11,18,243
2023-08-11,8010284,8010273,2,18,3
2023-08-11,8010284,8010284,39,72,104
2023-08-11,8010300,8010300,51,59,162
2023-08-11,8010300,8011611,14,15,218
2023-08-11,8010300,8012377,3,4,135
2023-08-11,8010300,8012582,13,17,127
2023-08-11,8010300,8012818,10,12,165
2023-08-11,8010322,8010051,8,11,44
2023-08-11,8010322,8010322,46,63,107
2023-08-11,8010322,8011924,14,20,104
2023-08-11,8010322,8012362,13,20,52
2023-08-11,8010325,8010325,16,59,36
2023-08-11,8010325,8012940,9,30,58
2023-08-11,8010325,8012951,8,11,25
2023-08-11,8010325,8013354,7,18,28
2023-08-11,8010339,8010339,34,35,291
2023-08-11,8010339,8011213,18,18,417
2023-08-11,8010339,8012555,16,17,251
2023-08-11,8010348,8010227,3,18,160
2023-08-11,8010348,8010348,33,36,165
2023-08-11,8010348,8012436,9,18,62
2023-08-11,8010381,8010176,6,19,51
2023-08-11,8010381,8012321,7,21,56
2023-08-11,8010392,8010392,10,57,111
2023-08-11,8010392,8013132,2,28,112
2023-08-11,8010392,8013133,0,18,0
2023-08-11,8010392,8013385,8,29,96
2023-08-11,8011015,8010188,0,1,0
2023-08-11,8011015,8011015,1,2,300
2023-08-11,8011015,8087006,1,5,120
2023-08-11,8011017,8011017,27,38,162
2023-08-11,8011017,8012711,16,19,262
2023-08-11,8011017,8013062,17,19,81
2023-08-11,8011025,8010241,12,17,157
2023-08-11,8011025,8011025,26,34,274
2023-08-11,8011025,8011646,15,17,383
2023-08-11,8011027,8011027,18,21,194
2023-08-11,8011027,8011281,9,11,218
2023-08-11,8011027,8012762,8,10,159
2023-08-11,8011031,8010016,22,26,117
2023-08-11,8011031,8011031,34,51,94
2023-08-11,8011031,8012609,13,25,84
2023-08-11,8011044,8011044,18,20,534
2023-08-11,8011044,8011438,9,10,318
2023-08-11,8011044,8012021,9,10,750
2023-08-11,8011108,8011108,12,54,140
2023-08-11,8011108,8013132,9,28,141
2023-08-11,8011108,8013341,3,26,156
2023-08-11,8011109,8011109,6,43,68
2023-08-11,8011109,8012892,1,21,83
2023-08-11,8011109,8087026,5,22,49
2023-08-11,8011114,8012005,0,17,0
2023-08-11,8011140,8011140,30,34,146
2023-08-11,8011140,8012377,17,18,123
2023-08-11,8011140,8012806,13,16,197
2023-08-11,8011205,8010399,10,10,654
2023-08-11,8011205,8011205,22,23,556
2023-08-11,8011205,8011307,11,12,505
2023-08-11,8011213,8010339,13,17,203
2023-08-11,8011213,8011213,34,35,339
2023-08-11,8011213,8012610,9,9,507
2023-08-11,8011213,8012839,2,2,120
2023-08-11,8011230,8004177,1,1,180
2023-08-11,8011230,8011230,28,31,222
2023-08-11,8011230,8011248,16,16,343
2023-08-11,8011230,8012933,12,14,150
2023-08-11,8011248,8011230,8,14,103
2023-08-11,8011248,8011248,24,30,233
2023-08-11,8011248,8012677,15,16,313
2023-08-11,8011270,8011270,15,37,27
2023-08-11,8011270,8011729,14,18,60
2023-08-11,8011270,8012785,1,19,3
2023-08-11,8011281,8011027,6,10,132
2023-08-11,8011281,8011281,16,21,181
2023-08-11,8011281,8012316,9,11,188
2023-08-11,8011286,8011286,20,38,249
2023-08-11,8011286,8011889,14,19,313
2023-08-11,8011286,8011991,4,19,172
2023-08-11,8011293,8010241,20,20,464
2023-08-11,8011293,8011293,39,39,464
2023-08-11,8011293,8011307,11,11,556
2023-08-11,8011307,8011205,11,11,578
2023-08-11,8011307,8011293,12,12,542
2023-08-11,8011307,8011307,23,23,545
2023-08-11,8011356,8011356,29,34,340
2023-08-11,8011356,8012710,14,17,388
2023-08-11,8011356,8013177,15,17,295
2023-08-11,8011438,8011044,9,10,765
2023-08-11,8011438,8011438,19,20,552
2023-08-11,8011438,8011536,9,10,306
2023-08-11,8011442,8011442,16,18,207
2023-08-11,8011442,8012474,7,9,207
2023-08-11,8011442,8013018,9,9,203
2023-08-11,8011456,8011456,13,22,184
2023-08-11,8011456,8013131,7,11,136
2023-08-11,8011456,8013162,8,11,259
2023-08-11,8011481,8011481,27,34,319
2023-08-11,8011481,8013322,15,17,272
2023-08-11,8011481,8013373,13,17,386
2023-08-11,8011536,8010179,9,10,312
2023-08-11,8011536,8011438,10,10,825
2023-08-11,8011536,8011536,19,20,573
2023-08-11,8011592,8011592,3,28,14
2023-08-11,8011592,8011908,1,14,13
2023-08-11,8011592,8012274,2,15,12
2023-08-11,8011593,8010188,0,1,0
2023-08-11,8011593,8011593,0,2,0
2023-08-11,8011593,8012612,0,1,0
2023-08-11,8011611,8010300,12,14,169
2023-08-11,8011611,8011611,25,29,218
2023-08-11,8011611,8012762,12,13,258
2023-08-11,8011646,8011025,14,17,219
2023-08-11,8011646,8011646,29,34,308
2023-08-11,8011646,8013051,15,17,341
2023-08-11,8011681,8011681,14,20,182
2023-08-11,8011681,8011994,8,10,78
2023-08-11,8011681,8012262,10,10,309
2023-08-11,8011689,5100145,8,9,440
2023-08-11,8011689,8010213,7,9,307
2023-08-11,8011689,8011689,15,18,362
2023-08-11,8011694,8011694,28,38,342
2023-08-11,8011694,8011723,15,19,242
2023-08-11,8011694,8011953,5,9,133
2023-08-11,8011694,8012358,10,10,786
2023-08-11,8011702,8010141,7,9,847
2023-08-11,8011702,8011702,13,20,444
2023-08-11,8011702,8012902,7,11,172
2023-08-11,8011707,8011707,31,34,408
2023-08-11,8011707,8012710,16,17,565
2023-08-11,8011707,8013322,15,17,420
2023-08-11,8011718,8011718,3,30,8
2023-08-11,8011718,8012274,2,15,10
2023-08-11,8011718,8012954,1,15,6
2023-08-11,8011723,8011694,13,19,436
2023-08-11,8011723,8011723,27,38,346
2023-08-11,8011723,8012021,9,10,318
2023-08-11,8011726,8011726,16,18,213
2023-08-11,8011726,8011951,8,8,210
2023-08-11,8011726,8012474,8,9,197
2023-08-11,8011729,8011270,1,19,3
2023-08-11,8011729,8011729,10,37,18
2023-08-11,8011729,8012841,4,18,20
2023-08-11,8011731,8011731,11,12,95
2023-08-11,8011731,8013293,6,6,100
2023-08-11,8011735,8011735,42,51,107
2023-08-11,8011735,8012609,19,26,91
2023-08-11,8011735,8079629,14,25,96
2023-08-11,8011778,8011778,24,27,181
2023-08-11,8011778,8012316,8,10,231
2023-08-11,8011778,8012762,3,4,82
2023-08-11,8011778,8013062,9,10,216
2023-08-11,8011778,8013352,2,2,165
2023-08-11,8011797,8011797,34,38,105
2023-08-11,8011797,8013040,12,19,101
2023-08-11,8011797,8013105,9,19,74
2023-08-11,8011798,8010156,13,13,83
2023-08-11,8011864,8003774,15,19,324
2023-08-11,8011864,8011864,29,38,358
2023-08-11,8011864,8012268,13,19,355
2023-08-11,8011889,8011286,4,19,174
2023-08-11,8011889,8011889,20,38,248
2023-08-11,8011889,8013339,16,19,338
2023-08-11,8011908,8011592,1,14,6
2023-08-11,8011908,8011908,2,28,11
2023-08-11,8011908,8012737,1,14,13
2023-08-11,8011939,8011939,2,14,69
2023-08-11,8011939,8012517,1,7,73
2023-08-11,8011939,8012949,1,7,56
2023-08-11,8011951,8011726,8,9,127
2023-08-11,8011951,8011951,15,19,90
2023-08-11,8011951,8012474,0,1,0
2023-08-11,8011951,8013069,8,9,120
2023-08-11,8011953,8011694,9,9,147
2023-08-11,8011953,8011953,17,20,135
2023-08-11,8011953,8012358,8,10,180
2023-08-11,8011991,8011286,16,19,319
2023-08-11,8011991,8011991,19,38,244
2023-08-11,8011992,8011992,0,36,0
2023-08-11,8011992,8012617,0,18,0
2023-08-11,8011992,8013133,0,18,0
2023-08-11,8011995,8010176,9,19,85
2023-08-11,8011995,8011995,15,38,70
2023-08-11,8011995,8013040,8,19,60
2023-08-11,8012005,8011114,11,17,94
2023-08-11,8012005,8012005,6,34,40
2023-08-11,8012005,8012827,0,17,0
2023-08-11,8012009,8010156,3,5,48
2023-08-11,8012009,8012009,7,9,97
2023-08-11,8012009,8013370,4,4,165
2023-08-11,8012021,8011044,9,10,315
2023-08-11,8012021,8011723,10,10,777
2023-08-11,8012021,8012021,19,20,550
2023-08-11,8012065,8012065,9,55,118
2023-08-11,8012065,8012086,2,27,133
2023-08-11,8012065,8087027,7,28,104
2023-08-11,8012086,8012065,7,28,109
2023-08-11,8012086,8012086,9,55,120
2023-08-11,8012086,8013385,2,28,117
2023-08-11,8012093,8010201,10,10,696
2023-08-11,8012093,8010399,9,9,337
2023-08-11,8012093,8012093,16,20,423
2023-08-11,8012108,8012108,20,38,73
2023-08-11,8012108,8012729,9,19,73
2023-08-11,8012108,8012840,10,19,69
2023-08-11,8012109,8012109,31,36,93
2023-08-11,8012109,8012143,17,18,113
2023-08-11,8012109,8012856,13,18,33
2023-08-11,8012143,8012109,15,18,55
2023-08-11,8012143,8012143,31,36,82
2023-08-11,8012143,8013072,16,18,153
2023-08-11,8012146,8012146,23,36,121
2023-08-11,8012146,8012832,10,18,72
2023-08-11,8012146,8012843,13,18,170
2023-08-11,8012262,8011681,4,10,33
2023-08-11,8012262,8012262,33,43,141
2023-08-11,8012262,8012716,16,22,200
2023-08-11,8012264,8010051,2,2,195
2023-08-11,8012264,8012264,40,59,82
2023-08-11,8012264,8012321,5,10,120
2023-08-11,8012264,8012384,9,12,60
2023-08-11,8012264,8012940,16,20,66
2023-08-11,8012265,8010267,0,1,0
2023-08-11,8012265,8012265,0,2,0
2023-08-11,8012265,8012612,0,1,0
2023-08-11,8012268,8011864,14,19,306
2023-08-11,8012268,8012268,26,38,322
2023-08-11,8012268,8012902,12,19,352
2023-08-11,8012269,8010153,17,20,80
2023-08-11,8012269,8012269,22,40,52
2023-08-11,8012269,8012362,5,20,33
2023-08-11,8012274,8011592,1,15,12
2023-08-11,8012274,8011718,2,15,4
2023-08-11,8012274,8012274,3,30,8
2023-08-11,8012296,8012296,1,10,51
2023-08-11,8012296,8012517,1,7,64
2023-08-11,8012296,8087006,0,5,0
2023-08-11,8012316,8011281,8,10,198
2023-08-11,8012316,8011778,7,11,145
2023-08-11,8012316,8012316,17,21,193
2023-08-11,8012321,8010381,6,22,70
2023-08-11,8012321,8012264,3,8,120
2023-08-11,8012321,8012321,20,43,78
2023-08-11,8012321,8012384,10,13,55
2023-08-11,8012358,8011694,10,10,366
2023-08-11,8012358,8011953,7,10,147
2023-08-11,8012358,8012358,39,48,330
2023-08-11,8012358,8013352,7,11,164
2023-08-11,8012361,8013409,3,6,25
2023-08-11,8012362,8010322,13,20,74
2023-08-11,8012362,8012269,17,20,74
2023-08-11,8012362,8012362,26,40,62
2023-08-11,8012376,8010241,11,19,164
2023-08-11,8012376,8012376,19,37,101
2023-08-11,8012376,8012758,13,18,65
2023-08-11,8012377,8010300,5,5,156
2023-08-11,8012377,8011140,14,16,176
2023-08-11,8012377,8012377,31,34,131
2023-08-11,8012377,8012818,6,13,74
2023-08-11,8012384,8012264,9,13,46
2023-08-11,8012384,8012321,6,12,48
2023-08-11,8012384,8012384,16,25,58
2023-08-11,8012421,8012421,34,35,299
2023-08-11,8012421,8012555,17,18,353
2023-08-11,8012421,8013017,17,17,282
2023-08-11,8012436,8010199,14,18,77
2023-08-11,8012436,8010348,18,18,295
2023-08-11,8012436,8012436,30,36,165
2023-08-11,8012438,8012438,20,38,76
2023-08-11,8012438,8012840,9,19,74
2023-08-11,8012438,8013105,11,19,74
2023-08-11,8012474,8010156,4,4,158
2023-08-11,8012474,8011442,9,9,200
2023-08-11,8012474,8011726,8,9,210
2023-08-11,8012474,8011951,1,1,240
2023-08-11,8012474,8012474,30,33,203
2023-08-11,8012474,8013018,6,7,244
2023-08-11,8012517,8011939,1,7,60
2023-08-11,8012517,8012296,1,7,64
2023-08-11,8012517,8012517,2,14,64
2023-08-11,8012555,8010339,16,18,325
2023-08-11,8012555,8012421,16,17,258
2023-08-11,8012555,8012555,33,35,297
2023-08-11,8012582,8010300,13,16,71
2023-08-11,8012582,8012582,26,33,82
2023-08-11,8012582,8012584,13,17,127
2023-08-11,8012583,8012584,1,16,4
2023-08-11,8012584,8012582,1,16,2
2023-08-11,8012584,8012583,12,17,106
2023-08-11,8012584,8012584,14,33,61
2023-08-11,8012609,8011031,18,26,95
2023-08-11,8012609,8011735,19,25,103
2023-08-11,8012609,8012609,35,51,91
2023-08-11,8012610,8011213,9,9,360
2023-08-11,8012610,8012610,17,18,435
2023-08-11,8012610,8013393,9,9,560
2023-08-11,8012612,8011593,0,1,0
2023-08-11,8012612,8012265,0,1,0
2023-08-11,8012612,8012612,0,2,0
2023-08-11,8012617,8011992,0,18,0
2023-08-11,8012643,8013354,6,18,53
2023-08-11,8012644,8010188,0,2,0
2023-08-11,8012677,8010156,16,16,322
2023-08-11,8012677,8011248,11,14,120
2023-08-11,8012677,8012677,26,30,223
2023-08-11,8012683,8010210,7,16,77
2023-08-11,8012683,8012683,17,32,112
2023-08-11,8012683,8012684,13,16,163
2023-08-11,8012684,8012683,2,16,45
2023-08-11,8012684,8012684,16,32,107
2023-08-11,8012710,8011356,16,17,420
2023-08-11,8012710,8011707,17,17,397
2023-08-11,8012710,8012710,32,34,483
2023-08-11,8012711,8011017,6,19,33
2023-08-11,8012711,8012711,22,38,145
2023-08-11,8012711,8012835,16,19,238
2023-08-11,8012716,8012262,16,21,87
2023-08-11,8012716,8012716,34,43,137
2023-08-11,8012716,8013073,19,22,207
2023-08-11,8012729,8010016,15,19,115
2023-08-11,8012729,8012108,11,19,87
2023-08-11,8012729,8012729,26,38,88
2023-08-11,8012737,8011908,1,14,9
2023-08-11,8012758,8010227,9,18,73
2023-08-11,8012758,8012376,15,19,174
2023-08-11,8012758,8012758,29,37,143
2023-08-11,8012762,8010300,1,1,30
2023-08-11,8012762,8011027,10,11,240
2023-08-11,8012762,8011611,9,12,182
2023-08-11,8012762,8011778,2,2,90
2023-08-11,8012762,8012762,20,27,173
2023-08-11,8012785,8011270,9,18,42
2023-08-11,8012785,8012785,15,37,37
2023-08-11,8012785,8079629,3,15,20
2023-08-11,8012806,8011140,14,17,95
2023-08-11,8012806,8012806,26,33,137
2023-08-11,8012806,8079629,4,5,276
2023-08-11,8012818,8010300,12,13,157
2023-08-11,8012818,8012377,9,12,155
2023-08-11,8012818,8012818,23,25,148
2023-08-11,8012827,8012005,7,16,58
2023-08-11,8012827,8012827,5,33,21
2023-08-11,8012832,8010210,7,18,47
2023-08-11,8012832,8012146,13,18,170
2023-08-11,8012832,8012832,21,36,120
2023-08-11,8012835,8012711,6,19,41
2023-08-11,8012835,8012835,22,38,141
2023-08-11,8012835,8013104,14,19,226
2023-08-11,8012839,8010179,7,11,262
2023-08-11,8012839,8011213,3,3,70
2023-08-11,8012839,8012839,17,22,247
2023-08-11,8012840,8012108,9,19,76
2023-08-11,8012840,8012438,11,19,73
2023-08-11,8012840,8012840,19,38,77
2023-08-11,8012841,8011729,1,19,3
2023-08-11,8012841,8012841,8,37,11
2023-08-11,8012841,8079604,5,18,17
2023-08-11,8012843,8012146,9,18,67
2023-08-11,8012856,8012002,16,18,73
2023-08-11,8012856,8012109,18,18,148
2023-08-11,8012856,8012856,33,36,84
2023-08-11,8012892,8011109,5,22,53
2023-08-11,8012892,8012892,7,43,90
2023-08-11,8012892,8017349,2,21,171
2023-08-11,8012902,8010141,7,10,279
2023-08-11,8012902,8011702,7,9,730
2023-08-11,8012902,8012268,14,19,276
2023-08-11,8012902,8012902,27,38,313
2023-08-11,8012933,8004177,9,14,126
2023-08-11,8012933,8011230,15,16,339
2023-08-11,8012933,8012933,25,30,245
2023-08-11,8012940,8010325,12,29,27
2023-08-11,8012940,8012264,14,20,129
2023-08-11,8012940,8012940,68,110,119
2023-08-11,8012940,8012951,19,25,89
2023-08-11,8012940,8012953,5,10,39
2023-08-11,8012940,8013186,9,10,393
2023-08-11,8012949,8011939,1,7,77
2023-08-11,8012949,8012949,2,14,64
2023-08-11,8012949,8013232,1,7,51
2023-08-11,8012951,8010156,9,10,168
2023-08-11,8012951,8010173,17,26,44
2023-08-11,8012951,8010325,6,12,65
2023-08-11,8012951,8012940,22,26,303
2023-08-11,8012951,8012951,54,74,157
2023-08-11,8012953,8012940,1,9,7
2023-08-11,8012953,8012953,6,30,16
2023-08-11,8012953,8012960,3,15,24
2023-08-11,8012954,8011718,3,15,20
2023-08-11,8012954,8012954,4,30,14
2023-08-11,8012954,8012960,1,15,4
2023-08-11,8012960,8012953,1,15,2
2023-08-11,8012960,8012954,3,15,24
2023-08-11,8012960,8012960,4,30,14
2023-08-11,8012962,8012962,2,44,126
2023-08-11,8012962,8079084,2,22,252
2023-08-11,8012962,8087025,0,22,0
2023-08-11,8012963,8012963,5,40,34
2023-08-11,8012963,8087025,1,22,5
2023-08-11,8012963,8087026,1,21,84
2023-08-11,8013017,8010241,16,17,275
2023-08-11,8013017,8012421,15,18,318
2023-08-11,8013017,8013017,32,35,297
2023-08-11,8013018,8010267,15,16,278
2023-08-11,8013018,8011442,7,9,207
2023-08-11,8013018,8012474,7,8,180
2023-08-11,8013018,8013018,29,33,219
2023-08-11,8013040,8011797,15,19,90
2023-08-11,8013040,8011995,9,19,79
2023-08-11,8013040,8013040,25,38,81
2023-08-11,8013051,8011646,14,17,238
2023-08-11,8013051,8013051,30,34,315
2023-08-11,8013051,8013177,15,17,383
2023-08-11,8013062,8011017,19,19,275
2023-08-11,8013062,8011778,11,11,188
2023-08-11,8013062,8013062,33,38,171
2023-08-11,8013069,8010156,7,9,117
2023-08-11,8013069,8011951,6,10,30
2023-08-11,8013069,8013069,12,19,69
2023-08-11,8013072,8010273,15,18,117
2023-08-11,8013072,8012143,10,18,27
2023-08-11,8013072,8013072,28,36,93
2023-08-11,8013073,8010173,14,22,170
2023-08-11,8013073,8012716,17,21,87
2023-08-11,8013073,8013073,35,43,143
2023-08-11,8013104,8010210,13,19,204
2023-08-11,8013104,8012835,9,19,54
2023-08-11,8013104,8013104,22,38,130
2023-08-11,8013105,8011797,19,19,169
2023-08-11,8013105,8012438,9,19,84
2023-08-11,8013105,8013105,28,38,106
2023-08-11,8013106,8079604,0,19,0
2023-08-11,8013131,8010179,9,11,215
2023-08-11,8013131,8011456,6,11,243
2023-08-11,8013131,8013131,13,22,226
2023-08-11,8013132,8010392,9,30,120
2023-08-11,8013132,8011108,2,26,121
2023-08-11,8013132,8013132,10,54,127
2023-08-11,8013133,8010392,0,18,0
2023-08-11,8013133,8011992,0,18,0
2023-08-11,8013133,8013133,0,36,0
2023-08-11,8013156,8013162,4,11,191
2023-08-11,8013161,8013161,7,43,110
2023-08-11,8013161,8017349,5,22,46
2023-08-11,8013161,8087027,2,27,132
2023-08-11,8013162,8011456,5,11,161
2023-08-11,8013162,8013156,11,11,259
2023-08-11,8013162,8013162,11,22,209
2023-08-11,8013177,8011356,15,17,390
2023-08-11,8013177,8013051,15,17,304
2023-08-11,8013177,8013177,30,34,341
2023-08-11,8013186,8010051,11,19,396
2023-08-11,8013186,8011215,5,8,86
2023-08-11,8013186,8012264,1,1,30
2023-08-11,8013186,8012940,7,9,107
2023-08-11,8013186,8013186,18,38,216
2023-08-11,8013232,8012949,1,7,81
2023-08-11,8013232,8013232,2,14,69
2023-08-11,8013293,8011731,5,6,40
2023-08-11,8013293,8013293,5,12,30
2023-08-11,8013293,8070946,2,6,40
2023-08-11,8013322,8011481,15,17,402
2023-08-11,8013322,8011707,16,17,291
2023-08-11,8013322,8013322,31,34,356
2023-08-11,8013339,8011889,4,19,171
2023-08-11,8013339,8013339,20,37,218
2023-08-11,8013339,8013340,9,28,148
2023-08-11,8013340,8013339,3,26,157
2023-08-11,8013340,8013340,12,54,152
2023-08-11,8013340,8013341,9,28,139
2023-08-11,8013341,8011108,9,28,141
2023-08-11,8013341,8013340,3,26,155
2023-08-11,8013341,8013341,12,54,148
2023-08-11,8013352,8011778,2,2,195
2023-08-11,8013352,8012358,10,10,189
2023-08-11,8013352,8013352,16,21,129
2023-08-11,8013354,8010325,5,18,57
2023-08-11,8013354,8012643,4,18,27
2023-08-11,8013354,8013354,12,36,45
2023-08-11,8013370,8010173,4,4,172
2023-08-11,8013370,8012009,3,5,30
2023-08-11,8013370,8013370,8,9,90
2023-08-11,8013373,8011481,17,17,258
2023-08-11,8013373,8013373,30,34,323
2023-08-11,8013385,8010392,2,28,116
2023-08-11,8013385,8012086,7,29,114
2023-08-11,8013385,8013385,10,57,112
2023-08-11,8013393,8010213,8,9,483
2023-08-11,8013393,8012610,8,9,323
2023-08-11,8013393,8013393,17,18,417
2023-08-11,8013409,8012361,2,6,55
2023-08-11,8013409,8013409,5,12,40
2023-08-11,8013409,8070946,2,6,15
2023-08-11,8017349,8012892,5,22,59
2023-08-11,8017349,8013161,2,21,170
2023-08-11,8017349,8017349,7,43,110
2023-08-11,8070946,8013293,3,6,25
2023-08-11,8070946,8013409,2,6,55
2023-08-11,8070946,8070946,5,12,40
2023-08-11,8079604,8012841,11,19,19
2023-08-11,8079604,8013106,3,18,13
2023-08-11,8079604,8079604,16,37,15
2023-08-11,8079629,8011735,26,26,118
2023-08-11,8079629,8012785,15,16,98
2023-08-11,8079629,8012806,6,6,165
2023-08-11,8079629,8079629,43,51,94
2023-08-11,8087006,8011015,0,5,0
2023-08-11,8087006,8012296,1,5,114
2023-08-11,8087006,8087006,1,10,60
2023-08-11,8087025,8012962,2,22,217
2023-08-11,8087025,8012963,0,22,0
2023-08-11,8087025,8087025,2,44,47
2023-08-11,8087026,8011109,1,21,86
2023-08-11,8087026,8012963,5,22,57
2023-08-11,8087026,8087026,6,43,68
2023-08-11,8087027,8012065,2,27,131
2023-08-11,8087027,8013161,7,28,103
2023-08-11,8087027,8087027,9,55,118
2023-08-12,8010016,8010016,35,36,214
2023-08-12,8010016,8011031,16,18,235
2023-08-12,8010016,8012729,13,18,218
2023-08-12,8010051,8010051,17,39,237
2023-08-12,8010051,8010153,8,9,77
2023-08-12,8010051,8010322,10,10,414
2023-08-12,8010051,8012264,1,1,60
2023-08-12,8010051,8013186,8,19,267
2023-08-12,8010141,8010141,21,35,81
2023-08-12,8010141,8011702,6,9,57
2023-08-12,8010141,8012651,4,8,98
2023-08-12,8010141,8012902,4,8,79
2023-08-12,8010153,8010051,2,9,50
2023-08-12,8010153,8010153,41,46,218
2023-08-12,8010153,8010201,8,9,187
2023-08-12,8010153,8010284,11,26,83
2023-08-12,8010153,8012269,7,17,42
2023-08-12,8010156,8010156,38,44,241
2023-08-12,8010156,8011798,6,8,94
2023-08-12,8010156,8012677,11,14,424
2023-08-12,8010156,8012951,12,14,313
2023-08-12,8010156,8013069,5,8,68
2023-08-12,8010173,8010173,31,39,102
2023-08-12,8010173,8012951,14,19,159
2023-08-12,8010173,8013073,16,19,79
2023-08-12,8010173,8013370,1,1,60
2023-08-12,8010176,8010176,19,36,108
2023-08-12,8010176,8010381,13,18,185
2023-08-12,8010176,8011995,6,18,23
2023-08-12,8010179,8010179,31,36,438
2023-08-12,8010179,8011536,10,10,738
2023-08-12,8010179,8012418,7,8,352
2023-08-12,8010179,8012839,7,8,296
2023-08-12,8010179,8013131,7,8,390
2023-08-12,8010188,8010188,13,24,95
2023-08-12,8010188,8011015,5,6,140
2023-08-12,8010188,8011593,1,6,10
2023-08-12,8010188,8012644,8,12,198
2023-08-12,8010199,8010199,22,36,113
2023-08-12,8010199,8010284,12,18,110
2023-08-12,8010199,8012436,11,18,123
2023-08-12,8010201,8010153,8,9,253
2023-08-12,8010201,8010201,16,18,223
2023-08-12,8010201,8012093,9,9,187
2023-08-12,8010210,8010210,25,31,225
2023-08-12,8010210,8012683,10,14,259
2023-08-12,8010210,8012832,7,14,244
2023-08-12,8010210,8013104,13,16,178
2023-08-12,8010213,8010213,15,15,524
2023-08-12,8010213,8011689,7,7,519
2023-08-12,8010213,8013393,8,8,510
2023-08-12,8010227,8010227,26,36,154
2023-08-12,8010227,8010348,17,18,250
2023-08-12,8010227,8012758,18,18,97
2023-08-12,8010241,8010241,54,54,358
2023-08-12,8010241,8011025,11,12,498
2023-08-12,8010241,8011293,19,19,452
2023-08-12,8010241,8012376,13,18,158
2023-08-12,8010241,8013017,14,16,377
2023-08-12,8010267,8012265,3,6,25
2023-08-12,8010267,8013018,2,9,10
2023-08-12,8010273,8010273,15,17,208
2023-08-12,8010273,8010284,8,9,253
2023-08-12,8010273,8013072,6,8,165
2023-08-12,8010284,8010153,25,27,176
2023-08-12,8010284,8010199,11,18,115
2023-08-12,8010284,8010273,5,8,94
2023-08-12,8010284,8010284,34,53,123
2023-08-12,8010300,8010300,47,56,206
2023-08-12,8010300,8011611,9,11,297
2023-08-12,8010300,8012377,2,5,96
2023-08-12,8010300,8012582,17,18,152
2023-08-12,8010300,8012818,8,11,169
2023-08-12,8010322,8010051,9,11,344
2023-08-12,8010322,8010322,39,56,152
2023-08-12,8010322,8011924,11,17,55
2023-08-12,8010322,8012362,11,18,75
2023-08-12,8010325,8010325,16,48,36
2023-08-12,8010325,8012940,5,24,35
2023-08-12,8010325,8012951,7,9,40
2023-08-12,8010325,8013354,8,15,54
2023-08-12,8010339,8010339,31,32,336
2023-08-12,8010339,8011213,16,16,392
2023-08-12,8010339,8012555,15,16,343
2023-08-12,8010348,8010227,7,18,68
2023-08-12,8010348,8010348,32,36,155
2023-08-12,8010348,8012436,12,18,120
2023-08-12,8010381,8010176,4,18,12
2023-08-12,8010381,8012321,6,18,45
2023-08-12,8010392,8010392,11,58,73
2023-08-12,8010392,8013132,0,29,0
2023-08-12,8010392,8013133,0,16,0
2023-08-12,8010392,8013385,11,29,147
2023-08-12,8011015,8010188,0,6,0
2023-08-12,8011015,8011015,5,12,70
2023-08-12,8011015,8087006,5,6,140
2023-08-12,8011017,8011017,24,31,281
2023-08-12,8011017,8012711,15,15,402
2023-08-12,8011017,8013062,15,16,229
2023-08-12,8011025,8010241,10,12,288
2023-08-12,8011025,8011025,21,24,371
2023-08-12,8011025,8011646,11,12,470
2023-08-12,8011027,8011027,14,19,295
2023-08-12,8011027,8011281,7,10,294
2023-08-12,8011027,8012762,7,9,287
2023-08-12,8011031,8010016,16,19,85
2023-08-12,8011031,8011031,30,37,147
2023-08-12,8011031,8012609,15,18,227
2023-08-12,8011044,8010282,2,2,165
2023-08-12,8011044,8011044,19,24,414
2023-08-12,8011044,8011438,7,10,234
2023-08-12,8011044,8011694,2,2,735
2023-08-12,8011044,8012021,8,10,636
2023-08-12,8011108,8011108,12,55,113
2023-08-12,8011108,8013132,12,28,222
2023-08-12,8011108,8013341,0,27,0
2023-08-12,8011109,8011109,8,44,62
2023-08-12,8011109,8012892,0,22,0
2023-08-12,8011109,8087026,8,22,120
2023-08-12,8011114,8012005,0,16,0
2023-08-12,8011140,8011140,25,35,155
2023-08-12,8011140,8012377,15,19,166
2023-08-12,8011140,8012806,13,16,174
2023-08-12,8011205,8010399,10,10,618
2023-08-12,8011205,8011205,22,22,536
2023-08-12,8011205,8011307,11,11,551
2023-08-12,8011213,8010339,11,16,278
2023-08-12,8011213,8011213,31,32,362
2023-08-12,8011213,8012610,7,7,514
2023-08-12,8011230,8011230,26,28,377
2023-08-12,8011230,8011248,12,14,279
2023-08-12,8011230,8012933,14,14,504
2023-08-12,8011248,8011230,11,14,433
2023-08-12,8011248,8011248,23,28,363
2023-08-12,8011248,8012677,11,14,328
2023-08-12,8011270,8011270,15,33,49
2023-08-12,8011270,8011729,14,17,102
2023-08-12,8011270,8012785,1,16,8
2023-08-12,8011281,8011027,7,9,283
2023-08-12,8011281,8011281,14,19,281
2023-08-12,8011281,8012316,7,10,279
2023-08-12,8011286,8011286,16,38,222
2023-08-12,8011286,8011889,12,19,429
2023-08-12,8011286,8011991,0,19,0
2023-08-12,8011293,8010241,19,19,666
2023-08-12,8011293,8011293,38,38,561
2023-08-12,8011293,8011307,11,11,464
2023-08-12,8011307,8011205,11,11,513
2023-08-12,8011307,8011293,11,11,600
2023-08-12,8011307,8011307,22,22,533
2023-08-12,8011356,8011356,18,24,300
2023-08-12,8011356,8012710,10,12,388
2023-08-12,8011356,8013177,8,12,212
2023-08-12,8011438,8011044,9,10,660
2023-08-12,8011438,8011438,16,20,459
2023-08-12,8011438,8011536,6,10,228
2023-08-12,8011442,8011442,8,17,72
2023-08-12,8011442,8012474,5,9,40
2023-08-12,8011442,8013018,3,8,105
2023-08-12,8011456,8011456,11,16,236
2023-08-12,8011456,8013131,6,8,184
2023-08-12,8011456,8013162,7,8,405
2023-08-12,8011481,8011481,20,24,251
2023-08-12,8011481,8013322,10,12,195
2023-08-12,8011481,8013373,10,12,308
2023-08-12,8011536,8010179,7,10,267
2023-08-12,8011536,8011438,10,10,726
2023-08-12,8011536,8011536,16,20,488
2023-08-12,8011592,8011592,6,16,73
2023-08-12,8011592,8011908,2,8,75
2023-08-12,8011592,8012274,4,8,26
2023-08-12,8011593,8010188,3,6,60
2023-08-12,8011593,8011593,4,12,35
2023-08-12,8011593,8012612,1,6,10
2023-08-12,8011611,8010300,6,10,264
2023-08-12,8011611,8011611,17,21,299
2023-08-12,8011611,8012762,9,11,325
2023-08-12,8011646,8011025,10,12,322
2023-08-12,8011646,8011646,21,24,412
2023-08-12,8011646,8013051,10,12,420
2023-08-12,8011681,8011681,12,20,159
2023-08-12,8011681,8011994,6,10,48
2023-08-12,8011681,8012262,10,10,267
2023-08-12,8011689,5100145,7,7,480
2023-08-12,8011689,8010213,8,8,495
2023-08-12,8011689,8011689,15,15,478
2023-08-12,8011694,8011694,24,33,380
2023-08-12,8011694,8011723,11,15,244
2023-08-12,8011694,8011953,2,6,175
2023-08-12,8011694,8012358,10,10,669
2023-08-12,8011702,8010141,4,8,101
2023-08-12,8011702,8011702,7,17,64
2023-08-12,8011702,8012902,6,9,67
2023-08-12,8011707,8011707,22,24,354
2023-08-12,8011707,8012710,12,12,450
2023-08-12,8011707,8013322,10,12,372
2023-08-12,8011718,8011718,4,16,24
2023-08-12,8011718,8012274,3,8,105
2023-08-12,8011718,8012954,2,8,8
2023-08-12,8011723,8011694,11,16,429
2023-08-12,8011723,8011723,22,31,338
2023-08-12,8011723,8012021,8,10,198
2023-08-12,8011726,8011726,6,17,32
2023-08-12,8011726,8011951,6,8,30
2023-08-12,8011726,8012474,4,8,52
2023-08-12,8011729,8011270,1,16,6
2023-08-12,8011729,8011729,10,33,43
2023-08-12,8011729,8012841,7,17,60
2023-08-12,8011731,8011731,12,12,160
2023-08-12,8011731,8013293,6,6,225
2023-08-12,8011735,8011735,36,37,169
2023-08-12,8011735,8012609,14,19,69
2023-08-12,8011735,8079629,17,18,225
2023-08-12,8011778,8011778,17,22,269
2023-08-12,8011778,8012316,8,9,283
2023-08-12,8011778,8012762,1,2,75
2023-08-12,8011778,8013062,7,9,357
2023-08-12,8011797,8011797,36,36,196
2023-08-12,8011797,8013040,13,18,218
2023-08-12,8011797,8013105,11,18,187
2023-08-12,8011798,8010156,8,8,56
2023-08-12,8011864,8003774,14,17,74
2023-08-12,8011864,8011864,26,35,84
2023-08-12,8011864,8012268,12,18,73
2023-08-12,8011889,8011286,0,19,0
2023-08-12,8011889,8011889,16,38,222
2023-08-12,8011889,8013339,16,19,458
2023-08-12,8011908,8011592,5,8,38
2023-08-12,8011908,8011908,6,16,39
2023-08-12,8011908,8012737,1,8,19
2023-08-12,8011939,8011939,5,13,65
2023-08-12,8011939,8012517,0,6,0
2023-08-12,8011939,8012949,5,7,120
2023-08-12,8011951,8011726,7,8,68
2023-08-12,8011951,8011951,12,16,62
2023-08-12,8011951,8013069,2,8,15
2023-08-12,8011953,8011694,3,5,336
2023-08-12,8011953,8011953,7,13,233
2023-08-12,8011953,8012358,5,7,227
2023-08-12,8011991,8011286,16,19,441
2023-08-12,8011991,8011991,14,38,217
2023-08-12,8011992,8011992,0,32,0
2023-08-12,8011992,8012617,0,16,0
2023-08-12,8011992,8013133,0,16,0
2023-08-12,8011995,8010176,13,18,205
2023-08-12,8011995,8011995,17,36,113
2023-08-12,8011995,8013040,9,18,28
2023-08-12,8012005,8011114,14,16,150
2023-08-12,8012005,8012005,5,32,63
2023-08-12,8012005,8012827,0,16,0
2023-08-12,8012009,8010156,1,1,90
2023-08-12,8012009,8012009,1,1,60
2023-08-12,8012021,8011044,8,10,219
2023-08-12,8012021,8011723,10,10,678
2023-08-12,8012021,8012021,18,20,447
2023-08-12,8012065,8012065,11,56,65
2023-08-12,8012065,8012086,0,28,0
2023-08-12,8012065,8087027,11,28,130
2023-08-12,8012086,8012065,11,28,137
2023-08-12,8012086,8012086,11,56,71
2023-08-12,8012086,8013385,0,29,0
2023-08-12,8012093,8010201,8,9,243
2023-08-12,8012093,8010399,8,8,289
2023-08-12,8012093,8012093,15,18,200
2023-08-12,8012108,8012108,24,36,218
2023-08-12,8012108,8012729,11,18,220
2023-08-12,8012108,8012840,10,18,200
2023-08-12,8012109,8012109,16,17,229
2023-08-12,8012109,8012143,9,9,273
2023-08-12,8012109,8012856,7,8,150
2023-08-12,8012143,8012109,7,8,176
2023-08-12,8012143,8012143,16,17,222
2023-08-12,8012143,8013072,9,9,257
2023-08-12,8012146,8012146,13,29,182
2023-08-12,8012146,8012832,6,15,142
2023-08-12,8012146,8012843,7,14,240
2023-08-12,8012262,8011681,2,10,33
2023-08-12,8012262,8012262,28,38,113
2023-08-12,8012262,8012716,15,19,155
2023-08-12,8012264,8012264,38,53,63
2023-08-12,8012264,8012321,3,9,23
2023-08-12,8012264,8012384,8,10,48
2023-08-12,8012264,8012940,15,18,45
2023-08-12,8012265,8010267,4,6,90
2023-08-12,8012265,8012265,5,12,68
2023-08-12,8012265,8012612,3,6,60
2023-08-12,8012268,8011864,15,17,85
2023-08-12,8012268,8012268,27,35,80
2023-08-12,8012268,8012902,11,18,53
2023-08-12,8012269,8010153,14,18,80
2023-08-12,8012269,8012269,17,35,51
2023-08-12,8012269,8012362,4,17,32
2023-08-12,8012274,8011592,2,8,139
2023-08-12,8012274,8011718,4,8,19
2023-08-12,8012274,8012274,6,16,96
2023-08-12,8012296,8012296,5,12,70
2023-08-12,8012296,8012517,5,7,120
2023-08-12,8012296,8087006,0,6,0
2023-08-12,8012316,8011281,8,9,287
2023-08-12,8012316,8011778,5,10,252
2023-08-12,8012316,8012316,14,19,275
2023-08-12,8012321,8010381,6,19,25
2023-08-12,8012321,8012264,4,7,34
2023-08-12,8012321,8012321,15,37,37
2023-08-12,8012321,8012384,7,11,68
2023-08-12,8012358,8011694,8,10,207
2023-08-12,8012358,8011953,3,6,270
2023-08-12,8012358,8012358,30,35,321
2023-08-12,8012358,8013352,5,8,191
2023-08-12,8012361,8013409,5,6,35
2023-08-12,8012362,8010322,8,17,42
2023-08-12,8012362,8012269,10,18,58
2023-08-12,8012362,8012362,16,35,50
2023-08-12,8012376,8010241,15,18,128
2023-08-12,8012376,8012376,27,36,138
2023-08-12,8012376,8012758,14,18,195
2023-08-12,8012377,8010300,6,6,165
2023-08-12,8012377,8011140,12,16,165
2023-08-12,8012377,8012377,28,35,153
2023-08-12,8012377,8012818,9,13,152
2023-08-12,8012384,8012264,10,11,76
2023-08-12,8012384,8012321,3,10,12
2023-08-12,8012384,8012384,11,21,50
2023-08-12,8012421,8012421,32,32,373
2023-08-12,8012421,8012555,16,16,398
2023-08-12,8012421,8013017,16,16,360
2023-08-12,8012436,8010199,14,18,123
2023-08-12,8012436,8010348,16,18,177
2023-08-12,8012436,8012436,28,36,132
2023-08-12,8012438,8012438,27,36,228
2023-08-12,8012438,8012840,13,18,237
2023-08-12,8012438,8013105,13,18,217
2023-08-12,8012474,8011442,3,8,64
2023-08-12,8012474,8011726,3,9,20
2023-08-12,8012474,8012474,7,17,32
2023-08-12,8012517,8011939,5,7,120
2023-08-12,8012517,8012296,0,6,0
2023-08-12,8012517,8012517,5,13,65
2023-08-12,8012555,8010339,16,16,368
2023-08-12,8012555,8012421,15,16,352
2023-08-12,8012555,8012555,31,32,363
2023-08-12,8012582,8010300,13,16,92
2023-08-12,8012582,8012582,28,34,98
2023-08-12,8012582,8012584,16,18,152
2023-08-12,8012583,8012584,2,16,32
2023-08-12,8012584,8012582,1,16,4
2023-08-12,8012584,8012583,10,18,117
2023-08-12,8012584,8012584,16,34,81
2023-08-12,8012609,8011031,12,19,63
2023-08-12,8012609,8011735,17,18,263
2023-08-12,8012609,8012609,30,37,151
2023-08-12,8012610,8011213,8,8,521
2023-08-12,8012610,8012610,15,15,508
2023-08-12,8012610,8013393,7,7,574
2023-08-12,8012612,8011593,3,6,60
2023-08-12,8012612,8012265,3,6,50
2023-08-12,8012612,8012612,4,12,35
2023-08-12,8012617,8011992,0,16,0
2023-08-12,8012643,8013354,6,15,34
2023-08-12,8012644,8010188,6,12,75
2023-08-12,8012677,8010156,10,14,345
2023-08-12,8012677,8011248,11,14,431
2023-08-12,8012677,8012677,21,28,381
2023-08-12,8012683,8010210,7,14,133
2023-08-12,8012683,8012683,17,28,198
2023-08-12,8012683,8012684,10,14,268
2023-08-12,8012684,8012683,8,14,111
2023-08-12,8012684,8012684,17,28,183
2023-08-12,8012710,8011356,12,12,312
2023-08-12,8012710,8011707,10,12,395
2023-08-12,8012710,8012710,22,24,412
2023-08-12,8012711,8011017,8,16,137
2023-08-12,8012711,8012711,22,31,268
2023-08-12,8012711,8012835,14,15,374
2023-08-12,8012716,8012262,15,19,68
2023-08-12,8012716,8012716,28,38,102
2023-08-12,8012716,8013073,17,19,159
2023-08-12,8012729,8010016,18,18,287
2023-08-12,8012729,8012108,14,18,235
2023-08-12,8012729,8012729,32,36,238
2023-08-12,8012737,8011908,5,8,30
2023-08-12,8012758,8010227,15,18,212
2023-08-12,8012758,8012376,16,18,102
2023-08-12,8012758,8012758,33,36,163
2023-08-12,8012762,8010300,1,1,120
2023-08-12,8012762,8011027,7,10,306
2023-08-12,8012762,8011611,8,10,282
2023-08-12,8012762,8011778,1,1,60
2023-08-12,8012762,8012762,17,22,267
2023-08-12,8012785,8011270,9,17,81
2023-08-12,8012785,8012785,17,33,59
2023-08-12,8012785,8079629,6,14,34
2023-08-12,8012806,8011140,13,18,137
2023-08-12,8012806,8012806,27,34,139
2023-08-12,8012818,8010300,12,13,233
2023-08-12,8012818,8012377,8,11,153
2023-08-12,8012818,8012818,20,24,186
2023-08-12,8012827,8012005,6,15,138
2023-08-12,8012827,8012827,6,31,70
2023-08-12,8012832,8010210,6,15,136
2023-08-12,8012832,8012146,7,14,219
2023-08-12,8012832,8012832,13,29,184
2023-08-12,8012835,8012711,8,16,152
2023-08-12,8012835,8012835,21,31,259
2023-08-12,8012835,8013104,13,15,364
2023-08-12,8012839,8010179,7,8,345
2023-08-12,8012839,8012839,15,16,321
2023-08-12,8012840,8012108,14,18,233
2023-08-12,8012840,8012438,13,18,215
2023-08-12,8012840,8012840,24,36,227
2023-08-12,8012841,8011729,1,16,6
2023-08-12,8012841,8012841,8,33,32
2023-08-12,8012841,8079604,6,17,49
2023-08-12,8012843,8012146,5,15,136
2023-08-12,8012856,8012002,8,8,195
2023-08-12,8012856,8012109,9,9,283
2023-08-12,8012856,8012856,17,17,215
2023-08-12,8012892,8011109,8,22,124
2023-08-12,8012892,8012892,8,44,64
2023-08-12,8012892,8017349,0,22,0
2023-08-12,8012902,8010141,5,10,39
2023-08-12,8012902,8011702,8,8,79
2023-08-12,8012902,8012268,13,17,85
2023-08-12,8012902,8012902,23,35,57
2023-08-12,8012933,8004177,12,14,474
2023-08-12,8012933,8011230,12,14,257
2023-08-12,8012933,8012933,25,28,364
2023-08-12,8012940,8010325,12,24,44
2023-08-12,8012940,8012264,13,17,104
2023-08-12,8012940,8012940,55,96,131
2023-08-12,8012940,8012951,17,24,155
2023-08-12,8012940,8012953,5,5,138
2023-08-12,8012940,8013186,7,9,427
2023-08-12,8012949,8011939,0,6,0
2023-08-12,8012949,8012949,5,13,65
2023-08-12,8012949,8013232,5,7,120
2023-08-12,8012951,8010156,9,13,252
2023-08-12,8012951,8010173,15,20,40
2023-08-12,8012951,8010325,5,9,23
2023-08-12,8012951,8012940,16,24,266
2023-08-12,8012951,8012951,48,66,165
2023-08-12,8012953,8012940,0,4,0
2023-08-12,8012953,8012953,8,16,41
2023-08-12,8012953,8012960,5,8,60
2023-08-12,8012954,8011718,5,8,60
2023-08-12,8012954,8012954,6,16,36
2023-08-12,8012954,8012960,1,8,8
2023-08-12,8012960,8012953,0,8,0
2023-08-12,8012960,8012954,5,8,60
2023-08-12,8012960,8012960,6,16,32
2023-08-12,8012962,8012962,4,44,28
2023-08-12,8012962,8079084,3,22,55
2023-08-12,8012962,8087025,1,22,1
2023-08-12,8012963,8012963,7,40,46
2023-08-12,8012963,8087025,3,22,53
2023-08-12,8012963,8087026,0,22,0
2023-08-12,8013017,8010241,15,16,338
2023-08-12,8013017,8012421,15,16,382
2023-08-12,8013017,8013017,29,32,367
2023-08-12,8013018,8010267,3,8,105
2023-08-12,8013018,8011442,5,9,47
2023-08-12,8013018,8013018,7,17,69
2023-08-12,8013040,8011797,18,18,77
2023-08-12,8013040,8011995,12,18,198
2023-08-12,8013040,8013040,30,36,128
2023-08-12,8013051,8011646,10,12,358
2023-08-12,8013051,8013051,21,24,342
2023-08-12,8013051,8013177,11,12,395
2023-08-12,8013062,8011017,15,15,374
2023-08-12,8013062,8011778,10,10,288
2023-08-12,8013062,8013062,29,31,292
2023-08-12,8013069,8010156,5,8,30
2023-08-12,8013069,8011951,6,8,98
2023-08-12,8013069,8013069,11,16,58
2023-08-12,8013072,8010273,9,9,260
2023-08-12,8013072,8012143,8,8,184
2023-08-12,8013072,8013072,17,17,228
2023-08-12,8013073,8010173,11,19,128
2023-08-12,8013073,8012716,15,19,57
2023-08-12,8013073,8013073,30,38,103
2023-08-12,8013104,8010210,12,15,332
2023-08-12,8013104,8012835,10,16,161
2023-08-12,8013104,8013104,21,31,250
2023-08-12,8013105,8011797,18,18,307
2023-08-12,8013105,8012438,14,18,243
2023-08-12,8013105,8013105,29,36,243
2023-08-12,8013106,8079604,1,16,4
2023-08-12,8013131,8010179,6,8,270
2023-08-12,8013131,8011456,7,8,375
2023-08-12,8013131,8013131,13,16,326
2023-08-12,8013132,8010392,12,30,190
2023-08-12,8013132,8011108,0,27,0
2023-08-12,8013132,8013132,12,55,106
2023-08-12,8013133,8010392,0,16,0
2023-08-12,8013133,8011992,0,16,0
2023-08-12,8013133,8013133,0,32,0
2023-08-12,8013156,8013162,7,8,240
2023-08-12,8013161,8013161,8,44,61
2023-08-12,8013161,8017349,7,22,117
2023-08-12,8013161,8087027,0,28,0
2023-08-12,8013162,8011456,6,8,105
2023-08-12,8013162,8013156,8,8,394
2023-08-12,8013162,8013162,14,16,292
2023-08-12,8013177,8011356,11,12,410
2023-08-12,8013177,8013051,10,12,218
2023-08-12,8013177,8013177,21,24,308
2023-08-12,8013186,8010051,7,19,212
2023-08-12,8013186,8011215,4,8,79
2023-08-12,8013186,8012264,0,1,0
2023-08-12,8013186,8012940,8,9,447
2023-08-12,8013186,8013186,15,38,242
2023-08-12,8013232,8012949,0,6,0
2023-08-12,8013232,8013232,5,13,65
2023-08-12,8013293,8011731,6,6,65
2023-08-12,8013293,8013293,11,12,115
2023-08-12,8013293,8070946,5,6,170
2023-08-12,8013322,8011481,10,12,342
2023-08-12,8013322,8011707,12,12,212
2023-08-12,8013322,8013322,22,24,294
2023-08-12,8013339,8011889,0,19,0
2023-08-12,8013339,8013339,17,39,195
2023-08-12,8013339,8013340,12,28,230
2023-08-12,8013340,8013339,0,27,0
2023-08-12,8013340,8013340,12,55,117
2023-08-12,8013340,8013341,12,28,221
2023-08-12,8013341,8011108,12,28,216
2023-08-12,8013341,8013340,0,27,0
2023-08-12,8013341,8013341,12,55,110
2023-08-12,8013352,8012358,6,6,85
2023-08-12,8013352,8013352,10,14,118
2023-08-12,8013354,8010325,2,15,34
2023-08-12,8013354,8012643,5,15,52
2023-08-12,8013354,8013354,11,30,42
2023-08-12,8013370,8012009,1,1,60
2023-08-12,8013370,8013370,1,1,60
2023-08-12,8013373,8011481,12,12,200
2023-08-12,8013373,8013373,22,24,256
2023-08-12,8013385,8010392,0,29,0
2023-08-12,8013385,8012086,11,29,141
2023-08-12,8013385,8013385,11,58,73
2023-08-12,8013393,8010213,7,7,527
2023-08-12,8013393,8012610,8,8,458
2023-08-12,8013393,8013393,15,15,510
2023-08-12,8013409,8012361,6,6,215
2023-08-12,8013409,8013409,11,12,122
2023-08-12,8013409,8070946,3,6,15
2023-08-12,8017349,8012892,8,22,132
2023-08-12,8017349,8013161,0,22,0
2023-08-12,8017349,8017349,8,44,61
2023-08-12,8070946,8013293,6,6,55
2023-08-12,8070946,8013409,6,6,210
2023-08-12,8070946,8070946,11,12,120
2023-08-12,8079604,8012841,5,16,17
2023-08-12,8079604,8013106,5,17,44
2023-08-12,8079604,8079604,10,33,31
2023-08-12,8079629,8011735,19,19,107
2023-08-12,8079629,8012785,15,15,160
2023-08-12,8079629,8079629,31,37,137
2023-08-12,8087006,8011015,0,6,0
2023-08-12,8087006,8012296,5,6,140
2023-08-12,8087006,8087006,5,12,70
2023-08-12,8087025,8012962,3,22,55
2023-08-12,8087025,8012963,0,22,0
2023-08-12,8087025,8087025,4,44,27
2023-08-12,8087026,8011109,0,22,0
2023-08-12,8087026,8012963,8,22,127
2023-08-12,8087026,8087026,8,44,62
2023-08-12,8087027,8012065,0,28,0
2023-08-12,8087027,8013161,11,28,126
2023-08-12,8087027,8087027,11,56,65
2023-08-13,8010016,8010016,24,32,58
2023-08-13,8010016,8011031,6,16,36
2023-08-13,8010016,8012729,3,16,22
2023-08-13,8010051,8010051,16,38,81
2023-08-13,8010051,8010153,7,9,57
2023-08-13,8010051,8010322,9,10,156
2023-08-13,8010051,8013186,8,19,84
2023-08-13,8010141,8010141,21,35,98
2023-08-13,8010141,8011702,8,9,110
2023-08-13,8010141,8012651,4,8,86
2023-08-13,8010141,8012902,4,8,90
2023-08-13,8010153,8010051,7,9,40
2023-08-13,8010153,8010153,37,46,256
2023-08-13,8010153,8010201,8,9,90
2023-08-13,8010153,8010284,7,26,62
2023-08-13,8010153,8012269,6,12,22
2023-08-13,8010156,8010156,37,44,230
2023-08-13,8010156,8011798,6,8,75
2023-08-13,8010156,8012677,10,14,294
2023-08-13,8010156,8012951,11,14,317
2023-08-13,8010156,8013069,5,8,68
2023-08-13,8010173,8010173,29,37,256
2023-08-13,8010173,8012951,13,18,482
2023-08-13,8010173,8013073,15,18,58
2023-08-13,8010173,8013370,1,1,120
2023-08-13,8010176,8010176,9,32,22
2023-08-13,8010176,8010381,7,16,38
2023-08-13,8010176,8011995,2,16,8
2023-08-13,8010179,8010179,30,33,750
2023-08-13,8010179,8011536,10,10,1434
2023-08-13,8010179,8012418,7,7,463
2023-08-13,8010179,8012839,7,7,613
2023-08-13,8010179,8013131,6,7,639
2023-08-13,8010188,8010188,9,24,60
2023-08-13,8010188,8011015,4,6,100
2023-08-13,8010188,8011593,0,6,0
2023-08-13,8010188,8012644,5,12,58
2023-08-13,8010199,8010199,17,36,66
2023-08-13,8010199,8010284,8,18,48
2023-08-13,8010199,8012436,10,18,80
2023-08-13,8010201,8010153,9,9,933
2023-08-13,8010201,8010201,14,18,497
2023-08-13,8010201,8012093,7,9,100
2023-08-13,8010210,8010210,17,31,206
2023-08-13,8010210,8012683,7,14,154
2023-08-13,8010210,8012832,7,15,260
2023-08-13,8010210,8013104,7,15,98
2023-08-13,8010213,8010213,14,16,302
2023-08-13,8010213,8011689,6,8,266
2023-08-13,8010213,8013393,8,8,345
2023-08-13,8010227,8010227,21,36,73
2023-08-13,8010227,8010348,16,18,127
2023-08-13,8010227,8012758,17,18,72
2023-08-13,8010241,8010241,49,51,393
2023-08-13,8010241,8011025,11,12,865
2023-08-13,8010241,8011293,17,19,407
2023-08-13,8010241,8012376,12,18,43
2023-08-13,8010241,8013017,13,14,279
2023-08-13,8010267,8012265,2,6,15
2023-08-13,8010267,8013018,3,9,10
2023-08-13,8010273,8010273,12,17,164
2023-08-13,8010273,8010284,3,9,133
2023-08-13,8010273,8013072,8,8,206
2023-08-13,8010284,8010153,19,27,93
2023-08-13,8010284,8010199,8,18,80
2023-08-13,8010284,8010273,4,8,139
2023-08-13,8010284,8010284,23,53,78
2023-08-13,8010300,8010300,45,52,264
2023-08-13,8010300,8011611,8,11,360
2023-08-13,8010300,8012377,3,4,142
2023-08-13,8010300,8012582,13,16,159
2023-08-13,8010300,8012818,11,11,229
2023-08-13,8010322,8010051,5,10,111
2023-08-13,8010322,8010322,28,45,67
2023-08-13,8010322,8011924,6,12,32
2023-08-13,8010322,8012362,11,13,81
2023-08-13,8010325,8010325,19,48,31
2023-08-13,8010325,8012940,8,24,42
2023-08-13,8010325,8012951,6,9,37
2023-08-13,8010325,8013354,6,15,16
2023-08-13,8010339,8010339,27,29,222
2023-08-13,8010339,8011213,14,14,296
2023-08-13,8010339,8012555,13,15,218
2023-08-13,8010348,8010227,3,18,32
2023-08-13,8010348,8010348,30,36,82
2023-08-13,8010348,8012436,10,18,48
2023-08-13,8010381,8010176,1,16,4
2023-08-13,8010381,8012321,5,17,30
2023-08-13,8010392,8010392,4,58,21
2023-08-13,8010392,8013132,0,29,0
2023-08-13,8010392,8013133,0,16,0
2023-08-13,8010392,8013385,4,29,41
2023-08-13,8011015,8010188,0,6,0
2023-08-13,8011015,8011015,4,12,50
2023-08-13,8011015,8087006,4,6,100
2023-08-13,8011017,8011017,21,31,238
2023-08-13,8011017,8012711,15,16,369
2023-08-13,8011017,8013062,13,15,124
2023-08-13,8011025,8010241,8,12,295
2023-08-13,8011025,8011025,19,24,565
2023-08-13,8011025,8011646,11,12,835
2023-08-13,8011027,8011027,12,19,322
2023-08-13,8011027,8011281,6,10,411
2023-08-13,8011027,8012762,5,9,203
2023-08-13,8011031,8010016,10,17,71
2023-08-13,8011031,8011031,13,33,44
2023-08-13,8011031,8012609,4,16,28
2023-08-13,8011044,8010282,3,3,310
2023-08-13,8011044,8011044,20,25,736
2023-08-13,8011044,8011438,5,9,173
2023-08-13,8011044,8011694,2,2,1515
2023-08-13,8011044,8012021,10,10,1311
2023-08-13,8011108,8011108,4,55,45
2023-08-13,8011108,8013132,4,28,88
2023-08-13,8011108,8013341,0,27,0
2023-08-13,8011109,8011109,2,44,21
2023-08-13,8011109,8012892,0,22,0
2023-08-13,8011109,8087026,2,22,41
2023-08-13,8011114,8012005,0,15,0
2023-08-13,8011140,8011140,28,32,192
2023-08-13,8011140,8012377,14,17,166
2023-08-13,8011140,8012806,14,15,234
2023-08-13,8011205,8010399,9,9,683
2023-08-13,8011205,8011205,21,21,803
2023-08-13,8011205,8011307,10,10,1023
2023-08-13,8011213,8010339,8,15,176
2023-08-13,8011213,8011213,29,29,260
2023-08-13,8011213,8012610,7,7,326
2023-08-13,8011230,8011230,19,28,300
2023-08-13,8011230,8011248,11,14,324
2023-08-13,8011230,8012933,10,14,285
2023-08-13,8011248,8011230,8,14,268
2023-08-13,8011248,8011248,20,28,303
2023-08-13,8011248,8012677,13,14,354
2023-08-13,8011270,8011270,14,31,34
2023-08-13,8011270,8011729,13,16,71
2023-08-13,8011270,8012785,1,15,4
2023-08-13,8011281,8011027,5,9,200
2023-08-13,8011281,8011281,11,19,311
2023-08-13,8011281,8012316,7,10,396
2023-08-13,8011286,8011286,16,38,89
2023-08-13,8011286,8011889,6,19,161
2023-08-13,8011286,8011991,0,19,0
2023-08-13,8011293,8010241,18,18,765
2023-08-13,8011293,8011293,36,37,598
2023-08-13,8011293,8011307,10,11,584
2023-08-13,8011307,8011205,11,11,635
2023-08-13,8011307,8011293,10,10,1059
2023-08-13,8011307,8011307,20,21,816
2023-08-13,8011356,8011356,18,24,612
2023-08-13,8011356,8012710,10,12,950
2023-08-13,8011356,8013177,7,12,372
2023-08-13,8011438,8011044,10,10,1341
2023-08-13,8011438,8011438,16,19,808
2023-08-13,8011438,8011536,6,9,177
2023-08-13,8011442,8011442,10,17,48
2023-08-13,8011442,8012474,7,9,50
2023-08-13,8011442,8013018,3,8,45
2023-08-13,8011456,8011456,9,14,420
2023-08-13,8011456,8013131,7,7,360
2023-08-13,8011456,8013162,6,7,630
2023-08-13,8011481,8011481,18,24,626
2023-08-13,8011481,8013322,9,12,330
2023-08-13,8011481,8013373,9,12,938
2023-08-13,8011536,8010179,6,9,180
2023-08-13,8011536,8011438,10,10,1410
2023-08-13,8011536,8011536,17,19,838
2023-08-13,8011592,8011592,5,16,22
2023-08-13,8011592,8011908,2,8,19
2023-08-13,8011592,8012274,3,8,19
2023-08-13,8011593,8010188,3,6,60
2023-08-13,8011593,8011593,3,12,30
2023-08-13,8011593,8012612,0,6,0
2023-08-13,8011611,8010300,6,9,427
2023-08-13,8011611,8011611,16,20,402
2023-08-13,8011611,8012762,9,11,409
2023-08-13,8011646,8011025,9,12,300
2023-08-13,8011646,8011646,21,24,562
2023-08-13,8011646,8013051,11,12,775
2023-08-13,8011681,8011681,11,18,497
2023-08-13,8011681,8011994,8,9,80
2023-08-13,8011681,8012262,8,9,917
2023-08-13,8011689,5100145,6,8,232
2023-08-13,8011689,8010213,8,8,319
2023-08-13,8011689,8011689,14,16,291
2023-08-13,8011694,8011694,23,34,549
2023-08-13,8011694,8011723,10,16,137
2023-08-13,8011694,8011953,2,6,45
2023-08-13,8011694,8012358,9,10,1338
2023-08-13,8011702,8010141,4,8,86
2023-08-13,8011702,8011702,8,17,88
2023-08-13,8011702,8012902,6,9,103
2023-08-13,8011707,8011707,22,24,679
2023-08-13,8011707,8012710,12,12,560
2023-08-13,8011707,8013322,10,12,912
2023-08-13,8011718,8011718,1,16,4
2023-08-13,8011718,8012274,2,8,19
2023-08-13,8011718,8012954,1,8,8
2023-08-13,8011723,8011694,10,16,808
2023-08-13,8011723,8011723,20,32,472
2023-08-13,8011723,8012021,6,9,143
2023-08-13,8011726,8011726,10,17,53
2023-08-13,8011726,8011951,6,8,56
2023-08-13,8011726,8012474,6,8,75
2023-08-13,8011729,8011270,1,15,2
2023-08-13,8011729,8011729,9,31,26
2023-08-13,8011729,8012841,5,16,38
2023-08-13,8011731,8011731,9,12,60
2023-08-13,8011731,8013293,6,6,75
2023-08-13,8011735,8011735,26,33,65
2023-08-13,8011735,8012609,12,17,58
2023-08-13,8011735,8079629,10,16,36
2023-08-13,8011778,8011778,14,21,329
2023-08-13,8011778,8012316,5,9,273
2023-08-13,8011778,8012762,1,1,180
2023-08-13,8011778,8013062,7,9,437
2023-08-13,8011797,8011797,30,32,67
2023-08-13,8011797,8013040,10,16,54
2023-08-13,8011797,8013105,4,16,26
2023-08-13,8011798,8010156,8,8,56
2023-08-13,8011864,8003774,11,17,99
2023-08-13,8011864,8011864,21,35,101
2023-08-13,8011864,8012268,10,18,92
2023-08-13,8011889,8011286,0,19,0
2023-08-13,8011889,8011889,14,38,88
2023-08-13,8011889,8013339,14,19,189
2023-08-13,8011908,8011592,3,8,30
2023-08-13,8011908,8011908,5,16,28
2023-08-13,8011908,8012737,2,8,19
2023-08-13,8011939,8011939,4,13,46
2023-08-13,8011939,8012517,0,6,0
2023-08-13,8011939,8012949,4,7,86
2023-08-13,8011951,8011726,7,8,79
2023-08-13,8011951,8011951,11,16,75
2023-08-13,8011951,8013069,4,8,52
2023-08-13,8011953,8011694,5,7,184
2023-08-13,8011953,8011953,9,15,106
2023-08-13,8011953,8012358,4,7,73
2023-08-13,8011991,8011286,16,19,175
2023-08-13,8011991,8011991,11,38,84
2023-08-13,8011992,8011992,0,32,0
2023-08-13,8011992,8012617,0,16,0
2023-08-13,8011992,8013133,0,16,0
2023-08-13,8011995,8010176,6,16,38
2023-08-13,8011995,8011995,8,32,23
2023-08-13,8011995,8013040,5,16,13
2023-08-13,8012005,8011114,12,15,82
2023-08-13,8012005,8012005,8,30,32
2023-08-13,8012005,8012827,0,15,0
2023-08-13,8012009,8010156,1,1,60
2023-08-13,8012009,8012009,1,1,60
2023-08-13,8012021,8011044,7,9,170
2023-08-13,8012021,8011723,10,10,1335
2023-08-13,8012021,8012021,17,19,791
2023-08-13,8012065,8012065,3,56,18
2023-08-13,8012065,8012086,0,28,0
2023-08-13,8012065,8087027,3,28,35
2023-08-13,8012086,8012065,3,28,39
2023-08-13,8012086,8012086,3,56,20
2023-08-13,8012086,8013385,0,29,0
2023-08-13,8012093,8010201,8,9,957
2023-08-13,8012093,8010399,7,8,221
2023-08-13,8012093,8012093,12,18,552
2023-08-13,8012108,8012108,8,32,23
2023-08-13,8012108,8012729,4,16,22
2023-08-13,8012108,8012840,3,16,17
2023-08-13,8012109,8012109,14,17,164
2023-08-13,8012109,8012143,9,9,150
2023-08-13,8012109,8012856,5,8,169
2023-08-13,8012143,8012109,7,8,188
2023-08-13,8012143,8012143,16,17,168
2023-08-13,8012143,8013072,5,9,157
2023-08-13,8012146,8012146,15,29,228
2023-08-13,8012146,8012832,7,14,197
2023-08-13,8012146,8012843,8,15,256
2023-08-13,8012262,8011681,2,9,33
2023-08-13,8012262,8012262,26,36,267
2023-08-13,8012262,8012716,13,18,488
2023-08-13,8012264,8012264,35,52,177
2023-08-13,8012264,8012321,3,8,769
2023-08-13,8012264,8012384,7,10,63
2023-08-13,8012264,8012940,15,17,46
2023-08-13,8012265,8010267,3,6,40
2023-08-13,8012265,8012265,5,12,38
2023-08-13,8012265,8012612,4,6,80
2023-08-13,8012268,8011864,11,17,106
2023-08-13,8012268,8012268,18,35,93
2023-08-13,8012268,8012902,8,18,70
2023-08-13,8012269,8010153,9,13,58
2023-08-13,8012269,8012269,14,25,37
2023-08-13,8012269,8012362,5,12,22
2023-08-13,8012274,8011592,2,8,26
2023-08-13,8012274,8011718,4,8,19
2023-08-13,8012274,8012274,6,16,28
2023-08-13,8012296,8012296,4,12,50
2023-08-13,8012296,8012517,4,7,86
2023-08-13,8012296,8087006,0,6,0
2023-08-13,8012316,8011281,5,9,253
2023-08-13,8012316,8011778,4,10,363
2023-08-13,8012316,8012316,12,19,330
2023-08-13,8012321,8010381,8,18,325
2023-08-13,8012321,8012264,2,6,50
2023-08-13,8012321,8012321,15,35,198
2023-08-13,8012321,8012384,5,11,33
2023-08-13,8012358,8011694,8,9,127
2023-08-13,8012358,8011953,5,8,165
2023-08-13,8012358,8012358,25,36,408
2023-08-13,8012358,8013352,3,8,41
2023-08-13,8012361,8013409,0,6,0
2023-08-13,8012362,8010322,5,12,18
2023-08-13,8012362,8012269,7,13,48
2023-08-13,8012362,8012362,14,25,38
2023-08-13,8012376,8010241,11,18,67
2023-08-13,8012376,8012376,22,36,58
2023-08-13,8012376,8012758,13,18,82
2023-08-13,8012377,8010300,3,4,105
2023-08-13,8012377,8011140,14,15,238
2023-08-13,8012377,8012377,27,32,175
2023-08-13,8012377,8012818,10,13,150
2023-08-13,8012384,8012264,7,11,46
2023-08-13,8012384,8012321,4,10,42
2023-08-13,8012384,8012384,10,21,50
2023-08-13,8012421,8012421,27,29,246
2023-08-13,8012421,8012555,12,14,253
2023-08-13,8012421,8013017,15,15,240
2023-08-13,8012436,8010199,14,18,62
2023-08-13,8012436,8010348,14,18,113
2023-08-13,8012436,8012436,27,36,71
2023-08-13,8012438,8012438,9,32,27
2023-08-13,8012438,8012840,5,16,30
2023-08-13,8012438,8013105,4,16,24
2023-08-13,8012474,8011442,4,8,49
2023-08-13,8012474,8011726,4,9,33
2023-08-13,8012474,8012474,9,17,48
2023-08-13,8012517,8011939,4,7,86
2023-08-13,8012517,8012296,0,6,0
2023-08-13,8012517,8012517,4,13,46
2023-08-13,8012555,8010339,12,14,225
2023-08-13,8012555,8012421,13,15,232
2023-08-13,8012555,8012555,25,29,229
2023-08-13,8012582,8010300,13,15,90
2023-08-13,8012582,8012582,24,31,99
2023-08-13,8012582,8012584,13,16,165
2023-08-13,8012583,8012584,1,15,24
2023-08-13,8012584,8012582,0,15,-8
2023-08-13,8012584,8012583,9,16,142
2023-08-13,8012584,8012584,13,31,84
2023-08-13,8012609,8011031,9,17,56
2023-08-13,8012609,8011735,13,16,56
2023-08-13,8012609,8012609,22,33,51
2023-08-13,8012610,8011213,8,8,345
2023-08-13,8012610,8012610,16,16,300
2023-08-13,8012610,8013393,8,8,334
2023-08-13,8012612,8011593,3,6,60
2023-08-13,8012612,8012265,0,6,0
2023-08-13,8012612,8012612,3,12,30
2023-08-13,8012617,8011992,0,16,0
2023-08-13,8012643,8013354,3,15,10
2023-08-13,8012644,8010188,4,12,65
2023-08-13,8012677,8010156,13,14,354
2023-08-13,8012677,8011248,9,14,266
2023-08-13,8012677,8012677,23,28,315
2023-08-13,8012683,8010210,6,14,96
2023-08-13,8012683,8012683,12,28,129
2023-08-13,8012683,8012684,6,14,152
2023-08-13,8012684,8012683,6,14,111
2023-08-13,8012684,8012684,12,28,131
2023-08-13,8012710,8011356,12,12,468
2023-08-13,8012710,8011707,12,12,955
2023-08-13,8012710,8012710,24,24,772
2023-08-13,8012711,8011017,3,15,78
2023-08-13,8012711,8012711,17,31,225
2023-08-13,8012711,8012835,14,16,332
2023-08-13,8012716,8012262,14,18,50
2023-08-13,8012716,8012716,23,36,261
2023-08-13,8012716,8013073,14,18,492
2023-08-13,8012729,8010016,14,16,82
2023-08-13,8012729,8012108,5,16,32
2023-08-13,8012729,8012729,17,32,38
2023-08-13,8012737,8011908,3,8,38
2023-08-13,8012758,8010227,14,18,95
2023-08-13,8012758,8012376,14,18,72
2023-08-13,8012758,8012758,31,36,96
2023-08-13,8012762,8010300,1,1,240
2023-08-13,8012762,8011027,7,10,429
2023-08-13,8012762,8011611,7,9,340
2023-08-13,8012762,8011778,1,1,150
2023-08-13,8012762,8012762,15,21,309
2023-08-13,8012785,8011270,10,16,56
2023-08-13,8012785,8012785,15,31,42
2023-08-13,8012785,8079629,3,13,25
2023-08-13,8012806,8011140,13,16,142
2023-08-13,8012806,8012806,23,31,161
2023-08-13,8012818,8010300,13,13,245
2023-08-13,8012818,8012377,8,11,194
2023-08-13,8012818,8012818,24,24,212
2023-08-13,8012827,8012005,10,14,75
2023-08-13,8012827,8012827,10,29,37
2023-08-13,8012832,8010210,6,14,182
2023-08-13,8012832,8012146,7,15,246
2023-08-13,8012832,8012832,13,29,221
2023-08-13,8012835,8012711,3,15,84
2023-08-13,8012835,8012835,16,31,208
2023-08-13,8012835,8013104,13,16,317
2023-08-13,8012839,8010179,7,7,514
2023-08-13,8012839,8012839,14,14,557
2023-08-13,8012840,8012108,6,16,30
2023-08-13,8012840,8012438,3,16,21
2023-08-13,8012840,8012840,9,32,27
2023-08-13,8012841,8011729,1,15,2
2023-08-13,8012841,8012841,6,31,18
2023-08-13,8012841,8079604,7,16,32
2023-08-13,8012843,8012146,6,14,199
2023-08-13,8012856,8012002,7,8,210
2023-08-13,8012856,8012109,9,9,137
2023-08-13,8012856,8012856,14,17,143
2023-08-13,8012892,8011109,2,22,42
2023-08-13,8012892,8012892,2,44,22
2023-08-13,8012892,8017349,0,22,0
2023-08-13,8012902,8010141,5,10,60
2023-08-13,8012902,8011702,5,8,94
2023-08-13,8012902,8012268,9,17,104
2023-08-13,8012902,8012902,18,35,82
2023-08-13,8012933,8004177,9,14,259
2023-08-13,8012933,8011230,12,14,317
2023-08-13,8012933,8012933,20,28,287
2023-08-13,8012940,8010325,9,24,24
2023-08-13,8012940,8012264,13,16,469
2023-08-13,8012940,8012940,50,94,186
2023-08-13,8012940,8012951,16,23,168
2023-08-13,8012940,8012953,4,5,36
2023-08-13,8012940,8013186,7,9,217
2023-08-13,8012949,8011939,0,6,0
2023-08-13,8012949,8012949,4,13,46
2023-08-13,8012949,8013232,4,7,86
2023-08-13,8012951,8010156,9,13,295
2023-08-13,8012951,8010173,11,19,27
2023-08-13,8012951,8010325,6,9,73
2023-08-13,8012951,8012940,17,23,517
2023-08-13,8012951,8012951,47,64,265
2023-08-13,8012953,8012940,0,4,0
2023-08-13,8012953,8012953,7,16,28
2023-08-13,8012953,8012960,3,8,26
2023-08-13,8012954,8011718,3,8,19
2023-08-13,8012954,8012954,4,16,21
2023-08-13,8012954,8012960,1,8,11
2023-08-13,8012960,8012953,1,8,8
2023-08-13,8012960,8012954,2,8,22
2023-08-13,8012960,8012960,3,16,15
2023-08-13,8012962,8012962,3,44,12
2023-08-13,8012962,8079084,2,22,23
2023-08-13,8012962,8087025,1,22,1
2023-08-13,8012963,8012963,2,40,18
2023-08-13,8012963,8087025,2,22,20
2023-08-13,8012963,8087026,0,22,0
2023-08-13,8013017,8010241,12,15,234
2023-08-13,8013017,8012421,12,14,266
2023-08-13,8013017,8013017,27,29,257
2023-08-13,8013018,8010267,4,8,38
2023-08-13,8013018,8011442,5,9,47
2023-08-13,8013018,8013018,8,17,42
2023-08-13,8013040,8011797,13,16,56
2023-08-13,8013040,8011995,6,16,32
2023-08-13,8013040,8013040,20,32,36
2023-08-13,8013051,8011646,10,12,295
2023-08-13,8013051,8013051,21,24,549
2023-08-13,8013051,8013177,11,12,770
2023-08-13,8013062,8011017,16,16,368
2023-08-13,8013062,8011778,9,10,237
2023-08-13,8013062,8013062,28,31,242
2023-08-13,8013069,8010156,5,8,52
2023-08-13,8013069,8011951,5,8,86
2023-08-13,8013069,8013069,10,16,71
2023-08-13,8013072,8010273,7,9,157
2023-08-13,8013072,8012143,7,8,161
2023-08-13,8013072,8013072,15,17,169
2023-08-13,8013073,8010173,12,18,467
2023-08-13,8013073,8012716,12,18,45
2023-08-13,8013073,8013073,24,36,264
2023-08-13,8013104,8010210,11,16,294
2023-08-13,8013104,8012835,4,15,84
2023-08-13,8013104,8013104,14,31,192
2023-08-13,8013105,8011797,16,16,133
2023-08-13,8013105,8012438,6,16,34
2023-08-13,8013105,8013105,20,32,58
2023-08-13,8013106,8079604,0,15,0
2023-08-13,8013131,8010179,7,7,429
2023-08-13,8013131,8011456,6,7,613
2023-08-13,8013131,8013131,12,14,523
2023-08-13,8013132,8010392,5,30,84
2023-08-13,8013132,8011108,0,27,0
2023-08-13,8013132,8013132,5,55,45
2023-08-13,8013133,8010392,0,16,0
2023-08-13,8013133,8011992,0,16,0
2023-08-13,8013133,8013133,0,32,0
2023-08-13,8013156,8013162,6,7,420
2023-08-13,8013161,8013161,2,44,21
2023-08-13,8013161,8017349,2,22,41
2023-08-13,8013161,8087027,0,28,0
2023-08-13,8013162,8011456,3,7,339
2023-08-13,8013162,8013156,6,7,613
2023-08-13,8013162,8013162,12,14,510
2023-08-13,8013177,8011356,12,12,802
2023-08-13,8013177,8013051,9,12,385
2023-08-13,8013177,8013177,20,24,585
2023-08-13,8013186,8010051,6,19,73
2023-08-13,8013186,8011215,4,8,45
2023-08-13,8013186,8012264,1,1,120
2023-08-13,8013186,8012940,7,9,283
2023-08-13,8013186,8013186,14,38,84
2023-08-13,8013232,8012949,0,6,0
2023-08-13,8013232,8013232,4,13,46
2023-08-13,8013293,8011731,3,6,30
2023-08-13,8013293,8013293,8,12,42
2023-08-13,8013293,8070946,5,6,60
2023-08-13,8013322,8011481,10,12,905
2023-08-13,8013322,8011707,12,12,345
2023-08-13,8013322,8013322,22,24,630
2023-08-13,8013339,8011889,0,19,0
2023-08-13,8013339,8013339,14,37,83
2023-08-13,8013339,8013340,4,28,92
2023-08-13,8013340,8013339,0,27,0
2023-08-13,8013340,8013340,4,55,47
2023-08-13,8013340,8013341,4,28,88
2023-08-13,8013341,8011108,4,28,84
2023-08-13,8013341,8013340,0,27,0
2023-08-13,8013341,8013341,4,55,43
2023-08-13,8013352,8012358,6,8,60
2023-08-13,8013352,8013352,9,16,22
2023-08-13,8013354,8010325,4,15,28
2023-08-13,8013354,8012643,2,15,4
2023-08-13,8013354,8013354,9,30,18
2023-08-13,8013370,8012009,1,1,60
2023-08-13,8013370,8013370,1,1,90
2023-08-13,8013373,8011481,12,12,350
2023-08-13,8013373,8013373,21,24,646
2023-08-13,8013385,8010392,0,29,0
2023-08-13,8013385,8012086,3,29,39
2023-08-13,8013385,8013385,4,58,21
2023-08-13,8013393,8010213,6,8,255
2023-08-13,8013393,8012610,7,8,289
2023-08-13,8013393,8013393,16,16,302
2023-08-13,8013409,8012361,5,6,50
2023-08-13,8013409,8013409,5,12,30
2023-08-13,8013409,8070946,0,6,0
2023-08-13,8017349,8012892,2,22,45
2023-08-13,8017349,8013161,0,22,0
2023-08-13,8017349,8017349,2,44,21
2023-08-13,8070946,8013293,3,6,30
2023-08-13,8070946,8013409,5,6,60
2023-08-13,8070946,8070946,8,12,40
2023-08-13,8079604,8012841,4,15,8
2023-08-13,8079604,8013106,3,16,24
2023-08-13,8079604,8079604,11,31,19
2023-08-13,8079629,8011735,17,17,99
2023-08-13,8079629,8012785,12,14,64
2023-08-13,8079629,8079629,21,33,49
2023-08-13,8087006,8011015,0,6,0
2023-08-13,8087006,8012296,4,6,100
2023-08-13,8087006,8087006,4,12,50
2023-08-13,8087025,8012962,2,22,18
2023-08-13,8087025,8012963,0,22,0
2023-08-13,8087025,8087025,3,44,9
2023-08-13,8087026,8011109,0,22,0
2023-08-13,8087026,8012963,2,22,44
2023-08-13,8087026,8087026,2,44,21
2023-08-13,8087027,8012065,0,28,0
2023-08-13,8087027,8013161,2,28,33
2023-08-13,8087027,8087027,3,56,18
2023-08-14,8010016,8010016,34,36,100
2023-08-14,8010016,8011031,15,24,88
2023-08-14,8010016,8012729,12,18,73
2023-08-14,8010051,8010051,24,42,125
2023-08-14,8010051,8010153,7,9,157
2023-08-14,8010051,8010322,11,12,238
2023-08-14,8010051,8012264,1,2,30
2023-08-14,8010051,8013186,9,19,63
2023-08-14,8010141,8010141,24,38,150
2023-08-14,8010141,8011702,9,11,128
2023-08-14,8010141,8012651,6,9,173
2023-08-14,8010141,8012902,6,8,169
2023-08-14,8010153,8010051,8,9,47
2023-08-14,8010153,8010153,46,55,199
2023-08-14,8010153,8010201,9,9,130
2023-08-14,8010153,8010284,8,36,28
2023-08-14,8010153,8011215,0,1,0
2023-08-14,8010153,8012269,1,18,2
2023-08-14,8010156,8010156,48,57,197
2023-08-14,8010156,8011230,1,1,30
2023-08-14,8010156,8011798,8,13,171
2023-08-14,8010156,8012009,3,4,390
2023-08-14,8010156,8012474,4,4,165
2023-08-14,8010156,8012677,11,14,154
2023-08-14,8010156,8012951,10,12,348
2023-08-14,8010156,8013069,5,10,186
2023-08-14,8010173,8010173,45,52,182
2023-08-14,8010173,8012951,18,26,291
2023-08-14,8010173,8013073,21,21,107
2023-08-14,8010173,8013370,5,5,96
2023-08-14,8010176,8010176,16,36,45
2023-08-14,8010176,8010381,9,18,87
2023-08-14,8010176,8011995,5,18,15
2023-08-14,8010179,8010179,33,42,282
2023-08-14,8010179,8011536,9,10,672
2023-08-14,8010179,8012418,8,8,292
2023-08-14,8010179,8012839,10,11,117
2023-08-14,8010179,8013131,7,11,210
2023-08-14,8010199,8010199,18,36,95
2023-08-14,8010199,8010284,11,18,90
2023-08-14,8010199,8012436,9,18,108
2023-08-14,8010201,8010153,7,9,630
2023-08-14,8010201,8010201,14,20,334
2023-08-14,8010201,8010273,1,1,210
2023-08-14,8010201,8012093,9,10,90
2023-08-14,8010210,8010210,18,38,44
2023-08-14,8010210,8012683,8,17,51
2023-08-14,8010210,8012832,7,19,51
2023-08-14,8010210,8013104,7,19,36
2023-08-14,8010213,8010213,13,17,178
2023-08-14,8010213,8011689,6,8,232
2023-08-14,8010213,8013393,7,9,127
2023-08-14,8010227,8010227,28,36,117
2023-08-14,8010227,8010348,18,18,218
2023-08-14,8010227,8012758,16,19,95
2023-08-14,8010241,8010241,61,65,324
2023-08-14,8010241,8011025,16,17,441
2023-08-14,8010241,8011293,19,19,584
2023-08-14,8010241,8012376,11,18,67
2023-08-14,8010241,8013017,12,17,210
2023-08-14,8010267,8013018,2,17,18
2023-08-14,8010273,8010201,0,1,-30
2023-08-14,8010273,8010273,26,38,54
2023-08-14,8010273,8010284,10,18,37
2023-08-14,8010273,8013072,11,18,42
2023-08-14,8010284,8010153,27,36,79
2023-08-14,8010284,8010199,7,18,95
2023-08-14,8010284,8010273,2,18,5
2023-08-14,8010284,8010284,30,72,54
2023-08-14,8010300,8010300,47,58,136
2023-08-14,8010300,8011611,11,15,120
2023-08-14,8010300,8012377,3,4,135
2023-08-14,8010300,8012582,15,17,154
2023-08-14,8010300,8012818,10,12,215
2023-08-14,8010322,8010051,9,12,62
2023-08-14,8010322,8010322,39,60,81
2023-08-14,8010322,8011924,12,18,80
2023-08-14,8010322,8012362,11,18,48
2023-08-14,8010325,8010325,34,59,93
2023-08-14,8010325,8012940,14,30,119
2023-08-14,8010325,8012951,9,11,46
2023-08-14,8010325,8013354,14,18,90
2023-08-14,8010339,8010339,29,34,170
2023-08-14,8010339,8011213,16,17,244
2023-08-14,8010339,8012555,13,17,159
2023-08-14,8010348,8010153,0,1,0
2023-08-14,8010348,8010227,6,18,60
2023-08-14,8010348,8010348,34,36,147
2023-08-14,8010348,8012436,12,18,100
2023-08-14,8010381,8010176,2,18,7
2023-08-14,8010381,8012321,2,21,10
2023-08-14,8010392,8010392,8,57,45
2023-08-14,8010392,8013132,0,28,0
2023-08-14,8010392,8013133,0,18,0
2023-08-14,8010392,8013385,8,29,88
2023-08-14,8011015,8087006,0,5,0
2023-08-14,8011017,8011017,26,38,83
2023-08-14,8011017,8012711,19,19,136
2023-08-14,8011017,8013062,17,19,55
2023-08-14,8011025,8010241,13,17,411
2023-08-14,8011025,8011025,30,34,422
2023-08-14,8011025,8011646,16,17,469
2023-08-14,8011027,8011027,14,21,103
2023-08-14,8011027,8011281,7,11,123
2023-08-14,8011027,8012762,5,10,63
2023-08-14,8011031,8010016,19,25,101
2023-08-14,8011031,8011031,33,49,83
2023-08-14,8011031,8012609,14,24,80
2023-08-14,8011044,8011044,17,20,368
2023-08-14,8011044,8011438,8,10,156
2023-08-14,8011044,8012021,8,10,579
2023-08-14,8011108,8011108,9,54,80
2023-08-14,8011108,8013132,9,28,154
2023-08-14,8011108,8013341,0,26,0
2023-08-14,8011109,8011109,4,43,43
2023-08-14,8011109,8012892,0,21,0
2023-08-14,8011109,8087026,4,22,79
2023-08-14,8011114,8012005,0,17,0
2023-08-14,8011140,8011140,30,34,170
2023-08-14,8011140,8012377,16,18,150
2023-08-14,8011140,8012806,12,16,202
2023-08-14,8011205,8010399,9,9,747
2023-08-14,8011205,8011205,22,22,526
2023-08-14,8011205,8011307,11,11,436
2023-08-14,8011213,8010339,11,17,113
2023-08-14,8011213,8011213,33,34,202
2023-08-14,8011213,8012610,7,8,266
2023-08-14,8011213,8012839,2,2,45
2023-08-14,8011230,8004177,1,1,60
2023-08-14,8011230,8011230,24,31,226
2023-08-14,8011230,8011248,13,16,334
2023-08-14,8011230,8012933,11,14,139
2023-08-14,8011248,8011230,10,14,126
2023-08-14,8011248,8011248,24,30,249
2023-08-14,8011248,8012677,13,16,349
2023-08-14,8011270,8011270,12,35,21
2023-08-14,8011270,8011729,12,17,48
2023-08-14,8011270,8012785,1,18,2
2023-08-14,8011281,8011027,3,10,36
2023-08-14,8011281,8011281,12,21,80
2023-08-14,8011281,8012316,8,11,101
2023-08-14,8011286,8011286,16,38,195
2023-08-14,8011286,8011889,11,19,328
2023-08-14,8011286,8011991,1,19,47
2023-08-14,8011293,8010241,19,19,584
2023-08-14,8011293,8011293,38,38,604
2023-08-14,8011293,8011307,11,11,614
2023-08-14,8011307,8011205,11,11,657
2023-08-14,8011307,8011293,11,11,485
2023-08-14,8011307,8011307,22,22,547
2023-08-14,8011356,8011356,30,34,509
2023-08-14,8011356,8012710,15,17,551
2023-08-14,8011356,8013177,16,17,528
2023-08-14,8011438,8011044,9,10,594
2023-08-14,8011438,8011438,14,20,386
2023-08-14,8011438,8011536,6,10,147
2023-08-14,8011442,8011442,7,18,53
2023-08-14,8011442,8012474,3,9,43
2023-08-14,8011442,8013018,4,9,67
2023-08-14,8011456,8011456,12,22,153
2023-08-14,8011456,8013131,9,11,106
2023-08-14,8011456,8013162,8,11,218
2023-08-14,8011481,8011481,28,34,417
2023-08-14,8011481,8013322,15,17,240
2023-08-14,8011481,8013373,13,17,605
2023-08-14,8011536,8010179,5,10,135
2023-08-14,8011536,8011438,9,10,657
2023-08-14,8011536,8011536,15,20,410
2023-08-14,8011592,8011592,2,28,6
2023-08-14,8011592,8011908,1,14,4
2023-08-14,8011592,8012274,1,15,4
2023-08-14,8011611,8010300,9,13,90
2023-08-14,8011611,8011611,24,28,133
2023-08-14,8011611,8012762,11,13,168
2023-08-14,8011646,8011025,16,17,471
2023-08-14,8011646,8011646,32,34,499
2023-08-14,8011646,8013051,15,17,404
2023-08-14,8011681,8011681,15,20,218
2023-08-14,8011681,8011994,9,10,147
2023-08-14,8011681,8012262,8,10,300
2023-08-14,8011689,5100145,6,8,195
2023-08-14,8011689,8010213,6,9,107
2023-08-14,8011689,8011689,12,17,159
2023-08-14,8011694,8011694,26,38,248
2023-08-14,8011694,8011723,14,19,201
2023-08-14,8011694,8011953,5,9,60
2023-08-14,8011694,8012358,10,10,567
2023-08-14,8011702,8010141,7,9,183
2023-08-14,8011702,8011702,14,20,135
2023-08-14,8011702,8012902,8,11,112
2023-08-14,8011707,8011707,33,34,576
2023-08-14,8011707,8012710,17,17,724
2023-08-14,8011707,8013322,16,17,665
2023-08-14,8011718,8011718,12,30,28
2023-08-14,8011718,8012274,3,15,16
2023-08-14,8011718,8012954,7,15,42
2023-08-14,8011723,8011694,11,19,294
2023-08-14,8011723,8011723,23,38,245
2023-08-14,8011723,8012021,7,10,141
2023-08-14,8011726,8011726,8,18,65
2023-08-14,8011726,8011951,3,8,45
2023-08-14,8011726,8012474,6,9,97
2023-08-14,8011729,8011270,0,18,0
2023-08-14,8011729,8011729,8,35,11
2023-08-14,8011729,8012841,4,17,14
2023-08-14,8011731,8011731,9,12,292
2023-08-14,8011731,8013293,5,6,275
2023-08-14,8011735,8011735,40,49,107
2023-08-14,8011735,8012609,19,25,83
2023-08-14,8011735,8079629,16,24,99
2023-08-14,8011778,8011778,18,26,96
2023-08-14,8011778,8012316,7,10,93
2023-08-14,8011778,8012762,2,3,100
2023-08-14,8011778,8013062,8,10,78
2023-08-14,8011778,8013352,2,2,60
2023-08-14,8011797,8011797,33,36,93
2023-08-14,8011797,8013040,14,18,87
2023-08-14,8011797,8013105,8,18,52
2023-08-14,8011798,8010156,12,13,58
2023-08-14,8011864,8003774,14,19,134
2023-08-14,8011864,8011864,22,38,120
2023-08-14,8011864,8012268,8,19,95
2023-08-14,8011889,8011286,1,19,47
2023-08-14,8011889,8011889,15,38,194
2023-08-14,8011889,8013339,14,19,354
2023-08-14,8011908,8011592,1,14,21
2023-08-14,8011908,8011908,2,28,19
2023-08-14,8011908,8012737,1,14,2
2023-08-14,8011939,8011939,0,14,0
2023-08-14,8011939,8012517,0,7,0
2023-08-14,8011939,8012949,0,7,0
2023-08-14,8011951,8011726,7,9,150
2023-08-14,8011951,8011951,9,19,115
2023-08-14,8011951,8012474,0,1,0
2023-08-14,8011951,8013069,1,9,20
2023-08-14,8011953,8011694,7,9,260
2023-08-14,8011953,8011953,13,20,183
2023-08-14,8011953,8012358,7,10,153
2023-08-14,8011991,8011286,15,19,339
2023-08-14,8011991,8011991,15,38,190
2023-08-14,8011992,8011992,0,36,0
2023-08-14,8011992,8012617,0,18,0
2023-08-14,8011992,8013133,0,18,0
2023-08-14,8011995,8010176,10,18,70
2023-08-14,8011995,8011995,13,36,41
2023-08-14,8011995,8013040,10,18,25
2023-08-14,8012005,8011114,13,17,53
2023-08-14,8012005,8012005,5,34,16
2023-08-14,8012005,8012827,0,17,0
2023-08-14,8012009,8010156,5,5,90
2023-08-14,8012009,8012009,8,9,220
2023-08-14,8012009,8013370,3,4,375
2023-08-14,8012021,8011044,6,10,147
2023-08-14,8012021,8011723,10,10,612
2023-08-14,8012021,8012021,16,20,380
2023-08-14,8012065,8012065,7,55,38
2023-08-14,8012065,8012086,0,27,0
2023-08-14,8012065,8087027,7,28,75
2023-08-14,8012086,8012065,7,28,79
2023-08-14,8012086,8012086,7,55,43
2023-08-14,8012086,8013385,0,28,0
2023-08-14,8012093,8010201,10,10,594
2023-08-14,8012093,8010399,9,9,223
2023-08-14,8012093,8012093,15,20,346
2023-08-14,8012108,8012108,20,36,60
2023-08-14,8012108,8012729,7,18,47
2023-08-14,8012108,8012840,12,18,58
2023-08-14,8012109,8012109,24,36,60
2023-08-14,8012109,8012143,16,18,75
2023-08-14,8012109,8012856,8,18,33
2023-08-14,8012143,8012109,11,18,45
2023-08-14,8012143,8012143,28,36,70
2023-08-14,8012143,8013072,18,18,138
2023-08-14,8012146,8012146,15,38,40
2023-08-14,8012146,8012832,9,19,44
2023-08-14,8012146,8012843,6,19,43
2023-08-14,8012262,8011681,7,10,96
2023-08-14,8012262,8012262,30,43,170
2023-08-14,8012262,8012716,16,22,250
2023-08-14,8012264,8010051,1,2,15
2023-08-14,8012264,8012264,34,58,83
2023-08-14,8012264,8012321,7,10,132
2023-08-14,8012264,8012384,7,12,25
2023-08-14,8012264,8012940,15,20,58
2023-08-14,8012268,8011864,15,19,137
2023-08-14,8012268,8012268,22,38,113
2023-08-14,8012268,8012902,8,19,93
2023-08-14,8012269,8010153,14,18,77
2023-08-14,8012269,8012269,15,36,38
2023-08-14,8012269,8012362,2,18,10
2023-08-14,8012274,8011592,2,15,8
2023-08-14,8012274,8011718,1,15,2
2023-08-14,8012274,8012274,3,30,8
2023-08-14,8012296,8012296,0,10,0
2023-08-14,8012296,8012517,0,7,0
2023-08-14,8012296,8087006,0,5,0
2023-08-14,8012316,8011281,7,10,78
2023-08-14,8012316,8011778,4,11,57
2023-08-14,8012316,8012316,15,21,86
2023-08-14,8012321,8010381,6,22,16
2023-08-14,8012321,8012264,3,8,19
2023-08-14,8012321,8012321,17,43,35
2023-08-14,8012321,8012384,6,13,53
2023-08-14,8012358,8011694,9,10,177
2023-08-14,8012358,8011953,6,10,255
2023-08-14,8012358,8012358,40,48,231
2023-08-14,8012358,8013352,5,11,106
2023-08-14,8012361,8013409,3,6,155
2023-08-14,8012362,8010322,5,18,23
2023-08-14,8012362,8012269,17,18,73
2023-08-14,8012362,8012362,21,36,45
2023-08-14,8012376,8010241,14,19,84
2023-08-14,8012376,8012376,24,37,77
2023-08-14,8012376,8012758,16,18,117
2023-08-14,8012377,8010300,4,5,174
2023-08-14,8012377,8011140,14,16,210
2023-08-14,8012377,8012377,31,34,161
2023-08-14,8012377,8012818,9,13,113
2023-08-14,8012384,8012264,6,13,65
2023-08-14,8012384,8012321,6,12,18
2023-08-14,8012384,8012384,12,25,44
2023-08-14,8012421,8012421,31,34,192
2023-08-14,8012421,8012555,16,17,235
2023-08-14,8012421,8013017,16,17,184
2023-08-14,8012436,8010199,15,18,105
2023-08-14,8012436,8010348,16,18,167
2023-08-14,8012436,8012436,31,36,117
2023-08-14,8012438,8012438,23,36,68
2023-08-14,8012438,8012840,10,18,58
2023-08-14,8012438,8013105,13,18,77
2023-08-14,8012474,8010156,4,4,210
2023-08-14,8012474,8011442,4,9,73
2023-08-14,8012474,8011726,2,9,37
2023-08-14,8012474,8011951,0,1,0
2023-08-14,8012474,8012474,14,33,70
2023-08-14,8012474,8013018,4,7,77
2023-08-14,8012517,8011939,0,7,0
2023-08-14,8012517,8012296,0,7,0
2023-08-14,8012517,8012517,0,14,0
2023-08-14,8012555,8010339,13,17,199
2023-08-14,8012555,8012421,13,17,162
2023-08-14,8012555,8012555,29,34,191
2023-08-14,8012582,8010300,12,16,109
2023-08-14,8012582,8012582,25,33,104
2023-08-14,8012582,8012584,14,17,152
2023-08-14,8012583,8012584,2,16,15
2023-08-14,8012584,8012582,2,16,21
2023-08-14,8012584,8012583,12,17,125
2023-08-14,8012584,8012584,16,33,86
2023-08-14,8012609,8011031,17,25,77
2023-08-14,8012609,8011735,17,24,102
2023-08-14,8012609,8012609,33,49,83
2023-08-14,8012610,8011213,8,9,197
2023-08-14,8012610,8012610,15,17,192
2023-08-14,8012610,8013393,8,8,308
2023-08-14,8012617,8011992,0,18,0
2023-08-14,8012643,8013354,5,18,55
2023-08-14,8012677,8010156,13,16,358
2023-08-14,8012677,8011248,11,14,146
2023-08-14,8012677,8012677,24,30,263
2023-08-14,8012683,8010210,4,17,18
2023-08-14,8012683,8012683,10,34,34
2023-08-14,8012683,8012684,7,17,53
2023-08-14,8012684,8012683,2,17,14
2023-08-14,8012684,8012684,8,34,32
2023-08-14,8012710,8011356,16,17,591
2023-08-14,8012710,8011707,17,17,618
2023-08-14,8012710,8012710,32,34,633
2023-08-14,8012711,8011017,4,19,8
2023-08-14,8012711,8012711,23,38,71
2023-08-14,8012711,8012835,19,19,106
2023-08-14,8012716,8012262,19,21,83
2023-08-14,8012716,8012716,30,43,163
2023-08-14,8012716,8013073,15,22,254
2023-08-14,8012729,8010016,16,18,133
2023-08-14,8012729,8012108,14,18,92
2023-08-14,8012729,8012729,29,36,85
2023-08-14,8012737,8011908,2,14,30
2023-08-14,8012758,8010227,16,18,147
2023-08-14,8012758,8012376,15,19,92
2023-08-14,8012758,8012758,32,37,134
2023-08-14,8012762,8010300,1,1,30
2023-08-14,8012762,8011027,9,11,158
2023-08-14,8012762,8011611,9,11,74
2023-08-14,8012762,8011778,1,2,30
2023-08-14,8012762,8012762,16,26,103
2023-08-14,8012785,8011270,8,17,30
2023-08-14,8012785,8012785,12,35,21
2023-08-14,8012785,8079629,3,14,6
2023-08-14,8012806,8011140,15,17,122
2023-08-14,8012806,8012806,27,33,145
2023-08-14,8012806,8079629,4,5,240
2023-08-14,8012818,8010300,13,13,180
2023-08-14,8012818,8012377,8,12,190
2023-08-14,8012818,8012818,23,25,180
2023-08-14,8012827,8012005,5,16,38
2023-08-14,8012827,8012827,4,33,18
2023-08-14,8012832,8010210,6,19,33
2023-08-14,8012832,8012146,6,19,39
2023-08-14,8012832,8012832,12,38,39
2023-08-14,8012835,8012711,5,19,17
2023-08-14,8012835,8012835,23,38,62
2023-08-14,8012835,8013104,16,19,103
2023-08-14,8012839,8010179,8,11,207
2023-08-14,8012839,8011213,3,3,110
2023-08-14,8012839,8012839,18,22,162
2023-08-14,8012840,8012108,10,18,52
2023-08-14,8012840,8012438,13,18,77
2023-08-14,8012840,8012840,22,36,62
2023-08-14,8012841,8011729,0,18,-2
2023-08-14,8012841,8012841,5,35,6
2023-08-14,8012841,8079604,3,17,5
2023-08-14,8012843,8012146,6,19,33
2023-08-14,8012856,8012002,13,18,68
2023-08-14,8012856,8012109,17,18,90
2023-08-14,8012856,8012856,28,36,62
2023-08-14,8012892,8011109,4,22,83
2023-08-14,8012892,8012892,4,43,43
2023-08-14,8012892,8017349,0,21,0
2023-08-14,8012902,8010141,4,10,66
2023-08-14,8012902,8011702,6,9,143
2023-08-14,8012902,8012268,11,19,120
2023-08-14,8012902,8012902,20,38,106
2023-08-14,8012933,8004177,9,14,144
2023-08-14,8012933,8011230,13,16,296
2023-08-14,8012933,8012933,23,30,198
2023-08-14,8012940,8010325,18,29,70
2023-08-14,8012940,8012264,16,19,164
2023-08-14,8012940,8012940,79,110,153
2023-08-14,8012940,8012951,19,25,70
2023-08-14,8012940,8012953,7,10,57
2023-08-14,8012940,8013186,10,10,348
2023-08-14,8012949,8011939,0,7,0
2023-08-14,8012949,8012949,0,14,0
2023-08-14,8012949,8013232,0,7,0
2023-08-14,8012951,8010156,10,10,126
2023-08-14,8012951,8010173,20,26,60
2023-08-14,8012951,8010325,8,12,208
2023-08-14,8012951,8012940,21,26,355
2023-08-14,8012951,8012951,58,74,192
2023-08-14,8012953,8012940,3,9,13
2023-08-14,8012953,8012953,11,30,38
2023-08-14,8012953,8012960,5,15,42
2023-08-14,8012954,8011718,5,15,42
2023-08-14,8012954,8012954,10,30,36
2023-08-14,8012954,8012960,4,15,28
2023-08-14,8012960,8012953,4,15,22
2023-08-14,8012960,8012954,5,15,42
2023-08-14,8012960,8012960,9,30,34
2023-08-14,8012962,8012962,5,44,33
2023-08-14,8012962,8079084,3,22,63
2023-08-14,8012962,8087025,2,22,4
2023-08-14,8012963,8012963,5,40,38
2023-08-14,8012963,8087025,2,22,49
2023-08-14,8012963,8087026,0,21,0
2023-08-14,8013017,8010241,13,17,155
2023-08-14,8013017,8012421,15,17,221
2023-08-14,8013017,8013017,30,34,199
2023-08-14,8013018,8010267,8,16,68
2023-08-14,8013018,8011442,3,9,47
2023-08-14,8013018,8012474,3,8,26
2023-08-14,8013018,8013018,14,33,49
2023-08-14,8013040,8011797,15,18,72
2023-08-14,8013040,8011995,10,18,60
2023-08-14,8013040,8013040,27,36,59
2023-08-14,8013051,8011646,16,17,535
2023-08-14,8013051,8013051,30,34,462
2023-08-14,8013051,8013177,14,17,448
2023-08-14,8013062,8011017,19,19,128
2023-08-14,8013062,8011778,10,11,109
2023-08-14,8013062,8013062,34,38,79
2023-08-14,8013069,8010156,1,9,20
2023-08-14,8013069,8011951,6,10,189
2023-08-14,8013069,8013069,6,19,109
2023-08-14,8013072,8010273,17,18,97
2023-08-14,8013072,8012143,11,18,33
2023-08-14,8013072,8013072,28,36,78
2023-08-14,8013073,8010173,15,22,237
2023-08-14,8013073,8012716,21,21,87
2023-08-14,8013073,8013073,33,43,170
2023-08-14,8013104,8010210,12,19,71
2023-08-14,8013104,8012835,6,19,24
2023-08-14,8013104,8013104,19,38,54
2023-08-14,8013105,8011797,18,18,175
2023-08-14,8013105,8012438,10,18,58
2023-08-14,8013105,8013105,25,36,97
2023-08-14,8013106,8079604,0,18,0
2023-08-14,8013131,8010179,8,11,106
2023-08-14,8013131,8011456,8,11,205
2023-08-14,8013131,8013131,17,22,164
2023-08-14,8013132,8010392,9,30,136
2023-08-14,8013132,8011108,0,26,0
2023-08-14,8013132,8013132,8,54,76
2023-08-14,8013133,8010392,0,18,0
2023-08-14,8013133,8011992,0,18,0
2023-08-14,8013133,8013133,0,36,0
2023-08-14,8013156,8013162,6,11,142
2023-08-14,8013161,8013161,4,43,42
2023-08-14,8013161,8017349,4,22,79
2023-08-14,8013161,8087027,0,27,0
2023-08-14,8013162,8011456,6,11,79
2023-08-14,8013162,8013156,10,11,215
2023-08-14,8013162,8013162,14,22,153
2023-08-14,8013177,8011356,15,17,468
2023-08-14,8013177,8013051,15,17,517
2023-08-14,8013177,8013177,30,34,489
2023-08-14,8013186,8010051,13,19,201
2023-08-14,8013186,8011215,6,8,82
2023-08-14,8013186,8012264,0,1,0
2023-08-14,8013186,8012940,7,9,80
2023-08-14,8013186,8013186,21,38,133
2023-08-14,8013232,8012949,0,7,0
2023-08-14,8013232,8013232,0,14,0
2023-08-14,8013293,8011731,4,6,305
2023-08-14,8013293,8013293,8,12,278
2023-08-14,8013293,8070946,3,6,260
2023-08-14,8013322,8011481,16,17,635
2023-08-14,8013322,8011707,16,17,256
2023-08-14,8013322,8013322,32,34,460
2023-08-14,8013339,8011889,1,19,47
2023-08-14,8013339,8013339,15,37,161
2023-08-14,8013339,8013340,9,28,162
2023-08-14,8013340,8013339,0,26,0
2023-08-14,8013340,8013340,9,54,83
2023-08-14,8013340,8013341,8,28,149
2023-08-14,8013341,8011108,9,28,154
2023-08-14,8013341,8013340,0,26,0
2023-08-14,8013341,8013341,9,54,80
2023-08-14,8013352,8011778,1,2,195
2023-08-14,8013352,8012358,8,10,102
2023-08-14,8013352,8013352,9,21,71
2023-08-14,8013354,8010325,8,18,68
2023-08-14,8013354,8012643,11,18,72
2023-08-14,8013354,8013354,22,36,77
2023-08-14,8013370,8010173,3,4,360
2023-08-14,8013370,8012009,5,5,90
2023-08-14,8013370,8013370,8,9,207
2023-08-14,8013373,8011481,16,17,231
2023-08-14,8013373,8013373,30,34,418
2023-08-14,8013385,8010392,0,28,0
2023-08-14,8013385,8012086,7,29,85
2023-08-14,8013385,8013385,8,57,45
2023-08-14,8013393,8010213,6,8,232
2023-08-14,8013393,8012610,7,9,97
2023-08-14,8013393,8013393,15,17,182
2023-08-14,8013409,8012361,3,6,240
2023-08-14,8013409,8013409,6,12,265
2023-08-14,8013409,8070946,2,6,265
2023-08-14,8017349,8012892,4,22,86
2023-08-14,8017349,8013161,0,21,0
2023-08-14,8017349,8017349,4,43,42
2023-08-14,8070946,8013293,5,6,300
2023-08-14,8070946,8013409,3,6,250
2023-08-14,8070946,8070946,8,12,275
2023-08-14,8079604,8012841,10,18,23
2023-08-14,8079604,8013106,1,17,4
2023-08-14,8079604,8079604,13,35,13
2023-08-14,8079629,8011735,25,25,120
2023-08-14,8079629,8012785,14,15,92
2023-08-14,8079629,8012806,6,6,125
2023-08-14,8079629,8079629,43,49,97
2023-08-14,8087006,8011015,0,5,0
2023-08-14,8087006,8012296,0,5,0
2023-08-14,8087006,8087006,0,10,0
2023-08-14,8087025,8012962,3,22,53
2023-08-14,8087025,8012963,1,22,3
2023-08-14,8087025,8087025,4,44,25
2023-08-14,8087026,8011109,0,21,0
2023-08-14,8087026,8012963,4,22,86
2023-08-14,8087026,8087026,4,43,43
2023-08-14,8087027,8012065,0,27,0
2023-08-14,8087027,8013161,7,28,74
2023-08-14,8087027,8087027,7,55,38
2023-08-15,8010016,8010016,36,36,345
2023-08-15,8010016,8011031,19,24,342
2023-08-15,8010016,8012729,15,18,375
2023-08-15,8010051,8010051,19,42,79
2023-08-15,8010051,8010153,5,9,43
2023-08-15,8010051,8010322,7,10,21
2023-08-15,8010051,8012264,0,2,0
2023-08-15,8010051,8013186,9,19,142
2023-08-15,8010141,8010141,18,38,30
2023-08-15,8010141,8011702,6,11,41
2023-08-15,8010141,8012651,2,9,7
2023-08-15,8010141,8012902,5,8,38
2023-08-15,8010153,8010051,8,9,30
2023-08-15,8010153,8010153,47,54,110
2023-08-15,8010153,8010201,8,9,160
2023-08-15,8010153,8010284,11,36,31
2023-08-15,8010153,8012269,4,18,15
2023-08-15,8010156,8010156,45,57,135
2023-08-15,8010156,8011230,1,1,30
2023-08-15,8010156,8011798,8,13,171
2023-08-15,8010156,8012009,2,4,15
2023-08-15,8010156,8012474,4,4,128
2023-08-15,8010156,8012677,9,14,199
2023-08-15,8010156,8012951,10,12,138
2023-08-15,8010156,8013069,5,10,27
2023-08-15,8010173,8010173,41,52,112
2023-08-15,8010173,8012951,19,26,182
2023-08-15,8010173,8013073,17,21,64
2023-08-15,8010173,8013370,4,5,42
2023-08-15,8010176,8010176,22,36,233
2023-08-15,8010176,8010381,15,18,390
2023-08-15,8010176,8011995,7,18,73
2023-08-15,8010179,8010179,41,42,504
2023-08-15,8010179,8011536,10,10,1500
2023-08-15,8010179,8012418,7,8,225
2023-08-15,8010179,8012839,11,11,188
2023-08-15,8010179,8013131,10,11,188
2023-08-15,8010199,8010199,18,36,53
2023-08-15,8010199,8010284,13,18,57
2023-08-15,8010199,8012436,11,18,58
2023-08-15,8010201,8010153,8,9,243
2023-08-15,8010201,8010201,15,20,180
2023-08-15,8010201,8010273,1,1,60
2023-08-15,8010201,8012093,9,10,180
2023-08-15,8010210,8010210,17,38,62
2023-08-15,8010210,8012683,8,17,76
2023-08-15,8010210,8012832,8,19,73
2023-08-15,8010210,8013104,5,19,35
2023-08-15,8010213,8010213,16,17,150
2023-08-15,8010213,8011689,6,8,172
2023-08-15,8010213,8013393,9,9,127
2023-08-15,8010227,8010227,24,36,52
2023-08-15,8010227,8010348,18,18,113
2023-08-15,8010227,8012758,19,19,49
2023-08-15,8010241,8010241,62,65,204
2023-08-15,8010241,8011025,15,17,300
2023-08-15,8010241,8011293,19,19,268
2023-08-15,8010241,8012376,14,18,53
2023-08-15,8010241,8013017,13,17,157
2023-08-15,8010267,8013018,9,17,102
2023-08-15,8010273,8010201,0,1,0
2023-08-15,8010273,8010273,28,38,62
2023-08-15,8010273,8010284,13,18,65
2023-08-15,8010273,8013072,11,18,27
2023-08-15,8010284,8010153,31,36,91
2023-08-15,8010284,8010199,9,18,57
2023-08-15,8010284,8010273,2,18,2
2023-08-15,8010284,8010284,38,72,56
2023-08-15,8010300,8010300,49,58,107
2023-08-15,8010300,8011611,11,15,76
2023-08-15,8010300,8012377,3,4,52
2023-08-15,8010300,8012582,14,17,145
2023-08-15,8010300,8012818,8,12,75
2023-08-15,8010322,8010051,7,10,270
2023-08-15,8010322,8010322,38,56,96
2023-08-15,8010322,8011924,11,18,88
2023-08-15,8010322,8012362,14,18,83
2023-08-15,8010325,8010325,22,59,47
2023-08-15,8010325,8012940,12,30,77
2023-08-15,8010325,8012951,7,11,27
2023-08-15,8010325,8013354,6,18,18
2023-08-15,8010339,8010339,31,34,163
2023-08-15,8010339,8011213,16,17,210
2023-08-15,8010339,8012555,14,17,161
2023-08-15,8010348,8010227,2,18,8
2023-08-15,8010348,8010348,35,36,68
2023-08-15,8010348,8012436,5,18,30
2023-08-15,8010381,8010176,5,18,65
2023-08-15,8010381,8012321,10,21,90
2023-08-15,8010392,8010392,3,57,6
2023-08-15,8010392,8013132,0,28,0
2023-08-15,8010392,8013133,0,18,0
2023-08-15,8010392,8013385,3,29,11
2023-08-15,8011015,8087006,0,5,0
2023-08-15,8011017,8011017,24,38,103
2023-08-15,8011017,8012711,18,19,164
2023-08-15,8011017,8013062,9,19,58
2023-08-15,8011025,8010241,13,17,203
2023-08-15,8011025,8011025,27,34,246
2023-08-15,8011025,8011646,13,17,281
2023-08-15,8011027,8011027,11,21,43
2023-08-15,8011027,8011281,7,11,44
2023-08-15,8011027,8012762,4,10,30
2023-08-15,8011031,8010016,22,25,158
2023-08-15,8011031,8011031,36,49,227
2023-08-15,8011031,8012609,15,24,298
2023-08-15,8011044,8011044,16,20,740
2023-08-15,8011044,8011438,6,10,90
2023-08-15,8011044,8012021,9,10,1398
2023-08-15,8011108,8011108,5,54,7
2023-08-15,8011108,8013132,5,28,13
2023-08-15,8011108,8013341,0,26,0
2023-08-15,8011109,8011109,1,43,1
2023-08-15,8011109,8012892,0,21,0
2023-08-15,8011109,8087026,0,22,0
2023-08-15,8011114,8012005,0,17,0
2023-08-15,8011140,8011140,28,34,115
2023-08-15,8011140,8012377,15,18,148
2023-08-15,8011140,8012806,12,16,84
2023-08-15,8011205,8010399,9,9,370
2023-08-15,8011205,8011205,22,22,333
2023-08-15,8011205,8011307,11,11,322
2023-08-15,8011213,8010339,15,17,166
2023-08-15,8011213,8011213,33,34,219
2023-08-15,8011213,8012610,7,8,244
2023-08-15,8011213,8012839,2,2,210
2023-08-15,8011230,8004177,1,1,240
2023-08-15,8011230,8011230,22,31,154
2023-08-15,8011230,8011248,14,16,109
2023-08-15,8011230,8012933,9,14,246
2023-08-15,8011248,8011230,6,14,219
2023-08-15,8011248,8011248,20,30,161
2023-08-15,8011248,8012677,13,16,103
2023-08-15,8011270,8011270,17,35,79
2023-08-15,8011270,8011729,12,17,127
2023-08-15,8011270,8012785,4,18,47
2023-08-15,8011281,8011027,3,10,24
2023-08-15,8011281,8011281,11,21,40
2023-08-15,8011281,8012316,7,11,30
2023-08-15,8011286,8011286,17,38,63
2023-08-15,8011286,8011889,14,19,112
2023-08-15,8011286,8011991,0,19,0
2023-08-15,8011293,8010241,19,19,379
2023-08-15,8011293,8011293,38,38,337
2023-08-15,8011293,8011307,11,11,344
2023-08-15,8011307,8011205,11,11,346
2023-08-15,8011307,8011293,11,11,319
2023-08-15,8011307,8011307,22,22,334
2023-08-15,8011356,8011356,28,34,306
2023-08-15,8011356,8012710,14,17,319
2023-08-15,8011356,8013177,15,17,337
2023-08-15,8011438,8011044,10,10,1422
2023-08-15,8011438,8011438,16,20,783
2023-08-15,8011438,8011536,6,10,99
2023-08-15,8011442,8011442,14,18,177
2023-08-15,8011442,8012474,8,9,220
2023-08-15,8011442,8013018,8,9,150
2023-08-15,8011456,8011456,17,22,155
2023-08-15,8011456,8013131,10,11,153
2023-08-15,8011456,8013162,10,11,196
2023-08-15,8011481,8011481,26,34,186
2023-08-15,8011481,8013322,14,17,154
2023-08-15,8011481,8013373,12,17,210
2023-08-15,8011536,8010179,9,10,141
2023-08-15,8011536,8011438,10,10,1491
2023-08-15,8011536,8011536,16,20,800
2023-08-15,8011592,8011592,0,28,0
2023-08-15,8011592,8011908,0,14,0
2023-08-15,8011592,8012274,0,15,0
2023-08-15,8011611,8010300,10,13,78
2023-08-15,8011611,8011611,21,28,95
2023-08-15,8011611,8012762,10,13,108
2023-08-15,8011646,8011025,14,17,252
2023-08-15,8011646,8011646,26,34,280
2023-08-15,8011646,8013051,13,17,254
2023-08-15,8011681,8011681,16,20,170
2023-08-15,8011681,8011994,7,10,63
2023-08-15,8011681,8012262,10,10,291
2023-08-15,8011689,5100145,6,8,128
2023-08-15,8011689,8010213,7,9,113
2023-08-15,8011689,8011689,13,17,120
2023-08-15,8011694,8011694,23,38,433
2023-08-15,8011694,8011723,12,19,117
2023-08-15,8011694,8011953,3,9,43
2023-08-15,8011694,8012358,10,10,1740
2023-08-15,8011702,8010141,4,9,13
2023-08-15,8011702,8011702,7,20,18
2023-08-15,8011702,8012902,6,11,27
2023-08-15,8011707,8011707,28,34,314
2023-08-15,8011707,8012710,15,17,498
2023-08-15,8011707,8013322,15,17,281
2023-08-15,8011718,8011718,5,30,7
2023-08-15,8011718,8012274,0,15,0
2023-08-15,8011718,8012954,3,15,14
2023-08-15,8011723,8011694,10,19,742
2023-08-15,8011723,8011723,21,38,431
2023-08-15,8011723,8012021,7,10,90
2023-08-15,8011726,8011726,14,18,217
2023-08-15,8011726,8011951,8,8,289
2023-08-15,8011726,8012474,8,9,177
2023-08-15,8011729,8011270,5,18,43
2023-08-15,8011729,8011729,14,35,72
2023-08-15,8011729,8012841,7,17,85
2023-08-15,8011731,8011731,9,12,110
2023-08-15,8011731,8013293,5,6,175
2023-08-15,8011735,8011735,44,49,231
2023-08-15,8011735,8012609,20,25,139
2023-08-15,8011735,8079629,19,24,316
2023-08-15,8011778,8011778,16,26,76
2023-08-15,8011778,8012316,5,10,60
2023-08-15,8011778,8012762,2,3,250
2023-08-15,8011778,8013062,7,10,42
2023-08-15,8011778,8013352,2,2,90
2023-08-15,8011797,8011797,35,36,346
2023-08-15,8011797,8013040,15,18,417
2023-08-15,8011797,8013105,13,18,372
2023-08-15,8011798,8010156,12,13,48
2023-08-15,8011864,8003774,12,19,46
2023-08-15,8011864,8011864,20,38,41
2023-08-15,8011864,8012268,8,19,24
2023-08-15,8011889,8011286,0,19,0
2023-08-15,8011889,8011889,17,38,62
2023-08-15,8011889,8013339,17,19,139
2023-08-15,8011908,8011592,0,14,0
2023-08-15,8011908,8011908,0,28,0
2023-08-15,8011908,8012737,0,14,0
2023-08-15,8011939,8011939,0,14,0
2023-08-15,8011939,8012517,0,7,0
2023-08-15,8011939,8012949,0,7,0
2023-08-15,8011951,8011726,8,9,110
2023-08-15,8011951,8011951,12,19,142
2023-08-15,8011951,8012474,1,1,90
2023-08-15,8011951,8013069,5,9,230
2023-08-15,8011953,8011694,6,9,150
2023-08-15,8011953,8011953,13,20,108
2023-08-15,8011953,8012358,7,10,114
2023-08-15,8011991,8011286,17,19,123
2023-08-15,8011991,8011991,15,38,58
2023-08-15,8011992,8011992,0,36,0
2023-08-15,8011992,8012617,0,18,0
2023-08-15,8011992,8013133,0,18,0
2023-08-15,8011995,8010176,14,18,405
2023-08-15,8011995,8011995,21,36,241
2023-08-15,8011995,8013040,11,18,85
2023-08-15,8012005,8011114,8,17,16
2023-08-15,8012005,8012005,1,34,0
2023-08-15,8012005,8012827,0,17,0
2023-08-15,8012009,8010156,4,5,36
2023-08-15,8012009,8012009,4,9,17
2023-08-15,8012009,8013370,1,4,8
2023-08-15,8012021,8011044,6,10,81
2023-08-15,8012021,8011723,10,10,1431
2023-08-15,8012021,8012021,16,20,753
2023-08-15,8012065,8012065,4,55,7
2023-08-15,8012065,8012086,1,27,4
2023-08-15,8012065,8087027,3,28,10
2023-08-15,8012086,8012065,3,28,11
2023-08-15,8012086,8012086,4,55,7
2023-08-15,8012086,8013385,0,28,0
2023-08-15,8012093,8010201,9,10,195
2023-08-15,8012093,8010399,9,9,230
2023-08-15,8012093,8012093,17,20,189
2023-08-15,8012108,8012108,28,36,372
2023-08-15,8012108,8012729,13,18,370
2023-08-15,8012108,8012840,15,18,367
2023-08-15,8012109,8012109,23,36,82
2023-08-15,8012109,8012143,16,18,123
2023-08-15,8012109,8012856,7,18,23
2023-08-15,8012143,8012109,10,18,47
2023-08-15,8012143,8012143,27,36,96
2023-08-15,8012143,8013072,17,18,188
2023-08-15,8012146,8012146,11,38,55
2023-08-15,8012146,8012832,4,19,46
2023-08-15,8012146,8012843,7,19,63
2023-08-15,8012262,8011681,6,10,39
2023-08-15,8012262,8012262,34,43,146
2023-08-15,8012262,8012716,18,22,224
2023-08-15,8012264,8010051,0,2,0
2023-08-15,8012264,8012264,37,58,74
2023-08-15,8012264,8012321,5,10,21
2023-08-15,8012264,8012384,7,12,108
2023-08-15,8012264,8012940,17,20,75
2023-08-15,8012268,8011864,13,19,52
2023-08-15,8012268,8012268,18,38,33
2023-08-15,8012268,8012902,6,19,16
2023-08-15,8012269,8010153,14,18,115
2023-08-15,8012269,8012269,19,36,63
2023-08-15,8012269,8012362,6,18,22
2023-08-15,8012274,8011592,0,15,0
2023-08-15,8012274,8011718,0,15,0
2023-08-15,8012274,8012274,0,30,0
2023-08-15,8012296,8012296,0,10,0
2023-08-15,8012296,8012517,0,7,0
2023-08-15,8012296,8087006,0,5,0
2023-08-15,8012316,8011281,7,10,60
2023-08-15,8012316,8011778,1,11,11
2023-08-15,8012316,8012316,10,21,37
2023-08-15,8012321,8010381,11,22,67
2023-08-15,8012321,8012264,2,8,49
2023-08-15,8012321,8012321,21,43,81
2023-08-15,8012321,8012384,10,13,129
2023-08-15,8012358,8011694,9,10,138
2023-08-15,8012358,8011953,6,10,162
2023-08-15,8012358,8012358,38,48,544
2023-08-15,8012358,8013352,5,11,87
2023-08-15,8012361,8013409,4,6,40
2023-08-15,8012362,8010322,9,18,38
2023-08-15,8012362,8012269,13,18,88
2023-08-15,8012362,8012362,20,36,58
2023-08-15,8012376,8010241,9,19,51
2023-08-15,8012376,8012376,16,37,45
2023-08-15,8012376,8012758,15,18,60
2023-08-15,8012377,8010300,4,5,90
2023-08-15,8012377,8011140,13,16,90
2023-08-15,8012377,8012377,28,34,107
2023-08-15,8012377,8012818,10,13,150
2023-08-15,8012384,8012264,12,13,132
2023-08-15,8012384,8012321,3,12,80
2023-08-15,8012384,8012384,15,25,118
2023-08-15,8012421,8012421,30,34,176
2023-08-15,8012421,8012555,15,17,192
2023-08-15,8012421,8013017,15,17,182
2023-08-15,8012436,8010199,15,18,65
2023-08-15,8012436,8010348,18,18,115
2023-08-15,8012436,8012436,32,36,66
2023-08-15,8012438,8012438,28,36,380
2023-08-15,8012438,8012840,13,18,382
2023-08-15,8012438,8013105,15,18,378
2023-08-15,8012474,8010156,4,4,180
2023-08-15,8012474,8011442,8,9,183
2023-08-15,8012474,8011726,7,9,280
2023-08-15,8012474,8011951,1,1,240
2023-08-15,8012474,8012474,26,33,201
2023-08-15,8012474,8013018,5,7,137
2023-08-15,8012517,8011939,0,7,0
2023-08-15,8012517,8012296,0,7,0
2023-08-15,8012517,8012517,0,14,0
2023-08-15,8012555,8010339,14,17,157
2023-08-15,8012555,8012421,15,17,166
2023-08-15,8012555,8012555,30,34,169
2023-08-15,8012582,8010300,13,16,62
2023-08-15,8012582,8012582,26,33,86
2023-08-15,8012582,8012584,14,17,146
2023-08-15,8012583,8012584,1,16,4
2023-08-15,8012584,8012582,1,16,0
2023-08-15,8012584,8012583,12,17,127
2023-08-15,8012584,8012584,15,33,71
2023-08-15,8012609,8011031,19,25,133
2023-08-15,8012609,8011735,22,24,359
2023-08-15,8012609,8012609,40,49,229
2023-08-15,8012610,8011213,9,9,203
2023-08-15,8012610,8012610,17,17,175
2023-08-15,8012610,8013393,8,8,251
2023-08-15,8012617,8011992,0,18,0
2023-08-15,8012643,8013354,3,18,12
2023-08-15,8012677,8010156,13,16,101
2023-08-15,8012677,8011248,7,14,210
2023-08-15,8012677,8012677,20,30,152
2023-08-15,8012683,8010210,5,17,34
2023-08-15,8012683,8012683,14,34,56
2023-08-15,8012683,8012684,9,17,83
2023-08-15,8012684,8012683,2,17,28
2023-08-15,8012684,8012684,11,34,56
2023-08-15,8012710,8011356,14,17,381
2023-08-15,8012710,8011707,14,17,300
2023-08-15,8012710,8012710,28,34,392
2023-08-15,8012711,8011017,7,19,36
2023-08-15,8012711,8012711,24,38,98
2023-08-15,8012711,8012835,17,19,134
2023-08-15,8012716,8012262,16,21,66
2023-08-15,8012716,8012716,31,43,135
2023-08-15,8012716,8013073,19,22,218
2023-08-15,8012729,8010016,18,18,462
2023-08-15,8012729,8012108,15,18,402
2023-08-15,8012729,8012729,33,36,403
2023-08-15,8012737,8011908,0,14,0
2023-08-15,8012758,8010227,12,18,68
2023-08-15,8012758,8012376,16,19,47
2023-08-15,8012758,8012758,33,37,68
2023-08-15,8012762,8010300,1,1,240
2023-08-15,8012762,8011027,7,11,63
2023-08-15,8012762,8011611,7,11,65
2023-08-15,8012762,8011778,2,2,75
2023-08-15,8012762,8012762,15,26,76
2023-08-15,8012785,8011270,12,17,113
2023-08-15,8012785,8012785,17,35,88
2023-08-15,8012785,8079629,5,14,32
2023-08-15,8012806,8011140,14,17,127
2023-08-15,8012806,8012806,25,33,96
2023-08-15,8012806,8079629,4,5,48
2023-08-15,8012818,8010300,13,13,219
2023-08-15,8012818,8012377,7,12,65
2023-08-15,8012818,8012818,21,25,137
2023-08-15,8012827,8012005,3,16,4
2023-08-15,8012827,8012827,3,33,5
2023-08-15,8012832,8010210,2,19,39
2023-08-15,8012832,8012146,7,19,63
2023-08-15,8012832,8012832,9,38,54
2023-08-15,8012835,8012711,9,19,47
2023-08-15,8012835,8012835,25,38,92
2023-08-15,8012835,8013104,18,19,133
2023-08-15,8012839,8010179,11,11,237
2023-08-15,8012839,8011213,3,3,90
2023-08-15,8012839,8012839,22,22,218
2023-08-15,8012840,8012108,13,18,380
2023-08-15,8012840,8012438,15,18,375
2023-08-15,8012840,8012840,28,36,382
2023-08-15,8012841,8011729,4,18,42
2023-08-15,8012841,8012841,13,35,54
2023-08-15,8012841,8079604,8,17,76
2023-08-15,8012843,8012146,3,19,41
2023-08-15,8012856,8012002,14,18,72
2023-08-15,8012856,8012109,16,18,138
2023-08-15,8012856,8012856,30,36,89
2023-08-15,8012892,8011109,1,22,1
2023-08-15,8012892,8012892,1,43,1
2023-08-15,8012892,8017349,0,21,0
2023-08-15,8012902,8010141,3,10,9
2023-08-15,8012902,8011702,2,9,13
2023-08-15,8012902,8012268,9,19,33
2023-08-15,8012902,8012902,14,38,21
2023-08-15,8012933,8004177,10,14,234
2023-08-15,8012933,8011230,16,16,107
2023-08-15,8012933,8012933,23,30,172
2023-08-15,8012940,8010325,9,29,18
2023-08-15,8012940,8012264,17,19,156
2023-08-15,8012940,8012940,58,110,86
2023-08-15,8012940,8012951,12,25,101
2023-08-15,8012940,8012953,7,10,36
2023-08-15,8012940,8013186,8,10,66
2023-08-15,8012949,8011939,0,7,0
2023-08-15,8012949,8012949,0,14,0
2023-08-15,8012949,8013232,0,7,0
2023-08-15,8012951,8010156,7,10,222
2023-08-15,8012951,8010173,15,26,28
2023-08-15,8012951,8010325,9,12,168
2023-08-15,8012951,8012940,19,26,152
2023-08-15,8012951,8012951,47,74,120
2023-08-15,8012953,8012940,1,9,3
2023-08-15,8012953,8012953,8,30,15
2023-08-15,8012953,8012960,4,15,20
2023-08-15,8012954,8011718,4,15,14
2023-08-15,8012954,8012954,6,30,13
2023-08-15,8012954,8012960,1,15,4
2023-08-15,8012960,8012953,1,15,4
2023-08-15,8012960,8012954,4,15,20
2023-08-15,8012960,8012960,5,30,12
2023-08-15,8012962,8012962,3,44,93
2023-08-15,8012962,8079084,2,22,185
2023-08-15,8012962,8087025,1,22,1
2023-08-15,8012963,8012963,2,40,49
2023-08-15,8012963,8087025,1,22,175
2023-08-15,8012963,8087026,0,21,0
2023-08-15,8013017,8010241,12,17,148
2023-08-15,8013017,8012421,13,17,182
2023-08-15,8013017,8013017,28,34,173
2023-08-15,8013018,8010267,13,16,146
2023-08-15,8013018,8011442,6,9,203
2023-08-15,8013018,8012474,5,8,112
2023-08-15,8013018,8013018,22,33,131
2023-08-15,8013040,8011797,16,18,133
2023-08-15,8013040,8011995,14,18,393
2023-08-15,8013040,8013040,32,36,256
2023-08-15,8013051,8011646,14,17,281
2023-08-15,8013051,8013051,28,34,291
2023-08-15,8013051,8013177,14,17,314
2023-08-15,8013062,8011017,17,19,129
2023-08-15,8013062,8011778,10,11,123
2023-08-15,8013062,8013062,23,38,77
2023-08-15,8013069,8010156,5,9,243
2023-08-15,8013069,8011951,4,10,36
2023-08-15,8013069,8013069,11,19,134
2023-08-15,8013072,8010273,17,18,137
2023-08-15,8013072,8012143,8,18,20
2023-08-15,8013072,8013072,24,36,91
2023-08-15,8013073,8010173,16,22,188
2023-08-15,8013073,8012716,15,21,51
2023-08-15,8013073,8013073,31,43,130
2023-08-15,8013104,8010210,12,19,93
2023-08-15,8013104,8012835,4,19,32
2023-08-15,8013104,8013104,14,38,65
2023-08-15,8013105,8011797,18,18,485
2023-08-15,8013105,8012438,13,18,387
2023-08-15,8013105,8013105,31,36,412
2023-08-15,8013106,8079604,0,18,0
2023-08-15,8013131,8010179,11,11,180
2023-08-15,8013131,8011456,10,11,177
2023-08-15,8013131,8013131,20,22,184
2023-08-15,8013132,8010392,3,30,11
2023-08-15,8013132,8011108,0,26,0
2023-08-15,8013132,8013132,3,54,5
2023-08-15,8013133,8010392,0,18,0
2023-08-15,8013133,8011992,0,18,0
2023-08-15,8013133,8013133,0,36,0
2023-08-15,8013156,8013162,7,11,120
2023-08-15,8013161,8013161,1,43,1
2023-08-15,8013161,8017349,0,22,0
2023-08-15,8013161,8087027,1,27,4
2023-08-15,8013162,8011456,7,11,85
2023-08-15,8013162,8013156,11,11,196
2023-08-15,8013162,8013162,16,22,131
2023-08-15,8013177,8011356,15,17,318
2023-08-15,8013177,8013051,16,17,328
2023-08-15,8013177,8013177,31,34,334
2023-08-15,8013186,8010051,5,19,19
2023-08-15,8013186,8011215,1,8,8
2023-08-15,8013186,8012264,0,1,0
2023-08-15,8013186,8012940,4,9,240
2023-08-15,8013186,8013186,9,38,77
2023-08-15,8013232,8012949,0,7,0
2023-08-15,8013232,8013232,0,14,0
2023-08-15,8013293,8011731,3,6,30
2023-08-15,8013293,8013293,6,12,80
2023-08-15,8013293,8070946,4,6,145
2023-08-15,8013322,8011481,13,17,252
2023-08-15,8013322,8011707,16,17,185
2023-08-15,8013322,8013322,31,34,231
2023-08-15,8013339,8011889,0,19,0
2023-08-15,8013339,8013339,17,37,41
2023-08-15,8013339,8013340,6,28,16
2023-08-15,8013340,8013339,0,26,0
2023-08-15,8013340,8013340,6,54,8
2023-08-15,8013340,8013341,3,28,11
2023-08-15,8013341,8011108,5,28,13
2023-08-15,8013341,8013340,0,26,0
2023-08-15,8013341,8013341,5,54,7
2023-08-15,8013352,8011778,1,2,90
2023-08-15,8013352,8012358,8,10,150
2023-08-15,8013352,8013352,10,21,76
2023-08-15,8013354,8010325,5,18,23
2023-08-15,8013354,8012643,5,18,15
2023-08-15,8013354,8013354,11,36,20
2023-08-15,8013370,8010173,1,4,8
2023-08-15,8013370,8012009,3,5,24
2023-08-15,8013370,8013370,3,9,17
2023-08-15,8013373,8011481,16,17,161
2023-08-15,8013373,8013373,27,34,184
2023-08-15,8013385,8010392,0,28,0
2023-08-15,8013385,8012086,3,29,10
2023-08-15,8013385,8013385,3,57,6
2023-08-15,8013393,8010213,7,8,180
2023-08-15,8013393,8012610,7,9,100
2023-08-15,8013393,8013393,14,17,157
2023-08-15,8013409,8012361,4,6,115
2023-08-15,8013409,8013409,8,12,75
2023-08-15,8013409,8070946,0,6,0
2023-08-15,8017349,8012892,1,22,3
2023-08-15,8017349,8013161,0,21,0
2023-08-15,8017349,8017349,1,43,1
2023-08-15,8070946,8013293,5,6,25
2023-08-15,8070946,8013409,4,6,135
2023-08-15,8070946,8070946,9,12,85
2023-08-15,8079604,8012841,10,18,30
2023-08-15,8079604,8013106,5,17,62
2023-08-15,8079604,8079604,17,35,45
2023-08-15,8079629,8011735,25,25,92
2023-08-15,8079629,8012785,15,15,280
2023-08-15,8079629,8012806,6,6,185
2023-08-15,8079629,8079629,45,49,180
2023-08-15,8087006,8011015,0,5,0
2023-08-15,8087006,8012296,0,5,0
2023-08-15,8087006,8087006,0,10,0
2023-08-15,8087025,8012962,2,22,176
2023-08-15,8087025,8012963,0,22,0
2023-08-15,8087025,8087025,2,44,86
2023-08-15,8087026,8011109,0,21,0
2023-08-15,8087026,8012963,1,22,3
2023-08-15,8087026,8087026,1,43,1
2023-08-15,8087027,8012065,1,27,4
2023-08-15,8087027,8013161,3,28,10
2023-08-15,8087027,8087027,4,55,7
2023-08-16,8010016,8010016,36,36,338
2023-08-16,8010016,8011031,22,24,341
2023-08-16,8010016,8012729,17,18,305
2023-08-16,8010051,8010051,15,42,32
2023-08-16,8010051,8010153,6,9,37
2023-08-16,8010051,8010322,10,12,58
2023-08-16,8010051,8012264,2,2,120
2023-08-16,8010051,8013186,4,19,13
2023-08-16,8010141,8010141,27,38,111
2023-08-16,8010141,8011702,7,11,57
2023-08-16,8010141,8012651,6,9,140
2023-08-16,8010141,8012902,7,8,139
2023-08-16,8010153,8010051,4,9,17
2023-08-16,8010153,8010153,49,56,171
2023-08-16,8010153,8010201,9,10,138
2023-08-16,8010153,8010284,10,36,22
2023-08-16,8010153,8012269,1,18,2
2023-08-16,8010156,8010156,50,57,116
2023-08-16,8010156,8011230,0,1,0
2023-08-16,8010156,8011798,7,13,62
2023-08-16,8010156,8012009,4,4,165
2023-08-16,8010156,8012474,3,4,82
2023-08-16,8010156,8012677,10,14,71
2023-08-16,8010156,8012951,10,12,210
2023-08-16,8010156,8013069,5,10,108
2023-08-16,8010173,8010173,44,52,111
2023-08-16,8010173,8012951,22,26,170
2023-08-16,8010173,8013073,18,21,86
2023-08-16,8010173,8013370,4,5,42
2023-08-16,8010176,8010176,23,36,152
2023-08-16,8010176,8010381,17,18,297
2023-08-16,8010176,8011995,6,18,18
2023-08-16,8010179,8010179,36,42,256
2023-08-16,8010179,8011536,10,10,570
2023-08-16,8010179,8012418,4,8,120
2023-08-16,8010179,8012839,9,11,142
2023-08-16,8010179,8013131,9,11,229
2023-08-16,8010199,8010199,18,36,47
2023-08-16,8010199,8010284,8,18,43
2023-08-16,8010199,8012436,12,18,53
2023-08-16,8010201,8010153,9,10,588
2023-08-16,8010201,8010201,13,20,340
2023-08-16,8010201,8012093,9,10,93
2023-08-16,8010210,8010210,24,38,92
2023-08-16,8010210,8012683,8,16,116
2023-08-16,8010210,8012832,13,18,145
2023-08-16,8010210,8013104,12,19,60
2023-08-16,8010213,8010213,14,17,178
2023-08-16,8010213,8011689,6,8,142
2023-08-16,8010213,8013393,8,9,253
2023-08-16,8010227,8010227,26,36,71
2023-08-16,8010227,8010348,18,18,128
2023-08-16,8010227,8012758,17,19,63
2023-08-16,8010241,8010241,55,65,266
2023-08-16,8010241,8011025,13,17,434
2023-08-16,8010241,8011293,18,19,338
2023-08-16,8010241,8012376,14,18,95
2023-08-16,8010241,8013017,11,17,205
2023-08-16,8010267,8013018,3,17,7
2023-08-16,8010273,8010273,28,36,62
2023-08-16,8010273,8010284,11,18,38
2023-08-16,8010273,8013072,12,18,48
2023-08-16,8010284,8010153,30,36,73
2023-08-16,8010284,8010199,10,18,47
2023-08-16,8010284,8010273,3,18,8
2023-08-16,8010284,8010284,34,72,43
2023-08-16,8010300,8010300,48,58,146
2023-08-16,8010300,8011611,9,15,96
2023-08-16,8010300,8012377,4,4,90
2023-08-16,8010300,8012582,15,17,168
2023-08-16,8010300,8012818,11,12,185
2023-08-16,8010322,8010051,9,12,65
2023-08-16,8010322,8010322,43,60,50
2023-08-16,8010322,8011924,12,18,35
2023-08-16,8010322,8012362,12,18,60
2023-08-16,8010325,8010325,28,59,34
2023-08-16,8010325,8012940,11,30,37
2023-08-16,8010325,8012951,7,11,27
2023-08-16,8010325,8013354,11,18,63
2023-08-16,8010339,8010339,25,34,192
2023-08-16,8010339,8011213,16,17,233
2023-08-16,8010339,8012555,12,17,217
2023-08-16,8010348,8010227,4,18,25
2023-08-16,8010348,8010348,33,36,73
2023-08-16,8010348,8012436,7,18,40
2023-08-16,8010381,8010176,3,18,10
2023-08-16,8010381,8012321,9,21,49
2023-08-16,8010392,8010392,6,57,11
2023-08-16,8010392,8013132,0,28,0
2023-08-16,8010392,8013133,0,18,0
2023-08-16,8010392,8013385,6,29,22
2023-08-16,8011015,8087006,0,5,0
2023-08-16,8011017,8011017,25,38,126
2023-08-16,8011017,8012711,16,19,204
2023-08-16,8011017,8013062,11,19,51
2023-08-16,8011025,8010241,12,17,298
2023-08-16,8011025,8011025,24,34,364
2023-08-16,8011025,8011646,12,17,432
2023-08-16,8011027,8011027,14,21,86
2023-08-16,8011027,8011281,3,11,60
2023-08-16,8011027,8012762,7,10,93
2023-08-16,8011031,8010016,24,25,288
2023-08-16,8011031,8011031,44,49,296
2023-08-16,8011031,8012609,19,24,306
2023-08-16,8011044,8011044,12,20,248
2023-08-16,8011044,8011438,3,10,63
2023-08-16,8011044,8012021,9,10,423
2023-08-16,8011108,8011108,5,54,12
2023-08-16,8011108,8013132,5,28,22
2023-08-16,8011108,8013341,0,26,0
2023-08-16,8011109,8011109,4,43,10
2023-08-16,8011109,8012892,0,21,0
2023-08-16,8011109,8087026,4,22,16
2023-08-16,8011114,8012005,0,17,0
2023-08-16,8011140,8011140,28,34,168
2023-08-16,8011140,8012377,16,18,183
2023-08-16,8011140,8012806,12,16,169
2023-08-16,8011205,8010399,8,9,893
2023-08-16,8011205,8011205,21,22,640
2023-08-16,8011205,8011307,11,11,472
2023-08-16,8011213,8010339,13,17,143
2023-08-16,8011213,8011213,31,34,217
2023-08-16,8011213,8012610,7,8,172
2023-08-16,8011213,8012839,2,2,105
2023-08-16,8011230,8004177,1,1,150
2023-08-16,8011230,8011230,23,31,118
2023-08-16,8011230,8011248,14,16,178
2023-08-16,8011230,8012933,9,14,92
2023-08-16,8011248,8011230,7,14,66
2023-08-16,8011248,8011248,22,30,128
2023-08-16,8011248,8012677,12,16,167
2023-08-16,8011270,8011270,17,35,137
2023-08-16,8011270,8011729,14,17,235
2023-08-16,8011270,8012785,4,18,65
2023-08-16,8011281,8011027,5,10,78
2023-08-16,8011281,8011281,10,21,77
2023-08-16,8011281,8012316,6,11,63
2023-08-16,8011286,8011286,19,38,72
2023-08-16,8011286,8011889,16,19,128
2023-08-16,8011286,8011991,0,19,0
2023-08-16,8011293,8010241,18,19,617
2023-08-16,8011293,8011293,37,38,501
2023-08-16,8011293,8011307,10,11,417
2023-08-16,8011307,8011205,10,11,619
2023-08-16,8011307,8011293,11,11,521
2023-08-16,8011307,8011307,20,22,462
2023-08-16,8011356,8011356,29,34,395
2023-08-16,8011356,8012710,12,17,434
2023-08-16,8011356,8013177,17,17,379
2023-08-16,8011438,8011044,10,10,465
2023-08-16,8011438,8011438,13,20,286
2023-08-16,8011438,8011536,3,10,66
2023-08-16,8011442,8011442,9,18,50
2023-08-16,8011442,8012474,6,9,43
2023-08-16,8011442,8013018,4,9,57
2023-08-16,8011456,8011456,14,22,155
2023-08-16,8011456,8013131,7,11,112
2023-08-16,8011456,8013162,9,11,229
2023-08-16,8011481,8011481,29,34,317
2023-08-16,8011481,8013322,17,17,256
2023-08-16,8011481,8013373,12,17,408
2023-08-16,8011536,8010179,4,10,75
2023-08-16,8011536,8011438,10,10,540
2023-08-16,8011536,8011536,13,20,314
2023-08-16,8011592,8011592,7,28,29
2023-08-16,8011592,8011908,1,14,15
2023-08-16,8011592,8012274,6,15,66
2023-08-16,8011611,8010300,9,13,97
2023-08-16,8011611,8011611,20,28,106
2023-08-16,8011611,8012762,9,13,127
2023-08-16,8011646,8011025,14,17,346
2023-08-16,8011646,8011646,25,34,404
2023-08-16,8011646,8013051,11,17,401
2023-08-16,8011681,8011681,11,20,120
2023-08-16,8011681,8011994,5,10,93
2023-08-16,8011681,8012262,8,10,159
2023-08-16,8011689,5100145,5,8,112
2023-08-16,8011689,8010213,6,9,140
2023-08-16,8011689,8011689,11,17,124
2023-08-16,8011694,8011694,27,38,153
2023-08-16,8011694,8011723,13,19,92
2023-08-16,8011694,8011953,4,9,73
2023-08-16,8011694,8012358,10,10,384
2023-08-16,8011702,8010141,6,9,123
2023-08-16,8011702,8011702,10,20,74
2023-08-16,8011702,8012902,6,11,57
2023-08-16,8011707,8011707,28,34,395
2023-08-16,8011707,8012710,16,17,517
2023-08-16,8011707,8013322,14,17,394
2023-08-16,8011718,8011718,5,30,9
2023-08-16,8011718,8012274,1,15,2
2023-08-16,8011718,8012954,3,15,32
2023-08-16,8011723,8011694,13,19,196
2023-08-16,8011723,8011723,26,38,144
2023-08-16,8011723,8012021,6,10,75
2023-08-16,8011726,8011726,13,18,53
2023-08-16,8011726,8011951,8,8,68
2023-08-16,8011726,8012474,8,9,80
2023-08-16,8011729,8011270,3,18,60
2023-08-16,8011729,8011729,18,35,134
2023-08-16,8011729,8012841,5,17,185
2023-08-16,8011731,8011731,10,12,100
2023-08-16,8011731,8013293,5,6,95
2023-08-16,8011735,8011735,47,49,284
2023-08-16,8011735,8012609,21,25,226
2023-08-16,8011735,8079629,22,24,366
2023-08-16,8011778,8011778,21,26,120
2023-08-16,8011778,8012316,8,10,123
2023-08-16,8011778,8012762,2,3,160
2023-08-16,8011778,8013062,8,10,75
2023-08-16,8011778,8013352,2,2,195
2023-08-16,8011797,8011797,36,36,257
2023-08-16,8011797,8013040,17,18,305
2023-08-16,8011797,8013105,16,18,260
2023-08-16,8011798,8010156,13,13,48
2023-08-16,8011864,8003774,15,19,82
2023-08-16,8011864,8011864,25,38,69
2023-08-16,8011864,8012268,10,19,43
2023-08-16,8011889,8011286,0,19,0
2023-08-16,8011889,8011889,17,38,70
2023-08-16,8011889,8013339,17,19,152
2023-08-16,8011908,8011592,5,14,28
2023-08-16,8011908,8011908,5,28,14
2023-08-16,8011908,8012737,0,14,0
2023-08-16,8011939,8011939,0,14,0
2023-08-16,8011939,8012517,0,7,0
2023-08-16,8011939,8012949,0,7,0
2023-08-16,8011951,8011726,8,9,103
2023-08-16,8011951,8011951,12,19,107
2023-08-16,8011951,8012474,0,1,0
2023-08-16,8011951,8013069,4,9,83
2023-08-16,8011953,8011694,7,9,123
2023-08-16,8011953,8011953,14,20,108
2023-08-16,8011953,8012358,8,10,108
2023-08-16,8011991,8011286,19,19,136
2023-08-16,8011991,8011991,19,38,65
2023-08-16,8011992,8011992,0,36,0
2023-08-16,8011992,8012617,0,18,0
2023-08-16,8011992,8013133,0,18,0
2023-08-16,8011995,8010176,17,18,285
2023-08-16,8011995,8011995,21,36,154
2023-08-16,8011995,8013040,10,18,27
2023-08-16,8012005,8011114,12,17,56
2023-08-16,8012005,8012005,7,34,19
2023-08-16,8012005,8012827,0,17,0
2023-08-16,8012009,8010156,4,5,66
2023-08-16,8012009,8012009,8,9,100
2023-08-16,8012009,8013370,4,4,165
2023-08-16,8012021,8011044,6,10,72
2023-08-16,8012021,8011723,10,10,441
2023-08-16,8012021,8012021,16,20,266
2023-08-16,8012065,8012065,5,55,9
2023-08-16,8012065,8012086,1,27,2
2023-08-16,8012065,8087027,4,28,16
2023-08-16,8012086,8012065,4,28,19
2023-08-16,8012086,8012086,5,55,10
2023-08-16,8012086,8013385,0,28,0
2023-08-16,8012093,8010201,6,10,579
2023-08-16,8012093,8010399,9,9,280
2023-08-16,8012093,8012093,11,20,327
2023-08-16,8012108,8012108,33,36,272
2023-08-16,8012108,8012729,16,18,253
2023-08-16,8012108,8012840,16,18,273
2023-08-16,8012109,8012109,27,36,68
2023-08-16,8012109,8012143,18,18,88
2023-08-16,8012109,8012856,6,18,27
2023-08-16,8012143,8012109,9,18,45
2023-08-16,8012143,8012143,27,36,81
2023-08-16,8012143,8013072,18,18,167
2023-08-16,8012146,8012146,20,36,108
2023-08-16,8012146,8012832,7,18,82
2023-08-16,8012146,8012843,13,18,137
2023-08-16,8012262,8011681,3,10,72
2023-08-16,8012262,8012262,26,43,87
2023-08-16,8012262,8012716,14,22,89
2023-08-16,8012264,8010051,1,2,75
2023-08-16,8012264,8012264,41,58,56
2023-08-16,8012264,8012321,5,10,63
2023-08-16,8012264,8012384,11,12,42
2023-08-16,8012264,8012940,15,20,52
2023-08-16,8012268,8011864,15,19,79
2023-08-16,8012268,8012268,26,38,64
2023-08-16,8012268,8012902,11,19,43
2023-08-16,8012269,8010153,16,18,90
2023-08-16,8012269,8012269,18,36,45
2023-08-16,8012269,8012362,2,18,3
2023-08-16,8012274,8011592,1,15,16
2023-08-16,8012274,8011718,7,15,58
2023-08-16,8012274,8012274,7,30,55
2023-08-16,8012296,8012296,0,10,0
2023-08-16,8012296,8012517,0,7,0
2023-08-16,8012296,8087006,0,5,0
2023-08-16,8012316,8011281,9,10,114
2023-08-16,8012316,8011778,4,11,35
2023-08-16,8012316,8012316,14,21,80
2023-08-16,8012321,8010381,5,22,25
2023-08-16,8012321,8012264,5,8,26
2023-08-16,8012321,8012321,21,43,50
2023-08-16,8012321,8012384,10,13,88
2023-08-16,8012358,8011694,10,10,129
2023-08-16,8012358,8011953,8,10,144
2023-08-16,8012358,8012358,41,48,164
2023-08-16,8012358,8013352,6,11,120
2023-08-16,8012361,8013409,3,6,20
2023-08-16,8012362,8010322,3,18,7
2023-08-16,8012362,8012269,17,18,85
2023-08-16,8012362,8012362,18,36,47
2023-08-16,8012376,8010241,10,19,51
2023-08-16,8012376,8012376,18,37,62
2023-08-16,8012376,8012758,14,18,95
2023-08-16,8012377,8010300,4,5,174
2023-08-16,8012377,8011140,13,16,163
2023-08-16,8012377,8012377,28,34,159
2023-08-16,8012377,8012818,11,13,159
2023-08-16,8012384,8012264,10,13,67
2023-08-16,8012384,8012321,6,12,25
2023-08-16,8012384,8012384,17,25,55
2023-08-16,8012421,8012421,27,34,232
2023-08-16,8012421,8012555,12,17,233
2023-08-16,8012421,8013017,15,17,247
2023-08-16,8012436,8010199,10,18,52
2023-08-16,8012436,8010348,16,18,95
2023-08-16,8012436,8012436,26,36,54
2023-08-16,8012438,8012438,34,36,282
2023-08-16,8012438,8012840,17,18,265
2023-08-16,8012438,8013105,17,18,295
2023-08-16,8012474,8010156,3,4,75
2023-08-16,8012474,8011442,7,9,87
2023-08-16,8012474,8011726,4,9,27
2023-08-16,8012474,8011951,1,1,30
2023-08-16,8012474,8012474,15,33,45
2023-08-16,8012474,8013018,2,7,34
2023-08-16,8012517,8011939,0,7,0
2023-08-16,8012517,8012296,0,7,0
2023-08-16,8012517,8012517,0,14,0
2023-08-16,8012555,8010339,11,17,212
2023-08-16,8012555,8012421,13,17,236
2023-08-16,8012555,8012555,25,34,222
2023-08-16,8012582,8010300,15,16,88
2023-08-16,8012582,8012582,27,33,105
2023-08-16,8012582,8012584,14,17,171
2023-08-16,8012583,8012584,1,16,4
2023-08-16,8012584,8012582,2,16,2
2023-08-16,8012584,8012583,13,17,145
2023-08-16,8012584,8012584,16,33,85
2023-08-16,8012609,8011031,21,25,274
2023-08-16,8012609,8011735,23,24,398
2023-08-16,8012609,8012609,42,49,299
2023-08-16,8012610,8011213,9,9,247
2023-08-16,8012610,8012610,15,17,205
2023-08-16,8012610,8013393,8,8,199
2023-08-16,8012617,8011992,0,18,0
2023-08-16,8012643,8013354,10,18,40
2023-08-16,8012677,8010156,14,16,174
2023-08-16,8012677,8011248,9,14,75
2023-08-16,8012677,8012677,22,30,121
2023-08-16,8012683,8010210,4,16,24
2023-08-16,8012683,8012683,10,32,63
2023-08-16,8012683,8012684,8,16,111
2023-08-16,8012684,8012683,1,16,4
2023-08-16,8012684,8012684,9,32,54
2023-08-16,8012710,8011356,17,17,432
2023-08-16,8012710,8011707,15,17,427
2023-08-16,8012710,8012710,29,34,476
2023-08-16,8012711,8011017,6,19,22
2023-08-16,8012711,8012711,21,38,109
2023-08-16,8012711,8012835,15,19,175
2023-08-16,8012716,8012262,18,21,91
2023-08-16,8012716,8012716,34,43,87
2023-08-16,8012716,8013073,19,22,135
2023-08-16,8012729,8010016,18,18,342
2023-08-16,8012729,8012108,17,18,318
2023-08-16,8012729,8012729,35,36,303
2023-08-16,8012737,8011908,5,14,24
2023-08-16,8012758,8010227,9,18,87
2023-08-16,8012758,8012376,17,19,52
2023-08-16,8012758,8012758,32,37,88
2023-08-16,8012762,8010300,1,1,570
2023-08-16,8012762,8011027,7,11,90
2023-08-16,8012762,8011611,7,11,101
2023-08-16,8012762,8011778,2,2,195
2023-08-16,8012762,8012762,17,26,104
2023-08-16,8012785,8011270,14,17,217
2023-08-16,8012785,8012785,19,35,146
2023-08-16,8012785,8079629,3,14,32
2023-08-16,8012806,8011140,16,17,145
2023-08-16,8012806,8012806,27,33,148
2023-08-16,8012806,8079629,4,5,198
2023-08-16,8012818,8010300,13,13,226
2023-08-16,8012818,8012377,10,12,155
2023-08-16,8012818,8012818,24,25,187
2023-08-16,8012827,8012005,9,16,47
2023-08-16,8012827,8012827,8,33,24
2023-08-16,8012832,8010210,6,18,68
2023-08-16,8012832,8012146,13,18,127
2023-08-16,8012832,8012832,19,36,102
2023-08-16,8012835,8012711,6,19,27
2023-08-16,8012835,8012835,20,38,103
2023-08-16,8012835,8013104,14,19,174
2023-08-16,8012839,8010179,10,11,207
2023-08-16,8012839,8011213,2,3,70
2023-08-16,8012839,8012839,20,22,176
2023-08-16,8012840,8012108,17,18,262
2023-08-16,8012840,8012438,17,18,293
2023-08-16,8012840,8012840,33,36,275
2023-08-16,8012841,8011729,4,18,62
2023-08-16,8012841,8012841,9,35,117
2023-08-16,8012841,8079604,6,17,180
2023-08-16,8012843,8012146,7,18,85
2023-08-16,8012856,8012002,14,18,53
2023-08-16,8012856,8012109,17,18,112
2023-08-16,8012856,8012856,31,36,62
2023-08-16,8012892,8011109,4,22,20
2023-08-16,8012892,8012892,4,43,10
2023-08-16,8012892,8017349,0,21,0
2023-08-16,8012902,8010141,6,10,69
2023-08-16,8012902,8011702,6,9,70
2023-08-16,8012902,8012268,13,19,76
2023-08-16,8012902,8012902,21,38,57
2023-08-16,8012933,8004177,9,14,69
2023-08-16,8012933,8011230,13,16,163
2023-08-16,8012933,8012933,21,30,124
2023-08-16,8012940,8010325,15,29,28
2023-08-16,8012940,8012264,14,19,117
2023-08-16,8012940,8012940,64,110,77
2023-08-16,8012940,8012951,13,25,30
2023-08-16,8012940,8012953,4,10,33
2023-08-16,8012940,8013186,8,10,165
2023-08-16,8012949,8011939,0,7,0
2023-08-16,8012949,8012949,0,14,0
2023-08-16,8012949,8013232,0,7,0
2023-08-16,8012951,8010156,9,10,93
2023-08-16,8012951,8010173,14,26,27
2023-08-16,8012951,8010325,12,12,70
2023-08-16,8012951,8012940,20,26,224
2023-08-16,8012951,8012951,55,74,110
2023-08-16,8012953,8012940,1,9,17
2023-08-16,8012953,8012953,9,30,34
2023-08-16,8012953,8012960,5,15,58
2023-08-16,8012954,8011718,5,15,32
2023-08-16,8012954,8012954,8,30,47
2023-08-16,8012954,8012960,3,15,40
2023-08-16,8012960,8012953,3,15,32
2023-08-16,8012960,8012954,6,15,58
2023-08-16,8012960,8012960,9,30,51
2023-08-16,8012962,8012962,2,44,92
2023-08-16,8012962,8079084,1,22,183
2023-08-16,8012962,8087025,1,22,1
2023-08-16,8012963,8012963,4,40,5
2023-08-16,8012963,8087025,1,22,91
2023-08-16,8012963,8087026,0,21,0
2023-08-16,8013017,8010241,15,17,221
2023-08-16,8013017,8012421,11,17,233
2023-08-16,8013017,8013017,27,34,236
2023-08-16,8013018,8010267,8,16,62
2023-08-16,8013018,8011442,5,9,40
2023-08-16,8013018,8012474,0,8,0
2023-08-16,8013018,8013018,11,33,33
2023-08-16,8013040,8011797,18,18,80
2023-08-16,8013040,8011995,17,18,275
2023-08-16,8013040,8013040,35,36,168
2023-08-16,8013051,8011646,13,17,376
2023-08-16,8013051,8013051,27,34,373
2023-08-16,8013051,8013177,12,17,381
2023-08-16,8013062,8011017,18,19,212
2023-08-16,8013062,8011778,11,11,134
2023-08-16,8013062,8013062,29,38,118
2023-08-16,8013069,8010156,5,9,83
2023-08-16,8013069,8011951,6,10,132
2023-08-16,8013069,8013069,10,19,106
2023-08-16,8013072,8010273,18,18,113
2023-08-16,8013072,8012143,9,18,30
2023-08-16,8013072,8013072,26,36,88
2023-08-16,8013073,8010173,14,22,150
2023-08-16,8013073,8012716,16,21,73
2023-08-16,8013073,8013073,33,43,117
2023-08-16,8013104,8010210,13,19,144
2023-08-16,8013104,8012835,9,19,38
2023-08-16,8013104,8013104,22,38,98
2023-08-16,8013105,8011797,18,18,402
2023-08-16,8013105,8012438,17,18,272
2023-08-16,8013105,8013105,34,36,316
2023-08-16,8013106,8079604,1,18,48
2023-08-16,8013131,8010179,10,11,131
2023-08-16,8013131,8011456,9,11,213
2023-08-16,8013131,8013131,18,22,175
2023-08-16,8013132,8010392,6,30,22
2023-08-16,8013132,8011108,0,26,0
2023-08-16,8013132,8013132,4,54,11
2023-08-16,8013133,8010392,0,18,0
2023-08-16,8013133,8011992,0,18,0
2023-08-16,8013133,8013133,0,36,0
2023-08-16,8013156,8013162,8,11,139
2023-08-16,8013161,8013161,4,43,9
2023-08-16,8013161,8017349,4,22,16
2023-08-16,8013161,8087027,1,27,2
2023-08-16,8013162,8011456,5,11,71
2023-08-16,8013162,8013156,10,11,237
2023-08-16,8013162,8013162,18,22,161
2023-08-16,8013177,8011356,13,17,413
2023-08-16,8013177,8013051,17,17,351
2023-08-16,8013177,8013177,30,34,378
2023-08-16,8013186,8010051,3,19,33
2023-08-16,8013186,8011215,5,8,26
2023-08-16,8013186,8012264,0,1,0
2023-08-16,8013186,8012940,5,9,33
2023-08-16,8013186,8013186,8,38,25
2023-08-16,8013232,8012949,0,7,0
2023-08-16,8013232,8013232,0,14,0
2023-08-16,8013293,8011731,5,6,70
2023-08-16,8013293,8013293,10,12,65
2023-08-16,8013293,8070946,4,6,70
2023-08-16,8013322,8011481,13,17,374
2023-08-16,8013322,8011707,17,17,279
2023-08-16,8013322,8013322,32,34,335
2023-08-16,8013339,8011889,0,19,0
2023-08-16,8013339,8013339,17,37,48
2023-08-16,8013339,8013340,5,28,27
2023-08-16,8013340,8013339,0,26,0
2023-08-16,8013340,8013340,5,54,14
2023-08-16,8013340,8013341,4,28,21
2023-08-16,8013341,8011108,5,28,22
2023-08-16,8013341,8013340,0,26,0
2023-08-16,8013341,8013341,5,54,12
2023-08-16,8013352,8011778,1,2,45
2023-08-16,8013352,8012358,8,10,129
2023-08-16,8013352,8013352,14,21,96
2023-08-16,8013354,8010325,5,18,30
2023-08-16,8013354,8012643,9,18,57
2023-08-16,8013354,8013354,17,36,53
2023-08-16,8013370,8010173,4,4,158
2023-08-16,8013370,8012009,4,5,42
2023-08-16,8013370,8013370,8,9,90
2023-08-16,8013373,8011481,17,17,252
2023-08-16,8013373,8013373,28,34,328
2023-08-16,8013385,8010392,0,28,0
2023-08-16,8013385,8012086,4,29,19
2023-08-16,8013385,8013385,6,57,11
2023-08-16,8013393,8010213,6,8,139
2023-08-16,8013393,8012610,6,9,220
2023-08-16,8013393,8013393,14,17,198
2023-08-16,8013409,8012361,4,6,215
2023-08-16,8013409,8013409,6,12,45
2023-08-16,8013409,8070946,2,6,25
2023-08-16,8017349,8012892,4,22,22
2023-08-16,8017349,8013161,0,21,0
2023-08-16,8017349,8017349,4,43,9
2023-08-16,8070946,8013293,5,6,75
2023-08-16,8070946,8013409,4,6,70
2023-08-16,8070946,8070946,9,12,68
2023-08-16,8079604,8012841,11,18,68
2023-08-16,8079604,8013106,2,17,169
2023-08-16,8079604,8079604,17,35,120
2023-08-16,8079629,8011735,25,25,127
2023-08-16,8079629,8012785,14,15,228
2023-08-16,8079629,8012806,6,6,295
2023-08-16,8079629,8079629,46,49,217
2023-08-16,8087006,8011015,0,5,0
2023-08-16,8087006,8012296,0,5,0
2023-08-16,8087006,8087006,0,10,0
2023-08-16,8087025,8012962,1,22,183
2023-08-16,8087025,8012963,0,22,0
2023-08-16,8087025,8087025,2,44,92
2023-08-16,8087026,8011109,0,21,0
2023-08-16,8087026,8012963,4,22,22
2023-08-16,8087026,8087026,4,43,10
2023-08-16,8087027,8012065,1,27,2
2023-08-16,8087027,8013161,4,28,14
2023-08-16,8087027,8087027,5,55,9
2023-08-17,8010016,8010016,35,36,131
2023-08-17,8010016,8011031,14,24,139
2023-08-17,8010016,8012729,12,18,112
2023-08-17,8010051,8010051,23,42,64
2023-08-17,8010051,8010153,8,9,57
2023-08-17,8010051,8010322,10,12,125
2023-08-17,8010051,8012264,2,2,75
2023-08-17,8010051,8013186,9,19,33
2023-08-17,8010141,8010141,23,38,122
2023-08-17,8010141,8011702,8,11,90
2023-08-17,8010141,8012651,5,9,157
2023-08-17,8010141,8012902,7,8,172
2023-08-17,8010153,8010051,6,9,30
2023-08-17,8010153,8010153,47,56,343
2023-08-17,8010153,8010201,9,10,1200
2023-08-17,8010153,8010284,11,36,38
2023-08-17,8010153,8012269,3,18,48
2023-08-17,8010156,8010156,47,57,141
2023-08-17,8010156,8011230,1,1,720
2023-08-17,8010156,8011798,5,13,37
2023-08-17,8010156,8012009,4,4,360
2023-08-17,8010156,8012474,4,4,255
2023-08-17,8010156,8012677,11,14,88
2023-08-17,8010156,8012951,11,12,232
2023-08-17,8010156,8013069,6,10,105
2023-08-17,8010173,8010173,47,52,126
2023-08-17,8010173,8012951,23,26,193
2023-08-17,8010173,8013073,21,21,97
2023-08-17,8010173,8013370,3,5,48
2023-08-17,8010176,8010176,18,36,61
2023-08-17,8010176,8010381,13,18,108
2023-08-17,8010176,8011995,4,18,22
2023-08-17,8010179,8010179,37,42,257
2023-08-17,8010179,8011536,10,10,489
2023-08-17,8010179,8012418,7,8,169
2023-08-17,8010179,8012839,10,11,166
2023-08-17,8010179,8013131,10,11,199
2023-08-17,8010199,8010199,23,36,58
2023-08-17,8010199,8010284,11,18,38
2023-08-17,8010199,8012436,13,18,77
2023-08-17,8010201,8010153,7,10,480
2023-08-17,8010201,8010201,14,20,846
2023-08-17,8010201,8012093,7,10,1158
2023-08-17,8010210,8010210,27,38,105
2023-08-17,8010210,8012683,11,16,133
2023-08-17,8010210,8012832,14,18,143
2023-08-17,8010210,8013104,15,19,95
2023-08-17,8010213,8010213,15,17,124
2023-08-17,8010213,8011689,6,8,128
2023-08-17,8010213,8013393,9,9,120
2023-08-17,8010227,8010227,24,36,83
2023-08-17,8010227,8010348,18,18,147
2023-08-17,8010227,8012758,18,19,76
2023-08-17,8010241,8010241,49,65,220
2023-08-17,8010241,8011025,12,17,323
2023-08-17,8010241,8011293,15,19,297
2023-08-17,8010241,8012376,9,18,75
2023-08-17,8010241,8013017,9,17,194
2023-08-17,8010267,8013018,5,17,41
2023-08-17,8010273,8010273,28,36,52
2023-08-17,8010273,8010284,10,18,45
2023-08-17,8010273,8013072,15,18,52
2023-08-17,8010284,8010153,27,36,69
2023-08-17,8010284,8010199,9,18,70
2023-08-17,8010284,8010273,4,18,8
2023-08-17,8010284,8010284,37,72,53
2023-08-17,8010300,8010300,52,58,183
2023-08-17,8010300,8011611,13,15,178
2023-08-17,8010300,8012377,4,4,60
2023-08-17,8010300,8012582,14,17,199
2023-08-17,8010300,8012818,10,12,200
2023-08-17,8010322,8010051,11,12,48
2023-08-17,8010322,8010322,47,60,79
2023-08-17,8010322,8011924,13,18,98
2023-08-17,8010322,8012362,14,18,78
2023-08-17,8010325,8010325,22,59,84
2023-08-17,8010325,8012940,9,30,103
2023-08-17,8010325,8012951,9,11,41
2023-08-17,8010325,8013354,8,18,93
2023-08-17,8010339,8010339,24,34,134
2023-08-17,8010339,8011213,16,17,203
2023-08-17,8010339,8012555,9,17,134
2023-08-17,8010348,8010227,3,18,32
2023-08-17,8010348,8010348,33,36,88
2023-08-17,8010348,8012436,10,18,33
2023-08-17,8010381,8010176,5,18,20
2023-08-17,8010381,8012321,3,21,14
2023-08-17,8010392,8010392,7,57,18
2023-08-17,8010392,8013132,0,28,0
2023-08-17,8010392,8013133,0,18,0
2023-08-17,8010392,8013385,7,29,36
2023-08-17,8011015,8087006,0,5,0
2023-08-17,8011017,8011017,28,38,139
2023-08-17,8011017,8012711,18,19,216
2023-08-17,8011017,8013062,11,19,57
2023-08-17,8011025,8010241,9,17,259
2023-08-17,8011025,8011025,16,34,282
2023-08-17,8011025,8011646,8,17,337
2023-08-17,8011027,8011027,15,21,149
2023-08-17,8011027,8011281,7,11,166
2023-08-17,8011027,8012762,6,10,102
2023-08-17,8011031,8010016,20,25,145
2023-08-17,8011031,8011031,33,49,132
2023-08-17,8011031,8012609,14,24,131
2023-08-17,8011044,8011044,14,20,272
2023-08-17,8011044,8011438,6,10,168
2023-08-17,8011044,8012021,8,10,366
2023-08-17,8011108,8011108,6,54,49
2023-08-17,8011108,8013132,6,28,95
2023-08-17,8011108,8013341,0,26,0
2023-08-17,8011109,8011109,3,43,14
2023-08-17,8011109,8012892,0,21,0
2023-08-17,8011109,8087026,3,22,25
2023-08-17,8011114,8012005,0,17,0
2023-08-17,8011140,8011140,30,34,184
2023-08-17,8011140,8012377,17,18,200
2023-08-17,8011140,8012806,14,16,191
2023-08-17,8011205,8010399,8,9,553
2023-08-17,8011205,8011205,18,22,353
2023-08-17,8011205,8011307,9,11,289
2023-08-17,8011213,8010339,13,17,55
2023-08-17,8011213,8011213,30,34,152
2023-08-17,8011213,8012610,6,8,135
2023-08-17,8011213,8012839,1,2,45
2023-08-17,8011230,8004177,1,1,540
2023-08-17,8011230,8011230,29,31,206
2023-08-17,8011230,8011248,15,16,287
2023-08-17,8011230,8012933,14,14,146
2023-08-17,8011248,8011230,12,14,94
2023-08-17,8011248,8011248,27,30,194
2023-08-17,8011248,8012677,15,16,255
2023-08-17,8011270,8011270,16,35,54
2023-08-17,8011270,8011729,14,17,67
2023-08-17,8011270,8012785,2,18,52
2023-08-17,8011281,8011027,5,10,93
2023-08-17,8011281,8011281,13,21,131
2023-08-17,8011281,8012316,5,11,131
2023-08-17,8011286,8011286,18,38,126
2023-08-17,8011286,8011889,10,19,212
2023-08-17,8011286,8011991,1,19,24
2023-08-17,8011293,8010241,18,19,401
2023-08-17,8011293,8011293,34,38,366
2023-08-17,8011293,8011307,8,11,395
2023-08-17,8011307,8011205,8,11,398
2023-08-17,8011307,8011293,10,11,374
2023-08-17,8011307,8011307,18,22,370
2023-08-17,8011356,8011356,21,34,333
2023-08-17,8011356,8012710,8,17,348
2023-08-17,8011356,8013177,12,17,332
2023-08-17,8011438,8011044,9,10,405
2023-08-17,8011438,8011438,15,20,303
2023-08-17,8011438,8011536,6,10,162
2023-08-17,8011442,8011442,8,18,68
2023-08-17,8011442,8012474,5,9,87
2023-08-17,8011442,8013018,3,9,40
2023-08-17,8011456,8011456,16,22,139
2023-08-17,8011456,8013131,8,11,106
2023-08-17,8011456,8013162,9,11,215
2023-08-17,8011481,8011481,25,34,336
2023-08-17,8011481,8013322,16,17,321
2023-08-17,8011481,8013373,8,17,360
2023-08-17,8011536,8010179,7,10,159
2023-08-17,8011536,8011438,9,10,471
2023-08-17,8011536,8011536,15,20,320
2023-08-17,8011592,8011592,6,28,17
2023-08-17,8011592,8011908,3,14,13
2023-08-17,8011592,8012274,2,15,16
2023-08-17,8011611,8010300,11,13,120
2023-08-17,8011611,8011611,24,28,156
2023-08-17,8011611,8012762,12,13,212
2023-08-17,8011646,8011025,12,17,304
2023-08-17,8011646,8011646,21,34,345
2023-08-17,8011646,8013051,9,17,319
2023-08-17,8011681,8011681,13,20,122
2023-08-17,8011681,8011994,8,10,66
2023-08-17,8011681,8012262,9,10,207
2023-08-17,8011689,5100145,5,8,90
2023-08-17,8011689,8010213,6,9,93
2023-08-17,8011689,8011689,12,17,83
2023-08-17,8011694,8011694,26,38,174
2023-08-17,8011694,8011723,15,19,131
2023-08-17,8011694,8011953,3,9,23
2023-08-17,8011694,8012358,9,10,414
2023-08-17,8011702,8010141,6,9,163
2023-08-17,8011702,8011702,14,20,116
2023-08-17,8011702,8012902,8,11,87
2023-08-17,8011707,8011707,26,34,419
2023-08-17,8011707,8012710,16,17,547
2023-08-17,8011707,8013322,15,17,401
2023-08-17,8011718,8011718,5,30,28
2023-08-17,8011718,8012274,3,15,12
2023-08-17,8011718,8012954,5,15,72
2023-08-17,8011723,8011694,9,19,212
2023-08-17,8011723,8011723,23,38,171
2023-08-17,8011723,8012021,8,10,120
2023-08-17,8011726,8011726,4,18,50
2023-08-17,8011726,8011951,5,8,56
2023-08-17,8011726,8012474,3,9,47
2023-08-17,8011729,8011270,2,18,48
2023-08-17,8011729,8011729,10,35,42
2023-08-17,8011729,8012841,3,17,23
2023-08-17,8011731,8011731,7,12,108
2023-08-17,8011731,8013293,3,6,145
2023-08-17,8011735,8011735,43,49,135
2023-08-17,8011735,8012609,20,25,119
2023-08-17,8011735,8079629,18,24,142
2023-08-17,8011778,8011778,18,26,151
2023-08-17,8011778,8012316,8,10,207
2023-08-17,8011778,8012762,0,3,0
2023-08-17,8011778,8013062,8,10,162
2023-08-17,8011778,8013352,2,2,105
2023-08-17,8011797,8011797,35,36,110
2023-08-17,8011797,8013040,13,18,112
2023-08-17,8011797,8013105,10,18,78
2023-08-17,8011798,8010156,12,13,39
2023-08-17,8011864,8003774,18,19,107
2023-08-17,8011864,8011864,29,38,95
2023-08-17,8011864,8012268,11,19,71
2023-08-17,8011889,8011286,1,19,22
2023-08-17,8011889,8011889,17,38,125
2023-08-17,8011889,8013339,15,19,240
2023-08-17,8011908,8011592,3,14,19
2023-08-17,8011908,8011908,5,28,14
2023-08-17,8011908,8012737,2,14,9
2023-08-17,8011939,8011939,1,14,39
2023-08-17,8011939,8012517,1,7,73
2023-08-17,8011939,8012949,0,7,0
2023-08-17,8011951,8011726,7,9,83
2023-08-17,8011951,8011951,12,19,79
2023-08-17,8011951,8012474,0,1,0
2023-08-17,8011951,8013069,2,9,33
2023-08-17,8011953,8011694,8,9,193
2023-08-17,8011953,8011953,16,20,104
2023-08-17,8011953,8012358,8,10,84
2023-08-17,8011991,8011286,17,19,223
2023-08-17,8011991,8011991,17,38,118
2023-08-17,8011992,8011992,0,36,0
2023-08-17,8011992,8012617,0,18,0
2023-08-17,8011992,8013133,0,18,0
2023-08-17,8011995,8010176,11,18,93
2023-08-17,8011995,8011995,13,36,58
2023-08-17,8011995,8013040,9,18,30
2023-08-17,8012005,8011114,12,17,69
2023-08-17,8012005,8012005,5,34,25
2023-08-17,8012005,8012827,0,17,0
2023-08-17,8012009,8010156,3,5,66
2023-08-17,8012009,8012009,7,9,187
2023-08-17,8012009,8013370,4,4,352
2023-08-17,8012021,8011044,8,10,174
2023-08-17,8012021,8011723,10,10,444
2023-08-17,8012021,8012021,18,20,302
2023-08-17,8012065,8012065,4,55,13
2023-08-17,8012065,8012086,0,27,0
2023-08-17,8012065,8087027,4,28,25
2023-08-17,8012086,8012065,4,28,28
2023-08-17,8012086,8012086,4,55,15
2023-08-17,8012086,8013385,0,28,0
2023-08-17,8012093,8010201,9,10,558
2023-08-17,8012093,8010399,7,9,1220
2023-08-17,8012093,8012093,15,20,870
2023-08-17,8012108,8012108,22,36,92
2023-08-17,8012108,8012729,10,18,72
2023-08-17,8012108,8012840,12,18,103
2023-08-17,8012109,8012109,30,36,72
2023-08-17,8012109,8012143,18,18,102
2023-08-17,8012109,8012856,12,18,23
2023-08-17,8012143,8012109,18,18,45
2023-08-17,8012143,8012143,36,36,80
2023-08-17,8012143,8013072,18,18,153
2023-08-17,8012146,8012146,26,36,111
2023-08-17,8012146,8012832,12,18,90
2023-08-17,8012146,8012843,14,18,132
2023-08-17,8012262,8011681,5,10,36
2023-08-17,8012262,8012262,34,43,112
2023-08-17,8012262,8012716,17,22,127
2023-08-17,8012264,8010051,2,2,135
2023-08-17,8012264,8012264,43,58,79
2023-08-17,8012264,8012321,6,10,30
2023-08-17,8012264,8012384,9,12,98
2023-08-17,8012264,8012940,17,20,62
2023-08-17,8012268,8011864,17,19,106
2023-08-17,8012268,8012268,25,38,95
2023-08-17,8012268,8012902,8,19,69
2023-08-17,8012269,8010153,15,18,103
2023-08-17,8012269,8012269,19,36,81
2023-08-17,8012269,8012362,5,18,67
2023-08-17,8012274,8011592,3,15,12
2023-08-17,8012274,8011718,4,15,24
2023-08-17,8012274,8012274,8,30,18
2023-08-17,8012296,8012296,1,10,42
2023-08-17,8012296,8012517,0,7,0
2023-08-17,8012296,8087006,1,5,84
2023-08-17,8012316,8011281,8,10,171
2023-08-17,8012316,8011778,3,11,101
2023-08-17,8012316,8012316,13,21,156
2023-08-17,8012321,8010381,6,22,30
2023-08-17,8012321,8012264,5,8,68
2023-08-17,8012321,8012321,21,43,43
2023-08-17,8012321,8012384,8,13,44
2023-08-17,8012358,8011694,10,10,120
2023-08-17,8012358,8011953,9,10,177
2023-08-17,8012358,8012358,42,48,179
2023-08-17,8012358,8013352,8,11,104
2023-08-17,8012361,8013409,4,6,35
2023-08-17,8012362,8010322,6,18,73
2023-08-17,8012362,8012269,17,18,103
2023-08-17,8012362,8012362,22,36,88
2023-08-17,8012376,8010241,9,19,103
2023-08-17,8012376,8012376,17,37,94
2023-08-17,8012376,8012758,16,18,102
2023-08-17,8012377,8010300,5,5,264
2023-08-17,8012377,8011140,12,16,167
2023-08-17,8012377,8012377,28,34,172
2023-08-17,8012377,8012818,10,13,164
2023-08-17,8012384,8012264,9,13,44
2023-08-17,8012384,8012321,5,12,72
2023-08-17,8012384,8012384,15,25,67
2023-08-17,8012421,8012421,25,34,165
2023-08-17,8012421,8012555,13,17,199
2023-08-17,8012421,8013017,14,17,154
2023-08-17,8012436,8010199,13,18,55
2023-08-17,8012436,8010348,17,18,137
2023-08-17,8012436,8012436,30,36,69
2023-08-17,8012438,8012438,24,36,98
2023-08-17,8012438,8012840,12,18,85
2023-08-17,8012438,8013105,12,18,113
2023-08-17,8012474,8010156,3,4,82
2023-08-17,8012474,8011442,3,9,40
2023-08-17,8012474,8011726,2,9,57
2023-08-17,8012474,8011951,1,1,30
2023-08-17,8012474,8012474,12,33,70
2023-08-17,8012474,8013018,3,7,94
2023-08-17,8012517,8011939,0,7,0
2023-08-17,8012517,8012296,1,7,64
2023-08-17,8012517,8012517,1,14,34
2023-08-17,8012555,8010339,13,17,180
2023-08-17,8012555,8012421,11,17,143
2023-08-17,8012555,8012555,24,34,164
2023-08-17,8012582,8010300,13,16,79
2023-08-17,8012582,8012582,26,33,122
2023-08-17,8012582,8012584,14,17,205
2023-08-17,8012583,8012584,3,16,36
2023-08-17,8012584,8012582,2,16,32
2023-08-17,8012584,8012583,11,17,187
2023-08-17,8012584,8012584,17,33,123
2023-08-17,8012609,8011031,20,25,116
2023-08-17,8012609,8011735,18,24,162
2023-08-17,8012609,8012609,38,49,129
2023-08-17,8012610,8011213,9,9,133
2023-08-17,8012610,8012610,17,17,132
2023-08-17,8012610,8013393,8,8,180
2023-08-17,8012617,8011992,0,18,0
2023-08-17,8012643,8013354,4,18,115
2023-08-17,8012677,8010156,15,16,262
2023-08-17,8012677,8011248,12,14,86
2023-08-17,8012677,8012677,26,30,173
2023-08-17,8012683,8010210,4,16,49
2023-08-17,8012683,8012683,14,32,86
2023-08-17,8012683,8012684,10,16,116
2023-08-17,8012684,8012683,4,16,60
2023-08-17,8012684,8012684,13,32,88
2023-08-17,8012710,8011356,17,17,448
2023-08-17,8012710,8011707,15,17,385
2023-08-17,8012710,8012710,31,34,462
2023-08-17,8012711,8011017,14,19,65
2023-08-17,8012711,8012711,31,38,147
2023-08-17,8012711,8012835,17,19,183
2023-08-17,8012716,8012262,20,21,94
2023-08-17,8012716,8012716,37,43,99
2023-08-17,8012716,8013073,18,22,136
2023-08-17,8012729,8010016,16,18,130
2023-08-17,8012729,8012108,14,18,128
2023-08-17,8012729,8012729,30,36,110
2023-08-17,8012737,8011908,2,14,17
2023-08-17,8012758,8010227,15,18,108
2023-08-17,8012758,8012376,17,19,92
2023-08-17,8012758,8012758,35,37,103
2023-08-17,8012762,8010300,1,1,150
2023-08-17,8012762,8011027,9,11,194
2023-08-17,8012762,8011611,8,11,115
2023-08-17,8012762,8011778,2,2,150
2023-08-17,8012762,8012762,14,26,129
2023-08-17,8012785,8011270,9,17,44
2023-08-17,8012785,8012785,15,35,56
2023-08-17,8012785,8079629,2,14,30
2023-08-17,8012806,8011140,16,17,178
2023-08-17,8012806,8012806,28,33,155
2023-08-17,8012806,8079629,4,5,114
2023-08-17,8012818,8010300,12,13,252
2023-08-17,8012818,8012377,8,12,168
2023-08-17,8012818,8012818,23,25,205
2023-08-17,8012827,8012005,7,16,56
2023-08-17,8012827,8012827,6,33,28
2023-08-17,8012832,8010210,7,18,73
2023-08-17,8012832,8012146,14,18,125
2023-08-17,8012832,8012832,21,36,102
2023-08-17,8012835,8012711,14,19,85
2023-08-17,8012835,8012835,31,38,131
2023-08-17,8012835,8013104,18,19,172
2023-08-17,8012839,8010179,11,11,218
2023-08-17,8012839,8011213,3,3,120
2023-08-17,8012839,8012839,21,22,192
2023-08-17,8012840,8012108,12,18,78
2023-08-17,8012840,8012438,12,18,112
2023-08-17,8012840,8012840,24,36,98
2023-08-17,8012841,8011729,2,18,48
2023-08-17,8012841,8012841,6,35,38
2023-08-17,8012841,8079604,8,17,26
2023-08-17,8012843,8012146,7,18,80
2023-08-17,8012856,8012002,17,18,47
2023-08-17,8012856,8012109,17,18,122
2023-08-17,8012856,8012856,34,36,71
2023-08-17,8012892,8011109,3,22,27
2023-08-17,8012892,8012892,3,43,14
2023-08-17,8012892,8017349,0,21,0
2023-08-17,8012902,8010141,5,10,36
2023-08-17,8012902,8011702,7,9,117
2023-08-17,8012902,8012268,16,19,111
2023-08-17,8012902,8012902,24,38,81
2023-08-17,8012933,8004177,12,14,126
2023-08-17,8012933,8011230,14,16,206
2023-08-17,8012933,8012933,28,30,151
2023-08-17,8012940,8010325,13,29,76
2023-08-17,8012940,8012264,14,19,125
2023-08-17,8012940,8012940,69,110,123
2023-08-17,8012940,8012951,21,25,37
2023-08-17,8012940,8012953,4,10,54
2023-08-17,8012940,8013186,9,10,225
2023-08-17,8012949,8011939,1,7,77
2023-08-17,8012949,8012949,1,14,39
2023-08-17,8012949,8013232,0,7,0
2023-08-17,8012951,8010156,10,10,72
2023-08-17,8012951,8010173,22,26,43
2023-08-17,8012951,8010325,7,12,78
2023-08-17,8012951,8012940,22,26,262
2023-08-17,8012951,8012951,61,74,124
2023-08-17,8012953,8012940,1,9,90
2023-08-17,8012953,8012953,10,30,49
2023-08-17,8012953,8012960,3,15,20
2023-08-17,8012954,8011718,3,15,16
2023-08-17,8012954,8012954,8,30,42
2023-08-17,8012954,8012960,5,15,68
2023-08-17,8012960,8012953,5,15,70
2023-08-17,8012960,8012954,3,15,18
2023-08-17,8012960,8012960,8,30,48
2023-08-17,8012962,8012962,2,44,89
2023-08-17,8012962,8079084,2,22,179
2023-08-17,8012962,8087025,0,22,0
2023-08-17,8012963,8012963,3,40,8
2023-08-17,8012963,8087025,1,22,89
2023-08-17,8012963,8087026,0,21,0
2023-08-17,8013017,8010241,11,17,131
2023-08-17,8013017,8012421,11,17,189
2023-08-17,8013017,8013017,23,34,172
2023-08-17,8013018,8010267,7,16,62
2023-08-17,8013018,8011442,5,9,103
2023-08-17,8013018,8012474,0,8,0
2023-08-17,8013018,8013018,11,33,56
2023-08-17,8013040,8011797,14,18,57
2023-08-17,8013040,8011995,11,18,90
2023-08-17,8013040,8013040,28,36,72
2023-08-17,8013051,8011646,12,17,314
2023-08-17,8013051,8013051,21,34,306
2023-08-17,8013051,8013177,9,17,319
2023-08-17,8013062,8011017,18,19,193
2023-08-17,8013062,8011778,11,11,161
2023-08-17,8013062,8013062,28,38,99
2023-08-17,8013069,8010156,4,9,37
2023-08-17,8013069,8011951,7,10,117
2023-08-17,8013069,8013069,10,19,76
2023-08-17,8013072,8010273,16,18,108
2023-08-17,8013072,8012143,10,18,18
2023-08-17,8013072,8013072,28,36,86
2023-08-17,8013073,8010173,13,22,124
2023-08-17,8013073,8012716,20,21,71
2023-08-17,8013073,8013073,35,43,103
2023-08-17,8013104,8010210,12,19,142
2023-08-17,8013104,8012835,12,19,85
2023-08-17,8013104,8013104,22,38,117
2023-08-17,8013105,8011797,18,18,203
2023-08-17,8013105,8012438,12,18,87
2023-08-17,8013105,8013105,28,36,125
2023-08-17,8013106,8079604,1,18,47
2023-08-17,8013131,8010179,8,11,139
2023-08-17,8013131,8011456,10,11,202
2023-08-17,8013131,8013131,18,22,169
2023-08-17,8013132,8010392,8,30,88
2023-08-17,8013132,8011108,0,26,0
2023-08-17,8013132,8013132,8,54,48
2023-08-17,8013133,8010392,0,18,0
2023-08-17,8013133,8011992,0,18,0
2023-08-17,8013133,8013133,0,36,0
2023-08-17,8013156,8013162,6,11,128
2023-08-17,8013161,8013161,3,43,13
2023-08-17,8013161,8017349,3,22,25
2023-08-17,8013161,8087027,0,27,0
2023-08-17,8013162,8011456,8,11,74
2023-08-17,8013162,8013156,11,11,235
2023-08-17,8013162,8013162,15,22,161
2023-08-17,8013177,8011356,9,17,328
2023-08-17,8013177,8013051,15,17,325
2023-08-17,8013177,8013177,24,34,325
2023-08-17,8013186,8010051,10,19,93
2023-08-17,8013186,8011215,5,8,64
2023-08-17,8013186,8012264,0,1,0
2023-08-17,8013186,8012940,9,9,47
2023-08-17,8013186,8013186,13,38,62
2023-08-17,8013232,8012949,1,7,81
2023-08-17,8013232,8013232,1,14,43
2023-08-17,8013293,8011731,4,6,65
2023-08-17,8013293,8013293,7,12,82
2023-08-17,8013293,8070946,2,6,120
2023-08-17,8013322,8011481,12,17,381
2023-08-17,8013322,8011707,17,17,358
2023-08-17,8013322,8013322,32,34,377
2023-08-17,8013339,8011889,1,19,25
2023-08-17,8013339,8013339,16,37,105
2023-08-17,8013339,8013340,6,28,100
2023-08-17,8013340,8013339,0,26,0
2023-08-17,8013340,8013340,6,54,52
2023-08-17,8013340,8013341,6,28,95
2023-08-17,8013341,8011108,6,28,95
2023-08-17,8013341,8013340,0,26,0
2023-08-17,8013341,8013341,6,54,49
2023-08-17,8013352,8011778,1,2,15
2023-08-17,8013352,8012358,10,10,156
2023-08-17,8013352,8013352,17,21,81
2023-08-17,8013354,8010325,6,18,127
2023-08-17,8013354,8012643,6,18,93
2023-08-17,8013354,8013354,14,36,110
2023-08-17,8013370,8010173,4,4,352
2023-08-17,8013370,8012009,3,5,54
2023-08-17,8013370,8013370,7,9,180
2023-08-17,8013373,8011481,17,17,312
2023-08-17,8013373,8013373,25,34,334
2023-08-17,8013385,8010392,0,28,0
2023-08-17,8013385,8012086,4,29,31
2023-08-17,8013385,8013385,7,57,18
2023-08-17,8013393,8010213,6,8,124
2023-08-17,8013393,8012610,8,9,93
2023-08-17,8013393,8013393,14,17,124
2023-08-17,8013409,8012361,3,6,115
2023-08-17,8013409,8013409,6,12,68
2023-08-17,8013409,8070946,1,6,5
2023-08-17,8017349,8012892,3,22,29
2023-08-17,8017349,8013161,0,21,0
2023-08-17,8017349,8017349,3,43,13
2023-08-17,8070946,8013293,4,6,30
2023-08-17,8070946,8013409,3,6,120
2023-08-17,8070946,8070946,6,12,75
2023-08-17,8079604,8012841,11,18,68
2023-08-17,8079604,8013106,2,17,12
2023-08-17,8079604,8079604,18,35,45
2023-08-17,8079629,8011735,25,25,89
2023-08-17,8079629,8012785,13,15,96
2023-08-17,8079629,8012806,6,6,205
2023-08-17,8079629,8079629,41,49,94
2023-08-17,8087006,8011015,1,5,84
2023-08-17,8087006,8012296,0,5,0
2023-08-17,8087006,8087006,1,10,42
2023-08-17,8087025,8012962,1,22,177
2023-08-17,8087025,8012963,0,22,0
2023-08-17,8087025,8087025,1,44,89
2023-08-17,8087026,8011109,0,21,0
2023-08-17,8087026,8012963,3,22,29
2023-08-17,8087026,8087026,3,43,14
2023-08-17,8087027,8012065,0,27,0
2023-08-17,8087027,8013161,4,28,24
2023-08-17,8087027,8087027,4,55,13
2023-08-18,8010016,8010016,34,38,231
2023-08-18,8010016,8011031,17,25,235
2023-08-18,8010016,8012729,12,19,237
2023-08-18,8010051,8010051,21,41,72
2023-08-18,8010051,8010153,6,9,93
2023-08-18,8010051,8010322,11,12,120
2023-08-18,8010051,8012264,1,1,180
2023-08-18,8010051,8013186,7,19,30
2023-08-18,8010141,8010141,28,38,174
2023-08-18,8010141,8011702,7,11,155
2023-08-18,8010141,8012651,6,9,243
2023-08-18,8010141,8012902,7,8,184
2023-08-18,8010153,8010051,6,9,30
2023-08-18,8010153,8010153,49,56,125
2023-08-18,8010153,8010201,10,10,270
2023-08-18,8010153,8010284,13,36,47
2023-08-18,8010153,8012269,3,18,13
2023-08-18,8010156,8010156,51,57,139
2023-08-18,8010156,8011230,1,1,30
2023-08-18,8010156,8011798,6,13,92
2023-08-18,8010156,8012009,4,4,188
2023-08-18,8010156,8012474,4,4,195
2023-08-18,8010156,8012677,9,14,86
2023-08-18,8010156,8012951,11,12,262
2023-08-18,8010156,8013069,5,10,66
2023-08-18,8010173,8010173,45,52,155
2023-08-18,8010173,8012951,21,26,237
2023-08-18,8010173,8013073,19,21,100
2023-08-18,8010173,8013370,4,5,72
2023-08-18,8010176,8010176,20,38,131
2023-08-18,8010176,8010381,13,19,257
2023-08-18,8010176,8011995,6,19,21
2023-08-18,8010179,8010179,35,40,260
2023-08-18,8010179,8011536,9,9,567
2023-08-18,8010179,8012418,6,8,202
2023-08-18,8010179,8012839,9,11,147
2023-08-18,8010179,8013131,8,11,150
2023-08-18,8010188,8010188,3,4,82
2023-08-18,8010188,8011015,1,1,180
2023-08-18,8010188,8011593,0,1,0
2023-08-18,8010188,8012644,2,2,150
2023-08-18,8010199,8010199,23,36,82
2023-08-18,8010199,8010284,14,18,72
2023-08-18,8010199,8012436,16,18,108
2023-08-18,8010201,8010153,6,10,93
2023-08-18,8010201,8010201,12,20,160
2023-08-18,8010201,8012093,10,10,219
2023-08-18,8010210,8010210,25,38,142
2023-08-18,8010210,8012683,11,16,159
2023-08-18,8010210,8012832,12,18,253
2023-08-18,8010210,8013104,12,19,95
2023-08-18,8010213,8010213,16,18,123
2023-08-18,8010213,8011689,6,9,113
2023-08-18,8010213,8013393,9,9,130
2023-08-18,8010227,8010227,24,36,71
2023-08-18,8010227,8010348,18,18,127
2023-08-18,8010227,8012758,18,19,65
2023-08-18,8010241,8010241,45,66,58
2023-08-18,8010241,8011025,8,17,39
2023-08-18,8010241,8011293,17,19,87
2023-08-18,8010241,8012376,12,18,-47
2023-08-18,8010241,8013017,11,18,83
2023-08-18,8010267,8012265,1,1,60
2023-08-18,8010267,8013018,4,17,21
2023-08-18,8010273,8010273,31,36,93
2023-08-18,8010273,8010284,10,18,80
2023-08-18,8010273,8013072,16,18,108
2023-08-18,8010284,8010153,30,36,97
2023-08-18,8010284,8010199,10,18,90
2023-08-18,8010284,8010273,5,18,23
2023-08-18,8010284,8010284,41,72,70
2023-08-18,8010300,8010300,52,59,283
2023-08-18,8010300,8011611,12,15,348
2023-08-18,8010300,8012377,3,4,218
2023-08-18,8010300,8012582,14,17,205
2023-08-18,8010300,8012818,10,12,295
2023-08-18,8010322,8010051,5,11,41
2023-08-18,8010322,8010322,39,59,63
2023-08-18,8010322,8011924,12,18,52
2023-08-18,8010322,8012362,12,18,67
2023-08-18,8010325,8010325,27,59,38
2023-08-18,8010325,8012940,11,30,40
2023-08-18,8010325,8012951,9,11,60
2023-08-18,8010325,8013354,9,18,33
2023-08-18,8010339,8010339,29,35,86
2023-08-18,8010339,8011213,18,18,135
2023-08-18,8010339,8012555,12,17,60
2023-08-18,8010348,8010227,3,18,27
2023-08-18,8010348,8010348,36,36,92
2023-08-18,8010348,8012436,10,18,60
2023-08-18,8010381,8010176,3,19,9
2023-08-18,8010381,8012321,8,21,46
2023-08-18,8010392,8010392,7,57,48
2023-08-18,8010392,8013132,0,28,0
2023-08-18,8010392,8013133,0,18,0
2023-08-18,8010392,8013385,7,29,95
2023-08-18,8011015,8010188,0,1,0
2023-08-18,8011015,8011015,1,2,90
2023-08-18,8011015,8087006,1,5,36
2023-08-18,8011017,8011017,24,38,201
2023-08-18,8011017,8012711,17,19,297
2023-08-18,8011017,8013062,8,19,117
2023-08-18,8011025,8010241,5,17,16
2023-08-18,8011025,8011025,8,34,16
2023-08-18,8011025,8011646,4,17,37
2023-08-18,8011027,8011027,15,21,314
2023-08-18,8011027,8011281,6,11,325
2023-08-18,8011027,8012762,6,10,282
2023-08-18,8011031,8010016,18,26,149
2023-08-18,8011031,8011031,34,51,179
2023-08-18,8011031,8012609,16,25,228
2023-08-18,8011044,8011044,12,18,332
2023-08-18,8011044,8011438,4,9,193
2023-08-18,8011044,8012021,8,9,467
2023-08-18,8011108,8011108,8,54,57
2023-08-18,8011108,8013132,8,28,110
2023-08-18,8011108,8013341,0,26,0
2023-08-18,8011109,8011109,7,43,54
2023-08-18,8011109,8012892,0,21,0
2023-08-18,8011109,8087026,7,22,101
2023-08-18,8011114,8012005,0,17,0
2023-08-18,8011140,8011140,25,34,231
2023-08-18,8011140,8012377,14,18,200
2023-08-18,8011140,8012806,11,16,274
2023-08-18,8011205,8010399,8,10,108
2023-08-18,8011205,8011205,20,23,117
2023-08-18,8011205,8011307,11,12,118
2023-08-18,8011213,8010339,14,17,95
2023-08-18,8011213,8011213,33,35,146
2023-08-18,8011213,8012610,8,9,150
2023-08-18,8011213,8012839,2,2,135
2023-08-18,8011230,8004177,0,1,0
2023-08-18,8011230,8011230,22,31,238
2023-08-18,8011230,8011248,12,16,189
2023-08-18,8011230,8012933,11,14,349
2023-08-18,8011248,8011230,10,14,313
2023-08-18,8011248,8011248,23,30,225
2023-08-18,8011248,8012677,13,16,184
2023-08-18,8011270,8011270,12,37,28
2023-08-18,8011270,8011729,12,18,62
2023-08-18,8011270,8012785,0,19,0
2023-08-18,8011281,8011027,4,10,264
2023-08-18,8011281,8011281,11,21,297
2023-08-18,8011281,8012316,8,11,300
2023-08-18,8011286,8011286,17,38,156
2023-08-18,8011286,8011889,16,19,278
2023-08-18,8011286,8011991,1,19,25
2023-08-18,8011293,8010241,16,20,99
2023-08-18,8011293,8011293,34,39,108
2023-08-18,8011293,8011307,9,11,87
2023-08-18,8011307,8011205,9,11,90
2023-08-18,8011307,8011293,9,12,108
2023-08-18,8011307,8011307,18,23,99
2023-08-18,8011356,8011356,19,34,54
2023-08-18,8011356,8012710,5,17,18
2023-08-18,8011356,8013177,15,17,92
2023-08-18,8011438,8011044,8,9,503
2023-08-18,8011438,8011438,12,18,362
2023-08-18,8011438,8011536,4,9,187
2023-08-18,8011442,8011442,11,18,58
2023-08-18,8011442,8012474,7,9,70
2023-08-18,8011442,8013018,4,9,30
2023-08-18,8011456,8011456,14,22,102
2023-08-18,8011456,8013131,9,11,104
2023-08-18,8011456,8013162,8,11,155
2023-08-18,8011481,8011481,20,34,47
2023-08-18,8011481,8013322,14,17,72
2023-08-18,8011481,8013373,7,17,23
2023-08-18,8011536,8010179,6,9,190
2023-08-18,8011536,8011438,9,9,560
2023-08-18,8011536,8011536,14,18,378
2023-08-18,8011592,8011592,3,28,6
2023-08-18,8011592,8011908,0,14,0
2023-08-18,8011592,8012274,4,15,14
2023-08-18,8011593,8010188,1,1,60
2023-08-18,8011593,8011593,1,2,30
2023-08-18,8011593,8012612,0,1,0
2023-08-18,8011611,8010300,9,14,298
2023-08-18,8011611,8011611,25,29,318
2023-08-18,8011611,8012762,12,13,378
2023-08-18,8011646,8011025,8,17,42
2023-08-18,8011646,8011646,15,34,47
2023-08-18,8011646,8013051,9,17,34
2023-08-18,8011681,8011681,15,20,218
2023-08-18,8011681,8011994,7,10,69
2023-08-18,8011681,8012262,9,10,417
2023-08-18,8011689,5100145,6,9,87
2023-08-18,8011689,8010213,7,9,93
2023-08-18,8011689,8011689,13,18,85
2023-08-18,8011694,8011694,30,34,248
2023-08-18,8011694,8011723,15,17,224
2023-08-18,8011694,8011953,6,8,82
2023-08-18,8011694,8012358,8,8,506
2023-08-18,8011702,8010141,5,9,230
2023-08-18,8011702,8011702,13,20,189
2023-08-18,8011702,8012902,9,11,161
2023-08-18,8011707,8011707,24,34,107
2023-08-18,8011707,8012710,16,17,249
2023-08-18,8011707,8013322,9,17,42
2023-08-18,8011718,8011718,6,30,18
2023-08-18,8011718,8012274,3,15,8
2023-08-18,8011718,8012954,3,15,22
2023-08-18,8011723,8011694,11,17,258
2023-08-18,8011723,8011723,26,34,246
2023-08-18,8011723,8012021,6,9,157
2023-08-18,8011726,8011726,12,18,57
2023-08-18,8011726,8011951,8,8,75
2023-08-18,8011726,8012474,6,9,53
2023-08-18,8011729,8011270,0,19,0
2023-08-18,8011729,8011729,9,37,20
2023-08-18,8011729,8012841,7,18,30
2023-08-18,8011731,8011731,5,12,40
2023-08-18,8011731,8013293,2,6,35
2023-08-18,8011735,8011735,39,51,201
2023-08-18,8011735,8012609,17,26,130
2023-08-18,8011735,8079629,18,25,252
2023-08-18,8011778,8011778,17,27,219
2023-08-18,8011778,8012316,4,10,174
2023-08-18,8011778,8012762,2,4,98
2023-08-18,8011778,8013062,8,10,342
2023-08-18,8011778,8013352,1,2,135
2023-08-18,8011797,8011797,33,38,223
2023-08-18,8011797,8013040,14,19,257
2023-08-18,8011797,8013105,11,19,226
2023-08-18,8011798,8010156,13,13,69
2023-08-18,8011864,8003774,17,19,177
2023-08-18,8011864,8011864,33,38,197
2023-08-18,8011864,8012268,16,19,205
2023-08-18,8011889,8011286,1,19,25
2023-08-18,8011889,8011889,17,38,156
2023-08-18,8011889,8013339,16,19,294
2023-08-18,8011908,8011592,4,14,15
2023-08-18,8011908,8011908,5,28,11
2023-08-18,8011908,8012737,1,14,4
2023-08-18,8011939,8011939,1,14,13
2023-08-18,8011939,8012517,0,7,0
2023-08-18,8011939,8012949,1,7,26
2023-08-18,8011951,8011726,7,9,90
2023-08-18,8011951,8011951,13,19,77
2023-08-18,8011951,8012474,0,1,0
2023-08-18,8011951,8013069,3,9,37
2023-08-18,8011953,8011694,8,8,319
2023-08-18,8011953,8011953,15,17,191
2023-08-18,8011953,8012358,7,9,113
2023-08-18,8011991,8011286,16,19,281
2023-08-18,8011991,8011991,17,38,151
2023-08-18,8011992,8011992,0,36,0
2023-08-18,8011992,8012617,0,18,0
2023-08-18,8011992,8013133,0,18,0
2023-08-18,8011995,8010176,13,19,243
2023-08-18,8011995,8011995,19,38,134
2023-08-18,8011995,8013040,12,19,33
2023-08-18,8012005,8011114,11,17,83
2023-08-18,8012005,8012005,6,34,32
2023-08-18,8012005,8012827,0,17,0
2023-08-18,8012009,8010156,5,5,84
2023-08-18,8012009,8012009,8,9,120
2023-08-18,8012009,8013370,4,4,172
2023-08-18,8012021,8011044,6,9,183
2023-08-18,8012021,8011723,9,9,477
2023-08-18,8012021,8012021,15,18,337
2023-08-18,8012065,8012065,7,55,43
2023-08-18,8012065,8012086,0,27,0
2023-08-18,8012065,8087027,7,28,85
2023-08-18,8012086,8012065,7,28,90
2023-08-18,8012086,8012086,7,55,46
2023-08-18,8012086,8013385,0,28,0
2023-08-18,8012093,8010201,8,10,69
2023-08-18,8012093,8010399,9,9,160
2023-08-18,8012093,8012093,17,20,118
2023-08-18,8012108,8012108,24,38,226
2023-08-18,8012108,8012729,11,19,216
2023-08-18,8012108,8012840,12,19,227
2023-08-18,8012109,8012109,31,36,110
2023-08-18,8012109,8012143,18,18,123
2023-08-18,8012109,8012856,13,18,80
2023-08-18,8012143,8012109,16,18,102
2023-08-18,8012143,8012143,32,36,120
2023-08-18,8012143,8013072,17,18,185
2023-08-18,8012146,8012146,27,36,217
2023-08-18,8012146,8012832,15,18,195
2023-08-18,8012146,8012843,12,18,232
2023-08-18,8012262,8011681,6,10,39
2023-08-18,8012262,8012262,35,43,153
2023-08-18,8012262,8012716,17,22,239
2023-08-18,8012264,8010051,1,2,105
2023-08-18,8012264,8012264,39,59,95
2023-08-18,8012264,8012321,5,10,207
2023-08-18,8012264,8012384,10,12,78
2023-08-18,8012264,8012940,16,20,64
2023-08-18,8012265,8010267,0,1,0
2023-08-18,8012265,8012265,1,2,45
2023-08-18,8012265,8012612,1,1,60
2023-08-18,8012268,8011864,17,19,177
2023-08-18,8012268,8012268,29,38,192
2023-08-18,8012268,8012902,12,19,186
2023-08-18,8012269,8010153,16,18,92
2023-08-18,8012269,8012269,22,36,59
2023-08-18,8012269,8012362,7,18,28
2023-08-18,8012274,8011592,0,15,0
2023-08-18,8012274,8011718,5,15,12
2023-08-18,8012274,8012274,5,30,8
2023-08-18,8012296,8012296,1,10,18
2023-08-18,8012296,8012517,1,7,26
2023-08-18,8012296,8087006,0,5,0
2023-08-18,8012316,8011281,7,10,237
2023-08-18,8012316,8011778,4,11,265
2023-08-18,8012316,8012316,12,21,227
2023-08-18,8012321,8010381,8,22,98
2023-08-18,8012321,8012264,7,8,86
2023-08-18,8012321,8012321,24,43,83
2023-08-18,8012321,8012384,6,13,25
2023-08-18,8012358,8011694,9,9,177
2023-08-18,8012358,8011953,8,8,360
2023-08-18,8012358,8012358,37,42,272
2023-08-18,8012358,8013352,7,10,105
2023-08-18,8012361,8013409,2,6,15
2023-08-18,8012362,8010322,7,18,28
2023-08-18,8012362,8012269,14,18,72
2023-08-18,8012362,8012362,20,36,50
2023-08-18,8012376,8010241,12,19,46
2023-08-18,8012376,8012376,20,37,35
2023-08-18,8012376,8012758,13,18,62
2023-08-18,8012377,8010300,4,5,252
2023-08-18,8012377,8011140,13,16,266
2023-08-18,8012377,8012377,25,34,223
2023-08-18,8012377,8012818,7,13,178
2023-08-18,8012384,8012264,9,13,37
2023-08-18,8012384,8012321,5,12,48
2023-08-18,8012384,8012384,14,25,44
2023-08-18,8012421,8012421,30,35,84
2023-08-18,8012421,8012555,15,18,107
2023-08-18,8012421,8013017,15,17,85
2023-08-18,8012436,8010199,13,18,73
2023-08-18,8012436,8010348,18,18,155
2023-08-18,8012436,8012436,31,36,95
2023-08-18,8012438,8012438,25,38,234
2023-08-18,8012438,8012840,12,19,232
2023-08-18,8012438,8013105,13,19,235
2023-08-18,8012474,8010156,3,4,120
2023-08-18,8012474,8011442,5,9,37
2023-08-18,8012474,8011726,5,9,47
2023-08-18,8012474,8011951,0,1,0
2023-08-18,8012474,8012474,18,33,51
2023-08-18,8012474,8013018,4,7,51
2023-08-18,8012517,8011939,1,7,26
2023-08-18,8012517,8012296,0,7,0
2023-08-18,8012517,8012517,1,14,13
2023-08-18,8012555,8010339,13,18,92
2023-08-18,8012555,8012421,13,17,76
2023-08-18,8012555,8012555,28,35,81
2023-08-18,8012582,8010300,12,16,114
2023-08-18,8012582,8012582,25,33,137
2023-08-18,8012582,8012584,13,17,205
2023-08-18,8012583,8012584,1,16,26
2023-08-18,8012584,8012582,1,16,24
2023-08-18,8012584,8012583,10,17,182
2023-08-18,8012584,8012584,13,33,110
2023-08-18,8012609,8011031,15,26,121
2023-08-18,8012609,8011735,19,25,258
2023-08-18,8012609,8012609,35,51,182
2023-08-18,8012610,8011213,9,9,163
2023-08-18,8012610,8012610,18,18,150
2023-08-18,8012610,8013393,9,9,190
2023-08-18,8012612,8011593,1,1,60
2023-08-18,8012612,8012265,0,1,0
2023-08-18,8012612,8012612,1,2,30
2023-08-18,8012617,8011992,0,18,0
2023-08-18,8012643,8013354,8,18,18
2023-08-18,8012644,8010188,1,2,90
2023-08-18,8012677,8010156,14,16,229
2023-08-18,8012677,8011248,9,14,210
2023-08-18,8012677,8012677,23,30,176
2023-08-18,8012683,8010210,5,16,79
2023-08-18,8012683,8012683,12,32,112
2023-08-18,8012683,8012684,9,16,142
2023-08-18,8012684,8012683,3,16,75
2023-08-18,8012684,8012684,12,32,107
2023-08-18,8012710,8011356,16,17,189
2023-08-18,8012710,8011707,12,17,34
2023-08-18,8012710,8012710,24,34,141
2023-08-18,8012711,8011017,5,19,71
2023-08-18,8012711,8012711,20,38,180
2023-08-18,8012711,8012835,15,19,272
2023-08-18,8012716,8012262,19,21,91
2023-08-18,8012716,8012716,32,43,158
2023-08-18,8012716,8013073,16,22,243
2023-08-18,8012729,8010016,17,19,300
2023-08-18,8012729,8012108,15,19,251
2023-08-18,8012729,8012729,32,38,252
2023-08-18,8012737,8011908,4,14,15
2023-08-18,8012758,8010227,14,18,77
2023-08-18,8012758,8012376,16,19,55
2023-08-18,8012758,8012758,32,37,83
2023-08-18,8012762,8010300,1,1,510
2023-08-18,8012762,8011027,9,11,355
2023-08-18,8012762,8011611,8,12,272
2023-08-18,8012762,8011778,1,2,165
2023-08-18,8012762,8012762,16,27,286
2023-08-18,8012785,8011270,10,18,48
2023-08-18,8012785,8012785,12,37,30
2023-08-18,8012785,8079629,2,15,4
2023-08-18,8012806,8011140,14,17,196
2023-08-18,8012806,8012806,25,33,207
2023-08-18,8012806,8079629,4,5,378
2023-08-18,8012818,8010300,13,13,228
2023-08-18,8012818,8012377,9,12,262
2023-08-18,8012818,8012818,23,25,248
2023-08-18,8012827,8012005,8,16,71
2023-08-18,8012827,8012827,8,33,35
2023-08-18,8012832,8010210,10,18,128
2023-08-18,8012832,8012146,12,18,228
2023-08-18,8012832,8012832,21,36,202
2023-08-18,8012835,8012711,5,19,69
2023-08-18,8012835,8012835,22,38,171
2023-08-18,8012835,8013104,15,19,270
2023-08-18,8012839,8010179,11,11,172
2023-08-18,8012839,8011213,2,3,160
2023-08-18,8012839,8012839,21,22,154
2023-08-18,8012840,8012108,13,19,229
2023-08-18,8012840,8012438,12,19,234
2023-08-18,8012840,8012840,25,38,236
2023-08-18,8012841,8011729,0,19,-2
2023-08-18,8012841,8012841,9,37,12
2023-08-18,8012841,8079604,10,18,27
2023-08-18,8012843,8012146,11,18,187
2023-08-18,8012856,8012002,17,18,120
2023-08-18,8012856,8012109,18,18,148
2023-08-18,8012856,8012856,35,36,122
2023-08-18,8012892,8011109,7,22,105
2023-08-18,8012892,8012892,7,43,55
2023-08-18,8012892,8017349,0,21,0
2023-08-18,8012902,8010141,7,10,129
2023-08-18,8012902,8011702,5,9,243
2023-08-18,8012902,8012268,16,19,189
2023-08-18,8012902,8012902,28,38,181
2023-08-18,8012933,8004177,10,14,309
2023-08-18,8012933,8011230,12,16,144
2023-08-18,8012933,8012933,22,30,220
2023-08-18,8012940,8010325,15,29,42
2023-08-18,8012940,8012264,16,20,210
2023-08-18,8012940,8012940,72,110,112
2023-08-18,8012940,8012951,15,25,52
2023-08-18,8012940,8012953,6,10,60
2023-08-18,8012940,8013186,9,10,204
2023-08-18,8012949,8011939,0,7,0
2023-08-18,8012949,8012949,1,14,13
2023-08-18,8012949,8013232,1,7,26
2023-08-18,8012951,8010156,8,10,96
2023-08-18,8012951,8010173,20,26,53
2023-08-18,8012951,8010325,8,12,75
2023-08-18,8012951,8012940,21,26,320
2023-08-18,8012951,8012951,56,74,154
2023-08-18,8012953,8012940,1,9,7
2023-08-18,8012953,8012953,13,30,40
2023-08-18,8012953,8012960,5,15,56
2023-08-18,8012954,8011718,5,15,46
2023-08-18,8012954,8012954,8,30,39
2023-08-18,8012954,8012960,3,15,18
2023-08-18,8012960,8012953,2,15,12
2023-08-18,8012960,8012954,5,15,58
2023-08-18,8012960,8012960,7,30,36
2023-08-18,8012962,8012962,3,44,19
2023-08-18,8012962,8079084,2,22,35
2023-08-18,8012962,8087025,1,22,3
2023-08-18,8012963,8012963,7,40,32
2023-08-18,8012963,8087025,2,22,34
2023-08-18,8012963,8087026,0,21,0
2023-08-18,8013017,8010241,13,17,72
2023-08-18,8013017,8012421,12,18,80
2023-08-18,8013017,8013017,28,35,86
2023-08-18,8013018,8010267,7,16,38
2023-08-18,8013018,8011442,7,9,80
2023-08-18,8013018,8012474,1,8,4
2023-08-18,8013018,8013018,12,33,35
2023-08-18,8013040,8011797,16,19,82
2023-08-18,8013040,8011995,13,19,238
2023-08-18,8013040,8013040,29,38,152
2023-08-18,8013051,8011646,8,17,44
2023-08-18,8013051,8013051,21,34,46
2023-08-18,8013051,8013177,7,17,21
2023-08-18,8013062,8011017,18,19,297
2023-08-18,8013062,8011778,9,11,196
2023-08-18,8013062,8013062,27,38,188
2023-08-18,8013069,8010156,8,9,47
2023-08-18,8013069,8011951,7,10,90
2023-08-18,8013069,8013069,12,19,62
2023-08-18,8013072,8010273,18,18,147
2023-08-18,8013072,8012143,12,18,77
2023-08-18,8013072,8013072,30,36,135
2023-08-18,8013073,8010173,13,22,229
2023-08-18,8013073,8012716,17,21,83
2023-08-18,8013073,8013073,31,43,161
2023-08-18,8013104,8010210,14,19,197
2023-08-18,8013104,8012835,9,19,77
2023-08-18,8013104,8013104,21,38,166
2023-08-18,8013105,8011797,19,19,344
2023-08-18,8013105,8012438,13,19,234
2023-08-18,8013105,8013105,30,38,264
2023-08-18,8013106,8079604,0,19,0
2023-08-18,8013131,8010179,10,11,139
2023-08-18,8013131,8011456,7,11,134
2023-08-18,8013131,8013131,16,22,140
2023-08-18,8013132,8010392,7,30,97
2023-08-18,8013132,8011108,0,26,0
2023-08-18,8013132,8013132,7,54,54
2023-08-18,8013133,8010392,0,18,0
2023-08-18,8013133,8011992,0,18,0
2023-08-18,8013133,8013133,0,36,0
2023-08-18,8013156,8013162,5,11,79
2023-08-18,8013161,8013161,7,43,52
2023-08-18,8013161,8017349,7,22,98
2023-08-18,8013161,8087027,0,27,0
2023-08-18,8013162,8011456,5,11,44
2023-08-18,8013162,8013156,9,11,161
2023-08-18,8013162,8013162,13,22,101
2023-08-18,8013177,8011356,8,17,28
2023-08-18,8013177,8013051,16,17,92
2023-08-18,8013177,8013177,23,34,61
2023-08-18,8013186,8010051,10,19,96
2023-08-18,8013186,8011215,5,8,86
2023-08-18,8013186,8012264,1,1,30
2023-08-18,8013186,8012940,7,9,43
2023-08-18,8013186,8013186,15,38,66
2023-08-18,8013232,8012949,0,7,0
2023-08-18,8013232,8013232,1,14,13
2023-08-18,8013293,8011731,3,6,40
2023-08-18,8013293,8013293,5,12,25
2023-08-18,8013293,8070946,1,6,20
2023-08-18,8013322,8011481,11,17,41
2023-08-18,8013322,8011707,16,17,108
2023-08-18,8013322,8013322,25,34,75
2023-08-18,8013339,8011889,1,19,25
2023-08-18,8013339,8013339,17,37,125
2023-08-18,8013339,8013340,9,28,117
2023-08-18,8013340,8013339,0,26,0
2023-08-18,8013340,8013340,9,54,61
2023-08-18,8013340,8013341,7,28,109
2023-08-18,8013341,8011108,8,28,106
2023-08-18,8013341,8013340,0,26,0
2023-08-18,8013341,8013341,8,54,55
2023-08-18,8013352,8011778,1,2,45
2023-08-18,8013352,8012358,8,8,338
2023-08-18,8013352,8013352,15,18,105
2023-08-18,8013354,8010325,5,18,23
2023-08-18,8013354,8012643,5,18,22
2023-08-18,8013354,8013354,15,36,28
2023-08-18,8013370,8010173,4,4,172
2023-08-18,8013370,8012009,4,5,60
2023-08-18,8013370,8013370,8,9,103
2023-08-18,8013373,8011481,17,17,74
2023-08-18,8013373,8013373,24,34,49
2023-08-18,8013385,8010392,0,28,0
2023-08-18,8013385,8012086,7,29,89
2023-08-18,8013385,8013385,7,57,48
2023-08-18,8013393,8010213,7,9,113
2023-08-18,8013393,8012610,8,9,107
2023-08-18,8013393,8013393,16,18,128
2023-08-18,8013409,8012361,2,6,20
2023-08-18,8013409,8013409,4,12,18
2023-08-18,8013409,8070946,1,6,10
2023-08-18,8017349,8012892,7,22,109
2023-08-18,8017349,8013161,0,21,0
2023-08-18,8017349,8017349,7,43,52
2023-08-18,8070946,8013293,2,6,15
2023-08-18,8070946,8013409,2,6,25
2023-08-18,8070946,8070946,4,12,20
2023-08-18,8079604,8012841,8,19,14
2023-08-18,8079604,8013106,5,18,17
2023-08-18,8079604,8079604,18,37,19
2023-08-18,8079629,8011735,26,26,151
2023-08-18,8079629,8012785,13,16,176
2023-08-18,8079629,8012806,4,6,180
2023-08-18,8079629,8079629,41,51,180
2023-08-18,8087006,8011015,0,5,0
2023-08-18,8087006,8012296,1,5,36
2023-08-18,8087006,8087006,1,10,18
2023-08-18,8087025,8012962,2,22,34
2023-08-18,8087025,8012963,1,22,3
2023-08-18,8087025,8087025,3,44,18
2023-08-18,8087026,8011109,0,21,0
2023-08-18,8087026,8012963,7,22,105
2023-08-18,8087026,8087026,7,43,54
2023-08-18,8087027,8012065,0,27,0
2023-08-18,8087027,8013161,7,28,80
2023-08-18,8087027,8087027,7,55,43
2023-08-19,8010016,8010016,36,36,297
2023-08-19,8010016,8011031,15,18,272
2023-08-19,8010016,8012729,16,18,352
2023-08-19,8010051,8010051,24,39,232
2023-08-19,8010051,8010153,7,9,117
2023-08-19,8010051,8010322,10,10,324
2023-08-19,8010051,8012264,1,1,150
2023-08-19,8010051,8013186,10,19,248
2023-08-19,8010141,8010141,28,35,229
2023-08-19,8010141,8011702,8,9,183
2023-08-19,8010141,8012651,7,8,319
2023-08-19,8010141,8012902,5,8,229
2023-08-19,8010153,8010051,4,9,17
2023-08-19,8010153,8010153,44,55,154
2023-08-19,8010153,8010201,9,13,145
2023-08-19,8010153,8010284,13,26,84
2023-08-19,8010153,8012269,3,9,90
2023-08-19,8010156,8010156,38,44,257
2023-08-19,8010156,8011798,3,8,101
2023-08-19,8010156,8012677,8,14,319
2023-08-19,8010156,8012951,11,14,390
2023-08-19,8010156,8013069,5,8,128
2023-08-19,8010173,8010173,31,39,241
2023-08-19,8010173,8012951,14,19,354
2023-08-19,8010173,8013073,16,19,163
2023-08-19,8010173,8013370,1,1,60
2023-08-19,8010176,8010176,16,36,184
2023-08-19,8010176,8010381,15,18,382
2023-08-19,8010176,8011995,1,18,2
2023-08-19,8010179,8010179,31,34,268
2023-08-19,8010179,8011536,9,9,567
2023-08-19,8010179,8012418,6,8,154
2023-08-19,8010179,8012839,7,8,124
2023-08-19,8010179,8013131,7,8,150
2023-08-19,8010188,8010188,4,24,20
2023-08-19,8010188,8011015,2,6,50
2023-08-19,8010188,8011593,0,6,0
2023-08-19,8010188,8012644,3,12,35
2023-08-19,8010199,8010199,29,36,142
2023-08-19,8010199,8010284,18,18,118
2023-08-19,8010199,8012436,15,18,173
2023-08-19,8010201,8010153,9,13,219
2023-08-19,8010201,8010201,19,26,183
2023-08-19,8010201,8012093,10,13,127
2023-08-19,8010210,8010210,25,31,191
2023-08-19,8010210,8012683,11,14,197
2023-08-19,8010210,8012832,11,14,219
2023-08-19,8010210,8013104,14,16,232
2023-08-19,8010213,8010213,15,15,334
2023-08-19,8010213,8011689,7,7,351
2023-08-19,8010213,8013393,8,8,311
2023-08-19,8010227,8010227,27,36,111
2023-08-19,8010227,8010348,18,18,163
2023-08-19,8010227,8012758,16,18,118
2023-08-19,8010241,8010241,47,54,227
2023-08-19,8010241,8011025,11,12,480
2023-08-19,8010241,8011293,17,19,197
2023-08-19,8010241,8012376,8,18,68
2023-08-19,8010241,8013017,12,16,111
2023-08-19,8010267,8012265,2,6,15
2023-08-19,8010267,8013018,3,9,10
2023-08-19,8010273,8010273,12,17,120
2023-08-19,8010273,8010284,6,9,93
2023-08-19,8010273,8013072,7,8,139
2023-08-19,8010284,8010153,25,27,133
2023-08-19,8010284,8010199,15,18,163
2023-08-19,8010284,8010273,3,8,68
2023-08-19,8010284,8010284,41,53,110
2023-08-19,8010300,8010300,46,53,391
2023-08-19,8010300,8011611,7,11,365
2023-08-19,8010300,8012377,4,5,1866
2023-08-19,8010300,8012582,15,16,285
2023-08-19,8010300,8012818,9,10,258
2023-08-19,8010322,8010051,9,11,409
2023-08-19,8010322,8010322,30,38,231
2023-08-19,8010322,8011924,6,9,140
2023-08-19,8010322,8012362,7,8,52
2023-08-19,8010325,8010325,16,48,33
2023-08-19,8010325,8012940,4,24,26
2023-08-19,8010325,8012951,5,9,33
2023-08-19,8010325,8013354,7,15,50
2023-08-19,8010339,8010339,23,32,146
2023-08-19,8010339,8011213,16,16,210
2023-08-19,8010339,8012555,10,16,154
2023-08-19,8010348,8010227,7,18,70
2023-08-19,8010348,8010348,36,36,146
2023-08-19,8010348,8012436,13,18,107
2023-08-19,8010381,8010176,1,18,2
2023-08-19,8010381,8012321,6,18,122
2023-08-19,8010392,8010392,2,44,3
2023-08-19,8010392,8013132,0,29,0
2023-08-19,8010392,8013133,0,16,0
2023-08-19,8010392,8013385,2,22,5
2023-08-19,8011015,8010188,0,6,0
2023-08-19,8011015,8011015,2,12,25
2023-08-19,8011015,8087006,2,6,50
2023-08-19,8011017,8011017,22,31,211
2023-08-19,8011017,8012711,13,15,210
2023-08-19,8011017,8013062,10,16,242
2023-08-19,8011025,8010241,8,12,142
2023-08-19,8011025,8011025,16,24,295
2023-08-19,8011025,8011646,9,12,452
2023-08-19,8011027,8011027,12,19,278
2023-08-19,8011027,8011281,5,10,360
2023-08-19,8011027,8012762,5,9,170
2023-08-19,8011031,8010016,18,19,202
2023-08-19,8011031,8011031,32,37,238
2023-08-19,8011031,8012609,15,18,270
2023-08-19,8011044,8010282,1,1,690
2023-08-19,8011044,8011044,17,20,261
2023-08-19,8011044,8011438,7,9,130
2023-08-19,8011044,8012021,9,9,450
2023-08-19,8011108,8011108,3,55,3
2023-08-19,8011108,8013132,3,28,6
2023-08-19,8011108,8013341,0,27,0
2023-08-19,8011109,8011109,1,44,1
2023-08-19,8011109,8012892,0,22,0
2023-08-19,8011109,8087026,1,22,3
2023-08-19,8011114,8012005,0,16,0
2023-08-19,8011140,8011140,29,32,488
2023-08-19,8011140,8012377,14,17,221
2023-08-19,8011140,8012806,14,15,848
2023-08-19,8011205,8010399,9,10,207
2023-08-19,8011205,8011205,20,22,394
2023-08-19,8011205,8011307,11,11,578
2023-08-19,8011213,8010339,8,16,142
2023-08-19,8011213,8011213,31,32,201
2023-08-19,8011213,8012610,6,7,313
2023-08-19,8011230,8011230,25,28,393
2023-08-19,8011230,8011248,13,14,420
2023-08-19,8011230,8012933,12,14,403
2023-08-19,8011248,8011230,11,14,336
2023-08-19,8011248,8011248,24,28,365
2023-08-19,8011248,8012677,13,14,403
2023-08-19,8011270,8011270,12,33,22
2023-08-19,8011270,8011729,12,17,49
2023-08-19,8011270,8012785,1,16,2
2023-08-19,8011281,8011027,5,9,153
2023-08-19,8011281,8011281,10,19,264
2023-08-19,8011281,8012316,6,10,342
2023-08-19,8011286,8011286,15,38,44
2023-08-19,8011286,8011889,10,19,77
2023-08-19,8011286,8011991,0,19,0
2023-08-19,8011293,8010241,18,19,477
2023-08-19,8011293,8011293,36,38,338
2023-08-19,8011293,8011307,9,11,196
2023-08-19,8011307,8011205,9,11,215
2023-08-19,8011307,8011293,11,11,562
2023-08-19,8011307,8011307,20,22,394
2023-08-19,8011356,8011356,19,24,262
2023-08-19,8011356,8012710,9,12,405
2023-08-19,8011356,8013177,10,12,115
2023-08-19,8011438,8011044,9,9,477
2023-08-19,8011438,8011438,15,18,318
2023-08-19,8011438,8011536,6,9,133
2023-08-19,8011442,8011442,7,17,42
2023-08-19,8011442,8012474,4,9,33
2023-08-19,8011442,8013018,3,8,41
2023-08-19,8011456,8011456,12,16,111
2023-08-19,8011456,8013131,6,8,101
2023-08-19,8011456,8013162,7,8,158
2023-08-19,8011481,8011481,16,24,246
2023-08-19,8011481,8013322,9,12,135
2023-08-19,8011481,8013373,7,12,352
2023-08-19,8011536,8010179,8,9,137
2023-08-19,8011536,8011438,9,9,533
2023-08-19,8011536,8011536,16,18,343
2023-08-19,8011592,8011592,2,16,4
2023-08-19,8011592,8011908,1,8,8
2023-08-19,8011592,8012274,0,8,0
2023-08-19,8011593,8010188,2,6,30
2023-08-19,8011593,8011593,2,12,15
2023-08-19,8011593,8012612,0,6,0
2023-08-19,8011611,8010300,5,10,267
2023-08-19,8011611,8011611,14,21,327
2023-08-19,8011611,8012762,7,11,371
2023-08-19,8011646,8011025,7,12,132
2023-08-19,8011646,8011646,16,24,298
2023-08-19,8011646,8013051,8,12,420
2023-08-19,8011681,8011681,13,20,399
2023-08-19,8011681,8011994,5,10,267
2023-08-19,8011681,8012262,8,10,555
2023-08-19,8011689,5100145,6,7,266
2023-08-19,8011689,8010213,7,8,278
2023-08-19,8011689,8011689,14,15,288
2023-08-19,8011694,8011694,12,18,232
2023-08-19,8011694,8011723,4,9,70
2023-08-19,8011702,8010141,7,8,341
2023-08-19,8011702,8011702,14,17,251
2023-08-19,8011702,8012902,8,9,147
2023-08-19,8011707,8011707,19,24,302
2023-08-19,8011707,8012710,11,12,262
2023-08-19,8011707,8013322,8,12,375
2023-08-19,8011718,8011718,2,16,11
2023-08-19,8011718,8012274,2,8,8
2023-08-19,8011718,8012954,0,8,0
2023-08-19,8011723,8011694,8,9,390
2023-08-19,8011723,8011723,14,18,243
2023-08-19,8011723,8012021,7,9,103
2023-08-19,8011726,8011726,9,17,49
2023-08-19,8011726,8011951,8,8,45
2023-08-19,8011726,8012474,7,8,71
2023-08-19,8011729,8011270,0,16,0
2023-08-19,8011729,8011729,6,33,15
2023-08-19,8011729,8012841,6,17,25
2023-08-19,8011731,8011731,8,12,88
2023-08-19,8011731,8013293,1,6,45
2023-08-19,8011735,8011735,36,37,250
2023-08-19,8011735,8012609,14,19,175
2023-08-19,8011735,8079629,17,18,265
2023-08-19,8011778,8011778,15,22,269
2023-08-19,8011778,8012316,6,9,200
2023-08-19,8011778,8012762,2,2,345
2023-08-19,8011778,8013062,6,9,197
2023-08-19,8011797,8011797,34,36,295
2023-08-19,8011797,8013040,15,18,380
2023-08-19,8011797,8013105,14,18,252
2023-08-19,8011798,8010156,8,8,41
2023-08-19,8011864,8003774,14,17,162
2023-08-19,8011864,8011864,28,35,173
2023-08-19,8011864,8012268,14,18,178
2023-08-19,8011889,8011286,0,19,0
2023-08-19,8011889,8011889,15,38,43
2023-08-19,8011889,8013339,15,19,98
2023-08-19,8011908,8011592,1,8,8
2023-08-19,8011908,8011908,2,16,8
2023-08-19,8011908,8012737,1,8,8
2023-08-19,8011939,8011939,2,13,23
2023-08-19,8011939,8012517,0,6,0
2023-08-19,8011939,8012949,2,7,43
2023-08-19,8011951,8011726,8,8,112
2023-08-19,8011951,8011951,13,16,105
2023-08-19,8011951,8013069,4,8,38
2023-08-19,8011991,8011286,16,19,87
2023-08-19,8011991,8011991,14,38,41
2023-08-19,8011992,8011992,0,32,0
2023-08-19,8011992,8012617,0,16,0
2023-08-19,8011992,8013133,0,16,0
2023-08-19,8011995,8010176,15,18,353
2023-08-19,8011995,8011995,15,36,178
2023-08-19,8011995,8013040,2,18,3
2023-08-19,8012005,8011114,14,16,105
2023-08-19,8012005,8012005,7,32,41
2023-08-19,8012005,8012827,0,16,0
2023-08-19,8012009,8010156,1,1,60
2023-08-19,8012009,8012009,1,1,60
2023-08-19,8012021,8011044,7,9,113
2023-08-19,8012021,8011723,9,9,453
2023-08-19,8012021,8012021,16,18,297
2023-08-19,8012065,8012065,1,44,1
2023-08-19,8012065,8012086,0,22,0
2023-08-19,8012065,8087027,1,22,3
2023-08-19,8012086,8012065,1,22,3
2023-08-19,8012086,8012086,1,44,1
2023-08-19,8012086,8013385,0,22,0
2023-08-19,8012093,8010201,10,13,235
2023-08-19,8012093,8010399,8,8,180
2023-08-19,8012093,8012093,19,26,190
2023-08-19,8012108,8012108,30,36,291
2023-08-19,8012108,8012729,14,18,235
2023-08-19,8012108,8012840,14,18,328
2023-08-19,8012109,8012109,13,17,134
2023-08-19,8012109,8012143,9,9,157
2023-08-19,8012109,8012856,4,8,90
2023-08-19,8012143,8012109,7,8,120
2023-08-19,8012143,8012143,16,17,154
2023-08-19,8012143,8013072,9,9,220
2023-08-19,8012146,8012146,23,29,202
2023-08-19,8012146,8012832,13,15,206
2023-08-19,8012146,8012843,11,14,214
2023-08-19,8012262,8011681,6,10,216
2023-08-19,8012262,8012262,27,38,241
2023-08-19,8012262,8012716,10,19,330
2023-08-19,8012264,8012264,34,53,140
2023-08-19,8012264,8012321,5,9,350
2023-08-19,8012264,8012384,6,10,36
2023-08-19,8012264,8012940,14,18,142
2023-08-19,8012265,8010267,4,6,35
2023-08-19,8012265,8012265,6,12,38
2023-08-19,8012265,8012612,2,6,30
2023-08-19,8012268,8011864,12,17,161
2023-08-19,8012268,8012268,25,35,167
2023-08-19,8012268,8012902,14,18,170
2023-08-19,8012269,8010153,6,8,60
2023-08-19,8012269,8012269,7,17,74
2023-08-19,8012269,8012362,2,9,90
2023-08-19,8012274,8011592,0,8,0
2023-08-19,8012274,8011718,1,8,4
2023-08-19,8012274,8012274,1,16,2
2023-08-19,8012296,8012296,2,12,25
2023-08-19,8012296,8012517,2,7,43
2023-08-19,8012296,8087006,0,6,0
2023-08-19,8012316,8011281,5,9,183
2023-08-19,8012316,8011778,5,10,300
2023-08-19,8012316,8012316,11,19,256
2023-08-19,8012321,8010381,5,19,125
2023-08-19,8012321,8012264,1,7,266
2023-08-19,8012321,8012321,13,37,136
2023-08-19,8012321,8012384,4,11,33
2023-08-19,8012358,8011694,0,1,0
2023-08-19,8012358,8012358,0,1,0
2023-08-19,8012361,8013409,3,6,15
2023-08-19,8012362,8010322,3,9,93
2023-08-19,8012362,8012269,8,8,68
2023-08-19,8012362,8012362,10,17,81
2023-08-19,8012376,8010241,12,18,113
2023-08-19,8012376,8012376,20,36,91
2023-08-19,8012376,8012758,16,18,103
2023-08-19,8012377,8010300,4,5,240
2023-08-19,8012377,8011140,13,15,824
2023-08-19,8012377,8012377,27,32,486
2023-08-19,8012377,8012818,8,12,182
2023-08-19,8012384,8012264,6,11,44
2023-08-19,8012384,8012321,2,10,9
2023-08-19,8012384,8012384,8,21,31
2023-08-19,8012421,8012421,21,32,142
2023-08-19,8012421,8012555,12,16,128
2023-08-19,8012421,8013017,11,16,178
2023-08-19,8012436,8010199,18,18,132
2023-08-19,8012436,8010348,18,18,230
2023-08-19,8012436,8012436,36,36,154
2023-08-19,8012438,8012438,31,36,302
2023-08-19,8012438,8012840,14,18,252
2023-08-19,8012438,8013105,16,18,350
2023-08-19,8012474,8011442,3,8,41
2023-08-19,8012474,8011726,2,9,17
2023-08-19,8012474,8012474,4,17,28
2023-08-19,8012517,8011939,2,7,43
2023-08-19,8012517,8012296,0,6,0
2023-08-19,8012517,8012517,2,13,23
2023-08-19,8012555,8010339,10,16,114
2023-08-19,8012555,8012421,10,16,169
2023-08-19,8012555,8012555,22,32,141
2023-08-19,8012582,8010300,14,15,396
2023-08-19,8012582,8012582,25,31,311
2023-08-19,8012582,8012584,15,16,294
2023-08-19,8012583,8012584,2,15,200
2023-08-19,8012584,8012582,2,15,314
2023-08-19,8012584,8012583,12,16,266
2023-08-19,8012584,8012584,17,31,300
2023-08-19,8012609,8011031,14,19,226
2023-08-19,8012609,8011735,17,18,310
2023-08-19,8012609,8012609,31,37,242
2023-08-19,8012610,8011213,8,8,330
2023-08-19,8012610,8012610,15,15,334
2023-08-19,8012610,8013393,7,7,411
2023-08-19,8012612,8011593,2,6,30
2023-08-19,8012612,8012265,1,6,10
2023-08-19,8012612,8012612,2,12,15
2023-08-19,8012617,8011992,0,16,0
2023-08-19,8012643,8013354,2,15,8
2023-08-19,8012644,8010188,3,12,28
2023-08-19,8012677,8010156,13,14,401
2023-08-19,8012677,8011248,10,14,317
2023-08-19,8012677,8012677,21,28,358
2023-08-19,8012683,8010210,9,14,201
2023-08-19,8012683,8012683,20,28,191
2023-08-19,8012683,8012684,11,14,214
2023-08-19,8012684,8012683,8,14,131
2023-08-19,8012684,8012684,19,28,174
2023-08-19,8012710,8011356,10,12,172
2023-08-19,8012710,8011707,12,12,400
2023-08-19,8012710,8012710,21,24,320
2023-08-19,8012711,8011017,9,16,180
2023-08-19,8012711,8012711,18,31,196
2023-08-19,8012711,8012835,10,15,182
2023-08-19,8012716,8012262,15,19,156
2023-08-19,8012716,8012716,23,38,234
2023-08-19,8012716,8013073,12,19,328
2023-08-19,8012729,8010016,18,18,328
2023-08-19,8012729,8012108,16,18,373
2023-08-19,8012729,8012729,34,36,318
2023-08-19,8012737,8011908,1,8,4
2023-08-19,8012758,8010227,16,18,118
2023-08-19,8012758,8012376,16,18,117
2023-08-19,8012758,8012758,33,36,130
2023-08-19,8012762,8010300,1,1,420
2023-08-19,8012762,8011027,7,10,378
2023-08-19,8012762,8011611,8,10,231
2023-08-19,8012762,8011778,1,1,30
2023-08-19,8012762,8012762,15,22,275
2023-08-19,8012785,8011270,8,17,32
2023-08-19,8012785,8012785,15,33,35
2023-08-19,8012785,8079629,8,14,47
2023-08-19,8012806,8011140,13,16,137
2023-08-19,8012806,8012806,28,31,455
2023-08-19,8012818,8010300,12,12,280
2023-08-19,8012818,8012377,10,10,237
2023-08-19,8012818,8012818,22,22,247
2023-08-19,8012827,8012005,8,15,88
2023-08-19,8012827,8012827,8,31,46
2023-08-19,8012832,8010210,11,15,184
2023-08-19,8012832,8012146,10,14,197
2023-08-19,8012832,8012832,20,29,193
2023-08-19,8012835,8012711,8,16,189
2023-08-19,8012835,8012835,19,31,189
2023-08-19,8012835,8013104,11,15,186
2023-08-19,8012839,8010179,7,8,199
2023-08-19,8012839,8012839,14,16,161
2023-08-19,8012840,8012108,15,18,237
2023-08-19,8012840,8012438,16,18,350
2023-08-19,8012840,8012840,29,36,293
2023-08-19,8012841,8011729,1,16,2
2023-08-19,8012841,8012841,9,33,15
2023-08-19,8012841,8079604,6,17,19
2023-08-19,8012843,8012146,10,15,182
2023-08-19,8012856,8012002,7,8,135
2023-08-19,8012856,8012109,9,9,177
2023-08-19,8012856,8012856,16,17,136
2023-08-19,8012892,8011109,1,22,3
2023-08-19,8012892,8012892,1,44,1
2023-08-19,8012892,8017349,0,22,0
2023-08-19,8012902,8010141,8,10,156
2023-08-19,8012902,8011702,7,8,281
2023-08-19,8012902,8012268,11,17,166
2023-08-19,8012902,8012902,24,35,166
2023-08-19,8012933,8004177,11,14,392
2023-08-19,8012933,8011230,12,14,426
2023-08-19,8012933,8012933,24,28,424
2023-08-19,8012940,8010325,12,24,46
2023-08-19,8012940,8012264,12,17,300
2023-08-19,8012940,8012940,63,96,220
2023-08-19,8012940,8012951,18,24,300
2023-08-19,8012940,8012953,5,5,66
2023-08-19,8012940,8013186,8,9,467
2023-08-19,8012949,8011939,0,6,0
2023-08-19,8012949,8012949,2,13,23
2023-08-19,8012949,8013232,2,7,43
2023-08-19,8012951,8010156,12,13,367
2023-08-19,8012951,8010173,12,20,126
2023-08-19,8012951,8010325,3,9,70
2023-08-19,8012951,8012940,20,24,486
2023-08-19,8012951,8012951,49,66,299
2023-08-19,8012953,8012940,1,4,22
2023-08-19,8012953,8012953,5,16,22
2023-08-19,8012953,8012960,3,8,30
2023-08-19,8012954,8011718,3,8,30
2023-08-19,8012954,8012954,3,16,15
2023-08-19,8012954,8012960,0,8,0
2023-08-19,8012960,8012953,0,8,0
2023-08-19,8012960,8012954,3,8,30
2023-08-19,8012960,8012960,3,16,15
2023-08-19,8012962,8012962,1,42,1
2023-08-19,8012962,8079084,0,21,0
2023-08-19,8012962,8087025,1,21,1
2023-08-19,8012963,8012963,1,39,1
2023-08-19,8012963,8087025,0,21,0
2023-08-19,8012963,8087026,0,22,0
2023-08-19,8013017,8010241,9,16,158
2023-08-19,8013017,8012421,13,16,111
2023-08-19,8013017,8013017,24,32,138
2023-08-19,8013018,8010267,3,8,38
2023-08-19,8013018,8011442,5,9,37
2023-08-19,8013018,8013018,8,17,37
2023-08-19,8013040,8011797,17,18,80
2023-08-19,8013040,8011995,15,18,350
2023-08-19,8013040,8013040,32,36,199
2023-08-19,8013051,8011646,7,12,140
2023-08-19,8013051,8013051,17,24,270
2023-08-19,8013051,8013177,8,12,412
2023-08-19,8013062,8011017,13,15,228
2023-08-19,8013062,8011778,8,10,264
2023-08-19,8013062,8013062,23,31,227
2023-08-19,8013069,8010156,3,8,30
2023-08-19,8013069,8011951,6,8,169
2023-08-19,8013069,8013069,10,16,101
2023-08-19,8013072,8010273,8,9,160
2023-08-19,8013072,8012143,6,8,98
2023-08-19,8013072,8013072,14,17,157
2023-08-19,8013073,8010173,11,19,322
2023-08-19,8013073,8012716,15,19,142
2023-08-19,8013073,8013073,26,38,235
2023-08-19,8013104,8010210,10,15,174
2023-08-19,8013104,8012835,10,16,202
2023-08-19,8013104,8013104,19,31,186
2023-08-19,8013105,8011797,18,18,463
2023-08-19,8013105,8012438,15,18,255
2023-08-19,8013105,8013105,32,36,337
2023-08-19,8013106,8079604,0,16,0
2023-08-19,8013131,8010179,5,8,112
2023-08-19,8013131,8011456,6,8,128
2023-08-19,8013131,8013131,11,16,131
2023-08-19,8013132,8010392,2,30,5
2023-08-19,8013132,8011108,0,27,0
2023-08-19,8013132,8013132,1,55,2
2023-08-19,8013133,8010392,0,16,0
2023-08-19,8013133,8011992,0,16,0
2023-08-19,8013133,8013133,0,32,0
2023-08-19,8013156,8013162,4,8,75
2023-08-19,8013161,8013161,1,44,1
2023-08-19,8013161,8017349,1,22,3
2023-08-19,8013161,8087027,0,22,0
2023-08-19,8013162,8011456,5,8,75
2023-08-19,8013162,8013156,8,8,158
2023-08-19,8013162,8013162,11,16,107
2023-08-19,8013177,8011356,8,12,415
2023-08-19,8013177,8013051,11,12,122
2023-08-19,8013177,8013177,19,24,264
2023-08-19,8013186,8010051,10,19,218
2023-08-19,8013186,8011215,5,8,52
2023-08-19,8013186,8012264,0,1,0
2023-08-19,8013186,8012940,7,9,463
2023-08-19,8013186,8013186,15,38,234
2023-08-19,8013232,8012949,0,6,0
2023-08-19,8013232,8013232,2,13,23
2023-08-19,8013293,8011731,6,6,130
2023-08-19,8013293,8013293,7,12,60
2023-08-19,8013293,8070946,1,6,40
2023-08-19,8013322,8011481,8,12,368
2023-08-19,8013322,8011707,9,12,150
2023-08-19,8013322,8013322,17,24,260
2023-08-19,8013339,8011889,0,19,0
2023-08-19,8013339,8013339,15,39,27
2023-08-19,8013339,8013340,3,28,10
2023-08-19,8013340,8013339,0,27,0
2023-08-19,8013340,8013340,3,55,5
2023-08-19,8013340,8013341,3,28,6
2023-08-19,8013341,8011108,3,28,6
2023-08-19,8013341,8013340,0,27,0
2023-08-19,8013341,8013341,3,55,3
2023-08-19,8013354,8010325,1,15,0
2023-08-19,8013354,8012643,7,15,48
2023-08-19,8013354,8013354,9,30,34
2023-08-19,8013370,8012009,1,1,60
2023-08-19,8013370,8013370,1,1,60
2023-08-19,8013373,8011481,9,12,142
2023-08-19,8013373,8013373,17,24,244
2023-08-19,8013385,8010392,0,22,0
2023-08-19,8013385,8012086,1,22,3
2023-08-19,8013385,8013385,2,44,3
2023-08-19,8013393,8010213,7,7,356
2023-08-19,8013393,8012610,8,8,262
2023-08-19,8013393,8013393,15,15,324
2023-08-19,8013409,8012361,1,6,35
2023-08-19,8013409,8013409,4,12,28
2023-08-19,8013409,8070946,0,6,0
2023-08-19,8017349,8012892,1,22,3
2023-08-19,8017349,8013161,0,22,0
2023-08-19,8017349,8017349,1,44,1
2023-08-19,8070946,8013293,4,6,35
2023-08-19,8070946,8013409,1,6,40
2023-08-19,8070946,8070946,5,12,30
2023-08-19,8079604,8012841,8,16,19
2023-08-19,8079604,8013106,2,17,5
2023-08-19,8079604,8079604,11,33,14
2023-08-19,8079629,8011735,19,19,227
2023-08-19,8079629,8012785,14,15,172
2023-08-19,8079629,8079629,33,37,218
2023-08-19,8087006,8011015,0,6,0
2023-08-19,8087006,8012296,2,6,50
2023-08-19,8087006,8087006,2,12,25
2023-08-19,8087025,8012962,0,21,0
2023-08-19,8087025,8012963,0,21,0
2023-08-19,8087025,8087025,1,42,1
2023-08-19,8087026,8011109,0,22,0
2023-08-19,8087026,8012963,1,22,3
2023-08-19,8087026,8087026,1,44,1
2023-08-19,8087027,8012065,0,22,0
2023-08-19,8087027,8013161,1,22,3
2023-08-19,8087027,8087027,1,44,1
2023-08-20,8010016,8010016,29,32,133
2023-08-20,8010016,8011031,10,16,135
2023-08-20,8010016,8012729,10,16,124
2023-08-20,8010051,8010051,23,38,63
2023-08-20,8010051,8010153,8,10,102
2023-08-20,8010051,8010322,6,9,100
2023-08-20,8010051,8013186,10,19,39
2023-08-20,8010141,8010141,21,35,122
2023-08-20,8010141,8011702,6,9,110
2023-08-20,8010141,8012651,5,8,172
2023-08-20,8010141,8012902,5,8,128
2023-08-20,8010153,8010051,8,9,43
2023-08-20,8010153,8010153,48,56,101
2023-08-20,8010153,8010201,12,13,141
2023-08-20,8010153,8010284,15,26,63
2023-08-20,8010153,8010322,1,1,240
2023-08-20,8010153,8012269,1,9,3
2023-08-20,8010156,8010156,31,42,386
2023-08-20,8010156,8011798,3,8,22
2023-08-20,8010156,8012677,8,14,191
2023-08-20,8010156,8012951,10,12,1052
2023-08-20,8010156,8013069,5,8,79
2023-08-20,8010173,8010173,24,37,57
2023-08-20,8010173,8012951,13,18,80
2023-08-20,8010173,8013073,10,18,52
2023-08-20,8010173,8013370,1,1,60
2023-08-20,8010176,8010176,16,32,79
2023-08-20,8010176,8010381,12,16,142
2023-08-20,8010176,8011995,4,16,19
2023-08-20,8010179,8010179,28,31,343
2023-08-20,8010179,8011536,8,8,401
2023-08-20,8010179,8012418,4,7,553
2023-08-20,8010179,8012839,7,7,244
2023-08-20,8010179,8013131,7,7,266
2023-08-20,8010188,8010188,3,24,8
2023-08-20,8010188,8011015,1,6,330
2023-08-20,8010188,8011593,0,6,0
2023-08-20,8010188,8012644,2,12,18
2023-08-20,8010199,8010199,21,36,78
2023-08-20,8010199,8010284,10,18,55
2023-08-20,8010199,8012436,14,18,107
2023-08-20,8010201,8010153,10,13,120
2023-08-20,8010201,8010201,18,26,141
2023-08-20,8010201,8012093,12,13,164
2023-08-20,8010210,8010210,25,31,99
2023-08-20,8010210,8012683,12,14,118
2023-08-20,8010210,8012832,12,15,130
2023-08-20,8010210,8013104,12,15,90
2023-08-20,8010213,8010213,11,16,114
2023-08-20,8010213,8011689,2,8,79
2023-08-20,8010213,8013393,8,8,146
2023-08-20,8010227,8010227,22,36,60
2023-08-20,8010227,8010348,17,18,97
2023-08-20,8010227,8012758,16,18,67
2023-08-20,8010241,8010241,39,51,196
2023-08-20,8010241,8011025,8,12,212
2023-08-20,8010241,8011293,14,19,294
2023-08-20,8010241,8012376,7,18,17
2023-08-20,8010241,8013017,11,14,141
2023-08-20,8010267,8012265,2,6,20
2023-08-20,8010267,8013018,3,9,30
2023-08-20,8010273,8010273,14,17,182
2023-08-20,8010273,8010284,5,9,207
2023-08-20,8010273,8013072,7,8,158
2023-08-20,8010284,8010153,23,27,128
2023-08-20,8010284,8010199,16,18,100
2023-08-20,8010284,8010273,3,8,68
2023-08-20,8010284,8010284,34,53,93
2023-08-20,8010300,8010300,43,52,141
2023-08-20,8010300,8011611,7,11,147
2023-08-20,8010300,8012377,3,4,158
2023-08-20,8010300,8012582,14,16,120
2023-08-20,8010300,8012818,10,11,136
2023-08-20,8010322,8010051,5,10,51
2023-08-20,8010322,8010322,25,37,59
2023-08-20,8010322,8011924,6,9,33
2023-08-20,8010322,8012362,7,8,64
2023-08-20,8010325,8010325,13,48,62
2023-08-20,8010325,8012940,3,24,11
2023-08-20,8010325,8012951,4,9,20
2023-08-20,8010325,8013354,6,15,176
2023-08-20,8010339,8010339,20,29,114
2023-08-20,8010339,8011213,14,14,137
2023-08-20,8010339,8012555,8,15,122
2023-08-20,8010348,8010227,4,18,27
2023-08-20,8010348,8010348,32,36,79
2023-08-20,8010348,8012436,8,18,45
2023-08-20,8010381,8010176,3,16,17
2023-08-20,8010381,8012321,1,17,5
2023-08-20,8010392,8010392,1,44,1
2023-08-20,8010392,8013132,0,29,0
2023-08-20,8010392,8013133,0,16,0
2023-08-20,8010392,8013385,1,22,1
2023-08-20,8011015,8010188,0,6,0
2023-08-20,8011015,8011015,1,12,330
2023-08-20,8011015,8087006,1,6,660
2023-08-20,8011017,8011017,21,31,108
2023-08-20,8011017,8012711,13,16,144
2023-08-20,8011017,8013062,11,15,74
2023-08-20,8011025,8010241,6,12,330
2023-08-20,8011025,8011025,13,24,266
2023-08-20,8011025,8011646,7,12,232
2023-08-20,8011027,8011027,12,19,114
2023-08-20,8011027,8011281,6,10,153
2023-08-20,8011027,8012762,4,9,60
2023-08-20,8011031,8010016,14,17,58
2023-08-20,8011031,8011031,21,33,85
2023-08-20,8011031,8012609,10,16,129
2023-08-20,8011044,8010282,1,1,660
2023-08-20,8011044,8011044,10,19,139
2023-08-20,8011044,8011438,2,9,40
2023-08-20,8011044,8012021,7,8,251
2023-08-20,8011108,8011108,3,55,2
2023-08-20,8011108,8013132,2,28,2
2023-08-20,8011108,8013341,1,27,1
2023-08-20,8011109,8011109,0,44,0
2023-08-20,8011109,8012892,0,22,0
2023-08-20,8011109,8087026,0,22,0
2023-08-20,8011114,8012005,0,15,0
2023-08-20,8011140,8011140,29,32,129
2023-08-20,8011140,8012377,15,17,134
2023-08-20,8011140,8012806,14,15,166
2023-08-20,8011205,8010399,7,9,147
2023-08-20,8011205,8011205,15,21,357
2023-08-20,8011205,8011307,7,10,321
2023-08-20,8011213,8010339,9,15,124
2023-08-20,8011213,8011213,27,29,156
2023-08-20,8011213,8012610,5,7,120
2023-08-20,8011230,8011230,22,28,567
2023-08-20,8011230,8011248,11,14,909
2023-08-20,8011230,8012933,12,14,234
2023-08-20,8011248,8011230,9,14,204
2023-08-20,8011248,8011248,21,28,554
2023-08-20,8011248,8012677,13,14,936
2023-08-20,8011270,8011270,11,31,30
2023-08-20,8011270,8011729,10,16,54
2023-08-20,8011270,8012785,2,15,14
2023-08-20,8011281,8011027,3,9,33
2023-08-20,8011281,8011281,9,19,90
2023-08-20,8011281,8012316,6,10,138
2023-08-20,8011286,8011286,15,38,32
2023-08-20,8011286,8011889,9,19,47
2023-08-20,8011286,8011991,0,19,0
2023-08-20,8011293,8010241,12,18,260
2023-08-20,8011293,8011293,29,37,293
2023-08-20,8011293,8011307,8,11,401
2023-08-20,8011307,8011205,9,11,406
2023-08-20,8011307,8011293,7,10,303
2023-08-20,8011307,8011307,16,21,363
2023-08-20,8011356,8011356,16,24,394
2023-08-20,8011356,8012710,7,12,375
2023-08-20,8011356,8013177,9,12,468
2023-08-20,8011438,8011044,8,8,296
2023-08-20,8011438,8011438,10,17,265
2023-08-20,8011438,8011536,2,9,347
2023-08-20,8011442,8011442,9,17,71
2023-08-20,8011442,8012474,6,9,87
2023-08-20,8011442,8013018,4,8,34
2023-08-20,8011456,8011456,13,14,189
2023-08-20,8011456,8013131,7,7,176
2023-08-20,8011456,8013162,7,7,287
2023-08-20,8011481,8011481,18,24,404
2023-08-20,8011481,8013322,11,12,400
2023-08-20,8011481,8013373,6,12,400
2023-08-20,8011536,8010179,4,9,370
2023-08-20,8011536,8011438,8,8,379
2023-08-20,8011536,8011536,10,17,374
2023-08-20,8011592,8011592,3,16,11
2023-08-20,8011592,8011908,2,8,22
2023-08-20,8011592,8012274,1,8,4
2023-08-20,8011593,8010188,1,6,10
2023-08-20,8011593,8011593,1,12,5
2023-08-20,8011593,8012612,0,6,0
2023-08-20,8011611,8010300,6,9,133
2023-08-20,8011611,8011611,14,20,144
2023-08-20,8011611,8012762,7,11,169
2023-08-20,8011646,8011025,6,12,348
2023-08-20,8011646,8011646,14,24,294
2023-08-20,8011646,8013051,7,12,205
2023-08-20,8011681,8011681,13,18,128
2023-08-20,8011681,8011994,5,9,133
2023-08-20,8011681,8012262,7,9,120
2023-08-20,8011689,5100145,2,8,82
2023-08-20,8011689,8010213,6,8,116
2023-08-20,8011689,8011689,8,16,81
2023-08-20,8011694,8011694,8,17,101
2023-08-20,8011694,8011723,1,9,3
2023-08-20,8011702,8010141,5,8,169
2023-08-20,8011702,8011702,11,17,129
2023-08-20,8011702,8012902,7,9,120
2023-08-20,8011707,8011707,20,24,454
2023-08-20,8011707,8012710,12,12,598
2023-08-20,8011707,8013322,8,12,418
2023-08-20,8011718,8011718,1,16,4
2023-08-20,8011718,8012274,1,8,8
2023-08-20,8011718,8012954,1,8,4
2023-08-20,8011723,8011694,6,8,195
2023-08-20,8011723,8011723,7,17,101
2023-08-20,8011723,8012021,3,9,20
2023-08-20,8011726,8011726,11,17,65
2023-08-20,8011726,8011951,7,8,60
2023-08-20,8011726,8012474,7,8,56
2023-08-20,8011729,8011270,1,15,-46
2023-08-20,8011729,8011729,7,31,-5
2023-08-20,8011729,8012841,5,16,26
2023-08-20,8011731,8011731,5,12,32
2023-08-20,8011731,8013293,2,6,25
2023-08-20,8011735,8011735,26,33,102
2023-08-20,8011735,8012609,11,17,44
2023-08-20,8011735,8079629,11,16,122
2023-08-20,8011778,8011778,15,21,111
2023-08-20,8011778,8012316,5,9,87
2023-08-20,8011778,8012762,1,1,120
2023-08-20,8011778,8013062,8,9,133
2023-08-20,8011797,8011797,31,32,143
2023-08-20,8011797,8013040,13,16,156
2023-08-20,8011797,8013105,10,16,111
2023-08-20,8011798,8010156,8,8,45
2023-08-20,8011864,8003774,16,17,161
2023-08-20,8011864,8011864,27,35,136
2023-08-20,8011864,8012268,11,18,98
2023-08-20,8011889,8011286,0,19,0
2023-08-20,8011889,8011889,15,38,31
2023-08-20,8011889,8013339,14,19,76
2023-08-20,8011908,8011592,3,8,15
2023-08-20,8011908,8011908,5,16,22
2023-08-20,8011908,8012737,2,8,19
2023-08-20,8011939,8011939,1,13,208
2023-08-20,8011939,8012517,0,6,0
2023-08-20,8011939,8012949,1,7,369
2023-08-20,8011951,8011726,5,8,86
2023-08-20,8011951,8011951,11,16,69
2023-08-20,8011951,8013069,1,8,4
2023-08-20,8011991,8011286,15,19,60
2023-08-20,8011991,8011991,12,38,27
2023-08-20,8011992,8011992,0,32,0
2023-08-20,8011992,8012617,0,16,0
2023-08-20,8011992,8013133,0,16,0
2023-08-20,8011995,8010176,11,16,141
2023-08-20,8011995,8011995,14,32,80
2023-08-20,8011995,8013040,7,16,26
2023-08-20,8012005,8011114,8,15,62
2023-08-20,8012005,8012005,4,30,24
2023-08-20,8012005,8012827,0,15,0
2023-08-20,8012009,8010156,1,1,60
2023-08-20,8012009,8012009,1,1,60
2023-08-20,8012021,8011044,3,9,40
2023-08-20,8012021,8011723,8,8,255
2023-08-20,8012021,8012021,12,17,148
2023-08-20,8012065,8012065,0,44,0
2023-08-20,8012065,8012086,0,22,0
2023-08-20,8012065,8087027,0,22,0
2023-08-20,8012086,8012065,0,22,0
2023-08-20,8012086,8012086,0,44,0
2023-08-20,8012086,8013385,0,22,0
2023-08-20,8012093,8010201,8,13,127
2023-08-20,8012093,8010399,7,8,135
2023-08-20,8012093,8012093,19,26,150
2023-08-20,8012108,8012108,21,32,288
2023-08-20,8012108,8012729,10,16,107
2023-08-20,8012108,8012840,11,16,452
2023-08-20,8012109,8012109,15,17,164
2023-08-20,8012109,8012143,9,9,157
2023-08-20,8012109,8012856,6,8,139
2023-08-20,8012143,8012109,7,8,172
2023-08-20,8012143,8012143,15,17,180
2023-08-20,8012143,8013072,9,9,293
2023-08-20,8012146,8012146,24,29,129
2023-08-20,8012146,8012832,12,14,141
2023-08-20,8012146,8012843,12,15,128
2023-08-20,8012262,8011681,5,9,80
2023-08-20,8012262,8012262,24,36,66
2023-08-20,8012262,8012716,11,18,75
2023-08-20,8012264,8012264,30,52,50
2023-08-20,8012264,8012321,1,8,4
2023-08-20,8012264,8012384,5,10,54
2023-08-20,8012264,8012940,10,17,35
2023-08-20,8012265,8010267,2,6,10
2023-08-20,8012265,8012265,4,12,18
2023-08-20,8012265,8012612,1,6,10
2023-08-20,8012268,8011864,14,17,162
2023-08-20,8012268,8012268,21,35,120
2023-08-20,8012268,8012902,7,18,85
2023-08-20,8012269,8010153,6,8,75
2023-08-20,8012269,8012269,9,17,41
2023-08-20,8012269,8012362,3,9,10
2023-08-20,8012274,8011592,2,8,11
2023-08-20,8012274,8011718,1,8,8
2023-08-20,8012274,8012274,2,16,9
2023-08-20,8012296,8012296,1,12,302
2023-08-20,8012296,8012517,1,7,480
2023-08-20,8012296,8087006,0,6,0
2023-08-20,8012316,8011281,5,9,60
2023-08-20,8012316,8011778,6,10,111
2023-08-20,8012316,8012316,11,19,109
2023-08-20,8012321,8010381,2,18,15
2023-08-20,8012321,8012264,2,6,40
2023-08-20,8012321,8012321,9,35,17
2023-08-20,8012321,8012384,4,11,14
2023-08-20,8012358,8011694,0,1,0
2023-08-20,8012358,8012358,0,1,0
2023-08-20,8012361,8013409,4,6,20
2023-08-20,8012362,8010322,5,9,17
2023-08-20,8012362,8012269,7,8,71
2023-08-20,8012362,8012362,8,17,37
2023-08-20,8012376,8010241,13,18,70
2023-08-20,8012376,8012376,22,36,41
2023-08-20,8012376,8012758,15,18,50
2023-08-20,8012377,8010300,3,4,128
2023-08-20,8012377,8011140,14,15,142
2023-08-20,8012377,8012377,28,32,121
2023-08-20,8012377,8012818,9,13,99
2023-08-20,8012384,8012264,7,11,22
2023-08-20,8012384,8012321,2,10,36
2023-08-20,8012384,8012384,9,21,33
2023-08-20,8012421,8012421,21,29,126
2023-08-20,8012421,8012555,10,14,129
2023-08-20,8012421,8013017,11,15,138
2023-08-20,8012436,8010199,11,18,62
2023-08-20,8012436,8010348,17,18,155
2023-08-20,8012436,8012436,28,36,88
2023-08-20,8012438,8012438,24,32,297
2023-08-20,8012438,8012840,10,16,122
2023-08-20,8012438,8013105,11,16,469
2023-08-20,8012474,8011442,4,8,38
2023-08-20,8012474,8011726,6,9,73
2023-08-20,8012474,8012474,9,17,56
2023-08-20,8012517,8011939,1,7,420
2023-08-20,8012517,8012296,0,6,0
2023-08-20,8012517,8012517,1,13,245
2023-08-20,8012555,8010339,10,14,107
2023-08-20,8012555,8012421,9,15,132
2023-08-20,8012555,8012555,19,29,120
2023-08-20,8012582,8010300,13,15,104
2023-08-20,8012582,8012582,26,31,87
2023-08-20,8012582,8012584,14,16,129
2023-08-20,8012583,8012584,4,15,24
2023-08-20,8012584,8012582,4,15,16
2023-08-20,8012584,8012583,10,16,96
2023-08-20,8012584,8012584,18,31,70
2023-08-20,8012609,8011031,11,17,48
2023-08-20,8012609,8011735,11,16,148
2023-08-20,8012609,8012609,22,33,90
2023-08-20,8012610,8011213,8,8,172
2023-08-20,8012610,8012610,15,16,114
2023-08-20,8012610,8013393,8,8,158
2023-08-20,8012612,8011593,1,6,10
2023-08-20,8012612,8012265,0,6,0
2023-08-20,8012612,8012612,1,12,5
2023-08-20,8012617,8011992,0,16,0
2023-08-20,8012643,8013354,3,15,12
2023-08-20,8012644,8010188,2,12,28
2023-08-20,8012677,8010156,11,12,1075
2023-08-20,8012677,8011248,8,14,193
2023-08-20,8012677,8012677,22,28,574
2023-08-20,8012677,8012951,2,2,120
2023-08-20,8012683,8010210,7,14,45
2023-08-20,8012683,8012683,17,28,72
2023-08-20,8012683,8012684,11,14,99
2023-08-20,8012684,8012683,5,14,51
2023-08-20,8012684,8012684,16,28,77
2023-08-20,8012710,8011356,12,12,500
2023-08-20,8012710,8011707,10,12,408
2023-08-20,8012710,8012710,21,24,491
2023-08-20,8012711,8011017,5,15,50
2023-08-20,8012711,8012711,16,31,95
2023-08-20,8012711,8012835,12,16,118
2023-08-20,8012716,8012262,11,18,62
2023-08-20,8012716,8012716,19,36,61
2023-08-20,8012716,8013073,12,18,77
2023-08-20,8012729,8010016,15,16,186
2023-08-20,8012729,8012108,11,16,482
2023-08-20,8012729,8012729,24,32,223
2023-08-20,8012737,8011908,3,8,11
2023-08-20,8012758,8010227,15,18,67
2023-08-20,8012758,8012376,14,18,63
2023-08-20,8012758,8012758,31,36,78
2023-08-20,8012762,8010300,1,1,60
2023-08-20,8012762,8011027,8,10,177
2023-08-20,8012762,8011611,7,9,110
2023-08-20,8012762,8011778,1,1,120
2023-08-20,8012762,8012762,14,21,123
2023-08-20,8012785,8011270,7,16,41
2023-08-20,8012785,8012785,12,31,37
2023-08-20,8012785,8079629,4,13,18
2023-08-20,8012806,8011140,15,16,81
2023-08-20,8012806,8012806,29,31,108
2023-08-20,8012818,8010300,13,13,196
2023-08-20,8012818,8012377,8,11,104
2023-08-20,8012818,8012818,24,24,141
2023-08-20,8012827,8012005,5,14,56
2023-08-20,8012827,8012827,5,29,28
2023-08-20,8012832,8010210,10,14,118
2023-08-20,8012832,8012146,12,15,112
2023-08-20,8012832,8012832,21,29,120
2023-08-20,8012835,8012711,6,15,62
2023-08-20,8012835,8012835,16,31,91
2023-08-20,8012835,8013104,10,16,111
2023-08-20,8012839,8010179,7,7,279
2023-08-20,8012839,8012839,14,14,264
2023-08-20,8012840,8012108,13,16,129
2023-08-20,8012840,8012438,11,16,465
2023-08-20,8012840,8012840,24,32,299
2023-08-20,8012841,8011729,1,15,10
2023-08-20,8012841,8012841,9,31,16
2023-08-20,8012841,8079604,7,16,24
2023-08-20,8012843,8012146,10,14,116
2023-08-20,8012856,8012002,6,8,154
2023-08-20,8012856,8012109,9,9,193
2023-08-20,8012856,8012856,15,17,175
2023-08-20,8012892,8011109,0,22,0
2023-08-20,8012892,8012892,0,44,0
2023-08-20,8012892,8017349,0,22,0
2023-08-20,8012902,8010141,5,10,69
2023-08-20,8012902,8011702,6,8,150
2023-08-20,8012902,8012268,11,17,139
2023-08-20,8012902,8012902,21,35,109
2023-08-20,8012933,8004177,9,14,210
2023-08-20,8012933,8011230,12,14,926
2023-08-20,8012933,8012933,21,28,573
2023-08-20,8012940,8010325,8,24,116
2023-08-20,8012940,8012264,10,16,64
2023-08-20,8012940,8012940,49,94,207
2023-08-20,8012940,8012951,15,23,112
2023-08-20,8012940,8012953,4,5,30
2023-08-20,8012940,8013186,8,9,183
2023-08-20,8012949,8011939,0,6,0
2023-08-20,8012949,8012949,1,13,189
2023-08-20,8012949,8013232,1,7,351
2023-08-20,8012951,8010156,8,13,189
2023-08-20,8012951,8010173,6,19,25
2023-08-20,8012951,8010325,1,9,7
2023-08-20,8012951,8012940,18,23,584
2023-08-20,8012951,8012951,38,64,255
2023-08-20,8012953,8012940,1,4,68
2023-08-20,8012953,8012953,5,16,15
2023-08-20,8012953,8012960,2,8,15
2023-08-20,8012954,8011718,2,8,11
2023-08-20,8012954,8012954,3,16,9
2023-08-20,8012954,8012960,1,8,4
2023-08-20,8012960,8012953,0,8,0
2023-08-20,8012960,8012954,2,8,15
2023-08-20,8012960,8012960,3,16,9
2023-08-20,8012962,8012962,0,42,0
2023-08-20,8012962,8079084,0,21,0
2023-08-20,8012962,8087025,0,21,0
2023-08-20,8012963,8012963,0,39,0
2023-08-20,8012963,8087025,0,21,0
2023-08-20,8012963,8087026,0,22,0
2023-08-20,8013017,8010241,10,15,130
2023-08-20,8013017,8012421,8,14,116
2023-08-20,8013017,8013017,21,29,134
2023-08-20,8013018,8010267,3,8,15
2023-08-20,8013018,8011442,6,9,97
2023-08-20,8013018,8013018,9,17,55
2023-08-20,8013040,8011797,14,16,82
2023-08-20,8013040,8011995,11,16,129
2023-08-20,8013040,8013040,27,32,98
2023-08-20,8013051,8011646,6,12,358
2023-08-20,8013051,8013051,17,24,302
2023-08-20,8013051,8013177,7,12,210
2023-08-20,8013062,8011017,14,16,159
2023-08-20,8013062,8011778,10,10,114
2023-08-20,8013062,8013062,26,31,115
2023-08-20,8013069,8010156,1,8,4
2023-08-20,8013069,8011951,5,8,109
2023-08-20,8013069,8013069,6,16,56
2023-08-20,8013072,8010273,9,9,257
2023-08-20,8013072,8012143,6,8,120
2023-08-20,8013072,8013072,16,17,219
2023-08-20,8013073,8010173,9,18,57
2023-08-20,8013073,8012716,10,18,47
2023-08-20,8013073,8013073,21,36,57
2023-08-20,8013104,8010210,10,16,101
2023-08-20,8013104,8012835,6,15,62
2023-08-20,8013104,8013104,16,31,79
2023-08-20,8013105,8011797,16,16,244
2023-08-20,8013105,8012438,13,16,131
2023-08-20,8013105,8013105,26,32,241
2023-08-20,8013106,8079604,0,15,0
2023-08-20,8013131,8010179,7,7,214
2023-08-20,8013131,8011456,7,7,253
2023-08-20,8013131,8013131,14,14,249
2023-08-20,8013132,8010392,1,30,2
2023-08-20,8013132,8011108,1,27,1
2023-08-20,8013132,8013132,1,55,1
2023-08-20,8013133,8010392,0,16,0
2023-08-20,8013133,8011992,0,16,0
2023-08-20,8013133,8013133,0,32,0
2023-08-20,8013156,8013162,7,7,150
2023-08-20,8013161,8013161,0,44,0
2023-08-20,8013161,8017349,0,22,0
2023-08-20,8013161,8087027,0,22,0
2023-08-20,8013162,8011456,4,7,73
2023-08-20,8013162,8013156,7,7,287
2023-08-20,8013162,8013162,14,14,186
2023-08-20,8013177,8011356,9,12,280
2023-08-20,8013177,8013051,9,12,460
2023-08-20,8013177,8013177,16,24,341
2023-08-20,8013186,8010051,6,19,63
2023-08-20,8013186,8011215,4,8,41
2023-08-20,8013186,8012264,1,1,90
2023-08-20,8013186,8012940,6,9,140
2023-08-20,8013186,8013186,13,38,48
2023-08-20,8013232,8012949,0,6,0
2023-08-20,8013232,8013232,1,13,189
2023-08-20,8013293,8011731,3,6,45
2023-08-20,8013293,8013293,5,12,20
2023-08-20,8013293,8070946,2,6,15
2023-08-20,8013322,8011481,8,12,418
2023-08-20,8013322,8011707,12,12,410
2023-08-20,8013322,8013322,20,24,419
2023-08-20,8013339,8011889,0,19,0
2023-08-20,8013339,8013339,15,37,20
2023-08-20,8013339,8013340,3,28,3
2023-08-20,8013340,8013339,1,27,2
2023-08-20,8013340,8013340,4,55,2
2023-08-20,8013340,8013341,0,28,0
2023-08-20,8013341,8011108,2,28,2
2023-08-20,8013341,8013340,0,27,0
2023-08-20,8013341,8013341,3,55,2
2023-08-20,8013354,8010325,3,15,14
2023-08-20,8013354,8012643,6,15,164
2023-08-20,8013354,8013354,10,30,94
2023-08-20,8013370,8012009,1,1,60
2023-08-20,8013370,8013370,1,1,60
2023-08-20,8013373,8011481,12,12,400
2023-08-20,8013373,8013373,18,24,401
2023-08-20,8013385,8010392,0,22,0
2023-08-20,8013385,8012086,0,22,0
2023-08-20,8013385,8013385,1,44,1
2023-08-20,8013393,8010213,3,8,94
2023-08-20,8013393,8012610,5,8,82
2023-08-20,8013393,8013393,14,16,118
2023-08-20,8013409,8012361,1,6,10
2023-08-20,8013409,8013409,5,12,15
2023-08-20,8013409,8070946,1,6,5
2023-08-20,8017349,8012892,0,22,0
2023-08-20,8017349,8013161,0,22,0
2023-08-20,8017349,8017349,0,44,0
2023-08-20,8070946,8013293,6,6,30
2023-08-20,8070946,8013409,1,6,10
2023-08-20,8070946,8070946,8,12,25
2023-08-20,8079604,8012841,3,15,6
2023-08-20,8079604,8013106,4,16,15
2023-08-20,8079604,8079604,9,31,13
2023-08-20,8079629,8011735,17,17,79
2023-08-20,8079629,8012785,10,14,96
2023-08-20,8079629,8079629,27,33,78
2023-08-20,8087006,8011015,0,6,0
2023-08-20,8087006,8012296,1,6,640
2023-08-20,8087006,8087006,1,12,330
2023-08-20,8087025,8012962,0,21,0
2023-08-20,8087025,8012963,0,21,0
2023-08-20,8087025,8087025,0,42,0
2023-08-20,8087026,8011109,0,22,0
2023-08-20,8087026,8012963,0,22,0
2023-08-20,8087026,8087026,0,44,0
2023-08-20,8087027,8012065,0,22,0
2023-08-20,8087027,8013161,0,22,0
2023-08-20,8087027,8087027,0,44,0
2023-08-21,8010016,8010016,34,36,100
2023-08-21,8010016,8011031,14,24,74
2023-08-21,8010016,8012729,8,18,77
2023-08-21,8010051,8010051,25,42,162
2023-08-21,8010051,8010153,7,9,70
2023-08-21,8010051,8010322,10,12,378
2023-08-21,8010051,8012264,2,2,90
2023-08-21,8010051,8013186,10,19,92
2023-08-21,8010141,8010141,25,38,148
2023-08-21,8010141,8011702,7,11,183
2023-08-21,8010141,8012651,6,9,130
2023-08-21,8010141,8012902,6,8,142
2023-08-21,8010153,8010051,7,9,40
2023-08-21,8010153,8010153,50,57,153
2023-08-21,8010153,8010201,10,10,174
2023-08-21,8010153,8010284,16,36,56
2023-08-21,8010153,8011215,0,1,0
2023-08-21,8010153,8012269,4,18,25
2023-08-21,8010156,8010156,44,55,224
2023-08-21,8010156,8011230,0,1,-30
2023-08-21,8010156,8011798,4,13,35
2023-08-21,8010156,8012009,3,4,172
2023-08-21,8010156,8012474,3,4,158
2023-08-21,8010156,8012677,10,14,229
2023-08-21,8010156,8012951,10,10,573
2023-08-21,8010156,8013069,4,10,183
2023-08-21,8010173,8010173,38,52,190
2023-08-21,8010173,8012951,17,26,163
2023-08-21,8010173,8013073,17,21,231
2023-08-21,8010173,8013370,4,5,270
2023-08-21,8010176,8010176,18,36,62
2023-08-21,8010176,8010381,13,18,85
2023-08-21,8010176,8011995,5,18,42
2023-08-21,8010179,8010179,36,42,327
2023-08-21,8010179,8011536,10,10,846
2023-08-21,8010179,8012418,4,8,131
2023-08-21,8010179,8012839,11,11,183
2023-08-21,8010179,8013131,9,11,210
2023-08-21,8010199,8010199,20,36,82
2023-08-21,8010199,8010284,11,18,65
2023-08-21,8010199,8012436,13,18,103
2023-08-21,8010201,8010153,9,10,396
2023-08-21,8010201,8010201,16,20,297
2023-08-21,8010201,8012093,9,10,156
2023-08-21,8010210,8010210,22,38,78
2023-08-21,8010210,8012683,10,17,106
2023-08-21,8010210,8012832,12,19,93
2023-08-21,8010210,8013104,11,19,47
2023-08-21,8010213,8010213,14,17,238
2023-08-21,8010213,8011689,5,8,262
2023-08-21,8010213,8013393,8,9,207
2023-08-21,8010227,8010227,20,36,74
2023-08-21,8010227,8010348,18,18,128
2023-08-21,8010227,8012758,17,19,63
2023-08-21,8010241,8010241,57,65,246
2023-08-21,8010241,8011025,15,17,383
2023-08-21,8010241,8011293,18,19,311
2023-08-21,8010241,8012376,10,18,45
2023-08-21,8010241,8013017,13,17,259
2023-08-21,8010267,8013018,3,17,26
2023-08-21,8010273,8010273,26,36,68
2023-08-21,8010273,8010284,8,18,28
2023-08-21,8010273,8013072,14,18,83
2023-08-21,8010284,8010153,28,36,88
2023-08-21,8010284,8010199,9,18,102
2023-08-21,8010284,8010273,5,18,27
2023-08-21,8010284,8010284,36,72,64
2023-08-21,8010300,8010300,50,58,206
2023-08-21,8010300,8011611,9,15,210
2023-08-21,8010300,8012377,3,4,218
2023-08-21,8010300,8012582,14,17,198
2023-08-21,8010300,8012818,12,12,230
2023-08-21,8010322,8010051,6,12,122
2023-08-21,8010322,8010322,39,60,136
2023-08-21,8010322,8011924,13,18,82
2023-08-21,8010322,8012362,11,18,73
2023-08-21,8010325,8010325,30,59,77
2023-08-21,8010325,8012940,12,30,36
2023-08-21,8010325,8012951,9,11,265
2023-08-21,8010325,8013354,11,18,47
2023-08-21,8010339,8010339,26,34,202
2023-08-21,8010339,8011213,15,17,274
2023-08-21,8010339,8012555,12,17,208
2023-08-21,8010348,8010153,0,1,0
2023-08-21,8010348,8010227,3,18,32
2023-08-21,8010348,8010348,34,36,92
2023-08-21,8010348,8012436,7,18,53
2023-08-21,8010381,8010176,4,18,37
2023-08-21,8010381,8012321,3,21,6
2023-08-21,8010392,8010392,7,43,93
2023-08-21,8010392,8013132,0,28,0
2023-08-21,8010392,8013133,0,18,0
2023-08-21,8010392,8013385,7,22,177
2023-08-21,8011015,8087006,0,5,0
2023-08-21,8011017,8011017,26,38,107
2023-08-21,8011017,8012711,18,19,177
2023-08-21,8011017,8013062,7,19,33
2023-08-21,8011025,8010241,11,17,148
2023-08-21,8011025,8011025,24,34,242
2023-08-21,8011025,8011646,14,17,353
2023-08-21,8011027,8011027,11,21,119
2023-08-21,8011027,8011281,7,11,131
2023-08-21,8011027,8012762,3,10,90
2023-08-21,8011031,8010016,19,25,89
2023-08-21,8011031,8011031,29,49,71
2023-08-21,8011031,8012609,10,24,64
2023-08-21,8011044,8011044,14,20,429
2023-08-21,8011044,8011438,5,10,135
2023-08-21,8011044,8012021,9,10,729
2023-08-21,8011108,8011108,11,54,94
2023-08-21,8011108,8013132,11,28,181
2023-08-21,8011108,8013341,0,26,0
2023-08-21,8011109,8011109,7,43,79
2023-08-21,8011109,8012892,0,21,0
2023-08-21,8011109,8087026,7,22,150
2023-08-21,8011114,8012005,0,17,0
2023-08-21,8011140,8011140,28,34,223
2023-08-21,8011140,8012377,15,18,223
2023-08-21,8011140,8012806,14,16,244
2023-08-21,8011205,8010399,9,9,337
2023-08-21,8011205,8011205,21,22,431
2023-08-21,8011205,8011307,11,11,573
2023-08-21,8011213,8010339,9,17,111
2023-08-21,8011213,8011213,30,34,216
2023-08-21,8011213,8012610,6,8,289
2023-08-21,8011213,8012839,1,2,90
2023-08-21,8011230,8004177,0,1,0
2023-08-21,8011230,8011230,24,31,285
2023-08-21,8011230,8011248,15,16,364
2023-08-21,8011230,8012933,10,14,249
2023-08-21,8011248,8011230,8,14,216
2023-08-21,8011248,8011248,23,30,305
2023-08-21,8011248,8012677,14,16,409
2023-08-21,8011270,8011270,11,35,15
2023-08-21,8011270,8011729,11,17,39
2023-08-21,8011270,8012785,0,18,0
2023-08-21,8011281,8011027,3,10,90
2023-08-21,8011281,8011281,10,21,104
2023-08-21,8011281,8012316,7,11,109
2023-08-21,8011286,8011286,17,38,197
2023-08-21,8011286,8011889,14,19,379
2023-08-21,8011286,8011991,0,19,0
2023-08-21,8011293,8010241,19,19,456
2023-08-21,8011293,8011293,37,38,394
2023-08-21,8011293,8011307,10,11,281
2023-08-21,8011307,8011205,10,11,256
2023-08-21,8011307,8011293,11,11,570
2023-08-21,8011307,8011307,21,22,417
2023-08-21,8011356,8011356,28,34,228
2023-08-21,8011356,8012710,11,17,298
2023-08-21,8011356,8013177,16,17,205
2023-08-21,8011438,8011044,9,10,762
2023-08-21,8011438,8011438,14,20,465
2023-08-21,8011438,8011536,4,10,132
2023-08-21,8011442,8011442,7,18,63
2023-08-21,8011442,8012474,4,9,70
2023-08-21,8011442,8013018,4,9,57
2023-08-21,8011456,8011456,16,22,145
2023-08-21,8011456,8013131,11,11,128
2023-08-21,8011456,8013162,9,11,218
2023-08-21,8011481,8011481,27,34,152
2023-08-21,8011481,8013322,15,17,97
2023-08-21,8011481,8013373,12,17,198
2023-08-21,8011536,8010179,5,10,129
2023-08-21,8011536,8011438,10,10,834
2023-08-21,8011536,8011536,14,20,488
2023-08-21,8011592,8011592,7,28,25
2023-08-21,8011592,8011908,2,14,28
2023-08-21,8011592,8012274,6,15,20
2023-08-21,8011611,8010300,7,13,157
2023-08-21,8011611,8011611,19,28,190
2023-08-21,8011611,8012762,9,13,219
2023-08-21,8011646,8011025,12,17,145
2023-08-21,8011646,8011646,25,34,249
2023-08-21,8011646,8013051,13,17,319
2023-08-21,8011681,8011681,12,20,177
2023-08-21,8011681,8011994,8,10,96
2023-08-21,8011681,8012262,5,10,270
2023-08-21,8011689,5100145,4,8,232
2023-08-21,8011689,8010213,7,9,180
2023-08-21,8011689,8011689,12,17,210
2023-08-21,8011694,8011694,25,38,291
2023-08-21,8011694,8011723,13,19,202
2023-08-21,8011694,8011953,4,9,37
2023-08-21,8011694,8012358,10,10,732
2023-08-21,8011702,8010141,6,9,130
2023-08-21,8011702,8011702,11,20,150
2023-08-21,8011702,8012902,6,11,153
2023-08-21,8011707,8011707,30,34,253
2023-08-21,8011707,8012710,16,17,326
2023-08-21,8011707,8013322,15,17,242
2023-08-21,8011718,8011718,11,30,25
2023-08-21,8011718,8012274,2,15,28
2023-08-21,8011718,8012954,6,15,18
2023-08-21,8011723,8011694,10,19,366
2023-08-21,8011723,8011723,24,38,281
2023-08-21,8011723,8012021,5,10,102
2023-08-21,8011726,8011726,11,18,80
2023-08-21,8011726,8011951,6,8,82
2023-08-21,8011726,8012474,7,9,93
2023-08-21,8011729,8011270,0,18,0
2023-08-21,8011729,8011729,6,35,10
2023-08-21,8011729,8012841,4,17,14
2023-08-21,8011731,8011731,9,12,105
2023-08-21,8011731,8013293,5,6,130
2023-08-21,8011735,8011735,39,49,94
2023-08-21,8011735,8012609,16,25,64
2023-08-21,8011735,8079629,13,24,81
2023-08-21,8011778,8011778,15,26,105
2023-08-21,8011778,8012316,6,10,90
2023-08-21,8011778,8012762,2,3,110
2023-08-21,8011778,8013062,6,10,96
2023-08-21,8011778,8013352,2,2,240
2023-08-21,8011797,8011797,36,36,110
2023-08-21,8011797,8013040,11,18,93
2023-08-21,8011797,8013105,9,18,65
2023-08-21,8011798,8010156,12,13,55
2023-08-21,8011864,8003774,13,19,131
2023-08-21,8011864,8011864,21,38,112
2023-08-21,8011864,8012268,8,19,87
2023-08-21,8011889,8011286,0,19,0
2023-08-21,8011889,8011889,16,38,196
2023-08-21,8011889,8013339,16,19,404
2023-08-21,8011908,8011592,7,14,30
2023-08-21,8011908,8011908,9,28,33
2023-08-21,8011908,8012737,2,14,28
2023-08-21,8011939,8011939,0,14,0
2023-08-21,8011939,8012517,0,7,0
2023-08-21,8011939,8012949,0,7,0
2023-08-21,8011951,8011726,8,9,157
2023-08-21,8011951,8011951,10,19,136
2023-08-21,8011951,8012474,0,1,0
2023-08-21,8011951,8013069,4,9,50
2023-08-21,8011953,8011694,8,9,313
2023-08-21,8011953,8011953,16,19,180
2023-08-21,8011953,8012358,8,9,90
2023-08-21,8011991,8011286,17,19,390
2023-08-21,8011991,8011991,16,38,191
2023-08-21,8011992,8011992,0,36,0
2023-08-21,8011992,8012617,0,18,0
2023-08-21,8011992,8013133,0,18,0
2023-08-21,8011995,8010176,10,18,83
2023-08-21,8011995,8011995,14,36,62
2023-08-21,8011995,8013040,12,18,58
2023-08-21,8012005,8011114,12,17,39
2023-08-21,8012005,8012005,5,34,11
2023-08-21,8012005,8012827,0,17,0
2023-08-21,8012009,8010156,2,5,240
2023-08-21,8012009,8012009,5,9,207
2023-08-21,8012009,8013370,3,4,158
2023-08-21,8012021,8011044,5,10,102
2023-08-21,8012021,8011723,10,10,723
2023-08-21,8012021,8012021,15,20,428
2023-08-21,8012065,8012065,7,43,81
2023-08-21,8012065,8012086,0,21,0
2023-08-21,8012065,8087027,7,22,158
2023-08-21,8012086,8012065,7,22,161
2023-08-21,8012086,8012086,7,43,86
2023-08-21,8012086,8013385,0,21,0
2023-08-21,8012093,8010201,8,10,426
2023-08-21,8012093,8010399,9,9,173
2023-08-21,8012093,8012093,16,20,272
2023-08-21,8012108,8012108,17,36,70
2023-08-21,8012108,8012729,9,18,68
2023-08-21,8012108,8012840,7,18,63
2023-08-21,8012109,8012109,26,36,73
2023-08-21,8012109,8012143,15,18,70
2023-08-21,8012109,8012856,12,18,58
2023-08-21,8012143,8012109,14,18,82
2023-08-21,8012143,8012143,30,36,90
2023-08-21,8012143,8013072,17,18,145
2023-08-21,8012146,8012146,20,38,69
2023-08-21,8012146,8012832,9,19,57
2023-08-21,8012146,8012843,11,19,88
2023-08-21,8012262,8011681,6,10,84
2023-08-21,8012262,8012262,26,43,190
2023-08-21,8012262,8012716,10,22,173
2023-08-21,8012264,8010051,1,2,75
2023-08-21,8012264,8012264,35,58,91
2023-08-21,8012264,8012321,5,10,135
2023-08-21,8012264,8012384,8,12,65
2023-08-21,8012264,8012940,18,20,100
2023-08-21,8012268,8011864,12,19,128
2023-08-21,8012268,8012268,19,38,110
2023-08-21,8012268,8012902,8,19,76
2023-08-21,8012269,8010153,18,18,113
2023-08-21,8012269,8012269,25,36,74
2023-08-21,8012269,8012362,7,18,37
2023-08-21,8012274,8011592,1,15,24
2023-08-21,8012274,8011718,7,15,20
2023-08-21,8012274,8012274,8,30,27
2023-08-21,8012296,8012296,0,10,0
2023-08-21,8012296,8012517,0,7,0
2023-08-21,8012296,8087006,0,5,0
2023-08-21,8012316,8011281,7,10,87
2023-08-21,8012316,8011778,4,11,63
2023-08-21,8012316,8012316,13,21,86
2023-08-21,8012321,8010381,4,22,45
2023-08-21,8012321,8012264,2,8,34
2023-08-21,8012321,8012321,17,43,55
2023-08-21,8012321,8012384,9,13,88
2023-08-21,8012358,8011694,7,9,137
2023-08-21,8012358,8011953,9,10,303
2023-08-21,8012358,8012358,41,46,278
2023-08-21,8012358,8013352,6,10,57
2023-08-21,8012361,8013409,3,6,20
2023-08-21,8012362,8010322,5,18,38
2023-08-21,8012362,8012269,11,18,80
2023-08-21,8012362,8012362,16,36,58
2023-08-21,8012376,8010241,11,19,66
2023-08-21,8012376,8012376,18,37,50
2023-08-21,8012376,8012758,16,18,78
2023-08-21,8012377,8010300,5,5,342
2023-08-21,8012377,8011140,14,16,229
2023-08-21,8012377,8012377,28,34,215
2023-08-21,8012377,8012818,9,13,155
2023-08-21,8012384,8012264,8,13,90
2023-08-21,8012384,8012321,2,12,40
2023-08-21,8012384,8012384,12,25,70
2023-08-21,8012421,8012421,28,34,239
2023-08-21,8012421,8012555,14,17,259
2023-08-21,8012421,8013017,14,17,238
2023-08-21,8012436,8010199,11,18,70
2023-08-21,8012436,8010348,17,18,158
2023-08-21,8012436,8012436,27,36,91
2023-08-21,8012438,8012438,18,36,76
2023-08-21,8012438,8012840,10,18,80
2023-08-21,8012438,8013105,8,18,73
2023-08-21,8012474,8010156,3,4,105
2023-08-21,8012474,8011442,4,9,60
2023-08-21,8012474,8011726,4,9,67
2023-08-21,8012474,8011951,0,1,0
2023-08-21,8012474,8012474,12,33,63
2023-08-21,8012474,8013018,3,7,64
2023-08-21,8012517,8011939,0,7,0
2023-08-21,8012517,8012296,0,7,0
2023-08-21,8012517,8012517,0,14,0
2023-08-21,8012555,8010339,13,17,236
2023-08-21,8012555,8012421,14,17,226
2023-08-21,8012555,8012555,28,34,230
2023-08-21,8012582,8010300,15,16,120
2023-08-21,8012582,8012582,26,33,144
2023-08-21,8012582,8012584,13,17,199
2023-08-21,8012583,8012584,2,16,79
2023-08-21,8012584,8012582,4,16,77
2023-08-21,8012584,8012583,11,17,180
2023-08-21,8012584,8012584,17,33,138
2023-08-21,8012609,8011031,16,25,67
2023-08-21,8012609,8011735,18,24,99
2023-08-21,8012609,8012609,33,49,71
2023-08-21,8012610,8011213,9,9,230
2023-08-21,8012610,8012610,17,17,242
2023-08-21,8012610,8013393,8,8,322
2023-08-21,8012617,8011992,0,18,0
2023-08-21,8012643,8013354,10,18,20
2023-08-21,8012677,8010156,13,14,448
2023-08-21,8012677,8011248,8,14,199
2023-08-21,8012677,8012677,24,30,313
2023-08-21,8012677,8012951,1,2,60
2023-08-21,8012683,8010210,4,17,26
2023-08-21,8012683,8012683,13,34,58
2023-08-21,8012683,8012684,9,17,86
2023-08-21,8012684,8012683,2,17,19
2023-08-21,8012684,8012684,9,34,51
2023-08-21,8012710,8011356,16,17,240
2023-08-21,8012710,8011707,15,17,302
2023-08-21,8012710,8012710,28,34,313
2023-08-21,8012711,8011017,7,19,21
2023-08-21,8012711,8012711,24,38,99
2023-08-21,8012711,8012835,17,19,153
2023-08-21,8012716,8012262,17,21,206
2023-08-21,8012716,8012716,28,43,184
2023-08-21,8012716,8013073,12,22,170
2023-08-21,8012729,8010016,18,18,145
2023-08-21,8012729,8012108,10,18,87
2023-08-21,8012729,8012729,28,36,92
2023-08-21,8012737,8011908,8,14,36
2023-08-21,8012758,8010227,15,18,90
2023-08-21,8012758,8012376,13,19,57
2023-08-21,8012758,8012758,34,37,88
2023-08-21,8012762,8010300,1,1,300
2023-08-21,8012762,8011027,7,11,145
2023-08-21,8012762,8011611,6,11,106
2023-08-21,8012762,8011778,2,2,285
2023-08-21,8012762,8012762,11,26,140
2023-08-21,8012785,8011270,6,17,21
2023-08-21,8012785,8012785,10,35,18
2023-08-21,8012785,8079629,2,14,9
2023-08-21,8012806,8011140,14,17,199
2023-08-21,8012806,8012806,27,33,188
2023-08-21,8012806,8079629,4,5,258
2023-08-21,8012818,8010300,13,13,222
2023-08-21,8012818,8012377,11,12,210
2023-08-21,8012818,8012818,25,25,211
2023-08-21,8012827,8012005,5,16,22
2023-08-21,8012827,8012827,4,33,11
2023-08-21,8012832,8010210,6,19,41
2023-08-21,8012832,8012146,13,19,76
2023-08-21,8012832,8012832,18,38,64
2023-08-21,8012835,8012711,8,19,33
2023-08-21,8012835,8012835,26,38,99
2023-08-21,8012835,8013104,18,19,164
2023-08-21,8012839,8010179,10,11,142
2023-08-21,8012839,8011213,3,3,80
2023-08-21,8012839,8012839,21,22,160
2023-08-21,8012840,8012108,10,18,77
2023-08-21,8012840,8012438,8,18,72
2023-08-21,8012840,8012840,17,36,78
2023-08-21,8012841,8011729,0,18,0
2023-08-21,8012841,8012841,4,35,6
2023-08-21,8012841,8079604,4,17,9
2023-08-21,8012843,8012146,8,19,51
2023-08-21,8012856,8012002,16,18,85
2023-08-21,8012856,8012109,18,18,93
2023-08-21,8012856,8012856,33,36,75
2023-08-21,8012892,8011109,7,22,154
2023-08-21,8012892,8012892,7,43,80
2023-08-21,8012892,8017349,0,21,0
2023-08-21,8012902,8010141,6,10,93
2023-08-21,8012902,8011702,6,9,90
2023-08-21,8012902,8012268,10,19,129
2023-08-21,8012902,8012902,19,38,99
2023-08-21,8012933,8004177,10,14,242
2023-08-21,8012933,8011230,14,16,347
2023-08-21,8012933,8012933,22,30,290
2023-08-21,8012940,8010325,16,29,130
2023-08-21,8012940,8012264,12,19,141
2023-08-21,8012940,8012940,75,110,166
2023-08-21,8012940,8012951,14,25,150
2023-08-21,8012940,8012953,6,10,51
2023-08-21,8012940,8013186,9,10,513
2023-08-21,8012949,8011939,0,7,0
2023-08-21,8012949,8012949,0,14,0
2023-08-21,8012949,8013232,0,7,0
2023-08-21,8012951,8010156,8,10,177
2023-08-21,8012951,8010173,17,26,201
2023-08-21,8012951,8010325,8,12,70
2023-08-21,8012951,8012940,19,26,352
2023-08-21,8012951,8012951,51,74,226
2023-08-21,8012953,8012940,2,9,10
2023-08-21,8012953,8012953,9,30,28
2023-08-21,8012953,8012960,5,15,44
2023-08-21,8012954,8011718,7,15,44
2023-08-21,8012954,8012954,8,30,27
2023-08-21,8012954,8012960,2,15,8
2023-08-21,8012960,8012953,1,15,4
2023-08-21,8012960,8012954,5,15,44
2023-08-21,8012960,8012960,7,30,25
2023-08-21,8012962,8012962,4,42,51
2023-08-21,8012962,8079084,4,21,103
2023-08-21,8012962,8087025,0,21,0
2023-08-21,8012963,8012963,6,39,70
2023-08-21,8012963,8087025,4,21,100
2023-08-21,8012963,8087026,0,21,0
2023-08-21,8013017,8010241,14,17,203
2023-08-21,8013017,8012421,14,17,254
2023-08-21,8013017,8013017,29,34,244
2023-08-21,8013018,8010267,7,16,56
2023-08-21,8013018,8011442,3,9,63
2023-08-21,8013018,8012474,1,8,4
2023-08-21,8013018,8013018,11,33,44
2023-08-21,8013040,8011797,18,18,115
2023-08-21,8013040,8011995,9,18,75
2023-08-21,8013040,8013040,28,36,86
2023-08-21,8013051,8011646,11,17,138
2023-08-21,8013051,8013051,28,34,228
2023-08-21,8013051,8013177,12,17,284
2023-08-21,8013062,8011017,18,19,172
2023-08-21,8013062,8011778,10,11,104
2023-08-21,8013062,8013062,28,38,85
2023-08-21,8013069,8010156,5,9,70
2023-08-21,8013069,8011951,5,10,198
2023-08-21,8013069,8013069,9,19,128
2023-08-21,8013072,8010273,17,18,110
2023-08-21,8013072,8012143,9,18,53
2023-08-21,8013072,8013072,25,36,100
2023-08-21,8013073,8010173,9,22,154
2023-08-21,8013073,8012716,15,21,207
2023-08-21,8013073,8013073,24,43,189
2023-08-21,8013104,8010210,14,19,123
2023-08-21,8013104,8012835,8,19,35
2023-08-21,8013104,8013104,22,38,86
2023-08-21,8013105,8011797,18,18,182
2023-08-21,8013105,8012438,10,18,83
2023-08-21,8013105,8013105,27,36,106
2023-08-21,8013106,8079604,1,18,3
2023-08-21,8013131,8010179,10,11,172
2023-08-21,8013131,8011456,9,11,202
2023-08-21,8013131,8013131,18,22,195
2023-08-21,8013132,8010392,10,30,155
2023-08-21,8013132,8011108,0,26,0
2023-08-21,8013132,8013132,10,54,87
2023-08-21,8013133,8010392,0,18,0
2023-08-21,8013133,8011992,0,18,0
2023-08-21,8013133,8013133,0,36,0
2023-08-21,8013156,8013162,6,11,155
2023-08-21,8013161,8013161,7,43,77
2023-08-21,8013161,8017349,6,22,145
2023-08-21,8013161,8087027,0,21,0
2023-08-21,8013162,8011456,8,11,82
2023-08-21,8013162,8013156,9,11,224
2023-08-21,8013162,8013162,14,22,164
2023-08-21,8013177,8011356,13,17,298
2023-08-21,8013177,8013051,16,17,196
2023-08-21,8013177,8013177,29,34,258
2023-08-21,8013186,8010051,11,19,240
2023-08-21,8013186,8011215,4,8,68
2023-08-21,8013186,8012264,0,1,0
2023-08-21,8013186,8012940,7,9,157
2023-08-21,8013186,8013186,18,38,170
2023-08-21,8013232,8012949,0,7,0
2023-08-21,8013232,8013232,0,14,0
2023-08-21,8013293,8011731,4,6,45
2023-08-21,8013293,8013293,7,12,65
2023-08-21,8013293,8070946,4,6,100
2023-08-21,8013322,8011481,15,17,221
2023-08-21,8013322,8011707,15,17,139
2023-08-21,8013322,8013322,29,34,180
2023-08-21,8013339,8011889,0,19,0
2023-08-21,8013339,8013339,16,37,172
2023-08-21,8013339,8013340,11,28,189
2023-08-21,8013340,8013339,0,26,0
2023-08-21,8013340,8013340,11,54,98
2023-08-21,8013340,8013341,10,28,177
2023-08-21,8013341,8011108,11,28,181
2023-08-21,8013341,8013340,0,26,0
2023-08-21,8013341,8013341,11,54,94
2023-08-21,8013352,8011778,1,2,30
2023-08-21,8013352,8012358,9,10,120
2023-08-21,8013352,8013352,14,20,70
2023-08-21,8013354,8010325,8,18,13
2023-08-21,8013354,8012643,6,18,32
2023-08-21,8013354,8013354,18,36,32
2023-08-21,8013370,8010173,3,4,150
2023-08-21,8013370,8012009,2,5,246
2023-08-21,8013370,8013370,7,9,207
2023-08-21,8013373,8011481,15,17,102
2023-08-21,8013373,8013373,25,34,143
2023-08-21,8013385,8010392,0,21,0
2023-08-21,8013385,8012086,7,22,175
2023-08-21,8013385,8013385,7,43,91
2023-08-21,8013393,8010213,6,8,270
2023-08-21,8013393,8012610,8,9,170
2023-08-21,8013393,8013393,15,17,233
2023-08-21,8013409,8012361,4,6,115
2023-08-21,8013409,8013409,6,12,65
2023-08-21,8013409,8070946,1,6,5
2023-08-21,8017349,8012892,7,22,160
2023-08-21,8017349,8013161,0,21,0
2023-08-21,8017349,8017349,7,43,77
2023-08-21,8070946,8013293,4,6,35
2023-08-21,8070946,8013409,4,6,115
2023-08-21,8070946,8070946,7,12,65
2023-08-21,8079604,8012841,9,18,17
2023-08-21,8079604,8013106,2,17,7
2023-08-21,8079604,8079604,13,35,13
2023-08-21,8079629,8011735,25,25,116
2023-08-21,8079629,8012785,11,15,84
2023-08-21,8079629,8012806,6,6,80
2023-08-21,8079629,8079629,40,49,84
2023-08-21,8087006,8011015,0,5,0
2023-08-21,8087006,8012296,0,5,0
2023-08-21,8087006,8087006,0,10,0
2023-08-21,8087025,8012962,4,21,103
2023-08-21,8087025,8012963,0,21,0
2023-08-21,8087025,8087025,4,42,50
2023-08-21,8087026,8011109,0,21,0
2023-08-21,8087026,8012963,7,22,157
2023-08-21,8087026,8087026,7,43,79
2023-08-21,8087027,8012065,0,21,0
2023-08-21,8087027,8013161,7,22,157
2023-08-21,8087027,8087027,7,43,81
2023-08-22,8010016,8010016,33,36,87
2023-08-22,8010016,8011031,9,24,62
2023-08-22,8010016,8012729,7,18,57
2023-08-22,8010051,8010051,24,42,77
2023-08-22,8010051,8010153,7,10,75
2023-08-22,8010051,8010322,9,11,95
2023-08-22,8010051,8012264,2,2,90
2023-08-22,8010051,8013186,10,19,65
2023-08-22,8010141,8010141,22,38,77
2023-08-22,8010141,8011702,7,11,25
2023-08-22,8010141,8012651,5,9,57
2023-08-22,8010141,8012902,7,8,180
2023-08-22,8010153,8010051,6,9,33
2023-08-22,8010153,8010153,47,57,121
2023-08-22,8010153,8010201,7,10,261
2023-08-22,8010153,8010284,13,36,48
2023-08-22,8010153,8010322,1,1,210
2023-08-22,8010153,8012269,4,18,10
2023-08-22,8010156,8010156,47,55,241
2023-08-22,8010156,8011230,1,1,60
2023-08-22,8010156,8011798,7,13,482
2023-08-22,8010156,8012009,3,4,112
2023-08-22,8010156,8012474,3,4,105
2023-08-22,8010156,8012677,10,14,77
2023-08-22,8010156,8012951,10,10,246
2023-08-22,8010156,8013069,5,10,192
2023-08-22,8010173,8010173,46,52,112
2023-08-22,8010173,8012951,24,26,156
2023-08-22,8010173,8013073,15,21,93
2023-08-22,8010173,8013370,5,5,144
2023-08-22,8010176,8010176,13,36,27
2023-08-22,8010176,8010381,9,18,53
2023-08-22,8010176,8011995,3,18,7
2023-08-22,8010179,8010179,37,42,264
2023-08-22,8010179,8011536,10,10,549
2023-08-22,8010179,8012418,7,8,218
2023-08-22,8010179,8012839,8,11,145
2023-08-22,8010179,8013131,10,11,224
2023-08-22,8010199,8010199,20,36,74
2023-08-22,8010199,8010284,8,18,60
2023-08-22,8010199,8012436,12,18,90
2023-08-22,8010201,8010153,7,10,96
2023-08-22,8010201,8010201,13,20,160
2023-08-22,8010201,8012093,9,10,225
2023-08-22,8010210,8010210,30,38,308
2023-08-22,8010210,8012683,10,17,228
2023-08-22,8010210,8012832,14,19,368
2023-08-22,8010210,8013104,15,19,273
2023-08-22,8010213,8010213,17,17,201
2023-08-22,8010213,8011689,8,8,191
2023-08-22,8010213,8013393,9,9,200
2023-08-22,8010227,8010227,23,36,68
2023-08-22,8010227,8010348,16,18,130
2023-08-22,8010227,8012758,16,19,54
2023-08-22,8010241,8010241,50,65,100
2023-08-22,8010241,8011025,11,17,90
2023-08-22,8010241,8011293,19,19,161
2023-08-22,8010241,8012376,5,18,17
2023-08-22,8010241,8013017,11,17,145
2023-08-22,8010267,8013018,7,17,138
2023-08-22,8010273,8010273,32,36,150
2023-08-22,8010273,8010284,15,18,178
2023-08-22,8010273,8013072,15,18,85
2023-08-22,8010284,8010153,30,36,148
2023-08-22,8010284,8010199,8,18,87
2023-08-22,8010284,8010273,7,18,37
2023-08-22,8010284,8010284,38,72,95
2023-08-22,8010300,8010300,56,58,366
2023-08-22,8010300,8011611,14,15,398
2023-08-22,8010300,8012377,4,4,240
2023-08-22,8010300,8012582,15,17,349
2023-08-22,8010300,8012818,11,12,278
2023-08-22,8010322,8010051,10,12,138
2023-08-22,8010322,8010322,45,60,94
2023-08-22,8010322,8011924,12,18,37
2023-08-22,8010322,8012362,13,18,115
2023-08-22,8010325,8010325,22,59,27
2023-08-22,8010325,8012940,12,30,36
2023-08-22,8010325,8012951,4,11,25
2023-08-22,8010325,8013354,9,18,28
2023-08-22,8010339,8010339,23,34,102
2023-08-22,8010339,8011213,15,17,146
2023-08-22,8010339,8012555,9,17,85
2023-08-22,8010348,8010227,5,18,25
2023-08-22,8010348,8010348,32,36,94
2023-08-22,8010348,8012436,8,18,67
2023-08-22,8010381,8010176,0,18,0
2023-08-22,8010381,8012321,3,21,4
2023-08-22,8010392,8010392,4,43,10
2023-08-22,8010392,8013132,0,28,0
2023-08-22,8010392,8013133,0,18,0
2023-08-22,8010392,8013385,4,22,20
2023-08-22,8011015,8087006,0,5,0
2023-08-22,8011017,8011017,26,38,302
2023-08-22,8011017,8012711,17,19,381
2023-08-22,8011017,8013062,11,19,248
2023-08-22,8011025,8010241,8,17,58
2023-08-22,8011025,8011025,15,34,58
2023-08-22,8011025,8011646,9,17,83
2023-08-22,8011027,8011027,18,21,403
2023-08-22,8011027,8011281,9,11,434
2023-08-22,8011027,8012762,8,10,357
2023-08-22,8011031,8010016,20,25,128
2023-08-22,8011031,8011031,28,49,88
2023-08-22,8011031,8012609,8,24,58
2023-08-22,8011044,8011044,15,20,273
2023-08-22,8011044,8011438,6,10,111
2023-08-22,8011044,8012021,9,10,429
2023-08-22,8011108,8011108,6,54,46
2023-08-22,8011108,8013132,5,28,87
2023-08-22,8011108,8013341,1,26,1
2023-08-22,8011109,8011109,3,43,8
2023-08-22,8011109,8012892,0,21,0
2023-08-22,8011109,8087026,3,22,14
2023-08-22,8011114,8012005,0,17,0
2023-08-22,8011140,8011140,31,34,325
2023-08-22,8011140,8012377,17,18,362
2023-08-22,8011140,8012806,14,16,319
2023-08-22,8011205,8010399,9,9,157
2023-08-22,8011205,8011205,20,22,154
2023-08-22,8011205,8011307,10,11,175
2023-08-22,8011213,8010339,11,17,90
2023-08-22,8011213,8011213,31,34,144
2023-08-22,8011213,8012610,7,8,221
2023-08-22,8011213,8012839,2,2,45
2023-08-22,8011230,8004177,1,1,60
2023-08-22,8011230,8011230,26,31,124
2023-08-22,8011230,8011248,16,16,167
2023-08-22,8011230,8012933,9,14,99
2023-08-22,8011248,8011230,7,14,66
2023-08-22,8011248,8011248,24,30,124
2023-08-22,8011248,8012677,15,16,172
2023-08-22,8011270,8011270,17,35,71
2023-08-22,8011270,8011729,13,17,116
2023-08-22,8011270,8012785,4,18,38
2023-08-22,8011281,8011027,7,10,348
2023-08-22,8011281,8011281,17,21,397
2023-08-22,8011281,8012316,10,11,393
2023-08-22,8011286,8011286,16,38,117
2023-08-22,8011286,8011889,14,19,218
2023-08-22,8011286,8011991,0,19,0
2023-08-22,8011293,8010241,18,19,126
2023-08-22,8011293,8011293,37,38,147
2023-08-22,8011293,8011307,11,11,136
2023-08-22,8011307,8011205,10,11,136
2023-08-22,8011307,8011293,10,11,166
2023-08-22,8011307,8011307,19,22,154
2023-08-22,8011356,8011356,26,34,102
2023-08-22,8011356,8012710,11,17,67
2023-08-22,8011356,8013177,16,17,155
2023-08-22,8011438,8011044,9,10,459
2023-08-22,8011438,8011438,16,20,304
2023-08-22,8011438,8011536,6,10,108
2023-08-22,8011442,8011442,14,18,228
2023-08-22,8011442,8012474,6,9,283
2023-08-22,8011442,8013018,8,9,180
2023-08-22,8011456,8011456,15,22,158
2023-08-22,8011456,8013131,8,11,101
2023-08-22,8011456,8013162,10,11,232
2023-08-22,8011481,8011481,27,34,132
2023-08-22,8011481,8013322,16,17,180
2023-08-22,8011481,8013373,10,17,81
2023-08-22,8011536,8010179,5,10,117
2023-08-22,8011536,8011438,10,10,528
2023-08-22,8011536,8011536,16,20,322
2023-08-22,8011592,8011592,4,28,6
2023-08-22,8011592,8011908,0,14,0
2023-08-22,8011592,8012274,3,15,8
2023-08-22,8011611,8010300,12,13,390
2023-08-22,8011611,8011611,26,28,402
2023-08-22,8011611,8012762,13,13,464
2023-08-22,8011646,8011025,10,17,62
2023-08-22,8011646,8011646,20,34,84
2023-08-22,8011646,8013051,11,17,76
2023-08-22,8011681,8011681,12,20,94
2023-08-22,8011681,8011994,6,10,72
2023-08-22,8011681,8012262,8,10,156
2023-08-22,8011689,5100145,5,8,150
2023-08-22,8011689,8010213,8,9,173
2023-08-22,8011689,8011689,14,17,150
2023-08-22,8011694,8011694,29,38,185
2023-08-22,8011694,8011723,15,19,139
2023-08-22,8011694,8011953,6,9,50
2023-08-22,8011694,8012358,10,10,462
2023-08-22,8011702,8010141,4,9,53
2023-08-22,8011702,8011702,5,20,26
2023-08-22,8011702,8012902,3,11,-5
2023-08-22,8011707,8011707,28,34,195
2023-08-22,8011707,8012710,16,17,341
2023-08-22,8011707,8013322,14,17,115
2023-08-22,8011718,8011718,7,30,8
2023-08-22,8011718,8012274,1,15,4
2023-08-22,8011718,8012954,6,15,16
2023-08-22,8011723,8011694,11,19,213
2023-08-22,8011723,8011723,25,38,172
2023-08-22,8011723,8012021,6,10,120
2023-08-22,8011726,8011726,12,18,197
2023-08-22,8011726,8011951,7,8,439
2023-08-22,8011726,8012474,7,9,133
2023-08-22,8011729,8011270,4,18,35
2023-08-22,8011729,8011729,15,35,63
2023-08-22,8011729,8012841,6,17,74
2023-08-22,8011731,8011731,8,12,48
2023-08-22,8011731,8013293,2,6,20
2023-08-22,8011735,8011735,41,49,127
2023-08-22,8011735,8012609,20,25,112
2023-08-22,8011735,8079629,16,24,118
2023-08-22,8011778,8011778,21,26,383
2023-08-22,8011778,8012316,7,10,417
2023-08-22,8011778,8012762,2,3,120
2023-08-22,8011778,8013062,8,10,480
2023-08-22,8011778,8013352,2,2,150
2023-08-22,8011797,8011797,34,36,74
2023-08-22,8011797,8013040,11,18,62
2023-08-22,8011797,8013105,6,18,33
2023-08-22,8011798,8010156,12,13,187
2023-08-22,8011864,8003774,12,19,98
2023-08-22,8011864,8011864,18,38,82
2023-08-22,8011864,8012268,6,19,62
2023-08-22,8011889,8011286,0,19,0
2023-08-22,8011889,8011889,16,38,115
2023-08-22,8011889,8013339,16,19,246
2023-08-22,8011908,8011592,3,14,13
2023-08-22,8011908,8011908,2,28,6
2023-08-22,8011908,8012737,0,14,0
2023-08-22,8011939,8011939,0,14,0
2023-08-22,8011939,8012517,0,7,0
2023-08-22,8011939,8012949,0,7,0
2023-08-22,8011951,8011726,9,9,203
2023-08-22,8011951,8011951,16,19,374
2023-08-22,8011951,8012474,1,1,960
2023-08-22,8011951,8013069,6,9,510
2023-08-22,8011953,8011694,8,9,143
2023-08-22,8011953,8011953,18,20,98
2023-08-22,8011953,8012358,9,10,117
2023-08-22,8011991,8011286,16,19,226
2023-08-22,8011991,8011991,15,38,108
2023-08-22,8011992,8011992,0,36,0
2023-08-22,8011992,8012617,0,18,0
2023-08-22,8011992,8013133,0,18,0
2023-08-22,8011995,8010176,6,18,40
2023-08-22,8011995,8011995,8,36,22
2023-08-22,8011995,8013040,8,18,17
2023-08-22,8012005,8011114,14,17,127
2023-08-22,8012005,8012005,6,34,52
2023-08-22,8012005,8012827,0,17,0
2023-08-22,8012009,8010156,5,5,132
2023-08-22,8012009,8012009,7,9,113
2023-08-22,8012009,8013370,3,4,98
2023-08-22,8012021,8011044,8,10,132
2023-08-22,8012021,8011723,10,10,456
2023-08-22,8012021,8012021,18,20,302
2023-08-22,8012065,8012065,3,43,8
2023-08-22,8012065,8012086,0,21,0
2023-08-22,8012065,8087027,3,22,15
2023-08-22,8012086,8012065,3,22,16
2023-08-22,8012086,8012086,3,43,8
2023-08-22,8012086,8013385,0,21,0
2023-08-22,8012093,8010201,7,10,87
2023-08-22,8012093,8010399,9,9,197
2023-08-22,8012093,8012093,16,20,152
2023-08-22,8012108,8012108,14,36,42
2023-08-22,8012108,8012729,6,18,28
2023-08-22,8012108,8012840,6,18,47
2023-08-22,8012109,8012109,31,36,139
2023-08-22,8012109,8012143,18,18,205
2023-08-22,8012109,8012856,13,18,95
2023-08-22,8012143,8012109,18,18,115
2023-08-22,8012143,8012143,35,36,171
2023-08-22,8012143,8013072,18,18,280
2023-08-22,8012146,8012146,29,38,371
2023-08-22,8012146,8012832,14,19,365
2023-08-22,8012146,8012843,17,19,396
2023-08-22,8012262,8011681,4,10,63
2023-08-22,8012262,8012262,26,43,93
2023-08-22,8012262,8012716,11,22,80
2023-08-22,8012264,8010051,1,2,75
2023-08-22,8012264,8012264,36,58,52
2023-08-22,8012264,8012321,4,10,93
2023-08-22,8012264,8012384,10,12,42
2023-08-22,8012264,8012940,18,20,58
2023-08-22,8012268,8011864,13,19,96
2023-08-22,8012268,8012268,18,38,80
2023-08-22,8012268,8012902,5,19,55
2023-08-22,8012269,8010153,15,18,135
2023-08-22,8012269,8012269,19,36,76
2023-08-22,8012269,8012362,5,18,15
2023-08-22,8012274,8011592,2,15,6
2023-08-22,8012274,8011718,4,15,8
2023-08-22,8012274,8012274,7,30,8
2023-08-22,8012296,8012296,0,10,0
2023-08-22,8012296,8012517,0,7,0
2023-08-22,8012296,8087006,0,5,0
2023-08-22,8012316,8011281,10,10,411
2023-08-22,8012316,8011778,6,11,371
2023-08-22,8012316,8012316,18,21,387
2023-08-22,8012321,8010381,5,22,7
2023-08-22,8012321,8012264,0,8,0
2023-08-22,8012321,8012321,16,43,28
2023-08-22,8012321,8012384,8,13,48
2023-08-22,8012358,8011694,10,10,171
2023-08-22,8012358,8011953,9,10,129
2023-08-22,8012358,8012358,41,48,222
2023-08-22,8012358,8013352,7,11,98
2023-08-22,8012361,8013409,5,6,25
2023-08-22,8012362,8010322,5,18,17
2023-08-22,8012362,8012269,16,18,133
2023-08-22,8012362,8012362,19,36,74
2023-08-22,8012376,8010241,9,19,90
2023-08-22,8012376,8012376,17,37,60
2023-08-22,8012376,8012758,14,18,73
2023-08-22,8012377,8010300,5,5,402
2023-08-22,8012377,8011140,14,16,281
2023-08-22,8012377,8012377,32,34,314
2023-08-22,8012377,8012818,13,13,353
2023-08-22,8012384,8012264,10,13,62
2023-08-22,8012384,8012321,5,12,20
2023-08-22,8012384,8012384,17,25,48
2023-08-22,8012421,8012421,24,34,116
2023-08-22,8012421,8012555,15,17,152
2023-08-22,8012421,8013017,11,17,106
2023-08-22,8012436,8010199,11,18,75
2023-08-22,8012436,8010348,16,18,148
2023-08-22,8012436,8012436,27,36,92
2023-08-22,8012438,8012438,15,36,47
2023-08-22,8012438,8012840,6,18,37
2023-08-22,8012438,8013105,8,18,55
2023-08-22,8012474,8010156,4,4,532
2023-08-22,8012474,8011442,8,9,183
2023-08-22,8012474,8011726,6,9,263
2023-08-22,8012474,8011951,1,1,60
2023-08-22,8012474,8012474,21,33,225
2023-08-22,8012474,8013018,4,7,300
2023-08-22,8012517,8011939,0,7,0
2023-08-22,8012517,8012296,0,7,0
2023-08-22,8012517,8012517,0,14,0
2023-08-22,8012555,8010339,12,17,122
2023-08-22,8012555,8012421,9,17,95
2023-08-22,8012555,8012555,24,34,115
2023-08-22,8012582,8010300,12,16,142
2023-08-22,8012582,8012582,26,33,220
2023-08-22,8012582,8012584,15,17,348
2023-08-22,8012583,8012584,2,16,41
2023-08-22,8012584,8012582,3,16,52
2023-08-22,8012584,8012583,15,17,339
2023-08-22,8012584,8012584,17,33,196
2023-08-22,8012609,8011031,17,25,107
2023-08-22,8012609,8011735,18,24,85
2023-08-22,8012609,8012609,35,49,90
2023-08-22,8012610,8011213,9,9,207
2023-08-22,8012610,8012610,17,17,201
2023-08-22,8012610,8013393,8,8,262
2023-08-22,8012617,8011992,0,18,0
2023-08-22,8012643,8013354,5,18,8
2023-08-22,8012677,8010156,13,14,184
2023-08-22,8012677,8011248,9,14,71
2023-08-22,8012677,8012677,24,30,126
2023-08-22,8012677,8012951,2,2,105
2023-08-22,8012683,8010210,7,17,136
2023-08-22,8012683,8012683,15,34,178
2023-08-22,8012683,8012684,9,17,210
2023-08-22,8012684,8012683,6,17,139
2023-08-22,8012684,8012684,15,34,175
2023-08-22,8012710,8011356,15,17,245
2023-08-22,8012710,8011707,14,17,94
2023-08-22,8012710,8012710,28,34,215
2023-08-22,8012711,8011017,11,19,232
2023-08-22,8012711,8012711,28,38,313
2023-08-22,8012711,8012835,16,19,357
2023-08-22,8012716,8012262,19,21,114
2023-08-22,8012716,8012716,28,43,84
2023-08-22,8012716,8013073,12,22,85
2023-08-22,8012729,8010016,17,18,102
2023-08-22,8012729,8012108,10,18,68
2023-08-22,8012729,8012729,27,36,62
2023-08-22,8012737,8011908,2,14,11
2023-08-22,8012758,8010227,11,18,83
2023-08-22,8012758,8012376,14,19,109
2023-08-22,8012758,8012758,30,37,101
2023-08-22,8012762,8010300,1,1,420
2023-08-22,8012762,8011027,10,11,442
2023-08-22,8012762,8011611,9,11,349
2023-08-22,8012762,8011778,2,2,180
2023-08-22,8012762,8012762,20,26,351
2023-08-22,8012785,8011270,10,17,99
2023-08-22,8012785,8012785,16,35,75
2023-08-22,8012785,8079629,5,14,62
2023-08-22,8012806,8011140,16,17,295
2023-08-22,8012806,8012806,31,33,272
2023-08-22,8012806,8079629,5,5,282
2023-08-22,8012818,8010300,13,13,411
2023-08-22,8012818,8012377,9,12,248
2023-08-22,8012818,8012818,24,25,331
2023-08-22,8012827,8012005,6,16,111
2023-08-22,8012827,8012827,5,33,53
2023-08-22,8012832,8010210,11,19,336
2023-08-22,8012832,8012146,12,19,341
2023-08-22,8012832,8012832,24,38,343
2023-08-22,8012835,8012711,12,19,251
2023-08-22,8012835,8012835,26,38,298
2023-08-22,8012835,8013104,17,19,349
2023-08-22,8012839,8010179,10,11,232
2023-08-22,8012839,8011213,3,3,70
2023-08-22,8012839,8012839,20,22,187
2023-08-22,8012840,8012108,8,18,33
2023-08-22,8012840,8012438,7,18,53
2023-08-22,8012840,8012840,14,36,45
2023-08-22,8012841,8011729,4,18,35
2023-08-22,8012841,8012841,9,35,44
2023-08-22,8012841,8079604,6,17,67
2023-08-22,8012843,8012146,14,19,363
2023-08-22,8012856,8012002,18,18,128
2023-08-22,8012856,8012109,18,18,183
2023-08-22,8012856,8012856,36,36,141
2023-08-22,8012892,8011109,3,22,15
2023-08-22,8012892,8012892,3,43,8
2023-08-22,8012892,8017349,0,21,0
2023-08-22,8012902,8010141,4,10,63
2023-08-22,8012902,8011702,5,9,50
2023-08-22,8012902,8012268,7,19,88
2023-08-22,8012902,8012902,14,38,64
2023-08-22,8012933,8004177,10,14,79
2023-08-22,8012933,8011230,16,16,174
2023-08-22,8012933,8012933,24,30,135
2023-08-22,8012940,8010325,12,29,23
2023-08-22,8012940,8012264,16,19,118
2023-08-22,8012940,8012940,71,110,89
2023-08-22,8012940,8012951,19,25,94
2023-08-22,8012940,8012953,5,10,33
2023-08-22,8012940,8013186,10,10,189
2023-08-22,8012949,8011939,0,7,0
2023-08-22,8012949,8012949,0,14,0
2023-08-22,8012949,8013232,0,7,0
2023-08-22,8012951,8010156,9,10,93
2023-08-22,8012951,8010173,20,26,77
2023-08-22,8012951,8010325,8,12,72
2023-08-22,8012951,8012940,26,26,220
2023-08-22,8012951,8012951,63,74,130
2023-08-22,8012953,8012940,2,9,7
2023-08-22,8012953,8012953,8,30,23
2023-08-22,8012953,8012960,4,15,54
2023-08-22,8012954,8011718,4,15,24
2023-08-22,8012954,8012954,6,30,26
2023-08-22,8012954,8012960,2,15,8
2023-08-22,8012960,8012953,1,15,2
2023-08-22,8012960,8012954,4,15,48
2023-08-22,8012960,8012960,6,30,29
2023-08-22,8012962,8012962,2,42,4
2023-08-22,8012962,8079084,0,21,0
2023-08-22,8012962,8087025,2,21,7
2023-08-22,8012963,8012963,4,39,6
2023-08-22,8012963,8087025,0,21,0
2023-08-22,8012963,8087026,0,21,0
2023-08-22,8013017,8010241,11,17,79
2023-08-22,8013017,8012421,11,17,139
2023-08-22,8013017,8013017,24,34,124
2023-08-22,8013018,8010267,11,16,240
2023-08-22,8013018,8011442,7,9,283
2023-08-22,8013018,8012474,2,8,15
2023-08-22,8013018,8013018,20,33,195
2023-08-22,8013040,8011797,17,18,58
2023-08-22,8013040,8011995,6,18,38
2023-08-22,8013040,8013040,25,36,42
2023-08-22,8013051,8011646,11,17,78
2023-08-22,8013051,8013051,26,34,94
2023-08-22,8013051,8013177,11,17,79
2023-08-22,8013062,8011017,17,19,363
2023-08-22,8013062,8011778,10,11,417
2023-08-22,8013062,8013062,29,38,291
2023-08-22,8013069,8010156,7,9,517
2023-08-22,8013069,8011951,8,10,231
2023-08-22,8013069,8013069,14,19,352
2023-08-22,8013072,8010273,17,18,243
2023-08-22,8013072,8012143,9,18,53
2023-08-22,8013072,8013072,27,36,162
2023-08-22,8013073,8010173,15,22,89
2023-08-22,8013073,8012716,19,21,87
2023-08-22,8013073,8013073,30,43,87
2023-08-22,8013104,8010210,15,19,341
2023-08-22,8013104,8012835,10,19,237
2023-08-22,8013104,8013104,24,38,283
2023-08-22,8013105,8011797,18,18,147
2023-08-22,8013105,8012438,8,18,42
2023-08-22,8013105,8013105,24,36,74
2023-08-22,8013106,8079604,0,18,0
2023-08-22,8013131,8010179,9,11,142
2023-08-22,8013131,8011456,10,11,226
2023-08-22,8013131,8013131,18,22,192
2023-08-22,8013132,8010392,6,30,77
2023-08-22,8013132,8011108,1,26,1
2023-08-22,8013132,8013132,6,54,42
2023-08-22,8013133,8010392,0,18,0
2023-08-22,8013133,8011992,0,18,0
2023-08-22,8013133,8013133,0,36,0
2023-08-22,8013156,8013162,7,11,150
2023-08-22,8013161,8013161,3,43,6
2023-08-22,8013161,8017349,3,22,8
2023-08-22,8013161,8087027,0,21,0
2023-08-22,8013162,8011456,5,11,131
2023-08-22,8013162,8013156,10,11,243
2023-08-22,8013162,8013162,16,22,185
2023-08-22,8013177,8011356,11,17,90
2023-08-22,8013177,8013051,16,17,143
2023-08-22,8013177,8013177,27,34,118
2023-08-22,8013186,8010051,8,19,76
2023-08-22,8013186,8011215,1,8,4
2023-08-22,8013186,8012264,0,1,0
2023-08-22,8013186,8012940,6,9,83
2023-08-22,8013186,8013186,15,38,66
2023-08-22,8013232,8012949,0,7,0
2023-08-22,8013232,8013232,0,14,0
2023-08-22,8013293,8011731,5,6,70
2023-08-22,8013293,8013293,5,12,25
2023-08-22,8013293,8070946,2,6,15
2023-08-22,8013322,8011481,14,17,109
2023-08-22,8013322,8011707,16,17,221
2023-08-22,8013322,8013322,29,34,159
2023-08-22,8013339,8011889,0,19,0
2023-08-22,8013339,8013339,17,37,96
2023-08-22,8013339,8013340,7,28,91
2023-08-22,8013340,8013339,1,26,2
2023-08-22,8013340,8013340,8,54,48
2023-08-22,8013340,8013341,5,28,84
2023-08-22,8013341,8011108,5,28,87
2023-08-22,8013341,8013340,0,26,0
2023-08-22,8013341,8013341,6,54,46
2023-08-22,8013352,8011778,2,2,105
2023-08-22,8013352,8012358,7,10,87
2023-08-22,8013352,8013352,14,21,67
2023-08-22,8013354,8010325,3,18,15
2023-08-22,8013354,8012643,8,18,18
2023-08-22,8013354,8013354,13,36,22
2023-08-22,8013370,8010173,4,4,112
2023-08-22,8013370,8012009,4,5,126
2023-08-22,8013370,8013370,5,9,110
2023-08-22,8013373,8011481,16,17,178
2023-08-22,8013373,8013373,27,34,129
2023-08-22,8013385,8010392,0,21,0
2023-08-22,8013385,8012086,3,22,16
2023-08-22,8013385,8013385,4,43,10
2023-08-22,8013393,8010213,8,8,199
2023-08-22,8013393,8012610,9,9,150
2023-08-22,8013393,8013393,17,17,198
2023-08-22,8013409,8012361,1,6,10
2023-08-22,8013409,8013409,6,12,18
2023-08-22,8013409,8070946,1,6,5
2023-08-22,8017349,8012892,3,22,16
2023-08-22,8017349,8013161,0,21,0
2023-08-22,8017349,8017349,3,43,6
2023-08-22,8070946,8013293,5,6,30
2023-08-22,8070946,8013409,1,6,10
2023-08-22,8070946,8070946,6,12,20
2023-08-22,8079604,8012841,8,18,22
2023-08-22,8079604,8013106,5,17,60
2023-08-22,8079604,8079604,14,35,41
2023-08-22,8079629,8011735,25,25,181
2023-08-22,8079629,8012785,14,15,130
2023-08-22,8079629,8012806,6,6,275
2023-08-22,8079629,8079629,41,49,137
2023-08-22,8087006,8011015,0,5,0
2023-08-22,8087006,8012296,0,5,0
2023-08-22,8087006,8087006,0,10,0
2023-08-22,8087025,8012962,0,21,0
2023-08-22,8087025,8012963,1,21,6
2023-08-22,8087025,8087025,2,42,4
2023-08-22,8087026,8011109,0,21,0
2023-08-22,8087026,8012963,3,22,16
2023-08-22,8087026,8087026,3,43,8
2023-08-22,8087027,8012065,0,21,0
2023-08-22,8087027,8013161,3,22,15
2023-08-22,8087027,8087027,3,43,8
2023-08-23,8010016,8010016,31,36,168
2023-08-23,8010016,8011031,12,24,114
2023-08-23,8010016,8012729,8,18,137
2023-08-23,8010051,8010051,22,42,189
2023-08-23,8010051,8010153,9,10,486
2023-08-23,8010051,8010322,8,11,177
2023-08-23,8010051,8012264,2,2,30
2023-08-23,8010051,8013186,10,19,88
2023-08-23,8010141,8010141,23,38,67
2023-08-23,8010141,8011702,9,11,117
2023-08-23,8010141,8012651,4,9,63
2023-08-23,8010141,8012902,7,8,34
2023-08-23,8010153,8010051,7,9,50
2023-08-23,8010153,8010153,50,57,346
2023-08-23,8010153,8010201,8,10,786
2023-08-23,8010153,8010284,10,36,27
2023-08-23,8010153,8010322,1,1,3870
2023-08-23,8010153,8012269,4,18,28
2023-08-23,8010156,8010156,48,55,154
2023-08-23,8010156,8011230,0,1,-30
2023-08-23,8010156,8011798,7,13,92
2023-08-23,8010156,8012009,4,4,180
2023-08-23,8010156,8012474,3,4,128
2023-08-23,8010156,8012677,12,14,178
2023-08-23,8010156,8012951,10,10,213
2023-08-23,8010156,8013069,4,10,111
2023-08-23,8010173,8010173,41,52,184
2023-08-23,8010173,8012951,18,26,187
2023-08-23,8010173,8013073,18,21,229
2023-08-23,8010173,8013370,5,5,72
2023-08-23,8010176,8010176,16,36,82
2023-08-23,8010176,8010381,11,18,177
2023-08-23,8010176,8011995,4,18,13
2023-08-23,8010179,8010179,40,42,337
2023-08-23,8010179,8011536,10,10,600
2023-08-23,8010179,8012418,8,9,200
2023-08-23,8010179,8012839,11,11,368
2023-08-23,8010179,8013131,10,11,322
2023-08-23,8010199,8010199,15,36,39
2023-08-23,8010199,8010284,11,18,33
2023-08-23,8010199,8012436,6,18,47
2023-08-23,8010201,8010153,6,10,348
2023-08-23,8010201,8010201,11,20,530
2023-08-23,8010201,8012093,8,10,741
2023-08-23,8010210,8010210,28,38,75
2023-08-23,8010210,8012683,11,17,81
2023-08-23,8010210,8012832,15,19,98
2023-08-23,8010210,8013104,11,19,52
2023-08-23,8010213,8010213,8,17,53
2023-08-23,8010213,8011689,4,8,82
2023-08-23,8010213,8013393,4,9,20
2023-08-23,8010227,8010227,23,36,53
2023-08-23,8010227,8010348,17,18,117
2023-08-23,8010227,8012758,17,19,39
2023-08-23,8010241,8010241,52,65,183
2023-08-23,8010241,8011025,10,17,319
2023-08-23,8010241,8011293,17,19,251
2023-08-23,8010241,8012376,11,18,53
2023-08-23,8010241,8013017,10,17,124
2023-08-23,8010267,8013018,7,17,138
2023-08-23,8010273,8010273,25,36,75
2023-08-23,8010273,8010284,10,18,48
2023-08-23,8010273,8013072,13,18,98
2023-08-23,8010284,8010153,27,36,70
2023-08-23,8010284,8010199,6,18,47
2023-08-23,8010284,8010273,5,18,40
2023-08-23,8010284,8010284,32,72,44
2023-08-23,8010300,8010300,50,58,127
2023-08-23,8010300,8011611,10,15,80
2023-08-23,8010300,8012377,3,4,210
2023-08-23,8010300,8012582,13,17,154
2023-08-23,8010300,8012818,10,12,85
2023-08-23,8010322,8010051,8,12,115
2023-08-23,8010322,8010322,45,60,150
2023-08-23,8010322,8011924,13,18,68
2023-08-23,8010322,8012362,14,18,60
2023-08-23,8010325,8010325,24,59,76
2023-08-23,8010325,8012940,12,30,98
2023-08-23,8010325,8012951,6,11,128
2023-08-23,8010325,8013354,8,18,28
2023-08-23,8010339,8010339,22,34,107
2023-08-23,8010339,8011213,15,17,162
2023-08-23,8010339,8012555,10,17,101
2023-08-23,8010348,8010227,1,18,5
2023-08-23,8010348,8010348,31,36,60
2023-08-23,8010348,8012436,8,18,28
2023-08-23,8010381,8010176,2,18,8
2023-08-23,8010381,8012321,4,21,87
2023-08-23,8010392,8010392,4,43,25
2023-08-23,8010392,8013132,0,28,0
2023-08-23,8010392,8013133,0,18,0
2023-08-23,8010392,8013385,4,22,49
2023-08-23,8011015,8087006,0,5,0
2023-08-23,8011017,8011017,24,38,77
2023-08-23,8011017,8012711,14,19,123
2023-08-23,8011017,8013062,10,19,35
2023-08-23,8011025,8010241,11,17,157
2023-08-23,8011025,8011025,22,34,224
2023-08-23,8011025,8011646,14,17,288
2023-08-23,8011027,8011027,15,21,69
2023-08-23,8011027,8011281,5,11,52
2023-08-23,8011027,8012762,5,10,54
2023-08-23,8011031,8010016,21,25,157
2023-08-23,8011031,8011031,28,49,125
2023-08-23,8011031,8012609,10,24,108
2023-08-23,8011044,8010282,4,4,232
2023-08-23,8011044,8011044,20,27,248
2023-08-23,8011044,8011438,6,10,105
2023-08-23,8011044,8012021,9,10,453
2023-08-23,8011108,8011108,5,54,31
2023-08-23,8011108,8013132,5,28,60
2023-08-23,8011108,8013341,0,26,0
2023-08-23,8011109,8011109,3,43,20
2023-08-23,8011109,8012892,0,21,0
2023-08-23,8011109,8087026,3,22,35
2023-08-23,8011114,8012005,1,17,9
2023-08-23,8011140,8011140,25,34,126
2023-08-23,8011140,8012377,14,18,145
2023-08-23,8011140,8012806,9,16,103
2023-08-23,8011205,8010399,9,9,247
2023-08-23,8011205,8011205,20,22,473
2023-08-23,8011205,8011307,10,11,655
2023-08-23,8011213,8010339,10,17,86
2023-08-23,8011213,8011213,32,34,149
2023-08-23,8011213,8012610,7,8,131
2023-08-23,8011213,8012839,2,2,150
2023-08-23,8011230,8004177,0,1,0
2023-08-23,8011230,8011230,26,31,345
2023-08-23,8011230,8011248,15,16,458
2023-08-23,8011230,8012933,12,14,369
2023-08-23,8011248,8011230,11,14,152
2023-08-23,8011248,8011248,26,30,316
2023-08-23,8011248,8012677,13,16,461
2023-08-23,8011270,8011270,14,35,21
2023-08-23,8011270,8011729,13,17,46
2023-08-23,8011270,8012785,1,18,3
2023-08-23,8011281,8011027,3,10,51
2023-08-23,8011281,8011281,9,21,54
2023-08-23,8011281,8012316,5,11,49
2023-08-23,8011286,8011286,14,38,94
2023-08-23,8011286,8011889,13,19,172
2023-08-23,8011286,8011991,0,19,0
2023-08-23,8011293,8010241,14,19,447
2023-08-23,8011293,8011293,32,38,353
2023-08-23,8011293,8011307,10,11,273
2023-08-23,8011307,8011205,10,11,281
2023-08-23,8011307,8011293,10,11,646
2023-08-23,8011307,8011307,20,22,466
2023-08-23,8011356,8011356,26,32,232
2023-08-23,8011356,8012710,11,16,248
2023-08-23,8011356,8013177,14,16,189
2023-08-23,8011438,8011044,10,10,501
2023-08-23,8011438,8011438,16,20,324
2023-08-23,8011438,8011536,6,10,108
2023-08-23,8011442,8011442,13,18,220
2023-08-23,8011442,8012474,6,9,217
2023-08-23,8011442,8013018,8,9,237
2023-08-23,8011456,8011456,18,22,220
2023-08-23,8011456,8013131,11,11,175
2023-08-23,8011456,8013162,10,11,338
2023-08-23,8011481,8011481,21,34,171
2023-08-23,8011481,8013322,13,17,139
2023-08-23,8011481,8013373,8,17,210
2023-08-23,8011536,8010179,6,10,105
2023-08-23,8011536,8011438,10,10,579
2023-08-23,8011536,8011536,16,20,350
2023-08-23,8011592,8011592,2,28,4
2023-08-23,8011592,8011908,1,14,4
2023-08-23,8011592,8012274,3,15,6
2023-08-23,8011611,8010300,9,13,92
2023-08-23,8011611,8011611,26,28,98
2023-08-23,8011611,8012762,13,13,104
2023-08-23,8011646,8011025,14,17,164
2023-08-23,8011646,8011646,27,34,221
2023-08-23,8011646,8013051,13,17,251
2023-08-23,8011681,8011681,9,20,106
2023-08-23,8011681,8011994,5,10,51
2023-08-23,8011681,8012262,5,10,162
2023-08-23,8011689,5100145,3,8,60
2023-08-23,8011689,8010213,1,9,10
2023-08-23,8011689,8011689,5,17,35
2023-08-23,8011694,8011694,29,38,192
2023-08-23,8011694,8011723,17,19,166
2023-08-23,8011694,8011953,4,9,23
2023-08-23,8011694,8012358,9,10,435
2023-08-23,8011702,8010141,4,9,63
2023-08-23,8011702,8011702,11,20,74
2023-08-23,8011702,8012902,8,11,74
2023-08-23,8011707,8011707,25,34,253
2023-08-23,8011707,8012710,16,17,385
2023-08-23,8011707,8013322,9,17,233
2023-08-23,8011718,8011718,7,30,7
2023-08-23,8011718,8012274,0,15,0
2023-08-23,8011718,8012954,5,15,12
2023-08-23,8011723,8011694,10,19,205
2023-08-23,8011723,8011723,27,38,183
2023-08-23,8011723,8012021,7,10,117
2023-08-23,8011726,8011726,12,18,217
2023-08-23,8011726,8011951,6,8,206
2023-08-23,8011726,8012474,7,9,247
2023-08-23,8011729,8011270,1,18,3
2023-08-23,8011729,8011729,8,35,12
2023-08-23,8011729,8012841,4,17,14
2023-08-23,8011731,8011731,10,12,72
2023-08-23,8011731,8013293,4,6,95
2023-08-23,8011735,8011735,42,49,143
2023-08-23,8011735,8012609,17,25,136
2023-08-23,8011735,8079629,14,24,114
2023-08-23,8011778,8011778,17,26,80
2023-08-23,8011778,8012316,6,10,99
2023-08-23,8011778,8012762,1,3,20
2023-08-23,8011778,8013062,8,10,102
2023-08-23,8011778,8013352,2,2,45
2023-08-23,8011797,8011797,34,36,129
2023-08-23,8011797,8013040,8,18,135
2023-08-23,8011797,8013105,4,18,112
2023-08-23,8011798,8010156,13,13,88
2023-08-23,8011864,8003774,14,19,47
2023-08-23,8011864,8011864,25,38,49
2023-08-23,8011864,8012268,10,19,32
2023-08-23,8011889,8011286,0,19,0
2023-08-23,8011889,8011889,14,38,93
2023-08-23,8011889,8013339,14,19,202
2023-08-23,8011908,8011592,1,14,4
2023-08-23,8011908,8011908,1,28,2
2023-08-23,8011908,8012737,0,14,0
2023-08-23,8011939,8011939,0,14,0
2023-08-23,8011939,8012517,0,7,0
2023-08-23,8011939,8012949,0,7,0
2023-08-23,8011951,8011726,8,9,190
2023-08-23,8011951,8011951,13,19,182
2023-08-23,8011951,8012474,0,1,0
2023-08-23,8011951,8013069,7,9,227
2023-08-23,8011953,8011694,8,9,223
2023-08-23,8011953,8011953,16,20,180
2023-08-23,8011953,8012358,7,10,126
2023-08-23,8011991,8011286,14,19,185
2023-08-23,8011991,8011991,13,38,88
2023-08-23,8011992,8011992,0,36,0
2023-08-23,8011992,8012617,0,18,0
2023-08-23,8011992,8013133,0,18,0
2023-08-23,8011995,8010176,6,18,128
2023-08-23,8011995,8011995,9,36,71
2023-08-23,8011995,8013040,7,18,22
2023-08-23,8012005,8011114,11,17,41
2023-08-23,8012005,8012005,4,34,16
2023-08-23,8012005,8012827,1,17,9
2023-08-23,8012009,8010156,4,5,72
2023-08-23,8012009,8012009,8,9,107
2023-08-23,8012009,8013370,4,4,158
2023-08-23,8012021,8011044,8,10,111
2023-08-23,8012021,8011723,10,10,450
2023-08-23,8012021,8012021,18,20,296
2023-08-23,8012065,8012065,3,43,20
2023-08-23,8012065,8012086,0,21,0
2023-08-23,8012065,8087027,3,22,40
2023-08-23,8012086,8012065,3,22,41
2023-08-23,8012086,8012086,3,43,22
2023-08-23,8012086,8013385,0,21,0
2023-08-23,8012093,8010201,5,10,270
2023-08-23,8012093,8010399,9,9,767
2023-08-23,8012093,8012093,11,20,480
2023-08-23,8012108,8012108,13,36,127
2023-08-23,8012108,8012729,4,18,112
2023-08-23,8012108,8012840,8,18,137
2023-08-23,8012109,8012109,30,36,93
2023-08-23,8012109,8012143,18,18,88
2023-08-23,8012109,8012856,13,18,80
2023-08-23,8012143,8012109,16,18,103
2023-08-23,8012143,8012143,34,36,107
2023-08-23,8012143,8013072,18,18,153
2023-08-23,8012146,8012146,26,38,77
2023-08-23,8012146,8012832,12,19,76
2023-08-23,8012146,8012843,14,19,79
2023-08-23,8012262,8011681,1,10,36
2023-08-23,8012262,8012262,26,43,183
2023-08-23,8012262,8012716,13,22,175
2023-08-23,8012264,8010051,2,2,45
2023-08-23,8012264,8012264,39,58,87
2023-08-23,8012264,8012321,5,10,60
2023-08-23,8012264,8012384,11,12,70
2023-08-23,8012264,8012940,13,20,126
2023-08-23,8012268,8011864,16,19,62
2023-08-23,8012268,8012268,24,38,41
2023-08-23,8012268,8012902,8,19,21
2023-08-23,8012269,8010153,17,18,97
2023-08-23,8012269,8012269,21,36,60
2023-08-23,8012269,8012362,6,18,38
2023-08-23,8012274,8011592,0,15,0
2023-08-23,8012274,8011718,2,15,4
2023-08-23,8012274,8012274,2,30,4
2023-08-23,8012296,8012296,0,10,0
2023-08-23,8012296,8012517,0,7,0
2023-08-23,8012296,8087006,0,5,0
2023-08-23,8012316,8011281,5,10,84
2023-08-23,8012316,8011778,4,11,38
2023-08-23,8012316,8012316,10,21,69
2023-08-23,8012321,8010381,11,22,30
2023-08-23,8012321,8012264,5,8,68
2023-08-23,8012321,8012321,22,43,73
2023-08-23,8012321,8012384,8,13,162
2023-08-23,8012358,8011694,10,10,174
2023-08-23,8012358,8011953,9,10,294
2023-08-23,8012358,8012358,39,48,212
2023-08-23,8012358,8013352,6,11,131
2023-08-23,8012361,8013409,4,6,20
2023-08-23,8012362,8010322,7,18,38
2023-08-23,8012362,8012269,18,18,73
2023-08-23,8012362,8012362,22,36,56
2023-08-23,8012376,8010241,11,19,60
2023-08-23,8012376,8012376,21,37,58
2023-08-23,8012376,8012758,16,18,80
2023-08-23,8012377,8010300,5,5,72
2023-08-23,8012377,8011140,12,16,111
2023-08-23,8012377,8012377,26,34,117
2023-08-23,8012377,8012818,7,13,138
2023-08-23,8012384,8012264,8,13,171
2023-08-23,8012384,8012321,5,12,38
2023-08-23,8012384,8012384,14,25,115
2023-08-23,8012421,8012421,22,34,112
2023-08-23,8012421,8012555,10,17,136
2023-08-23,8012421,8013017,12,17,104
2023-08-23,8012436,8010199,13,18,48
2023-08-23,8012436,8010348,14,18,82
2023-08-23,8012436,8012436,26,36,48
2023-08-23,8012438,8012438,15,36,131
2023-08-23,8012438,8012840,7,18,123
2023-08-23,8012438,8013105,9,18,142
2023-08-23,8012474,8010156,3,4,218
2023-08-23,8012474,8011442,8,9,250
2023-08-23,8012474,8011726,5,9,213
2023-08-23,8012474,8011951,1,1,720
2023-08-23,8012474,8012474,23,33,212
2023-08-23,8012474,8013018,4,7,193
2023-08-23,8012517,8011939,0,7,0
2023-08-23,8012517,8012296,0,7,0
2023-08-23,8012517,8012517,0,14,0
2023-08-23,8012555,8010339,9,17,113
2023-08-23,8012555,8012421,10,17,102
2023-08-23,8012555,8012555,20,34,112
2023-08-23,8012582,8010300,15,16,71
2023-08-23,8012582,8012582,24,33,96
2023-08-23,8012582,8012584,12,17,196
2023-08-23,8012583,8012584,0,16,0
2023-08-23,8012584,8012582,0,16,-2
2023-08-23,8012584,8012583,10,17,171
2023-08-23,8012584,8012584,12,33,95
2023-08-23,8012609,8011031,16,25,137
2023-08-23,8012609,8011735,18,24,138
2023-08-23,8012609,8012609,32,49,126
2023-08-23,8012610,8011213,9,9,117
2023-08-23,8012610,8012610,11,17,72
2023-08-23,8012610,8013393,8,8,158
2023-08-23,8012617,8011992,0,18,0
2023-08-23,8012643,8013354,9,18,33
2023-08-23,8012677,8010156,13,14,195
2023-08-23,8012677,8011248,11,14,156
2023-08-23,8012677,8012677,25,30,324
2023-08-23,8012677,8012951,2,2,2190
2023-08-23,8012683,8010210,7,17,42
2023-08-23,8012683,8012683,16,34,56
2023-08-23,8012683,8012684,10,17,72
2023-08-23,8012684,8012683,4,17,41
2023-08-23,8012684,8012684,13,34,57
2023-08-23,8012710,8011356,16,16,283
2023-08-23,8012710,8011707,13,17,236
2023-08-23,8012710,8012710,28,34,305
2023-08-23,8012710,8013177,1,1,180
2023-08-23,8012711,8011017,7,19,21
2023-08-23,8012711,8012711,19,38,71
2023-08-23,8012711,8012835,12,19,104
2023-08-23,8012716,8012262,14,21,201
2023-08-23,8012716,8012716,25,43,179
2023-08-23,8012716,8013073,12,22,176
2023-08-23,8012729,8010016,15,18,183
2023-08-23,8012729,8012108,9,18,150
2023-08-23,8012729,8012729,22,36,143
2023-08-23,8012737,8011908,1,14,4
2023-08-23,8012758,8010227,15,18,80
2023-08-23,8012758,8012376,15,19,51
2023-08-23,8012758,8012758,33,37,74
2023-08-23,8012762,8010300,1,1,120
2023-08-23,8012762,8011027,10,11,85
2023-08-23,8012762,8011611,9,11,79
2023-08-23,8012762,8011778,0,2,0
2023-08-23,8012762,8012762,17,26,55
2023-08-23,8012785,8011270,8,17,30
2023-08-23,8012785,8012785,16,35,30
2023-08-23,8012785,8079629,7,14,19
2023-08-23,8012806,8011140,15,17,146
2023-08-23,8012806,8012806,24,33,116
2023-08-23,8012806,8079629,1,5,36
2023-08-23,8012818,8010300,13,13,228
2023-08-23,8012818,8012377,8,12,65
2023-08-23,8012818,8012818,25,25,138
2023-08-23,8012827,8012005,3,16,11
2023-08-23,8012827,8012827,4,33,12
2023-08-23,8012832,8010210,8,19,55
2023-08-23,8012832,8012146,13,19,77
2023-08-23,8012832,8012832,21,38,77
2023-08-23,8012835,8012711,7,19,28
2023-08-23,8012835,8012835,21,38,73
2023-08-23,8012835,8013104,14,19,117
2023-08-23,8012839,8010179,10,11,199
2023-08-23,8012839,8011213,3,3,150
2023-08-23,8012839,8012839,21,22,286
2023-08-23,8012840,8012108,7,18,122
2023-08-23,8012840,8012438,8,18,138
2023-08-23,8012840,8012840,15,36,135
2023-08-23,8012841,8011729,1,18,2
2023-08-23,8012841,8012841,8,35,9
2023-08-23,8012841,8079604,5,17,14
2023-08-23,8012843,8012146,9,19,69
2023-08-23,8012856,8012002,18,18,120
2023-08-23,8012856,8012109,18,18,113
2023-08-23,8012856,8012856,36,36,98
2023-08-23,8012892,8011109,3,22,38
2023-08-23,8012892,8012892,3,43,20
2023-08-23,8012892,8017349,0,21,0
2023-08-23,8012902,8010141,4,10,18
2023-08-23,8012902,8011702,7,9,40
2023-08-23,8012902,8012268,14,19,49
2023-08-23,8012902,8012902,23,38,34
2023-08-23,8012933,8004177,10,14,375
2023-08-23,8012933,8011230,16,16,456
2023-08-23,8012933,8012933,28,30,420
2023-08-23,8012940,8010325,15,29,71
2023-08-23,8012940,8012264,15,19,111
2023-08-23,8012940,8012940,66,110,139
2023-08-23,8012940,8012951,11,25,64
2023-08-23,8012940,8012953,7,10,39
2023-08-23,8012940,8013186,7,10,597
2023-08-23,8012949,8011939,0,7,0
2023-08-23,8012949,8012949,0,14,0
2023-08-23,8012949,8013232,0,7,0
2023-08-23,8012951,8010156,7,10,108
2023-08-23,8012951,8010173,15,26,160
2023-08-23,8012951,8010325,7,12,185
2023-08-23,8012951,8012940,20,26,307
2023-08-23,8012951,8012951,48,74,200
2023-08-23,8012953,8012940,0,9,0
2023-08-23,8012953,8012953,10,30,12
2023-08-23,8012953,8012960,2,15,8
2023-08-23,8012954,8011718,3,15,8
2023-08-23,8012954,8012954,3,30,5
2023-08-23,8012954,8012960,0,15,0
2023-08-23,8012960,8012953,0,15,0
2023-08-23,8012960,8012954,2,15,8
2023-08-23,8012960,8012960,2,30,4
2023-08-23,8012962,8012962,3,42,10
2023-08-23,8012962,8079084,2,21,17
2023-08-23,8012962,8087025,1,21,3
2023-08-23,8012963,8012963,4,39,17
2023-08-23,8012963,8087025,2,21,14
2023-08-23,8012963,8087026,0,21,0
2023-08-23,8013017,8010241,11,17,106
2023-08-23,8013017,8012421,10,17,120
2023-08-23,8013017,8013017,24,34,118
2023-08-23,8013018,8010267,12,16,227
2023-08-23,8013018,8011442,5,9,210
2023-08-23,8013018,8012474,6,8,150
2023-08-23,8013018,8013018,21,33,182
2023-08-23,8013040,8011797,17,18,67
2023-08-23,8013040,8011995,6,18,123
2023-08-23,8013040,8013040,23,36,86
2023-08-23,8013051,8011646,12,17,168
2023-08-23,8013051,8013051,26,34,229
2023-08-23,8013051,8013177,13,17,281
2023-08-23,8013062,8011017,16,19,133
2023-08-23,8013062,8011778,9,11,109
2023-08-23,8013062,8013062,29,38,81
2023-08-23,8013069,8010156,7,9,230
2023-08-23,8013069,8011951,4,10,114
2023-08-23,8013069,8013069,10,19,171
2023-08-23,8013072,8010273,16,18,88
2023-08-23,8013072,8012143,12,18,80
2023-08-23,8013072,8013072,30,36,109
2023-08-23,8013073,8010173,14,22,166
2023-08-23,8013073,8012716,15,21,199
2023-08-23,8013073,8013073,28,43,188
2023-08-23,8013104,8010210,13,19,96
2023-08-23,8013104,8012835,7,19,35
2023-08-23,8013104,8013104,18,38,68
2023-08-23,8013105,8011797,18,18,223
2023-08-23,8013105,8012438,7,18,123
2023-08-23,8013105,8013105,22,36,155
2023-08-23,8013106,8079604,1,18,3
2023-08-23,8013131,8010179,10,11,305
2023-08-23,8013131,8011456,9,11,327
2023-08-23,8013131,8013131,20,22,305
2023-08-23,8013132,8010392,6,30,51
2023-08-23,8013132,8011108,0,26,0
2023-08-23,8013132,8013132,6,54,29
2023-08-23,8013133,8010392,0,18,0
2023-08-23,8013133,8011992,0,18,0
2023-08-23,8013133,8013133,0,36,0
2023-08-23,8013156,8013162,8,11,259
2023-08-23,8013161,8013161,3,43,19
2023-08-23,8013161,8017349,2,22,33
2023-08-23,8013161,8087027,0,21,0
2023-08-23,8013162,8011456,8,11,153
2023-08-23,8013162,8013156,11,11,335
2023-08-23,8013162,8013162,16,22,269
2023-08-23,8013177,8011356,12,16,296
2023-08-23,8013177,8012710,1,1,30
2023-08-23,8013177,8013051,14,17,180
2023-08-23,8013177,8013177,26,34,220
2023-08-23,8013186,8010051,8,19,311
2023-08-23,8013186,8011215,5,8,52
2023-08-23,8013186,8012264,1,1,90
2023-08-23,8013186,8012940,6,9,120
2023-08-23,8013186,8013186,16,38,200
2023-08-23,8013232,8012949,0,7,0
2023-08-23,8013232,8013232,0,14,0
2023-08-23,8013293,8011731,5,6,60
2023-08-23,8013293,8013293,8,12,72
2023-08-23,8013293,8070946,4,6,120
2023-08-23,8013322,8011481,10,17,222
2023-08-23,8013322,8011707,16,17,168
2023-08-23,8013322,8013322,26,34,199
2023-08-23,8013339,8011889,0,19,0
2023-08-23,8013339,8013339,14,37,75
2023-08-23,8013339,8013340,6,28,66
2023-08-23,8013340,8013339,0,26,0
2023-08-23,8013340,8013340,6,54,34
2023-08-23,8013340,8013341,5,28,60
2023-08-23,8013341,8011108,5,28,60
2023-08-23,8013341,8013340,0,26,0
2023-08-23,8013341,8013341,5,54,31
2023-08-23,8013352,8011778,2,2,90
2023-08-23,8013352,8012358,9,10,183
2023-08-23,8013352,8013352,14,21,124
2023-08-23,8013354,8010325,10,18,35
2023-08-23,8013354,8012643,6,18,23
2023-08-23,8013354,8013354,18,36,33
2023-08-23,8013370,8010173,4,4,195
2023-08-23,8013370,8012009,4,5,54
2023-08-23,8013370,8013370,8,9,107
2023-08-23,8013373,8011481,17,17,141
2023-08-23,8013373,8013373,25,34,175
2023-08-23,8013385,8010392,0,21,0
2023-08-23,8013385,8012086,3,22,46
2023-08-23,8013385,8013385,4,43,25
2023-08-23,8013393,8010213,4,8,86
2023-08-23,8013393,8012610,3,9,13
2023-08-23,8013393,8013393,9,17,62
2023-08-23,8013409,8012361,4,6,130
2023-08-23,8013409,8013409,8,12,78
2023-08-23,8013409,8070946,1,6,5
2023-08-23,8017349,8012892,3,22,41
2023-08-23,8017349,8013161,0,21,0
2023-08-23,8017349,8017349,3,43,19
2023-08-23,8070946,8013293,5,6,45
2023-08-23,8070946,8013409,4,6,135
2023-08-23,8070946,8070946,9,12,85
2023-08-23,8079604,8012841,8,18,18
2023-08-23,8079604,8013106,2,17,7
2023-08-23,8079604,8079604,12,35,14
2023-08-23,8079629,8011735,25,25,161
2023-08-23,8079629,8012785,13,15,70
2023-08-23,8079629,8012806,6,6,80
2023-08-23,8079629,8079629,41,49,124
2023-08-23,8087006,8011015,0,5,0
2023-08-23,8087006,8012296,0,5,0
2023-08-23,8087006,8087006,0,10,0
2023-08-23,8087025,8012962,2,21,17
2023-08-23,8087025,8012963,1,21,3
2023-08-23,8087025,8087025,3,42,9
2023-08-23,8087026,8011109,0,21,0
2023-08-23,8087026,8012963,3,22,41
2023-08-23,8087026,8087026,3,43,20
2023-08-23,8087027,8012065,0,21,0
2023-08-23,8087027,8013161,3,22,40
2023-08-23,8087027,8087027,3,43,20
2023-08-24,8010016,8010016,27,36,53
2023-08-24,8010016,8011031,9,24,31
2023-08-24,8010016,8012729,6,18,28
2023-08-24,8010051,8010051,23,42,115
2023-08-24,8010051,8010153,7,10,135
2023-08-24,8010051,8010322,10,11,46
2023-08-24,8010051,8012264,2,2,135
2023-08-24,8010051,8013186,10,19,155
2023-08-24,8010141,8010141,23,38,82
2023-08-24,8010141,8011702,8,11,153
2023-08-24,8010141,8012651,5,9,50
2023-08-24,8010141,8012902,5,8,86
2023-08-24,8010153,8010051,7,9,27
2023-08-24,8010153,8010153,49,57,89
2023-08-24,8010153,8010201,9,10,156
2023-08-24,8010153,8010284,11,36,33
2023-08-24,8010153,8010322,1,1,510
2023-08-24,8010153,8012269,1,18,7
2023-08-24,8010156,8010156,50,55,130
2023-08-24,8010156,8011230,0,1,0
2023-08-24,8010156,8011798,6,13,85
2023-08-24,8010156,8012009,4,4,60
2023-08-24,8010156,8012474,3,4,45
2023-08-24,8010156,8012677,10,14,176
2023-08-24,8010156,8012951,9,10,177
2023-08-24,8010156,8013069,6,10,51
2023-08-24,8010173,8010173,43,52,82
2023-08-24,8010173,8012951,18,26,123
2023-08-24,8010173,8013073,19,21,60
2023-08-24,8010173,8013370,5,5,60
2023-08-24,8010176,8010176,15,36,22
2023-08-24,8010176,8010381,8,18,27
2023-08-24,8010176,8011995,5,18,22
2023-08-24,8010179,8010179,40,42,336
2023-08-24,8010179,8011536,10,10,537
2023-08-24,8010179,8012418,7,9,640
2023-08-24,8010179,8012839,11,11,142
2023-08-24,8010179,8013131,9,11,207
2023-08-24,8010199,8010199,22,36,54
2023-08-24,8010199,8010284,11,18,42
2023-08-24,8010199,8012436,15,18,75
2023-08-24,8010201,8010153,10,10,63
2023-08-24,8010201,8010201,13,20,86
2023-08-24,8010201,8012093,8,10,108
2023-08-24,8010210,8010210,30,38,360
2023-08-24,8010210,8012683,14,17,448
2023-08-24,8010210,8012832,15,19,437
2023-08-24,8010210,8013104,15,19,355
2023-08-24,8010213,8010213,14,17,166
2023-08-24,8010213,8011689,5,8,165
2023-08-24,8010213,8013393,6,9,157
2023-08-24,8010227,8010227,24,36,67
2023-08-24,8010227,8010348,18,18,132
2023-08-24,8010227,8012758,19,19,55
2023-08-24,8010241,8010241,59,65,181
2023-08-24,8010241,8011025,12,17,198
2023-08-24,8010241,8011293,17,19,231
2023-08-24,8010241,8012376,17,18,52
2023-08-24,8010241,8013017,14,17,191
2023-08-24,8010267,8013018,8,17,72
2023-08-24,8010273,8010273,26,36,59
2023-08-24,8010273,8010284,11,18,22
2023-08-24,8010273,8013072,14,18,75
2023-08-24,8010284,8010153,28,36,55
2023-08-24,8010284,8010199,9,18,63
2023-08-24,8010284,8010273,2,18,22
2023-08-24,8010284,8010284,34,72,42
2023-08-24,8010300,8010300,48,58,215
2023-08-24,8010300,8011611,12,15,256
2023-08-24,8010300,8012377,3,4,60
2023-08-24,8010300,8012582,16,17,143
2023-08-24,8010300,8012818,10,12,140
2023-08-24,8010322,8010051,9,12,275
2023-08-24,8010322,8010322,38,60,101
2023-08-24,8010322,8011924,5,18,27
2023-08-24,8010322,8012362,12,18,47
2023-08-24,8010325,8010325,24,59,40
2023-08-24,8010325,8012940,12,30,52
2023-08-24,8010325,8012951,4,11,41
2023-08-24,8010325,8013354,9,18,42
2023-08-24,8010339,8010339,24,34,179
2023-08-24,8010339,8011213,17,17,245
2023-08-24,8010339,8012555,9,17,162
2023-08-24,8010348,8010227,4,18,18
2023-08-24,8010348,8010348,35,36,78
2023-08-24,8010348,8012436,7,18,33
2023-08-24,8010381,8010176,4,18,17
2023-08-24,8010381,8012321,1,21,1
2023-08-24,8010392,8010392,6,43,28
2023-08-24,8010392,8013132,0,28,0
2023-08-24,8010392,8013133,0,18,0
2023-08-24,8010392,8013385,6,22,55
2023-08-24,8011015,8087006,0,5,0
2023-08-24,8011017,8011017,29,38,320
2023-08-24,8011017,8012711,18,19,287
2023-08-24,8011017,8013062,11,19,344
2023-08-24,8011025,8010241,14,17,263
2023-08-24,8011025,8011025,26,34,221
2023-08-24,8011025,8011646,13,17,191
2023-08-24,8011027,8011027,19,21,340
2023-08-24,8011027,8011281,9,11,365
2023-08-24,8011027,8012762,8,10,297
2023-08-24,8011031,8010016,14,25,44
2023-08-24,8011031,8011031,19,49,31
2023-08-24,8011031,8012609,6,24,24
2023-08-24,8011044,8010282,4,4,352
2023-08-24,8011044,8011044,24,27,349
2023-08-24,8011044,8011438,8,10,237
2023-08-24,8011044,8012021,9,10,408
2023-08-24,8011108,8011108,7,54,39
2023-08-24,8011108,8013132,7,28,76
2023-08-24,8011108,8013341,0,26,0
2023-08-24,8011109,8011109,5,43,22
2023-08-24,8011109,8012892,0,21,0
2023-08-24,8011109,8087026,4,22,38
2023-08-24,8011114,8012005,0,17,0
2023-08-24,8011140,8011140,26,34,98
2023-08-24,8011140,8012377,13,18,83
2023-08-24,8011140,8012806,12,16,118
2023-08-24,8011205,8010399,8,9,197
2023-08-24,8011205,8011205,20,22,314
2023-08-24,8011205,8011307,10,11,387
2023-08-24,8011213,8010339,12,17,162
2023-08-24,8011213,8011213,32,34,226
2023-08-24,8011213,8012610,7,8,191
2023-08-24,8011213,8012839,2,2,90
2023-08-24,8011230,8004177,1,1,30
2023-08-24,8011230,8011230,21,31,126
2023-08-24,8011230,8011248,14,16,124
2023-08-24,8011230,8012933,9,14,180
2023-08-24,8011248,8011230,5,14,148
2023-08-24,8011248,8011248,20,30,136
2023-08-24,8011248,8012677,10,16,116
2023-08-24,8011270,8011270,11,35,13
2023-08-24,8011270,8011729,9,17,28
2023-08-24,8011270,8012785,0,18,0
2023-08-24,8011281,8011027,3,10,273
2023-08-24,8011281,8011281,14,21,313
2023-08-24,8011281,8012316,8,11,327
2023-08-24,8011286,8011286,17,38,110
2023-08-24,8011286,8011889,13,19,204
2023-08-24,8011286,8011991,0,19,0
2023-08-24,8011293,8010241,18,19,371
2023-08-24,8011293,8011293,35,38,316
2023-08-24,8011293,8011307,10,11,210
2023-08-24,8011307,8011205,10,11,232
2023-08-24,8011307,8011293,10,11,379
2023-08-24,8011307,8011307,20,22,305
2023-08-24,8011356,8011356,30,34,303
2023-08-24,8011356,8012710,14,17,224
2023-08-24,8011356,8013177,16,17,348
2023-08-24,8011438,8011044,10,10,450
2023-08-24,8011438,8011438,18,20,450
2023-08-24,8011438,8011536,8,10,594
2023-08-24,8011442,8011442,10,18,130
2023-08-24,8011442,8012474,5,9,140
2023-08-24,8011442,8013018,6,9,143
2023-08-24,8011456,8011456,14,22,161
2023-08-24,8011456,8013131,8,11,123
2023-08-24,8011456,8013162,9,11,218
2023-08-24,8011481,8011481,28,34,184
2023-08-24,8011481,8013322,16,17,212
2023-08-24,8011481,8013373,12,17,164
2023-08-24,8011536,8010179,8,10,501
2023-08-24,8011536,8011438,10,10,516
2023-08-24,8011536,8011536,18,20,542
2023-08-24,8011592,8011592,7,28,16
2023-08-24,8011592,8011908,3,14,17
2023-08-24,8011592,8012274,4,15,12
2023-08-24,8011611,8010300,9,13,284
2023-08-24,8011611,8011611,21,28,283
2023-08-24,8011611,8012762,11,13,355
2023-08-24,8011646,8011025,13,17,277
2023-08-24,8011646,8011646,26,34,252
2023-08-24,8011646,8013051,12,17,161
2023-08-24,8011681,8011681,15,20,152
2023-08-24,8011681,8011994,7,10,54
2023-08-24,8011681,8012262,8,10,240
2023-08-24,8011689,5100145,4,8,128
2023-08-24,8011689,8010213,6,9,140
2023-08-24,8011689,8011689,11,17,131
2023-08-24,8011694,8011694,29,38,223
2023-08-24,8011694,8011723,16,19,246
2023-08-24,8011694,8011953,2,9,30
2023-08-24,8011694,8012358,10,10,369
2023-08-24,8011702,8010141,4,9,57
2023-08-24,8011702,8011702,9,20,102
2023-08-24,8011702,8012902,8,11,128
2023-08-24,8011707,8011707,31,34,283
2023-08-24,8011707,8012710,17,17,473
2023-08-24,8011707,8013322,14,17,210
2023-08-24,8011718,8011718,10,30,24
2023-08-24,8011718,8012274,3,15,14
2023-08-24,8011718,8012954,6,15,38
2023-08-24,8011723,8011694,9,19,185
2023-08-24,8011723,8011723,25,38,213
2023-08-24,8011723,8012021,8,10,255
2023-08-24,8011726,8011726,10,18,125
2023-08-24,8011726,8011951,7,8,139
2023-08-24,8011726,8012474,6,9,133
2023-08-24,8011729,8011270,1,18,-32
2023-08-24,8011729,8011729,9,35,-9
2023-08-24,8011729,8012841,3,17,12
2023-08-24,8011731,8011731,9,12,160
2023-08-24,8011731,8013293,4,6,60
2023-08-24,8011735,8011735,38,49,55
2023-08-24,8011735,8012609,15,25,35
2023-08-24,8011735,8079629,10,24,36
2023-08-24,8011778,8011778,19,26,300
2023-08-24,8011778,8012316,6,10,324
2023-08-24,8011778,8012762,2,3,260
2023-08-24,8011778,8013062,9,10,357
2023-08-24,8011778,8013352,2,2,75
2023-08-24,8011797,8011797,32,36,60
2023-08-24,8011797,8013040,11,18,38
2023-08-24,8011797,8013105,2,18,10
2023-08-24,8011798,8010156,13,13,55
2023-08-24,8011864,8003774,15,19,92
2023-08-24,8011864,8011864,24,38,75
2023-08-24,8011864,8012268,9,19,57
2023-08-24,8011889,8011286,0,19,0
2023-08-24,8011889,8011889,16,38,108
2023-08-24,8011889,8013339,16,19,231
2023-08-24,8011908,8011592,4,14,15
2023-08-24,8011908,8011908,5,28,15
2023-08-24,8011908,8012737,2,14,15
2023-08-24,8011939,8011939,0,14,0
2023-08-24,8011939,8012517,0,7,0
2023-08-24,8011939,8012949,0,7,0
2023-08-24,8011951,8011726,5,9,113
2023-08-24,8011951,8011951,13,19,112
2023-08-24,8011951,8012474,0,1,0
2023-08-24,8011951,8013069,6,9,113
2023-08-24,8011953,8011694,8,9,223
2023-08-24,8011953,8011953,17,20,135
2023-08-24,8011953,8012358,8,10,66
2023-08-24,8011991,8011286,17,19,216
2023-08-24,8011991,8011991,15,38,104
2023-08-24,8011992,8011992,0,36,0
2023-08-24,8011992,8012617,0,18,0
2023-08-24,8011992,8013133,0,18,0
2023-08-24,8011995,8010176,8,18,23
2023-08-24,8011995,8011995,10,36,21
2023-08-24,8011995,8013040,8,18,28
2023-08-24,8012005,8011114,11,17,53
2023-08-24,8012005,8012005,3,34,17
2023-08-24,8012005,8012827,0,17,0
2023-08-24,8012009,8010156,4,5,54
2023-08-24,8012009,8012009,7,9,40
2023-08-24,8012009,8013370,3,4,30
2023-08-24,8012021,8011044,8,10,264
2023-08-24,8012021,8011723,10,10,423
2023-08-24,8012021,8012021,18,20,352
2023-08-24,8012065,8012065,5,43,23
2023-08-24,8012065,8012086,0,21,0
2023-08-24,8012065,8087027,5,22,45
2023-08-24,8012086,8012065,5,22,49
2023-08-24,8012086,8012086,5,43,26
2023-08-24,8012086,8013385,0,21,0
2023-08-24,8012093,8010201,9,10,54
2023-08-24,8012093,8010399,7,9,133
2023-08-24,8012093,8012093,16,20,81
2023-08-24,8012108,8012108,11,36,160
2023-08-24,8012108,8012729,2,18,7
2023-08-24,8012108,8012840,8,18,303
2023-08-24,8012109,8012109,26,36,69
2023-08-24,8012109,8012143,18,18,80
2023-08-24,8012109,8012856,9,18,42
2023-08-24,8012143,8012109,12,18,67
2023-08-24,8012143,8012143,30,36,85
2023-08-24,8012143,8013072,18,18,138
2023-08-24,8012146,8012146,32,38,374
2023-08-24,8012146,8012832,18,19,333
2023-08-24,8012146,8012843,15,19,426
2023-08-24,8012262,8011681,6,10,21
2023-08-24,8012262,8012262,32,43,117
2023-08-24,8012262,8012716,17,22,154
2023-08-24,8012264,8010051,2,2,60
2023-08-24,8012264,8012264,35,58,49
2023-08-24,8012264,8012321,4,10,60
2023-08-24,8012264,8012384,9,12,55
2023-08-24,8012264,8012940,15,20,52
2023-08-24,8012268,8011864,14,19,85
2023-08-24,8012268,8012268,21,38,72
2023-08-24,8012268,8012902,10,19,44
2023-08-24,8012269,8010153,13,18,80
2023-08-24,8012269,8012269,11,36,38
2023-08-24,8012269,8012362,1,18,13
2023-08-24,8012274,8011592,3,15,16
2023-08-24,8012274,8011718,4,15,14
2023-08-24,8012274,8012274,7,30,17
2023-08-24,8012296,8012296,0,10,0
2023-08-24,8012296,8012517,0,7,0
2023-08-24,8012296,8087006,0,5,0
2023-08-24,8012316,8011281,8,10,303
2023-08-24,8012316,8011778,5,11,292
2023-08-24,8012316,8012316,14,21,316
2023-08-24,8012321,8010381,6,22,27
2023-08-24,8012321,8012264,2,8,30
2023-08-24,8012321,8012321,13,43,32
2023-08-24,8012321,8012384,6,13,48
2023-08-24,8012358,8011694,10,10,318
2023-08-24,8012358,8011953,9,10,237
2023-08-24,8012358,8012358,41,48,206
2023-08-24,8012358,8013352,5,11,60
2023-08-24,8012361,8013409,2,6,155
2023-08-24,8012362,8010322,5,18,20
2023-08-24,8012362,8012269,11,18,52
2023-08-24,8012362,8012362,13,36,35
2023-08-24,8012376,8010241,10,19,55
2023-08-24,8012376,8012376,19,37,42
2023-08-24,8012376,8012758,16,18,72
2023-08-24,8012377,8010300,4,5,90
2023-08-24,8012377,8011140,13,16,112
2023-08-24,8012377,8012377,26,34,92
2023-08-24,8012377,8012818,8,13,81
2023-08-24,8012384,8012264,8,13,53
2023-08-24,8012384,8012321,4,12,42
2023-08-24,8012384,8012384,12,25,49
2023-08-24,8012421,8012421,29,34,189
2023-08-24,8012421,8012555,15,17,212
2023-08-24,8012421,8013017,14,17,189
2023-08-24,8012436,8010199,13,18,50
2023-08-24,8012436,8010348,17,18,127
2023-08-24,8012436,8012436,30,36,68
2023-08-24,8012438,8012438,16,36,164
2023-08-24,8012438,8012840,4,18,13
2023-08-24,8012438,8013105,9,18,313
2023-08-24,8012474,8010156,4,4,150
2023-08-24,8012474,8011442,7,9,137
2023-08-24,8012474,8011726,5,9,130
2023-08-24,8012474,8011951,1,1,360
2023-08-24,8012474,8012474,20,33,107
2023-08-24,8012474,8013018,3,7,81
2023-08-24,8012517,8011939,0,7,0
2023-08-24,8012517,8012296,0,7,0
2023-08-24,8012517,8012517,0,14,0
2023-08-24,8012555,8010339,14,17,192
2023-08-24,8012555,8012421,10,17,169
2023-08-24,8012555,8012555,25,34,186
2023-08-24,8012582,8010300,16,16,96
2023-08-24,8012582,8012582,30,33,103
2023-08-24,8012582,8012584,15,17,191
2023-08-24,8012583,8012584,2,16,15
2023-08-24,8012584,8012582,2,16,11
2023-08-24,8012584,8012583,14,17,161
2023-08-24,8012584,8012584,17,33,97
2023-08-24,8012609,8011031,10,25,31
2023-08-24,8012609,8011735,15,24,48
2023-08-24,8012609,8012609,24,49,31
2023-08-24,8012610,8011213,9,9,260
2023-08-24,8012610,8012610,14,17,171
2023-08-24,8012610,8013393,8,8,191
2023-08-24,8012617,8011992,0,18,0
2023-08-24,8012643,8013354,5,18,15
2023-08-24,8012677,8010156,12,14,141
2023-08-24,8012677,8011248,8,14,159
2023-08-24,8012677,8012677,19,30,147
2023-08-24,8012677,8012951,2,2,105
2023-08-24,8012683,8010210,9,17,215
2023-08-24,8012683,8012683,21,34,331
2023-08-24,8012683,8012684,12,17,425
2023-08-24,8012684,8012683,10,17,254
2023-08-24,8012684,8012684,21,34,346
2023-08-24,8012710,8011356,17,17,441
2023-08-24,8012710,8011707,15,17,215
2023-08-24,8012710,8012710,31,34,340
2023-08-24,8012711,8011017,13,19,335
2023-08-24,8012711,8012711,27,38,312
2023-08-24,8012711,8012835,14,19,262
2023-08-24,8012716,8012262,16,21,69
2023-08-24,8012716,8012716,30,43,104
2023-08-24,8012716,8013073,16,22,149
2023-08-24,8012729,8010016,15,18,90
2023-08-24,8012729,8012108,10,18,327
2023-08-24,8012729,8012729,25,36,112
2023-08-24,8012737,8011908,4,14,15
2023-08-24,8012758,8010227,15,18,87
2023-08-24,8012758,8012376,15,19,52
2023-08-24,8012758,8012758,36,37,83
2023-08-24,8012762,8010300,1,1,600
2023-08-24,8012762,8011027,11,11,385
2023-08-24,8012762,8011611,8,11,292
2023-08-24,8012762,8011778,2,2,60
2023-08-24,8012762,8012762,19,26,303
2023-08-24,8012785,8011270,9,17,23
2023-08-24,8012785,8012785,11,35,18
2023-08-24,8012785,8079629,1,14,2
2023-08-24,8012806,8011140,14,17,78
2023-08-24,8012806,8012806,23,33,85
2023-08-24,8012806,8079629,3,5,126
2023-08-24,8012818,8010300,13,13,132
2023-08-24,8012818,8012377,8,12,120
2023-08-24,8012818,8012818,21,25,120
2023-08-24,8012827,8012005,4,16,39
2023-08-24,8012827,8012827,4,33,19
2023-08-24,8012832,8010210,15,19,297
2023-08-24,8012832,8012146,14,19,414
2023-08-24,8012832,8012832,28,38,362
2023-08-24,8012835,8012711,13,19,363
2023-08-24,8012835,8012835,29,38,323
2023-08-24,8012835,8013104,16,19,267
2023-08-24,8012839,8010179,11,11,188
2023-08-24,8012839,8011213,3,3,90
2023-08-24,8012839,8012839,22,22,157
2023-08-24,8012840,8012108,7,18,15
2023-08-24,8012840,8012438,9,18,310
2023-08-24,8012840,8012840,15,36,162
2023-08-24,8012841,8011729,1,18,2
2023-08-24,8012841,8012841,11,35,12
2023-08-24,8012841,8079604,5,17,14
2023-08-24,8012843,8012146,12,19,311
2023-08-24,8012856,8012002,15,18,78
2023-08-24,8012856,8012109,18,18,95
2023-08-24,8012856,8012856,32,36,67
2023-08-24,8012892,8011109,5,22,44
2023-08-24,8012892,8012892,5,43,22
2023-08-24,8012892,8017349,0,21,0
2023-08-24,8012902,8010141,7,10,30
2023-08-24,8012902,8011702,5,9,57
2023-08-24,8012902,8012268,11,19,93
2023-08-24,8012902,8012902,22,38,69
2023-08-24,8012933,8004177,7,14,176
2023-08-24,8012933,8011230,13,16,111
2023-08-24,8012933,8012933,18,30,141
2023-08-24,8012940,8010325,15,29,43
2023-08-24,8012940,8012264,13,19,103
2023-08-24,8012940,8012940,65,110,88
2023-08-24,8012940,8012951,16,25,101
2023-08-24,8012940,8012953,7,10,48
2023-08-24,8012940,8013186,8,10,114
2023-08-24,8012949,8011939,0,7,0
2023-08-24,8012949,8012949,0,14,0
2023-08-24,8012949,8013232,0,7,0
2023-08-24,8012951,8010156,8,10,234
2023-08-24,8012951,8010173,13,26,23
2023-08-24,8012951,8010325,8,12,88
2023-08-24,8012951,8012940,18,26,151
2023-08-24,8012951,8012951,48,74,106
2023-08-24,8012953,8012940,3,9,13
2023-08-24,8012953,8012953,13,30,40
2023-08-24,8012953,8012960,6,15,48
2023-08-24,8012954,8011718,6,15,42
2023-08-24,8012954,8012954,11,30,39
2023-08-24,8012954,8012960,5,15,30
2023-08-24,8012960,8012953,5,15,28
2023-08-24,8012960,8012954,6,15,48
2023-08-24,8012960,8012960,11,30,40
2023-08-24,8012962,8012962,2,42,9
2023-08-24,8012962,8079084,1,21,17
2023-08-24,8012962,8087025,1,21,1
2023-08-24,8012963,8012963,4,39,15
2023-08-24,8012963,8087025,1,21,16
2023-08-24,8012963,8087026,0,21,0
2023-08-24,8013017,8010241,11,17,171
2023-08-24,8013017,8012421,14,17,205
2023-08-24,8013017,8013017,26,34,194
2023-08-24,8013018,8010267,10,16,144
2023-08-24,8013018,8011442,4,9,123
2023-08-24,8013018,8012474,6,8,86
2023-08-24,8013018,8013018,19,33,114
2023-08-24,8013040,8011797,17,18,87
2023-08-24,8013040,8011995,5,18,15
2023-08-24,8013040,8013040,25,36,42
2023-08-24,8013051,8011646,14,17,295
2023-08-24,8013051,8013051,28,34,253
2023-08-24,8013051,8013177,12,17,210
2023-08-24,8013062,8011017,18,19,303
2023-08-24,8013062,8011778,10,11,404
2023-08-24,8013062,8013062,30,38,315
2023-08-24,8013069,8010156,5,9,113
2023-08-24,8013069,8011951,6,10,96
2023-08-24,8013069,8013069,11,19,101
2023-08-24,8013072,8010273,16,18,95
2023-08-24,8013072,8012143,7,18,35
2023-08-24,8013072,8013072,25,36,81
2023-08-24,8013073,8010173,14,22,131
2023-08-24,8013073,8012716,15,21,57
2023-08-24,8013073,8013073,30,43,97
2023-08-24,8013104,8010210,15,19,346
2023-08-24,8013104,8012835,13,19,363
2023-08-24,8013104,8013104,25,38,297
2023-08-24,8013105,8011797,18,18,117
2023-08-24,8013105,8012438,7,18,18
2023-08-24,8013105,8013105,20,36,120
2023-08-24,8013106,8079604,0,18,0
2023-08-24,8013131,8010179,10,11,128
2023-08-24,8013131,8011456,9,11,202
2023-08-24,8013131,8013131,17,22,170
2023-08-24,8013132,8010392,8,30,65
2023-08-24,8013132,8011108,0,26,0
2023-08-24,8013132,8013132,7,54,36
2023-08-24,8013133,8010392,0,18,0
2023-08-24,8013133,8011992,0,18,0
2023-08-24,8013133,8013133,0,36,0
2023-08-24,8013156,8013162,8,11,153
2023-08-24,8013161,8013161,5,43,21
2023-08-24,8013161,8017349,3,22,35
2023-08-24,8013161,8087027,0,21,0
2023-08-24,8013162,8011456,6,11,101
2023-08-24,8013162,8013156,10,11,215
2023-08-24,8013162,8013162,17,22,165
2023-08-24,8013177,8011356,14,17,221
2023-08-24,8013177,8013051,17,17,360
2023-08-24,8013177,8013177,29,34,275
2023-08-24,8013186,8010051,5,19,49
2023-08-24,8013186,8011215,4,8,15
2023-08-24,8013186,8012264,1,1,90
2023-08-24,8013186,8012940,7,9,280
2023-08-24,8013186,8013186,10,38,90
2023-08-24,8013232,8012949,0,7,0
2023-08-24,8013232,8013232,0,14,0
2023-08-24,8013293,8011731,5,6,225
2023-08-24,8013293,8013293,7,12,118
2023-08-24,8013293,8070946,3,6,45
2023-08-24,8013322,8011481,14,17,191
2023-08-24,8013322,8011707,16,17,228
2023-08-24,8013322,8013322,30,34,220
2023-08-24,8013339,8011889,0,19,0
2023-08-24,8013339,8013339,16,37,88
2023-08-24,8013339,8013340,8,28,82
2023-08-24,8013340,8013339,0,26,0
2023-08-24,8013340,8013340,8,54,43
2023-08-24,8013340,8013341,6,28,74
2023-08-24,8013341,8011108,7,28,76
2023-08-24,8013341,8013340,0,26,0
2023-08-24,8013341,8013341,7,54,39
2023-08-24,8013352,8011778,2,2,30
2023-08-24,8013352,8012358,7,10,138
2023-08-24,8013352,8013352,11,21,76
2023-08-24,8013354,8010325,5,18,17
2023-08-24,8013354,8012643,6,18,32
2023-08-24,8013354,8013354,14,36,32
2023-08-24,8013370,8010173,4,4,38
2023-08-24,8013370,8012009,3,5,30
2023-08-24,8013370,8013370,8,9,33
2023-08-24,8013373,8011481,16,17,189
2023-08-24,8013373,8013373,29,34,175
2023-08-24,8013385,8010392,0,21,0
2023-08-24,8013385,8012086,5,22,52
2023-08-24,8013385,8013385,6,43,28
2023-08-24,8013393,8010213,8,8,176
2023-08-24,8013393,8012610,6,9,143
2023-08-24,8013393,8013393,11,17,157
2023-08-24,8013409,8012361,3,6,40
2023-08-24,8013409,8013409,5,12,95
2023-08-24,8013409,8070946,1,6,135
2023-08-24,8017349,8012892,5,22,48
2023-08-24,8017349,8013161,0,21,0
2023-08-24,8017349,8017349,5,43,21
2023-08-24,8070946,8013293,5,6,185
2023-08-24,8070946,8013409,3,6,50
2023-08-24,8070946,8070946,8,12,110
2023-08-24,8079604,8012841,11,18,25
2023-08-24,8079604,8013106,4,17,18
2023-08-24,8079604,8079604,14,35,15
2023-08-24,8079629,8011735,25,25,92
2023-08-24,8079629,8012785,12,15,42
2023-08-24,8079629,8012806,5,6,55
2023-08-24,8079629,8079629,38,49,48
2023-08-24,8087006,8011015,0,5,0
2023-08-24,8087006,8012296,0,5,0
2023-08-24,8087006,8087006,0,10,0
2023-08-24,8087025,8012962,1,21,17
2023-08-24,8087025,8012963,0,21,0
2023-08-24,8087025,8087025,2,42,9
2023-08-24,8087026,8011109,0,21,0
2023-08-24,8087026,8012963,5,22,48
2023-08-24,8087026,8087026,5,43,22
2023-08-24,8087027,8012065,0,21,0
2023-08-24,8087027,8013161,5,22,44
2023-08-24,8087027,8087027,5,43,23
2023-08-25,8010016,8010016,32,38,67
2023-08-25,8010016,8011031,11,25,35
2023-08-25,8010016,8012729,6,19,28
2023-08-25,8010051,8010051,29,41,145
2023-08-25,8010051,8010153,7,9,70
2023-08-25,8010051,8010322,11,12,250
2023-08-25,8010051,8012264,1,1,150
2023-08-25,8010051,8013186,14,19,114
2023-08-25,8010141,8010141,29,38,189
2023-08-25,8010141,8011702,9,11,175
2023-08-25,8010141,8012651,7,9,247
2023-08-25,8010141,8012902,7,8,202
2023-08-25,8010153,8010051,8,9,40
2023-08-25,8010153,8010153,50,56,80
2023-08-25,8010153,8010201,9,10,87
2023-08-25,8010153,8010284,7,36,18
2023-08-25,8010153,8012269,1,18,2
2023-08-25,8010156,8010156,48,57,213
2023-08-25,8010156,8011230,1,1,300
2023-08-25,8010156,8011798,6,13,62
2023-08-25,8010156,8012009,4,4,390
2023-08-25,8010156,8012474,4,4,158
2023-08-25,8010156,8012677,11,14,199
2023-08-25,8010156,8012951,10,12,425
2023-08-25,8010156,8013069,5,10,123
2023-08-25,8010173,8010173,44,52,205
2023-08-25,8010173,8012951,20,26,255
2023-08-25,8010173,8013073,19,21,179
2023-08-25,8010173,8013370,5,5,156
2023-08-25,8010176,8010176,16,38,25
2023-08-25,8010176,8010381,10,19,43
2023-08-25,8010176,8011995,4,19,16
2023-08-25,8010179,8010179,40,42,349
2023-08-25,8010179,8011536,10,10,651
2023-08-25,8010179,8012418,7,8,345
2023-08-25,8010179,8012839,11,11,205
2023-08-25,8010179,8013131,9,11,303
2023-08-25,8010188,8010188,1,4,105
2023-08-25,8010188,8011015,1,1,420
2023-08-25,8010188,8011593,0,1,0
2023-08-25,8010188,8012644,0,2,0
2023-08-25,8010199,8010199,19,36,33
2023-08-25,8010199,8010284,9,18,28
2023-08-25,8010199,8012436,13,18,45
2023-08-25,8010201,8010153,10,10,135
2023-08-25,8010201,8010201,11,20,96
2023-08-25,8010201,8012093,9,10,75
2023-08-25,8010210,8010210,32,38,204
2023-08-25,8010210,8012683,13,17,206
2023-08-25,8010210,8012832,16,19,227
2023-08-25,8010210,8013104,17,19,212
2023-08-25,8010213,8010213,16,18,282
2023-08-25,8010213,8011689,7,9,260
2023-08-25,8010213,8013393,9,9,303
2023-08-25,8010227,8010227,22,36,69
2023-08-25,8010227,8010348,17,18,140
2023-08-25,8010227,8012758,18,19,43
2023-08-25,8010241,8010241,52,66,126
2023-08-25,8010241,8011025,9,17,74
2023-08-25,8010241,8011293,16,19,178
2023-08-25,8010241,8012376,13,18,48
2023-08-25,8010241,8013017,11,18,97
2023-08-25,8010267,8012265,0,1,0
2023-08-25,8010267,8013018,4,17,19
2023-08-25,8010273,8010273,31,36,79
2023-08-25,8010273,8010284,13,18,60
2023-08-25,8010273,8013072,16,18,75
2023-08-25,8010284,8010153,30,36,72
2023-08-25,8010284,8010199,10,18,37
2023-08-25,8010284,8010273,5,18,17
2023-08-25,8010284,8010284,35,72,41
2023-08-25,8010300,8010300,51,59,186
2023-08-25,8010300,8011611,11,15,222
2023-08-25,8010300,8012377,4,4,90
2023-08-25,8010300,8012582,16,17,164
2023-08-25,8010300,8012818,11,12,108
2023-08-25,8010322,8010051,11,11,142
2023-08-25,8010322,8010322,46,59,95
2023-08-25,8010322,8011924,9,18,40
2023-08-25,8010322,8012362,16,18,82
2023-08-25,8010325,8010325,26,59,38
2023-08-25,8010325,8012940,12,30,48
2023-08-25,8010325,8012951,6,11,46
2023-08-25,8010325,8013354,7,18,22
2023-08-25,8010339,8010339,25,35,137
2023-08-25,8010339,8011213,17,18,183
2023-08-25,8010339,8012555,11,17,145
2023-08-25,8010348,8010227,3,18,7
2023-08-25,8010348,8010348,34,36,65
2023-08-25,8010348,8012436,6,18,20
2023-08-25,8010381,8010176,3,19,9
2023-08-25,8010381,8012321,6,21,23
2023-08-25,8010392,8010392,7,43,62
2023-08-25,8010392,8013132,0,28,0
2023-08-25,8010392,8013133,0,18,0
2023-08-25,8010392,8013385,7,22,120
2023-08-25,8011015,8010188,0,1,0
2023-08-25,8011015,8011015,1,2,210
2023-08-25,8011015,8087006,1,5,84
2023-08-25,8011017,8011017,32,38,181
2023-08-25,8011017,8012711,16,19,171
2023-08-25,8011017,8013062,15,19,193
2023-08-25,8011025,8010241,15,17,221
2023-08-25,8011025,8011025,22,34,126
2023-08-25,8011025,8011646,10,17,67
2023-08-25,8011027,8011027,18,21,223
2023-08-25,8011027,8011281,7,11,191
2023-08-25,8011027,8012762,8,10,240
2023-08-25,8011031,8010016,25,26,99
2023-08-25,8011031,8011031,34,51,55
2023-08-25,8011031,8012609,9,25,31
2023-08-25,8011044,8010282,4,4,360
2023-08-25,8011044,8011044,25,27,356
2023-08-25,8011044,8011438,9,10,291
2023-08-25,8011044,8012021,10,10,537
2023-08-25,8011108,8011108,10,54,76
2023-08-25,8011108,8013132,9,28,146
2023-08-25,8011108,8013341,1,26,1
2023-08-25,8011109,8011109,8,43,54
2023-08-25,8011109,8012892,0,21,0
2023-08-25,8011109,8087026,7,22,98
2023-08-25,8011114,8012005,0,17,0
2023-08-25,8011140,8011140,31,34,138
2023-08-25,8011140,8012377,18,18,165
2023-08-25,8011140,8012806,14,16,116
2023-08-25,8011205,8010399,9,10,210
2023-08-25,8011205,8011205,17,23,292
2023-08-25,8011205,8011307,7,12,380
2023-08-25,8011213,8010339,12,17,180
2023-08-25,8011213,8011213,33,35,212
2023-08-25,8011213,8012610,9,9,247
2023-08-25,8011213,8012839,2,2,150
2023-08-25,8011230,8004177,1,1,300
2023-08-25,8011230,8011230,27,31,331
2023-08-25,8011230,8011248,15,16,429
2023-08-25,8011230,8012933,12,14,257
2023-08-25,8011248,8011230,9,14,208
2023-08-25,8011248,8011248,24,30,316
2023-08-25,8011248,8012677,13,16,401
2023-08-25,8011270,8011270,16,37,41
2023-08-25,8011270,8011729,14,18,75
2023-08-25,8011270,8012785,2,19,19
2023-08-25,8011281,8011027,6,10,207
2023-08-25,8011281,8011281,15,21,201
2023-08-25,8011281,8012316,9,11,158
2023-08-25,8011286,8011286,16,38,159
2023-08-25,8011286,8011889,12,19,303
2023-08-25,8011286,8011991,0,19,0
2023-08-25,8011293,8010241,13,20,261
2023-08-25,8011293,8011293,31,39,246
2023-08-25,8011293,8011307,10,11,153
2023-08-25,8011307,8011205,10,11,147
2023-08-25,8011307,8011293,7,12,385
2023-08-25,8011307,8011307,17,23,267
2023-08-25,8011356,8011356,27,34,214
2023-08-25,8011356,8012710,10,17,129
2023-08-25,8011356,8013177,17,17,349
2023-08-25,8011438,8011044,10,10,576
2023-08-25,8011438,8011438,19,20,448
2023-08-25,8011438,8011536,9,10,330
2023-08-25,8011442,8011442,9,18,43
2023-08-25,8011442,8012474,6,9,47
2023-08-25,8011442,8013018,5,9,50
2023-08-25,8011456,8011456,13,22,190
2023-08-25,8011456,8013131,9,11,125
2023-08-25,8011456,8013162,9,11,303
2023-08-25,8011481,8011481,25,34,142
2023-08-25,8011481,8013322,17,17,168
2023-08-25,8011481,8013373,7,17,115
2023-08-25,8011536,8010179,9,10,309
2023-08-25,8011536,8011438,10,10,639
2023-08-25,8011536,8011536,19,20,496
2023-08-25,8011592,8011592,1,28,3
2023-08-25,8011592,8011908,0,14,0
2023-08-25,8011592,8012274,1,15,6
2023-08-25,8011593,8010188,0,1,0
2023-08-25,8011593,8011593,0,2,0
2023-08-25,8011593,8012612,0,1,0
2023-08-25,8011611,8010300,9,14,208
2023-08-25,8011611,8011611,20,29,230
2023-08-25,8011611,8012762,11,13,261
2023-08-25,8011646,8011025,13,17,192
2023-08-25,8011646,8011646,25,34,153
2023-08-25,8011646,8013051,11,17,53
2023-08-25,8011681,8011681,15,20,286
2023-08-25,8011681,8011994,8,10,243
2023-08-25,8011681,8012262,10,10,390
2023-08-25,8011689,5100145,7,9,233
2023-08-25,8011689,8010213,9,9,273
2023-08-25,8011689,8011689,16,18,238
2023-08-25,8011694,8011694,29,38,251
2023-08-25,8011694,8011723,14,19,199
2023-08-25,8011694,8011953,4,9,57
2023-08-25,8011694,8012358,10,10,594
2023-08-25,8011702,8010141,7,9,253
2023-08-25,8011702,8011702,16,20,196
2023-08-25,8011702,8012902,9,11,155
2023-08-25,8011707,8011707,26,34,212
2023-08-25,8011707,8012710,16,17,335
2023-08-25,8011707,8013322,12,17,148
2023-08-25,8011718,8011718,2,30,2
2023-08-25,8011718,8012274,0,15,0
2023-08-25,8011718,8012954,1,15,2
2023-08-25,8011723,8011694,10,19,279
2023-08-25,8011723,8011723,24,38,243
2023-08-25,8011723,8012021,9,10,258
2023-08-25,8011726,8011726,8,18,43
2023-08-25,8011726,8011951,6,8,49
2023-08-25,8011726,8012474,5,9,53
2023-08-25,8011729,8011270,2,19,16
2023-08-25,8011729,8011729,12,37,35
2023-08-25,8011729,8012841,5,18,40
2023-08-25,8011731,8011731,8,12,48
2023-08-25,8011731,8013293,4,6,40
2023-08-25,8011735,8011735,40,51,83
2023-08-25,8011735,8012609,20,26,72
2023-08-25,8011735,8079629,15,25,62
2023-08-25,8011778,8011778,20,27,224
2023-08-25,8011778,8012316,8,10,327
2023-08-25,8011778,8012762,2,4,45
2023-08-25,8011778,8013062,9,10,189
2023-08-25,8011778,8013352,2,2,105
2023-08-25,8011797,8011797,34,38,61
2023-08-25,8011797,8013040,11,19,54
2023-08-25,8011797,8013105,5,19,17
2023-08-25,8011798,8010156,13,13,67
2023-08-25,8011864,8003774,17,19,178
2023-08-25,8011864,8011864,25,38,154
2023-08-25,8011864,8012268,8,19,122
2023-08-25,8011889,8011286,0,19,0
2023-08-25,8011889,8011889,16,38,158
2023-08-25,8011889,8013339,16,19,328
2023-08-25,8011908,8011592,0,14,0
2023-08-25,8011908,8011908,1,28,3
2023-08-25,8011908,8012737,1,14,6
2023-08-25,8011939,8011939,1,14,30
2023-08-25,8011939,8012517,0,7,0
2023-08-25,8011939,8012949,1,7,60
2023-08-25,8011951,8011726,7,9,110
2023-08-25,8011951,8011951,11,19,96
2023-08-25,8011951,8012474,0,1,0
2023-08-25,8011951,8013069,4,9,33
2023-08-25,8011953,8011694,7,9,170
2023-08-25,8011953,8011953,16,20,108
2023-08-25,8011953,8012358,8,10,72
2023-08-25,8011991,8011286,16,19,314
2023-08-25,8011991,8011991,13,38,152
2023-08-25,8011992,8011992,0,36,0
2023-08-25,8011992,8012617,0,18,0
2023-08-25,8011992,8013133,0,18,0
2023-08-25,8011995,8010176,8,19,36
2023-08-25,8011995,8011995,12,38,27
2023-08-25,8011995,8013040,6,19,19
2023-08-25,8012005,8011114,11,17,60
2023-08-25,8012005,8012005,7,34,23
2023-08-25,8012005,8012827,0,17,0
2023-08-25,8012009,8010156,5,5,150
2023-08-25,8012009,8012009,8,9,243
2023-08-25,8012009,8013370,4,4,360
2023-08-25,8012021,8011044,10,10,291
2023-08-25,8012021,8011723,10,10,555
2023-08-25,8012021,8012021,20,20,432
2023-08-25,8012065,8012065,7,43,53
2023-08-25,8012065,8012086,0,21,0
2023-08-25,8012065,8087027,7,22,104
2023-08-25,8012086,8012065,7,22,109
2023-08-25,8012086,8012086,7,43,57
2023-08-25,8012086,8013385,0,21,0
2023-08-25,8012093,8010201,5,10,132
2023-08-25,8012093,8010399,8,9,117
2023-08-25,8012093,8012093,11,20,105
2023-08-25,8012108,8012108,12,38,23
2023-08-25,8012108,8012729,5,19,14
2023-08-25,8012108,8012840,5,19,25
2023-08-25,8012109,8012109,30,36,92
2023-08-25,8012109,8012143,18,18,115
2023-08-25,8012109,8012856,12,18,65
2023-08-25,8012143,8012109,15,18,88
2023-08-25,8012143,8012143,33,36,117
2023-08-25,8012143,8013072,18,18,180
2023-08-25,8012146,8012146,27,38,178
2023-08-25,8012146,8012832,12,19,153
2023-08-25,8012146,8012843,15,19,205
2023-08-25,8012262,8011681,6,10,213
2023-08-25,8012262,8012262,39,43,220
2023-08-25,8012262,8012716,17,22,267
2023-08-25,8012264,8010051,2,2,75
2023-08-25,8012264,8012264,41,59,101
2023-08-25,8012264,8012321,6,10,252
2023-08-25,8012264,8012384,8,12,50
2023-08-25,8012264,8012940,15,20,100
2023-08-25,8012265,8010267,0,1,0
2023-08-25,8012265,8012265,0,2,0
2023-08-25,8012265,8012612,0,1,0
2023-08-25,8012268,8011864,16,19,167
2023-08-25,8012268,8012268,24,38,147
2023-08-25,8012268,8012902,8,19,112
2023-08-25,8012269,8010153,17,18,112
2023-08-25,8012269,8012269,18,36,52
2023-08-25,8012269,8012362,1,18,-2
2023-08-25,8012274,8011592,1,15,2
2023-08-25,8012274,8011718,1,15,2
2023-08-25,8012274,8012274,2,30,2
2023-08-25,8012296,8012296,1,10,42
2023-08-25,8012296,8012517,1,7,60
2023-08-25,8012296,8087006,0,5,0
2023-08-25,8012316,8011281,8,10,291
2023-08-25,8012316,8011778,5,11,136
2023-08-25,8012316,8012316,17,21,223
2023-08-25,8012321,8010381,9,22,95
2023-08-25,8012321,8012264,2,8,15
2023-08-25,8012321,8012321,23,43,87
2023-08-25,8012321,8012384,9,13,83
2023-08-25,8012358,8011694,10,10,279
2023-08-25,8012358,8011953,6,10,147
2023-08-25,8012358,8012358,40,48,247
2023-08-25,8012358,8013352,5,11,55
2023-08-25,8012361,8013409,3,6,25
2023-08-25,8012362,8010322,4,18,22
2023-08-25,8012362,8012269,16,18,95
2023-08-25,8012362,8012362,19,36,55
2023-08-25,8012376,8010241,14,19,120
2023-08-25,8012376,8012376,22,37,75
2023-08-25,8012376,8012758,14,18,102
2023-08-25,8012377,8010300,5,5,306
2023-08-25,8012377,8011140,14,16,114
2023-08-25,8012377,8012377,32,34,127
2023-08-25,8012377,8012818,10,13,88
2023-08-25,8012384,8012264,10,13,78
2023-08-25,8012384,8012321,5,12,30
2023-08-25,8012384,8012384,13,25,66
2023-08-25,8012421,8012421,27,35,135
2023-08-25,8012421,8012555,13,18,128
2023-08-25,8012421,8013017,14,17,166
2023-08-25,8012436,8010199,9,18,33
2023-08-25,8012436,8010348,17,18,97
2023-08-25,8012436,8012436,26,36,43
2023-08-25,8012438,8012438,13,38,26
2023-08-25,8012438,8012840,6,19,21
2023-08-25,8012438,8013105,7,19,32
2023-08-25,8012474,8010156,3,4,128
2023-08-25,8012474,8011442,4,9,43
2023-08-25,8012474,8011726,4,9,43
2023-08-25,8012474,8011951,0,1,0
2023-08-25,8012474,8012474,16,33,49
2023-08-25,8012474,8013018,2,7,39
2023-08-25,8012517,8011939,1,7,60
2023-08-25,8012517,8012296,0,7,0
2023-08-25,8012517,8012517,1,14,30
2023-08-25,8012555,8010339,9,18,83
2023-08-25,8012555,8012421,12,17,155
2023-08-25,8012555,8012555,24,35,122
2023-08-25,8012582,8010300,14,16,101
2023-08-25,8012582,8012582,28,33,117
2023-08-25,8012582,8012584,16,17,169
2023-08-25,8012583,8012584,1,16,52
2023-08-25,8012584,8012582,1,16,47
2023-08-25,8012584,8012583,13,17,139
2023-08-25,8012584,8012584,17,33,105
2023-08-25,8012609,8011031,16,26,62
2023-08-25,8012609,8011735,18,25,56
2023-08-25,8012609,8012609,35,51,54
2023-08-25,8012610,8011213,9,9,320
2023-08-25,8012610,8012610,17,18,267
2023-08-25,8012610,8013393,8,9,270
2023-08-25,8012612,8011593,0,1,0
2023-08-25,8012612,8012265,0,1,0
2023-08-25,8012612,8012612,0,2,0
2023-08-25,8012617,8011992,0,18,0
2023-08-25,8012643,8013354,7,18,28
2023-08-25,8012644,8010188,1,2,210
2023-08-25,8012677,8010156,14,16,411
2023-08-25,8012677,8011248,10,14,195
2023-08-25,8012677,8012677,24,30,310
2023-08-25,8012683,8010210,9,17,155
2023-08-25,8012683,8012683,20,34,171
2023-08-25,8012683,8012684,13,17,187
2023-08-25,8012684,8012683,9,17,152
2023-08-25,8012684,8012684,22,34,172
2023-08-25,8012710,8011356,17,17,358
2023-08-25,8012710,8011707,13,17,138
2023-08-25,8012710,8012710,30,34,238
2023-08-25,8012711,8011017,15,19,171
2023-08-25,8012711,8012711,29,38,172
2023-08-25,8012711,8012835,15,19,147
2023-08-25,8012716,8012262,19,21,167
2023-08-25,8012716,8012716,34,43,210
2023-08-25,8012716,8013073,17,22,269
2023-08-25,8012729,8010016,15,19,73
2023-08-25,8012729,8012108,9,19,43
2023-08-25,8012729,8012729,23,38,39
2023-08-25,8012737,8011908,0,14,0
2023-08-25,8012758,8010227,14,18,100
2023-08-25,8012758,8012376,16,19,54
2023-08-25,8012758,8012758,33,37,81
2023-08-25,8012762,8010300,1,1,300
2023-08-25,8012762,8011027,10,11,221
2023-08-25,8012762,8011611,8,12,212
2023-08-25,8012762,8011778,2,2,105
2023-08-25,8012762,8012762,22,27,200
2023-08-25,8012785,8011270,10,18,60
2023-08-25,8012785,8012785,19,37,52
2023-08-25,8012785,8079629,6,15,34
2023-08-25,8012806,8011140,16,17,132
2023-08-25,8012806,8012806,29,33,110
2023-08-25,8012806,8079629,5,5,102
2023-08-25,8012818,8010300,13,13,162
2023-08-25,8012818,8012377,9,12,90
2023-08-25,8012818,8012818,24,25,120
2023-08-25,8012827,8012005,8,16,52
2023-08-25,8012827,8012827,7,33,27
2023-08-25,8012832,8010210,10,19,136
2023-08-25,8012832,8012146,15,19,191
2023-08-25,8012832,8012832,26,38,168
2023-08-25,8012835,8012711,15,19,188
2023-08-25,8012835,8012835,29,38,173
2023-08-25,8012835,8013104,14,19,142
2023-08-25,8012839,8010179,9,11,199
2023-08-25,8012839,8011213,3,3,120
2023-08-25,8012839,8012839,20,22,198
2023-08-25,8012840,8012108,7,19,21
2023-08-25,8012840,8012438,6,19,28
2023-08-25,8012840,8012840,12,38,27
2023-08-25,8012841,8011729,3,19,17
2023-08-25,8012841,8012841,10,37,26
2023-08-25,8012841,8079604,6,18,38
2023-08-25,8012843,8012146,11,19,147
2023-08-25,8012856,8012002,18,18,108
2023-08-25,8012856,8012109,18,18,120
2023-08-25,8012856,8012856,36,36,95
2023-08-25,8012892,8011109,8,22,105
2023-08-25,8012892,8012892,8,43,53
2023-08-25,8012892,8017349,0,21,0
2023-08-25,8012902,8010141,9,10,69
2023-08-25,8012902,8011702,7,9,240
2023-08-25,8012902,8012268,15,19,169
2023-08-25,8012902,8012902,27,38,140
2023-08-25,8012933,8004177,11,14,236
2023-08-25,8012933,8011230,16,16,422
2023-08-25,8012933,8012933,28,30,335
2023-08-25,8012940,8010325,16,29,39
2023-08-25,8012940,8012264,16,20,196
2023-08-25,8012940,8012940,77,110,163
2023-08-25,8012940,8012951,18,25,164
2023-08-25,8012940,8012953,9,10,51
2023-08-25,8012940,8013186,9,10,375
2023-08-25,8012949,8011939,0,7,0
2023-08-25,8012949,8012949,1,14,30
2023-08-25,8012949,8013232,1,7,60
2023-08-25,8012951,8010156,10,10,183
2023-08-25,8012951,8010173,20,26,125
2023-08-25,8012951,8010325,7,12,85
2023-08-25,8012951,8012940,24,26,414
2023-08-25,8012951,8012951,56,74,218
2023-08-25,8012953,8012940,0,9,0
2023-08-25,8012953,8012953,8,30,16
2023-08-25,8012953,8012960,5,15,24
2023-08-25,8012954,8011718,5,15,14
2023-08-25,8012954,8012954,5,30,12
2023-08-25,8012954,8012960,0,15,0
2023-08-25,8012960,8012953,0,15,0
2023-08-25,8012960,8012954,5,15,24
2023-08-25,8012960,8012960,5,30,12
2023-08-25,8012962,8012962,5,42,26
2023-08-25,8012962,8079084,4,21,51
2023-08-25,8012962,8087025,1,21,1
2023-08-25,8012963,8012963,8,39,43
2023-08-25,8012963,8087025,4,21,49
2023-08-25,8012963,8087026,0,21,0
2023-08-25,8013017,8010241,11,17,143
2023-08-25,8013017,8012421,11,18,100
2023-08-25,8013017,8013017,25,35,135
2023-08-25,8013018,8010267,6,16,45
2023-08-25,8013018,8011442,5,9,43
2023-08-25,8013018,8012474,4,8,22
2023-08-25,8013018,8013018,15,33,37
2023-08-25,8013040,8011797,15,19,57
2023-08-25,8013040,8011995,8,19,32
2023-08-25,8013040,8013040,26,38,38
2023-08-25,8013051,8011646,15,17,214
2023-08-25,8013051,8013051,30,34,167
2023-08-25,8013051,8013177,14,17,108
2023-08-25,8013062,8011017,17,19,183
2023-08-25,8013062,8011778,10,11,314
2023-08-25,8013062,8013062,34,38,175
2023-08-25,8013069,8010156,5,9,30
2023-08-25,8013069,8011951,6,10,141
2023-08-25,8013069,8013069,11,19,87
2023-08-25,8013072,8010273,18,18,117
2023-08-25,8013072,8012143,12,18,60
2023-08-25,8013072,8013072,30,36,102
2023-08-25,8013073,8010173,16,22,233
2023-08-25,8013073,8012716,16,21,153
2023-08-25,8013073,8013073,32,43,206
2023-08-25,8013104,8010210,14,19,180
2023-08-25,8013104,8012835,15,19,196
2023-08-25,8013104,8013104,27,38,154
2023-08-25,8013105,8011797,19,19,134
2023-08-25,8013105,8012438,7,19,25
2023-08-25,8013105,8013105,24,38,58
2023-08-25,8013106,8079604,0,19,0
2023-08-25,8013131,8010179,10,11,202
2023-08-25,8013131,8011456,9,11,289
2023-08-25,8013131,8013131,19,22,254
2023-08-25,8013132,8010392,9,30,130
2023-08-25,8013132,8011108,1,26,1
2023-08-25,8013132,8013132,9,54,71
2023-08-25,8013133,8010392,0,18,0
2023-08-25,8013133,8011992,0,18,0
2023-08-25,8013133,8013133,0,36,0
2023-08-25,8013156,8013162,7,11,221
2023-08-25,8013161,8013161,7,43,50
2023-08-25,8013161,8017349,6,22,90
2023-08-25,8013161,8087027,0,21,0
2023-08-25,8013162,8011456,5,11,134
2023-08-25,8013162,8013156,11,11,305
2023-08-25,8013162,8013162,15,22,236
2023-08-25,8013177,8011356,15,17,115
2023-08-25,8013177,8013051,16,17,325
2023-08-25,8013177,8013177,30,34,230
2023-08-25,8013186,8010051,14,19,167
2023-08-25,8013186,8011215,8,8,90
2023-08-25,8013186,8012264,1,1,30
2023-08-25,8013186,8012940,9,9,113
2023-08-25,8013186,8013186,23,38,142
2023-08-25,8013232,8012949,0,7,0
2023-08-25,8013232,8013232,1,14,30
2023-08-25,8013293,8011731,3,6,30
2023-08-25,8013293,8013293,5,12,18
2023-08-25,8013293,8070946,2,6,20
2023-08-25,8013322,8011481,13,17,141
2023-08-25,8013322,8011707,17,17,221
2023-08-25,8013322,8013322,30,34,185
2023-08-25,8013339,8011889,0,19,0
2023-08-25,8013339,8013339,17,37,141
2023-08-25,8013339,8013340,9,28,151
2023-08-25,8013340,8013339,1,26,2
2023-08-25,8013340,8013340,10,54,79
2023-08-25,8013340,8013341,9,28,144
2023-08-25,8013341,8011108,9,28,141
2023-08-25,8013341,8013340,0,26,0
2023-08-25,8013341,8013341,10,54,74
2023-08-25,8013352,8011778,1,2,15
2023-08-25,8013352,8012358,9,10,96
2023-08-25,8013352,8013352,14,21,59
2023-08-25,8013354,8010325,8,18,28
2023-08-25,8013354,8012643,5,18,10
2023-08-25,8013354,8013354,15,36,26
2023-08-25,8013370,8010173,4,4,352
2023-08-25,8013370,8012009,4,5,138
2023-08-25,8013370,8013370,8,9,227
2023-08-25,8013373,8011481,17,17,173
2023-08-25,8013373,8013373,24,34,144
2023-08-25,8013385,8010392,0,21,0
2023-08-25,8013385,8012086,7,22,115
2023-08-25,8013385,8013385,7,43,61
2023-08-25,8013393,8010213,6,9,243
2023-08-25,8013393,8012610,9,9,270
2023-08-25,8013393,8013393,17,18,263
2023-08-25,8013409,8012361,2,6,20
2023-08-25,8013409,8013409,4,12,15
2023-08-25,8013409,8070946,0,6,0
2023-08-25,8017349,8012892,7,22,108
2023-08-25,8017349,8013161,0,21,0
2023-08-25,8017349,8017349,7,43,50
2023-08-25,8070946,8013293,4,6,20
2023-08-25,8070946,8013409,2,6,20
2023-08-25,8070946,8070946,6,12,20
2023-08-25,8079604,8012841,13,19,25
2023-08-25,8079604,8013106,3,18,37
2023-08-25,8079604,8079604,18,37,28
2023-08-25,8079629,8011735,26,26,135
2023-08-25,8079629,8012785,14,16,69
2023-08-25,8079629,8012806,6,6,215
2023-08-25,8079629,8079629,39,51,89
2023-08-25,8087006,8011015,0,5,0
2023-08-25,8087006,8012296,1,5,84
2023-08-25,8087006,8087006,1,10,42
2023-08-25,8087025,8012962,4,21,50
2023-08-25,8087025,8012963,0,21,0
2023-08-25,8087025,8087025,5,42,25
2023-08-25,8087026,8011109,0,21,0
2023-08-25,8087026,8012963,8,22,108
2023-08-25,8087026,8087026,8,43,54
2023-08-25,8087027,8012065,0,21,0
2023-08-25,8087027,8013161,7,22,102
2023-08-25,8087027,8087027,7,43,53
2023-08-26,8010016,8010016,31,35,137
2023-08-26,8010016,8011031,10,17,152
2023-08-26,8010016,8012729,7,18,120
2023-08-26,8010051,8010051,18,39,103
2023-08-26,8010051,8010153,6,9,33
2023-08-26,8010051,8010322,8,10,198
2023-08-26,8010051,8012264,0,1,0
2023-08-26,8010051,8013186,10,19,98
2023-08-26,8010141,8010141,25,35,124
2023-08-26,8010141,8011702,7,9,107
2023-08-26,8010141,8012651,6,8,116
2023-08-26,8010141,8012902,7,8,120
2023-08-26,8010153,8010051,6,9,30
2023-08-26,8010153,8010153,44,55,169
2023-08-26,8010153,8010201,11,13,392
2023-08-26,8010153,8010284,12,26,52
2023-08-26,8010153,8012269,1,9,7
2023-08-26,8010156,8010156,37,44,170
2023-08-26,8010156,8011798,4,8,34
2023-08-26,8010156,8012677,10,14,137
2023-08-26,8010156,8012951,11,14,276
2023-08-26,8010156,8013069,7,8,202
2023-08-26,8010173,8010173,31,39,131
2023-08-26,8010173,8012951,15,19,199
2023-08-26,8010173,8013073,16,19,92
2023-08-26,8010173,8013370,0,1,0
2023-08-26,8010176,8010176,12,36,66
2023-08-26,8010176,8010381,6,18,103
2023-08-26,8010176,8011995,5,18,30
2023-08-26,8010179,8010179,29,36,146
2023-08-26,8010179,8011536,9,10,186
2023-08-26,8010179,8012839,6,8,158
2023-08-26,8010179,8013131,4,8,75
2023-08-26,8010188,8010188,9,24,92
2023-08-26,8010188,8011015,4,6,100
2023-08-26,8010188,8011593,1,6,95
2023-08-26,8010188,8012644,6,12,88
2023-08-26,8010199,8010199,22,36,72
2023-08-26,8010199,8010284,11,18,62
2023-08-26,8010199,8012436,14,18,88
2023-08-26,8010201,8010153,9,13,291
2023-08-26,8010201,8010201,21,26,353
2023-08-26,8010201,8012093,13,13,418
2023-08-26,8010210,8010210,18,31,149
2023-08-26,8010210,8012683,10,14,182
2023-08-26,8010210,8012832,10,14,219
2023-08-26,8010210,8013104,8,16,129
2023-08-26,8010213,8010213,13,15,192
2023-08-26,8010213,8011689,6,7,201
2023-08-26,8010213,8013393,7,8,172
2023-08-26,8010227,8010227,26,36,62
2023-08-26,8010227,8010348,17,18,112
2023-08-26,8010227,8012758,15,18,52
2023-08-26,8010241,8010241,43,54,90
2023-08-26,8010241,8011025,10,12,80
2023-08-26,8010241,8011293,16,19,120
2023-08-26,8010241,8012376,12,18,55
2023-08-26,8010241,8013017,9,16,101
2023-08-26,8010267,8012265,0,6,0
2023-08-26,8010267,8013018,5,9,20
2023-08-26,8010273,8010273,15,17,102
2023-08-26,8010273,8010284,6,9,73
2023-08-26,8010273,8013072,8,8,124
2023-08-26,8010284,8010153,22,27,84
2023-08-26,8010284,8010199,12,18,80
2023-08-26,8010284,8010273,4,8,34
2023-08-26,8010284,8010284,34,53,67
2023-08-26,8010300,8010300,45,53,198
2023-08-26,8010300,8011611,7,11,245
2023-08-26,8010300,8012377,5,5,102
2023-08-26,8010300,8012582,12,16,142
2023-08-26,8010300,8012818,7,10,222
2023-08-26,8010322,8010051,9,11,180
2023-08-26,8010322,8010322,28,38,122
2023-08-26,8010322,8011924,6,9,27
2023-08-26,8010322,8012362,5,8,56
2023-08-26,8010325,8010325,15,48,21
2023-08-26,8010325,8012940,6,24,32
2023-08-26,8010325,8012951,6,9,27
2023-08-26,8010325,8013354,3,15,14
2023-08-26,8010339,8010339,23,32,113
2023-08-26,8010339,8011213,15,16,144
2023-08-26,8010339,8012555,9,16,103
2023-08-26,8010348,8010227,5,18,15
2023-08-26,8010348,8010348,32,36,82
2023-08-26,8010348,8012436,8,18,58
2023-08-26,8010381,8010176,4,18,23
2023-08-26,8010381,8012321,6,18,23
2023-08-26,8010392,8010392,4,44,6
2023-08-26,8010392,8013132,0,29,0
2023-08-26,8010392,8013133,0,16,0
2023-08-26,8010392,8013385,4,22,12
2023-08-26,8011015,8010188,1,6,45
2023-08-26,8011015,8011015,5,12,62
2023-08-26,8011015,8087006,4,6,100
2023-08-26,8011017,8011017,23,31,183
2023-08-26,8011017,8012711,15,15,268
2023-08-26,8011017,8013062,8,16,116
2023-08-26,8011025,8010241,7,12,58
2023-08-26,8011025,8011025,14,24,56
2023-08-26,8011025,8011646,7,12,58
2023-08-26,8011027,8011027,15,19,231
2023-08-26,8011027,8011281,7,10,228
2023-08-26,8011027,8012762,7,9,213
2023-08-26,8011031,8010016,16,18,88
2023-08-26,8011031,8011031,24,35,109
2023-08-26,8011031,8012609,9,17,145
2023-08-26,8011044,8011044,14,20,124
2023-08-26,8011044,8011438,8,10,120
2023-08-26,8011044,8012021,7,10,150
2023-08-26,8011108,8011108,6,55,56
2023-08-26,8011108,8013132,5,28,109
2023-08-26,8011108,8013341,1,27,1
2023-08-26,8011109,8011109,4,44,4
2023-08-26,8011109,8012892,0,22,0
2023-08-26,8011109,8087026,2,22,5
2023-08-26,8011114,8012005,0,16,0
2023-08-26,8011140,8011140,26,32,159
2023-08-26,8011140,8012377,14,17,166
2023-08-26,8011140,8012806,12,15,186
2023-08-26,8011205,8010399,10,10,195
2023-08-26,8011205,8011205,21,22,168
2023-08-26,8011205,8011307,10,11,136
2023-08-26,8011213,8010339,10,16,135
2023-08-26,8011213,8011213,30,32,161
2023-08-26,8011213,8012610,6,7,210
2023-08-26,8011230,8011230,24,28,199
2023-08-26,8011230,8011248,13,14,253
2023-08-26,8011230,8012933,10,14,169
2023-08-26,8011248,8011230,9,14,141
2023-08-26,8011248,8011248,23,28,205
2023-08-26,8011248,8012677,13,14,272
2023-08-26,8011270,8011270,17,33,67
2023-08-26,8011270,8011729,14,17,111
2023-08-26,8011270,8012785,3,16,34
2023-08-26,8011281,8011027,7,9,207
2023-08-26,8011281,8011281,14,19,221
2023-08-26,8011281,8012316,8,10,198
2023-08-26,8011286,8011286,18,38,136
2023-08-26,8011286,8011889,14,19,256
2023-08-26,8011286,8011991,0,19,0
2023-08-26,8011293,8010241,14,19,139
2023-08-26,8011293,8011293,33,38,144
2023-08-26,8011293,8011307,10,11,158
2023-08-26,8011307,8011205,11,11,172
2023-08-26,8011307,8011293,10,11,120
2023-08-26,8011307,8011307,21,22,151
2023-08-26,8011356,8011356,15,24,134
2023-08-26,8011356,8012710,8,12,135
2023-08-26,8011356,8013177,9,12,150
2023-08-26,8011438,8011044,7,10,138
2023-08-26,8011438,8011438,14,20,135
2023-08-26,8011438,8011536,7,10,132
2023-08-26,8011442,8011442,10,17,42
2023-08-26,8011442,8012474,7,9,43
2023-08-26,8011442,8013018,4,8,34
2023-08-26,8011456,8011456,8,16,90
2023-08-26,8011456,8013131,5,8,135
2023-08-26,8011456,8013162,5,8,79
2023-08-26,8011481,8011481,19,24,78
2023-08-26,8011481,8013322,12,12,90
2023-08-26,8011481,8013373,7,12,72
2023-08-26,8011536,8010179,6,10,120
2023-08-26,8011536,8011438,7,10,162
2023-08-26,8011536,8011536,16,20,153
2023-08-26,8011592,8011592,1,16,4
2023-08-26,8011592,8011908,0,8,0
2023-08-26,8011592,8012274,1,8,4
2023-08-26,8011593,8010188,0,6,0
2023-08-26,8011593,8011593,0,12,0
2023-08-26,8011593,8012612,0,6,0
2023-08-26,8011611,8010300,8,10,243
2023-08-26,8011611,8011611,18,21,254
2023-08-26,8011611,8012762,9,11,256
2023-08-26,8011646,8011025,7,12,75
2023-08-26,8011646,8011646,14,24,76
2023-08-26,8011646,8013051,5,12,48
2023-08-26,8011681,8011681,13,20,208
2023-08-26,8011681,8011994,7,10,210
2023-08-26,8011681,8012262,7,10,303
2023-08-26,8011689,5100145,5,7,163
2023-08-26,8011689,8010213,6,8,142
2023-08-26,8011689,8011689,12,15,150
2023-08-26,8011694,8011694,23,31,130
2023-08-26,8011694,8011723,10,15,142
2023-08-26,8011694,8011953,4,6,85
2023-08-26,8011694,8012358,10,10,153
2023-08-26,8011702,8010141,6,8,128
2023-08-26,8011702,8011702,11,17,109
2023-08-26,8011702,8012902,5,9,77
2023-08-26,8011707,8011707,19,24,138
2023-08-26,8011707,8012710,12,12,215
2023-08-26,8011707,8013322,7,12,122
2023-08-26,8011718,8011718,0,16,0
2023-08-26,8011718,8012274,0,8,0
2023-08-26,8011718,8012954,0,8,0
2023-08-26,8011723,8011694,8,16,98
2023-08-26,8011723,8011723,19,31,118
2023-08-26,8011723,8012021,7,10,117
2023-08-26,8011726,8011726,7,17,42
2023-08-26,8011726,8011951,7,8,45
2023-08-26,8011726,8012474,4,8,41
2023-08-26,8011729,8011270,3,16,30
2023-08-26,8011729,8011729,15,33,55
2023-08-26,8011729,8012841,5,17,60
2023-08-26,8011731,8011731,3,12,15
2023-08-26,8011731,8013293,1,6,10
2023-08-26,8011735,8011735,26,32,130
2023-08-26,8011735,8012609,12,18,68
2023-08-26,8011735,8079629,10,15,148
2023-08-26,8011778,8011778,17,22,198
2023-08-26,8011778,8012316,6,9,240
2023-08-26,8011778,8012762,1,2,15
2023-08-26,8011778,8013062,9,9,217
2023-08-26,8011797,8011797,36,36,122
2023-08-26,8011797,8013040,10,18,118
2023-08-26,8011797,8013105,6,18,95
2023-08-26,8011798,8010156,8,8,56
2023-08-26,8011864,8003774,13,17,97
2023-08-26,8011864,8011864,24,35,117
2023-08-26,8011864,8012268,11,18,123
2023-08-26,8011889,8011286,0,19,0
2023-08-26,8011889,8011889,18,38,136
2023-08-26,8011889,8013339,18,19,287
2023-08-26,8011908,8011592,1,8,8
2023-08-26,8011908,8011908,1,16,4
2023-08-26,8011908,8012737,0,8,0
2023-08-26,8011939,8011939,4,13,46
2023-08-26,8011939,8012517,0,6,0
2023-08-26,8011939,8012949,4,7,86
2023-08-26,8011951,8011726,6,8,131
2023-08-26,8011951,8011951,13,16,124
2023-08-26,8011951,8013069,2,8,11
2023-08-26,8011953,8011694,4,5,186
2023-08-26,8011953,8011953,11,13,118
2023-08-26,8011953,8012358,7,7,124
2023-08-26,8011991,8011286,18,19,268
2023-08-26,8011991,8011991,16,38,129
2023-08-26,8011992,8011992,0,32,0
2023-08-26,8011992,8012617,0,16,0
2023-08-26,8011992,8013133,0,16,0
2023-08-26,8011995,8010176,7,18,110
2023-08-26,8011995,8011995,12,36,71
2023-08-26,8011995,8013040,7,18,37
2023-08-26,8012005,8011114,12,16,92
2023-08-26,8012005,8012005,7,32,39
2023-08-26,8012005,8012827,0,16,0
2023-08-26,8012009,8010156,1,1,60
2023-08-26,8012009,8012009,1,1,60
2023-08-26,8012021,8011044,7,10,105
2023-08-26,8012021,8011723,9,10,162
2023-08-26,8012021,8012021,16,20,146
2023-08-26,8012065,8012065,4,44,4
2023-08-26,8012065,8012086,0,22,0
2023-08-26,8012065,8087027,4,22,8
2023-08-26,8012086,8012065,4,22,11
2023-08-26,8012086,8012086,4,44,5
2023-08-26,8012086,8013385,0,22,0
2023-08-26,8012093,8010201,9,13,288
2023-08-26,8012093,8010399,8,8,202
2023-08-26,8012093,8012093,19,26,352
2023-08-26,8012108,8012108,13,36,105
2023-08-26,8012108,8012729,6,18,93
2023-08-26,8012108,8012840,7,18,110
2023-08-26,8012109,8012109,13,17,108
2023-08-26,8012109,8012143,8,9,133
2023-08-26,8012109,8012856,4,8,60
2023-08-26,8012143,8012109,7,8,101
2023-08-26,8012143,8012143,16,17,129
2023-08-26,8012143,8013072,9,9,177
2023-08-26,8012146,8012146,17,29,156
2023-08-26,8012146,8012832,8,15,110
2023-08-26,8012146,8012843,9,14,189
2023-08-26,8012262,8011681,5,10,78
2023-08-26,8012262,8012262,25,38,141
2023-08-26,8012262,8012716,12,19,205
2023-08-26,8012264,8012264,39,53,96
2023-08-26,8012264,8012321,6,9,110
2023-08-26,8012264,8012384,7,10,117
2023-08-26,8012264,8012940,16,18,72
2023-08-26,8012265,8010267,3,6,40
2023-08-26,8012265,8012265,3,12,25
2023-08-26,8012265,8012612,2,6,35
2023-08-26,8012268,8011864,12,17,104
2023-08-26,8012268,8012268,20,35,117
2023-08-26,8012268,8012902,8,18,102
2023-08-26,8012269,8010153,6,8,75
2023-08-26,8012269,8012269,7,17,41
2023-08-26,8012269,8012362,1,9,10
2023-08-26,8012274,8011592,0,8,0
2023-08-26,8012274,8011718,2,8,8
2023-08-26,8012274,8012274,2,16,4
2023-08-26,8012296,8012296,4,12,50
2023-08-26,8012296,8012517,4,7,86
2023-08-26,8012296,8087006,0,6,0
2023-08-26,8012316,8011281,7,9,260
2023-08-26,8012316,8011778,5,10,159
2023-08-26,8012316,8012316,14,19,212
2023-08-26,8012321,8010381,5,19,38
2023-08-26,8012321,8012264,3,7,81
2023-08-26,8012321,8012321,15,37,57
2023-08-26,8012321,8012384,7,11,60
2023-08-26,8012358,8011694,8,10,153
2023-08-26,8012358,8011953,3,6,140
2023-08-26,8012358,8012358,31,37,125
2023-08-26,8012358,8013352,7,8,101
2023-08-26,8012361,8013409,0,6,0
2023-08-26,8012362,8010322,3,9,13
2023-08-26,8012362,8012269,7,8,60
2023-08-26,8012362,8012362,8,17,34
2023-08-26,8012376,8010241,12,18,58
2023-08-26,8012376,8012376,20,36,61
2023-08-26,8012376,8012758,15,18,92
2023-08-26,8012377,8010300,5,5,108
2023-08-26,8012377,8011140,11,15,174
2023-08-26,8012377,8012377,23,32,158
2023-08-26,8012377,8012818,8,12,162
2023-08-26,8012384,8012264,8,11,65
2023-08-26,8012384,8012321,3,10,84
2023-08-26,8012384,8012384,11,21,80
2023-08-26,8012421,8012421,21,32,112
2023-08-26,8012421,8012555,9,16,109
2023-08-26,8012421,8013017,12,16,126
2023-08-26,8012436,8010199,11,18,73
2023-08-26,8012436,8010348,16,18,130
2023-08-26,8012436,8012436,27,36,83
2023-08-26,8012438,8012438,13,36,109
2023-08-26,8012438,8012840,6,18,100
2023-08-26,8012438,8013105,7,18,118
2023-08-26,8012474,8011442,3,8,22
2023-08-26,8012474,8011726,3,9,27
2023-08-26,8012474,8012474,6,17,25
2023-08-26,8012517,8011939,4,7,86
2023-08-26,8012517,8012296,0,6,0
2023-08-26,8012517,8012517,4,13,46
2023-08-26,8012555,8010339,9,16,103
2023-08-26,8012555,8012421,10,16,114
2023-08-26,8012555,8012555,19,32,106
2023-08-26,8012582,8010300,13,15,98
2023-08-26,8012582,8012582,25,31,101
2023-08-26,8012582,8012584,12,16,152
2023-08-26,8012583,8012584,2,15,28
2023-08-26,8012584,8012582,2,15,24
2023-08-26,8012584,8012583,10,16,126
2023-08-26,8012584,8012584,14,31,83
2023-08-26,8012609,8011031,12,18,72
2023-08-26,8012609,8011735,14,17,176
2023-08-26,8012609,8012609,26,35,114
2023-08-26,8012610,8011213,8,8,202
2023-08-26,8012610,8012610,13,15,190
2023-08-26,8012610,8013393,7,7,257
2023-08-26,8012612,8011593,0,6,0
2023-08-26,8012612,8012265,1,6,5
2023-08-26,8012612,8012612,0,12,0
2023-08-26,8012617,8011992,0,16,0
2023-08-26,8012643,8013354,6,15,20
2023-08-26,8012644,8010188,5,12,98
2023-08-26,8012677,8010156,13,14,291
2023-08-26,8012677,8011248,9,14,141
2023-08-26,8012677,8012677,23,28,209
2023-08-26,8012683,8010210,5,14,129
2023-08-26,8012683,8012683,14,28,152
2023-08-26,8012683,8012684,9,14,161
2023-08-26,8012684,8012683,6,14,148
2023-08-26,8012684,8012684,15,28,158
2023-08-26,8012710,8011356,11,12,175
2023-08-26,8012710,8011707,8,12,135
2023-08-26,8012710,8012710,19,24,176
2023-08-26,8012711,8011017,5,16,94
2023-08-26,8012711,8012711,20,31,176
2023-08-26,8012711,8012835,15,15,236
2023-08-26,8012716,8012262,16,19,69
2023-08-26,8012716,8012716,22,38,127
2023-08-26,8012716,8013073,11,19,201
2023-08-26,8012729,8010016,15,18,152
2023-08-26,8012729,8012108,7,18,123
2023-08-26,8012729,8012729,21,36,120
2023-08-26,8012737,8011908,1,8,4
2023-08-26,8012758,8010227,12,18,95
2023-08-26,8012758,8012376,15,18,55
2023-08-26,8012758,8012758,30,36,86
2023-08-26,8012762,8010300,1,1,120
2023-08-26,8012762,8011027,8,10,246
2023-08-26,8012762,8011611,10,10,231
2023-08-26,8012762,8011778,1,1,120
2023-08-26,8012762,8012762,19,22,207
2023-08-26,8012785,8011270,12,17,94
2023-08-26,8012785,8012785,18,33,76
2023-08-26,8012785,8079629,5,13,37
2023-08-26,8012806,8011140,11,16,105
2023-08-26,8012806,8012806,23,31,125
2023-08-26,8012818,8010300,11,12,248
2023-08-26,8012818,8012377,7,10,201
2023-08-26,8012818,8012818,18,22,217
2023-08-26,8012827,8012005,8,15,82
2023-08-26,8012827,8012827,8,31,41
2023-08-26,8012832,8010210,4,15,92
2023-08-26,8012832,8012146,9,14,195
2023-08-26,8012832,8012832,14,29,145
2023-08-26,8012835,8012711,6,16,103
2023-08-26,8012835,8012835,20,31,170
2023-08-26,8012835,8013104,14,15,236
2023-08-26,8012839,8010179,7,8,105
2023-08-26,8012839,8012839,15,16,131
2023-08-26,8012840,8012108,6,18,98
2023-08-26,8012840,8012438,7,18,118
2023-08-26,8012840,8012840,13,36,108
2023-08-26,8012841,8011729,3,16,30
2023-08-26,8012841,8012841,10,33,44
2023-08-26,8012841,8079604,6,17,55
2023-08-26,8012843,8012146,7,15,120
2023-08-26,8012856,8012002,7,8,101
2023-08-26,8012856,8012109,9,9,153
2023-08-26,8012856,8012856,16,17,116
2023-08-26,8012892,8011109,4,22,8
2023-08-26,8012892,8012892,4,44,4
2023-08-26,8012892,8017349,0,22,0
2023-08-26,8012902,8010141,6,10,108
2023-08-26,8012902,8011702,6,8,128
2023-08-26,8012902,8012268,12,17,122
2023-08-26,8012902,8012902,20,35,99
2023-08-26,8012933,8004177,12,14,174
2023-08-26,8012933,8011230,14,14,255
2023-08-26,8012933,8012933,23,28,205
2023-08-26,8012940,8010325,10,24,20
2023-08-26,8012940,8012264,12,17,171
2023-08-26,8012940,8012940,56,96,112
2023-08-26,8012940,8012951,18,24,105
2023-08-26,8012940,8012953,4,5,24
2023-08-26,8012940,8013186,9,9,310
2023-08-26,8012949,8011939,0,6,0
2023-08-26,8012949,8012949,4,13,46
2023-08-26,8012949,8013232,4,7,86
2023-08-26,8012951,8010156,11,13,141
2023-08-26,8012951,8010173,13,20,48
2023-08-26,8012951,8010325,5,9,60
2023-08-26,8012951,8012940,19,24,271
2023-08-26,8012951,8012951,49,66,152
2023-08-26,8012953,8012940,1,4,8
2023-08-26,8012953,8012953,3,16,11
2023-08-26,8012953,8012960,1,8,15
2023-08-26,8012954,8011718,1,8,8
2023-08-26,8012954,8012954,1,16,8
2023-08-26,8012954,8012960,0,8,0
2023-08-26,8012960,8012953,0,8,0
2023-08-26,8012960,8012954,1,8,15
2023-08-26,8012960,8012960,1,16,8
2023-08-26,8012962,8012962,2,42,2
2023-08-26,8012962,8079084,0,21,0
2023-08-26,8012962,8087025,2,21,4
2023-08-26,8012963,8012963,3,39,2
2023-08-26,8012963,8087025,0,21,0
2023-08-26,8012963,8087026,0,22,0
2023-08-26,8013017,8010241,11,16,107
2023-08-26,8013017,8012421,10,16,109
2023-08-26,8013017,8013017,23,32,117
2023-08-26,8013018,8010267,4,8,49
2023-08-26,8013018,8011442,6,9,63
2023-08-26,8013018,8013018,10,17,49
2023-08-26,8013040,8011797,17,18,83
2023-08-26,8013040,8011995,7,18,103
2023-08-26,8013040,8013040,24,36,83
2023-08-26,8013051,8011646,7,12,95
2023-08-26,8013051,8013051,16,24,99
2023-08-26,8013051,8013177,9,12,102
2023-08-26,8013062,8011017,14,15,244
2023-08-26,8013062,8011778,9,10,231
2023-08-26,8013062,8013062,27,31,170
2023-08-26,8013069,8010156,6,8,30
2023-08-26,8013069,8011951,7,8,225
2023-08-26,8013069,8013069,12,16,122
2023-08-26,8013072,8010273,8,9,157
2023-08-26,8013072,8012143,7,8,82
2023-08-26,8013072,8013072,15,17,141
2023-08-26,8013073,8010173,11,19,180
2023-08-26,8013073,8012716,14,19,66
2023-08-26,8013073,8013073,25,38,135
2023-08-26,8013104,8010210,13,15,200
2023-08-26,8013104,8012835,5,16,111
2023-08-26,8013104,8013104,18,31,161
2023-08-26,8013105,8011797,18,18,205
2023-08-26,8013105,8012438,6,18,100
2023-08-26,8013105,8013105,23,36,134
2023-08-26,8013106,8079604,0,16,0
2023-08-26,8013131,8010179,6,8,158
2023-08-26,8013131,8011456,4,8,60
2023-08-26,8013131,8013131,9,16,112
2023-08-26,8013132,8010392,6,30,101
2023-08-26,8013132,8011108,1,27,1
2023-08-26,8013132,8013132,6,55,55
2023-08-26,8013133,8010392,0,16,0
2023-08-26,8013133,8011992,0,16,0
2023-08-26,8013133,8013133,0,32,0
2023-08-26,8013156,8013162,4,8,142
2023-08-26,8013161,8013161,3,44,3
2023-08-26,8013161,8017349,1,22,3
2023-08-26,8013161,8087027,0,22,0
2023-08-26,8013162,8011456,5,8,120
2023-08-26,8013162,8013156,7,8,94
2023-08-26,8013162,8013162,8,16,105
2023-08-26,8013177,8011356,8,12,115
2023-08-26,8013177,8013051,8,12,155
2023-08-26,8013177,8013177,18,24,130
2023-08-26,8013186,8010051,10,19,120
2023-08-26,8013186,8011215,4,8,41
2023-08-26,8013186,8012264,0,1,0
2023-08-26,8013186,8012940,8,9,190
2023-08-26,8013186,8013186,18,38,117
2023-08-26,8013232,8012949,0,6,0
2023-08-26,8013232,8013232,4,13,46
2023-08-26,8013293,8011731,2,6,20
2023-08-26,8013293,8013293,3,12,10
2023-08-26,8013293,8070946,1,6,10
2023-08-26,8013322,8011481,9,12,105
2023-08-26,8013322,8011707,12,12,112
2023-08-26,8013322,8013322,20,24,119
2023-08-26,8013339,8011889,0,19,0
2023-08-26,8013339,8013339,20,39,112
2023-08-26,8013339,8013340,6,28,112
2023-08-26,8013340,8013339,1,27,2
2023-08-26,8013340,8013340,7,55,58
2023-08-26,8013340,8013341,5,28,109
2023-08-26,8013341,8011108,5,28,109
2023-08-26,8013341,8013340,0,27,0
2023-08-26,8013341,8013341,6,55,56
2023-08-26,8013352,8012358,6,6,85
2023-08-26,8013352,8013352,12,14,69
2023-08-26,8013354,8010325,3,15,16
2023-08-26,8013354,8012643,2,15,8
2023-08-26,8013354,8013354,6,30,14
2023-08-26,8013370,8012009,1,1,30
2023-08-26,8013370,8013370,0,1,0
2023-08-26,8013373,8011481,12,12,88
2023-08-26,8013373,8013373,18,24,86
2023-08-26,8013385,8010392,0,22,0
2023-08-26,8013385,8012086,4,22,11
2023-08-26,8013385,8013385,4,44,6
2023-08-26,8013393,8010213,6,7,210
2023-08-26,8013393,8012610,5,8,135
2023-08-26,8013393,8013393,12,15,182
2023-08-26,8013409,8012361,1,6,10
2023-08-26,8013409,8013409,1,12,5
2023-08-26,8013409,8070946,0,6,0
2023-08-26,8017349,8012892,4,22,10
2023-08-26,8017349,8013161,0,22,0
2023-08-26,8017349,8017349,3,44,3
2023-08-26,8070946,8013293,4,6,25
2023-08-26,8070946,8013409,1,6,10
2023-08-26,8070946,8070946,5,12,18
2023-08-26,8079604,8012841,12,16,47
2023-08-26,8079604,8013106,3,17,48
2023-08-26,8079604,8079604,18,33,44
2023-08-26,8079629,8011735,17,17,124
2023-08-26,8079629,8012785,13,13,122
2023-08-26,8079629,8079629,27,32,111
2023-08-26,8087006,8011015,0,6,0
2023-08-26,8087006,8012296,4,6,100
2023-08-26,8087006,8087006,4,12,50
2023-08-26,8087025,8012962,0,21,0
2023-08-26,8087025,8012963,1,21,3
2023-08-26,8087025,8087025,2,42,2
2023-08-26,8087026,8011109,0,22,0
2023-08-26,8087026,8012963,4,22,10
2023-08-26,8087026,8087026,4,44,4
2023-08-26,8087027,8012065,0,22,0
2023-08-26,8087027,8013161,3,22,7
2023-08-26,8087027,8087027,4,44,4
2023-08-27,8010016,8010016,22,32,30
2023-08-27,8010016,8011031,2,16,17
2023-08-27,8010016,8012729,0,16,0
2023-08-27,8010051,8010051,24,38,170
2023-08-27,8010051,8010153,8,9,173
2023-08-27,8010051,8010322,9,10,204
2023-08-27,8010051,8013186,15,19,302
2023-08-27,8010141,8010141,25,35,280
2023-08-27,8010141,8011702,9,9,467
2023-08-27,8010141,8012651,5,8,165
2023-08-27,8010141,8012902,7,8,60
2023-08-27,8010153,8010051,5,9,27
2023-08-27,8010153,8010153,41,55,47
2023-08-27,8010153,8010201,9,13,48
2023-08-27,8010153,8010284,6,26,8
2023-08-27,8010153,8012269,3,9,13
2023-08-27,8010156,8010156,37,44,196
2023-08-27,8010156,8011798,5,8,49
2023-08-27,8010156,8012677,10,14,390
2023-08-27,8010156,8012951,9,14,139
2023-08-27,8010156,8013069,3,8,60
2023-08-27,8010173,8010173,27,37,65
2023-08-27,8010173,8012951,13,18,72
2023-08-27,8010173,8013073,13,18,82
2023-08-27,8010173,8013370,1,1,60
2023-08-27,8010176,8010176,7,32,10
2023-08-27,8010176,8010381,4,16,19
2023-08-27,8010176,8011995,3,16,9
2023-08-27,8010179,8010179,28,32,123
2023-08-27,8010179,8011536,9,9,187
2023-08-27,8010179,8012839,7,7,116
2023-08-27,8010179,8013131,3,7,77
2023-08-27,8010188,8010188,3,24,15
2023-08-27,8010188,8011015,0,6,0
2023-08-27,8010188,8011593,0,6,0
2023-08-27,8010188,8012644,2,12,18
2023-08-27,8010199,8010199,12,36,14
2023-08-27,8010199,8010284,13,18,28
2023-08-27,8010199,8012436,8,18,17
2023-08-27,8010201,8010153,9,13,48
2023-08-27,8010201,8010201,15,26,50
2023-08-27,8010201,8012093,11,13,48
2023-08-27,8010210,8010210,23,31,70
2023-08-27,8010210,8012683,10,14,105
2023-08-27,8010210,8012832,12,15,116
2023-08-27,8010210,8013104,10,15,50
2023-08-27,8010213,8010213,14,16,186
2023-08-27,8010213,8011689,6,8,165
2023-08-27,8010213,8013393,8,8,195
2023-08-27,8010227,8010227,20,36,40
2023-08-27,8010227,8010348,18,18,88
2023-08-27,8010227,8012758,17,18,40
2023-08-27,8010241,8010241,40,52,95
2023-08-27,8010241,8011025,10,12,90
2023-08-27,8010241,8011293,17,19,174
2023-08-27,8010241,8012376,13,18,25
2023-08-27,8010241,8013017,10,15,98
2023-08-27,8010267,8012265,2,6,15
2023-08-27,8010267,8013018,4,9,17
2023-08-27,8010273,8010273,14,17,175
2023-08-27,8010273,8010284,6,9,120
2023-08-27,8010273,8013072,7,8,188
2023-08-27,8010284,8010153,23,27,69
2023-08-27,8010284,8010199,6,18,13
2023-08-27,8010284,8010273,3,8,75
2023-08-27,8010284,8010284,25,53,35
2023-08-27,8010300,8010300,38,52,84
2023-08-27,8010300,8011611,8,11,90
2023-08-27,8010300,8012377,3,4,38
2023-08-27,8010300,8012582,9,16,68
2023-08-27,8010300,8012818,8,11,74
2023-08-27,8010322,8010051,6,10,87
2023-08-27,8010322,8010322,20,37,95
2023-08-27,8010322,8011924,4,9,33
2023-08-27,8010322,8012362,4,8,45
2023-08-27,8010325,8010325,14,48,14
2023-08-27,8010325,8012940,3,24,4
2023-08-27,8010325,8012951,8,9,33
2023-08-27,8010325,8013354,2,15,16
2023-08-27,8010339,8010339,24,30,126
2023-08-27,8010339,8011213,14,15,180
2023-08-27,8010339,8012555,11,15,118
2023-08-27,8010348,8010227,1,18,3
2023-08-27,8010348,8010348,34,36,47
2023-08-27,8010348,8012436,9,18,15
2023-08-27,8010381,8010176,2,16,4
2023-08-27,8010381,8012321,0,17,0
2023-08-27,8010392,8010392,1,44,1
2023-08-27,8010392,8013132,0,29,0
2023-08-27,8010392,8013133,0,16,0
2023-08-27,8010392,8013385,1,22,3
2023-08-27,8011015,8010188,0,6,0
2023-08-27,8011015,8011015,0,12,0
2023-08-27,8011015,8087006,0,6,0
2023-08-27,8011017,8011017,21,31,83
2023-08-27,8011017,8012711,16,16,118
2023-08-27,8011017,8013062,5,15,26
2023-08-27,8011025,8010241,4,12,62
2023-08-27,8011025,8011025,9,24,65
2023-08-27,8011025,8011646,6,12,68
2023-08-27,8011027,8011027,13,19,63
2023-08-27,8011027,8011281,6,10,63
2023-08-27,8011027,8012762,4,9,43
2023-08-27,8011031,8010016,10,17,41
2023-08-27,8011031,8011031,8,33,22
2023-08-27,8011031,8012609,1,16,17
2023-08-27,8011044,8011044,12,18,88
2023-08-27,8011044,8011438,6,9,77
2023-08-27,8011044,8012021,6,9,97
2023-08-27,8011108,8011108,4,55,6
2023-08-27,8011108,8013132,3,28,11
2023-08-27,8011108,8013341,1,27,1
2023-08-27,8011109,8011109,1,44,1
2023-08-27,8011109,8012892,0,22,0
2023-08-27,8011109,8087026,0,22,0
2023-08-27,8011114,8012005,0,15,0
2023-08-27,8011140,8011140,17,32,61
2023-08-27,8011140,8012377,10,17,76
2023-08-27,8011140,8012806,6,15,50
2023-08-27,8011205,8010399,8,9,270
2023-08-27,8011205,8011205,19,21,227
2023-08-27,8011205,8011307,10,10,198
2023-08-27,8011213,8010339,14,15,138
2023-08-27,8011213,8011213,29,30,181
2023-08-27,8011213,8012610,7,7,257
2023-08-27,8011230,8011230,22,28,310
2023-08-27,8011230,8011248,11,14,107
2023-08-27,8011230,8012933,12,14,529
2023-08-27,8011248,8011230,11,14,497
2023-08-27,8011248,8011248,24,28,289
2023-08-27,8011248,8012677,10,14,124
2023-08-27,8011270,8011270,11,31,41
2023-08-27,8011270,8011729,11,16,75
2023-08-27,8011270,8012785,1,15,14
2023-08-27,8011281,8011027,2,9,23
2023-08-27,8011281,8011281,10,19,46
2023-08-27,8011281,8012316,6,10,48
2023-08-27,8011286,8011286,16,38,33
2023-08-27,8011286,8011889,8,19,46
2023-08-27,8011286,8011991,0,19,0
2023-08-27,8011293,8010241,14,18,125
2023-08-27,8011293,8011293,33,37,172
2023-08-27,8011293,8011307,11,11,248
2023-08-27,8011307,8011205,11,11,210
2023-08-27,8011307,8011293,10,10,186
2023-08-27,8011307,8011307,21,21,204
2023-08-27,8011356,8011356,13,24,61
2023-08-27,8011356,8012710,6,12,55
2023-08-27,8011356,8013177,10,12,90
2023-08-27,8011438,8011044,7,9,120
2023-08-27,8011438,8011438,15,18,118
2023-08-27,8011438,8011536,6,9,93
2023-08-27,8011442,8011442,10,17,51
2023-08-27,8011442,8012474,6,9,40
2023-08-27,8011442,8013018,4,8,38
2023-08-27,8011456,8011456,6,14,58
2023-08-27,8011456,8013131,6,7,64
2023-08-27,8011456,8013162,3,7,86
2023-08-27,8011481,8011481,14,24,54
2023-08-27,8011481,8013322,11,12,72
2023-08-27,8011481,8013373,4,12,40
2023-08-27,8011536,8010179,5,9,77
2023-08-27,8011536,8011438,9,9,180
2023-08-27,8011536,8011536,15,18,135
2023-08-27,8011592,8011592,2,16,26
2023-08-27,8011592,8011908,0,8,0
2023-08-27,8011592,8012274,2,8,79
2023-08-27,8011593,8010188,2,6,30
2023-08-27,8011593,8011593,2,12,15
2023-08-27,8011593,8012612,0,6,0
2023-08-27,8011611,8010300,6,9,70
2023-08-27,8011611,8011611,14,20,88
2023-08-27,8011611,8012762,7,11,93
2023-08-27,8011646,8011025,8,12,88
2023-08-27,8011646,8011646,15,24,74
2023-08-27,8011646,8013051,7,12,52
2023-08-27,8011681,8011681,13,18,92
2023-08-27,8011681,8011994,6,9,67
2023-08-27,8011681,8012262,7,9,133
2023-08-27,8011689,5100145,4,8,116
2023-08-27,8011689,8010213,7,8,165
2023-08-27,8011689,8011689,13,16,148
2023-08-27,8011694,8011694,18,31,52
2023-08-27,8011694,8011723,10,16,54
2023-08-27,8011694,8011953,2,6,20
2023-08-27,8011694,8012358,7,9,87
2023-08-27,8011702,8010141,5,8,169
2023-08-27,8011702,8011702,8,17,314
2023-08-27,8011702,8012902,6,9,430
2023-08-27,8011707,8011707,14,24,101
2023-08-27,8011707,8012710,10,12,202
2023-08-27,8011707,8013322,4,12,52
2023-08-27,8011718,8011718,0,16,0
2023-08-27,8011718,8012274,0,8,0
2023-08-27,8011718,8012954,0,8,0
2023-08-27,8011723,8011694,6,15,42
2023-08-27,8011723,8011723,15,31,47
2023-08-27,8011723,8012021,6,9,77
2023-08-27,8011726,8011726,6,17,23
2023-08-27,8011726,8011951,4,8,22
2023-08-27,8011726,8012474,4,8,34
2023-08-27,8011729,8011270,1,15,12
2023-08-27,8011729,8011729,9,31,33
2023-08-27,8011729,8012841,5,16,38
2023-08-27,8011731,8011731,9,12,72
2023-08-27,8011731,8013293,5,6,65
2023-08-27,8011735,8011735,17,30,39
2023-08-27,8011735,8012609,11,17,35
2023-08-27,8011735,8079629,3,14,6
2023-08-27,8011778,8011778,13,21,63
2023-08-27,8011778,8012316,4,9,63
2023-08-27,8011778,8012762,0,1,0
2023-08-27,8011778,8013062,5,9,57
2023-08-27,8011797,8011797,31,32,45
2023-08-27,8011797,8013040,5,16,21
2023-08-27,8011797,8013105,2,16,8
2023-08-27,8011798,8010156,8,8,52
2023-08-27,8011864,8003774,12,17,300
2023-08-27,8011864,8011864,21,35,275
2023-08-27,8011864,8012268,9,18,247
2023-08-27,8011889,8011286,0,19,0
2023-08-27,8011889,8011889,16,38,32
2023-08-27,8011889,8013339,16,19,85
2023-08-27,8011908,8011592,1,8,11
2023-08-27,8011908,8011908,1,16,8
2023-08-27,8011908,8012737,0,8,0
2023-08-27,8011939,8011939,0,13,0
2023-08-27,8011939,8012517,0,6,0
2023-08-27,8011939,8012949,0,7,0
2023-08-27,8011951,8011726,6,8,68
2023-08-27,8011951,8011951,8,16,62
2023-08-27,8011951,8013069,3,8,19
2023-08-27,8011953,8011694,3,7,30
2023-08-27,8011953,8011953,9,15,38
2023-08-27,8011953,8012358,6,7,77
2023-08-27,8011991,8011286,16,19,63
2023-08-27,8011991,8011991,12,38,28
2023-08-27,8011992,8011992,0,32,0
2023-08-27,8011992,8012617,0,16,0
2023-08-27,8011992,8013133,0,16,0
2023-08-27,8011995,8010176,2,16,13
2023-08-27,8011995,8011995,4,32,10
2023-08-27,8011995,8013040,5,16,13
2023-08-27,8012005,8011114,15,15,38
2023-08-27,8012005,8012005,3,30,7
2023-08-27,8012005,8012827,0,15,0
2023-08-27,8012009,8010156,1,1,60
2023-08-27,8012009,8012009,1,1,60
2023-08-27,8012021,8011044,8,9,80
2023-08-27,8012021,8011723,8,9,117
2023-08-27,8012021,8012021,16,18,105
2023-08-27,8012065,8012065,1,44,1
2023-08-27,8012065,8012086,0,22,0
2023-08-27,8012065,8087027,1,22,1
2023-08-27,8012086,8012065,1,22,3
2023-08-27,8012086,8012086,1,44,1
2023-08-27,8012086,8013385,0,22,0
2023-08-27,8012093,8010201,5,13,53
2023-08-27,8012093,8010399,8,8,120
2023-08-27,8012093,8012093,11,26,47
2023-08-27,8012108,8012108,3,32,5
2023-08-27,8012108,8012729,2,16,8
2023-08-27,8012108,8012840,0,16,0
2023-08-27,8012109,8012109,14,17,187
2023-08-27,8012109,8012143,9,9,197
2023-08-27,8012109,8012856,5,8,169
2023-08-27,8012143,8012109,6,8,188
2023-08-27,8012143,8012143,15,17,199
2023-08-27,8012143,8013072,9,9,243
2023-08-27,8012146,8012146,18,29,69
2023-08-27,8012146,8012832,7,14,39
2023-08-27,8012146,8012843,11,15,74
2023-08-27,8012262,8011681,5,9,47
2023-08-27,8012262,8012262,25,36,83
2023-08-27,8012262,8012716,9,18,73
2023-08-27,8012264,8012264,34,52,52
2023-08-27,8012264,8012321,3,8,11
2023-08-27,8012264,8012384,9,10,42
2023-08-27,8012264,8012940,12,17,49
2023-08-27,8012265,8010267,2,6,20
2023-08-27,8012265,8012265,3,12,15
2023-08-27,8012265,8012612,2,6,30
2023-08-27,8012268,8011864,12,17,300
2023-08-27,8012268,8012268,20,35,272
2023-08-27,8012268,8012902,8,18,228
2023-08-27,8012269,8010153,6,8,71
2023-08-27,8012269,8012269,8,17,41
2023-08-27,8012269,8012362,3,9,17
2023-08-27,8012274,8011592,0,8,0
2023-08-27,8012274,8011718,4,8,38
2023-08-27,8012274,8012274,4,16,34
2023-08-27,8012296,8012296,0,12,0
2023-08-27,8012296,8012517,0,7,0
2023-08-27,8012296,8087006,0,6,0
2023-08-27,8012316,8011281,5,9,57
2023-08-27,8012316,8011778,2,10,24
2023-08-27,8012316,8012316,10,19,49
2023-08-27,8012321,8010381,2,18,5
2023-08-27,8012321,8012264,0,6,0
2023-08-27,8012321,8012321,12,35,18
2023-08-27,8012321,8012384,9,11,49
2023-08-27,8012358,8011694,9,9,93
2023-08-27,8012358,8011953,3,8,41
2023-08-27,8012358,8012358,29,37,67
2023-08-27,8012358,8013352,6,8,56
2023-08-27,8012361,8013409,2,6,15
2023-08-27,8012362,8010322,3,9,20
2023-08-27,8012362,8012269,6,8,68
2023-08-27,8012362,8012362,7,17,37
2023-08-27,8012376,8010241,7,18,25
2023-08-27,8012376,8012376,14,36,24
2023-08-27,8012376,8012758,13,18,40
2023-08-27,8012377,8010300,3,4,60
2023-08-27,8012377,8011140,9,15,62
2023-08-27,8012377,8012377,18,32,62
2023-08-27,8012377,8012818,6,13,65
2023-08-27,8012384,8012264,8,11,38
2023-08-27,8012384,8012321,4,10,18
2023-08-27,8012384,8012384,11,21,31
2023-08-27,8012421,8012421,26,30,134
2023-08-27,8012421,8012555,12,15,130
2023-08-27,8012421,8013017,15,15,154
2023-08-27,8012436,8010199,15,18,30
2023-08-27,8012436,8010348,17,18,70
2023-08-27,8012436,8012436,31,36,31
2023-08-27,8012438,8012438,2,32,5
2023-08-27,8012438,8012840,2,16,9
2023-08-27,8012438,8013105,1,16,2
2023-08-27,8012474,8011442,4,8,30
2023-08-27,8012474,8011726,2,9,17
2023-08-27,8012474,8012474,4,17,18
2023-08-27,8012517,8011939,0,7,0
2023-08-27,8012517,8012296,0,6,0
2023-08-27,8012517,8012517,0,13,0
2023-08-27,8012555,8010339,10,15,100
2023-08-27,8012555,8012421,12,15,138
2023-08-27,8012555,8012555,24,30,119
2023-08-27,8012582,8010300,11,15,48
2023-08-27,8012582,8012582,19,31,44
2023-08-27,8012582,8012584,8,16,71
2023-08-27,8012583,8012584,0,15,0
2023-08-27,8012584,8012582,0,15,0
2023-08-27,8012584,8012583,7,16,58
2023-08-27,8012584,8012584,8,31,33
2023-08-27,8012609,8011031,10,17,34
2023-08-27,8012609,8011735,6,16,36
2023-08-27,8012609,8012609,16,33,30
2023-08-27,8012610,8011213,8,8,214
2023-08-27,8012610,8012610,15,16,208
2023-08-27,8012610,8013393,8,8,274
2023-08-27,8012612,8011593,2,6,30
2023-08-27,8012612,8012265,0,6,0
2023-08-27,8012612,8012612,2,12,15
2023-08-27,8012617,8011992,0,16,0
2023-08-27,8012643,8013354,4,15,10
2023-08-27,8012644,8010188,2,12,20
2023-08-27,8012677,8010156,12,14,146
2023-08-27,8012677,8011248,10,14,411
2023-08-27,8012677,8012677,20,28,260
2023-08-27,8012683,8010210,2,14,41
2023-08-27,8012683,8012683,10,28,61
2023-08-27,8012683,8012684,7,14,77
2023-08-27,8012684,8012683,2,14,41
2023-08-27,8012684,8012684,9,28,59
2023-08-27,8012710,8011356,12,12,170
2023-08-27,8012710,8011707,7,12,65
2023-08-27,8012710,8012710,18,24,139
2023-08-27,8012711,8011017,4,15,26
2023-08-27,8012711,8012711,17,31,68
2023-08-27,8012711,8012835,14,16,84
2023-08-27,8012716,8012262,15,18,82
2023-08-27,8012716,8012716,27,36,70
2023-08-27,8012716,8013073,13,18,78
2023-08-27,8012729,8010016,13,16,43
2023-08-27,8012729,8012108,1,16,4
2023-08-27,8012729,8012729,11,32,12
2023-08-27,8012737,8011908,1,8,8
2023-08-27,8012758,8010227,14,18,53
2023-08-27,8012758,8012376,15,18,40
2023-08-27,8012758,8012758,32,36,58
2023-08-27,8012762,8010300,1,1,240
2023-08-27,8012762,8011027,9,10,87
2023-08-27,8012762,8011611,6,9,77
2023-08-27,8012762,8011778,1,1,90
2023-08-27,8012762,8012762,13,21,63
2023-08-27,8012785,8011270,7,16,62
2023-08-27,8012785,8012785,12,31,48
2023-08-27,8012785,8079629,5,13,23
2023-08-27,8012806,8011140,9,16,58
2023-08-27,8012806,8012806,15,31,46
2023-08-27,8012818,8010300,13,13,125
2023-08-27,8012818,8012377,4,11,55
2023-08-27,8012818,8012818,21,24,89
2023-08-27,8012827,8012005,4,14,17
2023-08-27,8012827,8012827,4,29,9
2023-08-27,8012832,8010210,3,14,21
2023-08-27,8012832,8012146,11,15,92
2023-08-27,8012832,8012832,15,29,63
2023-08-27,8012835,8012711,4,15,30
2023-08-27,8012835,8012835,19,31,65
2023-08-27,8012835,8013104,14,16,99
2023-08-27,8012839,8010179,7,7,107
2023-08-27,8012839,8012839,14,14,107
2023-08-27,8012840,8012108,2,16,9
2023-08-27,8012840,8012438,0,16,0
2023-08-27,8012840,8012840,2,32,6
2023-08-27,8012841,8011729,1,15,12
2023-08-27,8012841,8012841,6,31,20
2023-08-27,8012841,8079604,6,16,32
2023-08-27,8012843,8012146,6,14,36
2023-08-27,8012856,8012002,7,8,199
2023-08-27,8012856,8012109,9,9,200
2023-08-27,8012856,8012856,16,17,185
2023-08-27,8012892,8011109,1,22,1
2023-08-27,8012892,8012892,1,44,1
2023-08-27,8012892,8017349,0,22,0
2023-08-27,8012902,8010141,5,10,330
2023-08-27,8012902,8011702,5,8,146
2023-08-27,8012902,8012268,9,17,284
2023-08-27,8012902,8012902,19,35,235
2023-08-27,8012933,8004177,11,14,527
2023-08-27,8012933,8011230,10,14,118
2023-08-27,8012933,8012933,22,28,327
2023-08-27,8012940,8010325,8,24,21
2023-08-27,8012940,8012264,12,16,54
2023-08-27,8012940,8012940,48,94,109
2023-08-27,8012940,8012951,16,23,271
2023-08-27,8012940,8012953,3,5,18
2023-08-27,8012940,8013186,8,9,153
2023-08-27,8012949,8011939,0,6,0
2023-08-27,8012949,8012949,0,13,0
2023-08-27,8012949,8013232,0,7,0
2023-08-27,8012951,8010156,11,13,443
2023-08-27,8012951,8010173,12,19,46
2023-08-27,8012951,8010325,3,9,10
2023-08-27,8012951,8012940,15,23,129
2023-08-27,8012951,8012951,43,64,151
2023-08-27,8012953,8012940,1,4,8
2023-08-27,8012953,8012953,5,16,11
2023-08-27,8012953,8012960,1,8,8
2023-08-27,8012954,8011718,1,8,4
2023-08-27,8012954,8012954,2,16,6
2023-08-27,8012954,8012960,1,8,8
2023-08-27,8012960,8012953,1,8,4
2023-08-27,8012960,8012954,1,8,8
2023-08-27,8012960,8012960,2,16,8
2023-08-27,8012962,8012962,1,42,1
2023-08-27,8012962,8079084,0,21,0
2023-08-27,8012962,8087025,1,21,1
2023-08-27,8012963,8012963,1,39,1
2023-08-27,8012963,8087025,0,21,0
2023-08-27,8012963,8087026,0,22,0
2023-08-27,8013017,8010241,10,15,118
2023-08-27,8013017,8012421,11,15,128
2023-08-27,8013017,8013017,24,30,129
2023-08-27,8013018,8010267,4,8,26
2023-08-27,8013018,8011442,7,9,50
2023-08-27,8013018,8013018,9,17,37
2023-08-27,8013040,8011797,14,16,56
2023-08-27,8013040,8011995,2,16,9
2023-08-27,8013040,8013040,17,32,24
2023-08-27,8013051,8011646,7,12,70
2023-08-27,8013051,8013051,14,24,62
2023-08-27,8013051,8013177,4,12,42
2023-08-27,8013062,8011017,16,16,120
2023-08-27,8013062,8011778,8,10,78
2023-08-27,8013062,8013062,25,31,54
2023-08-27,8013069,8010156,4,8,26
2023-08-27,8013069,8011951,6,8,94
2023-08-27,8013069,8013069,10,16,54
2023-08-27,8013072,8010273,8,9,200
2023-08-27,8013072,8012143,7,8,180
2023-08-27,8013072,8013072,17,17,199
2023-08-27,8013073,8010173,10,18,55
2023-08-27,8013073,8012716,14,18,75
2023-08-27,8013073,8013073,24,36,73
2023-08-27,8013104,8010210,13,16,79
2023-08-27,8013104,8012835,7,15,34
2023-08-27,8013104,8013104,16,31,54
2023-08-27,8013105,8011797,16,16,111
2023-08-27,8013105,8012438,2,16,9
2023-08-27,8013105,8013105,18,32,38
2023-08-27,8013106,8079604,1,15,4
2023-08-27,8013131,8010179,7,7,103
2023-08-27,8013131,8011456,3,7,73
2023-08-27,8013131,8013131,9,14,88
2023-08-27,8013132,8010392,3,30,10
2023-08-27,8013132,8011108,1,27,1
2023-08-27,8013132,8013132,3,55,5
2023-08-27,8013133,8010392,0,16,0
2023-08-27,8013133,8011992,0,16,0
2023-08-27,8013133,8013133,0,32,0
2023-08-27,8013156,8013162,2,7,43
2023-08-27,8013161,8013161,1,44,1
2023-08-27,8013161,8017349,0,22,0
2023-08-27,8013161,8087027,0,22,0
2023-08-27,8013162,8011456,3,7,21
2023-08-27,8013162,8013156,7,7,99
2023-08-27,8013162,8013162,5,14,49
2023-08-27,8013177,8011356,6,12,48
2023-08-27,8013177,8013051,10,12,82
2023-08-27,8013177,8013177,17,24,71
2023-08-27,8013186,8010051,11,19,139
2023-08-27,8013186,8011215,4,8,30
2023-08-27,8013186,8012264,1,1,720
2023-08-27,8013186,8012940,9,9,520
2023-08-27,8013186,8013186,23,38,214
2023-08-27,8013232,8012949,0,6,0
2023-08-27,8013232,8013232,0,13,0
2023-08-27,8013293,8011731,4,6,60
2023-08-27,8013293,8013293,5,12,48
2023-08-27,8013293,8070946,3,6,70
2023-08-27,8013322,8011481,3,12,42
2023-08-27,8013322,8011707,11,12,98
2023-08-27,8013322,8013322,15,24,76
2023-08-27,8013339,8011889,0,19,0
2023-08-27,8013339,8013339,17,37,27
2023-08-27,8013339,8013340,3,28,13
2023-08-27,8013340,8013339,1,27,2
2023-08-27,8013340,8013340,4,55,7
2023-08-27,8013340,8013341,1,28,9
2023-08-27,8013341,8011108,3,28,11
2023-08-27,8013341,8013340,0,27,0
2023-08-27,8013341,8013341,4,55,6
2023-08-27,8013352,8012358,6,8,56
2023-08-27,8013352,8013352,11,16,38
2023-08-27,8013354,8010325,1,15,2
2023-08-27,8013354,8012643,1,15,12
2023-08-27,8013354,8013354,3,30,8
2023-08-27,8013370,8012009,1,1,60
2023-08-27,8013370,8013370,1,1,60
2023-08-27,8013373,8011481,12,12,82
2023-08-27,8013373,8013373,16,24,61
2023-08-27,8013385,8010392,0,22,0
2023-08-27,8013385,8012086,1,22,3
2023-08-27,8013385,8013385,1,44,1
2023-08-27,8013393,8010213,6,8,176
2023-08-27,8013393,8012610,8,8,165
2023-08-27,8013393,8013393,16,16,195
2023-08-27,8013409,8012361,3,6,55
2023-08-27,8013409,8013409,4,12,35
2023-08-27,8013409,8070946,1,6,10
2023-08-27,8017349,8012892,1,22,3
2023-08-27,8017349,8013161,0,22,0
2023-08-27,8017349,8017349,1,44,1
2023-08-27,8070946,8013293,4,6,30
2023-08-27,8070946,8013409,3,6,65
2023-08-27,8070946,8070946,7,12,50
2023-08-27,8079604,8012841,9,15,18
2023-08-27,8079604,8013106,3,16,26
2023-08-27,8079604,8079604,15,31,25
2023-08-27,8079629,8011735,16,16,81
2023-08-27,8079629,8012785,10,13,62
2023-08-27,8079629,8079629,19,30,36
2023-08-27,8087006,8011015,0,6,0
2023-08-27,8087006,8012296,0,6,0
2023-08-27,8087006,8087006,0,12,0
2023-08-27,8087025,8012962,0,21,0
2023-08-27,8087025,8012963,0,21,0
2023-08-27,8087025,8087025,1,42,1
2023-08-27,8087026,8011109,0,22,0
2023-08-27,8087026,8012963,1,22,3
2023-08-27,8087026,8087026,1,44,1
2023-08-27,8087027,8012065,0,22,0
2023-08-27,8087027,8013161,1,22,1
2023-08-27,8087027,8087027,1,44,1
2023-08-28,8010016,8010016,29,36,69
2023-08-28,8010016,8011031,12,24,42
2023-08-28,8010016,8012729,6,18,38
2023-08-28,8010051,8010051,25,42,91
2023-08-28,8010051,8010153,6,9,120
2023-08-28,8010051,8010322,9,12,140
2023-08-28,8010051,8012264,1,2,30
2023-08-28,8010051,8013186,12,19,63
2023-08-28,8010141,8010141,24,38,62
2023-08-28,8010141,8011702,8,11,49
2023-08-28,8010141,8012651,4,9,30
2023-08-28,8010141,8012902,7,8,56
2023-08-28,8010153,8010051,8,9,33
2023-08-28,8010153,8010153,44,57,58
2023-08-28,8010153,8010201,8,10,81
2023-08-28,8010153,8010284,7,36,10
2023-08-28,8010153,8011215,1,1,150
2023-08-28,8010153,8012269,3,18,5
2023-08-28,8010156,8010156,48,57,135
2023-08-28,8010156,8011230,1,1,60
2023-08-28,8010156,8011798,3,13,32
2023-08-28,8010156,8012009,4,4,165
2023-08-28,8010156,8012474,4,4,112
2023-08-28,8010156,8012677,11,14,88
2023-08-28,8010156,8012951,11,12,345
2023-08-28,8010156,8013069,5,10,42
2023-08-28,8010173,8010173,40,52,70
2023-08-28,8010173,8012951,19,26,76
2023-08-28,8010173,8013073,18,21,77
2023-08-28,8010173,8013370,4,5,72
2023-08-28,8010176,8010176,11,36,28
2023-08-28,8010176,8010381,6,18,42
2023-08-28,8010176,8011995,4,18,18
2023-08-28,8010179,8010179,35,42,86
2023-08-28,8010179,8011536,10,10,81
2023-08-28,8010179,8012839,9,11,115
2023-08-28,8010179,8013131,8,11,142
2023-08-28,8010199,8010199,13,36,22
2023-08-28,8010199,8010284,5,18,27
2023-08-28,8010199,8012436,10,18,25
2023-08-28,8010201,8010153,7,10,42
2023-08-28,8010201,8010201,10,20,50
2023-08-28,8010201,8012093,8,10,60
2023-08-28,8010210,8010210,28,38,90
2023-08-28,8010210,8012683,14,17,115
2023-08-28,8010210,8012832,13,19,112
2023-08-28,8010210,8013104,16,19,133
2023-08-28,8010213,8010213,16,17,102
2023-08-28,8010213,8011689,7,8,101
2023-08-28,8010213,8013393,9,9,97
2023-08-28,8010227,8010227,23,36,47
2023-08-28,8010227,8010348,17,18,97
2023-08-28,8010227,8012758,16,19,43
2023-08-28,8010241,8010241,40,65,44
2023-08-28,8010241,8011025,7,17,34
2023-08-28,8010241,8011293,16,19,104
2023-08-28,8010241,8012376,11,18,20
2023-08-28,8010241,8013017,8,17,28
2023-08-28,8010267,8013018,2,17,9
2023-08-28,8010273,8010273,24,36,53
2023-08-28,8010273,8010284,9,18,42
2023-08-28,8010273,8013072,13,18,52
2023-08-28,8010284,8010153,26,36,68
2023-08-28,8010284,8010199,8,18,20
2023-08-28,8010284,8010273,1,18,12
2023-08-28,8010284,8010284,27,72,34
2023-08-28,8010300,8010300,44,58,113
2023-08-28,8010300,8011611,10,15,138
2023-08-28,8010300,8012377,3,4,120
2023-08-28,8010300,8012582,13,17,99
2023-08-28,8010300,8012818,10,12,92
2023-08-28,8010322,8010051,9,12,42
2023-08-28,8010322,8010322,35,60,48
2023-08-28,8010322,8011924,11,18,33
2023-08-28,8010322,8012362,7,18,18
2023-08-28,8010325,8010325,29,59,34
2023-08-28,8010325,8012940,13,30,45
2023-08-28,8010325,8012951,10,11,49
2023-08-28,8010325,8013354,14,18,37
2023-08-28,8010339,8010339,20,34,49
2023-08-28,8010339,8011213,17,17,85
2023-08-28,8010339,8012555,5,17,34
2023-08-28,8010348,8010153,0,1,0
2023-08-28,8010348,8010227,3,18,8
2023-08-28,8010348,8010348,33,36,50
2023-08-28,8010348,8012436,5,18,20
2023-08-28,8010381,8010176,3,18,12
2023-08-28,8010381,8012321,5,21,27
2023-08-28,8010392,8010392,1,57,1
2023-08-28,8010392,8013132,0,28,0
2023-08-28,8010392,8013133,0,18,0
2023-08-28,8010392,8013385,1,29,1
2023-08-28,8011017,8011017,33,38,172
2023-08-28,8011017,8012711,19,19,175
2023-08-28,8011017,8013062,19,19,186
2023-08-28,8011025,8010241,7,17,34
2023-08-28,8011025,8011025,12,34,38
2023-08-28,8011025,8011646,4,17,28
2023-08-28,8011027,8011027,13,21,96
2023-08-28,8011027,8011281,5,11,115
2023-08-28,8011027,8012762,4,10,51
2023-08-28,8011031,8010016,15,25,37
2023-08-28,8011031,8011031,20,49,33
2023-08-28,8011031,8012609,10,24,40
2023-08-28,8011044,8011044,17,24,92
2023-08-28,8011044,8011438,8,10,99
2023-08-28,8011044,8012021,5,10,36
2023-08-28,8011108,8011108,0,54,0
2023-08-28,8011108,8013132,0,28,0
2023-08-28,8011108,8013341,0,26,0
2023-08-28,8011109,8011109,0,41,0
2023-08-28,8011109,8012892,0,21,0
2023-08-28,8011109,8087026,0,20,0
2023-08-28,8011114,8012005,0,17,0
2023-08-28,8011140,8011140,24,34,89
2023-08-28,8011140,8012377,13,18,105
2023-08-28,8011140,8012806,10,16,68
2023-08-28,8011205,8010399,9,9,163
2023-08-28,8011205,8011205,19,22,150
2023-08-28,8011205,8011307,8,11,115
2023-08-28,8011213,8010339,12,17,78
2023-08-28,8011213,8011213,33,34,109
2023-08-28,8011213,8012610,8,8,116
2023-08-28,8011213,8012839,2,2,75
2023-08-28,8011230,8004177,1,1,60
2023-08-28,8011230,8011230,25,31,195
2023-08-28,8011230,8011248,15,16,311
2023-08-28,8011230,8012933,10,14,101
2023-08-28,8011248,8011230,7,14,79
2023-08-28,8011248,8011248,24,30,204
2023-08-28,8011248,8012677,15,16,291
2023-08-28,8011270,8011270,15,35,29
2023-08-28,8011270,8011729,13,17,58
2023-08-28,8011270,8012785,2,18,8
2023-08-28,8011281,8011027,1,10,42
2023-08-28,8011281,8011281,7,21,80
2023-08-28,8011281,8012316,7,11,104
2023-08-28,8011286,8011286,14,38,21
2023-08-28,8011286,8011889,6,19,25
2023-08-28,8011286,8011991,0,19,0
2023-08-28,8011293,8010241,12,19,90
2023-08-28,8011293,8011293,31,38,122
2023-08-28,8011293,8011307,10,11,147
2023-08-28,8011307,8011205,10,11,134
2023-08-28,8011307,8011293,7,11,120
2023-08-28,8011307,8011307,17,22,127
2023-08-28,8011356,8011356,23,34,112
2023-08-28,8011356,8012710,8,17,56
2023-08-28,8011356,8013177,15,17,162
2023-08-28,8011438,8011044,4,10,33
2023-08-28,8011438,8011438,12,20,70
2023-08-28,8011438,8011536,7,10,99
2023-08-28,8011442,8011442,8,18,38
2023-08-28,8011442,8012474,4,9,23
2023-08-28,8011442,8013018,4,9,37
2023-08-28,8011456,8011456,11,22,29
2023-08-28,8011456,8013131,7,11,38
2023-08-28,8011456,8013162,7,11,49
2023-08-28,8011481,8011481,24,34,126
2023-08-28,8011481,8013322,16,17,166
2023-08-28,8011481,8013373,9,17,92
2023-08-28,8011536,8010179,5,10,93
2023-08-28,8011536,8011438,9,10,69
2023-08-28,8011536,8011536,16,20,87
2023-08-28,8011592,8011592,1,28,1
2023-08-28,8011592,8011908,0,14,0
2023-08-28,8011592,8012274,1,16,2
2023-08-28,8011611,8010300,6,13,95
2023-08-28,8011611,8011611,21,28,129
2023-08-28,8011611,8012762,11,13,162
2023-08-28,8011646,8011025,9,17,88
2023-08-28,8011646,8011646,14,34,56
2023-08-28,8011646,8013051,8,17,48
2023-08-28,8011681,8011681,11,20,80
2023-08-28,8011681,8011994,4,10,63
2023-08-28,8011681,8012262,7,10,90
2023-08-28,8011689,5100145,5,8,68
2023-08-28,8011689,8010213,7,9,70
2023-08-28,8011689,8011689,13,17,64
2023-08-28,8011694,8011694,28,38,69
2023-08-28,8011694,8011723,14,19,99
2023-08-28,8011694,8011953,6,9,37
2023-08-28,8011694,8012358,10,10,102
2023-08-28,8011702,8010141,4,9,30
2023-08-28,8011702,8011702,7,20,33
2023-08-28,8011702,8012902,4,11,44
2023-08-28,8011707,8011707,25,34,176
2023-08-28,8011707,8012710,16,17,351
2023-08-28,8011707,8013322,11,17,124
2023-08-28,8011718,8011718,6,32,12
2023-08-28,8011718,8012274,1,16,2
2023-08-28,8011718,8012954,3,16,21
2023-08-28,8011723,8011694,7,19,25
2023-08-28,8011723,8011723,20,38,56
2023-08-28,8011723,8012021,7,10,132
2023-08-28,8011726,8011726,6,18,33
2023-08-28,8011726,8011951,5,8,34
2023-08-28,8011726,8012474,5,9,63
2023-08-28,8011729,8011270,1,18,5
2023-08-28,8011729,8011729,8,35,19
2023-08-28,8011729,8012841,4,17,25
2023-08-28,8011731,8011731,8,12,22
2023-08-28,8011731,8013293,0,6,0
2023-08-28,8011735,8011735,36,49,54
2023-08-28,8011735,8012609,13,25,23
2023-08-28,8011735,8079629,11,24,41
2023-08-28,8011778,8011778,20,26,118
2023-08-28,8011778,8012316,8,10,120
2023-08-28,8011778,8012762,2,3,130
2023-08-28,8011778,8013062,7,10,93
2023-08-28,8011778,8013352,2,2,75
2023-08-28,8011797,8011797,34,36,76
2023-08-28,8011797,8013040,10,18,55
2023-08-28,8011797,8013105,5,18,33
2023-08-28,8011798,8010156,12,13,39
2023-08-28,8011864,8003774,13,19,51
2023-08-28,8011864,8011864,23,38,54
2023-08-28,8011864,8012268,10,19,54
2023-08-28,8011889,8011286,0,19,0
2023-08-28,8011889,8011889,14,38,20
2023-08-28,8011889,8013339,13,19,54
2023-08-28,8011908,8011592,2,14,13
2023-08-28,8011908,8011908,2,28,6
2023-08-28,8011908,8012737,0,14,0
2023-08-28,8011939,8011939,0,14,0
2023-08-28,8011939,8012517,0,7,0
2023-08-28,8011939,8012949,0,7,0
2023-08-28,8011951,8011726,5,9,50
2023-08-28,8011951,8011951,11,19,43
2023-08-28,8011951,8012474,0,1,0
2023-08-28,8011951,8013069,2,9,20
2023-08-28,8011953,8011694,6,9,43
2023-08-28,8011953,8011953,15,20,40
2023-08-28,8011953,8012358,10,10,99
2023-08-28,8011991,8011286,14,19,35
2023-08-28,8011991,8011991,10,38,13
2023-08-28,8011992,8011992,0,36,0
2023-08-28,8011992,8012617,0,18,0
2023-08-28,8011992,8013133,0,18,0
2023-08-28,8011995,8010176,7,18,45
2023-08-28,8011995,8011995,10,36,32
2023-08-28,8011995,8013040,7,18,23
2023-08-28,8012005,8011114,11,17,74
2023-08-28,8012005,8012005,7,34,30
2023-08-28,8012005,8012827,0,17,0
2023-08-28,8012009,8010156,5,5,84
2023-08-28,8012009,8012009,7,9,110
2023-08-28,8012009,8013370,4,4,180
2023-08-28,8012021,8011044,7,10,105
2023-08-28,8012021,8011723,10,10,66
2023-08-28,8012021,8012021,17,20,98
2023-08-28,8012065,8012065,0,56,0
2023-08-28,8012065,8012086,0,28,0
2023-08-28,8012065,8087027,0,28,0
2023-08-28,8012086,8012065,0,28,0
2023-08-28,8012086,8012086,0,56,0
2023-08-28,8012086,8013385,0,29,0
2023-08-28,8012093,8010201,4,10,24
2023-08-28,8012093,8010399,9,9,110
2023-08-28,8012093,8012093,10,20,33
2023-08-28,8012108,8012108,12,36,37
2023-08-28,8012108,8012729,5,18,32
2023-08-28,8012108,8012840,5,18,35
2023-08-28,8012109,8012109,30,36,95
2023-08-28,8012109,8012143,17,18,88
2023-08-28,8012109,8012856,12,18,63
2023-08-28,8012143,8012109,16,18,85
2023-08-28,8012143,8012143,32,36,92
2023-08-28,8012143,8013072,17,18,155
2023-08-28,8012146,8012146,26,38,99
2023-08-28,8012146,8012832,13,19,99
2023-08-28,8012146,8012843,15,19,101
2023-08-28,8012262,8011681,4,10,36
2023-08-28,8012262,8012262,24,43,71
2023-08-28,8012262,8012716,11,22,52
2023-08-28,8012264,8010051,1,2,90
2023-08-28,8012264,8012264,35,58,51
2023-08-28,8012264,8012321,3,10,15
2023-08-28,8012264,8012384,10,12,68
2023-08-28,8012264,8012940,16,20,45
2023-08-28,8012268,8011864,10,19,46
2023-08-28,8012268,8012268,19,38,47
2023-08-28,8012268,8012902,8,19,35
2023-08-28,8012269,8010153,13,18,50
2023-08-28,8012269,8012269,15,36,24
2023-08-28,8012269,8012362,4,18,8
2023-08-28,8012274,8011592,0,16,0
2023-08-28,8012274,8011718,1,16,2
2023-08-28,8012274,8012274,1,32,1
2023-08-28,8012296,8012517,0,7,0
2023-08-28,8012316,8011281,7,10,93
2023-08-28,8012316,8011778,5,11,68
2023-08-28,8012316,8012316,14,21,103
2023-08-28,8012321,8010381,4,22,10
2023-08-28,8012321,8012264,2,8,49
2023-08-28,8012321,8012321,19,43,33
2023-08-28,8012321,8012384,10,13,37
2023-08-28,8012358,8011694,10,10,186
2023-08-28,8012358,8011953,6,10,45
2023-08-28,8012358,8012358,43,48,118
2023-08-28,8012358,8013352,6,11,65
2023-08-28,8012361,8013409,5,6,25
2023-08-28,8012362,8010322,6,18,15
2023-08-28,8012362,8012269,17,18,42
2023-08-28,8012362,8012362,20,36,26
2023-08-28,8012376,8010241,10,19,24
2023-08-28,8012376,8012376,21,37,24
2023-08-28,8012376,8012758,16,18,55
2023-08-28,8012377,8010300,4,5,192
2023-08-28,8012377,8011140,12,16,79
2023-08-28,8012377,8012377,26,34,86
2023-08-28,8012377,8012818,6,13,67
2023-08-28,8012384,8012264,9,13,42
2023-08-28,8012384,8012321,6,12,58
2023-08-28,8012384,8012384,16,25,55
2023-08-28,8012421,8012421,22,34,47
2023-08-28,8012421,8012555,12,17,60
2023-08-28,8012421,8013017,10,17,56
2023-08-28,8012436,8010199,8,18,30
2023-08-28,8012436,8010348,17,18,73
2023-08-28,8012436,8012436,25,36,33
2023-08-28,8012438,8012438,12,36,40
2023-08-28,8012438,8012840,6,18,38
2023-08-28,8012438,8013105,7,18,43
2023-08-28,8012474,8010156,2,4,82
2023-08-28,8012474,8011442,4,9,43
2023-08-28,8012474,8011726,1,9,10
2023-08-28,8012474,8011951,1,1,30
2023-08-28,8012474,8012474,10,33,38
2023-08-28,8012474,8013018,2,7,56
2023-08-28,8012517,8011939,0,7,0
2023-08-28,8012517,8012296,0,7,0
2023-08-28,8012517,8012517,0,14,0
2023-08-28,8012555,8010339,10,17,46
2023-08-28,8012555,8012421,6,17,41
2023-08-28,8012555,8012555,18,34,47
2023-08-28,8012582,8010300,10,16,49
2023-08-28,8012582,8012582,20,33,58
2023-08-28,8012582,8012584,12,17,95
2023-08-28,8012583,8012584,0,16,0
2023-08-28,8012584,8012582,1,16,4
2023-08-28,8012584,8012583,9,17,72
2023-08-28,8012584,8012584,13,33,45
2023-08-28,8012609,8011031,12,25,26
2023-08-28,8012609,8011735,15,24,61
2023-08-28,8012609,8012609,26,49,36
2023-08-28,8012610,8011213,9,9,150
2023-08-28,8012610,8012610,15,17,113
2023-08-28,8012610,8013393,8,8,139
2023-08-28,8012617,8011992,0,18,0
2023-08-28,8012643,8013354,7,18,32
2023-08-28,8012677,8010156,16,16,300
2023-08-28,8012677,8011248,8,14,88
2023-08-28,8012677,8012677,26,30,199
2023-08-28,8012683,8010210,6,17,19
2023-08-28,8012683,8012683,15,34,53
2023-08-28,8012683,8012684,11,17,86
2023-08-28,8012684,8012683,4,17,23
2023-08-28,8012684,8012684,15,34,56
2023-08-28,8012710,8011356,16,17,265
2023-08-28,8012710,8011707,12,17,67
2023-08-28,8012710,8012710,27,34,211
2023-08-28,8012711,8011017,14,19,155
2023-08-28,8012711,8012711,30,38,171
2023-08-28,8012711,8012835,16,19,148
2023-08-28,8012716,8012262,14,21,64
2023-08-28,8012716,8012716,26,43,52
2023-08-28,8012716,8013073,16,22,65
2023-08-28,8012729,8010016,15,18,110
2023-08-28,8012729,8012108,9,18,55
2023-08-28,8012729,8012729,23,36,58
2023-08-28,8012737,8011908,2,14,11
2023-08-28,8012758,8010227,16,18,62
2023-08-28,8012758,8012376,13,19,28
2023-08-28,8012758,8012758,33,37,62
2023-08-28,8012762,8010300,1,1,120
2023-08-28,8012762,8011027,9,11,142
2023-08-28,8012762,8011611,7,11,68
2023-08-28,8012762,8011778,1,2,15
2023-08-28,8012762,8012762,13,26,90
2023-08-28,8012785,8011270,8,17,41
2023-08-28,8012785,8012785,17,35,33
2023-08-28,8012785,8079629,2,14,4
2023-08-28,8012806,8011140,16,17,88
2023-08-28,8012806,8012806,23,33,70
2023-08-28,8012806,8079629,2,5,66
2023-08-28,8012818,8010300,13,13,111
2023-08-28,8012818,8012377,5,12,32
2023-08-28,8012818,8012818,23,25,78
2023-08-28,8012827,8012005,6,16,47
2023-08-28,8012827,8012827,6,33,24
2023-08-28,8012832,8010210,12,19,87
2023-08-28,8012832,8012146,13,19,92
2023-08-28,8012832,8012832,23,38,88
2023-08-28,8012835,8012711,14,19,180
2023-08-28,8012835,8012835,30,38,169
2023-08-28,8012835,8013104,15,19,145
2023-08-28,8012839,8010179,7,11,52
2023-08-28,8012839,8011213,2,3,100
2023-08-28,8012839,8012839,17,22,83
2023-08-28,8012840,8012108,6,18,35
2023-08-28,8012840,8012438,6,18,42
2023-08-28,8012840,8012840,11,36,39
2023-08-28,8012841,8011729,1,18,5
2023-08-28,8012841,8012841,9,35,14
2023-08-28,8012841,8079604,7,17,18
2023-08-28,8012843,8012146,13,19,96
2023-08-28,8012856,8012002,17,18,93
2023-08-28,8012856,8012109,18,18,128
2023-08-28,8012856,8012856,34,36,83
2023-08-28,8012892,8011109,0,20,0
2023-08-28,8012892,8012892,0,41,0
2023-08-28,8012892,8017349,0,21,0
2023-08-28,8012902,8010141,5,10,60
2023-08-28,8012902,8011702,6,9,30
2023-08-28,8012902,8012268,7,19,43
2023-08-28,8012902,8012902,14,38,35
2023-08-28,8012933,8004177,9,14,75
2023-08-28,8012933,8011230,16,16,292
2023-08-28,8012933,8012933,24,30,187
2023-08-28,8012940,8010325,14,29,30
2023-08-28,8012940,8012264,14,19,55
2023-08-28,8012940,8012940,72,110,76
2023-08-28,8012940,8012951,17,25,35
2023-08-28,8012940,8012953,7,10,36
2023-08-28,8012940,8013186,10,10,177
2023-08-28,8012949,8011939,0,7,0
2023-08-28,8012949,8012949,0,14,0
2023-08-28,8012949,8013232,0,7,0
2023-08-28,8012951,8010156,10,10,81
2023-08-28,8012951,8010173,18,26,40
2023-08-28,8012951,8010325,9,12,58
2023-08-28,8012951,8012940,21,26,197
2023-08-28,8012951,8012951,59,74,102
2023-08-28,8012953,8012940,1,10,6
2023-08-28,8012953,8012953,11,32,26
2023-08-28,8012953,8012960,5,16,30
2023-08-28,8012954,8011718,6,16,28
2023-08-28,8012954,8012954,8,32,24
2023-08-28,8012954,8012960,2,16,13
2023-08-28,8012960,8012953,3,16,13
2023-08-28,8012960,8012954,6,16,32
2023-08-28,8012960,8012960,9,32,22
2023-08-28,8012962,8012962,1,40,1
2023-08-28,8012962,8079084,0,20,0
2023-08-28,8012962,8087025,1,20,2
2023-08-28,8012963,8012963,1,38,51
2023-08-28,8012963,8087025,1,20,96
2023-08-28,8012963,8087026,0,21,0
2023-08-28,8013017,8010241,9,17,41
2023-08-28,8013017,8012421,10,17,55
2023-08-28,8013017,8013017,20,34,51
2023-08-28,8013018,8010267,6,16,38
2023-08-28,8013018,8011442,4,9,43
2023-08-28,8013018,8012474,1,8,4
2023-08-28,8013018,8013018,11,33,33
2023-08-28,8013040,8011797,17,18,87
2023-08-28,8013040,8011995,6,18,38
2023-08-28,8013040,8013040,23,36,49
2023-08-28,8013051,8011646,9,17,60
2023-08-28,8013051,8013051,19,34,83
2023-08-28,8013051,8013177,7,17,60
2023-08-28,8013062,8011017,19,19,185
2023-08-28,8013062,8011778,11,11,215
2023-08-28,8013062,8013062,37,38,171
2023-08-28,8013069,8010156,4,9,27
2023-08-28,8013069,8011951,5,10,54
2023-08-28,8013069,8013069,8,19,38
2023-08-28,8013072,8010273,17,18,93
2023-08-28,8013072,8012143,13,18,55
2023-08-28,8013072,8013072,29,36,94
2023-08-28,8013073,8010173,14,22,46
2023-08-28,8013073,8012716,14,21,53
2023-08-28,8013073,8013073,27,43,54
2023-08-28,8013104,8010210,13,19,115
2023-08-28,8013104,8012835,15,19,180
2023-08-28,8013104,8013104,28,38,146
2023-08-28,8013105,8011797,18,18,138
2023-08-28,8013105,8012438,6,18,38
2023-08-28,8013105,8013105,23,36,68
2023-08-28,8013106,8079604,0,18,0
2023-08-28,8013131,8010179,9,11,68
2023-08-28,8013131,8011456,8,11,139
2023-08-28,8013131,8013131,15,22,154
2023-08-28,8013132,8010392,1,30,2
2023-08-28,8013132,8011108,0,26,0
2023-08-28,8013132,8013132,1,54,1
2023-08-28,8013133,8010392,0,18,0
2023-08-28,8013133,8011992,0,18,0
2023-08-28,8013133,8013133,0,36,0
2023-08-28,8013156,8013162,2,11,11
2023-08-28,8013161,8013161,0,41,0
2023-08-28,8013161,8017349,0,20,0
2023-08-28,8013161,8087027,0,28,0
2023-08-28,8013162,8011456,4,11,8
2023-08-28,8013162,8013156,11,11,65
2023-08-28,8013162,8013162,9,22,25
2023-08-28,8013177,8011356,9,17,69
2023-08-28,8013177,8013051,14,17,162
2023-08-28,8013177,8013177,22,34,112
2023-08-28,8013186,8010051,9,19,118
2023-08-28,8013186,8011215,4,8,30
2023-08-28,8013186,8012264,0,1,0
2023-08-28,8013186,8012940,8,9,77
2023-08-28,8013186,8013186,18,38,69
2023-08-28,8013232,8012949,0,7,0
2023-08-28,8013232,8013232,0,14,0
2023-08-28,8013293,8011731,3,6,20
2023-08-28,8013293,8013293,1,12,2
2023-08-28,8013293,8070946,2,6,10
2023-08-28,8013322,8011481,11,17,111
2023-08-28,8013322,8011707,16,17,191
2023-08-28,8013322,8013322,27,34,161
2023-08-28,8013339,8011889,0,19,0
2023-08-28,8013339,8013339,13,37,14
2023-08-28,8013339,8013340,0,28,0
2023-08-28,8013340,8013339,0,26,0
2023-08-28,8013340,8013340,0,54,0
2023-08-28,8013340,8013341,0,28,0
2023-08-28,8013341,8011108,0,28,0
2023-08-28,8013341,8013340,0,26,0
2023-08-28,8013341,8013341,0,54,0
2023-08-28,8013352,8011778,1,2,30
2023-08-28,8013352,8012358,8,10,60
2023-08-28,8013352,8013352,13,21,43
2023-08-28,8013354,8010325,7,18,28
2023-08-28,8013354,8012643,11,18,33
2023-08-28,8013354,8013354,20,36,39
2023-08-28,8013370,8010173,4,4,180
2023-08-28,8013370,8012009,3,5,54
2023-08-28,8013370,8013370,8,9,110
2023-08-28,8013373,8011481,16,17,166
2023-08-28,8013373,8013373,24,34,129
2023-08-28,8013385,8010392,0,29,0
2023-08-28,8013385,8012086,0,29,0
2023-08-28,8013385,8013385,1,58,1
2023-08-28,8013393,8010213,7,8,98
2023-08-28,8013393,8012610,7,9,77
2023-08-28,8013393,8013393,14,17,92
2023-08-28,8013409,8012361,0,6,0
2023-08-28,8013409,8013409,5,12,12
2023-08-28,8013409,8070946,0,6,0
2023-08-28,8017349,8012892,0,20,0
2023-08-28,8017349,8013161,0,21,0
2023-08-28,8017349,8017349,0,41,0
2023-08-28,8070946,8013293,0,6,0
2023-08-28,8070946,8013409,0,6,0
2023-08-28,8070946,8070946,2,12,5
2023-08-28,8079604,8012841,10,18,23
2023-08-28,8079604,8013106,3,17,14
2023-08-28,8079604,8079604,16,35,18
2023-08-28,8079629,8011735,25,25,82
2023-08-28,8079629,8012785,13,15,68
2023-08-28,8079629,8012806,6,6,120
2023-08-28,8079629,8079629,40,49,51
2023-08-28,8087025,8012962,0,20,0
2023-08-28,8087025,8012963,0,20,0
2023-08-28,8087025,8087025,1,40,1
2023-08-28,8087026,8011109,0,21,0
2023-08-28,8087026,8012963,0,20,0
2023-08-28,8087026,8087026,0,41,0
2023-08-28,8087027,8012065,0,28,-2
2023-08-28,8087027,8013161,0,28,0
2023-08-28,8087027,8087027,0,56,-1
2023-08-29,8010016,8010016,35,36,148
2023-08-29,8010016,8011031,13,24,111
2023-08-29,8010016,8012729,14,18,142
2023-08-29,8010051,8010051,21,42,79
2023-08-29,8010051,8010153,5,9,33
2023-08-29,8010051,8010322,9,12,92
2023-08-29,8010051,8012264,1,2,30
2023-08-29,8010051,8013186,10,19,106
2023-08-29,8010141,8010141,18,38,59
2023-08-29,8010141,8011702,6,11,52
2023-08-29,8010141,8012651,4,9,53
2023-08-29,8010141,8012902,6,8,120
2023-08-29,8010153,8010051,6,9,23
2023-08-29,8010153,8010153,39,56,34
2023-08-29,8010153,8010201,9,10,45
2023-08-29,8010153,8010284,6,36,6
2023-08-29,8010153,8012269,0,18,0
2023-08-29,8010156,8010156,51,57,209
2023-08-29,8010156,8011230,1,1,330
2023-08-29,8010156,8011798,5,13,25
2023-08-29,8010156,8012009,3,4,82
2023-08-29,8010156,8012474,4,4,120
2023-08-29,8010156,8012677,10,14,467
2023-08-29,8010156,8012951,11,12,238
2023-08-29,8010156,8013069,7,10,108
2023-08-29,8010173,8010173,40,52,148
2023-08-29,8010173,8012951,16,26,75
2023-08-29,8010173,8013073,19,21,66
2023-08-29,8010173,8013370,4,5,936
2023-08-29,8010176,8010176,17,36,78
2023-08-29,8010176,8010381,14,18,160
2023-08-29,8010176,8011995,3,18,13
2023-08-29,8010179,8010179,39,42,179
2023-08-29,8010179,8011536,10,10,180
2023-08-29,8010179,8012839,11,11,158
2023-08-29,8010179,8013131,9,11,117
2023-08-29,8010199,8010199,14,36,18
2023-08-29,8010199,8010284,9,18,18
2023-08-29,8010199,8012436,9,18,23
2023-08-29,8010201,8010153,5,10,18
2023-08-29,8010201,8010201,11,20,32
2023-08-29,8010201,8012093,8,10,45
2023-08-29,8010210,8010210,30,38,133
2023-08-29,8010210,8012683,12,17,164
2023-08-29,8010210,8012832,14,19,159
2023-08-29,8010210,8013104,19,19,180
2023-08-29,8010213,8010213,14,17,122
2023-08-29,8010213,8011689,4,8,116
2023-08-29,8010213,8013393,8,9,120
2023-08-29,8010227,8010227,18,36,33
2023-08-29,8010227,8010348,17,18,85
2023-08-29,8010227,8012758,15,19,27
2023-08-29,8010241,8010241,44,65,49
2023-08-29,8010241,8011025,7,17,30
2023-08-29,8010241,8011293,18,19,120
2023-08-29,8010241,8012376,5,18,8
2023-08-29,8010241,8013017,7,17,42
2023-08-29,8010267,8013018,4,17,11
2023-08-29,8010273,8010273,25,36,54
2023-08-29,8010273,8010284,8,18,45
2023-08-29,8010273,8013072,12,18,43
2023-08-29,8010284,8010153,21,36,41
2023-08-29,8010284,8010199,6,18,17
2023-08-29,8010284,8010273,4,18,12
2023-08-29,8010284,8010284,25,72,21
2023-08-29,8010300,8010300,46,58,145
2023-08-29,8010300,8011611,12,15,186
2023-08-29,8010300,8012377,3,4,172
2023-08-29,8010300,8012582,13,17,108
2023-08-29,8010300,8012818,7,12,95
2023-08-29,8010322,8010051,10,12,178
2023-08-29,8010322,8010322,46,60,74
2023-08-29,8010322,8011924,12,18,40
2023-08-29,8010322,8012362,13,18,43
2023-08-29,8010325,8010325,22,59,22
2023-08-29,8010325,8012940,12,30,36
2023-08-29,8010325,8012951,7,11,27
2023-08-29,8010325,8013354,7,18,20
2023-08-29,8010339,8010339,16,34,74
2023-08-29,8010339,8011213,14,17,108
2023-08-29,8010339,8012555,7,17,69
2023-08-29,8010348,8010227,0,18,0
2023-08-29,8010348,8010348,29,36,42
2023-08-29,8010348,8012436,3,18,3
2023-08-29,8010381,8010176,2,18,12
2023-08-29,8010381,8012321,4,21,10
2023-08-29,8010392,8010392,3,57,5
2023-08-29,8010392,8013132,0,28,0
2023-08-29,8010392,8013133,0,18,0
2023-08-29,8010392,8013385,3,29,9
2023-08-29,8011017,8011017,37,38,223
2023-08-29,8011017,8012711,18,19,205
2023-08-29,8011017,8013062,19,19,281
2023-08-29,8011025,8010241,11,17,56
2023-08-29,8011025,8011025,14,34,32
2023-08-29,8011025,8011646,8,17,34
2023-08-29,8011027,8011027,18,21,197
2023-08-29,8011027,8011281,8,11,158
2023-08-29,8011027,8012762,7,10,225
2023-08-29,8011031,8010016,21,25,80
2023-08-29,8011031,8011031,32,49,88
2023-08-29,8011031,8012609,13,24,109
2023-08-29,8011044,8010282,1,1,180
2023-08-29,8011044,8011044,21,25,193
2023-08-29,8011044,8011438,8,10,243
2023-08-29,8011044,8012021,8,10,111
2023-08-29,8011108,8011108,4,54,5
2023-08-29,8011108,8013132,4,28,10
2023-08-29,8011108,8013341,0,26,0
2023-08-29,8011109,8011109,3,41,4
2023-08-29,8011109,8012892,0,21,0
2023-08-29,8011109,8087026,1,20,6
2023-08-29,8011114,8012005,0,17,0
2023-08-29,8011140,8011140,22,34,98
2023-08-29,8011140,8012377,13,18,93
2023-08-29,8011140,8012806,8,16,99
2023-08-29,8011205,8010399,8,9,150
2023-08-29,8011205,8011205,19,22,134
2023-08-29,8011205,8011307,9,11,109
2023-08-29,8011213,8010339,13,17,99
2023-08-29,8011213,8011213,31,34,134
2023-08-29,8011213,8012610,7,8,165
2023-08-29,8011213,8012839,2,2,165
2023-08-29,8011230,8004177,1,1,390
2023-08-29,8011230,8011230,23,31,294
2023-08-29,8011230,8011248,14,16,161
2023-08-29,8011230,8012933,12,14,480
2023-08-29,8011248,8011230,10,14,459
2023-08-29,8011248,8011248,23,30,305
2023-08-29,8011248,8012677,12,16,152
2023-08-29,8011270,8011270,16,35,20
2023-08-29,8011270,8011729,15,17,42
2023-08-29,8011270,8012785,2,18,7
2023-08-29,8011281,8011027,5,10,189
2023-08-29,8011281,8011281,12,21,170
2023-08-29,8011281,8012316,7,11,131
2023-08-29,8011286,8011286,18,38,62
2023-08-29,8011286,8011889,12,19,90
2023-08-29,8011286,8011991,1,19,16
2023-08-29,8011293,8010241,14,19,95
2023-08-29,8011293,8011293,33,38,126
2023-08-29,8011293,8011307,11,11,153
2023-08-29,8011307,8011205,11,11,153
2023-08-29,8011307,8011293,9,11,117
2023-08-29,8011307,8011307,20,22,130
2023-08-29,8011356,8011356,25,34,91
2023-08-29,8011356,8012710,9,17,44
2023-08-29,8011356,8013177,16,17,146
2023-08-29,8011438,8011044,8,10,129
2023-08-29,8011438,8011438,19,20,207
2023-08-29,8011438,8011536,10,10,258
2023-08-29,8011442,8011442,9,18,45
2023-08-29,8011442,8012474,7,9,37
2023-08-29,8011442,8013018,4,9,37
2023-08-29,8011456,8011456,15,22,93
2023-08-29,8011456,8013131,9,11,93
2023-08-29,8011456,8013162,9,11,125
2023-08-29,8011481,8011481,24,34,101
2023-08-29,8011481,8013322,16,17,127
2023-08-29,8011481,8013373,7,17,74
2023-08-29,8011536,8010179,9,10,258
2023-08-29,8011536,8011438,10,10,183
2023-08-29,8011536,8011536,20,20,220
2023-08-29,8011592,8011592,3,28,16
2023-08-29,8011592,8011908,2,14,26
2023-08-29,8011592,8012274,1,16,4
2023-08-29,8011611,8010300,11,13,196
2023-08-29,8011611,8011611,25,28,206
2023-08-29,8011611,8012762,12,13,198
2023-08-29,8011646,8011025,10,17,56
2023-08-29,8011646,8011646,20,34,52
2023-08-29,8011646,8013051,6,17,21
2023-08-29,8011681,8011681,13,20,104
2023-08-29,8011681,8011994,5,10,54
2023-08-29,8011681,8012262,8,10,144
2023-08-29,8011689,5100145,4,8,105
2023-08-29,8011689,8010213,7,9,107
2023-08-29,8011689,8011689,11,17,99
2023-08-29,8011694,8011694,27,38,159
2023-08-29,8011694,8011723,15,19,212
2023-08-29,8011694,8011953,5,9,50
2023-08-29,8011694,8012358,8,10,228
2023-08-29,8011702,8010141,7,9,83
2023-08-29,8011702,8011702,10,20,58
2023-08-29,8011702,8012902,5,11,22
2023-08-29,8011707,8011707,30,34,169
2023-08-29,8011707,8012710,17,17,349
2023-08-29,8011707,8013322,15,17,127
2023-08-29,8011718,8011718,5,32,20
2023-08-29,8011718,8012274,2,16,19
2023-08-29,8011718,8012954,3,16,28
2023-08-29,8011723,8011694,8,19,84
2023-08-29,8011723,8011723,21,38,144
2023-08-29,8011723,8012021,9,10,261
2023-08-29,8011726,8011726,8,18,33
2023-08-29,8011726,8011951,6,8,34
2023-08-29,8011726,8012474,5,9,43
2023-08-29,8011729,8011270,2,18,5
2023-08-29,8011729,8011729,10,35,12
2023-08-29,8011729,8012841,3,17,11
2023-08-29,8011731,8011731,7,12,18
2023-08-29,8011731,8013293,0,6,0
2023-08-29,8011735,8011735,44,49,113
2023-08-29,8011735,8012609,19,25,65
2023-08-29,8011735,8079629,19,24,130
2023-08-29,8011778,8011778,22,26,197
2023-08-29,8011778,8012316,7,10,270
2023-08-29,8011778,8012762,2,3,120
2023-08-29,8011778,8013062,10,10,174
2023-08-29,8011778,8013352,2,2,90
2023-08-29,8011797,8011797,35,36,148
2023-08-29,8011797,8013040,14,18,155
2023-08-29,8011797,8013105,12,18,120
2023-08-29,8011798,8010156,13,13,88
2023-08-29,8011864,8003774,14,19,58
2023-08-29,8011864,8011864,20,38,49
2023-08-29,8011864,8012268,7,19,38
2023-08-29,8011889,8011286,1,19,16
2023-08-29,8011889,8011889,18,38,60
2023-08-29,8011889,8013339,17,19,120
2023-08-29,8011908,8011592,1,14,13
2023-08-29,8011908,8011908,3,28,19
2023-08-29,8011908,8012737,2,14,24
2023-08-29,8011939,8011939,0,14,0
2023-08-29,8011939,8012517,0,7,0
2023-08-29,8011939,8012949,0,7,0
2023-08-29,8011951,8011726,7,9,80
2023-08-29,8011951,8011951,13,19,77
2023-08-29,8011951,8012474,0,1,0
2023-08-29,8011951,8013069,2,9,17
2023-08-29,8011953,8011694,7,9,167
2023-08-29,8011953,8011953,16,20,130
2023-08-29,8011953,8012358,9,10,225
2023-08-29,8011991,8011286,17,19,101
2023-08-29,8011991,8011991,16,38,57
2023-08-29,8011992,8011992,0,36,0
2023-08-29,8011992,8012617,0,18,0
2023-08-29,8011992,8013133,0,18,0
2023-08-29,8011995,8010176,12,18,127
2023-08-29,8011995,8011995,15,36,72
2023-08-29,8011995,8013040,5,18,20
2023-08-29,8012005,8011114,11,17,64
2023-08-29,8012005,8012005,7,34,26
2023-08-29,8012005,8012827,0,17,0
2023-08-29,8012009,8010156,3,5,930
2023-08-29,8012009,8012009,5,9,550
2023-08-29,8012009,8013370,3,4,82
2023-08-29,8012021,8011044,9,10,252
2023-08-29,8012021,8011723,10,10,180
2023-08-29,8012021,8012021,19,20,208
2023-08-29,8012065,8012065,3,56,3
2023-08-29,8012065,8012086,0,28,0
2023-08-29,8012065,8087027,3,28,6
2023-08-29,8012086,8012065,3,28,9
2023-08-29,8012086,8012086,3,56,4
2023-08-29,8012086,8013385,0,29,0
2023-08-29,8012093,8010201,5,10,18
2023-08-29,8012093,8010399,9,9,103
2023-08-29,8012093,8012093,11,20,34
2023-08-29,8012108,8012108,26,36,125
2023-08-29,8012108,8012729,12,18,113
2023-08-29,8012108,8012840,13,18,125
2023-08-29,8012109,8012109,27,36,79
2023-08-29,8012109,8012143,18,18,87
2023-08-29,8012109,8012856,9,18,38
2023-08-29,8012143,8012109,12,18,55
2023-08-29,8012143,8012143,30,36,64
2023-08-29,8012143,8013072,11,18,72
2023-08-29,8012146,8012146,24,38,137
2023-08-29,8012146,8012832,12,19,128
2023-08-29,8012146,8012843,14,19,147
2023-08-29,8012262,8011681,4,10,27
2023-08-29,8012262,8012262,27,43,78
2023-08-29,8012262,8012716,11,22,86
2023-08-29,8012264,8010051,2,2,45
2023-08-29,8012264,8012264,39,58,37
2023-08-29,8012264,8012321,2,10,6
2023-08-29,8012264,8012384,9,12,58
2023-08-29,8012264,8012940,16,20,38
2023-08-29,8012268,8011864,15,19,62
2023-08-29,8012268,8012268,20,38,46
2023-08-29,8012268,8012902,6,19,19
2023-08-29,8012269,8010153,12,18,38
2023-08-29,8012269,8012269,11,36,18
2023-08-29,8012269,8012362,3,18,5
2023-08-29,8012274,8011592,2,16,21
2023-08-29,8012274,8011718,3,16,21
2023-08-29,8012274,8012274,4,32,15
2023-08-29,8012296,8012517,1,7,13
2023-08-29,8012316,8011281,7,10,255
2023-08-29,8012316,8011778,4,11,106
2023-08-29,8012316,8012316,14,21,194
2023-08-29,8012321,8010381,4,22,4
2023-08-29,8012321,8012264,2,8,4
2023-08-29,8012321,8012321,17,43,22
2023-08-29,8012321,8012384,10,13,46
2023-08-29,8012358,8011694,10,10,279
2023-08-29,8012358,8011953,8,10,132
2023-08-29,8012358,8012358,42,48,214
2023-08-29,8012358,8013352,7,11,235
2023-08-29,8012361,8013409,6,6,35
2023-08-29,8012362,8010322,7,18,18
2023-08-29,8012362,8012269,8,18,25
2023-08-29,8012362,8012362,14,36,17
2023-08-29,8012376,8010241,9,19,22
2023-08-29,8012376,8012376,16,37,18
2023-08-29,8012376,8012758,13,18,38
2023-08-29,8012377,8010300,4,5,150
2023-08-29,8012377,8011140,8,16,109
2023-08-29,8012377,8012377,20,34,97
2023-08-29,8012377,8012818,5,13,69
2023-08-29,8012384,8012264,11,13,62
2023-08-29,8012384,8012321,6,12,28
2023-08-29,8012384,8012384,17,25,50
2023-08-29,8012421,8012421,20,34,71
2023-08-29,8012421,8012555,8,17,71
2023-08-29,8012421,8013017,11,17,86
2023-08-29,8012436,8010199,7,18,20
2023-08-29,8012436,8010348,14,18,77
2023-08-29,8012436,8012436,21,36,27
2023-08-29,8012438,8012438,26,36,133
2023-08-29,8012438,8012840,12,18,122
2023-08-29,8012438,8013105,14,18,142
2023-08-29,8012474,8010156,3,4,90
2023-08-29,8012474,8011442,4,9,43
2023-08-29,8012474,8011726,4,9,23
2023-08-29,8012474,8011951,1,1,60
2023-08-29,8012474,8012474,15,33,38
2023-08-29,8012474,8013018,4,7,43
2023-08-29,8012517,8011939,0,7,0
2023-08-29,8012517,8012296,0,7,0
2023-08-29,8012517,8012517,0,14,0
2023-08-29,8012555,8010339,6,17,58
2023-08-29,8012555,8012421,7,17,74
2023-08-29,8012555,8012555,15,34,66
2023-08-29,8012582,8010300,12,16,51
2023-08-29,8012582,8012582,23,33,72
2023-08-29,8012582,8012584,12,17,109
2023-08-29,8012583,8012584,1,16,13
2023-08-29,8012584,8012582,1,16,24
2023-08-29,8012584,8012583,7,17,83
2023-08-29,8012584,8012584,12,33,62
2023-08-29,8012609,8011031,19,25,64
2023-08-29,8012609,8011735,17,24,140
2023-08-29,8012609,8012609,34,49,92
2023-08-29,8012610,8011213,9,9,177
2023-08-29,8012610,8012610,15,17,138
2023-08-29,8012610,8013393,8,8,188
2023-08-29,8012617,8011992,0,18,0
2023-08-29,8012643,8013354,9,18,57
2023-08-29,8012677,8010156,16,16,163
2023-08-29,8012677,8011248,10,14,467
2023-08-29,8012677,8012677,23,30,299
2023-08-29,8012683,8010210,7,17,92
2023-08-29,8012683,8012683,16,34,123
2023-08-29,8012683,8012684,10,17,141
2023-08-29,8012684,8012683,4,17,101
2023-08-29,8012684,8012684,14,34,118
2023-08-29,8012710,8011356,17,17,258
2023-08-29,8012710,8011707,15,17,56
2023-08-29,8012710,8012710,30,34,206
2023-08-29,8012711,8011017,19,19,227
2023-08-29,8012711,8012711,36,38,227
2023-08-29,8012711,8012835,18,19,185
2023-08-29,8012716,8012262,15,21,61
2023-08-29,8012716,8012716,28,43,66
2023-08-29,8012716,8013073,14,22,89
2023-08-29,8012729,8010016,18,18,205
2023-08-29,8012729,8012108,14,18,157
2023-08-29,8012729,8012729,32,36,152
2023-08-29,8012737,8011908,1,14,6
2023-08-29,8012758,8010227,15,18,50
2023-08-29,8012758,8012376,12,19,25
2023-08-29,8012758,8012758,30,37,48
2023-08-29,8012762,8010300,1,1,60
2023-08-29,8012762,8011027,11,11,191
2023-08-29,8012762,8011611,8,11,218
2023-08-29,8012762,8011778,2,2,135
2023-08-29,8012762,8012762,22,26,187
2023-08-29,8012785,8011270,7,17,21
2023-08-29,8012785,8012785,16,35,23
2023-08-29,8012785,8079629,6,14,15
2023-08-29,8012806,8011140,12,17,94
2023-08-29,8012806,8012806,20,33,85
2023-08-29,8012806,8079629,2,5,90
2023-08-29,8012818,8010300,13,13,122
2023-08-29,8012818,8012377,6,12,82
2023-08-29,8012818,8012818,20,25,100
2023-08-29,8012827,8012005,6,16,56
2023-08-29,8012827,8012827,5,33,28
2023-08-29,8012832,8010210,11,19,109
2023-08-29,8012832,8012146,12,19,137
2023-08-29,8012832,8012832,22,38,126
2023-08-29,8012835,8012711,18,19,256
2023-08-29,8012835,8012835,35,38,221
2023-08-29,8012835,8013104,17,19,172
2023-08-29,8012839,8010179,11,11,120
2023-08-29,8012839,8011213,3,3,230
2023-08-29,8012839,8012839,22,22,131
2023-08-29,8012840,8012108,12,18,115
2023-08-29,8012840,8012438,14,18,140
2023-08-29,8012840,8012840,25,36,127
2023-08-29,8012841,8011729,2,18,5
2023-08-29,8012841,8012841,6,35,7
2023-08-29,8012841,8079604,5,17,12
2023-08-29,8012843,8012146,11,19,129
2023-08-29,8012856,8012002,16,18,73
2023-08-29,8012856,8012109,18,18,120
2023-08-29,8012856,8012856,33,36,72
2023-08-29,8012892,8011109,3,20,9
2023-08-29,8012892,8012892,3,41,4
2023-08-29,8012892,8017349,0,21,0
2023-08-29,8012902,8010141,2,10,15
2023-08-29,8012902,8011702,6,9,53
2023-08-29,8012902,8012268,10,19,57
2023-08-29,8012902,8012902,18,38,38
2023-08-29,8012933,8004177,9,14,424
2023-08-29,8012933,8011230,13,16,144
2023-08-29,8012933,8012933,24,30,290
2023-08-29,8012940,8010325,11,29,16
2023-08-29,8012940,8012264,14,19,55
2023-08-29,8012940,8012940,61,110,110
2023-08-29,8012940,8012951,15,25,245
2023-08-29,8012940,8012953,8,10,30
2023-08-29,8012940,8013186,10,10,195
2023-08-29,8012949,8011939,0,7,0
2023-08-29,8012949,8012949,0,14,0
2023-08-29,8012949,8013232,0,7,0
2023-08-29,8012951,8010156,10,10,189
2023-08-29,8012951,8010173,18,26,201
2023-08-29,8012951,8010325,7,12,30
2023-08-29,8012951,8012940,16,26,156
2023-08-29,8012951,8012951,49,74,152
2023-08-29,8012953,8012940,1,10,9
2023-08-29,8012953,8012953,11,32,24
2023-08-29,8012953,8012960,5,16,26
2023-08-29,8012954,8011718,5,16,15
2023-08-29,8012954,8012954,7,32,24
2023-08-29,8012954,8012960,2,16,21
2023-08-29,8012960,8012953,2,16,17
2023-08-29,8012960,8012954,5,16,26
2023-08-29,8012960,8012960,7,32,22
2023-08-29,8012962,8012962,1,40,2
2023-08-29,8012962,8079084,0,20,0
2023-08-29,8012962,8087025,1,20,3
2023-08-29,8012963,8012963,4,38,54
2023-08-29,8012963,8087025,1,20,96
2023-08-29,8012963,8087026,0,21,0
2023-08-29,8013017,8010241,8,17,71
2023-08-29,8013017,8012421,8,17,62
2023-08-29,8013017,8013017,15,34,68
2023-08-29,8013018,8010267,7,16,24
2023-08-29,8013018,8011442,4,9,50
2023-08-29,8013018,8012474,1,8,4
2023-08-29,8013018,8013018,12,33,30
2023-08-29,8013040,8011797,18,18,82
2023-08-29,8013040,8011995,12,18,127
2023-08-29,8013040,8013040,29,36,92
2023-08-29,8013051,8011646,11,17,46
2023-08-29,8013051,8013051,24,34,64
2023-08-29,8013051,8013177,9,17,48
2023-08-29,8013062,8011017,19,19,207
2023-08-29,8013062,8011778,11,11,327
2023-08-29,8013062,8013062,36,38,238
2023-08-29,8013069,8010156,3,9,27
2023-08-29,8013069,8011951,7,10,123
2023-08-29,8013069,8013069,9,19,69
2023-08-29,8013072,8010273,17,18,87
2023-08-29,8013072,8012143,11,18,35
2023-08-29,8013072,8013072,28,36,60
2023-08-29,8013073,8010173,10,22,68
2023-08-29,8013073,8012716,13,21,44
2023-08-29,8013073,8013073,26,43,64
2023-08-29,8013104,8010210,15,19,150
2023-08-29,8013104,8012835,18,19,243
2023-08-29,8013104,8013104,30,38,186
2023-08-29,8013105,8011797,18,18,247
2023-08-29,8013105,8012438,12,18,127
2023-08-29,8013105,8013105,30,36,166
2023-08-29,8013106,8079604,0,18,0
2023-08-29,8013131,8010179,9,11,145
2023-08-29,8013131,8011456,9,11,112
2023-08-29,8013131,8013131,17,22,123
2023-08-29,8013132,8010392,3,30,9
2023-08-29,8013132,8011108,0,26,0
2023-08-29,8013132,8013132,3,54,4
2023-08-29,8013133,8010392,0,18,0
2023-08-29,8013133,8011992,0,18,0
2023-08-29,8013133,8013133,0,36,0
2023-08-29,8013156,8013162,4,11,60
2023-08-29,8013161,8013161,2,41,3
2023-08-29,8013161,8017349,1,20,3
2023-08-29,8013161,8087027,0,28,0
2023-08-29,8013162,8011456,5,11,38
2023-08-29,8013162,8013156,10,11,134
2023-08-29,8013162,8013162,13,22,78
2023-08-29,8013177,8011356,13,17,53
2023-08-29,8013177,8013051,16,17,143
2023-08-29,8013177,8013177,27,34,96
2023-08-29,8013186,8010051,5,19,51
2023-08-29,8013186,8011215,2,8,8
2023-08-29,8013186,8012264,0,1,0
2023-08-29,8013186,8012940,7,9,173
2023-08-29,8013186,8013186,11,38,73
2023-08-29,8013232,8012949,0,7,0
2023-08-29,8013232,8013232,0,14,0
2023-08-29,8013293,8011731,5,6,35
2023-08-29,8013293,8013293,2,12,5
2023-08-29,8013293,8070946,1,6,5
2023-08-29,8013322,8011481,12,17,101
2023-08-29,8013322,8011707,16,17,154
2023-08-29,8013322,8013322,30,34,139
2023-08-29,8013339,8011889,1,19,16
2023-08-29,8013339,8013339,18,37,39
2023-08-29,8013339,8013340,6,28,15
2023-08-29,8013340,8013339,0,26,0
2023-08-29,8013340,8013340,6,54,8
2023-08-29,8013340,8013341,3,28,9
2023-08-29,8013341,8011108,4,28,10
2023-08-29,8013341,8013340,0,26,0
2023-08-29,8013341,8013341,4,54,5
2023-08-29,8013352,8011778,2,2,90
2023-08-29,8013352,8012358,10,10,108
2023-08-29,8013352,8013352,16,21,150
2023-08-29,8013354,8010325,6,18,42
2023-08-29,8013354,8012643,6,18,18
2023-08-29,8013354,8013354,12,36,36
2023-08-29,8013370,8010173,4,4,75
2023-08-29,8013370,8012009,2,5,924
2023-08-29,8013370,8013370,5,9,543
2023-08-29,8013373,8011481,16,17,127
2023-08-29,8013373,8013373,24,34,99
2023-08-29,8013385,8010392,0,29,0
2023-08-29,8013385,8012086,3,29,8
2023-08-29,8013385,8013385,3,58,5
2023-08-29,8013393,8010213,6,8,131
2023-08-29,8013393,8012610,8,9,97
2023-08-29,8013393,8013393,15,17,127
2023-08-29,8013409,8012361,0,6,0
2023-08-29,8013409,8013409,6,12,15
2023-08-29,8013409,8070946,0,6,0
2023-08-29,8017349,8012892,3,20,10
2023-08-29,8017349,8013161,0,21,0
2023-08-29,8017349,8017349,2,41,3
2023-08-29,8070946,8013293,0,6,0
2023-08-29,8070946,8013409,0,6,0
2023-08-29,8070946,8070946,1,12,2
2023-08-29,8079604,8012841,11,18,18
2023-08-29,8079604,8013106,2,17,5
2023-08-29,8079604,8079604,16,35,15
2023-08-29,8079629,8011735,25,25,96
2023-08-29,8079629,8012785,14,15,108
2023-08-29,8079629,8012806,5,6,100
2023-08-29,8079629,8079629,44,49,92
2023-08-29,8087025,8012962,0,20,0
2023-08-29,8087025,8012963,1,20,3
2023-08-29,8087025,8087025,1,40,2
2023-08-29,8087026,8011109,0,21,0
2023-08-29,8087026,8012963,3,20,10
2023-08-29,8087026,8087026,3,41,4
2023-08-29,8087027,8012065,0,28,-1
2023-08-29,8087027,8013161,2,28,5
2023-08-29,8087027,8087027,3,56,3
2023-08-30,8010016,8010016,34,36,92
2023-08-30,8010016,8011031,12,24,74
2023-08-30,8010016,8012729,11,18,63
2023-08-30,8010051,8010051,23,42,91
2023-08-30,8010051,8010153,7,9,230
2023-08-30,8010051,8010322,12,12,85
2023-08-30,8010051,8012264,2,2,75
2023-08-30,8010051,8013186,9,19,36
2023-08-30,8010141,8010141,19,38,129
2023-08-30,8010141,8011702,7,11,68
2023-08-30,8010141,8012651,7,9,363
2023-08-30,8010141,8012902,5,8,180
2023-08-30,8010153,8010051,7,9,77
2023-08-30,8010153,8010153,44,56,103
2023-08-30,8010153,8010201,8,10,231
2023-08-30,8010153,8010284,11,36,28
2023-08-30,8010153,8012269,6,18,18
2023-08-30,8010156,8010156,43,57,124
2023-08-30,8010156,8011230,0,1,0
2023-08-30,8010156,8011798,4,13,83
2023-08-30,8010156,8012009,2,4,300
2023-08-30,8010156,8012474,3,4,142
2023-08-30,8010156,8012677,12,14,174
2023-08-30,8010156,8012951,9,12,158
2023-08-30,8010156,8013069,3,10,54
2023-08-30,8010173,8010173,42,52,173
2023-08-30,8010173,8012951,21,26,175
2023-08-30,8010173,8013073,16,21,157
2023-08-30,8010173,8013370,5,5,306
2023-08-30,8010176,8010176,20,36,66
2023-08-30,8010176,8010381,11,18,97
2023-08-30,8010176,8011995,8,18,47
2023-08-30,8010179,8010179,19,24,100
2023-08-30,8010179,8011536,5,10,114
2023-08-30,8010179,8012839,7,11,125
2023-08-30,8010179,8013131,8,11,41
2023-08-30,8010199,8010199,13,36,48
2023-08-30,8010199,8010284,9,18,40
2023-08-30,8010199,8012436,8,18,58
2023-08-30,8010201,8010153,5,10,48
2023-08-30,8010201,8010201,13,20,129
2023-08-30,8010201,8012093,9,10,198
2023-08-30,8010210,8010210,30,38,146
2023-08-30,8010210,8012683,13,17,187
2023-08-30,8010210,8012832,13,19,193
2023-08-30,8010210,8013104,16,19,117
2023-08-30,8010213,8010213,13,17,120
2023-08-30,8010213,8011689,6,8,128
2023-08-30,8010213,8013393,7,9,123
2023-08-30,8010227,8010227,21,36,39
2023-08-30,8010227,8010348,17,18,78
2023-08-30,8010227,8012758,15,19,38
2023-08-30,8010241,8010241,42,65,84
2023-08-30,8010241,8011025,11,17,85
2023-08-30,8010241,8011293,16,19,142
2023-08-30,8010241,8012376,4,18,12
2023-08-30,8010241,8013017,11,17,94
2023-08-30,8010267,8013018,5,17,23
2023-08-30,8010273,8010273,27,36,42
2023-08-30,8010273,8010284,7,18,32
2023-08-30,8010273,8013072,14,18,37
2023-08-30,8010284,8010153,24,36,46
2023-08-30,8010284,8010199,8,18,62
2023-08-30,8010284,8010273,1,18,2
2023-08-30,8010284,8010284,27,72,35
2023-08-30,8010300,8010300,51,58,217
2023-08-30,8010300,8011611,12,15,344
2023-08-30,8010300,8012377,3,4,248
2023-08-30,8010300,8012582,13,17,138
2023-08-30,8010300,8012818,10,12,185
2023-08-30,8010322,8010051,9,12,40
2023-08-30,8010322,8010322,46,60,56
2023-08-30,8010322,8011924,14,18,63
2023-08-30,8010322,8012362,13,18,55
2023-08-30,8010325,8010325,30,59,54
2023-08-30,8010325,8012940,14,30,79
2023-08-30,8010325,8012951,10,11,46
2023-08-30,8010325,8013354,9,18,33
2023-08-30,8010339,8010339,19,34,103
2023-08-30,8010339,8011213,14,17,125
2023-08-30,8010339,8012555,8,17,104
2023-08-30,8010348,8010227,2,18,10
2023-08-30,8010348,8010348,30,36,57
2023-08-30,8010348,8012436,6,18,32
2023-08-30,8010381,8010176,5,18,38
2023-08-30,8010381,8012321,3,21,47
2023-08-30,8010392,8010392,1,57,3
2023-08-30,8010392,8013132,0,28,0
2023-08-30,8010392,8013133,0,18,0
2023-08-30,8010392,8013385,1,29,6
2023-08-30,8011017,8011017,34,38,208
2023-08-30,8011017,8012711,19,19,264
2023-08-30,8011017,8013062,19,19,183
2023-08-30,8011025,8010241,6,17,51
2023-08-30,8011025,8011025,12,34,53
2023-08-30,8011025,8011646,6,17,69
2023-08-30,8011027,8011027,15,21,241
2023-08-30,8011027,8011281,6,11,322
2023-08-30,8011027,8012762,6,10,132
2023-08-30,8011031,8010016,20,25,86
2023-08-30,8011031,8011031,29,49,69
2023-08-30,8011031,8012609,11,24,62
2023-08-30,8011044,8011044,8,20,74
2023-08-30,8011044,8011438,7,10,48
2023-08-30,8011044,8012021,3,10,102
2023-08-30,8011108,8011108,2,54,4
2023-08-30,8011108,8013132,2,28,9
2023-08-30,8011108,8013341,0,26,0
2023-08-30,8011109,8011109,1,41,4
2023-08-30,8011109,8012892,0,21,0
2023-08-30,8011109,8087026,1,20,6
2023-08-30,8011114,8012005,2,17,32
2023-08-30,8011140,8011140,24,34,161
2023-08-30,8011140,8012377,12,18,132
2023-08-30,8011140,8012806,11,16,202
2023-08-30,8011205,8010399,9,9,177
2023-08-30,8011205,8011205,18,22,157
2023-08-30,8011205,8011307,8,11,131
2023-08-30,8011213,8010339,9,17,115
2023-08-30,8011213,8011213,27,34,140
2023-08-30,8011213,8012610,6,8,131
2023-08-30,8011213,8012839,1,2,30
2023-08-30,8011230,8004177,1,1,180
2023-08-30,8011230,8011230,23,31,157
2023-08-30,8011230,8011248,13,16,105
2023-08-30,8011230,8012933,11,14,261
2023-08-30,8011248,8011230,8,14,212
2023-08-30,8011248,8011248,22,30,149
2023-08-30,8011248,8012677,11,16,98
2023-08-30,8011270,8011270,13,35,16
2023-08-30,8011270,8011729,12,17,35
2023-08-30,8011270,8012785,3,18,7
2023-08-30,8011281,8011027,4,10,111
2023-08-30,8011281,8011281,13,21,220
2023-08-30,8011281,8012316,8,11,300
2023-08-30,8011286,8011286,14,38,35
2023-08-30,8011286,8011889,7,19,55
2023-08-30,8011286,8011991,0,19,0
2023-08-30,8011293,8010241,13,19,133
2023-08-30,8011293,8011293,31,38,150
2023-08-30,8011293,8011307,9,11,158
2023-08-30,8011307,8011205,10,11,172
2023-08-30,8011307,8011293,9,11,136
2023-08-30,8011307,8011307,19,22,147
2023-08-30,8011356,8011356,24,34,111
2023-08-30,8011356,8012710,10,17,83
2023-08-30,8011356,8013177,13,17,138
2023-08-30,8011438,8011044,4,10,96
2023-08-30,8011438,8011438,11,20,80
2023-08-30,8011438,8011536,7,10,72
2023-08-30,8011442,8011442,8,18,98
2023-08-30,8011442,8012474,5,9,83
2023-08-30,8011442,8013018,4,9,113
2023-08-30,8011456,8011456,11,22,26
2023-08-30,8011456,8013131,4,11,19
2023-08-30,8011456,8013162,9,11,49
2023-08-30,8011481,8011481,23,34,103
2023-08-30,8011481,8013322,16,17,111
2023-08-30,8011481,8013373,6,17,85
2023-08-30,8011536,8010179,6,10,45
2023-08-30,8011536,8011438,6,10,114
2023-08-30,8011536,8011536,14,20,87
2023-08-30,8011592,8011592,7,28,39
2023-08-30,8011592,8011908,3,14,54
2023-08-30,8011592,8012274,3,16,13
2023-08-30,8011611,8010300,7,13,159
2023-08-30,8011611,8011611,21,28,278
2023-08-30,8011611,8012762,12,13,415
2023-08-30,8011646,8011025,8,17,56
2023-08-30,8011646,8011646,16,34,72
2023-08-30,8011646,8013051,6,17,55
2023-08-30,8011681,8011681,11,20,219
2023-08-30,8011681,8011994,8,10,219
2023-08-30,8011681,8012262,8,10,231
2023-08-30,8011689,5100145,4,8,105
2023-08-30,8011689,8010213,6,9,107
2023-08-30,8011689,8011689,12,17,97
2023-08-30,8011694,8011694,24,38,99
2023-08-30,8011694,8011723,13,19,109
2023-08-30,8011694,8011953,4,9,63
2023-08-30,8011694,8012358,7,10,135
2023-08-30,8011702,8010141,7,9,390
2023-08-30,8011702,8011702,11,20,204
2023-08-30,8011702,8012902,5,11,52
2023-08-30,8011707,8011707,20,34,154
2023-08-30,8011707,8012710,15,17,266
2023-08-30,8011707,8013322,7,17,104
2023-08-30,8011718,8011718,6,32,55
2023-08-30,8011718,8012274,2,16,51
2023-08-30,8011718,8012954,4,16,69
2023-08-30,8011723,8011694,7,19,76
2023-08-30,8011723,8011723,19,38,85
2023-08-30,8011723,8012021,6,10,66
2023-08-30,8011726,8011726,9,18,72
2023-08-30,8011726,8011951,4,8,79
2023-08-30,8011726,8012474,7,9,80
2023-08-30,8011729,8011270,1,18,3
2023-08-30,8011729,8011729,7,35,11
2023-08-30,8011729,8012841,6,17,16
2023-08-30,8011731,8011731,7,12,55
2023-08-30,8011731,8013293,3,6,35
2023-08-30,8011735,8011735,41,49,86
2023-08-30,8011735,8012609,17,25,66
2023-08-30,8011735,8079629,13,24,61
2023-08-30,8011778,8011778,23,26,278
2023-08-30,8011778,8012316,8,10,153
2023-08-30,8011778,8012762,1,3,330
2023-08-30,8011778,8013062,9,10,303
2023-08-30,8011778,8013352,2,2,615
2023-08-30,8011797,8011797,34,36,106
2023-08-30,8011797,8013040,13,18,97
2023-08-30,8011797,8013105,10,18,62
2023-08-30,8011798,8010156,12,13,62
2023-08-30,8011864,8003774,15,19,167
2023-08-30,8011864,8011864,23,38,135
2023-08-30,8011864,8012268,8,19,164
2023-08-30,8011889,8011286,0,19,0
2023-08-30,8011889,8011889,13,38,33
2023-08-30,8011889,8013339,13,19,79
2023-08-30,8011908,8011592,4,14,21
2023-08-30,8011908,8011908,6,28,35
2023-08-30,8011908,8012737,2,14,45
2023-08-30,8011939,8011939,0,14,0
2023-08-30,8011939,8012517,0,7,0
2023-08-30,8011939,8012949,0,7,0
2023-08-30,8011951,8011726,7,9,123
2023-08-30,8011951,8011951,12,19,99
2023-08-30,8011951,8012474,0,1,0
2023-08-30,8011951,8013069,4,9,57
2023-08-30,8011953,8011694,7,9,143
2023-08-30,8011953,8011953,15,20,112
2023-08-30,8011953,8012358,9,10,135
2023-08-30,8011991,8011286,14,19,62
2023-08-30,8011991,8011991,14,38,30
2023-08-30,8011992,8011992,0,36,0
2023-08-30,8011992,8012617,0,18,0
2023-08-30,8011992,8013133,0,18,0
2023-08-30,8011995,8010176,11,18,80
2023-08-30,8011995,8011995,19,36,64
2023-08-30,8011995,8013040,9,18,52
2023-08-30,8012005,8011114,6,17,35
2023-08-30,8012005,8012005,5,34,27
2023-08-30,8012005,8012827,2,17,32
2023-08-30,8012009,8010156,5,5,300
2023-08-30,8012009,8012009,7,9,297
2023-08-30,8012009,8013370,2,4,300
2023-08-30,8012021,8011044,6,10,51
2023-08-30,8012021,8011723,8,10,117
2023-08-30,8012021,8012021,14,20,93
2023-08-30,8012065,8012065,1,56,3
2023-08-30,8012065,8012086,0,28,0
2023-08-30,8012065,8087027,1,28,5
2023-08-30,8012086,8012065,1,28,6
2023-08-30,8012086,8012086,1,56,3
2023-08-30,8012086,8013385,0,29,0
2023-08-30,8012093,8010201,6,10,48
2023-08-30,8012093,8010399,8,9,170
2023-08-30,8012093,8012093,13,20,116
2023-08-30,8012108,8012108,20,36,57
2023-08-30,8012108,8012729,9,18,45
2023-08-30,8012108,8012840,11,18,60
2023-08-30,8012109,8012109,26,36,56
2023-08-30,8012109,8012143,17,18,77
2023-08-30,8012109,8012856,8,18,18
2023-08-30,8012143,8012109,15,18,33
2023-08-30,8012143,8012143,32,36,52
2023-08-30,8012143,8013072,12,18,65
2023-08-30,8012146,8012146,25,38,148
2023-08-30,8012146,8012832,13,19,120
2023-08-30,8012146,8012843,13,19,175
2023-08-30,8012262,8011681,3,10,189
2023-08-30,8012262,8012262,29,43,154
2023-08-30,8012262,8012716,17,22,166
2023-08-30,8012264,8010051,2,2,30
2023-08-30,8012264,8012264,41,58,76
2023-08-30,8012264,8012321,3,10,12
2023-08-30,8012264,8012384,12,12,115
2023-08-30,8012264,8012940,18,20,130
2023-08-30,8012268,8011864,13,19,163
2023-08-30,8012268,8012268,19,38,161
2023-08-30,8012268,8012902,6,19,155
2023-08-30,8012269,8010153,11,18,47
2023-08-30,8012269,8012269,13,36,31
2023-08-30,8012269,8012362,5,18,25
2023-08-30,8012274,8011592,2,16,45
2023-08-30,8012274,8011718,3,16,11
2023-08-30,8012274,8012274,5,32,28
2023-08-30,8012296,8012517,0,7,0
2023-08-30,8012316,8011281,9,10,165
2023-08-30,8012316,8011778,5,11,259
2023-08-30,8012316,8012316,17,21,231
2023-08-30,8012321,8010381,7,22,65
2023-08-30,8012321,8012264,2,8,131
2023-08-30,8012321,8012321,16,43,62
2023-08-30,8012321,8012384,9,13,46
2023-08-30,8012358,8011694,10,10,129
2023-08-30,8012358,8011953,7,10,168
2023-08-30,8012358,8012358,38,48,157
2023-08-30,8012358,8013352,8,11,155
2023-08-30,8012361,8013409,1,6,5
2023-08-30,8012362,8010322,8,18,40
2023-08-30,8012362,8012269,8,18,35
2023-08-30,8012362,8012362,16,36,33
2023-08-30,8012376,8010241,9,19,22
2023-08-30,8012376,8012376,15,37,24
2023-08-30,8012376,8012758,14,18,50
2023-08-30,8012377,8010300,4,5,54
2023-08-30,8012377,8011140,11,16,210
2023-08-30,8012377,8012377,25,34,158
2023-08-30,8012377,8012818,9,13,152
2023-08-30,8012384,8012264,11,13,62
2023-08-30,8012384,8012321,5,12,75
2023-08-30,8012384,8012384,16,25,78
2023-08-30,8012421,8012421,21,34,116
2023-08-30,8012421,8012555,11,17,122
2023-08-30,8012421,8013017,10,17,120
2023-08-30,8012436,8010199,9,18,43
2023-08-30,8012436,8010348,15,18,105
2023-08-30,8012436,8012436,24,36,58
2023-08-30,8012438,8012438,20,36,62
2023-08-30,8012438,8012840,9,18,55
2023-08-30,8012438,8013105,11,18,68
2023-08-30,8012474,8010156,3,4,128
2023-08-30,8012474,8011442,4,9,97
2023-08-30,8012474,8011726,3,9,70
2023-08-30,8012474,8011951,1,1,180
2023-08-30,8012474,8012474,17,33,76
2023-08-30,8012474,8013018,4,7,73
2023-08-30,8012517,8011939,0,7,0
2023-08-30,8012517,8012296,0,7,0
2023-08-30,8012517,8012517,0,14,0
2023-08-30,8012555,8010339,11,17,102
2023-08-30,8012555,8012421,9,17,115
2023-08-30,8012555,8012555,20,34,112
2023-08-30,8012582,8010300,13,16,114
2023-08-30,8012582,8012582,24,33,98
2023-08-30,8012582,8012584,12,17,145
2023-08-30,8012583,8012584,0,16,0
2023-08-30,8012584,8012582,0,16,0
2023-08-30,8012584,8012583,10,17,127
2023-08-30,8012584,8012584,12,33,69
2023-08-30,8012609,8011031,14,25,66
2023-08-30,8012609,8011735,18,24,91
2023-08-30,8012609,8012609,29,49,69
2023-08-30,8012610,8011213,8,9,147
2023-08-30,8012610,8012610,14,17,134
2023-08-30,8012610,8013393,7,8,176
2023-08-30,8012617,8011992,0,18,0
2023-08-30,8012643,8013354,8,18,73
2023-08-30,8012677,8010156,12,16,118
2023-08-30,8012677,8011248,10,14,199
2023-08-30,8012677,8012677,23,30,149
2023-08-30,8012683,8010210,6,17,79
2023-08-30,8012683,8012683,15,34,129
2023-08-30,8012683,8012684,9,17,175
2023-08-30,8012684,8012683,7,17,92
2023-08-30,8012684,8012684,16,34,136
2023-08-30,8012710,8011356,16,17,222
2023-08-30,8012710,8011707,13,17,106
2023-08-30,8012710,8012710,29,34,182
2023-08-30,8012711,8011017,17,19,128
2023-08-30,8012711,8012711,34,38,201
2023-08-30,8012711,8012835,17,19,234
2023-08-30,8012716,8012262,17,21,156
2023-08-30,8012716,8012716,32,43,151
2023-08-30,8012716,8013073,19,22,170
2023-08-30,8012729,8010016,16,18,140
2023-08-30,8012729,8012108,12,18,80
2023-08-30,8012729,8012729,28,36,82
2023-08-30,8012737,8011908,4,14,21
2023-08-30,8012758,8010227,12,18,48
2023-08-30,8012758,8012376,13,19,30
2023-08-30,8012758,8012758,30,37,55
2023-08-30,8012762,8010300,1,1,870
2023-08-30,8012762,8011027,9,11,352
2023-08-30,8012762,8011611,7,11,155
2023-08-30,8012762,8011778,2,2,570
2023-08-30,8012762,8012762,15,26,275
2023-08-30,8012785,8011270,6,17,18
2023-08-30,8012785,8012785,16,35,24
2023-08-30,8012785,8079629,5,14,17
2023-08-30,8012806,8011140,14,17,122
2023-08-30,8012806,8012806,25,33,142
2023-08-30,8012806,8079629,2,5,198
2023-08-30,8012818,8010300,12,13,205
2023-08-30,8012818,8012377,10,12,165
2023-08-30,8012818,8012818,23,25,185
2023-08-30,8012827,8012005,3,16,28
2023-08-30,8012827,8012827,5,33,27
2023-08-30,8012832,8010210,10,19,96
2023-08-30,8012832,8012146,12,19,167
2023-08-30,8012832,8012832,21,38,136
2023-08-30,8012835,8012711,17,19,147
2023-08-30,8012835,8012835,35,38,195
2023-08-30,8012835,8013104,17,19,226
2023-08-30,8012839,8010179,9,11,115
2023-08-30,8012839,8011213,3,3,390
2023-08-30,8012839,8012839,16,22,113
2023-08-30,8012840,8012108,9,18,50
2023-08-30,8012840,8012438,11,18,67
2023-08-30,8012840,8012840,20,36,61
2023-08-30,8012841,8011729,1,18,3
2023-08-30,8012841,8012841,10,35,10
2023-08-30,8012841,8079604,7,17,14
2023-08-30,8012843,8012146,11,19,123
2023-08-30,8012856,8012002,16,18,53
2023-08-30,8012856,8012109,18,18,93
2023-08-30,8012856,8012856,32,36,50
2023-08-30,8012892,8011109,1,20,8
2023-08-30,8012892,8012892,1,41,4
2023-08-30,8012892,8017349,0,21,0
2023-08-30,8012902,8010141,2,10,15
2023-08-30,8012902,8011702,8,9,353
2023-08-30,8012902,8012268,8,19,155
2023-08-30,8012902,8012902,17,38,152
2023-08-30,8012933,8004177,9,14,244
2023-08-30,8012933,8011230,12,16,86
2023-08-30,8012933,8012933,22,30,159
2023-08-30,8012940,8010325,15,29,33
2023-08-30,8012940,8012264,14,19,106
2023-08-30,8012940,8012940,71,110,117
2023-08-30,8012940,8012951,17,25,154
2023-08-30,8012940,8012953,5,10,144
2023-08-30,8012940,8013186,9,10,153
2023-08-30,8012949,8011939,0,7,0
2023-08-30,8012949,8012949,0,14,0
2023-08-30,8012949,8013232,0,7,0
2023-08-30,8012951,8010156,10,10,57
2023-08-30,8012951,8010173,15,26,151
2023-08-30,8012951,8010325,10,12,72
2023-08-30,8012951,8012940,21,26,207
2023-08-30,8012951,8012951,50,74,142
2023-08-30,8012953,8012940,3,10,45
2023-08-30,8012953,8012953,12,32,83
2023-08-30,8012953,8012960,3,16,90
2023-08-30,8012954,8011718,4,16,88
2023-08-30,8012954,8012954,7,32,77
2023-08-30,8012954,8012960,4,16,68
2023-08-30,8012960,8012953,4,16,62
2023-08-30,8012960,8012954,3,16,86
2023-08-30,8012960,8012960,7,32,77
2023-08-30,8012962,8012962,2,40,2
2023-08-30,8012962,8079084,0,20,0
2023-08-30,8012962,8087025,2,20,4
2023-08-30,8012963,8012963,2,38,2
2023-08-30,8012963,8087025,0,20,0
2023-08-30,8012963,8087026,0,21,0
2023-08-30,8013017,8010241,7,17,108
2023-08-30,8013017,8012421,13,17,125
2023-08-30,8013017,8013017,24,34,116
2023-08-30,8013018,8010267,9,16,82
2023-08-30,8013018,8011442,5,9,83
2023-08-30,8013018,8012474,4,8,34
2023-08-30,8013018,8013018,15,33,71
2023-08-30,8013040,8011797,15,18,88
2023-08-30,8013040,8011995,10,18,72
2023-08-30,8013040,8013040,27,36,72
2023-08-30,8013051,8011646,9,17,64
2023-08-30,8013051,8013051,21,34,82
2023-08-30,8013051,8013177,9,17,67
2023-08-30,8013062,8011017,19,19,257
2023-08-30,8013062,8011778,11,11,251
2023-08-30,8013062,8013062,35,38,207
2023-08-30,8013069,8010156,4,9,63
2023-08-30,8013069,8011951,6,10,84
2023-08-30,8013069,8013069,9,19,68
2023-08-30,8013072,8010273,16,18,72
2023-08-30,8013072,8012143,7,18,15
2023-08-30,8013072,8013072,23,36,45
2023-08-30,8013073,8010173,17,22,145
2023-08-30,8013073,8012716,15,21,140
2023-08-30,8013073,8013073,33,43,153
2023-08-30,8013104,8010210,14,19,191
2023-08-30,8013104,8012835,18,19,134
2023-08-30,8013104,8013104,26,38,149
2023-08-30,8013105,8011797,18,18,180
2023-08-30,8013105,8012438,9,18,58
2023-08-30,8013105,8013105,28,36,96
2023-08-30,8013106,8079604,0,18,0
2023-08-30,8013131,8010179,7,11,120
2023-08-30,8013131,8011456,8,11,41
2023-08-30,8013131,8013131,13,22,63
2023-08-30,8013132,8010392,1,30,6
2023-08-30,8013132,8011108,0,26,0
2023-08-30,8013132,8013132,1,54,3
2023-08-30,8013133,8010392,0,18,0
2023-08-30,8013133,8011992,0,18,0
2023-08-30,8013133,8013133,0,36,0
2023-08-30,8013156,8013162,3,11,8
2023-08-30,8013161,8013161,1,41,3
2023-08-30,8013161,8017349,1,20,6
2023-08-30,8013161,8087027,0,28,0
2023-08-30,8013162,8011456,2,11,5
2023-08-30,8013162,8013156,10,11,57
2023-08-30,8013162,8013162,10,22,23
2023-08-30,8013177,8011356,12,17,83
2023-08-30,8013177,8013051,14,17,148
2023-08-30,8013177,8013177,23,34,105
2023-08-30,8013186,8010051,7,19,139
2023-08-30,8013186,8011215,2,8,26
2023-08-30,8013186,8012264,1,1,30
2023-08-30,8013186,8012940,6,9,20
2023-08-30,8013186,8013186,10,38,84
2023-08-30,8013232,8012949,0,7,0
2023-08-30,8013232,8013232,0,14,0
2023-08-30,8013293,8011731,4,6,45
2023-08-30,8013293,8013293,4,12,18
2023-08-30,8013293,8070946,1,6,10
2023-08-30,8013322,8011481,8,17,101
2023-08-30,8013322,8011707,16,17,141
2023-08-30,8013322,8013322,25,34,124
2023-08-30,8013339,8011889,0,19,0
2023-08-30,8013339,8013339,13,37,24
2023-08-30,8013339,8013340,3,28,11
2023-08-30,8013340,8013339,0,26,0
2023-08-30,8013340,8013340,3,54,6
2023-08-30,8013340,8013341,1,28,8
2023-08-30,8013341,8011108,2,28,9
2023-08-30,8013341,8013340,0,26,0
2023-08-30,8013341,8013341,2,54,4
2023-08-30,8013352,8011778,2,2,30
2023-08-30,8013352,8012358,7,10,201
2023-08-30,8013352,8013352,14,21,133
2023-08-30,8013354,8010325,7,18,77
2023-08-30,8013354,8012643,7,18,63
2023-08-30,8013354,8013354,15,36,54
2023-08-30,8013370,8010173,2,4,292
2023-08-30,8013370,8012009,5,5,294
2023-08-30,8013370,8013370,7,9,297
2023-08-30,8013373,8011481,16,17,125
2023-08-30,8013373,8013373,21,34,105
2023-08-30,8013385,8010392,0,29,-10
2023-08-30,8013385,8012086,1,29,6
2023-08-30,8013385,8013385,1,58,-2
2023-08-30,8013393,8010213,6,8,105
2023-08-30,8013393,8012610,8,9,117
2023-08-30,8013393,8013393,14,17,125
2023-08-30,8013409,8012361,1,6,10
2023-08-30,8013409,8013409,2,12,8
2023-08-30,8013409,8070946,0,6,0
2023-08-30,8017349,8012892,1,20,8
2023-08-30,8017349,8013161,0,21,0
2023-08-30,8017349,8017349,1,41,3
2023-08-30,8070946,8013293,2,6,15
2023-08-30,8070946,8013409,1,6,10
2023-08-30,8070946,8070946,3,12,10
2023-08-30,8079604,8012841,11,18,22
2023-08-30,8079604,8013106,2,17,7
2023-08-30,8079604,8079604,17,35,14
2023-08-30,8079629,8011735,25,25,107
2023-08-30,8079629,8012785,12,15,44
2023-08-30,8079629,8012806,4,6,75
2023-08-30,8079629,8079629,39,49,65
2023-08-30,8087025,8012962,0,20,0
2023-08-30,8087025,8012963,1,20,3
2023-08-30,8087025,8087025,2,40,2
2023-08-30,8087026,8011109,0,21,0
2023-08-30,8087026,8012963,1,20,8
2023-08-30,8087026,8087026,1,41,4
2023-08-30,8087027,8012065,0,28,0
2023-08-30,8087027,8013161,1,28,4
2023-08-30,8087027,8087027,1,56,3
2023-08-31,8010016,8010016,33,36,124
2023-08-31,8010016,8011031,15,24,145
2023-08-31,8010016,8012729,10,18,110
2023-08-31,8010051,8010051,21,42,229
2023-08-31,8010051,8010153,3,9,140
2023-08-31,8010051,8010322,11,12,140
2023-08-31,8010051,8012264,1,2,30
2023-08-31,8010051,8013186,10,19,344
2023-08-31,8010141,8010141,26,38,131
2023-08-31,8010141,8011702,9,11,153
2023-08-31,8010141,8012651,5,9,133
2023-08-31,8010141,8012902,7,8,86
2023-08-31,8010153,8010051,5,9,30
2023-08-31,8010153,8010153,44,56,152
2023-08-31,8010153,8010201,8,10,402
2023-08-31,8010153,8010284,14,36,51
2023-08-31,8010153,8012269,2,18,8
2023-08-31,8010156,8010156,49,57,202
2023-08-31,8010156,8011230,1,1,90
2023-08-31,8010156,8011798,7,13,62
2023-08-31,8010156,8012009,2,4,120
2023-08-31,8010156,8012474,4,4,240
2023-08-31,8010156,8012677,11,14,392
2023-08-31,8010156,8012951,11,12,185
2023-08-31,8010156,8013069,6,10,111
2023-08-31,8010173,8010173,39,52,213
2023-08-31,8010173,8012951,18,26,347
2023-08-31,8010173,8013073,17,21,96
2023-08-31,8010173,8013370,4,5,72
2023-08-31,8010176,8010176,17,36,58
2023-08-31,8010176,8010381,13,18,100
2023-08-31,8010176,8011995,4,18,23
2023-08-31,8010179,8010179,18,24,165
2023-08-31,8010179,8011536,4,10,129
2023-08-31,8010179,8012839,8,11,196
2023-08-31,8010179,8013131,7,11,128
2023-08-31,8010199,8010199,25,36,103
2023-08-31,8010199,8010284,13,18,110
2023-08-31,8010199,8012436,14,18,108
2023-08-31,8010201,8010153,8,10,102
2023-08-31,8010201,8010201,15,20,225
2023-08-31,8010201,8012093,10,10,360
2023-08-31,8010210,8010210,30,37,410
2023-08-31,8010210,8012683,14,17,394
2023-08-31,8010210,8012832,16,18,393
2023-08-31,8010210,8013104,15,19,267
2023-08-31,8010213,8010213,16,17,212
2023-08-31,8010213,8011689,7,8,236
2023-08-31,8010213,8013393,9,9,187
2023-08-31,8010227,8010227,25,36,94
2023-08-31,8010227,8010348,18,18,157
2023-08-31,8010227,8012758,16,19,77
2023-08-31,8010241,8010241,61,65,203
2023-08-31,8010241,8011025,16,17,240
2023-08-31,8010241,8011293,18,19,256
2023-08-31,8010241,8012376,12,18,60
2023-08-31,8010241,8013017,15,17,206
2023-08-31,8010267,8013018,6,17,34
2023-08-31,8010273,8010273,26,36,63
2023-08-31,8010273,8010284,11,18,45
2023-08-31,8010273,8013072,13,18,65
2023-08-31,8010284,8010153,28,36,90
2023-08-31,8010284,8010199,13,18,107
2023-08-31,8010284,8010273,5,18,37
2023-08-31,8010284,8010284,46,72,72
2023-08-31,8010300,8010300,56,58,545
2023-08-31,8010300,8011611,14,15,830
2023-08-31,8010300,8012377,2,4,338
2023-08-31,8010300,8012582,16,17,425
2023-08-31,8010300,8012818,12,12,545
2023-08-31,8010322,8010051,11,12,570
2023-08-31,8010322,8010322,51,60,197
2023-08-31,8010322,8011924,15,18,53
2023-08-31,8010322,8012362,15,18,172
2023-08-31,8010325,8010325,21,59,19
2023-08-31,8010325,8012940,11,30,30
2023-08-31,8010325,8012951,7,11,33
2023-08-31,8010325,8013354,6,18,17
2023-08-31,8010339,8010339,29,34,165
2023-08-31,8010339,8011213,17,17,231
2023-08-31,8010339,8012555,13,17,173
2023-08-31,8010348,8010227,3,18,45
2023-08-31,8010348,8010348,35,36,118
2023-08-31,8010348,8012436,11,18,87
2023-08-31,8010381,8010176,3,18,18
2023-08-31,8010381,8012321,7,21,37
2023-08-31,8010392,8010392,1,57,2
2023-08-31,8010392,8013132,0,28,0
2023-08-31,8010392,8013133,0,18,0
2023-08-31,8010392,8013385,1,29,3
2023-08-31,8011017,8011017,30,38,345
2023-08-31,8011017,8012711,19,19,565
2023-08-31,8011017,8013062,16,19,163
2023-08-31,8011025,8010241,15,17,157
2023-08-31,8011025,8011025,31,34,178
2023-08-31,8011025,8011646,16,17,219
2023-08-31,8011027,8011027,18,21,666
2023-08-31,8011027,8011281,9,11,796
2023-08-31,8011027,8012762,9,10,510
2023-08-31,8011031,8010016,23,25,187
2023-08-31,8011031,8011031,37,49,155
2023-08-31,8011031,8012609,14,24,136
2023-08-31,8011044,8011044,12,20,129
2023-08-31,8011044,8011438,10,10,156
2023-08-31,8011044,8012021,2,10,99
2023-08-31,8011108,8011108,1,54,2
2023-08-31,8011108,8013132,1,28,3
2023-08-31,8011108,8013341,0,26,0
2023-08-31,8011109,8011109,0,41,0
2023-08-31,8011109,8012892,0,21,0
2023-08-31,8011109,8087026,0,20,0
2023-08-31,8011114,8012005,3,17,58
2023-08-31,8011140,8011140,31,34,448
2023-08-31,8011140,8012377,17,18,397
2023-08-31,8011140,8012806,15,16,585
2023-08-31,8011205,8010399,9,9,323
2023-08-31,8011205,8011205,22,22,349
2023-08-31,8011205,8011307,11,11,363
2023-08-31,8011213,8010339,12,17,94
2023-08-31,8011213,8011213,33,34,192
2023-08-31,8011213,8012610,7,8,244
2023-08-31,8011213,8012839,2,2,450
2023-08-31,8011230,8004177,1,1,210
2023-08-31,8011230,8011230,24,31,244
2023-08-31,8011230,8011248,15,16,171
2023-08-31,8011230,8012933,11,14,375
2023-08-31,8011248,8011230,7,14,349
2023-08-31,8011248,8011248,22,30,257
2023-08-31,8011248,8012677,12,16,154
2023-08-31,8011270,8011270,16,35,32
2023-08-31,8011270,8011729,14,17,60
2023-08-31,8011270,8012785,2,18,13
2023-08-31,8011281,8011027,9,10,498
2023-08-31,8011281,8011281,19,21,663
2023-08-31,8011281,8012316,9,11,761
2023-08-31,8011286,8011286,15,38,33
2023-08-31,8011286,8011889,9,19,47
2023-08-31,8011286,8011991,0,19,0
2023-08-31,8011293,8010241,19,19,305
2023-08-31,8011293,8011293,38,38,291
2023-08-31,8011293,8011307,11,11,319
2023-08-31,8011307,8011205,11,11,319
2023-08-31,8011307,8011293,11,11,344
2023-08-31,8011307,8011307,22,22,340
2023-08-31,8011356,8011356,29,34,177
2023-08-31,8011356,8012710,13,17,168
2023-08-31,8011356,8013177,16,17,184
2023-08-31,8011438,8011044,3,10,114
2023-08-31,8011438,8011438,13,20,136
2023-08-31,8011438,8011536,8,10,159
2023-08-31,8011442,8011442,10,18,78
2023-08-31,8011442,8012474,7,9,83
2023-08-31,8011442,8013018,4,9,80
2023-08-31,8011456,8011456,10,22,108
2023-08-31,8011456,8013131,6,11,93
2023-08-31,8011456,8013162,8,11,147
2023-08-31,8011481,8011481,25,34,108
2023-08-31,8011481,8013322,16,17,116
2023-08-31,8011481,8013373,9,17,101
2023-08-31,8011536,8010179,8,10,156
2023-08-31,8011536,8011438,5,10,132
2023-08-31,8011536,8011536,12,20,144
2023-08-31,8011592,8011592,2,28,4
2023-08-31,8011592,8011908,2,14,9
2023-08-31,8011592,8012274,0,16,0
2023-08-31,8011611,8010300,13,13,466
2023-08-31,8011611,8011611,25,28,669
2023-08-31,8011611,8012762,11,13,863
2023-08-31,8011646,8011025,16,17,166
2023-08-31,8011646,8011646,32,34,203
2023-08-31,8011646,8013051,15,17,178
2023-08-31,8011681,8011681,14,20,438
2023-08-31,8011681,8011994,5,10,138
2023-08-31,8011681,8012262,10,10,798
2023-08-31,8011689,5100145,6,8,202
2023-08-31,8011689,8010213,7,9,153
2023-08-31,8011689,8011689,14,17,168
2023-08-31,8011694,8011694,28,38,195
2023-08-31,8011694,8011723,16,19,267
2023-08-31,8011694,8011953,5,9,93
2023-08-31,8011694,8012358,9,10,171
2023-08-31,8011702,8010141,6,9,147
2023-08-31,8011702,8011702,12,20,140
2023-08-31,8011702,8012902,8,11,87
2023-08-31,8011707,8011707,28,34,204
2023-08-31,8011707,8012710,16,17,369
2023-08-31,8011707,8013322,13,17,145
2023-08-31,8011718,8011718,3,32,4
2023-08-31,8011718,8012274,1,16,2
2023-08-31,8011718,8012954,2,16,6
2023-08-31,8011723,8011694,7,19,103
2023-08-31,8011723,8011723,24,38,177
2023-08-31,8011723,8012021,10,10,168
2023-08-31,8011726,8011726,11,18,82
2023-08-31,8011726,8011951,5,8,68
2023-08-31,8011726,8012474,8,9,103
2023-08-31,8011729,8011270,2,18,12
2023-08-31,8011729,8011729,8,35,25
2023-08-31,8011729,8012841,4,17,30
2023-08-31,8011731,8011731,5,12,25
2023-08-31,8011731,8013293,3,6,20
2023-08-31,8011735,8011735,40,49,170
2023-08-31,8011735,8012609,19,25,162
2023-08-31,8011735,8079629,16,24,135
2023-08-31,8011778,8011778,23,26,582
2023-08-31,8011778,8012316,8,10,516
2023-08-31,8011778,8012762,3,3,120
2023-08-31,8011778,8013062,9,10,780
2023-08-31,8011778,8013352,2,2,795
2023-08-31,8011797,8011797,36,36,113
2023-08-31,8011797,8013040,13,18,110
2023-08-31,8011797,8013105,7,18,80
2023-08-31,8011798,8010156,13,13,55
2023-08-31,8011864,8003774,12,19,41
2023-08-31,8011864,8011864,18,38,64
2023-08-31,8011864,8012268,5,19,84
2023-08-31,8011889,8011286,0,19,0
2023-08-31,8011889,8011889,15,38,32
2023-08-31,8011889,8013339,15,19,82
2023-08-31,8011908,8011592,0,14,0
2023-08-31,8011908,8011908,0,28,0
2023-08-31,8011908,8012737,1,14,11
2023-08-31,8011939,8011939,0,14,0
2023-08-31,8011939,8012517,0,7,0
2023-08-31,8011939,8012949,0,7,0
2023-08-31,8011951,8011726,9,9,117
2023-08-31,8011951,8011951,14,19,98
2023-08-31,8011951,8012474,0,1,0
2023-08-31,8011951,8013069,5,9,43
2023-08-31,8011953,8011694,7,9,343
2023-08-31,8011953,8011953,17,20,207
2023-08-31,8011953,8012358,10,10,129
2023-08-31,8011991,8011286,15,19,62
2023-08-31,8011991,8011991,11,38,27
2023-08-31,8011992,8011992,0,36,0
2023-08-31,8011992,8012617,0,18,0
2023-08-31,8011992,8013133,0,18,0
2023-08-31,8011995,8010176,10,18,92
2023-08-31,8011995,8011995,14,36,58
2023-08-31,8011995,8013040,6,18,28
2023-08-31,8012005,8011114,14,17,245
2023-08-31,8012005,8012005,12,34,139
2023-08-31,8012005,8012827,3,17,58
2023-08-31,8012009,8010156,4,5,72
2023-08-31,8012009,8012009,5,9,83
2023-08-31,8012009,8013370,2,4,105
2023-08-31,8012021,8011044,10,10,150
2023-08-31,8012021,8011723,9,10,147
2023-08-31,8012021,8012021,18,20,148
2023-08-31,8012065,8012065,1,56,1
2023-08-31,8012065,8012086,0,28,0
2023-08-31,8012065,8087027,1,28,2
2023-08-31,8012086,8012065,1,28,2
2023-08-31,8012086,8012086,1,56,1
2023-08-31,8012086,8013385,0,29,0
2023-08-31,8012093,8010201,7,10,63
2023-08-31,8012093,8010399,9,9,423
2023-08-31,8012093,8012093,12,20,194
2023-08-31,8012108,8012108,19,36,92
2023-08-31,8012108,8012729,7,18,73
2023-08-31,8012108,8012840,9,18,98
2023-08-31,8012109,8012109,30,36,87
2023-08-31,8012109,8012143,18,18,83
2023-08-31,8012109,8012856,10,18,55
2023-08-31,8012143,8012109,15,18,83
2023-08-31,8012143,8012143,33,36,77
2023-08-31,8012143,8013072,12,18,72
2023-08-31,8012146,8012146,31,37,325
2023-08-31,8012146,8012832,16,19,278
2023-08-31,8012146,8012843,15,18,373
2023-08-31,8012262,8011681,5,10,84
2023-08-31,8012262,8012262,29,43,247
2023-08-31,8012262,8012716,13,22,397
2023-08-31,8012264,8010051,1,2,285
2023-08-31,8012264,8012264,39,58,158
2023-08-31,8012264,8012321,8,10,579
2023-08-31,8012264,8012384,9,12,52
2023-08-31,8012264,8012940,16,20,70
2023-08-31,8012268,8011864,12,19,54
2023-08-31,8012268,8012268,16,38,68
2023-08-31,8012268,8012902,4,19,81
2023-08-31,8012269,8010153,14,18,158
2023-08-31,8012269,8012269,18,36,89
2023-08-31,8012269,8012362,6,18,28
2023-08-31,8012274,8011592,0,16,0
2023-08-31,8012274,8011718,1,16,2
2023-08-31,8012274,8012274,1,32,1
2023-08-31,8012296,8012517,0,7,0
2023-08-31,8012316,8011281,10,10,567
2023-08-31,8012316,8011778,7,11,698
2023-08-31,8012316,8012316,18,21,644
2023-08-31,8012321,8010381,9,22,228
2023-08-31,8012321,8012264,5,8,98
2023-08-31,8012321,8012321,25,43,165
2023-08-31,8012321,8012384,9,13,58
2023-08-31,8012358,8011694,10,10,237
2023-08-31,8012358,8011953,9,10,324
2023-08-31,8012358,8012358,38,48,201
2023-08-31,8012358,8013352,5,11,142
2023-08-31,8012361,8013409,2,6,10
2023-08-31,8012362,8010322,9,18,28
2023-08-31,8012362,8012269,12,18,153
2023-08-31,8012362,8012362,17,36,88
2023-08-31,8012376,8010241,15,19,103
2023-08-31,8012376,8012376,29,37,90
2023-08-31,8012376,8012758,15,18,103
2023-08-31,8012377,8010300,4,5,288
2023-08-31,8012377,8011140,14,16,553
2023-08-31,8012377,8012377,31,34,454
2023-08-31,8012377,8012818,12,13,466
2023-08-31,8012384,8012264,11,13,58
2023-08-31,8012384,8012321,5,12,32
2023-08-31,8012384,8012384,16,25,48
2023-08-31,8012421,8012421,30,34,217
2023-08-31,8012421,8012555,15,17,238
2023-08-31,8012421,8013017,15,17,217
2023-08-31,8012436,8010199,14,18,108
2023-08-31,8012436,8010348,17,18,167
2023-08-31,8012436,8012436,31,36,112
2023-08-31,8012438,8012438,22,36,98
2023-08-31,8012438,8012840,9,18,83
2023-08-31,8012438,8013105,12,18,112
2023-08-31,8012474,8010156,4,4,210
2023-08-31,8012474,8011442,6,9,90
2023-08-31,8012474,8011726,4,9,80
2023-08-31,8012474,8011951,1,1,120
2023-08-31,8012474,8012474,20,33,98
2023-08-31,8012474,8013018,4,7,103
2023-08-31,8012517,8011939,0,7,0
2023-08-31,8012517,8012296,0,7,0
2023-08-31,8012517,8012517,0,14,0
2023-08-31,8012555,8010339,14,17,214
2023-08-31,8012555,8012421,14,17,203
2023-08-31,8012555,8012555,29,34,210
2023-08-31,8012582,8010300,14,16,276
2023-08-31,8012582,8012582,28,33,315
2023-08-31,8012582,8012584,15,17,418
2023-08-31,8012583,8012584,6,16,165
2023-08-31,8012584,8012582,6,16,154
2023-08-31,8012584,8012583,13,17,386
2023-08-31,8012584,8012584,20,33,283
2023-08-31,8012609,8011031,16,25,163
2023-08-31,8012609,8011735,17,24,139
2023-08-31,8012609,8012609,33,49,141
2023-08-31,8012610,8011213,9,9,167
2023-08-31,8012610,8012610,17,17,214
2023-08-31,8012610,8013393,8,8,289
2023-08-31,8012617,8011992,0,18,0
2023-08-31,8012643,8013354,7,18,53
2023-08-31,8012677,8010156,14,16,161
2023-08-31,8012677,8011248,8,14,364
2023-08-31,8012677,8012677,22,30,257
2023-08-31,8012683,8010210,9,17,222
2023-08-31,8012683,8012683,23,34,305
2023-08-31,8012683,8012684,15,17,376
2023-08-31,8012684,8012683,6,17,231
2023-08-31,8012684,8012684,20,34,302
2023-08-31,8012710,8011356,16,17,265
2023-08-31,8012710,8011707,15,17,162
2023-08-31,8012710,8012710,31,34,265
2023-08-31,8012711,8011017,15,19,185
2023-08-31,8012711,8012711,33,38,411
2023-08-31,8012711,8012835,17,19,542
2023-08-31,8012716,8012262,15,21,90
2023-08-31,8012716,8012716,31,43,239
2023-08-31,8012716,8013073,18,22,402
2023-08-31,8012729,8010016,15,18,127
2023-08-31,8012729,8012108,13,18,127
2023-08-31,8012729,8012729,27,36,107
2023-08-31,8012737,8011908,0,14,0
2023-08-31,8012758,8010227,16,18,112
2023-08-31,8012758,8012376,15,19,87
2023-08-31,8012758,8012758,33,37,101
2023-08-31,8012762,8010300,1,1,120
2023-08-31,8012762,8011027,9,11,821
2023-08-31,8012762,8011611,10,11,455
2023-08-31,8012762,8011778,2,2,855
2023-08-31,8012762,8012762,21,26,614
2023-08-31,8012785,8011270,6,17,39
2023-08-31,8012785,8012785,11,35,33
2023-08-31,8012785,8079629,4,14,15
2023-08-31,8012806,8011140,16,17,265
2023-08-31,8012806,8012806,31,33,386
2023-08-31,8012806,8079629,5,5,648
2023-08-31,8012818,8010300,13,13,519
2023-08-31,8012818,8012377,11,12,512
2023-08-31,8012818,8012818,25,25,516
2023-08-31,8012827,8012005,8,16,242
2023-08-31,8012827,8012827,10,33,144
2023-08-31,8012832,8010210,12,19,246
2023-08-31,8012832,8012146,16,18,370
2023-08-31,8012832,8012832,27,37,316
2023-08-31,8012835,8012711,16,19,210
2023-08-31,8012835,8012835,34,38,354
2023-08-31,8012835,8013104,17,19,542
2023-08-31,8012839,8010179,9,11,199
2023-08-31,8012839,8011213,3,3,470
2023-08-31,8012839,8012839,19,22,199
2023-08-31,8012840,8012108,10,18,80
2023-08-31,8012840,8012438,12,18,110
2023-08-31,8012840,8012840,19,36,95
2023-08-31,8012841,8011729,2,18,12
2023-08-31,8012841,8012841,7,35,19
2023-08-31,8012841,8079604,2,17,30
2023-08-31,8012843,8012146,15,19,270
2023-08-31,8012856,8012002,17,18,105
2023-08-31,8012856,8012109,18,18,115
2023-08-31,8012856,8012856,35,36,80
2023-08-31,8012892,8011109,0,20,0
2023-08-31,8012892,8012892,0,41,0
2023-08-31,8012892,8017349,0,21,0
2023-08-31,8012902,8010141,5,10,78
2023-08-31,8012902,8011702,7,9,130
2023-08-31,8012902,8012268,12,19,57
2023-08-31,8012902,8012902,18,38,68
2023-08-31,8012933,8004177,11,14,362
2023-08-31,8012933,8011230,14,16,150
2023-08-31,8012933,8012933,24,30,241
2023-08-31,8012940,8010325,10,29,20
2023-08-31,8012940,8012264,15,19,382
2023-08-31,8012940,8012940,65,110,175
2023-08-31,8012940,8012951,17,25,280
2023-08-31,8012940,8012953,5,10,33
2023-08-31,8012940,8013186,10,10,129
2023-08-31,8012949,8011939,0,7,0
2023-08-31,8012949,8012949,0,14,0
2023-08-31,8012949,8013232,0,7,0
2023-08-31,8012951,8010156,9,10,573
2023-08-31,8012951,8010173,18,26,65
2023-08-31,8012951,8010325,7,12,35
2023-08-31,8012951,8012940,22,26,406
2023-08-31,8012951,8012951,55,74,250
2023-08-31,8012953,8012940,0,10,0
2023-08-31,8012953,8012953,7,32,14
2023-08-31,8012953,8012960,5,16,21
2023-08-31,8012954,8011718,5,16,15
2023-08-31,8012954,8012954,7,32,12
2023-08-31,8012954,8012960,0,16,0
2023-08-31,8012960,8012953,0,16,0
2023-08-31,8012960,8012954,5,16,21
2023-08-31,8012960,8012960,5,32,10
2023-08-31,8012962,8012962,0,40,0
2023-08-31,8012962,8079084,0,20,0
2023-08-31,8012962,8087025,0,20,0
2023-08-31,8012963,8012963,0,38,0
2023-08-31,8012963,8087025,0,20,0
2023-08-31,8012963,8087026,0,21,0
2023-08-31,8013017,8010241,13,17,194
2023-08-31,8013017,8012421,15,17,235
2023-08-31,8013017,8013017,30,34,221
2023-08-31,8013018,8010267,9,16,84
2023-08-31,8013018,8011442,6,9,70
2023-08-31,8013018,8012474,2,8,19
2023-08-31,8013018,8013018,16,33,62
2023-08-31,8013040,8011797,17,18,73
2023-08-31,8013040,8011995,10,18,88
2023-08-31,8013040,8013040,28,36,72
2023-08-31,8013051,8011646,16,17,175
2023-08-31,8013051,8013051,30,34,170
2023-08-31,8013051,8013177,14,17,175
2023-08-31,8013062,8011017,19,19,542
2023-08-31,8013062,8011778,10,11,365
2023-08-31,8013062,8013062,34,38,343
2023-08-31,8013069,8010156,4,9,60
2023-08-31,8013069,8011951,8,10,147
2023-08-31,8013069,8013069,12,19,96
2023-08-31,8013072,8010273,16,18,78
2023-08-31,8013072,8012143,15,18,65
2023-08-31,8013072,8013072,30,36,72
2023-08-31,8013073,8010173,12,22,378
2023-08-31,8013073,8012716,14,21,77
2023-08-31,8013073,8013073,27,43,240
2023-08-31,8013104,8010210,17,18,543
2023-08-31,8013104,8012835,17,19,208
2023-08-31,8013104,8013104,29,38,381
2023-08-31,8013105,8011797,18,18,200
2023-08-31,8013105,8012438,10,18,87
2023-08-31,8013105,8013105,25,36,126
2023-08-31,8013106,8079604,0,18,0
2023-08-31,8013131,8010179,9,11,191
2023-08-31,8013131,8011456,7,11,125
2023-08-31,8013131,8013131,15,22,142
2023-08-31,8013132,8010392,1,30,3
2023-08-31,8013132,8011108,0,26,0
2023-08-31,8013132,8013132,1,54,1
2023-08-31,8013133,8010392,0,18,0
2023-08-31,8013133,8011992,0,18,0
2023-08-31,8013133,8013133,0,36,0
2023-08-31,8013156,8013162,3,11,90
2023-08-31,8013161,8013161,0,41,0
2023-08-31,8013161,8017349,0,20,0
2023-08-31,8013161,8087027,0,28,0
2023-08-31,8013162,8011456,2,11,87
2023-08-31,8013162,8013156,8,11,128
2023-08-31,8013162,8013162,11,22,110
2023-08-31,8013177,8011356,14,17,189
2023-08-31,8013177,8013051,15,17,171
2023-08-31,8013177,8013177,30,34,176
2023-08-31,8013186,8010051,9,19,77
2023-08-31,8013186,8011215,5,8,75
2023-08-31,8013186,8012264,0,1,0
2023-08-31,8013186,8012940,8,9,670
2023-08-31,8013186,8013186,17,38,205
2023-08-31,8013232,8012949,0,7,0
2023-08-31,8013232,8013232,0,14,0
2023-08-31,8013293,8011731,2,6,20
2023-08-31,8013293,8013293,2,12,8
2023-08-31,8013293,8070946,1,6,10
2023-08-31,8013322,8011481,12,17,122
2023-08-31,8013322,8011707,16,17,143
2023-08-31,8013322,8013322,29,34,139
2023-08-31,8013339,8011889,0,19,0
2023-08-31,8013339,8013339,15,37,23
2023-08-31,8013339,8013340,2,28,5
2023-08-31,8013340,8013339,0,26,0
2023-08-31,8013340,8013340,2,54,3
2023-08-31,8013340,8013341,1,28,3
2023-08-31,8013341,8011108,1,28,3
2023-08-31,8013341,8013340,0,26,0
2023-08-31,8013341,8013341,1,54,2
2023-08-31,8013352,8011778,2,2,75
2023-08-31,8013352,8012358,9,10,228
2023-08-31,8013352,8013352,14,21,159
2023-08-31,8013354,8010325,7,18,28
2023-08-31,8013354,8012643,4,18,27
2023-08-31,8013354,8013354,13,36,32
2023-08-31,8013370,8010173,2,4,112
2023-08-31,8013370,8012009,3,5,60
2023-08-31,8013370,8013370,5,9,80
2023-08-31,8013373,8011481,16,17,120
2023-08-31,8013373,8013373,26,34,112
2023-08-31,8013385,8010392,0,29,0
2023-08-31,8013385,8012086,1,29,2
2023-08-31,8013385,8013385,1,58,2
2023-08-31,8013393,8010213,7,8,240
2023-08-31,8013393,8012610,8,9,150
2023-08-31,8013393,8013393,16,17,206
2023-08-31,8013409,8012361,1,6,10
2023-08-31,8013409,8013409,3,12,10
2023-08-31,8013409,8070946,1,6,5
2023-08-31,8017349,8012892,0,20,0
2023-08-31,8017349,8013161,0,21,0
2023-08-31,8017349,8017349,0,41,0
2023-08-31,8070946,8013293,2,6,10
2023-08-31,8070946,8013409,1,6,10
2023-08-31,8070946,8070946,3,12,12
2023-08-31,8079604,8012841,11,18,20
2023-08-31,8079604,8013106,2,17,28
2023-08-31,8079604,8079604,12,35,23
2023-08-31,8079629,8011735,25,25,204
2023-08-31,8079629,8012785,12,15,82
2023-08-31,8079629,8012806,6,6,330
2023-08-31,8079629,8079629,39,49,154
2023-08-31,8087025,8012962,0,20,0
2023-08-31,8087025,8012963,0,20,0
2023-08-31,8087025,8087025,0,40,0
2023-08-31,8087026,8011109,0,21,0
2023-08-31,8087026,8012963,0,20,0
2023-08-31,8087026,8087026,0,41,0
2023-08-31,8087027,8012065,0,28,0
2023-08-31,8087027,8013161,1,28,2
2023-08-31,8087027,8087027,1,56,1
