date,from_stop_id,to_stop_id,delay_count,entries_count,avg_delay
2023-08-01,8000075,8000075,80,111,148
2023-08-01,8000075,8000840,25,38,183
2023-08-01,8000075,8003992,11,18,88
2023-08-01,8000075,8005247,37,56,126
2023-08-01,8000075,8005562,1,19,2
2023-08-01,8000154,8000154,40,70,68
2023-08-01,8000154,8004253,14,18,72
2023-08-01,8000154,8005659,9,17,180
2023-08-01,8000154,8006170,20,26,39
2023-08-01,8000154,8079083,14,17,58
2023-08-01,8000175,8000175,84,113,149
2023-08-01,8000175,8001110,29,39,166
2023-08-01,8000175,8001302,1,1,90
2023-08-01,8000175,8003796,28,37,123
2023-08-01,8000175,8005247,17,18,103
2023-08-01,8000175,8005649,12,14,169
2023-08-01,8000272,8000272,127,156,99
2023-08-01,8000272,8000875,11,18,30
2023-08-01,8000272,8003516,27,39,91
2023-08-01,8000272,8004312,13,42,25
2023-08-01,8000272,8005346,17,22,110
2023-08-01,8000272,8006392,31,37,66
2023-08-01,8000319,8000319,57,82,201
2023-08-01,8000319,8002625,17,19,257
2023-08-01,8000319,8003294,13,22,131
2023-08-01,8000319,8005649,27,41,258
2023-08-01,8000357,8000357,32,36,290
2023-08-01,8000357,8000371,17,19,368
2023-08-01,8000357,8001027,15,17,221
2023-08-01,8000371,8000357,14,17,222
2023-08-01,8000371,8000371,31,36,293
2023-08-01,8000371,8006680,17,19,387
2023-08-01,8000378,8000378,37,45,97
2023-08-01,8000378,8002238,19,22,117
2023-08-01,8000378,8005346,19,23,82
2023-08-01,8000563,8000563,34,40,279
2023-08-01,8000563,8001221,17,20,366
2023-08-01,8000563,8007868,18,20,266
2023-08-01,8000792,8000792,36,46,55
2023-08-01,8000792,8002929,15,21,47
2023-08-01,8000792,8005659,17,25,36
2023-08-01,8000840,8000075,27,38,88
2023-08-01,8000840,8000840,50,76,128
2023-08-01,8000840,8002083,20,37,114
2023-08-01,8000840,8003992,1,1,2340
2023-08-01,8000875,8000272,18,20,222
2023-08-01,8000875,8000875,84,115,78
2023-08-01,8000875,8004392,16,37,28
2023-08-01,8000875,8005659,14,18,45
2023-08-01,8000875,8006392,17,40,62
2023-08-01,8000926,8000926,29,43,160
2023-08-01,8000926,8003991,18,21,93
2023-08-01,8000926,8004004,16,22,236
2023-08-01,8000941,8000941,72,82,66
2023-08-01,8000941,8004312,22,40,42
2023-08-01,8001027,8000357,17,19,351
2023-08-01,8001027,8001027,32,36,288
2023-08-01,8001027,8006581,14,17,215
2023-08-01,8001110,8000175,21,39,78
2023-08-01,8001110,8001110,48,78,118
2023-08-01,8001110,8005247,24,39,165
2023-08-01,8001221,8000563,16,20,214
2023-08-01,8001221,8001221,34,40,292
2023-08-01,8001221,8001812,14,20,351
2023-08-01,8001302,8001302,47,76,106
2023-08-01,8001302,8003796,23,38,103
2023-08-01,8001302,8005243,26,38,104
2023-08-01,8001470,8001470,32,40,286
2023-08-01,8001470,8001812,17,20,243
2023-08-01,8001470,8006627,15,20,360
2023-08-01,8001570,8001570,56,77,39
2023-08-01,8001570,8003108,11,39,15
2023-08-01,8001570,8005796,28,37,55
2023-08-01,8001812,8001221,13,20,208
2023-08-01,8001812,8001470,11,20,334
2023-08-01,8001812,8001812,29,40,285
2023-08-01,8001990,8001990,37,41,280
2023-08-01,8001990,8004909,19,21,227
2023-08-01,8002083,8000840,16,37,63
2023-08-01,8002083,8002083,43,74,92
2023-08-01,8002083,8003992,21,37,111
2023-08-01,8002117,8005796,1,2,15
2023-08-01,8002117,8005797,11,39,15
2023-08-01,8002238,8000378,17,22,68
2023-08-01,8002238,8002238,57,84,173
2023-08-01,8002238,8003059,26,42,159
2023-08-01,8002238,8003980,18,20,332
2023-08-01,8002625,8000319,16,17,249
2023-08-01,8002625,8002625,33,36,257
2023-08-01,8002625,8006581,17,19,261
2023-08-01,8002746,8002746,2,38,2
2023-08-01,8002746,8004344,2,19,5
2023-08-01,8002746,8005562,0,19,0
2023-08-01,8002929,8000792,22,25,78
2023-08-01,8002929,8002929,36,46,70
2023-08-01,8002929,8004199,16,21,63
2023-08-01,8003059,8002238,23,42,191
2023-08-01,8003059,8003059,30,40,287
2023-08-01,8003059,8006627,11,20,214
2023-08-01,8003108,8001570,12,37,28
2023-08-01,8003108,8003108,58,76,42
2023-08-01,8003294,8000319,13,24,128
2023-08-01,8003294,8003294,49,77,107
2023-08-01,8003294,8003684,26,38,122
2023-08-01,8003294,8005649,14,15,60
2023-08-01,8003516,8000272,32,36,38
2023-08-01,8003684,8001200,15,17,176
2023-08-01,8003684,8003294,17,39,81
2023-08-01,8003684,8003684,39,77,94
2023-08-01,8003796,8000175,17,38,97
2023-08-01,8003796,8001302,24,37,106
2023-08-01,8003796,8003796,48,75,109
2023-08-01,8003980,8000378,1,1,60
2023-08-01,8003980,8002238,10,20,190
2023-08-01,8003980,8003980,30,41,258
2023-08-01,8003980,8004909,16,20,330
2023-08-01,8003991,8000926,14,22,236
2023-08-01,8003991,8003991,31,43,168
2023-08-01,8003991,8003992,11,21,80
2023-08-01,8003992,8000075,17,17,325
2023-08-01,8003992,8000840,1,1,30
2023-08-01,8003992,8002083,19,37,65
2023-08-01,8003992,8003991,14,22,244
2023-08-01,8003992,8003992,58,78,190
2023-08-01,8003992,8004004,17,18,113
2023-08-01,8004004,8000926,5,21,54
2023-08-01,8004004,8003992,17,18,312
2023-08-01,8004004,8004004,45,79,167
2023-08-01,8004004,8005245,11,18,82
2023-08-01,8004004,8005246,12,22,218
2023-08-01,8004199,8002929,22,25,70
2023-08-01,8004199,8004199,34,46,69
2023-08-01,8004199,8006170,16,21,80
2023-08-01,8004236,8004748,6,18,12
2023-08-01,8004253,8000154,11,18,192
2023-08-01,8004253,8002995,2,2,30
2023-08-01,8004253,8003040,11,18,43
2023-08-01,8004253,8004253,24,37,118
2023-08-01,8004253,8079083,13,18,35
2023-08-01,8004312,8000272,36,40,72
2023-08-01,8004312,8000941,32,42,65
2023-08-01,8004312,8004312,66,82,49
2023-08-01,8004344,8002746,0,19,0
2023-08-01,8004392,8000875,27,41,72
2023-08-01,8004392,8004392,74,78,70
2023-08-01,8004392,8004555,35,37,59
2023-08-01,8004555,8004392,39,40,89
2023-08-01,8004555,8004555,61,77,64
2023-08-01,8004555,8005659,28,37,54
2023-08-01,8004909,8001990,14,20,324
2023-08-01,8004909,8003980,15,21,194
2023-08-01,8004909,8004909,36,41,271
2023-08-01,8005044,8005044,49,73,141
2023-08-01,8005044,8005332,26,38,163
2023-08-01,8005044,8005649,18,35,105
2023-08-01,8005241,8000175,2,2,1665
2023-08-01,8005241,8005241,63,82,198
2023-08-01,8005241,8005243,18,22,120
2023-08-01,8005241,8005306,14,23,119
2023-08-01,8005241,8005332,3,3,30
2023-08-01,8005241,8005649,12,14,111
2023-08-01,8005243,8001302,20,38,103
2023-08-01,8005243,8005241,13,20,88
2023-08-01,8005243,8005243,46,76,102
2023-08-01,8005243,8005332,7,10,132
2023-08-01,8005246,8004004,6,21,60
2023-08-01,8005246,8005246,18,42,139
2023-08-01,8005246,8005812,11,21,227
2023-08-01,8005247,8000075,41,57,150
2023-08-01,8005247,8000175,15,17,238
2023-08-01,8005247,8001110,21,39,68
2023-08-01,8005247,8005247,75,113,133
2023-08-01,8005306,8005241,12,23,196
2023-08-01,8005306,8005306,25,50,151
2023-08-01,8005306,8005332,11,23,125
2023-08-01,8005306,8005649,0,1,0
2023-08-01,8005332,8005044,23,35,116
2023-08-01,8005332,8005241,4,5,420
2023-08-01,8005332,8005243,6,8,56
2023-08-01,8005332,8005306,11,23,198
2023-08-01,8005332,8005332,49,79,154
2023-08-01,8005332,8005649,4,4,172
2023-08-01,8005346,8000272,13,23,61
2023-08-01,8005346,8000378,18,22,124
2023-08-01,8005346,8005346,36,45,96
2023-08-01,8005562,8000075,3,19,8
2023-08-01,8005562,8002746,1,19,2
2023-08-01,8005562,8005562,4,38,3
2023-08-01,8005649,8000175,13,13,113
2023-08-01,8005649,8000319,35,41,185
2023-08-01,8005649,8002875,0,1,0
2023-08-01,8005649,8003294,14,16,105
2023-08-01,8005649,8003759,9,9,123
2023-08-01,8005649,8005044,25,38,161
2023-08-01,8005649,8005241,12,14,321
2023-08-01,8005649,8005306,3,3,120
2023-08-01,8005649,8005332,2,2,960
2023-08-01,8005649,8005649,112,143,169
2023-08-01,8005659,8000154,8,17,28
2023-08-01,8005659,8000792,16,21,31
2023-08-01,8005659,8000875,13,19,175
2023-08-01,8005659,8004392,1,1,60
2023-08-01,8005659,8004555,29,40,54
2023-08-01,8005659,8005659,29,82,55
2023-08-01,8005659,8006170,1,1,90
2023-08-01,8005796,8001570,29,40,44
2023-08-01,8005796,8005796,48,78,33
2023-08-01,8005796,8005797,11,37,32
2023-08-01,8005797,8002117,35,37,90
2023-08-01,8005797,8005796,6,39,10
2023-08-01,8005797,8005797,43,76,37
2023-08-01,8006170,8000154,19,22,44
2023-08-01,8006170,8004199,19,25,58
2023-08-01,8006170,8005659,0,1,0
2023-08-01,8006170,8006170,37,48,62
2023-08-01,8006392,8000272,26,40,70
2023-08-01,8006392,8000875,23,37,40
2023-08-01,8006392,8006392,51,77,56
2023-08-01,8006581,8001027,17,19,362
2023-08-01,8006581,8002625,16,17,224
2023-08-01,8006581,8006581,33,36,273
2023-08-01,8006627,8001470,10,20,206
2023-08-01,8006627,8003059,18,20,340
2023-08-01,8006627,8006627,25,40,270
2023-08-01,8007868,8000563,7,20,288
2023-08-01,8079083,8000154,11,18,25
2023-08-01,8079083,8004253,14,17,58
2023-08-01,8079083,8079083,27,35,78
2023-08-02,8000075,8000075,91,111,631
2023-08-02,8000075,8000840,24,38,680
2023-08-02,8000075,8003992,15,18,1067
2023-08-02,8000075,8005247,47,56,557
2023-08-02,8000075,8005562,5,19,24
2023-08-02,8000154,8000154,39,70,69
2023-08-02,8000154,8004253,14,18,158
2023-08-02,8000154,8005659,12,17,92
2023-08-02,8000154,8006170,20,26,35
2023-08-02,8000154,8079083,15,17,78
2023-08-02,8000175,8000175,85,113,674
2023-08-02,8000175,8001110,25,39,538
2023-08-02,8000175,8001302,1,1,330
2023-08-02,8000175,8003796,29,37,653
2023-08-02,8000175,8005247,18,18,1027
2023-08-02,8000175,8005649,13,14,1269
2023-08-02,8000272,8000272,133,156,127
2023-08-02,8000272,8000875,11,18,100
2023-08-02,8000272,8003516,31,39,88
2023-08-02,8000272,8004312,23,42,201
2023-08-02,8000272,8005346,21,22,132
2023-08-02,8000272,8006392,30,37,112
2023-08-02,8000319,8000319,68,82,392
2023-08-02,8000319,8002625,16,19,104
2023-08-02,8000319,8003294,18,22,991
2023-08-02,8000319,8005649,30,41,195
2023-08-02,8000357,8000357,30,36,195
2023-08-02,8000357,8000371,17,19,193
2023-08-02,8000357,8001027,13,17,214
2023-08-02,8000371,8000357,12,17,217
2023-08-02,8000371,8000371,31,36,198
2023-08-02,8000371,8006680,16,19,197
2023-08-02,8000378,8000378,43,45,316
2023-08-02,8000378,8002238,21,22,322
2023-08-02,8000378,8005346,23,23,292
2023-08-02,8000563,8000563,27,40,120
2023-08-02,8000563,8001221,15,20,174
2023-08-02,8000563,8007868,16,20,100
2023-08-02,8000792,8000792,33,46,68
2023-08-02,8000792,8002929,14,21,69
2023-08-02,8000792,8005659,15,25,37
2023-08-02,8000840,8000075,34,38,359
2023-08-02,8000840,8000840,52,76,506
2023-08-02,8000840,8002083,24,37,704
2023-08-02,8000840,8003992,1,1,30
2023-08-02,8000875,8000272,16,20,130
2023-08-02,8000875,8000875,83,115,85
2023-08-02,8000875,8004392,24,37,89
2023-08-02,8000875,8005659,15,18,122
2023-08-02,8000875,8006392,21,40,46
2023-08-02,8000926,8000926,31,43,550
2023-08-02,8000926,8003991,19,21,191
2023-08-02,8000926,8004004,15,22,920
2023-08-02,8000941,8000941,78,82,171
2023-08-02,8000941,8004312,31,40,76
2023-08-02,8001027,8000357,17,19,175
2023-08-02,8001027,8001027,31,36,199
2023-08-02,8001027,8006581,14,17,229
2023-08-02,8001110,8000175,31,39,645
2023-08-02,8001110,8001110,57,78,632
2023-08-02,8001110,8005247,22,39,592
2023-08-02,8001221,8000563,16,20,92
2023-08-02,8001221,8001221,31,40,141
2023-08-02,8001221,8001812,15,20,176
2023-08-02,8001302,8001302,51,76,497
2023-08-02,8001302,8003796,21,38,282
2023-08-02,8001302,8005243,30,38,705
2023-08-02,8001470,8001470,30,40,150
2023-08-02,8001470,8001812,16,20,135
2023-08-02,8001470,8006627,14,20,186
2023-08-02,8001570,8001570,47,77,246
2023-08-02,8001570,8003108,20,39,361
2023-08-02,8001570,8005796,25,37,150
2023-08-02,8001812,8001221,12,20,99
2023-08-02,8001812,8001470,11,20,147
2023-08-02,8001812,8001812,28,40,132
2023-08-02,8001990,8001990,37,41,144
2023-08-02,8001990,8004909,17,21,90
2023-08-02,8002083,8000840,23,37,294
2023-08-02,8002083,8002083,47,74,501
2023-08-02,8002083,8003992,24,37,700
2023-08-02,8002117,8005796,0,2,0
2023-08-02,8002117,8005797,21,39,418
2023-08-02,8002238,8000378,20,22,259
2023-08-02,8002238,8002238,73,84,217
2023-08-02,8002238,8003059,36,42,214
2023-08-02,8002238,8003980,18,20,224
2023-08-02,8002625,8000319,16,17,245
2023-08-02,8002625,8002625,32,36,178
2023-08-02,8002625,8006581,15,19,111
2023-08-02,8002746,8002746,3,38,15
2023-08-02,8002746,8004344,2,19,27
2023-08-02,8002746,8005562,1,19,3
2023-08-02,8002929,8000792,20,25,80
2023-08-02,8002929,8002929,34,46,80
2023-08-02,8002929,8004199,16,21,83
2023-08-02,8003059,8002238,31,42,201
2023-08-02,8003059,8003059,32,40,184
2023-08-02,8003059,8006627,14,20,152
2023-08-02,8003108,8001570,16,37,71
2023-08-02,8003108,8003108,53,76,180
2023-08-02,8003294,8000319,17,24,158
2023-08-02,8003294,8003294,54,77,378
2023-08-02,8003294,8003684,28,38,652
2023-08-02,8003294,8005649,13,15,92
2023-08-02,8003516,8000272,27,36,86
2023-08-02,8003684,8001200,13,17,304
2023-08-02,8003684,8003294,23,39,107
2023-08-02,8003684,8003684,47,77,369
2023-08-02,8003796,8000175,15,38,319
2023-08-02,8003796,8001302,27,37,710
2023-08-02,8003796,8003796,50,75,504
2023-08-02,8003980,8000378,1,1,60
2023-08-02,8003980,8002238,15,20,153
2023-08-02,8003980,8003980,33,41,184
2023-08-02,8003980,8004909,17,20,234
2023-08-02,8003991,8000926,13,22,920
2023-08-02,8003991,8003991,32,43,554
2023-08-02,8003991,8003992,15,21,210
2023-08-02,8003992,8000075,17,17,729
2023-08-02,8003992,8000840,1,1,570
2023-08-02,8003992,8002083,23,37,290
2023-08-02,8003992,8003991,13,22,832
2023-08-02,8003992,8003992,64,78,713
2023-08-02,8003992,8004004,16,18,1093
2023-08-02,8004004,8000926,13,21,139
2023-08-02,8004004,8003992,18,18,562
2023-08-02,8004004,8004004,58,79,644
2023-08-02,8004004,8005245,14,18,1077
2023-08-02,8004004,8005246,13,22,904
2023-08-02,8004199,8002929,20,25,70
2023-08-02,8004199,8004199,35,46,78
2023-08-02,8004199,8006170,16,21,103
2023-08-02,8004236,8004748,9,18,18
2023-08-02,8004253,8000154,12,18,105
2023-08-02,8004253,8002995,2,2,105
2023-08-02,8004253,8003040,14,18,145
2023-08-02,8004253,8004253,26,37,123
2023-08-02,8004253,8079083,14,18,35
2023-08-02,8004312,8000272,34,40,98
2023-08-02,8004312,8000941,42,42,242
2023-08-02,8004312,8004312,75,82,153
2023-08-02,8004344,8002746,1,19,3
2023-08-02,8004392,8000875,31,41,51
2023-08-02,8004392,8004392,70,78,84
2023-08-02,8004392,8004555,32,37,109
2023-08-02,8004555,8004392,39,40,76
2023-08-02,8004555,8004555,64,77,94
2023-08-02,8004555,8005659,31,37,74
2023-08-02,8004909,8001990,15,20,236
2023-08-02,8004909,8003980,16,21,93
2023-08-02,8004909,8004909,35,41,156
2023-08-02,8005044,8005044,55,73,413
2023-08-02,8005044,8005332,29,38,168
2023-08-02,8005044,8005649,21,35,674
2023-08-02,8005241,8000175,2,2,90
2023-08-02,8005241,8005241,65,82,382
2023-08-02,8005241,8005243,19,22,275
2023-08-02,8005241,8005306,19,23,939
2023-08-02,8005241,8005332,2,3,110
2023-08-02,8005241,8005649,8,14,30
2023-08-02,8005243,8001302,21,38,289
2023-08-02,8005243,8005241,18,20,1074
2023-08-02,8005243,8005243,50,76,492
2023-08-02,8005243,8005332,5,10,225
2023-08-02,8005246,8004004,15,21,154
2023-08-02,8005246,8005246,29,42,531
2023-08-02,8005246,8005812,14,21,947
2023-08-02,8005247,8000075,42,57,766
2023-08-02,8005247,8000175,17,17,941
2023-08-02,8005247,8001110,30,39,656
2023-08-02,8005247,8005247,86,113,714
2023-08-02,8005306,8005241,12,23,157
2023-08-02,8005306,8005306,32,50,525
2023-08-02,8005306,8005332,18,23,939
2023-08-02,8005306,8005649,1,1,30
2023-08-02,8005332,8005044,29,35,686
2023-08-02,8005332,8005241,5,5,246
2023-08-02,8005332,8005243,8,8,244
2023-08-02,8005332,8005306,13,23,162
2023-08-02,8005332,8005332,58,79,382
2023-08-02,8005332,8005649,3,4,68
2023-08-02,8005346,8000272,23,23,295
2023-08-02,8005346,8000378,21,22,254
2023-08-02,8005346,8005346,44,45,229
2023-08-02,8005562,8000075,6,19,-174
2023-08-02,8005562,8002746,2,19,19
2023-08-02,8005562,8005562,10,38,-32
2023-08-02,8005649,8000175,13,13,960
2023-08-02,8005649,8000319,35,41,596
2023-08-02,8005649,8002875,1,1,2220
2023-08-02,8005649,8003294,10,16,174
2023-08-02,8005649,8003759,9,9,1273
2023-08-02,8005649,8005044,29,38,164
2023-08-02,8005649,8005241,12,14,240
2023-08-02,8005649,8005306,3,3,380
2023-08-02,8005649,8005332,2,2,60
2023-08-02,8005649,8005649,116,143,439
2023-08-02,8005659,8000154,10,17,113
2023-08-02,8005659,8000792,15,21,47
2023-08-02,8005659,8000875,14,19,98
2023-08-02,8005659,8004392,1,1,30
2023-08-02,8005659,8004555,30,40,52
2023-08-02,8005659,8005659,37,82,56
2023-08-02,8005659,8006170,0,1,0
2023-08-02,8005796,8001570,31,40,405
2023-08-02,8005796,8005796,50,78,282
2023-08-02,8005796,8005797,22,37,139
2023-08-02,8005797,8002117,25,37,182
2023-08-02,8005797,8005796,24,39,421
2023-08-02,8005797,8005797,46,76,289
2023-08-02,8006170,8000154,17,22,57
2023-08-02,8006170,8004199,19,25,59
2023-08-02,8006170,8005659,0,1,0
2023-08-02,8006170,8006170,37,48,69
2023-08-02,8006392,8000272,30,40,72
2023-08-02,8006392,8000875,22,37,88
2023-08-02,8006392,8006392,56,77,77
2023-08-02,8006581,8001027,17,19,191
2023-08-02,8006581,8002625,13,17,222
2023-08-02,8006581,8006581,32,36,189
2023-08-02,8006627,8001470,9,20,123
2023-08-02,8006627,8003059,17,20,206
2023-08-02,8006627,8006627,27,40,165
2023-08-02,8007868,8000563,9,20,150
2023-08-02,8079083,8000154,15,18,32
2023-08-02,8079083,8004253,15,17,71
2023-08-02,8079083,8079083,27,35,87
2023-08-03,8000075,8000075,90,111,190
2023-08-03,8000075,8000840,22,38,109
2023-08-03,8000075,8003992,17,18,187
2023-08-03,8000075,8005247,45,56,230
2023-08-03,8000075,8005562,3,19,161
2023-08-03,8000154,8000154,42,70,288
2023-08-03,8000154,8004253,15,18,280
2023-08-03,8000154,8005659,15,17,614
2023-08-03,8000154,8006170,22,26,121
2023-08-03,8000154,8079083,14,17,224
2023-08-03,8000175,8000175,85,113,178
2023-08-03,8000175,8001110,30,39,86
2023-08-03,8000175,8001302,1,1,330
2023-08-03,8000175,8003796,29,37,121
2023-08-03,8000175,8005247,18,18,177
2023-08-03,8000175,8005649,14,14,529
2023-08-03,8000272,8000272,133,156,165
2023-08-03,8000272,8000875,15,18,145
2023-08-03,8000272,8003516,29,39,77
2023-08-03,8000272,8004312,21,42,44
2023-08-03,8000272,8005346,18,22,85
2023-08-03,8000272,8006392,31,37,66
2023-08-03,8000319,8000319,63,82,643
2023-08-03,8000319,8002625,16,19,665
2023-08-03,8000319,8003294,14,22,142
2023-08-03,8000319,8005649,27,41,902
2023-08-03,8000357,8000357,34,36,1331
2023-08-03,8000357,8000371,17,19,944
2023-08-03,8000357,8001027,17,17,1781
2023-08-03,8000371,8000357,17,17,1782
2023-08-03,8000371,8000371,34,36,1379
2023-08-03,8000371,8006680,17,19,1140
2023-08-03,8000378,8000378,45,45,119
2023-08-03,8000378,8002238,22,22,132
2023-08-03,8000378,8005346,23,23,116
2023-08-03,8000563,8000563,27,40,65
2023-08-03,8000563,8001221,16,20,72
2023-08-03,8000563,8007868,15,20,117
2023-08-03,8000792,8000792,36,46,120
2023-08-03,8000792,8002929,16,21,127
2023-08-03,8000792,8005659,22,25,95
2023-08-03,8000840,8000075,33,38,114
2023-08-03,8000840,8000840,52,76,101
2023-08-03,8000840,8002083,19,37,101
2023-08-03,8000840,8003992,1,1,60
2023-08-03,8000875,8000272,18,20,668
2023-08-03,8000875,8000875,93,115,185
2023-08-03,8000875,8004392,18,37,37
2023-08-03,8000875,8005659,16,18,160
2023-08-03,8000875,8006392,24,40,84
2023-08-03,8000926,8000926,33,43,104
2023-08-03,8000926,8003991,19,21,119
2023-08-03,8000926,8004004,15,22,106
2023-08-03,8000941,8000941,74,82,75
2023-08-03,8000941,8004312,25,40,37
2023-08-03,8001027,8000357,17,19,928
2023-08-03,8001027,8001027,34,36,1386
2023-08-03,8001027,8006581,17,17,2005
2023-08-03,8001110,8000175,28,39,105
2023-08-03,8001110,8001110,56,78,92
2023-08-03,8001110,8005247,25,39,88
2023-08-03,8001221,8000563,15,20,74
2023-08-03,8001221,8001221,31,40,74
2023-08-03,8001221,8001812,15,20,68
2023-08-03,8001302,8001302,49,76,95
2023-08-03,8001302,8003796,25,38,81
2023-08-03,8001302,8005243,27,38,110
2023-08-03,8001470,8001470,28,40,62
2023-08-03,8001470,8001812,17,20,87
2023-08-03,8001470,8006627,11,20,54
2023-08-03,8001570,8001570,49,77,152
2023-08-03,8001570,8003108,28,39,137
2023-08-03,8001570,8005796,27,37,149
2023-08-03,8001812,8001221,9,20,58
2023-08-03,8001812,8001470,10,20,34
2023-08-03,8001812,8001812,28,40,60
2023-08-03,8001990,8001990,32,41,99
2023-08-03,8001990,8004909,16,21,176
2023-08-03,8002083,8000840,20,37,79
2023-08-03,8002083,8002083,47,74,96
2023-08-03,8002083,8003992,22,37,100
2023-08-03,8002117,8005796,1,2,270
2023-08-03,8002117,8005797,16,39,108
2023-08-03,8002238,8000378,22,22,95
2023-08-03,8002238,8002238,77,84,93
2023-08-03,8002238,8003059,36,42,104
2023-08-03,8002238,8003980,14,20,64
2023-08-03,8002625,8000319,17,17,2065
2023-08-03,8002625,8002625,33,36,1322
2023-08-03,8002625,8006581,16,19,707
2023-08-03,8002746,8002746,8,38,134
2023-08-03,8002746,8004344,5,19,158
2023-08-03,8002746,8005562,3,19,114
2023-08-03,8002929,8000792,20,25,132
2023-08-03,8002929,8002929,35,46,131
2023-08-03,8002929,8004199,15,21,144
2023-08-03,8003059,8002238,29,42,64
2023-08-03,8003059,8003059,32,40,78
2023-08-03,8003059,8006627,11,20,80
2023-08-03,8003108,8001570,23,37,93
2023-08-03,8003108,8003108,66,76,101
2023-08-03,8003294,8000319,17,24,59
2023-08-03,8003294,8003294,52,77,122
2023-08-03,8003294,8003684,27,38,178
2023-08-03,8003294,8005649,9,15,116
2023-08-03,8003516,8000272,32,36,38
2023-08-03,8003684,8001200,16,17,245
2023-08-03,8003684,8003294,23,39,63
2023-08-03,8003684,8003684,48,77,115
2023-08-03,8003796,8000175,20,38,77
2023-08-03,8003796,8001302,23,37,103
2023-08-03,8003796,8003796,55,75,98
2023-08-03,8003980,8000378,1,1,60
2023-08-03,8003980,8002238,13,20,110
2023-08-03,8003980,8003980,28,41,76
2023-08-03,8003980,8004909,13,20,58
2023-08-03,8003991,8000926,13,22,108
2023-08-03,8003991,8003991,31,43,112
2023-08-03,8003991,8003992,15,21,111
2023-08-03,8003992,8000075,16,17,582
2023-08-03,8003992,8000840,1,1,60
2023-08-03,8003992,8002083,23,37,85
2023-08-03,8003992,8003991,14,22,105
2023-08-03,8003992,8003992,62,78,232
2023-08-03,8003992,8004004,17,18,213
2023-08-03,8004004,8000926,9,21,73
2023-08-03,8004004,8003992,17,18,535
2023-08-03,8004004,8004004,58,79,213
2023-08-03,8004004,8005245,13,18,168
2023-08-03,8004004,8005246,13,22,94
2023-08-03,8004199,8002929,21,25,115
2023-08-03,8004199,8004199,35,46,132
2023-08-03,8004199,8006170,16,21,177
2023-08-03,8004236,8004748,8,18,20
2023-08-03,8004253,8000154,16,18,615
2023-08-03,8004253,8002995,2,2,2085
2023-08-03,8004253,8003040,16,18,273
2023-08-03,8004253,8004253,32,37,431
2023-08-03,8004253,8079083,15,18,65
2023-08-03,8004312,8000272,35,40,64
2023-08-03,8004312,8000941,38,42,86
2023-08-03,8004312,8004312,70,82,56
2023-08-03,8004344,8002746,3,19,109
2023-08-03,8004392,8000875,34,41,100
2023-08-03,8004392,8004392,76,78,86
2023-08-03,8004392,8004555,35,37,65
2023-08-03,8004555,8004392,40,40,108
2023-08-03,8004555,8004555,68,77,84
2023-08-03,8004555,8005659,30,37,54
2023-08-03,8004909,8001990,10,20,54
2023-08-03,8004909,8003980,13,21,63
2023-08-03,8004909,8004909,31,41,91
2023-08-03,8005044,8005044,50,73,140
2023-08-03,8005044,8005332,25,38,120
2023-08-03,8005044,8005649,23,35,161
2023-08-03,8005241,8000175,2,2,60
2023-08-03,8005241,8005241,54,82,531
2023-08-03,8005241,8005243,18,22,115
2023-08-03,8005241,8005306,13,23,146
2023-08-03,8005241,8005332,1,3,110
2023-08-03,8005241,8005649,9,14,506
2023-08-03,8005243,8001302,22,38,81
2023-08-03,8005243,8005241,13,20,114
2023-08-03,8005243,8005243,50,76,98
2023-08-03,8005243,8005332,7,10,102
2023-08-03,8005246,8004004,15,21,89
2023-08-03,8005246,8005246,25,42,83
2023-08-03,8005246,8005812,13,21,100
2023-08-03,8005247,8000075,44,57,131
2023-08-03,8005247,8000175,15,17,528
2023-08-03,8005247,8001110,26,39,93
2023-08-03,8005247,8005247,83,113,172
2023-08-03,8005306,8005241,12,23,67
2023-08-03,8005306,8005306,27,50,182
2023-08-03,8005306,8005332,11,23,145
2023-08-03,8005306,8005649,1,1,90
2023-08-03,8005332,8005044,26,35,160
2023-08-03,8005332,8005241,4,5,312
2023-08-03,8005332,8005243,4,8,60
2023-08-03,8005332,8005306,11,23,69
2023-08-03,8005332,8005332,47,79,137
2023-08-03,8005332,8005649,4,4,60
2023-08-03,8005346,8000272,22,23,99
2023-08-03,8005346,8000378,22,22,134
2023-08-03,8005346,8005346,45,45,113
2023-08-03,8005562,8000075,7,19,73
2023-08-03,8005562,8002746,3,19,152
2023-08-03,8005562,8005562,10,38,117
2023-08-03,8005649,8000175,13,13,168
2023-08-03,8005649,8000319,32,41,391
2023-08-03,8005649,8002875,1,1,1200
2023-08-03,8005649,8003294,14,16,201
2023-08-03,8005649,8003759,9,9,410
2023-08-03,8005649,8005044,22,38,118
2023-08-03,8005649,8005241,14,14,2061
2023-08-03,8005649,8005306,3,3,1410
2023-08-03,8005649,8005332,2,2,555
2023-08-03,8005649,8005649,110,143,450
2023-08-03,8005659,8000154,12,17,221
2023-08-03,8005659,8000792,17,21,113
2023-08-03,8005659,8000875,17,19,651
2023-08-03,8005659,8004392,1,1,60
2023-08-03,8005659,8004555,37,40,90
2023-08-03,8005659,8005659,57,82,225
2023-08-03,8005659,8006170,0,1,0
2023-08-03,8005796,8001570,34,40,135
2023-08-03,8005796,8005796,46,78,92
2023-08-03,8005796,8005797,22,37,51
2023-08-03,8005797,8002117,27,37,68
2023-08-03,8005797,8005796,24,39,117
2023-08-03,8005797,8005797,41,76,93
2023-08-03,8006170,8000154,20,22,161
2023-08-03,8006170,8004199,21,25,102
2023-08-03,8006170,8005659,1,1,1200
2023-08-03,8006170,8006170,38,48,152
2023-08-03,8006392,8000272,25,40,84
2023-08-03,8006392,8000875,24,37,47
2023-08-03,8006392,8006392,53,77,68
2023-08-03,8006581,8001027,17,19,946
2023-08-03,8006581,8002625,17,17,1973
2023-08-03,8006581,8006581,34,36,1382
2023-08-03,8006627,8001470,8,20,66
2023-08-03,8006627,8003059,18,20,48
2023-08-03,8006627,8006627,22,40,50
2023-08-03,8007868,8000563,7,20,20
2023-08-03,8079083,8000154,14,18,62
2023-08-03,8079083,8004253,14,17,219
2023-08-03,8079083,8079083,29,35,172
2023-08-04,8000075,8000075,79,111,163
2023-08-04,8000075,8000840,21,38,65
2023-08-04,8000075,8003992,13,18,182
2023-08-04,8000075,8005247,43,56,204
2023-08-04,8000075,8005562,0,19,0
2023-08-04,8000154,8000154,38,71,112
2023-08-04,8000154,8004253,15,18,180
2023-08-04,8000154,8005659,13,17,146
2023-08-04,8000154,8006170,22,26,67
2023-08-04,8000154,8079083,14,18,155
2023-08-04,8000175,8000175,83,113,157
2023-08-04,8000175,8001110,23,39,55
2023-08-04,8000175,8001302,1,1,270
2023-08-04,8000175,8003796,30,37,131
2023-08-04,8000175,8005247,16,18,168
2023-08-04,8000175,8005649,14,14,364
2023-08-04,8000272,8000272,126,156,77
2023-08-04,8000272,8000875,12,18,53
2023-08-04,8000272,8003516,24,39,74
2023-08-04,8000272,8004312,14,42,29
2023-08-04,8000272,8005346,16,22,65
2023-08-04,8000272,8006392,28,37,63
2023-08-04,8000319,8000319,59,83,172
2023-08-04,8000319,8002625,14,20,166
2023-08-04,8000319,8003294,12,22,59
2023-08-04,8000319,8005649,27,41,243
2023-08-04,8000357,8000357,30,37,292
2023-08-04,8000357,8000371,15,20,190
2023-08-04,8000357,8001027,15,17,432
2023-08-04,8000371,8000357,15,17,436
2023-08-04,8000371,8000371,30,37,300
2023-08-04,8000371,8006680,15,20,224
2023-08-04,8000378,8000378,44,45,89
2023-08-04,8000378,8002238,21,22,91
2023-08-04,8000378,8005346,23,23,108
2023-08-04,8000563,8000563,32,40,58
2023-08-04,8000563,8001221,16,20,74
2023-08-04,8000563,8007868,18,20,99
2023-08-04,8000792,8000792,36,46,96
2023-08-04,8000792,8002929,14,21,97
2023-08-04,8000792,8005659,17,25,55
2023-08-04,8000840,8000075,32,38,138
2023-08-04,8000840,8000840,50,76,91
2023-08-04,8000840,8002083,17,37,58
2023-08-04,8000840,8003992,1,1,30
2023-08-04,8000875,8000272,18,20,195
2023-08-04,8000875,8000875,81,115,69
2023-08-04,8000875,8004392,12,37,30
2023-08-04,8000875,8005659,16,18,70
2023-08-04,8000875,8006392,17,40,38
2023-08-04,8000923,8004236,0,2,0
2023-08-04,8000926,8000926,27,44,78
2023-08-04,8000926,8003991,16,22,79
2023-08-04,8000926,8004004,14,22,95
2023-08-04,8000941,8000941,75,82,73
2023-08-04,8000941,8004312,23,40,40
2023-08-04,8001027,8000357,15,20,168
2023-08-04,8001027,8001027,30,37,301
2023-08-04,8001027,8006581,15,17,469
2023-08-04,8001110,8000175,27,39,108
2023-08-04,8001110,8001110,50,78,76
2023-08-04,8001110,8005247,21,39,54
2023-08-04,8001221,8000563,14,20,63
2023-08-04,8001221,8001221,30,40,74
2023-08-04,8001221,8001812,16,20,78
2023-08-04,8001302,8001302,44,76,85
2023-08-04,8001302,8003796,19,38,51
2023-08-04,8001302,8005243,27,38,120
2023-08-04,8001470,8001470,32,40,66
2023-08-04,8001470,8001812,18,20,78
2023-08-04,8001470,8006627,14,20,75
2023-08-04,8001570,8001570,0,77,0
2023-08-04,8001570,8003108,0,39,0
2023-08-04,8001570,8005796,0,37,0
2023-08-04,8001812,8001221,12,20,52
2023-08-04,8001812,8001470,10,20,46
2023-08-04,8001812,8001812,30,40,62
2023-08-04,8001990,8001990,38,41,81
2023-08-04,8001990,8004909,18,21,67
2023-08-04,8002083,8000840,22,37,105
2023-08-04,8002083,8002083,42,74,85
2023-08-04,8002083,8003992,17,37,63
2023-08-04,8002117,8005796,0,2,0
2023-08-04,8002117,8005797,0,39,0
2023-08-04,8002238,8000378,22,22,68
2023-08-04,8002238,8002238,66,84,72
2023-08-04,8002238,8003059,27,42,76
2023-08-04,8002238,8003980,19,20,94
2023-08-04,8002625,8000319,16,17,506
2023-08-04,8002625,8002625,31,37,322
2023-08-04,8002625,8006581,15,20,170
2023-08-04,8002746,8002746,4,38,3
2023-08-04,8002746,8004344,4,19,6
2023-08-04,8002746,8005562,0,19,0
2023-08-04,8002929,8000792,21,25,112
2023-08-04,8002929,8002929,34,46,112
2023-08-04,8002929,8004199,16,21,119
2023-08-04,8003059,8002238,26,42,59
2023-08-04,8003059,8003059,34,40,80
2023-08-04,8003059,8006627,14,20,68
2023-08-04,8003108,8001570,0,37,0
2023-08-04,8003108,8003108,0,76,0
2023-08-04,8003294,8000319,16,24,55
2023-08-04,8003294,8003294,50,77,63
2023-08-04,8003294,8003684,26,38,77
2023-08-04,8003294,8005649,13,15,84
2023-08-04,8003516,8000272,31,36,38
2023-08-04,8003684,8001200,15,17,122
2023-08-04,8003684,8003294,24,39,46
2023-08-04,8003684,8003684,47,77,57
2023-08-04,8003796,8000175,15,38,46
2023-08-04,8003796,8001302,24,37,115
2023-08-04,8003796,8003796,47,75,87
2023-08-04,8003980,8000378,1,1,180
2023-08-04,8003980,8002238,11,20,58
2023-08-04,8003980,8003980,32,41,72
2023-08-04,8003980,8004909,15,20,78
2023-08-04,8003991,8000926,12,22,90
2023-08-04,8003991,8003991,28,44,84
2023-08-04,8003991,8003992,12,22,61
2023-08-04,8003992,8000075,17,17,484
2023-08-04,8003992,8000840,1,1,90
2023-08-04,8003992,8002083,21,37,100
2023-08-04,8003992,8003991,14,22,93
2023-08-04,8003992,8003992,61,78,201
2023-08-04,8003992,8004004,17,18,230
2023-08-04,8004004,8000926,8,22,42
2023-08-04,8004004,8003992,18,18,462
2023-08-04,8004004,8004004,55,80,189
2023-08-04,8004004,8005245,13,18,205
2023-08-04,8004004,8005246,13,22,80
2023-08-04,8004199,8002929,21,25,103
2023-08-04,8004199,8004199,37,46,113
2023-08-04,8004199,8006170,16,21,141
2023-08-04,8004236,8004236,1,2,15
2023-08-04,8004236,8004748,5,18,8
2023-08-04,8004253,8000154,14,18,158
2023-08-04,8004253,8002995,2,2,225
2023-08-04,8004253,8003040,14,18,172
2023-08-04,8004253,8004253,29,37,166
2023-08-04,8004253,8079083,15,19,55
2023-08-04,8004312,8000272,37,40,73
2023-08-04,8004312,8000941,37,42,76
2023-08-04,8004312,8004312,70,82,52
2023-08-04,8004344,8002746,0,19,0
2023-08-04,8004392,8000875,23,41,43
2023-08-04,8004392,8004392,72,78,55
2023-08-04,8004392,8004555,33,37,58
2023-08-04,8004555,8004392,38,40,62
2023-08-04,8004555,8004555,57,77,56
2023-08-04,8004555,8005659,26,37,45
2023-08-04,8004909,8001990,17,20,92
2023-08-04,8004909,8003980,15,21,49
2023-08-04,8004909,8004909,37,41,75
2023-08-04,8005044,8005044,54,74,80
2023-08-04,8005044,8005332,30,38,88
2023-08-04,8005044,8005649,20,36,62
2023-08-04,8005241,8000175,2,2,300
2023-08-04,8005241,8005241,60,83,171
2023-08-04,8005241,8005243,20,22,85
2023-08-04,8005241,8005306,15,24,65
2023-08-04,8005241,8005332,3,3,70
2023-08-04,8005241,8005649,8,14,96
2023-08-04,8005243,8001302,17,38,47
2023-08-04,8005243,8005241,13,20,80
2023-08-04,8005243,8005243,48,76,84
2023-08-04,8005243,8005332,8,10,108
2023-08-04,8005246,8004004,11,22,60
2023-08-04,8005246,8005246,22,43,60
2023-08-04,8005246,8005812,11,21,83
2023-08-04,8005247,8000075,34,57,98
2023-08-04,8005247,8000175,16,17,439
2023-08-04,8005247,8001110,27,39,102
2023-08-04,8005247,8005247,79,113,147
2023-08-04,8005306,8005241,12,23,51
2023-08-04,8005306,8005306,32,51,59
2023-08-04,8005306,8005332,16,24,68
2023-08-04,8005306,8005649,0,1,0
2023-08-04,8005332,8005044,24,36,67
2023-08-04,8005332,8005241,4,5,354
2023-08-04,8005332,8005243,7,8,52
2023-08-04,8005332,8005306,14,23,59
2023-08-04,8005332,8005332,56,80,87
2023-08-04,8005332,8005649,4,4,60
2023-08-04,8005346,8000272,19,23,85
2023-08-04,8005346,8000378,19,22,86
2023-08-04,8005346,8005346,42,45,93
2023-08-04,8005562,8000075,3,19,9
2023-08-04,8005562,8002746,0,19,0
2023-08-04,8005562,8005562,3,38,2
2023-08-04,8005649,8000175,13,13,168
2023-08-04,8005649,8000319,31,42,103
2023-08-04,8005649,8002875,1,1,1260
2023-08-04,8005649,8003294,10,16,73
2023-08-04,8005649,8003759,8,9,233
2023-08-04,8005649,8005044,27,38,94
2023-08-04,8005649,8005241,13,14,538
2023-08-04,8005649,8005306,3,3,110
2023-08-04,8005649,8005332,2,2,720
2023-08-04,8005649,8005649,106,144,165
2023-08-04,8005659,8000154,9,17,115
2023-08-04,8005659,8000792,15,21,86
2023-08-04,8005659,8000875,17,19,161
2023-08-04,8005659,8004392,1,1,90
2023-08-04,8005659,8004555,28,40,47
2023-08-04,8005659,8005659,38,82,70
2023-08-04,8005659,8006170,1,1,90
2023-08-04,8005796,8001570,0,40,0
2023-08-04,8005796,8005796,0,78,0
2023-08-04,8005796,8005797,0,37,0
2023-08-04,8005797,8002117,0,37,0
2023-08-04,8005797,8005796,0,39,0
2023-08-04,8005797,8005797,0,76,0
2023-08-04,8006170,8000154,15,22,108
2023-08-04,8006170,8004199,21,25,97
2023-08-04,8006170,8005659,1,1,30
2023-08-04,8006170,8006170,37,48,112
2023-08-04,8006392,8000272,21,40,44
2023-08-04,8006392,8000875,22,37,39
2023-08-04,8006392,8006392,48,77,43
2023-08-04,8006581,8001027,15,20,182
2023-08-04,8006581,8002625,16,17,478
2023-08-04,8006581,8006581,31,37,321
2023-08-04,8006627,8001470,12,20,62
2023-08-04,8006627,8003059,19,20,72
2023-08-04,8006627,8006627,28,40,59
2023-08-04,8007868,8000563,5,20,18
2023-08-04,8079083,8000154,15,19,49
2023-08-04,8079083,8004253,15,18,158
2023-08-04,8079083,8079083,29,37,140
2023-08-05,8000075,8000075,69,80,210
2023-08-05,8000075,8000840,20,22,120
2023-08-05,8000075,8003992,15,17,162
2023-08-05,8000075,8005247,30,41,263
2023-08-05,8000075,8005562,5,17,14
2023-08-05,8000154,8000154,45,69,90
2023-08-05,8000154,8004253,16,18,172
2023-08-05,8000154,8005659,12,17,134
2023-08-05,8000154,8006170,19,23,50
2023-08-05,8000154,8079083,15,18,177
2023-08-05,8000175,8000175,67,80,208
2023-08-05,8000175,8001110,18,22,90
2023-08-05,8000175,8003796,22,24,180
2023-08-05,8000175,8005247,15,17,154
2023-08-05,8000175,8005649,12,13,471
2023-08-05,8000272,8000272,117,145,75
2023-08-05,8000272,8000875,13,18,113
2023-08-05,8000272,8003516,23,36,58
2023-08-05,8000272,8004312,10,36,17
2023-08-05,8000272,8005346,15,20,63
2023-08-05,8000272,8006392,31,33,71
2023-08-05,8000319,8000319,55,77,106
2023-08-05,8000319,8002625,12,17,99
2023-08-05,8000319,8003294,11,21,110
2023-08-05,8000319,8005649,20,39,100
2023-08-05,8000357,8000357,30,32,150
2023-08-05,8000357,8000371,16,17,176
2023-08-05,8000357,8001027,14,15,144
2023-08-05,8000371,8000357,14,15,144
2023-08-05,8000371,8000371,30,32,154
2023-08-05,8000371,8006680,16,17,191
2023-08-05,8000378,8000378,41,41,83
2023-08-05,8000378,8002238,19,20,82
2023-08-05,8000378,8005346,21,21,96
2023-08-05,8000563,8000563,29,37,87
2023-08-05,8000563,8001221,18,19,137
2023-08-05,8000563,8007868,15,18,75
2023-08-05,8000792,8000792,34,41,80
2023-08-05,8000792,8002929,15,19,79
2023-08-05,8000792,8005659,18,22,57
2023-08-05,8000840,8000075,19,23,155
2023-08-05,8000840,8000840,37,45,128
2023-08-05,8000840,8002083,18,22,110
2023-08-05,8000875,8000272,17,18,207
2023-08-05,8000875,8000875,81,106,85
2023-08-05,8000875,8004392,11,33,30
2023-08-05,8000875,8005659,14,18,127
2023-08-05,8000875,8006392,18,37,53
2023-08-05,8000923,8004236,0,2,0
2023-08-05,8000926,8000926,25,39,102
2023-08-05,8000926,8003991,13,20,108
2023-08-05,8000926,8004004,15,19,98
2023-08-05,8000941,8000941,59,70,57
2023-08-05,8000941,8004312,17,34,36
2023-08-05,8001027,8000357,15,17,152
2023-08-05,8001027,8001027,29,32,149
2023-08-05,8001027,8006581,14,15,142
2023-08-05,8001110,8000175,17,24,139
2023-08-05,8001110,8001110,35,46,115
2023-08-05,8001110,8005247,16,22,97
2023-08-05,8001221,8000563,15,18,63
2023-08-05,8001221,8001221,33,37,101
2023-08-05,8001221,8001812,16,19,126
2023-08-05,8001302,8001302,32,46,115
2023-08-05,8001302,8003796,14,22,76
2023-08-05,8001302,8005243,19,24,150
2023-08-05,8001470,8001470,26,37,82
2023-08-05,8001470,8001812,13,18,67
2023-08-05,8001470,8006627,13,19,117
2023-08-05,8001570,8001570,39,70,119
2023-08-05,8001570,8003108,12,37,178
2023-08-05,8001570,8005796,24,33,51
2023-08-05,8001812,8001221,8,18,35
2023-08-05,8001812,8001470,11,19,95
2023-08-05,8001812,8001812,25,37,80
2023-08-05,8001990,8001990,33,38,75
2023-08-05,8001990,8004909,18,19,82
2023-08-05,8002083,8000840,12,23,119
2023-08-05,8002083,8002083,34,45,124
2023-08-05,8002083,8003992,20,22,121
2023-08-05,8002117,8005796,0,1,0
2023-08-05,8002117,8005797,17,37,17
2023-08-05,8002238,8000378,20,20,74
2023-08-05,8002238,8002238,64,77,60
2023-08-05,8002238,8003059,25,38,59
2023-08-05,8002238,8003980,17,19,57
2023-08-05,8002625,8000319,14,15,170
2023-08-05,8002625,8002625,27,32,143
2023-08-05,8002625,8006581,13,17,116
2023-08-05,8002746,8002746,9,34,12
2023-08-05,8002746,8004344,8,17,26
2023-08-05,8002746,8005562,2,17,5
2023-08-05,8002929,8000792,19,22,104
2023-08-05,8002929,8002929,33,41,97
2023-08-05,8002929,8004199,15,19,88
2023-08-05,8003059,8002238,25,39,48
2023-08-05,8003059,8003059,29,37,56
2023-08-05,8003059,8006627,10,18,47
2023-08-05,8003108,8001570,11,33,27
2023-08-05,8003108,8003108,42,70,121
2023-08-05,8003294,8000319,15,24,51
2023-08-05,8003294,8003294,44,76,70
2023-08-05,8003294,8003684,23,37,99
2023-08-05,8003294,8005649,12,15,88
2023-08-05,8003516,8000272,32,33,39
2023-08-05,8003684,8001200,12,17,90
2023-08-05,8003684,8003294,24,39,45
2023-08-05,8003684,8003684,40,76,65
2023-08-05,8003796,8000175,13,22,74
2023-08-05,8003796,8001302,18,24,148
2023-08-05,8003796,8003796,35,46,122
2023-08-05,8003980,8000378,1,1,90
2023-08-05,8003980,8002238,13,18,57
2023-08-05,8003980,8003980,34,38,62
2023-08-05,8003980,8004909,15,19,60
2023-08-05,8003991,8000926,14,19,88
2023-08-05,8003991,8003991,30,39,105
2023-08-05,8003991,8003992,11,20,100
2023-08-05,8003992,8000075,16,17,517
2023-08-05,8003992,8002083,13,23,116
2023-08-05,8003992,8003991,15,19,104
2023-08-05,8003992,8003992,59,72,223
2023-08-05,8003992,8004004,15,17,192
2023-08-05,8004004,8000926,9,20,81
2023-08-05,8004004,8003992,17,17,508
2023-08-05,8004004,8004004,49,73,203
2023-08-05,8004004,8005245,14,17,173
2023-08-05,8004004,8005246,11,19,76
2023-08-05,8004199,8002929,18,22,86
2023-08-05,8004199,8004199,33,41,86
2023-08-05,8004199,8006170,15,19,106
2023-08-05,8004236,8004236,0,2,0
2023-08-05,8004236,8004748,3,16,9
2023-08-05,8004253,8000154,12,18,145
2023-08-05,8004253,8002995,1,1,90
2023-08-05,8004253,8003040,14,18,148
2023-08-05,8004253,8004253,27,36,150
2023-08-05,8004253,8079083,15,18,53
2023-08-05,8004312,8000272,25,34,53
2023-08-05,8004312,8000941,26,36,52
2023-08-05,8004312,8004312,49,70,39
2023-08-05,8004344,8002746,1,17,4
2023-08-05,8004392,8000875,29,37,65
2023-08-05,8004392,8004392,65,70,66
2023-08-05,8004392,8004555,30,33,65
2023-08-05,8004555,8004392,36,37,81
2023-08-05,8004555,8004555,63,70,75
2023-08-05,8004555,8005659,28,33,59
2023-08-05,8004909,8001990,14,19,62
2023-08-05,8004909,8003980,14,19,60
2023-08-05,8004909,8004909,36,38,70
2023-08-05,8005044,8005044,47,72,106
2023-08-05,8005044,8005332,26,38,114
2023-08-05,8005044,8005649,16,34,88
2023-08-05,8005241,8005241,52,76,106
2023-08-05,8005241,8005243,17,21,93
2023-08-05,8005241,8005306,16,22,123
2023-08-05,8005241,8005332,3,3,150
2023-08-05,8005241,8005649,7,12,35
2023-08-05,8005243,8001302,13,22,71
2023-08-05,8005243,8005241,15,20,141
2023-08-05,8005243,8005243,36,46,118
2023-08-05,8005246,8004004,12,20,93
2023-08-05,8005246,8005246,21,38,81
2023-08-05,8005246,8005812,14,19,90
2023-08-05,8005247,8000075,35,39,132
2023-08-05,8005247,8000175,16,17,457
2023-08-05,8005247,8001110,18,24,124
2023-08-05,8005247,8005247,60,80,191
2023-08-05,8005306,8005241,10,23,61
2023-08-05,8005306,8005306,25,49,99
2023-08-05,8005306,8005332,13,22,110
2023-08-05,8005306,8005649,0,1,0
2023-08-05,8005332,8000175,1,1,30
2023-08-05,8005332,8005044,24,34,101
2023-08-05,8005332,8005241,5,5,156
2023-08-05,8005332,8005306,8,23,64
2023-08-05,8005332,8005332,50,78,98
2023-08-05,8005332,8005649,4,4,75
2023-08-05,8005346,8000272,17,21,61
2023-08-05,8005346,8000378,18,20,82
2023-08-05,8005346,8005346,38,41,83
2023-08-05,8005562,8000075,6,17,25
2023-08-05,8005562,8002746,3,17,11
2023-08-05,8005562,8005562,11,34,17
2023-08-05,8005649,8000175,12,13,168
2023-08-05,8005649,8000319,29,38,117
2023-08-05,8005649,8002875,1,1,60
2023-08-05,8005649,8003294,11,16,73
2023-08-05,8005649,8003759,10,10,426
2023-08-05,8005649,8005044,26,38,116
2023-08-05,8005649,8005241,10,11,161
2023-08-05,8005649,8005306,3,3,320
2023-08-05,8005649,8005332,2,2,30
2023-08-05,8005649,8005649,100,135,139
2023-08-05,8005659,8000154,12,17,131
2023-08-05,8005659,8000792,15,19,51
2023-08-05,8005659,8000875,15,18,152
2023-08-05,8005659,8004555,32,37,62
2023-08-05,8005659,8005659,44,77,78
2023-08-05,8005659,8006170,1,1,30
2023-08-05,8005796,8001570,22,37,193
2023-08-05,8005796,8005796,35,71,113
2023-08-05,8005796,8005797,9,33,27
2023-08-05,8005797,8002117,17,33,61
2023-08-05,8005797,8005796,7,37,174
2023-08-05,8005797,8005797,37,70,74
2023-08-05,8006170,8000154,17,20,70
2023-08-05,8006170,8004199,19,22,70
2023-08-05,8006170,8005659,0,1,0
2023-08-05,8006170,8006170,34,43,82
2023-08-05,8006392,8000272,21,37,57
2023-08-05,8006392,8000875,18,33,38
2023-08-05,8006392,8006392,52,70,52
2023-08-05,8006581,8001027,16,17,166
2023-08-05,8006581,8002625,14,15,158
2023-08-05,8006581,8006581,31,32,149
2023-08-05,8006627,8001470,10,18,47
2023-08-05,8006627,8003059,16,19,38
2023-08-05,8006627,8006627,22,37,50
2023-08-05,8007868,8000563,4,19,92
2023-08-05,8079083,8000154,16,18,52
2023-08-05,8079083,8004253,14,18,173
2023-08-05,8079083,8079083,29,36,202
2023-08-06,8000075,8000075,63,76,139
2023-08-06,8000075,8000840,15,21,70
2023-08-06,8000075,8003992,15,17,83
2023-08-06,8000075,8005247,25,37,188
2023-08-06,8000075,8005562,1,13,37
2023-08-06,8000154,8000154,38,64,122
2023-08-06,8000154,8004253,14,18,278
2023-08-06,8000154,8005659,7,17,94
2023-08-06,8000154,8006170,17,18,53
2023-08-06,8000154,8079083,13,15,120
2023-08-06,8000175,8000175,52,76,135
2023-08-06,8000175,8001110,13,22,56
2023-08-06,8000175,8003796,12,19,99
2023-08-06,8000175,8005247,17,17,92
2023-08-06,8000175,8005649,13,14,358
2023-08-06,8000272,8000272,80,99,120
2023-08-06,8000272,8000875,12,18,220
2023-08-06,8000272,8003516,14,18,98
2023-08-06,8000272,8004312,15,29,94
2023-08-06,8000272,8005346,12,14,92
2023-08-06,8000272,8006392,16,18,67
2023-08-06,8000319,8000319,50,69,144
2023-08-06,8000319,8002625,15,15,212
2023-08-06,8000319,8003294,5,19,49
2023-08-06,8000319,8005649,23,35,167
2023-08-06,8000357,8000357,24,29,249
2023-08-06,8000357,8000371,14,15,218
2023-08-06,8000357,8001027,11,14,304
2023-08-06,8000371,8000357,10,14,306
2023-08-06,8000371,8000371,24,29,253
2023-08-06,8000371,8006680,14,15,232
2023-08-06,8000378,8000378,29,29,150
2023-08-06,8000378,8002238,14,14,141
2023-08-06,8000378,8005346,15,15,180
2023-08-06,8000563,8000563,17,26,72
2023-08-06,8000563,8001221,11,13,58
2023-08-06,8000563,8007868,6,13,102
2023-08-06,8000792,8000792,28,35,90
2023-08-06,8000792,8002929,13,17,99
2023-08-06,8000792,8005659,15,18,53
2023-08-06,8000840,8000075,18,20,108
2023-08-06,8000840,8000840,24,41,72
2023-08-06,8000840,8002083,12,21,59
2023-08-06,8000875,8000272,12,17,131
2023-08-06,8000875,8000875,53,72,115
2023-08-06,8000875,8004392,6,18,28
2023-08-06,8000875,8005659,16,18,243
2023-08-06,8000875,8006392,10,19,65
2023-08-06,8000926,8000926,14,36,43
2023-08-06,8000926,8003991,12,18,63
2023-08-06,8000926,8004004,7,18,37
2023-08-06,8000941,8000941,49,58,110
2023-08-06,8000941,8004312,18,29,67
2023-08-06,8001027,8000357,14,15,200
2023-08-06,8001027,8001027,25,29,251
2023-08-06,8001027,8006581,10,14,302
2023-08-06,8001110,8000175,8,20,82
2023-08-06,8001110,8001110,21,42,68
2023-08-06,8001110,8005247,14,22,59
2023-08-06,8001221,8000563,8,13,102
2023-08-06,8001221,8001221,20,26,84
2023-08-06,8001221,8001812,10,13,46
2023-08-06,8001302,8001302,17,41,68
2023-08-06,8001302,8003796,10,22,55
2023-08-06,8001302,8005243,6,19,81
2023-08-06,8001470,8001470,18,26,80
2023-08-06,8001470,8001812,10,13,134
2023-08-06,8001470,8006627,9,13,44
2023-08-06,8001570,8001570,26,37,42
2023-08-06,8001570,8003108,10,19,41
2023-08-06,8001570,8005796,13,18,43
2023-08-06,8001812,8001221,4,13,106
2023-08-06,8001812,8001470,4,13,14
2023-08-06,8001812,8001812,13,26,72
2023-08-06,8001990,8001990,23,27,122
2023-08-06,8001990,8004909,13,14,139
2023-08-06,8002083,8000840,6,19,69
2023-08-06,8002083,8002083,23,40,74
2023-08-06,8002083,8003992,14,21,69
2023-08-06,8002117,8005797,6,19,25
2023-08-06,8002238,8000378,14,14,129
2023-08-06,8002238,8002238,44,54,105
2023-08-06,8002238,8003059,18,27,119
2023-08-06,8002238,8003980,13,13,118
2023-08-06,8002625,8000319,14,14,349
2023-08-06,8002625,8002625,29,29,290
2023-08-06,8002625,8006581,15,15,222
2023-08-06,8002746,8002746,9,26,44
2023-08-06,8002746,8004344,6,13,51
2023-08-06,8002746,8005562,2,13,30
2023-08-06,8002929,8000792,16,18,102
2023-08-06,8002929,8002929,29,35,105
2023-08-06,8002929,8004199,14,17,115
2023-08-06,8003059,8002238,16,27,50
2023-08-06,8003059,8003059,18,26,91
2023-08-06,8003059,8006627,5,13,129
2023-08-06,8003108,8001570,7,18,20
2023-08-06,8003108,8003108,27,37,49
2023-08-06,8003294,8000319,15,21,46
2023-08-06,8003294,8003294,36,71,54
2023-08-06,8003294,8003684,18,35,65
2023-08-06,8003294,8005649,7,15,50
2023-08-06,8003516,8000272,17,18,37
2023-08-06,8003684,8001200,14,17,83
2023-08-06,8003684,8003294,20,36,45
2023-08-06,8003684,8003684,39,71,52
2023-08-06,8003796,8000175,8,22,42
2023-08-06,8003796,8001302,6,19,81
2023-08-06,8003796,8003796,22,41,70
2023-08-06,8003980,8000378,1,1,120
2023-08-06,8003980,8002238,8,13,138
2023-08-06,8003980,8003980,25,27,117
2023-08-06,8003980,8004909,9,13,92
2023-08-06,8003991,8000926,7,18,40
2023-08-06,8003991,8003991,21,36,56
2023-08-06,8003991,8003992,8,18,58
2023-08-06,8003992,8000075,17,17,369
2023-08-06,8003992,8000840,1,1,60
2023-08-06,8003992,8002083,9,19,77
2023-08-06,8003992,8003991,6,18,38
2023-08-06,8003992,8003992,50,71,142
2023-08-06,8003992,8004004,17,17,115
2023-08-06,8004004,8000926,3,18,38
2023-08-06,8004004,8003992,18,18,335
2023-08-06,8004004,8004004,44,71,124
2023-08-06,8004004,8005245,15,17,79
2023-08-06,8004004,8005246,5,18,27
2023-08-06,8004199,8002929,16,18,87
2023-08-06,8004199,8004199,30,35,104
2023-08-06,8004199,8006170,14,17,136
2023-08-06,8004236,8004748,2,14,11
2023-08-06,8004253,8000154,9,17,108
2023-08-06,8004253,8002995,0,5,0
2023-08-06,8004253,8003040,12,18,240
2023-08-06,8004253,8004253,20,35,189
2023-08-06,8004253,8079083,14,15,50
2023-08-06,8004312,8000272,25,29,99
2023-08-06,8004312,8000941,25,29,136
2023-08-06,8004312,8004312,47,58,99
2023-08-06,8004344,8002746,3,13,46
2023-08-06,8004392,8000875,11,19,74
2023-08-06,8004392,8004392,36,37,73
2023-08-06,8004392,8004555,17,18,65
2023-08-06,8004555,8004392,19,19,93
2023-08-06,8004555,8004555,37,37,86
2023-08-06,8004555,8005659,18,18,50
2023-08-06,8004909,8001990,9,13,92
2023-08-06,8004909,8003980,11,14,116
2023-08-06,8004909,8004909,24,27,116
2023-08-06,8005044,8005044,37,67,63
2023-08-06,8005044,8005332,22,36,58
2023-08-06,8005044,8005649,10,31,59
2023-08-06,8005241,8005241,46,69,137
2023-08-06,8005241,8005243,16,18,75
2023-08-06,8005241,8005306,6,19,55
2023-08-06,8005241,8005332,2,3,150
2023-08-06,8005241,8005649,9,12,168
2023-08-06,8005243,8001302,11,22,57
2023-08-06,8005243,8005241,7,17,69
2023-08-06,8005243,8005243,22,41,72
2023-08-06,8005246,8004004,7,18,52
2023-08-06,8005246,8005246,9,35,33
2023-08-06,8005246,8005812,5,18,28
2023-08-06,8005247,8000075,35,39,76
2023-08-06,8005247,8000175,14,17,300
2023-08-06,8005247,8001110,8,20,81
2023-08-06,8005247,8005247,52,76,123
2023-08-06,8005306,8005241,8,21,36
2023-08-06,8005306,8005306,15,44,50
2023-08-06,8005306,8005332,5,19,52
2023-08-06,8005306,8005649,0,1,0
2023-08-06,8005332,8005044,15,31,70
2023-08-06,8005332,8005241,2,3,110
2023-08-06,8005332,8005306,10,21,43
2023-08-06,8005332,8005332,36,71,57
2023-08-06,8005332,8005649,4,4,75
2023-08-06,8005346,8000272,14,15,148
2023-08-06,8005346,8000378,12,14,133
2023-08-06,8005346,8005346,27,29,148
2023-08-06,8005562,8000075,8,13,141
2023-08-06,8005562,8002746,1,13,32
2023-08-06,8005562,8005562,9,26,61
2023-08-06,8005649,8000175,10,11,93
2023-08-06,8005649,8000319,23,34,130
2023-08-06,8005649,8001200,1,1,30
2023-08-06,8005649,8002875,1,1,30
2023-08-06,8005649,8003294,11,16,71
2023-08-06,8005649,8003759,10,10,519
2023-08-06,8005649,8005044,22,36,62
2023-08-06,8005649,8005241,8,11,390
2023-08-06,8005649,8005306,2,3,140
2023-08-06,8005649,8005649,88,126,140
2023-08-06,8005659,8000154,9,17,245
2023-08-06,8005659,8000792,13,17,72
2023-08-06,8005659,8000875,10,17,97
2023-08-06,8005659,8004555,18,19,88
2023-08-06,8005659,8005659,29,70,98
2023-08-06,8005659,8006170,1,1,30
2023-08-06,8005796,8001570,13,19,58
2023-08-06,8005796,8005796,22,37,40
2023-08-06,8005796,8005797,7,18,28
2023-08-06,8005797,8002117,13,18,80
2023-08-06,8005797,8005796,7,19,33
2023-08-06,8005797,8005797,22,37,42
2023-08-06,8006170,8000154,16,18,87
2023-08-06,8006170,8004199,17,18,70
2023-08-06,8006170,8006170,32,36,95
2023-08-06,8006392,8000272,10,19,73
2023-08-06,8006392,8000875,12,18,37
2023-08-06,8006392,8006392,26,37,56
2023-08-06,8006581,8001027,14,15,212
2023-08-06,8006581,8002625,14,14,345
2023-08-06,8006581,8006581,28,29,275
2023-08-06,8006627,8001470,6,13,125
2023-08-06,8006627,8003059,13,13,42
2023-08-06,8006627,8006627,16,26,77
2023-08-06,8007868,8000563,2,13,39
2023-08-06,8079083,8000154,14,15,48
2023-08-06,8079083,8004253,13,15,114
2023-08-06,8079083,8079083,27,30,129
2023-08-07,8000075,8000075,78,111,142
2023-08-07,8000075,8000840,23,38,133
2023-08-07,8000075,8003992,11,18,152
2023-08-07,8000075,8005247,40,56,138
2023-08-07,8000075,8005562,5,19,19
2023-08-07,8000154,8000154,36,70,45
2023-08-07,8000154,8004253,14,18,57
2023-08-07,8000154,8005659,9,17,90
2023-08-07,8000154,8006170,22,26,45
2023-08-07,8000154,8079083,15,17,72
2023-08-07,8000175,8000175,82,113,125
2023-08-07,8000175,8001110,28,39,111
2023-08-07,8000175,8001302,1,1,150
2023-08-07,8000175,8003796,30,37,96
2023-08-07,8000175,8005247,15,18,112
2023-08-07,8000175,8005649,14,14,165
2023-08-07,8000272,8000272,124,156,56
2023-08-07,8000272,8000875,12,18,32
2023-08-07,8000272,8003516,30,39,45
2023-08-07,8000272,8004312,9,42,20
2023-08-07,8000272,8005346,14,22,40
2023-08-07,8000272,8006392,32,37,57
2023-08-07,8000319,8000319,61,82,94
2023-08-07,8000319,8002625,16,19,99
2023-08-07,8000319,8003294,12,22,57
2023-08-07,8000319,8005649,28,41,101
2023-08-07,8000357,8000357,34,36,142
2023-08-07,8000357,8000371,18,19,155
2023-08-07,8000357,8001027,17,17,139
2023-08-07,8000371,8000357,16,17,145
2023-08-07,8000371,8000371,34,36,142
2023-08-07,8000371,8006680,18,19,175
2023-08-07,8000378,8000378,38,45,58
2023-08-07,8000378,8002238,17,22,48
2023-08-07,8000378,8005346,20,23,74
2023-08-07,8000563,8000563,28,40,45
2023-08-07,8000563,8001221,15,20,64
2023-08-07,8000563,8007868,17,20,74
2023-08-07,8000792,8000792,35,46,55
2023-08-07,8000792,8002929,13,21,49
2023-08-07,8000792,8005659,18,25,34
2023-08-07,8000840,8000075,30,38,103
2023-08-07,8000840,8000840,50,76,109
2023-08-07,8000840,8002083,20,37,124
2023-08-07,8000840,8003992,1,1,90
2023-08-07,8000875,8000272,18,20,142
2023-08-07,8000875,8000875,88,115,53
2023-08-07,8000875,8004392,8,37,15
2023-08-07,8000875,8005659,16,18,47
2023-08-07,8000875,8006392,20,40,39
2023-08-07,8000923,8004236,0,2,0
2023-08-07,8000926,8000926,31,43,140
2023-08-07,8000926,8003991,16,21,93
2023-08-07,8000926,8004004,18,22,215
2023-08-07,8000941,8000941,62,82,48
2023-08-07,8000941,8004312,10,40,16
2023-08-07,8001027,8000357,18,19,144
2023-08-07,8001027,8001027,35,36,140
2023-08-07,8001027,8006581,15,17,129
2023-08-07,8001110,8000175,26,39,79
2023-08-07,8001110,8001110,50,78,92
2023-08-07,8001110,8005247,22,39,107
2023-08-07,8001221,8000563,17,20,52
2023-08-07,8001221,8001221,33,40,63
2023-08-07,8001221,8001812,12,20,62
2023-08-07,8001302,8001302,49,76,95
2023-08-07,8001302,8003796,23,38,107
2023-08-07,8001302,8005243,27,38,82
2023-08-07,8001470,8001470,31,40,62
2023-08-07,8001470,8001812,18,20,92
2023-08-07,8001470,8006627,13,20,60
2023-08-07,8001570,8001570,50,77,52
2023-08-07,8001570,8003108,12,39,45
2023-08-07,8001570,8005796,28,37,65
2023-08-07,8001812,8001221,8,20,45
2023-08-07,8001812,8001470,10,20,36
2023-08-07,8001812,8001812,27,40,57
2023-08-07,8001990,8001990,36,41,80
2023-08-07,8001990,8004909,15,21,77
2023-08-07,8002083,8000840,18,37,75
2023-08-07,8002083,8002083,40,74,103
2023-08-07,8002083,8003992,20,37,123
2023-08-07,8002117,8005796,0,2,0
2023-08-07,8002117,8005797,12,39,25
2023-08-07,8002238,8000378,18,22,49
2023-08-07,8002238,8002238,63,84,52
2023-08-07,8002238,8003059,25,42,49
2023-08-07,8002238,8003980,19,20,68
2023-08-07,8002625,8000319,16,17,152
2023-08-07,8002625,8002625,33,36,135
2023-08-07,8002625,8006581,17,19,117
2023-08-07,8002746,8002746,6,38,26
2023-08-07,8002746,8004344,4,19,55
2023-08-07,8002746,8005562,2,19,21
2023-08-07,8002929,8000792,20,25,76
2023-08-07,8002929,8002929,34,46,68
2023-08-07,8002929,8004199,16,21,63
2023-08-07,8003059,8002238,24,42,52
2023-08-07,8003059,8003059,31,40,73
2023-08-07,8003059,8006627,11,20,62
2023-08-07,8003108,8001570,13,37,29
2023-08-07,8003108,8003108,59,76,60
2023-08-07,8003294,8000319,13,24,66
2023-08-07,8003294,8003294,48,77,68
2023-08-07,8003294,8003684,24,38,56
2023-08-07,8003294,8005649,15,15,114
2023-08-07,8003516,8000272,32,36,32
2023-08-07,8003684,8001200,14,17,58
2023-08-07,8003684,8003294,23,39,81
2023-08-07,8003684,8003684,46,77,65
2023-08-07,8003796,8000175,19,38,95
2023-08-07,8003796,8001302,24,37,78
2023-08-07,8003796,8003796,51,75,94
2023-08-07,8003980,8000378,1,1,300
2023-08-07,8003980,8002238,7,20,46
2023-08-07,8003980,8003980,28,41,65
2023-08-07,8003980,8004909,19,20,78
2023-08-07,8003991,8000926,17,22,185
2023-08-07,8003991,8003991,33,43,137
2023-08-07,8003991,8003992,13,21,79
2023-08-07,8003992,8000075,17,17,323
2023-08-07,8003992,8000840,1,1,60
2023-08-07,8003992,8002083,19,37,75
2023-08-07,8003992,8003991,17,22,195
2023-08-07,8003992,8003992,62,78,188
2023-08-07,8003992,8004004,15,18,188
2023-08-07,8004004,8000926,6,21,34
2023-08-07,8004004,8003992,18,18,298
2023-08-07,8004004,8004004,57,79,180
2023-08-07,8004004,8005245,14,18,183
2023-08-07,8004004,8005246,18,22,211
2023-08-07,8004199,8002929,21,25,68
2023-08-07,8004199,8004199,38,46,74
2023-08-07,8004199,8006170,17,21,77
2023-08-07,8004236,8004236,0,2,0
2023-08-07,8004236,8004748,3,18,12
2023-08-07,8004253,8000154,9,18,102
2023-08-07,8004253,8002995,2,2,30
2023-08-07,8004253,8003040,16,18,43
2023-08-07,8004253,8004253,25,37,76
2023-08-07,8004253,8079083,15,18,42
2023-08-07,8004312,8000272,31,40,46
2023-08-07,8004312,8000941,30,42,56
2023-08-07,8004312,8004312,52,82,33
2023-08-07,8004344,8002746,2,19,33
2023-08-07,8004392,8000875,23,41,45
2023-08-07,8004392,8004392,68,78,50
2023-08-07,8004392,8004555,30,37,49
2023-08-07,8004555,8004392,37,40,65
2023-08-07,8004555,8004555,64,77,56
2023-08-07,8004555,8005659,28,37,40
2023-08-07,8004909,8001990,16,20,75
2023-08-07,8004909,8003980,8,21,53
2023-08-07,8004909,8004909,35,41,73
2023-08-07,8005044,8005044,53,73,83
2023-08-07,8005044,8005332,31,38,116
2023-08-07,8005044,8005649,18,35,43
2023-08-07,8005241,8000175,2,2,75
2023-08-07,8005241,8005241,57,82,86
2023-08-07,8005241,8005243,19,22,123
2023-08-07,8005241,8005306,13,23,51
2023-08-07,8005241,8005332,3,3,50
2023-08-07,8005241,8005649,8,14,47
2023-08-07,8005243,8001302,20,38,102
2023-08-07,8005243,8005241,13,20,72
2023-08-07,8005243,8005243,46,76,85
2023-08-07,8005243,8005332,5,10,36
2023-08-07,8005246,8004004,8,21,41
2023-08-07,8005246,8005246,20,42,115
2023-08-07,8005246,8005812,16,21,233
2023-08-07,8005247,8000075,38,57,118
2023-08-07,8005247,8000175,14,17,238
2023-08-07,8005247,8001110,25,39,78
2023-08-07,8005247,8005247,77,113,121
2023-08-07,8005306,8005241,10,23,70
2023-08-07,8005306,8005306,28,50,66
2023-08-07,8005306,8005332,13,23,48
2023-08-07,8005306,8005649,0,1,-60
2023-08-07,8005332,8005044,23,35,48
2023-08-07,8005332,8005241,4,5,90
2023-08-07,8005332,8005243,8,8,109
2023-08-07,8005332,8005306,12,23,83
2023-08-07,8005332,8005332,50,79,76
2023-08-07,8005332,8005649,4,4,98
2023-08-07,8005346,8000272,19,23,59
2023-08-07,8005346,8000378,17,22,48
2023-08-07,8005346,8005346,37,45,60
2023-08-07,8005562,8000075,8,19,49
2023-08-07,8005562,8002746,2,19,11
2023-08-07,8005562,8005562,13,38,31
2023-08-07,8005649,8000175,12,13,189
2023-08-07,8005649,8000319,33,41,92
2023-08-07,8005649,8002875,1,1,30
2023-08-07,8005649,8003294,11,16,54
2023-08-07,8005649,8003759,9,9,143
2023-08-07,8005649,8005044,29,38,116
2023-08-07,8005649,8005241,13,14,159
2023-08-07,8005649,8005306,3,3,180
2023-08-07,8005649,8005332,2,2,60
2023-08-07,8005649,8005649,109,143,104
2023-08-07,8005659,8000154,12,17,39
2023-08-07,8005659,8000792,14,21,34
2023-08-07,8005659,8000875,14,19,104
2023-08-07,8005659,8004392,1,1,60
2023-08-07,8005659,8004555,32,40,51
2023-08-07,8005659,8005659,38,82,41
2023-08-07,8005659,8006170,1,1,30
2023-08-07,8005796,8001570,23,40,64
2023-08-07,8005796,8005796,43,78,49
2023-08-07,8005796,8005797,15,37,52
2023-08-07,8005797,8002117,36,37,122
2023-08-07,8005797,8005796,8,39,26
2023-08-07,8005797,8005797,45,76,56
2023-08-07,8006170,8000154,16,22,37
2023-08-07,8006170,8004199,23,25,70
2023-08-07,8006170,8005659,1,1,30
2023-08-07,8006170,8006170,39,48,64
2023-08-07,8006392,8000272,23,40,41
2023-08-07,8006392,8000875,22,37,32
2023-08-07,8006392,8006392,50,77,38
2023-08-07,8006581,8001027,18,19,158
2023-08-07,8006581,8002625,16,17,143
2023-08-07,8006581,8006581,35,36,141
2023-08-07,8006627,8001470,9,20,54
2023-08-07,8006627,8003059,18,20,58
2023-08-07,8006627,8006627,24,40,47
2023-08-07,8007868,8000563,4,20,8
2023-08-07,8079083,8000154,15,18,37
2023-08-07,8079083,8004253,14,17,74
2023-08-07,8079083,8079083,29,35,95
2023-08-08,8000075,8000075,88,111,166
2023-08-08,8000075,8000840,25,38,111
2023-08-08,8000075,8003992,12,18,87
2023-08-08,8000075,8005247,47,56,215
2023-08-08,8000075,8005562,3,19,76
2023-08-08,8000154,8000154,39,70,189
2023-08-08,8000154,8004253,14,18,200
2023-08-08,8000154,8005659,15,17,510
2023-08-08,8000154,8006170,19,26,54
2023-08-08,8000154,8079083,13,17,79
2023-08-08,8000175,8000175,90,113,150
2023-08-08,8000175,8001110,29,39,82
2023-08-08,8000175,8001302,1,1,90
2023-08-08,8000175,8003796,29,37,158
2023-08-08,8000175,8005247,16,18,95
2023-08-08,8000175,8005649,13,14,328
2023-08-08,8000272,8000272,121,156,131
2023-08-08,8000272,8000875,12,18,152
2023-08-08,8000272,8003516,27,39,62
2023-08-08,8000272,8004312,19,42,34
2023-08-08,8000272,8005346,18,22,104
2023-08-08,8000272,8006392,31,37,62
2023-08-08,8000319,8000319,66,82,136
2023-08-08,8000319,8002625,16,19,125
2023-08-08,8000319,8003294,13,22,175
2023-08-08,8000319,8005649,30,41,114
2023-08-08,8000357,8000357,33,36,148
2023-08-08,8000357,8000371,17,19,175
2023-08-08,8000357,8001027,16,17,134
2023-08-08,8000371,8000357,16,17,141
2023-08-08,8000371,8000371,33,36,153
2023-08-08,8000371,8006680,18,19,188
2023-08-08,8000378,8000378,45,45,106
2023-08-08,8000378,8002238,22,22,106
2023-08-08,8000378,8005346,23,23,115
2023-08-08,8000563,8000563,23,40,84
2023-08-08,8000563,8001221,12,20,70
2023-08-08,8000563,8007868,16,20,118
2023-08-08,8000792,8000792,34,46,73
2023-08-08,8000792,8002929,15,21,63
2023-08-08,8000792,8005659,17,25,52
2023-08-08,8000840,8000075,35,38,160
2023-08-08,8000840,8000840,57,76,127
2023-08-08,8000840,8002083,22,37,105
2023-08-08,8000840,8003992,1,1,30
2023-08-08,8000875,8000272,19,20,495
2023-08-08,8000875,8000875,85,115,139
2023-08-08,8000875,8004392,13,37,19
2023-08-08,8000875,8005659,16,18,188
2023-08-08,8000875,8006392,21,40,57
2023-08-08,8000923,8004236,0,2,0
2023-08-08,8000926,8000926,27,43,95
2023-08-08,8000926,8003991,17,21,103
2023-08-08,8000926,8004004,13,22,105
2023-08-08,8000941,8000941,76,82,88
2023-08-08,8000941,8004312,25,40,67
2023-08-08,8001027,8000357,17,19,156
2023-08-08,8001027,8001027,33,36,148
2023-08-08,8001027,8006581,17,17,138
2023-08-08,8001110,8000175,30,39,133
2023-08-08,8001110,8001110,55,78,102
2023-08-08,8001110,8005247,26,39,83
2023-08-08,8001221,8000563,14,20,106
2023-08-08,8001221,8001221,27,40,94
2023-08-08,8001221,8001812,10,20,74
2023-08-08,8001302,8001302,53,76,114
2023-08-08,8001302,8003796,25,38,74
2023-08-08,8001302,8005243,29,38,150
2023-08-08,8001470,8001470,26,40,90
2023-08-08,8001470,8001812,15,20,130
2023-08-08,8001470,8006627,11,20,64
2023-08-08,8001570,8001570,42,77,24
2023-08-08,8001570,8003108,7,39,8
2023-08-08,8001570,8005796,25,37,36
2023-08-08,8001812,8001221,10,20,99
2023-08-08,8001812,8001470,8,20,51
2023-08-08,8001812,8001812,23,40,88
2023-08-08,8001990,8001990,34,41,149
2023-08-08,8001990,8004909,19,21,130
2023-08-08,8002083,8000840,25,37,133
2023-08-08,8002083,8002083,50,74,120
2023-08-08,8002083,8003992,23,37,98
2023-08-08,8002117,8005796,1,2,45
2023-08-08,8002117,8005797,9,39,9
2023-08-08,8002238,8000378,20,22,85
2023-08-08,8002238,8002238,70,84,94
2023-08-08,8002238,8003059,32,42,116
2023-08-08,8002238,8003980,16,20,88
2023-08-08,8002625,8000319,17,17,157
2023-08-08,8002625,8002625,34,36,149
2023-08-08,8002625,8006581,17,19,145
2023-08-08,8002746,8002746,6,38,71
2023-08-08,8002746,8004344,5,19,90
2023-08-08,8002746,8005562,1,19,57
2023-08-08,8002929,8000792,20,25,95
2023-08-08,8002929,8002929,36,46,85
2023-08-08,8002929,8004199,16,21,73
2023-08-08,8003059,8002238,23,42,66
2023-08-08,8003059,8003059,30,40,101
2023-08-08,8003059,8006627,11,20,122
2023-08-08,8003108,8001570,9,37,17
2023-08-08,8003108,8003108,55,76,34
2023-08-08,8003294,8000319,18,24,89
2023-08-08,8003294,8003294,51,77,114
2023-08-08,8003294,8003684,25,38,162
2023-08-08,8003294,8005649,12,15,70
2023-08-08,8003516,8000272,32,36,32
2023-08-08,8003684,8001200,15,17,187
2023-08-08,8003684,8003294,24,39,62
2023-08-08,8003684,8003684,47,77,106
2023-08-08,8003796,8000175,20,38,67
2023-08-08,8003796,8001302,27,37,153
2023-08-08,8003796,8003796,54,75,115
2023-08-08,8003980,8000378,1,1,120
2023-08-08,8003980,8002238,14,20,112
2023-08-08,8003980,8003980,30,41,99
2023-08-08,8003980,8004909,16,20,90
2023-08-08,8003991,8000926,9,22,91
2023-08-08,8003991,8003991,30,43,103
2023-08-08,8003991,8003992,16,21,96
2023-08-08,8003992,8000075,16,17,441
2023-08-08,8003992,8000840,1,1,30
2023-08-08,8003992,8002083,25,37,126
2023-08-08,8003992,8003991,13,22,112
2023-08-08,8003992,8003992,61,78,181
2023-08-08,8003992,8004004,15,18,112
2023-08-08,8004004,8000926,11,21,66
2023-08-08,8004004,8003992,18,18,423
2023-08-08,8004004,8004004,51,79,158
2023-08-08,8004004,8005245,9,18,80
2023-08-08,8004004,8005246,10,22,89
2023-08-08,8004199,8002929,22,25,92
2023-08-08,8004199,8004199,35,46,85
2023-08-08,8004199,8006170,15,21,89
2023-08-08,8004236,8004236,0,2,0
2023-08-08,8004236,8004748,3,18,3
2023-08-08,8004253,8000154,15,18,503
2023-08-08,8004253,8002995,2,2,60
2023-08-08,8004253,8003040,14,18,182
2023-08-08,8004253,8004253,30,37,340
2023-08-08,8004253,8079083,16,18,47
2023-08-08,8004312,8000272,37,40,100
2023-08-08,8004312,8000941,39,42,81
2023-08-08,8004312,8004312,71,82,67
2023-08-08,8004344,8002746,1,19,41
2023-08-08,8004392,8000875,26,41,56
2023-08-08,8004392,8004392,73,78,62
2023-08-08,8004392,8004555,35,37,66
2023-08-08,8004555,8004392,39,40,74
2023-08-08,8004555,8004555,63,77,65
2023-08-08,8004555,8005659,28,37,52
2023-08-08,8004909,8001990,14,20,120
2023-08-08,8004909,8003980,12,21,91
2023-08-08,8004909,8004909,35,41,111
2023-08-08,8005044,8005044,52,73,126
2023-08-08,8005044,8005332,30,38,102
2023-08-08,8005044,8005649,20,35,148
2023-08-08,8005241,8000175,2,2,75
2023-08-08,8005241,8005241,65,82,149
2023-08-08,8005241,8005243,21,22,124
2023-08-08,8005241,8005306,16,23,163
2023-08-08,8005241,8005332,3,3,240
2023-08-08,8005241,8005649,11,14,71
2023-08-08,8005243,8001302,22,38,75
2023-08-08,8005243,8005241,14,20,138
2023-08-08,8005243,8005243,51,76,107
2023-08-08,8005243,8005332,8,10,156
2023-08-08,8005246,8004004,11,21,66
2023-08-08,8005246,8005246,19,42,69
2023-08-08,8005246,8005812,11,21,93
2023-08-08,8005247,8000075,39,57,97
2023-08-08,8005247,8000175,16,17,369
2023-08-08,8005247,8001110,29,39,129
2023-08-08,8005247,8005247,85,113,149
2023-08-08,8005306,8005241,12,23,85
2023-08-08,8005306,8005306,29,50,127
2023-08-08,8005306,8005332,14,23,167
2023-08-08,8005306,8005649,0,1,0
2023-08-08,8005332,8005044,26,35,147
2023-08-08,8005332,8005241,4,5,330
2023-08-08,8005332,8005243,7,8,86
2023-08-08,8005332,8005306,13,23,81
2023-08-08,8005332,8005332,57,79,135
2023-08-08,8005332,8005649,4,4,285
2023-08-08,8005346,8000272,20,23,91
2023-08-08,8005346,8000378,19,22,110
2023-08-08,8005346,8005346,41,45,111
2023-08-08,8005562,8000075,11,19,55
2023-08-08,8005562,8002746,3,19,79
2023-08-08,8005562,8005562,14,38,65
2023-08-08,8005649,8000175,11,13,97
2023-08-08,8005649,8000319,36,41,165
2023-08-08,8005649,8002875,1,1,1620
2023-08-08,8005649,8003294,12,16,158
2023-08-08,8005649,8003759,9,9,287
2023-08-08,8005649,8005044,28,38,111
2023-08-08,8005649,8005241,13,14,133
2023-08-08,8005649,8005306,3,3,290
2023-08-08,8005649,8005332,2,2,495
2023-08-08,8005649,8005649,118,143,145
2023-08-08,8005659,8000154,11,17,162
2023-08-08,8005659,8000792,15,21,54
2023-08-08,8005659,8000875,16,19,466
2023-08-08,8005659,8004392,1,1,30
2023-08-08,8005659,8004555,31,40,57
2023-08-08,8005659,8005659,44,82,164
2023-08-08,8005659,8006170,1,1,540
2023-08-08,8005796,8001570,21,40,26
2023-08-08,8005796,8005796,35,78,21
2023-08-08,8005796,8005797,8,37,15
2023-08-08,8005797,8002117,37,37,72
2023-08-08,8005797,8005796,5,39,7
2023-08-08,8005797,8005797,44,76,26
2023-08-08,8006170,8000154,14,22,64
2023-08-08,8006170,8004199,20,25,77
2023-08-08,8006170,8005659,0,1,0
2023-08-08,8006170,8006170,35,48,82
2023-08-08,8006392,8000272,21,40,54
2023-08-08,8006392,8000875,22,37,32
2023-08-08,8006392,8006392,51,77,49
2023-08-08,8006581,8001027,18,19,167
2023-08-08,8006581,8002625,16,17,136
2023-08-08,8006581,8006581,35,36,151
2023-08-08,8006627,8001470,10,20,112
2023-08-08,8006627,8003059,17,20,63
2023-08-08,8006627,8006627,21,40,82
2023-08-08,8007868,8000563,4,20,58
2023-08-08,8079083,8000154,15,18,35
2023-08-08,8079083,8004253,14,17,86
2023-08-08,8079083,8079083,29,35,103
2023-08-09,8000075,8000075,86,111,262
2023-08-09,8000075,8000840,25,38,260
2023-08-09,8000075,8003992,15,18,427
2023-08-09,8000075,8005247,43,56,198
2023-08-09,8000075,8005562,4,19,21
2023-08-09,8000154,8000154,41,70,91
2023-08-09,8000154,8004253,16,18,85
2023-08-09,8000154,8005659,12,17,258
2023-08-09,8000154,8006170,21,26,39
2023-08-09,8000154,8079083,14,17,76
2023-08-09,8000175,8000175,85,113,176
2023-08-09,8000175,8001110,24,39,96
2023-08-09,8000175,8001302,1,1,180
2023-08-09,8000175,8003796,27,37,185
2023-08-09,8000175,8005247,18,18,263
2023-08-09,8000175,8005649,14,14,274
2023-08-09,8000272,8000272,121,156,85
2023-08-09,8000272,8000875,11,18,47
2023-08-09,8000272,8003516,28,39,47
2023-08-09,8000272,8004312,15,42,38
2023-08-09,8000272,8005346,16,22,91
2023-08-09,8000272,8006392,27,37,57
2023-08-09,8000319,8000319,62,82,100
2023-08-09,8000319,8002625,14,19,85
2023-08-09,8000319,8003294,15,22,86
2023-08-09,8000319,8005649,27,41,109
2023-08-09,8000357,8000357,35,36,165
2023-08-09,8000357,8000371,19,19,182
2023-08-09,8000357,8001027,17,17,166
2023-08-09,8000371,8000357,17,17,169
2023-08-09,8000371,8000371,35,36,166
2023-08-09,8000371,8006680,17,19,194
2023-08-09,8000378,8000378,39,45,102
2023-08-09,8000378,8002238,17,22,110
2023-08-09,8000378,8005346,21,23,110
2023-08-09,8000563,8000563,25,40,67
2023-08-09,8000563,8001221,15,20,92
2023-08-09,8000563,8007868,12,20,78
2023-08-09,8000792,8000792,34,46,61
2023-08-09,8000792,8002929,15,21,64
2023-08-09,8000792,8005659,15,25,30
2023-08-09,8000840,8000075,28,38,180
2023-08-09,8000840,8000840,51,76,212
2023-08-09,8000840,8002083,22,37,255
2023-08-09,8000840,8003992,1,1,30
2023-08-09,8000875,8000272,19,20,274
2023-08-09,8000875,8000875,79,115,75
2023-08-09,8000875,8004392,11,37,24
2023-08-09,8000875,8005659,15,18,65
2023-08-09,8000875,8006392,15,40,28
2023-08-09,8000923,8004236,0,2,0
2023-08-09,8000926,8000926,29,43,241
2023-08-09,8000926,8003991,17,21,99
2023-08-09,8000926,8004004,18,22,385
2023-08-09,8000941,8000941,68,82,68
2023-08-09,8000941,8004312,22,40,34
2023-08-09,8001027,8000357,17,19,158
2023-08-09,8001027,8001027,35,36,165
2023-08-09,8001027,8006581,17,17,166
2023-08-09,8001110,8000175,28,39,168
2023-08-09,8001110,8001110,50,78,135
2023-08-09,8001110,8005247,25,39,190
2023-08-09,8001221,8000563,13,20,72
2023-08-09,8001221,8001221,28,40,86
2023-08-09,8001221,8001812,13,20,90
2023-08-09,8001302,8001302,47,76,114
2023-08-09,8001302,8003796,23,38,55
2023-08-09,8001302,8005243,27,38,170
2023-08-09,8001470,8001470,29,40,77
2023-08-09,8001470,8001812,16,20,98
2023-08-09,8001470,8006627,12,20,72
2023-08-09,8001570,8001570,57,77,34
2023-08-09,8001570,8003108,18,39,29
2023-08-09,8001570,8005796,30,37,41
2023-08-09,8001812,8001221,8,20,66
2023-08-09,8001812,8001470,11,20,60
2023-08-09,8001812,8001812,25,40,76
2023-08-09,8001990,8001990,39,41,84
2023-08-09,8001990,8004909,15,21,61
2023-08-09,8002083,8000840,22,37,158
2023-08-09,8002083,8002083,46,74,210
2023-08-09,8002083,8003992,21,37,260
2023-08-09,8002117,8005796,2,2,30
2023-08-09,8002117,8005797,12,39,12
2023-08-09,8002238,8000378,18,22,93
2023-08-09,8002238,8002238,61,84,84
2023-08-09,8002238,8003059,25,42,93
2023-08-09,8002238,8003980,17,20,80
2023-08-09,8002625,8000319,17,17,162
2023-08-09,8002625,8002625,32,36,135
2023-08-09,8002625,8006581,15,19,103
2023-08-09,8002746,8002746,5,38,8
2023-08-09,8002746,8004344,5,19,17
2023-08-09,8002746,8005562,0,19,0
2023-08-09,8002929,8000792,19,25,78
2023-08-09,8002929,8002929,34,46,76
2023-08-09,8002929,8004199,17,21,80
2023-08-09,8003059,8002238,29,42,79
2023-08-09,8003059,8003059,29,40,88
2023-08-09,8003059,8006627,9,20,80
2023-08-09,8003108,8001570,9,37,12
2023-08-09,8003108,8003108,65,76,44
2023-08-09,8003294,8000319,18,24,81
2023-08-09,8003294,8003294,51,77,76
2023-08-09,8003294,8003684,27,38,88
2023-08-09,8003294,8005649,14,15,96
2023-08-09,8003516,8000272,32,36,35
2023-08-09,8003684,8001200,16,17,99
2023-08-09,8003684,8003294,22,39,65
2023-08-09,8003684,8003684,51,77,71
2023-08-09,8003796,8000175,17,38,46
2023-08-09,8003796,8001302,26,37,173
2023-08-09,8003796,8003796,50,75,115
2023-08-09,8003980,8000378,1,1,180
2023-08-09,8003980,8002238,10,20,64
2023-08-09,8003980,8003980,28,41,75
2023-08-09,8003980,8004909,20,20,96
2023-08-09,8003991,8000926,15,22,374
2023-08-09,8003991,8003991,32,43,239
2023-08-09,8003991,8003992,13,21,91
2023-08-09,8003992,8000075,17,17,348
2023-08-09,8003992,8000840,1,1,60
2023-08-09,8003992,8002083,22,37,160
2023-08-09,8003992,8003991,16,22,378
2023-08-09,8003992,8003992,65,78,329
2023-08-09,8003992,8004004,17,18,478
2023-08-09,8004004,8000926,9,21,67
2023-08-09,8004004,8003992,18,18,303
2023-08-09,8004004,8004004,59,79,290
2023-08-09,8004004,8005245,15,18,470
2023-08-09,8004004,8005246,16,22,361
2023-08-09,8004199,8002929,20,25,68
2023-08-09,8004199,8004199,35,46,78
2023-08-09,8004199,8006170,17,21,97
2023-08-09,8004236,8004236,0,2,0
2023-08-09,8004236,8004748,3,18,7
2023-08-09,8004253,8000154,13,18,257
2023-08-09,8004253,8002995,2,2,60
2023-08-09,8004253,8003040,16,18,80
2023-08-09,8004253,8004253,28,37,164
2023-08-09,8004253,8079083,16,18,43
2023-08-09,8004312,8000272,38,40,68
2023-08-09,8004312,8000941,34,42,79
2023-08-09,8004312,8004312,62,82,50
2023-08-09,8004344,8002746,0,19,0
2023-08-09,8004392,8000875,22,41,32
2023-08-09,8004392,8004392,70,78,46
2023-08-09,8004392,8004555,33,37,47
2023-08-09,8004555,8004392,39,40,54
2023-08-09,8004555,8004555,58,77,48
2023-08-09,8004555,8005659,27,37,46
2023-08-09,8004909,8001990,15,20,96
2023-08-09,8004909,8003980,8,21,40
2023-08-09,8004909,8004909,36,41,78
2023-08-09,8005044,8005044,55,73,95
2023-08-09,8005044,8005332,28,38,111
2023-08-09,8005044,8005649,22,35,69
2023-08-09,8005241,8000175,2,2,60
2023-08-09,8005241,8005241,61,82,93
2023-08-09,8005241,8005243,20,22,110
2023-08-09,8005241,8005306,16,23,70
2023-08-09,8005241,8005332,2,3,50
2023-08-09,8005241,8005649,11,14,51
2023-08-09,8005243,8001302,17,38,51
2023-08-09,8005243,8005241,16,20,81
2023-08-09,8005243,8005243,48,76,112
2023-08-09,8005243,8005332,5,10,84
2023-08-09,8005246,8004004,10,21,77
2023-08-09,8005246,8005246,22,42,183
2023-08-09,8005246,8005812,14,21,313
2023-08-09,8005247,8000075,45,57,281
2023-08-09,8005247,8000175,16,17,291
2023-08-09,8005247,8001110,25,39,154
2023-08-09,8005247,8005247,85,113,227
2023-08-09,8005306,8005241,9,23,59
2023-08-09,8005306,8005306,30,50,79
2023-08-09,8005306,8005332,17,23,78
2023-08-09,8005306,8005649,0,1,-30
2023-08-09,8005332,8005044,32,35,82
2023-08-09,8005332,8005241,4,5,180
2023-08-09,8005332,8005243,7,8,68
2023-08-09,8005332,8005306,11,23,69
2023-08-09,8005332,8005332,58,79,90
2023-08-09,8005332,8005649,3,4,105
2023-08-09,8005346,8000272,17,23,103
2023-08-09,8005346,8000378,17,22,90
2023-08-09,8005346,8005346,35,45,104
2023-08-09,8005562,8000075,8,19,19
2023-08-09,8005562,8002746,2,19,8
2023-08-09,8005562,8005562,11,38,11
2023-08-09,8005649,8000175,13,13,261
2023-08-09,8005649,8000319,33,41,97
2023-08-09,8005649,8002875,1,1,60
2023-08-09,8005649,8003294,12,16,88
2023-08-09,8005649,8003759,9,9,227
2023-08-09,8005649,8005044,27,38,111
2023-08-09,8005649,8005241,12,14,146
2023-08-09,8005649,8005306,3,3,320
2023-08-09,8005649,8005332,1,2,60
2023-08-09,8005649,8005649,112,143,117
2023-08-09,8005659,8000154,12,17,46
2023-08-09,8005659,8000792,16,21,47
2023-08-09,8005659,8000875,16,19,238
2023-08-09,8005659,8004392,1,1,30
2023-08-09,8005659,8004555,30,40,38
2023-08-09,8005659,8005659,38,82,76
2023-08-09,8005659,8006170,1,1,150
2023-08-09,8005796,8001570,30,40,46
2023-08-09,8005796,8005796,46,78,27
2023-08-09,8005796,8005797,10,37,13
2023-08-09,8005797,8002117,37,37,73
2023-08-09,8005797,8005796,12,39,15
2023-08-09,8005797,8005797,49,76,28
2023-08-09,8006170,8000154,20,22,56
2023-08-09,8006170,8004199,18,25,54
2023-08-09,8006170,8005659,0,1,0
2023-08-09,8006170,8006170,38,48,69
2023-08-09,8006392,8000272,19,40,36
2023-08-09,8006392,8000875,18,37,32
2023-08-09,8006392,8006392,46,77,37
2023-08-09,8006581,8001027,19,19,177
2023-08-09,8006581,8002625,16,17,154
2023-08-09,8006581,8006581,36,36,154
2023-08-09,8006627,8001470,7,20,69
2023-08-09,8006627,8003059,18,20,74
2023-08-09,8006627,8006627,21,40,62
2023-08-09,8007868,8000563,5,20,44
2023-08-09,8079083,8000154,16,18,43
2023-08-09,8079083,8004253,14,17,78
2023-08-09,8079083,8079083,30,35,101
2023-08-10,8000075,8000075,90,111,178
2023-08-10,8000075,8000840,21,38,62
2023-08-10,8000075,8003992,17,18,188
2023-08-10,8000075,8005247,41,56,234
2023-08-10,8000075,8005562,1,19,9
2023-08-10,8000154,8000154,46,70,111
2023-08-10,8000154,8004253,14,18,118
2023-08-10,8000154,8005659,12,17,300
2023-08-10,8000154,8006170,19,26,48
2023-08-10,8000154,8079083,14,17,99
2023-08-10,8000175,8000175,88,113,165
2023-08-10,8000175,8001110,23,39,65
2023-08-10,8000175,8001302,1,1,90
2023-08-10,8000175,8003796,28,37,120
2023-08-10,8000175,8005247,18,18,173
2023-08-10,8000175,8005649,13,14,568
2023-08-10,8000272,8000272,130,156,119
2023-08-10,8000272,8000875,10,18,27
2023-08-10,8000272,8003516,31,39,128
2023-08-10,8000272,8004312,16,42,49
2023-08-10,8000272,8005346,17,22,119
2023-08-10,8000272,8006392,29,37,54
2023-08-10,8000319,8000319,58,82,89
2023-08-10,8000319,8002625,14,19,114
2023-08-10,8000319,8003294,13,22,41
2023-08-10,8000319,8005649,24,41,100
2023-08-10,8000357,8000357,32,36,136
2023-08-10,8000357,8000371,16,19,158
2023-08-10,8000357,8001027,17,17,129
2023-08-10,8000371,8000357,16,17,134
2023-08-10,8000371,8000371,32,36,139
2023-08-10,8000371,8006680,16,19,177
2023-08-10,8000378,8000378,41,45,129
2023-08-10,8000378,8002238,18,22,149
2023-08-10,8000378,8005346,21,23,123
2023-08-10,8000563,8000563,25,40,56
2023-08-10,8000563,8001221,16,20,70
2023-08-10,8000563,8007868,14,20,81
2023-08-10,8000792,8000792,37,46,77
2023-08-10,8000792,8002929,16,21,77
2023-08-10,8000792,8005659,18,25,46
2023-08-10,8000840,8000075,31,38,154
2023-08-10,8000840,8000840,49,76,101
2023-08-10,8000840,8002083,16,37,56
2023-08-10,8000840,8003992,0,1,0
2023-08-10,8000875,8000272,18,20,358
2023-08-10,8000875,8000875,83,115,121
2023-08-10,8000875,8004392,12,37,24
2023-08-10,8000875,8005659,13,18,52
2023-08-10,8000875,8006392,24,40,123
2023-08-10,8000923,8004236,0,2,0
2023-08-10,8000926,8000926,32,43,72
2023-08-10,8000926,8003991,16,21,87
2023-08-10,8000926,8004004,17,22,64
2023-08-10,8000941,8000941,66,82,70
2023-08-10,8000941,8004312,19,40,29
2023-08-10,8001027,8000357,15,19,141
2023-08-10,8001027,8001027,32,36,138
2023-08-10,8001027,8006581,15,17,136
2023-08-10,8001110,8000175,27,39,119
2023-08-10,8001110,8001110,48,78,89
2023-08-10,8001110,8005247,22,39,65
2023-08-10,8001221,8000563,9,20,64
2023-08-10,8001221,8001221,26,40,71
2023-08-10,8001221,8001812,11,20,56
2023-08-10,8001302,8001302,50,76,84
2023-08-10,8001302,8003796,25,38,69
2023-08-10,8001302,8005243,29,38,99
2023-08-10,8001470,8001470,26,40,67
2023-08-10,8001470,8001812,15,20,102
2023-08-10,8001470,8006627,12,20,56
2023-08-10,8001570,8001570,44,77,26
2023-08-10,8001570,8003108,7,39,12
2023-08-10,8001570,8005796,29,37,38
2023-08-10,8001812,8001221,10,20,70
2023-08-10,8001812,8001470,9,20,38
2023-08-10,8001812,8001812,23,40,65
2023-08-10,8001990,8001990,34,41,62
2023-08-10,8001990,8004909,13,21,47
2023-08-10,8002083,8000840,25,37,118
2023-08-10,8002083,8002083,49,74,89
2023-08-10,8002083,8003992,19,37,54
2023-08-10,8002117,8005796,1,2,30
2023-08-10,8002117,8005797,6,39,15
2023-08-10,8002238,8000378,20,22,109
2023-08-10,8002238,8002238,65,84,100
2023-08-10,8002238,8003059,27,42,113
2023-08-10,8002238,8003980,16,20,70
2023-08-10,8002625,8000319,16,17,162
2023-08-10,8002625,8002625,30,36,146
2023-08-10,8002625,8006581,14,19,129
2023-08-10,8002746,8002746,9,38,13
2023-08-10,8002746,8004344,8,19,21
2023-08-10,8002746,8005562,2,19,8
2023-08-10,8002929,8000792,21,25,90
2023-08-10,8002929,8002929,35,46,87
2023-08-10,8002929,8004199,17,21,89
2023-08-10,8003059,8002238,27,42,74
2023-08-10,8003059,8003059,29,40,81
2023-08-10,8003059,8006627,9,20,76
2023-08-10,8003108,8001570,5,37,11
2023-08-10,8003108,8003108,56,76,32
2023-08-10,8003294,8000319,15,24,56
2023-08-10,8003294,8003294,42,77,63
2023-08-10,8003294,8003684,18,38,63
2023-08-10,8003294,8005649,14,15,124
2023-08-10,8003516,8000272,33,36,46
2023-08-10,8003684,8001200,12,17,122
2023-08-10,8003684,8003294,20,39,56
2023-08-10,8003684,8003684,32,77,54
2023-08-10,8003796,8000175,23,38,62
2023-08-10,8003796,8001302,26,37,102
2023-08-10,8003796,8003796,52,75,91
2023-08-10,8003980,8000378,1,1,120
2023-08-10,8003980,8002238,9,20,75
2023-08-10,8003980,8003980,26,41,59
2023-08-10,8003980,8004909,15,20,66
2023-08-10,8003991,8000926,12,22,49
2023-08-10,8003991,8003991,27,43,68
2023-08-10,8003991,8003992,13,21,74
2023-08-10,8003992,8000075,17,17,540
2023-08-10,8003992,8000840,1,1,720
2023-08-10,8003992,8002083,27,37,118
2023-08-10,8003992,8003991,12,22,59
2023-08-10,8003992,8003992,57,78,212
2023-08-10,8003992,8004004,17,18,220
2023-08-10,8004004,8000926,6,21,57
2023-08-10,8004004,8003992,17,18,537
2023-08-10,8004004,8004004,54,79,195
2023-08-10,8004004,8005245,15,18,197
2023-08-10,8004004,8005246,15,22,52
2023-08-10,8004199,8002929,20,25,78
2023-08-10,8004199,8004199,35,46,85
2023-08-10,8004199,8006170,17,21,104
2023-08-10,8004236,8004236,0,2,0
2023-08-10,8004236,8004748,2,18,0
2023-08-10,8004253,8000154,13,18,275
2023-08-10,8004253,8002995,2,2,60
2023-08-10,8004253,8003040,14,18,95
2023-08-10,8004253,8004253,28,37,183
2023-08-10,8004253,8079083,15,18,43
2023-08-10,8004312,8000272,34,40,60
2023-08-10,8004312,8000941,33,42,89
2023-08-10,8004312,8004312,59,82,55
2023-08-10,8004344,8002746,1,19,6
2023-08-10,8004392,8000875,28,41,131
2023-08-10,8004392,8004392,76,78,102
2023-08-10,8004392,8004555,35,37,58
2023-08-10,8004555,8004392,40,40,151
2023-08-10,8004555,8004555,63,77,99
2023-08-10,8004555,8005659,31,37,61
2023-08-10,8004909,8001990,14,20,68
2023-08-10,8004909,8003980,11,21,29
2023-08-10,8004909,8004909,33,41,58
2023-08-10,8005044,8005044,43,73,85
2023-08-10,8005044,8005332,25,38,118
2023-08-10,8005044,8005649,14,35,43
2023-08-10,8005241,8000175,1,2,60
2023-08-10,8005241,8005241,55,82,78
2023-08-10,8005241,8005243,17,22,90
2023-08-10,8005241,8005306,12,23,27
2023-08-10,8005241,8005332,3,3,60
2023-08-10,8005241,8005649,10,14,54
2023-08-10,8005243,8001302,21,38,69
2023-08-10,8005243,8005241,13,20,50
2023-08-10,8005243,8005243,52,76,84
2023-08-10,8005243,8005332,7,10,108
2023-08-10,8005246,8004004,10,21,70
2023-08-10,8005246,8005246,21,42,64
2023-08-10,8005246,8005812,12,21,80
2023-08-10,8005247,8000075,40,57,101
2023-08-10,8005247,8000175,17,17,464
2023-08-10,8005247,8001110,27,39,125
2023-08-10,8005247,8005247,76,113,162
2023-08-10,8005306,8005241,9,23,55
2023-08-10,8005306,8005306,24,50,52
2023-08-10,8005306,8005332,11,23,33
2023-08-10,8005306,8005649,0,1,0
2023-08-10,8005332,8005044,20,35,49
2023-08-10,8005332,8005241,4,5,102
2023-08-10,8005332,8005243,8,8,124
2023-08-10,8005332,8005306,10,23,67
2023-08-10,8005332,8005332,48,79,79
2023-08-10,8005332,8005649,2,4,45
2023-08-10,8005346,8000272,19,23,112
2023-08-10,8005346,8000378,20,22,143
2023-08-10,8005346,8005346,38,45,127
2023-08-10,8005562,8000075,8,19,25
2023-08-10,8005562,8002746,1,19,9
2023-08-10,8005562,8005562,11,38,14
2023-08-10,8005649,8000175,12,13,81
2023-08-10,8005649,8000319,28,41,82
2023-08-10,8005649,8002875,1,1,330
2023-08-10,8005649,8003294,8,16,86
2023-08-10,8005649,8003759,9,9,370
2023-08-10,8005649,8005044,25,38,123
2023-08-10,8005649,8005241,12,14,176
2023-08-10,8005649,8005306,3,3,240
2023-08-10,8005649,8005332,2,2,75
2023-08-10,8005649,8005649,98,143,133
2023-08-10,8005659,8000154,12,17,72
2023-08-10,8005659,8000792,16,21,73
2023-08-10,8005659,8000875,16,19,317
2023-08-10,8005659,8004392,1,1,30
2023-08-10,8005659,8004555,33,40,128
2023-08-10,8005659,8005659,46,82,117
2023-08-10,8005659,8006170,1,1,30
2023-08-10,8005796,8001570,22,40,34
2023-08-10,8005796,8005796,35,78,23
2023-08-10,8005796,8005797,9,37,15
2023-08-10,8005797,8002117,37,37,73
2023-08-10,8005797,8005796,5,39,13
2023-08-10,8005797,8005797,42,76,30
2023-08-10,8006170,8000154,16,22,57
2023-08-10,8006170,8004199,19,25,67
2023-08-10,8006170,8005659,0,1,0
2023-08-10,8006170,8006170,37,48,74
2023-08-10,8006392,8000272,29,40,126
2023-08-10,8006392,8000875,22,37,32
2023-08-10,8006392,8006392,56,77,83
2023-08-10,8006581,8001027,17,19,155
2023-08-10,8006581,8002625,14,17,146
2023-08-10,8006581,8006581,32,36,147
2023-08-10,8006627,8001470,8,20,68
2023-08-10,8006627,8003059,18,20,56
2023-08-10,8006627,8006627,20,40,50
2023-08-10,8007868,8000563,4,20,24
2023-08-10,8079083,8000154,15,18,37
2023-08-10,8079083,8004253,14,17,95
2023-08-10,8079083,8079083,28,35,105
2023-08-11,8000075,8000075,85,111,168
2023-08-11,8000075,8000840,22,38,123
2023-08-11,8000075,8003992,17,18,150
2023-08-11,8000075,8005247,41,56,202
2023-08-11,8000075,8005562,2,19,6
2023-08-11,8000154,8000154,41,71,80
2023-08-11,8000154,8004253,16,18,100
2023-08-11,8000154,8005659,11,17,192
2023-08-11,8000154,8006170,21,26,42
2023-08-11,8000154,8079083,15,18,70
2023-08-11,8000175,8000175,82,113,165
2023-08-11,8000175,8001110,24,39,98
2023-08-11,8000175,8001302,1,1,60
2023-08-11,8000175,8003796,29,37,161
2023-08-11,8000175,8005247,15,18,105
2023-08-11,8000175,8005649,14,14,446
2023-08-11,8000272,8000272,117,156,60
2023-08-11,8000272,8000875,11,18,63
2023-08-11,8000272,8003516,21,39,64
2023-08-11,8000272,8004312,15,42,-45
2023-08-11,8000272,8005346,20,22,75
2023-08-11,8000272,8006392,25,37,47
2023-08-11,8000319,8000319,70,83,224
2023-08-11,8000319,8002625,17,20,248
2023-08-11,8000319,8003294,14,22,164
2023-08-11,8000319,8005649,30,41,250
2023-08-11,8000357,8000357,37,37,461
2023-08-11,8000357,8000371,20,20,495
2023-08-11,8000357,8001027,17,17,443
2023-08-11,8000371,8000357,17,17,450
2023-08-11,8000371,8000371,37,37,472
2023-08-11,8000371,8006680,20,20,524
2023-08-11,8000378,8000378,42,45,55
2023-08-11,8000378,8002238,20,22,93
2023-08-11,8000378,8005346,23,23,108
2023-08-11,8000563,8000563,22,40,61
2023-08-11,8000563,8001221,13,20,48
2023-08-11,8000563,8007868,13,20,106
2023-08-11,8000792,8000792,31,46,50
2023-08-11,8000792,8002929,15,21,61
2023-08-11,8000792,8005659,13,25,23
2023-08-11,8000840,8000075,32,38,137
2023-08-11,8000840,8000840,51,76,120
2023-08-11,8000840,8002083,19,37,118
2023-08-11,8000840,8003992,0,1,0
2023-08-11,8000875,8000272,19,20,236
2023-08-11,8000875,8000875,71,115,76
2023-08-11,8000875,8004392,9,37,13
2023-08-11,8000875,8005659,14,18,58
2023-08-11,8000875,8006392,15,40,56
2023-08-11,8000923,8004236,0,2,0
2023-08-11,8000926,8000926,29,44,147
2023-08-11,8000926,8003991,18,22,146
2023-08-11,8000926,8004004,15,22,158
2023-08-11,8000941,8000941,73,82,86
2023-08-11,8000941,8004312,23,40,63
2023-08-11,8001027,8000357,20,20,474
2023-08-11,8001027,8001027,37,37,469
2023-08-11,8001027,8006581,17,17,469
2023-08-11,8001110,8000175,27,39,127
2023-08-11,8001110,8001110,48,78,110
2023-08-11,8001110,8005247,21,39,107
2023-08-11,8001221,8000563,11,20,87
2023-08-11,8001221,8001221,24,40,69
2023-08-11,8001221,8001812,11,20,42
2023-08-11,8001302,8001302,48,76,120
2023-08-11,8001302,8003796,25,38,96
2023-08-11,8001302,8005243,27,38,148
2023-08-11,8001470,8001470,25,40,61
2023-08-11,8001470,8001812,17,20,99
2023-08-11,8001470,8006627,8,20,38
2023-08-11,8001570,8001570,38,77,18
2023-08-11,8001570,8003108,6,39,7
2023-08-11,8001570,8005796,19,37,23
2023-08-11,8001812,8001221,9,20,76
2023-08-11,8001812,8001470,8,20,26
2023-08-11,8001812,8001812,19,40,58
2023-08-11,8001990,8001990,34,41,88
2023-08-11,8001990,8004909,14,21,73
2023-08-11,8002083,8000840,20,37,109
2023-08-11,8002083,8002083,45,74,119
2023-08-11,8002083,8003992,21,37,117
2023-08-11,8002117,8005796,0,2,0
2023-08-11,8002117,8005797,4,39,3
2023-08-11,8002238,8000378,20,22,-78
2023-08-11,8002238,8002238,71,84,38
2023-08-11,8002238,8003059,31,42,81
2023-08-11,8002238,8003980,18,20,88
2023-08-11,8002625,8000319,17,17,484
2023-08-11,8002625,8002625,35,37,366
2023-08-11,8002625,8006581,18,20,256
2023-08-11,8002746,8002746,0,38,0
2023-08-11,8002746,8004344,0,19,0
2023-08-11,8002746,8005562,0,19,0
2023-08-11,8002929,8000792,20,25,62
2023-08-11,8002929,8002929,36,46,70
2023-08-11,8002929,8004199,17,21,77
2023-08-11,8003059,8002238,28,42,-16
2023-08-11,8003059,8003059,29,40,84
2023-08-11,8003059,8006627,8,20,78
2023-08-11,8003108,8001570,7,37,6
2023-08-11,8003108,8003108,48,76,27
2023-08-11,8003294,8000319,19,24,75
2023-08-11,8003294,8003294,47,77,104
2023-08-11,8003294,8003684,24,38,150
2023-08-11,8003294,8005649,10,15,70
2023-08-11,8003516,8000272,34,36,36
2023-08-11,8003684,8001200,13,17,141
2023-08-11,8003684,8003294,25,39,54
2023-08-11,8003684,8003684,45,77,97
2023-08-11,8003796,8000175,17,38,88
2023-08-11,8003796,8001302,26,37,148
2023-08-11,8003796,8003796,52,75,126
2023-08-11,8003980,8000378,1,1,120
2023-08-11,8003980,8002238,10,20,78
2023-08-11,8003980,8003980,30,41,78
2023-08-11,8003980,8004909,18,20,93
2023-08-11,8003991,8000926,14,22,146
2023-08-11,8003991,8003991,33,44,150
2023-08-11,8003991,8003992,16,22,136
2023-08-11,8003992,8000075,16,17,434
2023-08-11,8003992,8000840,1,1,30
2023-08-11,8003992,8002083,24,37,112
2023-08-11,8003992,8003991,16,22,164
2023-08-11,8003992,8003992,65,78,226
2023-08-11,8003992,8004004,18,18,218
2023-08-11,8004004,8000926,11,22,117
2023-08-11,8004004,8003992,16,18,398
2023-08-11,8004004,8004004,54,80,208
2023-08-11,8004004,8005245,16,18,185
2023-08-11,8004004,8005246,14,22,143
2023-08-11,8004199,8002929,22,25,60
2023-08-11,8004199,8004199,38,46,74
2023-08-11,8004199,8006170,17,21,91
2023-08-11,8004236,8004236,0,2,0
2023-08-11,8004236,8004748,4,18,10
2023-08-11,8004253,8000154,10,18,187
2023-08-11,8004253,8002995,1,2,15
2023-08-11,8004253,8003040,17,18,83
2023-08-11,8004253,8004253,26,37,135
2023-08-11,8004253,8079083,15,19,35
2023-08-11,8004312,8000272,36,40,93
2023-08-11,8004312,8000941,40,42,81
2023-08-11,8004312,8004312,71,82,46
2023-08-11,8004344,8002746,2,19,5
2023-08-11,8004392,8000875,20,41,60
2023-08-11,8004392,8004392,66,78,55
2023-08-11,8004392,8004555,28,37,33
2023-08-11,8004555,8004392,40,40,81
2023-08-11,8004555,8004555,57,77,55
2023-08-11,8004555,8005659,25,37,28
2023-08-11,8004909,8001990,17,20,87
2023-08-11,8004909,8003980,10,21,51
2023-08-11,8004909,8004909,35,41,80
2023-08-11,8005044,8005044,51,74,134
2023-08-11,8005044,8005332,28,38,114
2023-08-11,8005044,8005649,25,36,143
2023-08-11,8005241,8000175,1,2,75
2023-08-11,8005241,8005241,66,83,221
2023-08-11,8005241,8005243,19,22,151
2023-08-11,8005241,8005306,18,24,166
2023-08-11,8005241,8005332,2,3,90
2023-08-11,8005241,8005649,11,14,195
2023-08-11,8005243,8001302,20,38,93
2023-08-11,8005243,8005241,15,20,178
2023-08-11,8005243,8005243,47,76,119
2023-08-11,8005243,8005332,6,10,102
2023-08-11,8005246,8004004,13,22,127
2023-08-11,8005246,8005246,25,43,137
2023-08-11,8005246,8005812,14,21,186
2023-08-11,8005247,8000075,38,57,116
2023-08-11,8005247,8000175,15,17,404
2023-08-11,8005247,8001110,22,39,116
2023-08-11,8005247,8005247,74,113,156
2023-08-11,8005306,8005241,13,23,94
2023-08-11,8005306,8005306,32,51,144
2023-08-11,8005306,8005332,17,24,165
2023-08-11,8005306,8005649,0,1,-30
2023-08-11,8005332,8005044,24,36,158
2023-08-11,8005332,8005241,3,5,156
2023-08-11,8005332,8005243,5,8,38
2023-08-11,8005332,8005306,14,23,108
2023-08-11,8005332,8005332,57,80,128
2023-08-11,8005332,8005649,2,4,75
2023-08-11,8005346,8000272,19,23,-74
2023-08-11,8005346,8000378,20,22,90
2023-08-11,8005346,8005346,40,45,53
2023-08-11,8005562,8000075,9,19,32
2023-08-11,8005562,8002746,1,19,2
2023-08-11,8005562,8005562,11,38,12
2023-08-11,8005649,8000175,11,13,115
2023-08-11,8005649,8000319,34,42,201
2023-08-11,8005649,8002875,1,1,30
2023-08-11,8005649,8003294,10,16,139
2023-08-11,8005649,8003759,9,9,440
2023-08-11,8005649,8005044,26,38,118
2023-08-11,8005649,8005241,14,14,538
2023-08-11,8005649,8005306,3,3,410
2023-08-11,8005649,8005332,2,2,150
2023-08-11,8005649,8005649,108,144,199
2023-08-11,8005659,8000154,9,17,56
2023-08-11,8005659,8000792,16,21,40
2023-08-11,8005659,8000875,17,19,196
2023-08-11,8005659,8004392,1,1,120
2023-08-11,8005659,8004555,29,40,62
2023-08-11,8005659,8005659,30,82,65
2023-08-11,8005659,8006170,1,1,90
2023-08-11,8005796,8001570,21,40,28
2023-08-11,8005796,8005796,29,78,15
2023-08-11,8005796,8005797,7,37,9
2023-08-11,8005797,8002117,33,37,57
2023-08-11,8005797,8005796,5,39,7
2023-08-11,8005797,8005797,35,76,19
2023-08-11,8006170,8000154,18,22,50
2023-08-11,8006170,8004199,21,25,60
2023-08-11,8006170,8005659,1,1,30
2023-08-11,8006170,8006170,37,48,68
2023-08-11,8006392,8000272,20,40,57
2023-08-11,8006392,8000875,16,37,25
2023-08-11,8006392,8006392,42,77,45
2023-08-11,8006581,8001027,20,20,486
2023-08-11,8006581,8002625,17,17,476
2023-08-11,8006581,8006581,37,37,422
2023-08-11,8006627,8001470,7,20,72
2023-08-11,8006627,8003059,19,20,52
2023-08-11,8006627,8006627,16,40,49
2023-08-11,8007868,8000563,5,20,15
2023-08-11,8079083,8000154,14,19,33
2023-08-11,8079083,8004253,15,18,62
2023-08-11,8079083,8079083,29,37,81
2023-08-12,8000075,8000075,67,80,212
2023-08-12,8000075,8000840,17,22,194
2023-08-12,8000075,8003992,14,17,56
2023-08-12,8000075,8005247,37,41,275
2023-08-12,8000075,8005562,0,17,0
2023-08-12,8000154,8000154,33,69,107
2023-08-12,8000154,8004253,15,18,90
2023-08-12,8000154,8005659,11,17,296
2023-08-12,8000154,8006170,17,23,52
2023-08-12,8000154,8079083,14,18,175
2023-08-12,8000175,8000175,66,80,200
2023-08-12,8000175,8001110,18,22,166
2023-08-12,8000175,8003796,22,24,164
2023-08-12,8000175,8005247,13,17,42
2023-08-12,8000175,8005649,13,13,519
2023-08-12,8000272,8000272,114,145,90
2023-08-12,8000272,8000875,13,18,68
2023-08-12,8000272,8003516,23,36,49
2023-08-12,8000272,8004312,14,36,27
2023-08-12,8000272,8005346,16,20,52
2023-08-12,8000272,8006392,26,33,55
2023-08-12,8000319,8000319,53,77,104
2023-08-12,8000319,8002625,12,17,88
2023-08-12,8000319,8003294,12,21,36
2023-08-12,8000319,8005649,21,39,138
2023-08-12,8000357,8000357,26,32,83
2023-08-12,8000357,8000371,13,17,106
2023-08-12,8000357,8001027,13,15,80
2023-08-12,8000371,8000357,13,15,78
2023-08-12,8000371,8000371,24,32,91
2023-08-12,8000371,8006680,14,17,138
2023-08-12,8000378,8000378,40,41,77
2023-08-12,8000378,8002238,18,20,70
2023-08-12,8000378,8005346,21,21,91
2023-08-12,8000563,8000563,23,37,46
2023-08-12,8000563,8001221,13,19,41
2023-08-12,8000563,8007868,14,18,92
2023-08-12,8000792,8000792,29,41,66
2023-08-12,8000792,8002929,12,19,65
2023-08-12,8000792,8005659,15,22,44
2023-08-12,8000840,8000075,21,23,172
2023-08-12,8000840,8000840,36,45,173
2023-08-12,8000840,8002083,16,22,184
2023-08-12,8000875,8000272,17,18,333
2023-08-12,8000875,8000875,71,106,93
2023-08-12,8000875,8004392,7,33,15
2023-08-12,8000875,8005659,15,18,75
2023-08-12,8000875,8006392,17,37,45
2023-08-12,8000923,8004236,0,2,0
2023-08-12,8000926,8000926,27,39,129
2023-08-12,8000926,8003991,19,20,99
2023-08-12,8000926,8004004,16,19,177
2023-08-12,8000941,8000941,58,70,64
2023-08-12,8000941,8004312,18,34,37
2023-08-12,8001027,8000357,13,17,88
2023-08-12,8001027,8001027,27,32,87
2023-08-12,8001027,8006581,11,15,80
2023-08-12,8001110,8000175,17,24,134
2023-08-12,8001110,8001110,34,46,145
2023-08-12,8001110,8005247,15,22,166
2023-08-12,8001221,8000563,13,18,73
2023-08-12,8001221,8001221,27,37,54
2023-08-12,8001221,8001812,12,19,38
2023-08-12,8001302,8001302,36,46,151
2023-08-12,8001302,8003796,17,22,169
2023-08-12,8001302,8005243,19,24,131
2023-08-12,8001470,8001470,17,37,27
2023-08-12,8001470,8001812,13,18,55
2023-08-12,8001470,8006627,4,19,16
2023-08-12,8001570,8001570,45,70,29
2023-08-12,8001570,8003108,8,37,18
2023-08-12,8001570,8005796,22,33,31
2023-08-12,8001812,8001221,7,18,33
2023-08-12,8001812,8001470,5,19,11
2023-08-12,8001812,8001812,20,37,33
2023-08-12,8001990,8001990,33,38,66
2023-08-12,8001990,8004909,14,19,57
2023-08-12,8002083,8000840,16,23,140
2023-08-12,8002083,8002083,39,45,172
2023-08-12,8002083,8003992,18,22,194
2023-08-12,8002117,8005796,0,1,0
2023-08-12,8002117,8005797,7,37,18
2023-08-12,8002238,8000378,19,20,72
2023-08-12,8002238,8002238,64,77,60
2023-08-12,8002238,8003059,25,38,57
2023-08-12,8002238,8003980,15,19,74
2023-08-12,8002625,8000319,11,15,100
2023-08-12,8002625,8002625,24,32,103
2023-08-12,8002625,8006581,13,17,104
2023-08-12,8002746,8002746,0,34,0
2023-08-12,8002746,8004344,0,17,0
2023-08-12,8002746,8005562,0,17,0
2023-08-12,8002929,8000792,18,22,89
2023-08-12,8002929,8002929,30,41,82
2023-08-12,8002929,8004199,13,19,81
2023-08-12,8003059,8002238,26,39,52
2023-08-12,8003059,8003059,26,37,52
2023-08-12,8003059,8006627,7,18,32
2023-08-12,8003108,8001570,3,33,5
2023-08-12,8003108,8003108,58,70,35
2023-08-12,8003294,8000319,16,24,172
2023-08-12,8003294,8003294,46,76,98
2023-08-12,8003294,8003684,21,37,76
2023-08-12,8003294,8005649,10,15,56
2023-08-12,8003516,8000272,29,33,41
2023-08-12,8003684,8001200,14,17,139
2023-08-12,8003684,8003294,26,39,121
2023-08-12,8003684,8003684,40,76,94
2023-08-12,8003796,8000175,13,22,155
2023-08-12,8003796,8001302,20,24,139
2023-08-12,8003796,8003796,39,46,160
2023-08-12,8003980,8000378,1,1,120
2023-08-12,8003980,8002238,8,18,37
2023-08-12,8003980,8003980,28,38,58
2023-08-12,8003980,8004909,14,19,69
2023-08-12,8003991,8000926,12,19,174
2023-08-12,8003991,8003991,34,39,139
2023-08-12,8003991,8003992,14,20,88
2023-08-12,8003992,8000075,17,17,519
2023-08-12,8003992,8002083,20,23,145
2023-08-12,8003992,8003991,15,19,185
2023-08-12,8003992,8003992,63,72,217
2023-08-12,8003992,8004004,16,17,90
2023-08-12,8004004,8000926,6,20,58
2023-08-12,8004004,8003992,17,17,508
2023-08-12,8004004,8004004,48,73,194
2023-08-12,8004004,8005245,13,17,67
2023-08-12,8004004,8005246,11,19,163
2023-08-12,8004199,8002929,18,22,75
2023-08-12,8004199,8004199,32,41,80
2023-08-12,8004199,8006170,13,19,95
2023-08-12,8004236,8004236,0,2,0
2023-08-12,8004236,8004748,6,16,13
2023-08-12,8004253,8000154,13,18,293
2023-08-12,8004253,8002995,1,1,60
2023-08-12,8004253,8003040,13,18,70
2023-08-12,8004253,8004253,27,36,181
2023-08-12,8004253,8079083,14,18,42
2023-08-12,8004312,8000272,32,34,69
2023-08-12,8004312,8000941,30,36,66
2023-08-12,8004312,8004312,52,70,47
2023-08-12,8004344,8002746,0,17,0
2023-08-12,8004392,8000875,21,37,53
2023-08-12,8004392,8004392,66,70,55
2023-08-12,8004392,8004555,31,33,50
2023-08-12,8004555,8004392,36,37,73
2023-08-12,8004555,8004555,56,70,60
2023-08-12,8004555,8005659,22,33,32
2023-08-12,8004909,8001990,12,19,66
2023-08-12,8004909,8003980,12,19,41
2023-08-12,8004909,8004909,29,38,60
2023-08-12,8005044,8005044,51,72,105
2023-08-12,8005044,8005332,29,38,145
2023-08-12,8005044,8005649,14,34,42
2023-08-12,8005241,8005241,51,76,114
2023-08-12,8005241,8005243,18,21,199
2023-08-12,8005241,8005306,15,22,41
2023-08-12,8005241,8005332,2,3,300
2023-08-12,8005241,8005649,8,12,38
2023-08-12,8005243,8001302,16,22,173
2023-08-12,8005243,8005241,15,20,110
2023-08-12,8005243,8005243,37,46,151
2023-08-12,8005246,8004004,7,20,70
2023-08-12,8005246,8005246,17,38,112
2023-08-12,8005246,8005812,14,19,172
2023-08-12,8005247,8000075,29,39,121
2023-08-12,8005247,8000175,13,17,432
2023-08-12,8005247,8001110,17,24,129
2023-08-12,8005247,8005247,56,80,188
2023-08-12,8005306,8005241,11,23,171
2023-08-12,8005306,8005306,23,49,107
2023-08-12,8005306,8005332,9,22,33
2023-08-12,8005306,8005649,0,1,0
2023-08-12,8005332,8000175,1,1,90
2023-08-12,8005332,8005044,21,34,57
2023-08-12,8005332,8005241,3,5,72
2023-08-12,8005332,8005306,11,23,179
2023-08-12,8005332,8005332,45,78,103
2023-08-12,8005332,8005649,4,4,292
2023-08-12,8005346,8000272,20,21,74
2023-08-12,8005346,8000378,19,20,72
2023-08-12,8005346,8005346,39,41,80
2023-08-12,8005562,8000075,2,17,7
2023-08-12,8005562,8002746,0,17,0
2023-08-12,8005562,8005562,2,34,2
2023-08-12,8005649,8000175,11,13,60
2023-08-12,8005649,8000319,26,38,63
2023-08-12,8005649,8002875,1,1,300
2023-08-12,8005649,8003294,11,16,131
2023-08-12,8005649,8003759,9,10,483
2023-08-12,8005649,8005044,28,38,155
2023-08-12,8005649,8005241,9,11,115
2023-08-12,8005649,8005306,2,3,160
2023-08-12,8005649,8005332,1,2,30
2023-08-12,8005649,8005649,90,135,135
2023-08-12,8005659,8000154,10,17,69
2023-08-12,8005659,8000792,12,19,47
2023-08-12,8005659,8000875,15,18,288
2023-08-12,8005659,8004555,32,37,58
2023-08-12,8005659,8005659,33,77,90
2023-08-12,8005659,8006170,1,1,90
2023-08-12,8005796,8001570,24,37,46
2023-08-12,8005796,8005796,35,71,23
2023-08-12,8005796,8005797,3,33,5
2023-08-12,8005797,8002117,31,33,65
2023-08-12,8005797,8005796,6,37,18
2023-08-12,8005797,8005797,42,70,27
2023-08-12,8006170,8000154,13,20,50
2023-08-12,8006170,8004199,19,22,71
2023-08-12,8006170,8005659,0,1,0
2023-08-12,8006170,8006170,33,43,77
2023-08-12,8006392,8000272,20,37,45
2023-08-12,8006392,8000875,15,33,30
2023-08-12,8006392,8006392,45,70,42
2023-08-12,8006581,8001027,14,17,101
2023-08-12,8006581,8002625,12,15,90
2023-08-12,8006581,8006581,26,32,99
2023-08-12,8006627,8001470,4,18,23
2023-08-12,8006627,8003059,18,19,36
2023-08-12,8006627,8006627,11,37,16
2023-08-12,8007868,8000563,2,19,9
2023-08-12,8079083,8000154,11,18,32
2023-08-12,8079083,8004253,14,18,178
2023-08-12,8079083,8079083,28,36,192
2023-08-13,8000075,8000075,58,76,110
2023-08-13,8000075,8000840,15,21,59
2023-08-13,8000075,8003992,12,17,90
2023-08-13,8000075,8005247,29,37,134
2023-08-13,8000075,8005562,1,13,14
2023-08-13,8000154,8000154,37,64,89
2023-08-13,8000154,8004253,14,18,98
2023-08-13,8000154,8005659,9,17,132
2023-08-13,8000154,8006170,18,18,63
2023-08-13,8000154,8079083,13,15,124
2023-08-13,8000175,8000175,55,76,105
2023-08-13,8000175,8001110,14,22,37
2023-08-13,8000175,8003796,15,19,51
2023-08-13,8000175,8005247,15,17,101
2023-08-13,8000175,8005649,13,14,223
2023-08-13,8000272,8000272,76,99,65
2023-08-13,8000272,8000875,15,18,47
2023-08-13,8000272,8003516,14,18,35
2023-08-13,8000272,8004312,9,29,25
2023-08-13,8000272,8005346,10,14,86
2023-08-13,8000272,8006392,14,18,57
2023-08-13,8000319,8000319,40,69,65
2023-08-13,8000319,8002625,12,15,82
2023-08-13,8000319,8003294,5,19,13
2023-08-13,8000319,8005649,19,35,82
2023-08-13,8000357,8000357,21,29,119
2023-08-13,8000357,8000371,12,15,142
2023-08-13,8000357,8001027,9,14,114
2023-08-13,8000371,8000357,9,14,120
2023-08-13,8000371,8000371,22,29,128
2023-08-13,8000371,8006680,12,15,170
2023-08-13,8000378,8000378,27,29,79
2023-08-13,8000378,8002238,12,14,94
2023-08-13,8000378,8005346,15,15,82
2023-08-13,8000563,8000563,13,26,42
2023-08-13,8000563,8001221,8,13,28
2023-08-13,8000563,8007868,9,13,85
2023-08-13,8000792,8000792,28,35,110
2023-08-13,8000792,8002929,11,17,104
2023-08-13,8000792,8005659,14,18,83
2023-08-13,8000840,8000075,16,20,62
2023-08-13,8000840,8000840,28,41,50
2023-08-13,8000840,8002083,11,21,47
2023-08-13,8000875,8000272,17,17,176
2023-08-13,8000875,8000875,59,72,70
2023-08-13,8000875,8004392,5,18,17
2023-08-13,8000875,8005659,15,18,48
2023-08-13,8000875,8006392,8,19,36
2023-08-13,8000926,8000926,18,36,36
2023-08-13,8000926,8003991,12,18,37
2023-08-13,8000926,8004004,13,18,48
2023-08-13,8000941,8000941,42,58,55
2023-08-13,8000941,8004312,10,29,36
2023-08-13,8001027,8000357,12,15,122
2023-08-13,8001027,8001027,23,29,128
2023-08-13,8001027,8006581,11,14,152
2023-08-13,8001110,8000175,8,20,28
2023-08-13,8001110,8001110,18,42,33
2023-08-13,8001110,8005247,12,22,40
2023-08-13,8001221,8000563,10,13,78
2023-08-13,8001221,8001221,18,26,59
2023-08-13,8001221,8001812,7,13,30
2023-08-13,8001302,8001302,22,41,37
2023-08-13,8001302,8003796,12,22,38
2023-08-13,8001302,8005243,8,19,32
2023-08-13,8001470,8001470,14,26,45
2023-08-13,8001470,8001812,12,13,95
2023-08-13,8001470,8006627,2,13,9
2023-08-13,8001570,8001570,27,37,28
2023-08-13,8001570,8003108,6,19,11
2023-08-13,8001570,8005796,14,18,33
2023-08-13,8001812,8001221,3,13,60
2023-08-13,8001812,8001470,2,13,5
2023-08-13,8001812,8001812,10,26,43
2023-08-13,8001990,8001990,24,27,61
2023-08-13,8001990,8004909,7,14,34
2023-08-13,8002083,8000840,6,19,28
2023-08-13,8002083,8002083,27,40,49
2023-08-13,8002083,8003992,14,21,56
2023-08-13,8002117,8005797,6,19,13
2023-08-13,8002238,8000378,14,14,60
2023-08-13,8002238,8002238,42,54,68
2023-08-13,8002238,8003059,15,27,77
2023-08-13,8002238,8003980,10,13,55
2023-08-13,8002625,8000319,11,14,146
2023-08-13,8002625,8002625,23,29,123
2023-08-13,8002625,8006581,12,15,94
2023-08-13,8002746,8002746,1,26,7
2023-08-13,8002746,8004344,1,13,14
2023-08-13,8002746,8005562,0,13,0
2023-08-13,8002929,8000792,18,18,138
2023-08-13,8002929,8002929,29,35,119
2023-08-13,8002929,8004199,13,17,116
2023-08-13,8003059,8002238,16,27,47
2023-08-13,8003059,8003059,16,26,68
2023-08-13,8003059,8006627,3,13,62
2023-08-13,8003108,8001570,2,18,5
2023-08-13,8003108,8003108,29,37,28
2023-08-13,8003294,8000319,12,21,43
2023-08-13,8003294,8003294,39,71,38
2023-08-13,8003294,8003684,15,35,28
2023-08-13,8003294,8005649,13,15,98
2023-08-13,8003516,8000272,17,18,43
2023-08-13,8003684,8001200,10,17,48
2023-08-13,8003684,8003294,22,36,43
2023-08-13,8003684,8003684,35,71,33
2023-08-13,8003796,8000175,8,22,30
2023-08-13,8003796,8001302,6,19,27
2023-08-13,8003796,8003796,24,41,39
2023-08-13,8003980,8000378,1,1,60
2023-08-13,8003980,8002238,3,13,65
2023-08-13,8003980,8003980,16,27,49
2023-08-13,8003980,8004909,11,13,72
2023-08-13,8003991,8000926,8,18,40
2023-08-13,8003991,8003991,20,36,44
2023-08-13,8003991,8003992,9,18,37
2023-08-13,8003992,8000075,16,17,311
2023-08-13,8003992,8000840,1,1,60
2023-08-13,8003992,8002083,13,19,35
2023-08-13,8003992,8003991,8,18,45
2023-08-13,8003992,8003992,49,71,122
2023-08-13,8003992,8004004,17,17,118
2023-08-13,8004004,8000926,2,18,10
2023-08-13,8004004,8003992,16,18,272
2023-08-13,8004004,8004004,35,71,102
2023-08-13,8004004,8005245,11,17,86
2023-08-13,8004004,8005246,8,18,30
2023-08-13,8004199,8002929,18,18,93
2023-08-13,8004199,8004199,30,35,105
2023-08-13,8004199,8006170,13,17,136
2023-08-13,8004236,8004748,8,14,17
2023-08-13,8004253,8000154,8,17,141
2023-08-13,8004253,8002995,1,5,6
2023-08-13,8004253,8003040,10,18,58
2023-08-13,8004253,8004253,20,35,106
2023-08-13,8004253,8079083,15,15,56
2023-08-13,8004312,8000272,21,29,62
2023-08-13,8004312,8000941,20,29,53
2023-08-13,8004312,8004312,38,58,43
2023-08-13,8004344,8002746,0,13,0
2023-08-13,8004392,8000875,15,19,49
2023-08-13,8004392,8004392,37,37,55
2023-08-13,8004392,8004555,18,18,62
2023-08-13,8004555,8004392,19,19,62
2023-08-13,8004555,8004555,36,37,65
2023-08-13,8004555,8005659,18,18,52
2023-08-13,8004909,8001990,8,13,65
2023-08-13,8004909,8003980,5,14,15
2023-08-13,8004909,8004909,18,27,49
2023-08-13,8005044,8005044,37,67,73
2023-08-13,8005044,8005332,21,36,110
2023-08-13,8005044,8005649,7,31,13
2023-08-13,8005241,8005241,39,69,53
2023-08-13,8005241,8005243,12,18,37
2023-08-13,8005241,8005306,7,19,19
2023-08-13,8005241,8005332,2,3,30
2023-08-13,8005241,8005649,10,12,35
2023-08-13,8005243,8001302,14,22,41
2023-08-13,8005243,8005241,3,17,11
2023-08-13,8005243,8005243,20,41,34
2023-08-13,8005246,8004004,7,18,22
2023-08-13,8005246,8005246,12,35,21
2023-08-13,8005246,8005812,12,18,38
2023-08-13,8005247,8000075,29,39,69
2023-08-13,8005247,8000175,13,17,236
2023-08-13,8005247,8001110,7,20,27
2023-08-13,8005247,8005247,45,76,92
2023-08-13,8005306,8005241,6,21,17
2023-08-13,8005306,8005306,13,44,31
2023-08-13,8005306,8005332,5,19,14
2023-08-13,8005306,8005649,0,1,0
2023-08-13,8005332,8005044,15,31,27
2023-08-13,8005332,8005241,3,3,160
2023-08-13,8005332,8005306,5,21,21
2023-08-13,8005332,8005332,36,71,63
2023-08-13,8005332,8005649,4,4,60
2023-08-13,8005346,8000272,14,15,44
2023-08-13,8005346,8000378,11,14,90
2023-08-13,8005346,8005346,26,29,83
2023-08-13,8005562,8000075,1,13,12
2023-08-13,8005562,8002746,1,13,14
2023-08-13,8005562,8005562,2,26,10
2023-08-13,8005649,8000175,10,11,65
2023-08-13,8005649,8000319,20,34,53
2023-08-13,8005649,8001200,1,1,60
2023-08-13,8005649,8002875,1,1,90
2023-08-13,8005649,8003294,10,16,43
2023-08-13,8005649,8003759,10,10,198
2023-08-13,8005649,8005044,26,36,119
2023-08-13,8005649,8005241,8,11,147
2023-08-13,8005649,8005306,3,3,230
2023-08-13,8005649,8005649,91,126,86
2023-08-13,8005659,8000154,8,17,34
2023-08-13,8005659,8000792,11,17,85
2023-08-13,8005659,8000875,9,17,131
2023-08-13,8005659,8004555,16,19,54
2023-08-13,8005659,8005659,33,70,60
2023-08-13,8005659,8006170,1,1,450
2023-08-13,8005796,8001570,13,19,44
2023-08-13,8005796,8005796,19,37,22
2023-08-13,8005796,8005797,2,18,7
2023-08-13,8005797,8002117,16,18,68
2023-08-13,8005797,8005796,4,19,16
2023-08-13,8005797,8005797,22,37,28
2023-08-13,8006170,8000154,14,18,130
2023-08-13,8006170,8004199,18,18,75
2023-08-13,8006170,8006170,32,36,118
2023-08-13,8006392,8000272,9,19,33
2023-08-13,8006392,8000875,11,18,38
2023-08-13,8006392,8006392,22,37,39
2023-08-13,8006581,8001027,12,15,128
2023-08-13,8006581,8002625,12,14,148
2023-08-13,8006581,8006581,24,29,136
2023-08-13,8006627,8001470,3,13,55
2023-08-13,8006627,8003059,13,13,39
2023-08-13,8006627,8006627,5,26,31
2023-08-13,8007868,8000563,0,13,0
2023-08-13,8079083,8000154,14,15,52
2023-08-13,8079083,8004253,12,15,104
2023-08-13,8079083,8079083,28,30,128
2023-08-14,8000075,8000075,77,112,191
2023-08-14,8000075,8000840,17,38,104
2023-08-14,8000075,8003992,15,18,130
2023-08-14,8000075,8005247,37,57,252
2023-08-14,8000075,8005562,0,19,0
2023-08-14,8000154,8000154,37,71,77
2023-08-14,8000154,8004253,14,18,90
2023-08-14,8000154,8005659,8,17,166
2023-08-14,8000154,8006170,23,26,38
2023-08-14,8000154,8079083,15,18,98
2023-08-14,8000175,8000175,73,114,181
2023-08-14,8000175,8001110,21,39,92
2023-08-14,8000175,8001302,1,1,60
2023-08-14,8000175,8003796,27,38,244
2023-08-14,8000175,8005247,16,18,120
2023-08-14,8000175,8005649,13,14,276
2023-08-14,8000272,8000272,120,156,71
2023-08-14,8000272,8000875,14,18,67
2023-08-14,8000272,8003516,28,39,52
2023-08-14,8000272,8004312,19,42,19
2023-08-14,8000272,8005346,16,22,41
2023-08-14,8000272,8006392,28,37,57
2023-08-14,8000319,8000319,57,82,110
2023-08-14,8000319,8002625,16,19,104
2023-08-14,8000319,8003294,14,22,109
2023-08-14,8000319,8005649,23,41,124
2023-08-14,8000357,8000357,32,36,169
2023-08-14,8000357,8000371,17,19,188
2023-08-14,8000357,8001027,16,17,161
2023-08-14,8000371,8000357,16,17,173
2023-08-14,8000371,8000371,32,36,172
2023-08-14,8000371,8006680,17,19,204
2023-08-14,8000378,8000378,43,45,61
2023-08-14,8000378,8002238,21,22,67
2023-08-14,8000378,8005346,23,23,73
2023-08-14,8000563,8000563,29,40,52
2023-08-14,8000563,8001221,17,20,51
2023-08-14,8000563,8007868,16,20,93
2023-08-14,8000792,8000792,35,46,76
2023-08-14,8000792,8002929,15,21,87
2023-08-14,8000792,8005659,17,25,35
2023-08-14,8000840,8000075,32,38,264
2023-08-14,8000840,8000840,44,76,176
2023-08-14,8000840,8002083,13,37,94
2023-08-14,8000840,8003992,0,1,0
2023-08-14,8000875,8000272,19,20,219
2023-08-14,8000875,8000875,86,115,73
2023-08-14,8000875,8004392,12,37,24
2023-08-14,8000875,8005659,17,18,80
2023-08-14,8000875,8006392,18,40,35
2023-08-14,8000923,8004236,0,2,0
2023-08-14,8000926,8000926,26,44,160
2023-08-14,8000926,8003991,14,22,226
2023-08-14,8000926,8004004,14,22,105
2023-08-14,8000941,8000941,72,82,59
2023-08-14,8000941,8004312,21,40,35
2023-08-14,8001027,8000357,16,19,172
2023-08-14,8001027,8001027,32,36,167
2023-08-14,8001027,8006581,13,17,155
2023-08-14,8001110,8000175,23,40,231
2023-08-14,8001110,8001110,43,79,159
2023-08-14,8001110,8005247,18,39,90
2023-08-14,8001221,8000563,14,20,78
2023-08-14,8001221,8001221,31,40,68
2023-08-14,8001221,8001812,14,20,42
2023-08-14,8001302,8001302,48,77,158
2023-08-14,8001302,8003796,20,38,88
2023-08-14,8001302,8005243,23,39,223
2023-08-14,8001470,8001470,25,40,91
2023-08-14,8001470,8001812,14,20,114
2023-08-14,8001470,8006627,10,20,86
2023-08-14,8001570,8001570,51,77,41
2023-08-14,8001570,8003108,12,39,18
2023-08-14,8001570,8005796,30,37,68
2023-08-14,8001812,8001221,10,20,81
2023-08-14,8001812,8001470,11,20,72
2023-08-14,8001812,8001812,28,40,79
2023-08-14,8001990,8001990,34,41,116
2023-08-14,8001990,8004909,14,21,139
2023-08-14,8002083,8000840,19,37,245
2023-08-14,8002083,8002083,37,74,172
2023-08-14,8002083,8003992,17,37,96
2023-08-14,8002117,8005796,0,2,0
2023-08-14,8002117,8005797,10,39,12
2023-08-14,8002238,8000378,20,22,53
2023-08-14,8002238,8002238,64,84,77
2023-08-14,8002238,8003059,25,42,81
2023-08-14,8002238,8003980,18,20,98
2023-08-14,8002625,8000319,17,17,180
2023-08-14,8002625,8002625,34,36,151
2023-08-14,8002625,8006581,17,19,120
2023-08-14,8002746,8002746,3,38,2
2023-08-14,8002746,8004344,3,19,5
2023-08-14,8002746,8005562,1,19,2
2023-08-14,8002929,8000792,21,25,83
2023-08-14,8002929,8002929,36,46,88
2023-08-14,8002929,8004199,16,21,104
2023-08-14,8003059,8002238,23,42,63
2023-08-14,8003059,8003059,27,40,104
2023-08-14,8003059,8006627,7,20,99
2023-08-14,8003108,8001570,12,37,41
2023-08-14,8003108,8003108,65,76,55
2023-08-14,8003294,8000319,15,24,68
2023-08-14,8003294,8003294,52,77,112
2023-08-14,8003294,8003684,24,38,150
2023-08-14,8003294,8005649,14,15,162
2023-08-14,8003516,8000272,33,36,38
2023-08-14,8003684,8001200,14,17,212
2023-08-14,8003684,8003294,26,39,69
2023-08-14,8003684,8003684,43,77,103
2023-08-14,8003796,8000175,14,38,84
2023-08-14,8003796,8001302,25,38,230
2023-08-14,8003796,8003796,48,76,165
2023-08-14,8003980,8000378,1,1,60
2023-08-14,8003980,8002238,9,20,110
2023-08-14,8003980,8003980,27,41,102
2023-08-14,8003980,8004909,15,20,81
2023-08-14,8003991,8000926,10,22,93
2023-08-14,8003991,8003991,24,44,162
2023-08-14,8003991,8003992,12,22,215
2023-08-14,8003992,8000075,16,17,337
2023-08-14,8003992,8000840,1,1,120
2023-08-14,8003992,8002083,21,37,239
2023-08-14,8003992,8003991,11,22,101
2023-08-14,8003992,8003992,56,78,201
2023-08-14,8003992,8004004,17,18,257
2023-08-14,8004004,8000926,8,22,198
2023-08-14,8004004,8003992,18,18,288
2023-08-14,8004004,8004004,53,80,199
2023-08-14,8004004,8005245,12,18,230
2023-08-14,8004004,8005246,13,22,93
2023-08-14,8004199,8002929,21,25,68
2023-08-14,8004199,8004199,37,46,90
2023-08-14,8004199,8006170,16,21,119
2023-08-14,8004236,8004236,1,2,15
2023-08-14,8004236,8004748,9,18,48
2023-08-14,8004253,8000154,11,18,177
2023-08-14,8004253,8002995,1,2,15
2023-08-14,8004253,8003040,12,18,63
2023-08-14,8004253,8004253,25,37,122
2023-08-14,8004253,8079083,16,19,41
2023-08-14,8004312,8000272,37,40,62
2023-08-14,8004312,8000941,37,42,58
2023-08-14,8004312,8004312,71,82,44
2023-08-14,8004344,8002746,0,19,0
2023-08-14,8004392,8000875,28,41,50
2023-08-14,8004392,8004392,70,78,57
2023-08-14,8004392,8004555,29,37,50
2023-08-14,8004555,8004392,40,40,74
2023-08-14,8004555,8004555,66,77,59
2023-08-14,8004555,8005659,28,37,35
2023-08-14,8004909,8001990,13,20,84
2023-08-14,8004909,8003980,10,21,120
2023-08-14,8004909,8004909,28,41,109
2023-08-14,8005044,8005044,44,73,130
2023-08-14,8005044,8005332,26,38,145
2023-08-14,8005044,8005649,19,35,110
2023-08-14,8005241,8000175,1,2,30
2023-08-14,8005241,8005241,59,82,130
2023-08-14,8005241,8005243,19,22,116
2023-08-14,8005241,8005306,14,23,106
2023-08-14,8005241,8005332,2,3,200
2023-08-14,8005241,8005649,12,14,88
2023-08-14,8005243,8001302,19,38,88
2023-08-14,8005243,8005241,10,20,111
2023-08-14,8005243,8005243,44,77,158
2023-08-14,8005243,8005332,6,10,249
2023-08-14,8005246,8004004,8,22,206
2023-08-14,8005246,8005246,18,43,146
2023-08-14,8005246,8005812,11,21,94
2023-08-14,8005247,8000075,35,57,111
2023-08-14,8005247,8000175,16,17,304
2023-08-14,8005247,8001110,25,40,230
2023-08-14,8005247,8005247,71,114,177
2023-08-14,8005306,8005241,12,23,65
2023-08-14,8005306,8005306,27,50,100
2023-08-14,8005306,8005332,13,23,108
2023-08-14,8005306,8005649,0,1,-30
2023-08-14,8005332,8005044,21,35,118
2023-08-14,8005332,8005241,4,5,204
2023-08-14,8005332,8005243,8,8,248
2023-08-14,8005332,8005306,11,23,72
2023-08-14,8005332,8005332,51,79,145
2023-08-14,8005332,8005649,4,4,495
2023-08-14,8005346,8000272,17,23,51
2023-08-14,8005346,8000378,16,22,53
2023-08-14,8005346,8005346,37,45,60
2023-08-14,8005562,8000075,8,19,17
2023-08-14,8005562,8002746,0,19,0
2023-08-14,8005562,8005562,8,38,7
2023-08-14,8005649,8000175,13,13,171
2023-08-14,8005649,8000319,30,41,121
2023-08-14,8005649,8002875,0,1,0
2023-08-14,8005649,8003294,10,16,210
2023-08-14,8005649,8003759,9,9,203
2023-08-14,8005649,8005044,24,38,145
2023-08-14,8005649,8005241,11,14,242
2023-08-14,8005649,8005306,3,3,400
2023-08-14,8005649,8005332,1,2,60
2023-08-14,8005649,8005649,103,143,168
2023-08-14,8005659,8000154,8,17,65
2023-08-14,8005659,8000792,15,21,64
2023-08-14,8005659,8000875,16,19,177
2023-08-14,8005659,8004392,1,1,30
2023-08-14,8005659,8004555,31,40,49
2023-08-14,8005659,8005659,32,82,63
2023-08-14,8005659,8006170,1,1,30
2023-08-14,8005796,8001570,23,40,36
2023-08-14,8005796,8005796,42,78,38
2023-08-14,8005796,8005797,14,37,46
2023-08-14,8005797,8002117,36,37,105
2023-08-14,8005797,8005796,9,39,14
2023-08-14,8005797,8005797,44,76,44
2023-08-14,8006170,8000154,19,22,74
2023-08-14,8006170,8004199,23,25,61
2023-08-14,8006170,8005659,1,1,30
2023-08-14,8006170,8006170,40,48,79
2023-08-14,8006392,8000272,19,40,34
2023-08-14,8006392,8000875,20,37,32
2023-08-14,8006392,8006392,46,77,36
2023-08-14,8006581,8001027,17,19,193
2023-08-14,8006581,8002625,15,17,168
2023-08-14,8006581,8006581,33,36,164
2023-08-14,8006627,8001470,9,20,98
2023-08-14,8006627,8003059,19,20,86
2023-08-14,8006627,8006627,19,40,83
2023-08-14,8007868,8000563,4,20,8
2023-08-14,8079083,8000154,15,19,41
2023-08-14,8079083,8004253,15,18,97
2023-08-14,8079083,8079083,30,37,107
2023-08-15,8000075,8000075,66,77,119
2023-08-15,8000075,8000840,16,21,63
2023-08-15,8000075,8003992,13,18,57
2023-08-15,8000075,8005247,33,37,159
2023-08-15,8000075,8005562,0,13,0
2023-08-15,8000154,8000154,48,66,267
2023-08-15,8000154,8004253,15,18,227
2023-08-15,8000154,8005659,15,17,672
2023-08-15,8000154,8006170,15,20,114
2023-08-15,8000154,8079083,13,15,186
2023-08-15,8000175,8000175,62,77,111
2023-08-15,8000175,8001110,15,22,52
2023-08-15,8000175,8003796,17,19,96
2023-08-15,8000175,8005247,16,18,62
2023-08-15,8000175,8005649,14,14,229
2023-08-15,8000272,8000272,88,101,194
2023-08-15,8000272,8000875,12,18,78
2023-08-15,8000272,8003516,16,18,165
2023-08-15,8000272,8004312,13,29,31
2023-08-15,8000272,8005346,11,14,62
2023-08-15,8000272,8006392,12,18,53
2023-08-15,8000319,8000319,51,76,191
2023-08-15,8000319,8002625,15,19,134
2023-08-15,8000319,8003294,10,19,36
2023-08-15,8000319,8005649,23,38,297
2023-08-15,8000357,8000357,31,36,468
2023-08-15,8000357,8000371,15,19,395
2023-08-15,8000357,8001027,16,17,565
2023-08-15,8000371,8000357,15,17,572
2023-08-15,8000371,8000371,31,36,476
2023-08-15,8000371,8006680,17,19,434
2023-08-15,8000378,8000378,28,29,72
2023-08-15,8000378,8002238,14,14,92
2023-08-15,8000378,8005346,15,15,70
2023-08-15,8000563,8000563,16,26,39
2023-08-15,8000563,8001221,11,13,51
2023-08-15,8000563,8007868,9,13,62
2023-08-15,8000792,8000792,26,36,156
2023-08-15,8000792,8002929,11,17,143
2023-08-15,8000792,8005659,14,19,147
2023-08-15,8000840,8000075,18,20,104
2023-08-15,8000840,8000840,29,41,67
2023-08-15,8000840,8002083,12,21,49
2023-08-15,8000875,8000272,17,19,692
2023-08-15,8000875,8000875,61,74,247
2023-08-15,8000875,8004392,7,18,27
2023-08-15,8000875,8005659,16,18,92
2023-08-15,8000875,8006392,13,19,155
2023-08-15,8000923,8004236,0,2,0
2023-08-15,8000926,8000926,24,36,52
2023-08-15,8000926,8003991,16,18,80
2023-08-15,8000926,8004004,12,18,43
2023-08-15,8000941,8000941,50,58,65
2023-08-15,8000941,8004312,15,29,32
2023-08-15,8001027,8000357,15,19,377
2023-08-15,8001027,8001027,30,36,472
2023-08-15,8001027,8006581,14,17,579
2023-08-15,8001110,8000175,14,20,69
2023-08-15,8001110,8001110,28,42,58
2023-08-15,8001110,8005247,14,22,46
2023-08-15,8001221,8000563,10,13,46
2023-08-15,8001221,8001221,22,26,58
2023-08-15,8001221,8001812,11,13,67
2023-08-15,8001302,8001302,27,41,58
2023-08-15,8001302,8003796,14,22,50
2023-08-15,8001302,8005243,14,19,63
2023-08-15,8001470,8001470,17,26,48
2023-08-15,8001470,8001812,9,13,65
2023-08-15,8001470,8006627,9,13,60
2023-08-15,8001570,8001570,26,37,33
2023-08-15,8001570,8003108,6,19,11
2023-08-15,8001570,8005796,13,18,42
2023-08-15,8001812,8001221,4,13,35
2023-08-15,8001812,8001470,6,13,28
2023-08-15,8001812,8001812,17,26,48
2023-08-15,8001990,8001990,24,27,82
2023-08-15,8001990,8004909,11,14,77
2023-08-15,8002083,8000840,11,19,57
2023-08-15,8002083,8002083,28,40,63
2023-08-15,8002083,8003992,15,21,60
2023-08-15,8002117,8005797,2,19,5
2023-08-15,8002238,8000378,13,14,49
2023-08-15,8002238,8002238,40,54,56
2023-08-15,8002238,8003059,15,27,62
2023-08-15,8002238,8003980,12,13,58
2023-08-15,8002625,8000319,15,17,586
2023-08-15,8002625,8002625,31,36,360
2023-08-15,8002625,8006581,16,19,145
2023-08-15,8002746,8002746,0,26,0
2023-08-15,8002746,8004344,0,13,0
2023-08-15,8002746,8005562,0,13,0
2023-08-15,8002929,8000792,15,19,182
2023-08-15,8002929,8002929,27,36,165
2023-08-15,8002929,8004199,12,17,154
2023-08-15,8003059,8002238,15,27,40
2023-08-15,8003059,8003059,16,26,65
2023-08-15,8003059,8006627,3,13,37
2023-08-15,8003108,8001570,4,18,20
2023-08-15,8003108,8003108,34,37,37
2023-08-15,8003294,8000319,15,21,73
2023-08-15,8003294,8003294,43,71,71
2023-08-15,8003294,8003684,19,35,52
2023-08-15,8003294,8005649,11,15,172
2023-08-15,8003516,8000272,18,18,38
2023-08-15,8003684,8001200,11,17,88
2023-08-15,8003684,8003294,23,36,88
2023-08-15,8003684,8003684,40,71,67
2023-08-15,8003796,8000175,13,22,46
2023-08-15,8003796,8001302,13,19,65
2023-08-15,8003796,8003796,30,41,67
2023-08-15,8003980,8000378,1,1,60
2023-08-15,8003980,8002238,3,13,39
2023-08-15,8003980,8003980,18,27,49
2023-08-15,8003980,8004909,10,13,53
2023-08-15,8003991,8000926,7,18,37
2023-08-15,8003991,8003991,26,36,59
2023-08-15,8003991,8003992,12,18,62
2023-08-15,8003992,8000075,17,17,339
2023-08-15,8003992,8000840,1,1,180
2023-08-15,8003992,8002083,13,19,60
2023-08-15,8003992,8003991,10,18,47
2023-08-15,8003992,8003992,58,72,130
2023-08-15,8003992,8004004,17,18,85
2023-08-15,8004004,8000926,8,18,38
2023-08-15,8004004,8003992,18,18,310
2023-08-15,8004004,8004004,49,72,112
2023-08-15,8004004,8005245,12,18,70
2023-08-15,8004004,8005246,7,18,32
2023-08-15,8004199,8002929,16,19,166
2023-08-15,8004199,8004199,29,36,158
2023-08-15,8004199,8006170,12,17,166
2023-08-15,8004236,8004236,0,2,0
2023-08-15,8004236,8004748,2,18,2
2023-08-15,8004253,8000154,15,18,507
2023-08-15,8004253,8002995,2,2,45
2023-08-15,8004253,8003040,14,18,225
2023-08-15,8004253,8004253,30,37,354
2023-08-15,8004253,8079083,12,16,112
2023-08-15,8004312,8000272,23,29,56
2023-08-15,8004312,8000941,25,29,71
2023-08-15,8004312,8004312,44,58,46
2023-08-15,8004344,8002746,0,13,0
2023-08-15,8004392,8000875,17,19,172
2023-08-15,8004392,8004392,36,37,122
2023-08-15,8004392,8004555,17,18,65
2023-08-15,8004555,8004392,19,19,189
2023-08-15,8004555,8004555,34,37,130
2023-08-15,8004555,8005659,16,18,55
2023-08-15,8004909,8001990,11,13,83
2023-08-15,8004909,8003980,6,14,39
2023-08-15,8004909,8004909,22,27,66
2023-08-15,8005044,8005044,42,67,101
2023-08-15,8005044,8005332,26,35,145
2023-08-15,8005044,8005649,13,32,38
2023-08-15,8005241,8000175,1,1,120
2023-08-15,8005241,8005241,54,76,138
2023-08-15,8005241,8005243,16,18,83
2023-08-15,8005241,8005306,11,20,33
2023-08-15,8005241,8005332,3,3,60
2023-08-15,8005241,8005649,10,14,92
2023-08-15,8005243,8001302,12,22,50
2023-08-15,8005243,8005241,10,17,46
2023-08-15,8005243,8005243,28,41,62
2023-08-15,8005246,8004004,10,18,50
2023-08-15,8005246,8005246,12,36,33
2023-08-15,8005246,8005812,8,18,38
2023-08-15,8005247,8000075,30,40,61
2023-08-15,8005247,8000175,17,17,251
2023-08-15,8005247,8001110,14,20,69
2023-08-15,8005247,8005247,59,77,101
2023-08-15,8005306,8005241,8,20,54
2023-08-15,8005306,8005306,22,44,138
2023-08-15,8005306,8005332,9,20,33
2023-08-15,8005306,8005649,0,1,0
2023-08-15,8005332,8005044,19,32,51
2023-08-15,8005332,8005241,3,5,138
2023-08-15,8005332,8005306,11,20,72
2023-08-15,8005332,8005332,47,73,88
2023-08-15,8005332,8005649,4,4,68
2023-08-15,8005346,8000272,13,15,50
2023-08-15,8005346,8000378,13,14,90
2023-08-15,8005346,8005346,28,29,74
2023-08-15,8005562,8000075,0,13,0
2023-08-15,8005562,8002746,0,13,0
2023-08-15,8005562,8005562,0,26,0
2023-08-15,8005649,8000175,11,13,92
2023-08-15,8005649,8000319,28,38,90
2023-08-15,8005649,8002875,1,1,90
2023-08-15,8005649,8003294,9,16,66
2023-08-15,8005649,8003759,9,9,367
2023-08-15,8005649,8005044,24,35,150
2023-08-15,8005649,8005241,12,14,418
2023-08-15,8005649,8005306,3,3,1430
2023-08-15,8005649,8005332,2,2,45
2023-08-15,8005649,8005649,99,137,162
2023-08-15,8005659,8000154,10,17,199
2023-08-15,8005659,8000792,11,17,127
2023-08-15,8005659,8000875,17,19,654
2023-08-15,8005659,8004555,16,19,178
2023-08-15,8005659,8005659,43,72,254
2023-08-15,8005659,8006170,1,1,60
2023-08-15,8005796,8001570,14,19,43
2023-08-15,8005796,8005796,19,37,23
2023-08-15,8005796,8005797,3,18,17
2023-08-15,8005797,8002117,18,18,83
2023-08-15,8005797,8005796,2,19,5
2023-08-15,8005797,8005797,20,37,28
2023-08-15,8006170,8000154,15,18,132
2023-08-15,8006170,8004199,16,19,134
2023-08-15,8006170,8005659,0,1,0
2023-08-15,8006170,8006170,28,38,135
2023-08-15,8006392,8000272,17,19,159
2023-08-15,8006392,8000875,9,18,37
2023-08-15,8006392,8006392,29,37,101
2023-08-15,8006581,8001027,17,19,396
2023-08-15,8006581,8002625,14,17,577
2023-08-15,8006581,8006581,31,36,420
2023-08-15,8006627,8001470,5,13,42
2023-08-15,8006627,8003059,13,13,78
2023-08-15,8006627,8006627,13,26,46
2023-08-15,8007868,8000563,5,13,21
2023-08-15,8079083,8000154,10,16,111
2023-08-15,8079083,8004253,13,15,176
2023-08-15,8079083,8079083,25,31,179
2023-08-16,8000075,8000075,81,111,172
2023-08-16,8000075,8000840,25,38,95
2023-08-16,8000075,8003992,15,18,97
2023-08-16,8000075,8005247,36,56,231
2023-08-16,8000075,8005562,0,19,0
2023-08-16,8000154,8000154,45,70,208
2023-08-16,8000154,8004253,14,18,190
2023-08-16,8000154,8005659,12,17,471
2023-08-16,8000154,8006170,23,26,115
2023-08-16,8000154,8079083,15,17,154
2023-08-16,8000175,8000175,80,113,160
2023-08-16,8000175,8001110,26,39,83
2023-08-16,8000175,8001302,1,1,120
2023-08-16,8000175,8003796,27,37,152
2023-08-16,8000175,8005247,14,18,77
2023-08-16,8000175,8005649,13,14,435
2023-08-16,8000272,8000272,131,156,134
2023-08-16,8000272,8000875,11,18,78
2023-08-16,8000272,8003516,29,39,85
2023-08-16,8000272,8004312,24,42,51
2023-08-16,8000272,8005346,16,22,87
2023-08-16,8000272,8006392,27,37,54
2023-08-16,8000319,8000319,60,82,203
2023-08-16,8000319,8002625,15,19,122
2023-08-16,8000319,8003294,13,22,125
2023-08-16,8000319,8005649,24,41,281
2023-08-16,8000357,8000357,32,36,364
2023-08-16,8000357,8000371,16,19,243
2023-08-16,8000357,8001027,16,17,508
2023-08-16,8000371,8000357,16,17,519
2023-08-16,8000371,8000371,32,36,368
2023-08-16,8000371,8006680,16,19,267
2023-08-16,8000378,8000378,41,45,149
2023-08-16,8000378,8002238,18,22,142
2023-08-16,8000378,8005346,22,23,166
2023-08-16,8000563,8000563,33,40,108
2023-08-16,8000563,8001221,18,20,96
2023-08-16,8000563,8007868,17,20,154
2023-08-16,8000792,8000792,38,46,122
2023-08-16,8000792,8002929,15,21,63
2023-08-16,8000792,8005659,22,25,138
2023-08-16,8000840,8000075,28,38,143
2023-08-16,8000840,8000840,52,76,111
2023-08-16,8000840,8002083,20,37,90
2023-08-16,8000840,8003992,1,1,240
2023-08-16,8000875,8000272,19,20,468
2023-08-16,8000875,8000875,84,115,138
2023-08-16,8000875,8004392,11,37,22
2023-08-16,8000875,8005659,13,18,93
2023-08-16,8000875,8006392,21,40,93
2023-08-16,8000923,8004236,0,2,0
2023-08-16,8000926,8000926,29,43,140
2023-08-16,8000926,8003991,17,21,159
2023-08-16,8000926,8004004,15,22,142
2023-08-16,8000941,8000941,66,82,77
2023-08-16,8000941,8004312,24,40,56
2023-08-16,8001027,8000357,16,19,231
2023-08-16,8001027,8001027,32,36,362
2023-08-16,8001027,8006581,15,17,510
2023-08-16,8001110,8000175,25,39,119
2023-08-16,8001110,8001110,51,78,96
2023-08-16,8001110,8005247,26,39,85
2023-08-16,8001221,8000563,15,20,126
2023-08-16,8001221,8001221,33,40,116
2023-08-16,8001221,8001812,17,20,92
2023-08-16,8001302,8001302,46,76,112
2023-08-16,8001302,8003796,21,38,73
2023-08-16,8001302,8005243,24,38,150
2023-08-16,8001470,8001470,32,40,96
2023-08-16,8001470,8001812,17,20,135
2023-08-16,8001470,8006627,15,20,80
2023-08-16,8001570,8001570,43,77,23
2023-08-16,8001570,8003108,9,39,12
2023-08-16,8001570,8005796,18,37,28
2023-08-16,8001812,8001221,11,20,96
2023-08-16,8001812,8001470,14,20,56
2023-08-16,8001812,8001812,31,40,87
2023-08-16,8001990,8001990,38,41,80
2023-08-16,8001990,8004909,16,21,53
2023-08-16,8002083,8000840,22,37,113
2023-08-16,8002083,8002083,46,74,107
2023-08-16,8002083,8003992,22,37,97
2023-08-16,8002117,8005796,1,2,30
2023-08-16,8002117,8005797,12,39,12
2023-08-16,8002238,8000378,21,22,149
2023-08-16,8002238,8002238,76,84,116
2023-08-16,8002238,8003059,34,42,129
2023-08-16,8002238,8003980,19,20,100
2023-08-16,8002625,8000319,15,17,519
2023-08-16,8002625,8002625,31,36,318
2023-08-16,8002625,8006581,16,19,142
2023-08-16,8002746,8002746,0,38,0
2023-08-16,8002746,8004344,0,19,0
2023-08-16,8002746,8005562,0,19,0
2023-08-16,8002929,8000792,22,25,185
2023-08-16,8002929,8002929,37,46,133
2023-08-16,8002929,8004199,16,21,86
2023-08-16,8003059,8002238,26,42,86
2023-08-16,8003059,8003059,32,40,106
2023-08-16,8003059,8006627,12,20,106
2023-08-16,8003108,8001570,8,37,11
2023-08-16,8003108,8003108,53,76,30
2023-08-16,8003294,8000319,16,24,101
2023-08-16,8003294,8003294,52,77,133
2023-08-16,8003294,8003684,27,38,185
2023-08-16,8003294,8005649,13,15,132
2023-08-16,8003516,8000272,29,36,34
2023-08-16,8003684,8001200,17,17,328
2023-08-16,8003684,8003294,24,39,81
2023-08-16,8003684,8003684,47,77,126
2023-08-16,8003796,8000175,20,38,65
2023-08-16,8003796,8001302,23,37,148
2023-08-16,8003796,8003796,47,75,112
2023-08-16,8003980,8000378,1,1,60
2023-08-16,8003980,8002238,14,20,114
2023-08-16,8003980,8003980,33,41,89
2023-08-16,8003980,8004909,18,20,104
2023-08-16,8003991,8000926,13,22,121
2023-08-16,8003991,8003991,30,43,140
2023-08-16,8003991,8003992,16,21,151
2023-08-16,8003992,8000075,17,17,566
2023-08-16,8003992,8000840,1,1,30
2023-08-16,8003992,8002083,21,37,115
2023-08-16,8003992,8003991,12,22,125
2023-08-16,8003992,8003992,61,78,229
2023-08-16,8003992,8004004,15,18,125
2023-08-16,8004004,8000926,6,21,121
2023-08-16,8004004,8003992,17,18,530
2023-08-16,8004004,8004004,51,79,216
2023-08-16,8004004,8005245,12,18,88
2023-08-16,8004004,8005246,14,22,143
2023-08-16,8004199,8002929,23,25,170
2023-08-16,8004199,8004199,40,46,140
2023-08-16,8004199,8006170,16,21,119
2023-08-16,8004236,8004236,0,2,0
2023-08-16,8004236,8004748,6,18,18
2023-08-16,8004253,8000154,13,18,410
2023-08-16,8004253,8002995,2,2,60
2023-08-16,8004253,8003040,15,18,202
2023-08-16,8004253,8004253,28,37,291
2023-08-16,8004253,8079083,16,18,123
2023-08-16,8004312,8000272,34,40,86
2023-08-16,8004312,8000941,36,42,80
2023-08-16,8004312,8004312,68,82,65
2023-08-16,8004344,8002746,0,19,0
2023-08-16,8004392,8000875,30,41,104
2023-08-16,8004392,8004392,68,78,82
2023-08-16,8004392,8004555,30,37,53
2023-08-16,8004555,8004392,37,40,104
2023-08-16,8004555,8004555,62,77,74
2023-08-16,8004555,8005659,28,37,49
2023-08-16,8004909,8001990,19,20,100
2023-08-16,8004909,8003980,12,21,34
2023-08-16,8004909,8004909,37,41,76
2023-08-16,8005044,8005044,53,73,124
2023-08-16,8005044,8005332,27,38,148
2023-08-16,8005044,8005649,22,35,87
2023-08-16,8005241,8000175,2,2,135
2023-08-16,8005241,8005241,57,82,182
2023-08-16,8005241,8005243,19,22,106
2023-08-16,8005241,8005306,13,23,81
2023-08-16,8005241,8005332,3,3,100
2023-08-16,8005241,8005649,10,14,75
2023-08-16,8005243,8001302,21,38,73
2023-08-16,8005243,8005241,16,20,126
2023-08-16,8005243,8005243,51,76,114
2023-08-16,8005243,8005332,6,10,126
2023-08-16,8005246,8004004,8,21,134
2023-08-16,8005246,8005246,19,42,130
2023-08-16,8005246,8005812,12,21,150
2023-08-16,8005247,8000075,38,57,93
2023-08-16,8005247,8000175,15,17,476
2023-08-16,8005247,8001110,23,39,110
2023-08-16,8005247,8005247,74,113,156
2023-08-16,8005306,8005241,9,23,76
2023-08-16,8005306,8005306,26,50,92
2023-08-16,8005306,8005332,12,23,85
2023-08-16,8005306,8005649,0,1,-30
2023-08-16,8005332,8005044,25,35,95
2023-08-16,8005332,8005241,4,5,282
2023-08-16,8005332,8005243,6,8,146
2023-08-16,8005332,8005306,12,23,94
2023-08-16,8005332,8005332,50,79,120
2023-08-16,8005332,8005649,4,4,105
2023-08-16,8005346,8000272,22,23,154
2023-08-16,8005346,8000378,17,22,135
2023-08-16,8005346,8005346,39,45,141
2023-08-16,8005562,8000075,0,19,0
2023-08-16,8005562,8002746,0,19,0
2023-08-16,8005562,8005562,0,38,0
2023-08-16,8005649,8000175,12,13,113
2023-08-16,8005649,8000319,31,41,127
2023-08-16,8005649,8002875,1,1,30
2023-08-16,8005649,8003294,12,16,178
2023-08-16,8005649,8003759,9,9,613
2023-08-16,8005649,8005044,27,38,154
2023-08-16,8005649,8005241,12,14,585
2023-08-16,8005649,8005306,3,3,300
2023-08-16,8005649,8005332,2,2,345
2023-08-16,8005649,8005649,110,143,193
2023-08-16,8005659,8000154,9,17,115
2023-08-16,8005659,8000792,17,21,57
2023-08-16,8005659,8000875,15,19,439
2023-08-16,8005659,8004392,1,1,30
2023-08-16,8005659,8004555,30,40,90
2023-08-16,8005659,8005659,40,82,156
2023-08-16,8005659,8006170,1,1,210
2023-08-16,8005796,8001570,28,40,37
2023-08-16,8005796,8005796,37,78,22
2023-08-16,8005796,8005797,7,37,13
2023-08-16,8005797,8002117,35,37,63
2023-08-16,8005797,8005796,9,39,12
2023-08-16,8005797,8005797,42,76,25
2023-08-16,8006170,8000154,19,22,95
2023-08-16,8006170,8004199,24,25,150
2023-08-16,8006170,8005659,0,1,0
2023-08-16,8006170,8006170,41,48,126
2023-08-16,8006392,8000272,27,40,97
2023-08-16,8006392,8000875,26,37,41
2023-08-16,8006392,8006392,55,77,71
2023-08-16,8006581,8001027,16,19,278
2023-08-16,8006581,8002625,15,17,506
2023-08-16,8006581,8006581,31,36,365
2023-08-16,8006627,8001470,10,20,106
2023-08-16,8006627,8003059,20,20,100
2023-08-16,8006627,8006627,26,40,91
2023-08-16,8007868,8000563,6,20,82
2023-08-16,8079083,8000154,15,18,125
2023-08-16,8079083,8004253,15,17,184
2023-08-16,8079083,8079083,30,35,177
2023-08-17,8000075,8000075,94,111,199
2023-08-17,8000075,8000840,26,38,132
2023-08-17,8000075,8003992,17,18,398
2023-08-17,8000075,8005247,45,56,168
2023-08-17,8000075,8005562,0,19,0
2023-08-17,8000154,8000154,40,70,71
2023-08-17,8000154,8004253,17,18,110
2023-08-17,8000154,8005659,13,17,145
2023-08-17,8000154,8006170,22,26,43
2023-08-17,8000154,8079083,16,17,94
2023-08-17,8000175,8000175,82,113,201
2023-08-17,8000175,8001110,24,39,96
2023-08-17,8000175,8001302,1,1,270
2023-08-17,8000175,8003796,30,37,152
2023-08-17,8000175,8005247,16,18,393
2023-08-17,8000175,8005649,13,14,351
2023-08-17,8000272,8000272,119,156,69
2023-08-17,8000272,8000875,11,18,48
2023-08-17,8000272,8003516,29,39,51
2023-08-17,8000272,8004312,16,42,20
2023-08-17,8000272,8005346,20,22,67
2023-08-17,8000272,8006392,29,37,54
2023-08-17,8000319,8000319,67,82,229
2023-08-17,8000319,8002625,15,19,231
2023-08-17,8000319,8003294,16,22,106
2023-08-17,8000319,8005649,32,41,312
2023-08-17,8000357,8000357,34,36,472
2023-08-17,8000357,8000371,18,19,491
2023-08-17,8000357,8001027,16,17,473
2023-08-17,8000371,8000357,16,17,485
2023-08-17,8000371,8000371,34,36,477
2023-08-17,8000371,8006680,17,19,489
2023-08-17,8000378,8000378,43,45,68
2023-08-17,8000378,8002238,19,22,74
2023-08-17,8000378,8005346,23,23,72
2023-08-17,8000563,8000563,23,40,40
2023-08-17,8000563,8001221,15,20,40
2023-08-17,8000563,8007868,14,20,75
2023-08-17,8000792,8000792,39,46,78
2023-08-17,8000792,8002929,19,21,84
2023-08-17,8000792,8005659,19,25,44
2023-08-17,8000840,8000075,33,38,111
2023-08-17,8000840,8000840,53,76,110
2023-08-17,8000840,8002083,23,37,131
2023-08-17,8000840,8003992,0,1,0
2023-08-17,8000875,8000272,18,20,195
2023-08-17,8000875,8000875,82,115,67
2023-08-17,8000875,8004392,12,37,21
2023-08-17,8000875,8005659,16,18,65
2023-08-17,8000875,8006392,15,40,40
2023-08-17,8000923,8004236,0,2,0
2023-08-17,8000926,8000926,31,43,145
2023-08-17,8000926,8003991,17,21,136
2023-08-17,8000926,8004004,17,22,166
2023-08-17,8000941,8000941,70,82,57
2023-08-17,8000941,8004312,24,40,42
2023-08-17,8001027,8000357,18,19,469
2023-08-17,8001027,8001027,34,36,478
2023-08-17,8001027,8006581,16,17,489
2023-08-17,8001110,8000175,26,39,125
2023-08-17,8001110,8001110,51,78,108
2023-08-17,8001110,8005247,24,39,104
2023-08-17,8001221,8000563,11,20,52
2023-08-17,8001221,8001221,26,40,50
2023-08-17,8001221,8001812,12,20,39
2023-08-17,8001302,8001302,46,76,113
2023-08-17,8001302,8003796,21,38,86
2023-08-17,8001302,8005243,28,38,144
2023-08-17,8001470,8001470,22,40,38
2023-08-17,8001470,8001812,14,20,69
2023-08-17,8001470,8006627,10,20,30
2023-08-17,8001570,8001570,51,77,56
2023-08-17,8001570,8003108,11,39,13
2023-08-17,8001570,8005796,29,37,101
2023-08-17,8001812,8001221,8,20,48
2023-08-17,8001812,8001470,8,20,15
2023-08-17,8001812,8001812,21,40,44
2023-08-17,8001990,8001990,31,41,53
2023-08-17,8001990,8004909,12,21,46
2023-08-17,8002083,8000840,18,37,82
2023-08-17,8002083,8002083,49,74,111
2023-08-17,8002083,8003992,24,37,130
2023-08-17,8002117,8005796,0,2,0
2023-08-17,8002117,8005797,16,39,16
2023-08-17,8002238,8000378,21,22,53
2023-08-17,8002238,8002238,69,84,59
2023-08-17,8002238,8003059,28,42,55
2023-08-17,8002238,8003980,19,20,68
2023-08-17,8002625,8000319,16,17,514
2023-08-17,8002625,8002625,31,36,368
2023-08-17,8002625,8006581,15,19,240
2023-08-17,8002746,8002746,0,38,0
2023-08-17,8002746,8004344,0,19,0
2023-08-17,8002746,8005562,0,19,0
2023-08-17,8002929,8000792,21,25,84
2023-08-17,8002929,8002929,39,46,89
2023-08-17,8002929,8004199,19,21,94
2023-08-17,8003059,8002238,26,42,50
2023-08-17,8003059,8003059,29,40,56
2023-08-17,8003059,8006627,9,20,46
2023-08-17,8003108,8001570,14,37,62
2023-08-17,8003108,8003108,61,76,51
2023-08-17,8003294,8000319,19,24,122
2023-08-17,8003294,8003294,59,77,128
2023-08-17,8003294,8003684,29,38,105
2023-08-17,8003294,8005649,12,15,234
2023-08-17,8003516,8000272,32,36,30
2023-08-17,8003684,8001200,16,17,104
2023-08-17,8003684,8003294,26,39,145
2023-08-17,8003684,8003684,50,77,120
2023-08-17,8003796,8000175,19,38,89
2023-08-17,8003796,8001302,28,37,139
2023-08-17,8003796,8003796,51,75,119
2023-08-17,8003980,8000378,1,1,60
2023-08-17,8003980,8002238,6,20,44
2023-08-17,8003980,8003980,30,41,48
2023-08-17,8003980,8004909,15,20,54
2023-08-17,8003991,8000926,14,22,155
2023-08-17,8003991,8003991,33,43,148
2023-08-17,8003991,8003992,15,21,124
2023-08-17,8003992,8000075,17,17,408
2023-08-17,8003992,8000840,0,1,0
2023-08-17,8003992,8002083,25,37,89
2023-08-17,8003992,8003991,16,22,166
2023-08-17,8003992,8003992,66,78,268
2023-08-17,8003992,8004004,18,18,427
2023-08-17,8004004,8000926,10,21,100
2023-08-17,8004004,8003992,17,18,397
2023-08-17,8004004,8004004,56,79,252
2023-08-17,8004004,8005245,16,18,390
2023-08-17,8004004,8005246,13,22,149
2023-08-17,8004199,8002929,21,25,74
2023-08-17,8004199,8004199,38,46,84
2023-08-17,8004199,8006170,19,21,110
2023-08-17,8004236,8004236,0,2,0
2023-08-17,8004236,8004748,3,18,8
2023-08-17,8004253,8000154,14,18,150
2023-08-17,8004253,8002995,2,2,30
2023-08-17,8004253,8003040,17,18,95
2023-08-17,8004253,8004253,30,37,126
2023-08-17,8004253,8079083,16,18,47
2023-08-17,8004312,8000272,35,40,65
2023-08-17,8004312,8000941,32,42,51
2023-08-17,8004312,8004312,64,82,43
2023-08-17,8004344,8002746,0,19,0
2023-08-17,8004392,8000875,29,41,58
2023-08-17,8004392,8004392,71,78,58
2023-08-17,8004392,8004555,31,37,49
2023-08-17,8004555,8004392,40,40,76
2023-08-17,8004555,8004555,64,77,63
2023-08-17,8004555,8005659,29,37,43
2023-08-17,8004909,8001990,10,20,45
2023-08-17,8004909,8003980,9,21,30
2023-08-17,8004909,8004909,28,41,47
2023-08-17,8005044,8005044,56,73,146
2023-08-17,8005044,8005332,30,38,202
2023-08-17,8005044,8005649,21,35,78
2023-08-17,8005241,8000175,2,2,1335
2023-08-17,8005241,8005241,60,82,224
2023-08-17,8005241,8005243,21,22,145
2023-08-17,8005241,8005306,15,23,83
2023-08-17,8005241,8005332,2,3,130
2023-08-17,8005241,8005649,10,14,139
2023-08-17,8005243,8001302,17,38,83
2023-08-17,8005243,8005241,16,20,128
2023-08-17,8005243,8005243,52,76,114
2023-08-17,8005243,8005332,7,10,90
2023-08-17,8005246,8004004,12,21,114
2023-08-17,8005246,8005246,22,42,124
2023-08-17,8005246,8005812,13,21,156
2023-08-17,8005247,8000075,45,57,209
2023-08-17,8005247,8000175,16,17,353
2023-08-17,8005247,8001110,25,39,115
2023-08-17,8005247,8005247,83,113,189
2023-08-17,8005306,8005241,14,23,129
2023-08-17,8005306,8005306,32,50,169
2023-08-17,8005306,8005332,14,23,85
2023-08-17,8005306,8005649,0,1,0
2023-08-17,8005332,8005044,24,35,82
2023-08-17,8005332,8005241,4,5,192
2023-08-17,8005332,8005243,6,8,68
2023-08-17,8005332,8005306,16,23,147
2023-08-17,8005332,8005332,55,79,138
2023-08-17,8005332,8005649,4,4,75
2023-08-17,8005346,8000272,20,23,53
2023-08-17,8005346,8000378,20,22,76
2023-08-17,8005346,8005346,41,45,72
2023-08-17,8005562,8000075,0,19,0
2023-08-17,8005562,8002746,0,19,0
2023-08-17,8005562,8005562,0,38,0
2023-08-17,8005649,8000175,13,13,351
2023-08-17,8005649,8000319,32,41,178
2023-08-17,8005649,8002875,0,1,0
2023-08-17,8005649,8003294,14,16,88
2023-08-17,8005649,8003759,8,9,390
2023-08-17,8005649,8005044,30,38,208
2023-08-17,8005649,8005241,13,14,688
2023-08-17,8005649,8005306,3,3,1180
2023-08-17,8005649,8005332,2,2,285
2023-08-17,8005649,8005649,107,143,262
2023-08-17,8005659,8000154,13,17,74
2023-08-17,8005659,8000792,19,21,66
2023-08-17,8005659,8000875,15,19,155
2023-08-17,8005659,8004392,1,1,30
2023-08-17,8005659,8004555,33,40,56
2023-08-17,8005659,8005659,47,82,60
2023-08-17,8005659,8006170,1,1,60
2023-08-17,8005796,8001570,26,40,37
2023-08-17,8005796,8005796,45,78,53
2023-08-17,8005796,8005797,12,37,74
2023-08-17,8005797,8002117,35,37,130
2023-08-17,8005797,8005796,11,39,14
2023-08-17,8005797,8005797,50,76,59
2023-08-17,8006170,8000154,20,22,60
2023-08-17,8006170,8004199,21,25,62
2023-08-17,8006170,8005659,0,1,0
2023-08-17,8006170,8006170,42,48,78
2023-08-17,8006392,8000272,23,40,47
2023-08-17,8006392,8000875,17,37,26
2023-08-17,8006392,8006392,47,77,39
2023-08-17,8006581,8001027,18,19,485
2023-08-17,8006581,8002625,16,17,473
2023-08-17,8006581,8006581,34,36,421
2023-08-17,8006627,8001470,6,20,39
2023-08-17,8006627,8003059,18,20,36
2023-08-17,8006627,8006627,16,40,28
2023-08-17,8007868,8000563,4,20,10
2023-08-17,8079083,8000154,16,18,37
2023-08-17,8079083,8004253,16,17,94
2023-08-17,8079083,8079083,31,35,107
2023-08-18,8000075,8000075,80,111,176
2023-08-18,8000075,8000840,25,38,137
2023-08-18,8000075,8003992,16,18,143
2023-08-18,8000075,8005247,40,56,234
2023-08-18,8000075,8005562,0,19,0
2023-08-18,8000154,8000154,40,71,84
2023-08-18,8000154,8004253,15,18,83
2023-08-18,8000154,8005659,13,17,214
2023-08-18,8000154,8006170,23,26,42
2023-08-18,8000154,8079083,15,18,87
2023-08-18,8000175,8000175,76,113,153
2023-08-18,8000175,8001110,26,39,78
2023-08-18,8000175,8001302,1,1,390
2023-08-18,8000175,8003796,29,37,183
2023-08-18,8000175,8005247,12,18,48
2023-08-18,8000175,8005649,13,14,433
2023-08-18,8000272,8000272,120,156,79
2023-08-18,8000272,8000875,13,18,53
2023-08-18,8000272,8003516,24,39,48
2023-08-18,8000272,8004312,11,42,-46
2023-08-18,8000272,8005346,17,22,50
2023-08-18,8000272,8006392,30,37,70
2023-08-18,8000319,8000319,39,83,94
2023-08-18,8000319,8002625,5,20,44
2023-08-18,8000319,8003294,15,22,177
2023-08-18,8000319,8005649,15,41,63
2023-08-18,8000357,8000357,12,37,79
2023-08-18,8000357,8000371,5,20,72
2023-08-18,8000357,8001027,7,17,92
2023-08-18,8000371,8000357,7,17,94
2023-08-18,8000371,8000371,12,37,78
2023-08-18,8000371,8006680,6,20,74
2023-08-18,8000378,8000378,39,45,75
2023-08-18,8000378,8002238,17,22,71
2023-08-18,8000378,8005346,22,23,95
2023-08-18,8000563,8000563,26,40,31
2023-08-18,8000563,8001221,13,20,51
2023-08-18,8000563,8007868,14,20,48
2023-08-18,8000792,8000792,36,46,69
2023-08-18,8000792,8002929,16,21,76
2023-08-18,8000792,8005659,19,25,41
2023-08-18,8000840,8000075,30,38,182
2023-08-18,8000840,8000840,53,76,151
2023-08-18,8000840,8002083,18,37,132
2023-08-18,8000840,8003992,0,1,-30
2023-08-18,8000875,8000272,19,20,246
2023-08-18,8000875,8000875,83,115,75
2023-08-18,8000875,8004392,11,37,25
2023-08-18,8000875,8005659,16,18,72
2023-08-18,8000875,8006392,17,40,32
2023-08-18,8000923,8004236,0,2,0
2023-08-18,8000926,8000926,32,44,235
2023-08-18,8000926,8003991,15,22,218
2023-08-18,8000926,8004004,19,22,255
2023-08-18,8000941,8000941,65,82,19
2023-08-18,8000941,8004312,14,40,32
2023-08-18,8001027,8000357,5,20,68
2023-08-18,8001027,8001027,12,37,79
2023-08-18,8001027,8006581,7,17,92
2023-08-18,8001110,8000175,24,39,158
2023-08-18,8001110,8001110,49,78,115
2023-08-18,8001110,8005247,19,39,80
2023-08-18,8001221,8000563,11,20,24
2023-08-18,8001221,8001221,25,40,39
2023-08-18,8001221,8001812,14,20,51
2023-08-18,8001302,8001302,48,76,128
2023-08-18,8001302,8003796,22,38,77
2023-08-18,8001302,8005243,27,38,180
2023-08-18,8001470,8001470,23,40,33
2023-08-18,8001470,8001812,17,20,50
2023-08-18,8001470,8006627,6,20,21
2023-08-18,8001570,8001570,37,77,148
2023-08-18,8001570,8003108,8,39,175
2023-08-18,8001570,8005796,22,37,122
2023-08-18,8001812,8001221,5,20,15
2023-08-18,8001812,8001470,6,20,18
2023-08-18,8001812,8001812,21,40,30
2023-08-18,8001990,8001990,36,41,48
2023-08-18,8001990,8004909,16,21,47
2023-08-18,8002083,8000840,21,37,156
2023-08-18,8002083,8002083,49,74,165
2023-08-18,8002083,8003992,27,37,214
2023-08-18,8002117,8005796,0,2,0
2023-08-18,8002117,8005797,16,39,182
2023-08-18,8002238,8000378,19,22,67
2023-08-18,8002238,8002238,65,84,55
2023-08-18,8002238,8003059,25,42,51
2023-08-18,8002238,8003980,16,20,60
2023-08-18,8002625,8000319,7,17,106
2023-08-18,8002625,8002625,12,37,71
2023-08-18,8002625,8006581,5,20,44
2023-08-18,8002746,8002746,0,38,0
2023-08-18,8002746,8004344,0,19,0
2023-08-18,8002746,8005562,0,19,0
2023-08-18,8002929,8000792,20,25,79
2023-08-18,8002929,8002929,36,46,83
2023-08-18,8002929,8004199,16,21,89
2023-08-18,8003059,8002238,25,42,47
2023-08-18,8003059,8003059,29,40,55
2023-08-18,8003059,8006627,9,20,32
2023-08-18,8003108,8001570,11,37,105
2023-08-18,8003108,8003108,41,76,155
2023-08-18,8003294,8000319,13,24,48
2023-08-18,8003294,8003294,48,77,138
2023-08-18,8003294,8003684,28,38,172
2023-08-18,8003294,8005649,10,15,220
2023-08-18,8003516,8000272,32,36,33
2023-08-18,8003684,8001200,14,17,191
2023-08-18,8003684,8003294,20,39,101
2023-08-18,8003684,8003684,46,77,132
2023-08-18,8003796,8000175,15,38,66
2023-08-18,8003796,8001302,26,37,172
2023-08-18,8003796,8003796,51,75,128
2023-08-18,8003980,8000378,1,1,60
2023-08-18,8003980,8002238,6,20,26
2023-08-18,8003980,8003980,25,41,37
2023-08-18,8003980,8004909,17,20,46
2023-08-18,8003991,8000926,17,22,256
2023-08-18,8003991,8003991,35,44,244
2023-08-18,8003991,8003992,14,22,217
2023-08-18,8003992,8000075,15,17,445
2023-08-18,8003992,8000840,0,1,0
2023-08-18,8003992,8002083,21,37,157
2023-08-18,8003992,8003991,18,22,273
2023-08-18,8003992,8003992,64,78,272
2023-08-18,8003992,8004004,17,18,197
2023-08-18,8004004,8000926,10,22,196
2023-08-18,8004004,8003992,17,18,410
2023-08-18,8004004,8004004,60,80,252
2023-08-18,8004004,8005245,15,18,170
2023-08-18,8004004,8005246,18,22,240
2023-08-18,8004199,8002929,20,25,66
2023-08-18,8004199,8004199,35,46,78
2023-08-18,8004199,8006170,16,21,106
2023-08-18,8004236,8004236,0,2,0
2023-08-18,8004236,8004748,7,19,11
2023-08-18,8004253,8000154,11,18,208
2023-08-18,8004253,8002995,2,2,30
2023-08-18,8004253,8003040,13,18,58
2023-08-18,8004253,8004253,24,37,129
2023-08-18,8004253,8079083,13,19,36
2023-08-18,8004312,8000272,33,40,64
2023-08-18,8004312,8000941,32,42,-19
2023-08-18,8004312,8004312,58,82,7
2023-08-18,8004344,8002746,0,19,0
2023-08-18,8004392,8000875,24,41,40
2023-08-18,8004392,8004392,73,78,52
2023-08-18,8004392,8004555,32,37,53
2023-08-18,8004555,8004392,40,40,61
2023-08-18,8004555,8004555,64,77,55
2023-08-18,8004555,8005659,28,37,47
2023-08-18,8004909,8001990,9,20,36
2023-08-18,8004909,8003980,8,21,20
2023-08-18,8004909,8004909,33,41,40
2023-08-18,8005044,8005044,50,74,150
2023-08-18,8005044,8005332,25,38,145
2023-08-18,8005044,8005649,23,36,148
2023-08-18,8005241,8000175,1,2,30
2023-08-18,8005241,8005241,46,83,106
2023-08-18,8005241,8005243,19,22,82
2023-08-18,8005241,8005306,19,24,164
2023-08-18,8005241,8005332,2,3,210
2023-08-18,8005241,8005649,1,14,4
2023-08-18,8005243,8001302,20,38,73
2023-08-18,8005243,8005241,13,20,198
2023-08-18,8005243,8005243,49,76,127
2023-08-18,8005243,8005332,5,10,105
2023-08-18,8005246,8004004,12,22,203
2023-08-18,8005246,8005246,27,43,215
2023-08-18,8005246,8005812,19,21,249
2023-08-18,8005247,8000075,36,57,82
2023-08-18,8005247,8000175,14,17,381
2023-08-18,8005247,8001110,23,39,154
2023-08-18,8005247,8005247,68,113,150
2023-08-18,8005306,8005241,7,23,51
2023-08-18,8005306,8005306,22,51,97
2023-08-18,8005306,8005332,15,24,162
2023-08-18,8005306,8005649,0,1,0
2023-08-18,8005332,8005044,28,36,157
2023-08-18,8005332,8005241,4,5,102
2023-08-18,8005332,8005243,6,8,75
2023-08-18,8005332,8005306,8,23,55
2023-08-18,8005332,8005332,52,80,138
2023-08-18,8005332,8005649,4,4,60
2023-08-18,8005346,8000272,18,23,63
2023-08-18,8005346,8000378,16,22,72
2023-08-18,8005346,8005346,37,45,75
2023-08-18,8005562,8000075,0,19,0
2023-08-18,8005562,8002746,0,19,0
2023-08-18,8005562,8005562,0,38,0
2023-08-18,8005649,8000175,11,13,78
2023-08-18,8005649,8000319,24,42,129
2023-08-18,8005649,8002875,1,1,450
2023-08-18,8005649,8003294,12,16,135
2023-08-18,8005649,8003759,9,9,457
2023-08-18,8005649,8005044,22,38,144
2023-08-18,8005649,8005241,7,14,137
2023-08-18,8005649,8005306,0,3,0
2023-08-18,8005649,8005332,2,2,105
2023-08-18,8005649,8005649,86,144,143
2023-08-18,8005659,8000154,14,17,62
2023-08-18,8005659,8000792,16,21,60
2023-08-18,8005659,8000875,16,19,202
2023-08-18,8005659,8004392,1,1,30
2023-08-18,8005659,8004555,33,40,46
2023-08-18,8005659,8005659,48,82,74
2023-08-18,8005659,8006170,1,1,60
2023-08-18,8005796,8001570,20,40,187
2023-08-18,8005796,8005796,36,78,146
2023-08-18,8005796,8005797,14,37,107
2023-08-18,8005797,8002117,27,37,148
2023-08-18,8005797,8005796,10,39,177
2023-08-18,8005797,8005797,38,76,155
2023-08-18,8006170,8000154,18,22,64
2023-08-18,8006170,8004199,20,25,58
2023-08-18,8006170,8005659,0,1,0
2023-08-18,8006170,8006170,39,48,75
2023-08-18,8006392,8000272,22,40,42
2023-08-18,8006392,8000875,20,37,38
2023-08-18,8006392,8006392,52,77,42
2023-08-18,8006581,8001027,7,20,72
2023-08-18,8006581,8002625,6,17,90
2023-08-18,8006581,8006581,14,37,75
2023-08-18,8006627,8001470,7,20,30
2023-08-18,8006627,8003059,18,20,45
2023-08-18,8006627,8006627,15,40,20
2023-08-18,8007868,8000563,3,20,8
2023-08-18,8079083,8000154,13,19,27
2023-08-18,8079083,8004253,15,18,93
2023-08-18,8079083,8079083,27,37,94
2023-08-19,8000075,8000075,59,80,161
2023-08-19,8000075,8000840,15,22,177
2023-08-19,8000075,8003992,12,17,217
2023-08-19,8000075,8005247,29,41,124
2023-08-19,8000075,8005562,0,17,0
2023-08-19,8000154,8000154,46,69,78
2023-08-19,8000154,8004253,14,18,137
2023-08-19,8000154,8005659,13,17,104
2023-08-19,8000154,8006170,19,23,48
2023-08-19,8000154,8079083,13,18,165
2023-08-19,8000175,8000175,58,80,159
2023-08-19,8000175,8001110,12,22,161
2023-08-19,8000175,8003796,17,24,74
2023-08-19,8000175,8005247,16,17,199
2023-08-19,8000175,8005649,12,13,256
2023-08-19,8000272,8000272,111,145,67
2023-08-19,8000272,8000875,12,18,55
2023-08-19,8000272,8003516,21,36,49
2023-08-19,8000272,8004312,15,36,28
2023-08-19,8000272,8005346,18,20,62
2023-08-19,8000272,8006392,23,33,56
2023-08-19,8000319,8000319,55,77,97
2023-08-19,8000319,8002625,14,17,85
2023-08-19,8000319,8003294,11,21,106
2023-08-19,8000319,8005649,22,39,88
2023-08-19,8000357,8000357,28,32,144
2023-08-19,8000357,8000371,16,17,161
2023-08-19,8000357,8001027,13,15,148
2023-08-19,8000371,8000357,13,15,154
2023-08-19,8000371,8000371,29,32,149
2023-08-19,8000371,8006680,16,17,164
2023-08-19,8000378,8000378,38,41,68
2023-08-19,8000378,8002238,19,20,78
2023-08-19,8000378,8005346,20,21,77
2023-08-19,8000563,8000563,20,37,29
2023-08-19,8000563,8001221,11,19,39
2023-08-19,8000563,8007868,10,18,37
2023-08-19,8000792,8000792,29,41,64
2023-08-19,8000792,8002929,12,19,68
2023-08-19,8000792,8005659,12,22,37
2023-08-19,8000840,8000075,16,23,76
2023-08-19,8000840,8000840,27,45,113
2023-08-19,8000840,8002083,12,22,161
2023-08-19,8000875,8000272,17,18,182
2023-08-19,8000875,8000875,67,106,50
2023-08-19,8000875,8004392,8,33,21
2023-08-19,8000875,8005659,14,18,63
2023-08-19,8000875,8006392,13,37,38
2023-08-19,8000923,8004236,0,2,0
2023-08-19,8000926,8000926,21,39,116
2023-08-19,8000926,8003991,17,20,68
2023-08-19,8000926,8004004,12,19,188
2023-08-19,8000941,8000941,60,70,61
2023-08-19,8000941,8004312,18,34,32
2023-08-19,8001027,8000357,15,17,136
2023-08-19,8001027,8001027,28,32,143
2023-08-19,8001027,8006581,12,15,150
2023-08-19,8001110,8000175,11,24,49
2023-08-19,8001110,8001110,23,46,99
2023-08-19,8001110,8005247,12,22,164
2023-08-19,8001221,8000563,9,18,30
2023-08-19,8001221,8001221,20,37,36
2023-08-19,8001221,8001812,9,19,35
2023-08-19,8001302,8001302,26,46,109
2023-08-19,8001302,8003796,16,22,165
2023-08-19,8001302,8005243,14,24,60
2023-08-19,8001470,8001470,23,37,36
2023-08-19,8001470,8001812,12,18,47
2023-08-19,8001470,8006627,9,19,38
2023-08-19,8001570,8001570,33,70,25
2023-08-19,8001570,8003108,7,37,9
2023-08-19,8001570,8005796,18,33,39
2023-08-19,8001812,8001221,5,18,25
2023-08-19,8001812,8001470,6,19,14
2023-08-19,8001812,8001812,14,37,28
2023-08-19,8001990,8001990,29,38,71
2023-08-19,8001990,8004909,12,19,90
2023-08-19,8002083,8000840,11,23,44
2023-08-19,8002083,8002083,27,45,110
2023-08-19,8002083,8003992,16,22,177
2023-08-19,8002117,8005796,0,1,0
2023-08-19,8002117,8005797,5,37,5
2023-08-19,8002238,8000378,19,20,54
2023-08-19,8002238,8002238,60,77,53
2023-08-19,8002238,8003059,25,38,54
2023-08-19,8002238,8003980,16,19,51
2023-08-19,8002625,8000319,12,15,144
2023-08-19,8002625,8002625,27,32,121
2023-08-19,8002625,8006581,15,17,94
2023-08-19,8002746,8002746,0,34,0
2023-08-19,8002746,8004344,0,17,0
2023-08-19,8002746,8005562,0,17,0
2023-08-19,8002929,8000792,17,22,78
2023-08-19,8002929,8002929,29,41,76
2023-08-19,8002929,8004199,14,19,79
2023-08-19,8003059,8002238,24,39,44
2023-08-19,8003059,8003059,25,37,58
2023-08-19,8003059,8006627,6,18,43
2023-08-19,8003108,8001570,6,33,20
2023-08-19,8003108,8003108,46,70,31
2023-08-19,8003294,8000319,15,24,58
2023-08-19,8003294,8003294,39,76,63
2023-08-19,8003294,8003684,21,37,79
2023-08-19,8003294,8005649,12,15,70
2023-08-19,8003516,8000272,26,33,38
2023-08-19,8003684,8001200,13,17,56
2023-08-19,8003684,8003294,20,39,48
2023-08-19,8003684,8003684,41,76,60
2023-08-19,8003796,8000175,10,22,154
2023-08-19,8003796,8001302,15,24,61
2023-08-19,8003796,8003796,34,46,116
2023-08-19,8003980,8000378,1,1,30
2023-08-19,8003980,8002238,8,18,45
2023-08-19,8003980,8003980,27,38,52
2023-08-19,8003980,8004909,14,19,39
2023-08-19,8003991,8000926,11,19,178
2023-08-19,8003991,8003991,29,39,124
2023-08-19,8003991,8003992,11,20,56
2023-08-19,8003992,8000075,16,17,279
2023-08-19,8003992,8002083,11,23,47
2023-08-19,8003992,8003991,12,19,178
2023-08-19,8003992,8003992,56,72,192
2023-08-19,8003992,8004004,17,17,256
2023-08-19,8004004,8000926,7,20,33
2023-08-19,8004004,8003992,15,17,266
2023-08-19,8004004,8004004,45,73,169
2023-08-19,8004004,8005245,14,17,228
2023-08-19,8004004,8005246,9,19,175
2023-08-19,8004199,8002929,17,22,64
2023-08-19,8004199,8004199,30,41,74
2023-08-19,8004199,8006170,14,19,98
2023-08-19,8004236,8004236,0,2,0
2023-08-19,8004236,8004748,2,17,4
2023-08-19,8004253,8000154,14,18,120
2023-08-19,8004253,8002995,1,1,90
2023-08-19,8004253,8003040,13,18,107
2023-08-19,8004253,8004253,28,36,118
2023-08-19,8004253,8079083,14,18,45
2023-08-19,8004312,8000272,29,34,60
2023-08-19,8004312,8000941,27,36,62
2023-08-19,8004312,8004312,52,70,44
2023-08-19,8004344,8002746,0,17,0
2023-08-19,8004392,8000875,19,37,-37
2023-08-19,8004392,8004392,55,70,7
2023-08-19,8004392,8004555,27,33,48
2023-08-19,8004555,8004392,28,37,-22
2023-08-19,8004555,8004555,51,70,32
2023-08-19,8004555,8005659,22,33,45
2023-08-19,8004909,8001990,12,19,43
2023-08-19,8004909,8003980,9,19,60
2023-08-19,8004909,8004909,28,38,61
2023-08-19,8005044,8005044,45,72,99
2023-08-19,8005044,8005332,25,38,106
2023-08-19,8005044,8005649,16,34,77
2023-08-19,8005241,8005241,44,76,96
2023-08-19,8005241,8005243,17,21,116
2023-08-19,8005241,8005306,12,22,113
2023-08-19,8005241,8005332,2,3,30
2023-08-19,8005241,8005649,7,12,38
2023-08-19,8005243,8001302,11,22,155
2023-08-19,8005243,8005241,12,20,86
2023-08-19,8005243,8005243,30,46,108
2023-08-19,8005246,8004004,8,20,44
2023-08-19,8005246,8005246,18,38,104
2023-08-19,8005246,8005812,10,19,182
2023-08-19,8005247,8000075,28,39,185
2023-08-19,8005247,8000175,15,17,219
2023-08-19,8005247,8001110,11,24,42
2023-08-19,8005247,8005247,52,80,145
2023-08-19,8005306,8005241,9,23,40
2023-08-19,8005306,8005306,25,49,83
2023-08-19,8005306,8005332,12,22,113
2023-08-19,8005306,8005649,0,1,0
2023-08-19,8005332,8000175,0,1,0
2023-08-19,8005332,8005044,19,34,90
2023-08-19,8005332,8005241,3,5,84
2023-08-19,8005332,8005306,10,23,51
2023-08-19,8005332,8005332,41,78,89
2023-08-19,8005332,8005649,3,4,98
2023-08-19,8005346,8000272,18,21,64
2023-08-19,8005346,8000378,18,20,72
2023-08-19,8005346,8005346,38,41,72
2023-08-19,8005562,8000075,0,17,0
2023-08-19,8005562,8002746,0,17,0
2023-08-19,8005562,8005562,0,34,0
2023-08-19,8005649,8000175,12,13,256
2023-08-19,8005649,8000319,29,38,111
2023-08-19,8005649,8002875,1,1,330
2023-08-19,8005649,8003294,9,16,45
2023-08-19,8005649,8003759,10,10,378
2023-08-19,8005649,8005044,27,38,110
2023-08-19,8005649,8005241,9,11,218
2023-08-19,8005649,8005306,3,3,220
2023-08-19,8005649,8005332,1,2,30
2023-08-19,8005649,8005649,95,135,123
2023-08-19,8005659,8000154,13,17,115
2023-08-19,8005659,8000792,13,19,46
2023-08-19,8005659,8000875,15,18,132
2023-08-19,8005659,8004555,27,37,49
2023-08-19,8005659,8005659,43,77,55
2023-08-19,8005659,8006170,1,1,60
2023-08-19,8005796,8001570,17,37,28
2023-08-19,8005796,8005796,27,71,21
2023-08-19,8005796,8005797,6,33,20
2023-08-19,8005797,8002117,23,33,66
2023-08-19,8005797,8005796,3,37,4
2023-08-19,8005797,8005797,28,70,24
2023-08-19,8006170,8000154,14,20,57
2023-08-19,8006170,8004199,16,22,56
2023-08-19,8006170,8005659,1,1,30
2023-08-19,8006170,8006170,34,43,73
2023-08-19,8006392,8000272,20,37,45
2023-08-19,8006392,8000875,14,33,29
2023-08-19,8006392,8006392,40,70,39
2023-08-19,8006581,8001027,16,17,155
2023-08-19,8006581,8002625,12,15,140
2023-08-19,8006581,8006581,29,32,139
2023-08-19,8006627,8001470,6,18,35
2023-08-19,8006627,8003059,15,19,43
2023-08-19,8006627,8006627,15,37,28
2023-08-19,8007868,8000563,5,19,19
2023-08-19,8079083,8000154,14,18,47
2023-08-19,8079083,8004253,14,18,162
2023-08-19,8079083,8079083,27,36,187
2023-08-20,8000075,8000075,61,76,214
2023-08-20,8000075,8000840,14,21,184
2023-08-20,8000075,8003992,12,17,129
2023-08-20,8000075,8005247,29,37,256
2023-08-20,8000075,8005562,0,13,0
2023-08-20,8000154,8000154,42,64,77
2023-08-20,8000154,8004253,14,18,88
2023-08-20,8000154,8005659,12,17,132
2023-08-20,8000154,8006170,15,18,55
2023-08-20,8000154,8079083,13,15,92
2023-08-20,8000175,8000175,58,76,202
2023-08-20,8000175,8001110,15,22,173
2023-08-20,8000175,8003796,17,19,123
2023-08-20,8000175,8005247,14,17,118
2023-08-20,8000175,8005649,12,14,364
2023-08-20,8000272,8000272,69,99,58
2023-08-20,8000272,8000875,10,18,28
2023-08-20,8000272,8003516,12,18,42
2023-08-20,8000272,8004312,7,29,9
2023-08-20,8000272,8005346,10,14,51
2023-08-20,8000272,8006392,10,18,37
2023-08-20,8000319,8000319,47,69,180
2023-08-20,8000319,8002625,12,15,360
2023-08-20,8000319,8003294,11,19,62
2023-08-20,8000319,8005649,21,35,166
2023-08-20,8000357,8000357,24,29,378
2023-08-20,8000357,8000371,12,15,506
2023-08-20,8000357,8001027,12,14,261
2023-08-20,8000371,8000357,12,14,266
2023-08-20,8000371,8000371,23,29,373
2023-08-20,8000371,8006680,12,15,486
2023-08-20,8000378,8000378,26,29,57
2023-08-20,8000378,8002238,13,14,77
2023-08-20,8000378,8005346,14,15,62
2023-08-20,8000563,8000563,13,26,39
2023-08-20,8000563,8001221,8,13,53
2023-08-20,8000563,8007868,7,13,48
2023-08-20,8000792,8000792,26,35,68
2023-08-20,8000792,8002929,12,17,60
2023-08-20,8000792,8005659,14,18,45
2023-08-20,8000840,8000075,18,20,135
2023-08-20,8000840,8000840,28,41,146
2023-08-20,8000840,8002083,12,21,171
2023-08-20,8000875,8000272,17,17,198
2023-08-20,8000875,8000875,45,72,62
2023-08-20,8000875,8004392,3,18,10
2023-08-20,8000875,8005659,14,18,45
2023-08-20,8000875,8006392,5,19,19
2023-08-20,8000926,8000926,20,36,130
2023-08-20,8000926,8003991,11,18,110
2023-08-20,8000926,8004004,11,18,157
2023-08-20,8000941,8000941,46,58,43
2023-08-20,8000941,8004312,11,29,22
2023-08-20,8001027,8000357,12,15,484
2023-08-20,8001027,8001027,24,29,367
2023-08-20,8001027,8006581,9,14,253
2023-08-20,8001110,8000175,13,20,108
2023-08-20,8001110,8001110,28,42,136
2023-08-20,8001110,8005247,15,22,170
2023-08-20,8001221,8000563,8,13,42
2023-08-20,8001221,8001221,16,26,47
2023-08-20,8001221,8001812,8,13,58
2023-08-20,8001302,8001302,28,41,134
2023-08-20,8001302,8003796,16,22,166
2023-08-20,8001302,8005243,11,19,95
2023-08-20,8001470,8001470,13,26,28
2023-08-20,8001470,8001812,8,13,30
2023-08-20,8001470,8006627,6,13,37
2023-08-20,8001570,8001570,21,37,24
2023-08-20,8001570,8003108,3,19,6
2023-08-20,8001570,8005796,12,18,40
2023-08-20,8001812,8001221,2,13,9
2023-08-20,8001812,8001470,5,13,25
2023-08-20,8001812,8001812,10,26,28
2023-08-20,8001990,8001990,20,27,49
2023-08-20,8001990,8004909,9,14,49
2023-08-20,8002083,8000840,9,19,95
2023-08-20,8002083,8002083,24,40,140
2023-08-20,8002083,8003992,15,21,177
2023-08-20,8002117,8005797,3,19,8
2023-08-20,8002238,8000378,12,14,34
2023-08-20,8002238,8002238,37,54,41
2023-08-20,8002238,8003059,15,27,38
2023-08-20,8002238,8003980,11,13,42
2023-08-20,8002625,8000319,11,14,285
2023-08-20,8002625,8002625,23,29,330
2023-08-20,8002625,8006581,12,15,358
2023-08-20,8002746,8002746,0,26,0
2023-08-20,8002746,8004344,0,13,0
2023-08-20,8002746,8005562,0,13,0
2023-08-20,8002929,8000792,16,18,95
2023-08-20,8002929,8002929,27,35,86
2023-08-20,8002929,8004199,12,17,81
2023-08-20,8003059,8002238,12,27,28
2023-08-20,8003059,8003059,14,26,35
2023-08-20,8003059,8006627,2,13,9
2023-08-20,8003108,8001570,6,18,17
2023-08-20,8003108,8003108,25,37,31
2023-08-20,8003294,8000319,12,21,79
2023-08-20,8003294,8003294,45,71,113
2023-08-20,8003294,8003684,21,35,162
2023-08-20,8003294,8005649,9,15,46
2023-08-20,8003516,8000272,17,18,33
2023-08-20,8003684,8001200,12,17,268
2023-08-20,8003684,8003294,20,36,61
2023-08-20,8003684,8003684,38,71,107
2023-08-20,8003796,8000175,14,22,164
2023-08-20,8003796,8001302,12,19,98
2023-08-20,8003796,8003796,31,41,143
2023-08-20,8003980,8000378,1,1,90
2023-08-20,8003980,8002238,2,13,12
2023-08-20,8003980,8003980,16,27,31
2023-08-20,8003980,8004909,8,13,42
2023-08-20,8003991,8000926,7,18,150
2023-08-20,8003991,8003991,21,36,133
2023-08-20,8003991,8003992,11,18,107
2023-08-20,8003992,8000075,15,17,491
2023-08-20,8003992,8000840,1,1,90
2023-08-20,8003992,8002083,9,19,98
2023-08-20,8003992,8003991,12,18,167
2023-08-20,8003992,8003992,56,71,232
2023-08-20,8003992,8004004,17,17,161
2023-08-20,8004004,8000926,7,18,88
2023-08-20,8004004,8003992,18,18,475
2023-08-20,8004004,8004004,43,71,210
2023-08-20,8004004,8005245,10,17,124
2023-08-20,8004004,8005246,6,18,140
2023-08-20,8004199,8002929,16,18,85
2023-08-20,8004199,8004199,26,35,87
2023-08-20,8004199,8006170,12,17,109
2023-08-20,8004236,8004748,5,14,13
2023-08-20,8004253,8000154,11,17,166
2023-08-20,8004253,8002995,2,5,18
2023-08-20,8004253,8003040,13,18,63
2023-08-20,8004253,8004253,25,35,115
2023-08-20,8004253,8079083,14,15,52
2023-08-20,8004312,8000272,23,29,47
2023-08-20,8004312,8000941,26,29,50
2023-08-20,8004312,8004312,45,58,32
2023-08-20,8004344,8002746,0,13,0
2023-08-20,8004392,8000875,6,19,16
2023-08-20,8004392,8004392,32,37,33
2023-08-20,8004392,8004555,15,18,47
2023-08-20,8004555,8004392,19,19,46
2023-08-20,8004555,8004555,31,37,54
2023-08-20,8004555,8005659,14,18,42
2023-08-20,8004909,8001990,6,13,32
2023-08-20,8004909,8003980,8,14,34
2023-08-20,8004909,8004909,18,27,43
2023-08-20,8005044,8005044,48,67,119
2023-08-20,8005044,8005332,25,36,82
2023-08-20,8005044,8005649,16,31,147
2023-08-20,8005241,8005241,49,69,120
2023-08-20,8005241,8005243,14,18,143
2023-08-20,8005241,8005306,13,19,66
2023-08-20,8005241,8005332,3,3,30
2023-08-20,8005241,8005649,9,12,150
2023-08-20,8005243,8001302,15,22,168
2023-08-20,8005243,8005241,10,17,81
2023-08-20,8005243,8005243,26,41,132
2023-08-20,8005246,8004004,8,18,100
2023-08-20,8005246,8005246,15,35,116
2023-08-20,8005246,8005812,8,18,142
2023-08-20,8005247,8000075,29,39,152
2023-08-20,8005247,8000175,14,17,406
2023-08-20,8005247,8001110,12,20,93
2023-08-20,8005247,8005247,52,76,193
2023-08-20,8005306,8005241,7,21,70
2023-08-20,8005306,8005306,20,44,88
2023-08-20,8005306,8005332,9,19,57
2023-08-20,8005306,8005649,0,1,0
2023-08-20,8005332,8005044,23,31,162
2023-08-20,8005332,8005241,2,3,120
2023-08-20,8005332,8005306,8,21,73
2023-08-20,8005332,8005332,43,71,117
2023-08-20,8005332,8005649,4,4,262
2023-08-20,8005346,8000272,10,15,38
2023-08-20,8005346,8000378,11,14,69
2023-08-20,8005346,8005346,25,29,62
2023-08-20,8005562,8000075,0,13,0
2023-08-20,8005562,8002746,0,13,0
2023-08-20,8005562,8005562,0,26,0
2023-08-20,8005649,8000175,9,11,57
2023-08-20,8005649,8000319,23,34,204
2023-08-20,8005649,8001200,1,1,150
2023-08-20,8005649,8002875,1,1,3120
2023-08-20,8005649,8003294,11,16,279
2023-08-20,8005649,8003759,9,10,129
2023-08-20,8005649,8005044,28,36,90
2023-08-20,8005649,8005241,7,11,251
2023-08-20,8005649,8005306,3,3,380
2023-08-20,8005649,8005649,86,126,173
2023-08-20,8005659,8000154,8,17,39
2023-08-20,8005659,8000792,12,17,44
2023-08-20,8005659,8000875,14,17,148
2023-08-20,8005659,8004555,15,19,52
2023-08-20,8005659,8005659,42,70,54
2023-08-20,8005659,8006170,1,1,60
2023-08-20,8005796,8001570,9,19,27
2023-08-20,8005796,8005796,18,37,21
2023-08-20,8005796,8005797,5,18,17
2023-08-20,8005797,8002117,13,18,63
2023-08-20,8005797,8005796,3,19,9
2023-08-20,8005797,8005797,16,37,24
2023-08-20,8006170,8000154,17,18,83
2023-08-20,8006170,8004199,14,18,67
2023-08-20,8006170,8006170,28,36,83
2023-08-20,8006392,8000272,7,19,27
2023-08-20,8006392,8000875,6,18,20
2023-08-20,8006392,8006392,18,37,24
2023-08-20,8006581,8001027,12,15,452
2023-08-20,8006581,8002625,10,14,283
2023-08-20,8006581,8006581,22,29,343
2023-08-20,8006627,8001470,2,13,9
2023-08-20,8006627,8003059,12,13,39
2023-08-20,8006627,8006627,9,26,15
2023-08-20,8007868,8000563,4,13,32
2023-08-20,8079083,8000154,13,15,42
2023-08-20,8079083,8004253,12,15,82
2023-08-20,8079083,8079083,26,30,107
2023-08-21,8000075,8000075,87,111,126
2023-08-21,8000075,8000840,22,38,138
2023-08-21,8000075,8003992,14,18,147
2023-08-21,8000075,8005247,38,56,111
2023-08-21,8000075,8005562,0,19,0
2023-08-21,8000154,8000154,36,70,88
2023-08-21,8000154,8004253,11,18,67
2023-08-21,8000154,8005659,9,17,245
2023-08-21,8000154,8006170,21,26,47
2023-08-21,8000154,8079083,15,17,60
2023-08-21,8000175,8000175,83,113,108
2023-08-21,8000175,8001110,28,39,109
2023-08-21,8000175,8001302,1,1,90
2023-08-21,8000175,8003796,28,37,116
2023-08-21,8000175,8005247,17,18,90
2023-08-21,8000175,8005649,14,14,133
2023-08-21,8000272,8000272,118,156,90
2023-08-21,8000272,8000875,9,18,35
2023-08-21,8000272,8003516,29,39,82
2023-08-21,8000272,8004312,14,42,44
2023-08-21,8000272,8005346,14,22,42
2023-08-21,8000272,8006392,30,37,72
2023-08-21,8000319,8000319,56,82,183
2023-08-21,8000319,8002625,16,19,207
2023-08-21,8000319,8003294,10,22,31
2023-08-21,8000319,8005649,25,41,264
2023-08-21,8000357,8000357,33,36,449
2023-08-21,8000357,8000371,17,19,423
2023-08-21,8000357,8001027,16,17,503
2023-08-21,8000371,8000357,16,17,510
2023-08-21,8000371,8000371,33,36,456
2023-08-21,8000371,8006680,17,19,433
2023-08-21,8000378,8000378,39,45,83
2023-08-21,8000378,8002238,18,22,56
2023-08-21,8000378,8005346,22,23,128
2023-08-21,8000563,8000563,26,40,33
2023-08-21,8000563,8001221,13,20,42
2023-08-21,8000563,8007868,16,20,57
2023-08-21,8000792,8000792,35,46,65
2023-08-21,8000792,8002929,16,21,59
2023-08-21,8000792,8005659,17,25,41
2023-08-21,8000840,8000075,31,38,120
2023-08-21,8000840,8000840,47,76,122
2023-08-21,8000840,8002083,20,37,132
2023-08-21,8000840,8003992,0,1,0
2023-08-21,8000875,8000272,16,20,261
2023-08-21,8000875,8000875,82,115,90
2023-08-21,8000875,8004392,15,37,32
2023-08-21,8000875,8005659,14,18,90
2023-08-21,8000875,8006392,22,40,68
2023-08-21,8000923,8004236,0,2,0
2023-08-21,8000926,8000926,29,43,131
2023-08-21,8000926,8003991,14,21,81
2023-08-21,8000926,8004004,18,22,187
2023-08-21,8000941,8000941,65,82,71
2023-08-21,8000941,8004312,22,40,44
2023-08-21,8001027,8000357,17,19,399
2023-08-21,8001027,8001027,33,36,448
2023-08-21,8001027,8006581,16,17,489
2023-08-21,8001110,8000175,21,39,97
2023-08-21,8001110,8001110,47,78,99
2023-08-21,8001110,8005247,27,39,101
2023-08-21,8001221,8000563,10,20,36
2023-08-21,8001221,8001221,25,40,44
2023-08-21,8001221,8001812,13,20,45
2023-08-21,8001302,8001302,46,76,107
2023-08-21,8001302,8003796,20,38,103
2023-08-21,8001302,8005243,26,38,107
2023-08-21,8001470,8001470,22,40,35
2023-08-21,8001470,8001812,13,20,57
2023-08-21,8001470,8006627,9,20,27
2023-08-21,8001570,8001570,45,77,39
2023-08-21,8001570,8003108,12,39,29
2023-08-21,8001570,8005796,25,37,54
2023-08-21,8001812,8001221,5,20,30
2023-08-21,8001812,8001470,10,20,22
2023-08-21,8001812,8001812,20,40,38
2023-08-21,8001990,8001990,33,41,63
2023-08-21,8001990,8004909,15,21,67
2023-08-21,8002083,8000840,17,37,96
2023-08-21,8002083,8002083,42,74,116
2023-08-21,8002083,8003992,23,37,132
2023-08-21,8002117,8005796,0,2,0
2023-08-21,8002117,8005797,8,39,18
2023-08-21,8002238,8000378,19,22,71
2023-08-21,8002238,8002238,58,84,51
2023-08-21,8002238,8003059,20,42,43
2023-08-21,8002238,8003980,18,20,62
2023-08-21,8002625,8000319,17,17,526
2023-08-21,8002625,8002625,33,36,364
2023-08-21,8002625,8006581,16,19,229
2023-08-21,8002746,8002746,0,38,0
2023-08-21,8002746,8004344,0,19,0
2023-08-21,8002746,8005562,0,19,0
2023-08-21,8002929,8000792,22,25,85
2023-08-21,8002929,8002929,37,46,79
2023-08-21,8002929,8004199,16,21,71
2023-08-21,8003059,8002238,22,42,49
2023-08-21,8003059,8003059,25,40,52
2023-08-21,8003059,8006627,6,20,36
2023-08-21,8003108,8001570,11,37,28
2023-08-21,8003108,8003108,53,76,46
2023-08-21,8003294,8000319,15,24,70
2023-08-21,8003294,8003294,44,77,67
2023-08-21,8003294,8003684,23,38,68
2023-08-21,8003294,8005649,10,15,92
2023-08-21,8003516,8000272,32,36,40
2023-08-21,8003684,8001200,12,17,106
2023-08-21,8003684,8003294,18,39,62
2023-08-21,8003684,8003684,34,77,59
2023-08-21,8003796,8000175,19,38,99
2023-08-21,8003796,8001302,24,37,105
2023-08-21,8003796,8003796,48,75,106
2023-08-21,8003980,8000378,1,1,420
2023-08-21,8003980,8002238,8,20,46
2023-08-21,8003980,8003980,28,41,60
2023-08-21,8003980,8004909,18,20,63
2023-08-21,8003991,8000926,18,22,184
2023-08-21,8003991,8003991,32,43,133
2023-08-21,8003991,8003992,14,21,74
2023-08-21,8003992,8000075,17,17,206
2023-08-21,8003992,8000840,1,1,60
2023-08-21,8003992,8002083,19,37,91
2023-08-21,8003992,8003991,18,22,195
2023-08-21,8003992,8003992,63,78,162
2023-08-21,8003992,8004004,17,18,175
2023-08-21,8004004,8000926,6,21,53
2023-08-21,8004004,8003992,18,18,208
2023-08-21,8004004,8004004,60,79,149
2023-08-21,8004004,8005245,17,18,152
2023-08-21,8004004,8005246,19,22,175
2023-08-21,8004199,8002929,22,25,74
2023-08-21,8004199,8004199,36,46,73
2023-08-21,8004199,8006170,16,21,83
2023-08-21,8004236,8004236,0,2,0
2023-08-21,8004236,8004748,4,18,7
2023-08-21,8004253,8000154,10,18,248
2023-08-21,8004253,8002995,1,2,15
2023-08-21,8004253,8003040,13,18,48
2023-08-21,8004253,8004253,23,37,149
2023-08-21,8004253,8079083,17,18,55
2023-08-21,8004312,8000272,37,40,69
2023-08-21,8004312,8000941,31,42,76
2023-08-21,8004312,8004312,66,82,57
2023-08-21,8004344,8002746,0,19,0
2023-08-21,8004392,8000875,27,41,73
2023-08-21,8004392,8004392,70,78,72
2023-08-21,8004392,8004555,31,37,59
2023-08-21,8004555,8004392,39,40,95
2023-08-21,8004555,8004555,62,77,76
2023-08-21,8004555,8005659,28,37,58
2023-08-21,8004909,8001990,14,20,54
2023-08-21,8004909,8003980,11,21,46
2023-08-21,8004909,8004909,34,41,60
2023-08-21,8005044,8005044,50,73,89
2023-08-21,8005044,8005332,29,38,106
2023-08-21,8005044,8005649,14,35,58
2023-08-21,8005241,8000175,2,2,180
2023-08-21,8005241,8005241,61,82,162
2023-08-21,8005241,8005243,21,22,145
2023-08-21,8005241,8005306,13,23,44
2023-08-21,8005241,8005332,2,3,50
2023-08-21,8005241,8005649,11,14,182
2023-08-21,8005243,8001302,19,38,105
2023-08-21,8005243,8005241,14,20,62
2023-08-21,8005243,8005243,45,76,105
2023-08-21,8005243,8005332,5,10,147
2023-08-21,8005246,8004004,5,21,60
2023-08-21,8005246,8005246,21,42,107
2023-08-21,8005246,8005812,17,21,171
2023-08-21,8005247,8000075,43,57,106
2023-08-21,8005247,8000175,12,17,122
2023-08-21,8005247,8001110,20,39,95
2023-08-21,8005247,8005247,79,113,104
2023-08-21,8005306,8005241,11,23,76
2023-08-21,8005306,8005306,26,50,107
2023-08-21,8005306,8005332,13,23,43
2023-08-21,8005306,8005649,0,1,-30
2023-08-21,8005332,8005044,24,35,73
2023-08-21,8005332,8005241,3,5,66
2023-08-21,8005332,8005243,7,8,71
2023-08-21,8005332,8005306,12,23,83
2023-08-21,8005332,8005332,50,79,82
2023-08-21,8005332,8005649,3,4,52
2023-08-21,8005346,8000272,15,23,123
2023-08-21,8005346,8000378,14,22,52
2023-08-21,8005346,8005346,37,45,91
2023-08-21,8005562,8000075,0,19,0
2023-08-21,8005562,8002746,0,19,0
2023-08-21,8005562,8005562,0,38,0
2023-08-21,8005649,8000175,12,13,99
2023-08-21,8005649,8000319,26,41,108
2023-08-21,8005649,8002875,0,1,0
2023-08-21,8005649,8003294,12,16,109
2023-08-21,8005649,8003759,9,9,187
2023-08-21,8005649,8005044,28,38,108
2023-08-21,8005649,8005241,12,14,469
2023-08-21,8005649,8005306,3,3,860
2023-08-21,8005649,8005332,2,2,105
2023-08-21,8005649,8005649,103,143,150
2023-08-21,8005659,8000154,10,17,81
2023-08-21,8005659,8000792,16,21,41
2023-08-21,8005659,8000875,14,19,231
2023-08-21,8005659,8004392,1,1,30
2023-08-21,8005659,8004555,32,40,77
2023-08-21,8005659,8005659,32,82,94
2023-08-21,8005659,8006170,0,1,0
2023-08-21,8005796,8001570,25,40,45
2023-08-21,8005796,8005796,46,78,39
2023-08-21,8005796,8005797,16,37,38
2023-08-21,8005797,8002117,32,37,91
2023-08-21,8005797,8005796,12,39,25
2023-08-21,8005797,8005797,39,76,43
2023-08-21,8006170,8000154,17,22,42
2023-08-21,8006170,8004199,20,25,61
2023-08-21,8006170,8005659,0,1,0
2023-08-21,8006170,8006170,37,48,64
2023-08-21,8006392,8000272,26,40,66
2023-08-21,8006392,8000875,22,37,47
2023-08-21,8006392,8006392,53,77,61
2023-08-21,8006581,8001027,17,19,411
2023-08-21,8006581,8002625,16,17,480
2023-08-21,8006581,8006581,34,36,405
2023-08-21,8006627,8001470,6,20,34
2023-08-21,8006627,8003059,18,20,39
2023-08-21,8006627,8006627,16,40,25
2023-08-21,8007868,8000563,4,20,10
2023-08-21,8079083,8000154,14,18,45
2023-08-21,8079083,8004253,15,17,64
2023-08-21,8079083,8079083,31,35,94
2023-08-22,8000075,8000075,80,111,77
2023-08-22,8000075,8000840,25,38,61
2023-08-22,8000075,8003992,15,18,118
2023-08-22,8000075,8005247,35,56,81
2023-08-22,8000075,8005562,0,19,0
2023-08-22,8000154,8000154,37,70,106
2023-08-22,8000154,8004253,16,18,183
2023-08-22,8000154,8005659,12,17,219
2023-08-22,8000154,8006170,22,26,90
2023-08-22,8000154,8079083,12,17,58
2023-08-22,8000175,8000175,65,113,65
2023-08-22,8000175,8001110,18,39,25
2023-08-22,8000175,8001302,1,1,90
2023-08-22,8000175,8003796,24,37,75
2023-08-22,8000175,8005247,14,18,52
2023-08-22,8000175,8005649,14,14,126
2023-08-22,8000272,8000272,121,156,93
2023-08-22,8000272,8000875,14,18,133
2023-08-22,8000272,8003516,28,39,65
2023-08-22,8000272,8004312,13,42,29
2023-08-22,8000272,8005346,17,22,71
2023-08-22,8000272,8006392,28,37,49
2023-08-22,8000319,8000319,62,82,134
2023-08-22,8000319,8002625,16,19,118
2023-08-22,8000319,8003294,11,22,108
2023-08-22,8000319,8005649,25,41,149
2023-08-22,8000357,8000357,34,36,242
2023-08-22,8000357,8000371,17,19,248
2023-08-22,8000357,8001027,17,17,258
2023-08-22,8000371,8000357,17,17,261
2023-08-22,8000371,8000371,34,36,247
2023-08-22,8000371,8006680,17,19,259
2023-08-22,8000378,8000378,42,45,91
2023-08-22,8000378,8002238,19,22,91
2023-08-22,8000378,8005346,23,23,108
2023-08-22,8000563,8000563,25,40,34
2023-08-22,8000563,8001221,16,20,44
2023-08-22,8000563,8007868,13,20,60
2023-08-22,8000792,8000792,34,46,88
2023-08-22,8000792,8002929,14,21,53
2023-08-22,8000792,8005659,19,25,77
2023-08-22,8000840,8000075,28,38,79
2023-08-22,8000840,8000840,51,76,71
2023-08-22,8000840,8002083,19,37,82
2023-08-22,8000840,8003992,1,1,30
2023-08-22,8000875,8000272,18,20,240
2023-08-22,8000875,8000875,76,115,90
2023-08-22,8000875,8004392,6,37,11
2023-08-22,8000875,8005659,16,18,150
2023-08-22,8000875,8006392,15,40,55
2023-08-22,8000923,8004236,0,2,0
2023-08-22,8000926,8000926,24,43,77
2023-08-22,8000926,8003991,17,21,60
2023-08-22,8000926,8004004,13,22,105
2023-08-22,8000941,8000941,64,82,53
2023-08-22,8000941,8004312,18,40,32
2023-08-22,8001027,8000357,17,19,224
2023-08-22,8001027,8001027,34,36,239
2023-08-22,8001027,8006581,17,17,252
2023-08-22,8001110,8000175,22,39,57
2023-08-22,8001110,8001110,35,78,35
2023-08-22,8001110,8005247,20,39,25
2023-08-22,8001221,8000563,14,20,46
2023-08-22,8001221,8001221,32,40,54
2023-08-22,8001221,8001812,16,20,54
2023-08-22,8001302,8001302,41,76,42
2023-08-22,8001302,8003796,14,38,25
2023-08-22,8001302,8005243,23,38,56
2023-08-22,8001470,8001470,26,40,48
2023-08-22,8001470,8001812,16,20,75
2023-08-22,8001470,8006627,10,20,38
2023-08-22,8001570,8001570,41,77,28
2023-08-22,8001570,8003108,4,39,5
2023-08-22,8001570,8005796,26,37,52
2023-08-22,8001812,8001221,7,20,45
2023-08-22,8001812,8001470,6,20,15
2023-08-22,8001812,8001812,27,40,44
2023-08-22,8001990,8001990,38,41,90
2023-08-22,8001990,8004909,18,21,79
2023-08-22,8002083,8000840,17,37,53
2023-08-22,8002083,8002083,41,74,71
2023-08-22,8002083,8003992,20,37,82
2023-08-22,8002117,8005796,1,2,15
2023-08-22,8002117,8005797,7,39,6
2023-08-22,8002238,8000378,21,22,75
2023-08-22,8002238,8002238,68,84,74
2023-08-22,8002238,8003059,27,42,73
2023-08-22,8002238,8003980,19,20,99
2023-08-22,8002625,8000319,17,17,300
2023-08-22,8002625,8002625,33,36,199
2023-08-22,8002625,8006581,16,19,122
2023-08-22,8002746,8002746,0,38,0
2023-08-22,8002746,8004344,0,19,0
2023-08-22,8002746,8005562,0,19,0
2023-08-22,8002929,8000792,21,25,131
2023-08-22,8002929,8002929,34,46,100
2023-08-22,8002929,8004199,14,21,69
2023-08-22,8003059,8002238,24,42,51
2023-08-22,8003059,8003059,30,40,70
2023-08-22,8003059,8006627,10,20,68
2023-08-22,8003108,8001570,11,37,32
2023-08-22,8003108,8003108,54,76,40
2023-08-22,8003294,8000319,16,24,54
2023-08-22,8003294,8003294,48,77,72
2023-08-22,8003294,8003684,22,38,90
2023-08-22,8003294,8005649,13,15,94
2023-08-22,8003516,8000272,33,36,40
2023-08-22,8003684,8001200,15,17,71
2023-08-22,8003684,8003294,21,39,52
2023-08-22,8003684,8003684,35,77,65
2023-08-22,8003796,8000175,9,38,17
2023-08-22,8003796,8001302,20,37,59
2023-08-22,8003796,8003796,40,75,47
2023-08-22,8003980,8000378,1,1,120
2023-08-22,8003980,8002238,8,20,69
2023-08-22,8003980,8003980,30,41,81
2023-08-22,8003980,8004909,18,20,106
2023-08-22,8003991,8000926,10,22,101
2023-08-22,8003991,8003991,27,43,81
2023-08-22,8003991,8003992,11,21,47
2023-08-22,8003992,8000075,15,17,205
2023-08-22,8003992,8000840,1,1,30
2023-08-22,8003992,8002083,18,37,57
2023-08-22,8003992,8003991,10,22,106
2023-08-22,8003992,8003992,58,78,126
2023-08-22,8003992,8004004,18,18,148
2023-08-22,8004004,8000926,6,21,27
2023-08-22,8004004,8003992,18,18,205
2023-08-22,8004004,8004004,44,79,107
2023-08-22,8004004,8005245,12,18,120
2023-08-22,8004004,8005246,10,22,95
2023-08-22,8004199,8002929,22,25,116
2023-08-22,8004199,8004199,35,46,97
2023-08-22,8004199,8006170,14,21,79
2023-08-22,8004236,8004236,0,2,0
2023-08-22,8004236,8004748,4,18,15
2023-08-22,8004253,8000154,13,18,215
2023-08-22,8004253,8002995,2,2,150
2023-08-22,8004253,8003040,14,18,153
2023-08-22,8004253,8004253,30,37,191
2023-08-22,8004253,8079083,17,18,47
2023-08-22,8004312,8000272,31,40,62
2023-08-22,8004312,8000941,28,42,52
2023-08-22,8004312,8004312,56,82,43
2023-08-22,8004344,8002746,0,19,0
2023-08-22,8004392,8000875,24,41,63
2023-08-22,8004392,8004392,66,78,57
2023-08-22,8004392,8004555,30,37,42
2023-08-22,8004555,8004392,38,40,72
2023-08-22,8004555,8004555,61,77,56
2023-08-22,8004555,8005659,20,37,26
2023-08-22,8004909,8001990,16,20,104
2023-08-22,8004909,8003980,12,21,47
2023-08-22,8004909,8004909,35,41,86
2023-08-22,8005044,8005044,45,73,90
2023-08-22,8005044,8005332,26,38,88
2023-08-22,8005044,8005649,18,35,83
2023-08-22,8005241,8000175,1,2,45
2023-08-22,8005241,8005241,54,82,126
2023-08-22,8005241,8005243,18,22,59
2023-08-22,8005241,8005306,13,23,112
2023-08-22,8005241,8005332,3,3,40
2023-08-22,8005241,8005649,9,14,66
2023-08-22,8005243,8001302,15,38,24
2023-08-22,8005243,8005241,12,20,40
2023-08-22,8005243,8005243,42,76,42
2023-08-22,8005243,8005332,7,10,78
2023-08-22,8005246,8004004,5,21,24
2023-08-22,8005246,8005246,15,42,58
2023-08-22,8005246,8005812,9,21,101
2023-08-22,8005247,8000075,42,57,47
2023-08-22,8005247,8000175,15,17,157
2023-08-22,8005247,8001110,18,39,47
2023-08-22,8005247,8005247,70,113,60
2023-08-22,8005306,8005241,3,23,17
2023-08-22,8005306,8005306,22,50,67
2023-08-22,8005306,8005332,13,23,111
2023-08-22,8005306,8005649,0,1,0
2023-08-22,8005332,8005044,23,35,93
2023-08-22,8005332,8005241,5,5,96
2023-08-22,8005332,8005243,7,8,79
2023-08-22,8005332,8005306,8,23,25
2023-08-22,8005332,8005332,47,79,83
2023-08-22,8005332,8005649,3,4,60
2023-08-22,8005346,8000272,15,23,89
2023-08-22,8005346,8000378,18,22,87
2023-08-22,8005346,8005346,38,45,92
2023-08-22,8005562,8000075,0,19,0
2023-08-22,8005562,8002746,0,19,0
2023-08-22,8005562,8005562,0,38,0
2023-08-22,8005649,8000175,12,13,44
2023-08-22,8005649,8000319,30,41,120
2023-08-22,8005649,8002875,1,1,30
2023-08-22,8005649,8003294,13,16,51
2023-08-22,8005649,8003759,8,9,60
2023-08-22,8005649,8005044,26,38,96
2023-08-22,8005649,8005241,14,14,356
2023-08-22,8005649,8005306,3,3,120
2023-08-22,8005649,8005332,2,2,90
2023-08-22,8005649,8005649,105,143,104
2023-08-22,8005659,8000154,12,17,139
2023-08-22,8005659,8000792,14,21,44
2023-08-22,8005659,8000875,17,19,208
2023-08-22,8005659,8004392,1,1,510
2023-08-22,8005659,8004555,38,40,65
2023-08-22,8005659,8005659,42,82,98
2023-08-22,8005659,8006170,1,1,90
2023-08-22,8005796,8001570,25,40,28
2023-08-22,8005796,8005796,39,78,28
2023-08-22,8005796,8005797,11,37,30
2023-08-22,8005797,8002117,31,37,84
2023-08-22,8005797,8005796,5,39,5
2023-08-22,8005797,8005797,38,76,32
2023-08-22,8006170,8000154,14,22,40
2023-08-22,8006170,8004199,23,25,110
2023-08-22,8006170,8005659,0,1,0
2023-08-22,8006170,8006170,37,48,90
2023-08-22,8006392,8000272,17,40,52
2023-08-22,8006392,8000875,14,37,22
2023-08-22,8006392,8006392,43,77,42
2023-08-22,8006581,8001027,17,19,232
2023-08-22,8006581,8002625,17,17,251
2023-08-22,8006581,8006581,34,36,219
2023-08-22,8006627,8001470,9,20,57
2023-08-22,8006627,8003059,18,20,46
2023-08-22,8006627,8006627,21,40,40
2023-08-22,8007868,8000563,4,20,10
2023-08-22,8079083,8000154,15,18,42
2023-08-22,8079083,8004253,12,17,67
2023-08-22,8079083,8079083,29,35,90
2023-08-23,8000075,8000075,86,105,180
2023-08-23,8000075,8000840,28,36,385
2023-08-23,8000075,8003992,16,17,210
2023-08-23,8000075,8005247,38,53,138
2023-08-23,8000075,8005562,0,18,0
2023-08-23,8000154,8000154,36,70,77
2023-08-23,8000154,8004253,15,18,78
2023-08-23,8000154,8005659,12,17,159
2023-08-23,8000154,8006170,20,26,74
2023-08-23,8000154,8079083,14,17,55
2023-08-23,8000175,8000175,79,113,112
2023-08-23,8000175,8001110,27,39,70
2023-08-23,8000175,8001302,1,1,30
2023-08-23,8000175,8003796,27,37,157
2023-08-23,8000175,8005247,14,18,48
2023-08-23,8000175,8005649,12,14,141
2023-08-23,8000272,8000272,125,156,78
2023-08-23,8000272,8000875,8,18,22
2023-08-23,8000272,8003516,30,39,72
2023-08-23,8000272,8004312,17,42,45
2023-08-23,8000272,8005346,19,22,94
2023-08-23,8000272,8006392,29,37,20
2023-08-23,8000319,8000319,59,82,131
2023-08-23,8000319,8002625,14,19,87
2023-08-23,8000319,8003294,15,22,121
2023-08-23,8000319,8005649,24,41,147
2023-08-23,8000357,8000357,30,36,264
2023-08-23,8000357,8000371,16,19,278
2023-08-23,8000357,8001027,14,17,274
2023-08-23,8000371,8000357,14,17,275
2023-08-23,8000371,8000371,31,36,266
2023-08-23,8000371,8006680,17,19,278
2023-08-23,8000378,8000378,43,45,109
2023-08-23,8000378,8002238,20,22,123
2023-08-23,8000378,8005346,23,23,115
2023-08-23,8000563,8000563,29,40,42
2023-08-23,8000563,8001221,17,20,56
2023-08-23,8000563,8007868,15,20,76
2023-08-23,8000792,8000792,33,46,57
2023-08-23,8000792,8002929,14,21,53
2023-08-23,8000792,8005659,16,25,31
2023-08-23,8000840,8000075,29,35,129
2023-08-23,8000840,8000840,59,76,249
2023-08-23,8000840,8002083,26,37,390
2023-08-23,8000840,8003992,0,1,-30
2023-08-23,8000840,8005247,3,3,120
2023-08-23,8000875,8000272,19,20,258
2023-08-23,8000875,8000875,84,115,82
2023-08-23,8000875,8004392,11,37,26
2023-08-23,8000875,8005659,15,18,47
2023-08-23,8000875,8006392,20,40,60
2023-08-23,8000923,8004236,0,2,0
2023-08-23,8000926,8000926,33,43,204
2023-08-23,8000926,8003991,17,21,101
2023-08-23,8000926,8004004,19,22,329
2023-08-23,8000941,8000941,71,82,75
2023-08-23,8000941,8004312,17,40,24
2023-08-23,8001027,8000357,16,19,257
2023-08-23,8001027,8001027,30,36,268
2023-08-23,8001027,8006581,13,17,266
2023-08-23,8001110,8000175,26,39,117
2023-08-23,8001110,8001110,53,78,90
2023-08-23,8001110,8005247,24,39,82
2023-08-23,8001221,8000563,14,20,56
2023-08-23,8001221,8001221,32,40,63
2023-08-23,8001221,8001812,17,20,52
2023-08-23,8001302,8001302,46,76,107
2023-08-23,8001302,8003796,23,38,66
2023-08-23,8001302,8005243,24,38,144
2023-08-23,8001470,8001470,26,38,44
2023-08-23,8001470,8001812,16,19,79
2023-08-23,8001470,8006627,10,19,32
2023-08-23,8001570,8001570,40,77,23
2023-08-23,8001570,8003108,4,39,6
2023-08-23,8001570,8005796,21,37,35
2023-08-23,8001812,8001221,11,20,60
2023-08-23,8001812,8001470,11,19,24
2023-08-23,8001812,8001812,28,40,53
2023-08-23,8001812,8006627,0,1,0
2023-08-23,8001990,8001990,34,41,70
2023-08-23,8001990,8004909,14,21,69
2023-08-23,8002083,8000840,23,37,97
2023-08-23,8002083,8002083,52,74,255
2023-08-23,8002083,8003992,29,37,427
2023-08-23,8002117,8005796,1,2,15
2023-08-23,8002117,8005797,7,39,8
2023-08-23,8002238,8000378,19,22,67
2023-08-23,8002238,8002238,66,84,72
2023-08-23,8002238,8003059,30,42,83
2023-08-23,8002238,8003980,18,20,58
2023-08-23,8002625,8000319,14,17,266
2023-08-23,8002625,8002625,28,36,180
2023-08-23,8002625,8006581,14,19,103
2023-08-23,8002746,8002746,0,38,0
2023-08-23,8002746,8004344,0,19,0
2023-08-23,8002746,8005562,0,19,0
2023-08-23,8002929,8000792,21,25,78
2023-08-23,8002929,8002929,34,46,72
2023-08-23,8002929,8004199,15,21,69
2023-08-23,8003059,8002238,25,42,46
2023-08-23,8003059,8003059,29,40,58
2023-08-23,8003059,8006627,9,20,51
2023-08-23,8003108,8001570,9,37,17
2023-08-23,8003108,8003108,53,76,30
2023-08-23,8003294,8000319,15,24,68
2023-08-23,8003294,8003294,48,77,87
2023-08-23,8003294,8003684,23,38,112
2023-08-23,8003294,8005649,10,15,74
2023-08-23,8003516,8000272,31,36,-9
2023-08-23,8003684,8001200,14,17,125
2023-08-23,8003684,8003294,22,39,61
2023-08-23,8003684,8003684,42,77,81
2023-08-23,8003796,8000175,18,38,62
2023-08-23,8003796,8001302,25,37,146
2023-08-23,8003796,8003796,50,75,109
2023-08-23,8003980,8000378,1,1,390
2023-08-23,8003980,8002238,10,20,62
2023-08-23,8003980,8003980,29,41,64
2023-08-23,8003980,8004909,17,20,58
2023-08-23,8003991,8000926,13,22,316
2023-08-23,8003991,8003991,33,43,222
2023-08-23,8003991,8003992,18,21,109
2023-08-23,8003992,8000075,16,17,259
2023-08-23,8003992,8000840,0,1,0
2023-08-23,8003992,8002083,23,37,108
2023-08-23,8003992,8003991,15,22,322
2023-08-23,8003992,8003992,65,78,238
2023-08-23,8003992,8004004,17,18,253
2023-08-23,8004004,8000926,7,21,51
2023-08-23,8004004,8003992,17,18,232
2023-08-23,8004004,8004004,54,79,202
2023-08-23,8004004,8005245,14,18,253
2023-08-23,8004004,8005246,16,22,304
2023-08-23,8004199,8002929,21,25,66
2023-08-23,8004199,8004199,36,46,70
2023-08-23,8004199,8006170,15,21,83
2023-08-23,8004236,8004236,0,2,0
2023-08-23,8004236,8004748,7,18,17
2023-08-23,8004253,8000154,12,18,227
2023-08-23,8004253,8002995,1,2,30
2023-08-23,8004253,8003040,15,18,50
2023-08-23,8004253,8004253,29,37,143
2023-08-23,8004253,8079083,17,18,43
2023-08-23,8004312,8000272,32,40,63
2023-08-23,8004312,8000941,38,42,92
2023-08-23,8004312,8004312,65,82,53
2023-08-23,8004344,8002746,0,19,0
2023-08-23,8004392,8000875,26,41,65
2023-08-23,8004392,8004392,72,78,65
2023-08-23,8004392,8004555,33,37,56
2023-08-23,8004555,8004392,39,40,86
2023-08-23,8004555,8004555,60,77,70
2023-08-23,8004555,8005659,26,37,45
2023-08-23,8004909,8001990,14,20,50
2023-08-23,8004909,8003980,10,21,49
2023-08-23,8004909,8004909,31,41,58
2023-08-23,8005044,8005044,48,73,104
2023-08-23,8005044,8005332,26,38,98
2023-08-23,8005044,8005649,21,35,104
2023-08-23,8005241,8000175,1,2,60
2023-08-23,8005241,8005241,61,82,117
2023-08-23,8005241,8005243,21,22,128
2023-08-23,8005241,8005306,17,23,124
2023-08-23,8005241,8005332,3,3,40
2023-08-23,8005241,8005649,10,14,64
2023-08-23,8005243,8001302,20,38,68
2023-08-23,8005243,8005241,15,20,148
2023-08-23,8005243,8005243,49,76,106
2023-08-23,8005243,8005332,5,10,102
2023-08-23,8005246,8004004,8,21,59
2023-08-23,8005246,8005246,23,42,196
2023-08-23,8005246,8005812,15,21,377
2023-08-23,8005247,8000075,41,54,100
2023-08-23,8005247,8000175,15,17,205
2023-08-23,8005247,8000840,1,2,15
2023-08-23,8005247,8001110,27,39,114
2023-08-23,8005247,8003992,1,1,60
2023-08-23,8005247,8005247,80,113,111
2023-08-23,8005306,8005241,11,23,63
2023-08-23,8005306,8005306,30,50,118
2023-08-23,8005306,8005332,14,23,120
2023-08-23,8005306,8005649,0,1,0
2023-08-23,8005332,8005044,24,35,110
2023-08-23,8005332,8005241,2,5,84
2023-08-23,8005332,8005243,6,8,45
2023-08-23,8005332,8005306,12,23,67
2023-08-23,8005332,8005332,50,79,96
2023-08-23,8005332,8005649,3,4,128
2023-08-23,8005346,8000272,21,23,121
2023-08-23,8005346,8000378,21,22,110
2023-08-23,8005346,8005346,44,45,117
2023-08-23,8005562,8000075,0,18,0
2023-08-23,8005562,8002746,0,19,0
2023-08-23,8005562,8005562,0,38,0
2023-08-23,8005649,8000175,11,13,65
2023-08-23,8005649,8000319,32,41,119
2023-08-23,8005649,8002875,0,1,0
2023-08-23,8005649,8003294,10,16,105
2023-08-23,8005649,8003759,6,9,87
2023-08-23,8005649,8005044,25,38,101
2023-08-23,8005649,8005241,11,14,206
2023-08-23,8005649,8005306,3,3,560
2023-08-23,8005649,8005332,1,2,30
2023-08-23,8005649,8005649,98,143,115
2023-08-23,8005659,8000154,10,17,44
2023-08-23,8005659,8000792,15,21,39
2023-08-23,8005659,8000875,16,19,215
2023-08-23,8005659,8004392,1,1,30
2023-08-23,8005659,8004555,32,40,71
2023-08-23,8005659,8005659,42,82,67
2023-08-23,8005659,8006170,1,1,120
2023-08-23,8005796,8001570,23,40,32
2023-08-23,8005796,8005796,38,78,27
2023-08-23,8005796,8005797,11,37,37
2023-08-23,8005797,8002117,34,37,97
2023-08-23,8005797,8005796,4,39,6
2023-08-23,8005797,8005797,36,76,36
2023-08-23,8006170,8000154,15,22,46
2023-08-23,8006170,8004199,22,25,60
2023-08-23,8006170,8005659,1,1,990
2023-08-23,8006170,8006170,35,48,83
2023-08-23,8006392,8000272,22,40,62
2023-08-23,8006392,8000875,18,37,33
2023-08-23,8006392,8006392,50,77,42
2023-08-23,8006581,8001027,17,19,270
2023-08-23,8006581,8002625,13,17,251
2023-08-23,8006581,8006581,30,36,225
2023-08-23,8006627,8001470,7,19,47
2023-08-23,8006627,8001812,0,1,0
2023-08-23,8006627,8003059,19,20,39
2023-08-23,8006627,8006627,19,40,30
2023-08-23,8007868,8000563,1,20,3
2023-08-23,8079083,8000154,15,18,37
2023-08-23,8079083,8004253,14,17,60
2023-08-23,8079083,8079083,29,35,87
2023-08-24,8000075,8000075,79,111,159
2023-08-24,8000075,8000840,19,38,69
2023-08-24,8000075,8003992,14,18,80
2023-08-24,8000075,8005247,39,56,232
2023-08-24,8000075,8005562,0,19,0
2023-08-24,8000154,8000154,44,70,113
2023-08-24,8000154,8004253,13,18,108
2023-08-24,8000154,8005659,13,17,302
2023-08-24,8000154,8006170,21,26,48
2023-08-24,8000154,8079083,12,17,76
2023-08-24,8000175,8000175,72,113,173
2023-08-24,8000175,8001110,21,39,41
2023-08-24,8000175,8001302,1,1,90
2023-08-24,8000175,8003796,26,37,190
2023-08-24,8000175,8005247,16,18,97
2023-08-24,8000175,8005649,14,14,525
2023-08-24,8000272,8000272,125,156,87
2023-08-24,8000272,8000875,8,18,33
2023-08-24,8000272,8003516,30,39,59
2023-08-24,8000272,8004312,15,42,26
2023-08-24,8000272,8005346,19,22,70
2023-08-24,8000272,8006392,29,37,62
2023-08-24,8000319,8000319,60,82,268
2023-08-24,8000319,8002625,13,19,231
2023-08-24,8000319,8003294,16,22,160
2023-08-24,8000319,8005649,30,41,376
2023-08-24,8000357,8000357,29,36,544
2023-08-24,8000357,8000371,15,19,450
2023-08-24,8000357,8001027,14,17,664
2023-08-24,8000371,8000357,13,17,664
2023-08-24,8000371,8000371,29,36,564
2023-08-24,8000371,8006680,14,19,543
2023-08-24,8000378,8000378,41,45,70
2023-08-24,8000378,8002238,18,22,78
2023-08-24,8000378,8005346,23,23,76
2023-08-24,8000563,8000563,30,40,168
2023-08-24,8000563,8001221,17,20,168
2023-08-24,8000563,8007868,16,20,204
2023-08-24,8000792,8000792,30,46,61
2023-08-24,8000792,8002929,13,21,54
2023-08-24,8000792,8005659,15,25,35
2023-08-24,8000840,8000075,30,38,164
2023-08-24,8000840,8000840,46,76,111
2023-08-24,8000840,8002083,15,37,49
2023-08-24,8000840,8003992,1,1,720
2023-08-24,8000875,8000272,19,20,303
2023-08-24,8000875,8000875,85,115,86
2023-08-24,8000875,8004392,12,37,24
2023-08-24,8000875,8005659,13,18,57
2023-08-24,8000875,8006392,22,40,46
2023-08-24,8000923,8004236,0,2,0
2023-08-24,8000926,8000926,29,43,129
2023-08-24,8000926,8003991,18,21,187
2023-08-24,8000926,8004004,17,22,100
2023-08-24,8000941,8000941,68,82,70
2023-08-24,8000941,8004312,25,40,51
2023-08-24,8001027,8000357,15,19,437
2023-08-24,8001027,8001027,29,36,558
2023-08-24,8001027,8006581,14,17,724
2023-08-24,8001110,8000175,25,39,202
2023-08-24,8001110,8001110,43,78,116
2023-08-24,8001110,8005247,17,39,48
2023-08-24,8001221,8000563,12,20,186
2023-08-24,8001221,8001221,31,40,184
2023-08-24,8001221,8001812,19,20,166
2023-08-24,8001302,8001302,39,76,105
2023-08-24,8001302,8003796,16,38,39
2023-08-24,8001302,8005243,26,38,174
2023-08-24,8001470,8001470,29,40,182
2023-08-24,8001470,8001812,17,20,232
2023-08-24,8001470,8006627,12,20,146
2023-08-24,8001570,8001570,47,77,57
2023-08-24,8001570,8003108,12,39,25
2023-08-24,8001570,8005796,29,37,87
2023-08-24,8001812,8001221,9,20,192
2023-08-24,8001812,8001470,11,20,135
2023-08-24,8001812,8001812,25,40,178
2023-08-24,8001990,8001990,34,41,196
2023-08-24,8001990,8004909,15,21,237
2023-08-24,8002083,8000840,22,37,144
2023-08-24,8002083,8002083,39,74,100
2023-08-24,8002083,8003992,15,37,52
2023-08-24,8002117,8005796,0,2,0
2023-08-24,8002117,8005797,10,39,22
2023-08-24,8002238,8000378,19,22,55
2023-08-24,8002238,8002238,69,84,126
2023-08-24,8002238,8003059,31,42,147
2023-08-24,8002238,8003980,18,20,158
2023-08-24,8002625,8000319,15,17,748
2023-08-24,8002625,8002625,28,36,483
2023-08-24,8002625,8006581,13,19,256
2023-08-24,8002746,8002746,0,38,0
2023-08-24,8002746,8004344,0,19,0
2023-08-24,8002746,8005562,0,19,0
2023-08-24,8002929,8000792,21,25,82
2023-08-24,8002929,8002929,33,46,74
2023-08-24,8002929,8004199,13,21,61
2023-08-24,8003059,8002238,26,42,96
2023-08-24,8003059,8003059,30,40,196
2023-08-24,8003059,8006627,10,20,222
2023-08-24,8003108,8001570,13,37,62
2023-08-24,8003108,8003108,62,76,62
2023-08-24,8003294,8000319,16,24,99
2023-08-24,8003294,8003294,48,77,99
2023-08-24,8003294,8003684,27,38,129
2023-08-24,8003294,8005649,9,15,54
2023-08-24,8003516,8000272,33,36,38
2023-08-24,8003684,8001200,12,17,127
2023-08-24,8003684,8003294,19,39,71
2023-08-24,8003684,8003684,44,77,94
2023-08-24,8003796,8000175,12,38,32
2023-08-24,8003796,8001302,24,37,174
2023-08-24,8003796,8003796,42,75,109
2023-08-24,8003980,8000378,1,1,30
2023-08-24,8003980,8002238,11,20,224
2023-08-24,8003980,8003980,30,41,188
2023-08-24,8003980,8004909,18,20,158
2023-08-24,8003991,8000926,12,22,83
2023-08-24,8003991,8003991,31,43,140
2023-08-24,8003991,8003992,15,21,171
2023-08-24,8003992,8000075,16,17,494
2023-08-24,8003992,8000840,1,1,60
2023-08-24,8003992,8002083,23,37,141
2023-08-24,8003992,8003991,13,22,104
2023-08-24,8003992,8003992,60,78,208
2023-08-24,8003992,8004004,17,18,110
2023-08-24,8004004,8000926,9,21,144
2023-08-24,8004004,8003992,17,18,457
2023-08-24,8004004,8004004,56,79,188
2023-08-24,8004004,8005245,14,18,152
2023-08-24,8004004,8005246,15,22,85
2023-08-24,8004199,8002929,22,25,72
2023-08-24,8004199,8004199,32,46,70
2023-08-24,8004199,8006170,13,21,79
2023-08-24,8004236,8004236,0,2,0
2023-08-24,8004236,8004748,5,18,12
2023-08-24,8004253,8000154,15,18,313
2023-08-24,8004253,8002995,2,2,165
2023-08-24,8004253,8003040,13,18,95
2023-08-24,8004253,8004253,28,37,208
2023-08-24,8004253,8079083,14,18,37
2023-08-24,8004312,8000272,37,40,82
2023-08-24,8004312,8000941,35,42,63
2023-08-24,8004312,8004312,68,82,54
2023-08-24,8004344,8002746,0,19,0
2023-08-24,8004392,8000875,28,41,50
2023-08-24,8004392,8004392,71,78,53
2023-08-24,8004392,8004555,32,37,53
2023-08-24,8004555,8004392,39,40,68
2023-08-24,8004555,8004555,59,77,56
2023-08-24,8004555,8005659,24,37,43
2023-08-24,8004909,8001990,13,20,147
2023-08-24,8004909,8003980,12,21,217
2023-08-24,8004909,8004909,34,41,195
2023-08-24,8005044,8005044,53,73,132
2023-08-24,8005044,8005332,29,38,126
2023-08-24,8005044,8005649,20,35,126
2023-08-24,8005241,8000175,2,2,45
2023-08-24,8005241,8005241,58,82,207
2023-08-24,8005241,8005243,22,22,101
2023-08-24,8005241,8005306,16,23,147
2023-08-24,8005241,8005332,1,3,50
2023-08-24,8005241,8005649,7,14,75
2023-08-24,8005243,8001302,13,38,39
2023-08-24,8005243,8005241,14,20,170
2023-08-24,8005243,8005243,44,76,109
2023-08-24,8005243,8005332,7,10,120
2023-08-24,8005246,8004004,11,21,160
2023-08-24,8005246,8005246,23,42,125
2023-08-24,8005246,8005812,12,21,121
2023-08-24,8005247,8000075,35,57,74
2023-08-24,8005247,8000175,16,17,415
2023-08-24,8005247,8001110,25,39,195
2023-08-24,8005247,8005247,73,113,158
2023-08-24,8005306,8005241,12,23,112
2023-08-24,8005306,8005306,30,50,197
2023-08-24,8005306,8005332,14,23,149
2023-08-24,8005306,8005649,0,1,0
2023-08-24,8005332,8005044,24,35,133
2023-08-24,8005332,8005241,4,5,144
2023-08-24,8005332,8005243,5,8,34
2023-08-24,8005332,8005306,15,23,125
2023-08-24,8005332,8005332,54,79,125
2023-08-24,8005332,8005649,4,4,112
2023-08-24,8005346,8000272,20,23,52
2023-08-24,8005346,8000378,20,22,78
2023-08-24,8005346,8005346,42,45,73
2023-08-24,8005562,8000075,0,19,0
2023-08-24,8005562,8002746,0,19,0
2023-08-24,8005562,8005562,0,38,0
2023-08-24,8005649,8000175,12,13,150
2023-08-24,8005649,8000319,31,41,137
2023-08-24,8005649,8002875,1,1,90
2023-08-24,8005649,8003294,11,16,96
2023-08-24,8005649,8003759,9,9,343
2023-08-24,8005649,8005044,29,38,133
2023-08-24,8005649,8005241,13,14,615
2023-08-24,8005649,8005306,3,3,1270
2023-08-24,8005649,8005332,1,2,195
2023-08-24,8005649,8005649,111,143,228
2023-08-24,8005659,8000154,9,17,51
2023-08-24,8005659,8000792,14,21,39
2023-08-24,8005659,8000875,13,19,267
2023-08-24,8005659,8004392,1,1,30
2023-08-24,8005659,8004555,30,40,46
2023-08-24,8005659,8005659,35,82,82
2023-08-24,8005659,8006170,1,1,30
2023-08-24,8005796,8001570,24,40,46
2023-08-24,8005796,8005796,43,78,53
2023-08-24,8005796,8005797,13,37,67
2023-08-24,8005797,8002117,35,37,121
2023-08-24,8005797,8005796,11,39,25
2023-08-24,8005797,8005797,43,76,58
2023-08-24,8006170,8000154,14,22,50
2023-08-24,8006170,8004199,21,25,70
2023-08-24,8006170,8005659,0,1,0
2023-08-24,8006170,8006170,36,48,69
2023-08-24,8006392,8000272,26,40,53
2023-08-24,8006392,8000875,21,37,39
2023-08-24,8006392,8006392,53,77,47
2023-08-24,8006581,8001027,15,19,444
2023-08-24,8006581,8002625,14,17,722
2023-08-24,8006581,8006581,29,36,530
2023-08-24,8006627,8001470,7,20,208
2023-08-24,8006627,8003059,19,20,142
2023-08-24,8006627,8006627,23,40,170
2023-08-24,8007868,8000563,8,20,130
2023-08-24,8079083,8000154,13,18,32
2023-08-24,8079083,8004253,12,17,71
2023-08-24,8079083,8079083,25,35,81
2023-08-25,8000075,8000075,82,111,178
2023-08-25,8000075,8000840,18,38,84
2023-08-25,8000075,8003992,14,18,217
2023-08-25,8000075,8005247,44,56,223
2023-08-25,8000075,8005562,0,19,0
2023-08-25,8000154,8000154,45,71,129
2023-08-25,8000154,8004253,14,18,107
2023-08-25,8000154,8005659,11,17,348
2023-08-25,8000154,8006170,23,26,45
2023-08-25,8000154,8079083,12,18,98
2023-08-25,8000175,8000175,74,113,165
2023-08-25,8000175,8001110,20,39,75
2023-08-25,8000175,8001302,1,1,120
2023-08-25,8000175,8003796,27,37,137
2023-08-25,8000175,8005247,15,18,160
2023-08-25,8000175,8005649,14,14,418
2023-08-25,8000272,8000272,135,156,119
2023-08-25,8000272,8000875,12,18,92
2023-08-25,8000272,8003516,30,39,83
2023-08-25,8000272,8004312,17,42,39
2023-08-25,8000272,8005346,19,22,120
2023-08-25,8000272,8006392,31,37,58
2023-08-25,8000319,8000319,57,83,240
2023-08-25,8000319,8002625,17,20,192
2023-08-25,8000319,8003294,11,22,75
2023-08-25,8000319,8005649,23,41,351
2023-08-25,8000357,8000357,30,37,542
2023-08-25,8000357,8000371,15,20,471
2023-08-25,8000357,8001027,16,17,639
2023-08-25,8000371,8000357,16,17,646
2023-08-25,8000371,8000371,30,37,548
2023-08-25,8000371,8006680,16,20,502
2023-08-25,8000378,8000378,43,45,135
2023-08-25,8000378,8002238,21,22,153
2023-08-25,8000378,8005346,23,23,132
2023-08-25,8000563,8000563,31,40,82
2023-08-25,8000563,8001221,15,20,58
2023-08-25,8000563,8007868,18,20,144
2023-08-25,8000792,8000792,35,46,77
2023-08-25,8000792,8002929,12,21,74
2023-08-25,8000792,8005659,19,25,46
2023-08-25,8000840,8000075,30,38,124
2023-08-25,8000840,8000840,46,76,89
2023-08-25,8000840,8002083,14,37,79
2023-08-25,8000840,8003992,1,1,30
2023-08-25,8000875,8000272,18,20,354
2023-08-25,8000875,8000875,92,115,109
2023-08-25,8000875,8004392,14,37,23
2023-08-25,8000875,8005659,16,18,98
2023-08-25,8000875,8006392,22,40,62
2023-08-25,8000923,8004236,0,2,0
2023-08-25,8000926,8000926,27,44,104
2023-08-25,8000926,8003991,18,22,78
2023-08-25,8000926,8004004,12,22,157
2023-08-25,8000941,8000941,68,82,71
2023-08-25,8000941,8004312,19,40,35
2023-08-25,8001027,8000357,14,20,456
2023-08-25,8001027,8001027,30,37,555
2023-08-25,8001027,8006581,14,17,701
2023-08-25,8001110,8000175,20,39,102
2023-08-25,8001110,8001110,38,78,84
2023-08-25,8001110,8005247,19,39,75
2023-08-25,8001221,8000563,16,20,118
2023-08-25,8001221,8001221,35,40,95
2023-08-25,8001221,8001812,16,20,58
2023-08-25,8001302,8001302,41,76,94
2023-08-25,8001302,8003796,16,38,66
2023-08-25,8001302,8005243,25,38,126
2023-08-25,8001470,8001470,32,40,110
2023-08-25,8001470,8001812,20,20,177
2023-08-25,8001470,8006627,11,20,75
2023-08-25,8001570,8001570,57,77,37
2023-08-25,8001570,8003108,10,39,19
2023-08-25,8001570,8005796,32,37,60
2023-08-25,8001812,8001221,14,20,118
2023-08-25,8001812,8001470,9,20,60
2023-08-25,8001812,8001812,31,40,101
2023-08-25,8001990,8001990,31,41,127
2023-08-25,8001990,8004909,15,21,127
2023-08-25,8002083,8000840,20,37,75
2023-08-25,8002083,8002083,40,74,81
2023-08-25,8002083,8003992,16,37,76
2023-08-25,8002117,8005796,2,2,30
2023-08-25,8002117,8005797,10,39,11
2023-08-25,8002238,8000378,20,22,110
2023-08-25,8002238,8002238,71,84,127
2023-08-25,8002238,8003059,32,42,135
2023-08-25,8002238,8003980,16,20,140
2023-08-25,8002625,8000319,15,17,750
2023-08-25,8002625,8002625,33,37,493
2023-08-25,8002625,8006581,17,20,273
2023-08-25,8002746,8002746,0,38,0
2023-08-25,8002746,8004344,0,19,0
2023-08-25,8002746,8005562,0,19,0
2023-08-25,8002929,8000792,24,25,97
2023-08-25,8002929,8002929,36,46,92
2023-08-25,8002929,8004199,14,21,91
2023-08-25,8003059,8002238,27,42,106
2023-08-25,8003059,8003059,32,40,134
2023-08-25,8003059,8006627,12,20,118
2023-08-25,8003108,8001570,15,37,28
2023-08-25,8003108,8003108,59,76,45
2023-08-25,8003294,8000319,11,24,61
2023-08-25,8003294,8003294,44,77,80
2023-08-25,8003294,8003684,22,38,86
2023-08-25,8003294,8005649,13,15,114
2023-08-25,8003516,8000272,33,36,34
2023-08-25,8003684,8001200,15,17,111
2023-08-25,8003684,8003294,22,39,78
2023-08-25,8003684,8003684,38,77,76
2023-08-25,8003796,8000175,11,38,58
2023-08-25,8003796,8001302,18,37,115
2023-08-25,8003796,8003796,43,75,95
2023-08-25,8003980,8000378,1,1,90
2023-08-25,8003980,8002238,12,20,118
2023-08-25,8003980,8003980,29,41,124
2023-08-25,8003980,8004909,16,20,135
2023-08-25,8003991,8000926,8,22,128
2023-08-25,8003991,8003991,26,44,98
2023-08-25,8003991,8003992,14,22,65
2023-08-25,8003992,8000075,17,17,536
2023-08-25,8003992,8000840,1,1,60
2023-08-25,8003992,8002083,25,37,79
2023-08-25,8003992,8003991,9,22,127
2023-08-25,8003992,8003992,57,78,228
2023-08-25,8003992,8004004,16,18,275
2023-08-25,8004004,8000926,10,22,38
2023-08-25,8004004,8003992,18,18,485
2023-08-25,8004004,8004004,52,80,222
2023-08-25,8004004,8005245,15,18,262
2023-08-25,8004004,8005246,11,22,165
2023-08-25,8004199,8002929,24,25,83
2023-08-25,8004199,8004199,38,46,88
2023-08-25,8004199,8006170,14,21,110
2023-08-25,8004236,8004236,0,2,0
2023-08-25,8004236,8004748,4,18,5
2023-08-25,8004253,8000154,14,18,343
2023-08-25,8004253,8002995,2,2,30
2023-08-25,8004253,8003040,17,18,88
2023-08-25,8004253,8004253,30,37,213
2023-08-25,8004253,8079083,16,19,49
2023-08-25,8004312,8000272,31,40,72
2023-08-25,8004312,8000941,34,42,81
2023-08-25,8004312,8004312,62,82,56
2023-08-25,8004344,8002746,0,19,0
2023-08-25,8004392,8000875,31,41,72
2023-08-25,8004392,8004392,73,78,64
2023-08-25,8004392,8004555,34,37,53
2023-08-25,8004555,8004392,38,40,87
2023-08-25,8004555,8004555,63,77,67
2023-08-25,8004555,8005659,31,37,47
2023-08-25,8004909,8001990,13,20,128
2023-08-25,8004909,8003980,10,21,93
2023-08-25,8004909,8004909,31,41,123
2023-08-25,8005044,8005044,37,74,96
2023-08-25,8005044,8005332,24,38,125
2023-08-25,8005044,8005649,11,36,61
2023-08-25,8005241,8000175,2,2,225
2023-08-25,8005241,8005241,50,83,203
2023-08-25,8005241,8005243,20,22,106
2023-08-25,8005241,8005306,6,24,60
2023-08-25,8005241,8005332,2,3,20
2023-08-25,8005241,8005649,8,14,51
2023-08-25,8005243,8001302,16,38,67
2023-08-25,8005243,8005241,10,20,64
2023-08-25,8005243,8005243,48,76,96
2023-08-25,8005243,8005332,7,10,90
2023-08-25,8005246,8004004,12,22,56
2023-08-25,8005246,8005246,18,43,103
2023-08-25,8005246,8005812,9,21,166
2023-08-25,8005247,8000075,37,57,111
2023-08-25,8005247,8000175,15,17,455
2023-08-25,8005247,8001110,26,39,102
2023-08-25,8005247,8005247,75,113,159
2023-08-25,8005306,8005241,7,23,64
2023-08-25,8005306,8005306,17,51,77
2023-08-25,8005306,8005332,6,24,60
2023-08-25,8005306,8005649,1,1,540
2023-08-25,8005332,8005044,17,36,68
2023-08-25,8005332,8005241,5,5,486
2023-08-25,8005332,8005243,7,8,120
2023-08-25,8005332,8005306,8,23,72
2023-08-25,8005332,8005332,44,80,115
2023-08-25,8005332,8005649,4,4,150
2023-08-25,8005346,8000272,19,23,113
2023-08-25,8005346,8000378,21,22,151
2023-08-25,8005346,8005346,44,45,133
2023-08-25,8005562,8000075,0,19,0
2023-08-25,8005562,8002746,0,19,0
2023-08-25,8005562,8005562,0,38,0
2023-08-25,8005649,8000175,11,13,150
2023-08-25,8005649,8000319,30,42,164
2023-08-25,8005649,8002875,1,1,60
2023-08-25,8005649,8003294,10,16,86
2023-08-25,8005649,8003759,9,9,190
2023-08-25,8005649,8005044,22,38,122
2023-08-25,8005649,8005241,13,14,709
2023-08-25,8005649,8005306,3,3,140
2023-08-25,8005649,8005332,2,2,945
2023-08-25,8005649,8005649,95,144,239
2023-08-25,8005659,8000154,13,17,88
2023-08-25,8005659,8000792,13,21,64
2023-08-25,8005659,8000875,15,19,319
2023-08-25,8005659,8004392,1,1,30
2023-08-25,8005659,8004555,33,40,72
2023-08-25,8005659,8005659,48,82,116
2023-08-25,8005659,8006170,1,1,30
2023-08-25,8005796,8001570,28,40,42
2023-08-25,8005796,8005796,51,78,35
2023-08-25,8005796,8005797,13,37,29
2023-08-25,8005797,8002117,37,37,91
2023-08-25,8005797,8005796,10,39,13
2023-08-25,8005797,8005797,47,76,36
2023-08-25,8006170,8000154,14,22,68
2023-08-25,8006170,8004199,24,25,71
2023-08-25,8006170,8005659,0,1,0
2023-08-25,8006170,8006170,38,48,81
2023-08-25,8006392,8000272,27,40,63
2023-08-25,8006392,8000875,22,37,35
2023-08-25,8006392,8006392,52,77,52
2023-08-25,8006581,8001027,15,20,464
2023-08-25,8006581,8002625,16,17,729
2023-08-25,8006581,8006581,32,37,530
2023-08-25,8006627,8001470,11,20,120
2023-08-25,8006627,8003059,19,20,118
2023-08-25,8006627,8006627,23,40,96
2023-08-25,8007868,8000563,7,20,27
2023-08-25,8079083,8000154,15,19,41
2023-08-25,8079083,8004253,13,18,92
2023-08-25,8079083,8079083,28,37,104
2023-08-26,8000075,8000075,67,80,192
2023-08-26,8000075,8000840,15,22,232
2023-08-26,8000075,8003992,16,17,159
2023-08-26,8000075,8005247,33,41,179
2023-08-26,8000075,8005562,0,17,0
2023-08-26,8000154,8000154,38,69,103
2023-08-26,8000154,8004253,14,18,72
2023-08-26,8000154,8005659,11,17,226
2023-08-26,8000154,8006170,22,23,80
2023-08-26,8000154,8079083,16,18,193
2023-08-26,8000175,8000175,58,80,171
2023-08-26,8000175,8001110,16,22,184
2023-08-26,8000175,8003796,16,24,158
2023-08-26,8000175,8005247,17,17,129
2023-08-26,8000175,8005649,12,13,265
2023-08-26,8000272,8000272,114,145,118
2023-08-26,8000272,8000875,13,18,43
2023-08-26,8000272,8003516,23,36,118
2023-08-26,8000272,8004312,14,36,29
2023-08-26,8000272,8005346,16,20,136
2023-08-26,8000272,8006392,27,33,81
2023-08-26,8000319,8000319,52,77,99
2023-08-26,8000319,8002625,16,17,81
2023-08-26,8000319,8003294,10,21,109
2023-08-26,8000319,8005649,21,39,104
2023-08-26,8000357,8000357,31,32,183
2023-08-26,8000357,8000371,16,17,187
2023-08-26,8000357,8001027,15,15,196
2023-08-26,8000371,8000357,15,15,200
2023-08-26,8000371,8000371,31,32,188
2023-08-26,8000371,8006680,16,17,206
2023-08-26,8000378,8000378,39,41,149
2023-08-26,8000378,8002238,19,20,194
2023-08-26,8000378,8005346,21,21,124
2023-08-26,8000563,8000563,25,37,66
2023-08-26,8000563,8001221,14,19,58
2023-08-26,8000563,8007868,16,18,120
2023-08-26,8000792,8000792,32,41,64
2023-08-26,8000792,8002929,15,19,65
2023-08-26,8000792,8005659,16,22,33
2023-08-26,8000840,8000075,17,23,171
2023-08-26,8000840,8000840,31,45,191
2023-08-26,8000840,8002083,15,22,224
2023-08-26,8000875,8000272,17,18,343
2023-08-26,8000875,8000875,77,106,121
2023-08-26,8000875,8004392,12,33,61
2023-08-26,8000875,8005659,16,18,63
2023-08-26,8000875,8006392,16,37,96
2023-08-26,8000923,8004236,0,2,0
2023-08-26,8000926,8000926,30,39,206
2023-08-26,8000926,8003991,17,20,178
2023-08-26,8000926,8004004,15,19,249
2023-08-26,8000941,8000941,56,70,58
2023-08-26,8000941,8004312,17,34,34
2023-08-26,8001027,8000357,16,17,168
2023-08-26,8001027,8001027,31,32,181
2023-08-26,8001027,8006581,14,15,186
2023-08-26,8001110,8000175,12,24,132
2023-08-26,8001110,8001110,27,46,153
2023-08-26,8001110,8005247,14,22,188
2023-08-26,8001221,8000563,14,18,102
2023-08-26,8001221,8001221,28,37,85
2023-08-26,8001221,8001812,11,19,55
2023-08-26,8001302,8001302,27,46,157
2023-08-26,8001302,8003796,14,22,183
2023-08-26,8001302,8005243,14,24,141
2023-08-26,8001470,8001470,24,37,84
2023-08-26,8001470,8001812,16,18,143
2023-08-26,8001470,8006627,8,19,35
2023-08-26,8001570,8001570,34,70,21
2023-08-26,8001570,8003108,8,37,10
2023-08-26,8001570,8005796,17,33,24
2023-08-26,8001812,8001221,7,18,93
2023-08-26,8001812,8001470,9,19,33
2023-08-26,8001812,8001812,21,37,78
2023-08-26,8001990,8001990,30,38,114
2023-08-26,8001990,8004909,13,19,150
2023-08-26,8002083,8000840,14,23,140
2023-08-26,8002083,8002083,32,45,190
2023-08-26,8002083,8003992,16,22,235
2023-08-26,8002117,8005796,1,1,30
2023-08-26,8002117,8005797,8,37,8
2023-08-26,8002238,8000378,17,20,94
2023-08-26,8002238,8002238,62,77,121
2023-08-26,8002238,8003059,27,38,159
2023-08-26,8002238,8003980,15,19,68
2023-08-26,8002625,8000319,13,15,178
2023-08-26,8002625,8002625,30,32,137
2023-08-26,8002625,8006581,17,17,94
2023-08-26,8002746,8002746,0,34,0
2023-08-26,8002746,8004344,0,17,0
2023-08-26,8002746,8005562,0,17,0
2023-08-26,8002929,8000792,20,22,82
2023-08-26,8002929,8002929,35,41,81
2023-08-26,8002929,8004199,16,19,79
2023-08-26,8003059,8002238,28,39,65
2023-08-26,8003059,8003059,28,37,98
2023-08-26,8003059,8006627,10,18,132
2023-08-26,8003108,8001570,4,33,6
2023-08-26,8003108,8003108,50,70,28
2023-08-26,8003294,8000319,13,24,49
2023-08-26,8003294,8003294,39,76,58
2023-08-26,8003294,8003684,22,37,79
2023-08-26,8003294,8005649,9,15,40
2023-08-26,8003516,8000272,30,33,69
2023-08-26,8003684,8001200,11,17,41
2023-08-26,8003684,8003294,17,39,33
2023-08-26,8003684,8003684,38,76,51
2023-08-26,8003796,8000175,10,22,168
2023-08-26,8003796,8001302,14,24,138
2023-08-26,8003796,8003796,30,46,166
2023-08-26,8003980,8000378,1,1,300
2023-08-26,8003980,8002238,10,18,165
2023-08-26,8003980,8003980,27,38,111
2023-08-26,8003980,8004909,16,19,74
2023-08-26,8003991,8000926,13,19,242
2023-08-26,8003991,8003991,32,39,211
2023-08-26,8003991,8003992,16,20,171
2023-08-26,8003992,8000075,17,17,295
2023-08-26,8003992,8002083,15,23,149
2023-08-26,8003992,8003991,14,19,249
2023-08-26,8003992,8003992,61,72,229
2023-08-26,8003992,8004004,17,17,210
2023-08-26,8004004,8000926,12,20,147
2023-08-26,8004004,8003992,15,17,282
2023-08-26,8004004,8004004,58,73,212
2023-08-26,8004004,8005245,16,17,176
2023-08-26,8004004,8005246,12,19,227
2023-08-26,8004199,8002929,20,22,75
2023-08-26,8004199,8004199,34,41,78
2023-08-26,8004199,8006170,16,19,92
2023-08-26,8004236,8004236,0,2,0
2023-08-26,8004236,8004748,3,16,22
2023-08-26,8004253,8000154,13,18,290
2023-08-26,8004253,8002995,1,1,180
2023-08-26,8004253,8003040,12,18,48
2023-08-26,8004253,8004253,26,36,166
2023-08-26,8004253,8079083,17,18,50
2023-08-26,8004312,8000272,30,34,66
2023-08-26,8004312,8000941,27,36,62
2023-08-26,8004312,8004312,52,70,47
2023-08-26,8004344,8002746,0,17,0
2023-08-26,8004392,8000875,22,37,99
2023-08-26,8004392,8004392,61,70,92
2023-08-26,8004392,8004555,28,33,85
2023-08-26,8004555,8004392,34,37,98
2023-08-26,8004555,8004555,58,70,94
2023-08-26,8004555,8005659,26,33,75
2023-08-26,8004909,8001990,12,19,66
2023-08-26,8004909,8003980,9,19,128
2023-08-26,8004909,8004909,29,38,109
2023-08-26,8005044,8005044,46,72,84
2023-08-26,8005044,8005332,26,38,79
2023-08-26,8005044,8005649,20,34,80
2023-08-26,8005241,8005241,50,76,100
2023-08-26,8005241,8005243,18,21,123
2023-08-26,8005241,8005306,13,22,112
2023-08-26,8005241,8005332,0,3,0
2023-08-26,8005241,8005649,7,12,35
2023-08-26,8005243,8001302,14,22,179
2023-08-26,8005243,8005241,10,20,135
2023-08-26,8005243,8005243,31,46,160
2023-08-26,8005246,8004004,16,20,160
2023-08-26,8005246,8005246,25,38,186
2023-08-26,8005246,8005812,11,19,237
2023-08-26,8005247,8000075,33,39,192
2023-08-26,8005247,8000175,15,17,219
2023-08-26,8005247,8001110,13,24,128
2023-08-26,8005247,8005247,63,80,176
2023-08-26,8005306,8005241,9,23,43
2023-08-26,8005306,8005306,26,49,86
2023-08-26,8005306,8005332,13,22,115
2023-08-26,8005306,8005649,0,1,0
2023-08-26,8005332,8000175,0,1,0
2023-08-26,8005332,8005044,24,34,93
2023-08-26,8005332,8005241,4,5,120
2023-08-26,8005332,8005306,10,23,55
2023-08-26,8005332,8005332,48,78,77
2023-08-26,8005332,8005649,4,4,90
2023-08-26,8005346,8000272,18,21,124
2023-08-26,8005346,8000378,18,20,171
2023-08-26,8005346,8005346,39,41,144
2023-08-26,8005562,8000075,0,17,0
2023-08-26,8005562,8002746,0,17,0
2023-08-26,8005562,8005562,0,34,0
2023-08-26,8005649,8000175,13,13,143
2023-08-26,8005649,8000319,29,38,109
2023-08-26,8005649,8002875,1,1,30
2023-08-26,8005649,8003294,11,16,49
2023-08-26,8005649,8003759,10,10,192
2023-08-26,8005649,8005044,24,38,79
2023-08-26,8005649,8005241,10,11,210
2023-08-26,8005649,8005306,3,3,240
2023-08-26,8005649,8005332,1,2,30
2023-08-26,8005649,8005649,103,135,107
2023-08-26,8005659,8000154,11,17,48
2023-08-26,8005659,8000792,16,19,57
2023-08-26,8005659,8000875,15,18,287
2023-08-26,8005659,8004555,32,37,88
2023-08-26,8005659,8005659,39,77,93
2023-08-26,8005659,8006170,1,1,30
2023-08-26,8005796,8001570,21,37,36
2023-08-26,8005796,8005796,32,71,19
2023-08-26,8005796,8005797,4,33,5
2023-08-26,8005797,8002117,25,33,58
2023-08-26,8005797,8005796,6,37,9
2023-08-26,8005797,8005797,34,70,20
2023-08-26,8006170,8000154,18,20,57
2023-08-26,8006170,8004199,19,22,61
2023-08-26,8006170,8005659,1,1,960
2023-08-26,8006170,8006170,38,43,89
2023-08-26,8006392,8000272,20,37,149
2023-08-26,8006392,8000875,20,33,61
2023-08-26,8006392,8006392,45,70,99
2023-08-26,8006581,8001027,16,17,187
2023-08-26,8006581,8002625,11,15,170
2023-08-26,8006581,8006581,30,32,165
2023-08-26,8006627,8001470,10,18,120
2023-08-26,8006627,8003059,16,19,38
2023-08-26,8006627,8006627,18,37,70
2023-08-26,8007868,8000563,4,19,17
2023-08-26,8079083,8000154,15,18,35
2023-08-26,8079083,8004253,16,18,192
2023-08-26,8079083,8079083,32,36,197
2023-08-27,8000075,8000075,49,76,103
2023-08-27,8000075,8000840,14,21,93
2023-08-27,8000075,8003992,10,17,88
2023-08-27,8000075,8005247,26,37,108
2023-08-27,8000075,8005562,0,13,0
2023-08-27,8000154,8000154,33,64,56
2023-08-27,8000154,8004253,15,18,50
2023-08-27,8000154,8005659,9,17,138
2023-08-27,8000154,8006170,18,18,172
2023-08-27,8000154,8079083,13,15,78
2023-08-27,8000175,8000175,56,76,105
2023-08-27,8000175,8001110,13,22,70
2023-08-27,8000175,8003796,16,19,77
2023-08-27,8000175,8005247,17,17,86
2023-08-27,8000175,8005649,12,14,210
2023-08-27,8000272,8000272,75,99,106
2023-08-27,8000272,8000875,12,18,27
2023-08-27,8000272,8003516,13,18,195
2023-08-27,8000272,8004312,11,29,30
2023-08-27,8000272,8005346,10,14,120
2023-08-27,8000272,8006392,15,18,117
2023-08-27,8000319,8000319,45,69,84
2023-08-27,8000319,8002625,14,15,132
2023-08-27,8000319,8003294,7,19,32
2023-08-27,8000319,8005649,18,35,106
2023-08-27,8000357,8000357,26,29,141
2023-08-27,8000357,8000371,14,15,168
2023-08-27,8000357,8001027,12,14,131
2023-08-27,8000371,8000357,12,14,131
2023-08-27,8000371,8000371,25,29,139
2023-08-27,8000371,8006680,14,15,170
2023-08-27,8000378,8000378,25,29,95
2023-08-27,8000378,8002238,12,14,124
2023-08-27,8000378,8005346,13,15,76
2023-08-27,8000563,8000563,17,26,108
2023-08-27,8000563,8001221,10,13,90
2023-08-27,8000563,8007868,8,13,132
2023-08-27,8000792,8000792,32,35,140
2023-08-27,8000792,8002929,12,17,69
2023-08-27,8000792,8005659,18,18,182
2023-08-27,8000840,8000075,14,20,66
2023-08-27,8000840,8000840,27,41,67
2023-08-27,8000840,8002083,11,21,77
2023-08-27,8000875,8000272,17,17,198
2023-08-27,8000875,8000875,57,72,117
2023-08-27,8000875,8004392,9,18,78
2023-08-27,8000875,8005659,15,18,35
2023-08-27,8000875,8006392,7,19,163
2023-08-27,8000926,8000926,19,36,50
2023-08-27,8000926,8003991,13,18,52
2023-08-27,8000926,8004004,11,18,65
2023-08-27,8000941,8000941,50,58,57
2023-08-27,8000941,8004312,16,29,33
2023-08-27,8001027,8000357,14,15,150
2023-08-27,8001027,8001027,26,29,141
2023-08-27,8001027,8006581,11,14,126
2023-08-27,8001110,8000175,12,20,46
2023-08-27,8001110,8001110,23,42,52
2023-08-27,8001110,8005247,13,22,68
2023-08-27,8001221,8000563,8,13,134
2023-08-27,8001221,8001221,18,26,117
2023-08-27,8001221,8001812,10,13,90
2023-08-27,8001302,8001302,25,41,65
2023-08-27,8001302,8003796,13,22,74
2023-08-27,8001302,8005243,14,19,54
2023-08-27,8001470,8001470,15,26,104
2023-08-27,8001470,8001812,8,13,148
2023-08-27,8001470,8006627,7,13,78
2023-08-27,8001570,8001570,20,37,28
2023-08-27,8001570,8003108,4,19,19
2023-08-27,8001570,8005796,10,18,28
2023-08-27,8001812,8001221,3,13,125
2023-08-27,8001812,8001470,7,13,69
2023-08-27,8001812,8001812,13,26,107
2023-08-27,8001990,8001990,20,27,123
2023-08-27,8001990,8004909,7,14,135
2023-08-27,8002083,8000840,7,19,32
2023-08-27,8002083,8002083,24,40,62
2023-08-27,8002083,8003992,13,21,86
2023-08-27,8002117,8005797,6,19,17
2023-08-27,8002238,8000378,7,14,47
2023-08-27,8002238,8002238,33,54,96
2023-08-27,8002238,8003059,14,27,118
2023-08-27,8002238,8003980,6,13,92
2023-08-27,8002625,8000319,14,14,152
2023-08-27,8002625,8002625,28,29,151
2023-08-27,8002625,8006581,14,15,144
2023-08-27,8002746,8002746,0,26,0
2023-08-27,8002746,8004344,0,13,0
2023-08-27,8002746,8005562,0,13,0
2023-08-27,8002929,8000792,18,18,227
2023-08-27,8002929,8002929,30,35,157
2023-08-27,8002929,8004199,14,17,90
2023-08-27,8003059,8002238,14,27,73
2023-08-27,8003059,8003059,15,26,127
2023-08-27,8003059,8006627,3,13,129
2023-08-27,8003108,8001570,2,18,10
2023-08-27,8003108,8003108,29,37,36
2023-08-27,8003294,8000319,9,21,33
2023-08-27,8003294,8003294,37,71,63
2023-08-27,8003294,8003684,19,35,61
2023-08-27,8003294,8005649,11,15,178
2023-08-27,8003516,8000272,15,18,53
2023-08-27,8003684,8001200,12,17,79
2023-08-27,8003684,8003294,16,36,57
2023-08-27,8003684,8003684,33,71,51
2023-08-27,8003796,8000175,9,22,64
2023-08-27,8003796,8001302,13,19,55
2023-08-27,8003796,8003796,28,41,70
2023-08-27,8003980,8000378,1,1,90
2023-08-27,8003980,8002238,4,13,118
2023-08-27,8003980,8003980,14,27,109
2023-08-27,8003980,8004909,10,13,104
2023-08-27,8003991,8000926,7,18,57
2023-08-27,8003991,8003991,23,36,59
2023-08-27,8003991,8003992,10,18,48
2023-08-27,8003992,8000075,15,17,244
2023-08-27,8003992,8000840,1,1,60
2023-08-27,8003992,8002083,10,19,36
2023-08-27,8003992,8003991,9,18,73
2023-08-27,8003992,8003992,51,71,119
2023-08-27,8003992,8004004,15,17,116
2023-08-27,8004004,8000926,4,18,22
2023-08-27,8004004,8003992,18,18,240
2023-08-27,8004004,8004004,38,71,99
2023-08-27,8004004,8005245,8,17,76
2023-08-27,8004004,8005246,6,18,47
2023-08-27,8004199,8002929,18,18,213
2023-08-27,8004199,8004199,32,35,159
2023-08-27,8004199,8006170,14,17,109
2023-08-27,8004236,8004748,5,14,15
2023-08-27,8004253,8000154,9,17,143
2023-08-27,8004253,8002995,1,5,18
2023-08-27,8004253,8003040,10,18,23
2023-08-27,8004253,8004253,20,35,85
2023-08-27,8004253,8079083,15,15,52
2023-08-27,8004312,8000272,25,29,58
2023-08-27,8004312,8000941,22,29,56
2023-08-27,8004312,8004312,41,58,41
2023-08-27,8004344,8002746,0,13,0
2023-08-27,8004392,8000875,13,19,172
2023-08-27,8004392,8004392,33,37,145
2023-08-27,8004392,8004555,15,18,117
2023-08-27,8004555,8004392,19,19,191
2023-08-27,8004555,8004555,34,37,165
2023-08-27,8004555,8005659,16,18,90
2023-08-27,8004909,8001990,7,13,92
2023-08-27,8004909,8003980,5,14,122
2023-08-27,8004909,8004909,17,27,118
2023-08-27,8005044,8005044,32,67,99
2023-08-27,8005044,8005332,18,36,140
2023-08-27,8005044,8005649,13,31,47
2023-08-27,8005241,8005241,44,69,90
2023-08-27,8005241,8005243,16,18,100
2023-08-27,8005241,8005306,9,19,36
2023-08-27,8005241,8005332,3,3,70
2023-08-27,8005241,8005649,7,12,70
2023-08-27,8005243,8001302,12,22,70
2023-08-27,8005243,8005241,10,17,41
2023-08-27,8005243,8005243,28,41,63
2023-08-27,8005246,8004004,6,18,30
2023-08-27,8005246,8005246,12,35,36
2023-08-27,8005246,8005812,8,18,55
2023-08-27,8005247,8000075,27,39,84
2023-08-27,8005247,8000175,12,17,184
2023-08-27,8005247,8001110,11,20,34
2023-08-27,8005247,8005247,48,76,90
2023-08-27,8005306,8005241,8,21,61
2023-08-27,8005306,8005306,15,44,55
2023-08-27,8005306,8005332,6,19,28
2023-08-27,8005306,8005649,0,1,0
2023-08-27,8005332,8005044,17,31,53
2023-08-27,8005332,8005241,2,3,170
2023-08-27,8005332,8005306,8,21,70
2023-08-27,8005332,8005332,35,71,94
2023-08-27,8005332,8005649,3,4,82
2023-08-27,8005346,8000272,9,15,54
2023-08-27,8005346,8000378,10,14,126
2023-08-27,8005346,8005346,23,29,97
2023-08-27,8005562,8000075,0,13,0
2023-08-27,8005562,8002746,0,13,0
2023-08-27,8005562,8005562,0,26,0
2023-08-27,8005649,8000175,10,11,150
2023-08-27,8005649,8000319,24,34,83
2023-08-27,8005649,8001200,1,1,60
2023-08-27,8005649,8002875,1,1,60
2023-08-27,8005649,8003294,11,16,82
2023-08-27,8005649,8003759,10,10,213
2023-08-27,8005649,8005044,17,36,138
2023-08-27,8005649,8005241,10,11,180
2023-08-27,8005649,8005306,3,3,200
2023-08-27,8005649,8005649,86,126,118
2023-08-27,8005659,8000154,11,17,34
2023-08-27,8005659,8000792,14,17,48
2023-08-27,8005659,8000875,10,17,143
2023-08-27,8005659,8004555,18,19,194
2023-08-27,8005659,8005659,38,70,91
2023-08-27,8005659,8006170,1,1,90
2023-08-27,8005796,8001570,12,19,46
2023-08-27,8005796,8005796,16,37,24
2023-08-27,8005796,8005797,1,18,5
2023-08-27,8005797,8002117,15,18,60
2023-08-27,8005797,8005796,4,19,19
2023-08-27,8005797,8005797,22,37,26
2023-08-27,8006170,8000154,15,18,48
2023-08-27,8006170,8004199,18,18,203
2023-08-27,8006170,8006170,33,36,148
2023-08-27,8006392,8000272,9,19,163
2023-08-27,8006392,8000875,12,18,90
2023-08-27,8006392,8006392,25,37,131
2023-08-27,8006581,8001027,14,15,160
2023-08-27,8006581,8002625,14,14,141
2023-08-27,8006581,8006581,28,29,149
2023-08-27,8006627,8001470,3,13,120
2023-08-27,8006627,8003059,12,13,102
2023-08-27,8006627,8006627,10,26,99
2023-08-27,8007868,8000563,4,13,92
2023-08-27,8079083,8000154,14,15,38
2023-08-27,8079083,8004253,13,15,90
2023-08-27,8079083,8079083,28,30,115
2023-08-28,8000075,8000075,88,111,205
2023-08-28,8000075,8000840,26,38,142
2023-08-28,8000075,8003992,14,18,297
2023-08-28,8000075,8005247,42,56,200
2023-08-28,8000075,8005562,4,19,14
2023-08-28,8000154,8000154,36,70,69
2023-08-28,8000154,8004253,12,18,115
2023-08-28,8000154,8005659,9,17,138
2023-08-28,8000154,8006170,22,26,40
2023-08-28,8000154,8079083,14,17,65
2023-08-28,8000175,8000175,83,113,195
2023-08-28,8000175,8001110,24,39,115
2023-08-28,8000175,8001302,1,1,30
2023-08-28,8000175,8003796,25,37,152
2023-08-28,8000175,8005247,16,18,298
2023-08-28,8000175,8005649,14,14,311
2023-08-28,8000272,8000272,127,156,67
2023-08-28,8000272,8000875,10,18,95
2023-08-28,8000272,8003516,28,39,60
2023-08-28,8000272,8004312,21,42,-36
2023-08-28,8000272,8005346,19,22,78
2023-08-28,8000272,8006392,28,37,75
2023-08-28,8000319,8000319,60,82,79
2023-08-28,8000319,8002625,14,19,84
2023-08-28,8000319,8003294,11,22,33
2023-08-28,8000319,8005649,30,41,106
2023-08-28,8000357,8000357,33,36,96
2023-08-28,8000357,8000371,18,19,123
2023-08-28,8000357,8001027,17,17,83
2023-08-28,8000371,8000357,15,17,90
2023-08-28,8000371,8000371,33,36,97
2023-08-28,8000371,8006680,18,19,129
2023-08-28,8000378,8000378,44,45,51
2023-08-28,8000378,8002238,22,22,101
2023-08-28,8000378,8005346,23,23,91
2023-08-28,8000563,8000563,26,40,34
2023-08-28,8000563,8001221,15,20,56
2023-08-28,8000563,8007868,15,20,58
2023-08-28,8000792,8000792,36,46,70
2023-08-28,8000792,8002929,15,21,69
2023-08-28,8000792,8005659,20,25,36
2023-08-28,8000840,8000075,32,38,133
2023-08-28,8000840,8000840,56,76,127
2023-08-28,8000840,8002083,21,37,133
2023-08-28,8000840,8003992,0,1,0
2023-08-28,8000875,8000272,19,20,178
2023-08-28,8000875,8000875,86,115,78
2023-08-28,8000875,8004392,12,37,36
2023-08-28,8000875,8005659,16,18,113
2023-08-28,8000875,8006392,20,40,42
2023-08-28,8000923,8004236,0,2,0
2023-08-28,8000926,8000926,32,43,97
2023-08-28,8000926,8003991,16,21,87
2023-08-28,8000926,8004004,18,22,113
2023-08-28,8000941,8000941,77,82,79
2023-08-28,8000941,8004312,28,40,52
2023-08-28,8001027,8000357,17,19,103
2023-08-28,8001027,8001027,34,36,95
2023-08-28,8001027,8006581,15,17,81
2023-08-28,8001110,8000175,28,39,122
2023-08-28,8001110,8001110,46,78,112
2023-08-28,8001110,8005247,25,39,118
2023-08-28,8001221,8000563,9,20,30
2023-08-28,8001221,8001221,25,40,46
2023-08-28,8001221,8001812,13,20,51
2023-08-28,8001302,8001302,51,76,118
2023-08-28,8001302,8003796,26,38,109
2023-08-28,8001302,8005243,29,38,138
2023-08-28,8001470,8001470,20,40,38
2023-08-28,8001470,8001812,13,20,57
2023-08-28,8001470,8006627,7,20,27
2023-08-28,8001570,8001570,57,77,40
2023-08-28,8001570,8003108,14,39,17
2023-08-28,8001570,8005796,32,37,60
2023-08-28,8001812,8001221,6,20,30
2023-08-28,8001812,8001470,9,20,26
2023-08-28,8001812,8001812,24,40,41
2023-08-28,8001990,8001990,26,41,64
2023-08-28,8001990,8004909,14,21,70
2023-08-28,8002083,8000840,23,37,108
2023-08-28,8002083,8002083,49,74,125
2023-08-28,8002083,8003992,21,37,132
2023-08-28,8002117,8005796,0,2,0
2023-08-28,8002117,8005797,9,39,8
2023-08-28,8002238,8000378,20,22,-98
2023-08-28,8002238,8002238,71,84,26
2023-08-28,8002238,8003059,31,42,78
2023-08-28,8002238,8003980,19,20,78
2023-08-28,8002625,8000319,16,17,136
2023-08-28,8002625,8002625,31,36,111
2023-08-28,8002625,8006581,15,19,93
2023-08-28,8002746,8002746,12,38,34
2023-08-28,8002746,8004344,11,19,65
2023-08-28,8002746,8005562,1,19,6
2023-08-28,8002929,8000792,22,25,86
2023-08-28,8002929,8002929,37,46,81
2023-08-28,8002929,8004199,15,21,77
2023-08-28,8003059,8002238,26,42,-39
2023-08-28,8003059,8003059,30,40,56
2023-08-28,8003059,8006627,9,20,45
2023-08-28,8003108,8001570,19,37,33
2023-08-28,8003108,8003108,68,76,45
2023-08-28,8003294,8000319,17,24,61
2023-08-28,8003294,8003294,48,77,92
2023-08-28,8003294,8003684,23,38,106
2023-08-28,8003294,8005649,14,15,132
2023-08-28,8003516,8000272,34,36,49
2023-08-28,8003684,8001200,14,17,208
2023-08-28,8003684,8003294,25,39,75
2023-08-28,8003684,8003684,42,77,84
2023-08-28,8003796,8000175,20,38,103
2023-08-28,8003796,8001302,24,37,133
2023-08-28,8003796,8003796,52,75,126
2023-08-28,8003980,8000378,1,1,60
2023-08-28,8003980,8002238,13,20,64
2023-08-28,8003980,8003980,33,41,65
2023-08-28,8003980,8004909,17,20,74
2023-08-28,8003991,8000926,14,22,109
2023-08-28,8003991,8003991,28,43,97
2023-08-28,8003991,8003992,15,21,73
2023-08-28,8003992,8000075,17,17,484
2023-08-28,8003992,8000840,0,1,0
2023-08-28,8003992,8002083,23,37,108
2023-08-28,8003992,8003991,12,22,119
2023-08-28,8003992,8003992,64,78,235
2023-08-28,8003992,8004004,17,18,323
2023-08-28,8004004,8000926,11,21,61
2023-08-28,8004004,8003992,18,18,458
2023-08-28,8004004,8004004,58,79,220
2023-08-28,8004004,8005245,16,18,292
2023-08-28,8004004,8005246,14,22,97
2023-08-28,8004199,8002929,22,25,70
2023-08-28,8004199,8004199,37,46,76
2023-08-28,8004199,8006170,15,21,96
2023-08-28,8004236,8004236,0,2,0
2023-08-28,8004236,8004748,4,18,3
2023-08-28,8004253,8000154,15,18,153
2023-08-28,8004253,8002995,2,2,30
2023-08-28,8004253,8003040,11,18,102
2023-08-28,8004253,8004253,29,37,130
2023-08-28,8004253,8079083,15,18,42
2023-08-28,8004312,8000272,35,40,94
2023-08-28,8004312,8000941,39,42,83
2023-08-28,8004312,8004312,73,82,46
2023-08-28,8004344,8002746,4,19,11
2023-08-28,8004392,8000875,28,41,50
2023-08-28,8004392,8004392,70,78,60
2023-08-28,8004392,8004555,32,37,63
2023-08-28,8004555,8004392,38,40,62
2023-08-28,8004555,8004555,65,77,62
2023-08-28,8004555,8005659,28,37,56
2023-08-28,8004909,8001990,9,20,54
2023-08-28,8004909,8003980,11,21,41
2023-08-28,8004909,8004909,31,41,64
2023-08-28,8005044,8005044,48,73,110
2023-08-28,8005044,8005332,29,38,123
2023-08-28,8005044,8005649,17,35,87
2023-08-28,8005241,8000175,2,2,375
2023-08-28,8005241,8005241,58,82,93
2023-08-28,8005241,8005243,21,22,131
2023-08-28,8005241,8005306,14,23,39
2023-08-28,8005241,8005332,0,3,0
2023-08-28,8005241,8005649,9,14,51
2023-08-28,8005243,8001302,23,38,104
2023-08-28,8005243,8005241,14,20,44
2023-08-28,8005243,8005243,54,76,121
2023-08-28,8005243,8005332,7,10,297
2023-08-28,8005246,8004004,12,21,74
2023-08-28,8005246,8005246,20,42,78
2023-08-28,8005246,8005812,12,21,103
2023-08-28,8005247,8000075,44,57,187
2023-08-28,8005247,8000175,17,17,399
2023-08-28,8005247,8001110,24,39,109
2023-08-28,8005247,8005247,84,113,189
2023-08-28,8005306,8005241,13,23,69
2023-08-28,8005306,8005306,26,50,57
2023-08-28,8005306,8005332,9,23,37
2023-08-28,8005306,8005649,0,1,0
2023-08-28,8005332,8005044,21,35,93
2023-08-28,8005332,8005241,5,5,372
2023-08-28,8005332,8005243,6,8,45
2023-08-28,8005332,8005306,14,23,78
2023-08-28,8005332,8005332,50,79,112
2023-08-28,8005332,8005649,4,4,112
2023-08-28,8005346,8000272,20,23,-70
2023-08-28,8005346,8000378,21,22,98
2023-08-28,8005346,8005346,42,45,53
2023-08-28,8005562,8000075,18,19,118
2023-08-28,8005562,8002746,8,19,30
2023-08-28,8005562,8005562,22,38,40
2023-08-28,8005649,8000175,10,13,261
2023-08-28,8005649,8000319,29,41,67
2023-08-28,8005649,8002875,0,1,0
2023-08-28,8005649,8003294,12,16,186
2023-08-28,8005649,8003759,9,9,270
2023-08-28,8005649,8005044,29,38,126
2023-08-28,8005649,8005241,11,14,148
2023-08-28,8005649,8005306,3,3,160
2023-08-28,8005649,8005332,2,2,540
2023-08-28,8005649,8005649,101,143,134
2023-08-28,8005659,8000154,7,17,83
2023-08-28,8005659,8000792,15,21,53
2023-08-28,8005659,8000875,13,19,134
2023-08-28,8005659,8004392,1,1,30
2023-08-28,8005659,8004555,36,40,55
2023-08-28,8005659,8005659,37,82,64
2023-08-28,8005659,8006170,1,1,180
2023-08-28,8005796,8001570,28,40,43
2023-08-28,8005796,8005796,52,78,35
2023-08-28,8005796,8005797,19,37,38
2023-08-28,8005797,8002117,36,37,98
2023-08-28,8005797,8005796,6,39,10
2023-08-28,8005797,8005797,44,76,40
2023-08-28,8006170,8000154,19,22,55
2023-08-28,8006170,8004199,22,25,60
2023-08-28,8006170,8005659,1,1,30
2023-08-28,8006170,8006170,39,48,72
2023-08-28,8006392,8000272,26,40,46
2023-08-28,8006392,8000875,23,37,54
2023-08-28,8006392,8006392,52,77,52
2023-08-28,8006581,8001027,18,19,120
2023-08-28,8006581,8002625,14,17,95
2023-08-28,8006581,8006581,33,36,105
2023-08-28,8006627,8001470,9,20,42
2023-08-28,8006627,8003059,17,20,34
2023-08-28,8006627,8006627,16,40,27
2023-08-28,8007868,8000563,4,20,10
2023-08-28,8079083,8000154,14,18,33
2023-08-28,8079083,8004253,14,17,69
2023-08-28,8079083,8079083,28,35,91
2023-08-29,8000075,8000075,83,111,147
2023-08-29,8000075,8000840,21,38,105
2023-08-29,8000075,8003992,13,18,140
2023-08-29,8000075,8005247,39,56,182
2023-08-29,8000075,8005562,4,19,16
2023-08-29,8000154,8000154,35,70,77
2023-08-29,8000154,8004253,16,18,95
2023-08-29,8000154,8005659,12,17,192
2023-08-29,8000154,8006170,21,26,42
2023-08-29,8000154,8079083,14,17,67
2023-08-29,8000175,8000175,75,113,128
2023-08-29,8000175,8001110,24,39,50
2023-08-29,8000175,8001302,1,1,210
2023-08-29,8000175,8003796,25,37,153
2023-08-29,8000175,8005247,15,18,133
2023-08-29,8000175,8005649,13,14,281
2023-08-29,8000272,8000272,133,156,99
2023-08-29,8000272,8000875,11,18,47
2023-08-29,8000272,8003516,31,39,87
2023-08-29,8000272,8004312,22,42,52
2023-08-29,8000272,8005346,20,22,112
2023-08-29,8000272,8006392,27,37,57
2023-08-29,8000319,8000319,60,82,118
2023-08-29,8000319,8002625,16,19,111
2023-08-29,8000319,8003294,12,22,149
2023-08-29,8000319,8005649,28,41,97
2023-08-29,8000357,8000357,30,36,141
2023-08-29,8000357,8000371,17,19,163
2023-08-29,8000357,8001027,15,17,134
2023-08-29,8000371,8000357,15,17,139
2023-08-29,8000371,8000371,32,36,142
2023-08-29,8000371,8006680,16,19,171
2023-08-29,8000378,8000378,43,45,115
2023-08-29,8000378,8002238,22,22,134
2023-08-29,8000378,8005346,23,23,108
2023-08-29,8000563,8000563,27,40,66
2023-08-29,8000563,8001221,13,20,63
2023-08-29,8000563,8007868,18,20,124
2023-08-29,8000792,8000792,34,46,53
2023-08-29,8000792,8002929,13,21,40
2023-08-29,8000792,8005659,17,25,36
2023-08-29,8000840,8000075,29,38,162
2023-08-29,8000840,8000840,50,76,137
2023-08-29,8000840,8002083,19,37,126
2023-08-29,8000840,8003992,1,1,30
2023-08-29,8000875,8000272,19,20,238
2023-08-29,8000875,8000875,82,115,83
2023-08-29,8000875,8004392,13,37,23
2023-08-29,8000875,8005659,16,18,67
2023-08-29,8000875,8006392,20,40,69
2023-08-29,8000923,8004236,0,2,0
2023-08-29,8000926,8000926,28,43,166
2023-08-29,8000926,8003991,16,21,146
2023-08-29,8000926,8004004,15,22,202
2023-08-29,8000941,8000941,73,82,82
2023-08-29,8000941,8004312,25,40,56
2023-08-29,8001027,8000357,15,19,145
2023-08-29,8001027,8001027,31,36,139
2023-08-29,8001027,8006581,15,17,125
2023-08-29,8001110,8000175,22,39,136
2023-08-29,8001110,8001110,44,78,88
2023-08-29,8001110,8005247,20,39,47
2023-08-29,8001221,8000563,13,20,87
2023-08-29,8001221,8001221,27,40,85
2023-08-29,8001221,8001812,13,20,64
2023-08-29,8001302,8001302,46,76,92
2023-08-29,8001302,8003796,22,38,42
2023-08-29,8001302,8005243,26,38,140
2023-08-29,8001470,8001470,27,40,79
2023-08-29,8001470,8001812,17,20,118
2023-08-29,8001470,8006627,9,20,51
2023-08-29,8001570,8001570,59,77,45
2023-08-29,8001570,8003108,15,39,35
2023-08-29,8001570,8005796,31,37,50
2023-08-29,8001812,8001221,10,20,93
2023-08-29,8001812,8001470,9,20,40
2023-08-29,8001812,8001812,24,40,77
2023-08-29,8001990,8001990,36,41,86
2023-08-29,8001990,8004909,14,21,84
2023-08-29,8002083,8000840,16,37,130
2023-08-29,8002083,8002083,39,74,131
2023-08-29,8002083,8003992,15,37,120
2023-08-29,8002117,8005796,0,2,0
2023-08-29,8002117,8005797,13,39,32
2023-08-29,8002238,8000378,19,22,97
2023-08-29,8002238,8002238,74,84,102
2023-08-29,8002238,8003059,32,42,116
2023-08-29,8002238,8003980,17,20,84
2023-08-29,8002625,8000319,17,17,164
2023-08-29,8002625,8002625,32,36,140
2023-08-29,8002625,8006581,15,19,114
2023-08-29,8002746,8002746,4,38,8
2023-08-29,8002746,8004344,3,19,13
2023-08-29,8002746,8005562,1,19,3
2023-08-29,8002929,8000792,22,25,80
2023-08-29,8002929,8002929,34,46,67
2023-08-29,8002929,8004199,14,21,54
2023-08-29,8003059,8002238,27,42,71
2023-08-29,8003059,8003059,31,40,92
2023-08-29,8003059,8006627,11,20,104
2023-08-29,8003108,8001570,12,37,23
2023-08-29,8003108,8003108,63,76,51
2023-08-29,8003294,8000319,18,24,62
2023-08-29,8003294,8003294,48,77,84
2023-08-29,8003294,8003684,24,38,119
2023-08-29,8003294,8005649,12,15,74
2023-08-29,8003516,8000272,32,36,39
2023-08-29,8003684,8001200,16,17,115
2023-08-29,8003684,8003294,24,39,47
2023-08-29,8003684,8003684,42,77,79
2023-08-29,8003796,8000175,17,38,37
2023-08-29,8003796,8001302,21,37,137
2023-08-29,8003796,8003796,47,75,92
2023-08-29,8003980,8000378,1,1,30
2023-08-29,8003980,8002238,15,20,118
2023-08-29,8003980,8003980,33,41,88
2023-08-29,8003980,8004909,16,20,75
2023-08-29,8003991,8000926,12,22,188
2023-08-29,8003991,8003991,28,43,165
2023-08-29,8003991,8003992,12,21,131
2023-08-29,8003992,8000075,15,17,356
2023-08-29,8003992,8000840,1,1,30
2023-08-29,8003992,8002083,21,37,122
2023-08-29,8003992,8003991,11,22,183
2023-08-29,8003992,8003992,54,78,205
2023-08-29,8003992,8004004,16,18,165
2023-08-29,8004004,8000926,7,21,116
2023-08-29,8004004,8003992,16,18,335
2023-08-29,8004004,8004004,52,79,196
2023-08-29,8004004,8005245,15,18,150
2023-08-29,8004004,8005246,15,22,195
2023-08-29,8004199,8002929,22,25,68
2023-08-29,8004199,8004199,32,46,64
2023-08-29,8004199,8006170,14,21,67
2023-08-29,8004236,8004236,0,2,0
2023-08-29,8004236,8004748,4,18,7
2023-08-29,8004253,8000154,14,18,213
2023-08-29,8004253,8002995,2,2,75
2023-08-29,8004253,8003040,15,18,65
2023-08-29,8004253,8004253,30,37,143
2023-08-29,8004253,8079083,15,18,43
2023-08-29,8004312,8000272,36,40,85
2023-08-29,8004312,8000941,34,42,86
2023-08-29,8004312,8004312,69,82,70
2023-08-29,8004344,8002746,1,19,3
2023-08-29,8004392,8000875,26,41,72
2023-08-29,8004392,8004392,73,78,70
2023-08-29,8004392,8004555,33,37,55
2023-08-29,8004555,8004392,40,40,98
2023-08-29,8004555,8004555,62,77,73
2023-08-29,8004555,8005659,29,37,58
2023-08-29,8004909,8001990,11,20,70
2023-08-29,8004909,8003980,11,21,66
2023-08-29,8004909,8004909,30,41,77
2023-08-29,8005044,8005044,49,73,99
2023-08-29,8005044,8005332,28,38,99
2023-08-29,8005044,8005649,15,35,91
2023-08-29,8005241,8000175,2,2,90
2023-08-29,8005241,8005241,52,82,104
2023-08-29,8005241,8005243,18,22,68
2023-08-29,8005241,8005306,10,23,113
2023-08-29,8005241,8005332,3,3,40
2023-08-29,8005241,8005649,9,14,88
2023-08-29,8005243,8001302,21,38,43
2023-08-29,8005243,8005241,12,20,147
2023-08-29,8005243,8005243,48,76,93
2023-08-29,8005243,8005332,5,10,81
2023-08-29,8005246,8004004,8,21,113
2023-08-29,8005246,8005246,21,42,139
2023-08-29,8005246,8005812,12,21,193
2023-08-29,8005247,8000075,39,57,93
2023-08-29,8005247,8000175,14,17,266
2023-08-29,8005247,8001110,19,39,130
2023-08-29,8005247,8005247,72,113,131
2023-08-29,8005306,8005241,11,23,34
2023-08-29,8005306,8005306,25,50,82
2023-08-29,8005306,8005332,11,23,125
2023-08-29,8005306,8005649,0,1,0
2023-08-29,8005332,8005044,22,35,97
2023-08-29,8005332,8005241,5,5,132
2023-08-29,8005332,8005243,7,8,94
2023-08-29,8005332,8005306,12,23,43
2023-08-29,8005332,8005332,51,79,96
2023-08-29,8005332,8005649,4,4,188
2023-08-29,8005346,8000272,19,23,108
2023-08-29,8005346,8000378,22,22,130
2023-08-29,8005346,8005346,43,45,120
2023-08-29,8005562,8000075,17,19,39
2023-08-29,8005562,8002746,3,19,13
2023-08-29,8005562,8005562,21,38,22
2023-08-29,8005649,8000175,13,13,168
2023-08-29,8005649,8000319,29,41,139
2023-08-29,8005649,8002875,1,1,30
2023-08-29,8005649,8003294,14,16,84
2023-08-29,8005649,8003759,8,9,237
2023-08-29,8005649,8005044,28,38,100
2023-08-29,8005649,8005241,12,14,176
2023-08-29,8005649,8005306,3,3,220
2023-08-29,8005649,8005332,2,2,60
2023-08-29,8005649,8005649,111,143,127
2023-08-29,8005659,8000154,10,17,49
2023-08-29,8005659,8000792,14,21,24
2023-08-29,8005659,8000875,16,19,196
2023-08-29,8005659,8004392,1,1,90
2023-08-29,8005659,8004555,29,40,78
2023-08-29,8005659,8005659,44,82,71
2023-08-29,8005659,8006170,1,1,150
2023-08-29,8005796,8001570,30,40,63
2023-08-29,8005796,8005796,52,78,43
2023-08-29,8005796,8005797,18,37,32
2023-08-29,8005797,8002117,35,37,86
2023-08-29,8005797,8005796,12,39,32
2023-08-29,8005797,8005797,48,76,46
2023-08-29,8006170,8000154,18,22,40
2023-08-29,8006170,8004199,18,25,60
2023-08-29,8006170,8005659,1,1,30
2023-08-29,8006170,8006170,36,48,61
2023-08-29,8006392,8000272,25,40,79
2023-08-29,8006392,8000875,18,37,32
2023-08-29,8006392,8006392,50,77,58
2023-08-29,8006581,8001027,18,19,158
2023-08-29,8006581,8002625,14,17,154
2023-08-29,8006581,8006581,33,36,144
2023-08-29,8006627,8001470,11,20,99
2023-08-29,8006627,8003059,19,20,52
2023-08-29,8006627,8006627,21,40,67
2023-08-29,8007868,8000563,3,20,15
2023-08-29,8079083,8000154,15,18,35
2023-08-29,8079083,8004253,16,17,74
2023-08-29,8079083,8079083,29,35,93
2023-08-30,8000075,8000075,82,111,133
2023-08-30,8000075,8000840,23,38,70
2023-08-30,8000075,8003992,15,18,70
2023-08-30,8000075,8005247,40,56,188
2023-08-30,8000075,8005562,3,19,9
2023-08-30,8000154,8000154,54,70,150
2023-08-30,8000154,8004253,16,18,175
2023-08-30,8000154,8005659,13,17,203
2023-08-30,8000154,8006170,23,26,78
2023-08-30,8000154,8079083,15,17,205
2023-08-30,8000175,8000175,80,113,136
2023-08-30,8000175,8001110,27,39,62
2023-08-30,8000175,8001302,1,1,510
2023-08-30,8000175,8003796,27,37,138
2023-08-30,8000175,8005247,16,18,65
2023-08-30,8000175,8005649,14,14,362
2023-08-30,8000272,8000272,130,156,107
2023-08-30,8000272,8000875,13,18,67
2023-08-30,8000272,8003516,32,39,105
2023-08-30,8000272,8004312,18,42,35
2023-08-30,8000272,8005346,19,22,108
2023-08-30,8000272,8006392,26,37,101
2023-08-30,8000319,8000319,58,82,135
2023-08-30,8000319,8002625,16,19,147
2023-08-30,8000319,8003294,10,22,105
2023-08-30,8000319,8005649,30,41,140
2023-08-30,8000357,8000357,30,36,171
2023-08-30,8000357,8000371,16,19,202
2023-08-30,8000357,8001027,14,17,150
2023-08-30,8000371,8000357,14,17,161
2023-08-30,8000371,8000371,29,36,176
2023-08-30,8000371,8006680,15,19,221
2023-08-30,8000378,8000378,45,45,132
2023-08-30,8000378,8002238,22,22,161
2023-08-30,8000378,8005346,23,23,134
2023-08-30,8000563,8000563,28,40,35
2023-08-30,8000563,8001221,15,20,57
2023-08-30,8000563,8007868,17,20,57
2023-08-30,8000792,8000792,40,46,123
2023-08-30,8000792,8002929,17,21,139
2023-08-30,8000792,8005659,19,25,103
2023-08-30,8000840,8000075,28,38,134
2023-08-30,8000840,8000840,49,76,96
2023-08-30,8000840,8002083,20,37,67
2023-08-30,8000840,8003992,1,1,60
2023-08-30,8000875,8000272,19,20,248
2023-08-30,8000875,8000875,91,115,112
2023-08-30,8000875,8004392,10,37,62
2023-08-30,8000875,8005659,16,18,90
2023-08-30,8000875,8006392,22,40,94
2023-08-30,8000923,8004236,0,2,0
2023-08-30,8000926,8000926,27,43,84
2023-08-30,8000926,8003991,16,21,130
2023-08-30,8000926,8004004,14,22,49
2023-08-30,8000941,8000941,70,82,64
2023-08-30,8000941,8004312,21,40,34
2023-08-30,8001027,8000357,16,19,186
2023-08-30,8001027,8001027,31,36,172
2023-08-30,8001027,8006581,15,17,157
2023-08-30,8001110,8000175,24,39,122
2023-08-30,8001110,8001110,50,78,90
2023-08-30,8001110,8005247,26,39,65
2023-08-30,8001221,8000563,11,20,27
2023-08-30,8001221,8001221,27,40,46
2023-08-30,8001221,8001812,14,20,56
2023-08-30,8001302,8001302,47,76,99
2023-08-30,8001302,8003796,23,38,59
2023-08-30,8001302,8005243,26,38,142
2023-08-30,8001470,8001470,26,40,40
2023-08-30,8001470,8001812,15,20,57
2023-08-30,8001470,8006627,11,20,45
2023-08-30,8001570,8001570,52,77,35
2023-08-30,8001570,8003108,14,39,17
2023-08-30,8001570,8005796,32,37,50
2023-08-30,8001812,8001221,7,20,21
2023-08-30,8001812,8001470,7,20,22
2023-08-30,8001812,8001812,26,40,38
2023-08-30,8001990,8001990,37,41,83
2023-08-30,8001990,8004909,20,21,100
2023-08-30,8002083,8000840,18,37,113
2023-08-30,8002083,8002083,39,74,92
2023-08-30,8002083,8003992,22,37,62
2023-08-30,8002117,8005796,1,2,15
2023-08-30,8002117,8005797,12,39,14
2023-08-30,8002238,8000378,22,22,101
2023-08-30,8002238,8002238,71,84,87
2023-08-30,8002238,8003059,29,42,99
2023-08-30,8002238,8003980,19,20,70
2023-08-30,8002625,8000319,17,17,208
2023-08-30,8002625,8002625,33,36,186
2023-08-30,8002625,8006581,15,19,161
2023-08-30,8002746,8002746,1,38,1
2023-08-30,8002746,8004344,1,19,3
2023-08-30,8002746,8005562,0,19,0
2023-08-30,8002929,8000792,24,25,127
2023-08-30,8002929,8002929,41,46,132
2023-08-30,8002929,8004199,17,21,156
2023-08-30,8003059,8002238,24,42,52
2023-08-30,8003059,8003059,28,40,50
2023-08-30,8003059,8006627,8,20,38
2023-08-30,8003108,8001570,17,37,25
2023-08-30,8003108,8003108,62,76,41
2023-08-30,8003294,8000319,17,24,95
2023-08-30,8003294,8003294,47,77,100
2023-08-30,8003294,8003684,22,38,118
2023-08-30,8003294,8005649,12,15,98
2023-08-30,8003516,8000272,30,36,37
2023-08-30,8003684,8001200,16,17,139
2023-08-30,8003684,8003294,24,39,86
2023-08-30,8003684,8003684,44,77,97
2023-08-30,8003796,8000175,16,38,49
2023-08-30,8003796,8001302,22,37,128
2023-08-30,8003796,8003796,48,75,96
2023-08-30,8003980,8000378,1,1,90
2023-08-30,8003980,8002238,13,20,58
2023-08-30,8003980,8003980,33,41,67
2023-08-30,8003980,8004909,18,20,72
2023-08-30,8003991,8000926,10,22,38
2023-08-30,8003991,8003991,30,43,90
2023-08-30,8003991,8003992,14,21,133
2023-08-30,8003992,8000075,16,17,395
2023-08-30,8003992,8000840,1,1,30
2023-08-30,8003992,8002083,17,37,111
2023-08-30,8003992,8003991,13,22,61
2023-08-30,8003992,8003992,57,78,160
2023-08-30,8003992,8004004,17,18,102
2023-08-30,8004004,8000926,8,21,91
2023-08-30,8004004,8003992,16,18,372
2023-08-30,8004004,8004004,53,79,141
2023-08-30,8004004,8005245,15,18,92
2023-08-30,8004004,8005246,13,22,34
2023-08-30,8004199,8002929,24,25,107
2023-08-30,8004199,8004199,37,46,138
2023-08-30,8004199,8006170,16,21,191
2023-08-30,8004236,8004236,0,2,0
2023-08-30,8004236,8004748,5,18,10
2023-08-30,8004253,8000154,14,18,208
2023-08-30,8004253,8002995,2,2,45
2023-08-30,8004253,8003040,15,18,150
2023-08-30,8004253,8004253,30,37,177
2023-08-30,8004253,8079083,16,18,90
2023-08-30,8004312,8000272,32,40,70
2023-08-30,8004312,8000941,33,42,69
2023-08-30,8004312,8004312,63,82,51
2023-08-30,8004344,8002746,1,19,2
2023-08-30,8004392,8000875,29,41,100
2023-08-30,8004392,8004392,75,78,103
2023-08-30,8004392,8004555,35,37,100
2023-08-30,8004555,8004392,39,40,119
2023-08-30,8004555,8004555,66,77,108
2023-08-30,8004555,8005659,32,37,109
2023-08-30,8004909,8001990,16,20,63
2023-08-30,8004909,8003980,18,21,67
2023-08-30,8004909,8004909,38,41,82
2023-08-30,8005044,8005044,50,73,114
2023-08-30,8005044,8005332,31,38,114
2023-08-30,8005044,8005649,17,35,105
2023-08-30,8005241,8000175,2,2,75
2023-08-30,8005241,8005241,57,82,123
2023-08-30,8005241,8005243,21,22,109
2023-08-30,8005241,8005306,12,23,106
2023-08-30,8005241,8005332,2,3,190
2023-08-30,8005241,8005649,9,14,84
2023-08-30,8005243,8001302,20,38,60
2023-08-30,8005243,8005241,13,20,140
2023-08-30,8005243,8005243,48,76,101
2023-08-30,8005243,8005332,8,10,111
2023-08-30,8005246,8004004,10,21,106
2023-08-30,8005246,8005246,21,42,62
2023-08-30,8005246,8005812,10,21,40
2023-08-30,8005247,8000075,45,57,67
2023-08-30,8005247,8000175,17,17,367
2023-08-30,8005247,8001110,24,39,118
2023-08-30,8005247,8005247,82,113,126
2023-08-30,8005306,8005241,11,23,67
2023-08-30,8005306,8005306,26,50,109
2023-08-30,8005306,8005332,11,23,107
2023-08-30,8005306,8005649,0,1,0
2023-08-30,8005332,8005044,23,35,115
2023-08-30,8005332,8005241,4,5,210
2023-08-30,8005332,8005243,6,8,64
2023-08-30,8005332,8005306,14,23,77
2023-08-30,8005332,8005332,53,79,112
2023-08-30,8005332,8005649,3,4,165
2023-08-30,8005346,8000272,22,23,111
2023-08-30,8005346,8000378,20,22,128
2023-08-30,8005346,8005346,43,45,124
2023-08-30,8005562,8000075,9,19,17
2023-08-30,8005562,8002746,1,19,2
2023-08-30,8005562,8005562,12,38,10
2023-08-30,8005649,8000175,13,13,88
2023-08-30,8005649,8000319,28,41,133
2023-08-30,8005649,8002875,0,1,-30
2023-08-30,8005649,8003294,13,16,126
2023-08-30,8005649,8003759,9,9,280
2023-08-30,8005649,8005044,28,38,117
2023-08-30,8005649,8005241,13,14,193
2023-08-30,8005649,8005306,3,3,490
2023-08-30,8005649,8005332,2,2,150
2023-08-30,8005649,8005649,112,143,143
2023-08-30,8005659,8000154,13,17,113
2023-08-30,8005659,8000792,17,21,119
2023-08-30,8005659,8000875,16,19,204
2023-08-30,8005659,8004392,1,1,30
2023-08-30,8005659,8004555,34,40,105
2023-08-30,8005659,8005659,50,82,111
2023-08-30,8005659,8006170,1,1,60
2023-08-30,8005796,8001570,30,40,43
2023-08-30,8005796,8005796,56,78,33
2023-08-30,8005796,8005797,16,37,27
2023-08-30,8005797,8002117,37,37,96
2023-08-30,8005797,8005796,11,39,15
2023-08-30,8005797,8005797,47,76,38
2023-08-30,8006170,8000154,20,22,165
2023-08-30,8006170,8004199,22,25,101
2023-08-30,8006170,8005659,0,1,0
2023-08-30,8006170,8006170,40,48,136
2023-08-30,8006392,8000272,27,40,103
2023-08-30,8006392,8000875,23,37,79
2023-08-30,8006392,8006392,52,77,90
2023-08-30,8006581,8001027,16,19,201
2023-08-30,8006581,8002625,16,17,201
2023-08-30,8006581,8006581,32,36,186
2023-08-30,8006627,8001470,9,20,38
2023-08-30,8006627,8003059,18,20,39
2023-08-30,8006627,8006627,22,40,29
2023-08-30,8007868,8000563,5,20,20
2023-08-30,8079083,8000154,14,18,85
2023-08-30,8079083,8004253,15,17,201
2023-08-30,8079083,8079083,29,35,178
2023-08-31,8000075,8000075,84,111,193
2023-08-31,8000075,8000840,22,38,58
2023-08-31,8000075,8003992,17,18,188
2023-08-31,8000075,8005247,36,56,267
2023-08-31,8000075,8005562,0,19,0
2023-08-31,8000154,8000154,52,70,96
2023-08-31,8000154,8004253,17,18,105
2023-08-31,8000154,8005659,11,17,184
2023-08-31,8000154,8006170,20,26,50
2023-08-31,8000154,8079083,15,17,97
2023-08-31,8000175,8000175,81,113,192
2023-08-31,8000175,8001110,26,39,55
2023-08-31,8000175,8001302,1,1,180
2023-08-31,8000175,8003796,26,37,142
2023-08-31,8000175,8005247,18,18,202
2023-08-31,8000175,8005649,13,14,671
2023-08-31,8000272,8000272,136,156,120
2023-08-31,8000272,8000875,12,18,65
2023-08-31,8000272,8003516,33,39,71
2023-08-31,8000272,8004312,18,42,120
2023-08-31,8000272,8005346,19,22,155
2023-08-31,8000272,8006392,27,37,71
2023-08-31,8000319,8000319,56,82,83
2023-08-31,8000319,8002625,17,19,99
2023-08-31,8000319,8003294,9,22,56
2023-08-31,8000319,8005649,24,41,85
2023-08-31,8000357,8000357,31,36,102
2023-08-31,8000357,8000371,17,19,126
2023-08-31,8000357,8001027,15,17,97
2023-08-31,8000371,8000357,15,17,97
2023-08-31,8000371,8000371,31,36,105
2023-08-31,8000371,8006680,17,19,142
2023-08-31,8000378,8000378,44,45,213
2023-08-31,8000378,8002238,22,22,190
2023-08-31,8000378,8005346,23,23,257
2023-08-31,8000563,8000563,30,40,62
2023-08-31,8000563,8001221,15,20,64
2023-08-31,8000563,8007868,17,20,104
2023-08-31,8000792,8000792,33,46,72
2023-08-31,8000792,8002929,14,21,70
2023-08-31,8000792,8005659,18,25,53
2023-08-31,8000840,8000075,29,38,149
2023-08-31,8000840,8000840,47,76,97
2023-08-31,8000840,8002083,16,37,49
2023-08-31,8000840,8003992,1,1,60
2023-08-31,8000875,8000272,19,20,236
2023-08-31,8000875,8000875,91,115,86
2023-08-31,8000875,8004392,17,37,47
2023-08-31,8000875,8005659,17,18,82
2023-08-31,8000875,8006392,19,40,40
2023-08-31,8000923,8004236,0,2,0
2023-08-31,8000926,8000926,24,43,103
2023-08-31,8000926,8003991,15,21,171
2023-08-31,8000926,8004004,9,22,53
2023-08-31,8000941,8000941,73,82,118
2023-08-31,8000941,8004312,24,40,48
2023-08-31,8001027,8000357,16,19,106
2023-08-31,8001027,8001027,31,36,104
2023-08-31,8001027,8006581,13,17,95
2023-08-31,8001110,8000175,22,39,125
2023-08-31,8001110,8001110,47,78,86
2023-08-31,8001110,8005247,23,39,52
2023-08-31,8001221,8000563,15,20,80
2023-08-31,8001221,8001221,31,40,82
2023-08-31,8001221,8001812,15,20,75
2023-08-31,8001302,8001302,43,76,90
2023-08-31,8001302,8003796,21,38,51
2023-08-31,8001302,8005243,22,38,133
2023-08-31,8001470,8001470,30,40,74
2023-08-31,8001470,8001812,18,20,129
2023-08-31,8001470,8006627,12,20,48
2023-08-31,8001570,8001570,49,77,41
2023-08-31,8001570,8003108,17,39,23
2023-08-31,8001570,8005796,27,37,64
2023-08-31,8001812,8001221,13,20,84
2023-08-31,8001812,8001470,13,20,38
2023-08-31,8001812,8001812,34,40,82
2023-08-31,8001990,8001990,30,41,78
2023-08-31,8001990,8004909,7,21,61
2023-08-31,8002083,8000840,19,37,124
2023-08-31,8002083,8002083,36,74,87
2023-08-31,8002083,8003992,15,37,49
2023-08-31,8002117,8005796,0,2,0
2023-08-31,8002117,8005797,15,39,18
2023-08-31,8002238,8000378,22,22,170
2023-08-31,8002238,8002238,78,84,123
2023-08-31,8002238,8003059,35,42,137
2023-08-31,8002238,8003980,18,20,84
2023-08-31,8002625,8000319,14,17,104
2023-08-31,8002625,8002625,31,36,108
2023-08-31,8002625,8006581,17,19,99
2023-08-31,8002746,8002746,0,38,0
2023-08-31,8002746,8004344,0,19,0
2023-08-31,8002746,8005562,0,19,0
2023-08-31,8002929,8000792,21,25,91
2023-08-31,8002929,8002929,36,46,87
2023-08-31,8002929,8004199,14,21,77
2023-08-31,8003059,8002238,32,42,92
2023-08-31,8003059,8003059,35,40,92
2023-08-31,8003059,8006627,14,20,106
2023-08-31,8003108,8001570,18,37,44
2023-08-31,8003108,8003108,64,76,54
2023-08-31,8003294,8000319,15,24,82
2023-08-31,8003294,8003294,49,77,65
2023-08-31,8003294,8003684,24,38,64
2023-08-31,8003294,8005649,14,15,74
2023-08-31,8003516,8000272,34,36,45
2023-08-31,8003684,8001200,14,17,86
2023-08-31,8003684,8003294,26,39,63
2023-08-31,8003684,8003684,46,77,58
2023-08-31,8003796,8000175,16,38,43
2023-08-31,8003796,8001302,22,37,130
2023-08-31,8003796,8003796,47,75,93
2023-08-31,8003980,8000378,1,1,540
2023-08-31,8003980,8002238,13,20,100
2023-08-31,8003980,8003980,32,41,89
2023-08-31,8003980,8004909,18,20,90
2023-08-31,8003991,8000926,9,22,45
2023-08-31,8003991,8003991,25,43,110
2023-08-31,8003991,8003992,12,21,164
2023-08-31,8003992,8000075,17,17,665
2023-08-31,8003992,8000840,1,1,60
2023-08-31,8003992,8002083,15,37,121
2023-08-31,8003992,8003991,12,22,59
2023-08-31,8003992,8003992,59,78,257
2023-08-31,8003992,8004004,18,18,228
2023-08-31,8004004,8000926,7,21,134
2023-08-31,8004004,8003992,18,18,623
2023-08-31,8004004,8004004,50,79,235
2023-08-31,8004004,8005245,16,18,208
2023-08-31,8004004,8005246,9,22,44
2023-08-31,8004199,8002929,22,25,80
2023-08-31,8004199,8004199,33,46,80
2023-08-31,8004199,8006170,15,21,101
2023-08-31,8004236,8004236,0,2,0
2023-08-31,8004236,8004748,6,18,15
2023-08-31,8004253,8000154,11,18,190
2023-08-31,8004253,8002995,2,2,285
2023-08-31,8004253,8003040,15,18,72
2023-08-31,8004253,8004253,24,37,134
2023-08-31,8004253,8079083,16,18,48
2023-08-31,8004312,8000272,36,40,89
2023-08-31,8004312,8000941,35,42,161
2023-08-31,8004312,8004312,66,82,102
2023-08-31,8004344,8002746,0,19,0
2023-08-31,8004392,8000875,30,41,55
2023-08-31,8004392,8004392,74,78,71
2023-08-31,8004392,8004555,35,37,75
2023-08-31,8004555,8004392,40,40,74
2023-08-31,8004555,8004555,68,77,71
2023-08-31,8004555,8005659,30,37,69
2023-08-31,8004909,8001990,14,20,81
2023-08-31,8004909,8003980,9,21,53
2023-08-31,8004909,8004909,25,41,74
2023-08-31,8005044,8005044,48,73,84
2023-08-31,8005044,8005332,27,38,99
2023-08-31,8005044,8005649,16,35,53
2023-08-31,8005241,8000175,2,2,135
2023-08-31,8005241,8005241,60,82,91
2023-08-31,8005241,8005243,18,22,93
2023-08-31,8005241,8005306,13,23,73
2023-08-31,8005241,8005332,1,3,10
2023-08-31,8005241,8005649,11,14,54
2023-08-31,8005243,8001302,18,38,47
2023-08-31,8005243,8005241,10,20,50
2023-08-31,8005243,8005243,43,76,89
2023-08-31,8005243,8005332,8,10,81
2023-08-31,8005246,8004004,8,21,140
2023-08-31,8005246,8005246,15,42,90
2023-08-31,8005246,8005812,7,21,49
2023-08-31,8005247,8000075,43,57,105
2023-08-31,8005247,8000175,16,17,605
2023-08-31,8005247,8001110,23,39,122
2023-08-31,8005247,8005247,77,113,182
2023-08-31,8005306,8005241,11,23,70
2023-08-31,8005306,8005306,26,50,75
2023-08-31,8005306,8005332,10,23,67
2023-08-31,8005306,8005649,0,1,0
2023-08-31,8005332,8005044,23,35,68
2023-08-31,8005332,8005241,4,5,186
2023-08-31,8005332,8005243,7,8,56
2023-08-31,8005332,8005306,12,23,82
2023-08-31,8005332,8005332,50,79,81
2023-08-31,8005332,8005649,3,4,90
2023-08-31,8005346,8000272,21,23,270
2023-08-31,8005346,8000378,22,22,184
2023-08-31,8005346,8005346,45,45,224
2023-08-31,8005562,8000075,6,19,17
2023-08-31,8005562,8002746,0,19,0
2023-08-31,8005562,8005562,6,38,5
2023-08-31,8005649,8000175,12,13,279
2023-08-31,8005649,8000319,30,41,80
2023-08-31,8005649,8002875,1,1,30
2023-08-31,8005649,8003294,11,16,66
2023-08-31,8005649,8003759,9,9,910
2023-08-31,8005649,8005044,29,38,107
2023-08-31,8005649,8005241,12,14,114
2023-08-31,8005649,8005306,3,3,200
2023-08-31,8005649,8005332,1,2,180
2023-08-31,8005649,8005649,105,143,152
2023-08-31,8005659,8000154,11,17,69
2023-08-31,8005659,8000792,16,21,53
2023-08-31,8005659,8000875,18,19,188
2023-08-31,8005659,8004392,1,1,30
2023-08-31,8005659,8004555,33,40,56
2023-08-31,8005659,8005659,46,82,72
2023-08-31,8005659,8006170,1,1,90
2023-08-31,8005796,8001570,27,40,43
2023-08-31,8005796,8005796,51,78,43
2023-08-31,8005796,8005797,18,37,50
2023-08-31,8005797,8002117,37,37,122
2023-08-31,8005797,8005796,11,39,18
2023-08-31,8005797,8005797,51,76,52
2023-08-31,8006170,8000154,19,22,76
2023-08-31,8006170,8004199,21,25,70
2023-08-31,8006170,8005659,0,1,0
2023-08-31,8006170,8006170,37,48,82
2023-08-31,8006392,8000272,23,40,44
2023-08-31,8006392,8000875,23,37,53
2023-08-31,8006392,8006392,49,77,49
2023-08-31,8006581,8001027,18,19,120
2023-08-31,8006581,8002625,13,17,94
2023-08-31,8006581,8006581,32,36,107
2023-08-31,8006627,8001470,10,20,87
2023-08-31,8006627,8003059,18,20,50
2023-08-31,8006627,8006627,26,40,61
2023-08-31,8007868,8000563,5,20,15
2023-08-31,8079083,8000154,16,18,52
2023-08-31,8079083,8004253,15,17,92
2023-08-31,8079083,8079083,29,35,109
