date,from_stop_id,to_stop_id,delay_count,entries_count,avg_delay
2023-04-01,8010046,8010046,21,31,108
2023-04-01,8010046,8010059,11,15,86
2023-04-01,8010046,8012416,11,20,117
2023-04-01,8010059,8010046,10,16,137
2023-04-01,8010059,8010059,92,124,114
2023-04-01,8010059,8011491,45,62,100
2023-04-01,8010059,8011626,12,30,106
2023-04-01,8010059,8013361,14,16,111
2023-04-01,8010076,8010076,47,76,98
2023-04-01,8010076,8012141,0,1,0
2023-04-01,8010076,8012478,12,15,48
2023-04-01,8010076,8012629,35,39,169
2023-04-01,8010076,8013428,13,38,40
2023-04-01,8010080,8010080,12,22,228
2023-04-01,8010080,8012232,10,11,420
2023-04-01,8010080,8013295,5,8,38
2023-04-01,8010080,8013424,2,11,33
2023-04-01,8010095,8010095,34,98,113
2023-04-01,8010095,8010161,8,33,194
2023-04-01,8010095,8010351,9,17,32
2023-04-01,8010095,8011959,4,31,8
2023-04-01,8010095,8011983,6,8,49
2023-04-01,8010095,8013093,16,17,221
2023-04-01,8010122,8010122,33,38,79
2023-04-01,8010122,8010238,15,19,69
2023-04-01,8010122,8011077,11,19,58
2023-04-01,8010122,8011588,16,19,90
2023-04-01,8010122,8013095,1,16,2
2023-04-01,8010144,8010144,14,17,118
2023-04-01,8010144,8011705,8,8,128
2023-04-01,8010144,8013087,6,9,87
2023-04-01,8010161,8010095,11,33,15
2023-04-01,8010161,8010161,21,60,60
2023-04-01,8010161,8011387,5,29,87
2023-04-01,8010186,8010186,29,84,17
2023-04-01,8010186,8012344,10,42,14
2023-04-01,8010186,8013070,18,42,11
2023-04-01,8010207,8010207,78,124,88
2023-04-01,8010207,8012193,55,62,133
2023-04-01,8010207,8012236,10,42,18
2023-04-01,8010207,8012817,6,20,39
2023-04-01,8010208,8010208,50,64,103
2023-04-01,8010208,8011491,11,16,112
2023-04-01,8010208,8011495,16,17,69
2023-04-01,8010208,8080930,7,15,74
2023-04-01,8010209,8010209,61,133,28
2023-04-01,8010209,8011771,13,42,21
2023-04-01,8010209,8012192,16,24,24
2023-04-01,8010209,8012193,1,1,30
2023-04-01,8010209,8012236,15,42,6
2023-04-01,8010228,8010228,103,149,94
2023-04-01,8010228,8011598,33,74,79
2023-04-01,8010228,8012308,68,75,111
2023-04-01,8010238,8010122,18,19,81
2023-04-01,8010238,8010238,32,38,70
2023-04-01,8010238,8011297,14,19,62
2023-04-01,8010269,8010269,12,50,37
2023-04-01,8010269,8012682,0,24,0
2023-04-01,8010269,8013447,13,26,78
2023-04-01,8010351,8010095,15,15,254
2023-04-01,8010351,8010351,40,52,148
2023-04-01,8010351,8011131,18,27,114
2023-04-01,8010351,8012371,22,31,65
2023-04-01,8010359,8010359,15,22,222
2023-04-01,8010359,8012946,10,11,401
2023-04-01,8010359,8013033,4,11,35
2023-04-01,8011018,8011018,53,61,127
2023-04-01,8011018,8012284,28,31,126
2023-04-01,8011018,8013362,24,30,133
2023-04-01,8011077,8010122,16,19,87
2023-04-01,8011077,8011077,63,71,87
2023-04-01,8011077,8011132,0,1,0
2023-04-01,8011077,8011914,13,17,78
2023-04-01,8011077,8012178,12,16,73
2023-04-01,8011077,8012228,1,1,90
2023-04-01,8011131,8010103,16,18,97
2023-04-01,8011131,8010351,23,25,163
2023-04-01,8011131,8011131,42,52,136
2023-04-01,8011131,8012734,7,9,290
2023-04-01,8011132,8011077,0,1,0
2023-04-01,8011132,8011132,27,35,89
2023-04-01,8011132,8012228,1,1,30
2023-04-01,8011132,8012526,12,16,98
2023-04-01,8011132,8012597,11,17,72
2023-04-01,8011242,8011242,30,39,59
2023-04-01,8011242,8012241,35,39,52
2023-04-01,8011242,8012623,12,20,66
2023-04-01,8011339,8011339,34,40,86
2023-04-01,8011339,8012117,12,20,46
2023-04-01,8011339,8013461,17,20,129
2023-04-01,8011387,8010161,28,31,57
2023-04-01,8011387,8011387,36,60,70
2023-04-01,8011387,8012371,8,29,93
2023-04-01,8011491,8010008,23,31,124
2023-04-01,8011491,8010059,43,62,124
2023-04-01,8011491,8010208,9,15,90
2023-04-01,8011491,8011491,78,124,103
2023-04-01,8011495,8010208,13,16,135
2023-04-01,8011495,8011495,27,33,107
2023-04-01,8011495,8012375,13,17,76
2023-04-01,8011588,8010122,9,20,60
2023-04-01,8011588,8011588,29,39,53
2023-04-01,8011588,8012463,18,19,43
2023-04-01,8011598,8010228,11,75,84
2023-04-01,8011598,8011598,28,80,112
2023-04-01,8011598,8011745,19,39,68
2023-04-01,8011626,8010059,26,31,135
2023-04-01,8011626,8011626,47,61,128
2023-04-01,8011626,8012284,22,30,137
2023-04-01,8011705,8010144,2,9,100
2023-04-01,8011705,8011705,14,17,104
2023-04-01,8011705,8011763,9,20,32
2023-04-01,8011745,8011598,30,41,168
2023-04-01,8011745,8011745,44,80,114
2023-04-01,8011745,8013471,14,39,53
2023-04-01,8011753,8011753,33,40,124
2023-04-01,8011753,8012080,10,20,46
2023-04-01,8011753,8012311,20,20,200
2023-04-01,8011755,8011755,26,33,99
2023-04-01,8011755,8012228,15,16,150
2023-04-01,8011755,8012526,11,17,86
2023-04-01,8011763,8011705,12,20,99
2023-04-01,8011763,8011763,23,40,70
2023-04-01,8011763,8012416,12,20,42
2023-04-01,8011771,8010209,22,42,16
2023-04-01,8011771,8011771,35,84,18
2023-04-01,8011771,8013070,10,42,17
2023-04-01,8011913,8011913,29,33,107
2023-04-01,8011913,8012228,13,17,90
2023-04-01,8011913,8012375,12,16,109
2023-04-01,8011914,8011077,12,16,49
2023-04-01,8011914,8011914,24,33,56
2023-04-01,8011914,8013095,12,17,58
2023-04-01,8012053,8012053,13,17,53
2023-04-01,8012053,8012198,8,8,86
2023-04-01,8012053,8013295,1,9,27
2023-04-01,8012117,8011339,18,20,117
2023-04-01,8012117,8012117,35,40,92
2023-04-01,8012117,8013361,19,20,110
2023-04-01,8012178,8011077,17,17,129
2023-04-01,8012178,8012178,28,33,86
2023-04-01,8012178,8012597,14,16,71
2023-04-01,8012184,8012184,249,406,121
2023-04-01,8012184,8012187,126,204,100
2023-04-01,8012184,8012202,123,202,141
2023-04-01,8012187,8010206,81,113,106
2023-04-01,8012187,8012184,130,202,140
2023-04-01,8012187,8012187,254,406,118
2023-04-01,8012187,8012343,44,91,88
2023-04-01,8012192,8010209,17,26,73
2023-04-01,8012192,8012192,13,50,32
2023-04-01,8012192,8013447,6,24,8
2023-04-01,8012193,8010207,25,62,36
2023-04-01,8012193,8010209,0,1,0
2023-04-01,8012193,8012193,65,126,65
2023-04-01,8012193,8080840,23,42,30
2023-04-01,8012194,8010008,23,30,90
2023-04-01,8012194,8012194,45,61,101
2023-04-01,8012194,8012343,66,88,94
2023-04-01,8012195,8012190,32,40,224
2023-04-01,8012195,8012195,58,79,135
2023-04-01,8012195,8012273,27,39,75
2023-04-01,8012196,8012196,134,158,145
2023-04-01,8012196,8012200,24,39,104
2023-04-01,8012196,8012273,35,40,215
2023-04-01,8012196,8098205,67,78,121
2023-04-01,8012197,8012197,53,87,82
2023-04-01,8012197,8012204,21,44,63
2023-04-01,8012197,8012285,32,43,123
2023-04-01,8012198,8012053,5,9,80
2023-04-01,8012198,8012198,15,17,116
2023-04-01,8012198,8013087,7,8,109
2023-04-01,8012200,8012196,37,40,165
2023-04-01,8012200,8012200,64,79,117
2023-04-01,8012200,8012478,29,39,107
2023-04-01,8012204,8012181,38,44,70
2023-04-01,8012204,8012197,32,43,107
2023-04-01,8012204,8012204,74,87,98
2023-04-01,8012228,8011077,1,1,60
2023-04-01,8012228,8011132,0,1,0
2023-04-01,8012228,8011755,12,17,81
2023-04-01,8012228,8011913,13,16,128
2023-04-01,8012228,8012228,30,37,105
2023-04-01,8012232,8010080,2,11,38
2023-04-01,8012232,8012232,17,22,117
2023-04-01,8012232,8013033,1,11,5
2023-04-01,8012236,8010207,31,42,50
2023-04-01,8012236,8010209,22,42,29
2023-04-01,8012236,8012236,44,84,25
2023-04-01,8012241,8010243,29,39,28
2023-04-01,8012241,8011242,15,39,42
2023-04-01,8012241,8012241,43,78,35
2023-04-01,8012284,8011018,20,30,121
2023-04-01,8012284,8011626,26,31,130
2023-04-01,8012284,8012284,47,61,126
2023-04-01,8012285,8012197,36,44,67
2023-04-01,8012285,8012285,55,87,87
2023-04-01,8012285,8012865,15,43,94
2023-04-01,8012304,8010206,78,109,161
2023-04-01,8012304,8012304,177,218,140
2023-04-01,8012304,8012308,93,109,113
2023-04-01,8012308,8010228,58,74,100
2023-04-01,8012308,8012304,83,109,150
2023-04-01,8012308,8012308,176,218,133
2023-04-01,8012308,8013471,33,35,195
2023-04-01,8012311,8011753,13,20,69
2023-04-01,8012311,8012311,33,40,135
2023-04-01,8012311,8012355,20,20,232
2023-04-01,8012355,8012311,8,20,40
2023-04-01,8012355,8012355,28,40,155
2023-04-01,8012355,8012817,20,20,264
2023-04-01,8012371,8010351,26,29,123
2023-04-01,8012371,8011387,25,31,63
2023-04-01,8012371,8012371,49,60,84
2023-04-01,8012375,8011495,15,16,156
2023-04-01,8012375,8011913,15,17,99
2023-04-01,8012375,8012375,29,33,108
2023-04-01,8012416,8010046,14,20,57
2023-04-01,8012416,8011763,11,20,129
2023-04-01,8012416,8012416,26,40,88
2023-04-01,8012478,8010076,15,15,74
2023-04-01,8012478,8012200,37,40,115
2023-04-01,8012478,8012478,121,189,130
2023-04-01,8012478,8012697,38,39,153
2023-04-01,8012478,8098205,24,40,122
2023-04-01,8012526,8011132,15,17,116
2023-04-01,8012526,8011755,12,16,94
2023-04-01,8012526,8012526,27,33,102
2023-04-01,8012576,8012576,13,22,256
2023-04-01,8012576,8013029,8,11,194
2023-04-01,8012576,8013424,8,11,385
2023-04-01,8012597,8011132,13,16,99
2023-04-01,8012597,8012178,10,17,71
2023-04-01,8012597,8012597,25,33,76
2023-04-01,8012623,8011242,19,19,71
2023-04-01,8012623,8012463,6,20,51
2023-04-01,8012623,8012623,25,39,64
2023-04-01,8012697,8012478,38,38,85
2023-04-01,8012697,8012697,77,77,127
2023-04-01,8012697,8013428,38,39,161
2023-04-01,8012731,8011371,9,22,307
2023-04-01,8012731,8012731,27,44,244
2023-04-01,8012731,8013138,14,22,142
2023-04-01,8012734,8010103,4,9,273
2023-04-01,8012734,8011131,8,8,30
2023-04-01,8012734,8012734,9,17,154
2023-04-01,8012817,8010207,20,20,270
2023-04-01,8012817,8012355,18,20,63
2023-04-01,8012817,8012817,38,40,160
2023-04-01,8012863,8011752,32,43,103
2023-04-01,8012863,8012863,68,87,84
2023-04-01,8012863,8012865,35,44,72
2023-04-01,8012865,8012285,23,44,57
2023-04-01,8012865,8012863,27,43,99
2023-04-01,8012865,8012865,53,87,83
2023-04-01,8013029,8012576,11,11,445
2023-04-01,8013029,8012975,5,11,243
2023-04-01,8013029,8013029,20,22,325
2023-04-01,8013033,8010359,9,11,390
2023-04-01,8013033,8012232,6,11,16
2023-04-01,8013033,8013033,10,22,108
2023-04-01,8013070,8010186,11,42,19
2023-04-01,8013070,8011771,24,42,14
2023-04-01,8013070,8013070,35,84,16
2023-04-01,8013087,8010144,6,8,109
2023-04-01,8013087,8012198,6,9,130
2023-04-01,8013087,8013087,10,17,81
2023-04-01,8013093,8010095,11,18,37
2023-04-01,8013093,8012190,27,39,35
2023-04-01,8013093,8012656,19,32,234
2023-04-01,8013093,8013093,68,98,139
2023-04-01,8013095,8010122,7,17,56
2023-04-01,8013095,8011914,9,16,28
2023-04-01,8013095,8013095,12,33,30
2023-04-01,8013295,8010080,3,9,33
2023-04-01,8013295,8012053,1,8,8
2023-04-01,8013295,8013295,6,17,28
2023-04-01,8013361,8010059,12,16,71
2023-04-01,8013361,8012117,13,20,76
2023-04-01,8013361,8013361,26,32,87
2023-04-01,8013361,8013362,12,31,82
2023-04-01,8013362,8011018,26,31,108
2023-04-01,8013362,8013361,18,30,125
2023-04-01,8013362,8013362,43,61,111
2023-04-01,8013424,8010080,9,11,398
2023-04-01,8013424,8012576,3,11,33
2023-04-01,8013424,8013424,12,22,214
2023-04-01,8013428,8010076,39,39,185
2023-04-01,8013428,8012697,14,38,43
2023-04-01,8013428,8013428,51,77,113
2023-04-01,8013447,8010269,2,24,2
2023-04-01,8013447,8012192,9,26,62
2023-04-01,8013447,8013447,11,50,42
2023-04-01,8013461,8011339,17,20,52
2023-04-01,8013461,8011637,19,20,130
2023-04-01,8013461,8013461,31,40,86
2023-04-01,8013471,8010003,16,17,208
2023-04-01,8013471,8011222,29,57,105
2023-04-01,8013471,8011745,25,41,161
2023-04-01,8013471,8012308,19,34,235
2023-04-01,8013471,8013471,84,149,158
2023-04-01,8080930,8010208,8,16,99
2023-04-01,8080930,8080930,15,31,88
2023-04-02,8010046,8010046,14,37,118
2023-04-02,8010046,8010059,12,18,202
2023-04-02,8010046,8012416,9,20,44
2023-04-02,8010059,8010046,10,19,58
2023-04-02,8010059,8010059,79,141,63
2023-04-02,8010059,8011491,29,70,78
2023-04-02,8010059,8011626,5,35,17
2023-04-02,8010059,8013361,14,17,71
2023-04-02,8010076,8010076,48,74,66
2023-04-02,8010076,8012141,1,1,30
2023-04-02,8010076,8012478,0,15,0
2023-04-02,8010076,8012629,37,38,90
2023-04-02,8010076,8013428,13,37,60
2023-04-02,8010080,8010080,14,22,311
2023-04-02,8010080,8012232,7,11,224
2023-04-02,8010080,8013295,3,8,240
2023-04-02,8010080,8013424,3,11,368
2023-04-02,8010095,8010095,23,93,17
2023-04-02,8010095,8010161,2,30,6
2023-04-02,8010095,8010351,11,17,49
2023-04-02,8010095,8011959,3,29,6
2023-04-02,8010095,8011983,6,8,34
2023-04-02,8010095,8013093,8,17,35
2023-04-02,8010122,8010122,34,36,269
2023-04-02,8010122,8010238,14,18,212
2023-04-02,8010122,8011077,13,18,300
2023-04-02,8010122,8011588,14,17,95
2023-04-02,8010122,8013095,2,15,20
2023-04-02,8010144,8010144,6,17,337
2023-04-02,8010144,8011705,3,8,390
2023-04-02,8010144,8013087,2,9,257
2023-04-02,8010161,8010095,15,31,20
2023-04-02,8010161,8010161,15,56,26
2023-04-02,8010161,8011387,0,27,0
2023-04-02,8010186,8010186,44,81,39
2023-04-02,8010186,8012344,16,41,27
2023-04-02,8010186,8013070,26,40,54
2023-04-02,8010207,8010207,77,120,80
2023-04-02,8010207,8012193,52,59,124
2023-04-02,8010207,8012236,14,41,23
2023-04-02,8010207,8012817,4,20,20
2023-04-02,8010208,8010208,44,68,114
2023-04-02,8010208,8011491,10,19,55
2023-04-02,8010208,8011495,15,16,71
2023-04-02,8010208,8080930,3,18,178
2023-04-02,8010209,8010209,71,128,45
2023-04-02,8010209,8011771,20,41,27
2023-04-02,8010209,8012192,7,23,64
2023-04-02,8010209,8012193,0,1,0
2023-04-02,8010209,8012236,22,40,51
2023-04-02,8010228,8010228,89,143,29
2023-04-02,8010228,8011598,22,71,22
2023-04-02,8010228,8012308,66,72,35
2023-04-02,8010238,8010122,17,18,333
2023-04-02,8010238,8010238,30,36,270
2023-04-02,8010238,8011297,13,18,210
2023-04-02,8010269,8010269,7,47,22
2023-04-02,8010269,8012682,5,23,35
2023-04-02,8010269,8013447,3,24,9
2023-04-02,8010351,8010095,9,15,58
2023-04-02,8010351,8010351,33,52,61
2023-04-02,8010351,8011131,13,27,47
2023-04-02,8010351,8012371,23,29,73
2023-04-02,8010359,8010359,14,22,293
2023-04-02,8010359,8012946,6,11,229
2023-04-02,8010359,8013033,7,11,357
2023-04-02,8011018,8011018,49,69,44
2023-04-02,8011018,8012284,32,34,54
2023-04-02,8011018,8013362,17,35,39
2023-04-02,8011077,8010122,17,18,187
2023-04-02,8011077,8011077,61,67,194
2023-04-02,8011077,8011132,0,1,0
2023-04-02,8011077,8011914,13,16,133
2023-04-02,8011077,8012178,11,15,86
2023-04-02,8011077,8012228,1,1,1380
2023-04-02,8011131,8010103,16,18,112
2023-04-02,8011131,8010351,18,25,52
2023-04-02,8011131,8011131,38,52,50
2023-04-02,8011131,8012734,8,9,53
2023-04-02,8011132,8011077,0,1,0
2023-04-02,8011132,8011132,29,33,106
2023-04-02,8011132,8012228,0,1,0
2023-04-02,8011132,8012526,12,15,118
2023-04-02,8011132,8012597,14,16,118
2023-04-02,8011242,8011242,20,36,42
2023-04-02,8011242,8012241,31,36,56
2023-04-02,8011242,8012623,7,19,17
2023-04-02,8011339,8011339,24,40,58
2023-04-02,8011339,8012117,11,19,52
2023-04-02,8011339,8013461,13,21,69
2023-04-02,8011387,8010161,27,29,69
2023-04-02,8011387,8011387,30,56,33
2023-04-02,8011387,8012371,5,27,9
2023-04-02,8011491,8010008,13,34,38
2023-04-02,8011491,8010059,36,71,42
2023-04-02,8011491,8010208,8,18,193
2023-04-02,8011491,8011491,57,141,56
2023-04-02,8011495,8010208,12,15,136
2023-04-02,8011495,8011495,26,31,114
2023-04-02,8011495,8012375,11,16,96
2023-04-02,8011588,8010122,8,19,13
2023-04-02,8011588,8011588,14,36,20
2023-04-02,8011588,8012463,11,17,41
2023-04-02,8011598,8010228,7,72,2
2023-04-02,8011598,8011598,26,74,23
2023-04-02,8011598,8011745,17,36,38
2023-04-02,8011626,8010059,26,34,41
2023-04-02,8011626,8011626,40,69,34
2023-04-02,8011626,8012284,17,35,37
2023-04-02,8011705,8010144,0,9,0
2023-04-02,8011705,8011705,6,17,185
2023-04-02,8011705,8011763,9,19,171
2023-04-02,8011745,8011598,24,38,30
2023-04-02,8011745,8011745,37,74,28
2023-04-02,8011745,8013471,13,36,22
2023-04-02,8011753,8011753,24,39,61
2023-04-02,8011753,8012080,5,20,18
2023-04-02,8011753,8012311,19,19,109
2023-04-02,8011755,8011755,23,31,114
2023-04-02,8011755,8012228,15,15,160
2023-04-02,8011755,8012526,12,16,105
2023-04-02,8011763,8011705,5,20,26
2023-04-02,8011763,8011763,17,39,103
2023-04-02,8011763,8012416,9,19,182
2023-04-02,8011771,8010209,29,40,57
2023-04-02,8011771,8011771,48,81,40
2023-04-02,8011771,8013070,18,41,26
2023-04-02,8011913,8011913,26,31,125
2023-04-02,8011913,8012228,14,16,116
2023-04-02,8011913,8012375,10,15,120
2023-04-02,8011914,8011077,14,15,84
2023-04-02,8011914,8011914,26,31,96
2023-04-02,8011914,8013095,12,16,103
2023-04-02,8012053,8012053,10,17,254
2023-04-02,8012053,8012198,8,8,274
2023-04-02,8012053,8013295,0,9,-7
2023-04-02,8012117,8011339,16,21,63
2023-04-02,8012117,8012117,31,40,69
2023-04-02,8012117,8013361,16,19,92
2023-04-02,8012178,8011077,16,16,158
2023-04-02,8012178,8012178,26,31,109
2023-04-02,8012178,8012597,12,15,86
2023-04-02,8012184,8012184,185,393,36
2023-04-02,8012184,8012187,94,196,49
2023-04-02,8012184,8012202,91,197,20
2023-04-02,8012187,8010206,70,110,49
2023-04-02,8012187,8012184,112,197,25
2023-04-02,8012187,8012187,207,393,35
2023-04-02,8012187,8012343,27,86,46
2023-04-02,8012192,8010209,22,24,41
2023-04-02,8012192,8012192,15,47,35
2023-04-02,8012192,8013447,5,23,50
2023-04-02,8012193,8010207,27,61,28
2023-04-02,8012193,8010209,0,1,0
2023-04-02,8012193,8012193,58,122,49
2023-04-02,8012193,8080840,21,40,58
2023-04-02,8012194,8010008,26,35,38
2023-04-02,8012194,8012194,46,69,33
2023-04-02,8012194,8012343,70,86,49
2023-04-02,8012195,8012190,29,39,31
2023-04-02,8012195,8012195,43,77,24
2023-04-02,8012195,8012273,15,38,25
2023-04-02,8012196,8012196,117,154,67
2023-04-02,8012196,8012200,16,38,42
2023-04-02,8012196,8012273,28,39,25
2023-04-02,8012196,8098205,59,76,72
2023-04-02,8012197,8012197,35,82,48
2023-04-02,8012197,8012204,15,41,29
2023-04-02,8012197,8012285,20,41,86
2023-04-02,8012198,8012053,3,9,513
2023-04-02,8012198,8012198,12,17,408
2023-04-02,8012198,8013087,4,8,424
2023-04-02,8012200,8012196,38,39,155
2023-04-02,8012200,8012200,59,77,85
2023-04-02,8012200,8012478,28,38,50
2023-04-02,8012204,8012181,34,41,42
2023-04-02,8012204,8012197,23,41,73
2023-04-02,8012204,8012204,60,82,63
2023-04-02,8012228,8011077,1,1,960
2023-04-02,8012228,8011132,0,1,0
2023-04-02,8012228,8011755,12,16,103
2023-04-02,8012228,8011913,11,15,140
2023-04-02,8012228,8012228,31,35,181
2023-04-02,8012232,8010080,7,11,395
2023-04-02,8012232,8012232,13,22,259
2023-04-02,8012232,8013033,2,11,169
2023-04-02,8012236,8010207,32,40,86
2023-04-02,8012236,8010209,25,41,32
2023-04-02,8012236,8012236,51,81,49
2023-04-02,8012241,8010243,28,36,28
2023-04-02,8012241,8011242,15,36,21
2023-04-02,8012241,8012241,40,72,25
2023-04-02,8012284,8011018,11,35,32
2023-04-02,8012284,8011626,28,34,39
2023-04-02,8012284,8012284,42,69,38
2023-04-02,8012285,8012197,23,41,29
2023-04-02,8012285,8012285,36,82,52
2023-04-02,8012285,8012865,6,41,59
2023-04-02,8012304,8010206,67,106,29
2023-04-02,8012304,8012304,162,212,48
2023-04-02,8012304,8012308,83,106,58
2023-04-02,8012308,8010228,48,71,44
2023-04-02,8012308,8012304,73,106,28
2023-04-02,8012308,8012308,156,212,43
2023-04-02,8012308,8013471,31,35,96
2023-04-02,8012311,8011753,7,20,30
2023-04-02,8012311,8012311,26,39,75
2023-04-02,8012311,8012355,19,19,133
2023-04-02,8012355,8012311,5,20,20
2023-04-02,8012355,8012355,24,39,90
2023-04-02,8012355,8012817,19,19,156
2023-04-02,8012371,8010351,25,27,41
2023-04-02,8012371,8011387,23,29,66
2023-04-02,8012371,8012371,48,56,49
2023-04-02,8012375,8011495,13,15,156
2023-04-02,8012375,8011913,15,16,131
2023-04-02,8012375,8012375,27,31,124
2023-04-02,8012416,8010046,6,19,178
2023-04-02,8012416,8011763,9,20,45
2023-04-02,8012416,8012416,19,39,111
2023-04-02,8012478,8010076,1,15,6
2023-04-02,8012478,8012200,32,39,108
2023-04-02,8012478,8012478,96,187,60
2023-04-02,8012478,8012697,31,38,77
2023-04-02,8012478,8098205,21,40,88
2023-04-02,8012526,8011132,13,16,131
2023-04-02,8012526,8011755,12,15,110
2023-04-02,8012526,8012526,25,31,121
2023-04-02,8012576,8012576,10,22,307
2023-04-02,8012576,8013029,5,11,417
2023-04-02,8012576,8013424,5,11,215
2023-04-02,8012597,8011132,14,15,110
2023-04-02,8012597,8012178,13,16,103
2023-04-02,8012597,8012597,27,31,107
2023-04-02,8012623,8011242,15,17,69
2023-04-02,8012623,8012463,4,19,9
2023-04-02,8012623,8012623,20,36,37
2023-04-02,8012697,8012478,37,37,113
2023-04-02,8012697,8012697,72,75,108
2023-04-02,8012697,8013428,34,38,100
2023-04-02,8012731,8011371,10,21,20
2023-04-02,8012731,8012731,25,42,31
2023-04-02,8012731,8013138,6,21,0
2023-04-02,8012734,8010103,3,9,20
2023-04-02,8012734,8011131,5,8,22
2023-04-02,8012734,8012734,8,17,21
2023-04-02,8012817,8010207,18,19,148
2023-04-02,8012817,8012355,12,20,36
2023-04-02,8012817,8012817,30,39,87
2023-04-02,8012863,8011752,34,41,86
2023-04-02,8012863,8012863,56,82,60
2023-04-02,8012863,8012865,22,41,40
2023-04-02,8012865,8012285,12,41,23
2023-04-02,8012865,8012863,21,41,70
2023-04-02,8012865,8012865,35,82,49
2023-04-02,8013029,8012576,6,11,232
2023-04-02,8013029,8012975,5,11,412
2023-04-02,8013029,8013029,12,22,329
2023-04-02,8013033,8010359,5,11,205
2023-04-02,8013033,8012232,7,11,262
2023-04-02,8013033,8013033,7,22,241
2023-04-02,8013070,8010186,18,41,24
2023-04-02,8013070,8011771,27,40,48
2023-04-02,8013070,8013070,46,81,40
2023-04-02,8013087,8010144,4,8,458
2023-04-02,8013087,8012198,5,9,527
2023-04-02,8013087,8013087,4,17,374
2023-04-02,8013093,8010095,11,18,48
2023-04-02,8013093,8012190,25,38,26
2023-04-02,8013093,8012656,9,29,13
2023-04-02,8013093,8013093,48,93,33
2023-04-02,8013095,8010122,6,16,84
2023-04-02,8013095,8011914,9,15,46
2023-04-02,8013095,8013095,12,31,57
2023-04-02,8013295,8010080,2,9,257
2023-04-02,8013295,8012053,1,8,225
2023-04-02,8013295,8013295,3,17,108
2023-04-02,8013361,8010059,11,18,58
2023-04-02,8013361,8012117,6,21,36
2023-04-02,8013361,8013361,23,39,55
2023-04-02,8013361,8013362,4,34,15
2023-04-02,8013362,8011018,27,34,38
2023-04-02,8013362,8013361,13,35,34
2023-04-02,8013362,8013362,36,69,33
2023-04-02,8013424,8010080,7,11,224
2023-04-02,8013424,8012576,5,11,379
2023-04-02,8013424,8013424,11,22,296
2023-04-02,8013428,8010076,38,38,117
2023-04-02,8013428,8012697,12,37,73
2023-04-02,8013428,8013428,50,75,95
2023-04-02,8013447,8010269,4,23,39
2023-04-02,8013447,8012192,2,24,5
2023-04-02,8013447,8013447,6,47,26
2023-04-02,8013461,8010285,1,1,300
2023-04-02,8013461,8011339,11,19,49
2023-04-02,8013461,8011637,15,17,65
2023-04-02,8013461,8013461,22,36,57
2023-04-02,8013471,8010003,12,17,139
2023-04-02,8013471,8011222,22,54,25
2023-04-02,8013471,8011745,23,38,22
2023-04-02,8013471,8012308,19,34,20
2023-04-02,8013471,8013471,61,143,33
2023-04-02,8080930,8010208,7,19,55
2023-04-02,8080930,8080930,11,37,109
2023-04-03,8010046,8010046,38,52,55
2023-04-03,8010046,8010059,22,26,53
2023-04-03,8010046,8012416,20,29,60
2023-04-03,8010059,8010046,20,26,67
2023-04-03,8010059,8010059,116,152,65
2023-04-03,8010059,8011491,46,76,58
2023-04-03,8010059,8011626,13,32,51
2023-04-03,8010059,8013361,16,18,112
2023-04-03,8010076,8010076,46,76,81
2023-04-03,8010076,8012478,11,15,26
2023-04-03,8010076,8012629,32,38,122
2023-04-03,8010076,8013428,14,38,40
2023-04-03,8010080,8010080,31,38,80
2023-04-03,8010080,8012232,13,19,71
2023-04-03,8010080,8013295,6,17,60
2023-04-03,8010080,8013424,13,19,55
2023-04-03,8010095,8010095,45,102,65
2023-04-03,8010095,8010161,8,34,22
2023-04-03,8010095,8010351,9,17,30
2023-04-03,8010095,8011959,9,34,73
2023-04-03,8010095,8011983,5,10,18
2023-04-03,8010095,8013093,17,17,166
2023-04-03,8010122,8010122,28,38,47
2023-04-03,8010122,8010238,12,19,39
2023-04-03,8010122,8011077,11,19,33
2023-04-03,8010122,8011588,15,19,81
2023-04-03,8010122,8013095,4,17,7
2023-04-03,8010144,8010144,22,34,66
2023-04-03,8010144,8011705,13,17,102
2023-04-03,8010144,8013087,9,17,30
2023-04-03,8010161,8010095,14,36,98
2023-04-03,8010161,8010161,23,59,82
2023-04-03,8010161,8011387,7,28,25
2023-04-03,8010186,8010186,58,117,17
2023-04-03,8010186,8012344,15,59,11
2023-04-03,8010186,8013070,42,58,27
2023-04-03,8010207,8010207,93,158,68
2023-04-03,8010207,8012193,66,79,93
2023-04-03,8010207,8012236,11,59,11
2023-04-03,8010207,8012817,6,20,60
2023-04-03,8010208,8010208,53,86,46
2023-04-03,8010208,8011491,14,26,33
2023-04-03,8010208,8011495,14,17,46
2023-04-03,8010208,8080930,10,26,33
2023-04-03,8010209,8010209,82,170,30
2023-04-03,8010209,8011771,15,59,13
2023-04-03,8010209,8012192,18,27,58
2023-04-03,8010209,8012193,1,2,15
2023-04-03,8010209,8012236,34,58,21
2023-04-03,8010228,8010228,102,154,57
2023-04-03,8010228,8011598,34,77,59
2023-04-03,8010228,8012308,66,76,52
2023-04-03,8010228,8013471,1,1,30
2023-04-03,8010238,8010122,14,19,54
2023-04-03,8010238,8010238,27,38,42
2023-04-03,8010238,8011297,9,19,25
2023-04-03,8010269,8010269,11,53,32
2023-04-03,8010269,8012682,3,27,33
2023-04-03,8010269,8013447,8,26,30
2023-04-03,8010351,8010095,15,15,124
2023-04-03,8010351,8010351,40,53,117
2023-04-03,8010351,8011131,16,27,38
2023-04-03,8010351,8012371,27,31,164
2023-04-03,8010359,8010359,27,38,51
2023-04-03,8010359,8012946,11,19,55
2023-04-03,8010359,8013033,9,19,35
2023-04-03,8011018,8011018,59,66,76
2023-04-03,8011018,8012284,32,34,88
2023-04-03,8011018,8013362,27,32,68
2023-04-03,8011077,8010122,13,19,51
2023-04-03,8011077,8011077,54,72,52
2023-04-03,8011077,8011132,0,1,0
2023-04-03,8011077,8011914,6,17,26
2023-04-03,8011077,8012178,12,17,42
2023-04-03,8011077,8012228,1,1,30
2023-04-03,8011131,8010103,14,18,110
2023-04-03,8011131,8010351,25,26,187
2023-04-03,8011131,8011131,43,53,116
2023-04-03,8011131,8012734,9,9,80
2023-04-03,8011132,8011077,0,1,0
2023-04-03,8011132,8011132,23,36,42
2023-04-03,8011132,8012228,0,1,0
2023-04-03,8011132,8012526,6,17,34
2023-04-03,8011132,8012597,6,17,32
2023-04-03,8011242,8011242,27,39,35
2023-04-03,8011242,8012241,31,39,42
2023-04-03,8011242,8012623,10,19,25
2023-04-03,8011339,8011339,37,56,74
2023-04-03,8011339,8012117,14,29,62
2023-04-03,8011339,8013461,21,27,88
2023-04-03,8011387,8010161,30,31,160
2023-04-03,8011387,8011387,41,59,98
2023-04-03,8011387,8012371,11,28,32
2023-04-03,8011491,8010008,22,34,71
2023-04-03,8011491,8010059,54,76,64
2023-04-03,8011491,8010208,16,26,54
2023-04-03,8011491,8011491,91,152,56
2023-04-03,8011495,8010208,13,17,65
2023-04-03,8011495,8011495,27,34,62
2023-04-03,8011495,8012375,11,17,51
2023-04-03,8011588,8010122,12,19,36
2023-04-03,8011588,8011588,21,38,28
2023-04-03,8011588,8012463,13,20,28
2023-04-03,8011598,8010228,13,76,21
2023-04-03,8011598,8011598,32,79,37
2023-04-03,8011598,8011745,21,39,38
2023-04-03,8011626,8010059,29,34,64
2023-04-03,8011626,8011626,51,66,66
2023-04-03,8011626,8012284,25,32,82
2023-04-03,8011705,8010144,7,17,25
2023-04-03,8011705,8011705,24,34,56
2023-04-03,8011705,8011763,17,29,49
2023-04-03,8011745,8011598,30,40,68
2023-04-03,8011745,8011745,44,79,46
2023-04-03,8011745,8013471,16,39,20
2023-04-03,8011753,8011753,25,41,108
2023-04-03,8011753,8012080,8,20,106
2023-04-03,8011753,8012311,21,21,120
2023-04-03,8011755,8011755,20,34,43
2023-04-03,8011755,8012228,14,17,76
2023-04-03,8011755,8012526,9,17,41
2023-04-03,8011763,8011705,13,29,33
2023-04-03,8011763,8011763,37,58,42
2023-04-03,8011763,8012416,19,29,42
2023-04-03,8011771,8010209,43,58,28
2023-04-03,8011771,8011771,61,117,19
2023-04-03,8011771,8013070,18,59,10
2023-04-03,8011913,8011913,27,34,54
2023-04-03,8011913,8012228,11,17,46
2023-04-03,8011913,8012375,7,17,39
2023-04-03,8011914,8011077,11,17,51
2023-04-03,8011914,8011914,17,34,32
2023-04-03,8011914,8013095,5,17,18
2023-04-03,8012053,8012053,21,34,44
2023-04-03,8012053,8012198,14,17,104
2023-04-03,8012053,8013295,2,17,12
2023-04-03,8012117,8011339,23,27,88
2023-04-03,8012117,8012117,44,56,88
2023-04-03,8012117,8013361,24,29,118
2023-04-03,8012178,8011077,14,17,69
2023-04-03,8012178,8012178,25,34,49
2023-04-03,8012178,8012597,14,17,44
2023-04-03,8012184,8012184,262,397,60
2023-04-03,8012184,8012187,128,199,70
2023-04-03,8012184,8012202,135,198,46
2023-04-03,8012187,8010206,88,115,79
2023-04-03,8012187,8012184,146,198,49
2023-04-03,8012187,8012187,275,397,57
2023-04-03,8012187,8012343,48,84,53
2023-04-03,8012192,8010209,17,26,43
2023-04-03,8012192,8012192,17,53,35
2023-04-03,8012192,8013447,9,27,49
2023-04-03,8012193,8010207,36,79,32
2023-04-03,8012193,8010209,1,3,20
2023-04-03,8012193,8012193,88,163,40
2023-04-03,8012193,8080840,33,58,26
2023-04-03,8012194,8010008,27,32,73
2023-04-03,8012194,8012194,50,66,60
2023-04-03,8012194,8012343,70,85,54
2023-04-03,8012195,8012190,32,38,73
2023-04-03,8012195,8012195,59,77,74
2023-04-03,8012195,8012273,28,39,90
2023-04-03,8012196,8012196,121,153,87
2023-04-03,8012196,8012200,17,38,66
2023-04-03,8012196,8012273,31,38,62
2023-04-03,8012196,8098205,61,76,92
2023-04-03,8012197,8012197,64,100,46
2023-04-03,8012197,8012204,27,50,47
2023-04-03,8012197,8012285,37,50,61
2023-04-03,8012198,8012053,7,17,46
2023-04-03,8012198,8012198,28,34,83
2023-04-03,8012198,8013087,12,17,44
2023-04-03,8012200,8012196,36,38,118
2023-04-03,8012200,8012200,60,76,75
2023-04-03,8012200,8012478,23,38,72
2023-04-03,8012204,8012181,45,50,53
2023-04-03,8012204,8012197,36,50,43
2023-04-03,8012204,8012204,84,100,55
2023-04-03,8012228,8011077,1,1,30
2023-04-03,8012228,8011132,0,1,0
2023-04-03,8012228,8011755,9,17,41
2023-04-03,8012228,8011913,11,17,55
2023-04-03,8012228,8012228,27,38,53
2023-04-03,8012232,8010080,18,19,98
2023-04-03,8012232,8012232,28,38,53
2023-04-03,8012232,8013033,9,19,41
2023-04-03,8012236,8010207,53,58,58
2023-04-03,8012236,8010209,26,59,20
2023-04-03,8012236,8012236,66,117,27
2023-04-03,8012241,8010243,27,39,28
2023-04-03,8012241,8011242,21,39,30
2023-04-03,8012241,8012241,44,78,26
2023-04-03,8012284,8011018,23,32,64
2023-04-03,8012284,8011626,30,34,71
2023-04-03,8012284,8012284,54,66,77
2023-04-03,8012285,8012197,39,50,47
2023-04-03,8012285,8012285,70,100,46
2023-04-03,8012285,8012865,28,50,43
2023-04-03,8012304,8010206,85,111,50
2023-04-03,8012304,8012304,192,224,74
2023-04-03,8012304,8012308,96,113,89
2023-04-03,8012308,8010228,64,78,87
2023-04-03,8012308,8012304,86,111,43
2023-04-03,8012308,8012308,183,224,66
2023-04-03,8012308,8013471,32,35,106
2023-04-03,8012311,8011071,0,1,0
2023-04-03,8012311,8011753,10,20,110
2023-04-03,8012311,8012311,31,42,111
2023-04-03,8012311,8012355,21,21,147
2023-04-03,8012355,8012311,6,20,70
2023-04-03,8012355,8012355,27,41,124
2023-04-03,8012355,8012817,21,21,164
2023-04-03,8012371,8010351,27,28,70
2023-04-03,8012371,8011387,26,31,161
2023-04-03,8012371,8012371,53,59,106
2023-04-03,8012375,8011495,14,17,81
2023-04-03,8012375,8011913,16,17,78
2023-04-03,8012375,8012375,29,34,61
2023-04-03,8012416,8010046,20,29,49
2023-04-03,8012416,8011763,16,29,51
2023-04-03,8012416,8012416,42,58,53
2023-04-03,8012478,8010076,10,15,30
2023-04-03,8012478,8012200,32,38,73
2023-04-03,8012478,8012478,101,189,57
2023-04-03,8012478,8012697,35,38,126
2023-04-03,8012478,8098205,22,40,69
2023-04-03,8012526,8011132,13,17,56
2023-04-03,8012526,8011755,6,17,30
2023-04-03,8012526,8012526,19,34,43
2023-04-03,8012576,8012576,21,38,47
2023-04-03,8012576,8013029,13,19,49
2023-04-03,8012576,8013424,8,19,52
2023-04-03,8012597,8011132,13,17,67
2023-04-03,8012597,8012178,6,17,28
2023-04-03,8012597,8012597,19,34,41
2023-04-03,8012623,8011242,18,20,60
2023-04-03,8012623,8012463,7,19,24
2023-04-03,8012623,8012623,25,39,42
2023-04-03,8012697,8012478,37,38,72
2023-04-03,8012697,8012697,71,76,108
2023-04-03,8012697,8013428,33,38,133
2023-04-03,8012731,8011371,18,21,119
2023-04-03,8012731,8012731,37,41,105
2023-04-03,8012731,8013138,15,20,40
2023-04-03,8012734,8010103,6,9,47
2023-04-03,8012734,8011131,5,9,213
2023-04-03,8012734,8012734,11,18,133
2023-04-03,8012817,8010207,21,21,167
2023-04-03,8012817,8012355,14,20,87
2023-04-03,8012817,8012817,35,41,121
2023-04-03,8012863,8011752,31,42,51
2023-04-03,8012863,8012863,65,84,51
2023-04-03,8012863,8012865,34,42,58
2023-04-03,8012865,8012285,29,50,35
2023-04-03,8012865,8012863,32,42,44
2023-04-03,8012865,8012865,58,84,48
2023-04-03,8013029,8012576,12,19,58
2023-04-03,8013029,8012975,12,19,43
2023-04-03,8013029,8013029,24,38,63
2023-04-03,8013033,8010359,9,19,43
2023-04-03,8013033,8012232,4,19,21
2023-04-03,8013033,8013033,18,38,35
2023-04-03,8013070,8010186,19,59,10
2023-04-03,8013070,8011771,47,58,22
2023-04-03,8013070,8013070,68,117,19
2023-04-03,8013087,8010144,12,17,83
2023-04-03,8013087,8012198,11,17,55
2023-04-03,8013087,8013087,15,34,26
2023-04-03,8013093,8010095,12,18,33
2023-04-03,8013093,8012190,30,39,82
2023-04-03,8013093,8012656,14,33,32
2023-04-03,8013093,8013093,71,102,77
2023-04-03,8013095,8010122,3,17,14
2023-04-03,8013095,8011914,8,17,25
2023-04-03,8013095,8013095,8,34,12
2023-04-03,8013295,8010080,10,17,30
2023-04-03,8013295,8012053,1,17,5
2023-04-03,8013295,8013295,9,34,24
2023-04-03,8013361,8010059,11,16,79
2023-04-03,8013361,8012117,17,27,52
2023-04-03,8013361,8013361,35,50,89
2023-04-03,8013361,8013362,17,34,43
2023-04-03,8013362,8011018,32,34,74
2023-04-03,8013362,8013361,18,32,67
2023-04-03,8013362,8013362,47,66,62
2023-04-03,8013424,8010080,13,19,65
2023-04-03,8013424,8012576,11,19,47
2023-04-03,8013424,8013424,24,38,54
2023-04-03,8013428,8010076,37,38,142
2023-04-03,8013428,8012697,9,38,35
2023-04-03,8013428,8013428,46,76,89
2023-04-03,8013447,8010269,5,27,39
2023-04-03,8013447,8012192,6,26,17
2023-04-03,8013447,8013447,11,53,34
2023-04-03,8013461,8011339,17,29,64
2023-04-03,8013461,8011637,20,20,138
2023-04-03,8013461,8013461,28,40,82
2023-04-03,8013471,8010003,13,17,125
2023-04-03,8013471,8010243,1,1,30
2023-04-03,8013471,8011222,33,57,40
2023-04-03,8013471,8011745,27,40,55
2023-04-03,8013471,8012308,29,35,32
2023-04-03,8013471,8013471,97,150,51
2023-04-03,8080930,8010208,12,26,31
2023-04-03,8080930,8080930,23,52,31
2023-04-04,8010046,8010046,44,54,546
2023-04-04,8010046,8010059,22,27,533
2023-04-04,8010046,8012416,24,29,573
2023-04-04,8010059,8010046,23,27,558
2023-04-04,8010059,8010059,117,164,198
2023-04-04,8010059,8011491,53,82,218
2023-04-04,8010059,8011626,13,37,36
2023-04-04,8010059,8013361,15,18,82
2023-04-04,8010076,8010076,46,76,75
2023-04-04,8010076,8012478,4,15,32
2023-04-04,8010076,8012629,31,38,108
2023-04-04,8010076,8013428,15,38,39
2023-04-04,8010080,8010080,32,38,92
2023-04-04,8010080,8012232,15,19,98
2023-04-04,8010080,8013295,10,17,113
2023-04-04,8010080,8013424,13,19,54
2023-04-04,8010095,8010095,45,102,97
2023-04-04,8010095,8010161,13,34,115
2023-04-04,8010095,8010351,15,17,69
2023-04-04,8010095,8011959,11,34,82
2023-04-04,8010095,8011983,4,10,21
2023-04-04,8010095,8013093,17,17,182
2023-04-04,8010122,8010122,9,38,44
2023-04-04,8010122,8010238,17,19,81
2023-04-04,8010122,8011077,3,19,38
2023-04-04,8010122,8011588,15,19,87
2023-04-04,8010122,8013095,5,17,35
2023-04-04,8010144,8010144,28,34,473
2023-04-04,8010144,8011705,14,17,263
2023-04-04,8010144,8013087,15,17,688
2023-04-04,8010161,8010095,13,36,48
2023-04-04,8010161,8010161,26,59,71
2023-04-04,8010161,8011387,11,28,87
2023-04-04,8010186,8010186,56,117,32
2023-04-04,8010186,8012344,28,59,29
2023-04-04,8010186,8013070,27,58,37
2023-04-04,8010207,8010207,93,158,66
2023-04-04,8010207,8012193,58,79,87
2023-04-04,8010207,8012236,16,59,24
2023-04-04,8010207,8012817,6,20,21
2023-04-04,8010208,8010208,65,88,321
2023-04-04,8010208,8011491,18,27,334
2023-04-04,8010208,8011495,11,17,60
2023-04-04,8010208,8080930,18,27,563
2023-04-04,8010209,8010209,84,170,64
2023-04-04,8010209,8011771,21,59,25
2023-04-04,8010209,8012192,21,27,132
2023-04-04,8010209,8012193,1,2,15
2023-04-04,8010209,8012236,29,58,37
2023-04-04,8010228,8010228,107,154,64
2023-04-04,8010228,8011598,39,77,84
2023-04-04,8010228,8012308,66,76,44
2023-04-04,8010228,8013471,0,1,0
2023-04-04,8010238,8010122,3,19,32
2023-04-04,8010238,8010238,33,38,67
2023-04-04,8010238,8011297,4,19,60
2023-04-04,8010269,8010269,13,53,127
2023-04-04,8010269,8012682,5,27,120
2023-04-04,8010269,8013447,8,26,135
2023-04-04,8010351,8010095,13,15,188
2023-04-04,8010351,8010351,46,53,115
2023-04-04,8010351,8011131,22,27,83
2023-04-04,8010351,8012371,25,31,81
2023-04-04,8010359,8010359,27,38,72
2023-04-04,8010359,8012946,11,19,90
2023-04-04,8010359,8013033,10,19,44
2023-04-04,8011018,8011018,54,72,50
2023-04-04,8011018,8012284,30,35,52
2023-04-04,8011018,8013362,25,37,56
2023-04-04,8011077,8010122,5,19,47
2023-04-04,8011077,8011077,34,72,68
2023-04-04,8011077,8011132,1,1,30
2023-04-04,8011077,8011914,11,17,104
2023-04-04,8011077,8012178,8,17,46
2023-04-04,8011077,8012228,0,1,0
2023-04-04,8011131,8010103,17,18,147
2023-04-04,8011131,8010351,21,26,123
2023-04-04,8011131,8011131,43,53,100
2023-04-04,8011131,8012734,8,9,157
2023-04-04,8011132,8011077,0,1,0
2023-04-04,8011132,8011132,30,36,93
2023-04-04,8011132,8012228,1,1,30
2023-04-04,8011132,8012526,14,17,101
2023-04-04,8011132,8012597,12,17,92
2023-04-04,8011242,8011242,25,39,45
2023-04-04,8011242,8012241,32,39,48
2023-04-04,8011242,8012623,7,19,39
2023-04-04,8011339,8011339,39,55,55
2023-04-04,8011339,8012117,14,27,29
2023-04-04,8011339,8013461,19,28,76
2023-04-04,8011387,8010161,27,31,75
2023-04-04,8011387,8011387,41,59,79
2023-04-04,8011387,8012371,14,28,88
2023-04-04,8011491,8010008,20,35,50
2023-04-04,8011491,8010059,59,82,155
2023-04-04,8011491,8010208,23,27,604
2023-04-04,8011491,8011491,106,164,186
2023-04-04,8011495,8010208,14,17,124
2023-04-04,8011495,8011495,28,34,104
2023-04-04,8011495,8012375,14,17,83
2023-04-04,8011588,8010122,6,19,36
2023-04-04,8011588,8011588,23,38,39
2023-04-04,8011588,8012463,14,20,30
2023-04-04,8011598,8010228,15,76,11
2023-04-04,8011598,8011598,33,79,27
2023-04-04,8011598,8011745,21,39,46
2023-04-04,8011626,8010059,25,35,40
2023-04-04,8011626,8011626,49,72,46
2023-04-04,8011626,8012284,26,37,63
2023-04-04,8011705,8010144,11,17,651
2023-04-04,8011705,8011705,28,34,458
2023-04-04,8011705,8011763,24,29,206
2023-04-04,8011745,8011598,30,40,46
2023-04-04,8011745,8011745,49,79,44
2023-04-04,8011745,8013471,15,39,37
2023-04-04,8011753,8011753,29,41,64
2023-04-04,8011753,8012080,9,20,48
2023-04-04,8011753,8012311,20,21,83
2023-04-04,8011755,8011755,27,34,101
2023-04-04,8011755,8012228,16,17,146
2023-04-04,8011755,8012526,13,17,88
2023-04-04,8011763,8011705,21,29,581
2023-04-04,8011763,8011763,46,58,390
2023-04-04,8011763,8012416,21,29,199
2023-04-04,8011771,8010209,41,58,48
2023-04-04,8011771,8011771,63,117,34
2023-04-04,8011771,8013070,21,59,22
2023-04-04,8011913,8011913,29,34,109
2023-04-04,8011913,8012228,15,17,101
2023-04-04,8011913,8012375,12,17,102
2023-04-04,8011914,8011077,13,17,94
2023-04-04,8011914,8011914,24,34,94
2023-04-04,8011914,8013095,10,17,86
2023-04-04,8012053,8012053,27,34,386
2023-04-04,8012053,8012198,14,17,150
2023-04-04,8012053,8013295,12,17,618
2023-04-04,8012117,8011339,26,28,72
2023-04-04,8012117,8012117,46,55,61
2023-04-04,8012117,8013361,24,27,70
2023-04-04,8012178,8011077,13,17,134
2023-04-04,8012178,8012178,25,34,79
2023-04-04,8012178,8012597,12,17,46
2023-04-04,8012184,8012184,282,397,62
2023-04-04,8012184,8012187,137,199,81
2023-04-04,8012184,8012202,145,198,41
2023-04-04,8012187,8010206,93,115,92
2023-04-04,8012187,8012184,144,198,42
2023-04-04,8012187,8012187,289,397,60
2023-04-04,8012187,8012343,52,84,66
2023-04-04,8012192,8010209,15,26,137
2023-04-04,8012192,8012192,20,53,127
2023-04-04,8012192,8013447,8,27,138
2023-04-04,8012193,8010207,40,79,36
2023-04-04,8012193,8010209,2,3,20
2023-04-04,8012193,8012193,86,163,42
2023-04-04,8012193,8080840,28,58,39
2023-04-04,8012194,8010008,18,37,47
2023-04-04,8012194,8012194,41,72,42
2023-04-04,8012194,8012343,60,85,56
2023-04-04,8012195,8012190,37,38,115
2023-04-04,8012195,8012195,65,77,116
2023-04-04,8012195,8012273,28,39,141
2023-04-04,8012196,8012196,134,153,113
2023-04-04,8012196,8012200,25,38,78
2023-04-04,8012196,8012273,36,38,100
2023-04-04,8012196,8098205,65,76,126
2023-04-04,8012197,8012197,53,100,45
2023-04-04,8012197,8012204,23,50,58
2023-04-04,8012197,8012285,30,50,48
2023-04-04,8012198,8012053,13,17,702
2023-04-04,8012198,8012198,30,34,467
2023-04-04,8012198,8013087,15,17,187
2023-04-04,8012200,8012196,38,38,136
2023-04-04,8012200,8012200,62,76,89
2023-04-04,8012200,8012478,26,38,82
2023-04-04,8012204,8012181,37,50,65
2023-04-04,8012204,8012197,28,50,37
2023-04-04,8012204,8012204,71,100,60
2023-04-04,8012228,8011077,1,1,30
2023-04-04,8012228,8011132,0,1,0
2023-04-04,8012228,8011755,12,17,86
2023-04-04,8012228,8011913,14,17,127
2023-04-04,8012228,8012228,34,38,107
2023-04-04,8012232,8010080,15,19,82
2023-04-04,8012232,8012232,28,38,75
2023-04-04,8012232,8013033,13,19,107
2023-04-04,8012236,8010207,48,58,72
2023-04-04,8012236,8010209,29,59,29
2023-04-04,8012236,8012236,68,117,41
2023-04-04,8012241,8010243,26,39,31
2023-04-04,8012241,8011242,15,39,32
2023-04-04,8012241,8012241,41,78,32
2023-04-04,8012284,8011018,22,37,47
2023-04-04,8012284,8011626,25,35,38
2023-04-04,8012284,8012284,48,72,49
2023-04-04,8012285,8012197,32,50,62
2023-04-04,8012285,8012285,54,100,50
2023-04-04,8012285,8012865,18,50,32
2023-04-04,8012304,8010206,89,111,47
2023-04-04,8012304,8012304,189,224,76
2023-04-04,8012304,8012308,94,113,98
2023-04-04,8012308,8010228,62,78,103
2023-04-04,8012308,8012304,88,111,42
2023-04-04,8012308,8012308,184,224,72
2023-04-04,8012308,8013471,33,35,103
2023-04-04,8012311,8011071,1,1,30
2023-04-04,8012311,8011753,13,20,58
2023-04-04,8012311,8012311,34,42,74
2023-04-04,8012311,8012355,20,21,104
2023-04-04,8012355,8012311,7,20,30
2023-04-04,8012355,8012355,27,41,79
2023-04-04,8012355,8012817,20,21,124
2023-04-04,8012371,8010351,27,28,136
2023-04-04,8012371,8011387,22,31,74
2023-04-04,8012371,8012371,49,59,86
2023-04-04,8012375,8011495,14,17,143
2023-04-04,8012375,8011913,15,17,108
2023-04-04,8012375,8012375,29,34,109
2023-04-04,8012416,8010046,23,29,406
2023-04-04,8012416,8011763,22,29,591
2023-04-04,8012416,8012416,47,58,441
2023-04-04,8012478,8010076,15,15,84
2023-04-04,8012478,8012200,36,38,87
2023-04-04,8012478,8012478,129,189,73
2023-04-04,8012478,8012697,35,38,121
2023-04-04,8012478,8098205,26,40,78
2023-04-04,8012526,8011132,15,17,127
2023-04-04,8012526,8011755,10,17,90
2023-04-04,8012526,8012526,25,34,103
2023-04-04,8012576,8012576,23,38,62
2023-04-04,8012576,8013029,13,19,46
2023-04-04,8012576,8013424,9,19,85
2023-04-04,8012597,8011132,14,17,78
2023-04-04,8012597,8012178,11,17,79
2023-04-04,8012597,8012597,25,34,71
2023-04-04,8012623,8011242,18,20,63
2023-04-04,8012623,8012463,5,19,33
2023-04-04,8012623,8012623,24,39,51
2023-04-04,8012697,8012478,38,38,77
2023-04-04,8012697,8012697,74,76,108
2023-04-04,8012697,8013428,34,38,129
2023-04-04,8012731,8011371,17,21,86
2023-04-04,8012731,8012731,33,41,104
2023-04-04,8012731,8013138,13,20,90
2023-04-04,8012734,8010103,7,9,117
2023-04-04,8012734,8011131,8,9,43
2023-04-04,8012734,8012734,16,18,97
2023-04-04,8012817,8010207,20,21,124
2023-04-04,8012817,8012355,16,20,42
2023-04-04,8012817,8012817,36,41,79
2023-04-04,8012863,8011752,33,42,57
2023-04-04,8012863,8012863,66,84,63
2023-04-04,8012863,8012865,34,42,81
2023-04-04,8012865,8012285,25,50,51
2023-04-04,8012865,8012863,32,42,54
2023-04-04,8012865,8012865,57,84,62
2023-04-04,8013029,8012576,14,19,87
2023-04-04,8013029,8012975,11,19,49
2023-04-04,8013029,8013029,25,38,73
2023-04-04,8013033,8010359,8,19,73
2023-04-04,8013033,8012232,8,19,33
2023-04-04,8013033,8013033,21,38,64
2023-04-04,8013070,8010186,25,59,24
2023-04-04,8013070,8011771,43,58,42
2023-04-04,8013070,8013070,69,117,36
2023-04-04,8013087,8010144,13,17,221
2023-04-04,8013087,8012198,16,17,769
2023-04-04,8013087,8013087,27,34,425
2023-04-04,8013093,8010095,15,18,48
2023-04-04,8013093,8012190,24,39,105
2023-04-04,8013093,8012656,23,33,87
2023-04-04,8013093,8013093,77,102,110
2023-04-04,8013095,8010122,9,17,53
2023-04-04,8013095,8011914,11,17,67
2023-04-04,8013095,8013095,15,34,53
2023-04-04,8013295,8010080,13,17,649
2023-04-04,8013295,8012053,5,17,49
2023-04-04,8013295,8013295,22,34,353
2023-04-04,8013361,8010059,15,20,60
2023-04-04,8013361,8012117,11,28,43
2023-04-04,8013361,8013361,35,53,57
2023-04-04,8013361,8013362,15,35,21
2023-04-04,8013362,8011018,27,35,42
2023-04-04,8013362,8013361,16,37,46
2023-04-04,8013362,8013362,42,72,40
2023-04-04,8013424,8010080,15,19,99
2023-04-04,8013424,8012576,11,19,47
2023-04-04,8013424,8013424,26,38,70
2023-04-04,8013428,8010076,38,38,137
2023-04-04,8013428,8012697,12,38,35
2023-04-04,8013428,8013428,50,76,86
2023-04-04,8013447,8010269,8,27,128
2023-04-04,8013447,8012192,5,26,125
2023-04-04,8013447,8013447,13,53,132
2023-04-04,8013461,8011339,21,27,43
2023-04-04,8013461,8011637,18,20,81
2023-04-04,8013461,8013461,25,40,40
2023-04-04,8013471,8010003,15,17,132
2023-04-04,8013471,8010243,0,1,0
2023-04-04,8013471,8011222,30,57,49
2023-04-04,8013471,8011745,27,40,34
2023-04-04,8013471,8012308,26,35,40
2023-04-04,8013471,8013471,95,150,54
2023-04-04,8080930,8010208,19,27,342
2023-04-04,8080930,8080930,37,54,451
2023-04-05,8010046,8010046,42,58,94
2023-04-05,8010046,8010059,24,29,106
2023-04-05,8010046,8012416,19,29,81
2023-04-05,8010059,8010046,19,29,90
2023-04-05,8010059,8010059,119,174,87
2023-04-05,8010059,8011491,54,87,104
2023-04-05,8010059,8011626,15,38,40
2023-04-05,8010059,8013361,15,20,75
2023-04-05,8010076,8010076,55,76,141
2023-04-05,8010076,8012478,10,15,48
2023-04-05,8010076,8012629,34,38,166
2023-04-05,8010076,8013428,21,38,116
2023-04-05,8010080,8010080,24,38,52
2023-04-05,8010080,8012232,11,19,38
2023-04-05,8010080,8013295,12,17,143
2023-04-05,8010080,8013424,11,19,51
2023-04-05,8010095,8010095,44,102,122
2023-04-05,8010095,8010161,10,34,188
2023-04-05,8010095,8010351,9,17,60
2023-04-05,8010095,8011959,9,34,83
2023-04-05,8010095,8011983,6,10,237
2023-04-05,8010095,8013093,13,17,159
2023-04-05,8010122,8010122,20,38,52
2023-04-05,8010122,8010238,11,19,62
2023-04-05,8010122,8011077,6,19,21
2023-04-05,8010122,8011588,17,19,98
2023-04-05,8010122,8013095,1,17,2
2023-04-05,8010144,8010144,30,34,124
2023-04-05,8010144,8011705,15,17,171
2023-04-05,8010144,8013087,15,17,76
2023-04-05,8010161,8010095,12,36,48
2023-04-05,8010161,8010161,20,59,112
2023-04-05,8010161,8011387,8,28,190
2023-04-05,8010186,8010186,55,117,19
2023-04-05,8010186,8012344,23,59,18
2023-04-05,8010186,8013070,31,58,20
2023-04-05,8010207,8010207,88,158,73
2023-04-05,8010207,8012193,63,79,101
2023-04-05,8010207,8012236,12,59,12
2023-04-05,8010207,8012817,4,20,72
2023-04-05,8010208,8010208,63,92,73
2023-04-05,8010208,8011491,12,29,56
2023-04-05,8010208,8011495,14,17,46
2023-04-05,8010208,8080930,14,29,76
2023-04-05,8010209,8010209,75,170,22
2023-04-05,8010209,8011771,15,59,15
2023-04-05,8010209,8012192,14,27,23
2023-04-05,8010209,8012193,1,2,30
2023-04-05,8010209,8012236,23,58,12
2023-04-05,8010228,8010228,112,154,106
2023-04-05,8010228,8011598,44,77,170
2023-04-05,8010228,8012308,66,76,39
2023-04-05,8010228,8013471,0,1,0
2023-04-05,8010238,8010122,8,19,35
2023-04-05,8010238,8010238,17,38,46
2023-04-05,8010238,8011297,8,19,57
2023-04-05,8010269,8010269,7,53,17
2023-04-05,8010269,8012682,4,27,7
2023-04-05,8010269,8013447,6,26,28
2023-04-05,8010351,8010095,13,15,150
2023-04-05,8010351,8010351,36,53,160
2023-04-05,8010351,8011131,14,27,193
2023-04-05,8010351,8012371,25,31,71
2023-04-05,8010359,8010359,21,27,78
2023-04-05,8010359,8012946,7,13,78
2023-04-05,8010359,8013033,11,19,47
2023-04-05,8011018,8011018,61,76,70
2023-04-05,8011018,8012284,35,38,78
2023-04-05,8011018,8013362,26,38,70
2023-04-05,8011077,8010122,12,19,73
2023-04-05,8011077,8011077,50,72,56
2023-04-05,8011077,8011132,1,1,60
2023-04-05,8011077,8011914,7,17,34
2023-04-05,8011077,8012178,8,17,26
2023-04-05,8011077,8012228,0,1,0
2023-04-05,8011131,8010103,17,18,335
2023-04-05,8011131,8010351,17,26,100
2023-04-05,8011131,8011131,31,53,147
2023-04-05,8011131,8012734,7,9,63
2023-04-05,8011132,8011077,0,1,0
2023-04-05,8011132,8011132,26,36,55
2023-04-05,8011132,8012228,1,1,60
2023-04-05,8011132,8012526,8,17,48
2023-04-05,8011132,8012597,9,17,46
2023-04-05,8011242,8011242,26,39,62
2023-04-05,8011242,8012241,34,39,50
2023-04-05,8011242,8012623,10,19,76
2023-04-05,8011339,8011339,42,58,109
2023-04-05,8011339,8012117,10,29,124
2023-04-05,8011339,8013461,19,29,82
2023-04-05,8011387,8010161,27,31,67
2023-04-05,8011387,8011387,37,59,126
2023-04-05,8011387,8012371,9,28,192
2023-04-05,8011491,8010008,20,38,59
2023-04-05,8011491,8010059,53,87,61
2023-04-05,8011491,8010208,22,29,112
2023-04-05,8011491,8011491,97,174,76
2023-04-05,8011495,8010208,15,17,78
2023-04-05,8011495,8011495,25,34,66
2023-04-05,8011495,8012375,9,17,56
2023-04-05,8011588,8010122,10,19,79
2023-04-05,8011588,8011588,27,38,56
2023-04-05,8011588,8012463,18,20,36
2023-04-05,8011598,8010228,12,76,8
2023-04-05,8011598,8011598,35,79,44
2023-04-05,8011598,8011745,25,39,81
2023-04-05,8011626,8010059,30,38,67
2023-04-05,8011626,8011626,56,76,61
2023-04-05,8011626,8012284,27,38,73
2023-04-05,8011705,8010144,13,17,78
2023-04-05,8011705,8011705,31,34,118
2023-04-05,8011705,8011763,16,29,86
2023-04-05,8011745,8011598,34,40,46
2023-04-05,8011745,8011745,58,79,57
2023-04-05,8011745,8013471,23,39,62
2023-04-05,8011753,8011753,27,41,131
2023-04-05,8011753,8012080,10,20,90
2023-04-05,8011753,8012311,21,21,186
2023-04-05,8011755,8011755,22,34,58
2023-04-05,8011755,8012228,14,17,92
2023-04-05,8011755,8012526,10,17,58
2023-04-05,8011763,8011705,20,29,84
2023-04-05,8011763,8011763,41,58,85
2023-04-05,8011763,8012416,22,29,92
2023-04-05,8011771,8010209,35,58,19
2023-04-05,8011771,8011771,53,117,18
2023-04-05,8011771,8013070,17,59,16
2023-04-05,8011913,8011913,24,34,67
2023-04-05,8011913,8012228,12,17,65
2023-04-05,8011913,8012375,7,17,49
2023-04-05,8011914,8011077,17,17,81
2023-04-05,8011914,8011914,24,34,49
2023-04-05,8011914,8013095,6,17,23
2023-04-05,8012053,8012053,25,34,124
2023-04-05,8012053,8012198,16,17,182
2023-04-05,8012053,8013295,9,17,85
2023-04-05,8012117,8011339,21,29,85
2023-04-05,8012117,8012117,43,58,117
2023-04-05,8012117,8013361,24,29,173
2023-04-05,8012178,8011077,14,17,83
2023-04-05,8012178,8012178,23,34,46
2023-04-05,8012178,8012597,12,17,34
2023-04-05,8012184,8012184,291,391,97
2023-04-05,8012184,8012187,146,196,126
2023-04-05,8012184,8012202,145,195,64
2023-04-05,8012187,8010206,95,115,155
2023-04-05,8012187,8012184,147,195,67
2023-04-05,8012187,8012187,294,391,94
2023-04-05,8012187,8012343,54,81,87
2023-04-05,8012192,8010209,24,26,48
2023-04-05,8012192,8012192,11,53,6
2023-04-05,8012192,8013447,2,27,8
2023-04-05,8012193,8010207,37,79,41
2023-04-05,8012193,8010209,0,3,0
2023-04-05,8012193,8012193,79,163,47
2023-04-05,8012193,8080840,27,58,21
2023-04-05,8012194,8010008,26,38,49
2023-04-05,8012194,8012194,54,76,45
2023-04-05,8012194,8012343,75,82,75
2023-04-05,8012195,8012190,32,38,89
2023-04-05,8012195,8012195,54,77,115
2023-04-05,8012195,8012273,23,39,218
2023-04-05,8012196,8012196,126,153,176
2023-04-05,8012196,8012200,23,38,107
2023-04-05,8012196,8012273,30,38,66
2023-04-05,8012196,8098205,63,75,207
2023-04-05,8012197,8012197,56,100,56
2023-04-05,8012197,8012204,26,50,70
2023-04-05,8012197,8012285,32,50,61
2023-04-05,8012198,8012053,9,17,97
2023-04-05,8012198,8012198,29,34,144
2023-04-05,8012198,8013087,14,17,154
2023-04-05,8012200,8012196,38,38,237
2023-04-05,8012200,8012200,64,76,155
2023-04-05,8012200,8012478,28,38,108
2023-04-05,8012204,8012181,35,50,74
2023-04-05,8012204,8012197,35,50,46
2023-04-05,8012204,8012204,71,100,66
2023-04-05,8012228,8011077,1,1,570
2023-04-05,8012228,8011132,0,1,0
2023-04-05,8012228,8011755,10,17,55
2023-04-05,8012228,8011913,10,17,71
2023-04-05,8012228,8012228,29,38,84
2023-04-05,8012232,8010080,11,19,66
2023-04-05,8012232,8012232,22,38,47
2023-04-05,8012232,8013033,6,19,19
2023-04-05,8012236,8010207,44,58,46
2023-04-05,8012236,8010209,27,59,21
2023-04-05,8012236,8012236,61,117,23
2023-04-05,8012241,8010243,24,39,25
2023-04-05,8012241,8011242,19,39,52
2023-04-05,8012241,8012241,44,78,39
2023-04-05,8012284,8011018,21,38,61
2023-04-05,8012284,8011626,32,38,66
2023-04-05,8012284,8012284,54,76,68
2023-04-05,8012285,8012197,30,50,70
2023-04-05,8012285,8012285,59,100,60
2023-04-05,8012285,8012865,28,50,38
2023-04-05,8012304,8010206,82,111,48
2023-04-05,8012304,8012304,200,224,114
2023-04-05,8012304,8012308,106,113,169
2023-04-05,8012308,8010228,64,78,193
2023-04-05,8012308,8012304,81,111,43
2023-04-05,8012308,8012308,180,224,105
2023-04-05,8012308,8013471,35,35,125
2023-04-05,8012311,8011071,0,1,0
2023-04-05,8012311,8011753,12,20,100
2023-04-05,8012311,8012311,33,42,141
2023-04-05,8012311,8012355,19,21,203
2023-04-05,8012355,8012311,5,20,70
2023-04-05,8012355,8012355,26,41,153
2023-04-05,8012355,8012817,21,21,216
2023-04-05,8012371,8010351,27,28,229
2023-04-05,8012371,8011387,23,31,68
2023-04-05,8012371,8012371,47,59,133
2023-04-05,8012375,8011495,13,17,86
2023-04-05,8012375,8011913,14,17,83
2023-04-05,8012375,8012375,26,34,68
2023-04-05,8012416,8010046,24,29,102
2023-04-05,8012416,8011763,18,29,90
2023-04-05,8012416,8012416,46,58,94
2023-04-05,8012478,8010076,15,15,48
2023-04-05,8012478,8012200,35,38,184
2023-04-05,8012478,8012478,117,189,126
2023-04-05,8012478,8012697,36,38,178
2023-04-05,8012478,8098205,26,40,70
2023-04-05,8012526,8011132,17,17,88
2023-04-05,8012526,8011755,8,17,42
2023-04-05,8012526,8012526,25,34,64
2023-04-05,8012576,8012576,17,38,32
2023-04-05,8012576,8013029,11,19,47
2023-04-05,8012576,8013424,6,19,21
2023-04-05,8012597,8011132,16,17,69
2023-04-05,8012597,8012178,7,17,35
2023-04-05,8012597,8012597,23,34,46
2023-04-05,8012623,8011242,18,20,64
2023-04-05,8012623,8012463,6,19,63
2023-04-05,8012623,8012623,24,39,66
2023-04-05,8012697,8012478,38,38,172
2023-04-05,8012697,8012697,74,76,182
2023-04-05,8012697,8013428,36,38,189
2023-04-05,8012731,8011371,16,21,104
2023-04-05,8012731,8012731,35,41,119
2023-04-05,8012731,8013138,13,20,94
2023-04-05,8012734,8010103,5,9,37
2023-04-05,8012734,8011131,5,9,27
2023-04-05,8012734,8012734,11,18,37
2023-04-05,8012817,8010207,19,21,220
2023-04-05,8012817,8012355,16,20,93
2023-04-05,8012817,8012817,35,41,151
2023-04-05,8012863,8011752,31,42,59
2023-04-05,8012863,8012863,64,84,71
2023-04-05,8012863,8012865,33,42,93
2023-04-05,8012865,8012285,24,50,62
2023-04-05,8012865,8012863,34,42,49
2023-04-05,8012865,8012865,58,84,67
2023-04-05,8013029,8012576,11,19,32
2023-04-05,8013029,8012975,11,19,43
2023-04-05,8013029,8013029,22,38,43
2023-04-05,8013033,8010359,9,19,27
2023-04-05,8013033,8012232,13,19,47
2023-04-05,8013033,8013033,17,38,25
2023-04-05,8013070,8010186,20,59,18
2023-04-05,8013070,8011771,37,58,18
2023-04-05,8013070,8013070,61,117,22
2023-04-05,8013087,8010144,14,17,154
2023-04-05,8013087,8012198,13,17,94
2023-04-05,8013087,8013087,24,34,99
2023-04-05,8013093,8010095,10,18,252
2023-04-05,8013093,8012190,29,39,122
2023-04-05,8013093,8012656,17,33,51
2023-04-05,8013093,8013093,71,102,148
2023-04-05,8013095,8010122,4,17,19
2023-04-05,8013095,8011914,15,17,39
2023-04-05,8013095,8013095,10,34,14
2023-04-05,8013295,8010080,9,17,72
2023-04-05,8013295,8012053,9,17,116
2023-04-05,8013295,8013295,21,34,111
2023-04-05,8013361,8010059,15,20,204
2023-04-05,8013361,8012117,13,29,60
2023-04-05,8013361,8013361,39,58,118
2023-04-05,8013361,8013362,14,38,39
2023-04-05,8013362,8011018,31,38,60
2023-04-05,8013362,8013361,18,38,58
2023-04-05,8013362,8013362,48,76,57
2023-04-05,8013424,8010080,11,19,32
2023-04-05,8013424,8012576,10,19,46
2023-04-05,8013424,8013424,21,38,38
2023-04-05,8013428,8010076,38,38,200
2023-04-05,8013428,8012697,23,38,120
2023-04-05,8013428,8013428,58,76,160
2023-04-05,8013447,8010269,1,27,6
2023-04-05,8013447,8012192,5,26,5
2023-04-05,8013447,8013447,8,53,15
2023-04-05,8013461,8011339,23,29,149
2023-04-05,8013461,8011637,18,20,88
2023-04-05,8013461,8013461,25,40,118
2023-04-05,8013471,8010003,14,17,129
2023-04-05,8013471,8010243,0,1,0
2023-04-05,8013471,8011222,41,57,76
2023-04-05,8013471,8011745,31,40,32
2023-04-05,8013471,8012308,22,35,63
2023-04-05,8013471,8013471,108,150,66
2023-04-05,8080930,8010208,17,29,58
2023-04-05,8080930,8080930,34,58,71
2023-04-06,8010046,8010046,47,60,150
2023-04-06,8010046,8010059,26,30,118
2023-04-06,8010046,8012416,23,30,182
2023-04-06,8010059,8010046,23,30,190
2023-04-06,8010059,8010059,139,178,235
2023-04-06,8010059,8011491,60,89,278
2023-04-06,8010059,8011626,19,39,79
2023-04-06,8010059,8013361,18,20,598
2023-04-06,8010076,8010076,57,78,143
2023-04-06,8010076,8012478,11,15,74
2023-04-06,8010076,8012629,36,39,182
2023-04-06,8010076,8013428,22,39,112
2023-04-06,8010080,8010080,28,38,76
2023-04-06,8010080,8012232,12,19,47
2023-04-06,8010080,8013295,4,17,16
2023-04-06,8010080,8013424,8,19,73
2023-04-06,8010095,8010095,47,104,113
2023-04-06,8010095,8010161,16,35,128
2023-04-06,8010095,8010351,7,17,109
2023-04-06,8010095,8011959,9,35,51
2023-04-06,8010095,8011983,8,10,39
2023-04-06,8010095,8013093,13,17,259
2023-04-06,8010122,8010122,33,38,67
2023-04-06,8010122,8010238,16,19,60
2023-04-06,8010122,8011077,14,19,52
2023-04-06,8010122,8011588,12,20,90
2023-04-06,8010122,8013095,1,18,2
2023-04-06,8010144,8010144,27,34,151
2023-04-06,8010144,8011705,14,17,157
2023-04-06,8010144,8013087,13,17,138
2023-04-06,8010161,8010095,15,37,32
2023-04-06,8010161,8010161,26,61,66
2023-04-06,8010161,8011387,9,29,90
2023-04-06,8010186,8010186,55,120,19
2023-04-06,8010186,8012344,24,60,20
2023-04-06,8010186,8013070,31,60,20
2023-04-06,8010207,8010207,85,162,49
2023-04-06,8010207,8012193,67,82,77
2023-04-06,8010207,8012236,10,60,7
2023-04-06,8010207,8012817,1,20,3
2023-04-06,8010208,8010208,70,96,115
2023-04-06,8010208,8011491,20,30,149
2023-04-06,8010208,8011495,16,18,45
2023-04-06,8010208,8080930,20,30,129
2023-04-06,8010209,8010209,87,175,26
2023-04-06,8010209,8011771,19,60,14
2023-04-06,8010209,8012192,17,28,54
2023-04-06,8010209,8012193,1,2,15
2023-04-06,8010209,8012236,29,60,12
2023-04-06,8010228,8010228,119,156,71
2023-04-06,8010228,8011598,52,78,90
2023-04-06,8010228,8012308,65,77,51
2023-04-06,8010228,8013471,0,1,0
2023-04-06,8010238,8010122,16,19,71
2023-04-06,8010238,8010238,27,38,58
2023-04-06,8010238,8011297,13,19,52
2023-04-06,8010269,8010269,12,55,31
2023-04-06,8010269,8012682,5,28,24
2023-04-06,8010269,8013447,7,27,40
2023-04-06,8010351,8010095,13,15,276
2023-04-06,8010351,8010351,39,53,172
2023-04-06,8010351,8011131,15,27,149
2023-04-06,8010351,8012371,23,32,64
2023-04-06,8010359,8010359,27,38,84
2023-04-06,8010359,8012946,9,19,35
2023-04-06,8010359,8013033,16,19,112
2023-04-06,8011018,8011018,61,78,230
2023-04-06,8011018,8012284,32,39,309
2023-04-06,8011018,8013362,29,39,159
2023-04-06,8011077,8010122,17,19,65
2023-04-06,8011077,8011077,62,74,66
2023-04-06,8011077,8011132,0,1,0
2023-04-06,8011077,8011914,13,18,47
2023-04-06,8011077,8012178,13,18,52
2023-04-06,8011077,8012228,1,1,30
2023-04-06,8011131,8010103,17,18,162
2023-04-06,8011131,8010351,25,26,180
2023-04-06,8011131,8011131,44,53,163
2023-04-06,8011131,8012734,9,9,253
2023-04-06,8011132,8011077,0,1,0
2023-04-06,8011132,8011132,30,38,65
2023-04-06,8011132,8012228,0,1,0
2023-04-06,8011132,8012526,13,18,60
2023-04-06,8011132,8012597,14,18,60
2023-04-06,8011242,8011242,26,40,59
2023-04-06,8011242,8012241,27,40,58
2023-04-06,8011242,8012623,8,19,19
2023-04-06,8011339,8011339,47,59,409
2023-04-06,8011339,8012117,22,29,420
2023-04-06,8011339,8013461,21,30,407
2023-04-06,8011387,8010161,28,32,57
2023-04-06,8011387,8011387,39,61,65
2023-04-06,8011387,8012371,11,29,85
2023-04-06,8011491,8010008,25,39,345
2023-04-06,8011491,8010059,70,89,150
2023-04-06,8011491,8010208,22,30,124
2023-04-06,8011491,8011491,120,178,208
2023-04-06,8011495,8010208,12,18,107
2023-04-06,8011495,8011495,27,36,82
2023-04-06,8011495,8012375,11,18,48
2023-04-06,8011588,8010122,11,19,28
2023-04-06,8011588,8011588,21,39,50
2023-04-06,8011588,8012463,13,21,83
2023-04-06,8011598,8010228,15,77,18
2023-04-06,8011598,8011598,37,81,36
2023-04-06,8011598,8011745,25,40,47
2023-04-06,8011626,8010059,29,39,302
2023-04-06,8011626,8011626,56,78,196
2023-04-06,8011626,8012284,30,39,108
2023-04-06,8011705,8010144,12,17,139
2023-04-06,8011705,8011705,28,34,139
2023-04-06,8011705,8011763,19,30,74
2023-04-06,8011745,8011598,30,41,56
2023-04-06,8011745,8011745,49,81,47
2023-04-06,8011745,8013471,19,40,30
2023-04-06,8011753,8011753,25,42,51
2023-04-06,8011753,8012080,8,20,18
2023-04-06,8011753,8012311,16,22,79
2023-04-06,8011755,8011755,24,36,56
2023-04-06,8011755,8012228,15,18,95
2023-04-06,8011755,8012526,11,18,50
2023-04-06,8011763,8011705,18,30,130
2023-04-06,8011763,8011763,42,60,117
2023-04-06,8011763,8012416,23,30,98
2023-04-06,8011771,8010209,43,60,22
2023-04-06,8011771,8011771,66,120,19
2023-04-06,8011771,8013070,19,60,12
2023-04-06,8011913,8011913,26,36,72
2023-04-06,8011913,8012228,13,18,52
2023-04-06,8011913,8012375,10,18,77
2023-04-06,8011914,8011077,15,18,57
2023-04-06,8011914,8011914,28,36,49
2023-04-06,8011914,8013095,12,18,42
2023-04-06,8012053,8012053,22,34,58
2023-04-06,8012053,8012198,14,17,71
2023-04-06,8012053,8013295,8,17,71
2023-04-06,8012117,8011339,26,30,407
2023-04-06,8012117,8012117,52,59,427
2023-04-06,8012117,8013361,27,29,470
2023-04-06,8012178,8011077,15,18,85
2023-04-06,8012178,8012178,28,36,56
2023-04-06,8012178,8012597,15,18,47
2023-04-06,8012184,8012184,297,405,94
2023-04-06,8012184,8012187,152,204,86
2023-04-06,8012184,8012202,145,201,100
2023-04-06,8012187,8010206,99,116,90
2023-04-06,8012187,8012184,146,201,100
2023-04-06,8012187,8012187,301,405,91
2023-04-06,8012187,8012343,58,88,80
2023-04-06,8012192,8010209,19,27,47
2023-04-06,8012192,8012192,14,55,31
2023-04-06,8012192,8013447,5,28,34
2023-04-06,8012193,8010207,35,80,21
2023-04-06,8012193,8010209,0,3,0
2023-04-06,8012193,8012193,79,167,29
2023-04-06,8012193,8080840,34,60,20
2023-04-06,8012194,8010008,28,39,69
2023-04-06,8012194,8012194,54,78,190
2023-04-06,8012194,8012343,74,87,190
2023-04-06,8012195,8012190,35,39,102
2023-04-06,8012195,8012195,63,79,106
2023-04-06,8012195,8012273,29,40,128
2023-04-06,8012196,8012196,142,157,140
2023-04-06,8012196,8012200,28,39,104
2023-04-06,8012196,8012273,34,39,102
2023-04-06,8012196,8098205,70,78,155
2023-04-06,8012197,8012197,60,101,141
2023-04-06,8012197,8012204,25,51,49
2023-04-06,8012197,8012285,37,50,253
2023-04-06,8012198,8012053,9,17,72
2023-04-06,8012198,8012198,33,34,124
2023-04-06,8012198,8013087,14,17,108
2023-04-06,8012200,8012196,38,39,228
2023-04-06,8012200,8012200,65,78,153
2023-04-06,8012200,8012478,26,39,109
2023-04-06,8012204,8012181,37,51,54
2023-04-06,8012204,8012197,31,50,234
2023-04-06,8012204,8012204,75,101,154
2023-04-06,8012228,8011077,1,1,90
2023-04-06,8012228,8011132,0,1,0
2023-04-06,8012228,8011755,10,18,42
2023-04-06,8012228,8011913,12,18,97
2023-04-06,8012228,8012228,29,40,70
2023-04-06,8012232,8010080,15,19,122
2023-04-06,8012232,8012232,23,38,76
2023-04-06,8012232,8013033,6,19,21
2023-04-06,8012236,8010207,45,60,42
2023-04-06,8012236,8010209,28,60,20
2023-04-06,8012236,8012236,68,120,22
2023-04-06,8012241,8010243,29,40,49
2023-04-06,8012241,8011242,19,40,32
2023-04-06,8012241,8012241,44,80,38
2023-04-06,8012284,8011018,25,39,153
2023-04-06,8012284,8011626,26,39,292
2023-04-06,8012284,8012284,56,78,215
2023-04-06,8012285,8012197,29,51,46
2023-04-06,8012285,8012285,56,101,146
2023-04-06,8012285,8012865,28,50,233
2023-04-06,8012304,8010206,75,112,41
2023-04-06,8012304,8012304,184,226,75
2023-04-06,8012304,8012308,103,114,97
2023-04-06,8012308,8010228,69,79,111
2023-04-06,8012308,8012304,81,112,42
2023-04-06,8012308,8012308,191,226,69
2023-04-06,8012308,8013471,35,35,87
2023-04-06,8012311,8011071,1,1,30
2023-04-06,8012311,8011753,10,20,30
2023-04-06,8012311,8012311,27,43,57
2023-04-06,8012311,8012355,17,22,100
2023-04-06,8012355,8012311,2,20,4
2023-04-06,8012355,8012355,23,42,68
2023-04-06,8012355,8012817,21,22,117
2023-04-06,8012371,8010351,28,29,160
2023-04-06,8012371,8011387,21,32,52
2023-04-06,8012371,8012371,50,61,81
2023-04-06,8012375,8011495,14,18,130
2023-04-06,8012375,8011913,14,18,68
2023-04-06,8012375,8012375,28,36,79
2023-04-06,8012416,8010046,26,30,111
2023-04-06,8012416,8011763,21,30,176
2023-04-06,8012416,8012416,52,60,144
2023-04-06,8012478,8010076,15,15,104
2023-04-06,8012478,8012200,39,39,182
2023-04-06,8012478,8012478,135,191,99
2023-04-06,8012478,8012697,34,39,171
2023-04-06,8012478,8098205,29,40,70
2023-04-06,8012526,8011132,17,18,83
2023-04-06,8012526,8011755,13,18,50
2023-04-06,8012526,8012526,30,36,65
2023-04-06,8012576,8012576,13,38,46
2023-04-06,8012576,8013029,8,19,74
2023-04-06,8012576,8013424,4,19,28
2023-04-06,8012597,8011132,16,18,88
2023-04-06,8012597,8012178,12,18,42
2023-04-06,8012597,8012597,28,36,59
2023-04-06,8012623,8011242,21,21,113
2023-04-06,8012623,8012463,6,19,16
2023-04-06,8012623,8012623,27,40,68
2023-04-06,8012697,8012478,39,39,162
2023-04-06,8012697,8012697,75,78,176
2023-04-06,8012697,8013428,34,39,188
2023-04-06,8012731,8011371,10,22,42
2023-04-06,8012731,8012731,29,43,64
2023-04-06,8012731,8013138,9,21,39
2023-04-06,8012734,8010103,5,9,203
2023-04-06,8012734,8011131,4,9,13
2023-04-06,8012734,8012734,9,18,112
2023-04-06,8012817,8010207,19,22,123
2023-04-06,8012817,8012355,15,20,28
2023-04-06,8012817,8012817,34,42,71
2023-04-06,8012863,8011752,33,42,284
2023-04-06,8012863,8012863,59,85,172
2023-04-06,8012863,8012865,26,43,70
2023-04-06,8012865,8012285,26,51,53
2023-04-06,8012865,8012863,31,42,272
2023-04-06,8012865,8012865,57,85,172
2023-04-06,8013029,8012576,12,19,32
2023-04-06,8013029,8012975,5,19,60
2023-04-06,8013029,8013029,19,38,49
2023-04-06,8013033,8010359,8,19,33
2023-04-06,8013033,8012232,17,19,114
2023-04-06,8013033,8013033,20,38,59
2023-04-06,8013070,8010186,20,60,14
2023-04-06,8013070,8011771,42,60,22
2023-04-06,8013070,8013070,63,120,20
2023-04-06,8013087,8010144,14,17,141
2023-04-06,8013087,8012198,15,17,168
2023-04-06,8013087,8013087,27,34,112
2023-04-06,8013093,8010095,9,18,80
2023-04-06,8013093,8012190,29,40,106
2023-04-06,8013093,8012656,17,34,79
2023-04-06,8013093,8013093,69,104,113
2023-04-06,8013095,8010122,8,18,40
2023-04-06,8013095,8011914,12,18,30
2023-04-06,8013095,8013095,12,36,21
2023-04-06,8013295,8010080,9,17,58
2023-04-06,8013295,8012053,0,17,0
2023-04-06,8013295,8013295,12,34,41
2023-04-06,8013361,8010059,20,20,446
2023-04-06,8013361,8012117,16,30,378
2023-04-06,8013361,8013361,48,59,440
2023-04-06,8013361,8013362,21,39,269
2023-04-06,8013362,8011018,31,39,292
2023-04-06,8013362,8013361,23,39,156
2023-04-06,8013362,8013362,53,78,217
2023-04-06,8013424,8010080,9,19,39
2023-04-06,8013424,8012576,11,19,74
2023-04-06,8013424,8013424,20,38,56
2023-04-06,8013428,8010076,39,39,210
2023-04-06,8013428,8012697,28,39,119
2023-04-06,8013428,8013428,63,78,158
2023-04-06,8013447,8010269,5,28,26
2023-04-06,8013447,8012192,5,27,26
2023-04-06,8013447,8013447,10,55,33
2023-04-06,8013461,8011339,25,29,419
2023-04-06,8013461,8011637,20,20,648
2023-04-06,8013461,8013461,34,40,470
2023-04-06,8013471,8010003,16,17,79
2023-04-06,8013471,8010243,0,1,0
2023-04-06,8013471,8011222,37,58,53
2023-04-06,8013471,8011745,27,41,55
2023-04-06,8013471,8012308,15,35,13
2023-04-06,8013471,8013471,83,152,42
2023-04-06,8080930,8010208,21,30,129
2023-04-06,8080930,8080930,41,60,124
2023-04-07,8010046,8010046,25,40,41
2023-04-07,8010046,8010059,14,20,40
2023-04-07,8010046,8012416,14,20,45
2023-04-07,8010059,8010046,15,20,54
2023-04-07,8010059,8010059,83,149,69
2023-04-07,8010059,8011491,37,75,53
2023-04-07,8010059,8011626,4,37,3
2023-04-07,8010059,8013361,12,17,284
2023-04-07,8010076,8010076,47,76,55
2023-04-07,8010076,8012141,1,1,60
2023-04-07,8010076,8012478,5,15,14
2023-04-07,8010076,8012629,33,39,78
2023-04-07,8010076,8013428,14,38,28
2023-04-07,8010080,8010080,10,22,25
2023-04-07,8010080,8012232,2,11,8
2023-04-07,8010080,8013295,1,8,4
2023-04-07,8010080,8013424,4,11,22
2023-04-07,8010095,8010095,43,95,104
2023-04-07,8010095,8010161,12,31,173
2023-04-07,8010095,8010351,8,17,64
2023-04-07,8010095,8011959,5,30,17
2023-04-07,8010095,8011983,6,8,52
2023-04-07,8010095,8013093,12,17,212
2023-04-07,8010122,8010122,29,36,88
2023-04-07,8010122,8010238,10,18,78
2023-04-07,8010122,8011077,11,18,87
2023-04-07,8010122,8011588,14,18,80
2023-04-07,8010122,8013095,0,16,0
2023-04-07,8010144,8010144,7,17,25
2023-04-07,8010144,8011705,4,8,49
2023-04-07,8010144,8013087,2,9,7
2023-04-07,8010161,8010095,9,32,30
2023-04-07,8010161,8010161,20,58,116
2023-04-07,8010161,8011387,10,28,188
2023-04-07,8010186,8010186,36,84,18
2023-04-07,8010186,8012344,11,42,14
2023-04-07,8010186,8013070,23,42,24
2023-04-07,8010207,8010207,74,124,65
2023-04-07,8010207,8012193,51,62,77
2023-04-07,8010207,8012236,11,42,16
2023-04-07,8010207,8012817,4,20,62
2023-04-07,8010208,8010208,47,73,50
2023-04-07,8010208,8011491,13,20,36
2023-04-07,8010208,8011495,16,17,72
2023-04-07,8010208,8080930,6,20,22
2023-04-07,8010209,8010209,66,133,21
2023-04-07,8010209,8011771,15,42,15
2023-04-07,8010209,8012192,12,24,38
2023-04-07,8010209,8012193,1,1,30
2023-04-07,8010209,8012236,21,42,11
2023-04-07,8010228,8010228,91,145,35
2023-04-07,8010228,8011598,23,72,25
2023-04-07,8010228,8012308,67,73,47
2023-04-07,8010238,8010122,16,18,87
2023-04-07,8010238,8010238,22,36,80
2023-04-07,8010238,8011297,9,18,83
2023-04-07,8010269,8010269,4,49,11
2023-04-07,8010269,8012682,2,24,6
2023-04-07,8010269,8013447,2,25,14
2023-04-07,8010351,8010095,14,15,264
2023-04-07,8010351,8010351,32,52,181
2023-04-07,8010351,8011131,12,27,164
2023-04-07,8010351,8012371,21,30,68
2023-04-07,8010359,8010359,9,22,20
2023-04-07,8010359,8012946,1,11,0
2023-04-07,8010359,8013033,8,11,27
2023-04-07,8011018,8011018,53,74,38
2023-04-07,8011018,8012284,30,37,59
2023-04-07,8011018,8013362,24,37,24
2023-04-07,8011077,8010122,13,18,82
2023-04-07,8011077,8011077,53,69,80
2023-04-07,8011077,8011132,0,1,0
2023-04-07,8011077,8011914,14,17,85
2023-04-07,8011077,8012178,7,16,24
2023-04-07,8011077,8012228,1,1,90
2023-04-07,8011131,8010103,15,18,125
2023-04-07,8011131,8010351,19,25,181
2023-04-07,8011131,8011131,35,52,171
2023-04-07,8011131,8012734,7,9,423
2023-04-07,8011132,8011077,0,1,0
2023-04-07,8011132,8011132,25,35,53
2023-04-07,8011132,8012228,0,1,0
2023-04-07,8011132,8012526,8,16,26
2023-04-07,8011132,8012597,8,17,55
2023-04-07,8011242,8011242,24,37,32
2023-04-07,8011242,8012241,32,37,47
2023-04-07,8011242,8012623,9,19,25
2023-04-07,8011339,8011339,26,43,159
2023-04-07,8011339,8012117,14,21,109
2023-04-07,8011339,8013461,12,22,214
2023-04-07,8011387,8010161,26,30,76
2023-04-07,8011387,8011387,38,58,133
2023-04-07,8011387,8012371,12,28,186
2023-04-07,8011491,8010008,17,37,36
2023-04-07,8011491,8010059,33,74,81
2023-04-07,8011491,8010208,7,20,28
2023-04-07,8011491,8011491,62,149,62
2023-04-07,8011495,8010208,12,16,54
2023-04-07,8011495,8011495,27,33,63
2023-04-07,8011495,8012375,10,17,56
2023-04-07,8011588,8010122,10,19,32
2023-04-07,8011588,8011588,22,37,27
2023-04-07,8011588,8012463,15,18,32
2023-04-07,8011598,8010228,12,73,12
2023-04-07,8011598,8011598,25,76,21
2023-04-07,8011598,8011745,16,37,26
2023-04-07,8011626,8010059,30,37,48
2023-04-07,8011626,8011626,48,74,32
2023-04-07,8011626,8012284,18,37,22
2023-04-07,8011705,8010144,0,9,0
2023-04-07,8011705,8011705,8,17,23
2023-04-07,8011705,8011763,14,20,34
2023-04-07,8011745,8011598,27,39,44
2023-04-07,8011745,8011745,39,76,28
2023-04-07,8011745,8013471,12,37,15
2023-04-07,8011753,8011753,23,40,88
2023-04-07,8011753,8012080,8,20,84
2023-04-07,8011753,8012311,10,20,87
2023-04-07,8011755,8011755,19,33,42
2023-04-07,8011755,8012228,13,16,58
2023-04-07,8011755,8012526,10,17,60
2023-04-07,8011763,8011705,14,20,38
2023-04-07,8011763,8011763,26,40,33
2023-04-07,8011763,8012416,15,20,34
2023-04-07,8011771,8010209,30,42,21
2023-04-07,8011771,8011771,42,84,16
2023-04-07,8011771,8013070,11,42,11
2023-04-07,8011913,8011913,26,33,53
2023-04-07,8011913,8012228,11,17,62
2023-04-07,8011913,8012375,6,16,26
2023-04-07,8011914,8011077,12,16,45
2023-04-07,8011914,8011914,23,33,59
2023-04-07,8011914,8013095,10,17,67
2023-04-07,8012053,8012053,9,17,35
2023-04-07,8012053,8012198,8,8,79
2023-04-07,8012053,8013295,1,9,13
2023-04-07,8012117,8011339,12,22,210
2023-04-07,8012117,8012117,26,43,159
2023-04-07,8012117,8013361,14,21,106
2023-04-07,8012178,8011077,17,17,102
2023-04-07,8012178,8012178,26,33,54
2023-04-07,8012178,8012597,13,16,32
2023-04-07,8012184,8012184,224,402,42
2023-04-07,8012184,8012187,97,202,32
2023-04-07,8012184,8012202,127,200,49
2023-04-07,8012187,8010206,69,111,41
2023-04-07,8012187,8012184,141,200,53
2023-04-07,8012187,8012187,241,402,42
2023-04-07,8012187,8012343,38,91,23
2023-04-07,8012192,8010209,19,25,35
2023-04-07,8012192,8012192,13,49,20
2023-04-07,8012192,8013447,6,24,20
2023-04-07,8012193,8010207,29,62,46
2023-04-07,8012193,8010209,0,1,0
2023-04-07,8012193,8012193,69,126,41
2023-04-07,8012193,8080840,26,42,19
2023-04-07,8012194,8010008,25,37,26
2023-04-07,8012194,8012194,38,74,22
2023-04-07,8012194,8012343,70,88,44
2023-04-07,8012195,8012190,29,40,141
2023-04-07,8012195,8012195,52,79,90
2023-04-07,8012195,8012273,23,39,51
2023-04-07,8012196,8012196,132,158,81
2023-04-07,8012196,8012200,25,39,55
2023-04-07,8012196,8012273,32,40,135
2023-04-07,8012196,8098205,59,78,50
2023-04-07,8012197,8012197,43,83,22
2023-04-07,8012197,8012204,15,42,20
2023-04-07,8012197,8012285,30,41,44
2023-04-07,8012198,8012053,2,9,30
2023-04-07,8012198,8012198,12,17,49
2023-04-07,8012198,8013087,1,8,30
2023-04-07,8012200,8012196,36,40,88
2023-04-07,8012200,8012200,55,79,66
2023-04-07,8012200,8012478,25,39,56
2023-04-07,8012204,8012181,28,42,25
2023-04-07,8012204,8012197,23,41,23
2023-04-07,8012204,8012204,55,83,31
2023-04-07,8012228,8011077,1,1,90
2023-04-07,8012228,8011132,0,1,0
2023-04-07,8012228,8011755,9,17,55
2023-04-07,8012228,8011913,10,16,39
2023-04-07,8012228,8012228,26,37,58
2023-04-07,8012232,8010080,7,11,44
2023-04-07,8012232,8012232,9,22,20
2023-04-07,8012232,8013033,2,11,11
2023-04-07,8012236,8010207,35,42,42
2023-04-07,8012236,8010209,21,42,21
2023-04-07,8012236,8012236,44,84,22
2023-04-07,8012241,8010243,30,37,31
2023-04-07,8012241,8011242,14,37,15
2023-04-07,8012241,8012241,40,74,21
2023-04-07,8012284,8011018,13,37,11
2023-04-07,8012284,8011626,28,37,45
2023-04-07,8012284,8012284,42,74,32
2023-04-07,8012285,8012197,25,42,24
2023-04-07,8012285,8012285,45,83,28
2023-04-07,8012285,8012865,15,41,15
2023-04-07,8012304,8010206,74,107,48
2023-04-07,8012304,8012304,173,214,54
2023-04-07,8012304,8012308,85,107,50
2023-04-07,8012308,8010228,44,72,44
2023-04-07,8012308,8012304,83,107,50
2023-04-07,8012308,8012308,163,214,50
2023-04-07,8012308,8013471,33,35,70
2023-04-07,8012311,8011753,13,20,86
2023-04-07,8012311,8012311,24,40,79
2023-04-07,8012311,8012355,12,20,87
2023-04-07,8012355,8012311,6,20,63
2023-04-07,8012355,8012355,24,40,90
2023-04-07,8012355,8012817,18,20,108
2023-04-07,8012371,8010351,25,28,219
2023-04-07,8012371,8011387,22,30,83
2023-04-07,8012371,8012371,49,58,137
2023-04-07,8012375,8011495,15,16,75
2023-04-07,8012375,8011913,16,17,83
2023-04-07,8012375,8012375,30,33,59
2023-04-07,8012416,8010046,11,20,34
2023-04-07,8012416,8011763,14,20,52
2023-04-07,8012416,8012416,30,40,44
2023-04-07,8012478,8010076,15,15,40
2023-04-07,8012478,8012200,32,40,66
2023-04-07,8012478,8012478,105,189,56
2023-04-07,8012478,8012697,38,39,98
2023-04-07,8012478,8098205,24,40,58
2023-04-07,8012526,8011132,17,17,102
2023-04-07,8012526,8011755,5,16,17
2023-04-07,8012526,8012526,22,33,56
2023-04-07,8012576,8012576,6,22,11
2023-04-07,8012576,8013029,2,11,11
2023-04-07,8012576,8013424,1,11,5
2023-04-07,8012597,8011132,13,16,56
2023-04-07,8012597,8012178,8,17,46
2023-04-07,8012597,8012597,21,33,44
2023-04-07,8012623,8011242,16,18,43
2023-04-07,8012623,8012463,3,19,11
2023-04-07,8012623,8012623,19,37,32
2023-04-07,8012697,8012478,37,38,62
2023-04-07,8012697,8012697,74,77,88
2023-04-07,8012697,8013428,33,39,98
2023-04-07,8012731,8011371,16,22,38
2023-04-07,8012731,8012731,35,44,67
2023-04-07,8012731,8013138,14,22,70
2023-04-07,8012734,8010103,6,9,403
2023-04-07,8012734,8011131,6,8,56
2023-04-07,8012734,8012734,10,17,242
2023-04-07,8012817,8010207,17,20,122
2023-04-07,8012817,8012355,16,20,88
2023-04-07,8012817,8012817,33,40,95
2023-04-07,8012863,8011752,37,41,40
2023-04-07,8012863,8012863,63,83,32
2023-04-07,8012863,8012865,26,42,31
2023-04-07,8012865,8012285,18,42,20
2023-04-07,8012865,8012863,25,41,23
2023-04-07,8012865,8012865,44,83,23
2023-04-07,8013029,8012576,6,11,16
2023-04-07,8013029,8012975,1,11,5
2023-04-07,8013029,8013029,5,22,10
2023-04-07,8013033,8010359,1,11,3
2023-04-07,8013033,8012232,5,11,25
2023-04-07,8013033,8013033,6,22,11
2023-04-07,8013070,8010186,14,42,13
2023-04-07,8013070,8011771,31,42,21
2023-04-07,8013070,8013070,45,84,21
2023-04-07,8013087,8010144,1,8,30
2023-04-07,8013087,8012198,4,9,20
2023-04-07,8013087,8013087,2,17,4
2023-04-07,8013093,8010095,9,18,57
2023-04-07,8013093,8012190,29,39,35
2023-04-07,8013093,8012656,9,30,126
2023-04-07,8013093,8013093,64,95,108
2023-04-07,8013095,8010122,6,17,65
2023-04-07,8013095,8011914,9,16,26
2023-04-07,8013095,8013095,10,33,34
2023-04-07,8013295,8010080,1,9,17
2023-04-07,8013295,8012053,0,8,0
2023-04-07,8013295,8013295,2,17,9
2023-04-07,8013361,8010059,10,18,110
2023-04-07,8013361,8012117,9,22,205
2023-04-07,8013361,8013361,25,43,167
2023-04-07,8013361,8013362,7,37,15
2023-04-07,8013362,8011018,33,37,43
2023-04-07,8013362,8013361,12,37,17
2023-04-07,8013362,8013362,39,74,24
2023-04-07,8013424,8010080,3,11,14
2023-04-07,8013424,8012576,4,11,19
2023-04-07,8013424,8013424,7,22,16
2023-04-07,8013428,8010076,37,39,112
2023-04-07,8013428,8012697,13,38,24
2023-04-07,8013428,8013428,49,77,69
2023-04-07,8013447,8010269,5,24,12
2023-04-07,8013447,8012192,2,25,11
2023-04-07,8013447,8013447,7,49,16
2023-04-07,8013461,8011339,15,21,110
2023-04-07,8013461,8011637,1,1,60
2023-04-07,8013461,8013444,0,1,0
2023-04-07,8013461,8013461,22,35,187
2023-04-07,8013471,8010003,13,17,64
2023-04-07,8013471,8011222,30,55,42
2023-04-07,8013471,8011745,23,39,25
2023-04-07,8013471,8012308,27,34,56
2023-04-07,8013471,8013471,84,145,35
2023-04-07,8080930,8010208,12,20,39
2023-04-07,8080930,8080930,20,40,31
2023-04-08,8010046,8010046,16,40,22
2023-04-08,8010046,8010059,12,20,24
2023-04-08,8010046,8012416,8,20,22
2023-04-08,8010059,8010046,11,20,30
2023-04-08,8010059,8010059,68,155,34
2023-04-08,8010059,8011491,28,78,30
2023-04-08,8010059,8011626,10,38,21
2023-04-08,8010059,8013361,10,19,52
2023-04-08,8010076,8010076,51,76,57
2023-04-08,8010076,8012478,5,15,12
2023-04-08,8010076,8012629,34,39,75
2023-04-08,8010076,8013428,15,38,26
2023-04-08,8010080,8010080,12,22,25
2023-04-08,8010080,8012232,3,11,8
2023-04-08,8010080,8013295,1,8,4
2023-04-08,8010080,8013424,4,11,25
2023-04-08,8010095,8010095,36,98,45
2023-04-08,8010095,8010161,17,33,119
2023-04-08,8010095,8010351,2,17,7
2023-04-08,8010095,8011959,6,31,8
2023-04-08,8010095,8011983,8,8,52
2023-04-08,8010095,8013093,6,17,46
2023-04-08,8010122,8010122,24,38,29
2023-04-08,8010122,8010238,10,19,24
2023-04-08,8010122,8011077,10,19,24
2023-04-08,8010122,8011588,15,19,74
2023-04-08,8010122,8013095,1,16,2
2023-04-08,8010144,8010144,7,17,21
2023-04-08,8010144,8011705,5,8,34
2023-04-08,8010144,8013087,3,9,13
2023-04-08,8010161,8010095,9,33,30
2023-04-08,8010161,8010161,26,60,82
2023-04-08,8010161,8011387,11,29,114
2023-04-08,8010186,8010186,30,84,11
2023-04-08,8010186,8012344,7,42,1
2023-04-08,8010186,8013070,23,42,21
2023-04-08,8010207,8010207,65,124,49
2023-04-08,8010207,8012193,53,62,74
2023-04-08,8010207,8012236,5,42,4
2023-04-08,8010207,8012817,1,20,15
2023-04-08,8010208,8010208,36,73,26
2023-04-08,8010208,8011491,8,20,20
2023-04-08,8010208,8011495,14,17,30
2023-04-08,8010208,8080930,3,20,6
2023-04-08,8010209,8010209,53,136,18
2023-04-08,8010209,8011771,7,42,5
2023-04-08,8010209,8012192,16,26,40
2023-04-08,8010209,8012193,1,1,90
2023-04-08,8010209,8012236,17,42,9
2023-04-08,8010228,8010228,90,149,38
2023-04-08,8010228,8011598,22,74,32
2023-04-08,8010228,8012308,65,75,44
2023-04-08,8010238,8010122,10,19,25
2023-04-08,8010238,8010238,19,38,22
2023-04-08,8010238,8011297,5,19,9
2023-04-08,8010269,8010269,8,52,13
2023-04-08,8010269,8012682,5,26,6
2023-04-08,8010269,8013447,3,26,17
2023-04-08,8010351,8010095,11,15,82
2023-04-08,8010351,8010351,34,52,70
2023-04-08,8010351,8011131,11,27,40
2023-04-08,8010351,8012371,25,31,98
2023-04-08,8010359,8010359,12,22,38
2023-04-08,8010359,8012946,3,11,11
2023-04-08,8010359,8013033,9,11,55
2023-04-08,8011018,8011018,53,76,45
2023-04-08,8011018,8012284,34,38,57
2023-04-08,8011018,8013362,19,38,39
2023-04-08,8011077,8010122,14,19,32
2023-04-08,8011077,8011077,48,71,38
2023-04-08,8011077,8011132,0,1,0
2023-04-08,8011077,8011914,6,17,19
2023-04-08,8011077,8012178,7,16,21
2023-04-08,8011077,8012228,1,1,30
2023-04-08,8011131,8010103,14,18,63
2023-04-08,8011131,8010351,20,25,82
2023-04-08,8011131,8011131,34,52,59
2023-04-08,8011131,8012734,8,9,110
2023-04-08,8011132,8011077,0,1,0
2023-04-08,8011132,8011132,25,35,38
2023-04-08,8011132,8012228,0,1,0
2023-04-08,8011132,8012526,7,16,26
2023-04-08,8011132,8012597,8,17,25
2023-04-08,8011242,8011242,23,39,24
2023-04-08,8011242,8012241,38,39,55
2023-04-08,8011242,8012623,6,20,9
2023-04-08,8011339,8011339,21,44,40
2023-04-08,8011339,8012117,10,22,35
2023-04-08,8011339,8013461,8,22,44
2023-04-08,8011387,8010161,28,31,77
2023-04-08,8011387,8011387,43,60,98
2023-04-08,8011387,8012371,13,29,119
2023-04-08,8011491,8010008,15,38,43
2023-04-08,8011491,8010059,30,77,34
2023-04-08,8011491,8010208,6,20,12
2023-04-08,8011491,8011491,46,155,28
2023-04-08,8011495,8010208,8,16,36
2023-04-08,8011495,8011495,19,33,36
2023-04-08,8011495,8012375,7,17,23
2023-04-08,8011588,8010122,3,20,6
2023-04-08,8011588,8011588,15,39,13
2023-04-08,8011588,8012463,14,19,25
2023-04-08,8011598,8010228,6,75,14
2023-04-08,8011598,8011598,12,80,9
2023-04-08,8011598,8011745,7,39,12
2023-04-08,8011626,8010059,29,38,43
2023-04-08,8011626,8011626,50,76,39
2023-04-08,8011626,8012284,21,38,44
2023-04-08,8011705,8010144,1,9,10
2023-04-08,8011705,8011705,7,17,19
2023-04-08,8011705,8011763,9,20,16
2023-04-08,8011745,8011598,28,41,35
2023-04-08,8011745,8011745,34,80,21
2023-04-08,8011745,8013471,5,39,8
2023-04-08,8011753,8011753,26,40,50
2023-04-08,8011753,8012080,3,20,15
2023-04-08,8011753,8012311,11,20,66
2023-04-08,8011755,8011755,17,33,30
2023-04-08,8011755,8012228,16,16,71
2023-04-08,8011755,8012526,8,17,21
2023-04-08,8011763,8011705,6,20,20
2023-04-08,8011763,8011763,16,40,21
2023-04-08,8011763,8012416,11,20,22
2023-04-08,8011771,8010209,29,42,21
2023-04-08,8011771,8011771,39,84,15
2023-04-08,8011771,8013070,7,42,5
2023-04-08,8011913,8011913,25,33,39
2023-04-08,8011913,8012228,12,17,30
2023-04-08,8011913,8012375,6,16,26
2023-04-08,8011914,8011077,14,16,66
2023-04-08,8011914,8011914,18,33,35
2023-04-08,8011914,8013095,5,17,19
2023-04-08,8012053,8012053,8,17,16
2023-04-08,8012053,8012198,8,8,52
2023-04-08,8012053,8013295,1,9,-3
2023-04-08,8012117,8011339,9,22,42
2023-04-08,8012117,8012117,20,44,36
2023-04-08,8012117,8013361,13,22,42
2023-04-08,8012178,8011077,13,17,56
2023-04-08,8012178,8012178,21,33,34
2023-04-08,8012178,8012597,11,16,28
2023-04-08,8012184,8012184,256,406,34
2023-04-08,8012184,8012187,124,204,37
2023-04-08,8012184,8012202,132,202,29
2023-04-08,8012187,8010206,78,113,49
2023-04-08,8012187,8012184,145,202,32
2023-04-08,8012187,8012187,267,406,34
2023-04-08,8012187,8012343,48,91,25
2023-04-08,8012192,8010209,16,26,28
2023-04-08,8012192,8012192,16,52,21
2023-04-08,8012192,8013447,8,26,22
2023-04-08,8012193,8010207,15,62,16
2023-04-08,8012193,8010209,0,1,0
2023-04-08,8012193,8012193,51,126,27
2023-04-08,8012193,8080840,22,42,20
2023-04-08,8012194,8010008,27,38,37
2023-04-08,8012194,8012194,47,76,28
2023-04-08,8012194,8012343,81,88,52
2023-04-08,8012195,8012190,38,40,145
2023-04-08,8012195,8012195,61,79,95
2023-04-08,8012195,8012273,23,39,58
2023-04-08,8012196,8012196,131,158,86
2023-04-08,8012196,8012200,26,39,58
2023-04-08,8012196,8012273,35,40,131
2023-04-08,8012196,8098205,66,78,67
2023-04-08,8012197,8012197,47,87,19
2023-04-08,8012197,8012204,17,44,18
2023-04-08,8012197,8012285,31,43,38
2023-04-08,8012198,8012053,0,9,0
2023-04-08,8012198,8012198,10,17,32
2023-04-08,8012198,8013087,3,8,22
2023-04-08,8012200,8012196,40,40,122
2023-04-08,8012200,8012200,65,79,69
2023-04-08,8012200,8012478,26,39,54
2023-04-08,8012204,8012181,34,44,29
2023-04-08,8012204,8012197,23,43,17
2023-04-08,8012204,8012204,63,87,29
2023-04-08,8012228,8011077,1,1,90
2023-04-08,8012228,8011132,0,1,0
2023-04-08,8012228,8011755,6,17,16
2023-04-08,8012228,8011913,10,16,47
2023-04-08,8012228,8012228,29,37,43
2023-04-08,8012232,8010080,8,11,65
2023-04-08,8012232,8012232,10,22,33
2023-04-08,8012232,8013033,3,11,5
2023-04-08,8012236,8010207,35,42,44
2023-04-08,8012236,8010209,13,42,9
2023-04-08,8012236,8012236,37,84,15
2023-04-08,8012241,8010243,28,39,26
2023-04-08,8012241,8011242,7,39,15
2023-04-08,8012241,8012241,37,78,25
2023-04-08,8012284,8011018,13,38,30
2023-04-08,8012284,8011626,33,38,43
2023-04-08,8012284,8012284,46,76,39
2023-04-08,8012285,8012197,22,44,14
2023-04-08,8012285,8012285,36,87,20
2023-04-08,8012285,8012865,8,43,9
2023-04-08,8012304,8010206,74,109,37
2023-04-08,8012304,8012304,170,218,48
2023-04-08,8012304,8012308,84,109,52
2023-04-08,8012308,8010228,52,74,52
2023-04-08,8012308,8012304,79,109,33
2023-04-08,8012308,8012308,162,218,44
2023-04-08,8012308,8013471,30,35,64
2023-04-08,8012311,8011753,10,20,34
2023-04-08,8012311,8012311,22,40,44
2023-04-08,8012311,8012355,12,20,69
2023-04-08,8012355,8012311,2,20,14
2023-04-08,8012355,8012355,22,40,58
2023-04-08,8012355,8012817,20,20,96
2023-04-08,8012371,8010351,28,29,154
2023-04-08,8012371,8011387,26,31,85
2023-04-08,8012371,8012371,53,60,110
2023-04-08,8012375,8011495,12,16,64
2023-04-08,8012375,8011913,14,17,51
2023-04-08,8012375,8012375,25,33,39
2023-04-08,8012416,8010046,7,20,20
2023-04-08,8012416,8011763,10,20,33
2023-04-08,8012416,8012416,20,40,26
2023-04-08,8012478,8010076,9,15,32
2023-04-08,8012478,8012200,36,40,70
2023-04-08,8012478,8012478,106,189,45
2023-04-08,8012478,8012697,37,39,94
2023-04-08,8012478,8098205,29,40,52
2023-04-08,8012526,8011132,17,17,62
2023-04-08,8012526,8011755,6,16,24
2023-04-08,8012526,8012526,22,33,35
2023-04-08,8012576,8012576,8,22,607
2023-04-08,8012576,8013029,5,11,1004
2023-04-08,8012576,8013424,1,11,3
2023-04-08,8012597,8011132,13,16,60
2023-04-08,8012597,8012178,7,17,16
2023-04-08,8012597,8012597,20,33,29
2023-04-08,8012623,8011242,16,19,41
2023-04-08,8012623,8012463,0,20,0
2023-04-08,8012623,8012623,17,39,21
2023-04-08,8012697,8012478,38,38,62
2023-04-08,8012697,8012697,75,77,85
2023-04-08,8012697,8013428,36,39,103
2023-04-08,8012731,8011371,14,22,38
2023-04-08,8012731,8012731,33,44,50
2023-04-08,8012731,8013138,11,22,18
2023-04-08,8012734,8010103,6,9,73
2023-04-08,8012734,8011131,7,8,109
2023-04-08,8012734,8012734,13,17,92
2023-04-08,8012817,8010207,18,20,108
2023-04-08,8012817,8012355,18,20,39
2023-04-08,8012817,8012817,36,40,68
2023-04-08,8012863,8011752,30,43,31
2023-04-08,8012863,8012863,55,87,24
2023-04-08,8012863,8012865,25,44,25
2023-04-08,8012865,8012285,18,44,14
2023-04-08,8012865,8012863,32,43,26
2023-04-08,8012865,8012865,52,87,22
2023-04-08,8013029,8012576,4,11,16
2023-04-08,8013029,8012975,5,11,1001
2023-04-08,8013029,8013029,7,22,507
2023-04-08,8013033,8010359,2,11,8
2023-04-08,8013033,8012232,6,11,44
2023-04-08,8013033,8013033,6,22,18
2023-04-08,8013070,8010186,8,42,6
2023-04-08,8013070,8011771,32,42,23
2023-04-08,8013070,8013070,40,84,16
2023-04-08,8013087,8010144,3,8,19
2023-04-08,8013087,8012198,2,9,13
2023-04-08,8013087,8013087,3,17,-2
2023-04-08,8013093,8010095,6,18,20
2023-04-08,8013093,8012190,25,39,40
2023-04-08,8013093,8012656,17,32,81
2023-04-08,8013093,8013093,61,98,55
2023-04-08,8013095,8010122,3,17,9
2023-04-08,8013095,8011914,6,16,22
2023-04-08,8013095,8013095,7,33,9
2023-04-08,8013295,8010080,1,9,0
2023-04-08,8013295,8012053,0,8,0
2023-04-08,8013295,8013295,2,17,2
2023-04-08,8013361,8010059,10,20,44
2023-04-08,8013361,8012117,6,22,29
2023-04-08,8013361,8013361,18,44,42
2023-04-08,8013361,8013362,7,38,9
2023-04-08,8013362,8011018,31,38,39
2023-04-08,8013362,8013361,12,38,36
2023-04-08,8013362,8013362,41,76,32
2023-04-08,8013424,8010080,3,11,0
2023-04-08,8013424,8012576,6,11,1415
2023-04-08,8013424,8013424,9,22,365
2023-04-08,8013428,8010076,39,39,112
2023-04-08,8013428,8012697,10,38,23
2023-04-08,8013428,8013428,48,77,71
2023-04-08,8013447,8010269,7,26,12
2023-04-08,8013447,8012192,3,26,13
2023-04-08,8013447,8013447,10,52,16
2023-04-08,8013461,8011339,13,22,40
2023-04-08,8013461,8013461,22,39,44
2023-04-08,8013471,8010003,13,17,53
2023-04-08,8013471,8011222,16,57,16
2023-04-08,8013471,8011745,25,41,25
2023-04-08,8013471,8012308,26,34,26
2023-04-08,8013471,8013471,73,149,24
2023-04-08,8080930,8010208,9,20,24
2023-04-08,8080930,8080930,11,40,13
2023-04-09,8010046,8010046,19,40,116
2023-04-09,8010046,8010059,13,20,116
2023-04-09,8010046,8012416,10,20,124
2023-04-09,8010059,8010046,11,20,128
2023-04-09,8010059,8010059,90,150,106
2023-04-09,8010059,8011491,44,75,132
2023-04-09,8010059,8011626,9,37,19
2023-04-09,8010059,8013361,11,18,120
2023-04-09,8010076,8010076,44,76,56
2023-04-09,8010076,8012478,7,15,46
2023-04-09,8010076,8012629,34,39,85
2023-04-09,8010076,8013428,11,38,18
2023-04-09,8010080,8010080,15,22,115
2023-04-09,8010080,8012232,6,11,164
2023-04-09,8010080,8013295,1,8,8
2023-04-09,8010080,8013424,4,11,25
2023-04-09,8010095,8010095,23,95,51
2023-04-09,8010095,8010161,6,31,23
2023-04-09,8010095,8010351,4,17,7
2023-04-09,8010095,8011959,6,30,17
2023-04-09,8010095,8011983,8,8,56
2023-04-09,8010095,8013093,11,17,196
2023-04-09,8010122,8010122,21,36,33
2023-04-09,8010122,8010238,9,18,28
2023-04-09,8010122,8011077,6,18,18
2023-04-09,8010122,8011588,15,18,77
2023-04-09,8010122,8013095,3,16,8
2023-04-09,8010144,8010144,5,17,62
2023-04-09,8010144,8011705,1,8,56
2023-04-09,8010144,8013087,4,9,77
2023-04-09,8010161,8010095,12,32,19
2023-04-09,8010161,8010161,20,58,24
2023-04-09,8010161,8011387,5,28,15
2023-04-09,8010186,8010186,29,84,12
2023-04-09,8010186,8012344,6,42,4
2023-04-09,8010186,8013070,21,42,21
2023-04-09,8010207,8010207,58,124,42
2023-04-09,8010207,8012193,46,62,68
2023-04-09,8010207,8012236,6,42,4
2023-04-09,8010207,8012817,1,20,3
2023-04-09,8010208,8010208,40,73,81
2023-04-09,8010208,8011491,7,20,106
2023-04-09,8010208,8011495,14,17,37
2023-04-09,8010208,8080930,10,20,117
2023-04-09,8010209,8010209,55,133,21
2023-04-09,8010209,8011771,7,42,7
2023-04-09,8010209,8012192,11,24,19
2023-04-09,8010209,8012193,1,1,270
2023-04-09,8010209,8012236,16,42,7
2023-04-09,8010228,8010228,78,145,25
2023-04-09,8010228,8011598,19,72,14
2023-04-09,8010228,8012308,59,73,34
2023-04-09,8010238,8010122,9,18,33
2023-04-09,8010238,8010238,18,36,28
2023-04-09,8010238,8011297,5,18,15
2023-04-09,8010269,8010269,14,49,43
2023-04-09,8010269,8012682,3,24,12
2023-04-09,8010269,8013447,11,25,78
2023-04-09,8010351,8010095,13,15,186
2023-04-09,8010351,8010351,30,52,62
2023-04-09,8010351,8011131,5,27,12
2023-04-09,8010351,8012371,22,30,67
2023-04-09,8010359,8010359,15,22,110
2023-04-09,8010359,8012946,6,11,153
2023-04-09,8010359,8013033,9,11,49
2023-04-09,8011018,8011018,56,74,57
2023-04-09,8011018,8012284,33,37,81
2023-04-09,8011018,8013362,24,37,39
2023-04-09,8011077,8010122,12,18,42
2023-04-09,8011077,8011077,52,69,43
2023-04-09,8011077,8011132,0,1,0
2023-04-09,8011077,8011914,6,17,14
2023-04-09,8011077,8012178,10,16,32
2023-04-09,8011077,8012228,1,1,30
2023-04-09,8011131,8010103,16,18,50
2023-04-09,8011131,8010351,19,25,76
2023-04-09,8011131,8011131,29,52,36
2023-04-09,8011131,8012734,8,9,47
2023-04-09,8011132,8011077,0,1,0
2023-04-09,8011132,8011132,22,35,32
2023-04-09,8011132,8012228,0,1,0
2023-04-09,8011132,8012526,4,16,17
2023-04-09,8011132,8012597,5,17,21
2023-04-09,8011242,8011242,25,37,39
2023-04-09,8011242,8012241,35,37,57
2023-04-09,8011242,8012623,10,19,36
2023-04-09,8011339,8011339,27,44,155
2023-04-09,8011339,8012117,19,21,227
2023-04-09,8011339,8013461,8,23,86
2023-04-09,8011387,8010161,28,30,59
2023-04-09,8011387,8011387,38,58,39
2023-04-09,8011387,8012371,10,28,30
2023-04-09,8011491,8010008,19,37,59
2023-04-09,8011491,8010059,40,75,77
2023-04-09,8011491,8010208,11,20,129
2023-04-09,8011491,8011491,79,150,101
2023-04-09,8011495,8010208,8,16,34
2023-04-09,8011495,8011495,18,33,35
2023-04-09,8011495,8012375,7,17,25
2023-04-09,8011588,8010122,8,19,27
2023-04-09,8011588,8011588,21,37,27
2023-04-09,8011588,8012463,14,18,30
2023-04-09,8011598,8010228,8,73,5
2023-04-09,8011598,8011598,23,76,15
2023-04-09,8011598,8011745,16,37,24
2023-04-09,8011626,8010059,26,37,65
2023-04-09,8011626,8011626,46,74,49
2023-04-09,8011626,8012284,21,37,44
2023-04-09,8011705,8010144,3,9,23
2023-04-09,8011705,8011705,7,17,35
2023-04-09,8011705,8011763,14,20,96
2023-04-09,8011745,8011598,28,39,36
2023-04-09,8011745,8011745,38,76,25
2023-04-09,8011745,8013471,9,37,10
2023-04-09,8011753,8011753,21,40,62
2023-04-09,8011753,8012080,4,20,8
2023-04-09,8011753,8012311,9,20,104
2023-04-09,8011755,8011755,14,33,25
2023-04-09,8011755,8012228,10,16,51
2023-04-09,8011755,8012526,7,17,26
2023-04-09,8011763,8011705,11,20,116
2023-04-09,8011763,8011763,29,40,115
2023-04-09,8011763,8012416,13,20,117
2023-04-09,8011771,8010209,29,42,19
2023-04-09,8011771,8011771,35,84,12
2023-04-09,8011771,8013070,6,42,5
2023-04-09,8011913,8011913,17,33,34
2023-04-09,8011913,8012228,8,17,28
2023-04-09,8011913,8012375,6,16,26
2023-04-09,8011914,8011077,12,16,51
2023-04-09,8011914,8011914,16,33,27
2023-04-09,8011914,8013095,3,17,5
2023-04-09,8012053,8012053,8,17,44
2023-04-09,8012053,8012198,6,8,52
2023-04-09,8012053,8013295,2,9,60
2023-04-09,8012117,8011339,15,23,94
2023-04-09,8012117,8012117,34,44,165
2023-04-09,8012117,8013361,20,21,256
2023-04-09,8012178,8011077,14,17,65
2023-04-09,8012178,8012178,23,33,38
2023-04-09,8012178,8012597,12,16,36
2023-04-09,8012184,8012184,233,402,33
2023-04-09,8012184,8012187,102,202,25
2023-04-09,8012184,8012202,131,200,38
2023-04-09,8012187,8010206,67,111,34
2023-04-09,8012187,8012184,140,200,42
2023-04-09,8012187,8012187,239,402,31
2023-04-09,8012187,8012343,39,91,16
2023-04-09,8012192,8010209,20,25,67
2023-04-09,8012192,8012192,14,49,28
2023-04-09,8012192,8013447,2,24,5
2023-04-09,8012193,8010207,17,62,13
2023-04-09,8012193,8010209,0,1,0
2023-04-09,8012193,8012193,41,126,26
2023-04-09,8012193,8080840,16,42,13
2023-04-09,8012194,8010008,31,37,50
2023-04-09,8012194,8012194,56,74,41
2023-04-09,8012194,8012343,74,88,49
2023-04-09,8012195,8012190,30,40,49
2023-04-09,8012195,8012195,55,79,39
2023-04-09,8012195,8012273,26,39,42
2023-04-09,8012196,8012196,132,158,66
2023-04-09,8012196,8012200,25,39,50
2023-04-09,8012196,8012273,30,40,34
2023-04-09,8012196,8098205,65,78,55
2023-04-09,8012197,8012197,44,83,20
2023-04-09,8012197,8012204,13,42,14
2023-04-09,8012197,8012285,33,41,49
2023-04-09,8012198,8012053,2,9,57
2023-04-09,8012198,8012198,11,17,79
2023-04-09,8012198,8013087,2,8,68
2023-04-09,8012200,8012196,36,40,115
2023-04-09,8012200,8012200,59,79,63
2023-04-09,8012200,8012478,31,39,55
2023-04-09,8012204,8012181,27,42,22
2023-04-09,8012204,8012197,23,41,26
2023-04-09,8012204,8012204,58,83,31
2023-04-09,8012228,8011077,0,1,0
2023-04-09,8012228,8011132,0,1,0
2023-04-09,8012228,8011755,6,17,23
2023-04-09,8012228,8011913,7,16,36
2023-04-09,8012228,8012228,19,37,35
2023-04-09,8012232,8010080,8,11,71
2023-04-09,8012232,8012232,12,22,101
2023-04-09,8012232,8013033,3,11,139
2023-04-09,8012236,8010207,31,42,37
2023-04-09,8012236,8010209,13,42,11
2023-04-09,8012236,8012236,37,84,16
2023-04-09,8012241,8010243,25,37,30
2023-04-09,8012241,8011242,13,37,23
2023-04-09,8012241,8012241,40,74,30
2023-04-09,8012284,8011018,16,37,28
2023-04-09,8012284,8011626,27,37,62
2023-04-09,8012284,8012284,44,74,50
2023-04-09,8012285,8012197,22,42,14
2023-04-09,8012285,8012285,44,83,25
2023-04-09,8012285,8012865,17,41,18
2023-04-09,8012304,8010206,78,107,52
2023-04-09,8012304,8012304,177,214,52
2023-04-09,8012304,8012308,82,107,45
2023-04-09,8012308,8010228,48,72,35
2023-04-09,8012308,8012304,81,107,47
2023-04-09,8012308,8012308,161,214,46
2023-04-09,8012308,8013471,31,35,72
2023-04-09,8012311,8011753,8,20,22
2023-04-09,8012311,8012311,16,40,56
2023-04-09,8012311,8012355,10,20,100
2023-04-09,8012355,8012311,2,20,4
2023-04-09,8012355,8012355,22,40,68
2023-04-09,8012355,8012817,20,20,126
2023-04-09,8012371,8010351,27,28,81
2023-04-09,8012371,8011387,23,30,67
2023-04-09,8012371,8012371,50,58,65
2023-04-09,8012375,8011495,10,16,51
2023-04-09,8012375,8011913,10,17,42
2023-04-09,8012375,8012375,21,33,35
2023-04-09,8012416,8010046,10,20,110
2023-04-09,8012416,8011763,11,20,141
2023-04-09,8012416,8012416,23,40,128
2023-04-09,8012478,8010076,15,15,52
2023-04-09,8012478,8012200,35,40,64
2023-04-09,8012478,8012478,115,189,57
2023-04-09,8012478,8012697,37,39,96
2023-04-09,8012478,8098205,20,40,54
2023-04-09,8012526,8011132,11,17,53
2023-04-09,8012526,8011755,3,16,13
2023-04-09,8012526,8012526,15,33,29
2023-04-09,8012576,8012576,5,22,83
2023-04-09,8012576,8013029,3,11,16
2023-04-09,8012576,8013424,1,11,145
2023-04-09,8012597,8011132,13,16,54
2023-04-09,8012597,8012178,6,17,18
2023-04-09,8012597,8012597,19,33,31
2023-04-09,8012623,8011242,17,18,53
2023-04-09,8012623,8012463,4,19,22
2023-04-09,8012623,8012623,22,37,41
2023-04-09,8012697,8012478,38,38,62
2023-04-09,8012697,8012697,75,77,89
2023-04-09,8012697,8013428,37,39,107
2023-04-09,8012731,8011371,17,22,108
2023-04-09,8012731,8012731,35,44,79
2023-04-09,8012731,8013138,11,22,35
2023-04-09,8012734,8010103,1,9,7
2023-04-09,8012734,8011131,7,8,34
2023-04-09,8012734,8012734,6,17,16
2023-04-09,8012817,8010207,14,20,117
2023-04-09,8012817,8012355,11,20,20
2023-04-09,8012817,8012817,25,40,66
2023-04-09,8012863,8011752,34,41,32
2023-04-09,8012863,8012863,57,83,28
2023-04-09,8012863,8012865,22,42,26
2023-04-09,8012865,8012285,13,42,14
2023-04-09,8012865,8012863,31,41,26
2023-04-09,8012865,8012865,45,83,24
2023-04-09,8013029,8012576,7,11,166
2023-04-09,8013029,8012975,2,11,16
2023-04-09,8013029,8013029,10,22,91
2023-04-09,8013033,8010359,3,11,145
2023-04-09,8013033,8012232,7,11,46
2023-04-09,8013033,8013033,8,22,87
2023-04-09,8013070,8010186,8,42,6
2023-04-09,8013070,8011771,28,42,17
2023-04-09,8013070,8013070,38,84,17
2023-04-09,8013087,8010144,1,8,60
2023-04-09,8013087,8012198,4,9,83
2023-04-09,8013087,8013087,3,17,53
2023-04-09,8013093,8010095,2,18,3
2023-04-09,8013093,8012190,32,39,42
2023-04-09,8013093,8012656,12,30,37
2023-04-09,8013093,8013093,60,95,65
2023-04-09,8013095,8010122,1,17,-2
2023-04-09,8013095,8011914,10,16,32
2023-04-09,8013095,8013095,5,33,5
2023-04-09,8013295,8010080,2,9,53
2023-04-09,8013295,8012053,0,8,0
2023-04-09,8013295,8013295,3,17,34
2023-04-09,8013361,8010059,18,18,312
2023-04-09,8013361,8012117,8,23,76
2023-04-09,8013361,8013361,30,44,167
2023-04-09,8013361,8013362,10,37,45
2023-04-09,8013362,8011018,32,37,72
2023-04-09,8013362,8013361,13,37,31
2023-04-09,8013362,8013362,45,74,49
2023-04-09,8013424,8010080,6,11,166
2023-04-09,8013424,8012576,4,11,25
2023-04-09,8013424,8013424,10,22,91
2023-04-09,8013428,8010076,38,39,116
2023-04-09,8013428,8012697,9,38,19
2023-04-09,8013428,8013428,48,77,65
2023-04-09,8013447,8010269,1,24,2
2023-04-09,8013447,8012192,10,25,58
2023-04-09,8013447,8013447,11,49,39
2023-04-09,8013461,8011339,19,21,230
2023-04-09,8013461,8013444,14,18,147
2023-04-09,8013461,8013461,22,36,181
2023-04-09,8013471,8010003,11,17,83
2023-04-09,8013471,8011222,26,55,23
2023-04-09,8013471,8011745,21,39,27
2023-04-09,8013471,8012308,28,34,83
2023-04-09,8013471,8013471,80,145,46
2023-04-09,8080930,8010208,9,20,111
2023-04-09,8080930,8080930,19,40,113
2023-04-10,8010046,8010046,29,38,125
2023-04-10,8010046,8010059,16,19,120
2023-04-10,8010046,8012416,15,19,139
2023-04-10,8010059,8010046,15,19,147
2023-04-10,8010059,8010059,106,146,168
2023-04-10,8010059,8011491,52,73,168
2023-04-10,8010059,8011626,13,36,70
2023-04-10,8010059,8013361,15,18,362
2023-04-10,8010076,8010076,44,74,77
2023-04-10,8010076,8012141,0,1,0
2023-04-10,8010076,8012478,5,15,12
2023-04-10,8010076,8012629,31,38,119
2023-04-10,8010076,8013428,13,37,45
2023-04-10,8010080,8010080,14,22,29
2023-04-10,8010080,8012232,7,11,25
2023-04-10,8010080,8013295,2,8,19
2023-04-10,8010080,8013424,2,11,5
2023-04-10,8010095,8010095,51,93,148
2023-04-10,8010095,8010161,9,30,42
2023-04-10,8010095,8010351,11,17,272
2023-04-10,8010095,8011959,9,29,72
2023-04-10,8010095,8011983,7,8,154
2023-04-10,8010095,8013093,17,17,342
2023-04-10,8010122,8010122,28,36,146
2023-04-10,8010122,8010238,11,18,135
2023-04-10,8010122,8011077,10,18,143
2023-04-10,8010122,8011588,14,17,101
2023-04-10,8010122,8013095,1,15,4
2023-04-10,8010144,8010144,9,17,58
2023-04-10,8010144,8011705,5,8,68
2023-04-10,8010144,8013087,3,9,43
2023-04-10,8010161,8010095,20,31,130
2023-04-10,8010161,8010161,30,56,102
2023-04-10,8010161,8011387,8,27,41
2023-04-10,8010186,8010186,28,81,14
2023-04-10,8010186,8012344,9,41,8
2023-04-10,8010186,8013070,19,40,22
2023-04-10,8010207,8010207,65,120,55
2023-04-10,8010207,8012193,50,59,86
2023-04-10,8010207,8012236,7,41,7
2023-04-10,8010207,8012817,1,20,9
2023-04-10,8010208,8010208,51,69,123
2023-04-10,8010208,8011491,13,19,99
2023-04-10,8010208,8011495,14,16,60
2023-04-10,8010208,8080930,14,19,141
2023-04-10,8010209,8010209,65,128,33
2023-04-10,8010209,8011771,9,41,12
2023-04-10,8010209,8012192,16,23,43
2023-04-10,8010209,8012193,1,1,60
2023-04-10,8010209,8012236,24,40,21
2023-04-10,8010228,8010228,96,143,59
2023-04-10,8010228,8011598,25,71,43
2023-04-10,8010228,8012308,64,72,70
2023-04-10,8010238,8010122,11,18,143
2023-04-10,8010238,8010238,20,36,132
2023-04-10,8010238,8011297,9,18,127
2023-04-10,8010269,8010269,12,47,26
2023-04-10,8010269,8012682,3,23,4
2023-04-10,8010269,8013447,10,24,60
2023-04-10,8010351,8010095,15,15,260
2023-04-10,8010351,8010351,43,52,218
2023-04-10,8010351,8011131,19,27,242
2023-04-10,8010351,8012371,27,29,158
2023-04-10,8010359,8010359,16,22,40
2023-04-10,8010359,8012946,7,11,22
2023-04-10,8010359,8013033,9,11,44
2023-04-10,8011018,8011018,57,72,82
2023-04-10,8011018,8012284,33,36,83
2023-04-10,8011018,8013362,24,36,86
2023-04-10,8011077,8010122,17,18,145
2023-04-10,8011077,8011077,45,67,137
2023-04-10,8011077,8011132,0,1,0
2023-04-10,8011077,8011914,10,16,152
2023-04-10,8011077,8012178,8,15,138
2023-04-10,8011077,8012228,1,1,60
2023-04-10,8011131,8010103,17,18,325
2023-04-10,8011131,8010351,23,25,172
2023-04-10,8011131,8011131,44,52,213
2023-04-10,8011131,8012734,8,9,223
2023-04-10,8011132,8011077,0,1,0
2023-04-10,8011132,8011132,21,33,130
2023-04-10,8011132,8012228,0,1,0
2023-04-10,8011132,8012526,8,15,136
2023-04-10,8011132,8012597,8,16,118
2023-04-10,8011242,8011242,27,36,30
2023-04-10,8011242,8012241,35,36,126
2023-04-10,8011242,8012623,13,19,25
2023-04-10,8011339,8011339,31,43,333
2023-04-10,8011339,8012117,17,21,346
2023-04-10,8011339,8013461,14,22,320
2023-04-10,8011387,8010161,27,29,177
2023-04-10,8011387,8011387,37,56,109
2023-04-10,8011387,8012371,10,27,59
2023-04-10,8011491,8010008,18,36,70
2023-04-10,8011491,8010059,51,73,156
2023-04-10,8011491,8010208,14,19,152
2023-04-10,8011491,8011491,95,146,156
2023-04-10,8011495,8010208,10,15,160
2023-04-10,8011495,8011495,19,31,112
2023-04-10,8011495,8012375,8,16,52
2023-04-10,8011588,8010122,10,19,32
2023-04-10,8011588,8011588,21,36,25
2023-04-10,8011588,8012463,12,17,32
2023-04-10,8011598,8010228,5,72,40
2023-04-10,8011598,8011598,17,74,46
2023-04-10,8011598,8011745,12,36,18
2023-04-10,8011626,8010059,27,36,72
2023-04-10,8011626,8011626,46,72,75
2023-04-10,8011626,8012284,21,36,90
2023-04-10,8011705,8010144,4,9,47
2023-04-10,8011705,8011705,10,17,55
2023-04-10,8011705,8011763,12,19,51
2023-04-10,8011745,8011598,24,38,100
2023-04-10,8011745,8011745,32,74,58
2023-04-10,8011745,8013471,6,36,8
2023-04-10,8011753,8011753,25,39,59
2023-04-10,8011753,8012080,7,20,24
2023-04-10,8011753,8012311,10,19,74
2023-04-10,8011755,8011755,15,31,115
2023-04-10,8011755,8012228,12,15,184
2023-04-10,8011755,8012526,7,16,86
2023-04-10,8011763,8011705,15,19,104
2023-04-10,8011763,8011763,29,38,92
2023-04-10,8011763,8012416,15,19,95
2023-04-10,8011771,8010209,30,40,32
2023-04-10,8011771,8011771,38,81,19
2023-04-10,8011771,8013070,8,41,10
2023-04-10,8011913,8011913,19,31,107
2023-04-10,8011913,8012228,9,16,52
2023-04-10,8011913,8012375,6,15,148
2023-04-10,8011914,8011077,7,15,32
2023-04-10,8011914,8011914,16,31,87
2023-04-10,8011914,8013095,6,16,120
2023-04-10,8012053,8012053,10,17,34
2023-04-10,8012053,8012198,7,8,75
2023-04-10,8012053,8013295,3,9,13
2023-04-10,8012117,8011339,17,22,323
2023-04-10,8012117,8012117,36,43,345
2023-04-10,8012117,8013361,19,21,390
2023-04-10,8012178,8011077,13,16,154
2023-04-10,8012178,8012178,22,31,135
2023-04-10,8012178,8012597,11,15,146
2023-04-10,8012184,8012184,238,394,59
2023-04-10,8012184,8012187,105,197,56
2023-04-10,8012184,8012202,133,197,61
2023-04-10,8012187,8010206,75,110,60
2023-04-10,8012187,8012184,154,197,64
2023-04-10,8012187,8012187,267,394,59
2023-04-10,8012187,8012343,42,87,55
2023-04-10,8012192,8010209,15,24,66
2023-04-10,8012192,8012192,13,47,31
2023-04-10,8012192,8013447,7,23,20
2023-04-10,8012193,8010207,19,61,22
2023-04-10,8012193,8010209,0,1,0
2023-04-10,8012193,8012193,56,122,35
2023-04-10,8012193,8080840,26,40,32
2023-04-10,8012194,8010008,28,36,53
2023-04-10,8012194,8012194,52,72,46
2023-04-10,8012194,8012343,76,86,81
2023-04-10,8012195,8012190,32,39,66
2023-04-10,8012195,8012195,55,77,71
2023-04-10,8012195,8012273,25,38,90
2023-04-10,8012196,8012196,128,154,95
2023-04-10,8012196,8012200,22,38,95
2023-04-10,8012196,8012273,33,39,58
2023-04-10,8012196,8098205,58,76,93
2023-04-10,8012197,8012197,50,82,27
2023-04-10,8012197,8012204,18,41,21
2023-04-10,8012197,8012285,32,41,52
2023-04-10,8012198,8012053,3,9,20
2023-04-10,8012198,8012198,13,17,56
2023-04-10,8012198,8013087,5,8,26
2023-04-10,8012200,8012196,34,39,124
2023-04-10,8012200,8012200,56,77,98
2023-04-10,8012200,8012478,28,38,99
2023-04-10,8012204,8012181,36,41,30
2023-04-10,8012204,8012197,33,41,39
2023-04-10,8012204,8012204,72,82,42
2023-04-10,8012228,8011077,0,1,0
2023-04-10,8012228,8011132,0,1,0
2023-04-10,8012228,8011755,7,16,84
2023-04-10,8012228,8011913,8,15,164
2023-04-10,8012228,8012228,23,35,112
2023-04-10,8012232,8010080,6,11,41
2023-04-10,8012232,8012232,12,22,29
2023-04-10,8012232,8013033,3,11,16
2023-04-10,8012236,8010207,34,40,58
2023-04-10,8012236,8010209,16,41,16
2023-04-10,8012236,8012236,42,81,25
2023-04-10,8012241,8010243,29,36,101
2023-04-10,8012241,8011242,9,36,9
2023-04-10,8012241,8012241,37,72,57
2023-04-10,8012284,8011018,18,36,78
2023-04-10,8012284,8011626,30,36,71
2023-04-10,8012284,8012284,48,72,79
2023-04-10,8012285,8012197,28,41,23
2023-04-10,8012285,8012285,49,82,30
2023-04-10,8012285,8012865,15,41,25
2023-04-10,8012304,8010206,76,106,59
2023-04-10,8012304,8012304,166,212,63
2023-04-10,8012304,8012308,83,106,61
2023-04-10,8012308,8010228,53,71,69
2023-04-10,8012308,8012304,79,106,56
2023-04-10,8012308,8012308,163,212,58
2023-04-10,8012308,8013471,31,35,60
2023-04-10,8012311,8011753,10,20,36
2023-04-10,8012311,8012311,19,39,48
2023-04-10,8012311,8012355,10,19,76
2023-04-10,8012355,8012311,3,20,16
2023-04-10,8012355,8012355,22,39,62
2023-04-10,8012355,8012817,19,19,104
2023-04-10,8012371,8010351,24,27,123
2023-04-10,8012371,8011387,26,29,186
2023-04-10,8012371,8012371,49,56,134
2023-04-10,8012375,8011495,11,15,186
2023-04-10,8012375,8011913,11,16,71
2023-04-10,8012375,8012375,22,31,111
2023-04-10,8012416,8010046,14,19,101
2023-04-10,8012416,8011763,15,19,145
2023-04-10,8012416,8012416,30,38,122
2023-04-10,8012478,8010076,6,15,56
2023-04-10,8012478,8012200,29,39,85
2023-04-10,8012478,8012478,103,187,63
2023-04-10,8012478,8012697,34,38,139
2023-04-10,8012478,8098205,23,40,46
2023-04-10,8012526,8011132,13,16,144
2023-04-10,8012526,8011755,7,15,130
2023-04-10,8012526,8012526,20,31,126
2023-04-10,8012576,8012576,2,22,5
2023-04-10,8012576,8013029,1,11,3
2023-04-10,8012576,8013424,2,11,8
2023-04-10,8012597,8011132,11,15,166
2023-04-10,8012597,8012178,8,16,112
2023-04-10,8012597,8012597,19,31,135
2023-04-10,8012623,8011242,15,17,49
2023-04-10,8012623,8012463,3,19,3
2023-04-10,8012623,8012623,19,36,34
2023-04-10,8012697,8012478,36,37,87
2023-04-10,8012697,8012697,70,75,118
2023-04-10,8012697,8013428,33,38,139
2023-04-10,8012731,8011371,13,21,53
2023-04-10,8012731,8012731,27,42,50
2023-04-10,8012731,8013138,7,21,11
2023-04-10,8012734,8010103,8,9,190
2023-04-10,8012734,8011131,8,8,86
2023-04-10,8012734,8012734,16,17,146
2023-04-10,8012817,8010207,15,19,106
2023-04-10,8012817,8012355,12,20,33
2023-04-10,8012817,8012817,27,39,62
2023-04-10,8012863,8011752,30,41,34
2023-04-10,8012863,8012863,58,82,30
2023-04-10,8012863,8012865,28,41,28
2023-04-10,8012865,8012285,16,41,13
2023-04-10,8012865,8012863,27,41,27
2023-04-10,8012865,8012865,45,82,25
2023-04-10,8013029,8012576,6,11,25
2023-04-10,8013029,8012975,0,11,0
2023-04-10,8013029,8013029,7,22,12
2023-04-10,8013033,8010359,2,11,8
2023-04-10,8013033,8012232,8,11,41
2023-04-10,8013033,8013033,5,22,19
2023-04-10,8013070,8010186,7,41,7
2023-04-10,8013070,8011771,27,40,23
2023-04-10,8013070,8013070,37,81,20
2023-04-10,8013087,8010144,5,8,56
2023-04-10,8013087,8012198,5,9,57
2023-04-10,8013087,8013087,10,17,26
2023-04-10,8013093,8010095,9,18,215
2023-04-10,8013093,8012190,28,38,87
2023-04-10,8013093,8012656,13,29,68
2023-04-10,8013093,8013093,65,93,156
2023-04-10,8013095,8010122,5,16,96
2023-04-10,8013095,8011914,8,15,24
2023-04-10,8013095,8013095,7,31,56
2023-04-10,8013295,8010080,3,9,3
2023-04-10,8013295,8012053,1,8,15
2023-04-10,8013295,8013295,5,17,16
2023-04-10,8013361,8010059,17,18,435
2023-04-10,8013361,8012117,13,22,304
2023-04-10,8013361,8013361,31,43,347
2023-04-10,8013361,8013362,12,36,42
2023-04-10,8013362,8011018,31,36,68
2023-04-10,8013362,8013361,14,36,73
2023-04-10,8013362,8013362,44,72,68
2023-04-10,8013424,8010080,4,11,22
2023-04-10,8013424,8012576,1,11,3
2023-04-10,8013424,8013424,5,22,10
2023-04-10,8013428,8010076,36,38,156
2023-04-10,8013428,8012697,11,37,45
2023-04-10,8013428,8013428,47,75,102
2023-04-10,8013447,8010269,5,23,9
2023-04-10,8013447,8012192,9,24,41
2023-04-10,8013447,8013447,15,47,38
2023-04-10,8013461,8011339,16,21,353
2023-04-10,8013461,8011637,7,10,297
2023-04-10,8013461,8013444,2,8,64
2023-04-10,8013461,8013461,26,36,376
2023-04-10,8013471,8010003,12,17,35
2023-04-10,8013471,8011222,24,54,23
2023-04-10,8013471,8011745,21,38,93
2023-04-10,8013471,8012308,24,34,23
2023-04-10,8013471,8013471,71,143,40
2023-04-10,8080930,8010208,13,19,104
2023-04-10,8080930,8080930,26,38,124
2023-04-11,8010046,8010046,27,52,44
2023-04-11,8010046,8010059,14,26,40
2023-04-11,8010046,8012416,18,29,47
2023-04-11,8010059,8010046,19,26,61
2023-04-11,8010059,8010059,132,168,201
2023-04-11,8010059,8011491,64,87,202
2023-04-11,8010059,8011626,24,38,117
2023-04-11,8010059,8013361,20,20,506
2023-04-11,8010076,8010076,54,76,98
2023-04-11,8010076,8012478,5,15,46
2023-04-11,8010076,8012629,35,38,118
2023-04-11,8010076,8013428,20,38,71
2023-04-11,8010080,8010080,29,38,74
2023-04-11,8010080,8012232,13,19,36
2023-04-11,8010080,8013295,3,17,14
2023-04-11,8010080,8013424,8,19,81
2023-04-11,8010095,8010095,44,100,69
2023-04-11,8010095,8010161,7,33,52
2023-04-11,8010095,8010351,13,17,67
2023-04-11,8010095,8011959,5,34,32
2023-04-11,8010095,8011983,10,15,92
2023-04-11,8010095,8013093,16,16,172
2023-04-11,8010122,8010122,31,38,181
2023-04-11,8010122,8010238,16,19,81
2023-04-11,8010122,8011077,15,19,279
2023-04-11,8010122,8011588,14,19,85
2023-04-11,8010122,8013095,2,17,21
2023-04-11,8010144,8010144,21,34,52
2023-04-11,8010144,8011705,10,17,69
2023-04-11,8010144,8013087,11,17,32
2023-04-11,8010161,8010095,16,36,50
2023-04-11,8010161,8010161,21,58,63
2023-04-11,8010161,8011387,5,27,54
2023-04-11,8010186,8010186,40,134,39
2023-04-11,8010186,8012344,15,67,24
2023-04-11,8010186,8013070,22,67,54
2023-04-11,8010207,8010207,69,175,59
2023-04-11,8010207,8012193,51,88,95
2023-04-11,8010207,8012236,9,67,13
2023-04-11,8010207,8012817,2,20,8
2023-04-11,8010208,8010208,69,95,69
2023-04-11,8010208,8011491,18,31,42
2023-04-11,8010208,8011495,16,17,78
2023-04-11,8010208,8080930,16,30,64
2023-04-11,8010209,8010209,68,187,41
2023-04-11,8010209,8011771,12,67,16
2023-04-11,8010209,8012192,14,27,70
2023-04-11,8010209,8012193,0,2,0
2023-04-11,8010209,8012236,22,67,46
2023-04-11,8010228,8010228,112,154,80
2023-04-11,8010228,8011598,41,77,94
2023-04-11,8010228,8012308,68,76,60
2023-04-11,8010228,8013471,1,1,90
2023-04-11,8010238,8010122,16,19,295
2023-04-11,8010238,8010238,30,38,191
2023-04-11,8010238,8011297,11,19,85
2023-04-11,8010269,8010269,12,53,36
2023-04-11,8010269,8012682,6,27,31
2023-04-11,8010269,8013447,6,26,38
2023-04-11,8010351,8010095,14,14,152
2023-04-11,8010351,8010351,41,50,98
2023-04-11,8010351,8011131,17,25,64
2023-04-11,8010351,8012371,22,31,70
2023-04-11,8010359,8010359,28,38,78
2023-04-11,8010359,8012946,11,19,27
2023-04-11,8010359,8013033,17,19,126
2023-04-11,8011018,8011018,66,76,126
2023-04-11,8011018,8012284,35,38,122
2023-04-11,8011018,8013362,31,38,139
2023-04-11,8011077,8010122,14,19,76
2023-04-11,8011077,8011077,55,72,144
2023-04-11,8011077,8011132,1,1,60
2023-04-11,8011077,8011914,14,17,138
2023-04-11,8011077,8012178,12,17,55
2023-04-11,8011077,8012228,1,1,30
2023-04-11,8011131,8010103,16,17,139
2023-04-11,8011131,8010351,22,25,101
2023-04-11,8011131,8011131,45,50,95
2023-04-11,8011131,8012734,8,8,131
2023-04-11,8011132,8011077,0,1,0
2023-04-11,8011132,8011132,35,36,92
2023-04-11,8011132,8012228,1,1,60
2023-04-11,8011132,8012526,15,17,86
2023-04-11,8011132,8012597,15,17,90
2023-04-11,8011242,8011242,25,39,51
2023-04-11,8011242,8012241,33,39,80
2023-04-11,8011242,8012623,11,19,46
2023-04-11,8011339,8011339,52,58,389
2023-04-11,8011339,8012117,22,29,421
2023-04-11,8011339,8013461,26,29,352
2023-04-11,8011387,8010161,29,31,89
2023-04-11,8011387,8011387,36,58,68
2023-04-11,8011387,8012371,7,27,57
2023-04-11,8011491,8010008,29,37,135
2023-04-11,8011491,8010059,62,87,175
2023-04-11,8011491,8010208,18,30,64
2023-04-11,8011491,8011491,122,174,185
2023-04-11,8011495,8010208,16,17,108
2023-04-11,8011495,8011495,31,34,101
2023-04-11,8011495,8012375,14,17,81
2023-04-11,8011588,8010122,11,19,49
2023-04-11,8011588,8011588,27,38,38
2023-04-11,8011588,8012463,14,20,27
2023-04-11,8011598,8010228,17,76,27
2023-04-11,8011598,8011598,33,79,51
2023-04-11,8011598,8011745,19,39,54
2023-04-11,8011626,8010059,30,38,106
2023-04-11,8011626,8011626,64,76,118
2023-04-11,8011626,8012284,33,38,150
2023-04-11,8011705,8010144,6,17,25
2023-04-11,8011705,8011705,20,34,34
2023-04-11,8011705,8011763,16,29,35
2023-04-11,8011745,8011598,28,40,77
2023-04-11,8011745,8011745,46,79,62
2023-04-11,8011745,8013471,18,39,42
2023-04-11,8011753,8011753,27,41,105
2023-04-11,8011753,8012080,7,20,96
2023-04-11,8011753,8012311,13,21,104
2023-04-11,8011755,8011755,32,34,97
2023-04-11,8011755,8012228,16,17,131
2023-04-11,8011755,8012526,16,17,95
2023-04-11,8011763,8011705,9,29,22
2023-04-11,8011763,8011763,32,58,34
2023-04-11,8011763,8012416,15,29,37
2023-04-11,8011771,8010209,32,67,52
2023-04-11,8011771,8011771,51,134,36
2023-04-11,8011771,8013070,19,67,18
2023-04-11,8011913,8011913,33,34,103
2023-04-11,8011913,8012228,15,17,95
2023-04-11,8011913,8012375,15,17,88
2023-04-11,8011914,8011077,11,17,60
2023-04-11,8011914,8011914,24,34,95
2023-04-11,8011914,8013095,12,17,115
2023-04-11,8012053,8012053,23,34,40
2023-04-11,8012053,8012198,16,17,72
2023-04-11,8012053,8013295,7,17,16
2023-04-11,8012117,8011339,28,29,350
2023-04-11,8012117,8012117,55,58,400
2023-04-11,8012117,8013361,29,29,470
2023-04-11,8012178,8011077,16,17,143
2023-04-11,8012178,8012178,30,34,86
2023-04-11,8012178,8012597,16,17,60
2023-04-11,8012184,8012184,354,468,89
2023-04-11,8012184,8012187,174,235,117
2023-04-11,8012184,8012202,180,233,56
2023-04-11,8012187,8010206,93,115,107
2023-04-11,8012187,8012184,181,233,53
2023-04-11,8012187,8012187,356,468,82
2023-04-11,8012187,8012343,84,120,123
2023-04-11,8012192,8010209,20,26,48
2023-04-11,8012192,8012192,22,53,40
2023-04-11,8012192,8013447,9,27,46
2023-04-11,8012193,8010207,37,87,31
2023-04-11,8012193,8010209,0,3,0
2023-04-11,8012193,8012193,74,180,47
2023-04-11,8012193,8080840,24,67,55
2023-04-11,8012194,8010008,31,36,124
2023-04-11,8012194,8012194,62,73,105
2023-04-11,8012194,8012343,100,120,64
2023-04-11,8012195,8012190,33,38,96
2023-04-11,8012195,8012195,58,77,82
2023-04-11,8012195,8012273,28,39,88
2023-04-11,8012196,8012196,178,209,107
2023-04-11,8012196,8012200,50,66,97
2023-04-11,8012196,8012273,33,38,92
2023-04-11,8012196,8098205,93,104,117
2023-04-11,8012197,8012197,73,100,75
2023-04-11,8012197,8012204,35,50,90
2023-04-11,8012197,8012285,39,50,84
2023-04-11,8012198,8012053,8,17,35
2023-04-11,8012198,8012198,29,34,66
2023-04-11,8012198,8013087,10,17,42
2023-04-11,8012200,8012196,60,66,121
2023-04-11,8012200,8012200,98,132,97
2023-04-11,8012200,8012478,55,66,106
2023-04-11,8012204,8012181,46,50,95
2023-04-11,8012204,8012197,35,50,62
2023-04-11,8012204,8012204,83,100,88
2023-04-11,8012228,8011077,0,1,0
2023-04-11,8012228,8011132,1,1,60
2023-04-11,8012228,8011755,15,17,90
2023-04-11,8012228,8011913,16,17,111
2023-04-11,8012228,8012228,35,38,103
2023-04-11,8012232,8010080,15,19,129
2023-04-11,8012232,8012232,23,38,73
2023-04-11,8012232,8013033,6,19,19
2023-04-11,8012236,8010207,32,67,66
2023-04-11,8012236,8010209,26,67,22
2023-04-11,8012236,8012236,52,134,37
2023-04-11,8012241,8010243,31,39,58
2023-04-11,8012241,8011242,22,39,38
2023-04-11,8012241,8012241,53,78,51
2023-04-11,8012284,8011018,28,38,129
2023-04-11,8012284,8011626,32,38,100
2023-04-11,8012284,8012284,62,76,123
2023-04-11,8012285,8012197,42,50,88
2023-04-11,8012285,8012285,74,100,76
2023-04-11,8012285,8012865,24,50,56
2023-04-11,8012304,8010206,80,111,49
2023-04-11,8012304,8012304,184,224,85
2023-04-11,8012304,8012308,100,113,112
2023-04-11,8012308,8010228,69,78,126
2023-04-11,8012308,8012304,79,111,45
2023-04-11,8012308,8012308,184,224,79
2023-04-11,8012308,8013471,31,35,100
2023-04-11,8012311,8011071,0,1,0
2023-04-11,8012311,8011753,13,20,117
2023-04-11,8012311,8012311,26,42,86
2023-04-11,8012311,8012355,12,21,107
2023-04-11,8012355,8012311,3,20,18
2023-04-11,8012355,8012355,23,41,78
2023-04-11,8012355,8012817,20,21,130
2023-04-11,8012371,8010351,27,27,134
2023-04-11,8012371,8011387,22,31,84
2023-04-11,8012371,8012371,47,58,82
2023-04-11,8012375,8011495,16,17,127
2023-04-11,8012375,8011913,17,17,122
2023-04-11,8012375,8012375,33,34,103
2023-04-11,8012416,8010046,11,29,30
2023-04-11,8012416,8011763,16,29,51
2023-04-11,8012416,8012416,33,58,43
2023-04-11,8012478,8010076,8,15,50
2023-04-11,8012478,8012200,44,66,72
2023-04-11,8012478,8012478,131,189,85
2023-04-11,8012478,8012697,37,38,141
2023-04-11,8012478,8098205,33,40,88
2023-04-11,8012526,8011132,16,17,136
2023-04-11,8012526,8011755,15,17,83
2023-04-11,8012526,8012526,31,34,105
2023-04-11,8012576,8012576,11,38,45
2023-04-11,8012576,8013029,7,19,79
2023-04-11,8012576,8013424,2,19,3
2023-04-11,8012597,8011132,14,17,90
2023-04-11,8012597,8012178,14,17,76
2023-04-11,8012597,8012597,29,34,76
2023-04-11,8012623,8011242,17,20,66
2023-04-11,8012623,8012463,10,19,46
2023-04-11,8012623,8012623,28,39,55
2023-04-11,8012697,8012478,36,38,107
2023-04-11,8012697,8012697,73,76,133
2023-04-11,8012697,8013428,36,38,150
2023-04-11,8012731,8011371,10,21,26
2023-04-11,8012731,8012731,24,41,45
2023-04-11,8012731,8013138,10,20,22
2023-04-11,8012734,8010103,3,8,90
2023-04-11,8012734,8011131,7,9,7
2023-04-11,8012734,8012734,9,17,30
2023-04-11,8012817,8010207,17,21,126
2023-04-11,8012817,8012355,15,20,39
2023-04-11,8012817,8012817,32,41,78
2023-04-11,8012863,8011752,37,42,79
2023-04-11,8012863,8012863,76,84,81
2023-04-11,8012863,8012865,39,42,96
2023-04-11,8012865,8012285,30,50,70
2023-04-11,8012865,8012863,32,42,56
2023-04-11,8012865,8012865,58,84,72
2023-04-11,8013029,8012576,15,19,33
2023-04-11,8013029,8012975,7,19,69
2023-04-11,8013029,8013029,22,38,54
2023-04-11,8013033,8010359,4,19,16
2023-04-11,8013033,8012232,15,19,122
2023-04-11,8013033,8013033,15,38,62
2023-04-11,8013070,8010186,25,67,23
2023-04-11,8013070,8011771,33,67,53
2023-04-11,8013070,8013070,60,134,40
2023-04-11,8013087,8010144,8,17,56
2023-04-11,8013087,8012198,14,17,65
2023-04-11,8013087,8013087,16,34,28
2023-04-11,8013093,8010095,11,17,64
2023-04-11,8013093,8012190,30,39,49
2023-04-11,8013093,8012656,18,33,76
2023-04-11,8013093,8013093,75,100,86
2023-04-11,8013095,8010122,10,17,95
2023-04-11,8013095,8011914,10,17,46
2023-04-11,8013095,8013095,14,34,62
2023-04-11,8013295,8010080,6,17,19
2023-04-11,8013295,8012053,2,17,11
2023-04-11,8013295,8013295,9,34,13
2023-04-11,8013361,8010059,20,20,610
2023-04-11,8013361,8012117,22,29,328
2023-04-11,8013361,8013361,50,58,402
2023-04-11,8013361,8013362,18,38,72
2023-04-11,8013362,8011018,34,38,102
2023-04-11,8013362,8013361,25,38,139
2023-04-11,8013362,8013362,58,76,111
2023-04-11,8013424,8010080,9,19,22
2023-04-11,8013424,8012576,9,19,85
2023-04-11,8013424,8013424,18,38,48
2023-04-11,8013428,8010076,37,38,157
2023-04-11,8013428,8012697,19,38,70
2023-04-11,8013428,8013428,56,76,116
2023-04-11,8013447,8010269,6,27,36
2023-04-11,8013447,8012192,5,26,25
2023-04-11,8013447,8013447,11,53,37
2023-04-11,8013461,8011339,26,29,434
2023-04-11,8013461,8011637,8,11,330
2023-04-11,8013461,8013444,9,9,290
2023-04-11,8013461,8013461,36,40,536
2023-04-11,8013471,8010003,16,17,127
2023-04-11,8013471,8010243,1,1,60
2023-04-11,8013471,8011222,39,57,60
2023-04-11,8013471,8011745,20,40,57
2023-04-11,8013471,8012308,19,35,19
2023-04-11,8013471,8013471,86,150,51
2023-04-11,8080930,8010208,18,31,44
2023-04-11,8080930,8080930,35,61,47
2023-04-12,8010046,8010046,43,50,167
2023-04-12,8010046,8010059,24,25,142
2023-04-12,8010046,8012416,21,25,209
2023-04-12,8010059,8010046,21,25,206
2023-04-12,8010059,8010059,139,166,222
2023-04-12,8010059,8011491,72,87,196
2023-04-12,8010059,8011626,22,38,243
2023-04-12,8010059,8013361,20,20,231
2023-04-12,8010076,8010076,48,76,68
2023-04-12,8010076,8012478,11,15,56
2023-04-12,8010076,8012629,33,38,96
2023-04-12,8010076,8013428,16,38,39
2023-04-12,8010080,8010080,29,38,71
2023-04-12,8010080,8012232,14,19,57
2023-04-12,8010080,8013295,6,17,32
2023-04-12,8010080,8013424,6,19,57
2023-04-12,8010095,8010095,11,67,9
2023-04-12,8010095,8010161,6,33,10
2023-04-12,8010095,8011959,2,34,7
2023-04-12,8010095,8011983,12,15,44
2023-04-12,8010122,8010122,4,38,115
2023-04-12,8010122,8010238,16,19,63
2023-04-12,8010122,8011077,2,19,185
2023-04-12,8010122,8011588,14,19,73
2023-04-12,8010122,8013095,4,17,37
2023-04-12,8010144,8010144,27,34,242
2023-04-12,8010144,8011705,14,17,249
2023-04-12,8010144,8013087,13,17,208
2023-04-12,8010161,8010095,13,34,11
2023-04-12,8010161,8010161,19,56,20
2023-04-12,8010161,8011387,4,27,9
2023-04-12,8010186,8010186,43,134,12
2023-04-12,8010186,8012344,17,67,13
2023-04-12,8010186,8013070,25,67,16
2023-04-12,8010207,8010207,79,175,48
2023-04-12,8010207,8012193,59,88,74
2023-04-12,8010207,8012236,5,67,2
2023-04-12,8010207,8012817,4,20,16
2023-04-12,8010208,8010208,92,119,170
2023-04-12,8010208,8011491,32,43,258
2023-04-12,8010208,8011495,10,17,34
2023-04-12,8010208,8080930,32,42,156
2023-04-12,8010209,8010209,76,187,17
2023-04-12,8010209,8011771,23,67,13
2023-04-12,8010209,8012192,12,27,50
2023-04-12,8010209,8012193,2,2,135
2023-04-12,8010209,8012236,25,67,7
2023-04-12,8010228,8010228,108,154,39
2023-04-12,8010228,8011598,41,77,40
2023-04-12,8010228,8012308,66,76,37
2023-04-12,8010228,8013471,0,1,0
2023-04-12,8010238,8010122,2,19,189
2023-04-12,8010238,8010238,34,38,139
2023-04-12,8010238,8011297,2,19,41
2023-04-12,8010269,8010269,21,53,44
2023-04-12,8010269,8012682,5,27,36
2023-04-12,8010269,8013447,16,26,46
2023-04-12,8010351,8012371,19,29,55
2023-04-12,8010359,8010359,26,38,63
2023-04-12,8010359,8012946,13,19,47
2023-04-12,8010359,8013033,12,19,71
2023-04-12,8011018,8011018,65,76,200
2023-04-12,8011018,8012284,35,38,154
2023-04-12,8011018,8013362,30,38,250
2023-04-12,8011077,8010122,2,19,47
2023-04-12,8011077,8011077,32,72,115
2023-04-12,8011077,8011132,1,1,30
2023-04-12,8011077,8011914,10,17,125
2023-04-12,8011077,8012178,11,17,83
2023-04-12,8011077,8012228,1,1,30
2023-04-12,8011132,8011077,0,1,0
2023-04-12,8011132,8011132,30,36,101
2023-04-12,8011132,8012228,1,1,30
2023-04-12,8011132,8012526,11,17,101
2023-04-12,8011132,8012597,11,17,99
2023-04-12,8011242,8011242,24,39,41
2023-04-12,8011242,8012241,31,39,52
2023-04-12,8011242,8012623,9,19,35
2023-04-12,8011339,8011339,44,58,248
2023-04-12,8011339,8012117,23,29,311
2023-04-12,8011339,8013461,20,29,183
2023-04-12,8011387,8010161,21,31,44
2023-04-12,8011387,8011387,28,58,25
2023-04-12,8011387,8012371,7,27,19
2023-04-12,8011491,8010008,15,25,144
2023-04-12,8011491,8010059,67,87,207
2023-04-12,8011491,8010208,32,42,162
2023-04-12,8011491,8011491,137,174,199
2023-04-12,8011495,8010208,14,17,132
2023-04-12,8011495,8011495,29,34,98
2023-04-12,8011495,8012375,14,17,65
2023-04-12,8011588,8010122,13,19,44
2023-04-12,8011588,8011588,29,38,40
2023-04-12,8011588,8012463,15,20,36
2023-04-12,8011598,8010228,13,76,7
2023-04-12,8011598,8011598,36,79,27
2023-04-12,8011598,8011745,24,39,46
2023-04-12,8011626,8010059,31,38,148
2023-04-12,8011626,8011626,57,76,197
2023-04-12,8011626,8012284,28,38,262
2023-04-12,8011705,8010144,12,17,219
2023-04-12,8011705,8011705,28,34,221
2023-04-12,8011705,8011763,18,29,126
2023-04-12,8011745,8011598,27,40,36
2023-04-12,8011745,8011745,46,79,38
2023-04-12,8011745,8013471,21,39,35
2023-04-12,8011753,8011753,33,41,116
2023-04-12,8011753,8012080,12,20,74
2023-04-12,8011753,8012311,14,21,146
2023-04-12,8011755,8011755,24,34,85
2023-04-12,8011755,8012228,14,17,148
2023-04-12,8011755,8012526,11,17,60
2023-04-12,8011763,8011705,22,29,196
2023-04-12,8011763,8011763,45,58,159
2023-04-12,8011763,8012416,22,29,127
2023-04-12,8011771,8010209,35,67,13
2023-04-12,8011771,8011771,63,134,14
2023-04-12,8011771,8013070,24,67,11
2023-04-12,8011913,8011913,28,34,96
2023-04-12,8011913,8012228,14,17,71
2023-04-12,8011913,8012375,10,17,109
2023-04-12,8011914,8011077,11,17,85
2023-04-12,8011914,8011914,21,34,100
2023-04-12,8011914,8013095,8,17,113
2023-04-12,8012053,8012053,20,34,101
2023-04-12,8012053,8012198,13,17,60
2023-04-12,8012053,8013295,5,17,134
2023-04-12,8012117,8011339,24,29,183
2023-04-12,8012117,8012117,51,58,259
2023-04-12,8012117,8013361,28,29,352
2023-04-12,8012178,8011077,17,17,166
2023-04-12,8012178,8012178,32,34,115
2023-04-12,8012178,8012597,16,17,94
2023-04-12,8012184,8012184,318,468,43
2023-04-12,8012184,8012187,157,235,48
2023-04-12,8012184,8012202,160,233,36
2023-04-12,8012187,8010206,90,115,62
2023-04-12,8012187,8012184,167,233,37
2023-04-12,8012187,8012187,320,468,41
2023-04-12,8012187,8012343,65,120,30
2023-04-12,8012192,8010209,16,26,38
2023-04-12,8012192,8012192,20,53,38
2023-04-12,8012192,8013447,9,27,48
2023-04-12,8012193,8010207,48,87,27
2023-04-12,8012193,8010209,2,3,80
2023-04-12,8012193,8012193,88,180,36
2023-04-12,8012193,8080840,23,67,9
2023-04-12,8012194,8010008,20,24,110
2023-04-12,8012194,8012194,39,49,98
2023-04-12,8012194,8012343,94,120,56
2023-04-12,8012195,8012190,34,38,65
2023-04-12,8012195,8012195,56,77,41
2023-04-12,8012195,8012273,25,39,28
2023-04-12,8012196,8012196,170,209,67
2023-04-12,8012196,8012200,42,66,81
2023-04-12,8012196,8012273,32,38,51
2023-04-12,8012196,8098205,82,104,50
2023-04-12,8012197,8012197,65,100,59
2023-04-12,8012197,8012204,34,50,58
2023-04-12,8012197,8012285,31,50,80
2023-04-12,8012198,8012053,7,17,176
2023-04-12,8012198,8012198,30,34,183
2023-04-12,8012198,8013087,14,17,161
2023-04-12,8012200,8012196,57,66,93
2023-04-12,8012200,8012200,95,132,75
2023-04-12,8012200,8012478,54,66,88
2023-04-12,8012204,8012181,44,50,58
2023-04-12,8012204,8012197,35,50,64
2023-04-12,8012204,8012204,83,100,67
2023-04-12,8012228,8011077,0,1,0
2023-04-12,8012228,8011132,0,1,0
2023-04-12,8012228,8011755,10,17,51
2023-04-12,8012228,8011913,13,17,127
2023-04-12,8012228,8012228,30,38,95
2023-04-12,8012232,8010080,14,19,104
2023-04-12,8012232,8012232,22,38,64
2023-04-12,8012232,8013033,8,19,43
2023-04-12,8012236,8010207,39,67,33
2023-04-12,8012236,8010209,34,67,19
2023-04-12,8012236,8012236,66,134,17
2023-04-12,8012241,8010243,31,39,32
2023-04-12,8012241,8011242,22,39,30
2023-04-12,8012241,8012241,51,78,33
2023-04-12,8012284,8011018,26,38,246
2023-04-12,8012284,8011626,31,38,141
2023-04-12,8012284,8012284,57,76,200
2023-04-12,8012285,8012197,45,50,62
2023-04-12,8012285,8012285,72,100,68
2023-04-12,8012285,8012865,24,50,65
2023-04-12,8012304,8010206,75,111,34
2023-04-12,8012304,8012304,189,224,57
2023-04-12,8012304,8012308,101,113,70
2023-04-12,8012308,8010228,64,78,63
2023-04-12,8012308,8012304,80,111,31
2023-04-12,8012308,8012308,180,224,50
2023-04-12,8012308,8013471,34,35,103
2023-04-12,8012311,8011071,0,1,0
2023-04-12,8012311,8011753,14,20,84
2023-04-12,8012311,8012311,28,42,102
2023-04-12,8012311,8012355,16,21,147
2023-04-12,8012355,8012311,5,20,40
2023-04-12,8012355,8012355,26,41,111
2023-04-12,8012355,8012817,21,21,171
2023-04-12,8012371,8010351,27,27,87
2023-04-12,8012371,8011387,16,31,39
2023-04-12,8012371,8012371,42,58,47
2023-04-12,8012375,8011495,16,17,146
2023-04-12,8012375,8011913,15,17,83
2023-04-12,8012375,8012375,31,34,100
2023-04-12,8012416,8010046,21,25,125
2023-04-12,8012416,8011763,21,29,199
2023-04-12,8012416,8012416,42,50,156
2023-04-12,8012478,8010076,14,15,82
2023-04-12,8012478,8012200,41,66,51
2023-04-12,8012478,8012478,125,189,68
2023-04-12,8012478,8012697,37,38,118
2023-04-12,8012478,8098205,32,40,92
2023-04-12,8012526,8011132,16,17,106
2023-04-12,8012526,8011755,10,17,92
2023-04-12,8012526,8012526,25,34,92
2023-04-12,8012576,8012576,11,38,40
2023-04-12,8012576,8013029,7,19,52
2023-04-12,8012576,8013424,2,19,24
2023-04-12,8012597,8011132,14,17,129
2023-04-12,8012597,8012178,10,17,92
2023-04-12,8012597,8012597,25,34,101
2023-04-12,8012623,8011242,19,20,69
2023-04-12,8012623,8012463,12,19,43
2023-04-12,8012623,8012623,32,39,55
2023-04-12,8012697,8012478,38,38,75
2023-04-12,8012697,8012697,75,76,109
2023-04-12,8012697,8013428,36,38,135
2023-04-12,8012731,8011371,16,21,51
2023-04-12,8012731,8012731,33,41,67
2023-04-12,8012731,8013138,13,20,36
2023-04-12,8012817,8010207,18,21,179
2023-04-12,8012817,8012355,14,20,60
2023-04-12,8012817,8012817,32,41,108
2023-04-12,8012863,8011752,34,42,99
2023-04-12,8012863,8012863,71,84,84
2023-04-12,8012863,8012865,37,42,84
2023-04-12,8012865,8012285,39,50,58
2023-04-12,8012865,8012863,29,42,77
2023-04-12,8012865,8012865,60,84,78
2023-04-12,8013029,8012576,10,19,33
2023-04-12,8013029,8012975,6,19,47
2023-04-12,8013029,8013029,18,38,42
2023-04-12,8013033,8010359,8,19,43
2023-04-12,8013033,8012232,11,19,65
2023-04-12,8013033,8013033,17,38,50
2023-04-12,8013070,8010186,34,67,17
2023-04-12,8013070,8011771,37,67,16
2023-04-12,8013070,8013070,73,134,19
2023-04-12,8013087,8010144,13,17,235
2023-04-12,8013087,8012198,13,17,258
2023-04-12,8013087,8013087,22,34,182
2023-04-12,8013093,8012190,24,39,22
2023-04-12,8013093,8012656,15,33,30
2023-04-12,8013093,8013093,39,67,29
2023-04-12,8013095,8010122,7,17,113
2023-04-12,8013095,8011914,10,17,62
2023-04-12,8013095,8013095,11,34,75
2023-04-12,8013295,8010080,7,17,154
2023-04-12,8013295,8012053,3,17,14
2023-04-12,8013295,8013295,11,34,79
2023-04-12,8013361,8010059,19,20,430
2023-04-12,8013361,8012117,18,29,150
2023-04-12,8013361,8013361,48,58,257
2023-04-12,8013361,8013362,27,38,124
2023-04-12,8013362,8011018,34,38,140
2023-04-12,8013362,8013361,27,38,246
2023-04-12,8013362,8013362,60,76,189
2023-04-12,8013424,8010080,12,19,49
2023-04-12,8013424,8012576,8,19,69
2023-04-12,8013424,8013424,20,38,52
2023-04-12,8013428,8010076,37,38,135
2023-04-12,8013428,8012697,16,38,39
2023-04-12,8013428,8013428,54,76,88
2023-04-12,8013447,8010269,6,27,41
2023-04-12,8013447,8012192,12,26,21
2023-04-12,8013447,8013447,17,53,38
2023-04-12,8013461,8011339,23,29,333
2023-04-12,8013461,8011637,20,20,237
2023-04-12,8013461,8013461,32,40,326
2023-04-12,8013471,8010003,14,17,101
2023-04-12,8013471,8010243,1,1,60
2023-04-12,8013471,8011222,44,57,49
2023-04-12,8013471,8011745,23,40,31
2023-04-12,8013471,8012308,24,35,26
2023-04-12,8013471,8013471,101,150,44
2023-04-12,8080930,8010208,33,43,245
2023-04-12,8080930,8080930,63,85,198
2023-04-13,8010046,8010046,38,58,70
2023-04-13,8010046,8010059,20,29,58
2023-04-13,8010046,8012416,22,29,86
2023-04-13,8010059,8010046,23,29,100
2023-04-13,8010059,8010059,132,174,106
2023-04-13,8010059,8011491,57,87,104
2023-04-13,8010059,8011626,21,38,81
2023-04-13,8010059,8013361,18,20,126
2023-04-13,8010076,8010076,47,76,76
2023-04-13,8010076,8012478,5,15,22
2023-04-13,8010076,8012629,28,38,117
2023-04-13,8010076,8013428,17,38,34
2023-04-13,8010080,8010080,25,38,38
2023-04-13,8010080,8012232,11,19,33
2023-04-13,8010080,8013295,6,17,53
2023-04-13,8010080,8013424,5,19,14
2023-04-13,8010095,8010095,10,67,52
2023-04-13,8010095,8010161,5,33,88
2023-04-13,8010095,8011959,8,34,16
2023-04-13,8010095,8011983,11,15,40
2023-04-13,8010122,8010122,16,38,171
2023-04-13,8010122,8010238,18,19,166
2023-04-13,8010122,8011077,7,19,189
2023-04-13,8010122,8011588,16,19,87
2023-04-13,8010122,8013095,6,17,41
2023-04-13,8010144,8010144,17,34,46
2023-04-13,8010144,8011705,12,17,71
2023-04-13,8010144,8013087,6,17,21
2023-04-13,8010161,8010095,8,34,31
2023-04-13,8010161,8010161,22,56,86
2023-04-13,8010161,8011387,5,27,102
2023-04-13,8010186,8010186,55,134,46
2023-04-13,8010186,8012344,31,67,59
2023-04-13,8010186,8013070,22,67,31
2023-04-13,8010207,8010207,93,175,65
2023-04-13,8010207,8012193,66,88,71
2023-04-13,8010207,8012236,12,67,51
2023-04-13,8010207,8012817,5,20,15
2023-04-13,8010208,8010208,70,92,102
2023-04-13,8010208,8011491,21,29,68
2023-04-13,8010208,8011495,14,17,78
2023-04-13,8010208,8080930,18,29,81
2023-04-13,8010209,8010209,77,187,57
2023-04-13,8010209,8011771,23,67,58
2023-04-13,8010209,8012192,12,27,36
2023-04-13,8010209,8012193,1,2,15
2023-04-13,8010209,8012236,23,67,22
2023-04-13,8010228,8010228,103,154,50
2023-04-13,8010228,8011598,35,77,55
2023-04-13,8010228,8012308,65,76,63
2023-04-13,8010228,8013471,0,1,0
2023-04-13,8010238,8010122,7,19,185
2023-04-13,8010238,8010238,35,38,182
2023-04-13,8010238,8011297,6,19,164
2023-04-13,8010269,8010269,14,53,70
2023-04-13,8010269,8012682,3,27,10
2023-04-13,8010269,8013447,10,26,114
2023-04-13,8010351,8012371,15,29,60
2023-04-13,8010359,8010359,20,38,36
2023-04-13,8010359,8012946,9,19,22
2023-04-13,8010359,8013033,11,19,35
2023-04-13,8011018,8011018,62,76,103
2023-04-13,8011018,8012284,34,38,120
2023-04-13,8011018,8013362,28,38,97
2023-04-13,8011077,8010122,9,19,153
2023-04-13,8011077,8011077,45,72,167
2023-04-13,8011077,8011132,1,1,30
2023-04-13,8011077,8011914,12,17,198
2023-04-13,8011077,8012178,13,17,81
2023-04-13,8011077,8012228,1,1,180
2023-04-13,8011132,8011077,0,1,0
2023-04-13,8011132,8011132,32,36,154
2023-04-13,8011132,8012228,1,1,30
2023-04-13,8011132,8012526,15,17,191
2023-04-13,8011132,8012597,13,17,166
2023-04-13,8011242,8011242,25,39,94
2023-04-13,8011242,8012241,34,39,50
2023-04-13,8011242,8012623,7,19,152
2023-04-13,8011339,8011339,37,58,142
2023-04-13,8011339,8012117,17,29,152
2023-04-13,8011339,8013461,15,29,168
2023-04-13,8011387,8010161,25,31,82
2023-04-13,8011387,8011387,32,58,85
2023-04-13,8011387,8012371,7,27,107
2023-04-13,8011491,8010008,28,38,117
2023-04-13,8011491,8010059,64,87,92
2023-04-13,8011491,8010208,21,29,94
2023-04-13,8011491,8011491,118,174,93
2023-04-13,8011495,8010208,15,17,206
2023-04-13,8011495,8011495,29,34,151
2023-04-13,8011495,8012375,13,17,90
2023-04-13,8011588,8010122,12,19,164
2023-04-13,8011588,8011588,24,38,98
2023-04-13,8011588,8012463,16,20,34
2023-04-13,8011598,8010228,9,76,25
2023-04-13,8011598,8011598,28,79,65
2023-04-13,8011598,8011745,19,39,98
2023-04-13,8011626,8010059,29,38,107
2023-04-13,8011626,8011626,57,76,101
2023-04-13,8011626,8012284,26,38,109
2023-04-13,8011705,8010144,3,17,19
2023-04-13,8011705,8011705,22,34,43
2023-04-13,8011705,8011763,19,29,36
2023-04-13,8011745,8011598,30,40,59
2023-04-13,8011745,8011745,43,79,75
2023-04-13,8011745,8013471,15,39,87
2023-04-13,8011753,8011753,24,41,43
2023-04-13,8011753,8012080,7,20,24
2023-04-13,8011753,8012311,8,21,46
2023-04-13,8011755,8011755,29,34,171
2023-04-13,8011755,8012228,15,17,228
2023-04-13,8011755,8012526,14,17,143
2023-04-13,8011763,8011705,15,29,40
2023-04-13,8011763,8011763,37,58,46
2023-04-13,8011763,8012416,18,29,41
2023-04-13,8011771,8010209,39,67,39
2023-04-13,8011771,8011771,79,134,51
2023-04-13,8011771,8013070,34,67,60
2023-04-13,8011913,8011913,32,34,149
2023-04-13,8011913,8012228,15,17,92
2023-04-13,8011913,8012375,14,17,180
2023-04-13,8011914,8011077,13,17,81
2023-04-13,8011914,8011914,25,34,133
2023-04-13,8011914,8013095,11,17,180
2023-04-13,8012053,8012053,19,34,46
2023-04-13,8012053,8012198,15,17,76
2023-04-13,8012053,8013295,4,17,25
2023-04-13,8012117,8011339,19,29,125
2023-04-13,8012117,8012117,45,58,155
2023-04-13,8012117,8013361,26,29,200
2023-04-13,8012178,8011077,17,17,219
2023-04-13,8012178,8012178,32,34,133
2023-04-13,8012178,8012597,16,17,85
2023-04-13,8012184,8012184,321,468,85
2023-04-13,8012184,8012187,157,235,69
2023-04-13,8012184,8012202,164,233,97
2023-04-13,8012187,8010206,96,115,88
2023-04-13,8012187,8012184,169,233,99
2023-04-13,8012187,8012187,335,468,82
2023-04-13,8012187,8012343,75,120,52
2023-04-13,8012192,8010209,20,26,143
2023-04-13,8012192,8012192,19,53,62
2023-04-13,8012192,8013447,3,27,17
2023-04-13,8012193,8010207,58,87,69
2023-04-13,8012193,8010209,1,3,10
2023-04-13,8012193,8012193,92,180,50
2023-04-13,8012193,8080840,30,67,31
2023-04-13,8012194,8010008,27,38,81
2023-04-13,8012194,8012194,53,76,82
2023-04-13,8012194,8012343,92,120,78
2023-04-13,8012195,8012190,33,38,139
2023-04-13,8012195,8012195,50,77,84
2023-04-13,8012195,8012273,18,39,42
2023-04-13,8012196,8012196,176,209,110
2023-04-13,8012196,8012200,47,66,128
2023-04-13,8012196,8012273,33,38,137
2023-04-13,8012196,8098205,83,104,67
2023-04-13,8012197,8012197,63,100,62
2023-04-13,8012197,8012204,27,50,31
2023-04-13,8012197,8012285,37,50,107
2023-04-13,8012198,8012053,5,17,32
2023-04-13,8012198,8012198,25,34,60
2023-04-13,8012198,8013087,8,17,46
2023-04-13,8012200,8012196,61,66,102
2023-04-13,8012200,8012200,94,132,98
2023-04-13,8012200,8012478,49,66,128
2023-04-13,8012204,8012181,39,50,35
2023-04-13,8012204,8012197,33,50,94
2023-04-13,8012204,8012204,74,100,74
2023-04-13,8012228,8011077,1,1,30
2023-04-13,8012228,8011132,1,1,30
2023-04-13,8012228,8011755,13,17,141
2023-04-13,8012228,8011913,15,17,210
2023-04-13,8012228,8012228,34,38,160
2023-04-13,8012232,8010080,12,19,46
2023-04-13,8012232,8012232,19,38,31
2023-04-13,8012232,8013033,4,19,16
2023-04-13,8012236,8010207,55,67,60
2023-04-13,8012236,8010209,41,67,69
2023-04-13,8012236,8012236,72,134,53
2023-04-13,8012241,8010243,29,39,28
2023-04-13,8012241,8011242,20,39,88
2023-04-13,8012241,8012241,48,78,58
2023-04-13,8012284,8011018,23,38,87
2023-04-13,8012284,8011626,32,38,106
2023-04-13,8012284,8012284,55,76,106
2023-04-13,8012285,8012197,36,50,31
2023-04-13,8012285,8012285,63,100,65
2023-04-13,8012285,8012865,28,50,89
2023-04-13,8012304,8010206,80,111,59
2023-04-13,8012304,8012304,191,224,79
2023-04-13,8012304,8012308,103,113,90
2023-04-13,8012308,8010228,61,78,62
2023-04-13,8012308,8012304,79,111,51
2023-04-13,8012308,8012308,175,224,72
2023-04-13,8012308,8013471,33,35,159
2023-04-13,8012311,8011071,1,1,30
2023-04-13,8012311,8011753,11,20,40
2023-04-13,8012311,8012311,20,42,36
2023-04-13,8012311,8012355,9,21,44
2023-04-13,8012355,8012311,6,20,16
2023-04-13,8012355,8012355,25,41,45
2023-04-13,8012355,8012817,19,21,64
2023-04-13,8012371,8010351,20,27,157
2023-04-13,8012371,8011387,15,31,61
2023-04-13,8012371,8012371,36,58,95
2023-04-13,8012375,8011495,16,17,224
2023-04-13,8012375,8011913,17,17,118
2023-04-13,8012375,8012375,32,34,150
2023-04-13,8012416,8010046,15,29,47
2023-04-13,8012416,8011763,17,29,79
2023-04-13,8012416,8012416,38,58,64
2023-04-13,8012478,8010076,6,15,64
2023-04-13,8012478,8012200,40,66,54
2023-04-13,8012478,8012478,119,189,84
2023-04-13,8012478,8012697,37,38,148
2023-04-13,8012478,8098205,29,40,122
2023-04-13,8012526,8011132,16,17,175
2023-04-13,8012526,8011755,15,17,182
2023-04-13,8012526,8012526,31,34,176
2023-04-13,8012576,8012576,6,38,13
2023-04-13,8012576,8013029,3,19,13
2023-04-13,8012576,8013424,4,19,13
2023-04-13,8012597,8011132,16,17,129
2023-04-13,8012597,8012178,13,17,152
2023-04-13,8012597,8012597,29,34,133
2023-04-13,8012623,8011242,17,20,51
2023-04-13,8012623,8012463,9,19,158
2023-04-13,8012623,8012623,25,39,102
2023-04-13,8012697,8012478,38,38,63
2023-04-13,8012697,8012697,75,76,117
2023-04-13,8012697,8013428,37,38,159
2023-04-13,8012731,8011371,15,21,39
2023-04-13,8012731,8012731,33,41,79
2023-04-13,8012731,8013138,16,20,66
2023-04-13,8012817,8010207,15,21,67
2023-04-13,8012817,8012355,15,20,38
2023-04-13,8012817,8012817,30,41,47
2023-04-13,8012863,8011752,38,42,107
2023-04-13,8012863,8012863,70,84,74
2023-04-13,8012863,8012865,32,42,49
2023-04-13,8012865,8012285,29,50,29
2023-04-13,8012865,8012863,29,42,91
2023-04-13,8012865,8012865,55,84,67
2023-04-13,8013029,8012576,9,19,28
2023-04-13,8013029,8012975,3,19,16
2023-04-13,8013029,8013029,12,38,24
2023-04-13,8013033,8010359,6,19,19
2023-04-13,8013033,8012232,14,19,38
2023-04-13,8013033,8013033,13,38,18
2023-04-13,8013070,8010186,40,67,63
2023-04-13,8013070,8011771,38,67,35
2023-04-13,8013070,8013070,80,134,51
2023-04-13,8013087,8010144,9,17,58
2023-04-13,8013087,8012198,9,17,35
2023-04-13,8013087,8013087,11,34,23
2023-04-13,8013093,8012190,19,39,24
2023-04-13,8013093,8012656,16,33,108
2023-04-13,8013093,8013093,35,67,69
2023-04-13,8013095,8010122,11,17,155
2023-04-13,8013095,8011914,10,17,60
2023-04-13,8013095,8013095,19,34,101
2023-04-13,8013295,8010080,5,17,18
2023-04-13,8013295,8012053,4,17,46
2023-04-13,8013295,8013295,10,34,39
2023-04-13,8013361,8010059,15,20,188
2023-04-13,8013361,8012117,13,29,99
2023-04-13,8013361,8013361,42,58,142
2023-04-13,8013361,8013362,20,38,81
2023-04-13,8013362,8011018,34,38,106
2023-04-13,8013362,8013361,19,38,88
2023-04-13,8013362,8013362,52,76,91
2023-04-13,8013424,8010080,10,19,33
2023-04-13,8013424,8012576,6,19,19
2023-04-13,8013424,8013424,15,38,21
2023-04-13,8013428,8010076,38,38,159
2023-04-13,8013428,8012697,16,38,25
2023-04-13,8013428,8013428,52,76,97
2023-04-13,8013447,8010269,3,27,12
2023-04-13,8013447,8012192,7,26,89
2023-04-13,8013447,8013447,10,53,57
2023-04-13,8013461,8011339,22,29,162
2023-04-13,8013461,8011637,20,20,147
2023-04-13,8013461,8013461,25,40,151
2023-04-13,8013471,8010003,15,17,164
2023-04-13,8013471,8010243,0,1,0
2023-04-13,8013471,8011222,38,57,102
2023-04-13,8013471,8011745,23,40,52
2023-04-13,8013471,8012308,27,35,39
2023-04-13,8013471,8013471,96,150,77
2023-04-13,8080930,8010208,19,29,56
2023-04-13,8080930,8080930,40,58,63
2023-04-14,8010046,8010046,34,60,62
2023-04-14,8010046,8010059,18,30,46
2023-04-14,8010046,8012416,22,30,72
2023-04-14,8010059,8010046,22,30,86
2023-04-14,8010059,8010059,128,178,110
2023-04-14,8010059,8011491,58,89,94
2023-04-14,8010059,8011626,14,39,90
2023-04-14,8010059,8013361,17,20,224
2023-04-14,8010076,8010076,49,78,64
2023-04-14,8010076,8012478,0,15,0
2023-04-14,8010076,8012629,35,39,88
2023-04-14,8010076,8013428,14,39,45
2023-04-14,8010080,8010080,27,38,30
2023-04-14,8010080,8012232,14,19,32
2023-04-14,8010080,8013295,1,17,2
2023-04-14,8010080,8013424,4,19,8
2023-04-14,8010095,8010095,6,69,3
2023-04-14,8010095,8010161,1,34,1
2023-04-14,8010095,8011959,3,35,6
2023-04-14,8010095,8011983,14,15,64
2023-04-14,8010122,8010122,33,38,146
2023-04-14,8010122,8010238,14,19,129
2023-04-14,8010122,8011077,15,19,167
2023-04-14,8010122,8011588,17,20,104
2023-04-14,8010122,8013095,5,18,17
2023-04-14,8010144,8010144,12,34,18
2023-04-14,8010144,8011705,6,17,23
2023-04-14,8010144,8013087,6,17,9
2023-04-14,8010161,8010095,7,35,14
2023-04-14,8010161,8010161,18,58,22
2023-04-14,8010161,8011387,1,28,2
2023-04-14,8010186,8010186,71,137,25
2023-04-14,8010186,8012344,40,68,34
2023-04-14,8010186,8013070,31,69,16
2023-04-14,8010207,8010207,106,179,64
2023-04-14,8010207,8012193,78,91,92
2023-04-14,8010207,8012236,17,68,21
2023-04-14,8010207,8012817,2,20,14
2023-04-14,8010208,8010208,76,99,89
2023-04-14,8010208,8011491,23,32,82
2023-04-14,8010208,8011495,18,18,45
2023-04-14,8010208,8080930,15,31,144
2023-04-14,8010209,8010209,103,192,31
2023-04-14,8010209,8011771,27,68,29
2023-04-14,8010209,8012192,16,28,33
2023-04-14,8010209,8012193,2,2,165
2023-04-14,8010209,8012236,37,69,13
2023-04-14,8010228,8010228,119,156,49
2023-04-14,8010228,8011598,44,78,52
2023-04-14,8010228,8012308,73,77,42
2023-04-14,8010228,8013471,0,1,0
2023-04-14,8010238,8010122,17,19,175
2023-04-14,8010238,8010238,30,38,152
2023-04-14,8010238,8011297,13,19,133
2023-04-14,8010269,8010269,12,55,20
2023-04-14,8010269,8012682,2,28,2
2023-04-14,8010269,8013447,9,27,44
2023-04-14,8010351,8012371,17,30,51
2023-04-14,8010359,8010359,27,38,30
2023-04-14,8010359,8012946,14,19,30
2023-04-14,8010359,8013033,11,19,21
2023-04-14,8011018,8011018,63,78,105
2023-04-14,8011018,8012284,37,39,109
2023-04-14,8011018,8013362,27,39,112
2023-04-14,8011077,8010122,16,19,125
2023-04-14,8011077,8011077,64,74,127
2023-04-14,8011077,8011132,0,1,0
2023-04-14,8011077,8011914,11,18,123
2023-04-14,8011077,8012178,13,18,93
2023-04-14,8011077,8012228,1,1,90
2023-04-14,8011132,8011077,1,1,210
2023-04-14,8011132,8011132,32,38,93
2023-04-14,8011132,8012228,0,1,0
2023-04-14,8011132,8012526,15,18,100
2023-04-14,8011132,8012597,11,18,73
2023-04-14,8011242,8011242,29,40,40
2023-04-14,8011242,8012241,33,40,52
2023-04-14,8011242,8012623,10,19,24
2023-04-14,8011339,8011339,46,59,154
2023-04-14,8011339,8012117,21,29,133
2023-04-14,8011339,8013461,22,30,168
2023-04-14,8011387,8010161,28,32,63
2023-04-14,8011387,8011387,35,60,32
2023-04-14,8011387,8012371,7,28,9
2023-04-14,8011491,8010008,24,38,92
2023-04-14,8011491,8010059,56,89,116
2023-04-14,8011491,8010208,16,31,66
2023-04-14,8011491,8011491,106,178,100
2023-04-14,8011495,8010208,17,18,123
2023-04-14,8011495,8011495,34,36,89
2023-04-14,8011495,8012375,14,18,52
2023-04-14,8011588,8010122,12,19,28
2023-04-14,8011588,8011588,32,39,45
2023-04-14,8011588,8012463,20,21,51
2023-04-14,8011598,8010228,18,77,8
2023-04-14,8011598,8011598,39,81,30
2023-04-14,8011598,8011745,23,40,44
2023-04-14,8011626,8010059,36,39,89
2023-04-14,8011626,8011626,62,78,98
2023-04-14,8011626,8012284,27,39,119
2023-04-14,8011705,8010144,2,17,7
2023-04-14,8011705,8011705,13,34,16
2023-04-14,8011705,8011763,13,30,14
2023-04-14,8011745,8011598,34,41,51
2023-04-14,8011745,8011745,56,81,45
2023-04-14,8011745,8013471,23,40,38
2023-04-14,8011753,8011753,30,42,101
2023-04-14,8011753,8012080,9,20,48
2023-04-14,8011753,8012311,14,22,132
2023-04-14,8011755,8011755,26,36,71
2023-04-14,8011755,8012228,16,18,132
2023-04-14,8011755,8012526,12,18,43
2023-04-14,8011763,8011705,15,30,38
2023-04-14,8011763,8011763,36,60,35
2023-04-14,8011763,8012416,19,30,27
2023-04-14,8011771,8010209,47,69,19
2023-04-14,8011771,8011771,94,137,29
2023-04-14,8011771,8013070,43,68,34
2023-04-14,8011913,8011913,33,36,82
2023-04-14,8011913,8012228,15,18,48
2023-04-14,8011913,8012375,11,18,90
2023-04-14,8011914,8011077,16,18,75
2023-04-14,8011914,8011914,28,36,98
2023-04-14,8011914,8013095,12,18,115
2023-04-14,8012053,8012053,16,34,15
2023-04-14,8012053,8012198,14,17,32
2023-04-14,8012053,8013295,3,17,9
2023-04-14,8012117,8011339,26,30,167
2023-04-14,8012117,8012117,50,59,162
2023-04-14,8012117,8013361,26,29,177
2023-04-14,8012178,8011077,17,18,113
2023-04-14,8012178,8012178,33,36,92
2023-04-14,8012178,8012597,16,18,97
2023-04-14,8012184,8012184,340,476,48
2023-04-14,8012184,8012187,160,240,61
2023-04-14,8012184,8012202,180,236,34
2023-04-14,8012187,8010206,97,116,64
2023-04-14,8012187,8012184,187,236,34
2023-04-14,8012187,8012187,348,476,47
2023-04-14,8012187,8012343,72,124,64
2023-04-14,8012192,8010209,22,27,67
2023-04-14,8012192,8012192,20,55,27
2023-04-14,8012192,8013447,7,28,18
2023-04-14,8012193,8010207,63,88,42
2023-04-14,8012193,8010209,0,3,0
2023-04-14,8012193,8012193,120,184,45
2023-04-14,8012193,8080840,45,69,27
2023-04-14,8012194,8010008,26,37,94
2023-04-14,8012194,8012194,56,75,77
2023-04-14,8012194,8012343,111,122,52
2023-04-14,8012195,8012190,35,39,57
2023-04-14,8012195,8012195,64,79,43
2023-04-14,8012195,8012273,30,40,44
2023-04-14,8012196,8012196,181,213,67
2023-04-14,8012196,8012200,44,67,51
2023-04-14,8012196,8012273,36,39,38
2023-04-14,8012196,8098205,84,106,69
2023-04-14,8012197,8012197,64,101,56
2023-04-14,8012197,8012204,28,51,71
2023-04-14,8012197,8012285,36,50,59
2023-04-14,8012198,8012053,1,17,2
2023-04-14,8012198,8012198,21,34,23
2023-04-14,8012198,8013087,3,17,2
2023-04-14,8012200,8012196,62,67,106
2023-04-14,8012200,8012200,96,134,68
2023-04-14,8012200,8012478,52,67,62
2023-04-14,8012204,8012181,46,51,77
2023-04-14,8012204,8012197,33,50,38
2023-04-14,8012204,8012204,84,101,64
2023-04-14,8012228,8011077,1,1,330
2023-04-14,8012228,8011132,1,1,240
2023-04-14,8012228,8011755,10,18,35
2023-04-14,8012228,8011913,15,18,112
2023-04-14,8012228,8012228,34,40,92
2023-04-14,8012232,8010080,10,19,30
2023-04-14,8012232,8012232,19,38,21
2023-04-14,8012232,8013033,2,19,13
2023-04-14,8012236,8010207,60,69,53
2023-04-14,8012236,8010209,53,68,46
2023-04-14,8012236,8012236,97,137,36
2023-04-14,8012241,8010243,37,40,40
2023-04-14,8012241,8011242,24,40,36
2023-04-14,8012241,8012241,61,80,38
2023-04-14,8012284,8011018,24,39,103
2023-04-14,8012284,8011626,34,39,91
2023-04-14,8012284,8012284,58,78,104
2023-04-14,8012285,8012197,39,51,73
2023-04-14,8012285,8012285,60,101,56
2023-04-14,8012285,8012865,20,50,32
2023-04-14,8012304,8010206,90,112,40
2023-04-14,8012304,8012304,208,226,64
2023-04-14,8012304,8012308,106,114,77
2023-04-14,8012308,8010228,72,79,79
2023-04-14,8012308,8012304,94,112,37
2023-04-14,8012308,8012308,202,226,57
2023-04-14,8012308,8013471,35,35,105
2023-04-14,8012311,8011071,1,1,30
2023-04-14,8012311,8011753,13,20,58
2023-04-14,8012311,8012311,28,43,84
2023-04-14,8012311,8012355,14,22,127
2023-04-14,8012355,8012311,7,20,24
2023-04-14,8012355,8012355,27,42,92
2023-04-14,8012355,8012817,20,22,147
2023-04-14,8012371,8010351,26,28,62
2023-04-14,8012371,8011387,19,32,56
2023-04-14,8012371,8012371,44,60,46
2023-04-14,8012375,8011495,18,18,133
2023-04-14,8012375,8011913,18,18,77
2023-04-14,8012375,8012375,35,36,86
2023-04-14,8012416,8010046,13,30,47
2023-04-14,8012416,8011763,18,30,66
2023-04-14,8012416,8012416,37,60,52
2023-04-14,8012478,8010076,0,15,0
2023-04-14,8012478,8012200,45,67,63
2023-04-14,8012478,8012478,119,191,53
2023-04-14,8012478,8012697,36,39,85
2023-04-14,8012478,8098205,34,40,74
2023-04-14,8012526,8011132,17,18,75
2023-04-14,8012526,8011755,15,18,90
2023-04-14,8012526,8012526,32,36,81
2023-04-14,8012576,8012576,6,38,9
2023-04-14,8012576,8013029,5,19,13
2023-04-14,8012576,8013424,2,19,9
2023-04-14,8012597,8011132,18,18,135
2023-04-14,8012597,8012178,11,18,62
2023-04-14,8012597,8012597,29,36,91
2023-04-14,8012623,8011242,20,21,79
2023-04-14,8012623,8012463,11,19,27
2023-04-14,8012623,8012623,31,40,54
2023-04-14,8012697,8012478,39,39,85
2023-04-14,8012697,8012697,78,78,93
2023-04-14,8012697,8013428,37,39,94
2023-04-14,8012731,8011371,19,22,55
2023-04-14,8012731,8012731,37,43,78
2023-04-14,8012731,8013138,14,21,54
2023-04-14,8012817,8010207,20,22,164
2023-04-14,8012817,8012355,16,20,40
2023-04-14,8012817,8012817,36,42,95
2023-04-14,8012863,8011752,37,42,57
2023-04-14,8012863,8012863,75,85,68
2023-04-14,8012863,8012865,38,43,91
2023-04-14,8012865,8012285,36,51,66
2023-04-14,8012865,8012863,36,42,46
2023-04-14,8012865,8012865,68,85,66
2023-04-14,8013029,8012576,17,19,36
2023-04-14,8013029,8012975,5,19,11
2023-04-14,8013029,8013029,23,38,26
2023-04-14,8013033,8010359,4,19,16
2023-04-14,8013033,8012232,12,19,19
2023-04-14,8013033,8013033,6,38,9
2023-04-14,8013070,8010186,48,68,37
2023-04-14,8013070,8011771,50,69,21
2023-04-14,8013070,8013070,98,137,30
2023-04-14,8013087,8010144,3,17,16
2023-04-14,8013087,8012198,7,17,21
2023-04-14,8013087,8013087,4,34,-4
2023-04-14,8013093,8012190,24,40,23
2023-04-14,8013093,8012656,17,34,19
2023-04-14,8013093,8013093,41,69,23
2023-04-14,8013095,8010122,9,18,93
2023-04-14,8013095,8011914,14,18,50
2023-04-14,8013095,8013095,17,36,61
2023-04-14,8013295,8010080,3,17,7
2023-04-14,8013295,8012053,0,17,0
2023-04-14,8013295,8013295,4,34,6
2023-04-14,8013361,8010059,19,20,206
2023-04-14,8013361,8012117,20,30,147
2023-04-14,8013361,8013361,53,59,166
2023-04-14,8013361,8013362,19,39,58
2023-04-14,8013362,8011018,37,39,89
2023-04-14,8013362,8013361,22,39,110
2023-04-14,8013362,8013362,57,78,94
2023-04-14,8013424,8010080,11,19,32
2023-04-14,8013424,8012576,4,19,9
2023-04-14,8013424,8013424,15,38,17
2023-04-14,8013428,8010076,38,39,107
2023-04-14,8013428,8012697,14,39,46
2023-04-14,8013428,8013428,52,78,77
2023-04-14,8013447,8010269,6,28,13
2023-04-14,8013447,8012192,5,27,23
2023-04-14,8013447,8013447,10,55,24
2023-04-14,8013461,8011339,24,29,148
2023-04-14,8013461,8011637,20,20,279
2023-04-14,8013461,8013461,31,40,196
2023-04-14,8013471,8010003,16,17,95
2023-04-14,8013471,8010243,1,1,30
2023-04-14,8013471,8011222,48,58,60
2023-04-14,8013471,8011745,31,41,35
2023-04-14,8013471,8012308,29,35,33
2023-04-14,8013471,8013471,113,152,50
2023-04-14,8080930,8010208,20,32,61
2023-04-14,8080930,8080930,34,63,75
2023-04-15,8010046,8010046,17,40,40
2023-04-15,8010046,8010059,9,20,27
2023-04-15,8010046,8012416,10,20,52
2023-04-15,8010059,8010046,11,20,60
2023-04-15,8010059,8010059,114,156,106
2023-04-15,8010059,8011491,53,78,108
2023-04-15,8010059,8011626,17,38,45
2023-04-15,8010059,8013361,18,20,224
2023-04-15,8010076,8010076,49,76,72
2023-04-15,8010076,8012141,1,1,120
2023-04-15,8010076,8012478,11,15,40
2023-04-15,8010076,8012629,33,39,100
2023-04-15,8010076,8013428,15,38,39
2023-04-15,8010080,8010080,15,22,38
2023-04-15,8010080,8012232,9,11,49
2023-04-15,8010080,8013295,2,8,26
2023-04-15,8010080,8013424,0,11,0
2023-04-15,8010095,8010095,6,58,5
2023-04-15,8010095,8010161,3,29,6
2023-04-15,8010095,8011959,1,31,2
2023-04-15,8010095,8011983,6,8,49
2023-04-15,8010122,8010122,30,38,179
2023-04-15,8010122,8010238,11,19,169
2023-04-15,8010122,8011077,10,19,207
2023-04-15,8010122,8011588,15,19,93
2023-04-15,8010122,8013095,5,16,26
2023-04-15,8010144,8010144,5,17,21
2023-04-15,8010144,8011705,3,8,45
2023-04-15,8010144,8013087,2,9,3
2023-04-15,8010161,8010095,4,29,11
2023-04-15,8010161,8010161,16,52,21
2023-04-15,8010161,8011387,4,25,8
2023-04-15,8010186,8010186,34,84,15
2023-04-15,8010186,8012344,8,42,12
2023-04-15,8010186,8013070,25,42,25
2023-04-15,8010207,8010207,66,124,52
2023-04-15,8010207,8012193,50,62,89
2023-04-15,8010207,8012236,6,42,2
2023-04-15,8010207,8012817,4,20,9
2023-04-15,8010208,8010208,50,76,80
2023-04-15,8010208,8011491,10,20,50
2023-04-15,8010208,8011495,15,17,74
2023-04-15,8010208,8080930,11,23,44
2023-04-15,8010209,8010209,48,136,15
2023-04-15,8010209,8011771,13,42,14
2023-04-15,8010209,8012192,7,26,13
2023-04-15,8010209,8012193,1,1,30
2023-04-15,8010209,8012236,14,42,1
2023-04-15,8010228,8010228,107,149,35
2023-04-15,8010228,8011598,36,74,30
2023-04-15,8010228,8012308,70,75,37
2023-04-15,8010238,8010122,16,19,175
2023-04-15,8010238,8010238,27,38,180
2023-04-15,8010238,8011297,11,19,191
2023-04-15,8010269,8010269,2,52,11
2023-04-15,8010269,8012682,0,26,0
2023-04-15,8010269,8013447,3,26,22
2023-04-15,8010351,8012371,14,27,46
2023-04-15,8010359,8010359,14,22,37
2023-04-15,8010359,8012946,5,11,35
2023-04-15,8010359,8013033,8,11,27
2023-04-15,8011018,8011018,65,76,94
2023-04-15,8011018,8012284,35,38,122
2023-04-15,8011018,8013362,29,38,74
2023-04-15,8011077,8010122,14,19,167
2023-04-15,8011077,8011077,57,71,182
2023-04-15,8011077,8011132,0,1,0
2023-04-15,8011077,8011914,14,17,182
2023-04-15,8011077,8012178,12,16,156
2023-04-15,8011077,8012228,1,1,450
2023-04-15,8011132,8011077,0,1,0
2023-04-15,8011132,8011132,30,35,141
2023-04-15,8011132,8012228,1,1,30
2023-04-15,8011132,8012526,11,16,146
2023-04-15,8011132,8012597,13,17,145
2023-04-15,8011242,8011242,23,39,28
2023-04-15,8011242,8012241,35,39,49
2023-04-15,8011242,8012623,11,20,18
2023-04-15,8011339,8011339,38,45,186
2023-04-15,8011339,8012117,18,22,190
2023-04-15,8011339,8013461,17,23,184
2023-04-15,8011387,8010161,22,29,56
2023-04-15,8011387,8011387,30,54,32
2023-04-15,8011387,8012371,8,25,16
2023-04-15,8011491,8010008,26,35,110
2023-04-15,8011491,8010059,54,78,98
2023-04-15,8011491,8010208,12,23,56
2023-04-15,8011491,8011491,98,156,99
2023-04-15,8011495,8010208,13,16,167
2023-04-15,8011495,8011495,29,33,136
2023-04-15,8011495,8012375,13,17,109
2023-04-15,8011588,8010122,10,20,21
2023-04-15,8011588,8011588,26,39,31
2023-04-15,8011588,8012463,17,19,49
2023-04-15,8011598,8010228,8,75,3
2023-04-15,8011598,8011598,30,80,18
2023-04-15,8011598,8011745,22,39,38
2023-04-15,8011626,8010059,32,38,105
2023-04-15,8011626,8011626,60,76,84
2023-04-15,8011626,8012284,28,38,77
2023-04-15,8011705,8010144,1,9,7
2023-04-15,8011705,8011705,7,17,23
2023-04-15,8011705,8011763,7,20,16
2023-04-15,8011745,8011598,22,41,24
2023-04-15,8011745,8011745,43,80,27
2023-04-15,8011745,8013471,21,39,23
2023-04-15,8011753,8011753,28,40,80
2023-04-15,8011753,8012080,8,20,38
2023-04-15,8011753,8012311,12,20,104
2023-04-15,8011755,8011755,27,33,128
2023-04-15,8011755,8012228,16,16,189
2023-04-15,8011755,8012526,12,17,104
2023-04-15,8011763,8011705,8,20,18
2023-04-15,8011763,8011763,18,40,22
2023-04-15,8011763,8012416,10,20,22
2023-04-15,8011771,8010209,27,42,17
2023-04-15,8011771,8011771,51,84,20
2023-04-15,8011771,8013070,18,42,14
2023-04-15,8011913,8011913,27,33,136
2023-04-15,8011913,8012228,14,17,113
2023-04-15,8011913,8012375,11,16,150
2023-04-15,8011914,8011077,13,16,73
2023-04-15,8011914,8011914,26,33,116
2023-04-15,8011914,8013095,13,17,155
2023-04-15,8012053,8012053,8,17,26
2023-04-15,8012053,8012198,7,8,56
2023-04-15,8012053,8013295,2,9,-3
2023-04-15,8012117,8011339,21,23,187
2023-04-15,8012117,8012117,41,45,195
2023-04-15,8012117,8013361,22,22,218
2023-04-15,8012178,8011077,16,17,198
2023-04-15,8012178,8012178,30,33,163
2023-04-15,8012178,8012597,14,16,161
2023-04-15,8012184,8012184,319,472,44
2023-04-15,8012184,8012187,156,236,52
2023-04-15,8012184,8012202,163,236,32
2023-04-15,8012187,8010206,86,113,58
2023-04-15,8012187,8012184,190,236,38
2023-04-15,8012187,8012187,343,472,44
2023-04-15,8012187,8012343,72,123,46
2023-04-15,8012192,8010209,13,26,36
2023-04-15,8012192,8012192,10,52,15
2023-04-15,8012192,8013447,3,26,5
2023-04-15,8012193,8010207,36,62,28
2023-04-15,8012193,8010209,0,1,0
2023-04-15,8012193,8012193,72,126,40
2023-04-15,8012193,8080840,23,42,20
2023-04-15,8012194,8010008,31,38,62
2023-04-15,8012194,8012194,61,73,62
2023-04-15,8012194,8012343,106,122,63
2023-04-15,8012195,8012190,33,40,42
2023-04-15,8012195,8012195,48,79,28
2023-04-15,8012195,8012273,17,39,22
2023-04-15,8012196,8012196,183,224,62
2023-04-15,8012196,8012200,51,73,44
2023-04-15,8012196,8012273,36,40,39
2023-04-15,8012196,8098205,87,110,55
2023-04-15,8012197,8012197,56,87,43
2023-04-15,8012197,8012204,25,44,42
2023-04-15,8012197,8012285,33,43,73
2023-04-15,8012198,8012053,1,9,7
2023-04-15,8012198,8012198,12,17,37
2023-04-15,8012198,8013087,2,8,30
2023-04-15,8012200,8012196,69,72,105
2023-04-15,8012200,8012200,110,145,63
2023-04-15,8012200,8012478,62,73,59
2023-04-15,8012204,8012181,41,44,48
2023-04-15,8012204,8012197,30,43,45
2023-04-15,8012204,8012204,75,87,58
2023-04-15,8012228,8011077,1,1,390
2023-04-15,8012228,8011132,0,1,0
2023-04-15,8012228,8011755,12,17,97
2023-04-15,8012228,8011913,13,16,169
2023-04-15,8012228,8012228,34,37,156
2023-04-15,8012232,8010080,6,11,30
2023-04-15,8012232,8012232,10,22,29
2023-04-15,8012232,8013033,4,11,33
2023-04-15,8012236,8010207,32,42,34
2023-04-15,8012236,8010209,27,42,28
2023-04-15,8012236,8012236,46,84,21
2023-04-15,8012241,8010243,32,39,31
2023-04-15,8012241,8011242,19,39,30
2023-04-15,8012241,8012241,51,78,30
2023-04-15,8012284,8011018,27,38,65
2023-04-15,8012284,8011626,31,38,96
2023-04-15,8012284,8012284,60,76,86
2023-04-15,8012285,8012197,34,44,43
2023-04-15,8012285,8012285,57,87,51
2023-04-15,8012285,8012865,21,43,33
2023-04-15,8012304,8010206,88,109,37
2023-04-15,8012304,8012304,203,218,56
2023-04-15,8012304,8012308,102,109,70
2023-04-15,8012308,8010228,65,74,58
2023-04-15,8012308,8012304,88,109,31
2023-04-15,8012308,8012308,185,218,51
2023-04-15,8012308,8013471,32,35,105
2023-04-15,8012311,8011753,13,20,54
2023-04-15,8012311,8012311,24,40,69
2023-04-15,8012311,8012355,12,20,110
2023-04-15,8012355,8012311,6,20,16
2023-04-15,8012355,8012355,25,40,80
2023-04-15,8012355,8012817,19,20,146
2023-04-15,8012371,8010351,24,25,60
2023-04-15,8012371,8011387,12,29,38
2023-04-15,8012371,8012371,36,54,41
2023-04-15,8012375,8011495,15,16,189
2023-04-15,8012375,8011913,14,17,131
2023-04-15,8012375,8012375,29,33,143
2023-04-15,8012416,8010046,7,20,21
2023-04-15,8012416,8011763,9,20,48
2023-04-15,8012416,8012416,19,40,36
2023-04-15,8012478,8010076,15,15,68
2023-04-15,8012478,8012200,47,72,57
2023-04-15,8012478,8012478,122,187,60
2023-04-15,8012478,8012697,37,39,87
2023-04-15,8012478,8098205,24,40,85
2023-04-15,8012526,8011132,17,17,134
2023-04-15,8012526,8011755,11,16,142
2023-04-15,8012526,8012526,28,33,135
2023-04-15,8012576,8012576,9,22,76
2023-04-15,8012576,8013029,5,11,106
2023-04-15,8012576,8013424,4,11,46
2023-04-15,8012597,8011132,15,16,193
2023-04-15,8012597,8012178,14,17,136
2023-04-15,8012597,8012597,29,33,159
2023-04-15,8012623,8011242,19,19,69
2023-04-15,8012623,8012463,3,20,6
2023-04-15,8012623,8012623,22,39,42
2023-04-15,8012697,8012478,37,38,86
2023-04-15,8012697,8012697,75,77,98
2023-04-15,8012697,8013428,37,39,108
2023-04-15,8012731,8011371,19,22,52
2023-04-15,8012731,8012731,38,44,67
2023-04-15,8012731,8013138,10,22,30
2023-04-15,8012817,8010207,18,20,153
2023-04-15,8012817,8012355,19,20,38
2023-04-15,8012817,8012817,36,40,88
2023-04-15,8012863,8011752,34,43,48
2023-04-15,8012863,8012863,69,87,49
2023-04-15,8012863,8012865,35,44,59
2023-04-15,8012865,8012285,27,44,43
2023-04-15,8012865,8012863,31,43,40
2023-04-15,8012865,8012865,59,88,46
2023-04-15,8013029,8012576,5,11,68
2023-04-15,8013029,8012975,3,11,93
2023-04-15,8013029,8013029,10,22,85
2023-04-15,8013033,8010359,3,11,33
2023-04-15,8013033,8012232,4,11,16
2023-04-15,8013033,8013033,5,22,19
2023-04-15,8013070,8010186,28,42,23
2023-04-15,8013070,8011771,31,42,21
2023-04-15,8013070,8013070,61,84,25
2023-04-15,8013087,8010144,3,8,34
2023-04-15,8013087,8012198,5,9,23
2023-04-15,8013087,8013087,4,17,7
2023-04-15,8013093,8012190,20,39,18
2023-04-15,8013093,8012656,18,32,21
2023-04-15,8013093,8013093,35,63,23
2023-04-15,8013095,8010122,11,17,134
2023-04-15,8013095,8011914,8,16,43
2023-04-15,8013095,8013095,16,33,83
2023-04-15,8013295,8010080,2,9,7
2023-04-15,8013295,8012053,1,8,22
2023-04-15,8013295,8013295,4,17,12
2023-04-15,8013361,8010059,17,20,224
2023-04-15,8013361,8012117,17,23,163
2023-04-15,8013361,8013361,39,45,199
2023-04-15,8013361,8013362,19,38,75
2023-04-15,8013362,8011018,33,38,104
2023-04-15,8013362,8013361,23,38,75
2023-04-15,8013362,8013362,56,76,83
2023-04-15,8013424,8010080,7,11,60
2023-04-15,8013424,8012576,5,11,95
2023-04-15,8013424,8013424,12,22,55
2023-04-15,8013428,8010076,39,39,138
2023-04-15,8013428,8012697,19,38,48
2023-04-15,8013428,8013428,57,77,86
2023-04-15,8013447,8010269,0,26,0
2023-04-15,8013447,8012192,2,26,18
2023-04-15,8013447,8013447,2,52,10
2023-04-15,8013461,8011339,21,22,195
2023-04-15,8013461,8011637,20,20,225
2023-04-15,8013461,8013461,33,40,202
2023-04-15,8013471,8010003,15,17,127
2023-04-15,8013471,8011222,40,57,44
2023-04-15,8013471,8011745,20,41,19
2023-04-15,8013471,8012308,22,34,24
2023-04-15,8013471,8013471,92,149,39
2023-04-15,8080930,8010208,7,20,32
2023-04-15,8080930,8080930,18,43,42
2023-04-16,8010046,8010046,19,38,36
2023-04-16,8010046,8010059,13,19,32
2023-04-16,8010046,8012416,12,19,44
2023-04-16,8010059,8010046,14,19,57
2023-04-16,8010059,8010059,93,146,70
2023-04-16,8010059,8011491,34,73,66
2023-04-16,8010059,8011626,8,36,16
2023-04-16,8010059,8013361,16,18,170
2023-04-16,8010076,8010076,48,74,57
2023-04-16,8010076,8012141,1,1,30
2023-04-16,8010076,8012478,12,15,76
2023-04-16,8010076,8012629,35,38,69
2023-04-16,8010076,8013428,14,37,41
2023-04-16,8010080,8010080,15,22,33
2023-04-16,8010080,8012232,8,11,33
2023-04-16,8010080,8013295,1,8,4
2023-04-16,8010080,8013424,1,11,8
2023-04-16,8010095,8010095,1,5,-12
2023-04-16,8010095,8010161,0,3,0
2023-04-16,8010095,8011959,2,29,3
2023-04-16,8010095,8011983,6,8,41
2023-04-16,8010122,8010122,29,36,66
2023-04-16,8010122,8010238,13,18,65
2023-04-16,8010122,8011077,9,18,47
2023-04-16,8010122,8011588,15,17,95
2023-04-16,8010122,8013095,1,15,2
2023-04-16,8010144,8010144,6,17,16
2023-04-16,8010144,8011705,2,8,15
2023-04-16,8010144,8013087,4,9,13
2023-04-16,8010161,8010095,0,2,-45
2023-04-16,8010186,8010186,28,81,11
2023-04-16,8010186,8012344,10,41,10
2023-04-16,8010186,8013070,18,40,15
2023-04-16,8010207,8010207,68,120,51
2023-04-16,8010207,8012193,52,59,78
2023-04-16,8010207,8012236,8,41,8
2023-04-16,8010207,8012817,1,20,3
2023-04-16,8010208,8010208,50,74,49
2023-04-16,8010208,8011491,13,22,41
2023-04-16,8010208,8011495,14,16,41
2023-04-16,8010208,8080930,9,21,33
2023-04-16,8010209,8010209,55,128,23
2023-04-16,8010209,8011771,14,41,13
2023-04-16,8010209,8012192,9,23,60
2023-04-16,8010209,8012193,1,1,30
2023-04-16,8010209,8012236,20,40,13
2023-04-16,8010228,8010228,94,143,35
2023-04-16,8010228,8011598,21,71,28
2023-04-16,8010228,8012308,67,72,40
2023-04-16,8010238,8010122,14,18,72
2023-04-16,8010238,8010238,26,36,60
2023-04-16,8010238,8011297,13,18,58
2023-04-16,8010269,8010269,5,47,19
2023-04-16,8010269,8012682,5,23,31
2023-04-16,8010269,8013447,2,24,10
2023-04-16,8010359,8010359,15,22,37
2023-04-16,8010359,8012946,8,11,38
2023-04-16,8010359,8013033,7,11,25
2023-04-16,8011018,8011018,53,72,50
2023-04-16,8011018,8012284,29,36,70
2023-04-16,8011018,8013362,22,36,34
2023-04-16,8011077,8010122,14,18,68
2023-04-16,8011077,8011077,51,67,65
2023-04-16,8011077,8011132,0,1,0
2023-04-16,8011077,8011914,9,16,51
2023-04-16,8011077,8012178,12,15,54
2023-04-16,8011077,8012228,1,1,60
2023-04-16,8011132,8011077,0,1,0
2023-04-16,8011132,8011132,25,33,55
2023-04-16,8011132,8012228,0,1,0
2023-04-16,8011132,8012526,12,15,56
2023-04-16,8011132,8012597,10,16,45
2023-04-16,8011242,8011242,19,36,27
2023-04-16,8011242,8012241,26,36,46
2023-04-16,8011242,8012623,9,19,30
2023-04-16,8011339,8011339,32,43,153
2023-04-16,8011339,8012117,11,21,141
2023-04-16,8011339,8013461,16,22,165
2023-04-16,8011387,8010161,0,2,0
2023-04-16,8011387,8011387,0,2,0
2023-04-16,8011491,8010008,22,34,56
2023-04-16,8011491,8010059,44,73,64
2023-04-16,8011491,8010208,13,21,46
2023-04-16,8011491,8011491,72,146,62
2023-04-16,8011495,8010208,11,15,52
2023-04-16,8011495,8011495,26,31,58
2023-04-16,8011495,8012375,13,16,47
2023-04-16,8011588,8010122,8,19,30
2023-04-16,8011588,8011588,21,36,29
2023-04-16,8011588,8012463,13,17,28
2023-04-16,8011598,8010228,7,72,6
2023-04-16,8011598,8011598,24,74,20
2023-04-16,8011598,8011745,14,36,31
2023-04-16,8011626,8010059,30,36,58
2023-04-16,8011626,8011626,45,72,40
2023-04-16,8011626,8012284,21,36,37
2023-04-16,8011705,8010144,2,9,10
2023-04-16,8011705,8011705,6,17,16
2023-04-16,8011705,8011763,12,19,30
2023-04-16,8011745,8011598,27,38,36
2023-04-16,8011745,8011745,37,74,28
2023-04-16,8011745,8013471,11,36,21
2023-04-16,8011753,8011753,24,39,54
2023-04-16,8011753,8012080,9,20,21
2023-04-16,8011753,8012311,12,19,76
2023-04-16,8011755,8011755,21,31,48
2023-04-16,8011755,8012228,14,15,82
2023-04-16,8011755,8012526,11,16,45
2023-04-16,8011763,8011705,8,19,22
2023-04-16,8011763,8011763,21,38,25
2023-04-16,8011763,8012416,12,19,25
2023-04-16,8011771,8010209,24,40,17
2023-04-16,8011771,8011771,48,81,17
2023-04-16,8011771,8013070,22,41,18
2023-04-16,8011913,8011913,25,31,50
2023-04-16,8011913,8012228,12,16,45
2023-04-16,8011913,8012375,6,15,40
2023-04-16,8011914,8011077,12,15,50
2023-04-16,8011914,8011914,20,31,42
2023-04-16,8011914,8013095,6,16,36
2023-04-16,8012053,8012053,7,17,14
2023-04-16,8012053,8012198,7,8,45
2023-04-16,8012053,8013295,3,9,10
2023-04-16,8012117,8011339,16,22,150
2023-04-16,8012117,8012117,32,43,160
2023-04-16,8012117,8013361,19,21,193
2023-04-16,8012178,8011077,16,16,96
2023-04-16,8012178,8012178,28,31,64
2023-04-16,8012178,8012597,13,15,62
2023-04-16,8012184,8012184,258,456,36
2023-04-16,8012184,8012187,109,227,34
2023-04-16,8012184,8012202,149,229,37
2023-04-16,8012187,8010206,64,110,50
2023-04-16,8012187,8012184,167,229,41
2023-04-16,8012187,8012187,280,456,37
2023-04-16,8012187,8012343,53,117,20
2023-04-16,8012192,8010209,13,24,25
2023-04-16,8012192,8012192,12,47,29
2023-04-16,8012192,8013447,5,23,48
2023-04-16,8012193,8010207,36,61,29
2023-04-16,8012193,8010209,0,1,0
2023-04-16,8012193,8012193,75,122,33
2023-04-16,8012193,8080840,27,40,22
2023-04-16,8012194,8010008,23,33,35
2023-04-16,8012194,8012194,47,67,30
2023-04-16,8012194,8012343,102,118,42
2023-04-16,8012195,8012190,30,39,37
2023-04-16,8012195,8012195,43,77,21
2023-04-16,8012195,8012273,16,38,20
2023-04-16,8012196,8012196,165,216,52
2023-04-16,8012196,8012200,42,70,36
2023-04-16,8012196,8012273,24,39,26
2023-04-16,8012196,8098205,67,106,41
2023-04-16,8012197,8012197,40,82,21
2023-04-16,8012197,8012204,18,41,21
2023-04-16,8012197,8012285,24,41,42
2023-04-16,8012198,8012053,1,9,3
2023-04-16,8012198,8012198,12,17,32
2023-04-16,8012198,8013087,1,8,4
2023-04-16,8012200,8012196,62,69,88
2023-04-16,8012200,8012200,100,139,51
2023-04-16,8012200,8012478,56,70,47
2023-04-16,8012204,8012181,33,41,27
2023-04-16,8012204,8012197,25,41,22
2023-04-16,8012204,8012204,64,82,33
2023-04-16,8012228,8011077,1,1,60
2023-04-16,8012228,8011132,0,1,0
2023-04-16,8012228,8011755,9,16,36
2023-04-16,8012228,8011913,11,15,64
2023-04-16,8012228,8012228,28,35,57
2023-04-16,8012232,8010080,7,11,49
2023-04-16,8012232,8012232,12,22,29
2023-04-16,8012232,8013033,3,11,16
2023-04-16,8012236,8010207,34,40,50
2023-04-16,8012236,8010209,33,41,30
2023-04-16,8012236,8012236,61,81,30
2023-04-16,8012241,8010243,26,36,28
2023-04-16,8012241,8011242,18,36,28
2023-04-16,8012241,8012241,45,72,32
2023-04-16,8012284,8011018,19,36,28
2023-04-16,8012284,8011626,31,36,58
2023-04-16,8012284,8012284,53,72,50
2023-04-16,8012285,8012197,28,41,20
2023-04-16,8012285,8012285,43,82,26
2023-04-16,8012285,8012865,12,41,15
2023-04-16,8012304,8010206,86,106,66
2023-04-16,8012304,8012304,175,212,67
2023-04-16,8012304,8012308,81,106,62
2023-04-16,8012308,8010228,55,71,52
2023-04-16,8012308,8012304,90,106,63
2023-04-16,8012308,8012308,178,212,65
2023-04-16,8012308,8013471,31,35,111
2023-04-16,8012311,8011753,9,20,30
2023-04-16,8012311,8012311,21,39,47
2023-04-16,8012311,8012355,13,19,79
2023-04-16,8012355,8012311,3,20,8
2023-04-16,8012355,8012355,22,39,57
2023-04-16,8012355,8012817,19,19,104
2023-04-16,8012371,8011387,0,2,0
2023-04-16,8012371,8012371,0,2,0
2023-04-16,8012375,8011495,15,15,88
2023-04-16,8012375,8011913,14,16,62
2023-04-16,8012375,8012375,29,31,58
2023-04-16,8012416,8010046,6,19,17
2023-04-16,8012416,8011763,10,19,43
2023-04-16,8012416,8012416,22,38,33
2023-04-16,8012478,8010076,15,15,70
2023-04-16,8012478,8012200,45,69,50
2023-04-16,8012478,8012478,118,187,71
2023-04-16,8012478,8012697,35,38,81
2023-04-16,8012478,8098205,21,40,80
2023-04-16,8012526,8011132,12,16,58
2023-04-16,8012526,8011755,11,15,46
2023-04-16,8012526,8012526,23,31,54
2023-04-16,8012576,8012576,3,22,7
2023-04-16,8012576,8013029,3,11,11
2023-04-16,8012576,8013424,1,11,3
2023-04-16,8012597,8011132,14,15,94
2023-04-16,8012597,8012178,10,16,32
2023-04-16,8012597,8012597,24,31,57
2023-04-16,8012623,8011242,14,17,51
2023-04-16,8012623,8012463,8,19,28
2023-04-16,8012623,8012623,22,36,42
2023-04-16,8012697,8012478,37,37,75
2023-04-16,8012697,8012697,73,75,91
2023-04-16,8012697,8013428,36,38,98
2023-04-16,8012731,8011371,17,21,161
2023-04-16,8012731,8012731,32,42,135
2023-04-16,8012731,8013138,12,21,73
2023-04-16,8012817,8010207,16,19,111
2023-04-16,8012817,8012355,18,20,33
2023-04-16,8012817,8012817,34,39,63
2023-04-16,8012863,8011752,32,38,50
2023-04-16,8012863,8012863,54,77,35
2023-04-16,8012863,8012865,22,39,32
2023-04-16,8012865,8012285,14,41,17
2023-04-16,8012865,8012863,25,38,33
2023-04-16,8012865,8012865,41,77,27
2023-04-16,8013029,8012576,4,11,14
2023-04-16,8013029,8012975,3,11,11
2023-04-16,8013029,8013029,7,22,14
2023-04-16,8013033,8010359,3,11,22
2023-04-16,8013033,8012232,7,11,27
2023-04-16,8013033,8013033,5,22,14
2023-04-16,8013070,8010186,27,41,22
2023-04-16,8013070,8011771,25,40,16
2023-04-16,8013070,8013070,55,81,23
2023-04-16,8013087,8010144,1,8,8
2023-04-16,8013087,8012198,5,9,23
2023-04-16,8013087,8013087,2,17,-7
2023-04-16,8013093,8012190,11,38,11
2023-04-16,8013093,8012656,8,29,11
2023-04-16,8013093,8013093,16,58,11
2023-04-16,8013095,8010122,5,16,13
2023-04-16,8013095,8011914,7,15,20
2023-04-16,8013095,8013095,8,31,13
2023-04-16,8013295,8010080,3,9,10
2023-04-16,8013295,8012053,0,8,0
2023-04-16,8013295,8013295,4,17,12
2023-04-16,8013361,8010059,11,18,170
2023-04-16,8013361,8012117,11,22,128
2023-04-16,8013361,8013361,33,43,156
2023-04-16,8013361,8013362,10,36,29
2023-04-16,8013362,8011018,27,36,52
2023-04-16,8013362,8013361,18,36,33
2023-04-16,8013362,8013362,40,72,36
2023-04-16,8013424,8010080,3,11,16
2023-04-16,8013424,8012576,2,11,14
2023-04-16,8013424,8013424,5,22,11
2023-04-16,8013428,8010076,38,38,99
2023-04-16,8013428,8012697,15,37,39
2023-04-16,8013428,8013428,52,75,70
2023-04-16,8013447,8010269,5,23,38
2023-04-16,8013447,8012192,2,24,6
2023-04-16,8013447,8013447,7,47,28
2023-04-16,8013461,8011339,16,21,156
2023-04-16,8013461,8011637,18,18,195
2023-04-16,8013461,8013461,25,36,172
2023-04-16,8013471,8010003,13,17,118
2023-04-16,8013471,8011222,35,54,52
2023-04-16,8013471,8011745,26,38,31
2023-04-16,8013471,8012308,28,34,128
2023-04-16,8013471,8013471,98,143,72
2023-04-16,8080930,8010208,12,22,48
2023-04-16,8080930,8080930,23,43,42
2023-04-17,8010046,8010046,32,58,52
2023-04-17,8010046,8010059,18,29,42
2023-04-17,8010046,8012416,16,29,62
2023-04-17,8010059,8010046,19,29,67
2023-04-17,8010059,8010059,117,174,66
2023-04-17,8010059,8011491,48,87,57
2023-04-17,8010059,8011626,22,38,56
2023-04-17,8010059,8013361,17,20,80
2023-04-17,8010076,8010076,47,76,54
2023-04-17,8010076,8012478,13,15,74
2023-04-17,8010076,8012629,34,38,87
2023-04-17,8010076,8013428,14,38,21
2023-04-17,8010080,8010080,30,38,39
2023-04-17,8010080,8012232,16,19,43
2023-04-17,8010080,8013295,3,17,7
2023-04-17,8010080,8013424,5,19,13
2023-04-17,8010095,8010095,3,11,5
2023-04-17,8010095,8010161,3,6,20
2023-04-17,8010095,8011959,7,34,10
2023-04-17,8010095,8011983,12,15,38
2023-04-17,8010122,8010122,32,38,78
2023-04-17,8010122,8010238,13,19,58
2023-04-17,8010122,8011077,13,19,69
2023-04-17,8010122,8011588,15,19,85
2023-04-17,8010122,8013095,5,17,16
2023-04-17,8010144,8010144,22,34,49
2023-04-17,8010144,8011705,13,17,64
2023-04-17,8010144,8013087,9,17,34
2023-04-17,8010161,8010095,0,5,-18
2023-04-17,8010186,8010186,70,134,23
2023-04-17,8010186,8012344,31,67,26
2023-04-17,8010186,8013070,38,67,19
2023-04-17,8010207,8010207,100,175,61
2023-04-17,8010207,8012193,77,88,93
2023-04-17,8010207,8012236,19,67,18
2023-04-17,8010207,8012817,2,20,14
2023-04-17,8010208,8010208,60,92,57
2023-04-17,8010208,8011491,15,29,57
2023-04-17,8010208,8011495,16,17,53
2023-04-17,8010208,8080930,11,29,36
2023-04-17,8010209,8010209,94,185,31
2023-04-17,8010209,8011771,30,67,27
2023-04-17,8010209,8012192,17,26,62
2023-04-17,8010209,8012193,2,2,60
2023-04-17,8010209,8012236,27,67,13
2023-04-17,8010228,8010228,121,154,54
2023-04-17,8010228,8011598,46,77,57
2023-04-17,8010228,8012308,72,76,45
2023-04-17,8010228,8013471,0,1,0
2023-04-17,8010238,8010122,15,19,93
2023-04-17,8010238,8010238,26,38,69
2023-04-17,8010238,8011297,10,19,46
2023-04-17,8010269,8010269,9,51,42
2023-04-17,8010269,8012682,4,26,53
2023-04-17,8010269,8013447,4,25,13
2023-04-17,8010359,8010359,30,38,42
2023-04-17,8010359,8012946,13,19,33
2023-04-17,8010359,8013033,15,19,41
2023-04-17,8011018,8011018,60,76,77
2023-04-17,8011018,8012284,34,38,91
2023-04-17,8011018,8013362,26,38,68
2023-04-17,8011077,8010122,17,19,77
2023-04-17,8011077,8011077,62,72,78
2023-04-17,8011077,8011132,0,1,0
2023-04-17,8011077,8011914,14,17,69
2023-04-17,8011077,8012178,14,17,51
2023-04-17,8011077,8012228,0,1,0
2023-04-17,8011132,8011077,0,1,0
2023-04-17,8011132,8011132,28,36,58
2023-04-17,8011132,8012228,0,1,0
2023-04-17,8011132,8012526,11,17,46
2023-04-17,8011132,8012597,14,17,58
2023-04-17,8011242,8011242,31,39,44
2023-04-17,8011242,8012241,31,39,46
2023-04-17,8011242,8012623,16,19,44
2023-04-17,8011339,8011339,37,58,50
2023-04-17,8011339,8012117,14,29,38
2023-04-17,8011339,8013461,18,29,60
2023-04-17,8011387,8010161,0,2,0
2023-04-17,8011387,8011387,0,2,0
2023-04-17,8011491,8010008,26,38,71
2023-04-17,8011491,8010059,55,87,67
2023-04-17,8011491,8010208,16,29,51
2023-04-17,8011491,8011491,95,174,56
2023-04-17,8011495,8010208,13,17,58
2023-04-17,8011495,8011495,29,34,64
2023-04-17,8011495,8012375,14,17,65
2023-04-17,8011588,8010122,13,19,43
2023-04-17,8011588,8011588,29,38,42
2023-04-17,8011588,8012463,16,20,33
2023-04-17,8011598,8010228,12,76,8
2023-04-17,8011598,8011598,40,79,33
2023-04-17,8011598,8011745,26,39,60
2023-04-17,8011626,8010059,28,38,69
2023-04-17,8011626,8011626,56,76,69
2023-04-17,8011626,8012284,28,38,86
2023-04-17,8011705,8010144,6,17,30
2023-04-17,8011705,8011705,22,34,41
2023-04-17,8011705,8011763,15,29,29
2023-04-17,8011745,8011598,28,40,41
2023-04-17,8011745,8011745,50,79,43
2023-04-17,8011745,8013471,21,39,37
2023-04-17,8011753,8011753,24,41,81
2023-04-17,8011753,8012080,6,20,18
2023-04-17,8011753,8012311,13,21,130
2023-04-17,8011755,8011755,26,34,57
2023-04-17,8011755,8012228,15,17,79
2023-04-17,8011755,8012526,15,17,64
2023-04-17,8011763,8011705,12,29,36
2023-04-17,8011763,8011763,30,58,37
2023-04-17,8011763,8012416,20,29,37
2023-04-17,8011771,8010209,48,67,26
2023-04-17,8011771,8011771,95,134,29
2023-04-17,8011771,8013070,41,67,30
2023-04-17,8011913,8011913,27,34,65
2023-04-17,8011913,8012228,15,17,65
2023-04-17,8011913,8012375,8,17,39
2023-04-17,8011914,8011077,13,17,62
2023-04-17,8011914,8011914,28,34,57
2023-04-17,8011914,8013095,13,17,46
2023-04-17,8012053,8012053,19,34,26
2023-04-17,8012053,8012198,16,17,51
2023-04-17,8012053,8013295,3,17,7
2023-04-17,8012117,8011339,24,29,60
2023-04-17,8012117,8012117,48,58,64
2023-04-17,8012117,8013361,25,29,87
2023-04-17,8012178,8011077,16,17,108
2023-04-17,8012178,8012178,29,34,66
2023-04-17,8012178,8012597,16,17,56
2023-04-17,8012184,8012184,342,468,66
2023-04-17,8012184,8012187,168,235,99
2023-04-17,8012184,8012202,174,233,31
2023-04-17,8012187,8010206,98,115,143
2023-04-17,8012187,8012184,182,233,33
2023-04-17,8012187,8012187,353,468,65
2023-04-17,8012187,8012343,78,120,57
2023-04-17,8012192,8010209,21,25,68
2023-04-17,8012192,8012192,22,51,53
2023-04-17,8012192,8013447,9,26,58
2023-04-17,8012193,8010207,60,87,41
2023-04-17,8012193,8010209,0,3,0
2023-04-17,8012193,8012193,107,180,43
2023-04-17,8012193,8080840,38,67,30
2023-04-17,8012194,8010008,25,38,54
2023-04-17,8012194,8012194,55,76,52
2023-04-17,8012194,8012343,104,120,48
2023-04-17,8012195,8012190,34,38,44
2023-04-17,8012195,8012195,51,77,31
2023-04-17,8012195,8012273,17,39,25
2023-04-17,8012196,8012196,158,209,55
2023-04-17,8012196,8012200,42,66,42
2023-04-17,8012196,8012273,34,38,43
2023-04-17,8012196,8098205,77,104,54
2023-04-17,8012197,8012197,71,100,49
2023-04-17,8012197,8012204,33,50,65
2023-04-17,8012197,8012285,38,50,58
2023-04-17,8012198,8012053,4,17,14
2023-04-17,8012198,8012198,29,34,54
2023-04-17,8012198,8013087,11,17,44
2023-04-17,8012200,8012196,59,66,87
2023-04-17,8012200,8012200,95,132,53
2023-04-17,8012200,8012478,45,66,47
2023-04-17,8012204,8012181,42,50,68
2023-04-17,8012204,8012197,35,50,30
2023-04-17,8012204,8012204,81,100,56
2023-04-17,8012228,8011077,1,1,30
2023-04-17,8012228,8011132,0,1,0
2023-04-17,8012228,8011755,15,17,56
2023-04-17,8012228,8011913,10,17,51
2023-04-17,8012228,8012228,31,38,58
2023-04-17,8012232,8010080,13,19,51
2023-04-17,8012232,8012232,24,38,36
2023-04-17,8012232,8013033,6,19,17
2023-04-17,8012236,8010207,55,67,48
2023-04-17,8012236,8010209,49,67,40
2023-04-17,8012236,8012236,88,134,33
2023-04-17,8012241,8010243,34,39,34
2023-04-17,8012241,8011242,23,39,35
2023-04-17,8012241,8012241,57,78,35
2023-04-17,8012284,8011018,26,38,64
2023-04-17,8012284,8011626,34,38,70
2023-04-17,8012284,8012284,60,76,77
2023-04-17,8012285,8012197,41,50,67
2023-04-17,8012285,8012285,67,100,49
2023-04-17,8012285,8012865,23,50,26
2023-04-17,8012304,8010206,82,111,39
2023-04-17,8012304,8012304,198,224,97
2023-04-17,8012304,8012308,102,113,144
2023-04-17,8012308,8010228,69,78,90
2023-04-17,8012308,8012304,90,111,36
2023-04-17,8012308,8012308,192,224,92
2023-04-17,8012308,8013471,33,35,291
2023-04-17,8012311,8011071,0,1,0
2023-04-17,8012311,8011753,8,20,32
2023-04-17,8012311,8012311,20,42,71
2023-04-17,8012311,8012355,15,21,124
2023-04-17,8012355,8012311,4,20,14
2023-04-17,8012355,8012355,25,41,84
2023-04-17,8012355,8012817,20,21,140
2023-04-17,8012371,8011387,0,2,0
2023-04-17,8012371,8012371,0,2,0
2023-04-17,8012375,8011495,14,17,79
2023-04-17,8012375,8011913,17,17,95
2023-04-17,8012375,8012375,30,34,68
2023-04-17,8012416,8010046,17,29,36
2023-04-17,8012416,8011763,13,29,57
2023-04-17,8012416,8012416,34,58,49
2023-04-17,8012478,8010076,15,15,64
2023-04-17,8012478,8012200,47,66,53
2023-04-17,8012478,8012478,119,189,84
2023-04-17,8012478,8012697,35,38,89
2023-04-17,8012478,8098205,31,40,227
2023-04-17,8012526,8011132,17,17,83
2023-04-17,8012526,8011755,11,17,41
2023-04-17,8012526,8012526,28,34,63
2023-04-17,8012576,8012576,12,38,19
2023-04-17,8012576,8013029,6,19,17
2023-04-17,8012576,8013424,6,19,9
2023-04-17,8012597,8011132,15,17,79
2023-04-17,8012597,8012178,13,17,44
2023-04-17,8012597,8012597,28,34,60
2023-04-17,8012623,8011242,17,20,66
2023-04-17,8012623,8012463,12,19,47
2023-04-17,8012623,8012623,28,39,55
2023-04-17,8012697,8012478,36,38,59
2023-04-17,8012697,8012697,73,76,85
2023-04-17,8012697,8013428,34,38,99
2023-04-17,8012731,8011371,13,21,49
2023-04-17,8012731,8012731,28,41,171
2023-04-17,8012731,8013138,12,20,254
2023-04-17,8012817,8010207,16,21,141
2023-04-17,8012817,8012355,13,20,32
2023-04-17,8012817,8012817,29,41,83
2023-04-17,8012863,8011752,36,40,50
2023-04-17,8012863,8012863,68,78,58
2023-04-17,8012863,8012865,32,38,74
2023-04-17,8012865,8012285,33,50,50
2023-04-17,8012865,8012863,25,40,36
2023-04-17,8012865,8012865,52,78,52
2023-04-17,8013029,8012576,13,19,33
2023-04-17,8013029,8012975,5,19,16
2023-04-17,8013029,8013029,20,38,24
2023-04-17,8013033,8010359,10,19,22
2023-04-17,8013033,8012232,14,19,36
2023-04-17,8013033,8013033,16,38,21
2023-04-17,8013070,8010186,51,67,37
2023-04-17,8013070,8011771,51,67,22
2023-04-17,8013070,8013070,104,134,31
2023-04-17,8013087,8010144,11,17,53
2023-04-17,8013087,8012198,12,17,69
2023-04-17,8013087,8013087,20,34,34
2023-04-17,8013093,8012190,11,39,15
2023-04-17,8013093,8012656,15,33,22
2023-04-17,8013093,8013093,26,67,21
2023-04-17,8013095,8010122,7,17,32
2023-04-17,8013095,8011914,9,17,34
2023-04-17,8013095,8013095,14,34,25
2023-04-17,8013295,8010080,5,17,9
2023-04-17,8013295,8012053,5,17,14
2023-04-17,8013295,8013295,8,34,11
2023-04-17,8013361,8010059,13,20,82
2023-04-17,8013361,8012117,11,29,36
2023-04-17,8013361,8013361,39,58,63
2023-04-17,8013361,8013362,20,38,52
2023-04-17,8013362,8011018,33,38,79
2023-04-17,8013362,8013361,21,38,64
2023-04-17,8013362,8013362,53,76,66
2023-04-17,8013424,8010080,9,19,24
2023-04-17,8013424,8012576,5,19,19
2023-04-17,8013424,8013424,14,38,13
2023-04-17,8013428,8010076,37,38,107
2023-04-17,8013428,8012697,16,38,25
2023-04-17,8013428,8013428,50,76,64
2023-04-17,8013447,8010269,5,26,52
2023-04-17,8013447,8012192,3,25,7
2023-04-17,8013447,8013447,6,51,26
2023-04-17,8013461,8011339,21,29,56
2023-04-17,8013461,8011637,19,20,87
2023-04-17,8013461,8013461,28,40,64
2023-04-17,8013471,8010003,13,17,224
2023-04-17,8013471,8010243,0,1,0
2023-04-17,8013471,8011222,47,57,131
2023-04-17,8013471,8011745,24,40,28
2023-04-17,8013471,8012308,25,35,26
2023-04-17,8013471,8013471,105,150,89
2023-04-17,8080930,8010208,14,29,54
2023-04-17,8080930,8080930,26,58,44
2023-04-18,8010046,8010046,33,58,55
2023-04-18,8010046,8010059,16,29,42
2023-04-18,8010046,8012416,18,29,64
2023-04-18,8010059,8010046,21,29,73
2023-04-18,8010059,8010059,118,174,63
2023-04-18,8010059,8011491,56,87,66
2023-04-18,8010059,8011626,12,38,26
2023-04-18,8010059,8013361,18,20,98
2023-04-18,8010076,8010076,41,76,45
2023-04-18,8010076,8012478,7,15,34
2023-04-18,8010076,8012629,31,38,58
2023-04-18,8010076,8013428,9,38,24
2023-04-18,8010080,8010080,22,38,34
2023-04-18,8010080,8012232,10,19,28
2023-04-18,8010080,8013295,4,17,51
2023-04-18,8010080,8013424,5,19,24
2023-04-18,8010095,8010095,46,98,109
2023-04-18,8010095,8010161,7,34,15
2023-04-18,8010095,8010351,10,15,146
2023-04-18,8010095,8011959,9,34,68
2023-04-18,8010095,8011983,12,15,66
2023-04-18,8010095,8013093,15,17,296
2023-04-18,8010122,8010122,34,38,223
2023-04-18,8010122,8010238,15,19,180
2023-04-18,8010122,8011077,17,19,257
2023-04-18,8010122,8011588,16,19,117
2023-04-18,8010122,8013095,5,17,12
2023-04-18,8010144,8010144,18,34,70
2023-04-18,8010144,8011705,9,17,88
2023-04-18,8010144,8013087,9,17,34
2023-04-18,8010161,8010095,15,34,100
2023-04-18,8010161,8010161,21,57,70
2023-04-18,8010161,8011387,4,28,12
2023-04-18,8010186,8010186,48,134,12
2023-04-18,8010186,8012344,21,67,12
2023-04-18,8010186,8013070,27,67,13
2023-04-18,8010207,8010207,74,175,36
2023-04-18,8010207,8012193,61,88,55
2023-04-18,8010207,8012236,6,67,3
2023-04-18,8010207,8012817,3,20,15
2023-04-18,8010208,8010208,63,92,80
2023-04-18,8010208,8011491,17,29,61
2023-04-18,8010208,8011495,17,17,92
2023-04-18,8010208,8080930,11,29,42
2023-04-18,8010209,8010209,66,185,18
2023-04-18,8010209,8011771,17,67,9
2023-04-18,8010209,8012192,12,26,24
2023-04-18,8010209,8012193,1,2,15
2023-04-18,8010209,8012236,28,67,11
2023-04-18,8010228,8010228,112,154,53
2023-04-18,8010228,8011598,41,77,63
2023-04-18,8010228,8012308,71,76,45
2023-04-18,8010228,8013471,0,1,0
2023-04-18,8010238,8010122,17,19,276
2023-04-18,8010238,8010238,31,38,225
2023-04-18,8010238,8011297,14,19,172
2023-04-18,8010269,8010269,6,51,19
2023-04-18,8010269,8012682,2,26,2
2023-04-18,8010269,8013447,4,25,37
2023-04-18,8010351,8010095,15,15,338
2023-04-18,8010351,8010351,37,50,211
2023-04-18,8010351,8011131,13,25,96
2023-04-18,8010351,8012371,23,29,151
2023-04-18,8010359,8010359,20,38,55
2023-04-18,8010359,8012946,9,19,52
2023-04-18,8010359,8013033,11,19,52
2023-04-18,8011018,8011018,61,76,51
2023-04-18,8011018,8012284,33,38,66
2023-04-18,8011018,8013362,28,38,44
2023-04-18,8011077,8010122,17,19,158
2023-04-18,8011077,8011077,64,72,186
2023-04-18,8011077,8011132,0,1,0
2023-04-18,8011077,8011914,14,17,228
2023-04-18,8011077,8012178,14,17,139
2023-04-18,8011077,8012228,1,1,60
2023-04-18,8011131,8010103,16,16,210
2023-04-18,8011131,8010351,24,25,299
2023-04-18,8011131,8011131,43,50,199
2023-04-18,8011131,8012734,8,9,120
2023-04-18,8011132,8011077,0,1,0
2023-04-18,8011132,8011132,32,36,138
2023-04-18,8011132,8012228,1,1,30
2023-04-18,8011132,8012526,14,17,146
2023-04-18,8011132,8012597,15,17,146
2023-04-18,8011242,8011242,31,39,57
2023-04-18,8011242,8012241,32,39,56
2023-04-18,8011242,8012623,14,19,43
2023-04-18,8011339,8011339,35,58,78
2023-04-18,8011339,8012117,15,29,82
2023-04-18,8011339,8013461,19,29,72
2023-04-18,8011387,8010161,29,29,152
2023-04-18,8011387,8011387,34,57,81
2023-04-18,8011387,8012371,6,28,20
2023-04-18,8011491,8010008,21,38,51
2023-04-18,8011491,8010059,54,87,56
2023-04-18,8011491,8010208,15,29,58
2023-04-18,8011491,8011491,98,174,55
2023-04-18,8011495,8010208,15,17,139
2023-04-18,8011495,8011495,33,34,131
2023-04-18,8011495,8012375,15,17,108
2023-04-18,8011588,8010122,15,19,55
2023-04-18,8011588,8011588,26,38,48
2023-04-18,8011588,8012463,13,20,42
2023-04-18,8011598,8010228,13,76,8
2023-04-18,8011598,8011598,39,79,32
2023-04-18,8011598,8011745,22,39,46
2023-04-18,8011626,8010059,25,38,45
2023-04-18,8011626,8011626,47,76,42
2023-04-18,8011626,8012284,23,38,47
2023-04-18,8011705,8010144,6,17,42
2023-04-18,8011705,8011705,16,34,56
2023-04-18,8011705,8011763,15,29,42
2023-04-18,8011745,8011598,28,40,41
2023-04-18,8011745,8011745,47,79,39
2023-04-18,8011745,8013471,23,39,33
2023-04-18,8011753,8011753,22,41,39
2023-04-18,8011753,8012080,7,20,21
2023-04-18,8011753,8012311,12,21,49
2023-04-18,8011755,8011755,30,34,129
2023-04-18,8011755,8012228,17,17,176
2023-04-18,8011755,8012526,16,17,102
2023-04-18,8011763,8011705,8,29,38
2023-04-18,8011763,8011763,31,58,42
2023-04-18,8011763,8012416,15,29,38
2023-04-18,8011771,8010209,37,67,18
2023-04-18,8011771,8011771,64,134,14
2023-04-18,8011771,8013070,24,67,9
2023-04-18,8011913,8011913,31,34,130
2023-04-18,8011913,8012228,15,17,109
2023-04-18,8011913,8012375,11,17,124
2023-04-18,8011914,8011077,16,17,78
2023-04-18,8011914,8011914,30,34,147
2023-04-18,8011914,8013095,13,17,208
2023-04-18,8012053,8012053,19,34,41
2023-04-18,8012053,8012198,16,17,86
2023-04-18,8012053,8013295,2,17,5
2023-04-18,8012117,8011339,22,29,77
2023-04-18,8012117,8012117,44,58,93
2023-04-18,8012117,8013361,25,29,121
2023-04-18,8012178,8011077,16,17,191
2023-04-18,8012178,8012178,32,34,149
2023-04-18,8012178,8012597,16,17,143
2023-04-18,8012184,8012184,328,468,41
2023-04-18,8012184,8012187,159,235,51
2023-04-18,8012184,8012202,169,233,28
2023-04-18,8012187,8010206,97,115,73
2023-04-18,8012187,8012184,182,233,30
2023-04-18,8012187,8012187,345,468,40
2023-04-18,8012187,8012343,71,120,34
2023-04-18,8012192,8010209,13,25,55
2023-04-18,8012192,8012192,15,51,26
2023-04-18,8012192,8013447,4,26,9
2023-04-18,8012193,8010207,47,87,23
2023-04-18,8012193,8010209,0,3,0
2023-04-18,8012193,8012193,83,180,23
2023-04-18,8012193,8080840,30,67,16
2023-04-18,8012194,8010008,28,38,40
2023-04-18,8012194,8012194,53,76,37
2023-04-18,8012194,8012343,98,120,43
2023-04-18,8012195,8012190,33,38,79
2023-04-18,8012195,8012195,59,77,76
2023-04-18,8012195,8012273,28,39,91
2023-04-18,8012196,8012196,179,209,76
2023-04-18,8012196,8012200,50,66,50
2023-04-18,8012196,8012273,34,38,62
2023-04-18,8012196,8098205,85,104,76
2023-04-18,8012197,8012197,63,100,31
2023-04-18,8012197,8012204,22,50,23
2023-04-18,8012197,8012285,41,50,61
2023-04-18,8012198,8012053,3,17,53
2023-04-18,8012198,8012198,28,34,80
2023-04-18,8012198,8013087,6,17,41
2023-04-18,8012200,8012196,63,66,94
2023-04-18,8012200,8012200,107,132,57
2023-04-18,8012200,8012478,53,66,55
2023-04-18,8012204,8012181,40,50,35
2023-04-18,8012204,8012197,37,50,33
2023-04-18,8012204,8012204,82,100,40
2023-04-18,8012228,8011077,1,1,150
2023-04-18,8012228,8011132,0,1,0
2023-04-18,8012228,8011755,15,17,95
2023-04-18,8012228,8011913,14,17,154
2023-04-18,8012228,8012228,35,38,128
2023-04-18,8012232,8010080,12,19,52
2023-04-18,8012232,8012232,19,38,32
2023-04-18,8012232,8013033,2,19,9
2023-04-18,8012236,8010207,45,67,36
2023-04-18,8012236,8010209,31,67,17
2023-04-18,8012236,8012236,66,134,19
2023-04-18,8012241,8010243,30,39,37
2023-04-18,8012241,8011242,26,39,38
2023-04-18,8012241,8012241,57,78,40
2023-04-18,8012284,8011018,16,38,31
2023-04-18,8012284,8011626,32,38,50
2023-04-18,8012284,8012284,50,76,46
2023-04-18,8012285,8012197,39,50,32
2023-04-18,8012285,8012285,71,100,37
2023-04-18,8012285,8012865,28,50,28
2023-04-18,8012304,8010206,83,111,39
2023-04-18,8012304,8012304,194,224,65
2023-04-18,8012304,8012308,101,113,83
2023-04-18,8012308,8010228,67,78,91
2023-04-18,8012308,8012304,85,111,37
2023-04-18,8012308,8012308,189,224,62
2023-04-18,8012308,8013471,32,35,90
2023-04-18,8012311,8011071,0,1,0
2023-04-18,8012311,8011753,10,20,34
2023-04-18,8012311,8012311,21,42,36
2023-04-18,8012311,8012355,11,21,44
2023-04-18,8012355,8012311,4,20,15
2023-04-18,8012355,8012355,25,41,45
2023-04-18,8012355,8012817,21,21,69
2023-04-18,8012371,8010351,22,28,47
2023-04-18,8012371,8011387,22,29,140
2023-04-18,8012371,8012371,45,57,91
2023-04-18,8012375,8011495,17,17,173
2023-04-18,8012375,8011913,17,17,134
2023-04-18,8012375,8012375,33,34,131
2023-04-18,8012416,8010046,14,29,36
2023-04-18,8012416,8011763,15,29,59
2023-04-18,8012416,8012416,32,58,49
2023-04-18,8012478,8010076,15,15,60
2023-04-18,8012478,8012200,48,66,42
2023-04-18,8012478,8012478,118,189,46
2023-04-18,8012478,8012697,36,38,79
2023-04-18,8012478,8098205,27,40,64
2023-04-18,8012526,8011132,17,17,129
2023-04-18,8012526,8011755,14,17,143
2023-04-18,8012526,8012526,31,34,132
2023-04-18,8012576,8012576,7,38,11
2023-04-18,8012576,8013029,4,19,13
2023-04-18,8012576,8013424,1,19,2
2023-04-18,8012597,8011132,15,17,176
2023-04-18,8012597,8012178,15,17,136
2023-04-18,8012597,8012597,31,34,152
2023-04-18,8012623,8011242,19,20,98
2023-04-18,8012623,8012463,13,19,51
2023-04-18,8012623,8012623,31,39,67
2023-04-18,8012697,8012478,37,38,63
2023-04-18,8012697,8012697,75,76,81
2023-04-18,8012697,8013428,36,38,86
2023-04-18,8012731,8011371,16,21,63
2023-04-18,8012731,8012731,34,41,78
2023-04-18,8012731,8013138,14,20,46
2023-04-18,8012734,8010103,7,9,97
2023-04-18,8012734,8011131,7,8,270
2023-04-18,8012734,8012734,14,17,176
2023-04-18,8012817,8010207,18,21,73
2023-04-18,8012817,8012355,13,20,34
2023-04-18,8012817,8012817,31,41,49
2023-04-18,8012863,8011752,36,40,46
2023-04-18,8012863,8012863,65,79,40
2023-04-18,8012863,8012865,29,39,40
2023-04-18,8012865,8012285,25,50,22
2023-04-18,8012865,8012863,31,40,36
2023-04-18,8012865,8012865,53,79,35
2023-04-18,8013029,8012576,7,19,14
2023-04-18,8013029,8012975,3,19,6
2023-04-18,8013029,8013029,11,38,12
2023-04-18,8013033,8010359,5,19,41
2023-04-18,8013033,8012232,14,19,38
2023-04-18,8013033,8013033,11,38,28
2023-04-18,8013070,8010186,32,67,15
2023-04-18,8013070,8011771,37,67,14
2023-04-18,8013070,8013070,68,134,15
2023-04-18,8013087,8010144,7,17,76
2023-04-18,8013087,8012198,11,17,67
2023-04-18,8013087,8013087,14,34,23
2023-04-18,8013093,8010095,12,16,161
2023-04-18,8013093,8012190,26,39,72
2023-04-18,8013093,8012656,17,33,26
2023-04-18,8013093,8013093,69,100,113
2023-04-18,8013095,8010122,13,17,185
2023-04-18,8013095,8011914,12,17,49
2023-04-18,8013095,8013095,20,34,102
2023-04-18,8013295,8010080,4,17,26
2023-04-18,8013295,8012053,0,17,0
2023-04-18,8013295,8013295,6,34,18
2023-04-18,8013361,8010059,16,20,132
2023-04-18,8013361,8012117,14,29,58
2023-04-18,8013361,8013361,36,58,82
2023-04-18,8013361,8013362,15,38,24
2023-04-18,8013362,8011018,37,38,49
2023-04-18,8013362,8013361,15,38,30
2023-04-18,8013362,8013362,49,76,36
2023-04-18,8013424,8010080,6,19,13
2023-04-18,8013424,8012576,7,19,24
2023-04-18,8013424,8013424,13,38,17
2023-04-18,8013428,8010076,37,38,96
2023-04-18,8013428,8012697,8,38,26
2023-04-18,8013428,8013428,42,76,62
2023-04-18,8013447,8010269,3,26,6
2023-04-18,8013447,8012192,4,25,34
2023-04-18,8013447,8013447,7,51,24
2023-04-18,8013461,8011339,17,29,89
2023-04-18,8013461,8011637,19,20,99
2023-04-18,8013461,8013461,29,40,95
2023-04-18,8013471,8010003,12,17,94
2023-04-18,8013471,8010243,0,1,0
2023-04-18,8013471,8011222,45,57,58
2023-04-18,8013471,8011745,21,40,29
2023-04-18,8013471,8012308,29,35,27
2023-04-18,8013471,8013471,98,150,44
2023-04-18,8080930,8010208,12,29,57
2023-04-18,8080930,8080930,26,58,49
2023-04-19,8010046,8010046,28,58,49
2023-04-19,8010046,8010059,16,29,49
2023-04-19,8010046,8012416,15,29,48
2023-04-19,8010059,8010046,14,29,54
2023-04-19,8010059,8010059,113,174,70
2023-04-19,8010059,8011491,58,87,70
2023-04-19,8010059,8011626,21,38,69
2023-04-19,8010059,8013361,15,20,52
2023-04-19,8010076,8010076,50,76,52
2023-04-19,8010076,8012478,12,15,42
2023-04-19,8010076,8012629,33,38,69
2023-04-19,8010076,8013428,17,38,34
2023-04-19,8010080,8010080,24,38,27
2023-04-19,8010080,8012232,10,19,24
2023-04-19,8010080,8013295,5,17,14
2023-04-19,8010080,8013424,4,19,9
2023-04-19,8010095,8010095,40,102,58
2023-04-19,8010095,8010161,8,34,41
2023-04-19,8010095,8010351,4,17,14
2023-04-19,8010095,8011959,5,34,26
2023-04-19,8010095,8011983,12,15,44
2023-04-19,8010095,8013093,15,17,159
2023-04-19,8010122,8010122,32,38,122
2023-04-19,8010122,8010238,16,19,125
2023-04-19,8010122,8011077,12,19,115
2023-04-19,8010122,8011588,15,19,87
2023-04-19,8010122,8013095,2,17,4
2023-04-19,8010144,8010144,23,34,59
2023-04-19,8010144,8011705,11,17,72
2023-04-19,8010144,8013087,12,17,53
2023-04-19,8010161,8010095,17,36,36
2023-04-19,8010161,8010161,26,59,51
2023-04-19,8010161,8011387,5,28,39
2023-04-19,8010186,8010186,43,134,16
2023-04-19,8010186,8012344,21,67,28
2023-04-19,8010186,8013070,21,67,12
2023-04-19,8010207,8010207,71,175,36
2023-04-19,8010207,8012193,48,88,47
2023-04-19,8010207,8012236,10,67,11
2023-04-19,8010207,8012817,4,20,15
2023-04-19,8010208,8010208,61,92,54
2023-04-19,8010208,8011491,16,29,47
2023-04-19,8010208,8011495,14,17,55
2023-04-19,8010208,8080930,13,29,41
2023-04-19,8010209,8010209,71,185,21
2023-04-19,8010209,8011771,19,67,15
2023-04-19,8010209,8012192,8,26,23
2023-04-19,8010209,8012193,1,2,30
2023-04-19,8010209,8012236,24,67,15
2023-04-19,8010228,8010228,117,154,127
2023-04-19,8010228,8011598,51,77,169
2023-04-19,8010228,8012308,69,76,81
2023-04-19,8010228,8013471,0,1,0
2023-04-19,8010238,8010122,14,19,115
2023-04-19,8010238,8010238,28,38,115
2023-04-19,8010238,8011297,13,19,118
2023-04-19,8010269,8010269,7,51,19
2023-04-19,8010269,8012682,1,26,1
2023-04-19,8010269,8013447,6,25,42
2023-04-19,8010351,8010095,15,15,214
2023-04-19,8010351,8010351,35,53,106
2023-04-19,8010351,8011131,9,27,41
2023-04-19,8010351,8012371,24,31,83
2023-04-19,8010359,8010359,21,38,28
2023-04-19,8010359,8012946,9,19,25
2023-04-19,8010359,8013033,11,19,21
2023-04-19,8011018,8011018,66,76,96
2023-04-19,8011018,8012284,36,38,108
2023-04-19,8011018,8013362,30,38,99
2023-04-19,8011077,8010122,18,19,111
2023-04-19,8011077,8011077,60,72,96
2023-04-19,8011077,8011132,0,1,0
2023-04-19,8011077,8011914,10,17,127
2023-04-19,8011077,8012178,11,17,53
2023-04-19,8011077,8012228,1,1,60
2023-04-19,8011131,8010103,15,18,92
2023-04-19,8011131,8010351,25,26,144
2023-04-19,8011131,8011131,37,53,89
2023-04-19,8011131,8012734,8,9,140
2023-04-19,8011132,8011077,0,1,0
2023-04-19,8011132,8011132,27,36,52
2023-04-19,8011132,8012228,0,1,0
2023-04-19,8011132,8012526,7,17,39
2023-04-19,8011132,8012597,8,17,42
2023-04-19,8011242,8011242,27,39,172
2023-04-19,8011242,8012241,35,39,98
2023-04-19,8011242,8012623,8,19,150
2023-04-19,8011339,8011339,41,58,79
2023-04-19,8011339,8012117,20,29,97
2023-04-19,8011339,8013461,19,29,64
2023-04-19,8011387,8010161,31,31,88
2023-04-19,8011387,8011387,42,59,66
2023-04-19,8011387,8012371,11,28,49
2023-04-19,8011491,8010008,24,38,78
2023-04-19,8011491,8010059,51,87,59
2023-04-19,8011491,8010208,18,29,63
2023-04-19,8011491,8011491,99,174,60
2023-04-19,8011495,8010208,14,17,64
2023-04-19,8011495,8011495,29,34,67
2023-04-19,8011495,8012375,13,17,62
2023-04-19,8011588,8010122,13,19,159
2023-04-19,8011588,8011588,29,38,96
2023-04-19,8011588,8012463,17,20,33
2023-04-19,8011598,8010228,18,76,46
2023-04-19,8011598,8011598,40,79,152
2023-04-19,8011598,8011745,25,39,235
2023-04-19,8011626,8010059,33,38,92
2023-04-19,8011626,8011626,61,76,89
2023-04-19,8011626,8012284,30,38,107
2023-04-19,8011705,8010144,8,17,49
2023-04-19,8011705,8011705,18,34,49
2023-04-19,8011705,8011763,15,29,40
2023-04-19,8011745,8011598,29,40,94
2023-04-19,8011745,8011745,56,79,159
2023-04-19,8011745,8013471,27,39,222
2023-04-19,8011753,8011753,25,41,47
2023-04-19,8011753,8012080,10,20,30
2023-04-19,8011753,8012311,10,21,51
2023-04-19,8011755,8011755,27,34,51
2023-04-19,8011755,8012228,16,17,83
2023-04-19,8011755,8012526,14,17,53
2023-04-19,8011763,8011705,12,29,36
2023-04-19,8011763,8011763,32,58,44
2023-04-19,8011763,8012416,14,29,44
2023-04-19,8011771,8010209,33,67,19
2023-04-19,8011771,8011771,52,134,16
2023-04-19,8011771,8013070,19,67,17
2023-04-19,8011913,8011913,28,34,58
2023-04-19,8011913,8012228,16,17,60
2023-04-19,8011913,8012375,8,17,35
2023-04-19,8011914,8011077,14,17,62
2023-04-19,8011914,8011914,21,34,89
2023-04-19,8011914,8013095,7,17,109
2023-04-19,8012053,8012053,18,34,29
2023-04-19,8012053,8012198,12,17,49
2023-04-19,8012053,8013295,3,17,9
2023-04-19,8012117,8011339,22,29,59
2023-04-19,8012117,8012117,47,58,87
2023-04-19,8012117,8013361,27,29,136
2023-04-19,8012178,8011077,17,17,95
2023-04-19,8012178,8012178,31,34,60
2023-04-19,8012178,8012597,16,17,65
2023-04-19,8012184,8012184,358,468,60
2023-04-19,8012184,8012187,176,235,66
2023-04-19,8012184,8012202,182,233,52
2023-04-19,8012187,8010206,101,115,85
2023-04-19,8012187,8012184,181,233,54
2023-04-19,8012187,8012187,353,468,59
2023-04-19,8012187,8012343,78,120,51
2023-04-19,8012192,8010209,20,25,53
2023-04-19,8012192,8012192,14,51,23
2023-04-19,8012192,8013447,3,26,10
2023-04-19,8012193,8010207,34,87,31
2023-04-19,8012193,8010209,0,3,0
2023-04-19,8012193,8012193,60,180,24
2023-04-19,8012193,8080840,16,67,13
2023-04-19,8012194,8010008,28,38,66
2023-04-19,8012194,8012194,56,76,57
2023-04-19,8012194,8012343,91,120,43
2023-04-19,8012195,8012190,37,38,100
2023-04-19,8012195,8012195,60,77,62
2023-04-19,8012195,8012273,24,39,49
2023-04-19,8012196,8012196,180,209,74
2023-04-19,8012196,8012200,46,66,55
2023-04-19,8012196,8012273,35,38,65
2023-04-19,8012196,8098205,92,104,67
2023-04-19,8012197,8012197,67,100,64
2023-04-19,8012197,8012204,29,50,70
2023-04-19,8012197,8012285,39,50,74
2023-04-19,8012198,8012053,5,17,25
2023-04-19,8012198,8012198,27,34,62
2023-04-19,8012198,8013087,9,17,37
2023-04-19,8012200,8012196,64,66,97
2023-04-19,8012200,8012200,101,132,62
2023-04-19,8012200,8012478,53,66,66
2023-04-19,8012204,8012181,43,50,77
2023-04-19,8012204,8012197,33,50,45
2023-04-19,8012204,8012204,81,100,66
2023-04-19,8012228,8011077,1,1,150
2023-04-19,8012228,8011132,0,1,0
2023-04-19,8012228,8011755,12,17,49
2023-04-19,8012228,8011913,13,17,60
2023-04-19,8012228,8012228,34,38,66
2023-04-19,8012232,8010080,11,19,36
2023-04-19,8012232,8012232,18,38,22
2023-04-19,8012232,8013033,4,19,13
2023-04-19,8012236,8010207,28,67,28
2023-04-19,8012236,8010209,28,67,22
2023-04-19,8012236,8012236,49,134,20
2023-04-19,8012241,8010243,32,39,94
2023-04-19,8012241,8011242,24,39,222
2023-04-19,8012241,8012241,55,78,153
2023-04-19,8012284,8011018,28,38,88
2023-04-19,8012284,8011626,31,38,89
2023-04-19,8012284,8012284,60,76,98
2023-04-19,8012285,8012197,40,50,77
2023-04-19,8012285,8012285,72,100,67
2023-04-19,8012285,8012865,31,50,59
2023-04-19,8012304,8010206,90,111,79
2023-04-19,8012304,8012304,203,224,120
2023-04-19,8012304,8012308,107,113,174
2023-04-19,8012308,8010228,71,78,196
2023-04-19,8012308,8012304,88,111,75
2023-04-19,8012308,8012308,193,224,125
2023-04-19,8012308,8013471,32,35,149
2023-04-19,8012311,8011071,0,1,0
2023-04-19,8012311,8011753,12,20,42
2023-04-19,8012311,8012311,21,42,39
2023-04-19,8012311,8012355,11,21,51
2023-04-19,8012355,8012311,4,20,14
2023-04-19,8012355,8012355,24,41,44
2023-04-19,8012355,8012817,20,21,67
2023-04-19,8012371,8010351,25,28,94
2023-04-19,8012371,8011387,24,31,86
2023-04-19,8012371,8012371,49,59,76
2023-04-19,8012375,8011495,15,17,85
2023-04-19,8012375,8011913,15,17,79
2023-04-19,8012375,8012375,30,34,64
2023-04-19,8012416,8010046,14,29,48
2023-04-19,8012416,8011763,16,29,61
2023-04-19,8012416,8012416,33,58,53
2023-04-19,8012478,8010076,15,15,52
2023-04-19,8012478,8012200,44,66,47
2023-04-19,8012478,8012478,109,189,51
2023-04-19,8012478,8012697,36,38,83
2023-04-19,8012478,8098205,25,40,61
2023-04-19,8012526,8011132,16,17,79
2023-04-19,8012526,8011755,7,17,35
2023-04-19,8012526,8012526,24,34,55
2023-04-19,8012576,8012576,7,38,9
2023-04-19,8012576,8013029,6,19,11
2023-04-19,8012576,8013424,2,19,5
2023-04-19,8012597,8011132,14,17,76
2023-04-19,8012597,8012178,8,17,34
2023-04-19,8012597,8012597,23,34,55
2023-04-19,8012623,8011242,18,20,56
2023-04-19,8012623,8012463,9,19,156
2023-04-19,8012623,8012623,27,39,104
2023-04-19,8012697,8012478,38,38,69
2023-04-19,8012697,8012697,75,76,88
2023-04-19,8012697,8013428,36,38,94
2023-04-19,8012731,8011371,14,21,53
2023-04-19,8012731,8012731,31,41,107
2023-04-19,8012731,8013138,16,20,122
2023-04-19,8012734,8010103,4,9,107
2023-04-19,8012734,8011131,6,9,77
2023-04-19,8012734,8012734,12,18,102
2023-04-19,8012817,8010207,17,21,74
2023-04-19,8012817,8012355,16,20,36
2023-04-19,8012817,8012817,33,41,51
2023-04-19,8012863,8011752,37,40,82
2023-04-19,8012863,8012863,63,79,58
2023-04-19,8012863,8012865,26,39,51
2023-04-19,8012865,8012285,24,50,60
2023-04-19,8012865,8012863,29,40,54
2023-04-19,8012865,8012865,50,79,55
2023-04-19,8013029,8012576,11,19,24
2023-04-19,8013029,8012975,2,19,5
2023-04-19,8013029,8013029,17,38,16
2023-04-19,8013033,8010359,5,19,21
2023-04-19,8013033,8012232,10,19,21
2023-04-19,8013033,8013033,9,38,13
2023-04-19,8013070,8010186,29,67,24
2023-04-19,8013070,8011771,28,67,11
2023-04-19,8013070,8013070,57,134,19
2023-04-19,8013087,8010144,8,17,44
2023-04-19,8013087,8012198,11,17,78
2023-04-19,8013087,8013087,17,34,32
2023-04-19,8013093,8010095,11,18,47
2023-04-19,8013093,8012190,29,39,47
2023-04-19,8013093,8012656,15,33,60
2023-04-19,8013093,8013093,76,102,76
2023-04-19,8013095,8010122,5,17,95
2023-04-19,8013095,8011914,12,17,34
2023-04-19,8013095,8013095,11,34,53
2023-04-19,8013295,8010080,5,17,19
2023-04-19,8013295,8012053,1,17,4
2023-04-19,8013295,8013295,8,34,9
2023-04-19,8013361,8010059,15,20,118
2023-04-19,8013361,8012117,11,29,27
2023-04-19,8013361,8013361,43,58,88
2023-04-19,8013361,8013362,18,38,57
2023-04-19,8013362,8011018,31,38,78
2023-04-19,8013362,8013361,27,38,94
2023-04-19,8013362,8013362,53,76,79
2023-04-19,8013424,8010080,7,19,21
2023-04-19,8013424,8012576,10,19,21
2023-04-19,8013424,8013424,17,38,17
2023-04-19,8013428,8010076,38,38,106
2023-04-19,8013428,8012697,16,38,33
2023-04-19,8013428,8013428,53,76,70
2023-04-19,8013447,8010269,2,26,5
2023-04-19,8013447,8012192,6,25,30
2023-04-19,8013447,8013447,8,51,22
2023-04-19,8013461,8011339,22,29,99
2023-04-19,8013461,8011637,19,20,72
2023-04-19,8013461,8013461,25,40,82
2023-04-19,8013471,8010003,13,17,111
2023-04-19,8013471,8010243,0,1,0
2023-04-19,8013471,8011222,48,57,213
2023-04-19,8013471,8011745,24,40,60
2023-04-19,8013471,8012308,32,35,78
2023-04-19,8013471,8013471,106,150,123
2023-04-19,8080930,8010208,14,29,43
2023-04-19,8080930,8080930,28,58,40
2023-04-20,8010046,8010046,38,58,314
2023-04-20,8010046,8010059,19,29,368
2023-04-20,8010046,8012416,19,29,260
2023-04-20,8010059,8010046,20,29,267
2023-04-20,8010059,8010059,109,174,140
2023-04-20,8010059,8011491,57,87,158
2023-04-20,8010059,8011626,14,38,28
2023-04-20,8010059,8013361,16,20,82
2023-04-20,8010076,8010076,47,76,47
2023-04-20,8010076,8012478,8,15,48
2023-04-20,8010076,8012629,29,38,58
2023-04-20,8010076,8013428,16,38,29
2023-04-20,8010080,8010080,24,38,28
2023-04-20,8010080,8012232,13,19,28
2023-04-20,8010080,8013295,5,17,90
2023-04-20,8010080,8013424,2,19,6
2023-04-20,8010095,8010095,39,102,84
2023-04-20,8010095,8010161,8,34,71
2023-04-20,8010095,8010351,5,17,41
2023-04-20,8010095,8011959,5,34,26
2023-04-20,8010095,8011983,11,15,100
2023-04-20,8010095,8013093,15,17,263
2023-04-20,8010122,8010122,31,38,103
2023-04-20,8010122,8010238,14,19,111
2023-04-20,8010122,8011077,12,19,73
2023-04-20,8010122,8011588,13,19,79
2023-04-20,8010122,8013095,0,17,0
2023-04-20,8010144,8010144,22,34,237
2023-04-20,8010144,8011705,10,17,141
2023-04-20,8010144,8013087,12,17,325
2023-04-20,8010161,8010095,17,36,38
2023-04-20,8010161,8010161,28,59,72
2023-04-20,8010161,8011387,8,28,90
2023-04-20,8010186,8010186,61,134,22
2023-04-20,8010186,8012344,32,67,34
2023-04-20,8010186,8013070,27,67,14
2023-04-20,8010207,8010207,87,175,49
2023-04-20,8010207,8012193,61,88,64
2023-04-20,8010207,8012236,12,67,16
2023-04-20,8010207,8012817,4,20,10
2023-04-20,8010208,8010208,64,92,219
2023-04-20,8010208,8011491,17,29,238
2023-04-20,8010208,8011495,16,17,42
2023-04-20,8010208,8080930,17,29,379
2023-04-20,8010209,8010209,83,185,27
2023-04-20,8010209,8011771,19,67,22
2023-04-20,8010209,8012192,14,26,43
2023-04-20,8010209,8012193,0,2,0
2023-04-20,8010209,8012236,34,67,20
2023-04-20,8010228,8010228,107,154,35
2023-04-20,8010228,8011598,36,77,29
2023-04-20,8010228,8012308,69,76,45
2023-04-20,8010228,8013471,0,1,0
2023-04-20,8010238,8010122,15,19,92
2023-04-20,8010238,8010238,24,38,98
2023-04-20,8010238,8011297,11,19,106
2023-04-20,8010269,8010269,14,51,27
2023-04-20,8010269,8012682,4,26,12
2023-04-20,8010269,8013447,11,25,40
2023-04-20,8010351,8010095,15,15,306
2023-04-20,8010351,8010351,32,53,149
2023-04-20,8010351,8011131,10,27,77
2023-04-20,8010351,8012371,21,31,75
2023-04-20,8010359,8010359,21,38,23
2023-04-20,8010359,8012946,11,19,22
2023-04-20,8010359,8013033,9,19,16
2023-04-20,8011018,8011018,51,76,43
2023-04-20,8011018,8012284,29,38,59
2023-04-20,8011018,8013362,23,38,39
2023-04-20,8011077,8010122,16,19,118
2023-04-20,8011077,8011077,56,72,87
2023-04-20,8011077,8011132,0,1,0
2023-04-20,8011077,8011914,12,17,69
2023-04-20,8011077,8012178,12,17,49
2023-04-20,8011077,8012228,1,1,90
2023-04-20,8011131,8010103,13,18,178
2023-04-20,8011131,8010351,24,26,212
2023-04-20,8011131,8011131,39,53,134
2023-04-20,8011131,8012734,7,9,57
2023-04-20,8011132,8011077,0,1,0
2023-04-20,8011132,8011132,27,36,62
2023-04-20,8011132,8012228,0,1,0
2023-04-20,8011132,8012526,12,17,58
2023-04-20,8011132,8012597,9,17,49
2023-04-20,8011242,8011242,27,39,32
2023-04-20,8011242,8012241,28,39,42
2023-04-20,8011242,8012623,13,19,21
2023-04-20,8011339,8011339,36,58,54
2023-04-20,8011339,8012117,15,29,51
2023-04-20,8011339,8013461,18,29,61
2023-04-20,8011387,8010161,27,31,75
2023-04-20,8011387,8011387,41,59,82
2023-04-20,8011387,8012371,13,28,106
2023-04-20,8011491,8010008,17,38,42
2023-04-20,8011491,8010059,44,87,112
2023-04-20,8011491,8010208,17,29,387
2023-04-20,8011491,8011491,90,174,132
2023-04-20,8011495,8010208,14,17,76
2023-04-20,8011495,8011495,26,34,62
2023-04-20,8011495,8012375,12,17,55
2023-04-20,8011588,8010122,12,19,32
2023-04-20,8011588,8011588,24,38,33
2023-04-20,8011588,8012463,16,20,38
2023-04-20,8011598,8010228,14,76,8
2023-04-20,8011598,8011598,39,79,27
2023-04-20,8011598,8011745,25,39,42
2023-04-20,8011626,8010059,22,38,37
2023-04-20,8011626,8011626,41,76,37
2023-04-20,8011626,8012284,20,38,49
2023-04-20,8011705,8010144,8,17,307
2023-04-20,8011705,8011705,20,34,236
2023-04-20,8011705,8011763,17,29,282
2023-04-20,8011745,8011598,33,40,50
2023-04-20,8011745,8011745,52,79,39
2023-04-20,8011745,8013471,19,39,24
2023-04-20,8011753,8011753,29,41,80
2023-04-20,8011753,8012080,8,20,33
2023-04-20,8011753,8012311,16,21,116
2023-04-20,8011755,8011755,22,34,53
2023-04-20,8011755,8012228,15,17,86
2023-04-20,8011755,8012526,10,17,48
2023-04-20,8011763,8011705,14,29,376
2023-04-20,8011763,8011763,35,58,331
2023-04-20,8011763,8012416,16,29,350
2023-04-20,8011771,8010209,44,67,26
2023-04-20,8011771,8011771,68,134,22
2023-04-20,8011771,8013070,23,67,22
2023-04-20,8011913,8011913,26,34,58
2023-04-20,8011913,8012228,12,17,55
2023-04-20,8011913,8012375,7,17,39
2023-04-20,8011914,8011077,12,17,51
2023-04-20,8011914,8011914,23,34,54
2023-04-20,8011914,8013095,10,17,53
2023-04-20,8012053,8012053,17,34,197
2023-04-20,8012053,8012198,12,17,122
2023-04-20,8012053,8013295,5,17,254
2023-04-20,8012117,8011339,18,29,59
2023-04-20,8012117,8012117,42,58,73
2023-04-20,8012117,8013361,25,29,107
2023-04-20,8012178,8011077,15,17,85
2023-04-20,8012178,8012178,26,34,56
2023-04-20,8012178,8012597,15,17,55
2023-04-20,8012184,8012184,298,468,37
2023-04-20,8012184,8012187,141,235,37
2023-04-20,8012184,8012202,157,233,33
2023-04-20,8012187,8010206,88,115,48
2023-04-20,8012187,8012184,158,233,32
2023-04-20,8012187,8012187,307,468,33
2023-04-20,8012187,8012343,63,120,27
2023-04-20,8012192,8010209,15,25,36
2023-04-20,8012192,8012192,16,51,24
2023-04-20,8012192,8013447,6,26,24
2023-04-20,8012193,8010207,52,87,38
2023-04-20,8012193,8010209,2,3,20
2023-04-20,8012193,8012193,90,180,36
2023-04-20,8012193,8080840,28,67,17
2023-04-20,8012194,8010008,19,38,28
2023-04-20,8012194,8012194,44,76,31
2023-04-20,8012194,8012343,85,120,51
2023-04-20,8012195,8012190,32,38,58
2023-04-20,8012195,8012195,59,77,50
2023-04-20,8012195,8012273,28,39,53
2023-04-20,8012196,8012196,167,209,58
2023-04-20,8012196,8012200,38,66,36
2023-04-20,8012196,8012273,32,38,49
2023-04-20,8012196,8098205,82,104,52
2023-04-20,8012197,8012197,56,100,42
2023-04-20,8012197,8012204,23,50,31
2023-04-20,8012197,8012285,34,50,71
2023-04-20,8012198,8012053,5,17,311
2023-04-20,8012198,8012198,25,34,243
2023-04-20,8012198,8013087,8,17,124
2023-04-20,8012200,8012196,60,66,79
2023-04-20,8012200,8012200,87,132,45
2023-04-20,8012200,8012478,45,66,45
2023-04-20,8012204,8012181,33,50,33
2023-04-20,8012204,8012197,25,50,44
2023-04-20,8012204,8012204,70,100,46
2023-04-20,8012228,8011077,1,1,1080
2023-04-20,8012228,8011132,0,1,0
2023-04-20,8012228,8011755,9,17,39
2023-04-20,8012228,8011913,12,17,60
2023-04-20,8012228,8012228,29,38,86
2023-04-20,8012232,8010080,10,19,28
2023-04-20,8012232,8012232,19,38,21
2023-04-20,8012232,8013033,6,19,16
2023-04-20,8012236,8010207,41,67,43
2023-04-20,8012236,8010209,34,67,31
2023-04-20,8012236,8012236,68,134,30
2023-04-20,8012241,8010243,28,39,32
2023-04-20,8012241,8011242,25,39,34
2023-04-20,8012241,8012241,52,78,34
2023-04-20,8012284,8011018,18,38,33
2023-04-20,8012284,8011626,22,38,36
2023-04-20,8012284,8012284,44,76,44
2023-04-20,8012285,8012197,34,50,31
2023-04-20,8012285,8012285,59,100,43
2023-04-20,8012285,8012865,25,50,46
2023-04-20,8012304,8010206,87,111,41
2023-04-20,8012304,8012304,195,224,52
2023-04-20,8012304,8012308,100,113,53
2023-04-20,8012308,8010228,67,78,53
2023-04-20,8012308,8012304,88,111,41
2023-04-20,8012308,8012308,187,224,48
2023-04-20,8012308,8013471,30,35,65
2023-04-20,8012311,8011071,0,1,0
2023-04-20,8012311,8011753,13,20,42
2023-04-20,8012311,8012311,28,42,66
2023-04-20,8012311,8012355,15,21,106
2023-04-20,8012355,8012311,5,20,12
2023-04-20,8012355,8012355,26,41,75
2023-04-20,8012355,8012817,21,21,131
2023-04-20,8012371,8010351,23,28,138
2023-04-20,8012371,8011387,20,31,64
2023-04-20,8012371,8012371,43,59,93
2023-04-20,8012375,8011495,14,17,79
2023-04-20,8012375,8011913,14,17,78
2023-04-20,8012375,8012375,28,34,62
2023-04-20,8012416,8010046,18,29,364
2023-04-20,8012416,8011763,15,29,264
2023-04-20,8012416,8012416,38,58,311
2023-04-20,8012478,8010076,8,15,48
2023-04-20,8012478,8012200,38,66,39
2023-04-20,8012478,8012478,99,189,40
2023-04-20,8012478,8012697,34,38,69
2023-04-20,8012478,8098205,21,40,47
2023-04-20,8012526,8011132,16,17,81
2023-04-20,8012526,8011755,12,17,55
2023-04-20,8012526,8012526,28,34,64
2023-04-20,8012576,8012576,5,38,9
2023-04-20,8012576,8013029,1,19,2
2023-04-20,8012576,8013424,1,19,8
2023-04-20,8012597,8011132,15,17,94
2023-04-20,8012597,8012178,9,17,41
2023-04-20,8012597,8012597,24,34,60
2023-04-20,8012623,8011242,19,20,58
2023-04-20,8012623,8012463,10,19,21
2023-04-20,8012623,8012623,29,39,38
2023-04-20,8012697,8012478,37,38,55
2023-04-20,8012697,8012697,71,76,70
2023-04-20,8012697,8013428,34,38,77
2023-04-20,8012731,8011371,16,21,46
2023-04-20,8012731,8012731,31,41,58
2023-04-20,8012731,8013138,12,20,27
2023-04-20,8012734,8010103,5,9,30
2023-04-20,8012734,8011131,7,9,53
2023-04-20,8012734,8012734,13,18,42
2023-04-20,8012817,8010207,21,21,141
2023-04-20,8012817,8012355,16,20,30
2023-04-20,8012817,8012817,37,41,81
2023-04-20,8012863,8011752,30,39,74
2023-04-20,8012863,8012863,59,78,55
2023-04-20,8012863,8012865,30,39,45
2023-04-20,8012865,8012285,16,50,21
2023-04-20,8012865,8012863,25,39,59
2023-04-20,8012865,8012865,39,78,45
2023-04-20,8013029,8012576,10,19,30
2023-04-20,8013029,8012975,1,19,2
2023-04-20,8013029,8013029,11,38,16
2023-04-20,8013033,8010359,5,19,13
2023-04-20,8013033,8012232,13,19,24
2023-04-20,8013033,8013033,9,38,10
2023-04-20,8013070,8010186,37,67,28
2023-04-20,8013070,8011771,39,67,17
2023-04-20,8013070,8013070,78,134,25
2023-04-20,8013087,8010144,9,17,134
2023-04-20,8013087,8012198,11,17,367
2023-04-20,8013087,8013087,18,34,212
2023-04-20,8013093,8010095,14,18,142
2023-04-20,8013093,8012190,28,39,38
2023-04-20,8013093,8012656,16,33,29
2023-04-20,8013093,8013093,72,102,97
2023-04-20,8013095,8010122,6,17,42
2023-04-20,8013095,8011914,9,17,23
2023-04-20,8013095,8013095,11,34,23
2023-04-20,8013295,8010080,5,17,284
2023-04-20,8013295,8012053,4,17,85
2023-04-20,8013295,8013295,10,34,171
2023-04-20,8013361,8010059,17,20,90
2023-04-20,8013361,8012117,9,29,39
2023-04-20,8013361,8013361,38,58,69
2023-04-20,8013361,8013362,12,38,21
2023-04-20,8013362,8011018,28,38,41
2023-04-20,8013362,8013361,14,38,29
2023-04-20,8013362,8013362,40,76,32
2023-04-20,8013424,8010080,8,19,21
2023-04-20,8013424,8012576,3,19,6
2023-04-20,8013424,8013424,11,38,12
2023-04-20,8013428,8010076,35,38,86
2023-04-20,8013428,8012697,12,38,24
2023-04-20,8013428,8013428,45,76,54
2023-04-20,8013447,8010269,4,26,17
2023-04-20,8013447,8012192,10,25,22
2023-04-20,8013447,8013447,14,51,26
2023-04-20,8013461,8011339,18,29,44
2023-04-20,8013461,8011637,19,20,90
2023-04-20,8013461,8013461,25,40,62
2023-04-20,8013471,8010003,15,17,83
2023-04-20,8013471,8010243,0,1,0
2023-04-20,8013471,8011222,41,57,42
2023-04-20,8013471,8011745,24,40,30
2023-04-20,8013471,8012308,27,35,38
2023-04-20,8013471,8013471,99,150,38
2023-04-20,8080930,8010208,15,29,232
2023-04-20,8080930,8080930,33,58,301
2023-04-21,8010046,8010046,17,60,41
2023-04-21,8010046,8010059,8,30,31
2023-04-21,8010046,8012416,10,30,48
2023-04-21,8010059,8010046,13,30,55
2023-04-21,8010059,8010059,83,178,63
2023-04-21,8010059,8011491,39,89,62
2023-04-21,8010059,8011626,9,39,32
2023-04-21,8010059,8013361,12,20,118
2023-04-21,8010076,8010076,35,78,69
2023-04-21,8010076,8012478,0,15,0
2023-04-21,8010076,8012629,21,39,98
2023-04-21,8010076,8013428,12,39,36
2023-04-21,8010080,8010080,14,38,14
2023-04-21,8010080,8012232,6,19,11
2023-04-21,8010080,8013295,3,17,7
2023-04-21,8010080,8013424,1,19,2
2023-04-21,8010095,8010095,32,104,215
2023-04-21,8010095,8010161,8,35,52
2023-04-21,8010095,8010351,8,17,187
2023-04-21,8010095,8011959,3,35,224
2023-04-21,8010095,8011983,8,15,80
2023-04-21,8010095,8013093,10,17,702
2023-04-21,8010122,8010122,22,38,176
2023-04-21,8010122,8010238,15,19,142
2023-04-21,8010122,8011077,10,19,226
2023-04-21,8010122,8011588,8,20,38
2023-04-21,8010122,8013095,4,18,38
2023-04-21,8010144,8010144,9,34,12
2023-04-21,8010144,8011705,3,17,11
2023-04-21,8010144,8013087,6,17,18
2023-04-21,8010161,8010095,5,37,69
2023-04-21,8010161,8010161,14,61,75
2023-04-21,8010161,8011387,5,29,54
2023-04-21,8010186,8010186,33,137,14
2023-04-21,8010186,8012344,23,68,29
2023-04-21,8010186,8013070,10,69,4
2023-04-21,8010207,8010207,58,179,40
2023-04-21,8010207,8012193,40,91,51
2023-04-21,8010207,8012236,10,68,20
2023-04-21,8010207,8012817,3,20,12
2023-04-21,8010208,8010208,43,96,91
2023-04-21,8010208,8011491,11,30,46
2023-04-21,8010208,8011495,12,18,115
2023-04-21,8010208,8080930,9,30,43
2023-04-21,8010209,8010209,59,192,77
2023-04-21,8010209,8011771,17,68,25
2023-04-21,8010209,8012192,10,28,96
2023-04-21,8010209,8012193,0,2,0
2023-04-21,8010209,8012236,15,69,11
2023-04-21,8010228,8010228,56,156,76
2023-04-21,8010228,8011598,22,78,122
2023-04-21,8010228,8012308,35,77,31
2023-04-21,8010228,8013471,0,1,0
2023-04-21,8010238,8010122,12,19,213
2023-04-21,8010238,8010238,32,38,183
2023-04-21,8010238,8011297,8,19,136
2023-04-21,8010269,8010269,24,55,283
2023-04-21,8010269,8012682,8,28,134
2023-04-21,8010269,8013447,17,27,386
2023-04-21,8010351,8010095,10,15,800
2023-04-21,8010351,8010351,23,53,289
2023-04-21,8010351,8011131,10,27,109
2023-04-21,8010351,8012371,10,32,102
2023-04-21,8010359,8010359,18,38,18
2023-04-21,8010359,8012946,9,19,13
2023-04-21,8010359,8013033,8,19,16
2023-04-21,8011018,8011018,34,78,48
2023-04-21,8011018,8012284,16,39,58
2023-04-21,8011018,8013362,17,39,40
2023-04-21,8011077,8010122,10,19,126
2023-04-21,8011077,8011077,43,74,181
2023-04-21,8011077,8011132,1,1,30
2023-04-21,8011077,8011914,10,18,202
2023-04-21,8011077,8012178,11,18,128
2023-04-21,8011077,8012228,1,1,210
2023-04-21,8011131,8010103,10,18,230
2023-04-21,8011131,8010351,14,26,464
2023-04-21,8011131,8011131,24,53,282
2023-04-21,8011131,8012734,2,9,17
2023-04-21,8011132,8011077,0,1,0
2023-04-21,8011132,8011132,27,38,180
2023-04-21,8011132,8012228,1,1,30
2023-04-21,8011132,8012526,11,18,192
2023-04-21,8011132,8012597,12,18,198
2023-04-21,8011242,8011242,14,40,81
2023-04-21,8011242,8012241,21,40,40
2023-04-21,8011242,8012623,7,19,148
2023-04-21,8011339,8011339,25,59,79
2023-04-21,8011339,8012117,15,29,89
2023-04-21,8011339,8013461,13,30,93
2023-04-21,8011387,8010161,16,32,107
2023-04-21,8011387,8011387,22,61,80
2023-04-21,8011387,8012371,5,29,46
2023-04-21,8011491,8010008,15,39,45
2023-04-21,8011491,8010059,40,89,57
2023-04-21,8011491,8010208,12,30,61
2023-04-21,8011491,8011491,72,178,59
2023-04-21,8011495,8010208,10,18,193
2023-04-21,8011495,8011495,23,36,162
2023-04-21,8011495,8012375,13,18,127
2023-04-21,8011588,8010122,7,19,147
2023-04-21,8011588,8011588,15,39,82
2023-04-21,8011588,8012463,8,21,13
2023-04-21,8011598,8010228,9,77,12
2023-04-21,8011598,8011598,22,81,51
2023-04-21,8011598,8011745,15,40,95
2023-04-21,8011626,8010059,16,39,44
2023-04-21,8011626,8011626,31,78,42
2023-04-21,8011626,8012284,17,39,45
2023-04-21,8011705,8010144,6,17,26
2023-04-21,8011705,8011705,10,34,18
2023-04-21,8011705,8011763,10,30,18
2023-04-21,8011745,8011598,21,41,29
2023-04-21,8011745,8011745,33,81,59
2023-04-21,8011745,8013471,13,40,92
2023-04-21,8011753,8011753,18,42,46
2023-04-21,8011753,8012080,7,20,20
2023-04-21,8011753,8012311,9,22,61
2023-04-21,8011755,8011755,23,36,173
2023-04-21,8011755,8012228,12,18,210
2023-04-21,8011755,8012526,11,18,153
2023-04-21,8011763,8011705,8,30,19
2023-04-21,8011763,8011763,19,60,29
2023-04-21,8011763,8012416,8,30,31
2023-04-21,8011771,8010209,24,69,17
2023-04-21,8011771,8011771,44,137,19
2023-04-21,8011771,8013070,20,68,22
2023-04-21,8011913,8011913,23,36,161
2023-04-21,8011913,8012228,12,18,123
2023-04-21,8011913,8012375,10,18,183
2023-04-21,8011914,8011077,9,18,65
2023-04-21,8011914,8011914,19,36,129
2023-04-21,8011914,8013095,11,18,190
2023-04-21,8012053,8012053,8,34,10
2023-04-21,8012053,8012198,8,17,25
2023-04-21,8012053,8013295,0,17,0
2023-04-21,8012117,8011339,19,30,93
2023-04-21,8012117,8012117,33,59,107
2023-04-21,8012117,8013361,17,29,130
2023-04-21,8012178,8011077,13,18,227
2023-04-21,8012178,8012178,24,36,165
2023-04-21,8012178,8012597,11,18,123
2023-04-21,8012184,8012184,184,476,73
2023-04-21,8012184,8012187,92,240,90
2023-04-21,8012184,8012202,92,236,53
2023-04-21,8012187,8010206,55,116,133
2023-04-21,8012187,8012184,96,236,53
2023-04-21,8012187,8012187,189,476,70
2023-04-21,8012187,8012343,43,124,50
2023-04-21,8012192,8010209,17,27,376
2023-04-21,8012192,8012192,26,55,226
2023-04-21,8012192,8013447,7,28,148
2023-04-21,8012193,8010207,34,88,36
2023-04-21,8012193,8010209,0,3,0
2023-04-21,8012193,8012193,60,184,32
2023-04-21,8012193,8080840,17,69,23
2023-04-21,8012194,8010008,16,39,43
2023-04-21,8012194,8012194,34,78,33
2023-04-21,8012194,8012343,49,122,32
2023-04-21,8012195,8012190,20,39,114
2023-04-21,8012195,8012195,32,79,160
2023-04-21,8012195,8012273,14,40,212
2023-04-21,8012196,8012196,108,213,103
2023-04-21,8012196,8012200,31,67,62
2023-04-21,8012196,8012273,18,39,110
2023-04-21,8012196,8098205,50,106,105
2023-04-21,8012197,8012197,30,101,22
2023-04-21,8012197,8012204,17,51,24
2023-04-21,8012197,8012285,13,50,31
2023-04-21,8012198,8012053,0,17,0
2023-04-21,8012198,8012198,14,34,19
2023-04-21,8012198,8013087,3,17,-4
2023-04-21,8012200,8012196,38,67,64
2023-04-21,8012200,8012200,59,134,55
2023-04-21,8012200,8012478,33,67,68
2023-04-21,8012204,8012181,22,51,23
2023-04-21,8012204,8012197,18,50,26
2023-04-21,8012204,8012204,46,101,29
2023-04-21,8012228,8011077,1,1,30
2023-04-21,8012228,8011132,1,1,30
2023-04-21,8012228,8011755,11,18,150
2023-04-21,8012228,8011913,10,18,197
2023-04-21,8012228,8012228,26,40,160
2023-04-21,8012232,8010080,6,19,19
2023-04-21,8012232,8012232,14,38,14
2023-04-21,8012232,8013033,2,19,2
2023-04-21,8012236,8010207,31,69,34
2023-04-21,8012236,8010209,28,68,32
2023-04-21,8012236,8012236,48,137,26
2023-04-21,8012241,8010243,21,40,24
2023-04-21,8012241,8011242,13,40,88
2023-04-21,8012241,8012241,33,80,58
2023-04-21,8012284,8011018,12,39,34
2023-04-21,8012284,8011626,15,39,42
2023-04-21,8012284,8012284,30,78,45
2023-04-21,8012285,8012197,24,51,24
2023-04-21,8012285,8012285,36,101,24
2023-04-21,8012285,8012865,11,50,19
2023-04-21,8012304,8010206,53,112,75
2023-04-21,8012304,8012304,119,226,107
2023-04-21,8012304,8012308,59,114,134
2023-04-21,8012308,8010228,37,79,135
2023-04-21,8012308,8012304,57,112,74
2023-04-21,8012308,8012308,113,226,106
2023-04-21,8012308,8013471,19,35,144
2023-04-21,8012311,8011071,0,1,0
2023-04-21,8012311,8011753,9,20,30
2023-04-21,8012311,8012311,18,43,40
2023-04-21,8012311,8012355,9,22,60
2023-04-21,8012355,8012311,5,20,16
2023-04-21,8012355,8012355,17,42,49
2023-04-21,8012355,8012817,12,22,75
2023-04-21,8012371,8010351,14,29,67
2023-04-21,8012371,8011387,13,32,103
2023-04-21,8012371,8012371,28,61,79
2023-04-21,8012375,8011495,11,18,205
2023-04-21,8012375,8011913,12,18,138
2023-04-21,8012375,8012375,24,36,162
2023-04-21,8012416,8010046,7,30,33
2023-04-21,8012416,8011763,9,30,43
2023-04-21,8012416,8012416,18,60,39
2023-04-21,8012478,8010076,2,15,4
2023-04-21,8012478,8012200,26,67,36
2023-04-21,8012478,8012478,70,191,74
2023-04-21,8012478,8012697,23,39,105
2023-04-21,8012478,8098205,17,40,85
2023-04-21,8012526,8011132,12,18,227
2023-04-21,8012526,8011755,11,18,187
2023-04-21,8012526,8012526,23,36,192
2023-04-21,8012576,8012576,17,38,21
2023-04-21,8012576,8013029,8,19,28
2023-04-21,8012576,8013424,2,19,9
2023-04-21,8012597,8011132,11,18,145
2023-04-21,8012597,8012178,11,18,187
2023-04-21,8012597,8012597,22,36,164
2023-04-21,8012623,8011242,8,21,14
2023-04-21,8012623,8012463,6,19,142
2023-04-21,8012623,8012623,15,40,78
2023-04-21,8012697,8012478,21,39,49
2023-04-21,8012697,8012697,42,78,83
2023-04-21,8012697,8013428,21,39,118
2023-04-21,8012731,8011371,11,22,94
2023-04-21,8012731,8012731,23,43,98
2023-04-21,8012731,8013138,11,21,70
2023-04-21,8012734,8010103,3,9,20
2023-04-21,8012734,8011131,3,9,20
2023-04-21,8012734,8012734,6,18,18
2023-04-21,8012817,8010207,11,22,74
2023-04-21,8012817,8012355,8,20,24
2023-04-21,8012817,8012817,19,42,47
2023-04-21,8012863,8011752,18,42,26
2023-04-21,8012863,8012863,34,83,25
2023-04-21,8012863,8012865,17,41,29
2023-04-21,8012865,8012285,14,51,15
2023-04-21,8012865,8012863,15,42,24
2023-04-21,8012865,8012865,29,83,24
2023-04-21,8013029,8012576,10,19,28
2023-04-21,8013029,8012975,2,19,16
2023-04-21,8013029,8013029,12,38,24
2023-04-21,8013033,8010359,4,19,9
2023-04-21,8013033,8012232,10,19,17
2023-04-21,8013033,8013033,5,38,4
2023-04-21,8013070,8010186,27,68,24
2023-04-21,8013070,8011771,22,69,7
2023-04-21,8013070,8013070,49,137,17
2023-04-21,8013087,8010144,2,17,-14
2023-04-21,8013087,8012198,6,17,19
2023-04-21,8013087,8013087,5,34,-9
2023-04-21,8013093,8010095,9,18,213
2023-04-21,8013093,8012190,15,40,210
2023-04-21,8013093,8012656,7,34,53
2023-04-21,8013093,8013093,39,104,250
2023-04-21,8013095,8010122,10,18,170
2023-04-21,8013095,8011914,8,18,50
2023-04-21,8013095,8013095,15,36,108
2023-04-21,8013295,8010080,1,17,-2
2023-04-21,8013295,8012053,1,17,4
2023-04-21,8013295,8013295,3,34,4
2023-04-21,8013361,8010059,12,20,138
2023-04-21,8013361,8012117,10,30,69
2023-04-21,8013361,8013361,33,59,100
2023-04-21,8013361,8013362,11,39,43
2023-04-21,8013362,8011018,18,39,55
2023-04-21,8013362,8013361,10,39,34
2023-04-21,8013362,8013362,27,78,41
2023-04-21,8013424,8010080,7,19,22
2023-04-21,8013424,8012576,7,19,13
2023-04-21,8013424,8013424,8,38,11
2023-04-21,8013428,8010076,24,39,126
2023-04-21,8013428,8012697,10,39,31
2023-04-21,8013428,8013428,34,78,79
2023-04-21,8013447,8010269,8,28,192
2023-04-21,8013447,8012192,17,27,360
2023-04-21,8013447,8013447,24,55,289
2023-04-21,8013461,8011339,12,29,66
2023-04-21,8013461,8011637,12,20,129
2023-04-21,8013461,8013461,19,40,94
2023-04-21,8013471,8010003,9,17,175
2023-04-21,8013471,8010243,0,1,0
2023-04-21,8013471,8011222,31,58,95
2023-04-21,8013471,8011745,18,41,19
2023-04-21,8013471,8012308,17,35,187
2023-04-21,8013471,8013471,72,152,108
2023-04-21,8080930,8010208,11,30,47
2023-04-21,8080930,8080930,21,60,44
2023-04-22,8010046,8010046,16,40,93
2023-04-22,8010046,8010059,10,20,74
2023-04-22,8010046,8012416,8,20,128
2023-04-22,8010059,8010046,8,20,128
2023-04-22,8010059,8010059,105,156,158
2023-04-22,8010059,8011491,48,78,155
2023-04-22,8010059,8011626,21,38,153
2023-04-22,8010059,8013361,16,20,216
2023-04-22,8010076,8010076,33,44,120
2023-04-22,8010076,8012141,0,1,0
2023-04-22,8010076,8012478,0,17,-7
2023-04-22,8010076,8012629,34,39,118
2023-04-22,8010076,8013428,17,38,64
2023-04-22,8010080,8010080,23,30,117
2023-04-22,8010080,8012232,9,11,112
2023-04-22,8010080,8013295,0,8,0
2023-04-22,8010080,8013424,2,11,71
2023-04-22,8010095,8010095,28,82,65
2023-04-22,8010095,8010161,7,33,46
2023-04-22,8010095,8010351,5,9,227
2023-04-22,8010095,8011959,4,31,29
2023-04-22,8010095,8011983,7,8,82
2023-04-22,8010095,8013093,8,9,60
2023-04-22,8010122,8010122,25,38,58
2023-04-22,8010122,8010238,15,19,58
2023-04-22,8010122,8011077,11,19,47
2023-04-22,8010122,8011588,17,19,106
2023-04-22,8010122,8013095,2,16,6
2023-04-22,8010144,8010144,12,17,148
2023-04-22,8010144,8011705,6,8,154
2023-04-22,8010144,8013087,6,9,117
2023-04-22,8010161,8010095,9,32,40
2023-04-22,8010161,8010161,17,59,54
2023-04-22,8010161,8011387,3,29,44
2023-04-22,8010186,8010186,34,84,21
2023-04-22,8010186,8012344,12,42,22
2023-04-22,8010186,8013070,19,42,19
2023-04-22,8010207,8010207,69,124,59
2023-04-22,8010207,8012193,47,62,85
2023-04-22,8010207,8012236,11,42,22
2023-04-22,8010207,8012817,2,20,4
2023-04-22,8010208,8010208,42,73,81
2023-04-22,8010208,8011491,9,20,106
2023-04-22,8010208,8011495,14,17,69
2023-04-22,8010208,8080930,7,20,87
2023-04-22,8010209,8010209,78,136,35
2023-04-22,8010209,8011771,20,42,32
2023-04-22,8010209,8012192,16,26,40
2023-04-22,8010209,8012193,1,1,30
2023-04-22,8010209,8012236,18,42,13
2023-04-22,8010228,8010228,101,149,46
2023-04-22,8010228,8011598,34,74,41
2023-04-22,8010228,8012308,65,75,49
2023-04-22,8010238,8010122,11,19,62
2023-04-22,8010238,8010238,28,38,63
2023-04-22,8010238,8011297,11,19,69
2023-04-22,8010269,8010269,13,52,27
2023-04-22,8010269,8012682,2,26,2
2023-04-22,8010269,8013447,11,26,59
2023-04-22,8010351,8010095,8,8,98
2023-04-22,8010351,8010351,20,36,114
2023-04-22,8010351,8011131,3,19,104
2023-04-22,8010351,8012371,28,30,102
2023-04-22,8010359,8010359,18,22,115
2023-04-22,8010359,8012946,9,11,161
2023-04-22,8010359,8013033,8,11,82
2023-04-22,8011018,8011018,62,76,173
2023-04-22,8011018,8012284,33,38,167
2023-04-22,8011018,8013362,29,38,185
2023-04-22,8011077,8010122,14,19,54
2023-04-22,8011077,8011077,55,71,74
2023-04-22,8011077,8011132,1,1,120
2023-04-22,8011077,8011914,12,17,86
2023-04-22,8011077,8012178,12,16,43
2023-04-22,8011077,8012228,1,1,660
2023-04-22,8011131,8010103,7,10,237
2023-04-22,8011131,8010351,15,17,109
2023-04-22,8011131,8011131,27,36,110
2023-04-22,8011131,8012734,8,9,33
2023-04-22,8011132,8011077,1,1,90
2023-04-22,8011132,8011132,27,35,69
2023-04-22,8011132,8012228,1,1,150
2023-04-22,8011132,8012526,11,16,36
2023-04-22,8011132,8012597,8,17,62
2023-04-22,8011242,8011242,24,39,25
2023-04-22,8011242,8012241,35,39,51
2023-04-22,8011242,8012623,8,20,12
2023-04-22,8011339,8011339,35,45,197
2023-04-22,8011339,8012117,22,22,183
2023-04-22,8011339,8013461,16,23,260
2023-04-22,8011387,8010161,27,30,85
2023-04-22,8011387,8011387,34,59,63
2023-04-22,8011387,8012371,8,29,42
2023-04-22,8011491,8010008,27,38,163
2023-04-22,8011491,8010059,46,78,128
2023-04-22,8011491,8010208,8,20,98
2023-04-22,8011491,8011491,90,156,130
2023-04-22,8011495,8010208,14,16,60
2023-04-22,8011495,8011495,24,33,70
2023-04-22,8011495,8012375,8,17,62
2023-04-22,8011588,8010122,9,20,24
2023-04-22,8011588,8011588,24,39,30
2023-04-22,8011588,8012463,16,19,39
2023-04-22,8011598,8010228,14,75,20
2023-04-22,8011598,8011598,32,80,40
2023-04-22,8011598,8011745,18,39,45
2023-04-22,8011626,8010059,34,38,154
2023-04-22,8011626,8011626,64,76,167
2023-04-22,8011626,8012284,30,38,203
2023-04-22,8011705,8010144,4,9,140
2023-04-22,8011705,8011705,11,17,139
2023-04-22,8011705,8011763,8,20,51
2023-04-22,8011745,8011598,33,41,73
2023-04-22,8011745,8011745,51,80,56
2023-04-22,8011745,8013471,19,39,39
2023-04-22,8011753,8011753,22,40,81
2023-04-22,8011753,8012080,2,20,6
2023-04-22,8011753,8012311,12,20,138
2023-04-22,8011755,8011755,19,33,50
2023-04-22,8011755,8012228,14,16,77
2023-04-22,8011755,8012526,6,17,56
2023-04-22,8011763,8011705,7,20,108
2023-04-22,8011763,8011763,15,40,82
2023-04-22,8011763,8012416,10,20,48
2023-04-22,8011771,8010209,27,42,19
2023-04-22,8011771,8011771,50,84,28
2023-04-22,8011771,8013070,20,42,31
2023-04-22,8011913,8011913,24,33,62
2023-04-22,8011913,8012228,10,17,67
2023-04-22,8011913,8012375,8,16,38
2023-04-22,8011914,8011077,12,16,58
2023-04-22,8011914,8011914,21,33,65
2023-04-22,8011914,8013095,9,17,71
2023-04-22,8012053,8012053,9,17,58
2023-04-22,8012053,8012198,6,8,49
2023-04-22,8012053,8013295,3,9,87
2023-04-22,8012117,8011339,18,23,250
2023-04-22,8012117,8012117,40,45,250
2023-04-22,8012117,8013361,22,22,277
2023-04-22,8012178,8011077,16,17,139
2023-04-22,8012178,8012178,28,33,73
2023-04-22,8012178,8012597,13,16,43
2023-04-22,8012184,8012184,326,472,94
2023-04-22,8012184,8012187,159,236,60
2023-04-22,8012184,8012202,167,236,126
2023-04-22,8012187,8010206,88,113,65
2023-04-22,8012187,8012184,174,236,127
2023-04-22,8012187,8012187,331,472,90
2023-04-22,8012187,8012343,77,123,60
2023-04-22,8012192,8010209,25,26,65
2023-04-22,8012192,8012192,22,52,30
2023-04-22,8012192,8013447,5,26,14
2023-04-22,8012193,8010207,37,62,44
2023-04-22,8012193,8010209,0,1,0
2023-04-22,8012193,8012193,66,126,48
2023-04-22,8012193,8080840,17,42,19
2023-04-22,8012194,8010008,28,38,88
2023-04-22,8012194,8012194,53,76,98
2023-04-22,8012194,8012343,91,122,71
2023-04-22,8012195,8012190,37,40,101
2023-04-22,8012195,8012195,62,79,64
2023-04-22,8012195,8012273,25,39,50
2023-04-22,8012196,8012196,196,224,77
2023-04-22,8012196,8012200,53,73,67
2023-04-22,8012196,8012273,34,40,68
2023-04-22,8012196,8098205,83,110,68
2023-04-22,8012197,8012197,53,87,82
2023-04-22,8012197,8012204,19,44,55
2023-04-22,8012197,8012285,35,43,126
2023-04-22,8012198,8012053,3,9,110
2023-04-22,8012198,8012198,15,17,129
2023-04-22,8012198,8013087,7,8,139
2023-04-22,8012200,8012196,67,72,98
2023-04-22,8012200,8012200,108,145,78
2023-04-22,8012200,8012478,59,73,81
2023-04-22,8012204,8012181,33,44,63
2023-04-22,8012204,8012197,34,43,116
2023-04-22,8012204,8012204,71,87,96
2023-04-22,8012228,8011077,1,1,150
2023-04-22,8012228,8011132,1,1,120
2023-04-22,8012228,8011755,7,17,56
2023-04-22,8012228,8011913,14,16,60
2023-04-22,8012228,8012228,29,37,89
2023-04-22,8012232,8010080,9,11,115
2023-04-22,8012232,8012232,18,22,101
2023-04-22,8012232,8013033,7,11,101
2023-04-22,8012236,8010207,27,42,35
2023-04-22,8012236,8010209,28,42,38
2023-04-22,8012236,8012236,50,84,29
2023-04-22,8012241,8010243,33,39,36
2023-04-22,8012241,8011242,17,39,30
2023-04-22,8012241,8012241,50,78,32
2023-04-22,8012284,8011018,27,38,178
2023-04-22,8012284,8011626,30,38,150
2023-04-22,8012284,8012284,58,76,174
2023-04-22,8012285,8012197,28,44,58
2023-04-22,8012285,8012285,54,87,85
2023-04-22,8012285,8012865,22,43,91
2023-04-22,8012304,8010206,81,109,182
2023-04-22,8012304,8012304,193,218,133
2023-04-22,8012304,8012308,101,109,75
2023-04-22,8012308,8010228,65,74,66
2023-04-22,8012308,8012304,92,109,183
2023-04-22,8012308,8012308,191,218,128
2023-04-22,8012308,8013471,33,35,110
2023-04-22,8012311,8011753,8,20,27
2023-04-22,8012311,8012311,20,40,75
2023-04-22,8012311,8012355,11,20,135
2023-04-22,8012355,8012311,3,20,8
2023-04-22,8012355,8012355,21,40,85
2023-04-22,8012355,8012817,17,20,153
2023-04-22,8012371,8010351,25,29,69
2023-04-22,8012371,8011387,17,30,71
2023-04-22,8012371,8012371,42,59,64
2023-04-22,8012375,8011495,16,16,90
2023-04-22,8012375,8011913,10,17,76
2023-04-22,8012375,8012375,25,33,65
2023-04-22,8012416,8010046,8,20,56
2023-04-22,8012416,8011763,8,20,135
2023-04-22,8012416,8012416,18,40,93
2023-04-22,8012478,8010076,0,16,0
2023-04-22,8012478,8012200,47,72,63
2023-04-22,8012478,8012478,116,192,192
2023-04-22,8012478,8012697,36,39,129
2023-04-22,8012478,8098205,26,40,302
2023-04-22,8012526,8011132,17,17,104
2023-04-22,8012526,8011755,10,16,28
2023-04-22,8012526,8012526,27,33,60
2023-04-22,8012576,8012576,7,22,85
2023-04-22,8012576,8013029,4,11,68
2023-04-22,8012576,8013424,4,11,93
2023-04-22,8012597,8011132,13,16,64
2023-04-22,8012597,8012178,7,17,53
2023-04-22,8012597,8012597,20,33,53
2023-04-22,8012623,8011242,14,19,46
2023-04-22,8012623,8012463,6,20,9
2023-04-22,8012623,8012623,22,39,33
2023-04-22,8012697,8012478,38,38,96
2023-04-22,8012697,8012697,75,77,120
2023-04-22,8012697,8013428,35,39,137
2023-04-22,8012731,8011371,15,22,630
2023-04-22,8012731,8012731,32,44,402
2023-04-22,8012731,8013138,12,22,134
2023-04-22,8012734,8010103,1,9,-10
2023-04-22,8012734,8011131,7,8,109
2023-04-22,8012734,8012734,8,17,51
2023-04-22,8012817,8010207,15,20,153
2023-04-22,8012817,8012355,11,20,26
2023-04-22,8012817,8012817,26,40,83
2023-04-22,8012863,8011752,33,41,107
2023-04-22,8012863,8012863,63,81,91
2023-04-22,8012863,8012865,28,40,80
2023-04-22,8012865,8012285,19,44,55
2023-04-22,8012865,8012863,28,41,97
2023-04-22,8012865,8012865,48,81,84
2023-04-22,8013029,8012576,10,11,128
2023-04-22,8013029,8012975,3,11,60
2023-04-22,8013029,8013029,15,22,98
2023-04-22,8013033,8010359,8,11,145
2023-04-22,8013033,8012232,6,11,82
2023-04-22,8013033,8013033,10,22,91
2023-04-22,8013070,8010186,27,42,37
2023-04-22,8013070,8011771,28,42,20
2023-04-22,8013070,8013070,55,84,31
2023-04-22,8013087,8010144,5,8,131
2023-04-22,8013087,8012198,7,9,167
2023-04-22,8013087,8013087,11,17,115
2023-04-22,8013093,8010095,5,10,222
2023-04-22,8013093,8012190,29,39,39
2023-04-22,8013093,8012656,18,32,63
2023-04-22,8013093,8013093,57,82,79
2023-04-22,8013095,8010122,4,17,65
2023-04-22,8013095,8011914,10,16,32
2023-04-22,8013095,8013095,8,33,37
2023-04-22,8013295,8010080,3,9,97
2023-04-22,8013295,8012053,0,8,0
2023-04-22,8013295,8013295,3,17,60
2023-04-22,8013361,8010059,20,20,262
2023-04-22,8013361,8012117,15,23,224
2023-04-22,8013361,8013361,37,45,249
2023-04-22,8013361,8013362,23,38,137
2023-04-22,8013362,8011018,33,38,161
2023-04-22,8013362,8013361,23,38,169
2023-04-22,8013362,8013362,55,76,163
2023-04-22,8013424,8010080,8,11,115
2023-04-22,8013424,8012576,4,11,74
2023-04-22,8013424,8013424,12,22,89
2023-04-22,8013428,8010076,39,39,148
2023-04-22,8013428,8012697,17,38,61
2023-04-22,8013428,8013428,56,77,107
2023-04-22,8013447,8010269,3,26,8
2023-04-22,8013447,8012192,8,26,39
2023-04-22,8013447,8013447,10,52,31
2023-04-22,8013461,8011339,19,22,140
2023-04-22,8013461,8011637,20,20,248
2023-04-22,8013461,8013461,31,40,186
2023-04-22,8013471,8010003,13,17,448
2023-04-22,8013471,8011222,41,57,54
2023-04-22,8013471,8011745,31,41,66
2023-04-22,8013471,8012308,24,34,469
2023-04-22,8013471,8013471,100,149,160
2023-04-22,8080930,8010208,7,20,82
2023-04-22,8080930,8080930,14,40,86
2023-04-23,8010046,8010046,20,38,53
2023-04-23,8010046,8010059,13,19,36
2023-04-23,8010046,8012416,13,19,79
2023-04-23,8010059,8010046,12,19,85
2023-04-23,8010059,8010059,98,146,103
2023-04-23,8010059,8011491,44,73,128
2023-04-23,8010059,8011626,13,36,37
2023-04-23,8010059,8013361,11,18,87
2023-04-23,8010076,8010076,31,42,83
2023-04-23,8010076,8012141,0,1,0
2023-04-23,8010076,8012478,0,17,-7
2023-04-23,8010076,8012629,30,38,69
2023-04-23,8010076,8013428,13,37,50
2023-04-23,8010080,8010080,16,30,23
2023-04-23,8010080,8012232,9,11,35
2023-04-23,8010080,8013295,2,8,19
2023-04-23,8010080,8013424,1,11,8
2023-04-23,8010095,8010095,15,77,42
2023-04-23,8010095,8010161,1,30,2
2023-04-23,8010095,8010351,2,9,130
2023-04-23,8010095,8011959,4,29,9
2023-04-23,8010095,8011983,7,8,49
2023-04-23,8010095,8013093,7,9,173
2023-04-23,8010122,8010122,24,36,39
2023-04-23,8010122,8010238,7,18,28
2023-04-23,8010122,8011077,8,18,32
2023-04-23,8010122,8011588,15,17,104
2023-04-23,8010122,8013095,1,15,12
2023-04-23,8010144,8010144,8,17,37
2023-04-23,8010144,8011705,4,8,64
2023-04-23,8010144,8013087,4,9,13
2023-04-23,8010161,8010095,9,30,10
2023-04-23,8010161,8010161,14,55,15
2023-04-23,8010161,8011387,2,27,2
2023-04-23,8010186,8010186,26,81,15
2023-04-23,8010186,8012344,12,41,10
2023-04-23,8010186,8013070,12,40,11
2023-04-23,8010207,8010207,58,120,43
2023-04-23,8010207,8012193,49,59,65
2023-04-23,8010207,8012236,5,41,9
2023-04-23,8010207,8012817,0,20,0
2023-04-23,8010208,8010208,42,69,57
2023-04-23,8010208,8011491,10,19,76
2023-04-23,8010208,8011495,13,16,43
2023-04-23,8010208,8080930,9,19,46
2023-04-23,8010209,8010209,63,128,45
2023-04-23,8010209,8011771,14,41,20
2023-04-23,8010209,8012192,15,23,102
2023-04-23,8010209,8012193,1,1,1170
2023-04-23,8010209,8012236,18,40,14
2023-04-23,8010228,8010228,88,143,37
2023-04-23,8010228,8011598,23,71,36
2023-04-23,8010228,8012308,63,72,38
2023-04-23,8010238,8010122,14,18,47
2023-04-23,8010238,8010238,21,36,38
2023-04-23,8010238,8011297,7,18,28
2023-04-23,8010269,8010269,18,47,117
2023-04-23,8010269,8012682,9,23,164
2023-04-23,8010269,8013447,10,24,78
2023-04-23,8010351,8010095,7,8,210
2023-04-23,8010351,8010351,16,36,88
2023-04-23,8010351,8011131,3,19,57
2023-04-23,8010351,8012371,22,28,73
2023-04-23,8010359,8010359,13,22,26
2023-04-23,8010359,8012946,8,11,33
2023-04-23,8010359,8013033,5,11,14
2023-04-23,8011018,8011018,53,72,75
2023-04-23,8011018,8012284,32,36,111
2023-04-23,8011018,8013362,21,36,52
2023-04-23,8011077,8010122,10,18,38
2023-04-23,8011077,8011077,49,67,46
2023-04-23,8011077,8011132,0,1,0
2023-04-23,8011077,8011914,4,16,64
2023-04-23,8011077,8012178,12,15,38
2023-04-23,8011077,8012228,1,1,30
2023-04-23,8011131,8010103,7,10,138
2023-04-23,8011131,8010351,13,17,115
2023-04-23,8011131,8011131,22,36,87
2023-04-23,8011131,8012734,6,9,23
2023-04-23,8011132,8011077,0,1,0
2023-04-23,8011132,8011132,22,33,39
2023-04-23,8011132,8012228,0,1,0
2023-04-23,8011132,8012526,7,15,26
2023-04-23,8011132,8012597,5,16,24
2023-04-23,8011242,8011242,21,36,32
2023-04-23,8011242,8012241,27,36,41
2023-04-23,8011242,8012623,11,19,30
2023-04-23,8011339,8011339,34,43,223
2023-04-23,8011339,8012117,20,21,363
2023-04-23,8011339,8013461,17,22,150
2023-04-23,8011387,8010161,26,28,50
2023-04-23,8011387,8011387,34,55,28
2023-04-23,8011387,8012371,8,27,16
2023-04-23,8011491,8010008,20,36,86
2023-04-23,8011491,8010059,45,73,65
2023-04-23,8011491,8010208,10,19,60
2023-04-23,8011491,8011491,81,146,92
2023-04-23,8011495,8010208,15,15,60
2023-04-23,8011495,8011495,21,31,53
2023-04-23,8011495,8012375,6,16,32
2023-04-23,8011588,8010122,14,19,38
2023-04-23,8011588,8011588,25,36,36
2023-04-23,8011588,8012463,12,17,37
2023-04-23,8011598,8010228,5,72,5
2023-04-23,8011598,8011598,19,74,19
2023-04-23,8011598,8011745,12,36,32
2023-04-23,8011626,8010059,25,36,88
2023-04-23,8011626,8011626,47,72,68
2023-04-23,8011626,8012284,23,36,59
2023-04-23,8011705,8010144,1,9,3
2023-04-23,8011705,8011705,9,17,32
2023-04-23,8011705,8011763,8,19,19
2023-04-23,8011745,8011598,27,38,37
2023-04-23,8011745,8011745,41,74,32
2023-04-23,8011745,8013471,14,36,27
2023-04-23,8011753,8011753,16,39,35
2023-04-23,8011753,8012080,3,20,6
2023-04-23,8011753,8012311,9,19,54
2023-04-23,8011755,8011755,16,31,32
2023-04-23,8011755,8012228,12,15,76
2023-04-23,8011755,8012526,5,16,28
2023-04-23,8011763,8011705,8,19,51
2023-04-23,8011763,8011763,19,38,39
2023-04-23,8011763,8012416,10,19,25
2023-04-23,8011771,8010209,28,40,26
2023-04-23,8011771,8011771,48,81,23
2023-04-23,8011771,8013070,17,41,18
2023-04-23,8011913,8011913,19,31,43
2023-04-23,8011913,8012228,6,16,30
2023-04-23,8011913,8012375,7,15,36
2023-04-23,8011914,8011077,7,15,32
2023-04-23,8011914,8011914,13,31,51
2023-04-23,8011914,8013095,4,16,60
2023-04-23,8012053,8012053,10,17,34
2023-04-23,8012053,8012198,8,8,68
2023-04-23,8012053,8013295,4,9,23
2023-04-23,8012117,8011339,17,22,108
2023-04-23,8012117,8012117,36,43,258
2023-04-23,8012117,8013361,21,21,444
2023-04-23,8012178,8011077,13,16,56
2023-04-23,8012178,8012178,21,31,39
2023-04-23,8012178,8012597,13,15,36
2023-04-23,8012184,8012184,264,456,39
2023-04-23,8012184,8012187,110,227,42
2023-04-23,8012184,8012202,154,229,34
2023-04-23,8012187,8010206,65,110,46
2023-04-23,8012187,8012184,164,229,37
2023-04-23,8012187,8012187,280,456,39
2023-04-23,8012187,8012343,56,117,37
2023-04-23,8012192,8010209,19,24,131
2023-04-23,8012192,8012192,26,47,136
2023-04-23,8012192,8013447,12,23,192
2023-04-23,8012193,8010207,32,61,25
2023-04-23,8012193,8010209,1,1,750
2023-04-23,8012193,8012193,61,122,40
2023-04-23,8012193,8080840,19,40,13
2023-04-23,8012194,8010008,24,36,40
2023-04-23,8012194,8012194,53,72,45
2023-04-23,8012194,8012343,91,118,51
2023-04-23,8012195,8012190,34,39,55
2023-04-23,8012195,8012195,56,77,49
2023-04-23,8012195,8012273,24,38,57
2023-04-23,8012196,8012196,174,216,64
2023-04-23,8012196,8012200,47,70,46
2023-04-23,8012196,8012273,33,39,44
2023-04-23,8012196,8098205,77,106,70
2023-04-23,8012197,8012197,34,82,25
2023-04-23,8012197,8012204,11,41,20
2023-04-23,8012197,8012285,23,41,42
2023-04-23,8012198,8012053,2,9,23
2023-04-23,8012198,8012198,14,17,51
2023-04-23,8012198,8013087,3,8,30
2023-04-23,8012200,8012196,60,69,83
2023-04-23,8012200,8012200,92,139,60
2023-04-23,8012200,8012478,48,70,51
2023-04-23,8012204,8012181,25,41,30
2023-04-23,8012204,8012197,24,41,29
2023-04-23,8012204,8012204,56,82,37
2023-04-23,8012228,8011077,1,1,150
2023-04-23,8012228,8011132,0,1,0
2023-04-23,8012228,8011755,4,16,24
2023-04-23,8012228,8011913,11,15,56
2023-04-23,8012228,8012228,20,35,51
2023-04-23,8012232,8010080,4,11,16
2023-04-23,8012232,8012232,9,22,16
2023-04-23,8012232,8013033,3,11,14
2023-04-23,8012236,8010207,31,40,44
2023-04-23,8012236,8010209,29,41,28
2023-04-23,8012236,8012236,53,81,27
2023-04-23,8012241,8010243,28,36,28
2023-04-23,8012241,8011242,16,36,16
2023-04-23,8012241,8012241,44,72,22
2023-04-23,8012284,8011018,21,36,48
2023-04-23,8012284,8011626,28,36,92
2023-04-23,8012284,8012284,52,72,78
2023-04-23,8012285,8012197,25,41,28
2023-04-23,8012285,8012285,43,82,34
2023-04-23,8012285,8012865,17,41,42
2023-04-23,8012304,8010206,84,106,36
2023-04-23,8012304,8012304,176,212,50
2023-04-23,8012304,8012308,85,106,57
2023-04-23,8012308,8010228,49,71,58
2023-04-23,8012308,8012304,76,106,28
2023-04-23,8012308,8012308,157,212,43
2023-04-23,8012308,8013471,31,35,62
2023-04-23,8012311,8011753,4,20,10
2023-04-23,8012311,8012311,14,39,29
2023-04-23,8012311,8012355,10,19,55
2023-04-23,8012355,8012311,1,20,2
2023-04-23,8012355,8012355,18,39,41
2023-04-23,8012355,8012817,17,19,77
2023-04-23,8012371,8010351,22,27,42
2023-04-23,8012371,8011387,23,28,62
2023-04-23,8012371,8012371,46,55,54
2023-04-23,8012375,8011495,12,15,76
2023-04-23,8012375,8011913,8,16,49
2023-04-23,8012375,8012375,20,31,48
2023-04-23,8012416,8010046,6,19,21
2023-04-23,8012416,8011763,12,19,85
2023-04-23,8012416,8012416,23,38,55
2023-04-23,8012478,8010076,5,16,19
2023-04-23,8012478,8012200,38,69,60
2023-04-23,8012478,8012478,93,190,51
2023-04-23,8012478,8012697,32,38,99
2023-04-23,8012478,8098205,24,40,49
2023-04-23,8012526,8011132,13,16,64
2023-04-23,8012526,8011755,5,15,18
2023-04-23,8012526,8012526,18,31,36
2023-04-23,8012576,8012576,6,22,14
2023-04-23,8012576,8013029,1,11,5
2023-04-23,8012576,8013424,3,11,8
2023-04-23,8012597,8011132,15,15,66
2023-04-23,8012597,8012178,4,16,19
2023-04-23,8012597,8012597,19,31,35
2023-04-23,8012623,8011242,15,17,56
2023-04-23,8012623,8012463,10,19,22
2023-04-23,8012623,8012623,25,36,44
2023-04-23,8012697,8012478,35,37,83
2023-04-23,8012697,8012697,67,75,96
2023-04-23,8012697,8013428,25,38,96
2023-04-23,8012731,8011371,18,21,40
2023-04-23,8012731,8012731,30,42,41
2023-04-23,8012731,8013138,9,21,16
2023-04-23,8012734,8010103,1,9,-10
2023-04-23,8012734,8011131,7,8,34
2023-04-23,8012734,8012734,7,17,14
2023-04-23,8012817,8010207,15,19,79
2023-04-23,8012817,8012355,10,20,15
2023-04-23,8012817,8012817,25,39,41
2023-04-23,8012863,8011752,25,31,74
2023-04-23,8012863,8012863,44,61,57
2023-04-23,8012863,8012865,19,30,45
2023-04-23,8012865,8012285,11,41,18
2023-04-23,8012865,8012863,22,31,63
2023-04-23,8012865,8012865,37,61,46
2023-04-23,8013029,8012576,8,11,38
2023-04-23,8013029,8012975,1,11,5
2023-04-23,8013029,8013029,10,22,19
2023-04-23,8013033,8010359,3,11,16
2023-04-23,8013033,8012232,5,11,14
2023-04-23,8013033,8013033,4,22,7
2023-04-23,8013070,8010186,22,41,23
2023-04-23,8013070,8011771,24,40,19
2023-04-23,8013070,8013070,48,81,21
2023-04-23,8013087,8010144,4,8,52
2023-04-23,8013087,8012198,6,9,37
2023-04-23,8013087,8013087,7,17,12
2023-04-23,8013093,8010095,4,10,135
2023-04-23,8013093,8012190,30,38,49
2023-04-23,8013093,8012656,13,29,23
2023-04-23,8013093,8013093,48,77,64
2023-04-23,8013095,8010122,2,16,52
2023-04-23,8013095,8011914,6,15,30
2023-04-23,8013095,8013095,5,31,36
2023-04-23,8013295,8010080,4,9,27
2023-04-23,8013295,8012053,1,8,8
2023-04-23,8013295,8013295,6,17,25
2023-04-23,8013361,8010059,17,18,368
2023-04-23,8013361,8012117,11,22,67
2023-04-23,8013361,8013361,34,43,235
2023-04-23,8013361,8013362,15,36,69
2023-04-23,8013362,8011018,28,36,91
2023-04-23,8013362,8013361,11,36,42
2023-04-23,8013362,8013362,39,72,65
2023-04-23,8013424,8010080,5,11,25
2023-04-23,8013424,8012576,1,11,5
2023-04-23,8013424,8013424,6,22,10
2023-04-23,8013428,8010076,36,38,104
2023-04-23,8013428,8012697,15,37,49
2023-04-23,8013428,8013428,48,75,79
2023-04-23,8013447,8010269,10,23,176
2023-04-23,8013447,8012192,8,24,80
2023-04-23,8013447,8013447,17,47,124
2023-04-23,8013461,8011339,17,21,324
2023-04-23,8013461,8011637,18,18,212
2023-04-23,8013461,8013461,29,36,248
2023-04-23,8013471,8010003,12,17,56
2023-04-23,8013471,8011222,35,54,37
2023-04-23,8013471,8011745,26,38,31
2023-04-23,8013471,8012308,29,34,28
2023-04-23,8013471,8013471,95,143,34
2023-04-23,8080930,8010208,12,19,74
2023-04-23,8080930,8080930,22,38,61
2023-04-24,8010046,8010046,37,58,51
2023-04-24,8010046,8010059,20,29,44
2023-04-24,8010046,8012416,18,29,53
2023-04-24,8010059,8010046,19,29,65
2023-04-24,8010059,8010059,136,174,123
2023-04-24,8010059,8011491,65,87,113
2023-04-24,8010059,8011626,18,38,100
2023-04-24,8010059,8013361,19,20,252
2023-04-24,8010076,8010076,55,72,97
2023-04-24,8010076,8012478,7,17,16
2023-04-24,8010076,8012629,30,38,114
2023-04-24,8010076,8013428,24,38,70
2023-04-24,8010080,8010080,30,46,49
2023-04-24,8010080,8012232,12,19,32
2023-04-24,8010080,8013295,2,17,7
2023-04-24,8010080,8013424,3,19,8
2023-04-24,8010095,8010095,33,100,68
2023-04-24,8010095,8010161,10,33,82
2023-04-24,8010095,8010351,8,17,28
2023-04-24,8010095,8011959,3,34,23
2023-04-24,8010095,8011983,11,15,46
2023-04-24,8010095,8013093,8,16,148
2023-04-24,8010122,8010122,30,38,166
2023-04-24,8010122,8010238,15,19,85
2023-04-24,8010122,8011077,13,19,377
2023-04-24,8010122,8011588,16,19,81
2023-04-24,8010122,8013095,2,17,4
2023-04-24,8010144,8010144,17,34,28
2023-04-24,8010144,8011705,7,17,30
2023-04-24,8010144,8013087,10,17,25
2023-04-24,8010161,8010095,15,36,53
2023-04-24,8010161,8010161,24,58,75
2023-04-24,8010161,8011387,7,27,79
2023-04-24,8010186,8010186,55,134,17
2023-04-24,8010186,8012344,24,67,19
2023-04-24,8010186,8013070,31,67,17
2023-04-24,8010207,8010207,90,175,47
2023-04-24,8010207,8012193,64,88,63
2023-04-24,8010207,8012236,12,67,16
2023-04-24,8010207,8012817,6,20,15
2023-04-24,8010208,8010208,66,101,61
2023-04-24,8010208,8011491,21,34,71
2023-04-24,8010208,8011495,11,17,25
2023-04-24,8010208,8080930,17,33,55
2023-04-24,8010209,8010209,85,187,24
2023-04-24,8010209,8011771,22,67,22
2023-04-24,8010209,8012192,16,27,50
2023-04-24,8010209,8012193,1,2,15
2023-04-24,8010209,8012236,30,67,13
2023-04-24,8010228,8010228,117,154,70
2023-04-24,8010228,8011598,45,77,74
2023-04-24,8010228,8012308,67,76,63
2023-04-24,8010228,8013471,1,1,30
2023-04-24,8010238,8010122,15,19,134
2023-04-24,8010238,8010238,27,38,110
2023-04-24,8010238,8011297,12,19,96
2023-04-24,8010269,8010269,7,53,14
2023-04-24,8010269,8012682,5,27,18
2023-04-24,8010269,8013447,4,26,12
2023-04-24,8010351,8010095,10,14,137
2023-04-24,8010351,8010351,30,50,83
2023-04-24,8010351,8011131,12,25,30
2023-04-24,8010351,8012371,25,31,107
2023-04-24,8010359,8010359,20,38,31
2023-04-24,8010359,8012946,11,19,28
2023-04-24,8010359,8013033,9,19,28
2023-04-24,8011018,8011018,62,76,105
2023-04-24,8011018,8012284,37,38,114
2023-04-24,8011018,8013362,26,38,101
2023-04-24,8011077,8010122,14,19,66
2023-04-24,8011077,8011077,58,72,151
2023-04-24,8011077,8011132,0,1,0
2023-04-24,8011077,8011914,9,17,72
2023-04-24,8011077,8012178,9,17,44
2023-04-24,8011077,8012228,1,1,5130
2023-04-24,8011131,8010103,14,17,74
2023-04-24,8011131,8010351,22,25,125
2023-04-24,8011131,8011131,36,50,80
2023-04-24,8011131,8012734,8,8,45
2023-04-24,8011132,8011077,1,1,30
2023-04-24,8011132,8011132,27,36,56
2023-04-24,8011132,8012228,0,1,0
2023-04-24,8011132,8012526,8,17,49
2023-04-24,8011132,8012597,6,17,48
2023-04-24,8011242,8011242,30,39,54
2023-04-24,8011242,8012241,31,39,50
2023-04-24,8011242,8012623,13,19,47
2023-04-24,8011339,8011339,46,58,227
2023-04-24,8011339,8012117,29,29,191
2023-04-24,8011339,8013461,23,29,329
2023-04-24,8011387,8010161,29,31,86
2023-04-24,8011387,8011387,37,58,79
2023-04-24,8011387,8012371,8,27,76
2023-04-24,8011491,8010008,27,34,98
2023-04-24,8011491,8010059,62,87,121
2023-04-24,8011491,8010208,18,33,59
2023-04-24,8011491,8011491,119,174,113
2023-04-24,8011495,8010208,15,17,79
2023-04-24,8011495,8011495,29,34,64
2023-04-24,8011495,8012375,13,17,44
2023-04-24,8011588,8010122,15,19,55
2023-04-24,8011588,8011588,30,38,42
2023-04-24,8011588,8012463,17,20,28
2023-04-24,8011598,8010228,15,76,30
2023-04-24,8011598,8011598,35,79,36
2023-04-24,8011598,8011745,25,39,61
2023-04-24,8011626,8010059,36,38,88
2023-04-24,8011626,8011626,62,76,99
2023-04-24,8011626,8012284,27,38,122
2023-04-24,8011705,8010144,7,17,21
2023-04-24,8011705,8011705,15,34,18
2023-04-24,8011705,8011763,15,29,19
2023-04-24,8011745,8011598,30,40,44
2023-04-24,8011745,8011745,54,79,47
2023-04-24,8011745,8013471,22,39,46
2023-04-24,8011753,8011753,25,41,48
2023-04-24,8011753,8012080,9,20,32
2023-04-24,8011753,8012311,10,21,51
2023-04-24,8011755,8011755,19,34,41
2023-04-24,8011755,8012228,15,17,92
2023-04-24,8011755,8012526,9,17,26
2023-04-24,8011763,8011705,9,29,14
2023-04-24,8011763,8011763,33,58,25
2023-04-24,8011763,8012416,19,29,28
2023-04-24,8011771,8010209,42,67,19
2023-04-24,8011771,8011771,72,134,23
2023-04-24,8011771,8013070,28,67,22
2023-04-24,8011913,8011913,24,34,54
2023-04-24,8011913,8012228,11,17,32
2023-04-24,8011913,8012375,9,17,56
2023-04-24,8011914,8011077,13,17,64
2023-04-24,8011914,8011914,25,34,64
2023-04-24,8011914,8013095,11,17,65
2023-04-24,8012053,8012053,13,34,15
2023-04-24,8012053,8012198,13,17,32
2023-04-24,8012053,8013295,0,17,-7
2023-04-24,8012117,8011339,26,29,266
2023-04-24,8012117,8012117,54,58,249
2023-04-24,8012117,8013361,29,29,274
2023-04-24,8012178,8011077,15,17,83
2023-04-24,8012178,8012178,23,34,53
2023-04-24,8012178,8012597,12,17,49
2023-04-24,8012184,8012184,346,468,70
2023-04-24,8012184,8012187,158,235,78
2023-04-24,8012184,8012202,188,233,59
2023-04-24,8012187,8010206,95,115,89
2023-04-24,8012187,8012184,189,233,58
2023-04-24,8012187,8012187,353,468,66
2023-04-24,8012187,8012343,74,120,69
2023-04-24,8012192,8010209,20,26,36
2023-04-24,8012192,8012192,20,53,29
2023-04-24,8012192,8013447,10,27,37
2023-04-24,8012193,8010207,53,87,42
2023-04-24,8012193,8010209,0,3,0
2023-04-24,8012193,8012193,91,180,34
2023-04-24,8012193,8080840,29,67,21
2023-04-24,8012194,8010008,27,33,105
2023-04-24,8012194,8012194,55,67,82
2023-04-24,8012194,8012343,97,120,55
2023-04-24,8012195,8012190,33,38,140
2023-04-24,8012195,8012195,58,77,102
2023-04-24,8012195,8012273,27,39,80
2023-04-24,8012196,8012196,177,209,97
2023-04-24,8012196,8012200,50,66,81
2023-04-24,8012196,8012273,32,38,134
2023-04-24,8012196,8098205,76,104,78
2023-04-24,8012197,8012197,68,100,68
2023-04-24,8012197,8012204,29,50,65
2023-04-24,8012197,8012285,39,50,88
2023-04-24,8012198,8012053,0,17,0
2023-04-24,8012198,8012198,24,34,30
2023-04-24,8012198,8013087,6,17,12
2023-04-24,8012200,8012196,58,66,99
2023-04-24,8012200,8012200,94,132,84
2023-04-24,8012200,8012478,53,66,88
2023-04-24,8012204,8012181,43,50,69
2023-04-24,8012204,8012197,40,50,75
2023-04-24,8012204,8012204,87,100,78
2023-04-24,8012228,8011077,1,1,30
2023-04-24,8012228,8011132,0,1,0
2023-04-24,8012228,8011755,8,17,23
2023-04-24,8012228,8011913,10,17,71
2023-04-24,8012228,8012228,29,38,188
2023-04-24,8012232,8010080,9,19,38
2023-04-24,8012232,8012232,23,38,31
2023-04-24,8012232,8013033,8,19,22
2023-04-24,8012236,8010207,50,67,45
2023-04-24,8012236,8010209,33,67,32
2023-04-24,8012236,8012236,70,134,28
2023-04-24,8012241,8010243,28,39,27
2023-04-24,8012241,8011242,28,39,52
2023-04-24,8012241,8012241,55,78,40
2023-04-24,8012284,8011018,23,38,97
2023-04-24,8012284,8011626,33,38,88
2023-04-24,8012284,8012284,58,76,104
2023-04-24,8012285,8012197,41,50,66
2023-04-24,8012285,8012285,77,100,71
2023-04-24,8012285,8012865,33,50,70
2023-04-24,8012304,8010206,84,111,58
2023-04-24,8012304,8012304,195,224,81
2023-04-24,8012304,8012308,103,113,93
2023-04-24,8012308,8010228,71,78,104
2023-04-24,8012308,8012304,83,111,55
2023-04-24,8012308,8012308,184,224,75
2023-04-24,8012308,8013471,30,35,99
2023-04-24,8012311,8011071,1,1,60
2023-04-24,8012311,8011753,12,20,48
2023-04-24,8012311,8012311,23,42,43
2023-04-24,8012311,8012355,10,21,53
2023-04-24,8012355,8012311,8,20,22
2023-04-24,8012355,8012355,28,41,53
2023-04-24,8012355,8012817,20,21,73
2023-04-24,8012371,8010351,25,27,110
2023-04-24,8012371,8011387,26,31,99
2023-04-24,8012371,8012371,51,58,101
2023-04-24,8012375,8011495,15,17,97
2023-04-24,8012375,8011913,14,17,55
2023-04-24,8012375,8012375,28,34,62
2023-04-24,8012416,8010046,20,29,36
2023-04-24,8012416,8011763,15,29,41
2023-04-24,8012416,8012416,39,58,38
2023-04-24,8012478,8010076,15,16,82
2023-04-24,8012478,8012200,43,66,71
2023-04-24,8012478,8012478,121,192,76
2023-04-24,8012478,8012697,36,38,133
2023-04-24,8012478,8098205,23,40,68
2023-04-24,8012526,8011132,16,17,58
2023-04-24,8012526,8011755,7,17,42
2023-04-24,8012526,8012526,23,34,47
2023-04-24,8012576,8012576,12,38,18
2023-04-24,8012576,8013029,1,19,6
2023-04-24,8012576,8013424,5,19,13
2023-04-24,8012597,8011132,15,17,92
2023-04-24,8012597,8012178,6,17,42
2023-04-24,8012597,8012597,21,34,57
2023-04-24,8012623,8011242,17,20,70
2023-04-24,8012623,8012463,14,19,60
2023-04-24,8012623,8012623,33,39,57
2023-04-24,8012697,8012478,37,38,101
2023-04-24,8012697,8012697,73,76,121
2023-04-24,8012697,8013428,33,38,132
2023-04-24,8012731,8011371,19,21,104
2023-04-24,8012731,8012731,34,41,105
2023-04-24,8012731,8013138,10,20,48
2023-04-24,8012734,8010103,4,8,41
2023-04-24,8012734,8011131,9,9,63
2023-04-24,8012734,8012734,10,17,46
2023-04-24,8012817,8010207,16,21,76
2023-04-24,8012817,8012355,13,20,36
2023-04-24,8012817,8012817,28,41,48
2023-04-24,8012863,8011752,38,42,75
2023-04-24,8012863,8012863,65,82,65
2023-04-24,8012863,8012865,28,40,58
2023-04-24,8012865,8012285,26,50,50
2023-04-24,8012865,8012863,34,42,67
2023-04-24,8012865,8012865,54,82,60
2023-04-24,8013029,8012576,15,19,47
2023-04-24,8013029,8012975,2,19,8
2023-04-24,8013029,8013029,17,38,21
2023-04-24,8013033,8010359,6,19,16
2023-04-24,8013033,8012232,14,19,35
2023-04-24,8013033,8013033,13,38,19
2023-04-24,8013070,8010186,37,67,27
2023-04-24,8013070,8011771,42,67,18
2023-04-24,8013070,8013070,79,134,24
2023-04-24,8013087,8010144,6,17,16
2023-04-24,8013087,8012198,10,17,39
2023-04-24,8013087,8013087,12,34,4
2023-04-24,8013093,8010095,9,17,49
2023-04-24,8013093,8012190,29,39,67
2023-04-24,8013093,8012656,18,33,98
2023-04-24,8013093,8013093,71,100,96
2023-04-24,8013095,8010122,4,17,49
2023-04-24,8013095,8011914,8,17,26
2023-04-24,8013095,8013095,8,34,30
2023-04-24,8013295,8010080,0,17,-2
2023-04-24,8013295,8012053,2,17,7
2023-04-24,8013295,8013295,2,34,0
2023-04-24,8013361,8010059,20,20,315
2023-04-24,8013361,8012117,20,29,211
2023-04-24,8013361,8013361,51,58,245
2023-04-24,8013361,8013362,28,38,73
2023-04-24,8013362,8011018,33,38,92
2023-04-24,8013362,8013361,22,38,96
2023-04-24,8013362,8013362,53,76,87
2023-04-24,8013424,8010080,11,19,36
2023-04-24,8013424,8012576,3,19,11
2023-04-24,8013424,8013424,14,38,16
2023-04-24,8013428,8010076,37,38,151
2023-04-24,8013428,8012697,23,38,64
2023-04-24,8013428,8013428,59,76,108
2023-04-24,8013447,8010269,7,27,26
2023-04-24,8013447,8012192,4,26,7
2023-04-24,8013447,8013447,11,53,22
2023-04-24,8013461,8011339,23,29,149
2023-04-24,8013461,8011637,19,20,372
2023-04-24,8013461,8013461,35,40,263
2023-04-24,8013471,8010003,15,17,175
2023-04-24,8013471,8010243,0,1,0
2023-04-24,8013471,8011222,45,57,61
2023-04-24,8013471,8011745,25,40,26
2023-04-24,8013471,8012308,26,35,52
2023-04-24,8013471,8013471,108,150,58
2023-04-24,8080930,8010208,23,34,70
2023-04-24,8080930,8080930,41,67,60
2023-04-25,8010046,8010046,38,58,87
2023-04-25,8010046,8010059,20,29,56
2023-04-25,8010046,8012416,21,29,115
2023-04-25,8010059,8010046,19,29,122
2023-04-25,8010059,8010059,133,174,145
2023-04-25,8010059,8011491,66,87,157
2023-04-25,8010059,8011626,25,38,73
2023-04-25,8010059,8013361,17,20,224
2023-04-25,8010076,8010076,50,72,92
2023-04-25,8010076,8012478,11,17,65
2023-04-25,8010076,8012629,28,38,82
2023-04-25,8010076,8013428,18,38,77
2023-04-25,8010080,8010080,31,46,52
2023-04-25,8010080,8012232,2,2,90
2023-04-25,8010080,8013033,13,17,32
2023-04-25,8010080,8013295,0,17,0
2023-04-25,8010080,8013424,5,19,27
2023-04-25,8010095,8010095,25,102,27
2023-04-25,8010095,8010161,4,34,9
2023-04-25,8010095,8010351,2,17,7
2023-04-25,8010095,8011959,4,34,22
2023-04-25,8010095,8011983,12,15,50
2023-04-25,8010095,8013093,13,17,83
2023-04-25,8010122,8010122,31,38,56
2023-04-25,8010122,8010238,8,19,38
2023-04-25,8010122,8011077,9,19,41
2023-04-25,8010122,8011588,14,19,84
2023-04-25,8010122,8013095,3,17,21
2023-04-25,8010144,8010144,21,34,86
2023-04-25,8010144,8011705,13,17,76
2023-04-25,8010144,8012198,10,15,126
2023-04-25,8010144,8013087,0,2,0
2023-04-25,8010161,8010095,16,36,35
2023-04-25,8010161,8010161,21,59,38
2023-04-25,8010161,8011387,4,28,10
2023-04-25,8010186,8010186,62,134,21
2023-04-25,8010186,8012344,33,67,27
2023-04-25,8010186,8013070,27,67,16
2023-04-25,8010207,8010207,94,175,52
2023-04-25,8010207,8012193,62,88,75
2023-04-25,8010207,8012236,20,67,13
2023-04-25,8010207,8012817,4,20,21
2023-04-25,8010208,8010208,70,101,90
2023-04-25,8010208,8011491,19,34,90
2023-04-25,8010208,8011495,16,17,85
2023-04-25,8010208,8080930,22,33,98
2023-04-25,8010209,8010209,90,187,43
2023-04-25,8010209,8011771,29,67,25
2023-04-25,8010209,8012192,13,27,36
2023-04-25,8010209,8012193,1,2,15
2023-04-25,8010209,8012236,26,67,26
2023-04-25,8010228,8010228,117,154,59
2023-04-25,8010228,8011598,48,77,76
2023-04-25,8010228,8012308,70,76,41
2023-04-25,8010228,8013471,0,1,0
2023-04-25,8010238,8010122,17,19,65
2023-04-25,8010238,8010238,22,38,44
2023-04-25,8010238,8011297,7,19,33
2023-04-25,8010269,8010269,17,53,89
2023-04-25,8010269,8012682,3,27,18
2023-04-25,8010269,8013447,14,26,157
2023-04-25,8010351,8010095,13,15,116
2023-04-25,8010351,8010351,28,53,67
2023-04-25,8010351,8011131,7,27,26
2023-04-25,8010351,8012371,22,31,94
2023-04-25,8010359,8010359,26,38,42
2023-04-25,8010359,8012946,14,19,38
2023-04-25,8010359,8013033,12,19,35
2023-04-25,8011018,8011018,60,76,96
2023-04-25,8011018,8012284,32,38,114
2023-04-25,8011018,8013362,28,38,87
2023-04-25,8011077,8010122,14,19,51
2023-04-25,8011077,8011077,51,72,70
2023-04-25,8011077,8011132,0,1,0
2023-04-25,8011077,8011914,9,17,101
2023-04-25,8011077,8012178,10,17,34
2023-04-25,8011077,8012228,1,1,90
2023-04-25,8011131,8010103,11,18,47
2023-04-25,8011131,8010351,20,26,88
2023-04-25,8011131,8011131,30,53,60
2023-04-25,8011131,8012734,7,9,90
2023-04-25,8011132,8011077,0,1,0
2023-04-25,8011132,8011132,29,36,88
2023-04-25,8011132,8012228,0,1,0
2023-04-25,8011132,8012526,13,17,51
2023-04-25,8011132,8012597,10,17,109
2023-04-25,8011242,8011242,31,39,40
2023-04-25,8011242,8012241,34,39,58
2023-04-25,8011242,8012623,13,19,32
2023-04-25,8011339,8011339,47,58,223
2023-04-25,8011339,8012117,29,29,313
2023-04-25,8011339,8013461,21,29,180
2023-04-25,8011387,8010161,27,31,86
2023-04-25,8011387,8011387,35,59,48
2023-04-25,8011387,8012371,6,28,12
2023-04-25,8011491,8010008,23,34,115
2023-04-25,8011491,8010059,61,87,122
2023-04-25,8011491,8010208,23,33,85
2023-04-25,8011491,8011491,126,174,134
2023-04-25,8011495,8010208,14,17,79
2023-04-25,8011495,8011495,29,34,87
2023-04-25,8011495,8012375,13,17,95
2023-04-25,8011588,8010122,15,19,43
2023-04-25,8011588,8011588,28,38,36
2023-04-25,8011588,8012463,17,20,34
2023-04-25,8011598,8010228,11,76,8
2023-04-25,8011598,8011598,32,79,40
2023-04-25,8011598,8011745,22,39,72
2023-04-25,8011626,8010059,31,38,105
2023-04-25,8011626,8011626,60,76,94
2023-04-25,8011626,8012284,30,38,105
2023-04-25,8011705,8010144,6,17,86
2023-04-25,8011705,8011705,20,34,75
2023-04-25,8011705,8011763,14,29,33
2023-04-25,8011745,8011598,28,40,42
2023-04-25,8011745,8011745,48,79,52
2023-04-25,8011745,8013471,21,39,52
2023-04-25,8011753,8011753,26,41,70
2023-04-25,8011753,8012080,9,20,40
2023-04-25,8011753,8012311,13,21,90
2023-04-25,8011755,8011755,24,34,83
2023-04-25,8011755,8012228,15,17,92
2023-04-25,8011755,8012526,12,17,104
2023-04-25,8011763,8011705,13,29,77
2023-04-25,8011763,8011763,36,58,68
2023-04-25,8011763,8012416,18,29,56
2023-04-25,8011771,8010209,41,67,36
2023-04-25,8011771,8011771,79,134,29
2023-04-25,8011771,8013070,33,67,25
2023-04-25,8011913,8011913,29,34,83
2023-04-25,8011913,8012228,15,17,99
2023-04-25,8011913,8012375,8,17,49
2023-04-25,8011914,8011077,15,17,76
2023-04-25,8011914,8011914,23,34,80
2023-04-25,8011914,8013095,7,17,86
2023-04-25,8012053,8012053,18,34,32
2023-04-25,8012053,8012198,13,17,41
2023-04-25,8012053,8013295,5,17,35
2023-04-25,8012117,8011339,22,29,174
2023-04-25,8012117,8012117,50,58,278
2023-04-25,8012117,8013361,29,29,400
2023-04-25,8012178,8011077,14,17,152
2023-04-25,8012178,8012178,25,34,80
2023-04-25,8012178,8012597,13,17,37
2023-04-25,8012184,8012184,341,468,62
2023-04-25,8012184,8012187,171,235,80
2023-04-25,8012184,8012202,170,233,44
2023-04-25,8012187,8010206,97,115,89
2023-04-25,8012187,8012184,161,233,43
2023-04-25,8012187,8012187,339,468,62
2023-04-25,8012187,8012343,86,120,83
2023-04-25,8012192,8010209,22,26,155
2023-04-25,8012192,8012192,21,53,79
2023-04-25,8012192,8013447,7,27,29
2023-04-25,8012193,8010207,62,87,39
2023-04-25,8012193,8010209,0,3,0
2023-04-25,8012193,8012193,96,180,37
2023-04-25,8012193,8080840,29,67,24
2023-04-25,8012194,8010008,28,33,73
2023-04-25,8012194,8012194,53,67,74
2023-04-25,8012194,8012343,81,120,53
2023-04-25,8012195,8012190,33,38,73
2023-04-25,8012195,8012195,53,77,55
2023-04-25,8012195,8012273,22,39,50
2023-04-25,8012196,8012196,182,209,80
2023-04-25,8012196,8012200,48,66,70
2023-04-25,8012196,8012273,36,38,66
2023-04-25,8012196,8098205,79,104,82
2023-04-25,8012197,8012197,72,100,60
2023-04-25,8012197,8012204,33,50,57
2023-04-25,8012197,8012285,41,50,79
2023-04-25,8012198,8010144,12,15,90
2023-04-25,8012198,8012053,5,17,41
2023-04-25,8012198,8012198,25,34,77
2023-04-25,8012198,8013087,1,2,60
2023-04-25,8012200,8012196,60,66,105
2023-04-25,8012200,8012200,100,132,82
2023-04-25,8012200,8012478,51,66,80
2023-04-25,8012204,8012181,44,50,59
2023-04-25,8012204,8012197,30,50,53
2023-04-25,8012204,8012204,79,100,63
2023-04-25,8012228,8011077,1,1,60
2023-04-25,8012228,8011132,0,1,0
2023-04-25,8012228,8011755,12,17,104
2023-04-25,8012228,8011913,12,17,67
2023-04-25,8012228,8012228,32,38,88
2023-04-25,8012232,8010080,1,3,40
2023-04-25,8012232,8012232,4,5,48
2023-04-25,8012232,8013033,2,2,45
2023-04-25,8012236,8010207,48,67,54
2023-04-25,8012236,8010209,46,67,35
2023-04-25,8012236,8012236,86,134,37
2023-04-25,8012241,8010243,29,39,34
2023-04-25,8012241,8011242,23,39,40
2023-04-25,8012241,8012241,51,78,39
2023-04-25,8012284,8011018,27,38,77
2023-04-25,8012284,8011626,29,38,101
2023-04-25,8012284,8012284,58,76,100
2023-04-25,8012285,8012197,42,50,56
2023-04-25,8012285,8012285,69,100,57
2023-04-25,8012285,8012865,25,50,49
2023-04-25,8012304,8010206,85,111,40
2023-04-25,8012304,8012304,191,224,74
2023-04-25,8012304,8012308,100,113,98
2023-04-25,8012308,8010228,67,78,100
2023-04-25,8012308,8012304,87,111,38
2023-04-25,8012308,8012308,189,224,69
2023-04-25,8012308,8013471,33,35,108
2023-04-25,8012311,8011071,0,1,0
2023-04-25,8012311,8011753,11,20,48
2023-04-25,8012311,8012311,23,42,60
2023-04-25,8012311,8012355,13,21,90
2023-04-25,8012355,8012311,5,20,22
2023-04-25,8012355,8012355,26,41,74
2023-04-25,8012355,8012817,21,21,116
2023-04-25,8012371,8010351,22,28,43
2023-04-25,8012371,8011387,23,31,75
2023-04-25,8012371,8012371,48,59,58
2023-04-25,8012375,8011495,15,17,90
2023-04-25,8012375,8011913,17,17,118
2023-04-25,8012375,8012375,32,34,87
2023-04-25,8012416,8010046,19,29,57
2023-04-25,8012416,8011763,18,29,121
2023-04-25,8012416,8012416,38,58,88
2023-04-25,8012478,8010076,15,16,62
2023-04-25,8012478,8012200,43,66,77
2023-04-25,8012478,8012478,120,192,67
2023-04-25,8012478,8012697,32,38,116
2023-04-25,8012478,8098205,25,40,61
2023-04-25,8012526,8011132,17,17,138
2023-04-25,8012526,8011755,11,17,46
2023-04-25,8012526,8012526,28,34,86
2023-04-25,8012576,8012576,10,38,22
2023-04-25,8012576,8013029,4,19,27
2023-04-25,8012576,8013424,5,19,9
2023-04-25,8012597,8011132,15,17,83
2023-04-25,8012597,8012178,10,17,99
2023-04-25,8012597,8012597,25,34,81
2023-04-25,8012623,8011242,16,20,58
2023-04-25,8012623,8012463,12,19,39
2023-04-25,8012623,8012623,29,39,49
2023-04-25,8012697,8012478,38,38,112
2023-04-25,8012697,8012697,73,76,121
2023-04-25,8012697,8013428,32,38,113
2023-04-25,8012731,8011371,15,21,67
2023-04-25,8012731,8012731,34,41,85
2023-04-25,8012731,8013138,14,20,56
2023-04-25,8012734,8010103,3,9,90
2023-04-25,8012734,8011131,8,9,100
2023-04-25,8012734,8012734,9,18,78
2023-04-25,8012817,8010207,15,21,121
2023-04-25,8012817,8012355,15,20,42
2023-04-25,8012817,8012817,30,41,76
2023-04-25,8012863,8011752,35,42,71
2023-04-25,8012863,8012863,69,84,65
2023-04-25,8012863,8012865,34,42,72
2023-04-25,8012865,8012285,33,50,49
2023-04-25,8012865,8012863,31,42,59
2023-04-25,8012865,8012865,62,84,61
2023-04-25,8013029,8012576,15,19,36
2023-04-25,8013029,8012975,4,19,24
2023-04-25,8013029,8013029,20,38,31
2023-04-25,8013033,8010080,8,16,36
2023-04-25,8013033,8010359,9,19,30
2023-04-25,8013033,8012232,2,3,30
2023-04-25,8013033,8013033,17,38,24
2023-04-25,8013070,8010186,43,67,25
2023-04-25,8013070,8011771,37,67,17
2023-04-25,8013070,8013070,83,134,24
2023-04-25,8013087,8010144,1,2,90
2023-04-25,8013087,8012198,1,2,15
2023-04-25,8013087,8013087,1,4,22
2023-04-25,8013093,8010095,15,18,42
2023-04-25,8013093,8012190,25,39,43
2023-04-25,8013093,8012656,16,33,35
2023-04-25,8013093,8013093,68,102,53
2023-04-25,8013095,8010122,4,17,72
2023-04-25,8013095,8011914,10,17,46
2023-04-25,8013095,8013095,9,34,50
2023-04-25,8013295,8010080,6,17,58
2023-04-25,8013295,8012053,0,17,0
2023-04-25,8013295,8013295,5,34,19
2023-04-25,8013361,8010059,20,20,436
2023-04-25,8013361,8012117,18,29,153
2023-04-25,8013361,8013361,51,58,276
2023-04-25,8013361,8013362,22,38,81
2023-04-25,8013362,8011018,33,38,105
2023-04-25,8013362,8013361,22,38,80
2023-04-25,8013362,8013362,55,76,86
2023-04-25,8013424,8010080,11,19,33
2023-04-25,8013424,8012576,6,19,35
2023-04-25,8013424,8013424,17,38,28
2023-04-25,8013428,8010076,36,38,124
2023-04-25,8013428,8012697,22,38,77
2023-04-25,8013428,8013428,54,76,99
2023-04-25,8013447,8010269,4,27,21
2023-04-25,8013447,8012192,13,26,132
2023-04-25,8013447,8013447,17,53,86
2023-04-25,8013461,8011339,27,29,280
2023-04-25,8013461,8011637,20,20,234
2023-04-25,8013461,8013461,33,40,292
2023-04-25,8013471,8010003,15,17,120
2023-04-25,8013471,8010243,0,1,0
2023-04-25,8013471,8011222,42,57,64
2023-04-25,8013471,8011745,23,40,32
2023-04-25,8013471,8012308,27,35,40
2023-04-25,8013471,8013471,106,150,57
2023-04-25,8080930,8010208,18,34,79
2023-04-25,8080930,8080930,41,67,81
2023-04-26,8010046,8010046,46,58,139
2023-04-26,8010046,8010059,24,29,110
2023-04-26,8010046,8012416,23,29,170
2023-04-26,8010059,8010046,26,29,173
2023-04-26,8010059,8010059,145,174,225
2023-04-26,8010059,8011491,67,87,232
2023-04-26,8010059,8011626,24,38,125
2023-04-26,8010059,8013361,19,20,462
2023-04-26,8010076,8010076,57,72,149
2023-04-26,8010076,8012478,8,17,23
2023-04-26,8010076,8012629,33,38,196
2023-04-26,8010076,8013428,24,38,67
2023-04-26,8010080,8010080,32,46,215
2023-04-26,8010080,8013033,15,19,68
2023-04-26,8010080,8013295,4,17,11
2023-04-26,8010080,8013424,5,19,14
2023-04-26,8010095,8010095,48,102,154
2023-04-26,8010095,8010161,11,34,205
2023-04-26,8010095,8010351,9,17,175
2023-04-26,8010095,8011959,10,34,74
2023-04-26,8010095,8011983,15,15,70
2023-04-26,8010095,8013093,13,17,295
2023-04-26,8010122,8010122,27,38,60
2023-04-26,8010122,8010238,13,19,65
2023-04-26,8010122,8011077,9,19,36
2023-04-26,8010122,8011588,15,19,81
2023-04-26,8010122,8013095,1,17,2
2023-04-26,8010144,8010144,30,34,194
2023-04-26,8010144,8011705,14,17,189
2023-04-26,8010144,8012198,16,17,219
2023-04-26,8010161,8010095,18,36,72
2023-04-26,8010161,8010161,27,59,132
2023-04-26,8010161,8011387,8,28,170
2023-04-26,8010186,8010186,56,134,19
2023-04-26,8010186,8012344,24,67,13
2023-04-26,8010186,8013070,32,67,27
2023-04-26,8010207,8010207,85,175,56
2023-04-26,8010207,8012193,63,88,87
2023-04-26,8010207,8012236,11,67,8
2023-04-26,8010207,8012817,5,20,22
2023-04-26,8010208,8010208,83,101,132
2023-04-26,8010208,8011491,27,34,134
2023-04-26,8010208,8011495,13,17,37
2023-04-26,8010208,8080930,23,33,166
2023-04-26,8010209,8010209,79,187,59
2023-04-26,8010209,8011771,18,67,15
2023-04-26,8010209,8012192,17,27,71
2023-04-26,8010209,8012193,2,2,135
2023-04-26,8010209,8012236,26,67,21
2023-04-26,8010228,8010228,118,152,80
2023-04-26,8010228,8011598,49,76,99
2023-04-26,8010228,8012308,68,75,56
2023-04-26,8010228,8013471,0,1,0
2023-04-26,8010238,8010122,12,19,43
2023-04-26,8010238,8010238,26,38,43
2023-04-26,8010238,8011297,13,19,52
2023-04-26,8010269,8010269,16,53,163
2023-04-26,8010269,8012682,4,27,39
2023-04-26,8010269,8013447,12,26,288
2023-04-26,8010351,8010095,11,15,156
2023-04-26,8010351,8010351,30,53,118
2023-04-26,8010351,8011131,11,27,118
2023-04-26,8010351,8012371,24,31,116
2023-04-26,8010359,8010359,20,38,47
2023-04-26,8010359,8012946,10,19,58
2023-04-26,8010359,8013033,9,19,24
2023-04-26,8011018,8011018,68,76,146
2023-04-26,8011018,8012284,36,38,154
2023-04-26,8011018,8013362,32,38,141
2023-04-26,8011077,8010122,15,19,73
2023-04-26,8011077,8011077,65,72,75
2023-04-26,8011077,8011132,0,1,0
2023-04-26,8011077,8011914,14,17,51
2023-04-26,8011077,8012178,11,17,44
2023-04-26,8011077,8012228,1,1,90
2023-04-26,8011131,8010103,12,18,215
2023-04-26,8011131,8010351,22,26,112
2023-04-26,8011131,8011131,37,53,114
2023-04-26,8011131,8012734,6,9,77
2023-04-26,8011132,8011077,0,1,0
2023-04-26,8011132,8011132,31,36,74
2023-04-26,8011132,8012228,0,1,0
2023-04-26,8011132,8012526,16,17,72
2023-04-26,8011132,8012597,13,17,62
2023-04-26,8011242,8011242,25,39,38
2023-04-26,8011242,8012241,33,39,53
2023-04-26,8011242,8012623,10,19,27
2023-04-26,8011339,8011339,47,58,353
2023-04-26,8011339,8012117,28,29,376
2023-04-26,8011339,8013461,25,29,371
2023-04-26,8011387,8010161,29,31,116
2023-04-26,8011387,8011387,43,59,139
2023-04-26,8011387,8012371,15,28,182
2023-04-26,8011491,8010008,24,34,150
2023-04-26,8011491,8010059,72,87,214
2023-04-26,8011491,8010208,26,33,192
2023-04-26,8011491,8011491,137,174,224
2023-04-26,8011495,8010208,16,17,116
2023-04-26,8011495,8011495,32,34,87
2023-04-26,8011495,8012375,15,17,65
2023-04-26,8011588,8010122,8,19,28
2023-04-26,8011588,8011588,18,38,25
2023-04-26,8011588,8012463,13,20,22
2023-04-26,8011598,8010228,13,75,21
2023-04-26,8011598,8011598,35,79,29
2023-04-26,8011598,8011745,23,39,53
2023-04-26,8011626,8010059,30,38,131
2023-04-26,8011626,8011626,64,76,136
2023-04-26,8011626,8012284,32,38,153
2023-04-26,8011705,8010144,14,17,191
2023-04-26,8011705,8011705,30,34,177
2023-04-26,8011705,8011763,22,29,97
2023-04-26,8011745,8011598,34,40,46
2023-04-26,8011745,8011745,53,79,46
2023-04-26,8011745,8013471,21,39,42
2023-04-26,8011753,8011753,25,41,111
2023-04-26,8011753,8012080,9,20,58
2023-04-26,8011753,8012311,10,21,147
2023-04-26,8011755,8011755,29,34,71
2023-04-26,8011755,8012228,17,17,122
2023-04-26,8011755,8012526,13,17,56
2023-04-26,8011763,8011705,19,29,148
2023-04-26,8011763,8011763,41,58,125
2023-04-26,8011763,8012416,22,29,92
2023-04-26,8011771,8010209,41,67,30
2023-04-26,8011771,8011771,73,134,24
2023-04-26,8011771,8013070,31,67,18
2023-04-26,8011913,8011913,33,34,83
2023-04-26,8011913,8012228,16,17,67
2023-04-26,8011913,8012375,14,17,78
2023-04-26,8011914,8011077,15,17,78
2023-04-26,8011914,8011914,27,34,54
2023-04-26,8011914,8013095,12,17,39
2023-04-26,8012053,8012053,22,34,76
2023-04-26,8012053,8012198,15,17,79
2023-04-26,8012053,8013295,7,17,108
2023-04-26,8012117,8011339,25,29,353
2023-04-26,8012117,8012117,52,58,384
2023-04-26,8012117,8013361,28,29,462
2023-04-26,8012178,8011077,16,17,116
2023-04-26,8012178,8012178,28,34,64
2023-04-26,8012178,8012597,13,17,48
2023-04-26,8012184,8012184,337,465,72
2023-04-26,8012184,8012187,169,233,80
2023-04-26,8012184,8012202,168,232,60
2023-04-26,8012187,8010206,96,114,109
2023-04-26,8012187,8012184,170,232,60
2023-04-26,8012187,8012187,339,465,68
2023-04-26,8012187,8012343,77,119,60
2023-04-26,8012192,8010209,18,26,278
2023-04-26,8012192,8012192,19,53,157
2023-04-26,8012192,8013447,7,27,57
2023-04-26,8012193,8010207,51,87,36
2023-04-26,8012193,8010209,0,3,0
2023-04-26,8012193,8012193,91,180,44
2023-04-26,8012193,8080840,30,67,21
2023-04-26,8012194,8010008,29,33,139
2023-04-26,8012194,8012194,59,67,112
2023-04-26,8012194,8012343,104,120,85
2023-04-26,8012195,8012190,34,35,220
2023-04-26,8012195,8012195,60,71,146
2023-04-26,8012195,8012273,26,36,126
2023-04-26,8012196,8012196,177,203,116
2023-04-26,8012196,8012200,53,66,129
2023-04-26,8012196,8012273,31,35,135
2023-04-26,8012196,8098205,79,102,99
2023-04-26,8012197,8012197,75,100,75
2023-04-26,8012197,8012204,35,50,79
2023-04-26,8012197,8012285,41,50,94
2023-04-26,8012198,8010144,17,17,194
2023-04-26,8012198,8012053,8,17,111
2023-04-26,8012198,8012198,33,34,154
2023-04-26,8012200,8012196,59,66,94
2023-04-26,8012200,8012200,110,132,109
2023-04-26,8012200,8012478,58,66,133
2023-04-26,8012204,8012181,45,50,83
2023-04-26,8012204,8012197,35,50,65
2023-04-26,8012204,8012204,85,100,81
2023-04-26,8012228,8011077,1,1,60
2023-04-26,8012228,8011132,0,1,0
2023-04-26,8012228,8011755,12,17,51
2023-04-26,8012228,8011913,16,17,99
2023-04-26,8012228,8012228,36,38,83
2023-04-26,8012236,8010207,45,67,47
2023-04-26,8012236,8010209,39,67,26
2023-04-26,8012236,8012236,74,134,29
2023-04-26,8012241,8010243,28,39,30
2023-04-26,8012241,8011242,22,39,34
2023-04-26,8012241,8012241,52,78,34
2023-04-26,8012284,8011018,28,38,135
2023-04-26,8012284,8011626,36,38,140
2023-04-26,8012284,8012284,64,76,146
2023-04-26,8012285,8012197,42,50,77
2023-04-26,8012285,8012285,70,100,78
2023-04-26,8012285,8012865,32,50,70
2023-04-26,8012304,8010206,84,110,47
2023-04-26,8012304,8012304,200,222,88
2023-04-26,8012304,8012308,103,112,119
2023-04-26,8012308,8010228,69,77,129
2023-04-26,8012308,8012304,80,110,44
2023-04-26,8012308,8012308,184,222,83
2023-04-26,8012308,8013471,33,35,111
2023-04-26,8012311,8011071,1,1,30
2023-04-26,8012311,8011753,12,20,74
2023-04-26,8012311,8012311,23,42,97
2023-04-26,8012311,8012355,10,21,144
2023-04-26,8012355,8012311,5,20,21
2023-04-26,8012355,8012355,24,41,98
2023-04-26,8012355,8012817,19,21,167
2023-04-26,8012371,8010351,23,28,198
2023-04-26,8012371,8011387,24,31,105
2023-04-26,8012371,8012371,47,59,149
2023-04-26,8012375,8011495,17,17,127
2023-04-26,8012375,8011913,17,17,90
2023-04-26,8012375,8012375,33,34,88
2023-04-26,8012416,8010046,23,29,110
2023-04-26,8012416,8011763,22,29,180
2023-04-26,8012416,8012416,48,58,140
2023-04-26,8012478,8010076,15,16,82
2023-04-26,8012478,8012200,47,66,73
2023-04-26,8012478,8012478,125,192,88
2023-04-26,8012478,8012697,36,38,223
2023-04-26,8012478,8098205,27,40,78
2023-04-26,8012526,8011132,16,17,97
2023-04-26,8012526,8011755,16,17,67
2023-04-26,8012526,8012526,32,34,76
2023-04-26,8012576,8012576,8,38,14
2023-04-26,8012576,8013029,3,19,9
2023-04-26,8012576,8013424,3,19,11
2023-04-26,8012597,8011132,17,17,106
2023-04-26,8012597,8012178,13,17,51
2023-04-26,8012597,8012597,30,34,70
2023-04-26,8012623,8011242,19,20,56
2023-04-26,8012623,8012463,6,19,27
2023-04-26,8012623,8012623,25,39,40
2023-04-26,8012697,8012478,37,38,92
2023-04-26,8012697,8012697,74,76,167
2023-04-26,8012697,8013428,35,38,227
2023-04-26,8012731,8011371,18,21,43
2023-04-26,8012731,8012731,32,41,64
2023-04-26,8012731,8013138,11,20,38
2023-04-26,8012734,8010103,6,9,40
2023-04-26,8012734,8011131,9,9,50
2023-04-26,8012734,8012734,11,18,52
2023-04-26,8012817,8010207,14,21,169
2023-04-26,8012817,8012355,17,20,44
2023-04-26,8012817,8012817,31,41,102
2023-04-26,8012863,8011752,37,42,79
2023-04-26,8012863,8012863,73,84,80
2023-04-26,8012863,8012865,36,42,95
2023-04-26,8012865,8012285,34,50,76
2023-04-26,8012865,8012863,33,42,65
2023-04-26,8012865,8012865,62,84,77
2023-04-26,8013029,8012576,12,19,33
2023-04-26,8013029,8012975,3,19,9
2023-04-26,8013029,8013029,15,38,21
2023-04-26,8013033,8010080,8,19,25
2023-04-26,8013033,8010359,7,19,51
2023-04-26,8013033,8013033,11,38,31
2023-04-26,8013070,8010186,38,67,21
2023-04-26,8013070,8011771,42,67,24
2023-04-26,8013070,8013070,81,134,26
2023-04-26,8013093,8010095,17,18,215
2023-04-26,8013093,8012190,27,36,87
2023-04-26,8013093,8012656,25,33,251
2023-04-26,8013093,8013093,74,94,211
2023-04-26,8013095,8010122,5,17,25
2023-04-26,8013095,8011914,11,17,39
2023-04-26,8013095,8013095,15,34,20
2023-04-26,8013295,8010080,8,17,115
2023-04-26,8013295,8012053,1,17,2
2023-04-26,8013295,8013295,11,34,63
2023-04-26,8013361,8010059,19,20,568
2023-04-26,8013361,8012117,22,29,304
2023-04-26,8013361,8013361,52,58,392
2023-04-26,8013361,8013362,26,38,116
2023-04-26,8013362,8011018,36,38,146
2023-04-26,8013362,8013361,25,38,132
2023-04-26,8013362,8013362,58,76,132
2023-04-26,8013424,8010080,12,19,28
2023-04-26,8013424,8012576,6,19,19
2023-04-26,8013424,8013424,18,38,21
2023-04-26,8013428,8010076,36,38,237
2023-04-26,8013428,8012697,20,38,59
2023-04-26,8013428,8013428,56,76,148
2023-04-26,8013447,8010269,5,27,47
2023-04-26,8013447,8012192,12,26,260
2023-04-26,8013447,8013447,17,53,164
2023-04-26,8013461,8011339,23,29,336
2023-04-26,8013461,8011637,20,20,442
2023-04-26,8013461,8013461,34,40,444
2023-04-26,8013471,8010003,9,17,104
2023-04-26,8013471,8010243,0,1,0
2023-04-26,8013471,8011222,41,57,66
2023-04-26,8013471,8011745,22,40,24
2023-04-26,8013471,8012308,25,35,25
2023-04-26,8013471,8013471,93,150,46
2023-04-26,8080930,8010208,25,34,129
2023-04-26,8080930,8080930,49,67,144
2023-04-27,8010046,8010046,45,58,153
2023-04-27,8010046,8010059,22,29,119
2023-04-27,8010046,8012416,24,29,183
2023-04-27,8010059,8010046,26,29,197
2023-04-27,8010059,8010059,149,174,188
2023-04-27,8010059,8011491,70,87,207
2023-04-27,8010059,8011626,26,38,86
2023-04-27,8010059,8013361,20,20,258
2023-04-27,8010076,8010076,56,72,195
2023-04-27,8010076,8012478,4,17,9
2023-04-27,8010076,8012629,32,38,226
2023-04-27,8010076,8013428,21,38,130
2023-04-27,8010080,8010080,38,46,96
2023-04-27,8010080,8013033,17,19,62
2023-04-27,8010080,8013295,4,17,16
2023-04-27,8010080,8013424,7,19,14
2023-04-27,8010095,8010095,44,102,75
2023-04-27,8010095,8010161,12,34,49
2023-04-27,8010095,8010351,2,17,53
2023-04-27,8010095,8011959,5,34,33
2023-04-27,8010095,8011983,7,15,32
2023-04-27,8010095,8013093,16,17,208
2023-04-27,8010122,8010122,30,38,86
2023-04-27,8010122,8010238,13,19,104
2023-04-27,8010122,8011077,13,19,51
2023-04-27,8010122,8011588,13,19,69
2023-04-27,8010122,8013095,0,17,0
2023-04-27,8010144,8010144,29,34,173
2023-04-27,8010144,8011705,14,17,164
2023-04-27,8010144,8012198,16,17,201
2023-04-27,8010161,8010095,15,36,30
2023-04-27,8010161,8010161,27,59,37
2023-04-27,8010161,8011387,8,28,35
2023-04-27,8010186,8010186,62,134,33
2023-04-27,8010186,8012344,29,67,44
2023-04-27,8010186,8013070,31,67,19
2023-04-27,8010207,8010207,104,175,73
2023-04-27,8010207,8012193,60,88,87
2023-04-27,8010207,8012236,20,67,42
2023-04-27,8010207,8012817,5,20,22
2023-04-27,8010208,8010208,83,101,136
2023-04-27,8010208,8011491,23,34,147
2023-04-27,8010208,8011495,14,17,55
2023-04-27,8010208,8080930,27,33,169
2023-04-27,8010209,8010209,97,187,49
2023-04-27,8010209,8011771,30,67,52
2023-04-27,8010209,8012192,17,27,48
2023-04-27,8010209,8012193,1,2,15
2023-04-27,8010209,8012236,26,67,13
2023-04-27,8010228,8010228,115,152,73
2023-04-27,8010228,8011598,47,76,99
2023-04-27,8010228,8012308,66,75,46
2023-04-27,8010228,8013471,1,1,180
2023-04-27,8010238,8010122,15,19,69
2023-04-27,8010238,8010238,25,38,77
2023-04-27,8010238,8011297,12,19,92
2023-04-27,8010269,8010269,14,53,58
2023-04-27,8010269,8012682,3,27,8
2023-04-27,8010269,8013447,11,26,114
2023-04-27,8010351,8010095,15,15,252
2023-04-27,8010351,8010351,33,53,121
2023-04-27,8010351,8011131,7,27,48
2023-04-27,8010351,8012371,24,31,79
2023-04-27,8010359,8010359,28,38,41
2023-04-27,8010359,8012946,13,19,49
2023-04-27,8010359,8013033,13,19,22
2023-04-27,8011018,8011018,62,76,90
2023-04-27,8011018,8012284,32,38,92
2023-04-27,8011018,8013362,30,38,99
2023-04-27,8011077,8010122,15,19,107
2023-04-27,8011077,8011077,60,72,88
2023-04-27,8011077,8011132,0,1,0
2023-04-27,8011077,8011914,13,17,71
2023-04-27,8011077,8012178,12,17,53
2023-04-27,8011077,8012228,1,1,330
2023-04-27,8011131,8010103,14,18,100
2023-04-27,8011131,8010351,22,26,181
2023-04-27,8011131,8011131,34,53,113
2023-04-27,8011131,8012734,5,9,60
2023-04-27,8011132,8011077,0,1,0
2023-04-27,8011132,8011132,33,36,83
2023-04-27,8011132,8012228,0,1,0
2023-04-27,8011132,8012526,14,17,83
2023-04-27,8011132,8012597,12,17,72
2023-04-27,8011242,8011242,24,39,42
2023-04-27,8011242,8012241,31,39,54
2023-04-27,8011242,8012623,11,19,51
2023-04-27,8011339,8011339,47,58,300
2023-04-27,8011339,8012117,26,29,414
2023-04-27,8011339,8013461,23,29,194
2023-04-27,8011387,8010161,28,31,60
2023-04-27,8011387,8011387,43,59,49
2023-04-27,8011387,8012371,16,28,44
2023-04-27,8011491,8010008,24,34,98
2023-04-27,8011491,8010059,75,87,160
2023-04-27,8011491,8010208,28,33,174
2023-04-27,8011491,8011491,137,174,180
2023-04-27,8011495,8010208,16,17,124
2023-04-27,8011495,8011495,32,34,98
2023-04-27,8011495,8012375,15,17,67
2023-04-27,8011588,8010122,9,19,43
2023-04-27,8011588,8011588,19,38,36
2023-04-27,8011588,8012463,12,20,24
2023-04-27,8011598,8010228,11,75,10
2023-04-27,8011598,8011598,35,79,49
2023-04-27,8011598,8011745,25,39,96
2023-04-27,8011626,8010059,29,38,74
2023-04-27,8011626,8011626,60,76,87
2023-04-27,8011626,8012284,31,38,118
2023-04-27,8011705,8010144,12,17,164
2023-04-27,8011705,8011705,28,34,154
2023-04-27,8011705,8011763,19,29,79
2023-04-27,8011745,8011598,33,40,39
2023-04-27,8011745,8011745,52,79,63
2023-04-27,8011745,8013471,21,39,78
2023-04-27,8011753,8011753,21,41,120
2023-04-27,8011753,8012080,7,20,39
2023-04-27,8011753,8012311,11,21,189
2023-04-27,8011755,8011755,27,34,71
2023-04-27,8011755,8012228,17,17,131
2023-04-27,8011755,8012526,11,17,55
2023-04-27,8011763,8011705,20,29,136
2023-04-27,8011763,8011763,41,58,118
2023-04-27,8011763,8012416,19,29,103
2023-04-27,8011771,8010209,39,67,24
2023-04-27,8011771,8011771,76,134,39
2023-04-27,8011771,8013070,36,67,52
2023-04-27,8011913,8011913,33,34,84
2023-04-27,8011913,8012228,16,17,67
2023-04-27,8011913,8012375,15,17,88
2023-04-27,8011914,8011077,12,17,56
2023-04-27,8011914,8011914,25,34,56
2023-04-27,8011914,8013095,11,17,53
2023-04-27,8012053,8012053,26,34,73
2023-04-27,8012053,8012198,15,17,56
2023-04-27,8012053,8013295,9,17,97
2023-04-27,8012117,8011339,26,29,202
2023-04-27,8012117,8012117,54,58,325
2023-04-27,8012117,8013361,29,29,466
2023-04-27,8012178,8011077,16,17,131
2023-04-27,8012178,8012178,30,34,76
2023-04-27,8012178,8012597,15,17,56
2023-04-27,8012184,8012184,352,466,91
2023-04-27,8012184,8012187,175,234,106
2023-04-27,8012184,8012202,176,232,78
2023-04-27,8012187,8010206,94,114,112
2023-04-27,8012187,8012184,171,232,71
2023-04-27,8012187,8012187,343,466,84
2023-04-27,8012187,8012343,82,120,103
2023-04-27,8012192,8010209,22,26,118
2023-04-27,8012192,8012192,19,53,60
2023-04-27,8012192,8013447,5,27,23
2023-04-27,8012193,8010207,60,87,72
2023-04-27,8012193,8010209,0,3,0
2023-04-27,8012193,8012193,100,180,58
2023-04-27,8012193,8080840,30,67,20
2023-04-27,8012194,8010008,28,33,95
2023-04-27,8012194,8012194,59,67,76
2023-04-27,8012194,8012343,86,120,52
2023-04-27,8012195,8012190,34,35,149
2023-04-27,8012195,8012195,61,71,97
2023-04-27,8012195,8012273,29,36,66
2023-04-27,8012196,8012196,184,203,138
2023-04-27,8012196,8012200,53,66,155
2023-04-27,8012196,8012273,33,35,139
2023-04-27,8012196,8098205,78,102,126
2023-04-27,8012197,8012197,70,100,65
2023-04-27,8012197,8012204,32,50,50
2023-04-27,8012197,8012285,38,50,98
2023-04-27,8012198,8010144,16,17,178
2023-04-27,8012198,8012053,11,17,115
2023-04-27,8012198,8012198,31,34,142
2023-04-27,8012200,8012196,59,66,159
2023-04-27,8012200,8012200,106,132,155
2023-04-27,8012200,8012478,53,66,159
2023-04-27,8012204,8012181,45,50,57
2023-04-27,8012204,8012197,34,50,80
2023-04-27,8012204,8012204,85,100,74
2023-04-27,8012228,8011077,1,1,690
2023-04-27,8012228,8011132,0,1,0
2023-04-27,8012228,8011755,10,17,53
2023-04-27,8012228,8011913,16,17,101
2023-04-27,8012228,8012228,36,38,110
2023-04-27,8012236,8010207,44,67,44
2023-04-27,8012236,8010209,45,67,64
2023-04-27,8012236,8012236,78,134,44
2023-04-27,8012241,8010243,30,39,34
2023-04-27,8012241,8011242,23,39,62
2023-04-27,8012241,8012241,53,78,50
2023-04-27,8012284,8011018,28,38,91
2023-04-27,8012284,8011626,27,38,69
2023-04-27,8012284,8012284,58,76,92
2023-04-27,8012285,8012197,40,50,52
2023-04-27,8012285,8012285,69,100,68
2023-04-27,8012285,8012865,25,50,67
2023-04-27,8012304,8010206,87,110,44
2023-04-27,8012304,8012304,197,222,87
2023-04-27,8012304,8012308,102,112,122
2023-04-27,8012308,8010228,70,77,126
2023-04-27,8012308,8012304,93,110,41
2023-04-27,8012308,8012308,198,222,83
2023-04-27,8012308,8013471,33,35,136
2023-04-27,8012311,8011071,0,1,0
2023-04-27,8012311,8011753,9,20,50
2023-04-27,8012311,8012311,20,42,106
2023-04-27,8012311,8012355,12,21,173
2023-04-27,8012355,8012311,5,20,24
2023-04-27,8012355,8012355,23,41,113
2023-04-27,8012355,8012817,18,21,190
2023-04-27,8012371,8010351,24,28,66
2023-04-27,8012371,8011387,24,31,57
2023-04-27,8012371,8012371,47,59,62
2023-04-27,8012375,8011495,17,17,141
2023-04-27,8012375,8011913,17,17,88
2023-04-27,8012375,8012375,34,34,95
2023-04-27,8012416,8010046,22,29,123
2023-04-27,8012416,8011763,21,29,172
2023-04-27,8012416,8012416,46,58,148
2023-04-27,8012478,8000020,5,5,234
2023-04-27,8012478,8010076,11,16,68
2023-04-27,8012478,8012200,50,66,141
2023-04-27,8012478,8012478,136,212,120
2023-04-27,8012478,8012697,38,38,245
2023-04-27,8012478,8098205,25,40,62
2023-04-27,8012526,8011132,17,17,108
2023-04-27,8012526,8011755,14,17,71
2023-04-27,8012526,8012526,31,34,83
2023-04-27,8012576,8012576,12,38,35
2023-04-27,8012576,8013029,6,19,19
2023-04-27,8012576,8013424,4,19,44
2023-04-27,8012597,8011132,16,17,106
2023-04-27,8012597,8012178,10,17,58
2023-04-27,8012597,8012597,26,34,72
2023-04-27,8012623,8011242,14,20,40
2023-04-27,8012623,8012463,13,19,52
2023-04-27,8012623,8012623,28,39,48
2023-04-27,8012697,8012478,38,38,179
2023-04-27,8012697,8012697,76,76,212
2023-04-27,8012697,8013428,36,38,238
2023-04-27,8012731,8011371,21,21,77
2023-04-27,8012731,8012731,38,41,95
2023-04-27,8012731,8013138,17,20,75
2023-04-27,8012734,8010103,3,9,27
2023-04-27,8012734,8011131,7,9,77
2023-04-27,8012734,8012734,9,18,57
2023-04-27,8012817,8010207,15,21,191
2023-04-27,8012817,8012355,16,20,44
2023-04-27,8012817,8012817,31,41,116
2023-04-27,8012863,8011752,34,42,75
2023-04-27,8012863,8012863,68,84,65
2023-04-27,8012863,8012865,34,42,68
2023-04-27,8012865,8012285,34,50,51
2023-04-27,8012865,8012863,33,42,69
2023-04-27,8012865,8012865,64,84,66
2023-04-27,8013029,8012576,15,19,74
2023-04-27,8013029,8012975,4,19,14
2023-04-27,8013029,8013029,20,38,43
2023-04-27,8013033,8010080,12,19,27
2023-04-27,8013033,8010359,9,19,43
2023-04-27,8013033,8013033,12,38,24
2023-04-27,8013070,8010186,43,67,58
2023-04-27,8013070,8011771,41,67,20
2023-04-27,8013070,8013070,84,134,40
2023-04-27,8013093,8010095,7,18,65
2023-04-27,8013093,8012190,28,36,48
2023-04-27,8013093,8012656,16,33,88
2023-04-27,8013093,8013093,68,94,106
2023-04-27,8013095,8010122,7,17,41
2023-04-27,8013095,8011914,11,17,32
2023-04-27,8013095,8013095,14,34,26
2023-04-27,8013295,8010080,11,17,99
2023-04-27,8013295,8012053,2,17,11
2023-04-27,8013295,8013295,12,34,56
2023-04-27,8013361,8010059,20,20,579
2023-04-27,8013361,8012117,22,29,176
2023-04-27,8013361,8013361,54,58,321
2023-04-27,8013361,8013362,20,38,55
2023-04-27,8013362,8011018,33,38,80
2023-04-27,8013362,8013361,25,38,89
2023-04-27,8013362,8013362,58,76,82
2023-04-27,8013424,8010080,11,19,66
2023-04-27,8013424,8012576,6,19,16
2023-04-27,8013424,8013424,17,38,36
2023-04-27,8013428,8010076,38,38,261
2023-04-27,8013428,8012697,19,38,129
2023-04-27,8013428,8013428,52,76,189
2023-04-27,8013447,8010269,4,27,16
2023-04-27,8013447,8012192,11,26,98
2023-04-27,8013447,8013447,15,53,67
2023-04-27,8013461,8011339,24,29,413
2023-04-27,8013461,8011637,20,20,366
2023-04-27,8013461,8013461,37,40,405
2023-04-27,8013471,8010003,15,17,138
2023-04-27,8013471,8010243,1,1,180
2023-04-27,8013471,8011222,45,57,90
2023-04-27,8013471,8011745,18,40,20
2023-04-27,8013471,8012308,28,35,39
2023-04-27,8013471,8013471,101,150,68
2023-04-27,8080930,8010208,27,34,135
2023-04-27,8080930,8080930,54,67,143
2023-04-28,8010046,8010046,50,60,134
2023-04-28,8010046,8010059,24,30,106
2023-04-28,8010046,8012416,28,30,164
2023-04-28,8010059,8010046,28,30,171
2023-04-28,8010059,8010059,157,178,260
2023-04-28,8010059,8011491,75,89,273
2023-04-28,8010059,8011626,30,39,202
2023-04-28,8010059,8013361,20,20,450
2023-04-28,8010076,8010076,62,74,197
2023-04-28,8010076,8012478,11,17,58
2023-04-28,8010076,8012629,36,39,278
2023-04-28,8010076,8013428,27,39,98
2023-04-28,8010080,8010080,35,46,144
2023-04-28,8010080,8013033,16,19,57
2023-04-28,8010080,8013295,3,17,5
2023-04-28,8010080,8013424,3,19,6
2023-04-28,8010095,8010095,46,104,68
2023-04-28,8010095,8010161,13,35,63
2023-04-28,8010095,8010351,9,17,81
2023-04-28,8010095,8011959,3,35,13
2023-04-28,8010095,8011983,9,15,42
2023-04-28,8010095,8013093,14,17,138
2023-04-28,8010122,8010122,33,38,90
2023-04-28,8010122,8010238,15,19,101
2023-04-28,8010122,8011077,14,19,71
2023-04-28,8010122,8011588,17,20,90
2023-04-28,8010122,8013095,2,18,12
2023-04-28,8010144,8010144,28,34,123
2023-04-28,8010144,8011705,14,17,127
2023-04-28,8010144,8012198,15,17,145
2023-04-28,8010161,8010095,12,37,13
2023-04-28,8010161,8010161,23,61,38
2023-04-28,8010161,8011387,11,29,54
2023-04-28,8010186,8010186,61,137,27
2023-04-28,8010186,8012344,32,68,46
2023-04-28,8010186,8013070,28,69,17
2023-04-28,8010207,8010207,87,179,79
2023-04-28,8010207,8012193,57,91,102
2023-04-28,8010207,8012236,17,68,22
2023-04-28,8010207,8012817,9,20,111
2023-04-28,8010208,8010208,91,103,140
2023-04-28,8010208,8011491,25,34,128
2023-04-28,8010208,8011495,17,18,77
2023-04-28,8010208,8080930,29,33,186
2023-04-28,8010209,8010209,100,192,62
2023-04-28,8010209,8011771,29,68,37
2023-04-28,8010209,8012192,22,28,94
2023-04-28,8010209,8012193,2,2,405
2023-04-28,8010209,8012236,23,69,16
2023-04-28,8010228,8010228,129,156,102
2023-04-28,8010228,8011598,60,78,152
2023-04-28,8010228,8012308,70,77,43
2023-04-28,8010228,8013471,0,1,0
2023-04-28,8010238,8010122,16,19,82
2023-04-28,8010238,8010238,32,38,88
2023-04-28,8010238,8011297,15,19,98
2023-04-28,8010269,8010269,26,55,129
2023-04-28,8010269,8012682,7,28,57
2023-04-28,8010269,8013447,20,27,226
2023-04-28,8010351,8010095,14,15,184
2023-04-28,8010351,8010351,35,53,95
2023-04-28,8010351,8011131,13,27,59
2023-04-28,8010351,8012371,23,32,67
2023-04-28,8010359,8010359,24,38,46
2023-04-28,8010359,8012946,14,19,58
2023-04-28,8010359,8013033,8,19,21
2023-04-28,8011018,8011018,70,78,180
2023-04-28,8011018,8012284,37,39,150
2023-04-28,8011018,8013362,33,39,217
2023-04-28,8011077,8010122,17,19,93
2023-04-28,8011077,8011077,66,74,111
2023-04-28,8011077,8011132,0,1,0
2023-04-28,8011077,8011914,17,18,120
2023-04-28,8011077,8012178,15,18,70
2023-04-28,8011077,8012228,1,1,240
2023-04-28,8011131,8010103,17,18,117
2023-04-28,8011131,8010351,22,26,117
2023-04-28,8011131,8011131,46,53,88
2023-04-28,8011131,8012734,8,9,80
2023-04-28,8011132,8011077,0,1,0
2023-04-28,8011132,8011132,35,38,112
2023-04-28,8011132,8012228,0,1,0
2023-04-28,8011132,8012526,16,18,92
2023-04-28,8011132,8012597,15,18,118
2023-04-28,8011242,8011242,31,40,78
2023-04-28,8011242,8012241,34,40,52
2023-04-28,8011242,8012623,15,19,103
2023-04-28,8011339,8011339,51,59,397
2023-04-28,8011339,8012117,26,29,493
2023-04-28,8011339,8013461,24,30,298
2023-04-28,8011387,8010161,30,32,53
2023-04-28,8011387,8011387,44,61,55
2023-04-28,8011387,8012371,14,29,55
2023-04-28,8011491,8010008,27,36,162
2023-04-28,8011491,8010059,78,89,253
2023-04-28,8011491,8010208,31,33,202
2023-04-28,8011491,8011491,155,178,264
2023-04-28,8011495,8010208,18,18,120
2023-04-28,8011495,8011495,34,36,106
2023-04-28,8011495,8012375,16,18,93
2023-04-28,8011588,8010122,14,19,103
2023-04-28,8011588,8011588,30,39,62
2023-04-28,8011588,8012463,13,21,20
2023-04-28,8011598,8010228,7,77,8
2023-04-28,8011598,8011598,41,81,82
2023-04-28,8011598,8011745,34,40,166
2023-04-28,8011626,8010059,34,39,124
2023-04-28,8011626,8011626,67,78,168
2023-04-28,8011626,8012284,36,39,238
2023-04-28,8011705,8010144,12,17,115
2023-04-28,8011705,8011705,28,34,122
2023-04-28,8011705,8011763,19,30,61
2023-04-28,8011745,8011598,29,41,42
2023-04-28,8011745,8011745,60,81,96
2023-04-28,8011745,8013471,30,40,134
2023-04-28,8011753,8011753,29,42,151
2023-04-28,8011753,8012080,11,20,140
2023-04-28,8011753,8012311,13,22,150
2023-04-28,8011755,8011755,32,36,103
2023-04-28,8011755,8012228,18,18,130
2023-04-28,8011755,8012526,15,18,108
2023-04-28,8011763,8011705,18,30,96
2023-04-28,8011763,8011763,39,60,94
2023-04-28,8011763,8012416,20,30,89
2023-04-28,8011771,8010209,42,69,27
2023-04-28,8011771,8011771,79,137,31
2023-04-28,8011771,8013070,35,68,37
2023-04-28,8011913,8011913,34,36,108
2023-04-28,8011913,8012228,16,18,113
2023-04-28,8011913,8012375,16,18,93
2023-04-28,8011914,8011077,15,18,68
2023-04-28,8011914,8011914,32,36,90
2023-04-28,8011914,8013095,16,18,98
2023-04-28,8012053,8012053,22,34,43
2023-04-28,8012053,8012198,14,17,53
2023-04-28,8012053,8013295,8,17,51
2023-04-28,8012117,8011339,29,30,305
2023-04-28,8012117,8012117,58,59,411
2023-04-28,8012117,8013361,29,29,541
2023-04-28,8012178,8011077,17,18,182
2023-04-28,8012178,8012178,32,36,108
2023-04-28,8012178,8012597,15,18,70
2023-04-28,8012184,8012184,388,476,137
2023-04-28,8012184,8012187,203,240,189
2023-04-28,8012184,8012202,184,236,87
2023-04-28,8012187,8010206,105,116,196
2023-04-28,8012187,8012184,191,236,78
2023-04-28,8012187,8012187,391,476,130
2023-04-28,8012187,8012343,97,124,188
2023-04-28,8012192,8010209,25,27,206
2023-04-28,8012192,8012192,35,55,123
2023-04-28,8012192,8013447,11,28,57
2023-04-28,8012193,8010207,56,88,61
2023-04-28,8012193,8010209,0,3,0
2023-04-28,8012193,8012193,101,184,67
2023-04-28,8012193,8080840,29,69,35
2023-04-28,8012194,8010008,32,35,249
2023-04-28,8012194,8012194,62,71,178
2023-04-28,8012194,8012343,100,122,86
2023-04-28,8012195,8012190,36,39,155
2023-04-28,8012195,8012195,59,79,88
2023-04-28,8012195,8012273,24,40,43
2023-04-28,8012196,8012196,197,213,145
2023-04-28,8012196,8012200,55,67,178
2023-04-28,8012196,8012273,38,39,154
2023-04-28,8012196,8098205,90,106,139
2023-04-28,8012197,8012197,75,101,97
2023-04-28,8012197,8012204,35,51,87
2023-04-28,8012197,8012285,42,50,125
2023-04-28,8012198,8010144,16,17,118
2023-04-28,8012198,8012053,9,17,67
2023-04-28,8012198,8012198,30,34,98
2023-04-28,8012200,8012196,63,67,168
2023-04-28,8012200,8012200,117,134,171
2023-04-28,8012200,8012478,61,67,193
2023-04-28,8012204,8012181,48,51,94
2023-04-28,8012204,8012197,38,50,104
2023-04-28,8012204,8012204,90,101,108
2023-04-28,8012228,8011077,1,1,120
2023-04-28,8012228,8011132,0,1,0
2023-04-28,8012228,8011755,15,18,103
2023-04-28,8012228,8011913,17,18,110
2023-04-28,8012228,8012228,36,40,113
2023-04-28,8012236,8010207,42,69,48
2023-04-28,8012236,8010209,40,68,46
2023-04-28,8012236,8012236,68,137,34
2023-04-28,8012241,8010243,29,40,28
2023-04-28,8012241,8011242,34,40,106
2023-04-28,8012241,8012241,63,80,70
2023-04-28,8012284,8011018,32,39,208
2023-04-28,8012284,8011626,32,39,125
2023-04-28,8012284,8012284,67,78,182
2023-04-28,8012285,8012197,38,51,89
2023-04-28,8012285,8012285,72,101,100
2023-04-28,8012285,8012865,32,50,91
2023-04-28,8012304,8010206,85,112,43
2023-04-28,8012304,8012304,206,226,139
2023-04-28,8012304,8012308,111,114,224
2023-04-28,8012308,8010228,74,79,184
2023-04-28,8012308,8012304,82,112,36
2023-04-28,8012308,8012308,192,226,129
2023-04-28,8012308,8013471,35,35,319
2023-04-28,8012311,8011071,0,1,0
2023-04-28,8012311,8011753,13,20,150
2023-04-28,8012311,8012311,26,43,138
2023-04-28,8012311,8012355,13,22,155
2023-04-28,8012355,8012311,9,20,118
2023-04-28,8012355,8012355,30,42,156
2023-04-28,8012355,8012817,21,22,185
2023-04-28,8012371,8010351,26,29,74
2023-04-28,8012371,8011387,23,32,50
2023-04-28,8012371,8012371,51,61,61
2023-04-28,8012375,8011495,18,18,132
2023-04-28,8012375,8011913,16,18,117
2023-04-28,8012375,8012375,34,36,108
2023-04-28,8012416,8010046,23,30,99
2023-04-28,8012416,8011763,22,30,147
2023-04-28,8012416,8012416,49,60,126
2023-04-28,8012478,8000020,4,5,264
2023-04-28,8012478,8010076,15,16,135
2023-04-28,8012478,8012200,52,67,136
2023-04-28,8012478,8012478,155,214,141
2023-04-28,8012478,8012697,38,39,282
2023-04-28,8012478,8098205,33,40,146
2023-04-28,8012526,8011132,18,18,152
2023-04-28,8012526,8011755,16,18,83
2023-04-28,8012526,8012526,34,36,112
2023-04-28,8012576,8012576,9,38,23
2023-04-28,8012576,8013029,1,19,2
2023-04-28,8012576,8013424,4,19,35
2023-04-28,8012597,8011132,18,18,120
2023-04-28,8012597,8012178,15,18,105
2023-04-28,8012597,8012597,33,36,102
2023-04-28,8012623,8011242,20,21,61
2023-04-28,8012623,8012463,14,19,98
2023-04-28,8012623,8012623,35,40,82
2023-04-28,8012697,8012478,39,39,155
2023-04-28,8012697,8012697,77,78,224
2023-04-28,8012697,8013428,38,39,295
2023-04-28,8012731,8011371,20,22,101
2023-04-28,8012731,8012731,40,43,159
2023-04-28,8012731,8013138,17,21,143
2023-04-28,8012734,8010103,3,9,47
2023-04-28,8012734,8011131,5,9,30
2023-04-28,8012734,8012734,10,18,50
2023-04-28,8012817,8010207,19,22,200
2023-04-28,8012817,8012355,16,20,140
2023-04-28,8012817,8012817,35,42,160
2023-04-28,8012863,8011752,40,42,108
2023-04-28,8012863,8012863,72,85,101
2023-04-28,8012863,8012865,32,43,109
2023-04-28,8012865,8012285,32,51,82
2023-04-28,8012865,8012863,37,42,96
2023-04-28,8012865,8012865,64,85,101
2023-04-28,8013029,8012576,15,19,66
2023-04-28,8013029,8012975,1,19,2
2023-04-28,8013029,8013029,16,38,33
2023-04-28,8013033,8010080,11,19,32
2023-04-28,8013033,8010359,10,19,52
2023-04-28,8013033,8013033,15,38,31
2023-04-28,8013070,8010186,38,68,40
2023-04-28,8013070,8011771,38,69,17
2023-04-28,8013070,8013070,77,137,30
2023-04-28,8013093,8010095,13,18,113
2023-04-28,8013093,8012190,31,40,36
2023-04-28,8013093,8012656,26,34,99
2023-04-28,8013093,8013093,77,104,91
2023-04-28,8013095,8010122,12,18,82
2023-04-28,8013095,8011914,14,18,47
2023-04-28,8013095,8013095,17,36,48
2023-04-28,8013295,8010080,8,17,53
2023-04-28,8013295,8012053,0,17,0
2023-04-28,8013295,8013295,11,34,34
2023-04-28,8013361,8010059,20,20,730
2023-04-28,8013361,8012117,21,30,278
2023-04-28,8013361,8013361,54,59,413
2023-04-28,8013361,8013362,27,39,116
2023-04-28,8013362,8011018,33,39,138
2023-04-28,8013362,8013361,31,39,206
2023-04-28,8013362,8013362,62,78,167
2023-04-28,8013424,8010080,10,19,44
2023-04-28,8013424,8012576,4,19,8
2023-04-28,8013424,8013424,14,38,26
2023-04-28,8013428,8010076,39,39,306
2023-04-28,8013428,8012697,27,39,98
2023-04-28,8013428,8013428,64,78,198
2023-04-28,8013447,8010269,9,28,41
2023-04-28,8013447,8012192,18,27,189
2023-04-28,8013447,8013447,27,55,131
2023-04-28,8013461,8011339,27,29,506
2023-04-28,8013461,8011637,20,20,555
2023-04-28,8013461,8013461,39,40,562
2023-04-28,8013471,8010003,16,17,337
2023-04-28,8013471,8010243,0,1,0
2023-04-28,8013471,8011222,55,58,176
2023-04-28,8013471,8011745,23,41,26
2023-04-28,8013471,8012308,25,35,37
2023-04-28,8013471,8013471,110,152,121
2023-04-28,8080930,8010208,26,34,115
2023-04-28,8080930,8080930,55,67,141
2023-04-29,8010046,8010046,22,40,248
2023-04-29,8010046,8010059,11,20,243
2023-04-29,8010046,8012416,11,20,254
2023-04-29,8010059,8010046,13,20,261
2023-04-29,8010059,8010059,120,156,168
2023-04-29,8010059,8011491,56,78,168
2023-04-29,8010059,8011626,27,38,111
2023-04-29,8010059,8013361,19,20,166
2023-04-29,8010076,8010076,74,77,369
2023-04-29,8010076,8012141,1,1,90
2023-04-29,8010076,8012478,17,17,478
2023-04-29,8010076,8012629,22,23,230
2023-04-29,8010076,8013335,16,16,572
2023-04-29,8010076,8013428,28,38,167
2023-04-29,8010080,8010080,16,30,32
2023-04-29,8010080,8013033,9,11,44
2023-04-29,8010080,8013295,3,8,15
2023-04-29,8010080,8013424,3,11,19
2023-04-29,8010095,8010095,37,98,57
2023-04-29,8010095,8010161,6,33,13
2023-04-29,8010095,8010351,13,17,90
2023-04-29,8010095,8011959,7,31,25
2023-04-29,8010095,8011983,6,8,30
2023-04-29,8010095,8013093,11,17,141
2023-04-29,8010122,8010122,31,38,168
2023-04-29,8010122,8010238,13,19,88
2023-04-29,8010122,8011077,15,19,231
2023-04-29,8010122,8011588,14,19,79
2023-04-29,8010122,8013095,3,16,13
2023-04-29,8010144,8010144,10,17,556
2023-04-29,8010144,8011705,5,8,585
2023-04-29,8010144,8012198,5,9,557
2023-04-29,8010161,8010095,11,33,41
2023-04-29,8010161,8010161,17,60,34
2023-04-29,8010161,8011387,4,29,9
2023-04-29,8010186,8010186,39,84,14
2023-04-29,8010186,8012344,11,42,10
2023-04-29,8010186,8013070,27,42,21
2023-04-29,8010207,8010207,74,130,52
2023-04-29,8010207,8012193,48,64,75
2023-04-29,8010207,8012236,11,42,12
2023-04-29,8010207,8012817,3,23,8
2023-04-29,8010208,8010208,47,74,167
2023-04-29,8010208,8011491,13,20,244
2023-04-29,8010208,8011495,14,17,60
2023-04-29,8010208,8080930,9,21,246
2023-04-29,8010209,8010209,66,136,25
2023-04-29,8010209,8011771,19,42,21
2023-04-29,8010209,8012192,16,26,40
2023-04-29,8010209,8012193,1,1,30
2023-04-29,8010209,8012236,21,42,9
2023-04-29,8010228,8010228,104,149,51
2023-04-29,8010228,8011598,34,74,60
2023-04-29,8010228,8012308,69,75,39
2023-04-29,8010238,8010122,15,19,246
2023-04-29,8010238,8010238,26,38,163
2023-04-29,8010238,8011297,14,19,95
2023-04-29,8010269,8010269,10,52,25
2023-04-29,8010269,8012682,2,26,5
2023-04-29,8010269,8013447,9,26,43
2023-04-29,8010351,8010095,9,15,138
2023-04-29,8010351,8010351,36,52,100
2023-04-29,8010351,8011131,15,27,59
2023-04-29,8010351,8012371,25,31,96
2023-04-29,8010359,8010359,14,22,42
2023-04-29,8010359,8012946,9,11,30
2023-04-29,8010359,8013033,5,11,41
2023-04-29,8011018,8011018,66,76,136
2023-04-29,8011018,8012284,36,38,153
2023-04-29,8011018,8013362,30,38,126
2023-04-29,8011077,8010122,16,19,90
2023-04-29,8011077,8011077,58,71,126
2023-04-29,8011077,8011132,0,1,0
2023-04-29,8011077,8011914,15,17,86
2023-04-29,8011077,8012178,12,16,62
2023-04-29,8011077,8012228,1,1,2340
2023-04-29,8011131,8010103,17,18,132
2023-04-29,8011131,8010351,20,25,128
2023-04-29,8011131,8011131,38,52,96
2023-04-29,8011131,8012734,8,9,50
2023-04-29,8011132,8011077,0,1,0
2023-04-29,8011132,8011132,27,35,75
2023-04-29,8011132,8012228,1,1,30
2023-04-29,8011132,8012526,12,16,71
2023-04-29,8011132,8012597,11,17,71
2023-04-29,8011242,8011242,22,39,34
2023-04-29,8011242,8012241,34,39,53
2023-04-29,8011242,8012623,10,20,33
2023-04-29,8011339,8011339,36,45,138
2023-04-29,8011339,8012117,18,22,123
2023-04-29,8011339,8013461,17,23,166
2023-04-29,8011387,8010161,29,31,87
2023-04-29,8011387,8011387,38,60,54
2023-04-29,8011387,8012371,9,29,18
2023-04-29,8011491,8010008,28,37,137
2023-04-29,8011491,8010059,59,78,162
2023-04-29,8011491,8010208,11,21,260
2023-04-29,8011491,8011491,112,156,159
2023-04-29,8011495,8010208,11,16,66
2023-04-29,8011495,8011495,28,33,73
2023-04-29,8011495,8012375,14,17,71
2023-04-29,8011588,8010122,11,20,46
2023-04-29,8011588,8011588,26,39,42
2023-04-29,8011588,8012463,17,19,36
2023-04-29,8011598,8010228,8,75,5
2023-04-29,8011598,8011598,32,80,40
2023-04-29,8011598,8011745,21,39,72
2023-04-29,8011626,8010059,33,38,131
2023-04-29,8011626,8011626,62,76,128
2023-04-29,8011626,8012284,30,38,143
2023-04-29,8011705,8010144,4,9,520
2023-04-29,8011705,8011705,9,17,538
2023-04-29,8011705,8011763,8,20,230
2023-04-29,8011745,8011598,28,41,37
2023-04-29,8011745,8011745,44,80,48
2023-04-29,8011745,8013471,19,39,58
2023-04-29,8011753,8011753,26,46,61
2023-04-29,8011753,8012080,9,23,31
2023-04-29,8011753,8012311,15,23,85
2023-04-29,8011755,8011755,21,33,65
2023-04-29,8011755,8012228,14,16,96
2023-04-29,8011755,8012526,11,17,64
2023-04-29,8011763,8011705,6,20,252
2023-04-29,8011763,8011763,17,40,242
2023-04-29,8011763,8012416,11,20,238
2023-04-29,8011771,8010209,34,42,24
2023-04-29,8011771,8011771,59,84,24
2023-04-29,8011771,8013070,24,42,19
2023-04-29,8011913,8011913,24,33,69
2023-04-29,8011913,8012228,15,17,65
2023-04-29,8011913,8012375,8,16,56
2023-04-29,8011914,8011077,9,16,39
2023-04-29,8011914,8011914,23,33,59
2023-04-29,8011914,8013095,13,17,71
2023-04-29,8012053,8012053,8,17,85
2023-04-29,8012053,8012198,6,8,52
2023-04-29,8012053,8013295,3,9,130
2023-04-29,8012117,8011339,19,23,159
2023-04-29,8012117,8012117,38,45,153
2023-04-29,8012117,8013361,19,22,165
2023-04-29,8012178,8011077,14,17,99
2023-04-29,8012178,8012178,28,33,75
2023-04-29,8012178,8012597,15,16,64
2023-04-29,8012184,8012184,302,471,67
2023-04-29,8012184,8012187,160,235,98
2023-04-29,8012184,8012202,142,236,34
2023-04-29,8012187,8010206,93,113,92
2023-04-29,8012187,8012184,152,236,34
2023-04-29,8012187,8012187,317,471,65
2023-04-29,8012187,8012343,75,122,99
2023-04-29,8012192,8010209,12,26,31
2023-04-29,8012192,8012192,15,52,24
2023-04-29,8012192,8013447,8,26,21
2023-04-29,8012193,8010207,43,65,40
2023-04-29,8012193,8010209,0,1,0
2023-04-29,8012193,8012193,80,131,41
2023-04-29,8012193,8012478,1,1,330
2023-04-29,8012193,8080840,28,42,25
2023-04-29,8012194,8010008,28,37,111
2023-04-29,8012194,8012194,54,74,87
2023-04-29,8012194,8012343,96,122,58
2023-04-29,8012195,8012190,34,40,78
2023-04-29,8012195,8012195,57,79,57
2023-04-29,8012195,8012273,24,39,45
2023-04-29,8012196,8012196,190,224,125
2023-04-29,8012196,8012200,61,73,126
2023-04-29,8012196,8012273,33,40,74
2023-04-29,8012196,8098205,91,110,141
2023-04-29,8012197,8012197,49,87,37
2023-04-29,8012197,8012204,15,44,31
2023-04-29,8012197,8012285,35,43,66
2023-04-29,8012198,8010144,7,8,585
2023-04-29,8012198,8012053,2,9,130
2023-04-29,8012198,8012198,12,17,337
2023-04-29,8012200,8012196,60,72,188
2023-04-29,8012200,8012200,111,145,151
2023-04-29,8012200,8012478,62,73,142
2023-04-29,8012204,8012181,31,44,38
2023-04-29,8012204,8012197,27,43,42
2023-04-29,8012204,8012204,63,87,48
2023-04-29,8012228,8011077,1,1,180
2023-04-29,8012228,8011132,0,1,0
2023-04-29,8012228,8011755,10,17,62
2023-04-29,8012228,8011913,9,16,73
2023-04-29,8012228,8012228,32,37,137
2023-04-29,8012236,8010207,36,42,48
2023-04-29,8012236,8010209,29,42,34
2023-04-29,8012236,8012236,53,84,27
2023-04-29,8012241,8010243,29,39,33
2023-04-29,8012241,8011242,20,39,43
2023-04-29,8012241,8012241,50,78,42
2023-04-29,8012284,8011018,29,38,122
2023-04-29,8012284,8011626,33,38,127
2023-04-29,8012284,8012284,62,76,136
2023-04-29,8012285,8012197,24,44,27
2023-04-29,8012285,8012285,43,87,37
2023-04-29,8012285,8012865,16,43,31
2023-04-29,8012304,8010206,68,109,31
2023-04-29,8012304,8012304,170,218,66
2023-04-29,8012304,8012308,95,109,94
2023-04-29,8012308,8010228,62,74,86
2023-04-29,8012308,8012304,76,109,29
2023-04-29,8012308,8012308,179,218,63
2023-04-29,8012308,8013471,32,35,119
2023-04-29,8012311,8011753,11,23,39
2023-04-29,8012311,8012311,26,46,56
2023-04-29,8012311,8012355,14,23,86
2023-04-29,8012355,8012311,6,23,20
2023-04-29,8012355,8012355,29,46,67
2023-04-29,8012355,8012817,23,23,113
2023-04-29,8012371,8010351,24,29,44
2023-04-29,8012371,8011387,26,31,95
2023-04-29,8012371,8012371,51,60,65
2023-04-29,8012375,8011495,15,16,92
2023-04-29,8012375,8011913,15,17,92
2023-04-29,8012375,8012375,30,33,76
2023-04-29,8012416,8010046,10,20,238
2023-04-29,8012416,8011763,13,20,267
2023-04-29,8012416,8012416,25,40,252
2023-04-29,8012478,8000020,4,5,102
2023-04-29,8012478,8010076,13,16,562
2023-04-29,8012478,8012193,1,1,30
2023-04-29,8012478,8012200,51,72,158
2023-04-29,8012478,8012478,153,212,203
2023-04-29,8012478,8012697,33,39,184
2023-04-29,8012478,8013361,0,1,0
2023-04-29,8012478,8098205,29,40,80
2023-04-29,8012526,8011132,15,17,88
2023-04-29,8012526,8011755,11,16,58
2023-04-29,8012526,8012526,26,33,74
2023-04-29,8012576,8012576,3,22,12
2023-04-29,8012576,8013029,1,11,8
2023-04-29,8012576,8013424,1,11,11
2023-04-29,8012597,8011132,16,16,99
2023-04-29,8012597,8012178,10,17,60
2023-04-29,8012597,8012597,26,33,71
2023-04-29,8012623,8011242,17,19,62
2023-04-29,8012623,8012463,6,20,28
2023-04-29,8012623,8012623,24,39,48
2023-04-29,8012697,8012478,33,38,222
2023-04-29,8012697,8012697,67,77,212
2023-04-29,8012697,8013428,34,39,205
2023-04-29,8012731,8011371,13,22,46
2023-04-29,8012731,8012731,7,8,94
2023-04-29,8012731,8013138,2,3,60
2023-04-29,8012731,8013471,6,14,-13
2023-04-29,8012734,8010103,4,9,83
2023-04-29,8012734,8011131,7,8,112
2023-04-29,8012734,8012734,10,17,58
2023-04-29,8012817,8010207,19,23,106
2023-04-29,8012817,8012355,17,23,35
2023-04-29,8012817,8012817,37,46,67
2023-04-29,8012863,8011752,36,43,50
2023-04-29,8012863,8012863,65,87,41
2023-04-29,8012863,8012865,28,44,36
2023-04-29,8012865,8012285,17,44,25
2023-04-29,8012865,8012863,28,43,36
2023-04-29,8012865,8012865,46,87,34
2023-04-29,8013029,8012576,6,11,33
2023-04-29,8013029,8012975,1,11,5
2023-04-29,8013029,8013029,7,22,19
2023-04-29,8013033,8010080,4,11,44
2023-04-29,8013033,8010359,5,11,19
2023-04-29,8013033,8013033,7,22,26
2023-04-29,8013070,8010186,30,42,24
2023-04-29,8013070,8011771,32,42,21
2023-04-29,8013070,8013070,63,84,26
2023-04-29,8013093,8010095,15,18,107
2023-04-29,8013093,8012190,29,39,37
2023-04-29,8013093,8012656,20,32,48
2023-04-29,8013093,8013093,70,98,74
2023-04-29,8013095,8010122,7,17,49
2023-04-29,8013095,8011914,7,16,30
2023-04-29,8013095,8013095,13,33,35
2023-04-29,8013295,8010080,3,9,133
2023-04-29,8013295,8012053,1,8,8
2023-04-29,8013295,8013295,6,17,78
2023-04-29,8013361,8010059,16,20,165
2023-04-29,8013361,8012117,14,23,137
2023-04-29,8013361,8012478,1,1,870
2023-04-29,8013361,8013361,37,47,166
2023-04-29,8013361,8013362,23,38,113
2023-04-29,8013361,8013461,0,1,0
2023-04-29,8013362,8011018,37,38,141
2023-04-29,8013362,8013361,27,38,121
2023-04-29,8013362,8013362,62,76,124
2023-04-29,8013424,8010080,9,11,38
2023-04-29,8013424,8012576,1,11,11
2023-04-29,8013424,8013424,10,22,23
2023-04-29,8013428,8010076,34,39,215
2023-04-29,8013428,8012697,28,38,181
2023-04-29,8013428,8013428,62,77,195
2023-04-29,8013447,8010269,5,26,12
2023-04-29,8013447,8012192,8,26,28
2023-04-29,8013447,8013447,13,52,28
2023-04-29,8013461,8010285,0,1,0
2023-04-29,8013461,8011339,19,22,116
2023-04-29,8013461,8011637,19,20,206
2023-04-29,8013461,8013361,1,1,660
2023-04-29,8013461,8013461,31,42,146
2023-04-29,8013471,8010003,1,2,45
2023-04-29,8013471,8011222,37,57,75
2023-04-29,8013471,8011745,19,41,22
2023-04-29,8013471,8012308,17,34,18
2023-04-29,8013471,8012731,9,15,104
2023-04-29,8013471,8013471,71,149,45
2023-04-29,8080930,8010208,11,20,237
2023-04-29,8080930,8080930,21,41,241
2023-04-30,8010046,8010046,17,40,64
2023-04-30,8010046,8010059,7,20,44
2023-04-30,8010046,8012416,11,20,82
2023-04-30,8010059,8010046,12,20,92
2023-04-30,8010059,8010059,91,150,63
2023-04-30,8010059,8011491,40,75,56
2023-04-30,8010059,8011626,14,37,32
2023-04-30,8010059,8013361,14,18,102
2023-04-30,8010076,8010076,69,77,133
2023-04-30,8010076,8012141,0,1,0
2023-04-30,8010076,8012478,17,17,176
2023-04-30,8010076,8012629,22,23,120
2023-04-30,8010076,8013335,15,16,66
2023-04-30,8010076,8013428,27,38,77
2023-04-30,8010080,8010080,19,30,27
2023-04-30,8010080,8013033,8,11,25
2023-04-30,8010080,8013295,2,8,11
2023-04-30,8010080,8013424,2,11,16
2023-04-30,8010095,8010095,19,95,15
2023-04-30,8010095,8010161,3,31,7
2023-04-30,8010095,8010351,10,17,32
2023-04-30,8010095,8011959,4,30,10
2023-04-30,8010095,8011983,7,8,120
2023-04-30,8010095,8013093,5,17,23
2023-04-30,8010122,8010122,24,36,52
2023-04-30,8010122,8010238,8,18,37
2023-04-30,8010122,8011077,9,18,42
2023-04-30,8010122,8011588,14,17,94
2023-04-30,8010122,8013095,0,16,0
2023-04-30,8010144,8010144,10,17,42
2023-04-30,8010144,8011705,6,8,71
2023-04-30,8010144,8012198,6,9,47
2023-04-30,8010161,8010095,13,32,22
2023-04-30,8010161,8010161,18,58,22
2023-04-30,8010161,8011387,3,28,6
2023-04-30,8010186,8010186,18,84,5
2023-04-30,8010186,8012344,4,42,2
2023-04-30,8010186,8013070,13,42,6
2023-04-30,8010207,8010207,60,130,46
2023-04-30,8010207,8012193,49,64,64
2023-04-30,8010207,8012236,3,42,0
2023-04-30,8010207,8012817,4,23,60
2023-04-30,8010208,8010208,41,73,58
2023-04-30,8010208,8011491,11,20,76
2023-04-30,8010208,8011495,13,17,30
2023-04-30,8010208,8080930,5,20,56
2023-04-30,8010209,8010209,61,133,24
2023-04-30,8010209,8011771,11,42,11
2023-04-30,8010209,8012192,14,24,56
2023-04-30,8010209,8012193,1,1,90
2023-04-30,8010209,8012236,15,42,4
2023-04-30,8010228,8010228,97,145,35
2023-04-30,8010228,8011598,35,72,34
2023-04-30,8010228,8012308,62,73,35
2023-04-30,8010238,8010122,13,18,62
2023-04-30,8010238,8010238,19,36,46
2023-04-30,8010238,8011297,6,18,32
2023-04-30,8010269,8010269,10,49,21
2023-04-30,8010269,8012682,5,24,26
2023-04-30,8010269,8013447,6,25,18
2023-04-30,8010351,8010095,5,15,20
2023-04-30,8010351,8010351,21,52,33
2023-04-30,8010351,8011131,8,27,13
2023-04-30,8010351,8012371,22,30,72
2023-04-30,8010359,8010359,11,22,33
2023-04-30,8010359,8012946,6,11,22
2023-04-30,8010359,8013033,5,11,35
2023-04-30,8011018,8011018,61,74,51
2023-04-30,8011018,8012284,35,37,64
2023-04-30,8011018,8013362,26,37,43
2023-04-30,8011077,8010122,11,18,42
2023-04-30,8011077,8011077,36,69,33
2023-04-30,8011077,8011132,0,1,0
2023-04-30,8011077,8011914,7,17,25
2023-04-30,8011077,8012178,9,16,30
2023-04-30,8011077,8012228,1,1,60
2023-04-30,8011131,8010103,17,18,68
2023-04-30,8011131,8010351,13,25,36
2023-04-30,8011131,8011131,24,52,26
2023-04-30,8011131,8012734,5,9,23
2023-04-30,8011132,8011077,0,1,0
2023-04-30,8011132,8011132,22,35,29
2023-04-30,8011132,8012228,0,1,0
2023-04-30,8011132,8012526,5,16,22
2023-04-30,8011132,8012597,3,17,12
2023-04-30,8011242,8011242,22,36,38
2023-04-30,8011242,8012241,29,36,50
2023-04-30,8011242,8012623,6,19,16
2023-04-30,8011339,8011339,30,44,94
2023-04-30,8011339,8012117,9,21,83
2023-04-30,8011339,8013461,13,23,91
2023-04-30,8011387,8010161,28,30,59
2023-04-30,8011387,8011387,34,58,34
2023-04-30,8011387,8012371,6,28,14
2023-04-30,8011491,8010008,15,37,32
2023-04-30,8011491,8010059,46,75,65
2023-04-30,8011491,8010208,6,20,68
2023-04-30,8011491,8011491,75,150,54
2023-04-30,8011495,8010208,11,16,56
2023-04-30,8011495,8011495,22,33,45
2023-04-30,8011495,8012375,10,17,26
2023-04-30,8011588,8010122,8,19,21
2023-04-30,8011588,8011588,20,36,28
2023-04-30,8011588,8012463,13,17,39
2023-04-30,8011598,8010228,9,73,5
2023-04-30,8011598,8011598,29,76,25
2023-04-30,8011598,8011745,20,37,45
2023-04-30,8011626,8010059,31,37,45
2023-04-30,8011626,8011626,59,74,43
2023-04-30,8011626,8012284,28,37,54
2023-04-30,8011705,8010144,2,9,17
2023-04-30,8011705,8011705,11,17,41
2023-04-30,8011705,8011763,6,20,21
2023-04-30,8011745,8011598,23,39,29
2023-04-30,8011745,8011745,39,76,32
2023-04-30,8011745,8013471,15,37,29
2023-04-30,8011753,8011753,23,46,55
2023-04-30,8011753,8012080,8,23,59
2023-04-30,8011753,8012311,5,23,37
2023-04-30,8011755,8011755,14,33,21
2023-04-30,8011755,8012228,12,16,66
2023-04-30,8011755,8012526,5,17,9
2023-04-30,8011763,8011705,7,20,48
2023-04-30,8011763,8011763,17,40,45
2023-04-30,8011763,8012416,7,20,39
2023-04-30,8011771,8010209,18,42,10
2023-04-30,8011771,8011771,33,84,11
2023-04-30,8011771,8013070,12,42,9
2023-04-30,8011913,8011913,24,33,36
2023-04-30,8011913,8012228,10,17,21
2023-04-30,8011913,8012375,5,16,26
2023-04-30,8011914,8011077,8,16,22
2023-04-30,8011914,8011914,15,33,18
2023-04-30,8011914,8013095,6,17,12
2023-04-30,8012053,8012053,6,17,19
2023-04-30,8012053,8012198,4,8,45
2023-04-30,8012053,8013295,1,9,7
2023-04-30,8012117,8011339,15,23,99
2023-04-30,8012117,8012117,31,44,97
2023-04-30,8012117,8013361,18,21,116
2023-04-30,8012178,8011077,13,17,46
2023-04-30,8012178,8012178,21,33,35
2023-04-30,8012178,8012597,13,16,41
2023-04-30,8012184,8012184,281,464,33
2023-04-30,8012184,8012187,139,232,40
2023-04-30,8012184,8012202,141,232,22
2023-04-30,8012187,8010206,78,111,45
2023-04-30,8012187,8012184,155,232,25
2023-04-30,8012187,8012187,295,464,32
2023-04-30,8012187,8012343,64,121,32
2023-04-30,8012192,8010209,21,25,38
2023-04-30,8012192,8012192,16,49,31
2023-04-30,8012192,8013447,7,24,46
2023-04-30,8012193,8010207,34,65,40
2023-04-30,8012193,8010209,0,1,0
2023-04-30,8012193,8012193,62,131,36
2023-04-30,8012193,8012478,1,1,30
2023-04-30,8012193,8080840,22,42,19
2023-04-30,8012194,8010008,25,37,36
2023-04-30,8012194,8012194,48,74,30
2023-04-30,8012194,8012343,96,120,42
2023-04-30,8012195,8012190,33,40,37
2023-04-30,8012195,8012195,57,79,30
2023-04-30,8012195,8012273,26,39,36
2023-04-30,8012196,8012196,177,220,67
2023-04-30,8012196,8012200,45,71,67
2023-04-30,8012196,8012273,33,40,36
2023-04-30,8012196,8098205,82,108,66
2023-04-30,8012197,8012197,42,83,20
2023-04-30,8012197,8012204,11,42,12
2023-04-30,8012197,8012285,31,41,48
2023-04-30,8012198,8010144,7,8,64
2023-04-30,8012198,8012053,2,9,13
2023-04-30,8012198,8012198,13,17,46
2023-04-30,8012200,8012196,67,70,117
2023-04-30,8012200,8012200,109,141,86
2023-04-30,8012200,8012478,56,71,82
2023-04-30,8012204,8012181,30,42,22
2023-04-30,8012204,8012197,27,41,24
2023-04-30,8012204,8012204,61,83,29
2023-04-30,8012228,8011077,1,1,30
2023-04-30,8012228,8011132,0,1,0
2023-04-30,8012228,8011755,3,17,5
2023-04-30,8012228,8011913,8,16,43
2023-04-30,8012228,8012228,23,37,36
2023-04-30,8012236,8010207,30,42,37
2023-04-30,8012236,8010209,18,42,17
2023-04-30,8012236,8012236,38,84,16
2023-04-30,8012241,8010243,28,36,27
2023-04-30,8012241,8011242,23,37,36
2023-04-30,8012241,8012241,51,73,33
2023-04-30,8012284,8011018,21,37,35
2023-04-30,8012284,8011626,23,37,36
2023-04-30,8012284,8012284,45,74,43
2023-04-30,8012285,8012197,31,42,23
2023-04-30,8012285,8012285,52,83,27
2023-04-30,8012285,8012865,14,41,15
2023-04-30,8012304,8010206,70,107,33
2023-04-30,8012304,8012304,166,214,46
2023-04-30,8012304,8012308,95,107,54
2023-04-30,8012308,8010228,62,72,60
2023-04-30,8012308,8012304,75,107,30
2023-04-30,8012308,8012308,174,214,44
2023-04-30,8012308,8013471,29,35,55
2023-04-30,8012311,8011753,11,23,73
2023-04-30,8012311,8012311,17,46,50
2023-04-30,8012311,8012355,8,23,40
2023-04-30,8012355,8012311,6,23,56
2023-04-30,8012355,8012355,24,46,59
2023-04-30,8012355,8012817,17,23,57
2023-04-30,8012371,8010351,23,28,56
2023-04-30,8012371,8011387,23,30,67
2023-04-30,8012371,8012371,47,58,51
2023-04-30,8012375,8011495,12,16,73
2023-04-30,8012375,8011913,16,17,53
2023-04-30,8012375,8012375,26,33,42
2023-04-30,8012416,8010046,6,20,39
2023-04-30,8012416,8011763,13,20,93
2023-04-30,8012416,8012416,21,40,65
2023-04-30,8012478,8000020,2,5,30
2023-04-30,8012478,8010076,14,16,62
2023-04-30,8012478,8012193,0,1,0
2023-04-30,8012478,8012200,56,70,90
2023-04-30,8012478,8012478,147,210,82
2023-04-30,8012478,8012697,36,39,115
2023-04-30,8012478,8013361,0,1,0
2023-04-30,8012478,8098205,22,40,44
2023-04-30,8012526,8011132,14,17,49
2023-04-30,8012526,8011755,5,16,19
2023-04-30,8012526,8012526,19,33,25
2023-04-30,8012576,8012576,4,22,11
2023-04-30,8012576,8013029,4,11,22
2023-04-30,8012576,8013424,0,11,0
2023-04-30,8012597,8011132,12,16,52
2023-04-30,8012597,8012178,2,17,7
2023-04-30,8012597,8012597,14,33,25
2023-04-30,8012623,8011242,17,17,86
2023-04-30,8012623,8012463,9,19,19
2023-04-30,8012623,8012623,26,36,46
2023-04-30,8012697,8012478,38,38,107
2023-04-30,8012697,8012697,77,77,126
2023-04-30,8012697,8013428,39,39,125
2023-04-30,8012731,8011371,6,22,11
2023-04-30,8012731,8013471,7,17,7
2023-04-30,8012734,8010103,1,9,0
2023-04-30,8012734,8011131,6,8,52
2023-04-30,8012734,8012734,5,17,21
2023-04-30,8012817,8010207,15,23,61
2023-04-30,8012817,8012355,14,23,70
2023-04-30,8012817,8012817,29,46,63
2023-04-30,8012863,8011752,32,41,31
2023-04-30,8012863,8012863,60,83,30
2023-04-30,8012863,8012865,28,42,32
2023-04-30,8012865,8012285,12,42,12
2023-04-30,8012865,8012863,29,41,25
2023-04-30,8012865,8012865,44,83,22
2023-04-30,8013029,8012576,7,11,19
2023-04-30,8013029,8012975,4,11,25
2023-04-30,8013029,8013029,11,22,23
2023-04-30,8013033,8010080,6,11,46
2023-04-30,8013033,8010359,4,11,14
2023-04-30,8013033,8013033,8,22,20
2023-04-30,8013070,8010186,16,42,9
2023-04-30,8013070,8011771,17,42,6
2023-04-30,8013070,8013070,35,84,11
2023-04-30,8013093,8010095,11,18,37
2023-04-30,8013093,8012190,25,39,27
2023-04-30,8013093,8012656,8,30,10
2023-04-30,8013093,8013093,49,95,29
2023-04-30,8013095,8010122,3,17,11
2023-04-30,8013095,8011914,2,16,4
2023-04-30,8013095,8013095,3,33,5
2023-04-30,8013295,8010080,2,9,7
2023-04-30,8013295,8012053,0,8,0
2023-04-30,8013295,8013295,3,17,5
2023-04-30,8013361,8010059,12,18,110
2023-04-30,8013361,8012117,11,23,81
2023-04-30,8013361,8012478,1,1,60
2023-04-30,8013361,8013361,30,46,91
2023-04-30,8013361,8013362,11,37,21
2023-04-30,8013361,8013461,0,1,0
2023-04-30,8013362,8011018,29,37,45
2023-04-30,8013362,8013361,18,37,39
2023-04-30,8013362,8013362,43,74,36
2023-04-30,8013424,8010080,6,11,22
2023-04-30,8013424,8012576,4,11,27
2023-04-30,8013424,8013424,10,22,22
2023-04-30,8013428,8010076,39,39,138
2023-04-30,8013428,8012697,28,38,79
2023-04-30,8013428,8013428,67,77,106
2023-04-30,8013447,8010269,5,24,32
2023-04-30,8013447,8012192,6,25,11
2023-04-30,8013447,8013447,11,49,28
2023-04-30,8013461,8010285,1,1,30
2023-04-30,8013461,8011339,17,21,101
2023-04-30,8013461,8011637,16,18,122
2023-04-30,8013461,8013361,1,1,30
2023-04-30,8013461,8013461,22,38,87
2023-04-30,8013471,8011222,29,55,37
2023-04-30,8013471,8011745,22,39,22
2023-04-30,8013471,8012308,12,34,8
2023-04-30,8013471,8012731,8,17,44
2023-04-30,8013471,8013471,61,145,22
2023-04-30,8080930,8010208,9,20,69
2023-04-30,8080930,8080930,15,40,64
